time_hr	parent_id	parent_ecDNA_before	parent_ecDNA_after	daughter_id	daughter_ecDNA	x	y	generation
26.0	6866	20	20	6868	19	900	900	1
29.0	6865	20	20	6869	17	1000	1000	1
30.0	6867	20	22	6870	17	1131	1021	1
31.0	6867	22	20	6871	23	1131	1021	2
31.0	6865	20	20	6872	18	1000	1000	2
32.0	6867	20	16	6873	24	1131	1021	3
33.0	6870	17	17	6874	17	1160	1050	2
33.0	6867	16	14	6875	18	1131	1021	4
38.0	6866	20	26	6876	14	900	900	2
39.0	6870	17	12	6877	21	1167	1029	3
42.0	6865	20	20	6878	20	1000	1000	3
46.0	6876	14	10	6879	17	993	953	3
46.0	6870	12	13	6880	11	1167	1029	4
47.0	6876	10	10	6881	10	993	953	4
48.0	6865	20	17	6882	21	1000	1000	4
48.0	6871	23	19	6883	26	918	1245	3
49.0	6865	17	16	6884	18	1000	1000	5
51.0	6867	14	11	6885	16	1131	1021	5
52.0	6867	11	11	6886	11	1131	1021	6
52.0	6871	19	17	6887	20	918	1245	4
53.0	6872	18	21	6888	15	1040	1000	3
53.0	6876	10	10	6889	10	1114	988	5
54.0	6872	21	24	6890	18	1040	1000	4
57.0	6875	18	14	6891	21	1167	1060	5
57.0	6871	17	17	6892	17	918	1245	5
58.0	6883	26	28	6893	23	962	1135	4
58.0	6865	16	15	6894	16	1000	1000	6
59.0	6866	26	30	6895	22	798	753	3
61.0	6872	24	25	6896	23	1040	1000	5
63.0	6878	20	20	6897	20	1078	994	4
64.0	6874	17	22	6898	12	1243	846	3
65.0	6866	30	31	6899	29	798	753	4
65.0	6873	24	28	6900	20	1436	1161	4
66.0	6878	20	19	6901	19	1078	994	5
66.0	6868	19	22	6902	16	980	915	2
66.0	6867	11	8	6903	14	1092	1040	7
66.0	6872	25	19	6904	31	1040	1000	6
66.0	6870	13	16	6905	10	1215	1027	5
67.0	6873	28	31	6906	25	1500	1205	5
67.0	6867	8	5	6907	11	1092	1040	8
67.0	6884	18	14	6908	18	980	1000	6
68.0	6877	21	24	6909	18	1151	1231	4
68.0	6879	17	17	6910	17	909	1021	4
68.0	6865	15	15	6911	15	1000	1000	7
69.0	6879	17	21	6912	13	909	1021	5
69.0	6869	17	13	6913	21	1000	1020	2
69.0	6890	18	17	6914	18	1040	931	5
70.0	6880	11	15	6915	6	1282	1066	5
70.0	6874	22	16	6916	27	1243	846	4
70.0	6883	28	28	6917	24	944	987	5
71.0	6878	19	20	6918	18	1078	994	6
72.0	6867	5	3	6919	7	1065	1059	9
73.0	6876	10	6	6920	14	1386	1081	6
74.0	6880	15	15	6921	12	1282	1066	6
76.0	6872	19	21	6922	16	1040	1000	7
76.0	6905	10	10	6923	10	1256	1057	6
76.0	6873	31	37	6924	24	1590	1194	6
77.0	6885	16	18	6925	14	934	1212	6
77.0	6877	24	17	6926	31	1009	1461	5
77.0	6886	11	8	6927	14	1131	1042	7
78.0	6883	28	28	6928	26	944	987	6
79.0	6898	12	9	6929	15	1218	870	4
79.0	6875	14	17	6930	11	1226	987	6
79.0	6876	6	6	6931	5	1469	1184	7
80.0	6881	10	7	6932	13	920	961	5
80.0	6890	17	22	6933	12	1040	931	6
81.0	6906	25	26	6934	24	1651	1205	6
81.0	6877	17	15	6935	19	904	1484	6
81.0	6871	17	17	6936	17	866	1252	6
81.0	6905	10	11	6937	8	1256	1057	7
82.0	6895	22	21	6938	22	740	1066	4
82.0	6866	31	36	6939	24	766	864	5
82.0	6905	11	13	6940	9	1256	1057	8
82.0	6897	20	22	6941	16	1052	945	5
83.0	6888	15	15	6942	15	1091	914	4
83.0	6880	15	15	6943	14	1378	1058	7
84.0	6903	14	16	6944	12	1113	1040	8
84.0	6900	20	20	6945	20	1436	1177	5
84.0	6881	7	5	6946	8	920	961	6
84.0	6886	8	10	6947	5	1152	1042	8
84.0	6918	18	25	6948	11	1056	1088	7
85.0	6871	17	17	6949	17	866	1252	7
85.0	6918	25	20	6950	30	1056	1088	8
85.0	6903	16	14	6951	16	1113	1040	9
85.0	6908	18	22	6952	13	1044	1314	7
85.0	6904	31	30	6953	29	1040	1023	7
85.0	6882	21	21	6954	19	788	992	5
85.0	6874	16	14	6955	18	1257	832	5
86.0	6890	22	27	6956	15	1040	931	7
86.0	6869	13	9	6957	17	1000	1020	3
86.0	6915	6	5	6958	7	1307	1040	6
86.0	6904	30	32	6959	27	1040	1023	8
86.0	6889	10	6	6960	14	1121	995	6
86.0	6882	21	22	6961	20	788	992	6
87.0	6899	29	25	6962	32	778	753	5
87.0	6872	21	19	6963	23	1040	1046	8
87.0	6870	16	15	6964	17	1194	1027	6
87.0	6903	14	13	6965	14	1113	1040	10
87.0	6945	20	16	6966	23	1421	1162	6
87.0	6865	15	18	6967	12	1000	1000	8
87.0	6884	14	17	6968	11	946	986	7
87.0	6887	20	24	6969	15	640	1197	5
88.0	6911	15	18	6970	12	966	986	8
88.0	6883	28	29	6971	24	930	973	7
88.0	6892	17	16	6972	17	927	1279	6
88.0	6885	18	20	6973	15	1213	1246	7
88.0	6884	17	10	6974	23	946	986	8
88.0	6897	22	20	6975	24	1052	945	6
89.0	6896	23	18	6976	27	1294	1267	6
89.0	6903	13	8	6977	17	1113	1040	11
89.0	6912	13	10	6978	16	896	991	6
89.0	6879	21	21	6979	20	909	1021	6
89.0	6907	11	14	6980	6	970	1193	9
90.0	6914	18	15	6981	20	982	897	6
90.0	6906	26	23	6982	25	1637	1282	7
90.0	6866	36	38	6983	31	766	864	6
90.0	6869	9	8	6984	10	1000	1020	4
90.0	6868	22	15	6985	29	938	898	3
90.0	6907	14	15	6986	12	970	1193	10
91.0	6894	16	15	6987	16	1020	1000	7
91.0	6881	5	3	6988	7	918	905	7
91.0	6903	8	10	6989	6	1113	1040	12
91.0	6895	21	23	6990	17	740	1066	5
91.0	6921	12	8	6991	16	1252	1032	7
91.0	6907	15	15	6992	15	970	1193	11
91.0	6877	15	12	6993	18	809	1500	7
91.0	6865	18	22	6994	14	1000	1000	9
91.0	6886	10	10	6995	10	1152	1042	9
91.0	6880	15	12	6996	16	1396	1160	8
91.0	6867	3	2	6997	3	1037	1080	10
91.0	6918	20	22	6998	18	1065	1209	9
91.0	6943	14	7	6999	20	1427	999	8
92.0	6910	17	16	7000	17	849	1095	5
92.0	6865	22	25	7001	16	1000	1000	10
92.0	6931	5	4	7002	5	1450	1288	8
92.0	6869	8	10	7003	6	1000	1020	5
92.0	6888	15	17	7004	13	1091	914	5
93.0	6888	17	17	7005	16	1091	914	6
93.0	6870	15	19	7006	9	1194	1027	7
93.0	6948	11	12	7007	10	1107	1343	8
94.0	6912	10	10	7008	10	896	991	7
94.0	6948	12	10	7009	14	1107	1343	9
94.0	6871	17	15	7010	18	866	1252	8
94.0	6872	19	20	7011	15	1040	1046	9
94.0	6960	14	18	7012	10	1141	995	7
94.0	6875	17	15	7013	18	1213	933	7
94.0	6893	23	20	7014	24	1253	1092	5
95.0	6922	16	19	7015	13	1102	1289	8
95.0	6881	3	2	7016	4	918	905	8
95.0	6912	10	10	7017	10	896	991	8
95.0	6910	16	11	7018	21	849	1095	6
96.0	6920	14	12	7019	13	1333	1030	7
96.0	6886	10	11	7020	8	1152	1042	10
96.0	6939	24	22	7021	26	850	851	6
96.0	6916	27	28	7022	24	1486	990	5
96.0	6913	21	20	7023	20	897	1082	3
96.0	6922	19	15	7024	23	1102	1289	9
97.0	6876	6	6	7025	6	1570	1284	8
97.0	6905	13	15	7026	9	1256	1057	9
97.0	6879	21	16	7027	24	909	1021	7
98.0	6869	10	9	7028	10	1000	1020	6
98.0	6905	15	12	7029	17	1256	1057	10
98.0	6900	20	19	7030	19	1498	1277	6
98.0	6899	25	29	7031	20	849	765	6
98.0	6888	17	14	7032	18	1142	881	7
99.0	6935	19	17	7033	20	942	1510	7
99.0	6868	15	17	7034	13	952	898	4
99.0	6924	24	24	7035	24	1606	1194	7
100.0	6914	15	12	7036	15	1003	897	7
100.0	6879	16	17	7037	14	854	1021	8
100.0	6873	37	39	7038	32	1940	1168	7
100.0	6901	19	22	7039	14	1092	991	6
100.0	6866	38	40	7040	32	766	864	7
100.0	6874	14	18	7041	10	1257	832	6
100.0	6906	23	24	7042	22	1600	1343	8
100.0	6882	22	25	7043	18	768	931	7
100.0	6927	14	13	7044	14	1177	1042	8
101.0	6886	11	10	7045	12	1152	1042	11
101.0	6952	13	11	7046	14	1058	1314	8
101.0	6874	18	16	7047	19	1257	832	7
101.0	6906	24	22	7048	25	1600	1343	9
101.0	6895	23	22	7049	23	740	1066	6
101.0	6873	39	42	7050	35	1940	1168	8
101.0	6877	12	10	7051	13	809	1500	8
101.0	6878	20	26	7052	14	1078	1040	7
101.0	6917	24	26	7053	21	949	1166	6
101.0	6902	16	14	7054	16	994	957	3
101.0	6981	20	16	7055	22	1000	878	7
101.0	6883	29	34	7056	24	930	973	8
101.0	6997	3	2	7057	4	1016	1101	11
102.0	6915	5	4	7058	6	1307	1040	7
102.0	6906	22	23	7059	21	1600	1343	10
102.0	6880	12	10	7060	13	1396	1160	9
102.0	6916	28	25	7061	29	1486	990	6
102.0	6948	10	6	7062	13	1107	1343	10
102.0	6937	8	10	7063	6	1277	1057	8
103.0	6918	22	20	7064	23	1092	1259	10
103.0	6919	7	7	7065	5	989	1415	10
103.0	6887	24	23	7066	23	639	1261	6
103.0	6911	18	14	7067	21	966	986	9
103.0	6880	10	8	7068	11	1396	1160	10
103.0	6916	25	24	7069	25	1486	990	7
103.0	6894	15	16	7070	14	1060	1000	8
103.0	6906	23	16	7071	28	1600	1343	11
104.0	6888	14	18	7072	10	1142	881	8
104.0	6865	25	28	7073	21	997	971	11
104.0	6876	6	3	7074	9	1541	1381	9
104.0	6928	26	26	7075	26	1090	767	7
104.0	6879	17	14	7076	20	854	1021	9
104.0	6945	16	16	7077	16	1218	1094	7
104.0	6920	12	13	7078	9	1333	1030	8
104.0	6882	25	26	7079	23	768	931	8
105.0	6871	15	15	7080	14	866	1252	9
105.0	6936	17	19	7081	15	904	1110	7
105.0	6929	15	15	7082	14	1208	879	5
105.0	6868	17	13	7083	20	937	913	5
105.0	6889	6	6	7084	6	1118	959	7
106.0	6892	16	10	7085	21	913	1220	7
106.0	6971	24	26	7086	21	871	1098	8
106.0	6872	20	25	7087	15	1040	1046	10
106.0	6981	16	18	7088	13	1015	863	8
106.0	6949	17	17	7089	17	823	1235	8
106.0	6904	32	40	7090	23	1040	1023	9
106.0	6893	20	18	7091	20	1273	1165	6
106.0	6888	18	21	7092	13	1142	881	9
106.0	6901	22	23	7093	19	1092	991	7
106.0	6884	10	10	7094	9	933	999	9
106.0	6869	9	7	7095	11	1000	1020	7
106.0	6907	15	16	7096	14	1161	1235	12
106.0	6917	26	29	7097	21	949	1166	7
106.0	6953	29	27	7098	29	1333	734	8
106.0	6886	10	9	7099	10	1152	1042	12
106.0	6943	7	4	7100	9	1569	997	9
106.0	6993	18	14	7101	22	713	1426	8
106.0	6922	15	15	7102	14	1102	1289	10
107.0	6972	17	15	7103	19	943	1279	7
107.0	6917	29	26	7104	29	949	1166	8
107.0	6903	10	11	7105	8	1113	1040	13
107.0	6891	21	23	7106	18	1088	943	6
107.0	6999	20	13	7107	26	1387	1014	9
107.0	6908	22	25	7108	16	989	1338	8
107.0	6898	9	10	7109	8	1194	894	5
107.0	6906	16	20	7110	11	1600	1343	12
107.0	6985	29	30	7111	27	938	877	4
107.0	6871	15	18	7112	12	846	1302	10
107.0	6981	18	17	7113	18	1015	863	9
107.0	6984	10	8	7114	12	960	1059	5
108.0	6962	32	29	7115	30	628	773	6
108.0	6901	23	25	7116	20	1092	991	8
108.0	6882	26	29	7117	21	737	786	9
108.0	6971	26	26	7118	24	871	1098	9
108.0	6897	20	21	7119	18	1052	945	7
108.0	6940	9	8	7120	8	1256	1017	9
108.0	6931	4	2	7121	6	1471	1312	9
108.0	6880	8	7	7122	8	1396	1160	11
108.0	6919	7	4	7123	9	989	1415	11
108.0	6875	15	16	7124	14	1236	933	8
109.0	6944	12	8	7125	15	1170	1025	9
109.0	6929	15	10	7126	19	1218	832	6
109.0	6885	20	22	7127	17	1272	1254	8
109.0	6938	22	24	7128	18	708	1053	5
109.0	6922	15	19	7129	11	1102	1289	11
109.0	6878	26	24	7130	28	1094	1078	8
109.0	6962	29	31	7131	26	628	773	7
109.0	6966	23	24	7132	21	1648	1115	7
109.0	6942	15	17	7133	13	1196	937	5
109.0	6954	19	15	7134	22	771	1081	6
109.0	6913	20	17	7135	23	897	1082	4
109.0	6919	4	5	7136	3	989	1415	12
109.0	6970	12	13	7137	9	966	1004	9
110.0	6921	8	10	7138	6	1277	1011	8
110.0	6878	24	26	7139	21	1094	1078	9
110.0	6877	10	8	7140	12	809	1500	9
110.0	6980	6	6	7141	6	934	1193	10
110.0	6950	30	26	7142	34	1169	1200	9
110.0	6900	19	22	7143	16	1498	1277	7
110.0	6985	30	24	7144	34	938	877	5
110.0	6922	19	19	7145	17	1102	1289	12
110.0	6866	40	39	7146	37	766	864	8
110.0	6987	16	15	7147	16	1032	955	8
110.0	6915	4	3	7148	5	1307	1040	8
110.0	6902	14	13	7149	14	978	941	4
110.0	6930	11	7	7150	15	1210	1002	7
110.0	6873	42	39	7151	42	1999	857	9
110.0	6934	24	22	7152	25	1998	1149	7
110.0	6884	10	14	7153	5	933	999	10
111.0	6867	2	1	7154	3	1037	1080	11
111.0	7012	10	8	7155	11	1160	995	8
111.0	6985	24	25	7156	22	938	877	6
111.0	6917	26	27	7157	24	949	1166	9
111.0	6870	19	21	7158	15	1209	1042	8
111.0	6914	12	11	7159	13	1004	848	8
111.0	6959	27	25	7160	26	1077	1061	9
111.0	6925	14	12	7161	16	1284	1516	7
111.0	7008	10	10	7162	8	883	1003	8
111.0	6907	16	12	7163	19	1161	1235	13
111.0	6874	16	7	7164	24	1307	809	8
111.0	6865	28	32	7165	22	997	971	12
111.0	6872	25	18	7166	31	1040	1046	11
112.0	6893	18	16	7167	19	1273	1165	7
112.0	6870	21	18	7168	24	1209	1042	9
112.0	6957	17	18	7169	15	901	1059	4
112.0	6960	18	17	7170	18	1141	995	8
112.0	6963	23	25	7171	17	1072	1100	9
112.0	6923	10	10	7172	10	1235	1057	7
112.0	7002	5	6	7173	4	1367	1297	9
112.0	6939	22	25	7174	17	918	872	7
112.0	6933	12	11	7175	12	997	866	7
112.0	6872	18	12	7176	22	1040	1046	12
112.0	6948	6	5	7177	7	1107	1343	11
113.0	6976	27	28	7178	24	1386	1434	7
113.0	6887	23	20	7179	26	753	1311	7
113.0	6941	16	20	7180	12	1088	955	6
113.0	6985	25	21	7181	28	949	888	7
113.0	6965	14	11	7182	16	1148	1044	11
113.0	6951	16	13	7183	19	1032	1233	10
113.0	7089	17	18	7184	16	843	1215	9
113.0	6957	18	19	7185	17	901	1059	5
113.0	6933	11	12	7186	10	997	866	8
113.0	6988	7	9	7187	5	917	920	8
113.0	7088	13	14	7188	11	1041	910	9
114.0	7057	4	2	7189	6	1016	1118	12
114.0	6883	34	30	7190	37	930	973	9
114.0	6958	7	8	7191	6	1304	976	7
114.0	6924	24	28	7192	19	1633	1249	8
114.0	6901	25	25	7193	24	1092	991	9
114.0	6954	15	13	7194	16	771	1081	7
114.0	6953	27	29	7195	25	1367	603	9
114.0	6882	29	29	7196	29	737	786	10
114.0	6881	2	2	7197	2	880	920	9
114.0	6892	10	7	7198	13	913	1220	8
114.0	6879	14	15	7199	12	808	999	10
114.0	6946	8	10	7200	6	920	947	7
114.0	6927	13	8	7201	17	1192	1057	9
114.0	6889	6	2	7202	10	1187	959	8
114.0	6941	20	23	7203	17	1088	955	7
115.0	6895	22	19	7204	25	740	1066	7
115.0	6990	17	19	7205	13	760	727	6
115.0	6934	22	25	7206	19	1999	1153	8
115.0	6905	12	13	7207	9	1271	1072	11
115.0	7031	20	25	7208	14	861	847	7
115.0	6924	28	20	7209	34	1633	1249	9
115.0	6942	17	17	7210	15	1196	937	6
115.0	6865	32	30	7211	31	997	990	13
115.0	6986	12	14	7212	10	1060	1270	11
115.0	6920	13	16	7213	9	1330	982	9
115.0	6869	7	6	7214	8	1000	1020	8
115.0	6912	10	9	7215	10	896	991	9
115.0	6910	11	12	7216	8	837	1083	7
115.0	6903	11	9	7217	12	1113	1040	14
115.0	7017	10	6	7218	13	908	1046	9
115.0	6983	31	26	7219	35	758	1041	7
115.0	6879	15	16	7220	14	808	999	11
115.0	6989	6	7	7221	5	1098	1054	13
116.0	7123	9	8	7222	10	899	1421	12
116.0	6986	14	14	7223	13	1011	1290	12
116.0	6961	20	18	7224	22	788	1010	7
116.0	6972	15	14	7225	16	943	1279	8
116.0	6983	26	22	7226	29	758	1041	8
116.0	6979	20	23	7227	15	981	1392	7
116.0	6926	31	28	7228	34	898	1928	6
116.0	6880	7	8	7229	6	1396	1160	12
116.0	6965	11	8	7230	14	1148	1044	12
116.0	6899	29	31	7231	24	881	838	7
116.0	6969	15	14	7232	14	651	1185	6
116.0	6935	17	17	7233	16	891	1525	8
117.0	6964	17	15	7234	19	1184	1017	7
117.0	6924	20	19	7235	21	1633	1249	10
117.0	6876	3	1	7236	5	1420	1429	10
117.0	7137	9	10	7237	7	966	1020	10
117.0	6899	31	27	7238	32	881	838	8
117.0	6956	15	16	7239	13	1023	681	8
117.0	7008	10	11	7240	9	883	1003	9
117.0	6913	17	15	7241	17	885	1190	5
117.0	7141	6	5	7242	6	934	1219	11
117.0	7168	24	16	7243	30	1193	1096	10
117.0	6995	10	8	7244	12	1207	1205	10
118.0	6968	11	9	7245	13	957	959	8
118.0	6897	21	21	7246	20	1052	945	8
118.0	6932	13	14	7247	12	895	972	6
118.0	6981	17	17	7248	16	1015	863	10
118.0	6936	19	17	7249	21	904	1176	8
118.0	7009	14	16	7250	11	1156	1376	10
118.0	6979	23	21	7251	24	982	1456	8
118.0	7013	18	13	7252	21	1213	955	8
118.0	7168	16	18	7253	13	1193	1096	11
118.0	6892	7	9	7254	5	913	1220	9
118.0	7103	19	16	7255	22	917	1290	8
118.0	6939	25	26	7256	23	898	872	8
118.0	6937	10	9	7257	11	1320	1112	9
118.0	6992	15	9	7258	20	982	1180	12
118.0	7038	32	33	7259	31	1735	904	8
118.0	6874	7	8	7260	6	1369	769	9
118.0	7005	16	13	7261	18	1138	885	7
118.0	6960	17	17	7262	14	1126	980	9
118.0	6909	18	19	7263	16	1226	1164	5
119.0	7153	5	7	7264	3	947	1032	11
119.0	6942	17	16	7265	16	1196	937	7
119.0	6925	12	16	7266	6	1179	1613	8
119.0	6874	8	8	7267	8	1369	769	10
119.0	6868	13	14	7268	11	949	901	6
119.0	7044	14	12	7269	15	1253	1156	9
119.0	6921	10	10	7270	9	1294	1011	9
119.0	7008	11	8	7271	13	883	1003	10
119.0	7004	13	12	7272	11	1156	867	6
119.0	6893	16	20	7273	11	1273	1165	8
119.0	6882	29	26	7274	30	737	786	11
119.0	6932	14	16	7275	12	895	972	7
119.0	6892	9	9	7276	8	913	1220	10
119.0	7032	18	14	7277	21	1131	834	8
119.0	6947	5	4	7278	6	1240	1232	9
119.0	6997	2	3	7279	0	1016	1101	12
119.0	6949	17	18	7280	15	725	1331	9
119.0	7038	33	27	7281	37	1735	904	9
119.0	6883	30	34	7282	25	930	973	10
119.0	6906	20	20	7283	18	1547	1365	13
119.0	7054	16	14	7284	18	963	941	4
119.0	7005	13	11	7285	15	1138	885	8
119.0	6958	8	8	7286	8	1304	976	8
119.0	7017	6	6	7287	6	908	1046	10
120.0	7196	29	27	7288	29	773	786	11
120.0	7123	8	7	7289	9	899	1421	13
120.0	6867	1	2	7290	0	1037	1103	12
120.0	7000	17	16	7291	18	858	1162	6
120.0	7148	5	4	7292	6	1320	1040	9
120.0	7044	12	10	7293	12	1253	1156	10
120.0	6939	26	25	7294	27	898	872	9
120.0	6993	14	13	7295	14	713	1426	9
120.0	6945	16	15	7296	17	1038	1183	8
120.0	7056	24	23	7297	24	931	1021	9
120.0	7007	10	9	7298	11	1176	1329	9
120.0	6975	24	22	7299	26	1035	928	7
120.0	6952	11	9	7300	10	1058	1314	9
120.0	7021	26	28	7301	24	749	906	7
120.0	7054	14	13	7302	15	963	941	5
121.0	6899	27	26	7303	26	881	838	9
121.0	7026	9	7	7304	11	1281	1036	10
121.0	6931	2	1	7305	2	1471	1312	10
121.0	6998	18	21	7306	14	958	1102	10
121.0	7069	25	23	7307	26	1443	858	8
121.0	6974	23	25	7308	19	959	972	9
121.0	6915	3	6	7309	0	1307	1040	9
121.0	7014	24	23	7310	24	1170	1083	6
121.0	6884	14	13	7311	14	933	999	11
121.0	7145	17	10	7312	21	1164	1307	13
121.0	7042	22	27	7313	15	1922	1253	9
121.0	7136	3	3	7314	3	949	1480	13
121.0	6981	17	17	7315	16	1015	863	11
121.0	6990	19	17	7316	19	760	727	7
121.0	6916	24	28	7317	17	1657	1026	8
121.0	6953	29	29	7318	27	1622	242	10
121.0	6984	8	6	7319	10	947	1072	6
121.0	6979	21	21	7320	20	1003	1515	9
121.0	7060	13	10	7321	14	1367	1116	10
121.0	7039	14	15	7322	13	1041	978	7
121.0	6872	12	12	7323	12	1040	1046	13
121.0	6960	17	19	7324	15	1126	980	10
122.0	6962	31	29	7325	31	321	802	8
122.0	7015	13	10	7326	14	1129	1267	9
122.0	6948	5	4	7327	5	1107	1343	12
122.0	6905	13	7	7328	19	1271	1072	12
122.0	6984	6	6	7329	5	947	1072	7
122.0	7178	24	26	7330	19	1386	1454	8
122.0	6890	27	19	7331	33	1019	903	8
122.0	6942	16	20	7332	11	1196	937	8
122.0	6994	14	10	7333	17	1052	1012	10
122.0	6940	8	6	7334	10	1256	1017	10
122.0	6928	26	24	7335	24	853	722	8
122.0	6887	20	17	7336	23	753	1311	8
122.0	6899	26	21	7337	28	881	838	10
122.0	6937	9	9	7338	8	1341	1146	10
122.0	7167	19	22	7339	16	1267	1112	8
122.0	7111	27	24	7340	28	961	860	5
122.0	6974	25	28	7341	21	959	972	10
122.0	6885	22	20	7342	22	1272	1254	9
122.0	7063	6	5	7343	7	1367	1051	9
123.0	7095	11	12	7344	8	998	1071	8
123.0	6968	9	5	7345	13	957	959	9
123.0	6966	24	25	7346	23	1572	1006	8
123.0	7017	6	5	7347	7	908	1046	11
123.0	7265	16	13	7348	18	1185	911	8
123.0	6920	16	16	7349	15	1288	883	10
123.0	6887	17	15	7350	18	753	1311	9
123.0	7041	10	5	7351	14	1232	856	7
123.0	7030	19	16	7352	21	1456	1152	7
123.0	6891	23	17	7353	28	1157	943	7
123.0	6994	10	7	7354	12	1052	1012	11
123.0	6888	21	15	7355	27	1176	847	10
123.0	7051	13	19	7356	7	789	1439	9
123.0	6993	13	12	7357	12	713	1426	10
123.0	6982	25	23	7358	27	1780	1532	8
123.0	7084	6	6	7359	6	1144	959	8
123.0	7042	27	27	7360	27	1937	1117	10
123.0	7073	21	22	7361	20	1014	950	12
123.0	7210	15	14	7362	16	1174	900	7
123.0	6978	16	14	7363	18	849	1060	7
123.0	6932	16	15	7364	17	843	960	8
123.0	6896	18	21	7365	15	1303	1212	7
123.0	7075	26	32	7366	18	1079	756	8
123.0	7012	8	8	7367	8	1166	980	9
124.0	7225	16	17	7368	12	932	1289	9
124.0	7006	9	11	7369	6	1237	1089	8
124.0	7041	5	2	7370	7	1232	856	8
124.0	6951	13	8	7371	18	978	1307	11
124.0	6966	25	24	7372	24	1572	1006	9
124.0	7244	12	12	7373	10	1285	1220	11
124.0	6896	21	20	7374	21	1303	1212	8
124.0	7040	32	25	7375	39	780	878	8
124.0	6932	15	13	7376	17	843	960	9
124.0	6934	25	25	7377	24	1999	1153	9
124.0	6980	6	10	7378	2	934	1237	11
124.0	6986	14	19	7379	9	1011	1290	13
124.0	6993	12	9	7380	13	713	1426	11
124.0	6955	18	18	7381	18	1220	888	6
124.0	6877	8	7	7382	9	809	1500	10
124.0	6947	4	5	7383	3	1240	1232	10
124.0	7027	24	25	7384	21	956	1091	8
124.0	6918	20	16	7385	24	1092	1259	11
125.0	7168	18	23	7386	13	1193	1096	12
125.0	6895	19	18	7387	19	740	1066	8
125.0	6921	10	7	7388	13	1294	1011	10
125.0	6872	12	9	7389	15	1040	1046	14
125.0	7092	13	12	7390	13	1169	700	10
125.0	7001	16	18	7391	14	1017	971	11
125.0	6878	26	21	7392	30	1129	1165	10
125.0	6927	8	8	7393	8	1192	1057	10
125.0	6954	13	9	7394	17	771	1081	8
125.0	6967	12	12	7395	12	1000	1019	9
125.0	6871	18	17	7396	17	846	1302	11
125.0	7105	8	9	7397	6	1098	1025	14
125.0	6980	10	10	7398	8	934	1237	12
125.0	6916	28	35	7399	20	1730	993	9
125.0	6983	22	24	7400	17	742	1025	9
125.0	6986	19	24	7401	13	1011	1290	14
125.0	7274	30	31	7402	28	830	807	12
125.0	6914	11	13	7403	9	987	831	9
125.0	6911	14	12	7404	16	966	1022	10
125.0	6887	15	12	7405	18	753	1311	10
126.0	6926	28	25	7406	30	598	1943	7
126.0	7001	18	15	7407	21	1017	971	12
126.0	7043	18	24	7408	12	742	956	8
126.0	7141	5	6	7409	4	934	1183	12
126.0	6901	25	22	7410	26	1092	991	10
126.0	6873	39	39	7411	39	1999	822	10
126.0	7016	4	4	7412	4	880	876	9
126.0	6878	21	23	7413	17	1129	1165	11
126.0	6990	17	17	7414	15	814	718	8
126.0	7191	6	7	7415	3	1316	988	8
126.0	6871	17	20	7416	12	846	1302	12
126.0	6911	12	7	7417	17	966	1022	11
126.0	7079	23	24	7418	22	755	943	9
126.0	7162	8	6	7419	10	882	1019	9
126.0	6925	16	16	7420	16	1130	1724	9
126.0	7019	13	14	7421	12	1349	673	8
126.0	7299	26	29	7422	22	1018	906	8
126.0	6955	18	17	7423	19	1220	888	7
126.0	6938	24	26	7424	21	683	1101	6
126.0	7076	20	20	7425	20	868	1093	10
126.0	7176	22	22	7426	20	1056	1102	13
126.0	7026	7	8	7427	5	1281	1036	11
126.0	7108	16	15	7428	16	989	1352	9
126.0	7092	12	9	7429	15	1169	700	11
127.0	6933	12	13	7430	11	968	837	9
127.0	6982	23	24	7431	22	1839	1652	9
127.0	6887	12	11	7432	10	716	1338	11
127.0	6935	17	14	7433	20	891	1525	9
127.0	7115	30	24	7434	36	628	815	7
127.0	6922	19	18	7435	20	1102	1289	13
127.0	7092	9	7	7436	9	1169	700	12
127.0	6965	8	3	7437	12	1148	1044	13
127.0	6930	7	8	7438	6	1210	1002	8
127.0	6873	39	36	7439	41	1999	822	11
127.0	7173	4	1	7440	7	1406	1319	10
127.0	6955	17	18	7441	16	1220	888	8
127.0	7096	14	20	7442	7	1214	1300	13
127.0	6943	4	3	7443	4	1600	990	10
127.0	6974	28	25	7444	30	959	990	11
127.0	6991	16	12	7445	20	1347	999	8
127.0	7071	28	22	7446	31	1999	1234	12
127.0	6971	26	29	7447	22	871	1116	10
127.0	7113	18	20	7448	15	1072	848	10
127.0	7101	22	22	7449	21	741	1454	9
128.0	6881	2	2	7450	2	880	920	10
128.0	7104	29	33	7451	25	894	1150	9
128.0	6904	40	44	7452	33	1040	1023	10
128.0	6959	25	24	7453	25	1077	1061	10
128.0	7059	21	15	7454	25	1590	1466	11
128.0	7191	7	6	7455	8	1316	988	9
128.0	7083	20	19	7456	21	985	908	6
128.0	6896	20	18	7457	21	1303	1212	9
128.0	6924	19	26	7458	12	1633	1249	11
128.0	7012	8	7	7459	6	1186	980	10
128.0	6883	34	29	7460	39	898	960	11
128.0	6946	10	10	7461	10	948	919	8
128.0	7049	23	21	7462	23	713	1007	7
128.0	6909	19	20	7463	16	1226	1187	6
128.0	6998	21	21	7464	21	942	1118	11
128.0	6926	25	27	7465	23	452	1910	8
128.0	7057	2	3	7466	1	1072	1174	13
128.0	6974	25	23	7467	27	959	990	12
128.0	7026	8	10	7468	5	1281	1036	12
128.0	6976	28	28	7469	28	1386	1434	8
128.0	6877	7	6	7470	8	809	1500	11
128.0	7297	24	26	7471	22	899	1008	10
128.0	7112	12	10	7472	14	822	1242	11
128.0	6961	18	19	7473	17	767	1010	8
128.0	7068	11	10	7474	12	1487	1180	11
128.0	7035	24	22	7475	26	1581	1128	8
128.0	6866	39	39	7476	39	766	842	9
128.0	6911	7	5	7477	9	966	1022	12
128.0	6882	26	19	7478	31	737	786	12
128.0	7031	25	20	7479	29	861	847	8
129.0	7083	19	17	7480	20	985	908	7
129.0	7170	18	14	7481	21	1141	1014	9
129.0	7244	12	11	7482	12	1285	1220	12
129.0	6945	15	15	7483	14	956	1219	9
129.0	7088	14	15	7484	13	1041	896	10
129.0	6997	3	5	7485	1	1016	1101	13
129.0	7022	24	29	7486	18	1714	1125	6
129.0	6885	20	19	7487	19	1272	1254	10
129.0	7003	6	8	7488	4	958	1087	6
129.0	6919	5	4	7489	6	1013	1439	13
129.0	7076	20	21	7490	19	868	1093	11
129.0	6895	18	17	7491	19	690	1052	9
129.0	6950	26	31	7492	21	1174	1261	10
129.0	6907	12	12	7493	12	1254	1243	14
129.0	7084	6	6	7494	6	1144	959	9
129.0	7012	7	5	7495	7	1186	980	11
129.0	7102	14	17	7496	10	1113	1330	11
129.0	6996	16	15	7497	16	1416	1112	9
129.0	7074	9	5	7498	13	1572	1378	10
129.0	7246	20	22	7499	17	1068	928	9
129.0	7028	10	11	7500	9	1028	991	7
129.0	7047	19	19	7501	19	1384	936	8
129.0	7000	16	14	7502	18	858	1162	7
129.0	7046	14	17	7503	11	1090	1301	9
129.0	7066	23	15	7504	28	627	1249	7
130.0	7165	22	20	7505	24	1009	982	13
130.0	6998	21	19	7506	21	942	1118	12
130.0	6878	23	25	7507	21	1129	1165	12
130.0	6892	9	12	7508	6	913	1220	11
130.0	6928	24	24	7509	24	853	722	9
130.0	7065	5	4	7510	6	947	1378	11
130.0	7053	21	20	7511	21	999	1253	7
130.0	7034	13	15	7512	11	960	885	5
130.0	6915	6	4	7513	8	1307	1040	10
130.0	7069	23	24	7514	20	1489	808	9
130.0	7147	16	16	7515	15	1038	943	9
130.0	7011	15	14	7516	15	1151	1202	10
130.0	6995	8	9	7517	7	1204	1242	11
130.0	7160	26	22	7518	26	1095	1131	10
130.0	7030	16	16	7519	16	1456	1152	8
130.0	6944	8	10	7520	6	1185	1040	10
130.0	7082	14	14	7521	14	1298	908	6
130.0	7010	18	17	7522	19	854	1138	9
130.0	6919	4	1	7523	7	1013	1439	14
130.0	7142	34	32	7524	35	1159	1181	10
130.0	6913	15	14	7525	16	885	1190	6
130.0	7044	10	9	7526	10	1253	1156	11
130.0	6988	9	11	7527	7	902	905	9
131.0	6962	29	26	7528	30	321	802	9
131.0	7013	13	15	7529	10	1239	951	9
131.0	6908	25	25	7530	25	890	1456	9
131.0	7118	24	16	7531	32	809	1142	10
131.0	7123	7	9	7532	4	892	1385	14
131.0	6921	7	8	7533	6	1294	1011	11
131.0	6944	10	11	7534	7	1185	1040	11
131.0	6902	13	15	7535	11	995	941	5
131.0	7053	20	20	7536	16	999	1253	8
131.0	6900	22	20	7537	22	1498	1277	8
131.0	7076	21	17	7538	24	868	1093	12
131.0	6928	24	18	7539	29	853	722	10
131.0	7084	6	8	7540	3	1144	959	10
131.0	6917	27	30	7541	22	964	1151	10
131.0	6879	16	13	7542	19	787	999	12
131.0	7362	16	18	7543	13	1187	886	8
131.0	7107	26	30	7544	20	1480	859	10
131.0	7023	20	26	7545	14	970	1121	4
131.0	7156	22	17	7546	26	907	796	7
131.0	7099	10	11	7547	8	1152	1086	13
131.0	6999	13	14	7548	11	1387	1014	10
131.0	6995	9	10	7549	8	1204	1242	12
131.0	6892	12	8	7550	15	913	1220	12
131.0	7191	6	6	7551	5	1316	988	10
131.0	6969	14	11	7552	15	561	1199	7
132.0	7133	13	13	7553	13	1146	889	6
132.0	7244	11	11	7554	10	1285	1220	13
132.0	6888	15	15	7555	14	1176	847	11
132.0	7150	15	15	7556	15	1257	972	8
132.0	7062	13	10	7557	13	1288	1431	11
132.0	6872	9	7	7558	9	1040	1046	15
132.0	7213	9	8	7559	10	1366	982	10
132.0	7048	25	21	7560	29	1979	1556	10
132.0	7068	10	11	7561	9	1487	1180	12
132.0	7005	11	10	7562	11	1121	885	9
132.0	7123	9	7	7563	11	892	1385	15
132.0	7216	8	9	7564	6	809	1110	8
132.0	7011	14	12	7565	16	1151	1202	11
132.0	7134	22	21	7566	22	594	1117	7
132.0	7107	30	26	7567	34	1480	859	11
132.0	7305	2	3	7568	1	1458	1299	11
132.0	7023	26	21	7569	31	970	1121	5
132.0	7002	6	6	7570	5	1334	1297	10
132.0	7235	21	26	7571	15	1999	1073	11
132.0	6987	15	15	7572	15	1079	906	9
132.0	6928	18	17	7573	19	853	722	11
132.0	7144	34	33	7574	34	1000	539	6
132.0	7203	17	15	7575	19	1141	922	8
132.0	7072	10	5	7576	15	1205	842	9
132.0	7138	6	4	7577	6	1284	1001	9
132.0	6870	18	16	7578	18	1209	1059	10
132.0	6910	12	9	7579	14	821	1078	8
132.0	6932	13	17	7580	9	843	960	10
132.0	7121	6	6	7581	6	1426	1287	10
132.0	7020	8	8	7582	8	1120	1199	11
132.0	7116	20	23	7583	15	1073	991	9
133.0	7181	28	24	7584	32	938	857	8
133.0	7014	23	27	7585	17	1170	1083	7
133.0	7235	26	23	7586	27	1999	1073	12
133.0	7038	27	24	7587	30	1955	687	10
133.0	6950	31	28	7588	33	1162	1273	11
133.0	6970	13	14	7589	12	981	1019	10
133.0	7018	21	19	7590	22	781	1123	7
133.0	7021	28	23	7591	31	749	906	8
133.0	6865	30	29	7592	29	990	977	14
133.0	6966	24	22	7593	26	1509	1039	10
133.0	6909	20	21	7594	17	1226	1187	7
133.0	7182	16	14	7595	16	1121	1070	12
133.0	7040	25	28	7596	21	780	878	9
133.0	7077	16	20	7597	12	1208	1185	8
133.0	7196	27	32	7598	22	726	833	12
133.0	6910	9	6	7599	11	821	1078	9
133.0	7157	24	26	7600	20	959	1176	10
133.0	6932	17	17	7601	16	843	960	11
133.0	6868	14	12	7602	16	960	912	7
133.0	7360	27	24	7603	29	1999	872	11
133.0	7093	19	18	7604	19	1108	962	8
133.0	6871	20	25	7605	15	846	1302	13
134.0	6935	14	12	7606	16	891	1525	10
134.0	6972	14	10	7607	15	943	1279	9
134.0	7033	20	17	7608	23	790	1691	8
134.0	6913	14	13	7609	12	885	1190	7
134.0	7220	14	14	7610	12	801	1033	12
134.0	6916	35	35	7611	33	1785	916	10
134.0	7029	17	17	7612	17	1266	1072	11
134.0	7151	42	38	7613	42	1724	1188	10
134.0	6899	21	22	7614	18	881	838	11
134.0	7200	6	6	7615	6	892	943	8
134.0	7265	13	11	7616	14	1185	911	9
134.0	6929	10	13	7617	6	1252	798	7
134.0	6949	18	20	7618	16	697	1380	10
134.0	7016	4	3	7619	5	880	876	10
134.0	7021	23	24	7620	21	749	906	9
134.0	6893	20	22	7621	18	1328	1176	9
134.0	7138	4	1	7622	7	1284	1001	10
134.0	7106	18	16	7623	19	1125	951	7
134.0	7111	24	23	7624	25	961	836	6
134.0	6978	14	10	7625	15	849	1060	8
134.0	7058	6	5	7626	7	1338	1009	8
134.0	7172	10	11	7627	9	1238	1085	8
134.0	6927	8	7	7628	9	1192	1057	11
134.0	7060	10	8	7629	12	1367	1116	11
134.0	7439	41	37	7630	45	1778	1115	12
134.0	6979	21	15	7631	27	1164	1622	10
134.0	6914	13	14	7632	12	1022	819	10
134.0	7167	22	24	7633	19	1299	1144	9
134.0	7199	12	8	7634	15	836	1027	11
134.0	6960	19	21	7635	15	1159	1009	11
134.0	6922	18	23	7636	13	1123	1289	14
134.0	6940	6	7	7637	5	1256	1017	11
134.0	7133	13	14	7638	11	1146	870	7
134.0	6932	17	13	7639	19	831	958	12
134.0	6924	26	25	7640	26	1565	1230	12
134.0	7266	6	5	7641	6	1271	1771	9
134.0	7196	32	31	7642	29	726	833	13
135.0	6876	1	0	7643	2	1438	1447	11
135.0	7187	5	5	7644	5	929	907	9
135.0	6896	18	17	7645	17	1303	1212	10
135.0	7352	21	21	7646	20	1561	1087	8
135.0	7117	21	23	7647	19	724	773	10
135.0	7184	16	17	7648	14	857	1222	10
135.0	6964	15	21	7649	9	1226	999	8
135.0	7078	9	13	7650	5	1363	1044	9
135.0	6926	27	30	7651	23	263	1812	9
135.0	7034	15	17	7652	10	972	873	6
135.0	7360	24	22	7653	25	1999	872	12
135.0	6956	16	10	7654	22	934	552	9
135.0	7055	22	26	7655	15	983	857	8
135.0	7030	16	17	7656	14	1456	1152	9
135.0	7110	11	12	7657	9	1606	1307	13
135.0	6912	9	10	7658	7	879	993	10
135.0	7152	25	21	7659	26	1944	1149	8
135.0	7203	15	16	7660	14	1141	922	9
135.0	7096	20	17	7661	23	1214	1300	14
135.0	6925	16	12	7662	19	1130	1724	10
135.0	7061	29	27	7663	30	1615	1020	7
135.0	7122	8	9	7664	7	1414	1160	12
135.0	7238	32	32	7665	30	854	811	9
135.0	7111	23	24	7666	21	961	836	7
135.0	6873	36	35	7667	36	1999	822	12
135.0	6941	23	25	7668	20	1103	897	8
135.0	7260	6	6	7669	6	1287	753	10
135.0	7200	6	7	7670	5	906	929	9
135.0	7106	16	16	7671	15	1125	951	8
135.0	7220	14	12	7672	14	801	1033	13
135.0	6914	14	7	7673	21	1022	819	11
135.0	7226	29	35	7674	22	619	1074	9
135.0	7048	21	18	7675	23	1979	1556	11
136.0	7024	23	20	7676	25	1037	1203	10
136.0	7229	6	2	7677	10	1416	1244	13
136.0	7438	6	5	7678	7	1240	989	9
136.0	7036	15	15	7679	12	1108	833	8
136.0	6961	19	16	7680	22	753	1024	9
136.0	7061	27	26	7681	28	1615	1020	8
136.0	7171	17	18	7682	14	1190	1190	10
136.0	6917	30	29	7683	28	964	1151	11
136.0	7315	16	13	7684	18	1044	833	12
136.0	7126	19	17	7685	21	1235	831	7
136.0	7098	29	29	7686	29	1065	708	9
136.0	7161	16	19	7687	13	1236	1510	8
136.0	6956	10	8	7688	12	934	552	10
136.0	7189	6	4	7689	8	1019	1182	13
136.0	7362	18	19	7690	16	1187	886	9
136.0	7107	26	17	7691	34	1480	859	12
136.0	6880	8	4	7692	12	1382	1174	13
136.0	7204	25	29	7693	20	779	1062	8
136.0	7034	17	16	7694	16	972	873	7
136.0	6943	3	3	7695	3	1600	990	11
136.0	7117	23	22	7696	24	724	773	11
136.0	6971	29	29	7697	29	871	1133	11
136.0	7367	8	7	7698	9	1178	1005	10
136.0	7373	10	8	7699	12	1373	1302	12
136.0	7275	12	19	7700	4	840	972	8
136.0	7057	3	2	7701	4	1072	1174	14
136.0	7216	9	8	7702	9	777	1142	9
136.0	7211	31	36	7703	24	1049	959	14
136.0	7233	16	16	7704	14	891	1507	9
137.0	7121	6	3	7705	7	1426	1287	11
137.0	7147	16	17	7706	15	1038	927	10
137.0	7169	15	15	7707	15	901	1120	5
137.0	7216	8	12	7708	4	777	1142	10
137.0	7004	12	15	7709	9	1180	867	7
137.0	7096	17	18	7710	13	1214	1300	15
137.0	6928	17	15	7711	18	853	722	12
137.0	6970	14	16	7712	12	981	1019	11
137.0	7050	35	32	7713	37	1956	1084	9
137.0	7071	22	22	7714	21	1999	1236	13
137.0	7148	4	3	7715	5	1320	1040	10
137.0	7332	11	6	7716	15	1218	944	9
137.0	6990	17	18	7717	15	814	718	9
137.0	7120	8	9	7718	6	1272	986	10
137.0	7128	18	16	7719	20	712	1001	6
137.0	7393	8	7	7720	9	1234	1102	11
137.0	7015	10	11	7721	8	1129	1252	10
137.0	7045	12	13	7722	11	1152	1111	12
137.0	7134	21	27	7723	15	594	1117	8
137.0	6921	8	6	7724	10	1294	1011	12
137.0	7140	12	12	7725	12	705	1652	10
137.0	7372	24	22	7726	24	1380	849	10
137.0	7326	14	12	7727	16	1171	1225	10
137.0	6994	7	9	7728	5	1052	1012	12
137.0	6946	10	13	7729	7	948	919	9
137.0	7250	11	12	7730	10	1186	1462	11
137.0	7001	15	12	7731	16	1017	971	13
137.0	7006	11	9	7732	12	1250	1128	9
137.0	6988	11	13	7733	7	902	905	10
137.0	7285	15	18	7734	12	1123	850	9
137.0	7202	10	6	7735	13	1201	973	9
137.0	7211	36	39	7736	32	1049	959	15
137.0	7229	2	1	7737	3	1416	1244	14
137.0	6892	8	8	7738	8	913	1220	13
137.0	7113	20	19	7739	21	1087	809	11
137.0	7449	21	17	7740	21	754	1467	10
137.0	7074	5	4	7741	6	1605	1382	11
137.0	7297	26	27	7742	23	899	1008	11
137.0	7280	15	14	7743	15	773	1289	10
137.0	7464	21	22	7744	20	963	1139	12
138.0	6975	22	24	7745	20	1046	912	8
138.0	7657	9	13	7746	5	1622	1307	14
138.0	7178	26	32	7747	20	1590	1476	9
138.0	6887	11	13	7748	8	716	1338	12
138.0	6966	22	28	7749	16	1509	1039	11
138.0	6983	24	24	7750	22	714	1053	10
138.0	7208	14	10	7751	17	650	833	8
138.0	7245	13	16	7752	10	1000	958	9
138.0	7440	7	4	7753	9	1393	1331	11
138.0	7146	37	32	7754	41	811	757	9
138.0	6920	16	10	7755	21	1326	883	11
138.0	6888	15	14	7756	15	1176	847	12
138.0	6969	11	12	7757	10	561	1199	8
138.0	7053	20	26	7758	14	1012	1266	9
138.0	7225	17	19	7759	14	984	1287	10
138.0	7025	6	5	7760	6	1554	1262	9
138.0	7260	6	6	7761	5	1287	753	11
138.0	6986	24	18	7762	28	1038	1317	15
138.0	7274	31	26	7763	33	830	807	13
138.0	6919	1	1	7764	1	1013	1439	15
138.0	7478	31	35	7765	23	797	786	13
138.0	6960	21	19	7766	20	1159	1009	12
138.0	7160	22	22	7767	21	1095	1131	11
138.0	7316	19	21	7768	17	755	731	8
138.0	7211	39	38	7769	38	1049	959	16
138.0	7342	22	19	7770	25	1227	1329	10
138.0	7183	19	19	7771	18	1065	1231	11
138.0	7018	19	24	7772	13	747	1240	8
138.0	7037	14	11	7773	16	814	1021	9
138.0	7141	6	6	7774	6	934	1201	13
138.0	7116	23	22	7775	24	1073	991	10
138.0	6947	5	2	7776	8	1240	1255	11
138.0	6895	17	25	7777	9	671	1052	10
138.0	7136	3	3	7778	3	949	1480	14
138.0	7199	8	7	7779	8	836	1027	12
138.0	7265	11	10	7780	12	1169	911	10
138.0	6913	13	10	7781	16	874	1201	8
138.0	7032	14	18	7782	10	1136	792	9
138.0	6978	10	5	7783	13	849	1060	9
138.0	6870	16	18	7784	14	1248	1072	11
138.0	6993	9	7	7785	9	713	1426	12
138.0	7261	18	12	7786	24	1127	808	8
138.0	7170	14	14	7787	13	1141	1014	10
139.0	7104	33	38	7788	26	873	1150	10
139.0	7059	15	20	7789	9	1634	1447	12
139.0	7294	27	20	7790	33	933	859	10
139.0	7446	31	32	7791	28	1999	1221	13
139.0	6975	24	26	7792	21	1046	912	9
139.0	7177	7	8	7793	6	1118	1396	12
139.0	7206	19	18	7794	20	1963	1153	9
139.0	6898	10	8	7795	11	1224	881	6
139.0	7183	19	16	7796	21	1065	1231	12
139.0	6954	9	5	7797	13	771	1094	9
139.0	7266	5	3	7798	6	1271	1771	10
139.0	7295	14	12	7799	15	738	1489	10
139.0	7265	10	8	7800	11	1169	911	11
139.0	7160	22	16	7801	27	1095	1131	12
139.0	6946	13	14	7802	10	948	919	10
139.0	6931	1	1	7803	1	1448	1324	11
139.0	7274	26	22	7804	28	830	807	14
139.0	7087	15	15	7805	14	1177	1149	11
139.0	7260	6	6	7806	6	1287	753	12
139.0	7208	10	9	7807	10	650	833	9
139.0	7011	12	11	7808	13	1151	1202	12
139.0	6937	9	12	7809	6	1341	1146	11
139.0	7027	25	19	7810	29	956	1109	9
139.0	7327	5	4	7811	6	1095	1331	13
139.0	7283	18	24	7812	10	1489	1419	14
139.0	7308	19	20	7813	17	921	972	10
139.0	7227	15	17	7814	13	984	1420	8
139.0	6921	6	10	7815	2	1294	1011	13
139.0	6998	19	25	7816	13	929	1131	13
139.0	6906	20	22	7817	15	1512	1491	14
139.0	7281	37	32	7818	41	1782	1068	10
139.0	7097	21	19	7819	21	911	1167	8
139.0	6884	13	10	7820	15	914	999	12
139.0	7108	15	13	7821	16	989	1352	10
139.0	6962	26	24	7822	26	321	802	10
140.0	6879	13	11	7823	15	773	1013	13
140.0	7184	17	16	7824	18	857	1222	11
140.0	7080	14	13	7825	13	719	1213	10
140.0	6985	21	21	7826	18	916	810	8
140.0	7176	22	28	7827	16	1056	1102	14
140.0	6962	24	22	7828	25	321	802	11
140.0	7219	35	33	7829	34	565	1010	8
140.0	7087	15	13	7830	16	1177	1149	12
140.0	6899	22	22	7831	21	881	838	12
140.0	7414	15	13	7832	16	875	789	9
140.0	7148	3	1	7833	5	1320	1040	11
140.0	7416	12	10	7834	13	827	1302	13
140.0	7039	15	15	7835	15	1088	916	8
140.0	7034	16	17	7836	15	962	839	8
140.0	7025	5	5	7837	5	1554	1262	10
140.0	7112	10	12	7838	8	822	1264	12
140.0	6937	12	11	7839	13	1341	1146	12
140.0	7198	13	11	7840	13	901	1208	9
140.0	7270	9	4	7841	14	1341	990	10
140.0	7124	14	14	7842	13	1270	900	9
140.0	6971	29	27	7843	31	859	1121	12
140.0	6920	10	12	7844	7	1326	883	12
140.0	7498	13	18	7845	7	1572	1360	11
140.0	7259	31	24	7846	37	1880	1259	9
140.0	7017	5	5	7847	5	908	1064	12
140.0	7203	16	18	7848	14	1141	922	10
140.0	7248	16	17	7849	14	1095	780	11
140.0	7294	20	19	7850	21	933	859	11
140.0	7218	13	12	7851	14	939	1059	10
140.0	7092	7	5	7852	8	1219	581	13
140.0	7058	5	7	7853	3	1362	985	9
140.0	7502	18	19	7854	15	799	1208	8
140.0	7041	2	3	7855	1	1246	842	9
140.0	7054	13	10	7856	15	911	926	6
140.0	6909	21	22	7857	19	1237	1198	8
140.0	7373	8	8	7858	8	1373	1302	13
141.0	7122	9	8	7859	8	1414	1160	13
141.0	6866	39	38	7860	37	766	842	10
141.0	7406	30	26	7861	32	673	1954	8
141.0	7055	26	27	7862	25	936	722	9
141.0	6881	2	2	7863	2	849	906	11
141.0	7358	27	26	7864	28	1905	1636	9
141.0	7604	19	16	7865	22	1084	950	9
141.0	7166	31	32	7866	28	1062	1187	12
141.0	7075	32	32	7867	31	1079	756	9
141.0	7031	20	22	7868	17	841	847	9
141.0	7118	16	16	7869	16	809	1142	11
141.0	7164	24	21	7870	24	1352	890	9
141.0	7352	21	21	7871	21	1558	1148	9
141.0	7312	21	19	7872	21	1169	1367	14
141.0	7253	13	11	7873	14	1209	1135	12
141.0	7101	22	22	7874	21	570	1542	10
141.0	7473	17	15	7875	17	739	1052	9
141.0	7141	6	8	7876	4	934	1201	14
141.0	7464	22	22	7877	21	993	1152	13
141.0	6942	20	21	7878	16	1218	959	9
141.0	7231	24	17	7879	31	894	768	8
141.0	7048	18	15	7880	20	1979	1556	12
141.0	7320	20	17	7881	22	949	1532	10
141.0	6915	4	4	7882	3	1307	1040	11
141.0	7224	22	22	7883	20	840	997	8
141.0	7131	26	24	7884	27	732	876	8
141.0	7569	31	35	7885	25	1001	1135	6
141.0	6930	8	9	7886	5	1240	972	9
141.0	7106	16	17	7887	12	1125	951	9
141.0	7294	19	14	7888	22	933	842	12
141.0	6890	19	12	7889	25	1068	830	9
142.0	7497	16	14	7890	17	1402	1125	10
142.0	7001	12	7	7891	16	1017	971	14
142.0	7736	32	35	7892	29	1076	968	16
142.0	6908	25	25	7893	23	890	1456	10
142.0	7006	9	12	7894	6	1250	1128	10
142.0	7044	9	9	7895	9	1301	1172	12
142.0	7026	10	7	7896	12	1281	1036	13
142.0	7094	9	8	7897	10	951	1107	10
142.0	7063	5	8	7898	2	1381	1065	10
142.0	7351	14	14	7899	14	1299	884	8
142.0	7057	2	0	7900	4	1072	1174	15
142.0	6873	35	26	7901	42	1999	822	13
142.0	7127	17	19	7902	13	1272	1184	9
142.0	7342	19	16	7903	21	1227	1351	11
142.0	7084	8	4	7904	12	1144	959	11
142.0	6958	8	8	7905	7	1352	928	9
142.0	7115	24	22	7906	24	628	815	8
142.0	7475	26	26	7907	23	1500	1074	9
142.0	7362	19	16	7908	21	1199	883	10
142.0	7152	21	20	7909	22	1983	1099	9
142.0	7680	22	24	7910	20	701	1010	10
142.0	7449	17	16	7911	17	653	1441	11
142.0	7479	29	25	7912	33	811	834	9
142.0	6976	28	30	7913	26	1386	1434	9
142.0	7775	24	25	7914	23	1073	989	11
142.0	6973	15	18	7915	12	1136	1309	8
142.0	7197	2	1	7916	2	871	902	10
142.0	6890	12	12	7917	12	1068	830	10
142.0	7131	24	30	7918	18	732	876	9
142.0	7086	21	23	7919	18	920	1106	9
142.0	7089	18	17	7920	17	843	1259	10
142.0	7523	7	6	7921	8	993	1439	15
142.0	7109	8	11	7922	5	1220	905	6
142.0	7466	1	2	7923	0	1074	1201	14
142.0	7403	9	6	7924	11	949	761	10
142.0	7154	3	1	7925	5	1103	1179	12
142.0	7240	9	7	7926	10	870	1073	10
142.0	7209	34	35	7927	32	1749	1803	10
142.0	7364	17	20	7928	12	813	908	9
142.0	7019	14	12	7929	15	1364	624	9
142.0	7244	11	13	7930	8	1337	1292	14
142.0	7734	12	10	7931	14	1106	850	10
143.0	6871	25	25	7932	24	846	1302	14
143.0	7121	3	3	7933	2	1426	1307	12
143.0	7159	13	12	7934	13	912	722	9
143.0	7497	14	19	7935	7	1402	1125	11
143.0	7086	23	22	7936	23	920	1106	10
143.0	7545	14	14	7937	13	1016	1150	5
143.0	7290	0	0	7938	0	1069	1144	13
143.0	7446	32	37	7939	27	1999	1221	14
143.0	6953	29	23	7940	34	1896	0	11
143.0	6893	22	23	7941	20	1328	1176	10
143.0	7034	17	15	7942	18	962	839	9
143.0	7350	18	18	7943	18	769	1311	10
143.0	7064	23	22	7944	23	1111	1227	11
143.0	7109	11	8	7945	14	1220	905	7
143.0	6885	19	18	7946	19	1318	1324	11
143.0	7449	16	17	7947	13	653	1441	12
143.0	7075	32	32	7948	29	1079	708	10
143.0	7108	13	12	7949	14	989	1352	11
143.0	7133	14	15	7950	13	1146	851	8
143.0	7097	19	15	7951	22	911	1167	9
143.0	7256	23	20	7952	24	866	860	9
143.0	7198	11	12	7953	9	901	1208	10
143.0	7035	22	22	7954	22	1581	1128	9
143.0	6999	14	8	7955	19	1387	1014	11
143.0	7103	16	14	7956	15	917	1290	9
143.0	7130	28	34	7957	22	1138	1142	9
143.0	7173	1	0	7958	2	1406	1301	11
143.0	7379	9	11	7959	5	1038	1300	14
143.0	7244	13	15	7960	10	1337	1292	15
143.0	7009	16	14	7961	17	1119	1414	11
143.0	7680	24	24	7962	22	701	1010	11
143.0	7160	16	16	7963	13	1114	1131	13
143.0	7309	0	0	7964	0	1337	1026	10
143.0	7066	15	15	7965	14	627	1249	8
143.0	7209	35	36	7966	33	1749	1803	11
143.0	7734	10	6	7967	12	1106	850	11
143.0	7334	10	9	7968	11	1259	990	11
143.0	7143	16	15	7969	15	1291	1346	8
143.0	7045	13	12	7970	12	1152	1111	13
143.0	6943	3	2	7971	4	1600	990	12
143.0	7403	6	5	7972	7	949	761	11
143.0	6965	3	4	7973	2	1148	1044	14
143.0	7216	12	13	7974	11	777	1142	11
143.0	7356	7	8	7975	6	789	1420	10
143.0	6996	15	12	7976	18	1416	1112	10
143.0	7480	20	17	7977	21	962	902	8
143.0	7010	17	15	7978	18	844	1158	10
143.0	7399	20	15	7979	24	1735	1058	10
143.0	7274	22	28	7980	15	830	807	15
143.0	6927	7	7	7981	7	1218	1083	12
143.0	7267	8	7	7982	9	1314	767	11
143.0	7214	8	8	7983	8	1029	1076	9
143.0	6949	20	23	7984	16	643	1353	11
143.0	7349	15	13	7985	16	1350	798	11
143.0	6939	25	32	7986	18	878	872	10
143.0	7658	7	6	7987	7	846	980	11
143.0	7291	18	16	7988	19	815	1209	7
144.0	7320	17	14	7989	19	949	1532	11
144.0	7192	19	18	7990	20	1544	1181	9
144.0	7163	19	18	7991	19	1184	1310	14
144.0	6888	14	16	7992	11	1175	770	13
144.0	6977	17	17	7993	17	1134	1068	12
144.0	7355	27	26	7994	26	1184	728	11
144.0	7295	12	13	7995	11	738	1489	11
144.0	7063	8	11	7996	5	1381	1065	11
144.0	6913	10	6	7997	12	874	1201	9
144.0	6933	13	12	7998	14	979	776	10
144.0	7366	18	16	7999	19	1021	674	9
144.0	7406	26	19	8000	30	673	1954	9
144.0	7336	23	20	8001	26	785	1311	9
144.0	7021	24	24	8002	21	749	906	10
144.0	7056	23	19	8003	26	931	1021	10
144.0	7104	38	32	8004	43	858	1138	11
144.0	6882	19	22	8005	14	758	786	13
144.0	7657	13	11	8006	14	1622	1307	15
144.0	7658	6	6	8007	6	846	980	12
144.0	7107	17	13	8008	21	1523	825	13
144.0	6996	12	16	8009	7	1416	1112	11
144.0	7254	5	3	8010	7	913	1188	10
144.0	7069	24	25	8011	22	1489	808	10
144.0	6893	23	17	8012	28	1328	1176	11
144.0	7249	21	19	8013	22	868	1149	9
144.0	7631	27	27	8014	26	748	1705	11
144.0	7042	27	26	8015	25	1942	834	11
144.0	6958	8	6	8016	10	1352	928	10
144.0	7426	20	20	8017	20	1056	1128	14
144.0	7076	17	15	8018	17	868	1093	13
144.0	6982	24	30	8019	18	1698	1887	10
144.0	7421	12	11	8020	11	1206	462	9
144.0	7439	37	39	8021	32	1778	1115	13
144.0	7015	11	10	8022	11	1140	1263	11
144.0	7401	13	14	8023	12	998	1302	15
144.0	7286	8	6	8024	9	1352	911	9
144.0	7381	18	23	8025	13	1273	882	7
144.0	6946	14	14	8026	14	931	919	11
144.0	7545	14	16	8027	12	1016	1150	6
144.0	7051	19	12	8028	25	777	1384	10
144.0	7009	14	16	8029	11	1119	1414	12
144.0	7100	9	8	8030	10	1609	1075	10
144.0	7318	27	27	8031	26	1480	137	11
144.0	7209	36	35	8032	37	1659	1807	12
144.0	7371	18	20	8033	15	976	1329	12
145.0	7164	21	21	8034	20	1368	874	10
145.0	7341	21	20	8035	21	940	972	11
145.0	7399	15	17	8036	11	1735	1058	11
145.0	7373	8	12	8037	3	1373	1302	14
145.0	7456	21	21	8038	21	991	860	7
145.0	6907	12	12	8039	12	1269	1258	15
145.0	7918	18	18	8040	15	719	888	10
145.0	7019	12	13	8041	10	1329	593	10
145.0	7218	12	12	8042	12	939	1059	11
145.0	7302	15	16	8043	14	971	956	6
145.0	7150	15	17	8044	12	1257	972	9
145.0	7464	22	21	8045	22	993	1152	14
145.0	7535	11	11	8046	8	993	928	6
145.0	7301	24	18	8047	30	774	931	8
145.0	7038	24	20	8048	28	1990	632	11
145.0	6926	30	28	8049	31	15	1810	10
145.0	7824	18	19	8050	16	830	1212	12
145.0	7532	4	3	8051	5	905	1417	15
145.0	7100	8	8	8052	7	1609	1075	11
145.0	6900	20	27	8053	11	1498	1277	9
145.0	7430	11	14	8054	8	1008	823	10
145.0	6951	8	6	8055	9	966	1319	12
145.0	7081	15	17	8056	13	920	1148	8
145.0	7220	12	10	8057	13	787	1019	14
145.0	7318	27	26	8058	25	1480	137	12
145.0	6982	30	30	8059	26	1698	1887	11
145.0	7104	32	34	8060	29	842	1138	12
145.0	7669	6	3	8061	9	1341	698	11
145.0	7034	15	16	8062	14	977	806	10
145.0	7330	19	18	8063	17	1374	1407	9
145.0	7207	9	11	8064	6	1329	1089	12
145.0	7112	12	14	8065	8	801	1264	13
145.0	7502	19	16	8066	22	785	1222	9
145.0	7213	8	10	8067	5	1404	982	11
145.0	7323	12	17	8068	7	1069	1092	14
145.0	7400	17	19	8069	14	657	1029	10
145.0	7228	34	33	8070	34	499	1948	7
145.0	7015	10	11	8071	9	1140	1263	12
145.0	7466	2	1	8072	3	1074	1201	15
145.0	7243	30	26	8073	31	1225	1151	11
145.0	7305	3	1	8074	4	1458	1299	12
145.0	6966	28	27	8075	29	1509	1039	12
145.0	7132	21	23	8076	17	1584	1026	8
145.0	6866	38	37	8077	37	750	826	11
145.0	7120	9	12	8078	6	1291	986	11
146.0	7235	23	21	8079	22	1999	1073	13
146.0	7151	38	42	8080	34	1635	1202	11
146.0	7255	22	19	8081	24	904	1347	9
146.0	6951	6	5	8082	7	966	1319	13
146.0	7210	14	15	8083	12	1184	809	8
146.0	7012	5	6	8084	4	1186	980	12
146.0	6978	5	3	8085	7	830	1060	10
146.0	7781	16	20	8086	12	840	1201	9
146.0	7246	22	18	8087	24	1034	928	10
146.0	7026	7	10	8088	4	1281	1036	14
146.0	6935	12	14	8089	9	891	1525	11
146.0	7247	12	12	8090	11	825	940	7
146.0	7531	32	29	8091	35	790	1164	11
146.0	7631	27	21	8092	28	748	1705	12
146.0	7228	33	41	8093	23	499	1948	8
146.0	6877	6	8	8094	4	809	1500	12
146.0	7008	8	9	8095	6	864	1029	11
146.0	7064	22	24	8096	20	1111	1227	12
146.0	7046	17	18	8097	16	1090	1301	10
146.0	7144	33	26	8098	39	915	279	7
146.0	7346	23	22	8099	21	1703	908	9
146.0	7402	28	23	8100	29	819	766	13
146.0	7098	29	23	8101	33	1065	660	10
146.0	7206	18	18	8102	18	1963	1153	10
146.0	7762	28	27	8103	26	1041	1331	16
146.0	7068	11	9	8104	13	1487	1180	13
146.0	7263	16	14	8105	17	1199	1246	6
146.0	7279	0	0	8106	0	1059	1169	13
146.0	7726	24	23	8107	25	1404	841	11
146.0	7858	8	12	8108	4	1373	1268	14
146.0	7122	8	10	8109	5	1427	1173	14
146.0	6939	32	33	8110	29	867	861	11
146.0	6966	27	28	8111	25	1509	1039	13
146.0	7005	10	8	8112	11	1133	873	10
146.0	6958	6	4	8113	6	1352	928	11
146.0	7058	7	4	8114	10	1362	985	10
146.0	7238	32	33	8115	30	854	811	10
146.0	7085	21	18	8116	23	890	1280	8
146.0	7265	8	11	8117	5	1169	911	12
146.0	7120	12	10	8118	13	1291	986	12
146.0	7043	24	23	8119	25	728	970	9
146.0	6866	37	37	8120	36	734	842	12
146.0	6982	30	29	8121	30	1698	1887	12
146.0	7156	17	18	8122	13	907	776	8
147.0	6970	16	18	8123	14	981	1019	12
147.0	7022	29	25	8124	31	1913	1194	7
147.0	7044	9	6	8125	12	1301	1172	13
147.0	7098	23	24	8126	20	1065	660	11
147.0	7652	10	12	8127	8	935	802	7
147.0	7158	15	13	8128	17	1167	1189	9
147.0	7007	9	6	8129	11	1190	1361	10
147.0	6890	12	7	8130	17	1068	830	11
147.0	7327	4	5	8131	3	1092	1302	14
147.0	7111	24	22	8132	26	950	779	8
147.0	7265	11	8	8133	14	1169	911	13
147.0	7261	12	14	8134	10	1140	775	9
147.0	6954	5	3	8135	7	771	1126	10
147.0	7178	32	29	8136	34	1713	1334	10
147.0	7250	12	12	8137	12	1186	1462	12
147.0	7033	17	20	8138	12	740	1656	9
147.0	7249	19	9	8139	28	868	1149	10
147.0	6940	7	3	8140	10	1269	1004	12
147.0	7136	3	2	8141	4	949	1459	15
147.0	7444	30	26	8142	31	972	976	12
147.0	6983	24	24	8143	22	714	1053	11
147.0	7219	33	24	8144	41	429	956	9
147.0	7410	26	26	8145	24	1110	993	11
147.0	7330	18	16	8146	18	1374	1407	10
147.0	7631	21	16	8147	26	748	1705	13
147.0	6888	16	13	8148	19	1192	753	14
147.0	7050	32	31	8149	33	1956	1084	10
147.0	6899	22	27	8150	17	881	838	13
147.0	7418	22	18	8151	25	797	920	10
147.0	7442	7	8	8152	5	1301	1328	14
147.0	7195	25	24	8153	24	1349	743	10
147.0	7375	39	43	8154	32	764	840	9
147.0	7200	7	8	8155	6	890	929	10
147.0	7338	8	11	8156	5	1371	1158	11
147.0	7593	26	21	8157	31	1496	990	11
147.0	7478	35	41	8158	28	802	773	14
147.0	7627	9	9	8159	8	1281	1100	9
147.0	7211	38	34	8160	42	1049	959	17
147.0	7644	5	8	8161	2	929	882	10
147.0	7192	18	15	8162	20	1544	1181	10
147.0	7226	35	38	8163	29	600	1074	10
147.0	7246	18	16	8164	20	1034	928	11
147.0	6938	26	32	8165	19	683	1101	7
147.0	6953	23	23	8166	22	1896	0	12
147.0	6966	28	23	8167	31	1541	1124	14
147.0	7088	15	18	8168	12	1054	867	11
147.0	7029	17	13	8169	20	1305	1111	12
147.0	7360	22	21	8170	22	1999	872	13
147.0	7142	32	31	8171	33	1137	1181	11
147.0	7174	17	20	8172	13	932	858	8
148.0	7066	15	13	8173	17	627	1249	9
148.0	7161	19	15	8174	22	1236	1510	9
148.0	7463	16	15	8175	16	1268	1211	7
148.0	7081	17	17	8176	16	920	1148	9
148.0	7195	24	21	8177	27	1349	743	11
148.0	7324	15	16	8178	13	1129	966	11
148.0	7220	10	12	8179	8	769	1019	15
148.0	7298	11	11	8180	10	1186	1432	10
148.0	7017	5	4	8181	6	921	1077	13
148.0	7341	20	19	8182	21	940	972	12
148.0	7119	18	15	8183	20	1127	897	8
148.0	7765	23	22	8184	22	779	760	14
148.0	7207	11	11	8185	11	1329	1089	13
148.0	7258	20	17	8186	23	994	1218	13
148.0	7349	13	14	8187	12	1350	798	12
148.0	7266	3	5	8188	1	1271	1771	11
148.0	7363	18	20	8189	15	819	1040	8
148.0	7151	42	49	8190	33	1635	1202	12
148.0	7078	13	13	8191	13	1407	1044	10
148.0	7542	19	20	8192	17	773	1049	13
148.0	7181	24	15	8193	30	897	731	9
148.0	7436	9	13	8194	5	1144	699	13
148.0	6875	16	17	8195	14	1268	914	9
148.0	7712	12	12	8196	12	969	1007	12
148.0	7396	17	19	8197	15	676	1238	12
148.0	7111	22	19	8198	24	950	779	9
148.0	7205	13	13	8199	11	794	827	7
148.0	7117	22	17	8200	25	724	773	12
148.0	7148	1	1	8201	1	1320	1057	12
148.0	7564	6	8	8202	3	718	1164	9
148.0	7291	16	16	8203	15	781	1209	8
148.0	7416	10	7	8204	12	827	1302	14
148.0	7327	5	6	8205	4	1092	1302	15
148.0	7071	22	24	8206	19	1988	1247	14
148.0	8025	13	11	8207	15	1322	850	8
148.0	7032	18	23	8208	13	1170	758	10
148.0	7446	37	39	8209	30	1999	1221	15
148.0	7654	22	27	8210	17	947	565	10
148.0	7284	18	21	8211	15	931	954	5
148.0	7192	15	12	8212	15	1544	1181	11
148.0	6987	15	14	8213	15	1079	889	10
149.0	7071	24	26	8214	20	1988	1247	15
149.0	7151	49	46	8215	50	1635	1202	13
149.0	6906	22	24	8216	20	1512	1491	15
149.0	7517	7	9	8217	5	1190	1262	12
149.0	7327	6	7	8218	5	1092	1302	16
149.0	7472	14	14	8219	14	707	1293	12
149.0	7203	18	21	8220	15	1141	922	11
149.0	6971	27	25	8221	26	859	1121	13
149.0	6993	7	6	8222	8	713	1426	13
149.0	7725	12	9	8223	15	650	1617	11
149.0	6930	9	8	8224	9	1240	972	10
149.0	7303	26	30	8225	21	894	768	10
149.0	6898	8	5	8226	10	1224	848	7
149.0	7208	9	11	8227	7	650	833	10
149.0	7260	6	5	8228	6	1271	737	13
149.0	7227	17	14	8229	20	984	1420	9
149.0	7694	16	17	8230	15	1014	789	8
149.0	7036	15	18	8231	11	1111	800	9
149.0	6955	18	21	8232	15	1237	888	9
149.0	6981	17	14	8233	18	1050	831	12
149.0	7037	11	12	8234	9	784	1009	10
149.0	7256	20	25	8235	15	842	862	10
149.0	7632	12	11	8236	12	970	741	11
149.0	7099	11	9	8237	13	1127	1111	14
149.0	7084	4	3	8238	5	1144	959	12
149.0	7004	15	13	8239	17	1205	817	8
149.0	6916	35	30	8240	38	1803	471	11
149.0	7335	24	25	8241	22	1004	741	9
149.0	7412	4	3	8242	5	816	878	10
149.0	6937	11	10	8243	11	1341	1129	13
149.0	7307	26	28	8244	23	1347	829	9
149.0	7074	4	3	8245	5	1605	1382	12
149.0	7548	11	12	8246	10	1496	971	11
149.0	7352	21	19	8247	21	1541	1212	10
149.0	7341	19	15	8248	23	940	972	13
149.0	7518	26	25	8249	23	1101	1172	11
149.0	7124	14	16	8250	10	1302	884	10
149.0	7606	16	12	8251	20	909	1525	11
149.0	7266	5	3	8252	7	1271	1771	12
150.0	7074	3	2	8253	3	1605	1382	13
150.0	7479	25	21	8254	28	798	821	10
150.0	7288	29	32	8255	23	761	774	12
150.0	7489	6	8	8256	4	955	1439	14
150.0	7014	27	20	8257	30	1151	1083	8
150.0	7813	17	14	8258	18	876	971	11
150.0	7289	9	7	8259	9	931	1434	14
150.0	7292	6	6	8260	6	1373	1072	10
150.0	6971	25	18	8261	31	859	1121	14
150.0	7593	21	21	8262	21	1496	990	12
150.0	6946	14	12	8263	16	942	930	12
150.0	7200	8	10	8264	6	890	929	11
150.0	7781	20	22	8265	17	840	1201	10
150.0	6916	30	27	8266	32	1803	471	12
150.0	7546	26	25	8267	26	858	681	8
150.0	7151	46	46	8268	45	1635	1202	14
150.0	7761	5	6	8269	4	1323	716	12
150.0	7269	15	10	8270	18	1252	1227	10
150.0	7418	18	18	8271	18	780	920	11
150.0	7480	17	20	8272	14	971	911	9
150.0	7317	17	17	8273	17	1496	1098	9
150.0	7587	30	29	8274	31	1999	664	11
150.0	7549	8	5	8275	10	1203	1288	13
150.0	6882	22	22	8276	21	732	740	14
150.0	7443	4	2	8277	6	1587	1002	11
150.0	7457	21	27	8278	15	1381	1212	10
150.0	7534	7	4	8279	9	1209	1067	12
150.0	7342	16	16	8280	16	1227	1351	12
150.0	7402	23	24	8281	22	819	749	14
150.0	7167	24	30	8282	17	1299	1144	10
150.0	7616	14	14	8283	14	1212	907	10
150.0	7232	14	14	8284	14	636	1170	7
150.0	7089	17	17	8285	16	843	1259	11
150.0	7818	41	39	8286	41	1826	973	11
150.0	7061	26	27	8287	24	1615	1020	9
150.0	7411	39	37	8288	40	1972	811	11
150.0	7487	19	14	8289	23	1321	1248	11
150.0	6876	0	0	8290	0	1445	1519	12
150.0	7314	3	4	8291	2	1047	1473	14
150.0	7346	22	23	8292	19	1697	842	10
150.0	6924	25	24	8293	25	1565	1230	13
150.0	7178	29	26	8294	31	1713	1334	11
150.0	7898	2	3	8295	1	1422	1095	11
150.0	7348	18	17	8296	18	1194	931	9
150.0	6934	25	25	8297	24	1999	1153	10
150.0	7162	6	4	8298	7	882	1019	10
150.0	7180	12	11	8299	13	1189	914	7
150.0	7370	7	7	8300	7	1310	826	9
150.0	6929	13	14	8301	12	1288	773	8
150.0	7517	9	7	8302	11	1190	1262	13
150.0	7562	11	12	8303	10	1121	865	10
150.0	7475	26	24	8304	28	1500	1074	10
150.0	7357	12	12	8305	10	684	1397	11
151.0	7186	10	12	8306	8	1026	830	9
151.0	7024	20	15	8307	24	1012	1228	11
151.0	7301	18	17	8308	19	743	942	9
151.0	7069	25	19	8309	30	1489	808	11
151.0	7245	16	15	8310	16	1000	942	10
151.0	7242	6	3	8311	7	948	1219	12
151.0	7175	12	12	8312	12	1064	742	8
151.0	7123	7	10	8313	4	892	1385	16
151.0	6895	25	23	8314	25	652	1052	11
151.0	7190	37	37	8315	36	851	963	10
151.0	7533	6	7	8316	5	1296	1032	12
151.0	7678	7	10	8317	2	1240	1024	10
151.0	7699	12	10	8318	13	1360	1314	13
151.0	7576	15	13	8319	17	1248	716	10
151.0	7809	6	7	8320	5	1359	1146	12
151.0	7169	15	12	8321	17	901	1120	6
151.0	7429	15	14	8322	16	1209	628	12
151.0	7475	24	32	8323	15	1500	1074	11
151.0	7577	6	4	8324	8	1331	936	10
151.0	7019	13	9	8325	15	1329	593	11
151.0	7455	8	6	8326	10	1448	939	10
151.0	7313	15	13	8327	17	1932	1243	10
151.0	7629	12	13	8328	10	1383	1131	12
151.0	7353	28	25	8329	29	1157	931	8
151.0	7523	6	6	8330	5	993	1439	16
151.0	7538	24	21	8331	25	851	1093	13
151.0	7898	3	4	8332	1	1422	1095	12
151.0	7425	20	16	8333	23	775	1119	11
151.0	7198	12	12	8334	12	901	1208	11
151.0	6922	23	19	8335	26	1123	1289	15
151.0	7167	30	27	8336	33	1299	1144	11
151.0	7634	15	14	8337	15	818	1013	12
151.0	7025	5	6	8338	4	1554	1310	11
151.0	7090	23	24	8339	22	1070	1070	10
151.0	6920	12	12	8340	11	1379	762	13
151.0	7234	19	13	8341	24	1277	1079	8
151.0	7261	14	17	8342	10	1128	787	10
151.0	7044	6	5	8343	6	1301	1172	14
151.0	7514	20	16	8344	23	1774	788	10
151.0	7151	46	53	8345	35	1635	1202	15
151.0	7271	13	12	8346	13	878	1061	11
151.0	7018	24	20	8347	28	706	1269	9
151.0	7194	16	16	8348	14	694	1190	8
151.0	7030	17	15	8349	18	1456	1171	10
151.0	6915	4	4	8350	4	1320	1010	12
151.0	7401	14	16	8351	12	998	1302	16
151.0	7812	10	8	8352	12	1527	1409	15
152.0	7671	15	7	8353	23	1134	941	9
152.0	7439	39	37	8354	41	1778	1115	14
152.0	7242	3	1	8355	5	948	1219	13
152.0	6935	14	15	8356	13	853	1563	12
152.0	7307	28	35	8357	20	1347	829	10
152.0	7285	18	16	8358	18	1102	822	10
152.0	7299	29	22	8359	36	1021	860	9
152.0	6998	25	28	8360	20	929	1131	14
152.0	7928	12	11	8361	13	748	890	10
152.0	6922	19	17	8362	21	1123	1289	16
152.0	7714	21	17	8363	23	1847	1210	14
152.0	7239	13	12	8364	14	999	697	9
152.0	7541	22	25	8365	17	932	1162	11
152.0	7016	3	1	8366	5	831	889	11
152.0	7510	6	3	8367	9	1054	1380	12
152.0	7096	18	20	8368	14	1284	1328	16
152.0	6948	4	5	8369	3	1091	1348	13
152.0	7177	8	6	8370	9	1102	1380	13
152.0	6881	2	2	8371	2	849	888	12
152.0	8081	24	25	8372	22	904	1367	10
152.0	7210	15	14	8373	16	1201	809	9
152.0	7625	15	11	8374	17	799	1085	9
152.0	6899	27	26	8375	28	881	838	14
152.0	7011	11	13	8376	9	1151	1202	13
152.0	7543	13	12	8377	13	1195	761	9
152.0	7255	19	17	8378	21	904	1347	10
152.0	7084	3	3	8379	3	1144	959	13
152.0	7278	6	4	8380	8	1268	1303	10
152.0	7019	9	9	8381	9	1329	593	12
152.0	7169	12	9	8382	15	901	1120	7
152.0	7484	13	11	8383	15	1073	851	11
152.0	6874	8	10	8384	6	1508	755	11
152.0	7248	17	18	8385	16	1129	726	12
152.0	7478	41	42	8386	37	802	773	15
152.0	7326	12	12	8387	10	1187	1241	11
152.0	7062	10	12	8388	8	1331	1426	12
152.0	7414	13	13	8389	12	875	751	10
152.0	7123	10	7	8390	12	892	1404	17
152.0	6947	2	2	8391	2	1254	1269	12
152.0	7387	19	17	8392	20	715	1078	9
152.0	7529	10	10	8393	8	1268	867	10
152.0	6956	8	5	8394	11	934	552	11
152.0	6939	33	30	8395	33	867	861	12
152.0	7470	8	9	8396	7	778	1513	12
152.0	6918	16	14	8397	17	1063	1262	12
153.0	7337	28	29	8398	27	907	792	11
153.0	7374	21	26	8399	14	1434	1251	9
153.0	6916	27	30	8400	23	1803	471	13
153.0	7726	23	22	8401	22	1404	841	12
153.0	7659	26	26	8402	25	1884	1180	9
153.0	7647	19	16	8403	20	719	727	11
153.0	7272	11	11	8404	11	1231	714	7
153.0	7918	18	18	8405	17	661	904	11
153.0	7539	29	28	8406	30	853	721	11
153.0	7315	13	9	8407	17	1044	789	13
153.0	7669	3	1	8408	4	1341	698	12
153.0	7664	7	9	8409	5	1424	1219	13
153.0	7053	26	28	8410	23	1012	1266	10
153.0	7291	16	15	8411	16	781	1209	9
153.0	7979	24	26	8412	22	1754	1039	11
153.0	7057	0	0	8413	0	1061	1199	16
153.0	7239	12	10	8414	12	999	697	10
153.0	6954	3	4	8415	2	720	1140	11
153.0	7281	32	26	8416	37	1796	1308	11
153.0	7019	9	2	8417	16	1329	593	13
153.0	7140	12	12	8418	12	705	1652	11
153.0	7041	3	2	8419	4	1307	802	10
153.0	7336	20	15	8420	22	767	1311	10
153.0	7523	6	5	8421	7	993	1439	17
153.0	7806	6	9	8422	3	1329	660	13
153.0	7414	13	14	8423	11	875	751	11
153.0	6879	11	8	8424	13	747	987	14
153.0	7001	7	6	8425	8	1017	950	15
153.0	7606	12	11	8426	13	909	1525	12
153.0	7206	18	17	8427	18	1963	1153	11
153.0	7085	18	17	8428	18	870	1280	9
153.0	7512	11	10	8429	12	972	843	6
153.0	7451	25	23	8430	26	888	1137	10
153.0	7691	34	29	8431	35	1538	1041	13
153.0	7079	24	24	8432	23	657	927	10
153.0	7762	27	34	8433	17	1041	1331	17
153.0	7529	10	9	8434	11	1268	867	11
153.0	7704	14	13	8435	15	817	1547	10
153.0	6881	2	2	8436	2	849	888	13
153.0	7379	11	11	8437	11	1038	1300	15
153.0	6933	12	12	8438	12	979	758	11
153.0	7366	16	16	8439	15	1021	674	10
153.0	7555	14	18	8440	10	1203	823	12
153.0	7819	21	22	8441	19	881	1170	9
153.0	7439	37	38	8442	33	1778	1115	15
153.0	7096	20	19	8443	19	1284	1328	17
153.0	7318	26	25	8444	26	1480	137	13
153.0	7387	17	22	8445	12	715	1078	10
153.0	7734	6	5	8446	7	1106	850	12
153.0	7257	11	13	8447	7	1338	1112	10
153.0	7478	42	32	8448	51	790	785	16
153.0	7039	15	15	8449	14	1124	880	9
153.0	7083	17	19	8450	14	978	871	8
153.0	7498	18	17	8451	19	1568	1470	12
153.0	7594	17	16	8452	18	1241	1189	8
154.0	7800	11	12	8453	9	1182	882	12
154.0	6940	3	4	8454	2	1281	1016	13
154.0	7223	13	12	8455	14	972	1328	13
154.0	6882	22	21	8456	23	732	740	15
154.0	7252	21	21	8457	21	1279	914	9
154.0	7446	39	38	8458	38	1999	1221	16
154.0	7554	10	6	8459	14	1303	1252	14
154.0	7040	28	32	8460	23	764	862	10
154.0	7647	16	18	8461	13	719	727	12
154.0	7062	12	16	8462	8	1355	1460	13
154.0	7465	23	21	8463	25	225	1571	9
154.0	7110	12	10	8464	13	1593	1320	14
154.0	7270	4	6	8465	2	1341	973	11
154.0	7669	1	1	8466	1	1341	698	13
154.0	6985	21	23	8467	17	916	810	9
154.0	7739	21	22	8468	17	1128	748	12
154.0	7244	15	18	8469	12	1337	1292	16
154.0	7821	16	10	8470	21	1035	1417	11
154.0	7726	22	19	8471	23	1404	841	13
154.0	7205	13	8	8472	17	756	813	8
154.0	7781	22	25	8473	18	840	1201	11
154.0	6931	1	2	8474	0	1448	1324	12
154.0	7072	5	2	8475	8	1231	778	10
154.0	7658	6	4	8476	8	846	980	13
154.0	7372	22	20	8477	23	1401	781	11
154.0	8143	22	21	8478	23	665	1051	12
154.0	7061	27	23	8479	30	1615	1020	10
154.0	7376	17	13	8480	19	794	882	10
154.0	7458	12	7	8481	17	1609	1249	12
154.0	7868	17	22	8482	11	798	847	10
154.0	7239	10	11	8483	9	999	697	11
154.0	6896	17	18	8484	16	1338	1199	11
154.0	7087	13	12	8485	14	1175	1147	13
154.0	7630	45	48	8486	39	1730	1225	13
154.0	7235	21	15	8487	26	1999	1073	14
154.0	7403	5	2	8488	8	903	683	12
154.0	7320	14	14	8489	13	966	1532	12
154.0	7677	10	12	8490	7	1408	1256	14
154.0	7651	23	25	8491	20	311	1999	10
154.0	7261	17	16	8492	17	1141	774	11
154.0	7368	12	11	8493	13	900	1277	10
154.0	7922	5	7	8494	3	1223	917	7
154.0	7121	3	4	8495	2	1426	1307	13
154.0	7918	18	16	8496	18	661	884	12
154.0	7387	22	28	8497	15	715	1078	11
154.0	7849	14	13	8498	15	1112	726	12
154.0	7626	7	8	8499	6	1352	1023	9
154.0	7209	35	28	8500	40	1491	1857	13
154.0	7486	18	20	8501	16	1730	1125	7
154.0	7704	13	12	8502	13	817	1547	11
154.0	7823	15	15	8503	15	722	960	14
154.0	7037	12	12	8504	11	759	1002	11
154.0	7378	2	1	8505	3	932	1272	12
154.0	7041	2	3	8506	1	1307	802	11
154.0	7231	17	16	8507	16	869	705	9
155.0	7192	12	9	8508	15	1544	1181	12
155.0	7763	33	26	8509	35	819	817	14
155.0	6882	21	14	8510	26	732	740	16
155.0	7669	1	2	8511	0	1341	698	14
155.0	7945	14	14	8512	13	1232	857	8
155.0	6887	13	12	8513	14	702	1352	13
155.0	7944	23	25	8514	20	1133	1249	12
155.0	7807	10	10	8515	10	699	826	10
155.0	7040	32	31	8516	32	754	852	11
155.0	7043	23	22	8517	22	672	954	10
155.0	7402	24	15	8518	33	807	761	15
155.0	7117	17	19	8519	15	658	749	13
155.0	7360	21	16	8520	26	1999	872	14
155.0	7748	8	8	8521	8	716	1341	13
155.0	7434	36	37	8522	33	541	755	8
155.0	7111	19	17	8523	19	950	779	10
155.0	7102	17	18	8524	15	1113	1330	12
155.0	7910	20	26	8525	13	703	953	11
155.0	6926	28	24	8526	30	15	1810	11
155.0	7283	24	26	8527	21	1472	1489	15
155.0	6951	5	6	8528	3	952	1333	14
155.0	7966	33	35	8529	31	1667	1800	12
155.0	7782	10	11	8530	7	1189	661	10
155.0	7048	15	17	8531	13	1979	1556	13
155.0	7519	16	16	8532	15	1452	1017	9
155.0	7231	16	18	8533	12	869	705	10
155.0	7458	7	9	8534	5	1609	1249	13
155.0	7348	17	11	8535	22	1212	931	10
155.0	6953	23	28	8536	18	1896	0	13
155.0	7465	21	23	8537	19	225	1571	10
155.0	7363	20	16	8538	24	807	1028	9
155.0	7383	3	4	8539	2	1234	1310	11
155.0	8075	29	25	8540	32	1496	1008	13
155.0	7517	7	4	8541	10	1190	1278	14
155.0	7113	19	18	8542	19	1104	762	12
155.0	7838	8	6	8543	8	733	1194	13
155.0	7714	17	12	8544	22	1800	1194	15
155.0	7600	20	21	8545	19	972	1189	11
155.0	7049	21	20	8546	21	567	942	8
155.0	7271	12	12	8547	11	878	1061	12
155.0	7518	25	25	8548	25	1101	1172	12
156.0	7057	0	0	8549	0	1061	1199	17
156.0	7694	17	17	8550	16	1014	789	9
156.0	7424	21	21	8551	21	660	1101	7
156.0	8152	5	8	8552	2	1339	1366	15
156.0	7832	16	16	8553	16	853	729	10
156.0	7416	7	7	8554	6	827	1302	15
156.0	7030	15	15	8555	14	1456	1171	11
156.0	6934	25	19	8556	31	1999	1153	11
156.0	7188	11	11	8557	10	1089	816	10
156.0	7335	25	21	8558	29	1004	741	10
156.0	7458	9	7	8559	11	1609	1249	14
156.0	7341	15	14	8560	16	940	972	14
156.0	7941	20	19	8561	21	1341	1155	11
156.0	7238	33	26	8562	40	854	811	11
156.0	7691	29	25	8563	29	1570	1073	14
156.0	7480	20	19	8564	20	971	911	10
156.0	7483	14	13	8565	14	969	1219	10
156.0	7210	14	13	8566	15	1201	809	10
156.0	7667	36	42	8567	29	1804	451	13
156.0	7402	15	17	8568	12	807	761	16
156.0	7726	19	14	8569	23	1404	841	14
156.0	6925	12	11	8570	11	818	1946	11
156.0	7544	20	15	8571	24	1482	906	11
156.0	7315	9	7	8572	11	1044	789	14
156.0	8061	9	6	8573	11	1367	724	12
156.0	7089	17	14	8574	18	832	1270	12
156.0	6961	16	13	8575	18	723	1022	10
156.0	6958	4	5	8576	3	1396	928	12
156.0	7048	17	14	8577	20	1979	1556	14
156.0	7010	15	14	8578	16	787	1157	11
156.0	7074	2	2	8579	2	1605	1382	14
156.0	7286	6	9	8580	3	1374	911	10
156.0	7971	4	3	8581	5	1600	1008	13
156.0	7080	13	13	8582	12	703	1229	11
156.0	7295	13	14	8583	12	738	1489	12
156.0	7134	27	32	8584	21	99	1060	9
156.0	7529	9	8	8585	10	1268	848	12
156.0	7049	20	16	8586	23	567	942	9
156.0	7164	21	22	8587	19	1346	876	11
156.0	7476	39	33	8588	42	737	729	10
156.0	7349	14	18	8589	10	1368	798	13
156.0	7072	2	2	8590	2	1244	765	11
156.0	7754	41	38	8591	43	797	730	10
156.0	7204	29	29	8592	29	766	1090	9
156.0	7360	16	16	8593	13	1999	872	15
157.0	7007	6	3	8594	9	1190	1361	11
157.0	7373	12	16	8595	8	1373	1302	15
157.0	7560	29	25	8596	32	1918	1316	11
157.0	7296	17	16	8597	17	1050	1241	9
157.0	7568	1	1	8598	1	1489	1287	12
157.0	6983	24	20	8599	26	684	1051	12
157.0	7198	12	16	8600	7	901	1208	12
157.0	7266	3	2	8601	4	1271	1771	13
157.0	6962	22	20	8602	23	321	802	12
157.0	7224	22	22	8603	20	822	997	9
157.0	7642	29	23	8604	34	627	771	14
157.0	7017	4	2	8605	6	921	1077	14
157.0	7035	22	20	8606	22	1581	1128	10
157.0	7228	41	42	8607	38	499	1948	9
157.0	7442	8	6	8608	10	1325	1352	15
157.0	7060	8	9	8609	7	1393	1090	12
157.0	7267	7	8	8610	6	1324	751	12
157.0	7522	19	16	8611	21	791	1194	10
157.0	7639	19	19	8612	19	773	947	13
157.0	7472	14	16	8613	11	688	1312	13
157.0	7971	3	3	8614	3	1600	1008	14
157.0	7204	29	21	8615	34	766	1090	10
157.0	7551	5	5	8616	5	1429	941	11
157.0	7018	20	26	8617	14	685	1269	10
157.0	7160	16	17	8618	14	1114	1131	14
157.0	7042	26	24	8619	26	1999	737	12
157.0	6944	11	12	8620	9	1193	1082	12
157.0	7699	10	10	8621	10	1360	1314	14
157.0	7082	14	13	8622	14	1368	904	7
157.0	7480	19	19	8623	18	971	911	11
157.0	6910	6	6	8624	6	793	1081	10
157.0	7372	20	21	8625	19	1449	733	12
157.0	7661	23	23	8626	22	1220	1300	15
157.0	7475	32	29	8627	34	1500	1074	12
157.0	7773	16	12	8628	20	742	963	10
157.0	6985	23	22	8629	23	916	810	10
157.0	7556	15	15	8630	14	1311	917	9
157.0	7200	10	8	8631	12	890	929	12
157.0	6900	27	31	8632	22	1517	1296	10
157.0	8022	11	5	8633	16	1141	1310	12
157.0	7033	20	16	8634	24	740	1656	10
157.0	8119	25	26	8635	24	607	967	10
157.0	7259	24	28	8636	17	1880	1259	10
157.0	7058	4	4	8637	4	1380	985	11
157.0	7826	18	17	8638	19	918	766	9
157.0	7949	14	13	8639	12	1016	1398	12
157.0	7191	6	6	8640	5	1346	959	11
157.0	7049	16	14	8641	18	567	942	10
157.0	6925	11	7	8642	14	773	1943	12
157.0	7188	11	10	8643	12	1089	816	11
158.0	7819	22	22	8644	22	881	1170	10
158.0	8577	20	19	8645	21	1979	1572	15
158.0	7146	32	28	8646	33	769	661	10
158.0	7640	26	31	8647	19	1580	1191	13
158.0	7846	37	40	8648	34	1908	1435	10
158.0	7699	10	9	8649	11	1360	1314	15
158.0	7596	21	20	8650	22	769	867	10
158.0	7259	28	31	8651	25	1880	1259	11
158.0	7982	9	12	8652	6	1353	753	12
158.0	7970	12	9	8653	15	1168	1130	14
158.0	7238	26	24	8654	27	854	811	12
158.0	7484	11	8	8655	14	1073	851	12
158.0	7561	9	7	8656	11	1522	1215	13
158.0	7475	29	29	8657	26	1500	1074	13
158.0	7468	5	4	8658	5	1311	1064	13
158.0	8267	26	27	8659	23	1012	596	9
158.0	7002	6	6	8660	6	1324	1418	11
158.0	7022	25	24	8661	24	1867	1329	8
158.0	7864	28	26	8662	28	1999	1626	10
158.0	7090	24	22	8663	25	1070	1070	11
158.0	7001	6	5	8664	7	1017	950	16
158.0	7624	25	17	8665	33	960	795	7
158.0	7696	24	23	8666	24	469	776	12
158.0	7709	9	10	8667	7	1259	811	8
158.0	7313	13	8	8668	16	1932	1243	11
158.0	6952	9	11	8669	7	1074	1299	10
158.0	7365	15	14	8670	16	1349	1270	8
158.0	7803	1	1	8671	1	1522	1381	12
158.0	7750	22	22	8672	21	630	1067	11
158.0	7218	12	12	8673	12	939	1059	12
158.0	7390	13	10	8674	14	1356	678	11
158.0	7400	19	11	8675	26	657	1029	11
158.0	7209	28	31	8676	25	1430	1822	14
158.0	7055	27	30	8677	22	949	669	10
158.0	7392	30	27	8678	30	1112	1238	11
158.0	7786	24	23	8679	25	1170	762	9
158.0	7213	10	10	8680	10	1462	982	12
158.0	7449	17	20	8681	13	653	1441	13
158.0	7243	26	24	8682	27	1241	1151	12
158.0	7096	19	17	8683	20	1284	1328	18
158.0	8407	17	19	8684	15	1070	726	14
158.0	6918	14	15	8685	13	1063	1279	13
158.0	7126	17	15	8686	18	1287	798	8
158.0	7140	12	14	8687	10	705	1652	12
158.0	7323	17	18	8688	15	1069	1120	15
158.0	7661	23	22	8689	21	1220	1300	16
158.0	7719	20	22	8690	17	628	969	7
158.0	7228	42	46	8691	38	499	1948	10
158.0	7160	17	13	8692	20	1114	1131	15
158.0	7358	26	26	8693	25	1865	1697	10
158.0	7521	14	12	8694	15	1353	912	7
158.0	7611	33	27	8695	37	1822	760	11
158.0	7092	5	5	8696	5	1283	571	14
158.0	7591	31	29	8697	31	717	870	9
158.0	7564	8	9	8698	7	717	1202	10
158.0	7079	24	29	8699	17	657	927	11
158.0	6949	23	26	8700	16	453	1394	12
158.0	7431	22	14	8701	29	1911	1934	10
158.0	6908	25	24	8702	25	833	1513	11
158.0	7340	28	26	8703	30	873	674	6
158.0	7620	21	19	8704	22	718	889	10
158.0	7122	10	8	8705	11	1427	1173	15
158.0	7469	28	29	8706	26	1231	1660	9
159.0	6919	1	2	8707	0	1026	1452	16
159.0	7096	17	13	8708	20	1284	1328	19
159.0	7408	12	17	8709	7	611	1017	9
159.0	7146	28	25	8710	29	769	661	11
159.0	7115	22	20	8711	23	588	1007	9
159.0	7013	15	10	8712	18	1268	903	10
159.0	7473	15	15	8713	15	728	1041	10
159.0	7681	28	21	8714	33	1817	843	9
159.0	6879	8	10	8715	6	729	987	15
159.0	7316	21	22	8716	20	779	719	9
159.0	7765	22	19	8717	24	735	760	15
159.0	8134	10	10	8718	10	1153	761	10
159.0	7784	14	14	8719	14	1229	1072	12
159.0	8034	20	22	8720	16	1458	885	11
159.0	7814	13	12	8721	14	972	1407	9
159.0	7709	10	7	8722	13	1259	811	9
159.0	7539	28	25	8723	29	821	707	12
159.0	7285	16	17	8724	15	1118	822	11
159.0	7178	26	32	8725	20	1713	1334	12
159.0	7092	5	6	8726	4	1283	571	15
159.0	8010	7	2	8727	11	898	1188	11
159.0	7574	34	29	8728	37	986	552	7
159.0	7340	26	26	8729	21	873	674	7
159.0	8076	17	18	8730	14	1596	1038	9
159.0	7462	23	26	8731	20	670	1006	8
159.0	7031	22	23	8732	20	828	834	10
159.0	7062	16	14	8733	16	1355	1460	14
159.0	7858	12	14	8734	10	1387	1268	15
159.0	7932	24	22	8735	24	846	1321	15
159.0	7908	21	23	8736	18	1183	850	11
159.0	7741	6	7	8737	5	1648	1356	12
159.0	7789	9	6	8738	10	1660	1422	13
159.0	7563	11	13	8739	9	872	1364	16
159.0	7436	13	11	8740	15	1157	623	14
159.0	7024	15	12	8741	17	1012	1228	12
159.0	7283	26	20	8742	32	1472	1489	16
159.0	7371	20	25	8743	15	974	1368	13
159.0	7611	27	20	8744	33	1822	760	12
159.0	8554	6	5	8745	7	827	1320	16
159.0	7864	26	21	8746	29	1999	1626	11
159.0	7259	31	33	8747	29	1880	1259	12
159.0	7420	16	16	8748	15	587	1960	10
159.0	7613	42	35	8749	46	1732	1196	11
159.0	6986	18	21	8750	14	1011	1344	16
159.0	7647	18	23	8751	11	719	639	13
159.0	7396	19	14	8752	23	658	1256	13
159.0	7280	14	14	8753	12	759	1287	11
159.0	7434	37	32	8754	41	278	785	9
159.0	6950	28	24	8755	32	1172	1309	12
159.0	7402	17	14	8756	20	807	761	17
159.0	7128	16	18	8757	14	652	987	7
160.0	7814	12	13	8758	11	960	1419	10
160.0	7654	27	28	8759	24	1033	364	11
160.0	8412	22	21	8760	22	1906	1004	12
160.0	7780	12	9	8761	14	1209	872	11
160.0	7659	26	25	8762	25	1884	1180	10
160.0	7375	43	40	8763	44	747	840	10
160.0	6893	17	17	8764	17	1363	1182	12
160.0	8201	1	2	8765	0	1336	1040	13
160.0	7496	10	11	8766	8	1113	1372	12
160.0	7299	22	25	8767	19	1031	850	10
160.0	7312	19	21	8768	17	1172	1400	15
160.0	7648	14	16	8769	12	830	1234	11
160.0	6996	16	11	8770	21	1416	1131	12
160.0	7760	6	6	8771	6	1579	1296	10
160.0	7205	8	11	8772	5	690	769	9
160.0	7283	20	21	8773	17	1472	1489	17
160.0	6910	6	5	8774	6	793	1081	11
160.0	7211	34	30	8775	38	1049	959	18
160.0	8442	33	28	8776	36	1765	1127	16
160.0	7657	11	9	8777	13	1641	1388	16
160.0	7756	15	11	8778	19	1181	834	13
160.0	6953	28	29	8779	26	1896	0	14
160.0	8055	9	10	8780	8	962	1358	13
160.0	7123	7	4	8781	9	892	1404	18
160.0	8066	22	22	8782	22	677	1196	10
160.0	8169	20	16	8783	22	1353	1130	13
160.0	7822	26	24	8784	28	64	609	11
160.0	7357	12	12	8785	12	684	1397	12
160.0	8114	10	15	8786	5	1399	965	11
160.0	6940	4	3	8787	5	1281	1016	14
160.0	6943	2	1	8788	3	1600	990	13
160.0	7181	15	13	8789	17	931	679	10
160.0	7387	28	27	8790	25	715	1118	12
160.0	6976	30	25	8791	34	1031	1576	10
160.0	8556	31	30	8792	30	1986	1140	12
160.0	7196	31	34	8793	27	654	777	14
160.0	6892	8	9	8794	6	913	1220	14
160.0	7626	8	7	8795	8	1352	1023	10
160.0	8331	25	25	8796	24	851	1111	14
160.0	6919	2	2	8797	2	1039	1465	17
160.0	8129	11	8	8798	14	1189	1360	11
160.0	6908	24	20	8799	27	833	1513	12
160.0	8069	14	14	8800	14	607	997	11
160.0	7245	15	14	8801	16	1000	942	11
160.0	8347	28	24	8802	31	706	1288	10
160.0	7874	21	21	8803	19	217	1772	11
160.0	7710	13	11	8804	12	1267	1328	16
160.0	8254	28	27	8805	29	766	808	11
160.0	7195	21	22	8806	19	1433	711	12
160.0	6930	8	8	8807	7	1240	972	11
160.0	7408	17	19	8808	15	611	1017	10
160.0	7699	9	9	8809	9	1360	1314	16
160.0	7430	14	16	8810	12	1008	823	11
160.0	7517	4	5	8811	3	1190	1278	15
160.0	7868	22	25	8812	18	798	847	11
160.0	7260	5	4	8813	6	1271	737	14
160.0	7611	20	17	8814	20	1822	760	13
160.0	7493	12	13	8815	11	1272	1262	15
160.0	7018	26	23	8816	28	667	1287	11
160.0	6938	32	30	8817	33	611	1129	8
160.0	8159	8	6	8818	10	1273	1092	10
161.0	7632	11	12	8819	10	957	689	12
161.0	7818	39	36	8820	42	1826	973	12
161.0	7281	26	18	8821	32	1796	1308	12
161.0	7192	9	12	8822	5	1544	1181	13
161.0	7454	25	25	8823	25	1490	1525	12
161.0	7315	7	9	8824	5	1044	789	15
161.0	7611	17	17	8825	17	1822	760	14
161.0	7129	11	12	8826	8	1152	1397	12
161.0	7726	14	14	8827	13	1417	828	15
161.0	7021	24	22	8828	25	677	917	11
161.0	7226	38	35	8829	41	565	1090	11
161.0	7799	15	14	8830	14	689	1466	11
161.0	7181	13	14	8831	12	931	679	11
161.0	7371	25	23	8832	27	950	1392	14
161.0	8110	29	31	8833	25	878	872	12
161.0	7811	6	4	8834	7	1068	1362	14
161.0	7846	40	39	8835	37	1933	1522	11
161.0	7312	21	21	8836	21	1172	1400	16
161.0	7455	6	8	8837	4	1488	939	11
161.0	7924	11	12	8838	10	899	624	11
161.0	7777	9	6	8839	11	603	1081	11
161.0	7644	8	8	8840	7	912	882	11
161.0	7530	25	25	8841	21	809	1522	10
161.0	7669	2	0	8842	4	1339	680	15
161.0	7068	9	6	8843	10	1487	1180	14
161.0	7186	12	14	8844	10	1036	820	10
161.0	7879	31	29	8845	32	1027	642	9
161.0	7979	26	26	8846	25	1754	1039	12
161.0	6934	19	19	8847	19	1999	1153	12
161.0	8438	12	10	8848	12	951	714	12
161.0	7648	16	21	8849	10	830	1234	12
161.0	7959	5	6	8850	4	1009	1328	15
161.0	7295	14	13	8851	15	738	1489	13
161.0	7420	16	17	8852	15	587	1960	11
161.0	7770	25	22	8853	26	1269	1378	11
161.0	8184	22	21	8854	22	737	694	15
161.0	7617	6	4	8855	8	1265	769	8
161.0	7440	4	4	8856	4	1419	1357	12
161.0	7705	7	9	8857	5	1426	1321	12
161.0	7089	14	19	8858	8	808	1268	13
161.0	7687	13	14	8859	12	1236	1531	9
161.0	8055	10	9	8860	10	962	1358	14
161.0	6995	10	11	8861	9	1218	1278	13
161.0	7382	9	7	8862	11	760	1513	11
161.0	7338	11	13	8863	9	1383	1170	12
161.0	7474	12	13	8864	10	1449	1193	12
161.0	8319	17	12	8865	21	1247	693	11
161.0	8285	16	15	8866	16	822	1297	12
161.0	7380	13	12	8867	14	743	1368	12
161.0	8059	26	25	8868	26	1913	1788	12
161.0	7038	20	15	8869	23	1811	430	12
161.0	6928	15	15	8870	14	480	641	13
161.0	7099	9	10	8871	8	1127	1111	15
161.0	7573	19	19	8872	18	851	638	12
161.0	7944	25	27	8873	23	1133	1249	13
161.0	7421	11	9	8874	12	1260	380	10
162.0	7206	17	21	8875	12	1963	1153	12
162.0	7247	12	14	8876	10	807	940	8
162.0	6929	14	13	8877	14	1288	753	9
162.0	7336	15	16	8878	14	752	1326	11
162.0	8577	19	12	8879	23	1979	1572	16
162.0	7559	10	10	8880	10	1513	938	11
162.0	7143	15	14	8881	16	1312	1523	9
162.0	7944	27	29	8882	24	1133	1249	14
162.0	7250	12	7	8883	17	1278	1523	13
162.0	7338	13	15	8884	11	1383	1170	13
162.0	7571	15	16	8885	14	1832	996	12
162.0	7377	24	20	8886	26	1884	1216	10
162.0	7425	16	20	8887	11	793	1120	12
162.0	7472	16	11	8888	21	669	1312	14
162.0	7971	3	3	8889	2	1600	1026	15
162.0	7861	32	34	8890	28	576	1864	9
162.0	7175	12	13	8891	10	1078	712	9
162.0	7091	20	18	8892	22	1322	1219	7
162.0	7372	21	18	8893	24	1570	520	13
162.0	7152	20	19	8894	19	1983	1099	10
162.0	8107	25	26	8895	24	1380	850	12
162.0	6938	30	25	8896	35	611	1129	9
162.0	6969	12	13	8897	11	561	1199	9
162.0	7902	13	15	8898	10	1232	1223	10
162.0	7371	23	27	8899	19	950	1392	15
162.0	7696	23	22	8900	23	349	779	13
162.0	7514	16	18	8901	13	1774	788	11
162.0	8134	10	10	8902	10	1165	749	11
162.0	8407	19	15	8903	22	1070	726	15
162.0	8184	21	21	8904	21	737	694	16
162.0	7979	26	22	8905	30	1820	1069	13
162.0	7754	38	39	8906	37	781	714	11
162.0	7434	32	33	8907	27	278	785	10
162.0	7859	8	8	8908	8	1440	1206	14
162.0	7879	29	27	8909	29	1027	642	10
162.0	7213	10	6	8910	14	1462	982	13
162.0	7235	15	16	8911	14	1999	1046	15
162.0	8359	36	40	8912	30	1020	885	10
162.0	7725	9	9	8913	8	609	1504	12
162.0	6931	2	2	8914	2	1448	1324	13
162.0	7632	12	13	8915	10	970	676	13
162.0	7355	26	26	8916	25	1240	602	12
162.0	8256	4	7	8917	0	942	1470	15
162.0	6935	15	20	8918	10	853	1563	13
162.0	7714	12	10	8919	14	1768	1225	16
162.0	7108	12	14	8920	10	1016	1379	12
162.0	7061	23	18	8921	26	1641	1046	11
162.0	7498	17	16	8922	18	1611	1499	13
162.0	7573	19	11	8923	26	851	638	13
162.0	7841	14	15	8924	13	1341	990	11
162.0	8865	21	18	8925	23	1257	703	12
162.0	6998	28	27	8926	26	929	1131	15
162.0	7009	16	14	8927	17	1103	1454	13
162.0	6928	15	14	8928	16	480	641	14
162.0	7489	8	9	8929	7	930	1464	15
162.0	6893	17	15	8930	18	1363	1182	13
162.0	6987	14	14	8931	12	1079	889	11
162.0	7924	12	11	8932	12	899	624	12
162.0	7884	27	35	8933	18	673	867	9
162.0	7642	23	22	8934	22	612	756	15
162.0	8366	5	5	8935	5	820	899	12
162.0	7066	13	14	8936	11	592	1250	10
162.0	7501	19	11	8937	25	1545	891	9
162.0	8496	18	19	8938	17	620	854	13
162.0	8065	8	12	8939	4	773	1283	14
162.0	7312	21	14	8940	27	1172	1400	17
162.0	7432	10	11	8941	7	564	1534	12
162.0	7939	27	27	8942	26	1956	1232	15
162.0	7216	13	14	8943	11	728	1129	12
162.0	7958	2	2	8944	2	1393	1288	12
162.0	7925	5	5	8945	5	1120	1179	13
162.0	7463	15	14	8946	16	1284	1224	8
163.0	7143	14	17	8947	11	1312	1523	10
163.0	6888	13	20	8948	6	1207	700	15
163.0	7526	10	9	8949	11	1290	1193	12
163.0	7557	13	10	8950	14	1384	1368	12
163.0	6983	20	21	8951	18	684	1051	13
163.0	7880	20	21	8952	18	1925	1290	13
163.0	8559	11	9	8953	12	1609	1268	15
163.0	7934	13	10	8954	15	870	628	10
163.0	7044	5	6	8955	3	1301	1172	15
163.0	7219	24	19	8956	29	358	935	10
163.0	7289	7	5	8957	9	919	1446	15
163.0	7747	20	14	8958	24	1596	1610	10
163.0	8211	15	17	8959	12	928	951	6
163.0	7317	17	20	8960	14	1496	1098	10
163.0	8063	17	13	8961	18	1374	1429	10
163.0	8308	19	18	8962	20	721	942	10
163.0	8581	5	4	8963	6	1639	1065	14
163.0	7590	22	21	8964	22	701	1189	8
163.0	7377	20	14	8965	25	1884	1216	11
163.0	6935	20	23	8966	17	853	1563	14
163.0	8407	15	16	8967	14	1070	726	16
163.0	7618	16	15	8968	15	734	1397	11
163.0	7338	15	15	8969	14	1383	1170	14
163.0	7048	14	14	8970	14	1979	1556	15
163.0	7288	32	30	8971	34	750	741	13
163.0	7476	33	27	8972	37	721	713	11
163.0	8280	16	13	8973	18	1226	1388	13
163.0	6993	6	2	8974	10	713	1426	14
163.0	7805	14	6	8975	22	1198	1170	12
163.0	8001	26	27	8976	25	756	1312	10
163.0	7194	16	18	8977	12	656	1190	9
163.0	7859	8	7	8978	9	1440	1206	15
163.0	7857	19	10	8979	26	1227	1249	9
163.0	7068	6	6	8980	5	1487	1180	15
163.0	7443	2	2	8981	2	1587	1002	12
163.0	7403	2	1	8982	3	945	627	13
163.0	7122	8	9	8983	7	1461	1173	16
163.0	6866	37	31	8984	41	692	800	13
163.0	7626	7	11	8985	3	1352	1023	11
163.0	7035	20	23	8986	17	1581	1128	11
163.0	7978	18	24	8987	12	770	1157	11
163.0	7470	9	7	8988	11	778	1513	13
163.0	6920	12	13	8989	9	1410	746	14
163.0	8184	21	21	8990	20	737	694	17
163.0	7446	38	35	8991	40	1999	1221	17
163.0	7152	19	15	8992	22	1983	1099	11
163.0	7445	20	20	8993	19	1406	1040	9
163.0	8332	1	0	8994	2	1441	1095	13
163.0	8293	25	22	8995	28	1594	1253	14
163.0	7368	11	11	8996	11	900	1277	11
164.0	7313	8	9	8997	7	1931	1272	12
164.0	6916	30	30	8998	28	1803	471	14
164.0	8540	32	27	8999	37	1526	1038	14
164.0	8021	32	32	9000	29	1784	1083	14
164.0	6915	4	4	9001	4	1320	1010	13
164.0	7561	7	8	9002	5	1522	1215	14
164.0	8114	15	19	9003	10	1399	965	12
164.0	8154	32	34	9004	29	718	836	10
164.0	8132	26	33	9005	17	933	762	9
164.0	7288	30	28	9006	31	750	741	14
164.0	7882	3	3	9007	3	1329	1026	12
164.0	7465	23	23	9008	23	254	1527	11
164.0	7681	21	20	9009	21	1910	687	10
164.0	8006	14	16	9010	11	1697	1310	16
164.0	7196	34	35	9011	32	654	777	15
164.0	6961	13	9	9012	17	723	1042	11
164.0	7654	28	25	9013	30	1033	364	12
164.0	7011	13	14	9014	11	1161	1209	14
164.0	7674	22	27	9015	17	546	1019	10
164.0	6966	23	28	9016	18	1522	1124	15
164.0	7336	16	15	9017	16	752	1326	12
164.0	7743	15	14	9018	16	759	1253	11
164.0	6873	26	23	9019	27	1999	822	14
164.0	6925	7	8	9020	5	773	1943	13
164.0	7048	14	10	9021	17	1979	1556	16
164.0	6943	1	2	9022	0	1612	978	14
164.0	7431	14	19	9023	9	1869	1965	11
164.0	7503	11	12	9024	9	1132	1348	10
164.0	7035	23	18	9025	26	1581	1128	12
164.0	7146	25	27	9026	21	769	640	12
164.0	8548	25	28	9027	21	1090	1197	13
164.0	7544	15	16	9028	14	1482	906	12
164.0	7537	22	20	9029	22	1521	1329	9
164.0	8158	28	29	9030	26	790	795	15
164.0	7529	8	8	9031	7	1268	848	13
164.0	8293	22	26	9032	16	1594	1253	15
164.0	7197	1	0	9033	2	881	912	11
164.0	7110	10	11	9034	8	1606	1333	15
164.0	7765	19	15	9035	21	735	760	16
164.0	8134	10	9	9036	10	1165	749	12
164.0	7227	14	11	9037	17	1044	1481	10
164.0	7307	35	29	9038	39	1347	829	11
164.0	6951	6	7	9039	5	952	1352	15
164.0	7528	30	20	9040	37	448	855	10
164.0	8099	21	20	9041	18	1712	908	10
164.0	7470	7	7	9042	7	778	1513	14
164.0	7855	1	2	9043	0	1305	771	10
164.0	7860	37	33	9044	39	650	827	11
164.0	7236	5	6	9045	4	1420	1419	11
164.0	7032	23	26	9046	19	1210	718	11
164.0	7933	2	4	9047	0	1453	1280	13
164.0	7266	2	3	9048	1	1271	1771	14
164.0	7314	4	5	9049	3	1087	1513	15
164.0	7320	14	9	9050	18	966	1559	13
164.0	8534	5	3	9051	7	1643	1234	14
164.0	7629	13	12	9052	12	1383	1131	13
164.0	7303	30	24	9053	35	892	736	11
164.0	7796	21	15	9054	27	1040	1264	13
164.0	7695	3	2	9055	4	1612	960	12
164.0	8309	30	30	9056	30	1890	862	12
164.0	8251	20	15	9057	25	926	1606	12
164.0	7154	1	1	9058	1	1117	1228	13
164.0	7514	18	18	9059	16	1774	788	12
164.0	8031	26	24	9060	25	1573	306	12
164.0	8121	30	31	9061	28	1713	1887	13
164.0	8110	31	28	9062	31	861	872	13
165.0	7719	22	27	9063	17	628	969	8
165.0	8698	7	9	9064	5	699	1223	11
165.0	7291	15	12	9065	18	781	1227	10
165.0	7411	37	27	9066	46	1972	811	12
165.0	7043	22	21	9067	22	639	940	11
165.0	6896	18	12	9068	20	1352	1213	12
165.0	6979	15	13	9069	16	1250	1771	11
165.0	7039	15	12	9070	17	1124	880	10
165.0	8210	17	19	9071	14	915	510	11
165.0	7025	6	5	9072	7	1541	1323	12
165.0	7553	13	19	9073	7	1198	787	7
165.0	8208	13	13	9074	13	1163	709	11
165.0	7949	13	12	9075	14	1016	1398	13
165.0	8291	2	1	9076	2	1082	1548	15
165.0	7239	11	13	9077	9	999	697	12
165.0	7436	11	14	9078	8	1139	605	15
165.0	7178	32	37	9079	26	1713	1334	13
165.0	7002	6	2	9080	9	1298	1444	12
165.0	7713	37	36	9081	36	1744	757	10
165.0	7167	27	30	9082	24	1313	1130	12
165.0	7227	11	9	9083	13	1044	1481	11
165.0	6871	25	26	9084	22	831	1317	15
165.0	7939	27	32	9085	21	1956	1232	16
165.0	7645	17	14	9086	19	1340	1232	11
165.0	7629	12	11	9087	13	1383	1131	14
165.0	8099	20	19	9088	19	1712	908	11
165.0	7323	18	17	9089	19	1069	1120	16
165.0	7126	15	10	9090	19	1287	798	9
165.0	7628	9	10	9091	7	1230	1114	12
165.0	8173	17	14	9092	20	609	1250	10
165.0	6906	24	31	9093	15	1530	1558	16
165.0	7487	14	12	9094	15	1348	1249	12
165.0	7134	32	33	9095	28	0	1166	10
165.0	7181	14	12	9096	14	931	679	12
165.0	8033	15	13	9097	14	968	1390	13
165.0	7037	12	8	9098	15	730	1008	12
165.0	7309	0	0	9099	0	1350	1009	11
165.0	7613	35	41	9100	28	1674	1231	12
165.0	7821	10	7	9101	12	1077	1459	12
165.0	7026	10	9	9102	10	1281	1052	15
165.0	8034	22	21	9103	22	1458	885	12
165.0	8377	13	15	9104	11	1205	731	10
165.0	7532	3	3	9105	3	887	1480	16
165.0	7845	7	8	9106	6	1624	1367	12
165.0	7694	17	18	9107	16	1001	758	10
165.0	7603	29	28	9108	30	1914	1100	12
165.0	8709	7	8	9109	6	592	1035	10
165.0	7714	10	12	9110	8	1768	1225	17
165.0	6877	8	7	9111	9	809	1485	13
165.0	8314	25	26	9112	23	603	1050	12
165.0	8540	27	26	9113	27	1526	1038	15
165.0	6974	23	12	9114	31	961	990	13
165.0	7901	42	37	9115	46	1798	841	14
165.0	7374	26	34	9116	18	1434	1251	10
165.0	8030	10	10	9117	10	1609	1107	11
165.0	7349	18	21	9118	14	1368	798	14
165.0	8066	22	22	9119	21	663	1182	11
165.0	7351	14	13	9120	15	1393	828	9
166.0	7647	23	23	9121	20	640	562	14
166.0	7062	14	13	9122	12	1355	1460	15
166.0	7134	33	35	9123	31	0	1166	11
166.0	8146	18	17	9124	18	1364	1419	11
166.0	7553	19	16	9125	20	1198	787	8
166.0	7630	48	48	9126	43	1743	1238	14
166.0	8200	25	27	9127	20	594	771	13
166.0	7586	27	27	9128	23	1961	940	13
166.0	8193	30	27	9129	31	950	498	10
166.0	7055	30	28	9130	28	983	622	11
166.0	7588	33	31	9131	35	1249	1278	12
166.0	8082	7	6	9132	8	919	1380	14
166.0	8424	13	11	9133	15	702	1013	15
166.0	8648	34	34	9134	34	1715	1460	11
166.0	8768	17	15	9135	19	1159	1434	16
166.0	7498	16	15	9136	14	1611	1499	14
166.0	7817	15	17	9137	12	1550	1487	15
166.0	8131	3	4	9138	1	1100	1313	15
166.0	7656	14	12	9139	15	1468	1119	10
166.0	7566	22	21	9140	22	612	1098	8
166.0	7510	3	2	9141	4	1040	1394	13
166.0	7806	9	10	9142	7	1329	618	14
166.0	8219	14	10	9143	17	611	1345	13
166.0	7521	12	15	9144	8	1339	898	8
166.0	7316	22	25	9145	19	777	689	10
166.0	7753	9	9	9146	8	1419	1377	12
166.0	7749	16	16	9147	16	1483	1048	12
166.0	7667	42	47	9148	33	1804	451	14
166.0	7576	13	12	9149	14	1247	667	11
166.0	8398	27	36	9150	16	907	778	12
166.0	7429	14	10	9151	16	1229	628	13
166.0	7298	11	12	9152	9	1257	1497	11
166.0	8456	23	19	9153	26	752	659	16
166.0	7318	25	25	9154	25	1477	0	14
166.0	7795	11	9	9155	13	1253	851	7
166.0	8739	9	9	9156	8	883	1400	17
166.0	7713	36	44	9157	25	1744	757	11
166.0	7336	15	14	9158	15	752	1326	13
166.0	8184	21	23	9159	18	737	694	18
166.0	7156	18	17	9160	17	909	694	9
166.0	7167	30	36	9161	23	1313	1130	13
166.0	7431	19	20	9162	18	1869	1965	12
166.0	8553	16	17	9163	15	840	698	11
166.0	8314	26	29	9164	20	603	1050	13
166.0	7112	14	13	9165	15	753	1248	14
166.0	7665	30	29	9166	31	829	769	10
166.0	7440	4	5	9167	3	1419	1357	13
166.0	7100	8	7	9168	9	1609	1075	12
166.0	7044	6	3	9169	8	1301	1172	16
166.0	8025	11	11	9170	11	1322	850	9
166.0	7239	13	10	9171	16	999	677	13
166.0	7921	8	7	9172	9	937	1451	16
166.0	7934	10	12	9173	8	870	628	11
166.0	7822	24	23	9174	24	64	609	12
166.0	7374	34	34	9175	34	1434	1251	11
166.0	7961	17	17	9176	17	1131	1456	12
166.0	7496	11	12	9177	10	1113	1372	13
167.0	7292	6	6	9178	6	1386	1059	11
167.0	7355	26	21	9179	31	1240	602	13
167.0	8327	17	17	9180	16	1937	1332	11
167.0	8968	15	13	9181	17	718	1397	12
167.0	7274	28	28	9182	25	830	807	16
167.0	8546	21	23	9183	18	493	1044	9
167.0	7978	24	27	9184	20	770	1157	12
167.0	7710	11	10	9185	12	1267	1348	17
167.0	7647	23	24	9186	21	640	562	15
167.0	7035	18	25	9187	11	1581	1128	13
167.0	7614	18	16	9188	17	867	810	12
167.0	6885	18	18	9189	18	1337	1389	12
167.0	7932	22	23	9190	20	816	1351	16
167.0	8626	22	26	9191	18	1235	1383	16
167.0	7928	11	12	9192	10	711	906	11
167.0	7940	34	35	9193	32	1896	28	12
167.0	7771	18	13	9194	21	1071	1239	12
167.0	7414	14	14	9195	14	861	737	12
167.0	7126	10	7	9196	13	1287	798	10
167.0	7156	17	16	9197	18	909	694	10
167.0	7440	5	4	9198	6	1419	1357	14
167.0	7757	10	5	9199	13	581	1199	9
167.0	7089	19	22	9200	16	808	1268	14
167.0	7402	14	16	9201	12	820	731	18
167.0	7431	20	22	9202	16	1869	1965	13
167.0	7713	44	38	9203	48	1683	675	12
167.0	7640	31	27	9204	34	1598	1191	14
167.0	7519	16	19	9205	13	1489	1017	10
167.0	7870	24	25	9206	20	1422	858	10
167.0	7841	15	14	9207	15	1341	971	12
167.0	8412	21	20	9208	20	1955	976	13
167.0	6920	13	16	9209	10	1458	698	15
167.0	8802	31	27	9210	35	689	1304	11
167.0	7164	22	24	9211	18	1390	878	12
167.0	7336	14	14	9212	14	752	1326	14
167.0	7719	27	22	9213	30	628	969	9
167.0	7828	25	24	9214	26	482	867	12
167.0	7055	28	25	9215	29	983	622	12
167.0	7849	13	13	9216	11	1112	678	13
167.0	8245	5	6	9217	4	1599	1418	13
167.0	7953	9	7	9218	10	878	1249	11
167.0	8366	5	6	9219	3	820	899	13
167.0	7656	12	14	9220	10	1468	1119	11
167.0	7913	26	22	9221	29	1384	1403	10
167.0	7764	1	2	9222	0	1021	1509	16
167.0	8424	11	11	9223	11	702	1013	16
167.0	7222	10	7	9224	12	905	1559	13
167.0	7969	15	14	9225	16	1299	1382	9
167.0	7259	33	37	9226	29	1931	1512	13
167.0	7136	2	2	9227	1	936	1517	16
167.0	8098	39	39	9228	36	1268	48	8
167.0	8256	7	4	9229	10	924	1470	16
167.0	7066	14	12	9230	16	592	1250	11
167.0	7844	7	6	9231	8	1448	894	13
167.0	7335	21	23	9232	19	1018	727	11
167.0	7765	15	10	9233	20	722	747	17
167.0	8193	27	33	9234	21	950	498	11
167.0	8476	8	9	9235	7	823	980	14
167.0	7641	6	7	9236	5	1298	1648	10
168.0	8021	32	32	9237	28	1739	1014	15
168.0	7365	14	17	9238	9	1349	1270	9
168.0	7356	8	8	9239	7	802	1433	11
168.0	8328	10	9	9240	11	1424	1131	13
168.0	7222	7	7	9241	7	905	1559	14
168.0	8610	6	5	9242	7	1342	770	13
168.0	7989	19	18	9243	19	949	1538	12
168.0	6934	19	20	9244	18	1999	1153	13
168.0	8004	43	46	9245	39	830	1125	12
168.0	8022	5	4	9246	6	1141	1310	13
168.0	7035	25	23	9247	27	1581	1128	14
168.0	7117	19	19	9248	17	658	749	14
168.0	7330	16	14	9249	14	1399	1432	11
168.0	7167	36	37	9250	32	1313	1130	14
168.0	7675	23	23	9251	21	1614	1832	12
168.0	8241	22	26	9252	16	1009	692	10
168.0	7142	31	33	9253	28	1150	1168	12
168.0	7996	5	9	9254	1	1462	1049	12
168.0	7200	8	9	9255	7	890	929	13
168.0	7336	14	13	9256	14	752	1326	15
168.0	7151	53	45	9257	54	1490	1216	16
168.0	7098	24	25	9258	22	1065	591	12
168.0	8193	33	27	9259	39	950	498	12
168.0	7198	16	16	9260	16	901	1208	13
168.0	7863	2	1	9261	3	830	908	12
168.0	8640	5	3	9262	7	1384	959	12
168.0	7248	18	19	9263	16	1142	668	13
168.0	8634	24	22	9264	25	740	1675	11
168.0	7818	36	32	9265	37	1890	1019	13
168.0	7175	13	14	9266	12	1078	643	10
168.0	7454	25	24	9267	24	1490	1525	13
168.0	7837	5	6	9268	3	1556	1318	11
168.0	7790	33	35	9269	31	893	859	11
168.0	8500	40	37	9270	41	1073	1979	14
168.0	7335	23	20	9271	25	1018	727	12
168.0	8504	11	5	9272	15	728	960	12
168.0	7846	39	35	9273	41	1947	1621	12
168.0	7717	15	13	9274	17	806	629	10
168.0	7798	6	6	9275	6	1300	1572	11
168.0	8152	8	8	9276	8	1356	1391	16
168.0	7450	2	0	9277	4	789	895	11
168.0	7704	12	10	9278	14	798	1566	12
168.0	7272	11	12	9279	9	1231	714	8
168.0	7509	24	18	9280	27	830	639	10
168.0	8542	19	24	9281	13	1117	708	13
168.0	7060	9	10	9282	7	1393	1090	13
168.0	7719	22	20	9283	24	628	969	10
168.0	7233	16	11	9284	19	885	1567	10
168.0	8034	21	24	9285	16	1490	885	13
168.0	6973	18	12	9286	22	1138	1377	9
168.0	7879	27	29	9287	23	1027	642	11
168.0	8098	39	31	9288	46	1268	48	9
168.0	7342	16	13	9289	15	1254	1429	13
168.0	7195	22	18	9290	25	1465	679	13
168.0	7972	7	5	9291	9	932	636	12
168.0	7069	19	18	9292	19	1489	808	12
168.0	7653	25	25	9293	25	1999	944	13
168.0	7768	17	19	9294	14	630	818	9
169.0	7704	10	11	9295	9	798	1566	13
169.0	7924	11	10	9296	12	920	581	13
169.0	7606	11	10	9297	10	909	1633	13
169.0	7233	11	12	9298	9	885	1567	11
169.0	7696	22	24	9299	19	349	779	14
169.0	8194	5	5	9300	5	1146	639	14
169.0	7454	24	25	9301	23	1490	1525	14
169.0	7035	23	20	9302	24	1581	1128	15
169.0	7664	9	8	9303	9	1424	1219	14
169.0	7382	7	6	9304	8	747	1500	12
169.0	8040	15	12	9305	18	583	890	11
169.0	7386	13	9	9306	17	1210	1159	13
169.0	6982	29	27	9307	29	1302	1836	13
169.0	6866	31	30	9308	31	692	800	14
169.0	8690	17	14	9309	19	602	943	8
169.0	7686	29	29	9310	27	1127	549	10
169.0	7336	13	12	9311	14	752	1326	16
169.0	7730	10	9	9312	11	1299	1510	12
169.0	7968	11	15	9313	6	1272	960	12
169.0	7066	12	13	9314	10	592	1250	12
169.0	7272	12	11	9315	12	1231	714	9
169.0	8554	5	8	9316	2	812	1389	17
169.0	7653	25	24	9317	23	1999	944	14
169.0	8285	15	13	9318	16	834	1309	13
169.0	8584	21	19	9319	22	40	787	10
169.0	8199	11	9	9320	13	775	819	8
169.0	7210	13	14	9321	11	1201	809	11
169.0	8269	4	2	9322	5	1330	675	13
169.0	7232	14	16	9323	11	622	1156	8
169.0	7881	22	21	9324	22	1126	1865	11
169.0	7206	21	18	9325	23	1945	1153	13
169.0	8210	19	19	9326	18	915	510	12
169.0	7151	45	51	9327	38	1490	1216	17
169.0	8587	19	19	9328	18	1374	869	12
169.0	8431	35	35	9329	34	1551	1073	14
169.0	8506	1	1	9330	1	1321	787	12
169.0	8108	4	8	9331	0	1401	1253	15
169.0	6935	23	26	9332	19	853	1563	15
169.0	8405	17	15	9333	18	602	869	12
169.0	7593	21	20	9334	21	1529	954	13
169.0	7478	32	25	9335	37	769	785	17
169.0	7175	14	17	9336	9	1078	643	11
169.0	8156	5	3	9337	6	1434	1170	12
169.0	7925	5	6	9338	3	1120	1179	14
169.0	6916	30	33	9339	26	1819	315	15
169.0	7812	8	8	9340	7	1542	1424	16
169.0	7667	47	42	9341	51	1650	272	15
169.0	6876	0	0	9342	0	1445	1519	13
169.0	6995	11	12	9343	10	1218	1278	14
169.0	8129	8	9	9344	6	1189	1360	12
169.0	8206	19	20	9345	17	1966	1269	15
169.0	9112	23	25	9346	21	569	1050	13
169.0	7849	13	12	9347	13	1112	678	14
169.0	6873	23	21	9348	25	1999	822	15
169.0	8349	18	19	9349	14	1498	1196	11
169.0	9138	1	0	9350	2	1130	1326	16
169.0	7377	14	15	9351	12	1868	1200	12
169.0	8153	24	18	9352	26	1520	685	11
169.0	7108	14	10	9353	17	1016	1379	13
169.0	6874	10	12	9354	8	1508	755	12
169.0	8121	31	20	9355	41	1713	1887	14
170.0	8584	19	17	9356	20	40	787	11
170.0	8540	26	24	9357	26	1545	1038	16
170.0	8344	23	20	9358	25	1812	788	11
170.0	8461	13	16	9359	10	676	747	13
170.0	8288	40	46	9360	31	1960	915	12
170.0	8714	33	40	9361	26	1723	1075	10
170.0	7841	14	8	9362	20	1341	971	13
170.0	8255	23	27	9363	17	705	742	13
170.0	7611	17	16	9364	16	1822	760	15
170.0	7002	2	2	9365	2	1298	1444	13
170.0	8138	12	7	9366	15	948	1632	10
170.0	8019	18	15	9367	20	1832	1958	11
170.0	8218	5	6	9368	4	1081	1352	17
170.0	7092	6	6	9369	5	1283	571	16
170.0	7356	8	7	9370	9	802	1433	12
170.0	7860	33	29	9371	36	629	827	12
170.0	7101	22	18	9372	23	321	1617	11
170.0	8092	28	24	9373	31	637	1814	13
170.0	7161	15	17	9374	13	1236	1510	10
170.0	7691	25	23	9375	27	1570	1073	15
170.0	7044	3	2	9376	4	1301	1172	17
170.0	7966	35	35	9377	33	1394	1999	13
170.0	7711	18	19	9378	17	780	650	13
170.0	8553	17	11	9379	23	840	681	12
170.0	8146	17	18	9380	16	1364	1442	12
170.0	7782	11	8	9381	14	1189	604	11
170.0	7559	10	10	9382	10	1513	938	12
170.0	7352	19	23	9383	14	1554	1290	11
170.0	7317	20	19	9384	21	1509	1111	11
170.0	8471	23	18	9385	27	1427	817	14
170.0	7739	22	24	9386	19	1116	659	13
170.0	7341	14	16	9387	10	940	972	15
170.0	7049	14	17	9388	11	538	913	11
170.0	7371	27	26	9389	26	931	1392	16
170.0	8497	15	16	9390	14	701	1147	12
170.0	7350	18	18	9391	17	740	1340	11
170.0	9055	4	2	9392	5	1642	929	13
170.0	7905	7	8	9393	5	1329	939	10
170.0	8162	20	24	9394	15	1569	1174	11
170.0	8504	5	5	9395	5	728	960	13
170.0	7804	28	33	9396	22	818	714	15
170.0	7050	31	32	9397	30	1956	1084	11
170.0	7405	18	16	9398	20	714	1342	11
170.0	8028	25	28	9399	21	777	1403	11
170.0	7152	15	13	9400	16	1983	1099	12
170.0	8212	15	14	9401	16	1541	1193	12
170.0	7665	29	30	9402	26	829	769	11
170.0	6953	29	25	9403	30	1889	0	15
170.0	8082	6	5	9404	6	900	1380	15
170.0	7943	18	21	9405	15	656	1352	11
170.0	8066	22	22	9406	22	594	1168	12
170.0	8520	26	23	9407	29	1904	831	15
170.0	7791	28	27	9408	28	1999	1274	14
170.0	7151	51	51	9409	49	1490	1216	18
170.0	8670	16	15	9410	17	1377	1270	9
170.0	6874	12	8	9411	16	1508	755	13
170.0	9059	16	17	9412	15	1793	788	13
170.0	6919	2	2	9413	2	1041	1519	18
170.0	8014	26	24	9414	27	1049	1796	12
170.0	8109	5	4	9415	6	1424	1199	15
170.0	7832	16	16	9416	16	853	712	11
170.0	8626	26	28	9417	21	1235	1400	17
170.0	7140	14	13	9418	12	705	1652	13
170.0	7420	17	17	9419	16	587	1960	12
170.0	6962	20	19	9420	21	321	802	13
171.0	7586	27	32	9421	21	1915	940	14
171.0	8714	40	43	9422	36	1723	1075	11
171.0	8278	15	19	9423	10	1412	1243	11
171.0	8284	14	15	9424	13	616	1191	8
171.0	8541	10	13	9425	7	1187	1300	15
171.0	8005	14	14	9426	12	690	732	14
171.0	7219	19	17	9427	21	358	935	11
171.0	7173	0	0	9428	0	1406	1301	12
171.0	8014	24	27	9429	21	1049	1796	13
171.0	7373	16	16	9430	16	1361	1314	16
171.0	7886	5	1	9431	9	1240	989	10
171.0	7037	8	6	9432	8	730	1008	13
171.0	7641	7	7	9433	7	1298	1648	11
171.0	7071	26	16	9434	36	1988	1247	16
171.0	7677	12	10	9435	13	1425	1291	15
171.0	8019	15	15	9436	14	1832	1958	12
171.0	7244	18	19	9437	16	1337	1292	17
171.0	8204	12	12	9438	12	784	1330	15
171.0	7517	5	4	9439	5	1190	1278	16
171.0	6993	2	1	9440	3	713	1426	15
171.0	8107	26	26	9441	24	1380	850	13
171.0	7740	21	22	9442	20	757	1391	11
171.0	8388	8	7	9443	8	1328	1462	13
171.0	8024	9	2	9444	16	1475	891	10
171.0	7797	13	16	9445	9	659	1123	10
171.0	8378	21	21	9446	20	851	1411	11
171.0	7514	18	22	9447	13	1801	832	13
171.0	7841	8	6	9448	10	1341	971	14
171.0	7050	32	35	9449	28	1956	1084	12
171.0	7852	8	7	9450	8	1212	546	14
171.0	9021	17	20	9451	12	1967	1544	17
171.0	7504	28	32	9452	24	583	1233	8
171.0	7761	6	3	9453	9	1303	674	13
171.0	7806	10	11	9454	8	1329	618	15
171.0	7588	31	25	9455	37	1249	1278	13
171.0	7648	21	23	9456	19	830	1234	13
171.0	8267	27	28	9457	23	1012	564	10
171.0	8008	21	22	9458	19	1691	783	14
171.0	8426	13	17	9459	9	825	1693	13
171.0	8363	23	25	9460	19	1849	1194	15
171.0	8344	20	26	9461	12	1812	812	12
171.0	7713	38	37	9462	39	1582	651	13
171.0	7078	13	11	9463	14	1451	1028	11
171.0	8489	13	15	9464	10	951	1600	13
171.0	7129	12	14	9465	10	1152	1418	13
171.0	7880	21	22	9466	17	1925	1290	14
171.0	7428	16	14	9467	18	1193	1741	10
171.0	7552	15	16	9468	14	200	1137	8
171.0	6976	25	27	9469	23	1031	1576	11
171.0	7062	13	19	9470	6	1339	1522	16
171.0	7548	12	8	9471	15	1516	971	12
171.0	8287	24	26	9472	20	1696	1079	10
171.0	7475	29	34	9473	23	1500	1074	14
171.0	8478	23	18	9474	27	621	1064	13
171.0	8735	24	23	9475	25	841	1373	16
171.0	7566	21	23	9476	19	533	1099	9
171.0	8711	23	21	9477	25	481	1148	10
171.0	7144	26	25	9478	27	1221	37	8
171.0	7342	13	12	9479	13	1266	1441	14
171.0	7829	34	34	9480	30	529	937	9
171.0	7874	21	26	9481	15	58	1869	12
171.0	7773	12	13	9482	10	692	958	11
171.0	8029	11	13	9483	9	1101	1494	13
171.0	8193	27	21	9484	32	950	498	13
171.0	7561	8	6	9485	9	1522	1238	15
171.0	7184	16	16	9486	15	850	1300	12
171.0	7650	5	5	9487	5	1467	1078	10
172.0	7019	2	3	9488	1	1329	593	14
172.0	8723	29	21	9489	37	833	702	13
172.0	8302	11	10	9490	10	1151	1300	14
172.0	7528	20	17	9491	23	448	855	11
172.0	8011	22	23	9492	21	1499	833	11
172.0	8069	14	15	9493	13	594	1010	12
172.0	7350	18	13	9494	22	740	1340	12
172.0	7399	17	14	9495	19	1823	1058	12
172.0	7449	20	19	9496	21	653	1441	14
172.0	8960	14	12	9497	16	1518	1098	11
172.0	7346	23	21	9498	25	1705	527	11
172.0	7803	1	0	9499	2	1522	1381	13
172.0	8229	20	23	9500	15	1032	1449	10
172.0	8015	25	24	9501	26	1999	762	12
172.0	8478	18	18	9502	17	621	1064	14
172.0	7539	25	28	9503	21	821	668	13
172.0	7375	40	44	9504	33	747	840	11
172.0	8451	19	16	9505	22	1473	1397	13
172.0	8634	22	16	9506	27	740	1675	12
172.0	7187	5	6	9507	4	899	890	10
172.0	8338	4	2	9508	6	1569	1310	12
172.0	8292	19	16	9509	22	1611	865	11
172.0	7143	17	17	9510	14	1362	1632	11
172.0	8711	21	21	9511	21	481	1148	11
172.0	7990	20	16	9512	22	1561	1247	10
172.0	8053	11	9	9513	13	1531	1310	10
172.0	8005	14	13	9514	13	690	732	15
172.0	8416	37	38	9515	34	1830	1308	12
172.0	7837	6	4	9516	8	1556	1318	12
172.0	8245	6	7	9517	5	1599	1418	14
172.0	6926	24	20	9518	28	15	1810	12
172.0	8536	18	22	9519	14	1957	72	14
172.0	8404	11	12	9520	8	1267	722	8
172.0	7939	32	28	9521	34	1956	1232	17
172.0	7096	13	13	9522	12	1302	1328	20
172.0	7789	6	8	9523	4	1660	1422	14
172.0	7408	19	20	9524	18	611	1017	11
172.0	7372	18	15	9525	21	1600	479	14
172.0	8421	7	7	9526	6	1021	1467	18
172.0	9175	34	33	9527	34	1450	1235	12
172.0	8016	10	11	9528	9	1378	909	11
172.0	8193	21	22	9529	18	950	498	14
172.0	8318	13	16	9530	10	1323	1350	14
172.0	6983	21	23	9531	18	671	1064	14
172.0	8580	3	3	9532	3	1448	913	11
172.0	8036	11	11	9533	11	1779	1040	12
172.0	8209	30	35	9534	24	1971	1232	16
172.0	7179	26	22	9535	29	626	1563	8
172.0	7390	10	9	9536	11	1374	660	12
172.0	9043	0	0	9537	0	1318	733	11
172.0	8120	36	31	9538	40	693	830	13
172.0	7563	13	18	9539	8	869	1445	17
172.0	7205	11	11	9540	11	690	769	10
172.0	7982	12	14	9541	9	1381	725	13
172.0	7757	5	5	9542	4	554	1200	10
172.0	8378	21	21	9543	19	851	1411	12
172.0	7806	11	11	9544	11	1329	636	16
172.0	7974	11	8	9545	12	731	1163	12
172.0	7325	31	30	9546	27	356	816	9
172.0	7853	3	4	9547	2	1453	951	10
172.0	7746	5	5	9548	5	1654	1332	15
172.0	8396	7	6	9549	8	778	1494	13
172.0	7772	13	16	9550	9	673	1258	9
172.0	6938	25	23	9551	25	548	1114	10
172.0	8048	28	24	9552	30	1782	528	12
172.0	8081	25	27	9553	22	899	1367	11
172.0	7316	25	27	9554	20	777	689	11
172.0	7794	20	18	9555	22	1936	1105	10
172.0	8648	34	31	9556	36	1715	1460	12
172.0	7060	10	7	9557	12	1393	1090	14
172.0	8661	24	22	9558	23	1871	1349	9
172.0	8878	14	17	9559	11	686	1328	12
172.0	7998	14	11	9560	16	930	746	11
172.0	8287	26	29	9561	22	1696	1079	11
172.0	7659	25	18	9562	32	1886	1178	11
172.0	7439	38	35	9563	39	1793	1115	16
172.0	8122	13	13	9564	13	889	718	9
173.0	7982	14	12	9565	14	1381	725	14
173.0	8471	18	16	9566	19	1427	817	15
173.0	8404	12	11	9567	12	1267	722	9
173.0	7879	29	29	9568	28	1027	642	12
173.0	7530	25	30	9569	18	790	1541	11
173.0	7226	35	31	9570	38	550	1075	12
173.0	7030	15	14	9571	16	1502	1144	12
173.0	8034	24	25	9572	23	1510	885	14
173.0	8113	6	7	9573	5	1463	908	12
173.0	7663	30	30	9574	28	1853	1095	8
173.0	7141	8	9	9575	6	950	1201	15
173.0	7085	17	14	9576	17	870	1329	10
173.0	7528	17	10	9577	24	448	855	12
173.0	7018	23	24	9578	21	631	1323	12
173.0	7346	21	24	9579	17	1705	527	12
173.0	7714	12	8	9580	16	1768	1225	18
173.0	8313	4	5	9581	3	853	1462	17
173.0	7316	27	24	9582	28	777	689	12
173.0	8273	17	17	9583	16	1562	1098	10
173.0	7789	8	7	9584	8	1660	1422	15
173.0	8286	41	38	9585	40	1918	978	12
173.0	7259	37	36	9586	35	1799	1628	14
173.0	7096	13	12	9587	12	1302	1328	21
173.0	8409	5	4	9588	6	1467	1229	14
173.0	8223	15	17	9589	11	675	1631	12
173.0	7657	9	8	9590	10	1641	1388	17
173.0	7098	25	18	9591	30	1049	575	13
173.0	7251	24	26	9592	22	931	1435	9
173.0	8058	25	27	9593	21	1346	69	13
173.0	7566	23	31	9594	15	533	1099	10
173.0	9225	16	18	9595	12	1312	1429	10
173.0	8005	13	10	9596	16	690	732	16
173.0	7462	26	28	9597	21	656	1020	9
173.0	7283	21	23	9598	18	1472	1489	18
173.0	9121	20	16	9599	22	662	454	15
173.0	7662	19	19	9600	19	1156	1928	11
173.0	6908	20	24	9601	14	814	1532	13
173.0	8165	19	17	9602	21	540	1159	8
173.0	7785	9	15	9603	3	778	1471	13
173.0	8170	22	21	9604	22	1936	872	14
173.0	7143	17	22	9605	11	1362	1632	12
173.0	8216	20	16	9606	23	1441	1500	16
173.0	7439	35	41	9607	28	1793	1115	17
173.0	9084	22	21	9608	19	840	1358	16
173.0	7375	44	48	9609	38	747	840	12
173.0	8378	21	22	9610	16	812	1450	13
173.0	8259	9	6	9611	11	893	1532	15
173.0	7921	7	8	9612	5	937	1451	17
173.0	8498	15	14	9613	15	1125	690	13
173.0	8507	16	17	9614	15	869	723	10
173.0	8074	4	4	9615	4	1488	1334	13
173.0	8442	28	28	9616	26	1833	1129	17
173.0	8463	25	17	9617	32	225	1537	10
173.0	7948	29	35	9618	22	1022	657	11
173.0	8634	16	19	9619	11	740	1675	13
173.0	7390	9	10	9620	8	1374	660	13
173.0	8554	8	12	9621	4	812	1389	18
173.0	7695	2	0	9622	4	1628	944	13
173.0	7659	18	18	9623	17	1886	1178	12
173.0	8721	14	12	9624	16	947	1431	10
173.0	8723	21	18	9625	24	833	702	14
173.0	8479	30	27	9626	33	1679	1062	11
173.0	7325	30	24	9627	35	356	816	10
173.0	7606	10	11	9628	9	909	1633	14
173.0	8229	23	22	9629	23	1032	1449	11
173.0	7022	24	27	9630	20	1685	1683	9
173.0	8938	17	15	9631	17	521	826	14
173.0	7236	6	5	9632	7	1440	1419	12
173.0	8431	35	31	9633	38	1551	1073	15
173.0	8370	9	8	9634	10	1102	1453	14
173.0	7990	16	11	9635	19	1561	1247	11
173.0	8495	2	2	9636	2	1440	1307	14
174.0	7159	12	12	9637	11	822	578	10
174.0	7845	8	8	9638	8	1624	1367	13
174.0	7723	15	15	9639	14	550	1139	9
174.0	7131	30	33	9640	26	652	898	10
174.0	7055	25	27	9641	21	983	602	13
174.0	7641	7	5	9642	7	1298	1648	12
174.0	8458	38	36	9643	38	1972	1210	17
174.0	7208	11	14	9644	8	542	875	11
174.0	8194	5	7	9645	3	1146	639	15
174.0	8406	30	27	9646	30	808	680	12
174.0	8432	23	18	9647	27	629	885	11
174.0	8315	36	44	9648	27	820	950	11
174.0	7590	21	25	9649	17	652	1161	9
174.0	7611	16	20	9650	11	1822	760	16
174.0	7667	42	46	9651	36	1650	272	16
174.0	8074	4	4	9652	4	1488	1334	14
174.0	8075	25	27	9653	22	1542	1011	14
174.0	7222	7	5	9654	9	905	1559	15
174.0	9413	2	3	9655	1	1082	1541	19
174.0	7674	27	30	9656	24	492	1073	11
174.0	8918	10	9	9657	11	819	1631	14
174.0	8093	23	20	9658	25	486	1960	9
174.0	6953	25	18	9659	27	1889	0	16
174.0	7251	26	24	9660	26	931	1435	10
174.0	8479	27	29	9661	24	1679	1062	12
174.0	7235	16	16	9662	15	1999	1046	16
174.0	7446	35	42	9663	27	1999	1221	18
174.0	7060	7	6	9664	7	1393	1090	15
174.0	7267	8	11	9665	4	1349	726	13
174.0	7879	29	21	9666	36	1027	619	13
174.0	8052	7	10	9667	4	1609	1107	12
174.0	8229	22	17	9668	24	1032	1449	12
174.0	8291	1	1	9669	1	1118	1548	16
174.0	7647	24	24	9670	24	640	562	16
174.0	7781	25	27	9671	21	840	1201	12
174.0	7740	22	26	9672	16	757	1391	12
174.0	7984	16	16	9673	16	565	1662	12
174.0	8596	32	25	9674	35	1903	1348	12
174.0	7365	17	11	9675	20	1349	1270	10
174.0	8297	24	26	9676	22	1912	1139	11
174.0	8891	10	9	9677	11	1111	611	10
174.0	7146	27	26	9678	26	748	619	13
174.0	7564	9	10	9679	8	717	1241	11
174.0	8051	5	6	9680	4	839	1481	16
174.0	9383	14	9	9681	16	1543	1279	12
174.0	7872	21	22	9682	20	1175	1538	15
174.0	8960	12	12	9683	11	1518	1098	12
174.0	8080	34	27	9684	38	1700	1185	12
174.0	7530	30	30	9685	27	790	1587	12
174.0	7059	20	26	9686	14	1647	1619	13
174.0	9526	6	5	9687	7	1066	1493	19
174.0	6956	5	6	9688	4	934	532	12
174.0	7725	9	8	9689	10	634	1507	13
174.0	8919	14	16	9690	10	1817	1212	17
174.0	8402	25	27	9691	22	1883	1117	10
175.0	8304	28	24	9692	32	1514	1012	11
175.0	8146	18	13	9693	22	1369	1496	13
175.0	8094	4	6	9694	2	796	1512	13
175.0	8675	26	30	9695	22	610	1027	12
175.0	8069	15	17	9696	12	552	985	13
175.0	7846	35	38	9697	31	1947	1621	13
175.0	8093	20	17	9698	20	486	1960	10
175.0	7674	30	34	9699	24	492	1073	12
175.0	7144	25	18	9700	29	1221	37	9
175.0	7195	18	19	9701	16	1465	679	14
175.0	8656	11	13	9702	8	1552	1267	14
175.0	7751	17	13	9703	20	660	818	9
175.0	8356	13	14	9704	12	817	1761	13
175.0	7611	20	25	9705	14	1822	760	17
175.0	7164	24	28	9706	20	1390	878	13
175.0	8661	22	29	9707	15	1940	1356	10
175.0	8242	5	6	9708	4	787	850	11
175.0	8487	26	28	9709	22	1999	1068	15
175.0	8700	16	16	9710	15	493	1302	13
175.0	8950	14	16	9711	12	1370	1381	13
175.0	8386	37	33	9712	40	727	770	16
175.0	7988	19	17	9713	21	740	1236	8
175.0	7598	22	21	9714	21	441	799	13
175.0	9043	0	0	9715	0	1299	733	12
175.0	8621	10	13	9716	6	1398	1352	15
175.0	9026	21	15	9717	26	807	403	13
175.0	7420	17	13	9718	20	587	1960	13
175.0	8229	17	20	9719	14	1021	1438	13
175.0	6906	31	21	9720	38	1498	1637	17
175.0	7320	9	9	9721	8	966	1559	14
175.0	8546	23	24	9722	20	471	1044	10
175.0	7131	33	39	9723	26	652	898	11
175.0	8330	5	6	9724	4	1187	1653	17
175.0	8707	0	0	9725	0	1041	1567	17
175.0	7360	16	17	9726	14	1999	869	16
175.0	8624	6	7	9727	4	770	1058	11
175.0	8781	9	9	9728	8	887	1481	19
175.0	7205	11	13	9729	9	690	769	11
175.0	9221	29	25	9730	33	1417	1416	11
175.0	7741	7	7	9731	6	1684	1373	13
175.0	7909	22	19	9732	25	1937	1055	10
175.0	8420	22	20	9733	22	688	1371	11
175.0	8938	15	17	9734	13	425	831	15
175.0	7280	14	15	9735	12	669	1332	12
175.0	8772	5	6	9736	4	652	791	10
175.0	7356	7	9	9737	5	802	1433	13
175.0	8553	11	15	9738	7	840	681	13
175.0	7978	27	33	9739	20	770	1157	13
175.0	7544	16	19	9740	13	1518	906	13
175.0	7358	26	27	9741	25	1863	1768	11
175.0	9258	22	22	9742	20	1049	591	13
175.0	8074	4	5	9743	3	1488	1334	15
175.0	8049	31	28	9744	32	567	1957	11
175.0	8107	26	29	9745	22	1380	850	14
175.0	8702	25	22	9746	27	842	1503	12
175.0	8276	21	23	9747	17	663	600	15
175.0	7587	29	21	9748	34	1999	643	12
175.0	7371	26	25	9749	25	931	1392	17
175.0	7798	6	6	9750	5	1300	1572	12
176.0	9258	22	22	9751	21	1049	591	14
176.0	8305	10	10	9752	10	699	1468	12
176.0	8522	33	33	9753	32	855	437	9
176.0	8381	9	10	9754	8	1347	593	13
176.0	7316	24	31	9755	16	777	689	13
176.0	7772	16	16	9756	16	673	1258	10
176.0	8533	12	13	9757	11	831	638	11
176.0	7305	1	2	9758	0	1500	1371	13
176.0	8581	4	5	9759	3	1639	1065	15
176.0	7803	0	0	9760	0	1542	1381	14
176.0	8101	33	27	9761	39	1049	614	11
176.0	9490	10	9	9762	10	1160	1290	15
176.0	8119	26	28	9763	23	578	938	11
176.0	8720	16	20	9764	12	1489	853	12
176.0	7906	24	25	9765	19	510	851	9
176.0	8152	8	8	9766	8	1356	1391	17
176.0	7340	26	25	9767	26	888	637	8
176.0	9151	16	19	9768	13	1219	641	14
176.0	8492	17	17	9769	17	1141	791	12
176.0	9290	25	27	9770	21	1527	651	14
176.0	7642	22	29	9771	15	582	726	16
176.0	8020	11	10	9772	11	1158	491	10
176.0	8006	16	14	9773	16	1697	1310	17
176.0	7433	20	16	9774	24	944	1579	10
176.0	9280	27	27	9775	25	809	595	11
176.0	7037	6	6	9776	6	730	1008	14
176.0	7663	30	25	9777	33	1853	1095	9
176.0	8033	13	13	9778	12	949	1390	14
176.0	8288	46	39	9779	50	1960	915	13
176.0	7231	18	17	9780	19	871	660	11
176.0	9112	25	28	9781	21	569	1050	14
176.0	8672	21	17	9782	25	614	1099	12
176.0	7573	11	12	9783	10	851	620	14
176.0	9106	6	9	9784	3	1662	1367	13
176.0	7435	20	19	9785	19	1173	1559	14
176.0	7377	15	15	9786	14	1856	1232	13
176.0	8268	45	37	9787	48	1643	1176	15
176.0	8656	13	13	9788	11	1552	1267	15
176.0	8246	10	10	9789	10	1531	971	12
176.0	8420	20	15	9790	24	688	1371	12
176.0	9233	20	21	9791	19	707	712	18
176.0	7965	14	14	9792	13	577	1271	9
176.0	8530	7	8	9793	6	1244	649	11
176.0	7357	12	9	9794	15	684	1397	13
176.0	7181	12	10	9795	13	951	679	13
176.0	8318	16	16	9796	15	1323	1350	15
176.0	7726	14	13	9797	15	1417	828	16
176.0	7192	12	8	9798	13	1544	1221	14
176.0	7645	14	14	9799	13	1340	1232	12
176.0	8621	13	9	9800	16	1398	1352	16
176.0	8031	24	29	9801	17	1526	429	13
176.0	8841	21	15	9802	27	809	1507	11
176.0	7687	14	12	9803	15	1202	1566	10
176.0	8015	24	27	9804	19	1999	762	13
176.0	8531	13	13	9805	13	1919	1496	14
176.0	8386	33	30	9806	36	727	770	17
176.0	7531	29	18	9807	38	762	1190	12
176.0	7675	23	24	9808	18	1367	1830	13
176.0	7654	25	23	9809	22	1033	364	13
176.0	7431	22	15	9810	28	1869	1965	14
176.0	8451	16	11	9811	21	1473	1397	14
176.0	8415	2	2	9812	2	647	1141	12
176.0	7999	19	19	9813	18	1026	589	10
176.0	8932	12	12	9814	11	858	530	13
177.0	8533	13	11	9815	14	831	638	12
177.0	7110	11	10	9816	12	1606	1333	16
177.0	6986	21	26	9817	16	1011	1361	17
177.0	8826	8	7	9818	8	1139	1453	13
177.0	7033	16	10	9819	19	740	1656	11
177.0	8121	20	20	9820	18	1949	1934	15
177.0	7990	11	11	9821	10	1561	1247	12
177.0	8536	22	20	9822	22	1882	384	15
177.0	8240	38	38	9823	35	1925	630	12
177.0	9115	46	45	9824	46	1660	864	15
177.0	9275	6	2	9825	9	1266	1558	12
177.0	8415	2	1	9826	2	647	1141	13
177.0	7069	18	14	9827	21	1512	808	13
177.0	6920	16	18	9828	14	1458	698	16
177.0	7248	19	19	9829	18	1142	668	14
177.0	8896	35	35	9830	35	606	1129	10
177.0	7194	18	19	9831	17	631	1187	10
177.0	7760	6	4	9832	7	1599	1296	11
177.0	7486	20	27	9833	13	1730	1125	8
177.0	8754	41	47	9834	32	93	254	10
177.0	7778	3	3	9835	3	1029	1549	15
177.0	7688	12	11	9836	12	832	535	11
177.0	7501	11	11	9837	11	1609	891	10
177.0	8510	26	24	9838	28	681	604	17
177.0	7631	16	13	9839	18	694	1989	14
177.0	8496	19	18	9840	18	620	854	14
177.0	8411	16	14	9841	16	761	1209	10
177.0	7903	21	21	9842	19	1192	1421	12
177.0	8656	13	14	9843	12	1552	1267	16
177.0	8936	11	8	9844	14	527	1241	11
177.0	6943	2	4	9845	0	1651	962	15
177.0	7927	32	29	9846	33	1302	1999	11
177.0	8162	24	21	9847	27	1569	1174	12
177.0	8340	11	13	9848	9	1461	761	14
177.0	8804	12	13	9849	9	1273	1360	17
177.0	8075	27	30	9850	23	1542	1011	15
177.0	8966	17	16	9851	18	940	1770	15
177.0	8735	23	18	9852	27	841	1373	17
177.0	9151	19	17	9853	21	1219	641	15
177.0	7406	19	17	9854	20	673	1954	10
177.0	7606	11	7	9855	15	909	1633	15
177.0	6928	14	10	9856	18	480	641	15
177.0	7965	14	14	9857	13	577	1271	10
177.0	7474	13	15	9858	11	1449	1193	13
177.0	7642	29	30	9859	27	582	726	17
177.0	8065	12	9	9860	15	799	1309	15
177.0	9157	25	29	9861	20	1762	757	12
177.0	7528	10	8	9862	12	448	855	13
177.0	6934	20	19	9863	19	1999	1153	14
177.0	9305	18	20	9864	14	561	874	12
177.0	8318	16	15	9865	17	1323	1350	16
177.0	8079	22	23	9866	20	1955	1073	14
177.0	8386	30	35	9867	25	727	770	18
177.0	7657	8	8	9868	6	1641	1388	18
177.0	7669	0	0	9869	0	1339	659	16
177.0	8929	7	8	9870	6	957	1519	16
177.0	8687	10	9	9871	11	738	1721	13
177.0	7159	12	10	9872	14	822	578	11
177.0	7765	10	11	9873	8	722	747	18
177.0	7982	12	11	9874	13	1396	710	15
177.0	7115	20	15	9875	25	494	1043	10
177.0	8157	31	28	9876	31	1591	958	12
177.0	7560	25	28	9877	22	1903	1331	12
177.0	8165	17	16	9878	17	540	1159	9
177.0	9025	26	26	9879	25	1581	1109	13
177.0	7100	7	7	9880	7	1609	1075	13
177.0	7313	9	6	9881	11	1916	1287	13
177.0	7491	19	15	9882	22	569	1065	10
177.0	7434	33	31	9883	34	278	785	11
177.0	8216	16	13	9884	17	1441	1500	17
177.0	7730	9	9	9885	8	1299	1510	13
177.0	9361	26	31	9886	20	1800	1075	11
177.0	7531	18	19	9887	16	762	1190	13
177.0	8006	14	12	9888	14	1697	1310	18
177.0	7377	15	12	9889	17	1856	1232	14
177.0	7330	14	9	9890	17	1378	1432	12
177.0	8582	12	12	9891	12	692	1251	12
177.0	7777	6	5	9892	6	572	1082	12
177.0	8814	20	16	9893	23	1855	817	14
177.0	7192	8	9	9894	5	1544	1221	15
177.0	8101	27	24	9895	28	1049	614	12
177.0	8099	19	15	9896	23	1766	904	12
177.0	7552	16	16	9897	16	299	1192	9
177.0	8369	3	3	9898	3	1091	1389	14
178.0	8091	35	39	9899	31	324	1567	12
178.0	8589	10	10	9900	10	1400	746	14
178.0	7750	22	21	9901	22	602	1071	12
178.0	8244	23	25	9902	21	1413	780	10
178.0	6934	19	19	9903	19	1999	1153	15
178.0	8754	47	41	9904	50	93	254	11
178.0	7134	35	23	9905	45	0	1166	12
178.0	6931	2	3	9906	1	1448	1342	14
178.0	8602	23	22	9907	24	217	286	13
178.0	8344	26	24	9908	26	1846	846	13
178.0	7196	35	31	9909	37	613	758	16
178.0	7472	11	10	9910	12	641	1340	15
178.0	8340	13	13	9911	12	1461	761	15
178.0	8922	18	17	9912	19	1580	1466	14
178.0	7025	5	6	9913	4	1541	1341	13
178.0	8396	6	6	9914	4	728	1507	14
178.0	8966	16	16	9915	14	940	1770	16
178.0	8636	17	19	9916	14	1865	1273	11
178.0	7374	34	35	9917	29	1450	1251	12
178.0	7874	26	23	9918	29	56	1938	13
178.0	8092	24	24	9919	22	591	1881	14
178.0	8101	24	25	9920	22	1049	614	13
178.0	8522	33	37	9921	29	855	437	10
178.0	7971	3	4	9922	2	1600	1026	16
178.0	8768	15	17	9923	12	1197	1521	17
178.0	8616	5	6	9924	4	1499	951	12
178.0	7659	18	15	9925	19	1886	1178	13
178.0	8742	32	37	9926	25	1501	1501	17
178.0	7239	10	8	9927	11	999	659	14
178.0	8973	18	21	9928	15	1252	1431	14
178.0	8868	26	23	9929	27	1624	1571	13
178.0	8710	29	28	9930	29	573	291	12
178.0	8625	19	20	9931	18	1497	689	13
178.0	8659	23	25	9932	20	1099	550	10
178.0	9524	18	24	9933	10	562	988	12
178.0	7859	7	10	9934	4	1430	1216	16
178.0	8809	9	10	9935	8	1372	1342	17
178.0	7309	0	0	9936	0	1350	1009	12
178.0	8876	10	9	9937	11	790	940	9
178.0	7295	13	8	9938	18	689	1510	14
178.0	7531	19	21	9939	15	762	1190	14
178.0	8908	8	7	9940	8	1480	1261	15
178.0	6990	18	12	9941	23	1164	519	10
178.0	7227	9	11	9942	7	1076	1519	12
178.0	9398	20	22	9943	18	714	1341	12
178.0	7901	37	30	9944	40	1707	832	15
178.0	9119	21	19	9945	23	670	1213	12
178.0	7995	11	8	9946	13	677	1544	12
178.0	8149	33	27	9947	37	1858	1133	11
178.0	7639	19	16	9948	22	758	947	14
178.0	7041	3	2	9949	3	1321	802	12
178.0	8406	27	24	9950	30	821	667	13
178.0	6873	21	21	9951	17	1906	708	16
178.0	8024	2	3	9952	1	1489	877	11
178.0	7231	17	17	9953	17	871	660	12
178.0	8352	12	10	9954	14	1559	1449	16
178.0	8714	43	38	9955	47	1767	1075	12
178.0	8378	22	30	9956	14	812	1450	14
178.0	7754	39	40	9957	37	757	593	12
178.0	7436	14	8	9958	18	1139	565	16
178.0	6979	13	16	9959	10	1250	1771	12
178.0	8124	31	28	9960	33	1933	1178	8
178.0	7996	9	9	9961	9	1462	1049	13
179.0	8293	26	24	9962	27	1681	1284	16
179.0	8412	20	15	9963	25	1955	976	14
179.0	8953	12	13	9964	10	1641	1317	16
179.0	9248	17	12	9965	19	643	712	15
179.0	7372	15	18	9966	10	1600	479	15
179.0	8442	28	17	9967	38	1833	1129	18
179.0	8802	27	30	9968	23	689	1304	12
179.0	7828	24	30	9969	18	482	867	13
179.0	7933	4	2	9970	6	1453	1280	14
179.0	8309	30	29	9971	27	1875	847	13
179.0	8593	13	10	9972	15	1981	897	16
179.0	9348	25	29	9973	20	1814	707	16
179.0	8247	21	17	9974	24	1652	1286	11
179.0	9179	31	33	9975	25	1240	577	14
179.0	7871	21	20	9976	22	1707	1142	10
179.0	7812	8	7	9977	9	1542	1424	17
179.0	7074	2	3	9978	1	1605	1382	15
179.0	8733	16	14	9979	17	1307	1492	15
179.0	8209	35	42	9980	27	1971	1232	17
179.0	9371	36	29	9981	40	623	827	13
179.0	8922	17	19	9982	15	1580	1466	15
179.0	7134	23	25	9983	20	0	1166	13
179.0	8439	15	16	9984	13	1072	568	11
179.0	7723	15	12	9985	18	550	1139	10
179.0	6928	10	12	9986	8	480	641	16
179.0	8586	23	25	9987	19	509	938	10
179.0	8024	3	3	9988	3	1489	877	12
179.0	8893	24	22	9989	25	1359	300	14
179.0	7943	21	23	9990	19	656	1352	12
179.0	7227	11	9	9991	12	1076	1519	13
179.0	8901	13	7	9992	18	1809	786	12
179.0	7476	27	29	9993	24	692	664	12
179.0	8766	8	7	9994	9	1130	1429	13
179.0	8092	24	23	9995	22	552	1928	15
179.0	8252	7	7	9996	7	1282	1759	13
179.0	7651	25	27	9997	21	312	1999	11
179.0	7613	41	47	9998	35	1674	1231	13
179.0	8402	27	30	9999	23	1883	1117	11
179.0	7143	22	17	10000	25	1362	1632	13
179.0	8556	30	31	10001	28	1943	1139	13
179.0	9117	10	8	10002	12	1650	1107	12
179.0	8742	37	30	10003	43	1501	1501	18
179.0	8762	25	26	10004	23	1864	1180	11
179.0	8462	8	11	10005	5	1363	1594	14
179.0	8075	30	28	10006	31	1576	1011	16
179.0	7874	23	23	10007	23	89	1992	14
179.0	9203	48	51	10008	44	1700	32	13
179.0	7340	25	23	10009	25	914	611	9
179.0	7646	20	22	10010	18	1638	1162	9
179.0	8386	35	31	10011	35	727	770	19
179.0	8754	41	41	10012	40	84	164	12
179.0	7435	19	18	10013	20	1173	1559	15
179.0	9274	17	11	10014	23	713	541	11
179.0	7449	19	17	10015	19	630	1441	15
179.0	8400	23	19	10016	27	1981	473	14
179.0	7219	17	17	10017	16	358	935	12
179.0	7313	6	4	10018	7	1916	1287	14
179.0	8526	30	29	10019	30	0	1840	12
180.0	7399	14	12	10020	15	1823	1058	13
180.0	8005	10	10	10021	10	676	718	17
180.0	8730	14	20	10022	8	1577	1038	10
180.0	9248	12	9	10023	15	643	712	16
180.0	8089	9	5	10024	13	867	1626	12
180.0	7768	19	16	10025	20	580	789	10
180.0	7691	23	21	10026	25	1570	1073	16
180.0	8144	41	39	10027	42	63	804	10
180.0	7110	10	9	10028	11	1606	1333	17
180.0	9051	7	7	10029	7	1657	1219	15
180.0	8784	28	25	10030	29	90	765	12
180.0	8274	31	33	10031	22	1999	574	12
180.0	8835	37	42	10032	30	1766	1498	12
180.0	8502	13	14	10033	11	764	1593	12
180.0	8059	25	32	10034	18	1999	1874	13
180.0	7906	25	23	10035	25	510	760	10
180.0	8733	14	15	10036	11	1307	1492	16
180.0	7681	20	19	10037	19	1890	632	11
180.0	7966	35	43	10038	24	1394	1999	14
180.0	7748	8	8	10039	8	718	1389	14
180.0	8294	31	28	10040	33	1758	1341	12
180.0	9292	19	20	10041	17	1501	797	13
180.0	9013	30	27	10042	31	894	279	13
180.0	6908	24	24	10043	22	830	1548	14
180.0	8197	15	18	10044	12	632	1232	13
180.0	8690	14	18	10045	10	602	943	9
180.0	8166	22	20	10046	22	1872	0	13
180.0	8262	21	18	10047	20	1631	962	13
180.0	9174	24	26	10048	22	81	609	13
180.0	8751	11	12	10049	9	687	578	14
180.0	9008	23	24	10050	20	320	1539	12
180.0	7934	12	14	10051	10	870	606	12
180.0	7593	20	19	10052	16	1529	954	14
180.0	7219	17	23	10053	10	358	935	13
180.0	7050	35	38	10054	31	1936	1067	13
180.0	9290	27	28	10055	25	1527	651	15
180.0	9066	46	45	10056	45	1955	794	13
180.0	8253	3	4	10057	2	1617	1394	14
180.0	7552	16	12	10058	20	403	1208	10
180.0	8029	13	14	10059	12	1146	1520	14
180.0	7747	14	14	10060	14	1596	1610	11
180.0	7753	9	6	10061	12	1448	1414	13
180.0	7861	34	25	10062	39	746	1829	10
180.0	9361	31	28	10063	32	1800	1075	12
180.0	7465	23	25	10064	21	281	1527	12
180.0	7101	18	17	10065	17	53	1677	12
180.0	8420	15	13	10066	17	688	1371	13
180.0	7283	23	19	10067	26	1472	1511	19
180.0	8508	15	16	10068	14	1630	1232	13
180.0	7559	10	9	10069	11	1513	938	13
180.0	6874	8	8	10070	8	1508	755	14
180.0	8479	29	33	10071	25	1679	1062	13
180.0	8625	20	18	10072	21	1497	689	14
180.0	7686	29	28	10073	29	1127	529	11
180.0	8577	12	14	10074	10	1979	1524	17
180.0	6928	12	11	10075	13	480	641	17
180.0	7151	51	57	10076	43	1490	1216	19
180.0	7804	33	35	10077	31	819	689	16
180.0	8714	38	36	10078	37	1767	1075	13
180.0	7817	17	14	10079	19	1550	1487	16
180.0	7618	15	18	10080	10	748	1411	12
180.0	8209	42	34	10081	48	1971	1232	18
181.0	8502	14	13	10082	14	764	1593	13
181.0	8147	26	26	10083	26	750	1852	14
181.0	9230	16	9	10084	21	553	1239	12
181.0	8881	16	11	10085	21	1227	1638	10
181.0	7033	10	12	10086	8	740	1656	12
181.0	8645	21	19	10087	23	1712	1652	16
181.0	8174	22	23	10088	20	1272	1715	10
181.0	8742	30	32	10089	24	1501	1501	19
181.0	7590	25	25	10090	25	652	1161	10
181.0	8053	9	10	10091	7	1531	1328	11
181.0	8356	14	9	10092	17	817	1761	14
181.0	8681	13	16	10093	10	653	1469	14
181.0	7195	19	20	10094	17	1465	679	15
181.0	8791	34	35	10095	33	1280	1630	11
181.0	8501	16	20	10096	12	1731	968	8
181.0	7066	13	10	10097	16	592	1250	13
181.0	8223	17	13	10098	20	675	1631	13
181.0	7982	11	8	10099	14	1396	710	16
181.0	9028	14	15	10100	13	1618	840	13
181.0	8269	2	2	10101	2	1330	693	14
181.0	9238	9	9	10102	9	1377	1270	10
181.0	8032	37	33	10103	40	1880	1383	13
181.0	7219	23	22	10104	23	358	935	14
181.0	7433	16	16	10105	16	944	1579	11
181.0	9019	27	25	10106	27	1971	833	15
181.0	7101	17	16	10107	18	53	1677	13
181.0	7717	13	11	10108	15	785	569	11
181.0	8292	16	9	10109	23	1649	849	12
181.0	8166	20	19	10110	20	1872	0	14
181.0	7110	9	9	10111	9	1606	1333	18
181.0	9604	22	23	10112	21	1921	857	15
181.0	8642	14	15	10113	12	738	1972	13
181.0	8503	15	13	10114	17	671	991	15
181.0	7340	23	20	10115	26	914	611	10
181.0	7465	25	23	10116	23	281	1527	13
181.0	9148	33	30	10117	34	1833	298	15
181.0	8546	24	26	10118	22	457	1058	11
181.0	8847	19	20	10119	17	1968	1140	13
181.0	7566	31	28	10120	32	533	1083	11
181.0	7640	27	29	10121	24	1631	1190	15
181.0	8426	17	18	10122	16	777	1723	14
181.0	8488	8	8	10123	8	929	600	13
181.0	8695	37	37	10124	37	1589	712	12
181.0	8019	15	12	10125	18	1747	1976	13
181.0	9661	24	25	10126	22	1643	1062	13
181.0	8427	18	15	10127	20	1971	1183	12
181.0	7665	30	33	10128	26	829	769	12
181.0	8066	22	27	10129	16	485	1138	13
181.0	7016	1	2	10130	0	820	860	12
181.0	8416	38	33	10131	41	1830	1308	13
181.0	7280	15	18	10132	12	669	1332	13
181.0	8551	21	17	10133	24	488	1178	8
181.0	8602	22	23	10134	19	217	286	14
181.0	8762	26	28	10135	22	1864	1180	12
181.0	7686	28	32	10136	24	1127	506	12
181.0	8080	27	32	10137	21	1700	1185	13
181.0	8720	20	14	10138	24	1489	853	13
181.0	9721	8	7	10139	8	987	1559	15
181.0	8209	34	29	10140	37	1971	1232	19
181.0	7209	31	33	10141	27	1292	1944	15
181.0	7552	12	8	10142	16	403	1208	11
181.0	8347	24	28	10143	20	635	1292	11
181.0	8077	37	42	10144	28	690	793	12
181.0	8862	11	14	10145	7	694	1578	12
181.0	9622	4	3	10146	4	1602	918	14
181.0	8228	6	10	10147	2	1299	635	14
182.0	9289	15	14	10148	16	1292	1441	14
182.0	8426	18	15	10149	21	777	1723	15
182.0	9203	51	63	10150	37	1700	32	14
182.0	8950	16	16	10151	16	1370	1381	14
182.0	8771	6	4	10152	7	1628	1308	11
182.0	9128	23	24	10153	21	1894	881	14
182.0	7032	26	19	10154	30	1210	682	12
182.0	7723	12	14	10155	10	550	1139	11
182.0	7098	18	13	10156	21	1049	575	14
182.0	7665	33	36	10157	28	829	769	13
182.0	9055	2	1	10158	3	1680	901	14
182.0	7603	28	36	10159	18	1897	1081	13
182.0	6882	14	14	10160	12	800	508	17
182.0	8356	9	6	10161	12	817	1761	15
182.0	8874	12	11	10162	11	1204	469	11
182.0	8223	13	6	10163	16	675	1631	14
182.0	8286	38	35	10164	38	1886	1010	13
182.0	7653	24	25	10165	22	1999	944	15
182.0	8762	28	27	10166	29	1834	1230	13
182.0	8681	16	13	10167	19	653	1469	15
182.0	6990	12	10	10168	14	1213	529	11
182.0	7431	15	10	10169	20	1869	1965	15
182.0	7047	19	23	10170	15	1613	877	9
182.0	9765	19	19	10171	18	479	820	10
182.0	7382	6	5	10172	6	699	1548	13
182.0	9087	13	16	10173	10	1400	1131	15
182.0	7740	26	28	10174	24	757	1391	13
182.0	9460	19	22	10175	15	1778	1158	16
182.0	8269	2	1	10176	3	1330	693	15
182.0	8906	37	41	10177	33	749	609	12
182.0	9040	37	30	10178	43	307	514	11
182.0	8813	6	11	10179	1	1280	660	15
182.0	8726	4	3	10180	5	1270	532	16
182.0	8891	9	9	10181	9	1111	611	11
182.0	9021	20	24	10182	16	1967	1544	18
182.0	8228	10	11	10183	8	1299	635	15
182.0	8503	13	12	10184	14	671	991	16
182.0	8419	4	2	10185	5	1371	769	11
182.0	8354	41	41	10186	39	1804	1217	15
182.0	8909	29	33	10187	24	1016	555	11
182.0	8245	7	6	10188	7	1600	1455	15
182.0	8408	4	4	10189	4	1291	606	13
182.0	8255	27	25	10190	26	702	739	14
182.0	7421	9	8	10191	9	1260	380	11
182.0	9117	8	6	10192	9	1650	1107	13
182.0	8066	27	31	10193	23	485	1138	14
182.0	9015	17	15	10194	18	448	980	11
182.0	8519	15	18	10195	11	571	704	14
182.0	7071	16	17	10196	14	1999	1249	17
182.0	7961	17	18	10197	16	1131	1477	13
182.0	8919	16	14	10198	18	1780	1194	18
182.0	9446	20	21	10199	18	879	1432	12
182.0	7062	19	19	10200	17	1339	1522	17
182.0	6969	13	14	10201	10	547	1213	10
182.0	8869	23	24	10202	21	1830	363	13
182.0	8992	22	26	10203	16	1958	1123	12
182.0	8634	19	23	10204	14	766	1701	14
182.0	7429	10	9	10205	10	1254	603	14
182.0	7161	17	15	10206	18	1236	1510	11
182.0	8051	6	8	10207	4	839	1481	17
182.0	8862	14	11	10208	15	694	1578	13
182.0	9323	11	10	10209	10	566	1141	9
182.0	7864	21	25	10210	16	1999	1626	12
182.0	8000	30	33	10211	25	686	1684	10
182.0	6976	27	28	10212	24	1032	1605	12
182.0	8651	25	25	10213	24	1863	1259	12
182.0	8288	39	34	10214	40	1960	915	14
182.0	8267	28	27	10215	26	1031	518	11
182.0	9385	27	24	10216	30	1479	787	15
182.0	7131	39	39	10217	37	652	881	12
183.0	9385	24	29	10218	18	1479	787	16
183.0	8463	17	21	10219	13	225	1537	11
183.0	7764	2	4	10220	0	1021	1509	17
183.0	8034	25	29	10221	19	1530	885	15
183.0	9087	16	10	10222	22	1400	1131	16
183.0	8544	22	20	10223	22	1744	1158	16
183.0	7567	34	38	10224	29	1710	760	12
183.0	7312	14	12	10225	16	1189	1421	18
183.0	8852	15	19	10226	10	651	1977	12
183.0	8973	21	21	10227	20	1252	1431	15
183.0	8701	29	33	10228	24	1956	1892	11
183.0	8079	23	21	10229	24	1955	1052	15
183.0	8269	1	0	10230	2	1330	693	16
183.0	8521	8	10	10231	6	679	1356	14
183.0	6976	28	26	10232	29	1032	1605	13
183.0	9292	20	19	10233	19	1501	797	14
183.0	9412	15	15	10234	15	1814	828	14
183.0	8781	9	8	10235	10	887	1481	20
183.0	9893	23	19	10236	24	1889	804	15
183.0	6979	16	12	10237	19	1250	1771	13
183.0	8094	6	3	10238	8	779	1526	14
183.0	8760	22	23	10239	20	1907	1020	13
183.0	8730	20	17	10240	23	1577	1038	11
183.0	7793	6	4	10241	8	1171	1519	13
183.0	8293	24	30	10242	16	1681	1284	17
183.0	9765	19	17	10243	18	479	820	11
183.0	8163	29	28	10244	29	515	1080	11
183.0	9631	17	17	10245	17	442	763	15
183.0	7656	14	14	10246	12	1485	1119	12
183.0	8785	12	16	10247	8	681	1397	13
183.0	8338	2	3	10248	1	1587	1348	13
183.0	7761	3	6	10249	0	1317	660	14
183.0	9399	21	26	10250	16	731	1444	12
183.0	8934	22	27	10251	15	514	779	16
183.0	7140	13	15	10252	11	705	1652	14
183.0	6962	19	19	10253	19	321	802	14
183.0	8581	5	4	10254	6	1671	1078	16
183.0	8286	35	30	10255	40	1868	992	14
183.0	8356	6	5	10256	7	817	1761	16
183.0	7740	28	33	10257	23	757	1391	14
183.0	8923	26	26	10258	24	852	592	14
183.0	7236	5	7	10259	3	1452	1431	13
183.0	7603	36	42	10260	29	1897	1081	14
183.0	9460	22	25	10261	19	1778	1158	17
183.0	8252	7	6	10262	8	1282	1759	14
183.0	7068	6	6	10263	6	1500	1167	16
183.0	7829	34	30	10264	36	529	914	10
183.0	7350	13	9	10265	15	740	1340	13
183.0	7989	18	18	10266	18	949	1556	13
183.0	9204	34	47	10267	18	1611	1211	15
183.0	8381	10	15	10268	4	1347	593	14
183.0	8403	20	18	10269	21	623	653	12
183.0	6895	23	17	10270	29	470	983	12
183.0	8529	31	33	10271	27	1925	1901	13
183.0	9227	1	1	10272	1	998	1528	17
183.0	9302	24	23	10273	23	1562	1162	16
183.0	8583	12	10	10274	13	626	1581	13
183.0	8215	50	43	10275	55	1999	1422	14
183.0	8245	6	3	10276	8	1600	1455	16
183.0	7071	17	17	10277	16	1999	1249	18
183.0	8570	11	10	10278	11	818	1932	12
183.0	8066	31	42	10279	19	485	1138	15
183.0	8363	25	32	10280	18	1793	1176	16
183.0	8464	13	11	10281	15	1670	1333	15
183.0	9478	27	25	10282	29	1234	387	9
183.0	8813	11	12	10283	10	1280	660	16
184.0	8965	25	23	10284	27	1882	1234	12
184.0	9427	21	25	10285	17	277	951	12
184.0	8537	19	21	10286	16	61	1791	11
184.0	8293	30	23	10287	35	1681	1284	18
184.0	9292	19	25	10288	12	1501	797	15
184.0	8052	10	11	10289	9	1609	1123	13
184.0	7025	6	4	10290	8	1541	1341	14
184.0	8800	14	13	10291	14	481	1029	12
184.0	8100	29	25	10292	29	778	355	14
184.0	7358	27	28	10293	26	1875	1916	12
184.0	9057	25	26	10294	22	990	1635	13
184.0	8918	9	8	10295	9	809	1671	15
184.0	8247	17	16	10296	18	1652	1286	12
184.0	9056	30	31	10297	29	1883	919	13
184.0	9399	26	24	10298	28	731	1444	13
184.0	9926	25	25	10299	25	1537	1537	18
184.0	7643	2	1	10300	3	1430	1469	12
184.0	7662	19	14	10301	23	1072	1871	12
184.0	7574	29	26	10302	29	1034	478	8
184.0	9561	22	21	10303	23	1711	1063	12
184.0	8513	14	12	10304	13	600	1394	14
184.0	8830	14	14	10305	13	676	1500	12
184.0	8953	13	6	10306	20	1660	1317	17
184.0	7711	19	18	10307	20	756	417	14
184.0	9193	32	34	10308	29	1821	491	13
184.0	7048	10	11	10309	9	1950	1580	17
184.0	8588	42	46	10310	38	721	675	11
184.0	7764	4	3	10311	5	1021	1509	18
184.0	9289	14	13	10312	14	1292	1441	15
184.0	7465	23	23	10313	22	281	1527	14
184.0	8031	29	34	10314	23	1399	367	14
184.0	7778	3	4	10315	2	1029	1549	16
184.0	8854	22	23	10316	21	731	658	16
184.0	9472	20	19	10317	20	1749	1063	11
184.0	7822	23	17	10318	27	95	577	13
184.0	8749	46	47	10319	45	1726	1209	12
184.0	9631	17	14	10320	20	442	763	16
184.0	8916	25	23	10321	25	1240	552	13
184.0	9352	26	24	10322	26	1528	671	12
184.0	9563	39	37	10323	40	1759	1115	17
184.0	6895	17	15	10324	19	470	983	13
184.0	8647	19	13	10325	25	1598	1239	14
184.0	7884	35	31	10326	38	660	862	10
184.0	7318	25	29	10327	21	1477	0	15
184.0	6962	19	17	10328	20	321	802	15
184.0	7791	27	25	10329	28	1999	1274	15
184.0	9510	14	12	10330	15	1362	1662	12
184.0	7571	16	17	10331	14	1814	978	13
184.0	7509	18	16	10332	19	830	599	11
184.0	9460	25	26	10333	24	1778	1158	18
184.0	7939	28	28	10334	27	1928	1220	18
184.0	8214	20	21	10335	17	1969	1265	16
184.0	8988	11	13	10336	9	719	1518	14
184.0	9893	19	20	10337	18	1889	804	16
184.0	6888	20	19	10338	20	1177	650	16
184.0	8773	17	16	10339	18	1472	1494	18
184.0	8609	7	9	10340	4	1420	1101	13
184.0	6943	4	2	10341	6	1651	962	16
184.0	7365	11	13	10342	9	1349	1270	11
184.0	9452	24	32	10343	16	569	1219	9
184.0	8693	25	26	10344	23	1902	1371	11
184.0	7990	11	12	10345	10	1561	1247	13
184.0	9599	22	23	10346	18	651	527	16
184.0	7061	18	23	10347	13	1673	1014	12
184.0	8245	3	3	10348	3	1600	1455	17
184.0	7911	17	15	10349	16	545	1632	12
184.0	9115	45	40	10350	49	1660	864	16
184.0	9301	23	19	10351	26	1520	1606	15
184.0	9105	3	2	10352	4	867	1530	17
184.0	9790	24	18	10353	30	700	1358	13
184.0	7852	7	6	10354	8	1212	546	15
184.0	8070	34	39	10355	29	657	1725	8
184.0	7838	6	6	10356	6	680	1193	14
184.0	7101	16	14	10357	18	53	1677	14
184.0	8363	32	32	10358	31	1793	1176	17
184.0	7799	14	13	10359	15	432	1374	12
184.0	9174	26	24	10360	27	81	609	14
184.0	8990	20	19	10361	20	613	622	18
184.0	8426	15	13	10362	15	777	1723	16
184.0	8938	17	17	10363	16	425	831	16
184.0	9628	9	9	10364	8	892	1773	15
184.0	7704	11	8	10365	13	798	1612	14
184.0	9227	1	0	10366	2	998	1528	18
185.0	7465	23	25	10367	20	281	1527	15
185.0	8973	21	18	10368	23	1252	1431	16
185.0	8138	7	7	10369	7	948	1632	11
185.0	8327	17	12	10370	20	1953	1348	12
185.0	9427	25	26	10371	24	277	951	13
185.0	9010	11	12	10372	9	1732	1291	17
185.0	8513	12	13	10373	11	600	1394	15
185.0	8458	36	34	10374	35	1956	1210	18
185.0	9203	63	44	10375	56	1700	32	15
185.0	8177	27	25	10376	28	1449	680	12
185.0	8107	29	36	10377	22	1380	850	15
185.0	9268	3	3	10378	3	1556	1358	12
185.0	8687	9	7	10379	11	738	1721	14
185.0	9558	23	23	10380	23	1850	1499	10
185.0	8388	7	6	10381	8	1328	1462	14
185.0	10271	27	32	10382	21	1909	1885	14
185.0	8400	19	17	10383	20	1981	473	15
185.0	7509	16	16	10384	16	830	599	12
185.0	9839	18	17	10385	18	694	1978	15
185.0	9665	4	3	10386	5	1361	712	14
185.0	9066	45	48	10387	40	1955	794	14
185.0	9136	14	10	10388	18	1624	1512	15
185.0	7909	19	14	10389	21	1937	1021	11
185.0	9059	17	17	10390	17	1829	794	14
185.0	8856	4	1	10391	7	1459	1357	13
185.0	9878	17	18	10392	16	498	1181	10
185.0	9686	14	13	10393	14	1650	1552	14
185.0	7659	15	13	10394	16	1886	1178	14
185.0	8907	27	23	10395	27	0	739	11
185.0	7804	35	32	10396	38	819	689	17
185.0	7884	31	26	10397	35	660	862	11
185.0	9815	14	15	10398	13	763	590	13
185.0	8577	14	13	10399	13	1979	1524	18
185.0	9673	16	16	10400	15	605	1653	13
185.0	8579	2	3	10401	1	1579	1407	15
185.0	9069	16	14	10402	17	1232	1771	12
185.0	9355	41	44	10403	37	1787	1977	15
185.0	7233	12	10	10404	14	872	1580	12
185.0	9628	9	9	10405	9	892	1773	16
185.0	7440	4	4	10406	4	1468	1391	15
185.0	8751	12	14	10407	9	687	578	15
185.0	7318	29	32	10408	23	1477	0	16
185.0	10017	16	16	10409	16	290	981	13
185.0	8828	25	25	10410	25	657	900	12
185.0	8503	12	11	10411	12	671	991	17
185.0	9483	9	4	10412	14	1146	1652	14
185.0	8916	23	23	10413	20	1240	552	14
185.0	8716	20	20	10414	19	728	562	10
185.0	7757	5	6	10415	3	554	1200	11
185.0	7704	8	10	10416	6	798	1612	15
185.0	7159	10	7	10417	12	822	536	12
185.0	8937	25	26	10418	24	1624	616	10
185.0	7208	14	16	10419	12	526	859	12
185.0	9305	20	17	10420	22	561	874	13
185.0	9414	27	29	10421	23	1001	1787	13
185.0	7351	13	15	10422	11	1442	779	10
185.0	7764	3	3	10423	3	1021	1509	19
185.0	7498	15	18	10424	11	1611	1499	15
185.0	7557	10	9	10425	11	1411	1380	13
185.0	8031	34	29	10426	37	1399	367	15
185.0	9655	1	2	10427	0	1091	1579	20
185.0	9364	16	13	10428	19	1666	822	16
185.0	7181	10	7	10429	13	951	679	14
185.0	7489	9	11	10430	7	976	1519	16
185.0	8593	10	13	10431	7	1981	919	17
185.0	8330	6	5	10432	7	1264	1611	18
185.0	9229	10	8	10433	12	919	1502	17
185.0	9373	31	27	10434	34	700	1814	14
185.0	6919	2	3	10435	1	1063	1541	19
185.0	8607	38	37	10436	38	714	1965	10
185.0	7372	18	13	10437	22	1665	332	16
185.0	7791	25	23	10438	27	1999	1274	16
185.0	8028	28	26	10439	29	780	1416	12
185.0	8219	10	7	10440	13	562	1394	14
185.0	7874	23	23	10441	22	89	1992	15
185.0	8214	21	12	10442	29	1953	1265	17
185.0	7266	3	5	10443	1	1292	1771	15
185.0	7280	18	16	10444	19	669	1332	14
186.0	8816	28	21	10445	33	599	1302	12
186.0	8352	10	7	10446	12	1559	1449	17
186.0	8059	32	30	10447	33	1999	1893	14
186.0	7222	5	5	10448	5	905	1559	16
186.0	9305	17	14	10449	18	561	874	14
186.0	9777	33	31	10450	34	1820	1080	10
186.0	8173	14	14	10451	11	586	1250	11
186.0	7509	16	14	10452	17	830	599	13
186.0	7380	12	8	10453	16	730	1371	13
186.0	8869	24	20	10454	28	1830	363	14
186.0	7228	46	50	10455	40	518	1948	11
186.0	9274	11	16	10456	6	668	543	12
186.0	7741	7	3	10457	11	1720	1397	14
186.0	7146	26	23	10458	28	712	583	14
186.0	9414	29	29	10459	29	1001	1787	14
186.0	7695	0	0	10460	0	1637	933	14
186.0	8553	15	12	10461	18	840	681	14
186.0	9275	2	2	10462	2	1266	1558	13
186.0	8773	16	18	10463	14	1472	1494	19
186.0	9563	37	49	10464	23	1759	1115	18
186.0	6895	15	16	10465	14	470	983	14
186.0	6993	1	0	10466	2	700	1431	16
186.0	7901	30	27	10467	32	1707	832	16
186.0	7789	7	6	10468	8	1660	1422	16
186.0	7881	21	19	10469	19	1188	1863	12
186.0	7651	27	32	10470	21	313	1999	12
186.0	7038	15	13	10471	17	1811	430	13
186.0	9234	21	15	10472	27	984	538	12
186.0	7403	1	2	10473	0	940	563	14
186.0	7042	24	21	10474	26	1999	737	13
186.0	7439	41	41	10475	33	1793	1115	18
186.0	9711	12	15	10476	9	1370	1396	14
186.0	7022	27	28	10477	25	1626	1961	10
186.0	8936	8	7	10478	8	435	1241	12
186.0	8616	6	3	10479	9	1499	951	13
186.0	9173	8	9	10480	7	871	554	12
186.0	9097	14	13	10481	14	968	1410	14
186.0	9092	20	17	10482	23	611	1260	11
186.0	8008	22	18	10483	24	1677	797	15
186.0	9040	30	34	10484	24	307	514	12
186.0	9986	8	9	10485	7	472	648	17
186.0	8502	13	11	10486	15	764	1593	14
186.0	8098	31	29	10487	33	1349	39	10
186.0	8901	7	4	10488	10	1809	786	13
186.0	6953	18	15	10489	18	1889	0	17
186.0	7208	16	12	10490	20	526	859	13
186.0	7909	14	12	10491	14	1937	1021	12
186.0	8614	3	2	10492	4	1621	1065	15
186.0	7446	42	44	10493	39	1999	1221	19
186.0	8252	6	6	10494	6	1324	1759	15
186.0	7411	27	33	10495	19	1972	811	13
186.0	7798	6	4	10496	7	1300	1610	13
186.0	8837	4	7	10497	1	1489	920	12
186.0	7227	9	9	10498	8	1076	1519	14
186.0	7213	6	6	10499	6	1501	980	14
186.0	6949	26	26	10500	25	505	1349	13
186.0	6873	21	21	10501	20	1905	590	17
186.0	7757	6	9	10502	3	554	1200	12
186.0	7449	17	23	10503	11	630	1441	16
186.0	7320	9	9	10504	9	966	1559	15
186.0	9377	33	30	10505	33	1381	1986	14
186.0	7603	42	41	10506	40	1897	1081	15
186.0	9009	21	24	10507	17	1999	594	11
186.0	9181	17	15	10508	19	732	1411	13
186.0	8378	30	34	10509	24	812	1450	15
186.0	7390	10	12	10510	7	1374	660	14
186.0	8458	34	35	10511	31	1956	1210	19
186.0	6979	12	14	10512	10	1271	1771	14
186.0	9204	47	55	10513	38	1611	1211	16
186.0	9317	23	17	10514	26	1976	966	15
187.0	9986	9	10	10515	5	462	690	18
187.0	7433	16	18	10516	14	944	1579	12
187.0	8292	9	7	10517	9	1649	849	13
187.0	8822	5	4	10518	5	1611	1231	14
187.0	8659	25	31	10519	18	1099	550	11
187.0	7799	13	11	10520	15	380	1373	13
187.0	8567	29	32	10521	25	1863	479	14
187.0	7320	9	8	10522	10	966	1559	16
187.0	8616	3	3	10523	3	1499	951	14
187.0	8968	13	15	10524	11	718	1431	13
187.0	8291	1	1	10525	1	1118	1548	17
187.0	8936	7	12	10526	2	435	1241	13
187.0	8563	29	31	10527	27	1589	1073	15
187.0	7449	23	23	10528	21	630	1441	17
187.0	8099	15	14	10529	16	1783	887	13
187.0	8000	33	38	10530	28	686	1684	11
187.0	7350	9	8	10531	8	740	1340	14
187.0	7777	5	6	10532	2	572	1082	13
187.0	8188	1	0	10533	2	1268	1794	12
187.0	8583	10	11	10534	6	610	1597	14
187.0	7669	0	0	10535	0	1339	659	17
187.0	9008	24	18	10536	27	297	1607	13
187.0	9050	18	20	10537	15	1031	1603	14
187.0	7603	41	36	10538	43	1897	1081	16
187.0	8394	11	11	10539	10	920	524	12
187.0	7406	17	17	10540	14	660	1941	11
187.0	9607	28	29	10541	25	1764	1127	18
187.0	8619	26	32	10542	20	1969	684	13
187.0	9154	25	26	10543	23	1502	211	15
187.0	7979	22	28	10544	16	1888	1030	14
187.0	9418	12	15	10545	9	716	1679	14
187.0	8222	8	9	10546	7	642	1468	14
187.0	9057	26	23	10547	27	990	1635	14
187.0	7548	8	5	10548	10	1556	971	13
187.0	7544	19	25	10549	12	1560	892	14
187.0	9450	8	7	10550	9	1248	465	15
187.0	9396	22	24	10551	18	788	658	16
187.0	6887	12	14	10552	8	632	1381	14
187.0	8210	19	22	10553	14	915	489	13
187.0	7346	24	21	10554	24	1507	509	13
187.0	7281	18	19	10555	17	1796	1418	13
187.0	7134	25	25	10556	23	0	1166	14
187.0	8124	28	36	10557	14	1909	1154	9
187.0	8144	39	34	10558	42	63	804	11
187.0	8617	14	8	10559	19	568	1364	11
187.0	9602	21	21	10560	20	498	1206	9
187.0	8174	23	25	10561	20	1272	1696	11
187.0	9340	7	9	10562	4	1517	1448	17
187.0	8668	16	16	10563	15	1935	1298	12
187.0	6916	33	29	10564	36	1671	238	16
187.0	10002	12	12	10565	11	1650	1137	13
187.0	8737	5	3	10566	6	1781	1415	13
187.0	8894	19	18	10567	19	1954	1092	11
187.0	7812	7	7	10568	7	1542	1424	18
187.0	8992	26	33	10569	17	1958	1123	13
187.0	9312	11	12	10570	8	1286	1579	13
187.0	8674	14	13	10571	15	1424	609	12
187.0	8463	21	23	10572	18	225	1537	12
187.0	9711	15	18	10573	12	1370	1396	15
187.0	9414	29	20	10574	35	1001	1787	15
187.0	8048	24	24	10575	23	1780	469	13
187.0	8325	15	13	10576	17	1379	579	12
187.0	7213	6	11	10577	1	1501	980	15
187.0	9085	21	21	10578	19	1910	1261	17
187.0	9042	7	9	10579	5	733	1554	15
187.0	7435	18	17	10580	18	1173	1559	16
187.0	9325	23	25	10581	19	1888	1160	14
188.0	9503	21	13	10582	27	792	621	14
188.0	10278	11	10	10583	10	838	1932	13
188.0	8791	35	33	10584	35	1280	1630	12
188.0	9915	14	17	10585	11	944	1742	17
188.0	9034	8	8	10586	7	1654	1333	16
188.0	8567	32	29	10587	35	1933	529	15
188.0	8292	7	4	10588	10	1649	849	14
188.0	9361	28	28	10589	28	1800	1075	13
188.0	9765	17	13	10590	21	479	820	12
188.0	8021	32	24	10591	37	1739	993	16
188.0	7449	23	18	10592	27	630	1441	18
188.0	9689	10	9	10593	11	532	1487	14
188.0	7861	25	27	10594	21	746	1829	11
188.0	9654	9	8	10595	10	892	1571	16
188.0	8700	16	15	10596	16	493	1302	14
188.0	7134	25	28	10597	17	0	1166	15
188.0	8481	17	16	10598	18	1621	1250	13
188.0	9986	10	4	10599	16	468	733	19
188.0	9022	0	0	10600	0	1729	945	15
188.0	7667	46	39	10601	49	1312	202	17
188.0	6935	26	28	10602	23	853	1563	16
188.0	8900	23	19	10603	23	381	786	14
188.0	8662	28	28	10604	27	1999	1733	11
188.0	8222	9	13	10605	5	642	1468	15
188.0	7586	32	30	10606	33	1857	948	15
188.0	8444	26	20	10607	31	1679	0	14
188.0	9164	20	19	10608	20	586	1050	14
188.0	8730	17	15	10609	19	1577	1038	12
188.0	8859	12	9	10610	15	1242	1586	10
188.0	8968	15	12	10611	16	718	1431	14
188.0	8061	6	4	10612	7	1459	651	13
188.0	9348	29	30	10613	26	1569	664	17
188.0	7357	9	9	10614	9	626	1411	14
188.0	9379	23	25	10615	21	853	650	13
188.0	7032	19	17	10616	21	1210	682	13
188.0	8666	24	21	10617	27	398	807	13
188.0	9513	13	14	10618	11	1518	1322	11
188.0	7940	35	32	10619	36	1810	0	13
188.0	9048	1	0	10620	2	1324	1801	15
188.0	9268	3	4	10621	2	1556	1358	13
188.0	8803	19	20	10622	16	169	1773	12
188.0	10109	23	21	10623	25	1600	820	13
188.0	8006	12	15	10624	9	1766	1313	19
188.0	7598	21	19	10625	22	344	750	14
188.0	8961	18	16	10626	19	1400	1518	11
188.0	8036	11	9	10627	13	1783	984	13
188.0	9154	26	27	10628	24	1502	211	16
188.0	9398	22	24	10629	19	698	1341	13
188.0	9137	12	11	10630	12	1563	1519	16
188.0	8531	13	12	10631	13	1923	1415	15
188.0	7828	30	31	10632	27	482	867	14
188.0	8710	28	24	10633	32	510	284	13
188.0	8936	12	9	10634	13	435	1241	14
188.0	8491	20	15	10635	23	360	1999	11
188.0	7630	48	45	10636	51	1743	1259	15
188.0	8905	30	24	10637	35	1871	1054	14
188.0	9661	25	32	10638	17	1657	1048	14
188.0	6920	18	18	10639	16	1458	698	17
188.0	9267	24	23	10640	24	1516	1551	14
188.0	8648	31	28	10641	34	1730	1629	13
188.0	8120	31	35	10642	26	693	830	14
188.0	9342	0	0	10643	0	1445	1529	14
188.0	8883	17	17	10644	15	1230	1614	14
188.0	7195	20	23	10645	14	1465	679	16
188.0	8659	31	32	10646	29	1099	550	12
188.0	7059	26	26	10647	25	1574	1631	14
189.0	7420	13	8	10648	16	587	1960	14
189.0	9136	10	10	10649	9	1624	1531	16
189.0	9617	32	34	10650	29	210	1688	11
189.0	9041	18	14	10651	21	1758	920	11
189.0	7754	40	41	10652	38	741	577	13
189.0	8240	38	40	10653	36	1999	628	13
189.0	8881	11	9	10654	12	1213	1652	11
189.0	7725	8	9	10655	7	620	1521	14
189.0	9650	11	13	10656	8	1885	767	17
189.0	8384	6	6	10657	6	1551	789	12
189.0	7195	23	23	10658	22	1465	679	17
189.0	7587	21	18	10659	23	1957	644	13
189.0	9903	19	18	10660	20	1986	1140	16
189.0	7751	13	11	10661	15	631	829	10
189.0	7696	24	23	10662	25	181	521	15
189.0	7647	24	25	10663	23	571	540	17
189.0	8635	24	24	10664	22	602	920	11
189.0	9061	28	29	10665	25	1860	1626	14
189.0	9354	8	6	10666	10	1508	732	13
189.0	7714	8	10	10667	6	1784	1241	19
189.0	9162	18	13	10668	22	1600	1863	13
189.0	9593	21	18	10669	23	1400	258	14
189.0	8136	34	37	10670	30	1817	1419	11
189.0	7325	24	27	10671	21	377	816	11
189.0	7432	11	12	10672	9	520	1664	13
189.0	9251	21	25	10673	15	1811	1817	13
189.0	9870	6	9	10674	3	950	1506	17
189.0	7470	7	7	10675	7	778	1559	15
189.0	9721	7	9	10676	5	987	1577	16
189.0	7544	25	20	10677	29	1560	892	15
189.0	8813	12	14	10678	10	1280	660	17
189.0	9883	34	33	10679	32	54	664	12
189.0	9872	14	13	10680	13	856	500	12
189.0	9699	24	19	10681	26	161	856	13
189.0	8696	5	8	10682	2	1307	501	15
189.0	9804	19	21	10683	16	1979	762	14
189.0	7871	20	22	10684	17	1691	1126	11
189.0	8091	39	41	10685	35	291	1666	13
189.0	7940	32	36	10686	26	1810	0	14
189.0	8210	22	17	10687	24	915	489	14
189.0	8800	13	14	10688	11	481	1029	13
189.0	8546	26	26	10689	25	399	1091	12
189.0	8584	17	16	10690	15	63	487	12
189.0	8859	9	6	10691	12	1242	1586	11
189.0	8041	10	14	10692	5	1303	610	11
189.0	8762	27	19	10693	33	1818	1230	14
189.0	8634	23	26	10694	18	766	1701	15
189.0	9312	12	11	10695	13	1286	1579	14
189.0	10334	27	26	10696	25	1913	1234	19
189.0	9275	2	2	10697	2	1266	1558	14
189.0	8481	16	19	10698	13	1621	1250	14
189.0	7918	16	16	10699	15	579	898	13
189.0	7573	12	9	10700	15	851	620	15
189.0	7501	11	13	10701	7	1649	891	11
189.0	9599	23	26	10702	19	651	527	17
189.0	7651	32	29	10703	33	332	1999	13
189.0	9533	11	11	10704	11	1779	1000	13
189.0	8879	23	24	10705	19	1977	1782	17
189.0	8444	20	17	10706	21	1679	0	15
189.0	7552	8	9	10707	6	420	1205	12
189.0	7995	8	7	10708	6	629	1544	13
189.0	8711	21	16	10709	25	441	1211	12
189.0	9794	15	15	10710	15	599	1437	14
189.0	9377	30	30	10711	30	1381	1986	15
189.0	8784	25	22	10712	26	90	765	13
189.0	7630	45	44	10713	42	1743	1259	16
189.0	9290	28	28	10714	27	1366	376	16
189.0	7219	22	19	10715	25	319	960	15
189.0	8396	6	4	10716	8	728	1507	15
189.0	8919	14	17	10717	11	1753	1195	19
189.0	10171	18	23	10718	13	490	741	11
190.0	8666	21	22	10719	20	398	807	14
190.0	8921	26	26	10720	24	1720	990	12
190.0	9067	22	20	10721	22	620	921	12
190.0	9186	21	18	10722	24	499	720	16
190.0	6976	26	27	10723	23	1062	1635	14
190.0	9251	25	33	10724	17	1881	1790	14
190.0	7235	16	22	10725	10	1999	1051	17
190.0	9145	19	22	10726	13	741	609	11
190.0	8269	0	0	10727	0	1330	693	17
190.0	9181	15	15	10728	13	732	1411	14
190.0	8011	23	23	10729	21	1513	830	12
190.0	8210	17	18	10730	14	915	489	15
190.0	9794	15	20	10731	10	599	1437	15
190.0	9041	14	10	10732	18	1758	920	12
190.0	9593	18	25	10733	10	1388	319	15
190.0	9108	30	32	10734	27	1837	1097	13
190.0	7092	6	6	10735	6	1299	555	17
190.0	9325	25	26	10736	19	1888	1160	15
190.0	7049	17	14	10737	19	510	803	12
190.0	8676	25	20	10738	29	1478	1999	15
190.0	8875	12	12	10739	12	1917	1204	13
190.0	9862	12	12	10740	11	421	789	14
190.0	9130	28	29	10741	26	1000	517	12
190.0	8776	36	41	10742	29	1746	1148	17
190.0	8470	21	25	10743	13	1120	1509	12
190.0	8294	28	32	10744	21	1758	1341	13
190.0	8040	12	9	10745	13	583	871	12
190.0	7864	25	17	10746	30	1999	1626	13
190.0	7143	17	12	10747	19	1398	1667	14
190.0	8711	16	17	10748	13	441	1211	13
190.0	8293	23	25	10749	21	1681	1284	19
190.0	8520	23	16	10750	28	1948	685	16
190.0	7641	5	6	10751	4	1298	1648	13
190.0	8519	18	23	10752	11	571	704	15
190.0	7470	7	5	10753	9	778	1559	16
190.0	7730	9	7	10754	11	1299	1548	14
190.0	8938	17	10	10755	24	425	831	17
190.0	7146	23	24	10756	21	712	583	15
190.0	9013	27	27	10757	27	894	279	14
190.0	8463	23	21	10758	22	225	1537	13
190.0	7019	3	2	10759	4	1329	593	15
190.0	9631	14	11	10760	17	442	763	17
190.0	9258	22	14	10761	28	1049	591	15
190.0	7954	22	28	10762	15	1601	1142	10
190.0	9414	20	21	10763	18	938	1801	16
190.0	9226	29	29	10764	28	1856	1396	14
190.0	10212	24	24	10765	24	1027	1649	13
190.0	7399	12	11	10766	12	1823	1036	14
190.0	9616	26	28	10767	24	1794	1167	18
190.0	8868	23	14	10768	29	1555	1551	14
190.0	7765	11	11	10769	10	722	729	19
190.0	8965	23	25	10770	19	1886	1260	13
190.0	8793	27	24	10771	30	204	528	15
190.0	7101	14	13	10772	14	53	1677	15
190.0	9275	2	3	10773	1	1266	1558	15
190.0	9880	7	9	10774	5	1609	1091	14
190.0	8403	18	20	10775	14	623	653	13
190.0	9151	17	18	10776	16	1219	603	16
190.0	9032	16	18	10777	13	1762	1294	16
190.0	8412	15	15	10778	14	1933	976	15
190.0	9821	10	12	10779	7	1594	1261	13
191.0	8170	21	23	10780	19	1936	872	15
191.0	9907	24	25	10781	21	231	362	14
191.0	9462	39	38	10782	38	936	167	14
191.0	10191	9	4	10783	13	1343	297	12
191.0	9491	23	26	10784	19	421	881	12
191.0	8253	4	5	10785	3	1653	1413	15
191.0	7117	19	16	10786	22	634	729	15
191.0	8276	23	21	10787	22	663	600	16
191.0	7504	32	25	10788	37	537	1252	9
191.0	7861	27	23	10789	30	746	1829	12
191.0	8880	10	8	10790	12	1599	900	12
191.0	9676	22	25	10791	19	1865	1140	12
191.0	9067	20	21	10792	18	620	921	13
191.0	7611	25	26	10793	24	1822	760	18
191.0	8821	32	30	10794	30	1800	1489	13
191.0	9055	1	2	10795	0	1680	901	15
191.0	9519	14	14	10796	13	1957	58	15
191.0	7984	16	19	10797	12	581	1619	13
191.0	8216	13	10	10798	16	1441	1500	18
191.0	9148	30	28	10799	32	1773	248	16
191.0	9823	35	35	10800	32	1955	581	13
191.0	7382	5	6	10801	3	691	1564	14
191.0	8922	19	18	10802	20	1580	1466	16
191.0	9088	19	18	10803	19	1691	935	12
191.0	7472	10	12	10804	7	641	1340	16
191.0	8520	16	18	10805	14	1948	685	17
191.0	9501	26	25	10806	24	1959	716	13
191.0	8462	11	11	10807	11	1363	1594	15
191.0	8947	11	12	10808	10	1301	1589	11
191.0	8356	5	6	10809	4	817	1761	17
191.0	8070	39	41	10810	34	657	1725	9
191.0	8666	22	24	10811	20	398	807	15
191.0	8825	17	14	10812	19	1860	800	15
191.0	6926	20	25	10813	14	15	1810	13
191.0	7071	17	17	10814	17	1999	1249	19
191.0	8963	6	6	10815	5	1693	1090	15
191.0	7641	6	6	10816	5	1298	1648	14
191.0	9457	23	22	10817	20	1016	482	11
191.0	9623	17	18	10818	16	1886	1198	13
191.0	8646	33	37	10819	27	769	503	11
191.0	9478	25	25	10820	23	1231	431	10
191.0	9805	13	13	10821	12	1865	1467	15
191.0	8799	27	29	10822	25	820	1511	13
191.0	9124	18	14	10823	21	1345	1581	12
191.0	7567	38	37	10824	38	1710	760	13
191.0	8284	15	16	10825	14	579	1191	9
191.0	7179	22	24	10826	18	564	1684	9
191.0	8645	19	16	10827	22	1688	1592	17
191.0	7443	2	2	10828	2	1653	1002	13
191.0	8405	15	16	10829	13	580	850	13
191.0	7355	21	17	10830	23	1281	561	14
191.0	9604	23	22	10831	23	1921	857	16
191.0	8194	7	8	10832	6	1128	639	16
191.0	9236	5	8	10833	2	1334	1663	11
191.0	7713	37	25	10834	48	1388	458	14
191.0	9789	10	12	10835	8	1590	967	13
191.0	8886	26	24	10836	26	1868	1259	11
191.0	8501	20	20	10837	20	1746	852	9
191.0	8648	28	30	10838	24	1694	1689	14
191.0	8309	29	29	10839	29	1946	834	14
191.0	9470	6	6	10840	6	1339	1554	17
191.0	8489	15	12	10841	18	951	1600	14
191.0	9115	40	32	10842	45	1660	846	17
191.0	9572	23	24	10843	21	1590	866	15
191.0	8829	41	43	10844	37	405	908	12
191.0	8500	37	32	10845	39	1073	1979	15
191.0	8998	28	29	10846	24	1658	480	15
191.0	8519	23	19	10847	26	556	689	16
191.0	8442	17	18	10848	16	1818	1114	19
191.0	10167	19	17	10849	20	600	1521	16
191.0	8838	10	9	10850	11	883	531	12
191.0	8604	34	33	10851	34	554	758	15
191.0	6962	17	17	10852	17	321	802	16
191.0	8676	20	12	10853	26	1478	1999	16
191.0	9824	46	49	10854	41	1693	896	16
191.0	8913	8	8	10855	8	564	1549	13
191.0	9339	26	23	10856	28	1806	563	16
191.0	8691	38	41	10857	32	698	1906	11
191.0	7062	19	26	10858	12	1339	1522	18
191.0	10255	40	36	10859	43	1841	971	15
191.0	9233	21	14	10860	28	672	680	19
191.0	7688	11	18	10861	4	832	492	12
191.0	9372	23	24	10862	22	291	1582	12
191.0	10020	15	15	10863	15	1809	1002	14
191.0	8793	24	23	10864	22	204	528	16
192.0	9888	14	12	10865	13	1728	1350	19
192.0	7062	26	22	10866	28	1339	1522	19
192.0	9019	25	23	10867	27	1971	833	16
192.0	7971	4	4	10868	4	1600	1026	17
192.0	9228	36	33	10869	37	1896	97	9
192.0	9951	17	14	10870	20	1922	708	17
192.0	9562	32	33	10871	28	1889	1223	12
192.0	9669	1	0	10872	2	1129	1576	17
192.0	9721	9	6	10873	11	987	1577	17
192.0	8344	24	23	10874	23	1846	846	14
192.0	7144	18	15	10875	21	1378	114	10
192.0	9591	30	27	10876	32	1037	540	14
192.0	8098	29	29	10877	29	1349	39	11
192.0	9823	35	32	10878	37	1878	534	14
192.0	9326	18	13	10879	23	892	510	13
192.0	8747	29	26	10880	30	1850	1317	13
192.0	8149	27	20	10881	33	1832	1135	12
192.0	9055	2	4	10882	0	1693	914	16
192.0	7179	24	23	10883	23	564	1684	10
192.0	9555	22	19	10884	24	1907	1093	11
192.0	7989	18	15	10885	20	949	1556	14
192.0	9916	14	14	10886	12	1850	1355	12
192.0	7686	32	24	10887	37	1128	422	13
192.0	7266	5	5	10888	5	1292	1771	16
192.0	9061	29	32	10889	25	1860	1626	15
192.0	9072	7	6	10890	8	1602	1378	13
192.0	9583	16	12	10891	18	1550	1126	11
192.0	8947	12	13	10892	10	1301	1589	12
192.0	9373	27	24	10893	30	772	1805	15
192.0	9011	32	31	10894	31	609	732	16
192.0	7794	18	22	10895	13	1936	1088	11
192.0	8768	17	15	10896	18	1197	1521	18
192.0	6956	6	6	10897	5	934	511	13
192.0	9295	9	10	10898	8	845	1620	14
192.0	6990	10	6	10899	13	1269	524	12
192.0	7789	6	4	10900	7	1660	1441	17
192.0	9699	19	13	10901	22	161	856	14
192.0	9293	25	32	10902	18	1899	944	14
192.0	9824	49	47	10903	47	1693	896	17
192.0	7747	14	12	10904	15	1596	1610	12
192.0	9639	14	17	10905	7	516	1139	10
192.0	8153	18	17	10906	18	1568	685	12
192.0	8816	21	17	10907	25	599	1302	13
192.0	8170	23	22	10908	22	1936	872	16
192.0	7662	14	16	10909	9	1030	1877	13
192.0	8646	37	29	10910	43	769	503	12
192.0	8049	28	30	10911	25	567	1957	12
192.0	9056	31	35	10912	27	1883	919	14
192.0	8823	25	26	10913	22	1442	1584	13
192.0	9637	11	8	10914	12	870	486	11
192.0	9174	24	25	10915	23	207	579	15
192.0	7954	28	29	10916	26	1601	1142	11
192.0	8274	33	41	10917	25	1999	574	13
192.0	9864	14	16	10918	10	529	820	13
192.0	8890	28	28	10919	26	222	1747	10
192.0	7927	29	31	10920	26	1330	1999	12
192.0	7357	9	10	10921	7	626	1411	15
192.0	8584	16	17	10922	14	80	378	13
192.0	8268	37	35	10923	36	1658	1172	16
192.0	7723	14	7	10924	20	550	1139	12
192.0	8519	19	20	10925	17	556	667	17
192.0	8922	18	18	10926	17	1580	1466	17
192.0	7861	23	27	10927	18	746	1829	13
192.0	9044	39	38	10928	39	541	628	12
192.0	8779	26	26	10929	25	1934	427	15
192.0	9491	26	25	10930	27	421	881	13
192.0	10006	31	30	10931	29	1632	994	17
192.0	8889	2	4	10932	0	1626	1020	16
192.0	7704	10	8	10933	12	798	1612	16
192.0	9100	28	26	10934	28	1693	1231	13
192.0	7175	17	15	10935	18	1079	610	12
192.0	8707	0	0	10936	0	1065	1591	18
193.0	7431	10	13	10937	6	1869	1965	16
193.0	9214	26	33	10938	17	316	914	13
193.0	8889	4	3	10939	5	1626	1020	17
193.0	8029	14	21	10940	7	1146	1520	15
193.0	7455	8	6	10941	9	1503	890	12
193.0	8287	29	27	10942	31	1715	1079	12
193.0	7828	31	32	10943	28	482	867	15
193.0	9121	16	12	10944	19	523	346	16
193.0	8934	27	29	10945	24	514	779	17
193.0	9959	10	11	10946	9	1259	1742	13
193.0	9804	21	23	10947	19	1979	762	15
193.0	9000	29	26	10948	32	1849	1043	15
193.0	9466	17	24	10949	9	1968	1333	15
193.0	8166	19	16	10950	22	1867	0	15
193.0	9203	44	42	10951	46	1700	32	16
193.0	9128	24	18	10952	29	1894	881	15
193.0	8607	37	39	10953	32	714	1965	11
193.0	7971	4	5	10954	2	1600	1026	18
193.0	9429	21	17	10955	25	1102	1800	14
193.0	7530	30	28	10956	31	790	1587	13
193.0	8583	11	12	10957	10	610	1597	15
193.0	7943	23	24	10958	22	680	1352	13
193.0	7966	43	45	10959	37	1394	1999	15
193.0	9602	21	22	10960	18	498	1206	10
193.0	10278	10	6	10961	12	838	1932	14
193.0	8080	32	28	10962	35	1713	1172	14
193.0	9688	4	4	10963	4	970	517	13
193.0	9717	26	31	10964	21	788	403	14
193.0	9060	25	31	10965	19	1788	54	13
193.0	9686	13	13	10966	12	1650	1552	15
193.0	8326	10	11	10967	9	1508	860	11
193.0	9835	3	4	10968	1	1069	1573	16
193.0	9941	23	25	10969	19	1153	446	11
193.0	8381	15	13	10970	16	1360	580	15
193.0	9264	25	23	10971	26	737	1770	12
193.0	9481	15	16	10972	13	35	1835	13
193.0	9889	17	19	10973	14	1816	1290	15
193.0	9815	15	18	10974	8	763	590	14
193.0	10109	21	17	10975	23	1600	801	14
193.0	8754	41	37	10976	42	144	0	13
193.0	8556	31	32	10977	30	1943	1122	14
193.0	8768	15	15	10978	13	1197	1521	19
193.0	9307	29	35	10979	22	1312	1846	14
193.0	7794	22	20	10980	24	1936	1088	12
193.0	8646	29	25	10981	32	769	503	13
193.0	7654	23	26	10982	19	1398	239	14
193.0	8402	30	27	10983	31	1857	1119	12
193.0	9373	24	28	10984	20	772	1805	16
193.0	9658	25	26	10985	23	283	1958	10
193.0	9954	14	13	10986	15	1559	1479	17
193.0	8890	28	25	10987	28	222	1747	11
193.0	8094	3	1	10988	5	761	1526	15
193.0	9013	27	22	10989	28	894	279	15
193.0	10927	18	16	10990	20	733	1841	14
193.0	8803	20	18	10991	21	169	1773	13
193.0	9982	15	13	10992	16	1608	1466	16
193.0	8716	20	23	10993	17	728	562	11
193.0	9123	31	30	10994	29	52	1166	12
193.0	9495	19	17	10995	20	1791	968	13
193.0	7357	10	15	10996	5	626	1411	16
193.0	7807	10	12	10997	8	572	760	11
193.0	9355	44	45	10998	40	1750	1999	16
193.0	6925	8	8	10999	7	773	1943	14
193.0	9162	13	11	11000	15	1557	1839	14
193.0	10480	7	8	11001	6	838	541	13
193.0	8058	27	24	11002	30	1207	85	14
193.0	8344	23	21	11003	24	1846	846	15
193.0	10348	3	2	11004	3	1626	1467	18
193.0	9134	34	31	11005	34	1741	1460	12
193.0	8510	24	23	11006	22	681	604	18
194.0	8901	4	3	11007	4	1796	773	14
194.0	8596	25	28	11008	21	1980	1375	13
194.0	9503	13	16	11009	10	792	621	15
194.0	7606	7	4	11010	10	894	1648	16
194.0	8157	28	25	11011	26	1600	924	13
194.0	7807	12	12	11012	12	572	760	12
194.0	9461	12	11	11013	13	1849	865	13
194.0	8841	15	14	11014	14	792	1520	12
194.0	9623	18	10	11015	26	1886	1198	14
194.0	8402	27	25	11016	28	1857	1119	13
194.0	9407	29	28	11017	28	1913	821	16
194.0	9903	18	17	11018	17	1986	1140	17
194.0	9468	14	14	11019	14	234	959	9
194.0	8952	18	12	11020	24	1880	1316	14
194.0	7681	19	21	11021	17	1846	461	12
194.0	8288	34	34	11022	34	1960	915	15
194.0	9351	12	9	11023	14	1859	1228	13
194.0	8776	41	34	11024	44	1746	1148	18
194.0	7845	8	4	11025	11	1644	1367	14
194.0	8846	25	30	11026	20	1849	993	13
194.0	8416	33	31	11027	34	1830	1360	14
194.0	9408	28	28	11028	27	1987	1297	15
194.0	7352	23	20	11029	23	1610	1309	12
194.0	8381	13	11	11030	15	1360	580	16
194.0	9299	19	15	11031	20	307	761	15
194.0	7573	9	9	11032	9	851	620	16
194.0	8020	10	12	11033	8	1158	491	11
194.0	9369	5	5	11034	5	1302	526	17
194.0	8771	4	4	11035	4	1628	1308	12
194.0	8725	20	22	11036	16	1790	1392	13
194.0	8551	17	17	11037	16	459	1149	9
194.0	9203	42	44	11038	38	1700	32	17
194.0	10006	30	33	11039	27	1632	994	18
194.0	7069	14	14	11040	13	1532	808	14
194.0	7209	33	37	11041	29	1238	1999	16
194.0	8326	11	9	11042	13	1508	860	12
194.0	9779	50	53	11043	43	1920	931	14
194.0	8662	28	31	11044	23	1999	1733	12
194.0	9638	8	10	11045	4	1676	1373	14
194.0	9157	29	31	11046	23	1749	744	13
194.0	9180	16	17	11047	15	1981	1452	12
194.0	8642	15	14	11048	16	738	1972	14
194.0	8522	37	35	11049	34	1018	439	11
194.0	9698	20	20	11050	20	472	1946	11
194.0	9100	26	21	11051	30	1693	1231	14
194.0	10133	24	24	11052	21	409	1117	9
194.0	7675	24	19	11053	28	1367	1830	14
194.0	10210	16	11	11054	20	1969	1596	13
194.0	10072	21	21	11055	21	1505	640	15
194.0	8093	17	15	11056	19	486	1960	11
194.0	9045	4	2	11057	6	1482	1441	12
194.0	8746	29	29	11058	29	1960	1674	12
194.0	9202	16	21	11059	11	1782	1593	14
194.0	8006	15	16	11060	13	1776	1323	20
194.0	9895	28	19	11061	36	1059	639	13
194.0	7406	17	15	11062	18	660	1941	12
194.0	9292	25	24	11063	26	1501	797	16
194.0	9688	4	4	11064	4	970	517	14
194.0	7465	25	23	11065	27	281	1527	16
194.0	9307	35	38	11066	32	1312	1846	15
194.0	9060	31	31	11067	28	1861	49	14
194.0	7346	21	22	11068	17	1452	536	14
194.0	10362	15	17	11069	13	793	1723	17
195.0	9536	11	8	11070	14	1429	617	13
195.0	9273	41	38	11071	42	1540	1976	13
195.0	10092	17	15	11072	18	868	1774	15
195.0	8700	15	12	11073	17	493	1302	15
195.0	8874	11	13	11074	9	1186	451	12
195.0	9378	17	17	11075	17	752	488	14
195.0	9329	34	29	11076	36	1538	1060	15
195.0	9009	24	27	11077	20	1999	594	12
195.0	7651	29	30	11078	28	332	1999	14
195.0	7911	15	13	11079	17	545	1632	13
195.0	8593	13	16	11080	10	1981	919	18
195.0	9142	7	7	11081	7	1386	619	15
195.0	8496	18	19	11082	17	621	869	15
195.0	10927	16	19	11083	12	733	1841	15
195.0	9174	25	28	11084	22	334	623	16
195.0	9405	15	16	11085	13	591	1397	12
195.0	9319	22	28	11086	13	232	790	11
195.0	7357	15	12	11087	15	626	1411	17
195.0	9408	28	22	11088	32	1987	1297	16
195.0	8522	35	32	11089	37	1018	439	12
195.0	10390	17	17	11090	16	1848	764	15
195.0	7675	19	22	11091	16	1390	1830	15
195.0	7822	17	19	11092	13	129	536	14
195.0	8779	26	30	11093	22	1934	427	16
195.0	9436	14	10	11094	18	1650	1804	13
195.0	10210	11	9	11095	12	1969	1596	14
195.0	9290	28	27	11096	27	1366	376	17
195.0	10200	17	21	11097	13	1339	1554	18
195.0	9367	20	23	11098	16	1885	1882	12
195.0	9340	9	7	11099	11	1517	1448	18
195.0	9412	15	13	11100	17	1801	815	15
195.0	9143	17	15	11101	18	502	1514	14
195.0	8813	14	14	11102	13	1280	660	18
195.0	10509	24	27	11103	20	811	1450	16
195.0	9230	9	11	11104	7	461	1239	13
195.0	7205	13	14	11105	12	690	769	12
195.0	8776	34	29	11106	37	1746	1148	19
195.0	9304	8	5	11107	11	631	1596	13
195.0	9477	25	26	11108	22	490	1159	11
195.0	7730	7	10	11109	4	1299	1548	15
195.0	9126	43	37	11110	48	1721	1222	15
195.0	9351	9	9	11111	9	1859	1228	14
195.0	10546	7	7	11112	7	572	1494	15
195.0	9480	30	36	11113	21	513	972	10
195.0	9000	26	22	11114	27	1861	1055	16
195.0	9356	20	19	11115	20	27	728	12
195.0	9461	11	14	11116	8	1849	865	14
195.0	7411	33	28	11117	37	1972	811	14
195.0	8881	9	13	11118	5	1213	1652	12
195.0	7514	22	18	11119	24	1819	850	14
195.0	6877	7	4	11120	10	809	1468	14
195.0	9397	30	29	11121	30	1916	1031	12
195.0	8293	25	24	11122	25	1681	1284	20
195.0	9510	12	9	11123	13	1362	1662	13
195.0	10060	14	12	11124	16	1556	1610	12
195.0	8894	18	18	11125	18	1954	1073	12
195.0	7429	9	8	11126	9	1241	590	15
195.0	9193	34	32	11127	35	1813	650	14
195.0	9881	11	11	11128	11	1947	1318	14
195.0	8777	13	8	11129	18	1719	1454	17
195.0	8420	13	12	11130	14	688	1390	14
195.0	9414	21	19	11131	22	938	1801	17
195.0	8970	14	14	11132	13	1877	1752	16
195.0	8381	11	9	11133	12	1360	580	17
195.0	7266	5	6	11134	4	1292	1771	17
195.0	9459	9	10	11135	8	855	1720	14
195.0	8725	22	19	11136	24	1858	1386	14
195.0	7025	4	5	11137	3	1541	1341	15
195.0	10402	17	15	11138	18	1253	1771	13
195.0	8851	15	16	11139	14	610	1647	14
195.0	8031	29	25	11140	33	1331	387	16
195.0	7560	28	25	11141	29	1903	1331	13
195.0	8070	41	37	11142	42	657	1725	10
195.0	8079	21	18	11143	23	1943	1040	16
196.0	7213	11	11	11144	9	1501	980	16
196.0	6928	11	10	11145	11	480	641	18
196.0	7687	12	8	11146	15	1202	1612	11
196.0	10073	29	24	11147	32	1130	531	12
196.0	7688	18	20	11148	16	832	492	13
196.0	9081	36	31	11149	40	1768	745	11
196.0	9273	38	39	11150	35	1540	1976	14
196.0	8099	14	13	11151	14	1783	887	14
196.0	7817	14	15	11152	13	1550	1504	17
196.0	10024	13	15	11153	10	867	1640	13
196.0	9405	16	16	11154	15	591	1397	13
196.0	9554	20	19	11155	21	761	652	12
196.0	8911	14	9	11156	18	1975	998	16
196.0	10170	15	11	11157	19	1611	830	10
196.0	7434	31	33	11158	29	21	953	12
196.0	10445	33	28	11159	36	599	1268	13
196.0	8534	3	2	11160	3	1723	1266	15
196.0	9304	5	6	11161	4	631	1596	14
196.0	8147	26	23	11162	29	750	1852	15
196.0	9334	21	25	11163	17	1613	888	14
196.0	10070	8	8	11164	8	1520	702	15
196.0	8292	4	5	11165	3	1649	831	15
196.0	9685	27	27	11166	26	820	1587	13
196.0	9862	12	12	11167	11	421	789	15
196.0	9828	14	14	11168	12	1458	730	17
196.0	10903	47	49	11169	44	1713	896	18
196.0	8563	31	28	11170	32	1600	1084	16
196.0	8837	7	5	11171	8	1489	920	13
196.0	7421	8	5	11172	10	1260	380	12
196.0	9483	4	3	11173	4	1162	1708	15
196.0	10082	14	18	11174	10	764	1633	14
196.0	8526	29	33	11175	25	0	1840	13
196.0	9617	34	40	11176	28	210	1688	12
196.0	8420	12	12	11177	12	688	1390	15
196.0	10014	23	19	11178	27	710	528	12
196.0	8711	17	13	11179	20	424	1228	14
196.0	7929	15	13	11180	16	1478	605	10
196.0	8293	24	18	11181	30	1681	1284	21
196.0	7829	30	33	11182	26	452	942	11
196.0	9186	18	19	11183	17	478	776	17
196.0	8759	24	28	11184	20	1021	40	12
196.0	9326	13	13	11185	11	892	510	14
196.0	10092	15	18	11186	12	868	1774	16
196.0	9230	11	12	11187	10	461	1239	14
196.0	10492	4	5	11188	3	1632	1092	16
196.0	10175	15	15	11189	14	1803	1132	17
196.0	8537	21	19	11190	21	61	1791	12
196.0	8029	21	17	11191	22	1146	1520	16
196.0	8928	16	15	11192	16	422	686	15
196.0	7663	25	21	11193	29	1849	1069	10
196.0	9982	13	11	11194	15	1608	1466	17
196.0	8728	37	45	11195	27	990	505	8
196.0	10004	23	24	11196	20	1837	1191	12
196.0	7906	23	21	11197	23	510	760	11
196.0	8354	41	39	11198	41	1782	1216	16
196.0	8645	16	19	11199	13	1688	1592	18
196.0	8937	26	19	11200	32	1627	546	11
196.0	8048	24	25	11201	23	1780	469	14
196.0	10133	24	25	11202	23	409	1117	10
196.0	9525	21	21	11203	20	1607	538	15
196.0	7140	15	18	11204	11	705	1652	15
196.0	8529	33	36	11205	29	1925	1901	14
196.0	11130	14	15	11206	13	700	1402	15
196.0	8121	20	20	11207	20	1999	1999	16
196.0	10031	22	25	11208	19	1961	574	13
196.0	9129	31	31	11209	29	1017	420	11
196.0	10438	27	23	11210	31	1983	1274	17
196.0	9023	9	8	11211	9	1950	1972	12
196.0	10286	16	17	11212	13	61	1823	12
196.0	8693	26	29	11213	20	1902	1393	12
196.0	8990	19	18	11214	19	568	586	19
196.0	8531	12	14	11215	8	1943	1435	16
196.0	9145	22	22	11216	22	741	609	12
196.0	9290	27	29	11217	22	1366	376	18
197.0	8098	29	30	11218	28	1349	39	12
197.0	9076	2	4	11219	0	1135	1581	16
197.0	7860	29	31	11220	26	600	798	13
197.0	11201	23	18	11221	26	1780	486	15
197.0	10589	28	29	11222	25	1800	1054	14
197.0	8286	30	36	11223	22	1868	992	15
197.0	9040	34	37	11224	30	143	243	13
197.0	8470	25	21	11225	25	1120	1509	13
197.0	9710	15	14	11226	15	504	1329	14
197.0	9986	4	3	11227	5	447	733	20
197.0	10133	25	24	11228	25	409	1117	11
197.0	8992	33	23	11229	41	1973	1123	14
197.0	10118	22	23	11230	21	365	1040	12
197.0	8267	27	31	11231	22	1069	518	12
197.0	8966	16	20	11232	10	1051	1765	17
197.0	9226	29	36	11233	22	1876	1460	15
197.0	9418	15	16	11234	14	716	1679	15
197.0	9822	22	21	11235	23	1849	496	16
197.0	7050	38	34	11236	41	1936	1067	14
197.0	9301	19	15	11237	23	1520	1606	16
197.0	9259	39	45	11238	31	503	55	13
197.0	10086	8	5	11239	11	753	1669	13
197.0	7144	15	13	11240	16	1422	135	11
197.0	7259	36	41	11241	30	1731	1851	15
197.0	8706	26	30	11242	21	1134	1648	10
197.0	10082	18	17	11243	19	764	1633	15
197.0	7768	16	13	11244	19	580	789	11
197.0	9804	23	19	11245	26	1979	762	16
197.0	10358	31	28	11246	31	1784	1187	18
197.0	9558	23	26	11247	18	1798	1531	11
197.0	7817	15	14	11248	16	1550	1504	18
197.0	9511	21	18	11249	22	428	1112	12
197.0	8661	29	29	11250	28	1956	1412	11
197.0	10597	17	11	11251	23	59	1199	16
197.0	9183	18	11	11252	24	373	1126	10
197.0	9419	16	13	11253	18	595	1951	13
197.0	7791	23	27	11254	17	1999	1274	17
197.0	8014	27	28	11255	26	1068	1999	14
197.0	8210	18	15	11256	21	928	454	16
197.0	8529	36	40	11257	28	1925	1901	15
197.0	10004	24	24	11258	23	1837	1191	13
197.0	10383	20	25	11259	15	1967	486	16
197.0	8138	7	6	11260	8	948	1632	12
197.0	8961	16	15	11261	17	1400	1539	12
197.0	8759	28	33	11262	22	1021	40	13
197.0	8500	32	24	11263	38	1017	1917	16
197.0	10131	41	36	11264	39	1827	1408	14
197.0	9883	33	31	11265	34	54	664	13
197.0	9388	11	11	11266	11	519	890	12
197.0	7657	8	10	11267	6	1710	1375	19
197.0	6943	2	2	11268	2	1651	962	17
197.0	8531	14	13	11269	15	1943	1455	17
197.0	9117	6	3	11270	9	1651	1080	14
197.0	10014	19	18	11271	17	710	528	13
197.0	8614	2	1	11272	3	1646	1040	16
197.0	9274	16	19	11273	13	657	532	13
197.0	9909	37	40	11274	31	592	758	17
197.0	10749	21	17	11275	24	1706	1328	20
197.0	7528	8	11	11276	5	448	855	14
197.0	9028	15	15	11277	12	1630	794	14
197.0	8420	12	11	11278	12	688	1390	16
197.0	9810	28	28	11279	25	1842	1999	15
197.0	9976	22	22	11280	22	1709	1126	11
197.0	7747	12	11	11281	12	1596	1610	13
197.0	8501	20	21	11282	18	1746	852	10
197.0	8711	13	7	11283	17	424	1228	15
197.0	7049	14	16	11284	11	510	803	13
197.0	9208	20	20	11285	20	1955	993	14
197.0	9606	23	27	11286	17	1477	1478	17
197.0	8100	25	24	11287	25	778	355	15
197.0	10537	15	15	11288	11	1013	1630	15
197.0	10781	21	14	11289	28	231	378	15
197.0	7687	8	6	11290	10	1202	1612	12
197.0	9297	10	10	11291	10	906	1719	14
197.0	9834	32	31	11292	30	319	341	11
197.0	9109	6	6	11293	6	521	1047	11
197.0	8058	24	28	11294	18	1207	85	15
197.0	9889	19	19	11295	17	1816	1290	16
197.0	9032	18	20	11296	14	1762	1294	17
197.0	7069	14	13	11297	15	1532	808	15
197.0	9334	25	26	11298	24	1613	888	15
197.0	9670	24	27	11299	21	501	583	17
197.0	9436	10	13	11300	6	1650	1804	14
197.0	10253	19	13	11301	24	342	802	15
197.0	10883	23	18	11302	27	634	1669	11
198.0	8149	20	19	11303	19	1832	1135	13
198.0	8327	12	13	11304	9	1953	1368	13
198.0	8210	15	15	11305	15	928	454	17
198.0	9348	30	32	11306	26	1569	664	18
198.0	7714	10	8	11307	11	1800	1257	20
198.0	10591	37	30	11308	41	1756	993	17
198.0	8932	12	14	11309	9	628	436	14
198.0	7901	27	29	11310	23	1707	832	17
198.0	8015	27	35	11311	19	1999	762	14
198.0	9951	14	8	11312	19	1922	708	18
198.0	9247	27	20	11313	30	1610	1192	15
198.0	9926	25	27	11314	21	1537	1556	19
198.0	9907	25	21	11315	28	254	347	15
198.0	8916	23	21	11316	23	1240	529	15
198.0	8710	24	19	11317	29	515	26	14
198.0	8209	29	33	11318	21	1949	1232	20
198.0	9691	22	25	11319	16	1899	1118	11
198.0	9630	20	11	11320	24	1762	1582	10
198.0	10627	13	9	11321	16	1830	980	14
198.0	8830	14	12	11322	14	646	1530	13
198.0	9700	29	27	11323	28	1207	29	10
198.0	9572	24	22	11324	25	1590	866	16
198.0	10274	13	13	11325	12	606	1559	14
198.0	10217	37	29	11326	41	669	840	13
198.0	9274	19	19	11327	19	657	532	14
198.0	10054	31	35	11328	27	1982	985	14
198.0	9433	7	8	11329	6	1341	1707	12
198.0	8958	24	19	11330	27	1552	1668	11
198.0	8520	18	14	11331	21	1976	649	18
198.0	9488	1	1	11332	1	1328	568	15
198.0	10012	40	37	11333	42	49	434	13
198.0	8352	7	5	11334	8	1559	1449	18
198.0	7431	13	18	11335	8	1869	1965	17
198.0	9499	2	4	11336	0	1563	1401	14
198.0	6979	14	12	11337	14	1271	1792	15
198.0	10382	21	22	11338	17	1953	1841	15
198.0	9140	22	23	11339	20	422	1058	9
198.0	10204	14	13	11340	14	851	1694	15
198.0	9809	22	27	11341	16	1033	347	14
198.0	9511	18	15	11342	21	428	1112	13
198.0	9851	18	16	11343	19	1013	1828	16
198.0	8500	24	25	11344	22	985	1851	17
198.0	9284	19	21	11345	17	867	1687	11
198.0	10489	18	16	11346	20	1886	82	18
198.0	7823	15	14	11347	14	705	907	15
198.0	9237	28	31	11348	23	1867	971	16
198.0	9658	26	27	11349	25	283	1958	11
198.0	9236	8	9	11350	7	1334	1663	12
198.0	8636	19	20	11351	18	1791	1377	12
198.0	8744	33	33	11352	32	1974	546	13
198.0	9754	8	9	11353	7	1359	526	14
198.0	8748	15	14	11354	16	603	1976	11
198.0	9345	17	16	11355	18	1928	1387	16
198.0	9459	10	8	11356	11	855	1742	15
198.0	9607	29	25	11357	31	1764	1127	19
198.0	8800	14	12	11358	11	459	1029	14
198.0	9364	13	13	11359	13	1666	822	17
198.0	8950	16	12	11360	20	1370	1381	15
198.0	8066	42	33	11361	49	468	1121	16
198.0	6982	27	28	11362	25	1302	1836	14
198.0	9228	33	37	11363	28	1959	130	10
198.0	9912	19	13	11364	24	1570	1507	15
198.0	9999	23	19	11365	25	1856	1101	12
198.0	11067	28	34	11366	21	1845	49	15
198.0	8491	15	14	11367	14	371	1999	12
198.0	8166	16	21	11368	11	1867	0	16
198.0	8330	5	4	11369	6	1264	1611	19
198.0	10194	18	19	11370	17	402	952	12
198.0	9732	25	22	11371	27	1902	990	11
198.0	9893	20	23	11372	17	1889	804	17
198.0	9897	16	16	11373	14	330	1218	10
198.0	8706	30	31	11374	26	1121	1661	11
198.0	10033	11	10	11375	12	749	1578	13
198.0	9704	12	12	11376	12	830	1793	14
198.0	7909	12	12	11377	10	1948	1010	13
198.0	8995	28	24	11378	30	1608	1278	15
198.0	9574	28	23	11379	33	1807	1092	9
198.0	9307	38	38	11380	38	1327	1846	16
198.0	8262	18	21	11381	15	1644	949	14
198.0	9358	25	24	11382	25	1757	830	12
198.0	8947	13	6	11383	20	1301	1589	13
198.0	9021	24	22	11384	26	1967	1544	19
198.0	9889	19	18	11385	20	1816	1290	17
198.0	10372	9	11	11386	6	1758	1334	18
198.0	8701	33	30	11387	36	1956	1892	12
198.0	9905	45	43	11388	46	263	961	13
198.0	9355	45	54	11389	34	1750	1999	17
198.0	8098	30	26	11390	34	1349	39	13
198.0	7403	2	3	11391	1	940	563	15
198.0	9342	0	0	11392	0	1445	1529	15
198.0	8793	23	16	11393	30	71	516	17
198.0	10483	24	27	11394	19	1676	784	16
198.0	9427	26	35	11395	15	299	1096	14
198.0	10474	26	25	11396	27	1984	722	14
198.0	8466	1	1	11397	1	1310	574	14
198.0	9436	13	15	11398	10	1650	1804	15
198.0	8907	23	23	11399	22	0	739	12
198.0	8529	40	37	11400	42	1925	1901	16
198.0	8941	7	7	11401	7	541	1528	13
199.0	11146	15	11	11402	18	1175	1638	12
199.0	9021	22	25	11403	17	1967	1544	20
199.0	9877	22	22	11404	21	1890	1387	13
199.0	7062	22	25	11405	18	1339	1522	20
199.0	7446	44	46	11406	42	1999	1218	20
199.0	9805	13	12	11407	13	1865	1489	16
199.0	8738	10	9	11408	10	1770	1474	14
199.0	9810	28	27	11409	29	1842	1999	16
199.0	10001	28	19	11410	33	1958	1122	14
199.0	8676	12	15	11411	9	1478	1999	17
199.0	10042	31	31	11412	29	1276	340	14
199.0	9496	21	19	11413	21	477	1409	15
199.0	8748	14	14	11414	13	603	1976	12
199.0	9436	15	17	11415	12	1650	1804	16
199.0	8903	22	21	11416	21	1070	680	16
199.0	10019	30	34	11417	21	16	1840	13
199.0	9247	20	19	11418	19	1610	1192	16
199.0	10383	25	25	11419	23	1967	486	17
199.0	9714	21	18	11420	23	297	514	14
199.0	9162	11	13	11421	9	1511	1820	15
199.0	9772	11	10	11422	9	1186	491	11
199.0	9947	37	42	11423	30	1855	1153	12
199.0	9483	3	3	11424	2	1162	1708	16
199.0	10418	24	26	11425	22	1681	666	11
199.0	8210	15	16	11426	13	928	454	18
199.0	10336	9	7	11427	11	699	1541	15
199.0	8061	4	2	11428	6	1459	636	14
199.0	10284	27	22	11429	29	1827	1256	13
199.0	8352	5	6	11430	4	1559	1449	19
199.0	9627	35	27	11431	39	363	679	11
199.0	8400	17	20	11432	13	1981	433	16
199.0	10625	22	20	11433	21	361	750	15
199.0	9305	14	14	11434	13	549	862	15
199.0	7598	19	19	11435	18	344	750	15
199.0	6926	25	27	11436	22	91	1810	14
199.0	7647	25	27	11437	21	506	539	18
199.0	8806	19	19	11438	18	1775	683	13
199.0	10384	16	17	11439	14	830	557	13
199.0	10271	32	19	11440	43	1909	1885	15
199.0	10781	14	12	11441	16	231	378	16
199.0	9380	16	18	11442	13	1372	1450	13
199.0	9637	8	5	11443	11	870	486	12
199.0	7159	7	5	11444	8	809	502	13
199.0	8797	2	3	11445	1	1168	1602	18
199.0	8938	10	8	11446	11	425	831	18
199.0	8021	24	22	11447	26	1727	981	17
199.0	8886	24	24	11448	24	1868	1259	12
199.0	9658	27	24	11449	26	207	1950	12
199.0	7571	17	20	11450	13	1793	925	14
199.0	9420	21	20	11451	21	490	919	14
199.0	10214	40	34	11452	44	1921	899	15
199.0	9802	27	27	11453	26	791	1521	12
199.0	9049	3	3	11454	2	1127	1691	16
199.0	9453	9	10	11455	8	1301	681	14
199.0	9620	8	8	11456	8	1440	661	14
199.0	10507	17	17	11457	17	1976	603	12
199.0	8571	24	21	11458	24	1765	872	12
199.0	10033	10	10	11459	10	749	1578	14
199.0	8706	31	29	11460	31	1102	1661	12
199.0	10245	17	15	11461	18	358	652	16
199.0	9820	18	15	11462	20	1932	1956	16
199.0	8872	18	19	11463	17	794	467	13
199.0	8814	16	14	11464	16	1855	799	15
199.0	8435	15	18	11465	12	810	1630	11
199.0	8911	9	11	11466	7	1975	998	17
199.0	9510	9	7	11467	11	1428	1662	14
199.0	8800	12	16	11468	8	459	1029	15
199.0	9801	17	20	11469	13	1490	372	14
199.0	8695	37	34	11470	39	1589	712	13
199.0	7764	3	5	11471	1	1021	1509	20
199.0	8754	37	38	11472	34	144	0	14
199.0	8019	12	11	11473	13	1701	1976	14
199.0	9403	30	35	11474	24	1953	166	16
199.0	7667	39	36	11475	41	1226	43	18
199.0	8052	11	14	11476	8	1634	1120	14
199.0	9574	23	26	11477	19	1807	1092	10
199.0	9603	3	2	11478	4	699	1501	14
199.0	6895	16	17	11479	15	470	983	15
199.0	6982	28	33	11480	23	1302	1836	15
199.0	9659	27	29	11481	23	1780	136	17
199.0	8921	26	29	11482	22	1708	978	13
199.0	10927	19	27	11483	11	733	1841	16
199.0	7940	36	26	11484	43	1810	0	15
199.0	10836	26	28	11485	23	1882	1245	12
199.0	7864	17	15	11486	19	1999	1626	14
199.0	8862	11	13	11487	9	694	1616	14
199.0	8803	18	19	11488	16	169	1773	14
199.0	8932	14	16	11489	12	628	436	15
199.0	9626	33	32	11490	34	1733	1012	12
199.0	8098	26	23	11491	29	1349	39	14
199.0	9784	3	4	11492	2	1722	1455	14
199.0	9458	19	20	11493	16	1714	708	15
199.0	6953	15	20	11494	9	1889	0	18
199.0	8821	30	26	11495	33	1661	1834	14
200.0	7346	22	21	11496	22	1452	536	15
200.0	7654	26	33	11497	18	1440	295	15
200.0	9627	27	23	11498	29	363	679	12
200.0	8806	19	16	11499	19	1775	683	14
200.0	9299	15	12	11500	18	307	761	16
200.0	8928	15	16	11501	12	422	686	16
200.0	8725	19	10	11502	25	1858	1386	15
200.0	7822	19	19	11503	18	242	541	15
200.0	9903	17	15	11504	19	1986	1140	18
200.0	9626	32	33	11505	27	1733	1012	13
200.0	9355	54	48	11506	52	1750	1999	18
200.0	8830	12	10	11507	12	646	1530	14
200.0	10073	24	25	11508	22	1130	531	13
200.0	8124	36	35	11509	35	1909	1154	10
200.0	9319	28	24	11510	31	264	720	12
200.0	8501	21	16	11511	26	1746	870	11
200.0	8571	21	21	11512	20	1765	872	13
200.0	9123	30	28	11513	29	52	1166	13
200.0	8759	33	28	11514	36	926	179	14
200.0	9959	11	13	11515	9	1259	1742	14
200.0	7228	50	62	11516	34	307	1999	12
200.0	9026	15	14	11517	15	863	216	14
200.0	9057	23	26	11518	19	990	1635	15
200.0	10686	26	26	11519	25	1810	30	15
200.0	10211	25	25	11520	23	686	1720	11
200.0	10559	19	21	11521	17	523	1428	12
200.0	9346	21	18	11522	22	511	1031	14
200.0	9069	14	15	11523	13	1232	1771	13
200.0	9377	30	25	11524	32	1448	1969	16
200.0	9021	25	29	11525	20	1967	1544	21
200.0	8788	3	3	11526	3	1690	963	14
200.0	8240	40	37	11527	42	1999	628	14
200.0	9380	18	18	11528	18	1372	1450	14
200.0	8165	16	13	11529	18	490	1181	10
200.0	9784	4	5	11530	3	1722	1455	15
200.0	9358	24	23	11531	23	1757	813	13
200.0	9420	20	22	11532	18	490	919	15
200.0	9871	11	14	11533	7	712	1813	14
200.0	9270	41	37	11534	42	874	1913	15
200.0	8276	21	22	11535	18	642	600	17
200.0	8019	11	11	11536	11	1701	1976	15
200.0	10331	14	11	11537	16	1782	907	14
200.0	9911	12	12	11538	10	1450	761	16
200.0	9093	15	18	11539	11	1471	1567	17
200.0	10492	5	6	11540	3	1632	1092	17
200.0	6953	20	23	11541	17	1889	0	19
200.0	8953	6	4	11542	8	1660	1317	18
200.0	8215	43	42	11543	43	1999	1422	15
200.0	8851	16	19	11544	12	610	1647	15
200.0	9650	13	10	11545	16	1900	752	18
200.0	10253	13	10	11546	16	342	802	16
200.0	10137	21	19	11547	20	1742	1184	14
200.0	8015	35	38	11548	32	1999	762	15
200.0	7159	5	5	11549	5	809	502	14
200.0	10515	5	4	11550	6	462	703	19
200.0	10542	20	18	11551	22	1969	667	14
200.0	8893	22	29	11552	14	1406	130	15
200.0	9288	46	51	11553	37	1333	333	10
200.0	8825	14	13	11554	14	1860	782	16
200.0	7143	12	8	11555	14	1425	1760	15
200.0	10224	29	30	11556	26	1543	570	13
200.0	9476	19	21	11557	16	459	1097	10
200.0	8210	16	13	11558	18	928	454	19
200.0	10065	17	20	11559	10	427	1762	13
200.0	10057	2	2	11560	2	1678	1457	15
200.0	8601	4	1	11561	7	1433	1804	14
200.0	9904	50	54	11562	42	342	675	12
200.0	9657	11	13	11563	9	859	1671	15
200.0	7725	9	9	11564	9	608	1509	15
200.0	9589	11	7	11565	14	596	1702	13
200.0	9154	27	31	11566	23	1754	332	17
200.0	10374	35	32	11567	36	1953	1181	19
200.0	9050	20	18	11568	22	1061	1633	15
200.0	9771	15	10	11569	18	514	700	17
200.0	9373	28	29	11570	25	772	1805	17
200.0	8381	9	9	11571	9	1360	580	18
200.0	8995	24	15	11572	33	1608	1278	16
200.0	10556	23	28	11573	18	22	1105	15
200.0	9059	17	18	11574	14	1810	767	15
200.0	6993	0	0	11575	0	688	1460	17
201.0	9627	23	24	11576	20	363	679	13
201.0	8738	9	6	11577	12	1770	1474	15
201.0	10818	16	14	11578	17	1875	1187	14
201.0	10358	28	28	11579	26	1784	1187	19
201.0	9815	18	18	11580	18	752	579	15
201.0	10328	20	17	11581	22	321	773	16
201.0	10597	11	8	11582	13	81	1235	17
201.0	10528	21	23	11583	18	503	1494	18
201.0	7059	26	23	11584	26	1495	1632	15
201.0	6873	21	16	11585	26	1837	483	18
201.0	8821	26	24	11586	27	1594	1821	15
201.0	10559	21	21	11587	20	523	1428	13
201.0	9341	51	49	11588	51	1464	337	16
201.0	8100	24	18	11589	29	778	335	16
201.0	8586	25	29	11590	20	509	938	11
201.0	9299	12	10	11591	13	307	761	17
201.0	6953	23	20	11592	26	1889	0	20
201.0	8559	9	7	11593	11	1641	1320	16
201.0	9403	35	33	11594	36	1953	166	17
201.0	9893	23	22	11595	23	1889	804	18
201.0	9866	20	18	11596	20	1981	1051	15
201.0	8759	28	22	11597	34	919	256	15
201.0	10870	20	18	11598	22	1937	744	18
201.0	9726	14	15	11599	13	1978	891	17
201.0	8537	19	18	11600	19	61	1791	13
201.0	9203	44	41	11601	44	1718	139	18
201.0	9202	21	19	11602	23	1799	1593	15
201.0	8784	22	22	11603	22	90	765	14
201.0	7092	6	4	11604	7	1299	534	18
201.0	8625	18	19	11605	17	1512	689	15
201.0	7143	8	6	11606	10	1425	1760	16
201.0	9718	20	25	11607	15	583	1922	14
201.0	9802	27	31	11608	22	791	1521	13
201.0	8652	6	5	11609	7	1439	710	13
201.0	9534	24	24	11610	24	1920	1216	17
201.0	9633	38	32	11611	42	1551	1090	16
201.0	7861	27	31	11612	22	746	1829	14
201.0	8691	41	38	11613	43	698	1906	12
201.0	9836	12	12	11614	11	668	434	12
201.0	9509	22	20	11615	23	1576	790	12
201.0	9026	14	11	11616	17	863	216	15
201.0	9123	28	31	11617	24	52	1166	14
201.0	9264	23	21	11618	25	737	1770	13
201.0	10241	8	8	11619	7	1160	1529	14
201.0	8928	16	17	11620	12	422	686	17
201.0	7567	37	31	11621	42	1723	724	14
201.0	9354	6	4	11622	8	1508	732	14
201.0	9477	26	25	11623	23	490	1159	12
201.0	10058	20	22	11624	17	150	1053	11
201.0	8581	4	4	11625	4	1700	1050	17
201.0	10095	33	42	11626	24	1285	1630	12
201.0	10043	22	17	11627	26	820	1538	15
201.0	8776	29	22	11628	36	1746	1148	20
201.0	11153	10	10	11629	10	897	1640	14
201.0	10350	49	47	11630	49	1727	863	17
201.0	6916	29	29	11631	27	1513	237	17
201.0	9911	12	11	11632	13	1450	761	17
201.0	8049	30	25	11633	33	640	1999	13
201.0	10703	33	36	11634	28	412	1833	14
201.0	10033	10	8	11635	12	733	1594	15
201.0	8032	33	30	11636	36	1857	1405	14
201.0	10228	24	22	11637	25	1956	1869	12
201.0	9498	25	23	11638	23	1705	518	12
201.0	8089	5	4	11639	6	882	1626	13
201.0	7454	25	21	11640	27	1514	1490	15
201.0	9889	18	19	11641	17	1816	1290	18
201.0	8666	24	26	11642	22	398	807	16
201.0	10324	19	22	11643	15	421	1001	14
201.0	10073	25	27	11644	21	1130	531	14
201.0	7741	3	4	11645	2	1736	1413	15
201.0	8742	32	36	11646	28	1501	1520	20
201.0	9301	15	14	11647	16	1520	1644	17
201.0	6908	24	22	11648	26	830	1571	15
201.0	10620	2	4	11649	0	1361	1809	16
201.0	9839	17	13	11650	19	694	1978	16
201.0	8806	16	19	11651	13	1775	683	15
201.0	9467	18	22	11652	14	1182	1751	11
201.0	9352	24	24	11653	23	1528	647	13
201.0	9966	10	11	11654	8	1639	511	16
201.0	9148	28	30	11655	24	1656	64	17
201.0	9426	12	11	11656	13	640	682	15
201.0	9057	26	22	11657	27	990	1635	16
201.0	10161	12	11	11658	11	849	1774	16
201.0	8463	21	14	11659	24	225	1537	14
201.0	10653	36	36	11660	35	1953	628	14
201.0	10034	18	14	11661	21	1904	1754	14
201.0	9251	33	29	11662	37	1942	1728	15
201.0	9688	4	4	11663	4	970	517	15
201.0	9975	25	22	11664	28	1219	456	15
201.0	10116	23	21	11665	25	290	1335	14
202.0	10007	23	23	11666	23	76	1960	15
202.0	11615	23	21	11667	23	1589	803	13
202.0	10113	12	8	11668	14	770	1919	14
202.0	7498	18	21	11669	14	1611	1517	16
202.0	9966	11	4	11670	16	1639	511	17
202.0	8950	12	13	11671	9	1370	1381	16
202.0	10139	8	5	11672	11	1031	1621	16
202.0	8091	41	37	11673	45	69	1925	14
202.0	10402	15	18	11674	10	1274	1771	14
202.0	9561	21	24	11675	17	1730	1045	13
202.0	9028	15	17	11676	12	1630	774	15
202.0	10050	20	21	11677	18	408	1482	13
202.0	9651	36	28	11678	42	1964	602	17
202.0	7798	4	3	11679	4	1300	1610	14
202.0	7033	12	12	11680	12	740	1656	13
202.0	10161	11	7	11681	13	849	1774	17
202.0	10192	9	13	11682	5	1650	1122	14
202.0	9481	16	15	11683	16	35	1835	14
202.0	8835	42	38	11684	43	1930	1755	13
202.0	9127	20	14	11685	25	323	522	14
202.0	7179	23	21	11686	24	564	1684	11
202.0	10361	20	20	11687	19	591	546	19
202.0	9996	7	6	11688	8	1290	1701	14
202.0	7675	22	22	11689	21	1406	1814	16
202.0	10364	8	8	11690	8	950	1789	16
202.0	10607	31	28	11691	33	1630	106	15
202.0	10647	25	24	11692	25	1560	1644	15
202.0	9510	7	5	11693	7	1428	1662	15
202.0	10088	20	14	11694	25	1253	1670	11
202.0	9866	18	20	11695	13	1981	1051	16
202.0	9558	26	24	11696	27	1798	1531	12
202.0	9599	26	29	11697	23	615	561	18
202.0	8031	25	24	11698	25	1331	387	17
202.0	7330	9	8	11699	10	1411	1451	13
202.0	10268	4	6	11700	2	1361	607	15
202.0	9034	8	7	11701	9	1638	1349	17
202.0	9699	13	11	11702	15	161	856	15
202.0	9193	32	32	11703	32	1813	650	15
202.0	10064	21	23	11704	19	169	1302	13
202.0	9443	8	12	11705	4	1340	1491	14
202.0	9890	17	19	11706	15	1395	1495	13
202.0	7038	13	14	11707	10	1811	430	14
202.0	10324	22	24	11708	20	421	1001	15
202.0	9678	26	22	11709	30	661	460	14
202.0	10282	29	25	11710	32	1227	357	10
202.0	9459	8	5	11711	11	855	1742	16
202.0	9944	40	32	11712	45	1694	842	16
202.0	9447	13	11	11713	15	1787	866	14
202.0	8668	16	17	11714	14	1935	1298	13
202.0	7611	26	27	11715	24	1806	744	19
202.0	9356	19	22	11716	14	27	728	13
202.0	10013	20	18	11717	22	1137	1671	16
202.0	8200	27	26	11718	27	539	743	14
202.0	10284	22	17	11719	27	1827	1256	14
202.0	9689	9	9	11720	9	427	1457	15
202.0	9834	31	30	11721	32	319	341	12
202.0	7420	8	6	11722	10	516	1983	15
202.0	9314	10	11	11723	9	506	1280	13
202.0	8911	11	8	11724	12	1975	998	18
202.0	10380	23	21	11725	25	1683	1636	11
202.0	8021	22	18	11726	26	1743	981	18
202.0	9823	32	34	11727	29	1878	534	15
202.0	10986	15	20	11728	10	1559	1496	18
202.0	9931	18	17	11729	19	1565	689	14
202.0	8479	33	24	11730	42	1703	1021	14
202.0	9718	25	26	11731	22	583	1922	15
202.0	8551	17	19	11732	15	418	1132	10
202.0	9009	27	25	11733	27	1999	594	13
202.0	11153	10	9	11734	11	897	1640	15
202.0	6908	22	22	11735	22	830	1571	16
202.0	10387	40	40	11736	40	1877	576	15
202.0	10468	8	8	11737	8	1686	1533	17
202.0	10474	25	23	11738	26	1984	699	15
202.0	9519	14	15	11739	13	1957	58	16
202.0	6882	14	9	11740	18	800	426	18
202.0	7019	2	2	11741	1	1329	593	16
202.0	10448	5	2	11742	8	917	1571	17
202.0	10735	6	8	11743	4	1268	521	18
202.0	10073	27	27	11744	24	1130	531	15
202.0	10281	15	17	11745	13	1699	1317	16
202.0	9403	33	38	11746	26	1953	166	18
202.0	7717	11	9	11747	13	801	569	12
202.0	8634	26	26	11748	25	779	1734	16
202.0	8659	32	36	11749	27	1099	550	13
202.0	10110	20	20	11750	20	1885	79	15
202.0	9919	22	22	11751	22	584	1819	15
202.0	9015	15	17	11752	12	363	966	12
202.0	7747	11	13	11753	9	1596	1610	14
202.0	10585	11	11	11754	11	976	1719	18
202.0	9676	25	29	11755	20	1865	1140	13
202.0	8481	19	20	11756	18	1621	1250	15
203.0	9408	22	21	11757	20	1976	1308	17
203.0	8710	19	13	11758	24	515	26	15
203.0	9656	24	25	11759	23	369	949	12
203.0	10548	10	7	11760	13	1571	971	14
203.0	10628	24	25	11761	23	1543	135	17
203.0	11690	8	9	11762	7	962	1801	17
203.0	7560	25	18	11763	31	1903	1353	14
203.0	10166	29	31	11764	26	1807	1229	14
203.0	7449	18	20	11765	15	630	1441	19
203.0	10927	27	25	11766	27	720	1854	17
203.0	7704	8	7	11767	9	798	1634	17
203.0	8570	10	11	11768	8	818	1932	13
203.0	8937	19	22	11769	13	1627	546	12
203.0	9288	51	48	11770	52	1333	333	11
203.0	10407	9	10	11771	8	677	543	16
203.0	8006	16	16	11772	15	1799	1320	21
203.0	11089	37	36	11773	36	944	369	13
203.0	8936	9	7	11774	11	418	1258	15
203.0	8276	22	16	11775	27	642	600	18
203.0	10119	17	14	11776	19	1968	1159	14
203.0	8444	17	16	11777	16	1679	0	16
203.0	10735	8	7	11778	8	1268	521	19
203.0	9501	25	25	11779	24	1959	697	14
203.0	9732	22	25	11780	19	1902	974	12
203.0	9373	29	23	11781	33	772	1805	18
203.0	10083	26	19	11782	32	724	1912	15
203.0	10071	25	32	11783	18	1691	1032	14
203.0	9632	7	8	11784	6	1461	1463	13
203.0	9673	16	10	11785	21	605	1677	14
203.0	9466	24	24	11786	24	1968	1333	16
203.0	10605	5	4	11787	6	620	1468	16
203.0	8659	36	36	11788	34	1099	550	14
203.0	9469	23	17	11789	29	1054	1729	12
203.0	8602	23	21	11790	24	88	121	15
203.0	11066	32	31	11791	33	1366	1830	16
203.0	10286	17	13	11792	19	37	1875	13
203.0	8921	29	26	11793	32	1708	978	14
203.0	8646	25	30	11794	18	680	493	14
203.0	8693	29	28	11795	29	1902	1415	13
203.0	7059	23	23	11796	23	1481	1684	16
203.0	9839	13	12	11797	13	694	1978	17
203.0	9861	20	13	11798	25	1716	738	13
203.0	6990	6	4	11799	8	1251	524	13
203.0	7219	19	18	11800	19	319	960	16
203.0	8746	29	24	11801	34	1960	1674	13
203.0	8890	25	23	11802	27	77	1672	12
203.0	10307	20	19	11803	19	700	387	15
203.0	9237	31	29	11804	31	1833	959	17
203.0	10153	21	18	11805	21	1877	880	15
203.0	8529	37	42	11806	30	1925	1901	17
203.0	10360	27	34	11807	20	116	669	15
203.0	10221	19	19	11808	19	1551	860	16
203.0	10236	24	28	11809	20	1855	837	16
203.0	10542	18	15	11810	21	1969	667	15
203.0	10856	28	26	11811	27	1874	631	17
203.0	10171	23	20	11812	24	490	741	12
203.0	10387	40	37	11813	37	1877	576	16
203.0	9307	38	44	11814	30	1338	1857	17
203.0	9823	34	32	11815	36	1878	534	16
203.0	8021	18	20	11816	15	1743	981	19
203.0	9627	24	27	11817	20	363	679	14
203.0	8442	18	23	11818	13	1799	1114	20
203.0	9872	13	14	11819	12	856	500	13
203.0	10165	22	17	11820	25	1976	944	16
203.0	10784	19	19	11821	19	367	871	13
203.0	9273	39	40	11822	38	1637	1960	15
203.0	8193	22	21	11823	22	948	448	15
203.0	9975	22	20	11824	23	1203	440	16
203.0	7874	23	21	11825	22	88	1999	16
203.0	7598	19	22	11826	15	333	739	16
203.0	9233	14	12	11827	16	672	680	20
203.0	10607	28	35	11828	20	1630	106	16
203.0	10210	9	9	11829	9	1969	1632	15
203.0	9814	11	10	11830	11	848	454	14
203.0	8952	12	12	11831	11	1858	1316	15
203.0	9034	7	7	11832	6	1638	1349	18
204.0	8747	26	23	11833	25	1834	1333	14
204.0	9140	23	24	11834	22	422	1058	10
204.0	9748	34	35	11835	33	1999	650	13
204.0	8659	36	38	11836	31	1099	550	15
204.0	8252	6	1	11837	10	1387	1759	16
204.0	9851	16	11	11838	20	1111	1865	17
204.0	10019	34	34	11839	34	16	1840	14
204.0	10234	15	16	11840	13	1793	781	15
204.0	9136	10	8	11841	11	1624	1550	17
204.0	10972	13	8	11842	18	73	1835	14
204.0	10122	16	13	11843	18	826	1711	15
204.0	10297	29	32	11844	25	1854	891	14
204.0	7711	18	16	11845	20	708	417	15
204.0	9674	35	30	11846	37	1888	1404	13
204.0	10275	55	42	11847	58	1791	1758	15
204.0	9050	18	20	11848	16	1061	1633	16
204.0	8696	8	10	11849	6	1307	459	16
204.0	7828	32	31	11850	33	482	867	16
204.0	10443	1	2	11851	0	1305	1820	16
204.0	8567	29	24	11852	31	1917	513	16
204.0	9600	19	16	11853	21	1187	1898	12
204.0	8737	3	2	11854	4	1781	1415	14
204.0	10150	37	28	11855	43	1726	58	15
204.0	7175	15	13	11856	17	1079	610	13
204.0	10248	1	1	11857	1	1573	1361	14
204.0	8309	29	23	11858	34	1923	813	15
204.0	10078	37	39	11859	33	1774	1067	14
204.0	10167	17	17	11860	15	600	1521	17
204.0	7906	21	24	11861	18	510	760	12
204.0	9963	25	31	11862	19	1907	959	15
204.0	9805	12	14	11863	8	1865	1489	17
204.0	9230	12	12	11864	12	461	1239	15
204.0	9904	54	55	11865	45	342	675	13
204.0	8138	6	7	11866	5	948	1632	13
204.0	9295	10	13	11867	7	845	1620	15
204.0	9678	22	18	11868	26	661	460	15
204.0	8193	21	26	11869	13	948	448	16
204.0	9761	39	44	11870	31	1070	650	12
204.0	10212	24	19	11871	27	1041	1649	14
204.0	11231	22	18	11872	24	1040	489	13
204.0	10542	15	14	11873	16	1969	667	16
204.0	9237	29	28	11874	29	1833	959	18
204.0	10056	45	42	11875	48	1921	778	14
204.0	7560	18	19	11876	15	1903	1353	15
204.0	7025	5	6	11877	3	1541	1341	16
204.0	10781	12	14	11878	10	231	378	17
204.0	10994	29	26	11879	30	66	1151	13
204.0	10304	13	14	11880	12	511	1488	15
204.0	10001	19	17	11881	19	1958	1122	15
204.0	10553	14	17	11882	11	899	405	14
204.0	7643	1	1	11883	1	1430	1469	13
204.0	8613	11	10	11884	11	568	1331	14
204.0	10757	27	27	11885	26	981	191	15
204.0	7134	28	27	11886	24	0	1163	16
204.0	9023	8	9	11887	7	1973	1972	13
204.0	9846	33	29	11888	35	1357	1894	12
204.0	7428	14	13	11889	15	1024	1914	11
204.0	9273	40	39	11890	38	1720	1916	16
204.0	8907	23	26	11891	19	0	739	13
204.0	9861	13	11	11892	15	1716	738	14
204.0	7966	45	50	11893	35	1394	1999	16
204.0	9341	49	50	11894	47	1440	440	17
204.0	8099	13	15	11895	11	1802	887	15
204.0	10003	43	46	11896	39	1511	1582	19
204.0	10693	33	33	11897	33	1826	1241	15
204.0	7325	27	26	11898	25	377	816	12
204.0	10689	25	25	11899	25	359	1107	13
204.0	10013	18	19	11900	17	1137	1671	17
204.0	10839	29	22	11901	35	1907	798	15
204.0	8916	21	16	11902	24	1222	529	16
204.0	9434	36	43	11903	28	1967	1245	17
204.0	9786	14	14	11904	14	1797	1290	14
204.0	6982	33	27	11905	36	1302	1836	16
204.0	9577	24	34	11906	14	485	800	13
204.0	10089	24	20	11907	28	1499	1570	20
204.0	7406	15	14	11908	16	660	1941	13
204.0	9810	27	30	11909	24	1842	1999	17
204.0	10447	33	28	11910	37	1999	1971	15
204.0	9143	15	8	11911	21	502	1514	15
204.0	9284	21	15	11912	25	899	1708	12
204.0	9026	11	13	11913	9	863	216	16
204.0	9690	10	10	11914	9	1813	1214	18
204.0	8602	21	23	11915	17	31	120	16
204.0	8092	23	20	11916	25	469	1902	16
204.0	9408	21	22	11917	19	1976	1308	18
204.0	10856	26	25	11918	25	1874	631	18
204.0	8634	26	26	11919	23	779	1734	17
204.0	9048	0	0	11920	0	1344	1821	16
204.0	9964	10	7	11921	10	1710	1350	17
204.0	9555	19	17	11922	21	1907	1093	12
204.0	8439	16	17	11923	13	1058	522	12
204.0	8529	42	36	11924	46	1908	1884	18
204.0	8571	21	23	11925	17	1765	872	14
205.0	10212	19	22	11926	16	1041	1649	15
205.0	11208	19	18	11927	20	1926	558	14
205.0	9604	22	19	11928	24	1921	836	17
205.0	9834	30	26	11929	31	319	341	13
205.0	9754	9	7	11930	10	1359	526	15
205.0	7022	28	21	11931	32	1519	1857	11
205.0	9731	6	3	11932	8	1768	1402	14
205.0	8659	38	35	11933	39	1099	550	16
205.0	7101	13	12	11934	14	53	1677	16
205.0	8928	17	11	11935	22	422	686	18
205.0	8893	29	28	11936	28	1548	74	16
205.0	8070	37	39	11937	33	657	1725	11
205.0	9066	48	48	11938	46	1955	771	15
205.0	9773	16	18	11939	14	1818	1346	18
205.0	10170	11	13	11940	9	1623	822	11
205.0	10300	3	3	11941	3	1451	1490	13
205.0	11067	34	42	11942	25	1845	49	16
205.0	10013	19	19	11943	19	1137	1671	18
205.0	7346	21	21	11944	20	1452	536	16
205.0	10071	32	30	11945	33	1691	1032	15
205.0	7528	11	15	11946	5	448	836	15
205.0	10965	19	21	11947	16	1636	150	14
205.0	7501	13	15	11948	11	1661	903	12
205.0	10142	16	18	11949	14	368	1208	12
205.0	9992	18	17	11950	19	1898	547	13
205.0	7235	22	21	11951	22	1999	1051	18
205.0	8793	16	14	11952	16	71	516	18
205.0	10277	16	13	11953	19	1989	1258	19
205.0	9808	18	17	11954	17	1531	1777	14
205.0	10169	20	21	11955	17	1794	1930	16
205.0	9918	29	27	11956	29	51	1999	14
205.0	7641	6	4	11957	8	1330	1635	15
205.0	9319	24	25	11958	23	298	669	13
205.0	10002	12	11	11959	13	1650	1137	14
205.0	7807	12	10	11960	14	572	722	13
205.0	8008	18	18	11961	17	1680	749	16
205.0	8937	22	24	11962	20	1627	546	13
205.0	9862	12	13	11963	11	406	789	16
205.0	10208	15	12	11964	17	680	1611	14
205.0	10264	36	47	11965	24	510	914	11
205.0	9974	24	28	11966	19	1667	1301	12
205.0	10073	27	21	11967	31	1130	531	16
205.0	10048	22	22	11968	21	379	498	14
205.0	9267	23	25	11969	18	1503	1602	15
205.0	10418	26	24	11970	25	1667	652	12
205.0	11246	31	31	11971	29	1773	1210	19
205.0	10221	19	19	11972	19	1551	860	17
205.0	9897	16	17	11973	15	292	1272	11
205.0	7372	13	17	11974	9	1550	206	17
205.0	10700	15	12	11975	14	851	590	16
205.0	7283	19	16	11976	20	1470	1632	20
205.0	6873	16	12	11977	19	1837	483	19
205.0	10545	9	9	11978	9	728	1679	15
205.0	8138	7	6	11979	8	948	1632	14
205.0	11639	6	5	11980	6	880	1643	14
205.0	10485	7	6	11981	7	485	608	18
205.0	10413	20	17	11982	22	1218	464	15
205.0	10241	8	6	11983	10	1160	1529	15
205.0	8652	5	4	11984	6	1439	710	14
205.0	8015	38	39	11985	36	1999	762	16
205.0	8918	8	10	11986	6	809	1671	16
205.0	8966	20	16	11987	24	1114	1762	18
205.0	10487	33	34	11988	32	1349	58	11
205.0	9855	15	17	11989	13	932	1670	16
205.0	9941	25	29	11990	21	1121	414	12
205.0	10437	22	24	11991	19	1672	268	17
205.0	9325	26	30	11992	21	1899	1171	16
205.0	9478	25	26	11993	23	1250	408	11
205.0	9562	33	33	11994	32	1889	1223	13
205.0	7845	4	6	11995	2	1644	1429	15
205.0	9916	14	17	11996	10	1861	1366	13
205.0	6943	2	2	11997	2	1651	962	18
205.0	9921	29	34	11998	23	871	437	11
205.0	8510	23	25	11999	18	668	617	19
205.0	9440	3	3	12000	3	660	1433	16
205.0	6982	27	27	12001	25	1302	1836	17
205.0	11568	22	17	12002	26	1048	1602	16
205.0	7828	31	26	12003	33	482	867	17
205.0	6962	17	13	12004	21	307	788	17
205.0	7552	9	9	12005	9	392	1211	13
205.0	9907	21	24	12006	17	254	347	16
205.0	11461	18	17	12007	18	409	650	17
205.0	10416	6	6	12008	6	841	1640	16
205.0	8642	14	15	12009	13	738	1972	15
205.0	9049	3	2	12010	4	1127	1691	17
205.0	9655	2	1	12011	3	1091	1579	21
205.0	9009	25	27	12012	19	1999	594	14
205.0	10056	42	29	12013	52	1921	759	15
205.0	9020	5	3	12014	7	870	1942	14
206.0	10981	32	34	12015	27	769	484	14
206.0	9452	32	23	12016	40	580	1233	10
206.0	7687	6	6	12017	5	1202	1612	13
206.0	10276	8	10	12018	6	1600	1438	17
206.0	10284	17	21	12019	13	1827	1256	15
206.0	9992	17	18	12020	16	1898	547	14
206.0	9710	14	15	12021	12	504	1392	15
206.0	10623	25	25	12022	24	1625	799	14
206.0	7860	31	30	12023	30	600	798	14
206.0	10620	4	7	12024	1	1361	1809	17
206.0	7674	34	30	12025	34	416	1020	13
206.0	8893	28	28	12026	25	1548	74	17
206.0	10178	43	52	12027	33	21	267	12
206.0	10067	26	22	12028	27	1463	1560	20
206.0	10957	10	8	12029	12	597	1634	16
206.0	9580	16	8	12030	22	1762	1260	19
206.0	10031	25	24	12031	26	1960	543	14
206.0	11307	11	10	12032	10	1789	1286	21
206.0	9561	24	26	12033	19	1730	1045	14
206.0	8835	38	40	12034	33	1930	1755	14
206.0	8163	28	28	12035	25	493	1080	12
206.0	10948	32	25	12036	36	1818	1030	16
206.0	9060	31	33	12037	27	1861	49	15
206.0	8881	13	13	12038	13	1213	1671	13
206.0	9440	3	4	12039	2	660	1433	17
206.0	11421	9	10	12040	8	1565	1818	16
206.0	10027	42	44	12041	40	75	791	11
206.0	10159	18	12	12042	22	1882	1066	14
206.0	8491	14	11	12043	16	371	1999	13
206.0	7669	0	0	12044	0	1339	659	18
206.0	9470	6	7	12045	5	1350	1597	18
206.0	10393	14	14	12046	13	1664	1552	15
206.0	9535	29	24	12047	29	519	1598	9
206.0	9563	49	56	12048	41	1735	1109	19
206.0	8354	39	39	12049	35	1771	1287	17
206.0	8823	26	23	12050	28	1429	1597	14
206.0	8687	7	10	12051	3	752	1755	15
206.0	11138	18	15	12052	18	1310	1776	14
206.0	11729	19	17	12053	20	1581	689	15
206.0	10048	22	20	12054	23	431	473	15
206.0	10350	47	48	12055	43	1727	863	18
206.0	7704	7	7	12056	6	798	1634	18
206.0	9372	24	22	12057	26	472	1601	13
206.0	9348	32	32	12058	29	1569	664	19
206.0	8426	13	11	12059	14	803	1769	17
206.0	7390	12	11	12060	13	1387	673	15
206.0	8648	30	32	12061	28	1697	1766	15
206.0	11208	18	20	12062	16	1926	558	15
206.0	10112	21	19	12063	21	1878	868	16
206.0	10979	22	27	12064	16	1409	1830	15
206.0	8852	19	19	12065	18	651	1977	13
206.0	9088	18	16	12066	19	1690	935	13
206.0	9929	27	27	12067	27	1999	1900	14
206.0	8726	3	2	12068	3	1250	445	17
206.0	8742	36	39	12069	27	1488	1533	21
206.0	9747	17	23	12070	11	572	587	16
206.0	8292	5	3	12071	7	1649	831	16
206.0	9546	27	24	12072	29	18	674	10
206.0	10904	15	14	12073	16	1606	1668	13
206.0	8900	19	19	12074	18	348	753	15
206.0	8793	14	11	12075	15	71	516	19
206.0	9748	35	33	12076	34	1999	650	14
206.0	8744	33	27	12077	36	1989	531	14
206.0	7318	32	28	12078	34	1477	0	17
206.0	9319	25	20	12079	28	298	669	14
206.0	10005	5	7	12080	3	1408	1621	15
206.0	10170	13	8	12081	18	1623	822	12
206.0	10248	1	0	12082	1	1573	1361	15
206.0	9883	31	30	12083	30	54	664	14
206.0	9307	44	36	12084	50	1349	1868	18
206.0	10379	11	9	12085	11	719	1708	15
206.0	9999	19	16	12086	20	1856	1101	13
206.0	10169	21	22	12087	20	1794	1930	17
206.0	10556	28	28	12088	27	52	1034	16
206.0	8439	17	19	12089	15	1058	522	13
206.0	8693	28	30	12090	25	1902	1415	14
206.0	9339	23	23	12091	21	1776	516	17
206.0	10434	34	31	12092	36	685	1799	15
206.0	10838	24	29	12093	18	1684	1679	15
206.0	6949	26	20	12094	32	505	1411	14
206.0	11158	29	33	12095	23	35	967	13
206.0	8825	13	12	12096	12	1860	761	17
206.0	10447	28	24	12097	29	1999	1971	16
206.0	8144	34	36	12098	31	67	976	12
206.0	8405	16	18	12099	14	580	850	14
206.0	9619	11	8	12100	14	738	1708	14
206.0	7845	6	8	12101	4	1644	1429	16
206.0	8916	16	16	12102	16	1222	529	17
206.0	10656	8	11	12103	5	1862	709	18
206.0	8188	0	0	12104	0	1268	1815	13
206.0	10330	15	15	12105	13	1355	1690	13
206.0	8997	7	6	12106	7	1893	1322	13
206.0	7965	14	13	12107	14	529	1354	11
206.0	8942	26	25	12108	26	1999	1311	16
207.0	8344	21	15	12109	27	1835	839	16
207.0	10864	22	22	12110	22	48	583	17
207.0	9707	15	16	12111	14	1928	1432	11
207.0	9801	20	18	12112	22	1490	372	15
207.0	9270	37	31	12113	43	874	1913	16
207.0	7966	50	45	12114	52	1438	1999	17
207.0	9378	17	22	12115	11	752	488	15
207.0	10883	18	19	12116	16	634	1669	12
207.0	8520	14	13	12117	15	1976	649	19
207.0	8813	14	11	12118	17	1280	660	19
207.0	10469	19	18	12119	18	1173	1863	13
207.0	8852	19	19	12120	18	651	1977	14
207.0	9297	10	8	12121	12	909	1836	15
207.0	10109	17	14	12122	18	1600	760	15
207.0	9458	20	21	12123	17	1700	694	16
207.0	10457	11	13	12124	9	1774	1433	15
207.0	8890	23	23	12125	22	77	1633	13
207.0	10652	38	39	12126	35	729	530	14
207.0	7681	21	25	12127	15	1808	405	13
207.0	9071	14	14	12128	14	908	458	12
207.0	10085	21	23	12129	19	1130	1713	11
207.0	8091	37	36	12130	35	69	1925	15
207.0	9617	40	41	12131	37	117	1683	13
207.0	10137	19	18	12132	18	1742	1184	15
207.0	8737	2	3	12133	1	1781	1415	15
207.0	10921	7	5	12134	8	599	1437	16
207.0	10588	10	7	12135	12	1641	861	15
207.0	9642	7	8	12136	6	1313	1745	13
207.0	10635	23	21	12137	23	320	1959	12
207.0	8711	7	5	12138	8	424	1228	16
207.0	8526	33	31	12139	34	0	1840	14
207.0	9045	2	2	12140	2	1482	1441	13
207.0	10447	24	22	12141	25	1999	1971	17
207.0	11246	31	33	12142	28	1773	1210	20
207.0	11207	20	13	12143	26	1986	1986	17
207.0	9982	11	10	12144	12	1638	1477	18
207.0	7723	7	11	12145	3	550	1139	13
207.0	9295	13	10	12146	16	845	1620	16
207.0	10072	21	20	12147	20	1568	354	16
207.0	10112	19	20	12148	18	1878	868	17
207.0	9619	8	6	12149	10	738	1708	15
207.0	11208	20	18	12150	21	1926	558	16
207.0	9440	4	5	12151	2	660	1433	18
207.0	11050	20	18	12152	21	353	1958	12
207.0	8177	25	24	12153	26	1449	680	13
207.0	10062	39	37	12154	37	784	1888	11
207.0	9008	18	13	12155	22	331	1655	14
207.0	8784	22	19	12156	23	90	743	15
207.0	9419	13	9	12157	17	608	1894	14
207.0	7662	16	16	12158	15	983	1907	14
207.0	9979	17	18	12159	15	1307	1530	16
207.0	10812	19	16	12160	19	1816	690	16
207.0	9814	10	8	12161	11	848	454	15
207.0	9593	25	26	12162	23	1332	364	16
207.0	10238	8	7	12163	9	743	1540	15
207.0	10824	38	32	12164	39	1724	771	14
207.0	8883	17	16	12165	17	1230	1614	15
207.0	10489	16	11	12166	19	1885	130	19
207.0	7567	31	27	12167	34	1723	686	15
207.0	10670	30	39	12168	19	1821	1469	12
207.0	9562	33	31	12169	31	1889	1223	14
207.0	9691	25	23	12170	25	1899	1118	12
207.0	8570	11	14	12171	8	818	1932	14
207.0	10178	52	53	12172	47	23	147	13
207.0	9995	22	18	12173	25	537	1799	16
207.0	8701	30	37	12174	21	1956	1892	13
207.0	9753	32	38	12175	24	804	442	10
207.0	10019	34	35	12176	33	16	1840	15
207.0	8405	18	17	12177	18	580	850	15
207.0	8742	39	36	12178	40	1488	1533	22
207.0	10162	11	11	12179	10	1190	417	12
207.0	8911	8	11	12180	5	1975	998	19
207.0	11019	14	17	12181	10	172	1031	10
207.0	9654	8	10	12182	6	892	1571	17
207.0	7266	6	8	12183	4	1334	1771	18
207.0	8714	36	37	12184	34	1767	1090	14
207.0	7144	13	15	12185	10	1468	154	12
207.0	8662	31	28	12186	34	1984	1662	13
207.0	8869	20	19	12187	21	1830	363	15
207.0	10369	7	8	12188	6	938	1656	12
207.0	8938	8	9	12189	6	425	831	19
207.0	10634	13	8	12190	18	370	1310	15
207.0	8519	20	15	12191	25	556	649	18
207.0	8136	37	34	12192	40	1812	1364	12
207.0	9669	0	0	12193	0	1129	1606	18
207.0	7355	17	14	12194	19	1281	561	15
207.0	8138	6	6	12195	6	948	1632	15
207.0	11638	23	23	12196	23	1723	518	13
207.0	10981	34	31	12197	35	769	484	15
207.0	10599	16	17	12198	15	468	746	20
207.0	7352	20	23	12199	16	1592	1309	13
207.0	6926	27	20	12200	33	68	1739	15
207.0	9987	19	17	12201	21	471	938	11
207.0	10365	13	10	12202	15	840	1672	15
207.0	9975	20	15	12203	23	1203	440	17
207.0	9992	18	16	12204	20	1877	547	15
207.0	6979	12	9	12205	14	1271	1792	16
207.0	8253	5	6	12206	4	1653	1457	16
207.0	9013	22	23	12207	18	894	279	16
207.0	10337	18	18	12208	18	1889	746	17
207.0	9630	11	12	12209	10	1762	1582	11
207.0	9741	25	18	12210	32	1769	1939	12
207.0	7674	30	27	12211	31	416	1020	14
207.0	9484	32	36	12212	27	826	349	14
207.0	9461	14	11	12213	17	1849	865	15
207.0	9604	19	21	12214	17	1921	836	18
208.0	10019	35	40	12215	29	16	1840	16
208.0	7434	33	40	12216	25	46	1106	13
208.0	9069	15	20	12217	10	1219	1758	14
208.0	9121	12	12	12218	11	492	476	17
208.0	8662	28	26	12219	28	1984	1662	14
208.0	10560	20	16	12220	23	446	1171	10
208.0	9773	18	23	12221	13	1818	1346	19
208.0	10109	14	11	12222	16	1600	760	16
208.0	9654	10	10	12223	10	892	1571	18
208.0	10012	37	37	12224	36	49	434	14
208.0	10878	37	34	12225	38	1827	521	15
208.0	7358	28	24	12226	29	1875	1916	13
208.0	9174	28	33	12227	21	334	623	17
208.0	9973	20	15	12228	24	1630	729	17
208.0	10070	8	3	12229	13	1520	702	16
208.0	10904	14	16	12230	12	1606	1668	14
208.0	8880	8	9	12231	7	1580	881	13
208.0	8714	37	31	12232	37	1767	1090	15
208.0	8344	15	10	12233	19	1835	839	17
208.0	10545	9	6	12234	12	728	1679	16
208.0	10869	37	25	12235	47	1896	111	10
208.0	10142	18	16	12236	18	318	1208	13
208.0	8422	3	3	12237	3	1409	628	14
208.0	8526	31	27	12238	32	0	1840	15
208.0	10133	24	22	12239	22	321	1094	12
208.0	10723	23	25	12240	21	1026	1697	15
208.0	9478	26	24	12241	28	1250	408	12
208.0	9477	25	22	12242	28	490	1159	13
208.0	10552	8	8	12243	8	631	1381	15
208.0	10180	5	2	12244	8	1270	485	17
208.0	7501	15	15	12245	14	1661	903	13
208.0	7911	13	13	12246	12	545	1632	14
208.0	9995	18	14	12247	19	537	1799	17
208.0	9574	26	29	12248	21	1807	1092	11
208.0	10252	11	9	12249	12	697	1663	15
208.0	8825	12	9	12250	15	1860	761	18
208.0	9986	3	1	12251	5	447	733	21
208.0	11001	6	6	12252	5	851	527	14
208.0	10182	16	20	12253	9	1921	1630	19
208.0	10443	2	2	12254	2	1316	1826	17
208.0	11729	17	13	12255	21	1581	689	16
208.0	10972	8	11	12256	5	73	1835	15
208.0	10384	17	17	12257	16	830	557	14
208.0	10491	14	13	12258	14	1922	968	13
208.0	9498	23	20	12259	24	1705	518	13
208.0	10969	19	16	12260	21	1118	384	12
208.0	9617	41	40	12261	39	117	1683	14
208.0	10488	10	6	12262	13	1758	738	14
208.0	11373	14	15	12263	13	267	1164	11
208.0	11327	19	18	12264	20	631	506	15
208.0	10167	17	19	12265	14	600	1521	18
208.0	9525	21	19	12266	22	1607	538	16
208.0	7754	41	40	12267	37	730	550	14
208.0	8936	7	3	12268	10	401	1275	16
208.0	7630	44	50	12269	38	1719	1321	17
208.0	10324	24	24	12270	23	421	1001	16
208.0	9422	36	36	12271	34	1753	1008	12
208.0	11152	13	13	12272	13	1539	1583	18
208.0	7711	16	16	12273	16	792	331	16
208.0	9966	4	4	12274	4	1639	511	18
208.0	11301	24	27	12275	21	342	830	16
208.0	10360	34	34	12276	33	116	669	16
208.0	10829	13	14	12277	12	601	850	14
208.0	11337	14	12	12278	16	1283	1804	16
208.0	10514	26	29	12279	21	1949	939	16
208.0	10188	7	9	12280	5	1628	1411	16
208.0	9491	25	29	12281	17	394	881	14
208.0	10141	27	31	12282	22	1303	1932	16
208.0	6895	17	16	12283	16	470	983	16
208.0	7074	3	2	12284	4	1711	1439	16
208.0	10739	12	13	12285	11	1916	1204	14
208.0	10635	21	20	12286	22	320	1959	13
208.0	6925	8	7	12287	8	826	1951	15
208.0	7789	4	5	12288	3	1660	1507	18
208.0	10030	29	30	12289	27	20	811	13
208.0	9236	9	6	12290	11	1367	1650	13
208.0	10367	20	17	12291	23	218	1595	16
208.0	10275	42	40	12292	43	1791	1758	16
208.0	10599	17	18	12293	16	468	746	21
208.0	10930	27	25	12294	28	409	935	14
208.0	8947	6	6	12295	6	1301	1589	14
208.0	10505	33	36	12296	30	1368	1973	15
208.0	8852	19	17	12297	18	651	1977	15
208.0	8901	3	2	12298	3	1787	738	15
208.0	10049	9	12	12299	6	690	466	15
208.0	11690	9	8	12300	9	962	1801	18
208.0	10846	24	18	12301	28	1639	480	16
208.0	10214	34	30	12302	36	1904	899	16
208.0	8481	20	26	12303	14	1621	1250	16
208.0	8990	18	14	12304	20	549	586	20
208.0	8098	23	26	12305	20	1349	39	15
208.0	9996	6	6	12306	6	1277	1688	15
208.0	9803	15	16	12307	14	1197	1579	11
208.0	7687	6	8	12308	4	1202	1612	14
208.0	9352	24	27	12309	21	1528	627	14
208.0	10748	13	7	12310	15	358	1186	14
208.0	8519	15	14	12311	16	556	649	19
208.0	9669	0	0	12312	0	1129	1606	19
208.0	7874	21	16	12313	24	88	1999	17
208.0	10483	27	27	12314	27	1671	753	17
208.0	10959	37	37	12315	35	1591	1964	16
208.0	10296	18	19	12316	15	1667	1252	13
208.0	10073	21	19	12317	21	1130	531	17
208.0	10322	26	24	12318	25	1661	685	13
208.0	10543	23	22	12319	24	1502	179	16
208.0	9951	8	7	12320	8	1922	708	19
208.0	8290	0	0	12321	0	1401	1531	13
208.0	10393	14	16	12322	11	1664	1552	16
208.0	7469	29	32	12323	25	1211	1732	10
208.0	10687	24	23	12324	25	824	391	15
208.0	9264	21	23	12325	18	737	1770	14
208.0	8059	30	27	12326	31	1999	1876	15
209.0	9875	25	27	12327	20	460	1054	11
209.0	8356	6	7	12328	4	817	1761	18
209.0	10142	16	15	12329	17	318	1208	14
209.0	9637	5	7	12330	2	870	486	13
209.0	9859	27	23	12331	28	500	670	18
209.0	10122	13	16	12332	8	815	1722	16
209.0	9422	36	31	12333	41	1753	1008	13
209.0	11178	27	23	12334	30	671	499	13
209.0	11062	18	16	12335	18	660	1924	13
209.0	8412	15	11	12336	19	1917	927	16
209.0	9032	20	14	12337	23	1751	1322	18
209.0	10252	9	8	12338	9	697	1663	16
209.0	10648	16	11	12339	21	571	1961	15
209.0	10845	39	35	12340	40	1138	1895	16
209.0	10668	22	24	12341	19	1586	1937	14
209.0	10986	20	20	12342	19	1559	1496	19
209.0	9259	45	42	12343	45	327	0	14
209.0	10302	29	28	12344	29	1158	214	9
209.0	9420	22	18	12345	24	490	919	16
209.0	9993	24	23	12346	21	671	642	13
209.0	11410	33	39	12347	25	1968	1096	15
209.0	10099	14	15	12348	13	1399	639	17
209.0	9071	14	9	12349	19	908	458	13
209.0	9996	6	5	12350	7	1277	1688	16
209.0	9215	29	28	12351	30	817	369	13
209.0	10018	7	7	12352	7	1889	1361	15
209.0	10484	24	28	12353	20	253	496	13
209.0	11421	10	13	12354	6	1565	1818	17
209.0	10107	18	21	12355	13	74	1703	14
209.0	7822	19	16	12356	21	293	565	16
209.0	9714	18	17	12357	19	297	514	15
209.0	8921	26	29	12358	22	1708	978	15
209.0	10972	11	13	12359	8	73	1835	16
209.0	9495	17	19	12360	15	1801	962	14
209.0	10672	9	7	12361	11	527	1671	14
209.0	11282	18	12	12362	23	1746	807	11
209.0	9586	35	36	12363	32	1732	1609	15
209.0	8872	19	17	12364	19	808	467	14
209.0	9803	16	15	12365	16	1197	1579	12
209.0	8661	29	30	12366	28	1968	1424	12
209.0	9752	10	8	12367	12	660	1529	13
209.0	10570	8	7	12368	8	1270	1579	14
209.0	10202	21	17	12369	24	1866	399	14
209.0	10322	24	21	12370	27	1661	685	14
209.0	10163	16	15	12371	16	643	1618	15
209.0	9631	11	11	12372	11	423	763	18
209.0	8274	41	41	12373	38	1999	570	14
209.0	8426	11	8	12374	13	777	1795	18
209.0	10320	20	21	12375	18	384	729	17
209.0	10180	2	2	12376	2	1270	485	18
209.0	8526	27	26	12377	26	0	1840	16
209.0	9930	29	29	12378	26	583	301	13
209.0	7871	22	18	12379	23	1691	1124	12
209.0	8583	12	14	12380	9	571	1610	16
209.0	10880	30	34	12381	22	1880	1344	14
209.0	10017	16	20	12382	10	306	997	14
209.0	10543	22	24	12383	20	1502	179	17
209.0	10038	24	24	12384	23	1418	1974	15
209.0	10584	35	38	12385	30	1327	1697	13
209.0	9403	38	42	12386	32	1953	166	19
209.0	10785	3	3	12387	3	1683	1469	16
209.0	7906	24	22	12388	23	510	760	13
209.0	9339	23	25	12389	20	1776	516	18
209.0	10687	23	21	12390	23	824	391	16
209.0	10304	14	10	12391	17	511	1488	16
209.0	9326	13	11	12392	12	892	510	15
209.0	11127	35	38	12393	30	1794	650	15
209.0	11104	7	10	12394	4	449	1203	14
209.0	11241	30	30	12395	28	1710	1789	16
209.0	11660	35	40	12396	26	1902	600	15
209.0	9839	12	12	12397	12	694	1978	18
209.0	9670	27	24	12398	29	501	583	18
209.0	10012	37	40	12399	33	49	434	15
209.0	10087	23	28	12400	18	1692	1801	17
209.0	9143	8	7	12401	8	502	1514	16
209.0	9450	7	5	12402	9	1278	417	16
209.0	9145	22	20	12403	24	741	609	13
209.0	10856	25	29	12404	19	1874	631	19
209.0	10542	14	15	12405	13	1969	667	17
209.0	9021	29	25	12406	33	1967	1544	22
209.0	7107	13	13	12407	13	1573	811	14
209.0	7050	34	30	12408	35	1936	1067	15
209.0	10455	40	42	12409	33	530	1960	12
209.0	9910	12	9	12410	14	577	1360	16
209.0	10188	9	10	12411	6	1628	1411	17
209.0	8577	13	16	12412	10	1931	1534	19
209.0	10055	25	29	12413	19	1606	618	16
209.0	9997	21	25	12414	17	148	1790	12
209.0	10477	25	30	12415	20	1614	1949	11
209.0	10106	27	18	12416	34	1983	862	16
209.0	10393	16	14	12417	17	1664	1552	17
209.0	10452	17	14	12418	18	830	578	14
209.0	10109	11	13	12419	8	1600	760	17
209.0	10313	22	21	12420	22	270	1801	15
209.0	9352	27	30	12421	24	1528	627	15
209.0	9407	28	27	12422	26	1897	837	17
209.0	9460	26	21	12423	30	1778	1174	19
209.0	10309	9	7	12424	11	1923	1553	18
209.0	10653	36	38	12425	30	1918	611	15
209.0	9992	16	14	12426	18	1877	547	16
209.0	8710	13	13	12427	12	515	26	16
210.0	11112	7	9	12428	4	518	1506	16
210.0	10236	28	29	12429	26	1829	792	17
210.0	10635	20	20	12430	19	320	1959	14
210.0	9451	12	9	12431	13	1941	1518	18
210.0	9364	13	17	12432	9	1696	792	18
210.0	10555	17	13	12433	20	1780	1457	14
210.0	10537	15	17	12434	13	1017	1640	16
210.0	8907	26	28	12435	21	0	739	14
210.0	9819	19	21	12436	17	790	1726	12
210.0	10592	27	24	12437	28	590	1460	19
210.0	10302	28	28	12438	24	1158	214	10
210.0	10576	17	18	12439	15	1431	526	13
210.0	11066	31	31	12440	30	1386	1830	17
210.0	10301	23	18	12441	27	1071	1822	13
210.0	9148	30	31	12442	28	1656	64	18
210.0	10625	20	21	12443	19	378	750	16
210.0	8913	8	7	12444	9	510	1580	14
210.0	10800	32	34	12445	27	1931	582	14
210.0	10109	13	14	12446	11	1600	760	18
210.0	10385	18	21	12447	15	770	1953	16
210.0	9013	23	26	12448	19	894	279	17
210.0	10211	25	27	12449	22	686	1720	12
210.0	9794	20	20	12450	20	510	1468	16
210.0	7608	23	21	12451	24	617	1786	9
210.0	10575	23	24	12452	20	1748	555	14
210.0	10794	30	32	12453	28	1814	1489	14
210.0	9230	12	10	12454	14	461	1287	16
210.0	10427	0	0	12455	0	1101	1589	21
210.0	9691	23	24	12456	22	1899	1118	13
210.0	9556	36	31	12457	39	1809	1627	13
210.0	10168	14	17	12458	11	1192	463	12
210.0	10390	17	15	12459	19	1878	691	16
210.0	7428	13	15	12460	10	1024	1914	12
210.0	9689	9	13	12461	5	427	1457	16
210.0	9854	20	19	12462	20	684	1793	11
210.0	10337	18	21	12463	15	1889	746	18
210.0	10074	10	9	12464	11	1952	1497	18
210.0	11025	11	9	12465	10	1676	1442	15
210.0	9921	34	31	12466	34	871	437	12
210.0	7530	28	23	12467	33	790	1609	14
210.0	9247	19	20	12468	18	1610	1192	17
210.0	10587	35	30	12469	38	1917	510	16
210.0	9910	9	10	12470	7	577	1360	17
210.0	9032	14	17	12471	11	1751	1322	19
210.0	9741	18	20	12472	14	1769	1939	13
210.0	9100	21	17	12473	25	1693	1231	15
210.0	10856	29	25	12474	31	1874	631	20
210.0	10364	8	10	12475	6	950	1789	17
210.0	7228	62	55	12476	45	253	1999	13
210.0	7281	19	16	12477	21	1843	1663	14
210.0	11036	16	14	12478	18	1801	1454	14
210.0	9954	13	17	12479	9	1570	1505	18
210.0	10224	30	30	12480	30	1543	570	14
210.0	9590	10	11	12481	9	1720	1463	18
210.0	12387	3	3	12482	3	1671	1469	17
210.0	10054	35	32	12483	35	1982	985	15
210.0	7741	4	4	12484	4	1736	1413	16
210.0	9137	11	11	12485	11	1563	1553	17
210.0	10049	12	12	12486	9	690	444	16
210.0	6916	29	30	12487	28	1513	237	18
210.0	10343	16	14	12488	18	509	1252	10
210.0	11201	18	15	12489	20	1767	473	16
210.0	7598	22	28	12490	16	317	723	17
210.0	9918	27	27	12491	27	38	1986	15
210.0	9470	7	6	12492	7	1350	1597	19
210.0	9938	18	16	12493	20	682	1539	15
210.0	10534	6	5	12494	7	586	1578	15
210.0	6908	22	25	12495	18	830	1571	17
210.0	11624	17	18	12496	15	216	1056	12
210.0	10110	20	25	12497	13	1885	79	16
210.0	11344	22	20	12498	23	930	1974	18
210.0	10451	11	14	12499	8	601	1250	12
210.0	10545	6	8	12500	4	741	1692	17
210.0	9093	18	17	12501	17	1458	1580	18
210.0	10948	25	21	12502	29	1818	1030	17
210.0	7631	13	14	12503	12	694	1989	15
210.0	11059	11	10	12504	12	1799	1576	15
210.0	7940	26	25	12505	27	1810	0	16
210.0	10314	23	26	12506	19	1413	433	15
210.0	8838	9	11	12507	7	902	531	13
210.0	10544	16	20	12508	10	1866	1028	15
210.0	9964	7	5	12509	8	1710	1350	18
210.0	10057	2	3	12510	1	1684	1487	16
210.0	10107	21	16	12511	25	74	1703	15
210.0	10981	31	35	12512	25	769	484	16
210.0	9226	36	40	12513	30	1849	1565	16
210.0	10307	19	21	12514	15	626	400	16
210.0	10724	17	19	12515	15	1801	1809	15
210.0	9128	18	21	12516	13	1912	881	16
210.0	10782	38	40	12517	35	750	0	15
210.0	8418	12	14	12518	10	718	1623	12
210.0	8852	17	17	12519	16	651	1977	16
210.0	9552	30	38	12520	21	1747	507	13
210.0	8716	23	22	12521	22	759	383	12
210.0	11165	3	3	12522	3	1665	789	16
211.0	10546	7	8	12523	6	548	1494	16
211.0	7654	33	31	12524	34	1440	295	16
211.0	11825	22	19	12525	22	130	1937	17
211.0	7598	28	24	12526	29	317	723	18
211.0	9273	39	34	12527	42	1720	1916	17
211.0	7281	16	19	12528	13	1843	1663	15
211.0	11461	17	15	12529	18	409	650	18
211.0	9447	11	9	12530	13	1787	866	15
211.0	7829	33	39	12531	25	450	970	12
211.0	9741	20	18	12532	20	1769	1939	14
211.0	11213	20	24	12533	15	1853	1446	13
211.0	9627	27	26	12534	26	363	679	15
211.0	11394	19	24	12535	14	1647	584	17
211.0	9427	35	25	12536	44	283	1112	15
211.0	9905	43	46	12537	36	263	961	14
211.0	10124	37	28	12538	44	1624	603	13
211.0	8536	20	16	12539	24	1746	488	16
211.0	9903	15	19	12540	10	1986	1140	19
211.0	7428	15	18	12541	11	1024	1914	13
211.0	10467	32	27	12542	36	1738	763	17
211.0	10542	15	14	12543	15	1969	667	18
211.0	10040	33	30	12544	34	1778	1360	13
211.0	10108	15	19	12545	11	786	520	12
211.0	10801	3	3	12546	3	674	1580	15
211.0	10416	6	3	12547	9	852	1651	17
211.0	9921	31	28	12548	33	871	437	13
211.0	9247	20	18	12549	21	1610	1192	18
211.0	7283	16	17	12550	15	1470	1655	21
211.0	7560	19	19	12551	18	1903	1367	16
211.0	10017	20	18	12552	22	306	997	15
211.0	10169	22	23	12553	20	1812	1930	18
211.0	10746	30	35	12554	25	1984	1611	14
211.0	8526	26	21	12555	30	0	1840	17
211.0	9809	27	29	12556	24	992	283	15
211.0	8958	19	21	12557	17	1554	1698	12
211.0	9314	11	10	12558	11	506	1280	14
211.0	10470	21	22	12559	18	221	1811	13
211.0	10558	42	37	12560	42	35	620	12
211.0	10093	10	10	12561	10	589	1484	15
211.0	8851	19	16	12562	22	610	1647	16
211.0	9364	17	11	12563	22	1696	792	19
211.0	8019	11	12	12564	10	1672	1946	16
211.0	10643	0	0	12565	0	1433	1569	15
211.0	9297	8	8	12566	8	909	1836	16
211.0	10005	7	6	12567	8	1408	1621	16
211.0	7911	13	14	12568	12	511	1666	15
211.0	8287	27	28	12569	24	1733	1079	13
211.0	10191	4	3	12570	5	1411	220	13
211.0	8245	3	3	12571	2	1600	1455	18
211.0	11369	6	5	12572	7	1247	1620	20
211.0	11030	15	13	12573	16	1401	518	17
211.0	10107	16	19	12574	13	74	1703	16
211.0	8814	14	13	12575	15	1839	756	16
211.0	11255	26	27	12576	23	1068	1981	15
211.0	10733	10	9	12577	11	1362	185	16
211.0	10314	26	28	12578	23	1413	433	16
211.0	10515	4	6	12579	2	448	689	20
211.0	9872	14	11	12580	17	856	500	14
211.0	10855	8	9	12581	7	469	1588	14
211.0	10500	25	27	12582	23	490	1426	14
211.0	10494	6	7	12583	5	1353	1791	16
211.0	7696	23	26	12584	19	229	70	16
211.0	10530	28	21	12585	32	686	1702	12
211.0	9717	31	29	12586	32	774	349	15
211.0	11507	12	10	12587	12	620	1530	15
211.0	11700	2	1	12588	3	1361	558	16
211.0	8136	34	30	12589	35	1812	1364	13
211.0	10671	21	19	12590	22	377	848	12
211.0	10929	25	18	12591	30	1999	395	16
211.0	10793	24	24	12592	22	1839	667	19
211.0	9925	19	20	12593	17	1841	1253	14
211.0	11411	9	10	12594	7	1466	1987	18
211.0	8584	17	18	12595	16	0	204	14
211.0	7159	5	5	12596	5	809	502	15
211.0	10219	13	11	12597	15	277	1314	12
211.0	10755	24	22	12598	25	394	842	18
211.0	7647	27	29	12599	24	506	521	19
211.0	8252	1	1	12600	1	1387	1759	17
211.0	9055	4	6	12601	2	1681	902	17
211.0	10294	22	19	12602	25	990	1701	14
211.0	10692	5	5	12603	4	1322	610	12
211.0	11112	9	7	12604	11	518	1506	17
211.0	7663	21	18	12605	21	1834	1069	11
211.0	9352	30	21	12606	37	1528	627	16
211.0	8676	15	17	12607	13	1478	1999	18
211.0	11867	7	9	12608	5	861	1636	16
211.0	11062	16	13	12609	17	660	1907	14
211.0	10301	18	21	12610	13	1071	1822	14
211.0	10567	19	19	12611	18	1941	1104	12
211.0	9899	31	31	12612	29	336	1567	13
211.0	9466	24	20	12613	26	1968	1333	17
211.0	11096	27	25	12614	29	1383	376	18
211.0	11388	46	40	12615	48	188	980	14
211.0	9533	11	11	12616	11	1791	1007	14
211.0	8747	23	21	12617	24	1834	1348	15
211.0	11205	29	28	12618	30	1893	1932	15
211.0	11325	12	14	12619	10	544	1559	15
211.0	7101	12	11	12620	11	53	1677	17
211.0	10948	21	17	12621	25	1818	1030	18
211.0	9897	17	15	12622	18	317	1483	12
211.0	10064	23	23	12623	22	169	1302	14
211.0	12351	30	35	12624	22	820	355	14
211.0	11100	17	20	12625	13	1786	808	16
212.0	9462	38	41	12626	32	844	0	15
212.0	11398	10	8	12627	12	1594	1804	16
212.0	10210	9	4	12628	13	1969	1632	16
212.0	10813	14	14	12629	14	40	1785	14
212.0	9264	23	26	12630	18	737	1770	15
212.0	10228	22	23	12631	20	1957	1932	13
212.0	9599	29	35	12632	22	615	561	19
212.0	9883	30	25	12633	34	54	664	15
212.0	7049	16	14	12634	18	510	803	14
212.0	9143	7	7	12635	7	502	1514	17
212.0	11073	17	17	12636	15	390	1373	16
212.0	11164	8	7	12637	9	1540	702	16
212.0	11083	12	6	12638	18	671	1869	16
212.0	9973	15	15	12639	15	1619	718	18
212.0	11040	13	12	12640	13	1550	791	15
212.0	10350	48	39	12641	55	1727	863	19
212.0	9040	37	34	12642	36	176	64	14
212.0	7984	19	16	12643	20	568	1587	14
212.0	12096	12	16	12644	7	1844	738	18
212.0	10781	14	14	12645	12	231	378	18
212.0	10689	25	22	12646	26	359	1107	14
212.0	11669	14	16	12647	11	1611	1536	17
212.0	11769	13	12	12648	13	1632	559	13
212.0	8174	25	26	12649	23	1243	1680	12
212.0	10917	25	22	12650	27	1980	574	14
212.0	7281	19	19	12651	18	1843	1663	16
212.0	9983	20	17	12652	21	39	1166	14
212.0	11863	8	11	12653	5	1865	1513	18
212.0	12387	3	1	12654	5	1671	1469	18
212.0	8210	13	10	12655	15	941	441	20
212.0	10763	18	22	12656	14	979	1817	17
212.0	8327	13	13	12657	12	1953	1368	14
212.0	10337	21	12	12658	28	1889	746	19
212.0	11341	16	16	12659	15	1033	328	15
212.0	10379	9	9	12660	8	706	1721	16
212.0	11417	21	24	12661	18	67	1853	14
212.0	8435	18	13	12662	22	792	1652	12
212.0	11129	18	18	12663	17	1716	1478	18
212.0	10592	24	20	12664	25	590	1460	20
212.0	7022	21	23	12665	18	1519	1857	12
212.0	10975	23	18	12666	27	1714	607	15
212.0	9214	33	33	12667	30	279	988	14
212.0	10584	38	33	12668	42	1327	1697	14
212.0	11511	26	28	12669	23	1759	840	12
212.0	10970	16	15	12670	17	1400	470	16
212.0	8253	6	3	12671	9	1653	1457	17
212.0	9919	22	16	12672	28	584	1819	16
212.0	10711	30	32	12673	27	1490	1784	16
212.0	9741	18	21	12674	13	1769	1939	15
212.0	8267	31	25	12675	37	1042	491	13
212.0	9259	42	47	12676	36	327	0	15
212.0	9822	21	23	12677	19	1782	551	17
212.0	9685	27	28	12678	24	820	1587	14
212.0	9274	19	18	12679	18	643	518	15
212.0	9619	6	7	12680	5	738	1708	16
212.0	10730	14	19	12681	9	898	428	16
212.0	10124	28	22	12682	32	1624	603	14
212.0	9896	23	27	12683	19	1817	821	13
212.0	10697	2	2	12684	2	1281	1558	15
212.0	10554	24	27	12685	20	1816	294	14
212.0	10141	31	30	12686	30	1303	1932	17
212.0	11571	9	9	12687	9	1388	532	19
212.0	9944	32	33	12688	31	1698	829	17
212.0	10738	29	22	12689	35	1515	1999	16
212.0	10837	20	15	12690	24	1721	808	10
212.0	8381	9	7	12691	10	1360	554	19
212.0	10369	8	8	12692	8	938	1670	13
212.0	9855	17	20	12693	12	967	1697	17
212.0	11119	24	27	12694	21	1819	852	15
212.0	11066	31	30	12695	31	1386	1830	18
212.0	11649	0	0	12696	0	1377	1809	17
212.0	9290	29	32	12697	25	1389	209	19
212.0	9971	27	21	12698	31	1860	806	14
212.0	7651	30	26	12699	30	332	1999	15
212.0	10278	6	5	12700	7	847	1897	15
212.0	12283	16	17	12701	14	469	1009	17
212.0	11458	24	24	12702	24	1765	808	13
212.0	9563	56	43	12703	57	1735	1109	20
212.0	9319	20	22	12704	16	298	669	15
212.0	11363	28	23	12705	28	1932	67	11
212.0	9496	19	16	12706	21	477	1451	16
212.0	8779	30	34	12707	22	1934	427	17
212.0	10980	24	20	12708	28	1953	1088	13
212.0	10821	12	10	12709	14	1836	1443	16
212.0	9332	19	19	12710	19	864	1610	16
212.0	10314	28	23	12711	32	1413	394	17
212.0	9293	32	31	12712	30	1889	934	15
212.0	10696	25	20	12713	29	1898	1248	20
212.0	9912	13	11	12714	14	1586	1538	16
212.0	10999	7	7	12715	7	799	1955	15
212.0	8880	9	9	12716	7	1580	900	14
212.0	11367	14	9	12717	19	344	1972	13
212.0	11096	25	32	12718	18	1383	376	19
212.0	8759	22	19	12719	24	919	256	16
212.0	7654	31	35	12720	26	1440	295	17
212.0	9871	14	10	12721	17	698	1827	15
212.0	7318	28	28	12722	26	1477	0	18
212.0	9469	17	10	12723	22	1054	1729	13
212.0	12570	5	3	12724	7	1419	228	14
212.0	11221	26	28	12725	21	1752	458	16
212.0	10846	18	17	12726	17	1639	480	17
212.0	10709	25	23	12727	26	388	1202	13
212.0	9032	17	16	12728	17	1751	1322	20
212.0	8829	43	37	12729	47	383	908	13
212.0	9962	27	21	12730	30	1742	1308	17
212.0	9015	17	19	12731	14	363	966	13
212.0	12084	50	42	12732	56	1379	1898	19
212.0	11095	12	10	12733	14	1969	1617	15
212.0	10442	29	35	12734	22	1924	1293	18
212.0	9515	34	34	12735	32	1835	1331	13
212.0	11895	11	12	12736	10	1781	887	16
212.0	7101	11	10	12737	11	53	1677	18
212.0	8177	24	22	12738	25	1449	680	14
212.0	9697	31	28	12739	29	1923	1687	14
212.0	10027	44	55	12740	33	174	769	12
212.0	10093	10	10	12741	10	589	1484	16
213.0	8829	37	40	12742	32	383	908	14
213.0	9605	11	6	12743	15	1406	1677	13
213.0	9358	23	18	12744	28	1770	764	14
213.0	11047	15	11	12745	19	1962	1472	13
213.0	9809	29	28	12746	29	992	283	16
213.0	10564	36	39	12747	31	1622	69	17
213.0	9429	17	15	12748	19	1102	1800	15
213.0	9603	2	3	12749	1	699	1501	15
213.0	10740	11	13	12750	8	423	789	15
213.0	10837	15	17	12751	13	1721	808	11
213.0	9656	25	22	12752	28	369	949	13
213.0	9878	18	20	12753	16	441	1173	11
213.0	7433	18	17	12754	18	962	1579	13
213.0	10245	15	10	12755	19	358	652	17
213.0	9875	27	31	12756	22	460	1054	12
213.0	11186	12	7	12757	17	919	1772	17
213.0	10359	15	12	12758	17	420	1364	13
213.0	11895	12	12	12759	11	1781	887	17
213.0	8937	24	23	12760	25	1601	546	14
213.0	11344	20	15	12761	22	930	1974	19
213.0	11037	16	14	12762	18	365	1162	10
213.0	9808	17	17	12763	16	1531	1777	15
213.0	9678	18	18	12764	17	661	460	16
213.0	6925	7	6	12765	7	840	1965	16
213.0	8645	19	16	12766	21	1631	1626	19
213.0	9983	17	11	12767	21	39	1166	15
213.0	11324	25	26	12768	21	1600	851	17
213.0	8049	25	25	12769	25	640	1999	14
213.0	10711	32	25	12770	38	1490	1784	17
213.0	10702	19	19	12771	18	539	486	18
213.0	10730	19	17	12772	20	898	428	17
213.0	7283	17	16	12773	18	1470	1655	22
213.0	11863	11	9	12774	12	1865	1513	19
213.0	9288	48	46	12775	50	1333	333	12
213.0	10862	22	22	12776	20	302	1570	13
213.0	9697	28	21	12777	31	1923	1687	15
213.0	9290	32	33	12778	30	1389	209	20
213.0	11302	27	24	12779	26	649	1669	12
213.0	7768	13	9	12780	16	580	789	12
213.0	11439	14	16	12781	12	811	541	14
213.0	10603	23	19	12782	26	377	770	15
213.0	9957	37	38	12783	32	737	519	13
213.0	9511	15	11	12784	18	428	1112	14
213.0	10689	22	20	12785	24	336	1107	15
213.0	10816	5	3	12786	7	1324	1728	15
213.0	7372	17	22	12787	12	1550	206	18
213.0	10471	17	20	12788	14	1841	430	14
213.0	8691	38	36	12789	36	698	1906	13
213.0	8059	27	25	12790	28	1999	1876	16
213.0	9805	14	13	12791	13	1865	1489	18
213.0	10507	17	16	12792	18	1954	612	13
213.0	11237	23	21	12793	22	1501	1644	17
213.0	10536	27	26	12794	26	297	1631	14
213.0	10781	14	10	12795	18	231	378	19
213.0	9705	14	10	12796	17	1824	651	18
213.0	10088	14	12	12797	16	1240	1657	12
213.0	10901	22	25	12798	17	30	959	15
213.0	10210	4	2	12799	6	1956	1645	17
213.0	10955	25	23	12800	27	1038	1824	15
213.0	10834	48	41	12801	51	1400	406	15
213.0	9008	13	15	12802	9	330	1705	15
213.0	9355	48	50	12803	44	1750	1999	19
213.0	10224	30	36	12804	21	1543	570	15
213.0	8526	21	14	12805	26	0	1840	18
213.0	8970	14	15	12806	12	1643	1786	17
213.0	10796	13	12	12807	13	1876	190	16
213.0	9921	28	31	12808	25	871	437	14
213.0	9259	47	43	12809	47	327	0	16
213.0	9226	40	40	12810	39	1849	1589	17
213.0	11073	17	19	12811	15	390	1373	17
213.0	9710	15	17	12812	13	490	1399	16
213.0	6873	12	15	12813	9	1837	483	20
213.0	9469	10	11	12814	9	1054	1729	14
213.0	11096	32	29	12815	33	1383	376	20
213.0	10237	19	18	12816	20	1201	1754	14
213.0	8200	26	22	12817	28	526	730	15
213.0	10165	17	15	12818	19	1976	944	17
213.0	10706	21	21	12819	21	1679	30	16
213.0	10117	34	29	12820	36	1879	362	16
213.0	10770	19	16	12821	22	1874	1271	14
213.0	10092	18	19	12822	15	900	1787	17
213.0	11401	7	5	12823	9	466	1567	14
213.0	12387	1	0	12824	1	1671	1469	19
213.0	12570	3	4	12825	2	1419	228	15
213.0	11624	18	19	12826	15	231	1114	13
213.0	9770	21	22	12827	20	1689	610	15
213.0	9274	18	17	12828	17	643	518	16
213.0	10134	19	17	12829	21	41	481	15
213.0	9896	27	26	12830	28	1804	808	14
213.0	11438	18	19	12831	17	1756	640	14
213.0	9468	14	13	12832	13	234	959	10
213.0	10778	14	14	12833	14	1932	905	16
213.0	8435	13	7	12834	19	792	1668	13
213.0	11398	8	5	12835	10	1594	1804	17
213.0	7209	37	35	12836	38	1238	1999	17
213.0	6982	27	28	12837	25	1276	1879	18
213.0	8442	23	21	12838	24	1799	1130	21
213.0	10282	25	25	12839	23	1227	357	11
213.0	11374	26	24	12840	27	1075	1650	12
213.0	10970	15	14	12841	15	1400	451	17
213.0	11306	26	19	12842	33	1596	650	19
213.0	7881	19	17	12843	19	1183	1807	13
213.0	10159	12	11	12844	12	1882	1066	15
213.0	10809	4	5	12845	3	834	1760	18
213.0	7864	15	14	12846	15	1999	1626	15
213.0	11358	11	11	12847	11	470	1040	15
213.0	10008	44	50	12848	37	1225	249	14
213.0	10299	25	25	12849	23	1560	1594	19
213.0	7443	2	0	12850	4	1641	990	14
213.0	11224	30	34	12851	26	107	83	14
213.0	8754	38	39	12852	34	253	103	15
213.0	10403	37	37	12853	37	1888	1594	16
213.0	11349	25	19	12854	31	283	1975	12
213.0	10103	40	40	12855	39	1976	1486	14
213.0	9462	41	40	12856	41	844	0	16
213.0	10262	8	8	12857	7	1282	1740	15
213.0	9304	6	7	12858	5	618	1583	15
213.0	11556	26	30	12859	22	1532	559	14
214.0	9469	11	11	12860	10	1054	1729	15
214.0	9814	8	7	12861	9	834	401	16
214.0	10681	26	28	12862	21	153	837	14
214.0	10200	21	22	12863	19	1339	1570	19
214.0	9987	17	18	12864	16	471	938	12
214.0	10503	11	13	12865	8	532	1452	17
214.0	9809	28	23	12866	31	992	283	17
214.0	10160	12	14	12867	9	800	408	18
214.0	10299	25	26	12868	22	1560	1594	20
214.0	8748	14	16	12869	12	603	1976	13
214.0	8165	13	14	12870	12	478	1241	11
214.0	10126	22	18	12871	24	1661	1019	14
214.0	10689	20	15	12872	25	336	1107	16
214.0	8166	21	17	12873	23	1867	0	17
214.0	10382	22	24	12874	20	1953	1841	16
214.0	11215	8	7	12875	8	1920	1500	17
214.0	9862	13	11	12876	15	406	789	17
214.0	10619	36	33	12877	35	1921	464	14
214.0	10465	14	19	12878	9	407	969	15
214.0	7071	17	17	12879	17	1999	1249	20
214.0	8502	11	9	12880	13	777	1580	15
214.0	11441	16	14	12881	18	77	443	17
214.0	9810	30	29	12882	29	1842	1999	18
214.0	10282	25	24	12883	24	1227	357	12
214.0	12098	31	29	12884	30	67	994	13
214.0	8008	18	21	12885	15	1680	730	17
214.0	8596	28	31	12886	24	1980	1375	14
214.0	10836	28	29	12887	27	1869	1245	13
214.0	8546	26	25	12888	26	370	1088	13
214.0	9366	15	14	12889	16	990	1632	11
214.0	12181	10	15	12890	5	209	985	11
214.0	7406	14	12	12891	16	660	1924	14
214.0	8874	13	17	12892	9	1157	403	13
214.0	11569	18	20	12893	15	551	682	18
214.0	9202	19	10	12894	24	1799	1593	16
214.0	8881	13	12	12895	13	1242	1726	14
214.0	10314	23	19	12896	27	1413	394	18
214.0	9600	16	18	12897	14	1187	1898	13
214.0	9117	3	5	12898	1	1651	1080	15
214.0	12523	6	6	12899	6	548	1512	17
214.0	8659	35	34	12900	34	1099	550	17
214.0	9875	31	28	12901	32	460	1054	13
214.0	7674	27	24	12902	28	384	1050	15
214.0	10274	13	15	12903	9	569	1546	15
214.0	7372	22	20	12904	24	1550	206	19
214.0	10652	39	43	12905	32	709	530	15
214.0	8869	19	22	12906	15	1830	363	16
214.0	10297	32	29	12907	33	1843	902	15
214.0	9546	24	25	12908	22	81	694	11
214.0	11487	9	11	12909	7	661	1630	15
214.0	10083	19	18	12910	18	724	1891	16
214.0	10278	5	2	12911	8	847	1897	16
214.0	9548	5	3	12912	7	1709	1383	16
214.0	10092	19	20	12913	15	900	1787	18
214.0	9403	42	39	12914	42	1946	378	20
214.0	10919	26	21	12915	30	70	1626	11
214.0	8835	40	39	12916	41	1930	1755	15
214.0	10819	27	26	12917	26	719	415	12
214.0	11388	40	43	12918	34	170	980	15
214.0	10861	4	2	12919	6	810	454	13
214.0	9989	25	24	12920	22	1235	0	15
214.0	7768	9	10	12921	8	580	789	13
214.0	10837	17	11	12922	21	1721	808	12
214.0	10018	7	4	12923	9	1889	1361	16
214.0	10574	35	43	12924	26	1001	1805	16
214.0	11054	20	20	12925	19	1984	1579	14
214.0	8136	30	33	12926	25	1812	1364	14
214.0	11053	28	29	12927	26	1547	1793	15
214.0	11349	19	17	12928	21	283	1975	13
214.0	9889	19	18	12929	19	1830	1292	19
214.0	8696	10	9	12930	11	1307	459	17
214.0	8922	18	16	12931	19	1591	1477	18
214.0	11410	39	42	12932	35	1968	1096	16
214.0	9704	12	13	12933	11	843	1806	15
214.0	10955	23	23	12934	22	1038	1824	16
214.0	10951	46	45	12935	45	1900	307	17
214.0	11246	33	28	12936	35	1773	1210	21
214.0	10302	28	32	12937	23	1232	223	11
214.0	11093	22	24	12938	20	1967	471	17
214.0	10856	25	22	12939	26	1874	631	21
214.0	10703	36	34	12940	34	428	1661	15
214.0	11178	23	25	12941	20	649	499	14
214.0	7688	20	21	12942	18	832	492	14
214.0	10380	21	24	12943	16	1683	1636	12
214.0	8058	28	29	12944	26	1065	47	16
214.0	11020	24	17	12945	30	1859	1343	15
214.0	9066	48	39	12946	56	1955	771	16
214.0	9637	7	7	12947	6	870	486	14
214.0	8829	40	37	12948	41	383	908	15
214.0	9299	10	9	12949	9	253	743	18
214.0	11847	58	58	12950	42	1764	1747	16
214.0	10688	11	8	12951	13	406	1043	14
214.0	11200	32	27	12952	36	1606	577	12
214.0	10517	9	8	12953	9	1639	789	14
214.0	9284	15	18	12954	11	912	1721	13
214.0	11334	8	9	12955	7	1569	1474	19
214.0	10970	14	15	12956	12	1400	451	18
214.0	11541	17	14	12957	19	1889	28	20
214.0	10182	20	22	12958	17	1858	1630	20
214.0	11104	10	5	12959	13	449	1226	15
214.0	12405	13	16	12960	9	1959	676	18
214.0	8625	19	19	12961	16	1512	669	16
214.0	10521	25	28	12962	21	1863	461	15
214.0	10421	23	23	12963	22	988	1757	14
214.0	10929	18	16	12964	20	1999	395	17
214.0	11290	10	9	12965	11	1175	1681	13
214.0	11127	38	45	12966	31	1778	634	16
214.0	7283	16	17	12967	15	1470	1655	23
214.0	9418	16	15	12968	15	654	1779	16
215.0	9897	15	10	12969	20	369	1629	13
215.0	11796	23	23	12970	22	1481	1688	17
215.0	10122	16	18	12971	14	815	1722	17
215.0	11544	12	12	12972	10	587	1669	16
215.0	9823	32	34	12973	27	1857	534	17
215.0	11138	15	12	12974	17	1310	1776	15
215.0	7965	13	15	12975	10	498	1341	12
215.0	9009	27	35	12976	19	1999	594	15
215.0	10443	2	1	12977	3	1303	1839	18
215.0	9744	32	36	12978	26	506	1909	12
215.0	10134	17	15	12979	19	41	481	16
215.0	9154	31	24	12980	36	1754	332	18
215.0	10559	21	20	12981	22	523	1428	14
215.0	11053	29	28	12982	28	1547	1793	16
215.0	11550	6	8	12983	4	448	669	20
215.0	7654	35	37	12984	33	1709	310	18
215.0	9804	19	19	12985	19	1979	781	17
215.0	11187	10	6	12986	13	461	1207	15
215.0	12385	30	29	12987	31	1349	1716	14
215.0	10689	15	14	12988	15	336	1107	17
215.0	8879	24	18	12989	29	1977	1782	18
215.0	10295	9	9	12990	9	814	1702	16
215.0	11068	17	19	12991	15	1490	494	15
215.0	8144	36	34	12992	34	67	976	13
215.0	10107	19	19	12993	18	74	1703	17
215.0	10920	26	29	12994	22	1319	1988	13
215.0	9183	11	12	12995	9	287	1111	11
215.0	10735	7	8	12996	5	1268	521	20
215.0	8666	26	20	12997	30	398	807	17
215.0	11560	2	3	12998	1	1708	1511	16
215.0	10787	22	18	12999	23	590	586	17
215.0	10620	7	9	13000	5	1361	1809	18
215.0	9519	15	11	13001	17	1957	58	17
215.0	11790	24	23	13002	23	113	372	16
215.0	10686	26	25	13003	25	1810	30	16
215.0	10991	21	20	13004	21	248	1576	14
215.0	11393	30	34	13005	26	57	502	18
215.0	8327	13	14	13006	11	1953	1368	15
215.0	12951	13	14	13007	12	418	1030	15
215.0	10782	40	38	13008	41	726	24	16
215.0	10681	28	32	13009	22	153	837	15
215.0	7829	39	36	13010	41	450	970	13
215.0	11311	19	22	13011	15	1984	766	15
215.0	9620	8	9	13012	7	1440	629	15
215.0	10662	25	24	13013	24	181	503	16
215.0	10800	34	37	13014	30	1931	599	15
215.0	10293	26	24	13015	28	1898	1958	13
215.0	7560	19	20	13016	18	1903	1367	17
215.0	9930	29	20	13017	37	638	346	14
215.0	10400	15	14	13018	14	618	1736	14
215.0	11363	23	14	13019	32	1932	67	12
215.0	10200	22	28	13020	15	1339	1570	20
215.0	10409	16	14	13021	18	336	1042	14
215.0	10007	23	26	13022	19	76	1960	16
215.0	10357	18	19	13023	16	50	1344	15
215.0	11387	36	33	13024	38	1972	1886	13
215.0	8821	24	27	13025	19	1488	1876	16
215.0	8502	9	9	13026	9	777	1580	16
215.0	10705	19	25	13027	13	1710	1869	18
215.0	11495	33	32	13028	31	1651	1843	15
215.0	9228	37	40	13029	34	1999	196	11
215.0	10604	27	29	13030	24	1999	1750	12
215.0	7140	18	17	13031	17	686	1652	16
215.0	10694	18	15	13032	19	799	1687	16
215.0	9366	14	17	13033	11	990	1632	12
215.0	11315	28	24	13034	31	231	324	16
215.0	9345	16	13	13035	19	1961	1422	17
215.0	10795	0	0	13036	0	1718	927	16
215.0	9589	7	4	13037	10	583	1715	14
215.0	11179	20	19	13038	20	371	1219	15
215.0	11806	30	27	13039	32	1886	1885	18
215.0	9558	24	25	13040	22	1798	1531	13
215.0	10844	37	35	13041	36	405	911	13
215.0	9433	8	8	13042	7	1386	1727	13
215.0	11058	29	33	13043	24	1831	1804	13
215.0	10017	18	19	13044	17	306	997	16
215.0	8021	20	19	13045	20	1743	981	20
215.0	11289	28	26	13046	29	39	199	16
215.0	9747	23	26	13047	20	572	587	17
215.0	9748	33	33	13048	29	1999	650	15
215.0	10540	14	16	13049	11	544	1896	12
215.0	8700	12	11	13050	12	471	1370	16
215.0	8869	22	27	13051	17	1830	363	17
215.0	10763	22	19	13052	24	979	1817	18
215.0	10421	23	11	13053	35	988	1757	15
215.0	7059	23	26	13054	19	1481	1707	17
215.0	8868	14	11	13055	17	1578	1591	15
215.0	11362	25	29	13056	21	1353	1872	15
215.0	10951	45	54	13057	35	1900	307	18
215.0	7686	24	26	13058	22	1029	379	14
215.0	9726	15	16	13059	13	1989	880	18
215.0	11217	22	16	13060	26	1391	176	19
215.0	11524	32	26	13061	37	1280	1960	17
215.0	9134	31	38	13062	21	1757	1536	13
215.0	9535	24	21	13063	24	506	1631	10
215.0	7372	20	17	13064	23	1550	206	20
215.0	7048	11	10	13065	11	1874	1646	18
215.0	9916	17	17	13066	16	1861	1366	14
215.0	8958	21	13	13067	27	1554	1698	13
215.0	8491	11	9	13068	12	371	1999	14
215.0	11318	21	20	13069	21	1949	1266	21
215.0	11503	18	12	13070	23	190	421	16
215.0	8596	31	27	13071	33	1980	1375	15
215.0	10570	7	5	13072	9	1270	1579	15
215.0	8937	23	19	13073	27	1601	546	15
215.0	9802	31	29	13074	32	780	1510	14
215.0	11736	40	38	13075	42	1852	589	16
215.0	7420	6	5	13076	7	516	1983	16
215.0	10276	10	8	13077	10	1600	1438	18
215.0	11038	38	36	13078	39	1785	73	18
215.0	10819	26	26	13079	25	719	415	13
215.0	9230	10	11	13080	9	461	1287	17
215.0	9561	26	22	13081	27	1730	1045	15
215.0	10383	25	24	13082	26	1957	408	18
215.0	11096	29	26	13083	29	1383	376	21
216.0	8032	30	30	13084	29	1857	1426	15
216.0	9180	17	14	13085	18	1981	1452	13
216.0	9673	10	10	13086	9	610	1690	15
216.0	8091	36	37	13087	34	69	1925	16
216.0	11132	13	18	13088	8	1839	1773	17
216.0	10982	19	21	13089	14	1346	264	15
216.0	7465	23	27	13090	19	33	1326	17
216.0	10073	19	21	13091	17	1130	531	18
216.0	10125	18	15	13092	20	1776	1806	14
216.0	11252	24	22	13093	23	305	1148	11
216.0	10845	35	36	13094	34	1138	1895	17
216.0	9478	24	23	13095	25	1250	408	13
216.0	9628	9	13	13096	5	879	1839	17
216.0	11660	40	42	13097	37	1893	591	16
216.0	10951	54	48	13098	52	1900	307	19
216.0	7874	16	19	13099	12	88	1999	18
216.0	11256	21	19	13100	21	971	346	17
216.0	10494	7	5	13101	8	1353	1791	17
216.0	10542	14	16	13102	11	1969	667	19
216.0	11337	12	10	13103	13	1283	1804	17
216.0	10395	27	26	13104	24	0	754	12
216.0	10702	19	19	13105	18	539	486	19
216.0	11961	17	20	13106	14	1689	758	17
216.0	8893	28	28	13107	28	1548	74	18
216.0	10219	11	12	13108	9	277	1314	13
216.0	8693	30	34	13109	23	1902	1471	15
216.0	8706	29	30	13110	26	1089	1674	13
216.0	11395	15	14	13111	15	242	1152	15
216.0	7469	32	23	13112	40	1195	1748	11
216.0	10244	29	31	13113	26	472	1099	12
216.0	9562	31	30	13114	28	1873	1223	15
216.0	10458	28	30	13115	26	651	560	15
216.0	8121	20	20	13116	20	1999	1999	17
216.0	10585	11	13	13117	8	976	1738	19
216.0	11316	23	19	13118	24	1208	479	16
216.0	11381	15	9	13119	19	1660	949	15
216.0	7432	12	13	13120	10	420	1517	14
216.0	10318	27	22	13121	32	289	624	14
216.0	9154	24	24	13122	22	1754	332	19
216.0	8956	29	27	13123	31	450	910	11
216.0	10571	15	14	13124	14	1459	579	13
216.0	10048	20	18	13125	20	431	473	16
216.0	11092	13	12	13126	14	121	443	15
216.0	8668	17	9	13127	24	1918	1314	14
216.0	11112	7	4	13128	9	518	1506	18
216.0	10920	29	26	13129	31	1319	1988	14
216.0	11998	23	21	13130	24	857	363	12
216.0	10787	18	17	13131	19	590	586	18
216.0	8174	26	30	13132	22	1243	1680	13
216.0	10208	12	11	13133	12	680	1632	15
216.0	11515	9	6	13134	12	1272	1728	15
216.0	10024	15	14	13135	15	868	1694	14
216.0	11796	23	21	13136	25	1481	1688	18
216.0	10294	19	16	13137	21	990	1720	15
216.0	10597	8	7	13138	7	44	1299	18
216.0	10017	19	20	13139	18	306	997	17
216.0	8700	11	9	13140	13	471	1370	17
216.0	7687	8	7	13141	9	1171	1643	15
216.0	9048	0	0	13142	0	1318	1847	17
216.0	11019	17	21	13143	13	172	1031	11
216.0	11727	29	22	13144	33	1800	535	16
216.0	10324	24	24	13145	24	421	1001	17
216.0	11702	15	7	13146	21	217	834	16
216.0	8695	34	27	13147	38	1589	712	14
216.0	9121	12	10	13148	14	484	523	18
216.0	7861	31	26	13149	33	746	1808	15
216.0	10284	21	17	13150	25	1827	1256	16
216.0	11203	20	20	13151	18	1550	524	16
216.0	10480	8	6	13152	10	780	527	14
216.0	10777	13	17	13153	9	1770	1302	17
216.0	10594	21	16	13154	25	746	1790	12
216.0	10137	18	14	13155	22	1742	1184	16
216.0	9558	25	21	13156	29	1798	1531	14
216.0	10766	12	14	13157	10	1850	1029	15
216.0	11066	30	27	13158	29	1386	1849	19
216.0	11000	15	11	13159	17	1557	1861	15
216.0	8634	26	22	13160	27	791	1746	18
216.0	9270	31	30	13161	30	874	1913	17
216.0	8701	37	32	13162	40	1956	1870	14
216.0	11072	18	17	13163	19	924	1864	16
216.0	11884	11	11	13164	11	550	1331	15
216.0	10484	28	27	13165	27	253	496	14
216.0	10827	22	28	13166	16	1766	1620	18
216.0	10421	11	11	13167	11	988	1757	16
216.0	10016	27	24	13168	28	1967	486	15
216.0	10186	39	39	13169	37	1759	1292	16
216.0	10276	8	4	13170	11	1600	1438	19
216.0	11364	24	29	13171	17	1561	1533	16
216.0	10200	28	19	13172	35	1339	1570	21
216.0	10253	10	6	13173	12	289	800	17
216.0	11204	11	13	13174	8	674	1663	16
216.0	9623	10	12	13175	8	1897	1187	15
216.0	11228	25	22	13176	27	307	1117	12
216.0	10262	8	6	13177	10	1282	1740	16
216.0	8937	19	20	13178	18	1601	546	16
216.0	10915	23	23	13179	23	259	612	16
216.0	11664	28	26	13180	28	1186	380	16
216.0	10307	21	19	13181	21	626	400	17
216.0	11017	28	25	13182	29	1885	780	17
216.0	9820	15	15	13183	15	1915	1939	17
216.0	9203	41	35	13184	45	1776	204	19
216.0	10133	22	20	13185	24	297	1094	13
216.0	10412	14	11	13186	17	1153	1729	15
216.0	10256	7	6	13187	8	830	1774	17
216.0	11686	24	23	13188	24	550	1651	12
216.0	10746	35	32	13189	37	1963	1611	15
216.0	10614	9	8	13190	10	547	1450	15
216.0	9535	21	18	13191	22	506	1631	11
216.0	9908	26	27	13192	25	1620	732	14
216.0	7134	27	28	13193	24	0	1163	17
216.0	11794	18	21	13194	15	699	493	15
216.0	10292	29	31	13195	26	728	342	15
216.0	8879	18	15	13196	21	1977	1782	19
216.0	7431	18	16	13197	19	1869	1985	18
216.0	10060	12	10	13198	14	1572	1626	13
216.0	9916	17	17	13199	16	1861	1366	15
216.0	8144	34	28	13200	40	67	976	14
216.0	9369	5	3	13201	7	1321	484	18
216.0	10351	26	26	13202	26	1555	1622	16
216.0	8537	18	17	13203	19	83	1769	14
216.0	8941	7	5	13204	9	512	1574	14
216.0	11690	8	8	13205	8	980	1801	19
216.0	10917	22	22	13206	21	1980	574	15
216.0	10757	27	25	13207	27	981	191	16
216.0	12660	8	5	13208	11	692	1740	17
216.0	8607	39	40	13209	37	714	1965	12
216.0	10037	19	19	13210	19	1723	657	12
216.0	11978	9	10	13211	6	777	1728	16
216.0	7325	26	29	13212	22	364	803	13
217.0	11690	8	9	13213	7	980	1801	20
217.0	8091	37	39	13214	34	69	1925	17
217.0	8215	42	42	13215	39	1999	1418	16
217.0	10787	17	18	13216	16	590	586	19
217.0	11962	20	20	13217	19	1509	516	14
217.0	10811	20	22	13218	18	359	785	16
217.0	7696	26	22	13219	30	197	0	17
217.0	8777	8	7	13220	8	1756	1518	18
217.0	9377	25	23	13221	25	1507	1954	17
217.0	12491	27	24	13222	26	20	1968	16
217.0	9066	39	33	13223	43	1936	771	17
217.0	11124	16	13	13224	18	1559	1659	13
217.0	11639	5	9	13225	1	888	1651	15
217.0	11769	12	9	13226	15	1632	559	14
217.0	9823	34	39	13227	26	1870	521	18
217.0	11364	29	27	13228	31	1561	1533	17
217.0	11323	28	32	13229	23	1156	11	11
217.0	11152	13	12	13230	14	1539	1583	19
217.0	11143	23	16	13231	27	1929	1036	17
217.0	10833	2	1	13232	2	1345	1692	12
217.0	10048	18	18	13233	17	377	470	17
217.0	9770	22	25	13234	18	1689	586	16
217.0	12645	12	12	13235	11	147	389	19
217.0	9148	31	36	13236	25	1656	64	19
217.0	9659	29	26	13237	32	1594	249	18
217.0	9339	25	21	13238	27	1776	516	19
217.0	10534	5	4	13239	5	586	1578	16
217.0	10603	19	19	13240	19	377	770	16
217.0	7667	36	33	13241	38	1226	43	19
217.0	9140	24	24	13242	22	396	1120	11
217.0	11066	27	32	13243	21	1386	1849	20
217.0	10793	24	24	13244	23	1823	633	20
217.0	10307	19	17	13245	18	626	400	18
217.0	7074	2	2	13246	2	1711	1439	17
217.0	9015	19	19	13247	19	349	980	14
217.0	9088	16	10	13248	21	1690	935	14
217.0	7038	14	12	13249	15	1681	366	15
217.0	11147	32	32	13250	30	1119	531	13
217.0	11817	20	24	13251	16	363	664	15
217.0	8737	3	2	13252	4	1781	1415	16
217.0	12311	16	18	13253	13	569	619	20
217.0	11209	29	29	13254	27	866	239	12
217.0	10857	32	31	13255	31	621	1869	12
217.0	10965	21	21	13256	20	1636	150	15
217.0	10357	19	20	13257	18	50	1344	16
217.0	10291	14	11	13258	17	350	1071	13
217.0	11988	32	35	13259	27	1334	72	12
217.0	11398	5	5	13260	4	1594	1804	18
217.0	8746	24	23	13261	23	1892	1808	14
217.0	9123	31	35	13262	25	109	1151	15
217.0	11823	22	23	13263	20	985	410	16
217.0	10103	40	31	13264	47	1988	1498	15
217.0	11056	19	22	13265	14	505	1960	12
217.0	10971	26	26	13266	26	707	1812	13
217.0	8666	20	20	13267	19	398	807	18
217.0	10955	23	28	13268	16	1054	1840	17
217.0	12386	32	36	13269	27	1936	119	20
217.0	11563	9	9	13270	7	888	1721	16
217.0	10469	18	14	13271	20	1173	1863	14
217.0	9694	2	4	13272	0	712	1540	14
217.0	9915	17	20	13273	14	935	1700	18
217.0	10037	19	20	13274	17	1723	657	13
217.0	10872	2	1	13275	3	1130	1653	18
217.0	9944	33	36	13276	30	1698	829	18
217.0	10301	21	14	13277	25	1071	1822	15
217.0	10118	23	15	13278	29	290	1069	13
217.0	11815	36	35	13279	36	1840	534	17
217.0	8607	40	41	13280	37	714	1965	13
217.0	10042	31	29	13281	32	1461	354	15
217.0	10920	26	25	13282	26	1319	1988	15
217.0	11822	38	31	13283	44	1637	1941	16
217.0	10158	3	3	13284	2	1670	862	15
217.0	11010	10	10	13285	10	906	1681	17
217.0	12885	15	13	13286	17	1670	720	18
217.0	10253	6	5	13287	6	289	800	18
217.0	12380	9	7	13288	10	540	1612	17
217.0	9642	8	7	13289	8	1326	1758	14
217.0	10032	30	22	13290	37	1768	1577	13
217.0	7432	13	15	13291	11	420	1517	15
217.0	9626	33	38	13292	26	1733	1012	14
217.0	11098	16	11	13293	19	1746	1920	13
217.0	11062	13	16	13294	9	648	1895	15
217.0	9515	34	39	13295	28	1835	1331	14
217.0	10888	5	6	13296	3	1292	1851	17
217.0	10764	28	25	13297	27	1908	1594	15
217.0	11715	24	28	13298	19	1822	708	20
217.0	9771	10	12	13299	7	530	662	18
217.0	10669	23	22	13300	23	1251	298	15
217.0	10852	17	18	13301	14	254	556	17
217.0	8567	24	26	13302	21	1902	498	17
217.0	8952	12	15	13303	9	1847	1327	16
217.0	10400	14	13	13304	14	618	1736	15
217.0	9907	24	20	13305	26	254	347	17
217.0	11469	13	10	13306	15	1602	411	15
217.0	9658	24	20	13307	28	75	1901	13
217.0	12130	35	41	13308	29	84	1925	16
217.0	10161	7	8	13309	6	849	1792	18
217.0	11489	12	12	13310	12	628	453	16
217.0	8900	19	17	13311	20	348	753	16
217.0	7266	8	9	13312	5	1334	1771	19
217.0	9963	31	31	13313	29	1919	947	16
217.0	8997	6	8	13314	3	1893	1307	14
217.0	10309	7	5	13315	9	1877	1613	19
217.0	10796	12	10	13316	12	1876	190	17
217.0	7143	6	6	13317	6	1425	1760	17
217.0	10275	40	42	13318	35	1689	1755	17
217.0	9270	30	27	13319	31	874	1913	18
217.0	9134	38	41	13320	34	1757	1557	14
217.0	8619	32	33	13321	30	1969	684	14
217.0	10690	15	15	13322	15	164	463	13
217.0	8000	38	35	13323	39	662	1684	12
217.0	11384	26	24	13324	28	1720	1648	20
217.0	10797	12	13	13325	11	518	1598	14
217.0	7434	40	41	13326	36	46	1106	14
217.0	9577	34	37	13327	30	466	800	14
217.0	11631	27	26	13328	25	1513	220	18
217.0	7033	12	10	13329	14	740	1656	14
218.0	11142	42	41	13330	42	644	1737	11
218.0	10515	6	6	13331	6	448	689	21
218.0	8577	16	17	13332	14	1931	1577	20
218.0	10883	19	21	13333	16	607	1720	13
218.0	11367	9	7	13334	11	344	1972	14
218.0	10719	20	23	13335	15	335	761	15
218.0	11304	9	12	13336	6	1954	1413	14
218.0	7861	26	25	13337	26	746	1808	16
218.0	8662	26	23	13338	27	1984	1662	15
218.0	10307	17	17	13339	17	626	400	19
218.0	10946	9	7	13340	11	1272	1688	14
218.0	9013	26	25	13341	25	894	279	18
218.0	7686	26	27	13342	25	1029	379	15
218.0	12121	12	15	13343	7	989	1884	16
218.0	7469	23	20	13344	26	1136	1789	12
218.0	9461	11	8	13345	12	1862	878	16
218.0	11888	35	30	13346	37	1415	1952	13
218.0	10542	16	12	13347	18	1969	667	20
218.0	9377	23	20	13348	25	1507	1954	18
218.0	7631	14	14	13349	14	694	1989	16
218.0	11369	5	4	13350	6	1247	1620	21
218.0	8601	1	1	13351	1	1433	1804	15
218.0	10274	15	14	13352	14	569	1528	16
218.0	7789	5	7	13353	3	1660	1507	19
218.0	9288	46	45	13354	47	1333	333	13
218.0	11376	12	11	13355	13	859	1828	15
218.0	11400	42	41	13356	41	1908	1906	17
218.0	11074	9	10	13357	7	1180	363	13
218.0	10367	17	20	13358	14	187	1549	17
218.0	9926	27	29	13359	23	1549	1568	20
218.0	8048	25	18	13360	30	1717	406	15
218.0	11678	42	47	13361	34	1941	579	18
218.0	11152	12	13	13362	11	1539	1583	20
218.0	11425	22	14	13363	29	1640	625	12
218.0	9705	10	12	13364	7	1824	651	19
218.0	6979	9	9	13365	9	1258	1805	17
218.0	10470	22	17	13366	27	221	1811	14
218.0	9427	25	28	13367	21	260	1184	16
218.0	9307	36	33	13368	38	1363	1901	19
218.0	10048	18	18	13369	14	377	470	18
218.0	9536	8	8	13370	8	1429	589	14
218.0	8442	21	18	13371	20	1788	1141	22
218.0	10534	4	5	13372	3	586	1578	17
218.0	9698	20	18	13373	20	452	1946	12
218.0	11008	21	23	13374	19	1870	1441	14
218.0	11445	1	1	13375	1	1173	1660	19
218.0	12638	18	20	13376	16	650	1869	17
218.0	12157	17	17	13377	16	576	1909	15
218.0	9794	20	19	13378	19	510	1468	17
218.0	8881	12	8	13379	15	1242	1726	15
218.0	9905	46	40	13380	51	247	977	15
218.0	8066	33	38	13381	27	468	1159	17
218.0	10747	19	15	13382	20	1504	1730	15
218.0	10870	18	18	13383	17	1911	725	19
218.0	11373	15	14	13384	15	267	1164	12
218.0	11457	17	9	13385	24	1951	628	13
218.0	8020	12	17	13386	7	1110	443	12
218.0	10192	13	15	13387	10	1650	1122	15
218.0	10371	24	27	13388	20	305	900	14
218.0	10959	37	31	13389	41	1591	1964	17
218.0	10575	24	21	13390	25	1735	568	15
218.0	6926	20	25	13391	14	68	1755	16
218.0	11469	10	9	13392	10	1602	411	16
218.0	11737	8	8	13393	8	1699	1565	18
218.0	7318	28	26	13394	30	1478	0	19
218.0	11005	34	31	13395	36	1821	1688	13
218.0	11209	29	31	13396	26	866	239	13
218.0	10293	24	23	13397	24	1898	1958	14
218.0	12526	29	19	13398	38	268	691	19
218.0	9717	29	32	13399	26	760	335	16
218.0	10872	1	1	13400	0	1130	1653	19
218.0	10349	16	18	13401	12	529	1596	13
218.0	12832	13	11	13402	14	255	959	11
218.0	11988	35	34	13403	34	1334	72	13
218.0	11235	23	18	13404	28	1846	493	17
218.0	10336	7	10	13405	4	681	1541	16
218.0	7143	6	5	13406	7	1425	1760	18
218.0	10714	27	23	13407	31	1462	282	17
218.0	10270	29	26	13408	30	332	918	13
218.0	11044	23	20	13409	25	1982	1733	13
218.0	11731	22	24	13410	18	595	1934	16
218.0	12125	22	18	13411	25	94	1633	14
218.0	10134	15	16	13412	14	41	481	17
218.0	11800	19	20	13413	18	275	990	17
218.0	11338	17	14	13414	17	1875	1841	16
218.0	8646	30	29	13415	31	667	480	15
218.0	7927	31	28	13416	33	1330	1999	13
218.0	8100	18	22	13417	10	836	329	17
218.0	8746	23	26	13418	20	1892	1808	15
218.0	10787	18	20	13419	15	590	586	20
218.0	9904	55	55	13420	45	330	687	14
218.0	11506	52	49	13421	51	1763	1967	19
218.0	10060	10	6	13422	14	1572	1626	14
218.0	12150	21	17	13423	25	1919	547	17
218.0	10275	42	47	13424	33	1689	1755	18
218.0	10744	21	20	13425	21	1773	1390	14
218.0	10596	16	13	13426	18	468	1391	15
218.0	12353	20	22	13427	18	217	700	14
218.0	8958	13	13	13428	13	1569	1776	14
218.0	11712	45	38	13429	50	1669	817	17
218.0	8276	16	15	13430	17	642	600	19
218.0	11746	26	29	13431	16	1921	197	19
218.0	9481	15	17	13432	13	102	1832	15
218.0	9226	40	39	13433	38	1836	1556	18
218.0	11503	12	14	13434	10	190	421	17
218.0	9140	24	17	13435	29	396	1120	12
218.0	11407	13	13	13436	13	1848	1533	17
218.0	10360	34	35	13437	32	103	591	17
218.0	10976	42	40	13438	41	113	0	14
218.0	10517	8	9	13439	5	1639	789	15
218.0	10836	29	26	13440	29	1869	1245	14
218.0	9136	8	5	13441	11	1624	1569	18
218.0	8014	28	22	13442	33	1068	1999	15
218.0	9722	20	14	13443	26	369	991	11
218.0	8681	13	12	13444	13	620	1483	16
218.0	10454	28	24	13445	31	1865	377	15
218.0	11007	4	5	13446	3	1838	669	15
218.0	8266	32	32	13447	29	1681	568	13
219.0	11702	7	7	13448	7	217	834	17
219.0	11010	10	10	13449	8	906	1681	18
219.0	9992	14	11	13450	14	1877	503	17
219.0	11117	37	38	13451	32	1960	800	15
219.0	9414	19	18	13452	19	1021	1813	18
219.0	7219	18	15	13453	21	303	963	17
219.0	11232	10	12	13454	8	1155	1814	18
219.0	6953	20	24	13455	16	1889	0	21
219.0	8714	31	32	13456	30	1767	1090	16
219.0	11107	11	13	13457	9	605	1621	14
219.0	9088	10	7	13458	13	1690	935	15
219.0	10768	29	29	13459	27	1618	1628	15
219.0	11491	29	34	13460	23	1387	39	15
219.0	10855	9	8	13461	10	433	1601	15
219.0	8223	6	5	13462	7	642	1668	15
219.0	10302	32	34	13463	29	1302	200	12
219.0	10985	23	26	13464	20	424	1973	11
219.0	11158	33	32	13465	32	0	961	14
219.0	11292	30	31	13466	28	291	352	12
219.0	10951	48	52	13467	43	1900	307	20
219.0	10870	18	17	13468	16	1911	725	20
219.0	11712	38	38	13469	38	1669	817	18
219.0	9429	15	19	13470	11	1148	1828	16
219.0	8031	24	23	13471	24	1213	392	18
219.0	11417	24	24	13472	22	67	1853	15
219.0	12052	18	18	13473	18	1310	1810	15
219.0	7406	12	10	13474	14	660	1924	15
219.0	9071	9	9	13475	7	908	458	14
219.0	12094	32	33	13476	29	430	1335	15
219.0	11411	10	7	13477	13	1466	1987	19
219.0	9140	17	16	13478	18	396	1120	13
219.0	8687	10	11	13479	9	802	1803	16
219.0	9975	15	12	13480	18	1203	440	18
219.0	7140	17	11	13481	22	686	1652	17
219.0	9893	22	23	13482	20	1889	766	19
219.0	11473	13	11	13483	12	1717	1976	15
219.0	9230	11	11	13484	9	461	1287	18
219.0	11506	49	50	13485	47	1763	1967	20
219.0	10600	0	0	13486	0	1737	880	16
219.0	9481	17	17	13487	16	102	1832	16
219.0	11352	32	34	13488	30	1989	498	14
219.0	9533	11	6	13489	16	1791	1007	15
219.0	7358	24	26	13490	22	1845	1886	14
219.0	10744	20	19	13491	21	1773	1390	15
219.0	12017	5	4	13492	6	1189	1646	14
219.0	11884	11	12	13493	10	550	1331	16
219.0	6976	27	23	13494	29	972	1760	15
219.0	10019	40	46	13495	34	27	1851	17
219.0	10504	9	9	13496	8	1010	1598	16
219.0	11588	51	50	13497	50	1394	283	17
219.0	11072	17	17	13498	16	924	1864	17
219.0	11894	47	48	13499	44	1467	442	18
219.0	12235	47	42	13500	48	1907	236	11
219.0	9072	6	7	13501	4	1621	1379	14
219.0	11388	43	51	13502	33	170	980	16
219.0	7144	15	12	13503	18	1468	154	13
219.0	11638	23	27	13504	18	1723	518	14
219.0	11680	12	15	13505	9	720	1618	14
219.0	9483	3	2	13506	4	1120	1750	17
219.0	7421	5	2	13507	8	1260	380	13
219.0	8356	7	11	13508	3	805	1773	19
219.0	7675	22	19	13509	23	1423	1814	17
219.0	11746	29	28	13510	28	1921	197	20
219.0	8711	5	4	13511	5	424	1271	17
219.0	10133	20	19	13512	21	261	1108	14
219.0	7654	37	27	13513	44	1709	310	19
219.0	8019	12	10	13514	12	1672	1946	17
219.0	9367	23	22	13515	23	1700	1724	13
219.0	10046	22	19	13516	23	1885	98	14
219.0	8738	6	7	13517	5	1770	1509	16
219.0	11731	24	24	13518	23	595	1934	17
219.0	9546	25	27	13519	21	81	694	12
219.0	10307	17	18	13520	13	626	400	20
219.0	11283	17	12	13521	21	401	1224	16
219.0	6916	30	30	13522	29	1525	307	19
219.0	11980	6	6	13523	6	857	1678	15
219.0	9364	11	8	13524	14	1696	791	20
219.0	10357	20	19	13525	20	50	1344	17
219.0	11224	34	28	13526	39	32	79	15
219.0	10087	28	30	13527	23	1692	1801	18
219.0	8400	20	20	13528	18	1981	433	17
219.0	10478	8	6	13529	10	317	1290	13
219.0	12088	27	21	13530	30	52	1049	17
219.0	10402	18	15	13531	19	1290	1787	15
219.0	10706	21	17	13532	23	1679	30	17
219.0	12027	33	31	13533	34	49	345	13
219.0	11367	7	7	13534	7	344	1972	15
219.0	12282	22	27	13535	16	1289	1945	17
219.0	10327	21	27	13536	15	1599	32	16
219.0	13123	31	32	13537	28	432	910	12
219.0	10673	15	18	13538	12	1671	1777	14
219.0	9183	12	12	13539	12	271	1127	12
219.0	10526	2	2	13540	2	340	1290	14
219.0	9264	26	23	13541	29	737	1736	16
219.0	7725	9	7	13542	10	560	1520	16
219.0	11036	14	12	13543	15	1801	1454	15
219.0	11068	19	19	13544	18	1477	481	16
219.0	11142	41	33	13545	47	644	1737	12
219.0	9355	50	48	13546	50	1750	1999	20
219.0	7606	4	4	13547	4	927	1631	17
219.0	11065	27	29	13548	24	304	1358	17
219.0	7259	41	44	13549	38	1731	1851	16
219.0	12951	14	15	13550	13	418	1049	16
219.0	10617	27	32	13551	20	398	822	14
219.0	10350	39	36	13552	40	1727	863	20
219.0	8463	14	15	13553	12	225	1537	15
219.0	9418	15	10	13554	19	654	1798	17
219.0	11259	15	15	13555	11	1967	446	17
219.0	12331	28	23	13556	32	500	668	19
219.0	10085	23	25	13557	20	1114	1729	12
219.0	9009	35	37	13558	31	1999	594	16
219.0	11301	27	25	13559	27	295	825	17
219.0	9899	31	34	13560	26	321	1636	14
219.0	10012	40	40	13561	37	90	616	16
219.0	9100	17	19	13562	15	1693	1231	16
219.0	8602	23	13	13563	29	31	120	17
219.0	10919	21	23	13564	19	70	1626	12
219.0	11751	22	17	13565	27	506	1786	16
219.0	11775	27	26	13566	27	604	600	19
219.0	10131	36	32	13567	37	1813	1422	15
219.0	9506	27	20	13568	32	229	1729	13
219.0	10961	12	10	13569	12	859	1875	15
219.0	9744	36	33	13570	37	485	1909	13
219.0	12054	23	22	13571	24	564	242	16
219.0	9905	40	38	13572	41	247	977	16
219.0	9307	33	36	13573	28	1363	1901	20
219.0	11737	8	5	13574	11	1699	1565	19
219.0	9999	16	19	13575	12	1856	1101	14
219.0	9312	11	11	13576	10	1298	1591	15
220.0	10936	0	0	13577	0	1061	1650	19
220.0	10058	22	23	13578	21	150	1053	12
220.0	10307	18	19	13579	15	626	400	21
220.0	10346	18	16	13580	17	607	493	17
220.0	8501	16	17	13581	15	1761	870	12
220.0	9462	40	45	13582	33	739	0	17
220.0	7630	50	54	13583	45	1719	1321	18
220.0	9015	19	14	13584	23	349	980	15
220.0	9871	10	9	13585	11	698	1827	16
220.0	10913	22	26	13586	17	1440	1608	14
220.0	11811	27	29	13587	23	1818	599	18
220.0	10110	25	18	13588	29	1885	79	17
220.0	11601	44	40	13589	46	1973	306	19
220.0	12565	0	0	13590	0	1433	1540	16
220.0	9427	28	24	13591	27	260	1225	17
220.0	11415	12	12	13592	11	1650	1823	17
220.0	10800	37	39	13593	34	1931	599	16
220.0	10477	30	27	13594	32	1627	1936	12
220.0	11884	12	11	13595	13	550	1331	17
220.0	11209	31	30	13596	30	866	239	14
220.0	11485	23	20	13597	26	1882	1260	13
220.0	11141	29	31	13598	24	1917	1387	14
220.0	10970	15	18	13599	12	1400	451	19
220.0	11019	21	24	13600	18	172	1031	12
220.0	10500	27	30	13601	23	490	1446	15
220.0	12156	23	19	13602	26	150	809	16
220.0	8147	23	23	13603	21	764	1866	16
220.0	10495	19	16	13604	19	1972	807	14
220.0	11251	23	23	13605	23	73	1227	17
220.0	8803	19	19	13606	18	169	1773	15
220.0	10286	13	16	13607	9	50	1888	14
220.0	9868	6	8	13608	4	1714	1530	19
220.0	10855	8	9	13609	6	433	1601	16
220.0	11393	34	35	13610	32	57	502	19
220.0	10219	12	8	13611	15	277	1314	14
220.0	9809	23	20	13612	23	957	229	18
220.0	11175	25	21	13613	28	44	1795	14
220.0	11367	7	6	13614	8	344	1972	16
220.0	8400	20	19	13615	21	1981	413	18
220.0	11954	17	19	13616	15	1544	1838	15
220.0	10162	11	10	13617	11	1173	400	13
220.0	10686	25	22	13618	26	1810	30	17
220.0	9678	18	14	13619	21	648	447	17
220.0	8648	32	38	13620	25	1761	1827	16
220.0	10553	17	13	13621	18	916	337	15
220.0	11516	34	32	13622	33	294	1986	13
220.0	10103	31	32	13623	30	1988	1498	16
220.0	11618	25	27	13624	23	725	1798	14
220.0	9600	18	17	13625	19	1187	1898	14
220.0	9301	14	16	13626	12	1534	1630	18
220.0	11929	31	38	13627	23	277	295	14
220.0	12313	24	32	13628	15	74	1966	18
220.0	10740	13	17	13629	8	423	789	16
220.0	11824	23	22	13630	21	1222	416	17
220.0	10744	19	19	13631	18	1773	1390	16
220.0	11047	11	13	13632	9	1961	1497	14
220.0	10489	11	12	13633	8	1844	138	20
220.0	7681	25	22	13634	27	1808	380	14
220.0	9193	32	35	13635	26	1781	599	16
220.0	8738	7	5	13636	9	1770	1509	17
220.0	8188	0	0	13637	0	1221	1843	14
220.0	10927	25	20	13638	27	748	1861	18
220.0	10016	24	23	13639	24	1967	467	16
220.0	11088	32	33	13640	30	1964	1336	17
220.0	12380	7	7	13641	5	540	1612	18
220.0	7874	19	19	13642	17	82	1999	19
220.0	10550	9	9	13643	8	1250	425	16
220.0	11684	43	40	13644	42	1838	1827	14
220.0	11935	22	26	13645	18	420	684	19
220.0	10437	24	23	13646	24	1744	266	18
220.0	10821	10	7	13647	13	1836	1443	17
220.0	8681	12	12	13648	12	620	1483	17
220.0	11101	18	16	13649	20	478	1534	15
220.0	12229	13	14	13650	11	1520	682	17
220.0	10696	20	19	13651	20	1898	1248	21
220.0	11255	27	25	13652	28	1055	1968	16
220.0	9604	21	25	13653	15	1921	836	19
220.0	11420	23	23	13654	22	274	537	15
220.0	11712	38	34	13655	37	1669	817	19
220.0	10972	13	13	13656	13	105	1867	17
220.0	10514	29	34	13657	22	1949	939	17
220.0	10857	31	28	13658	32	608	1856	13
220.0	11369	4	4	13659	4	1247	1620	22
220.0	8791	33	40	13660	23	1328	1621	13
220.0	10828	2	1	13661	3	1659	991	14
220.0	10284	17	18	13662	13	1827	1240	17
220.0	7940	25	30	13663	19	1810	0	17
220.0	10360	35	42	13664	25	103	572	18
220.0	12853	37	41	13665	31	1888	1579	17
220.0	11072	17	14	13666	17	924	1864	18
220.0	11253	18	16	13667	19	563	1824	14
220.0	9510	5	5	13668	5	1444	1678	16
220.0	13326	36	41	13669	30	46	1086	15
220.0	10150	28	26	13670	27	1742	74	16
220.0	8676	17	16	13671	18	1478	1999	19
220.0	8913	7	10	13672	4	461	1581	15
220.0	11041	29	28	13673	30	1152	1943	17
220.0	10809	5	2	13674	7	834	1760	19
220.0	9773	23	20	13675	26	1818	1346	20
220.0	8687	11	11	13676	10	802	1803	17
220.0	11710	32	32	13677	32	1182	271	11
220.0	10536	26	24	13678	25	255	1631	15
220.0	12462	20	21	13679	18	687	1807	12
220.0	10388	18	10	13680	26	1627	1599	16
220.0	7266	9	8	13681	8	1334	1771	20
220.0	10085	25	23	13682	27	1114	1729	13
220.0	10724	19	21	13683	17	1801	1809	16
220.0	7071	17	17	13684	17	1999	1249	21
220.0	11230	21	22	13685	18	304	1083	13
220.0	10271	19	22	13686	16	1898	1833	16
220.0	9236	6	5	13687	7	1367	1650	14
220.0	11250	28	26	13688	29	1925	1443	12
220.0	9628	13	12	13689	14	897	1839	18
220.0	10308	29	30	13690	25	1771	442	14
220.0	11158	32	28	13691	35	0	961	15
220.0	11309	9	8	13692	9	632	423	15
220.0	11010	10	12	13693	7	906	1681	19
220.0	9786	14	15	13694	12	1786	1301	15
220.0	12788	14	18	13695	8	1860	430	15
220.0	10981	35	32	13696	37	739	470	17
220.0	12054	22	25	13697	19	564	242	17
220.0	11194	15	16	13698	14	1629	1524	18
220.0	9367	22	20	13699	24	1700	1724	14
220.0	11384	24	28	13700	20	1720	1648	21
220.0	12027	31	29	13701	31	49	345	14
220.0	10387	37	37	13702	36	1823	575	17
220.0	10530	21	23	13703	18	672	1716	13
220.0	9515	39	37	13704	41	1835	1331	15
220.0	11340	14	14	13705	13	868	1752	16
220.0	9319	22	25	13706	18	298	669	16
220.0	7647	29	32	13707	24	506	521	20
220.0	10847	26	27	13708	24	508	607	17
220.0	7822	16	12	13709	19	293	565	17
220.0	10827	28	30	13710	23	1766	1620	19
220.0	9839	12	12	13711	12	686	1959	19
220.0	11117	38	37	13712	37	1960	800	16
221.0	7861	25	27	13713	22	746	1808	17
221.0	9314	10	9	13714	11	522	1280	15
221.0	10633	32	35	13715	28	365	218	14
221.0	11139	14	14	13716	14	590	1672	15
221.0	7179	21	16	13717	24	534	1687	12
221.0	11725	25	28	13718	22	1790	1706	12
221.0	11251	23	26	13719	20	73	1227	18
221.0	12034	33	34	13720	28	1870	1743	15
221.0	9720	38	38	13721	37	1534	1888	18
221.0	10379	9	10	13722	6	692	1756	17
221.0	10000	25	22	13723	25	1419	1716	14
221.0	11721	32	31	13724	30	303	341	13
221.0	10683	16	15	13725	16	1890	656	15
221.0	10893	30	32	13726	27	825	1888	16
221.0	10645	14	15	13727	13	1480	679	17
221.0	8754	39	38	13728	37	276	199	16
221.0	12239	22	18	13729	24	229	1078	13
221.0	9040	34	26	13730	41	259	54	15
221.0	10696	19	18	13731	20	1898	1248	22
221.0	11597	34	41	13732	26	935	222	16
221.0	10214	30	33	13733	25	1904	899	17
221.0	10058	23	20	13734	25	150	1053	13
221.0	12788	18	16	13735	18	1860	430	16
221.0	9535	18	14	13736	19	506	1631	12
221.0	8852	17	17	13737	16	651	1977	17
221.0	12896	27	22	13738	29	1448	401	19
221.0	11492	2	2	13739	2	1746	1499	15
221.0	12084	42	50	13740	30	1439	1912	20
221.0	9060	33	31	13741	33	1861	49	16
221.0	10922	14	14	13742	14	107	55	14
221.0	11518	19	16	13743	21	990	1698	16
221.0	9752	8	9	13744	7	660	1509	14
221.0	10910	43	44	13745	40	721	456	13
221.0	10783	13	12	13746	13	1329	175	13
221.0	11796	21	17	13747	24	1502	1688	19
221.0	10031	24	24	13748	22	1960	523	15
221.0	10075	13	14	13749	12	479	606	18
221.0	10972	13	15	13750	11	105	1867	18
221.0	10987	28	23	13751	31	183	1687	12
221.0	10441	22	22	13752	20	56	1986	16
221.0	12405	16	17	13753	15	1942	693	19
221.0	9724	4	3	13754	5	1220	1728	18
221.0	11454	2	3	13755	1	1080	1783	17
221.0	11387	33	34	13756	29	1972	1886	14
221.0	9630	12	9	13757	12	1762	1603	12
221.0	12148	18	16	13758	20	1882	840	18
221.0	11164	7	9	13759	4	1540	702	17
221.0	10065	20	20	13760	19	490	1762	14
221.0	11228	22	20	13761	24	307	1117	13
221.0	11618	27	25	13762	25	707	1798	15
221.0	8874	17	18	13763	15	1140	386	14
221.0	10558	37	35	13764	36	17	703	13
221.0	11411	7	8	13765	5	1466	1987	20
221.0	12386	36	40	13766	31	1936	119	21
221.0	9498	20	16	13767	24	1662	492	14
221.0	10294	16	19	13768	12	990	1720	16
221.0	12090	25	27	13769	21	1916	1426	15
221.0	10252	8	5	13770	9	683	1677	17
221.0	11686	23	21	13771	23	550	1651	13
221.0	10785	3	2	13772	4	1712	1458	17
221.0	8049	25	28	13773	21	640	1999	15
221.0	9678	14	11	13774	15	648	447	18
221.0	11367	6	7	13775	5	344	1972	17
221.0	11408	10	12	13776	6	1832	1480	15
221.0	9422	31	25	13777	36	1753	1008	14
221.0	12776	20	19	13778	21	346	1568	14
221.0	10812	16	11	13779	21	1816	690	17
221.0	10017	20	19	13780	21	322	997	18
221.0	12387	0	0	13781	0	1671	1469	20
221.0	10748	7	7	13782	7	338	1210	15
221.0	11101	16	12	13783	20	478	1534	16
221.0	11853	21	22	13784	20	1172	1954	13
221.0	10707	6	10	13785	2	310	1159	13
221.0	10210	2	2	13786	2	1951	1645	18
221.0	11250	26	26	13787	25	1925	1443	13
221.0	9061	32	30	13788	31	1941	1795	16
221.0	11631	26	26	13789	25	1513	220	19
221.0	8913	10	6	13790	13	461	1581	16
221.0	10933	12	9	13791	14	759	1627	17
221.0	11330	27	31	13792	21	1569	1761	12
221.0	9883	25	28	13793	22	54	664	16
221.0	9650	10	13	13794	5	1883	699	19
221.0	12526	19	24	13795	14	268	691	20
221.0	11582	13	12	13796	14	0	1286	18
221.0	7587	18	20	13797	16	1866	599	14
221.0	8584	18	28	13798	7	0	196	15
221.0	11974	9	7	13799	10	1538	206	18
221.0	9619	7	9	13800	5	738	1708	17
221.0	11027	34	40	13801	26	1821	1411	15
221.0	10465	19	23	13802	11	407	969	16
221.0	7657	10	11	13803	7	1704	1409	20
221.0	11825	19	13	13804	22	130	1937	18
221.0	11072	14	14	13805	14	924	1864	19
221.0	12972	10	7	13806	12	554	1672	17
221.0	10313	21	22	13807	20	305	1850	16
221.0	12515	15	13	13808	17	1800	1879	16
221.0	10553	13	16	13809	10	916	337	16
221.0	12079	28	27	13810	28	357	542	15
221.0	10318	22	24	13811	19	289	624	15
221.0	10622	16	14	13812	18	500	1849	13
221.0	11710	32	36	13813	26	1182	271	12
221.0	10027	55	50	13814	50	174	769	13
221.0	9941	29	32	13815	25	1121	414	13
221.0	10746	32	32	13816	29	1963	1611	16
221.0	12014	7	7	13817	7	883	1972	15
221.0	9834	26	28	13818	21	319	341	14
221.0	8330	4	5	13819	3	1280	1636	20
221.0	11689	21	16	13820	24	1546	1959	17
221.0	9786	15	14	13821	13	1786	1301	16
221.0	8642	15	15	13822	14	752	1986	16
221.0	12480	30	29	13823	31	1499	444	15
221.0	7428	18	22	13824	13	971	1951	14
221.0	10634	8	7	13825	9	370	1310	16
221.0	12156	19	12	13826	26	150	809	17
221.0	7465	27	29	13827	25	33	1326	18
221.0	10432	7	5	13828	8	1190	1670	19
221.0	11811	29	31	13829	26	1818	599	19
221.0	13419	15	15	13830	14	562	573	21
221.0	10297	29	33	13831	24	1843	902	16
221.0	11419	23	18	13832	27	1900	392	18
221.0	11193	29	22	13833	34	1852	1069	11
221.0	8529	36	36	13834	36	1922	1870	19
221.0	9697	21	23	13835	18	1923	1687	16
221.0	10613	26	25	13836	26	1629	650	18
221.0	11002	30	27	13837	32	374	59	15
221.0	8829	37	31	13838	38	371	896	16
221.0	7747	13	15	13839	10	1652	1668	15
221.0	7662	16	19	13840	13	999	1979	15
221.0	10116	21	18	13841	24	168	1326	15
221.0	8648	38	41	13842	30	1761	1827	17
221.0	9259	43	37	13843	48	327	0	17
221.0	10487	34	35	13844	32	1251	64	12
222.0	8520	13	17	13845	9	1962	636	20
222.0	13179	23	22	13846	24	400	548	17
222.0	9408	22	20	13847	23	1976	1308	19
222.0	11095	10	8	13848	11	1906	1617	16
222.0	11251	26	33	13849	19	73	1227	19
222.0	10793	24	22	13850	24	1823	615	21
222.0	9061	30	33	13851	27	1941	1795	17
222.0	11300	6	8	13852	4	1623	1830	15
222.0	11318	20	17	13853	22	1949	1266	22
222.0	9491	29	24	13854	33	394	881	15
222.0	13471	24	22	13855	24	1203	401	19
222.0	9627	26	21	13856	30	351	691	16
222.0	13123	32	28	13857	34	432	910	13
222.0	11342	21	18	13858	22	362	1121	14
222.0	12771	18	15	13859	20	503	413	19
222.0	11388	51	50	13860	49	170	980	17
222.0	10990	20	19	13861	20	583	1819	15
222.0	9127	14	13	13862	14	323	522	15
222.0	10226	10	9	13863	11	627	1910	13
222.0	10571	14	11	13864	15	1459	579	14
222.0	7179	16	21	13865	10	518	1703	13
222.0	9846	29	26	13866	31	1403	1940	13
222.0	11655	24	21	13867	27	1612	129	18
222.0	9819	21	21	13868	19	802	1738	13
222.0	6962	13	15	13869	9	307	788	18
222.0	8648	41	38	13870	42	1761	1827	18
222.0	11364	27	25	13871	29	1572	1522	18
222.0	8214	12	11	13872	13	1953	1297	18
222.0	9026	13	15	13873	11	863	216	17
222.0	10838	29	27	13874	27	1700	1695	16
222.0	11118	5	2	13875	7	1139	1713	13
222.0	13660	23	22	13876	24	1337	1630	14
222.0	10911	25	26	13877	24	484	1918	13
222.0	10719	23	26	13878	19	335	761	16
222.0	10748	7	7	13879	6	338	1210	16
222.0	11533	7	7	13880	7	666	1841	15
222.0	11982	22	16	13881	28	1232	449	16
222.0	11811	31	40	13882	21	1818	599	20
222.0	10987	23	23	13883	21	183	1687	13
222.0	12438	24	25	13884	22	1172	228	11
222.0	11108	22	23	13885	20	387	1210	12
222.0	11721	31	40	13886	22	292	352	14
222.0	11591	13	13	13887	11	281	756	18
222.0	11659	24	20	13888	25	465	1807	15
222.0	11809	20	20	13889	19	1842	803	17
222.0	10572	18	20	13890	14	237	1396	13
222.0	11920	0	0	13891	0	1310	1827	17
222.0	7469	20	21	13892	18	1136	1789	13
222.0	9373	23	26	13893	20	801	1878	19
222.0	11716	14	13	13894	15	58	712	14
222.0	10632	27	27	13895	27	430	893	15
222.0	8928	11	14	13896	8	392	656	19
222.0	8937	20	22	13897	17	1601	546	17
222.0	11501	12	10	13898	14	379	651	17
222.0	8136	33	31	13899	34	1812	1364	15
222.0	11273	13	6	13900	19	554	461	14
222.0	11433	21	13	13901	29	342	721	16
222.0	12416	34	38	13902	28	1983	843	17
222.0	11524	26	31	13903	21	1280	1960	18
222.0	10641	34	33	13904	33	1675	1611	14
222.0	7498	21	15	13905	23	1642	1550	17
222.0	11233	22	20	13906	23	1905	1547	16
222.0	12191	25	25	13907	24	552	521	19
222.0	10117	29	38	13908	20	1879	336	17
222.0	10232	29	36	13909	21	1084	1711	14
222.0	13834	36	36	13910	35	1922	1892	20
222.0	11561	7	7	13911	7	1477	1804	15
222.0	11356	11	10	13912	12	891	1756	16
222.0	11473	11	13	13913	9	1717	1976	16
222.0	9284	18	19	13914	16	922	1731	14
222.0	9134	41	44	13915	37	1757	1557	15
222.0	8049	28	26	13916	27	640	1999	16
222.0	10819	26	20	13917	30	719	415	14
222.0	10634	7	8	13918	5	370	1310	17
222.0	11068	19	18	13919	20	1477	481	17
222.0	12090	27	18	13920	35	1916	1426	16
222.0	8634	22	24	13921	19	791	1746	19
222.0	11483	11	14	13922	8	692	1869	17
222.0	7662	19	22	13923	16	999	1979	16
222.0	11693	7	7	13924	4	1427	1662	16
222.0	6916	30	31	13925	26	1525	307	20
222.0	11774	11	16	13926	6	370	1262	16
222.0	12570	4	3	13927	5	1419	228	16
222.0	10633	35	40	13928	29	365	218	15
222.0	7530	23	17	13929	29	763	1610	15
222.0	7713	25	22	13930	26	1414	367	15
222.0	11366	21	17	13931	24	1787	41	16
222.0	10058	20	18	13932	20	150	1053	14
222.0	9356	22	21	13933	23	57	728	14
222.0	11916	25	23	13934	27	454	1828	17
222.0	11686	21	22	13935	19	550	1651	14
222.0	11333	42	41	13936	41	287	41	14
222.0	9997	25	29	13937	21	148	1790	13
222.0	11241	30	26	13938	33	1728	1789	17
222.0	7587	20	20	13939	20	1866	599	15
222.0	9367	20	15	13940	24	1700	1724	15
222.0	11725	28	21	13941	33	1790	1706	13
222.0	12788	16	19	13942	13	1860	430	17
222.0	11077	20	14	13943	25	1953	592	13
222.0	11435	18	16	13944	19	361	750	16
222.0	11831	11	15	13945	6	1882	1327	16
222.0	10947	19	20	13946	17	1931	690	16
222.0	9851	11	13	13947	9	1111	1865	18
222.0	11362	29	29	13948	28	1353	1872	16
222.0	10292	31	28	13949	31	734	312	16
222.0	6979	9	9	13950	8	1258	1805	18
222.0	12363	32	33	13951	30	1732	1629	16
222.0	10399	13	11	13952	15	1989	1512	19
222.0	10285	17	11	13953	21	220	904	13
222.0	11785	21	23	13954	19	559	1726	15
222.0	10494	5	4	13955	6	1375	1813	18
222.0	10180	2	2	13956	2	1270	463	19
222.0	9686	13	10	13957	16	1704	1599	16
222.0	12401	8	9	13958	7	489	1548	17
222.0	11002	27	25	13959	28	374	59	16
222.0	9604	25	25	13960	24	1921	836	20
222.0	7647	32	30	13961	33	506	521	21
222.0	10357	19	10	13962	26	50	1344	18
222.0	11212	13	11	13963	15	138	1836	13
222.0	10812	11	11	13964	10	1816	690	18
222.0	10395	26	27	13965	25	0	754	13
222.0	8093	15	14	13966	15	466	1960	12
222.0	11684	40	35	13967	43	1852	1813	15
223.0	10191	3	3	13968	3	1411	220	14
223.0	13682	27	25	13969	29	1102	1756	14
223.0	9883	28	25	13970	30	54	664	17
223.0	11910	37	32	13971	40	1999	1951	16
223.0	6873	15	14	13972	15	1807	453	21
223.0	8942	25	24	13973	24	1999	1311	17
223.0	11764	26	29	13974	22	1793	1242	15
223.0	7799	11	11	13975	11	146	1238	14
223.0	10633	40	38	13976	41	365	218	16
223.0	11895	12	13	13977	11	1781	887	18
223.0	10314	19	21	13978	16	1522	451	19
223.0	6979	9	8	13979	10	1258	1805	19
223.0	6882	9	8	13980	10	776	410	19
223.0	9061	33	31	13981	34	1941	1795	18
223.0	11811	40	38	13982	42	1818	599	21
223.0	10824	32	23	13983	39	1724	771	15
223.0	6916	31	31	13984	31	1525	307	21
223.0	11486	19	17	13985	21	1963	1657	15
223.0	11693	7	7	13986	7	1427	1662	17
223.0	8759	19	20	13987	17	935	257	17
223.0	11473	13	8	13988	16	1717	1976	17
223.0	12390	23	25	13989	20	827	377	17
223.0	7662	22	24	13990	18	999	1979	17
223.0	11524	31	27	13991	32	1280	1960	19
223.0	8693	34	34	13992	32	1902	1471	16
223.0	9691	24	28	13993	19	1899	1118	14
223.0	10987	23	28	13994	16	183	1687	14
223.0	10053	10	8	13995	11	289	931	14
223.0	10617	32	26	13996	36	398	822	15
223.0	10972	15	12	13997	18	140	1915	19
223.0	11399	22	18	13998	26	45	761	13
223.0	13044	17	13	13999	21	309	997	17
223.0	8500	25	27	14000	23	1064	1823	18
223.0	8893	28	23	14001	32	1534	88	19
223.0	9963	31	27	14002	31	1919	947	17
223.0	12515	13	8	14003	18	1778	1879	17
223.0	10806	24	25	14004	22	1929	667	14
223.0	9907	20	22	14005	17	254	347	18
223.0	10681	32	27	14006	36	153	837	16
223.0	9747	26	25	14007	27	529	589	18
223.0	9273	34	42	14008	25	1702	1916	18
223.0	10158	3	2	14009	4	1670	862	16
223.0	8356	11	8	14010	13	820	1788	20
223.0	10758	22	25	14011	17	204	1733	14
223.0	11589	29	33	14012	25	1046	0	17
223.0	11431	39	36	14013	42	192	652	12
223.0	11320	24	17	14014	30	1779	1603	11
223.0	8997	8	10	14015	6	1893	1307	15
223.0	12176	33	29	14016	35	36	1840	16
223.0	11889	15	18	14017	12	1091	1953	12
223.0	10514	34	27	14018	41	1949	939	18
223.0	10521	28	27	14019	29	1863	461	16
223.0	9579	17	19	14020	14	1692	549	13
223.0	12397	12	14	14021	9	694	1948	19
223.0	10585	13	12	14022	12	993	1738	20
223.0	12210	32	27	14023	35	1800	1926	13
223.0	11847	58	45	14024	55	1745	1869	17
223.0	11240	16	13	14025	18	1441	135	12
223.0	10663	23	21	14026	24	569	521	18
223.0	10239	20	24	14027	15	1813	871	14
223.0	8049	26	30	14028	22	640	1999	17
223.0	12517	35	33	14029	33	763	13	16
223.0	11916	23	19	14030	26	454	1828	18
223.0	9484	36	39	14031	32	812	335	15
223.0	12130	41	42	14032	38	84	1925	17
223.0	12385	29	27	14033	30	1349	1716	15
223.0	10459	29	29	14034	27	1148	1859	15
223.0	12073	16	14	14035	18	1572	1731	14
223.0	11487	11	11	14036	10	661	1630	16
223.0	10056	29	27	14037	31	1908	746	16
223.0	8551	19	17	14038	21	401	1169	11
223.0	11888	30	25	14039	31	1415	1952	14
223.0	6925	6	3	14040	9	861	1965	17
223.0	11052	21	18	14041	23	298	1179	10
223.0	10861	2	1	14042	3	810	454	14
223.0	10765	24	27	14043	20	1025	1943	14
223.0	11885	26	26	14044	23	944	0	16
223.0	11516	32	30	14045	31	294	1986	14
223.0	10408	23	26	14046	18	1477	56	17
223.0	10385	21	18	14047	21	770	1953	17
223.0	10781	10	9	14048	11	231	378	20
223.0	12005	9	6	14049	12	301	1264	14
223.0	10292	28	20	14050	35	734	312	17
223.0	12207	18	22	14051	13	877	262	17
223.0	7498	15	15	14052	13	1642	1550	18
223.0	9123	35	28	14053	40	109	1151	16
223.0	10383	24	18	14054	27	1944	375	19
223.0	11079	17	20	14055	14	463	1729	14
223.0	11544	12	11	14056	13	570	1669	17
223.0	12436	17	17	14057	17	817	1774	13
223.0	11342	18	13	14058	22	362	1121	15
223.0	11925	17	18	14059	13	1739	897	15
223.0	7325	29	27	14060	28	324	821	14
223.0	13084	29	29	14061	27	1869	1426	16
223.0	11400	41	42	14062	40	1908	1906	18
223.0	8571	23	23	14063	21	1765	888	15
223.0	10869	25	29	14064	20	1896	146	11
223.0	9020	3	3	14065	2	918	1972	15
223.0	10457	13	13	14066	12	1762	1479	16
223.0	9506	20	17	14067	22	229	1729	14
223.0	12477	21	20	14068	19	1814	1636	15
223.0	9630	9	12	14069	6	1762	1603	13
223.0	11894	48	40	14070	52	1467	442	19
223.0	11234	14	17	14071	11	689	1718	16
223.0	10141	30	32	14072	27	1309	1948	18
223.0	10046	19	15	14073	23	1885	112	15
223.0	8058	29	26	14074	30	920	38	17
223.0	10783	12	8	14075	15	1329	175	14
223.0	10412	11	12	14076	10	1133	1729	16
223.0	9919	16	17	14077	12	546	1782	17
223.0	10564	39	39	14078	38	1622	69	18
223.0	12282	27	23	14079	29	1289	1945	18
223.0	11227	5	4	14080	4	447	759	21
223.0	11684	35	38	14081	32	1852	1813	16
223.0	12566	8	8	14082	8	986	1931	17
223.0	11803	19	17	14083	20	633	368	16
223.0	10361	20	17	14084	22	534	510	20
223.0	10328	17	20	14085	13	308	760	17
223.0	9429	19	24	14086	14	1148	1828	17
223.0	7587	20	16	14087	23	1866	599	16
224.0	10056	27	25	14088	28	1908	746	17
224.0	11178	25	24	14089	26	649	499	15
224.0	10960	18	11	14090	23	460	1270	11
224.0	13471	22	21	14091	20	1203	401	20
224.0	9533	6	8	14092	4	1791	1007	16
224.0	8444	16	15	14093	17	1679	0	17
224.0	9986	1	0	14094	2	433	719	22
224.0	8662	23	20	14095	25	1984	1662	16
224.0	12393	30	27	14096	33	1755	649	16
224.0	11785	23	25	14097	18	559	1726	16
224.0	11683	16	17	14098	12	131	1999	15
224.0	9548	3	3	14099	3	1709	1380	17
224.0	12227	21	23	14100	19	313	623	18
224.0	9529	18	11	14101	21	961	481	15
224.0	12024	1	1	14102	1	1401	1836	18
224.0	10670	39	36	14103	41	1803	1469	13
224.0	11327	18	11	14104	22	579	492	16
224.0	7598	24	21	14105	25	287	693	19
224.0	10757	25	24	14106	26	981	191	17
224.0	11601	40	41	14107	38	1973	306	20
224.0	7059	26	28	14108	21	1481	1707	18
224.0	9627	21	20	14109	22	338	704	17
224.0	11570	25	27	14110	19	782	1833	18
224.0	11889	18	15	14111	21	1091	1953	13
224.0	8100	22	22	14112	22	836	329	18
224.0	11642	22	20	14113	23	312	808	17
224.0	9136	5	9	14114	1	1611	1602	19
224.0	13084	29	25	14115	32	1869	1426	17
224.0	7696	22	17	14116	24	197	0	18
224.0	11316	19	18	14117	17	1208	479	17
224.0	11658	11	11	14118	11	894	1821	17
224.0	10320	21	22	14119	20	384	712	18
224.0	9251	29	33	14120	24	1918	1728	16
224.0	9021	25	22	14121	27	1954	1550	23
224.0	11597	41	42	14122	39	935	222	17
224.0	10971	26	25	14123	27	705	1812	14
224.0	10304	10	10	14124	9	511	1488	17
224.0	10679	32	36	14125	28	76	726	13
224.0	10379	10	11	14126	9	673	1756	18
224.0	11901	35	31	14127	36	1923	762	16
224.0	11764	29	25	14128	33	1793	1242	16
224.0	10314	21	23	14129	19	1522	451	20
224.0	12386	40	46	14130	33	1936	119	22
224.0	11067	42	50	14131	33	1834	60	17
224.0	11117	37	43	14132	30	1960	800	17
224.0	8823	23	25	14133	21	1429	1597	15
224.0	11581	22	20	14134	23	281	741	17
224.0	12822	15	18	14135	12	931	1818	18
224.0	11803	17	15	14136	19	633	368	17
224.0	7911	14	8	14137	19	460	1698	16
224.0	7552	9	7	14138	11	322	1259	14
224.0	11562	42	42	14139	40	242	755	13
224.0	11563	9	9	14140	8	898	1731	17
224.0	10920	25	20	14141	27	1319	1988	16
224.0	10587	30	29	14142	28	1935	472	17
224.0	10564	39	39	14143	37	1622	69	19
224.0	12772	20	22	14144	17	898	413	18
224.0	11363	14	16	14145	12	1955	67	13
224.0	10869	29	23	14146	31	1896	146	12
224.0	11230	22	22	14147	22	304	1083	14
224.0	12068	3	4	14148	2	1250	462	18
224.0	10544	20	16	14149	22	1881	1028	16
224.0	12171	8	10	14150	4	859	1932	15
224.0	11412	29	36	14151	22	1441	258	15
224.0	13686	16	19	14152	13	1872	1832	17
224.0	6928	10	11	14153	9	538	641	19
224.0	7789	7	7	14154	7	1660	1507	20
224.0	11461	15	15	14155	15	377	576	19
224.0	10797	13	16	14156	9	482	1598	15
224.0	11639	9	4	14157	13	888	1651	16
224.0	7711	16	12	14158	18	764	303	17
224.0	11400	42	35	14159	46	1908	1906	19
224.0	10399	11	8	14160	14	1989	1512	20
224.0	10607	35	36	14161	32	1630	106	17
224.0	11873	16	13	14162	18	1950	718	17
224.0	12010	4	3	14163	5	1079	1757	18
224.0	10820	23	22	14164	19	1082	287	11
224.0	11342	13	11	14165	13	362	1121	16
224.0	10628	25	25	14166	24	1543	135	18
224.0	12672	28	28	14167	25	556	1847	17
224.0	13056	21	19	14168	21	1353	1891	16
224.0	10652	43	39	14169	44	709	530	16
224.0	13037	10	10	14170	10	524	1747	15
224.0	11488	16	16	14171	16	200	1943	15
224.0	9008	15	16	14172	14	347	1748	16
224.0	9274	17	13	14173	18	621	518	17
224.0	10837	11	11	14174	11	1721	808	13
224.0	11054	20	23	14175	17	1984	1579	15
224.0	10212	22	24	14176	19	1041	1649	16
224.0	10714	23	21	14177	25	1462	282	18
224.0	9270	27	25	14178	29	937	1958	19
224.0	8784	19	16	14179	19	93	799	16
224.0	11335	8	6	14180	9	1812	1980	18
224.0	12065	18	20	14181	15	614	1923	14
224.0	8463	15	13	14182	16	225	1537	16
224.0	11093	24	23	14183	25	1941	445	18
224.0	9061	31	34	14184	25	1941	1795	19
224.0	14007	27	28	14185	25	511	589	19
224.0	8965	25	26	14186	24	1886	1261	14
224.0	14052	13	8	14187	18	1642	1569	19
224.0	10286	16	17	14188	15	50	1888	15
224.0	11565	14	10	14189	18	542	1697	14
224.0	11801	34	37	14190	29	1890	1759	14
224.0	9700	27	28	14191	25	1207	29	11
224.0	12137	23	23	14192	22	350	1791	13
224.0	11421	13	9	14193	17	1579	1832	18
224.0	10000	22	21	14194	21	1442	1716	15
224.0	12121	15	20	14195	9	989	1884	17
224.0	10687	21	20	14196	22	796	363	17
224.0	10998	40	47	14197	30	1779	1979	17
224.0	10784	19	21	14198	15	316	869	14
224.0	11944	20	18	14199	19	1520	553	17
224.0	10969	16	19	14200	13	1101	367	13
224.0	11145	11	12	14201	10	476	639	19
224.0	12041	40	37	14202	40	42	851	12
224.0	11847	45	41	14203	45	1745	1869	18
224.0	9429	24	30	14204	16	1148	1828	18
224.0	11389	34	29	14205	37	1774	1897	18
224.0	8870	14	9	14206	18	509	630	14
224.0	10515	6	5	14207	7	448	689	22
224.0	7022	23	26	14208	20	1541	1857	13
224.0	11021	17	14	14209	19	1896	418	13
224.0	6925	3	3	14210	3	861	1965	18
224.0	11853	22	20	14211	22	1172	1954	14
224.0	10856	22	19	14212	24	1874	631	22
224.0	9556	31	28	14213	31	1825	1660	14
224.0	11180	16	13	14214	17	1490	568	11
224.0	10034	14	18	14215	10	1802	1730	15
224.0	10732	18	18	14216	16	1776	920	13
224.0	11598	22	26	14217	17	1945	731	19
224.0	10864	22	21	14218	22	48	583	18
224.0	12724	7	7	14219	7	1407	239	15
224.0	11294	18	17	14220	19	1160	35	16
224.0	11140	33	35	14221	30	1292	48	17
224.0	9691	28	25	14222	30	1899	1118	15
224.0	12120	18	13	14223	23	672	1938	15
224.0	12517	33	32	14224	32	675	1	17
224.0	10561	20	25	14225	14	1287	1719	12
224.0	9055	6	5	14226	7	1681	902	18
224.0	10799	32	39	14227	24	1746	98	17
224.0	13042	7	8	14228	4	1404	1727	14
225.0	12040	8	8	14229	8	1568	1832	17
225.0	11407	13	13	14230	12	1848	1533	18
225.0	9372	22	24	14231	19	354	1629	14
225.0	11432	13	15	14232	11	1950	336	17
225.0	11156	18	18	14233	18	1946	1002	17
225.0	11073	19	19	14234	16	379	1430	18
225.0	11259	15	18	14235	11	1967	446	18
225.0	12206	4	4	14236	4	1682	1429	17
225.0	13592	11	6	14237	16	1650	1802	18
225.0	9929	27	31	14238	23	1999	1825	15
225.0	11817	24	23	14239	22	363	664	16
225.0	7228	55	46	14240	54	253	1999	14
225.0	12131	37	31	14241	41	100	1683	14
225.0	8852	17	13	14242	21	660	1955	18
225.0	12449	22	19	14243	24	590	1791	13
225.0	10434	31	31	14244	29	657	1827	16
225.0	11100	20	17	14245	20	1761	783	17
225.0	9700	28	34	14246	21	1207	29	12
225.0	11400	35	38	14247	31	1908	1906	20
225.0	11346	20	18	14248	21	1897	195	19
225.0	10875	21	22	14249	19	1202	158	11
225.0	10964	21	24	14250	18	788	387	15
225.0	11184	20	25	14251	14	1104	172	13
225.0	13540	2	2	14252	2	340	1311	15
225.0	12248	21	21	14253	20	1807	1093	12
225.0	12313	32	29	14254	33	74	1966	19
225.0	14108	21	18	14255	23	1494	1739	19
225.0	11603	22	20	14256	23	251	600	15
225.0	12888	26	27	14257	22	346	1069	14
225.0	10202	17	17	14258	17	1844	399	15
225.0	10073	21	21	14259	20	1130	531	19
225.0	10211	27	29	14260	22	651	1754	13
225.0	11265	34	39	14261	28	160	724	14
225.0	11440	43	45	14262	40	1519	1855	16
225.0	9604	25	22	14263	26	1913	844	21
225.0	9584	8	9	14264	7	1723	1558	16
225.0	11316	18	14	14265	22	1208	479	18
225.0	10455	42	37	14266	44	520	1952	13
225.0	10344	23	26	14267	19	1849	1502	12
225.0	10379	11	7	14268	15	673	1756	19
225.0	7144	12	11	14269	12	1468	154	14
225.0	10994	26	29	14270	20	86	1103	14
225.0	10336	10	7	14271	13	681	1541	17
225.0	11751	17	11	14272	22	434	1786	17
225.0	12491	24	23	14273	22	20	1968	17
225.0	10714	21	20	14274	19	1462	282	19
225.0	12015	27	18	14275	35	779	461	15
225.0	10679	36	29	14276	41	76	726	14
225.0	11565	10	8	14277	11	542	1697	15
225.0	9689	13	10	14278	16	392	1475	17
225.0	12765	7	5	14279	8	839	1967	17
225.0	10382	24	23	14280	23	1953	1841	17
225.0	12598	25	25	14281	22	380	855	19
225.0	10787	20	18	14282	22	590	586	21
225.0	11333	41	40	14283	38	287	41	15
225.0	8716	22	25	14284	18	733	368	13
225.0	10141	32	32	14285	31	1309	1948	19
225.0	7667	33	36	14286	29	1226	43	20
225.0	10837	11	6	14287	15	1721	808	14
225.0	10764	25	20	14288	30	1897	1605	16
225.0	12486	9	7	14289	11	703	369	17
225.0	9013	25	22	14290	25	894	279	19
225.0	12609	17	16	14291	18	673	1893	15
225.0	11657	27	29	14292	25	990	1676	17
225.0	9983	11	13	14293	9	39	1166	16
225.0	11982	16	14	14294	17	1258	423	17
225.0	7552	7	10	14295	4	322	1259	15
225.0	9293	31	33	14296	28	1889	934	16
225.0	12147	20	21	14297	18	1674	101	17
225.0	10270	26	25	14298	27	332	918	14
225.0	11115	20	19	14299	21	127	672	13
225.0	11911	21	19	14300	21	443	1522	16
225.0	11803	15	11	14301	19	616	368	18
225.0	12216	25	25	14302	25	35	1077	14
225.0	13050	12	13	14303	11	503	1370	17
225.0	9617	40	38	14304	41	343	1589	15
225.0	11620	12	7	14305	17	421	703	18
225.0	12896	22	22	14306	19	1448	401	20
225.0	11617	24	25	14307	23	14	1272	15
225.0	11530	3	1	14308	5	1711	1492	16
225.0	9905	38	32	14309	43	247	977	17
225.0	10887	37	36	14310	36	1013	246	14
225.0	8890	23	21	14311	25	62	1308	14
225.0	10650	29	33	14312	23	227	1688	12
225.0	9420	18	18	14313	16	490	919	17
225.0	7209	35	32	14314	35	1238	1999	18
225.0	11847	41	44	14315	37	1745	1869	19
225.0	11475	41	35	14316	47	1154	0	19
225.0	11067	50	59	14317	40	1834	60	18
225.0	11500	18	17	14318	19	238	709	17
225.0	10687	20	19	14319	19	796	363	18
225.0	11211	9	8	14320	10	1889	1977	13
225.0	9866	20	22	14321	18	1969	1051	17
225.0	13178	18	17	14322	18	1570	559	17
225.0	8031	23	27	14323	18	1213	392	19
225.0	12480	29	28	14324	26	1499	444	16
225.0	9627	20	24	14325	14	338	704	18
225.0	12822	18	21	14326	15	931	1818	19
225.0	10765	27	26	14327	26	1025	1943	15
225.0	9808	17	22	14328	12	1544	1790	16
225.0	11874	29	27	14329	29	1820	971	19
225.0	11634	28	27	14330	29	254	1828	15
225.0	8252	1	1	14331	1	1387	1759	18
225.0	11294	17	14	14332	18	1160	35	17
225.0	11624	19	16	14333	22	218	1101	14
225.0	13056	19	15	14334	22	1353	1891	17
225.0	8092	20	21	14335	18	219	1654	17
225.0	11811	38	25	14336	48	1818	599	22
225.0	10533	2	2	14337	2	1244	1792	13
225.0	11711	11	4	14338	16	884	1740	17
225.0	13310	12	10	14339	13	628	472	17
225.0	10950	22	34	14340	10	1880	60	16
225.0	6976	23	27	14341	18	972	1760	16
225.0	11084	22	16	14342	28	192	737	17
225.0	9744	33	31	14343	33	444	1909	14
225.0	10375	56	53	14344	47	1999	273	16
225.0	9710	17	13	14345	20	490	1399	17
225.0	13459	27	27	14346	26	1620	1698	16
225.0	11049	34	32	14347	33	1003	440	12
225.0	7283	17	15	14348	17	1470	1655	24
225.0	11145	12	13	14349	10	476	639	20
225.0	11255	25	20	14350	29	1055	1968	17
225.0	11581	20	28	14351	12	281	741	18
225.0	7421	2	1	14352	3	1260	380	14
226.0	10382	23	25	14353	20	1953	1841	18
226.0	13173	12	10	14354	13	260	771	18
226.0	10812	11	11	14355	11	1816	690	19
226.0	12401	9	9	14356	8	489	1548	18
226.0	10665	25	26	14357	22	1739	1736	15
226.0	10336	7	9	14358	5	681	1541	18
226.0	11364	25	26	14359	23	1572	1522	19
226.0	9866	22	20	14360	23	1969	1051	18
226.0	11841	11	9	14361	12	1608	1569	18
226.0	10843	21	21	14362	21	1600	831	16
226.0	12856	41	37	14363	43	844	15	17
226.0	12216	25	21	14364	27	35	1077	15
226.0	8726	2	2	14365	2	1279	416	18
226.0	12164	39	39	14366	36	1707	771	15
226.0	13557	20	22	14367	17	1090	1783	13
226.0	10487	35	32	14368	38	1251	64	13
226.0	11469	9	12	14369	6	1602	411	17
226.0	14108	18	18	14370	18	1494	1739	20
226.0	12608	5	6	14371	4	861	1649	17
226.0	8602	13	11	14372	14	31	120	18
226.0	7940	30	30	14373	29	1810	0	18
226.0	11950	19	22	14374	16	1907	518	14
226.0	10202	17	10	14375	21	1844	399	16
226.0	8008	21	23	14376	17	1680	730	18
226.0	10980	20	22	14377	18	1939	1088	14
226.0	8932	16	17	14378	14	592	423	16
226.0	11802	27	24	14379	29	88	1664	13
226.0	10965	21	18	14380	22	1636	150	16
226.0	9691	25	24	14381	24	1899	1118	16
226.0	13248	21	20	14382	20	1700	911	15
226.0	10768	29	35	14383	21	1604	1702	16
226.0	10797	16	21	14384	11	482	1598	16
226.0	10765	26	26	14385	25	1025	1943	16
226.0	11269	15	13	14386	16	1943	1478	18
226.0	8215	42	41	14387	42	1999	1418	17
226.0	11851	0	0	14388	0	1362	1877	17
226.0	8491	9	7	14389	11	371	1999	15
226.0	11545	16	15	14390	16	1881	716	19
226.0	11838	20	14	14391	26	1079	1865	18
226.0	11491	34	34	14392	34	1387	39	16
226.0	8266	32	30	14393	31	1681	568	14
226.0	11864	12	14	14394	10	419	1291	16
226.0	10314	23	25	14395	21	1522	405	21
226.0	9897	10	9	14396	11	333	1644	14
226.0	9630	12	13	14397	11	1762	1603	14
226.0	9617	38	36	14398	40	343	1589	16
226.0	10019	46	48	14399	43	27	1851	18
226.0	10946	7	6	14400	8	1261	1677	15
226.0	12263	13	13	14401	12	253	1151	12
226.0	10380	24	26	14402	20	1683	1636	13
226.0	10953	32	29	14403	34	418	1709	12
226.0	10554	27	31	14404	23	1979	245	15
226.0	13696	37	40	14405	32	729	479	18
226.0	12570	3	3	14406	3	1427	236	17
226.0	9469	11	8	14407	14	1054	1729	16
226.0	13241	38	38	14408	37	1226	73	20
226.0	8646	29	26	14409	31	678	469	16
226.0	11766	27	23	14410	28	748	1878	18
226.0	11305	15	17	14411	13	984	330	18
226.0	11814	30	25	14412	34	1464	1914	18
226.0	10037	20	18	14413	21	1723	637	14
226.0	10034	18	16	14414	20	1802	1730	16
226.0	11691	33	28	14415	35	1590	108	16
226.0	11440	45	48	14416	39	1519	1855	17
226.0	10964	24	22	14417	26	788	387	16
226.0	10567	19	21	14418	16	1941	1104	13
226.0	11084	16	18	14419	14	172	737	18
226.0	10857	28	29	14420	26	608	1856	14
226.0	12046	13	11	14421	12	1686	1593	16
226.0	11915	17	15	14422	19	73	70	17
226.0	11936	28	30	14423	24	1535	61	17
226.0	11331	21	19	14424	23	1908	609	19
226.0	13018	14	12	14425	15	582	1766	15
226.0	9700	34	27	14426	39	1207	29	13
226.0	13137	21	21	14427	20	1040	1748	16
226.0	13405	4	5	14428	2	681	1571	17
226.0	11806	27	27	14429	26	1892	1874	19
226.0	9436	17	12	14430	21	1650	1783	17
226.0	10659	23	23	14431	20	1821	579	14
226.0	11869	13	13	14432	12	973	422	17
226.0	11257	28	27	14433	29	1741	1769	16
226.0	7144	11	9	14434	12	1468	154	15
226.0	9259	37	37	14435	37	327	0	18
226.0	7420	5	4	14436	6	516	1983	17
226.0	8426	8	6	14437	9	777	1796	19
226.0	11349	17	21	14438	13	283	1957	14
226.0	11467	11	16	14439	6	1423	1678	15
226.0	10766	14	17	14440	10	1850	1029	16
226.0	10862	22	17	14441	26	302	1570	14
226.0	11259	18	19	14442	15	1967	446	19
226.0	9433	8	6	14443	10	1386	1708	14
226.0	12207	22	27	14444	17	877	262	18
226.0	11486	17	17	14445	17	1963	1657	16
226.0	9689	10	8	14446	11	392	1475	18
226.0	11513	29	24	14447	33	139	1181	14
226.0	10178	53	46	14448	54	23	147	14
226.0	10966	12	11	14449	13	1651	1663	16
226.0	10648	11	14	14450	8	537	1945	16
226.0	11500	17	14	14451	20	218	709	18
226.0	12353	22	19	14452	24	197	700	15
226.0	10938	17	14	14453	19	245	892	14
226.0	9293	33	30	14454	35	1889	934	17
226.0	13677	32	37	14455	25	1207	296	12
226.0	10796	10	10	14456	10	1832	198	18
226.0	11811	25	27	14457	22	1805	586	23
226.0	8990	14	15	14458	13	514	550	21
226.0	10944	19	18	14459	20	383	114	17
226.0	8059	25	30	14460	17	1999	1876	17
226.0	8223	5	5	14461	4	642	1668	16
226.0	12788	19	26	14462	12	1860	430	18
226.0	9995	14	17	14463	11	488	1798	18
226.0	11835	33	33	14464	32	1970	626	14
226.0	10634	8	10	14465	6	370	1326	18
226.0	11963	11	11	14466	11	389	789	17
226.0	7881	17	17	14467	17	1201	1807	14
226.0	11650	19	15	14468	21	681	1907	17
226.0	10647	24	24	14469	24	1546	1679	16
226.0	9418	10	11	14470	9	620	1814	18
226.0	12529	18	19	14471	15	343	602	19
226.0	11053	28	25	14472	30	1533	1807	17
226.0	9810	29	26	14473	29	1842	1999	19
226.0	12070	11	12	14474	10	541	592	17
226.0	9324	22	21	14475	22	1181	1842	12
226.0	11346	18	19	14476	16	1897	195	20
226.0	8642	15	19	14477	11	752	1986	17
226.0	10888	6	6	14478	6	1292	1851	18
226.0	10360	42	37	14479	45	103	572	19
226.0	12577	11	13	14480	8	1362	201	17
226.0	13056	15	14	14481	15	1353	1891	18
226.0	10507	16	13	14482	19	1939	612	14
226.0	10837	6	4	14483	7	1721	808	15
226.0	13988	16	14	14484	17	1731	1961	18
226.0	6982	28	27	14485	27	1224	1931	19
227.0	8526	14	13	14486	15	0	1840	19
227.0	10946	6	5	14487	7	1261	1677	16
227.0	9714	17	15	14488	19	297	514	16
227.0	9678	11	11	14489	10	648	447	19
227.0	7881	17	19	14490	15	1201	1807	15
227.0	12598	25	23	14491	27	380	855	20
227.0	10072	20	20	14492	20	1570	97	17
227.0	10426	37	42	14493	30	1421	198	16
227.0	9174	33	34	14494	30	334	623	18
227.0	9021	22	22	14495	21	1954	1570	24
227.0	7048	10	14	14496	6	1842	1646	19
227.0	12098	29	29	14497	26	67	994	14
227.0	11393	35	26	14498	42	57	502	20
227.0	11067	59	46	14499	54	1834	60	19
227.0	12166	19	20	14500	18	1817	134	20
227.0	9962	21	18	14501	24	1731	1297	18
227.0	10672	7	5	14502	8	444	1754	15
227.0	11947	16	11	14503	21	1670	150	15
227.0	11221	28	29	14504	26	1716	422	17
227.0	10409	14	10	14505	18	314	1042	15
227.0	11343	19	19	14506	17	1001	1856	17
227.0	11909	24	17	14507	30	1852	1988	18
227.0	9356	21	29	14508	12	57	728	15
227.0	10607	36	27	14509	40	1630	106	18
227.0	11541	14	16	14510	12	1889	42	21
227.0	13505	9	7	14511	11	720	1633	15
227.0	11358	11	10	14512	11	470	1040	16
227.0	10413	17	21	14513	13	1232	450	16
227.0	12230	12	12	14514	12	1589	1688	15
227.0	11936	30	26	14515	32	1535	61	18
227.0	11424	2	1	14516	3	1180	1810	17
227.0	10959	31	33	14517	28	1591	1964	18
227.0	11974	7	7	14518	7	1538	206	19
227.0	11004	3	3	14519	3	1646	1611	19
227.0	11796	17	14	14520	20	1502	1688	20
227.0	11132	18	16	14521	20	1839	1749	18
227.0	11601	41	38	14522	41	1973	306	21
227.0	11717	22	20	14523	23	1170	1730	17
227.0	11536	11	6	14524	15	1668	1964	16
227.0	11199	13	12	14525	14	1814	1856	19
227.0	11828	20	27	14526	13	1660	0	17
227.0	8952	15	12	14527	17	1860	1327	17
227.0	13696	40	43	14528	35	729	479	19
227.0	8602	11	9	14529	13	31	120	19
227.0	8645	16	24	14530	6	1718	1676	20
227.0	12202	15	21	14531	7	853	1701	16
227.0	10719	26	24	14532	25	335	761	17
227.0	8696	9	8	14533	9	1307	459	18
227.0	9586	36	33	14534	38	1732	1609	16
227.0	11359	13	13	14535	13	1681	829	18
227.0	9450	5	3	14536	6	1294	401	17
227.0	11525	20	22	14537	16	1967	1600	22
227.0	10443	1	1	14538	1	1245	1878	19
227.0	9088	7	3	14539	10	1690	949	16
227.0	11660	42	43	14540	38	1878	591	17
227.0	10237	18	19	14541	17	1182	1773	15
227.0	11084	18	19	14542	15	172	737	19
227.0	8266	30	25	14543	35	1681	568	15
227.0	11900	17	15	14544	17	1111	1671	18
227.0	7662	24	20	14545	28	999	1979	18
227.0	11727	22	26	14546	18	1800	535	17
227.0	12385	27	25	14547	28	1361	1704	16
227.0	12650	27	27	14548	26	1980	557	15
227.0	11470	39	41	14549	35	1600	684	14
227.0	8210	10	10	14550	9	941	441	21
227.0	10838	27	25	14551	25	1700	1695	17
227.0	11887	7	7	14552	7	1944	1943	14
227.0	11131	22	25	14553	17	1007	1908	18
227.0	10641	33	33	14554	31	1675	1611	15
227.0	10512	10	11	14555	8	1203	1888	15
227.0	10901	25	30	14556	19	30	939	16
227.0	9897	9	7	14557	10	333	1644	15
227.0	12009	13	9	14558	16	767	1950	16
227.0	10846	17	14	14559	18	1653	448	18
227.0	7940	30	24	14560	34	1810	0	19
227.0	9700	27	31	14561	22	1207	29	14
227.0	11078	28	22	14562	33	152	1978	15
227.0	11839	34	43	14563	21	83	1836	15
227.0	12196	23	20	14564	25	1594	349	14
227.0	10064	23	24	14565	21	169	1302	15
227.0	14205	37	38	14566	36	1760	1910	19
227.0	11810	21	18	14567	22	1936	648	16
227.0	9467	22	23	14568	19	1166	1767	12
227.0	12162	23	17	14569	27	1298	351	17
227.0	9515	37	37	14570	36	1835	1331	16
227.0	9705	12	12	14571	12	1811	620	20
227.0	11238	31	30	14572	31	420	35	14
227.0	10050	21	21	14573	20	390	1500	14
227.0	10160	14	9	14574	18	800	408	19
227.0	10309	5	2	14575	8	1877	1613	20
227.0	10054	32	32	14576	32	1982	985	16
227.0	9856	18	16	14577	19	589	610	16
227.0	8059	30	24	14578	31	1999	1876	18
227.0	10888	6	7	14579	5	1292	1851	19
227.0	10543	24	23	14580	24	1487	164	18
227.0	10653	38	32	14581	42	1882	590	16
227.0	12260	21	17	14582	24	1119	367	13
227.0	11665	25	35	14583	15	413	1400	15
227.0	11489	12	15	14584	9	600	455	17
227.0	12448	19	20	14585	18	864	288	18
227.0	12383	20	16	14586	21	1502	156	18
227.0	11934	14	12	14587	15	150	1553	17
227.0	7101	10	7	14588	12	53	1677	19
227.0	10704	11	12	14589	10	1779	1014	14
227.0	9992	11	11	14590	11	1877	485	18
227.0	10314	25	29	14591	20	1522	405	22
227.0	10141	32	33	14592	29	1309	1948	20
227.0	10797	21	26	14593	16	482	1598	17
227.0	11963	11	11	14594	11	389	789	18
227.0	10663	21	24	14595	18	569	521	19
227.0	8803	19	16	14596	21	169	1773	16
227.0	8748	16	14	14597	17	603	1976	14
227.0	12084	50	47	14598	50	1439	1912	21
227.0	10134	16	13	14599	19	41	481	18
227.0	11546	16	15	14600	17	313	801	17
227.0	10437	23	27	14601	18	1744	266	19
227.0	11461	15	13	14602	16	377	576	20
227.0	12390	25	23	14603	26	827	353	18
227.0	9436	12	11	14604	13	1650	1783	18
227.0	10947	20	25	14605	14	1931	690	17
227.0	10371	27	29	14606	22	291	914	15
227.0	9013	22	23	14607	19	908	293	20
227.0	9339	21	21	14608	20	1762	502	20
227.0	12487	28	26	14609	27	1530	237	19
227.0	11899	25	25	14610	24	380	1128	14
227.0	11553	37	35	14611	38	1349	271	11
227.0	8193	26	25	14612	26	984	435	17
227.0	10471	20	21	14613	17	1799	402	15
227.0	12920	22	23	14614	19	1235	12	16
227.0	7428	22	13	14615	29	971	1971	15
227.0	10083	18	14	14616	21	724	1891	17
227.0	10574	43	44	14617	39	1035	1863	17
227.0	10001	17	18	14618	16	1958	1136	16
227.0	8814	13	14	14619	12	1824	739	17
227.0	10938	14	15	14620	13	245	892	15
227.0	10744	19	15	14621	23	1773	1390	17
227.0	7927	28	29	14622	27	1330	1999	14
227.0	11083	6	4	14623	8	671	1869	17
228.0	10299	26	18	14624	32	1560	1609	21
228.0	13138	7	8	14625	6	132	1338	19
228.0	11038	36	30	14626	37	1762	73	19
228.0	11338	14	18	14627	10	1851	1843	17
228.0	11748	25	22	14628	26	771	1782	17
228.0	12001	25	25	14629	25	1293	1880	18
228.0	13057	35	30	14630	40	1900	325	19
228.0	9228	40	45	14631	33	1999	212	12
228.0	10062	37	38	14632	33	819	1920	12
228.0	8919	17	18	14633	14	1751	1225	20
228.0	11746	28	22	14634	31	1921	197	21
228.0	10072	20	16	14635	23	1570	97	18
228.0	10752	11	9	14636	11	571	680	16
228.0	13137	21	15	14637	27	1040	1748	17
228.0	10178	46	37	14638	50	23	147	15
228.0	10137	14	15	14639	13	1742	1200	17
228.0	10083	14	10	14640	18	724	1891	18
228.0	12235	42	43	14641	39	1907	236	12
228.0	10588	7	4	14642	10	1641	861	16
228.0	12166	20	20	14643	19	1817	134	21
228.0	13453	21	22	14644	19	288	948	18
228.0	10669	22	24	14645	19	1251	277	16
228.0	13070	23	20	14646	25	190	440	17
228.0	12722	26	27	14647	22	1477	28	19
228.0	10620	9	6	14648	12	1383	1831	19
228.0	9899	34	36	14649	31	280	1677	15
228.0	13498	16	13	14650	19	957	1914	18
228.0	11089	36	35	14651	34	1000	290	14
228.0	9214	33	22	14652	42	247	1020	15
228.0	11435	16	16	14653	16	361	750	17
228.0	11670	16	19	14654	13	1653	493	18
228.0	11710	36	31	14655	37	1182	271	13
228.0	10782	38	35	14656	39	456	50	17
228.0	10470	17	14	14657	19	221	1811	15
228.0	13126	14	14	14658	14	137	427	16
228.0	10214	33	36	14659	30	1904	899	18
228.0	11381	9	8	14660	10	1660	949	16
228.0	12095	23	22	14661	24	35	967	14
228.0	10019	48	37	14662	55	43	1851	19
228.0	10543	23	20	14663	25	1487	164	19
228.0	7434	41	39	14664	38	46	1106	15
228.0	10929	16	15	14665	17	1999	395	18
228.0	8327	14	18	14666	10	1964	1379	16
228.0	12064	16	20	14667	12	1501	1859	16
228.0	13075	42	37	14668	47	1729	535	17
228.0	9461	8	8	14669	8	1878	865	17
228.0	12202	21	25	14670	17	853	1701	17
228.0	12172	47	48	14671	44	18	466	14
228.0	11071	42	44	14672	38	1793	1957	14
228.0	9183	12	8	14673	15	271	1127	13
228.0	8048	18	20	14674	16	1699	388	16
228.0	9367	15	19	14675	9	1677	1744	16
228.0	9552	38	32	14676	41	1817	432	14
228.0	8019	10	9	14677	10	1672	1946	18
228.0	9992	11	11	14678	11	1877	485	19
228.0	13570	37	39	14679	34	391	1721	14
228.0	12098	29	30	14680	28	67	994	15
228.0	11977	19	14	14681	24	1827	457	20
228.0	9714	15	17	14682	13	297	514	17
228.0	10969	19	17	14683	20	1101	367	14
228.0	11664	26	18	14684	31	1199	343	17
228.0	13810	28	30	14685	26	344	533	16
228.0	11368	11	12	14686	8	1867	19	17
228.0	7881	19	19	14687	18	1201	1807	16
228.0	12527	42	37	14688	44	1720	1889	18
228.0	7281	19	23	14689	15	1856	1676	17
228.0	10987	28	26	14690	29	183	1687	15
228.0	12752	28	24	14691	31	352	950	14
228.0	11825	13	13	14692	13	152	1937	19
228.0	12464	11	10	14693	12	1913	1509	19
228.0	8942	24	24	14694	22	1999	1311	18
228.0	11078	22	19	14695	23	152	1978	16
228.0	10641	33	34	14696	32	1675	1611	16
228.0	12327	20	23	14697	17	460	1089	12
228.0	11248	16	20	14698	12	1509	1549	19
228.0	9883	25	29	14699	19	54	664	18
228.0	8551	17	13	14700	20	401	1169	12
228.0	11949	14	14	14701	13	222	1239	13
228.0	9868	8	11	14702	5	1713	1529	20
228.0	11501	10	12	14703	8	379	609	18
228.0	10578	19	19	14704	19	1921	1307	18
228.0	11843	18	17	14705	18	851	1720	16
228.0	10064	24	23	14706	23	169	1302	16
228.0	11123	13	11	14707	14	1486	1678	14
228.0	13771	23	26	14708	20	490	1653	14
228.0	11905	36	35	14709	34	1260	1894	17
228.0	9408	20	22	14710	17	1956	1308	20
228.0	11981	7	7	14711	7	439	608	19
228.0	11399	18	22	14712	14	45	761	14
228.0	10125	15	11	14713	19	1761	1791	15
228.0	12077	36	35	14714	35	1943	494	15
228.0	12196	20	21	14715	16	1594	349	15
228.0	13605	23	21	14716	23	49	1250	18
228.0	8266	25	24	14717	24	1681	568	16
228.0	10517	9	10	14718	8	1639	789	16
228.0	12253	9	10	14719	6	1884	1669	20
228.0	11790	23	17	14720	28	113	372	17
228.0	8716	25	29	14721	20	716	368	14
228.0	10087	30	28	14722	32	1679	1814	19
228.0	12661	18	20	14723	15	259	1917	15
228.0	12426	18	19	14724	17	1890	524	17
228.0	11436	22	24	14725	20	135	1780	15
228.0	10853	26	25	14726	26	1570	1948	17
228.0	11073	19	16	14727	21	379	1430	19
228.0	10520	15	12	14728	17	331	1350	14
228.0	9593	26	29	14729	21	1282	315	17
228.0	13179	22	26	14730	17	400	548	18
228.0	9823	39	43	14731	35	1857	508	19
228.0	11807	20	19	14732	20	253	438	16
228.0	11451	21	20	14733	20	429	950	15
228.0	9203	35	29	14734	41	1811	281	20
228.0	12618	30	23	14735	34	1863	1902	16
228.0	9584	9	11	14736	6	1723	1558	17
228.0	12201	21	21	14737	19	440	941	12
228.0	9121	10	14	14738	6	498	563	19
228.0	11795	29	29	14739	28	1880	1476	14
228.0	13323	39	38	14740	37	631	1697	13
229.0	12179	10	11	14741	9	1186	368	13
229.0	12463	15	12	14742	16	1889	731	19
229.0	10668	24	21	14743	24	1586	1937	15
229.0	12584	19	22	14744	16	226	175	17
229.0	10772	14	12	14745	16	48	1724	16
229.0	12581	7	12	14746	2	371	1666	15
229.0	12696	0	0	14747	0	1439	1854	18
229.0	10362	17	16	14748	16	822	1735	18
229.0	10785	2	1	14749	3	1712	1458	18
229.0	10085	23	23	14750	20	1089	1728	14
229.0	7587	16	16	14751	16	1866	599	17
229.0	11790	17	16	14752	18	113	372	18
229.0	10711	25	32	14753	16	1490	1784	18
229.0	11773	36	33	14754	39	1006	369	14
229.0	11968	21	24	14755	18	390	498	15
229.0	9651	28	29	14756	27	1927	611	18
229.0	11727	26	26	14757	26	1800	535	18
229.0	12529	19	22	14758	13	343	581	20
229.0	6906	21	20	14759	22	1538	1768	18
229.0	12447	15	18	14760	11	771	1979	17
229.0	8567	26	27	14761	25	1890	494	18
229.0	11769	9	8	14762	10	1632	559	15
229.0	11597	42	37	14763	44	863	129	18
229.0	11692	25	25	14764	24	1568	1694	16
229.0	13664	25	25	14765	22	149	572	19
229.0	9127	13	12	14766	13	346	501	16
229.0	10703	34	33	14767	33	428	1661	16
229.0	10705	25	16	14768	30	1697	1856	19
229.0	11301	25	24	14769	25	246	852	18
229.0	9418	11	11	14770	11	606	1800	19
229.0	11262	22	23	14771	20	982	167	14
229.0	12315	35	36	14772	33	1591	1982	17
229.0	9836	12	13	14773	9	656	343	13
229.0	10587	29	40	14774	18	1935	472	18
229.0	8710	13	9	14775	15	515	26	17
229.0	7514	18	20	14776	15	1800	824	15
229.0	12181	15	19	14777	10	145	967	12
229.0	8642	19	14	14778	24	752	1986	18
229.0	10256	6	5	14779	7	858	1821	18
229.0	11415	12	8	14780	15	1650	1839	18
229.0	11031	20	18	14781	22	123	829	16
229.0	12064	20	24	14782	15	1501	1859	17
229.0	10901	30	28	14783	32	30	939	17
229.0	10282	24	29	14784	19	1227	357	13
229.0	11740	18	20	14785	14	721	433	19
229.0	13056	14	15	14786	12	1353	1891	19
229.0	10708	6	4	14787	6	611	1559	14
229.0	7219	15	15	14788	14	286	963	18
229.0	13498	13	12	14789	14	957	1914	19
229.0	12150	17	18	14790	16	1930	558	18
229.0	13672	4	6	14791	2	439	1631	16
229.0	13506	4	3	14792	5	1081	1804	18
229.0	9377	20	24	14793	15	1507	1954	19
229.0	13318	35	38	14794	32	1708	1771	18
229.0	8098	26	30	14795	21	1349	39	16
229.0	11847	44	35	14796	52	1727	1851	20
229.0	12088	21	20	14797	22	52	1049	18
229.0	11825	13	17	14798	8	152	1937	20
229.0	12524	34	39	14799	29	1427	307	17
229.0	12141	25	27	14800	23	1967	1959	18
229.0	12426	19	21	14801	16	1878	520	18
229.0	9801	18	20	14802	15	1490	372	16
229.0	10813	14	16	14803	10	51	1774	15
229.0	8070	39	36	14804	41	644	1738	12
229.0	11440	48	49	14805	43	1527	1881	18
229.0	9556	28	25	14806	30	1825	1660	15
229.0	10784	21	21	14807	19	316	869	15
229.0	12496	15	11	14808	17	184	1062	13
229.0	12841	15	10	14809	19	1428	422	18
229.0	9875	28	30	14810	26	460	1070	14
229.0	12328	4	4	14811	3	833	1847	19
229.0	12434	13	13	14812	13	1019	1680	17
229.0	11472	34	34	14813	32	144	0	15
229.0	9846	26	21	14814	29	1403	1940	14
229.0	11814	25	26	14815	21	1487	1914	19
229.0	10087	28	32	14816	23	1679	1814	20
229.0	12925	19	11	14817	25	1971	1566	15
229.0	12712	30	31	14818	25	1879	943	16
229.0	11949	14	18	14819	10	222	1239	14
229.0	12121	20	15	14820	25	989	1884	18
229.0	11954	19	22	14821	15	1558	1852	16
229.0	10714	20	22	14822	18	1462	222	20
229.0	12608	6	3	14823	8	861	1649	18
229.0	8890	21	25	14824	17	62	1308	15
229.0	12014	7	7	14825	7	883	1972	16
229.0	11950	22	19	14826	24	1907	518	15
229.0	7608	21	19	14827	21	513	1835	10
229.0	9367	19	17	14828	20	1677	1744	17
229.0	8868	11	8	14829	13	1578	1591	16
229.0	9899	36	37	14830	31	280	1677	16
229.0	13453	22	21	14831	18	288	948	19
229.0	10133	19	17	14832	21	261	1108	15
229.0	11118	2	2	14833	1	1139	1713	14
229.0	10182	22	22	14834	22	1878	1630	21
229.0	9718	26	28	14835	24	508	1898	16
229.0	11894	40	40	14836	38	1467	442	20
229.0	12438	25	30	14837	20	1172	228	12
229.0	8919	18	18	14838	18	1751	1225	21
229.0	11748	22	18	14839	26	771	1782	18
229.0	12196	21	17	14840	24	1594	349	16
229.0	11902	24	26	14841	22	1200	511	17
229.0	11573	18	17	14842	18	22	1120	16
229.0	10929	15	11	14843	17	1999	395	19
229.0	11937	33	37	14844	28	617	1711	12
229.0	9593	29	29	14845	29	1282	315	18
229.0	11192	16	15	14846	16	379	673	16
229.0	10812	11	7	14847	15	1834	690	20
229.0	12166	20	22	14848	17	1817	134	22
229.0	11517	15	14	14849	15	862	90	15
229.0	10470	14	16	14850	10	221	1811	16
229.0	12305	20	21	14851	17	1368	39	16
229.0	10712	26	20	14852	31	152	621	14
229.0	11474	24	23	14853	23	1883	290	17
229.0	12487	26	26	14854	24	1530	237	20
229.0	13455	16	17	14855	15	1889	14	22
229.0	10485	6	4	14856	8	419	608	19
229.0	13782	7	8	14857	6	308	1193	16
229.0	12674	13	12	14858	12	1760	1925	16
229.0	10915	23	19	14859	26	302	588	17
229.0	11451	20	20	14860	19	429	950	16
229.0	11335	6	7	14861	5	1801	1969	19
229.0	10720	24	22	14862	25	1733	951	13
229.0	11916	19	19	14863	17	454	1828	19
229.0	10834	41	43	14864	37	1400	406	16
229.0	11352	34	35	14865	33	1989	461	15
229.0	10019	37	41	14866	30	43	1851	20
229.0	12078	34	38	14867	30	1477	56	18
229.0	10980	22	22	14868	20	1939	1088	15
229.0	12618	23	22	14869	22	1863	1902	17
229.0	11677	18	19	14870	16	0	1445	14
230.0	12420	22	21	14871	23	225	1973	16
230.0	10182	22	25	14872	19	1878	1630	22
230.0	9809	20	21	14873	16	889	79	19
230.0	9546	27	26	14874	27	107	756	13
230.0	10770	16	16	14875	16	1874	1271	15
230.0	11048	16	19	14876	12	738	1930	15
230.0	11589	33	36	14877	30	1046	0	18
230.0	10915	19	16	14878	21	302	588	18
230.0	14223	23	15	14879	28	681	1947	16
230.0	11069	13	17	14880	8	792	1723	18
230.0	10030	30	29	14881	27	20	811	14
230.0	11315	24	29	14882	19	691	304	17
230.0	12143	26	28	14883	22	1969	1986	18
230.0	11519	25	31	14884	17	1784	108	16
230.0	11748	18	20	14885	13	771	1782	19
230.0	11472	34	35	14886	31	144	0	16
230.0	11176	28	29	14887	26	396	1653	13
230.0	13782	8	8	14888	8	308	1193	17
230.0	9905	32	34	14889	28	247	977	18
230.0	8793	11	12	14890	10	71	516	20
230.0	8567	27	28	14891	23	1890	494	19
230.0	12757	17	16	14892	17	952	1785	18
230.0	13520	13	14	14893	12	648	373	21
230.0	11730	42	33	14894	46	1721	1003	15
230.0	12490	16	18	14895	14	209	623	18
230.0	11481	23	20	14896	25	1760	155	18
230.0	12536	44	38	14897	46	149	1094	16
230.0	12599	24	25	14898	21	464	443	20
230.0	13257	18	17	14899	17	93	1355	17
230.0	11758	24	20	14900	26	591	208	16
230.0	12120	13	14	14901	12	659	1938	16
230.0	8645	24	21	14902	26	1718	1676	21
230.0	11240	13	15	14903	10	1425	119	13
230.0	12187	21	20	14904	22	1862	419	16
230.0	12363	33	39	14905	26	1720	1641	17
230.0	10087	32	27	14906	35	1679	1814	21
230.0	12305	21	21	14907	19	1368	39	17
230.0	12007	18	19	14908	16	389	588	18
230.0	13898	14	15	14909	12	348	596	18
230.0	11066	32	30	14910	31	1410	1873	21
230.0	7469	21	19	14911	23	1136	1789	14
230.0	12075	15	17	14912	12	22	542	20
230.0	14490	15	12	14913	17	1206	1833	16
230.0	11950	19	22	14914	16	1907	518	16
230.0	13463	29	34	14915	24	1287	214	13
230.0	13088	8	7	14916	8	1872	1781	18
230.0	9916	17	19	14917	13	1861	1366	16
230.0	9290	33	34	14918	32	1389	209	21
230.0	9770	25	31	14919	18	1689	586	17
230.0	13512	21	17	14920	24	245	1092	15
230.0	8070	36	35	14921	33	644	1738	13
230.0	10556	28	28	14922	26	38	1028	17
230.0	12487	26	23	14923	27	1530	237	21
230.0	12235	43	45	14924	39	1907	236	13
230.0	8020	17	16	14925	18	1082	460	13
230.0	11402	18	19	14926	16	1200	1726	13
230.0	8144	28	32	14927	23	197	904	15
230.0	13500	48	52	14928	42	1849	133	12
230.0	8835	39	35	14929	42	1930	1738	16
230.0	11518	16	11	14930	20	979	1709	17
230.0	12343	45	44	14931	43	349	22	15
230.0	12600	1	0	14932	2	1387	1778	18
230.0	12608	3	2	14933	3	861	1649	19
230.0	12584	22	27	14934	14	226	175	18
230.0	14020	14	11	14935	16	1679	514	14
230.0	12164	39	40	14936	35	1707	771	16
230.0	10019	41	36	14937	44	43	1851	21
230.0	11588	50	38	14938	54	1394	283	18
230.0	8779	34	40	14939	27	1917	393	18
230.0	9558	21	23	14940	19	1810	1561	15
230.0	10369	8	7	14941	9	938	1670	14
230.0	12707	22	23	14942	20	1934	375	18
230.0	12369	24	26	14943	21	1862	399	15
230.0	9202	10	10	14944	10	1799	1627	17
230.0	12819	21	16	14945	25	1688	62	17
230.0	11624	16	15	14946	17	180	1117	15
230.0	11031	18	17	14947	16	123	829	17
230.0	12883	24	23	14948	22	1093	192	13
230.0	7966	45	43	14949	43	1442	1999	18
230.0	13627	23	14	14950	31	68	309	15
230.0	11566	23	25	14951	20	1509	305	18
230.0	11329	6	10	14952	2	1422	1743	13
230.0	11677	19	16	14953	22	0	1445	15
230.0	8491	7	7	14954	6	371	1999	16
230.0	11390	34	26	14955	39	1356	0	14
230.0	13411	25	28	14956	20	157	1592	15
230.0	9297	8	8	14957	7	958	1940	17
230.0	11198	41	39	14958	41	1768	1247	17
230.0	12721	17	18	14959	15	682	1854	16
230.0	9686	10	5	14960	13	1704	1599	17
230.0	11963	11	8	14961	14	389	789	19
230.0	11709	30	31	14962	26	618	458	15
230.0	9982	10	13	14963	5	1651	1490	19
230.0	12704	16	15	14964	16	228	674	16
230.0	12712	31	32	14965	28	1879	943	17
230.0	11576	20	21	14966	18	316	648	14
230.0	8693	34	31	14967	33	1914	1483	17
230.0	10107	19	21	14968	16	87	1676	18
230.0	12133	1	1	14969	1	1768	1441	16
230.0	10487	32	34	14970	28	1251	64	14
230.0	11352	35	29	14971	41	1989	461	16
230.0	10846	14	15	14972	13	1653	448	19
230.0	10536	24	20	14973	27	255	1631	16
230.0	10826	18	17	14974	19	550	1632	10
230.0	11303	19	15	14975	21	1840	1145	14
230.0	10596	13	8	14976	18	468	1391	16
230.0	10049	12	7	14977	17	669	374	17
230.0	11257	27	27	14978	26	1741	1769	17
230.0	11564	9	7	14979	11	529	1543	16
230.0	9718	28	27	14980	27	508	1898	17
230.0	13323	38	39	14981	37	631	1680	14
230.0	13158	29	35	14982	20	1401	1886	20
231.0	14031	32	27	14983	37	791	335	16
231.0	10960	11	11	14984	11	460	1270	12
231.0	11240	15	16	14985	13	1425	119	14
231.0	12509	8	5	14986	10	1693	1350	19
231.0	10542	12	12	14987	11	1969	667	21
231.0	13176	27	27	14988	25	294	1129	13
231.0	10142	15	19	14989	10	262	1265	15
231.0	8520	17	16	14990	16	1962	636	21
231.0	12645	12	11	14991	13	147	389	20
231.0	8092	21	20	14992	22	213	1594	18
231.0	12319	24	21	14993	26	1515	120	17
231.0	12618	22	16	14994	25	1863	1902	18
231.0	9496	16	17	14995	15	431	1483	17
231.0	12799	6	7	14996	5	1944	1723	18
231.0	11976	20	16	14997	23	1469	1632	21
231.0	7864	14	11	14998	17	1999	1626	16
231.0	8821	27	30	14999	24	1488	1876	17
231.0	13156	29	32	15000	23	1841	1547	15
231.0	8700	9	8	15001	9	471	1370	18
231.0	11709	31	31	15002	30	618	458	16
231.0	11309	8	10	15003	6	632	423	16
231.0	13029	34	25	15004	42	1985	196	12
231.0	11401	5	7	15005	3	443	1567	15
231.0	7022	26	25	15006	27	1541	1857	14
231.0	8784	16	17	15007	15	93	799	17
231.0	13047	20	24	15008	15	559	579	18
231.0	11281	12	13	15009	10	1579	1662	14
231.0	10169	23	30	15010	15	1825	1917	19
231.0	7281	23	20	15011	24	1856	1676	18
231.0	12553	20	22	15012	16	1824	1942	19
231.0	11078	19	16	15013	18	152	1978	17
231.0	12924	26	24	15014	26	1070	1862	17
231.0	11142	33	33	15015	30	630	1723	13
231.0	13678	25	21	15016	27	241	1644	16
231.0	10038	24	23	15017	25	1380	1974	16
231.0	11139	14	17	15018	10	556	1672	16
231.0	10635	20	22	15019	17	239	1941	15
231.0	11954	22	21	15020	22	1558	1852	17
231.0	13302	21	19	15021	22	1915	449	18
231.0	11677	16	20	15022	11	0	1445	16
231.0	11514	36	34	15023	35	944	179	15
231.0	12441	27	33	15024	19	1089	1841	14
231.0	12453	28	26	15025	29	1838	1531	15
231.0	11218	28	24	15026	29	1550	33	13
231.0	9519	11	12	15027	9	1998	46	18
231.0	12497	13	11	15028	15	1899	79	17
231.0	9193	35	36	15029	30	1763	577	17
231.0	11179	19	16	15030	21	370	1246	16
231.0	10318	24	27	15031	21	289	624	16
231.0	8136	31	26	15032	35	1812	1364	16
231.0	12588	3	5	15033	1	1388	510	17
231.0	14190	29	27	15034	30	1899	1768	15
231.0	10152	7	10	15035	4	1655	1375	12
231.0	7630	54	47	15036	53	1719	1321	19
231.0	12385	25	24	15037	25	1361	1704	17
231.0	8031	27	26	15038	27	1213	392	20
231.0	11758	20	23	15039	15	591	208	17
231.0	12448	20	21	15040	19	864	288	19
231.0	12331	23	21	15041	25	512	680	20
231.0	12292	43	41	15042	42	1779	1746	17
231.0	9962	18	18	15043	16	1731	1297	19
231.0	9786	14	15	15044	13	1786	1301	17
231.0	13377	16	19	15045	12	550	1909	16
231.0	13557	22	13	15046	29	1090	1783	14
231.0	8091	39	41	15047	37	69	1925	18
231.0	9009	37	28	15048	46	1999	594	17
231.0	11935	26	25	15049	26	420	684	20
231.0	9722	14	16	15050	11	358	1002	12
231.0	12273	16	13	15051	19	780	269	17
231.0	11440	49	44	15052	54	1527	1881	19
231.0	9893	23	19	15053	27	1889	766	20
231.0	12672	28	29	15054	25	527	1876	18
231.0	11150	35	28	15055	39	1511	1924	15
231.0	9744	31	32	15056	29	444	1909	15
231.0	11093	23	22	15057	23	1941	428	19
231.0	10307	19	13	15058	23	543	408	22
231.0	12235	45	46	15059	41	1907	236	14
231.0	11896	39	37	15060	41	1529	1622	20
231.0	11868	26	25	15061	26	611	276	16
231.0	11748	20	18	15062	21	771	1782	20
231.0	12137	23	23	15063	20	350	1791	14
231.0	14451	20	23	15064	15	228	719	19
231.0	11306	19	21	15065	17	1590	639	20
231.0	11135	8	5	15066	10	917	1749	15
231.0	11991	19	16	15067	20	1654	268	18
231.0	13453	21	23	15068	18	288	948	20
231.0	11516	30	32	15069	28	294	1986	15
231.0	10545	8	10	15070	6	728	1679	18
231.0	9593	29	25	15071	32	1282	315	19
231.0	11987	24	34	15072	13	1117	1817	19
231.0	10186	39	41	15073	37	1759	1292	17
231.0	11494	9	13	15074	5	1901	54	19
231.0	13689	14	11	15075	14	924	1856	19
231.0	10991	20	18	15076	20	259	1386	15
231.0	11302	24	27	15077	20	617	1683	13
231.0	12816	20	20	15078	19	1187	1757	15
231.0	11533	7	8	15079	6	666	1841	16
231.0	10634	10	9	15080	10	370	1326	19
231.0	12225	38	43	15081	30	1759	453	16
231.0	12724	7	8	15082	6	1407	239	16
231.0	12384	23	23	15083	22	1542	1915	16
231.0	10972	12	14	15084	10	162	1897	20
231.0	11174	10	11	15085	9	761	1692	15
231.0	13184	45	45	15086	41	1569	229	20
231.0	11543	43	43	15087	40	1999	1436	16
231.0	11703	32	32	15088	30	1767	629	16
231.0	10540	16	11	15089	20	479	1896	13
231.0	12210	27	29	15090	24	1783	1926	14
231.0	11502	25	23	15091	25	1861	1401	16
231.0	9518	28	22	15092	33	425	1743	13
231.0	8714	32	31	15093	32	1767	1090	17
231.0	10301	14	13	15094	13	1088	1822	16
231.0	14238	23	19	15095	26	1989	1825	16
231.0	10613	25	23	15096	27	1629	650	19
231.0	12181	19	17	15097	20	89	964	13
231.0	11565	8	10	15098	6	542	1697	16
231.0	12224	36	36	15099	35	62	420	15
231.0	11390	26	23	15100	26	1352	0	15
231.0	8676	16	17	15101	14	1478	1999	20
231.0	11317	29	29	15102	27	337	242	15
232.0	12619	10	9	15103	11	531	1587	16
232.0	13572	41	38	15104	42	191	944	17
232.0	6882	8	5	15105	11	776	410	20
232.0	10012	40	53	15106	23	168	584	17
232.0	12079	27	25	15107	29	357	498	16
232.0	10982	21	22	15108	19	1341	248	16
232.0	12659	15	15	15109	15	1026	340	16
232.0	12757	16	14	15110	17	952	1785	19
232.0	9009	28	31	15111	23	1999	594	18
232.0	6926	25	27	15112	23	68	1755	17
232.0	12328	4	6	15113	2	833	1847	20
232.0	11687	19	26	15114	11	513	471	20
232.0	11317	29	35	15115	23	337	242	16
232.0	11041	28	20	15116	34	1139	1945	18
232.0	11175	21	23	15117	19	89	1737	15
232.0	11634	27	25	15118	25	254	1828	16
232.0	7465	29	30	15119	28	33	1326	19
232.0	13279	36	29	15120	40	1853	546	18
232.0	10393	14	10	15121	17	1680	1552	18
232.0	8746	26	21	15122	30	1880	1820	16
232.0	8714	31	32	15123	28	1767	1090	18
232.0	9215	28	37	15124	18	768	341	14
232.0	10484	27	32	15125	21	237	480	15
232.0	11740	20	20	15126	19	721	433	20
232.0	13235	11	12	15127	8	160	389	20
232.0	10915	16	11	15128	20	302	588	19
232.0	11707	10	7	15129	13	1742	402	15
232.0	13326	41	32	15130	49	46	1086	16
232.0	9704	13	13	15131	11	843	1828	16
232.0	10503	13	14	15132	11	532	1436	18
232.0	9013	23	18	15133	26	908	293	21
232.0	12553	22	23	15134	21	1824	1942	20
232.0	11550	8	8	15135	7	448	669	21
232.0	13649	20	20	15136	20	491	1534	16
232.0	12767	21	20	15137	21	60	1166	16
232.0	13608	4	4	15138	3	1729	1529	20
232.0	10628	25	30	15139	19	1573	165	19
232.0	10171	20	23	15140	15	490	741	13
232.0	13420	45	42	15141	46	304	697	15
232.0	11513	24	26	15142	22	139	1204	15
232.0	12289	27	28	15143	26	44	835	14
232.0	12020	16	17	15144	15	1808	511	15
232.0	10214	36	41	15145	30	1904	899	19
232.0	10270	25	27	15146	20	332	918	15
232.0	11052	18	24	15147	12	282	1217	11
232.0	8463	13	16	15148	9	225	1537	17
232.0	11500	14	10	15149	16	203	724	19
232.0	11855	43	43	15150	42	1765	248	16
232.0	10162	10	13	15151	7	1122	383	14
232.0	11395	14	16	15152	12	166	1184	16
232.0	12398	29	27	15153	28	426	470	19
232.0	13407	31	31	15154	30	1498	318	18
232.0	10038	23	26	15155	19	1380	1974	17
232.0	12009	9	6	15156	12	779	1947	17
232.0	10053	8	5	15157	11	289	931	15
232.0	11976	16	15	15158	16	1469	1632	22
232.0	12114	52	41	15159	58	1400	1982	18
232.0	10042	29	26	15160	29	1660	352	16
232.0	11666	23	27	15161	18	38	1922	16
232.0	11665	35	38	15162	31	413	1400	16
232.0	12173	25	23	15163	25	469	1799	17
232.0	12434	13	15	15164	11	1019	1680	18
232.0	11978	10	7	15165	12	777	1712	17
232.0	11882	11	15	15166	7	933	324	15
232.0	10904	16	12	15167	17	1592	1742	15
232.0	8537	17	20	15168	14	83	1769	15
232.0	12724	8	6	15169	9	1407	239	17
232.0	12562	22	20	15170	24	547	1658	17
232.0	8835	35	32	15171	35	1930	1738	17
232.0	11878	10	12	15172	8	224	296	18
232.0	12733	14	13	15173	14	1893	1648	16
232.0	11974	7	7	15174	7	1538	206	20
232.0	12982	28	27	15175	29	1551	1811	17
232.0	14152	13	14	15176	12	1868	1802	18
232.0	9457	22	16	15177	28	1071	402	12
232.0	11338	18	19	15178	16	1851	1843	18
232.0	12746	29	25	15179	30	1253	106	17
232.0	11637	25	30	15180	19	1940	1853	13
232.0	12689	35	35	15181	35	1515	1979	17
232.0	11739	13	11	15182	14	1931	80	17
232.0	11131	25	26	15183	23	1007	1908	19
232.0	7318	26	30	15184	21	1476	0	20
232.0	12815	33	40	15185	26	1435	349	21
232.0	11030	13	14	15186	12	1431	488	18
232.0	9744	32	29	15187	34	444	1909	16
232.0	11224	28	23	15188	32	32	79	16
232.0	9143	7	6	15189	8	449	1527	18
232.0	10292	20	21	15190	18	749	297	18
232.0	13059	13	13	15191	12	1976	867	19
232.0	11149	40	46	15192	31	1668	690	12
232.0	13180	28	27	15193	28	1213	306	17
232.0	9659	26	29	15194	22	1594	249	19
232.0	10592	20	22	15195	18	590	1460	21
232.0	12534	26	26	15196	25	312	714	16
232.0	12529	22	24	15197	19	331	569	21
232.0	12608	2	0	15198	3	861	1649	20
232.0	12459	19	18	15199	19	1862	675	17
232.0	12008	6	5	15200	7	839	1660	17
232.0	10467	27	26	15201	27	1726	738	18
232.0	9658	20	20	15202	20	75	1901	14
232.0	11127	45	37	15203	51	1740	612	17
232.0	12276	33	31	15204	32	232	784	17
232.0	11419	18	23	15205	13	1877	369	19
232.0	12492	7	9	15206	5	1379	1570	20
232.0	12618	16	16	15207	16	1863	1902	19
232.0	9427	24	24	15208	22	244	1263	18
232.0	9556	25	28	15209	22	1825	1677	16
232.0	12841	10	8	15210	12	1428	422	19
232.0	10307	13	12	15211	13	543	408	23
232.0	10965	18	15	15212	20	1636	150	17
232.0	11600	19	18	15213	18	103	1879	14
232.0	10008	50	50	15214	46	1208	210	15
232.0	9506	17	18	15215	15	205	1773	15
232.0	10990	19	16	15216	22	551	1835	16
232.0	13805	14	11	15217	16	945	1883	20
232.0	11977	14	10	15218	18	1827	457	21
232.0	11327	11	7	15219	14	579	492	17
232.0	13121	32	32	15220	31	264	648	15
232.0	12700	7	6	15221	7	877	1944	16
232.0	7228	46	46	15222	41	253	1999	15
232.0	11323	32	27	15223	34	939	144	12
232.0	12424	11	8	15224	14	1910	1560	19
232.0	9273	42	31	15225	50	1702	1916	19
232.0	11123	11	13	15226	9	1486	1678	15
232.0	10505	36	39	15227	33	1349	1955	16
232.0	7022	25	24	15228	26	1541	1857	15
232.0	13647	13	13	15229	13	1845	1433	18
232.0	12448	21	20	15230	21	864	288	20
232.0	10558	35	43	15231	27	49	787	14
232.0	13047	24	29	15232	17	559	579	19
232.0	12383	16	16	15233	15	1502	156	19
232.0	10542	12	12	15234	11	1984	667	22
232.0	9630	13	12	15235	14	1762	1603	15
232.0	13342	25	23	15236	25	1014	359	16
232.0	13093	23	24	15237	20	261	1190	12
232.0	13466	28	25	15238	28	357	375	13
232.0	13086	9	8	15239	9	565	1718	16
232.0	11845	20	14	15240	25	640	344	16
232.0	12072	29	31	15241	27	27	683	11
232.0	12301	28	26	15242	28	1548	407	17
232.0	12469	38	27	15243	49	1881	388	17
233.0	8754	38	39	15244	35	276	199	17
233.0	12980	36	40	15245	29	1722	332	19
233.0	12583	5	0	15246	10	1358	1833	17
233.0	12538	44	46	15247	40	1660	589	14
233.0	10985	26	32	15248	19	424	1973	12
233.0	12435	21	15	15249	27	15	739	15
233.0	11852	31	30	15250	28	1873	449	17
233.0	11002	25	26	15251	24	374	59	17
233.0	11145	13	16	15252	9	456	620	21
233.0	10169	30	25	15253	33	1825	1917	20
233.0	11406	42	42	15254	42	1983	1218	21
233.0	14188	15	15	15255	14	61	1876	16
233.0	11988	34	26	15256	39	1269	137	14
233.0	10530	23	23	15257	22	671	1717	14
233.0	12692	8	6	15258	10	938	1689	14
233.0	11484	43	39	15259	45	1868	196	16
233.0	11662	37	33	15260	41	1892	1738	16
233.0	8937	22	25	15261	19	1601	546	18
233.0	9015	14	12	15262	15	338	991	16
233.0	12775	50	54	15263	42	1379	333	13
233.0	8584	28	27	15264	28	0	196	16
233.0	10649	9	10	15265	8	1612	1637	17
233.0	11738	26	31	15266	19	1984	680	16
233.0	13716	14	16	15267	12	566	1661	16
233.0	13018	12	10	15268	14	569	1779	16
233.0	14067	22	20	15269	21	303	1727	15
233.0	9659	29	31	15270	23	1594	249	20
233.0	10990	16	21	15271	11	551	1835	17
233.0	12920	23	24	15272	22	1235	12	17
233.0	10367	20	13	15273	23	60	1430	18
233.0	10720	22	17	15274	26	1733	951	14
233.0	12387	0	0	15275	0	1671	1469	21
233.0	12711	32	27	15276	35	1455	380	18
233.0	12591	30	32	15277	28	1970	335	17
233.0	9310	27	26	15278	26	1152	460	11
233.0	12139	34	31	15279	34	18	1904	15
233.0	12074	18	17	15280	18	271	707	16
233.0	12765	5	4	15281	6	839	1967	18
233.0	13795	14	13	15282	15	259	747	21
233.0	10564	39	37	15283	41	1622	69	20
233.0	11362	29	31	15284	27	1342	1883	17
233.0	11552	14	14	15285	14	1406	154	16
233.0	11331	19	24	15286	12	1912	597	20
233.0	11234	17	18	15287	16	689	1718	17
233.0	13075	37	25	15288	47	1729	535	18
233.0	7552	10	12	15289	8	322	1259	16
233.0	10058	18	23	15290	13	150	1053	15
233.0	14681	24	21	15291	26	1802	432	21
233.0	10314	29	32	15292	25	1522	405	23
233.0	12592	22	24	15293	20	1830	654	20
233.0	11212	11	10	15294	12	154	1852	14
233.0	9040	26	29	15295	22	336	61	16
233.0	12717	19	21	15296	16	376	1896	14
233.0	10383	18	14	15297	22	1944	355	20
233.0	13746	13	11	15298	14	1350	175	14
233.0	13342	23	24	15299	20	1014	359	17
233.0	11617	25	28	15300	20	14	1272	16
233.0	12851	26	29	15301	23	70	268	15
233.0	9284	19	17	15302	20	935	1731	15
233.0	11702	7	6	15303	8	193	876	18
233.0	13086	8	5	15304	11	565	1718	17
233.0	11600	18	15	15305	20	103	1879	15
233.0	8714	32	24	15306	37	1767	1090	19
233.0	12052	18	20	15307	16	1310	1810	16
233.0	10594	16	14	15308	17	746	1790	13
233.0	10709	23	25	15309	21	350	1256	14
233.0	10751	4	4	15310	4	1321	1714	14
233.0	9698	18	15	15311	20	433	1946	13
233.0	9273	31	25	15312	37	1702	1916	20
233.0	11235	18	20	15313	16	1832	479	18
233.0	10104	23	20	15314	24	281	886	15
233.0	13046	29	36	15315	21	39	220	17
233.0	9215	37	38	15316	35	768	341	15
233.0	13212	22	20	15317	22	312	852	14
233.0	12054	25	28	15318	22	634	240	18
233.0	11095	8	5	15319	11	1923	1617	17
233.0	10625	21	24	15320	15	378	750	17
233.0	7651	26	18	15321	32	345	1999	16
233.0	12993	18	14	15322	22	111	1651	18
233.0	12090	18	15	15323	20	1916	1426	17
233.0	12144	12	7	15324	14	1638	1479	19
233.0	10083	10	10	15325	10	724	1891	19
233.0	12839	23	27	15326	18	1259	327	12
233.0	12341	19	19	15327	16	1596	1999	15
233.0	8537	20	24	15328	15	83	1752	16
233.0	11746	22	19	15329	24	1921	197	22
233.0	14754	39	37	15330	39	1022	402	15
233.0	12799	7	8	15331	6	1944	1723	19
233.0	10959	33	33	15332	30	1591	1952	19
233.0	10901	28	35	15333	21	30	939	18
233.0	12190	18	13	15334	22	370	1306	16
233.0	9214	22	19	15335	23	232	991	16
233.0	7469	19	14	15336	22	1136	1789	15
233.0	12729	47	42	15337	47	317	892	14
233.0	11433	13	12	15338	13	342	721	17
233.0	12068	4	3	15339	5	1269	462	19
233.0	12825	2	2	15340	2	1471	239	16
233.0	11868	25	28	15341	22	501	199	17
233.0	10928	39	32	15342	43	396	153	13
233.0	13235	12	10	15343	13	160	389	21
233.0	12398	27	37	15344	17	426	470	20
233.0	12469	27	24	15345	30	1881	388	18
233.0	12335	18	21	15346	15	609	1873	14
233.0	10619	33	35	15347	31	1908	433	15
233.0	9904	55	54	15348	46	330	657	15
233.0	10702	19	24	15349	14	523	360	20
233.0	12779	26	23	15350	27	590	1689	13
233.0	11233	20	26	15351	13	1905	1547	17
233.0	12344	29	25	15352	32	1197	231	10
233.0	13907	24	25	15353	22	472	498	20
233.0	9670	24	22	15354	25	469	569	19
233.0	8936	3	3	15355	3	388	1309	17
233.0	9460	21	23	15356	19	1778	1174	20
233.0	10747	15	16	15357	14	1537	1743	16
233.0	13316	12	11	15358	11	1876	207	18
233.0	9995	17	18	15359	14	488	1798	19
233.0	9061	34	35	15360	33	1941	1795	20
233.0	14152	14	14	15361	14	1868	1802	19
233.0	11659	20	22	15362	18	406	1822	16
233.0	14106	26	27	15363	25	1135	228	18
233.0	14715	16	13	15364	18	1562	327	16
233.0	11802	24	20	15365	25	127	1625	14
233.0	9966	4	5	15366	3	1623	463	19
233.0	11092	12	18	15367	6	121	443	16
234.0	10364	10	8	15368	12	964	1820	18
234.0	12147	21	18	15369	24	1674	101	18
234.0	12651	18	13	15370	23	1827	1645	17
234.0	10706	17	18	15371	16	1679	30	18
234.0	12236	18	12	15372	20	280	1246	14
234.0	11616	17	13	15373	19	1067	45	16
234.0	12915	30	27	15374	30	70	1580	12
234.0	10603	19	16	15375	21	377	770	17
234.0	13804	22	19	15376	24	179	1964	19
234.0	12519	16	18	15377	12	639	1935	17
234.0	10686	22	24	15378	20	1774	58	18
234.0	10650	33	32	15379	33	227	1688	13
234.0	13235	10	8	15380	11	160	389	22
234.0	11825	17	17	15381	16	152	1919	21
234.0	9535	14	13	15382	14	484	1631	13
234.0	12576	23	16	15383	30	1105	1908	16
234.0	10327	27	31	15384	21	1599	32	17
234.0	13227	26	21	15385	31	1822	507	19
234.0	11083	4	6	15386	2	671	1869	18
234.0	13811	19	19	15387	18	276	611	16
234.0	12755	19	22	15388	15	347	662	18
234.0	10972	14	14	15389	14	162	1897	21
234.0	12627	12	13	15390	10	1608	1828	17
234.0	12155	22	19	15391	25	278	1805	15
234.0	13874	27	25	15392	27	1719	1715	17
234.0	8648	38	40	15393	35	1761	1827	19
234.0	11684	38	40	15394	34	1849	1784	17
234.0	9705	12	15	15395	8	1811	620	21
234.0	11115	19	17	15396	18	143	656	14
234.0	10110	18	19	15397	16	1885	93	18
234.0	8144	32	33	15398	30	197	921	16
234.0	13477	13	16	15399	10	1450	1974	20
234.0	9293	30	33	15400	27	1889	934	18
234.0	13262	25	22	15401	26	151	1159	16
234.0	12652	21	19	15402	23	114	1187	15
234.0	12152	21	21	15403	21	457	1867	13
234.0	12937	23	22	15404	24	1217	186	12
234.0	11592	26	28	15405	21	1889	28	21
234.0	12665	18	15	15406	21	1613	1910	13
234.0	14084	22	18	15407	24	458	454	21
234.0	11895	13	13	15408	11	1781	887	19
234.0	8188	0	0	15409	0	1237	1859	15
234.0	7101	7	4	15410	10	53	1654	20
234.0	14228	4	4	15411	4	1418	1712	15
234.0	11968	24	26	15412	19	390	498	16
234.0	9772	10	11	15413	8	1118	430	12
234.0	9484	39	41	15414	37	812	311	16
234.0	12842	33	37	15415	25	1599	650	20
234.0	7428	13	11	15416	14	971	1971	16
234.0	8714	24	21	15417	27	1767	1090	20
234.0	12920	24	17	15418	30	1235	12	18
234.0	10400	13	10	15419	16	605	1749	16
234.0	9744	29	32	15420	26	444	1909	17
234.0	8990	15	15	15421	14	514	530	22
234.0	14108	18	16	15422	19	1494	1739	21
234.0	9989	24	23	15423	24	1186	84	16
234.0	9983	13	14	15424	11	39	1166	17
234.0	13202	26	26	15425	25	1558	1662	17
234.0	10100	13	15	15426	11	1633	710	14
234.0	8746	21	21	15427	18	1891	1831	17
234.0	12881	18	16	15428	19	64	394	18
234.0	12460	10	2	15429	18	1153	1931	13
234.0	10361	17	18	15430	16	531	487	21
234.0	13044	13	13	15431	13	309	997	18
234.0	13242	22	25	15432	18	380	1168	12
234.0	13594	32	29	15433	34	1629	1912	13
234.0	11585	26	19	15434	30	1907	101	19
234.0	13075	25	20	15435	29	1729	535	19
234.0	11988	26	28	15436	24	1269	137	15
234.0	12924	24	19	15437	29	1070	1862	18
234.0	12636	15	13	15438	17	377	1360	17
234.0	12964	20	20	15439	18	1986	342	18
234.0	10064	23	27	15440	19	240	1302	17
234.0	11766	23	18	15441	27	748	1878	19
234.0	13117	8	3	15442	13	1009	1751	20
234.0	12529	24	23	15443	25	331	569	22
234.0	13637	0	0	15444	0	1210	1867	15
234.0	11435	16	16	15445	14	361	750	18
234.0	12219	28	36	15446	17	1837	1694	15
234.0	12371	16	19	15447	13	630	1623	16
234.0	11886	24	22	15448	24	23	1053	17
234.0	11754	11	8	15449	13	1059	1766	19
234.0	12934	22	23	15450	21	1097	1926	17
234.0	14060	28	26	15451	27	324	820	15
234.0	11314	21	22	15452	20	1559	1593	20
234.0	9468	13	13	15453	13	192	1035	11
234.0	11792	19	14	15454	23	172	1797	14
234.0	12527	37	36	15455	35	1720	1889	19
234.0	10161	8	6	15456	10	862	1805	19
234.0	9773	20	21	15457	19	1818	1346	21
234.0	12399	33	31	15458	34	59	123	16
234.0	11263	38	39	15459	35	1219	1958	17
234.0	10253	5	4	15460	6	246	800	19
234.0	10382	25	27	15461	21	1970	1841	19
234.0	14114	1	2	15462	0	1622	1629	20
234.0	13608	4	3	15463	5	1729	1529	21
234.0	12538	46	45	15464	43	1660	589	15
234.0	11690	9	9	15465	9	993	1834	21
234.0	11233	26	25	15466	23	1905	1547	18
234.0	10748	7	7	15467	6	338	1210	17
234.0	11855	43	44	15468	40	1765	248	17
234.0	10742	29	29	15469	27	1768	1168	18
234.0	12356	21	22	15470	17	164	563	17
234.0	13431	16	18	15471	14	1952	251	20
234.0	11320	17	11	15472	22	1779	1603	12
234.0	12344	25	21	15473	28	1197	231	11
234.0	12887	27	34	15474	20	1895	1220	14
234.0	13289	8	5	15475	11	1307	1758	15
234.0	10681	27	26	15476	25	140	850	17
234.0	12853	41	33	15477	48	1888	1579	18
234.0	9373	26	27	15478	24	801	1860	20
234.0	11304	12	15	15479	9	1954	1413	15
234.0	11916	19	21	15480	16	439	1843	20
234.0	13907	25	18	15481	32	472	498	21
234.0	10117	38	40	15482	36	1879	336	18
234.0	7143	5	6	15483	3	1444	1760	19
234.0	12566	8	9	15484	5	986	1931	18
234.0	11791	33	32	15485	32	1416	1818	17
234.0	7587	16	18	15486	13	1866	599	18
234.0	12078	38	36	15487	39	1477	56	19
234.0	8779	40	38	15488	40	1921	362	19
234.0	13129	31	25	15489	35	1283	1988	15
234.0	12957	19	17	15490	21	1922	40	21
234.0	11853	20	24	15491	16	1172	1954	15
234.0	11958	23	32	15492	14	234	659	14
234.0	7966	43	48	15493	38	1442	1999	19
234.0	12705	28	27	15494	28	1932	123	12
234.0	11586	27	24	15495	29	1610	1966	16
234.0	11935	25	25	15496	23	420	684	21
234.0	12489	20	21	15497	18	1700	468	17
234.0	13988	14	11	15498	17	1718	1974	19
234.0	12359	8	9	15499	7	140	1846	17
234.0	10367	13	8	15500	18	60	1430	19
234.0	12212	27	26	15501	26	789	309	15
234.0	11761	23	18	15502	28	1539	150	18
234.0	14246	21	20	15503	22	1207	63	13
234.0	12054	28	22	15504	32	634	240	19
234.0	10554	31	24	15505	36	1979	245	16
234.0	7631	14	19	15506	9	694	1989	17
234.0	12136	6	6	15507	5	1341	1756	14
234.0	11949	18	22	15508	12	222	1239	15
234.0	11201	15	12	15509	16	1718	424	17
234.0	9148	36	32	15510	39	1656	64	20
234.0	9154	24	20	15511	27	1754	332	20
234.0	9284	17	20	15512	13	935	1731	16
235.0	9367	17	21	15513	12	1677	1726	18
235.0	13229	23	21	15514	22	1142	43	12
235.0	10994	29	20	15515	37	100	1098	15
235.0	12210	29	25	15516	32	1783	1926	15
235.0	13179	26	27	15517	25	400	548	19
235.0	8209	33	33	15518	33	1959	1249	21
235.0	10679	29	30	15519	28	92	710	15
235.0	10670	36	31	15520	41	1802	1492	14
235.0	13612	23	22	15521	21	970	242	19
235.0	11008	23	21	15522	25	1870	1456	15
235.0	10797	26	22	15523	29	482	1598	18
235.0	9856	16	10	15524	21	589	610	17
235.0	12778	30	35	15525	22	1376	221	21
235.0	9535	13	14	15526	12	484	1631	14
235.0	10485	4	2	15527	6	419	608	20
235.0	11991	16	13	15528	17	1654	268	19
235.0	10770	16	18	15529	13	1874	1271	16
235.0	11624	15	10	15530	19	180	1117	16
235.0	12449	19	24	15531	14	497	1818	14
235.0	13298	19	18	15532	17	1833	708	21
235.0	10746	32	36	15533	26	1948	1665	17
235.0	6982	27	25	15534	28	1224	1931	20
235.0	8875	12	9	15535	14	1923	1182	14
235.0	12457	39	31	15536	43	1799	1772	14
235.0	12472	14	13	15537	13	1799	1830	14
235.0	12489	21	18	15538	22	1700	468	18
235.0	8520	16	16	15539	16	1962	636	22
235.0	13868	19	18	15540	20	816	1752	14
235.0	12792	18	21	15541	14	1965	599	14
235.0	12156	12	10	15542	13	150	809	18
235.0	8870	9	11	15543	7	509	630	15
235.0	13511	5	5	15544	5	413	1260	18
235.0	12324	25	24	15545	26	810	394	16
235.0	12027	29	26	15546	30	49	345	15
235.0	10555	13	10	15547	15	1798	1457	15
235.0	13367	21	22	15548	19	214	1292	17
235.0	12334	30	29	15549	31	649	498	14
235.0	12150	18	19	15550	15	1941	569	19
235.0	11890	38	39	15551	33	1708	1883	17
235.0	14134	23	25	15552	19	236	692	18
235.0	13846	24	32	15553	15	375	506	18
235.0	13545	47	51	15554	41	598	1781	13
235.0	9717	32	31	15555	33	743	307	17
235.0	12581	12	11	15556	13	371	1666	16
235.0	10383	14	14	15557	14	1944	355	21
235.0	12848	37	47	15558	25	1263	170	15
235.0	9299	9	10	15559	8	219	729	19
235.0	10017	19	20	15560	17	322	997	19
235.0	11221	29	27	15561	27	1682	409	18
235.0	7598	21	22	15562	20	287	693	20
235.0	11889	15	15	15563	13	1105	1967	14
235.0	13626	12	13	15564	11	1571	1649	19
235.0	13447	29	26	15565	30	1633	520	14
235.0	12166	22	23	15566	20	1817	134	23
235.0	11115	17	22	15567	11	120	656	15
235.0	13224	18	15	15568	21	1539	1659	14
235.0	11834	22	20	15569	22	410	1090	11
235.0	10650	32	30	15570	34	207	1688	14
235.0	11617	28	28	15571	27	14	1272	17
235.0	13044	13	11	15572	14	309	997	19
235.0	13176	27	25	15573	27	294	1129	14
235.0	10982	22	22	15574	20	1325	264	17
235.0	9854	19	17	15575	20	668	1807	12
235.0	13090	19	15	15576	23	33	1292	18
235.0	11202	23	30	15577	14	176	1150	11
235.0	13934	27	27	15578	27	439	1859	18
235.0	10744	15	16	15579	13	1773	1390	18
235.0	8726	2	2	15580	2	1263	400	19
235.0	9140	16	18	15581	14	396	1120	14
235.0	9875	30	28	15582	28	460	1070	15
235.0	10965	15	13	15583	16	1636	150	18
235.0	12719	24	26	15584	22	882	46	17
235.0	11394	24	25	15585	23	1680	570	18
235.0	10000	21	25	15586	16	1438	1702	16
235.0	8907	28	21	15587	33	0	739	15
235.0	10286	17	20	15588	11	50	1907	16
235.0	10133	17	15	15589	18	261	1089	16
235.0	14176	19	19	15590	16	1030	1659	17
235.0	11597	37	36	15591	37	786	85	19
235.0	11086	13	13	15592	12	208	813	12
235.0	11352	29	30	15593	24	1989	461	17
235.0	13330	42	40	15594	42	628	1789	12
235.0	9418	11	10	15595	12	590	1816	20
235.0	11925	18	17	15596	18	1739	897	16
235.0	11555	14	12	15597	15	1429	1760	16
235.0	11233	25	26	15598	22	1905	1547	19
235.0	10951	52	54	15599	46	1886	293	21
235.0	10944	18	18	15600	17	383	114	18
235.0	12802	9	8	15601	10	314	1681	16
235.0	12041	37	30	15602	40	0	829	13
235.0	10870	17	19	15603	14	1911	725	21
235.0	11190	21	20	15604	19	94	1795	13
235.0	12157	17	17	15605	16	532	1909	16
235.0	12705	27	32	15606	20	1932	123	13
235.0	11487	11	9	15607	13	677	1630	17
235.0	10278	2	2	15608	2	877	1914	17
235.0	12476	45	46	15609	42	265	1970	14
235.0	12206	4	1	15610	7	1682	1429	18
235.0	13804	19	17	15611	20	179	1964	20
235.0	10027	50	52	15612	46	170	785	14
235.0	9794	19	19	15613	16	510	1468	18
235.0	12430	19	21	15614	16	336	1860	15
235.0	11215	7	6	15615	8	1938	1496	18
235.0	13619	21	23	15616	17	680	428	18
235.0	8793	12	13	15617	11	71	516	21
235.0	9822	23	29	15618	16	1797	562	18
235.0	12538	45	53	15619	34	1660	589	16
235.0	13981	34	36	15620	29	1968	1750	19
235.0	11048	19	18	15621	20	738	1930	16
235.0	13168	28	31	15622	24	1954	436	16
235.0	10219	8	8	15623	6	277	1314	15
235.0	10526	2	2	15624	2	340	1290	15
235.0	10103	32	34	15625	30	1988	1482	17
235.0	13262	22	22	15626	19	151	1159	17
235.0	12200	33	31	15627	34	0	1713	16
235.0	9270	25	30	15628	20	937	1958	20
235.0	11344	15	14	15629	15	945	1989	20
235.0	12428	4	2	15630	6	503	1559	17
235.0	10953	29	30	15631	26	404	1723	13
235.0	10875	22	18	15632	23	1202	158	12
236.0	12399	31	26	15633	36	59	123	17
236.0	10561	25	27	15634	21	1299	1707	13
236.0	14827	21	18	15635	24	513	1822	11
236.0	11424	1	2	15636	0	1199	1810	18
236.0	10782	35	36	15637	34	456	50	18
236.0	13939	20	22	15638	18	1829	544	16
236.0	12355	13	10	15639	16	108	1705	15
236.0	13400	0	0	15640	0	1130	1670	20
236.0	13997	18	14	15641	22	180	1915	20
236.0	10544	16	13	15642	16	1881	1028	17
236.0	13867	27	30	15643	21	1630	112	19
236.0	12359	9	11	15644	7	140	1846	18
236.0	11631	26	28	15645	22	1487	220	20
236.0	13049	11	12	15646	7	499	1873	13
236.0	11931	32	34	15647	28	1355	1923	12
236.0	11589	36	37	15648	33	1046	0	19
236.0	12778	35	32	15649	36	1376	221	22
236.0	11633	33	29	15650	36	621	1974	14
236.0	13602	26	26	15651	25	121	837	17
236.0	10690	15	16	15652	14	164	463	14
236.0	8803	16	14	15653	17	182	1760	17
236.0	11822	31	28	15654	32	1663	1915	17
236.0	13298	18	16	15655	18	1822	697	22
236.0	12995	9	11	15656	7	210	1161	12
236.0	10064	27	26	15657	25	240	1302	18
236.0	12882	29	28	15658	29	1809	1988	19
236.0	12095	22	25	15659	18	35	967	15
236.0	11981	7	9	15660	4	439	608	20
236.0	9704	13	12	15661	14	843	1828	17
236.0	11214	19	18	15662	19	439	587	20
236.0	12382	10	7	15663	11	331	1022	15
236.0	11842	18	20	15664	15	279	1923	15
236.0	13638	27	17	15665	37	731	1844	19
236.0	11559	10	5	15666	14	370	1703	14
236.0	14291	18	19	15667	16	690	1893	16
236.0	10393	10	11	15668	9	1680	1552	19
236.0	10219	8	7	15669	9	277	1314	16
236.0	10781	9	7	15670	11	231	378	21
236.0	7681	22	27	15671	15	1781	353	15
236.0	14522	41	36	15672	44	1986	305	22
236.0	11462	20	21	15673	18	1914	1957	17
236.0	13795	13	12	15674	13	241	747	22
236.0	11329	10	9	15675	11	1422	1743	14
236.0	13800	5	7	15676	3	750	1720	18
236.0	11251	33	36	15677	25	82	1197	20
236.0	14889	28	31	15678	25	148	964	19
236.0	13015	28	33	15679	19	1883	1943	14
236.0	10989	28	27	15680	26	841	270	16
236.0	13720	28	32	15681	23	1880	1725	16
236.0	11725	21	19	15682	22	1790	1706	14
236.0	12420	21	18	15683	24	225	1973	17
236.0	11349	21	26	15684	16	283	1957	15
236.0	11241	26	23	15685	27	1733	1802	18
236.0	13749	12	17	15686	6	434	551	19
236.0	10806	25	18	15687	31	1917	679	15
236.0	12127	15	16	15688	14	1759	363	14
236.0	9907	22	20	15689	23	254	347	19
236.0	11158	28	25	15690	29	0	961	16
236.0	14025	18	20	15691	15	1442	119	13
236.0	10797	22	24	15692	19	482	1598	19
236.0	13973	24	25	15693	19	1979	1311	18
236.0	14168	21	22	15694	20	1386	1910	17
236.0	8869	27	25	15695	27	1800	315	18
236.0	14783	32	28	15696	34	48	920	18
236.0	11017	25	15	15697	31	1885	780	18
236.0	11739	11	10	15698	12	1931	80	18
236.0	13618	26	28	15699	22	1787	64	18
236.0	12733	13	11	15700	13	1893	1648	17
236.0	12274	4	7	15701	1	1602	463	19
236.0	9963	27	23	15702	30	1909	940	18
236.0	11421	9	6	15703	10	1590	1843	19
236.0	12704	15	16	15704	13	228	674	17
236.0	12798	17	20	15705	13	0	929	16
236.0	10707	10	12	15706	8	310	1159	14
236.0	12357	19	15	15707	21	336	409	16
236.0	7318	30	32	15708	26	1476	0	21
236.0	13637	0	0	15709	0	1210	1867	16
236.0	10065	20	21	15710	19	464	1760	15
236.0	13176	25	18	15711	30	294	1129	15
236.0	12636	13	16	15712	9	377	1360	18
236.0	13692	9	7	15713	10	587	407	16
236.0	13483	12	13	15714	11	1693	1979	16
236.0	10567	21	24	15715	17	1941	1104	14
236.0	12813	9	12	15716	5	1726	371	21
236.0	11480	23	23	15717	21	1291	1904	16
236.0	11475	35	34	15718	33	1154	0	20
236.0	12928	21	23	15719	19	278	1900	14
236.0	9546	26	29	15720	23	107	756	14
236.0	13382	20	13	15721	24	1547	1753	16
236.0	11221	27	32	15722	22	1682	409	19
236.0	10309	2	1	15723	3	1894	1629	21
236.0	12384	23	21	15724	25	1542	1915	17
236.0	12949	9	8	15725	10	176	753	19
236.0	13615	21	18	15726	23	1967	379	19
236.0	11108	23	27	15727	19	387	1210	13
236.0	12218	11	13	15728	8	492	371	18
236.0	12925	11	10	15729	11	1971	1566	16
236.0	11594	36	37	15730	34	1958	150	18
236.0	11315	29	28	15731	26	687	274	18
236.0	12599	25	23	15732	26	432	411	21
236.0	13697	19	24	15733	14	555	91	18
236.0	12642	36	35	15734	34	81	20	15
236.0	12883	23	24	15735	22	931	88	14
236.0	12578	23	22	15736	24	1392	392	17
236.0	11873	13	10	15737	13	1950	718	18
236.0	8754	39	35	15738	40	276	199	18
236.0	8144	33	25	15739	40	197	921	17
236.0	12940	34	37	15740	29	386	1702	16
236.0	10012	53	51	15741	49	168	584	18
236.0	12266	22	23	15742	20	1583	440	17
236.0	13484	9	9	15743	7	428	1334	19
236.0	11536	6	5	15744	7	1668	1964	17
236.0	11441	14	16	15745	11	77	443	18
236.0	12438	30	24	15746	34	1242	235	13
236.0	9008	16	16	15747	15	319	1776	17
236.0	12173	23	23	15748	21	449	1799	18
236.0	9032	16	20	15749	12	1740	1311	21
236.0	12752	24	24	15750	24	352	950	15
236.0	14543	35	28	15751	41	1649	536	16
236.0	6962	15	14	15752	14	279	816	19
237.0	13092	20	16	15753	23	1776	1819	15
237.0	13559	27	34	15754	19	238	869	18
237.0	8997	10	12	15755	7	1893	1307	16
237.0	8491	7	5	15756	8	371	1999	17
237.0	7325	27	25	15757	26	313	832	15
237.0	12147	18	18	15758	18	1674	101	19
237.0	12487	23	20	15759	24	1530	237	22
237.0	11865	45	44	15760	44	134	791	14
237.0	13377	19	18	15761	20	565	1909	17
237.0	13672	6	7	15762	5	439	1631	17
237.0	15290	13	17	15763	7	159	1062	16
237.0	7434	39	37	15764	40	60	1120	16
237.0	12024	1	1	15765	1	1417	1836	19
237.0	14364	27	25	15766	26	17	1077	16
237.0	11300	8	8	15767	8	1638	1835	16
237.0	11414	13	11	15768	14	605	1960	13
237.0	10072	16	16	15769	16	1575	44	19
237.0	11842	20	23	15770	17	279	1923	16
237.0	14158	18	21	15771	15	798	287	18
237.0	14022	12	13	15772	11	993	1758	21
237.0	13407	31	33	15773	27	1498	318	19
237.0	12695	31	30	15774	32	1400	1856	19
237.0	13847	23	24	15775	22	1965	1318	20
237.0	12313	29	28	15776	28	74	1966	20
237.0	13793	22	26	15777	18	41	651	17
237.0	10357	10	6	15778	14	50	1344	19
237.0	10696	18	13	15779	20	1898	1234	23
237.0	9324	21	22	15780	20	1181	1855	13
237.0	12623	22	22	15781	22	149	1302	15
237.0	12925	10	8	15782	12	1971	1566	17
237.0	10169	25	20	15783	30	1825	1911	21
237.0	13810	30	29	15784	31	324	510	17
237.0	11661	21	21	15785	21	1822	1746	15
237.0	9457	16	20	15786	12	1071	402	13
237.0	11497	18	14	15787	22	1440	178	16
237.0	13578	21	22	15788	18	110	1067	13
237.0	9899	37	37	15789	35	247	1752	17
237.0	12305	21	16	15790	25	1368	39	18
237.0	9851	13	12	15791	13	1132	1869	19
237.0	13132	22	21	15792	21	1217	1680	14
237.0	10705	16	14	15793	17	1709	1844	20
237.0	14632	33	36	15794	28	819	1902	13
237.0	11038	30	30	15795	28	1762	73	20
237.0	9020	3	1	15796	5	918	1972	16
237.0	14447	33	32	15797	34	146	1234	15
237.0	12328	6	4	15798	8	833	1847	21
237.0	13176	18	16	15799	20	294	1129	16
237.0	11366	17	14	15800	19	1743	22	17
237.0	11845	14	15	15801	12	640	344	17
237.0	13369	14	16	15802	9	377	458	19
237.0	9720	38	34	15803	39	1547	1888	19
237.0	8754	35	39	15804	31	276	199	19
237.0	13108	9	10	15805	8	273	1340	14
237.0	11518	11	10	15806	11	979	1709	18
237.0	13396	26	26	15807	25	899	50	14
237.0	13994	16	15	15808	14	170	1674	15
237.0	14188	15	7	15809	22	61	1876	17
237.0	11333	40	32	15810	45	287	41	16
237.0	11007	5	4	15811	6	1845	672	16
237.0	12973	27	28	15812	26	1857	525	18
237.0	11357	31	36	15813	25	1740	1139	20
237.0	12517	32	30	15814	31	607	0	18
237.0	11655	21	22	15815	19	1612	129	19
237.0	14124	9	8	15816	10	481	1501	18
237.0	13674	7	6	15817	8	847	1794	20
237.0	13613	28	28	15818	24	54	1805	15
237.0	11493	16	16	15819	14	1518	499	16
237.0	11514	34	30	15820	37	944	179	16
237.0	11631	28	27	15821	28	1487	220	21
237.0	10777	17	15	15822	18	1770	1288	18
237.0	12674	12	13	15823	11	1743	1925	17
237.0	12393	27	20	15824	31	1744	638	17
237.0	10487	34	40	15825	27	1251	64	15
237.0	10797	24	22	15826	26	482	1598	20
237.0	11559	5	5	15827	5	356	1717	15
237.0	13749	17	16	15828	16	434	551	20
237.0	12047	29	30	15829	28	462	1654	10
237.0	7608	19	21	15830	17	497	1848	11
237.0	10158	2	1	15831	3	1670	862	17
237.0	10855	9	6	15832	12	374	1570	17
237.0	10085	23	22	15833	23	1089	1728	15
237.0	12400	18	18	15834	18	1728	1761	18
237.0	11950	22	28	15835	16	1907	518	17
237.0	12537	36	36	15836	35	183	962	15
237.0	11411	8	10	15837	6	1490	1963	21
237.0	12125	18	21	15838	13	38	1625	15
237.0	11553	35	31	15839	36	1361	283	12
237.0	12524	39	35	15840	42	1427	307	18
237.0	10012	51	48	15841	52	168	584	19
237.0	10572	20	19	15842	20	219	1337	14
237.0	12227	23	27	15843	19	313	623	19
237.0	11367	7	2	15844	12	344	1954	18
237.0	13739	2	1	15845	3	1786	1490	16
237.0	11305	17	18	15846	14	969	315	19
237.0	12752	24	26	15847	22	352	950	16
237.0	13962	26	21	15848	30	72	1366	19
237.0	14051	13	14	15849	11	956	224	18
237.0	7654	27	28	15850	24	1697	278	20
237.0	11265	39	45	15851	32	144	721	15
237.0	14537	16	20	15852	11	1967	1634	23
237.0	11689	16	12	15853	17	1546	1959	18
237.0	9997	29	26	15854	30	216	1752	14
237.0	11633	29	30	15855	27	621	1974	15
237.0	11209	30	33	15856	27	813	119	15
237.0	10048	18	13	15857	21	274	369	19
237.0	12492	9	12	15858	5	1379	1570	21
237.0	11614	11	13	15859	9	695	328	13
237.0	12928	23	19	15860	26	278	1880	15
237.0	11952	16	11	15861	20	61	541	19
237.0	11021	14	17	15862	9	1896	418	14
237.0	14425	15	14	15863	15	543	1804	16
237.0	12534	26	27	15864	24	312	714	17
237.0	14952	2	1	15865	3	1412	1752	14
237.0	8666	20	21	15866	17	398	820	19
237.0	8098	30	28	15867	30	1334	54	17
237.0	7134	28	32	15868	23	0	1163	18
237.0	11591	13	15	15869	11	277	768	19
237.0	13277	25	27	15870	21	1128	1844	16
237.0	9048	0	0	15871	0	1352	1855	18
237.0	10911	26	33	15872	19	457	1917	14
237.0	13216	16	10	15873	19	579	560	20
237.0	13259	27	24	15874	28	1323	91	13
237.0	12615	48	44	15875	50	136	1011	15
237.0	10107	21	22	15876	18	87	1676	19
237.0	12908	22	19	15877	24	101	778	12
237.0	10437	27	35	15878	19	1733	277	20
237.0	13637	0	0	15879	0	1210	1867	17
237.0	10597	7	9	15880	5	83	1282	19
237.0	11192	15	11	15881	19	379	673	17
237.0	11885	26	26	15882	25	944	0	17
237.0	10457	13	12	15883	14	1725	1490	17
237.0	14577	19	17	15884	21	571	590	17
237.0	13771	26	22	15885	30	490	1653	15
237.0	12726	17	15	15886	16	1602	432	18
237.0	12356	22	22	15887	21	164	544	18
237.0	13735	18	18	15888	18	1811	415	17
237.0	13125	20	18	15889	21	405	480	17
237.0	11488	16	20	15890	12	205	1933	16
237.0	10540	11	9	15891	13	479	1896	14
237.0	14531	7	8	15892	6	878	1726	17
237.0	10239	24	28	15893	20	1813	871	15
237.0	13392	10	12	15894	8	1696	250	17
237.0	11683	17	17	15895	17	131	1999	16
237.0	11920	0	0	15896	0	1323	1840	18
238.0	10302	34	30	15897	35	1366	128	13
238.0	10922	14	14	15898	13	107	55	15
238.0	13991	32	38	15899	24	1251	1973	20
238.0	11934	12	12	15900	11	150	1553	18
238.0	11878	12	14	15901	10	224	296	19
238.0	12486	7	9	15902	5	697	358	18
238.0	11633	30	28	15903	30	621	1974	16
238.0	9700	31	27	15904	32	1207	29	15
238.0	12652	19	20	15905	15	114	1187	16
238.0	13805	11	13	15906	9	945	1883	21
238.0	12747	31	31	15907	31	1590	63	18
238.0	11402	19	16	15908	20	1200	1726	14
238.0	8049	30	27	15909	31	640	1999	18
238.0	10950	34	35	15910	31	1880	74	17
238.0	14447	32	33	15911	26	146	1234	16
238.0	13817	7	6	15912	8	901	1972	16
238.0	14016	35	34	15913	34	50	1825	17
238.0	10887	36	35	15914	34	1013	246	15
238.0	11631	27	24	15915	29	1487	220	22
238.0	14728	17	11	15916	21	237	1449	15
238.0	13912	12	14	15917	10	917	1784	17
238.0	13455	17	16	15918	17	1889	14	23
238.0	11618	25	27	15919	22	707	1798	16
238.0	11140	35	37	15920	32	1307	33	18
238.0	11926	16	18	15921	13	1061	1690	16
238.0	11770	52	43	15922	57	1349	294	12
238.0	11942	25	24	15923	25	1801	92	17
238.0	12737	11	9	15924	11	66	1617	19
238.0	12498	23	25	15925	21	927	1989	19
238.0	13151	18	21	15926	14	1529	462	17
238.0	13618	28	30	15927	26	1787	64	19
238.0	12386	46	47	15928	44	1936	139	23
238.0	12278	16	14	15929	18	1282	1822	17
238.0	10142	19	24	15930	14	241	1265	16
238.0	14611	38	39	15931	34	1303	284	12
238.0	12215	29	25	15932	31	0	1890	17
238.0	12253	10	12	15933	8	1884	1669	21
238.0	13636	9	10	15934	7	1781	1515	18
238.0	11613	43	47	15935	37	720	1905	13
238.0	13752	20	24	15936	16	77	1986	17
238.0	12823	9	9	15937	9	411	1550	15
238.0	10038	26	26	15938	24	1380	1974	18
238.0	14223	15	16	15939	14	681	1947	17
238.0	12722	27	26	15940	26	1490	15	20
238.0	12239	18	15	15941	20	200	1093	14
238.0	12984	33	35	15942	28	1693	328	19
238.0	12915	27	28	15943	25	70	1580	13
238.0	12055	43	41	15944	42	1700	862	19
238.0	8890	25	24	15945	24	80	1308	16
238.0	12363	39	35	15946	39	1720	1641	18
238.0	10635	22	20	15947	24	239	1941	16
238.0	14176	19	21	15948	17	1030	1659	18
238.0	12638	20	16	15949	23	622	1867	18
238.0	9214	19	24	15950	13	232	991	17
238.0	12717	21	25	15951	17	354	1877	15
238.0	13520	14	10	15952	17	648	373	22
238.0	12015	18	18	15953	18	779	461	16
238.0	12191	25	19	15954	30	567	521	20
238.0	11823	23	21	15955	24	1008	410	17
238.0	10550	9	11	15956	7	1263	380	17
238.0	11634	25	27	15957	22	254	1828	17
238.0	12361	11	13	15958	9	495	1741	15
238.0	10367	8	9	15959	6	60	1430	20
238.0	11800	20	16	15960	24	208	1019	18
238.0	11563	9	8	15961	8	912	1731	18
238.0	12444	9	9	15962	9	399	1707	15
238.0	13559	34	35	15963	31	238	852	19
238.0	11344	14	14	15964	13	945	1989	21
238.0	12849	23	29	15965	16	1618	1673	20
238.0	9032	20	18	15966	21	1740	1311	22
238.0	12389	20	19	15967	19	1734	477	19
238.0	11691	28	28	15968	26	1600	137	17
238.0	13437	32	24	15969	38	148	505	18
238.0	8821	30	30	15970	30	1499	1887	18
238.0	9926	29	27	15971	30	1549	1568	21
238.0	12263	13	14	15972	12	253	1151	13
238.0	8700	8	6	15973	10	471	1370	19
238.0	11472	35	30	15974	38	148	0	17
238.0	10911	33	26	15975	38	457	1917	15
238.0	7881	19	21	15976	16	1220	1807	17
238.0	8693	31	32	15977	28	1914	1483	18
238.0	13518	23	23	15978	21	597	1934	18
238.0	10856	19	21	15979	16	1874	631	23
238.0	13997	14	15	15980	11	180	1915	21
238.0	13174	8	9	15981	7	658	1661	17
238.0	10543	20	22	15982	17	1487	164	20
238.0	14060	26	24	15983	27	324	820	16
238.0	11096	26	25	15984	26	1369	362	22
238.0	12187	20	21	15985	19	1848	405	17
238.0	13338	27	28	15986	25	1959	1705	16
238.0	11380	38	41	15987	32	1446	1899	17
238.0	8048	20	25	15988	14	1699	388	17
238.0	12686	30	27	15989	33	1303	1919	18
238.0	12857	7	8	15990	6	1268	1753	16
238.0	11650	15	17	15991	13	681	1923	18
238.0	12207	27	26	15992	28	909	230	19
238.0	7372	17	11	15993	22	1561	217	21
238.0	12811	15	12	15994	17	370	1390	18
238.0	10938	15	17	15995	13	245	875	16
238.0	13771	22	19	15996	23	490	1653	16
238.0	12584	27	29	15997	22	226	175	19
238.0	11842	23	26	15998	20	300	1923	17
238.0	10980	22	20	15999	21	1939	1088	16
238.0	10670	31	34	16000	26	1802	1492	15
238.0	12892	9	13	16001	4	1138	333	14
238.0	12697	25	25	16002	24	1222	126	20
238.0	14632	36	33	16003	36	819	1902	14
238.0	7911	8	10	16004	5	443	1698	17
238.0	11002	26	33	16005	19	374	59	18
238.0	12103	5	5	16006	4	1814	667	19
238.0	12041	30	30	16007	30	0	829	14
238.0	11484	39	37	16008	40	1868	196	17
238.0	14067	20	21	16009	19	288	1742	16
238.0	11209	33	28	16010	36	813	119	16
238.0	13056	15	9	16011	20	1350	1907	20
238.0	11304	15	17	16012	13	1954	1413	16
238.0	15204	32	32	16013	31	154	828	18
238.0	10169	20	20	16014	18	1825	1911	22
238.0	11677	20	16	16015	23	0	1445	17
238.0	10116	18	17	16016	17	153	1341	16
238.0	10837	4	4	16017	4	1721	808	16
238.0	10477	27	27	16018	22	1640	1923	13
238.0	10064	26	30	16019	22	240	1302	19
238.0	11454	3	3	16020	3	1042	1793	18
238.0	13114	28	26	16021	30	1883	1197	16
238.0	7686	27	24	16022	30	1031	363	16
238.0	13013	24	22	16023	25	194	494	17
238.0	13183	15	15	16024	14	1898	1938	18
238.0	10469	14	12	16025	15	1143	1904	15
238.0	13808	17	21	16026	12	1848	1880	17
238.0	13159	17	20	16027	14	1624	1883	16
238.0	12575	15	14	16028	15	1826	768	17
238.0	15459	35	33	16029	34	1206	1961	18
238.0	9823	43	44	16030	38	1857	508	20
239.0	12645	11	10	16031	12	135	377	21
239.0	14522	36	41	16032	30	1986	305	23
239.0	10607	27	23	16033	31	1630	89	19
239.0	13580	17	22	16034	12	590	476	18
239.0	12679	18	25	16035	11	602	510	16
239.0	13615	18	21	16036	14	1967	379	20
239.0	13329	14	13	16037	15	732	1680	15
239.0	7038	12	11	16038	13	1530	283	16
239.0	14852	31	24	16039	37	149	591	15
239.0	13056	9	5	16040	12	1350	1907	21
239.0	11974	7	7	16041	6	1538	206	21
239.0	12622	18	20	16042	15	311	1519	13
239.0	13367	22	18	16043	24	194	1292	18
239.0	11768	8	13	16044	3	803	1962	14
239.0	13973	25	21	16045	26	1979	1311	19
239.0	10302	30	32	16046	25	1366	128	14
239.0	12088	20	21	16047	18	73	1049	19
239.0	12776	19	20	16048	18	346	1568	15
239.0	11601	38	30	16049	45	1975	282	22
239.0	11715	28	35	16050	21	1813	717	21
239.0	9810	26	35	16051	17	1842	1999	20
239.0	10286	20	23	16052	15	50	1907	17
239.0	13618	30	30	16053	30	1771	48	20
239.0	11412	36	38	16054	34	1441	258	16
239.0	12815	40	37	16055	43	1435	349	22
239.0	14194	21	17	16056	25	1467	1722	16
239.0	14510	12	13	16057	10	1889	56	22
239.0	12298	3	5	16058	1	1756	688	16
239.0	10771	30	31	16059	28	85	230	16
239.0	12568	12	11	16060	13	458	1698	16
239.0	14667	12	14	16061	10	1517	1875	17
239.0	10054	32	30	16062	34	1982	985	17
239.0	11931	34	38	16063	29	1355	1923	13
239.0	6979	8	9	16064	7	1258	1805	20
239.0	12599	23	23	16065	22	432	411	22
239.0	10772	12	14	16066	10	48	1704	17
239.0	9498	16	14	16067	16	1678	424	15
239.0	12937	22	23	16068	21	1217	186	13
239.0	12097	29	33	16069	25	1958	1970	17
239.0	9356	29	33	16070	24	81	728	16
239.0	10477	27	31	16071	19	1640	1923	14
239.0	13098	52	58	16072	42	1955	176	20
239.0	12064	24	17	16073	28	1489	1847	18
239.0	12111	14	13	16074	15	1928	1470	12
239.0	12290	11	12	16075	10	1411	1694	14
239.0	14854	24	20	16076	27	1555	262	21
239.0	11289	26	21	16077	29	39	199	17
239.0	11432	15	18	16078	11	1938	286	18
239.0	11330	31	27	16079	32	1589	1761	13
239.0	12343	44	32	16080	53	349	22	16
239.0	10686	24	25	16081	23	1751	58	19
239.0	11533	8	7	16082	9	682	1841	17
239.0	15002	30	30	16083	29	592	432	17
239.0	11117	43	41	16084	45	1971	789	18
239.0	12857	8	5	16085	10	1268	1753	17
239.0	14130	33	29	16086	36	1989	132	23
239.0	12187	21	19	16087	23	1848	405	18
239.0	8890	24	24	16088	21	114	1247	17
239.0	13235	8	7	16089	9	160	389	23
239.0	12595	16	16	16090	15	11	215	15
239.0	11047	13	13	16091	12	1961	1497	15
239.0	14558	16	14	16092	17	791	1974	17
239.0	11977	10	7	16093	12	1827	457	22
239.0	10058	23	25	16094	20	150	1053	16
239.0	12401	9	9	16095	9	489	1548	19
239.0	11864	14	14	16096	14	419	1291	17
239.0	11315	28	25	16097	29	687	274	19
239.0	7711	12	13	16098	10	780	287	18
239.0	8019	9	7	16099	11	1685	1943	19
239.0	11373	14	11	16100	15	206	1210	13
239.0	12726	15	17	16101	10	1602	432	19
239.0	11795	29	30	16102	26	1880	1476	15
239.0	9299	10	14	16103	5	193	703	20
239.0	11704	19	23	16104	15	195	1340	14
239.0	11030	14	17	16105	10	1431	488	19
239.0	14273	22	24	16106	19	39	1968	18
239.0	13163	19	17	16107	20	989	1908	17
239.0	13724	30	31	16108	28	284	341	14
239.0	13773	21	18	16109	23	658	1967	16
239.0	10820	22	24	16110	20	1098	271	12
239.0	12972	7	5	16111	9	502	1672	18
239.0	9319	25	22	16112	27	298	652	17
239.0	14332	18	20	16113	14	1164	93	18
239.0	12540	10	12	16114	7	1970	1140	20
239.0	12962	21	23	16115	18	1841	436	16
239.0	14289	11	9	16116	10	689	344	18
239.0	9700	27	26	16117	28	1207	29	16
239.0	13394	30	29	16118	28	1444	78	20
239.0	13058	22	22	16119	22	1078	312	15
239.0	13013	22	21	16120	21	194	494	18
239.0	11366	14	16	16121	10	1743	22	18
239.0	12355	10	8	16122	12	108	1705	16
239.0	9491	24	28	16123	19	383	870	16
239.0	10781	7	5	16124	9	231	378	22
239.0	11826	15	16	16125	13	130	587	17
239.0	9868	11	5	16126	15	1713	1529	21
239.0	12440	30	37	16127	20	1475	1859	18
239.0	13022	19	11	16128	25	100	1887	17
239.0	14310	36	45	16129	26	1066	148	15
239.0	10766	17	18	16130	16	1850	1029	17
239.0	12395	28	21	16131	33	1835	1771	17
239.0	10869	23	25	16132	20	1896	146	13
239.0	11399	22	23	16133	21	45	761	15
239.0	13104	24	18	16134	28	26	754	13
239.0	11710	31	30	16135	31	1128	197	14
239.0	13188	24	26	16136	20	470	1688	13
239.0	13263	20	23	16137	15	972	381	17
239.0	13108	10	10	16138	10	273	1340	15
239.0	14020	11	13	16139	9	1660	514	15
239.0	12971	14	14	16140	13	829	1722	18
239.0	13704	41	42	16141	38	1848	1331	16
239.0	11796	14	17	16142	10	1502	1688	21
239.0	13975	11	9	16143	11	155	1270	15
239.0	12329	17	16	16144	17	291	1247	15
239.0	11552	14	12	16145	15	1406	154	17
239.0	14105	25	25	16146	25	246	677	20
239.0	11473	8	5	16147	10	1704	1989	18
239.0	14328	12	8	16148	16	1529	1790	17
239.0	13237	32	32	16149	31	1619	274	19
239.0	11265	45	42	16150	46	144	721	16
239.0	14223	16	17	16151	14	681	1947	18
239.0	10292	21	22	16152	18	720	268	19
239.0	14444	17	13	16153	21	891	276	19
239.0	13798	7	6	16154	7	22	196	16
239.0	14490	12	9	16155	15	1206	1833	17
239.0	14176	21	22	16156	20	1030	1659	19
239.0	10887	35	42	16157	28	1013	224	16
239.0	12291	23	18	16158	25	287	1597	17
239.0	12651	13	12	16159	12	1827	1645	18
239.0	13748	22	17	16160	25	1961	509	16
239.0	10125	11	12	16161	8	1770	1778	16
239.0	13185	24	20	16162	27	210	1110	14
239.0	12553	23	19	16163	27	1824	1942	21
239.0	12819	16	17	16164	15	1688	62	18
239.0	12297	18	19	16165	15	565	1958	16
239.0	13890	14	11	16166	16	228	1376	14
239.0	14104	22	20	16167	24	531	489	17
239.0	11758	23	25	16168	20	591	208	18
239.0	14238	19	18	16169	19	1989	1825	17
239.0	7940	24	24	16170	22	1810	0	20
239.0	9468	13	14	16171	11	192	1035	12
239.0	11607	15	12	16172	18	541	1895	15
239.0	11431	36	29	16173	42	211	566	13
239.0	13607	9	8	16174	10	98	1832	15
239.0	10543	22	24	16175	20	1487	164	21
239.0	14089	26	23	16176	27	648	520	16
239.0	11901	31	26	16177	34	1923	762	17
239.0	11454	3	3	16178	3	1042	1793	19
239.0	11814	26	30	16179	22	1501	1900	20
239.0	13685	18	18	16180	18	267	1097	14
240.0	12185	10	9	16181	11	1494	104	13
240.0	11800	16	19	16182	12	208	1019	19
240.0	12147	18	22	16183	14	1674	101	20
240.0	7465	30	32	16184	27	33	1326	20
240.0	12079	25	26	16185	24	342	483	17
240.0	12414	17	17	16186	15	191	1648	13
240.0	9259	37	33	16187	39	327	0	19
240.0	7711	13	12	16188	12	780	287	19
240.0	10202	10	6	16189	11	1795	353	17
240.0	13173	10	7	16190	13	260	771	19
240.0	13832	27	26	16191	28	1844	362	19
240.0	13181	21	25	16192	16	700	396	18
240.0	14073	23	26	16193	20	1870	144	16
240.0	12062	16	12	16194	18	1941	514	16
240.0	8893	23	23	16195	22	1530	19	20
240.0	13804	17	19	16196	15	179	1964	21
240.0	11795	30	28	16197	32	1880	1476	16
240.0	9962	18	12	16198	21	1731	1297	20
240.0	10408	26	30	16199	21	1477	88	18
240.0	8223	5	5	16200	5	629	1668	17
240.0	12726	17	18	16201	16	1602	432	20
240.0	11934	12	18	16202	6	106	1560	19
240.0	12525	22	21	16203	22	209	1976	18
240.0	11896	37	35	16204	38	1529	1622	21
240.0	11366	16	17	16205	12	1743	22	19
240.0	11704	23	23	16206	22	180	1340	15
240.0	10862	17	15	16207	18	302	1570	15
240.0	11993	23	29	16208	16	1194	331	12
240.0	14046	18	22	16209	14	1456	56	18
240.0	13410	18	18	16210	18	550	1927	17
240.0	10765	26	24	16211	25	1025	1943	17
240.0	12043	16	19	16212	11	372	1847	14
240.0	13642	17	13	16213	21	116	1985	20
240.0	10507	13	11	16214	15	1939	612	15
240.0	11533	7	6	16215	7	682	1841	18
240.0	11738	31	30	16216	31	1984	680	17
240.0	11431	29	27	16217	29	211	566	14
240.0	14558	14	17	16218	10	791	1974	18
240.0	13613	28	26	16219	30	54	1805	16
240.0	12225	43	48	16220	36	1759	433	17
240.0	14459	20	17	16221	21	464	288	18
240.0	11748	18	20	16222	14	771	1782	21
240.0	11809	20	17	16223	21	1842	803	18
240.0	12451	24	27	16224	19	601	1831	10
240.0	13674	6	4	16225	8	847	1794	21
240.0	12711	27	30	16226	23	1455	380	19
240.0	10634	9	7	16227	11	370	1326	20
240.0	12706	21	16	16228	24	440	1468	17
240.0	13046	36	34	16229	35	59	220	18
240.0	14556	19	16	16230	21	115	899	17
240.0	11637	30	28	16231	31	1928	1865	14
240.0	13330	40	45	16232	32	628	1789	13
240.0	11474	23	24	16233	19	1869	276	18
240.0	7372	11	10	16234	11	1561	217	22
240.0	12573	16	17	16235	15	1431	431	18
240.0	10856	21	25	16236	15	1874	631	24
240.0	11432	18	21	16237	15	1938	286	19
240.0	13532	23	27	16238	17	1713	0	18
240.0	14055	14	10	16239	16	476	1742	15
240.0	10806	18	22	16240	13	1917	679	16
240.0	13291	11	13	16241	9	412	1509	16
240.0	11086	13	13	16242	12	208	794	13
240.0	13526	39	47	16243	31	52	99	16
240.0	10292	22	17	16244	27	720	268	20
240.0	12297	19	16	16245	22	565	1958	17
240.0	12260	17	16	16246	18	1102	306	14
240.0	12110	22	19	16247	23	30	569	18
240.0	12650	27	23	16248	29	1980	557	16
240.0	15273	23	23	16249	22	181	1465	19
240.0	11801	37	38	16250	35	1890	1759	15
240.0	11721	40	40	16251	38	187	351	15
240.0	10237	19	23	16252	15	1182	1773	16
240.0	14536	6	6	16253	6	1310	384	18
240.0	12720	26	21	16254	31	1450	282	18
240.0	11330	27	28	16255	26	1589	1761	14
240.0	13463	34	24	16256	43	1287	214	14
240.0	12256	5	7	16257	3	143	1905	16
240.0	13602	26	22	16258	30	102	837	18
240.0	13799	10	3	16259	17	1499	208	19
240.0	13257	17	16	16260	16	118	1380	18
240.0	12796	17	18	16261	16	1774	640	19
240.0	13022	11	11	16262	10	100	1887	18
240.0	12788	26	25	16263	27	1832	402	19
240.0	10383	14	16	16264	12	1944	355	22
240.0	12125	21	20	16265	21	38	1625	16
240.0	10889	25	26	16266	23	1944	1617	16
240.0	9427	24	20	16267	28	223	1263	19
240.0	10987	26	27	16268	25	247	1715	16
240.0	11292	31	32	16269	29	272	352	13
240.0	12526	24	19	16270	29	210	603	21
240.0	14227	24	15	16271	32	1745	148	18
240.0	14324	26	26	16272	25	1498	432	17
240.0	13958	7	5	16273	8	460	1576	18
240.0	7266	8	6	16274	9	1323	1760	21
240.0	9143	6	6	16275	6	449	1527	19
240.0	12166	23	27	16276	19	1791	160	24
240.0	9293	33	31	16277	34	1879	924	19
240.0	13452	19	17	16278	21	1050	1842	19
240.0	12895	13	10	16279	16	1240	1764	15
240.0	13002	23	28	16280	17	95	372	17
240.0	13195	26	34	16281	16	687	299	16
240.0	14769	25	21	16282	29	247	836	19
240.0	11393	26	24	16283	27	57	502	21
240.0	10567	24	32	16284	16	1941	1104	15
240.0	12969	20	22	16285	18	357	1554	14
240.0	11758	25	25	16286	25	591	208	19
240.0	11269	13	11	16287	15	1953	1468	19
240.0	13263	23	22	16288	22	972	381	18
240.0	14172	14	16	16289	12	314	1747	17
240.0	9589	4	5	16290	2	569	1751	15
240.0	11601	30	38	16291	21	1975	282	23
240.0	12769	25	26	16292	23	611	1977	15
240.0	12164	40	36	16293	42	1707	771	17
240.0	13664	25	27	16294	22	148	571	20
240.0	11864	14	13	16295	15	419	1291	18
240.0	13890	11	16	16296	6	228	1376	15
240.0	10970	18	20	16297	16	1400	451	20
240.0	12648	13	15	16298	11	1573	498	14
240.0	7281	20	16	16299	22	1856	1676	19
240.0	13951	30	26	16300	29	1737	1674	17
240.0	9773	21	21	16301	21	1818	1346	22
240.0	11691	28	28	16302	27	1600	137	18
240.0	13409	25	23	16303	25	1874	1748	14
240.0	13517	5	3	16304	7	1786	1542	17
240.0	12842	37	36	16305	37	1599	650	21
240.0	11388	50	52	16306	46	126	1131	18
240.0	12852	34	34	16307	34	162	108	16
240.0	9971	21	20	16308	22	1850	816	15
240.0	11716	13	16	16309	10	101	736	15
240.0	12520	21	21	16310	20	1673	504	14
240.0	14130	29	32	16311	24	1989	132	24
240.0	13394	29	33	16312	24	1444	78	21
240.0	7667	36	36	16313	35	1226	43	21
240.0	14827	18	12	16314	22	513	1822	12
240.0	11849	6	7	16315	5	1343	370	17
240.0	14397	11	12	16316	8	1776	1620	15
240.0	10607	23	24	16317	22	1630	89	20
240.0	13161	30	28	16318	32	907	1925	18
240.0	8907	21	24	16319	16	0	739	16
240.0	13201	7	8	16320	6	1321	470	19
240.0	13417	10	8	16321	11	853	312	18
240.0	10478	6	8	16322	4	287	1358	14
240.0	14297	18	18	16323	16	1704	113	18
240.0	12854	31	30	16324	31	240	1776	13
240.0	13122	22	24	16325	19	1664	214	20
240.0	14560	34	31	16326	33	1806	30	20
240.0	13545	51	43	16327	57	598	1781	14
240.0	9154	20	25	16328	14	1754	332	21
240.0	11143	16	16	16329	11	1929	1035	18
240.0	11440	44	47	16330	39	1527	1881	20
240.0	13241	38	35	16331	40	1310	119	21
240.0	12556	24	21	16332	27	1005	250	16
240.0	10104	20	23	16333	16	251	898	16
240.0	11665	38	30	16334	42	413	1400	17
240.0	11454	3	5	16335	0	1042	1793	20
240.0	12354	6	5	16336	5	1659	1900	18
240.0	9964	5	5	16337	5	1710	1362	19
