time_hr	parent_id	parent_ecDNA_before	parent_ecDNA_after	daughter_id	daughter_ecDNA	x	y	generation
28.0	63355	20	24	63356	15	3196	3202	1
31.0	63353	20	20	63357	19	3092	3288	1
31.0	63355	24	27	63358	19	3196	3202	2
37.0	63354	20	12	63359	27	2872	3024	1
43.0	63359	27	21	63360	33	2811	2859	2
44.0	63354	12	12	63361	12	2872	3024	2
48.0	63353	20	21	63362	18	3137	3269	2
51.0	63358	19	19	63363	19	3224	3120	3
52.0	63353	21	23	63364	18	3137	3269	3
53.0	63361	12	14	63365	8	2809	2908	3
55.0	63358	19	19	63366	17	3224	3120	4
56.0	63354	12	10	63367	12	2833	3027	3
58.0	63359	21	19	63368	23	2811	2859	3
60.0	63355	27	29	63369	24	2906	3083	3
64.0	63357	19	18	63370	19	2951	3202	2
65.0	63364	18	15	63371	20	3123	3269	4
65.0	63356	15	13	63372	17	3133	3194	2
65.0	63358	19	19	63373	19	3224	3120	5
66.0	63366	17	18	63374	14	3186	3158	5
67.0	63366	18	18	63375	18	3186	3158	6
67.0	63357	18	13	63376	21	2951	3202	3
69.0	63353	23	24	63377	21	3209	3203	4
69.0	63355	29	26	63378	29	2852	2921	4
70.0	63360	33	32	63379	33	2856	2893	3
70.0	63354	10	11	63380	9	2833	3027	4
70.0	63359	19	17	63381	20	2852	2824	4
70.0	63368	23	24	63382	22	2827	2811	4
71.0	63362	18	20	63383	15	3137	3283	3
73.0	63361	14	18	63384	10	2672	2874	4
73.0	63356	13	10	63385	15	3133	3194	3
75.0	63363	19	14	63386	22	3211	3150	4
75.0	63366	18	19	63387	17	3222	3182	7
76.0	63363	14	14	63388	13	3211	3150	5
76.0	63359	17	17	63389	16	2852	2824	5
77.0	63363	14	8	63390	19	3211	3150	6
77.0	63355	26	24	63391	28	2778	2855	5
77.0	63354	11	11	63392	11	2833	3027	5
78.0	63365	8	8	63393	8	2773	3012	4
79.0	63357	13	8	63394	17	2951	3202	4
80.0	63353	24	26	63395	21	3209	3203	5
80.0	63363	8	10	63396	6	3211	3150	7
80.0	63364	15	16	63397	13	3123	3269	5
82.0	63360	32	30	63398	31	2856	2893	4
84.0	63360	30	28	63399	30	2856	2893	5
84.0	63371	20	18	63400	20	3134	3242	5
86.0	63364	16	15	63401	17	3123	3269	6
87.0	63367	12	13	63402	10	2813	3027	4
87.0	63372	17	20	63403	14	3133	3176	3
87.0	63382	22	19	63404	23	2814	2798	5
88.0	63371	18	20	63405	15	3134	3242	6
88.0	63372	20	22	63406	18	3133	3176	4
88.0	63392	11	9	63407	13	2889	2990	6
89.0	63356	10	13	63408	7	3133	3194	4
89.0	63359	17	9	63409	24	2820	2654	6
89.0	63355	24	24	63410	23	2778	2855	6
89.0	63354	11	12	63411	10	2833	3027	6
89.0	63365	8	7	63412	9	2773	3012	5
90.0	63363	10	10	63413	10	3211	3150	8
90.0	63354	12	13	63414	11	2833	3027	7
90.0	63385	15	14	63415	15	3107	3219	4
90.0	63370	19	27	63416	11	2900	3278	3
90.0	63358	19	12	63417	25	3090	3102	6
90.0	63389	16	17	63418	14	2861	2833	6
90.0	63380	9	5	63419	12	2853	3027	5
91.0	63403	14	10	63420	17	3119	3162	4
91.0	63389	17	20	63421	13	2861	2833	7
91.0	63376	21	20	63422	21	3035	3192	4
91.0	63357	8	9	63423	6	2951	3202	5
91.0	63372	22	24	63424	20	3133	3176	5
92.0	63403	10	11	63425	9	3119	3162	5
93.0	63356	13	11	63426	13	3133	3194	5
93.0	63368	24	23	63427	23	2838	2412	5
93.0	63361	18	17	63428	19	2634	2860	5
94.0	63371	20	19	63429	20	3134	3242	7
94.0	63374	14	16	63430	12	3190	3206	6
94.0	63373	19	17	63431	21	3242	3120	6
94.0	63396	6	8	63432	4	3181	3120	8
95.0	63374	16	13	63433	18	3190	3206	7
95.0	63358	12	14	63434	10	3077	3070	7
95.0	63353	26	26	63435	22	3209	3203	6
96.0	63396	8	6	63436	8	3181	3120	9
96.0	63376	20	19	63437	18	3035	3192	5
96.0	63390	19	15	63438	22	3079	3092	7
96.0	63382	19	17	63439	20	2814	2798	6
96.0	63399	30	34	63440	26	2899	2842	6
97.0	63406	18	17	63441	19	3171	3176	5
97.0	63370	27	26	63442	27	2900	3278	4
97.0	63379	33	27	63443	38	2856	2912	4
97.0	63359	9	10	63444	8	2793	2632	7
98.0	63378	29	28	63445	29	2851	3046	5
98.0	63366	19	20	63446	17	3222	3182	8
99.0	63397	13	16	63447	10	3134	3257	6
99.0	63357	9	9	63448	9	2951	3202	6
99.0	63390	15	15	63449	13	3079	3092	8
100.0	63365	7	4	63450	10	2773	3012	6
100.0	63381	20	13	63451	26	2870	2867	5
100.0	63402	10	12	63452	8	2839	2987	5
100.0	63422	21	24	63453	18	3048	3253	5
100.0	63448	9	9	63454	9	2966	3217	7
100.0	63375	18	20	63455	16	3132	3060	7
100.0	63356	11	8	63456	14	3133	3194	6
100.0	63360	28	29	63457	26	2981	2969	6
101.0	63422	24	23	63458	22	3048	3253	6
101.0	63372	24	19	63459	25	3083	3161	6
101.0	63383	15	14	63460	13	3153	3299	4
101.0	63402	12	10	63461	13	2839	2987	6
101.0	63392	9	6	63462	11	2993	2990	7
101.0	63395	21	24	63463	16	3199	3227	6
101.0	63416	11	8	63464	13	2900	3257	4
101.0	63394	17	16	63465	18	2980	3296	5
102.0	63368	23	18	63466	24	2912	2349	6
102.0	63373	17	12	63467	20	3242	3120	7
102.0	63353	26	24	63468	26	3209	3203	7
102.0	63358	14	15	63469	13	3077	3070	8
102.0	63364	15	15	63470	14	3123	3269	7
103.0	63373	12	16	63471	8	3242	3120	8
103.0	63380	5	4	63472	6	2918	3014	6
103.0	63402	10	13	63473	7	2839	2987	7
103.0	63467	20	19	63474	20	3228	3106	8
104.0	63417	25	23	63475	27	3125	3102	7
104.0	63360	29	27	63476	31	3040	3001	7
104.0	63377	21	17	63477	24	3245	3231	5
104.0	63409	24	22	63478	23	2820	2641	7
104.0	63378	28	23	63479	32	2851	3046	6
105.0	63401	17	17	63480	16	3134	3280	7
105.0	63355	24	28	63481	19	2680	2808	7
105.0	63391	28	27	63482	28	2789	2866	6
105.0	63403	11	9	63483	13	3119	3144	6
105.0	63386	22	23	63484	20	3151	3090	5
106.0	63362	20	16	63485	23	3203	3244	4
106.0	63358	15	13	63486	17	3077	3070	9
106.0	63418	14	11	63487	16	2861	2858	7
107.0	63389	20	25	63488	14	2861	2833	8
107.0	63385	14	11	63489	15	3107	3219	5
107.0	63358	13	15	63490	11	3077	3070	10
107.0	63419	12	11	63491	13	3001	3049	6
107.0	63378	23	21	63492	24	2851	3046	7
108.0	63383	14	13	63493	15	3153	3299	5
108.0	63389	25	24	63494	25	2861	2833	9
108.0	63359	10	12	63495	8	2793	2632	8
108.0	63423	6	7	63496	5	2949	3246	6
108.0	63365	4	4	63497	4	2773	3012	7
108.0	63376	19	20	63498	16	3035	3192	6
108.0	63427	23	17	63499	29	2867	2416	6
108.0	63398	31	31	63500	29	2837	2893	5
108.0	63385	11	13	63501	6	3107	3219	6
108.0	63382	17	16	63502	18	2778	2762	7
108.0	63454	9	9	63503	7	2983	3234	8
109.0	63446	17	17	63504	17	3209	3169	9
109.0	63399	34	32	63505	33	2899	2842	7
109.0	63359	12	11	63506	12	2793	2632	9
109.0	63368	18	19	63507	14	2912	2349	7
110.0	63370	26	29	63508	21	2855	3240	5
110.0	63356	8	6	63509	9	3146	3181	7
110.0	63363	10	7	63510	12	3211	3150	9
110.0	63399	32	32	63511	32	2899	2842	8
110.0	63366	20	13	63512	27	3222	3182	9
111.0	63354	13	10	63513	15	2885	3001	8
111.0	63356	6	4	63514	8	3146	3181	8
111.0	63450	10	11	63515	9	2825	3012	7
111.0	63357	9	10	63516	8	2951	3202	7
111.0	63406	17	16	63517	16	3171	3176	6
112.0	63394	16	16	63518	16	2980	3296	6
112.0	63450	11	11	63519	10	2825	3012	8
112.0	63429	20	20	63520	19	3164	3231	8
112.0	63361	17	14	63521	18	2681	2870	6
112.0	63377	17	21	63522	13	3245	3231	6
112.0	63392	6	2	63523	9	3018	2990	8
112.0	63430	12	8	63524	16	3190	3170	7
112.0	63400	20	17	63525	21	3172	3242	6
112.0	63414	11	8	63526	12	2911	2981	8
112.0	63388	13	11	63527	15	3198	3083	6
112.0	63391	27	20	63528	31	2789	2866	7
113.0	63379	27	27	63529	25	2856	2912	5
113.0	63413	10	11	63530	7	3209	3122	9
113.0	63374	13	12	63531	13	3180	3216	8
113.0	63476	31	31	63532	30	3051	3014	8
113.0	63425	9	11	63533	7	3175	3111	6
113.0	63447	10	10	63534	10	3100	3239	7
113.0	63424	20	15	63535	22	3163	3187	6
113.0	63358	15	17	63536	13	3051	3044	11
114.0	63374	12	14	63537	9	3180	3216	9
114.0	63381	13	10	63538	16	2870	2867	6
114.0	63448	9	7	63539	11	2966	3217	8
114.0	63375	20	15	63540	24	3102	3030	8
114.0	63367	13	10	63541	15	2814	2911	5
114.0	63476	31	32	63542	28	3051	3014	9
114.0	63420	17	12	63543	22	3082	3091	5
114.0	63409	22	24	63544	18	2784	2552	8
114.0	63404	23	27	63545	18	2861	2767	6
114.0	63364	15	17	63546	11	3123	3269	8
115.0	63442	27	26	63547	27	2980	3452	5
115.0	63395	24	24	63548	24	3199	3244	7
115.0	63398	31	27	63549	28	2837	2893	6
115.0	63381	10	9	63550	10	2870	2867	7
115.0	63386	23	28	63551	16	3121	3060	6
115.0	63412	9	5	63552	11	2901	3012	6
115.0	63499	29	24	63553	33	3054	2437	7
115.0	63393	8	11	63554	5	2959	3095	5
116.0	63411	10	11	63555	9	2986	3001	7
116.0	63463	16	12	63556	20	3252	3227	7
116.0	63467	19	18	63557	20	3228	3106	9
116.0	63502	18	16	63558	19	2753	2762	8
116.0	63504	17	15	63559	18	3169	3146	10
116.0	63459	25	23	63560	25	2961	3058	7
117.0	63503	7	6	63561	8	2962	3234	9
117.0	63374	14	17	63562	11	3180	3216	10
117.0	63377	21	29	63563	12	3317	3231	7
117.0	63360	27	20	63564	33	3081	2997	8
117.0	63421	13	16	63565	10	2788	2779	8
117.0	63417	23	21	63566	25	3092	3102	8
117.0	63459	23	24	63567	21	2961	3058	8
117.0	63416	8	10	63568	5	2902	3190	5
117.0	63419	11	8	63569	14	3001	3049	7
117.0	63519	10	12	63570	7	2850	3012	9
117.0	63354	10	12	63571	8	2935	3001	9
118.0	63421	16	11	63572	20	2788	2779	9
118.0	63365	4	4	63573	4	2773	3012	8
118.0	63404	27	24	63574	29	2861	2767	7
118.0	63353	24	21	63575	26	3263	3203	8
119.0	63385	13	12	63576	14	3107	3219	7
119.0	63380	4	5	63577	3	2931	3116	7
119.0	63400	17	14	63578	20	3172	3242	7
119.0	63434	10	10	63579	9	3083	3018	8
119.0	63474	20	16	63580	23	3192	3106	9
119.0	63517	16	11	63581	18	3131	3176	7
119.0	63398	27	30	63582	23	2837	2893	7
119.0	63372	19	12	63583	25	3015	3161	7
119.0	63407	13	15	63584	11	2894	3099	7
119.0	63355	28	27	63585	29	2680	2808	8
119.0	63412	5	8	63586	2	2901	3012	7
119.0	63464	13	10	63587	16	2882	3244	5
119.0	63489	15	21	63588	9	3009	3200	6
120.0	63372	12	14	63589	10	3015	3161	8
120.0	63495	8	8	63590	6	2793	2658	9
120.0	63401	17	9	63591	23	3134	3280	8
120.0	63368	19	21	63592	16	2912	2349	8
120.0	63400	14	11	63593	17	3172	3242	8
120.0	63438	22	16	63594	26	3158	3062	8
120.0	63356	4	6	63595	2	3106	3181	9
120.0	63363	7	6	63596	8	3222	3139	10
120.0	63439	20	18	63597	22	2778	2737	7
120.0	63383	13	10	63598	16	3153	3299	6
120.0	63390	15	20	63599	10	3084	3051	9
120.0	63378	21	28	63600	13	2851	3046	8
121.0	63552	11	11	63601	11	2929	3040	7
121.0	63357	10	11	63602	9	2951	3202	8
121.0	63403	9	7	63603	10	3024	3118	7
121.0	63399	32	31	63604	32	2899	2842	9
121.0	63358	17	25	63605	9	3051	3044	12
121.0	63447	10	11	63606	9	3100	3239	8
121.0	63356	6	6	63607	5	3106	3181	10
121.0	63462	11	11	63608	11	3012	3018	8
122.0	63448	7	7	63609	5	2966	3239	9
122.0	63422	23	21	63610	24	3048	3253	7
122.0	63410	23	18	63611	27	2782	2889	7
122.0	63437	18	16	63612	20	3045	3219	6
122.0	63403	7	9	63613	4	3024	3118	8
122.0	63407	15	19	63614	10	2894	3099	8
122.0	63375	15	16	63615	13	3114	3018	9
123.0	63501	6	6	63616	5	3079	3206	7
123.0	63476	32	29	63617	31	3051	3014	10
123.0	63382	16	14	63618	18	2778	2762	8
123.0	63422	21	20	63619	22	3020	3281	8
123.0	63517	11	8	63620	14	3131	3176	8
123.0	63370	29	26	63621	31	2855	3240	6
123.0	63420	12	11	63622	12	3082	3091	6
123.0	63359	11	8	63623	14	2681	2770	10
123.0	63484	20	19	63624	21	3158	3093	6
123.0	63407	19	22	63625	15	2894	3099	9
123.0	63388	11	11	63626	11	3198	3083	7
123.0	63458	22	18	63627	24	3089	3312	7
123.0	63549	28	27	63628	28	2865	2921	7
123.0	63466	24	24	63629	23	2896	2412	7
124.0	63502	16	15	63630	14	2760	2802	9
124.0	63458	18	16	63631	18	3089	3312	8
124.0	63355	27	26	63632	26	2670	2634	9
124.0	63445	29	33	63633	25	2810	3037	6
124.0	63435	22	18	63634	25	3253	3229	7
124.0	63514	8	3	63635	12	3070	3189	9
124.0	63387	17	15	63636	19	3216	3171	8
124.0	63382	14	14	63637	13	2778	2762	9
124.0	63476	29	28	63638	27	3051	3014	11
124.0	63420	11	16	63639	6	3082	3091	7
124.0	63404	24	30	63640	15	2861	2767	8
125.0	63524	16	16	63641	16	3190	3187	8
125.0	63495	8	7	63642	8	2793	2658	10
125.0	63451	26	26	63643	23	2911	2891	6
125.0	63637	13	15	63644	11	2753	2762	10
125.0	63438	16	15	63645	17	3158	3062	9
125.0	63418	11	7	63646	15	2861	2858	8
125.0	63360	20	15	63647	25	3081	2997	9
125.0	63386	28	32	63648	23	3121	3060	7
125.0	63446	17	18	63649	16	3188	3148	10
125.0	63490	11	8	63650	13	2991	3104	11
125.0	63516	8	10	63651	6	2906	3202	8
125.0	63373	16	18	63652	14	3274	3152	9
125.0	63444	8	5	63653	11	2853	2543	8
125.0	63482	28	27	63654	29	2727	2833	7
125.0	63379	27	27	63655	27	2884	2940	6
125.0	63419	8	10	63656	6	3001	3049	8
125.0	63393	11	12	63657	9	2959	3095	6
126.0	63416	10	11	63658	8	2879	3190	6
126.0	63655	27	31	63659	22	2884	2962	7
126.0	63366	13	13	63660	13	3222	3182	10
126.0	63430	8	7	63661	8	3190	3185	8
126.0	63512	27	24	63662	30	3220	3158	10
127.0	63523	9	7	63663	11	2989	2952	9
127.0	63545	18	24	63664	12	2821	2767	7
127.0	63380	5	5	63665	5	2932	3130	8
127.0	63517	8	12	63666	4	3131	3176	9
127.0	63391	20	21	63667	16	2789	2866	8
127.0	63379	27	27	63668	26	2884	2940	7
127.0	63405	15	17	63669	13	3120	3228	7
127.0	63368	21	18	63670	24	2912	2349	9
127.0	63412	8	10	63671	6	2901	3012	8
127.0	63506	12	9	63672	15	2694	2809	10
128.0	63353	21	17	63673	24	3263	3203	9
128.0	63549	27	23	63674	29	2865	2921	8
128.0	63459	24	17	63675	29	2898	3072	9
128.0	63426	13	12	63676	11	3081	3143	6
128.0	63460	13	11	63677	14	3167	3313	5
128.0	63364	17	15	63678	18	3123	3269	9
128.0	63401	9	7	63679	11	3134	3280	9
128.0	63369	24	22	63680	26	2897	3241	4
129.0	63593	17	18	63681	14	3182	3246	9
129.0	63411	11	11	63682	11	2968	3001	8
129.0	63429	20	19	63683	20	3175	3220	9
129.0	63465	18	21	63684	14	2937	3339	6
129.0	63469	13	16	63685	10	2997	3008	9
129.0	63423	7	7	63686	6	2949	3290	7
129.0	63452	8	10	63687	6	2820	2967	6
129.0	63455	16	15	63688	17	3102	3052	8
129.0	63559	18	18	63689	18	3135	3109	11
129.0	63450	11	13	63690	8	2790	3028	9
129.0	63437	16	16	63691	16	3045	3219	7
130.0	63354	12	5	63692	17	2917	3001	10
130.0	63425	11	12	63693	10	3157	3111	7
130.0	63537	9	10	63694	6	3221	3176	10
130.0	63409	24	19	63695	28	2801	2504	9
130.0	63396	6	4	63696	8	3191	3107	10
130.0	63398	30	32	63697	28	2822	2908	8
130.0	63482	27	21	63698	31	2727	2833	8
130.0	63394	16	16	63699	15	2952	3324	7
130.0	63481	19	14	63700	20	2749	2871	8
130.0	63422	20	18	63701	20	3020	3281	9
130.0	63411	11	13	63702	8	2968	3001	9
130.0	63575	26	24	63703	26	3291	3203	9
130.0	63601	11	12	63704	10	2912	3089	8
131.0	63362	16	16	63705	15	3237	3310	5
131.0	63518	16	16	63706	16	2992	3319	7
131.0	63663	11	13	63707	7	3013	2902	10
131.0	63487	16	20	63708	11	2799	2855	8
131.0	63365	4	5	63709	3	2773	2987	9
131.0	63363	6	8	63710	4	3268	3143	11
131.0	63498	16	18	63711	13	3016	3201	7
131.0	63511	32	29	63712	35	3277	2674	9
131.0	63400	11	11	63713	8	3189	3274	9
131.0	63382	14	9	63714	17	2778	2762	10
131.0	63486	17	20	63715	14	3024	3068	10
131.0	63399	31	28	63716	31	2899	2842	10
131.0	63554	5	5	63717	4	2958	3112	6
132.0	63374	17	21	63718	12	3180	3231	11
132.0	63378	28	25	63719	28	2837	3060	9
132.0	63492	24	22	63720	25	2850	3027	8
132.0	63427	17	19	63721	14	2851	2375	7
132.0	63449	13	15	63722	10	3070	3066	9
132.0	63409	19	17	63723	20	2801	2504	10
132.0	63382	9	12	63724	6	2778	2762	11
132.0	63364	15	12	63725	17	3110	3282	10
132.0	63678	18	19	63726	16	3121	3270	10
132.0	63362	16	16	63727	16	3237	3310	6
132.0	63498	18	17	63728	16	3016	3201	8
132.0	63529	25	26	63729	23	2854	2941	6
132.0	63531	13	14	63730	12	3265	3229	9
132.0	63551	16	17	63731	14	3157	3060	7
132.0	63402	13	14	63732	12	2823	2984	8
133.0	63370	26	26	63733	26	2855	3240	7
133.0	63529	26	23	63734	27	2854	2941	7
133.0	63668	26	27	63735	20	2884	2939	8
133.0	63375	16	17	63736	15	3140	2992	10
133.0	63439	18	17	63737	17	2742	2701	8
133.0	63578	20	20	63738	19	3211	3235	8
133.0	63364	12	13	63739	11	3110	3282	11
133.0	63534	10	8	63740	11	3056	3240	8
134.0	63540	24	24	63741	24	3110	2931	9
134.0	63596	8	9	63742	7	3252	3169	11
134.0	63529	23	21	63743	25	2833	2941	8
134.0	63381	9	7	63744	11	2870	2867	8
134.0	63580	23	27	63745	18	3180	3094	10
134.0	63477	24	28	63746	20	3261	3270	6
134.0	63524	16	13	63747	16	3184	3190	9
134.0	63406	16	17	63748	12	3127	3150	7
134.0	63502	15	16	63749	13	2760	2802	10
134.0	63600	13	18	63750	8	2821	3048	9
134.0	63439	17	15	63751	17	2742	2701	9
134.0	63388	11	8	63752	14	3220	3083	8
134.0	63385	12	11	63753	13	3090	3260	8
134.0	63671	6	6	63754	6	2900	3040	9
135.0	63641	16	23	63755	9	3202	3208	9
135.0	63529	21	20	63756	22	2833	2941	9
135.0	63490	8	9	63757	7	2991	3104	12
135.0	63421	11	9	63758	12	2788	2779	10
135.0	63501	6	8	63759	4	3079	3206	8
135.0	63389	24	24	63760	24	2861	2833	10
135.0	63456	14	15	63761	13	3058	3154	7
135.0	63414	8	10	63762	5	2911	2981	9
135.0	63357	11	9	63763	12	2928	3202	9
135.0	63488	14	12	63764	14	2860	2812	9
135.0	63412	10	6	63765	13	2915	3041	9
135.0	63409	17	20	63766	14	2801	2504	11
135.0	63434	10	8	63767	12	3109	2970	9
135.0	63542	28	24	63768	30	3051	2996	10
135.0	63556	20	19	63769	19	3342	3193	8
135.0	63429	19	22	63770	16	3162	3233	10
136.0	63380	5	6	63771	4	2932	3148	9
136.0	63457	26	21	63772	28	2936	3069	7
136.0	63357	9	8	63773	10	2928	3202	10
136.0	63530	7	6	63774	7	3192	3137	10
136.0	63577	3	2	63775	4	2920	3118	8
136.0	63392	2	2	63776	2	3024	2930	9
136.0	63631	18	14	63777	22	3059	3341	9
136.0	63415	15	15	63778	15	3016	3281	5
136.0	63368	18	17	63779	16	2939	2391	10
136.0	63610	24	24	63780	24	3007	3311	8
136.0	63414	10	11	63781	9	2911	2981	10
136.0	63442	26	21	63782	31	3077	3616	6
136.0	63478	23	26	63783	19	2809	2537	8
136.0	63602	9	10	63784	8	2951	3224	9
136.0	63358	25	22	63785	28	3071	3044	13
136.0	63403	9	10	63786	8	3036	3130	9
136.0	63435	18	16	63787	20	3284	3242	8
137.0	63542	24	23	63788	23	3051	2996	11
137.0	63601	12	9	63789	15	2891	3167	9
137.0	63538	16	15	63790	17	2899	2879	7
137.0	63452	10	14	63791	5	2778	2948	7
137.0	63523	7	6	63792	7	2989	2952	10
137.0	63447	11	7	63793	15	3083	3280	9
137.0	63507	14	11	63794	16	2912	2313	8
137.0	63545	24	28	63795	18	2821	2767	8
137.0	63464	10	11	63796	9	2781	3296	6
137.0	63475	27	19	63797	32	3123	3082	8
137.0	63495	7	7	63798	7	2793	2658	11
137.0	63381	7	6	63799	8	2870	2867	9
138.0	63545	28	35	63800	20	2821	2767	9
138.0	63506	9	9	63801	8	2700	2872	11
138.0	63496	5	2	63802	8	2932	3273	7
138.0	63376	20	20	63803	20	2968	3178	7
138.0	63489	21	14	63804	27	2981	3266	7
138.0	63362	16	18	63805	14	3237	3310	7
138.0	63369	22	23	63806	20	2874	3241	5
138.0	63476	28	27	63807	27	3040	2960	12
138.0	63406	17	19	63808	14	3127	3150	8
138.0	63458	16	16	63809	16	3073	3328	9
138.0	63442	21	22	63810	20	3077	3616	7
138.0	63396	4	4	63811	4	3191	3107	11
138.0	63355	26	25	63812	27	2653	2528	10
138.0	63419	10	11	63813	9	2988	3050	9
139.0	63448	7	8	63814	6	2966	3239	10
139.0	63539	11	13	63815	9	2960	3200	9
139.0	63611	27	22	63816	32	2802	2889	8
139.0	63658	8	4	63817	12	2859	3190	7
139.0	63506	9	8	63818	10	2700	2872	12
139.0	63552	11	13	63819	8	2925	3069	8
139.0	63483	13	14	63820	11	3047	3141	7
139.0	63665	5	8	63821	2	2920	3159	9
139.0	63663	13	17	63822	9	3052	2901	11
139.0	63442	22	21	63823	22	3077	3616	8
139.0	63366	13	6	63824	18	3234	3170	11
139.0	63359	8	10	63825	5	2681	2770	11
139.0	63637	15	17	63826	12	2722	2684	11
139.0	63568	5	3	63827	7	2828	3190	6
140.0	63450	13	17	63828	9	2790	3028	10
140.0	63361	14	17	63829	10	2719	2870	7
140.0	63386	32	32	63830	32	3121	3016	8
140.0	63687	6	3	63831	6	2831	2959	7
140.0	63506	8	11	63832	4	2700	2872	13
140.0	63541	15	14	63833	16	2781	2927	6
140.0	63398	32	31	63834	33	2822	2908	9
140.0	63364	13	15	63835	11	3110	3282	12
140.0	63665	8	12	63836	4	2920	3159	10
140.0	63354	5	5	63837	5	2897	3031	11
140.0	63418	7	4	63838	10	2842	2858	9
140.0	63505	33	30	63839	33	2899	2836	8
141.0	63696	8	11	63840	4	3191	3122	11
141.0	63376	20	18	63841	21	2968	3178	8
141.0	63721	14	16	63842	10	2838	2387	8
141.0	63364	15	12	63843	18	3110	3282	13
141.0	63505	30	27	63844	32	2899	2836	9
141.0	63652	14	10	63845	18	3365	3160	10
141.0	63481	14	18	63846	9	2749	2871	9
141.0	63532	30	38	63847	21	3051	2978	9
141.0	63540	24	27	63848	20	3133	2881	10
141.0	63541	14	13	63849	15	2781	2927	7
141.0	63479	32	31	63850	32	2951	3097	7
141.0	63427	19	13	63851	20	2851	2375	8
141.0	63649	16	15	63852	17	3170	3163	11
141.0	63471	8	10	63853	6	3272	3089	9
141.0	63393	12	11	63854	13	2988	3160	7
141.0	63385	11	13	63855	8	3090	3260	9
142.0	63595	2	3	63856	1	3089	3157	10
142.0	63628	28	33	63857	23	2858	2910	8
142.0	63499	24	29	63858	15	3100	2455	8
142.0	63550	10	8	63859	12	2887	2848	8
142.0	63615	13	17	63860	8	3200	2845	10
142.0	63575	24	30	63861	17	3291	3203	10
142.0	63696	11	14	63862	7	3191	3122	12
142.0	63551	17	21	63863	13	3187	3012	8
142.0	63421	9	9	63864	9	2788	2779	11
142.0	63455	15	16	63865	12	3102	3052	9
142.0	63477	28	28	63866	27	3261	3270	7
142.0	63585	29	25	63867	30	2739	2506	9
142.0	63656	6	6	63868	6	2988	3030	9
142.0	63556	19	15	63869	23	3378	3193	9
142.0	63525	21	18	63870	23	3161	3284	7
142.0	63444	5	8	63871	2	2853	2543	9
142.0	63451	26	26	63872	25	3001	2839	7
142.0	63649	15	13	63873	16	3170	3163	12
142.0	63374	21	19	63874	23	3180	3231	12
142.0	63392	2	3	63875	1	3024	2930	10
143.0	63541	13	8	63876	17	2781	2927	8
143.0	63465	21	18	63877	24	2979	3372	7
143.0	63486	20	25	63878	15	3057	3081	11
143.0	63451	26	29	63879	23	3001	2839	8
143.0	63564	33	34	63880	31	3081	2937	9
143.0	63452	14	13	63881	14	2778	2948	8
143.0	63533	7	5	63882	9	3131	3030	7
143.0	63615	17	16	63883	16	3200	2845	11
143.0	63616	5	7	63884	3	3050	3234	8
143.0	63679	11	8	63885	13	3106	3339	10
143.0	63529	20	18	63886	20	2849	2941	10
143.0	63415	15	16	63887	12	3016	3281	6
143.0	63585	25	22	63888	26	2739	2506	10
143.0	63374	19	17	63889	20	3180	3231	13
144.0	63804	27	33	63890	21	2981	3280	8
144.0	63449	15	15	63891	14	3090	3066	10
144.0	63360	15	20	63892	10	3081	2975	10
144.0	63551	21	22	63893	19	3210	3012	9
144.0	63375	17	19	63894	15	3153	2979	11
144.0	63543	22	23	63895	21	3040	3091	6
144.0	63867	30	28	63896	32	2729	2496	10
144.0	63472	6	5	63897	7	2971	3069	7
144.0	63368	17	15	63898	17	2948	2434	11
144.0	63404	30	30	63899	30	2952	2708	9
144.0	63609	5	5	63900	4	2949	3256	10
144.0	63465	18	18	63901	18	2979	3372	8
144.0	63707	7	7	63902	7	3033	2791	11
144.0	63583	25	29	63903	20	2992	3199	8
145.0	63633	25	23	63904	26	2781	3040	7
145.0	63448	8	7	63905	9	2947	3239	11
145.0	63737	17	19	63906	15	2561	2673	9
145.0	63438	15	15	63907	14	3218	3046	10
145.0	63487	20	16	63908	23	2799	2815	9
145.0	63591	23	16	63909	30	3119	3341	9
145.0	63525	18	19	63910	16	3161	3284	8
145.0	63746	20	19	63911	20	3291	3282	7
145.0	63492	22	18	63912	26	2850	3027	9
145.0	63596	9	6	63913	11	3278	3143	12
145.0	63409	20	21	63914	18	2801	2504	12
145.0	63734	27	27	63915	25	2898	2938	8
145.0	63601	9	7	63916	8	2891	3167	10
146.0	63627	24	25	63917	23	3083	3390	8
146.0	63465	18	16	63918	20	2979	3372	9
146.0	63546	11	8	63919	14	3067	3331	9
146.0	63525	19	19	63920	19	3161	3284	9
146.0	63383	10	13	63921	7	3129	3323	7
146.0	63653	11	11	63922	11	2767	2569	9
146.0	63544	18	20	63923	15	2634	2581	9
146.0	63633	23	20	63924	25	2781	3040	8
146.0	63700	20	19	63925	21	2762	2851	9
146.0	63541	8	8	63926	7	2781	2927	9
146.0	63602	10	12	63927	6	2951	3224	10
146.0	63496	2	2	63928	2	2932	3273	8
146.0	63603	10	9	63929	11	2991	3074	8
146.0	63375	19	23	63930	15	3153	2979	12
146.0	63443	38	42	63931	30	2849	2971	5
146.0	63663	17	23	63932	11	3093	2910	12
147.0	63450	17	10	63933	22	2790	3011	11
147.0	63518	16	23	63934	8	2992	3339	8
147.0	63369	23	21	63935	24	2874	3241	6
147.0	63736	15	14	63936	16	3100	2975	11
147.0	63664	12	8	63937	15	2782	2688	8
147.0	63590	6	9	63938	3	2806	2671	10
147.0	63632	26	22	63939	27	2654	2618	10
147.0	63495	7	6	63940	8	2793	2658	12
147.0	63672	15	12	63941	18	2699	2796	11
147.0	63614	10	12	63942	7	2861	3162	9
147.0	63394	16	16	63943	16	2793	3268	8
147.0	63615	16	12	63944	20	3200	2845	12
147.0	63575	30	32	63945	28	3291	3203	11
147.0	63410	18	15	63946	20	2739	2884	8
147.0	63377	29	22	63947	33	3419	3252	8
147.0	63622	12	12	63948	11	3061	3110	7
147.0	63580	27	35	63949	19	3169	3067	11
147.0	63540	27	24	63950	28	3133	2881	11
147.0	63669	13	15	63951	11	3102	3228	8
147.0	63678	19	20	63952	15	3121	3270	11
148.0	63511	29	27	63953	31	3290	2931	10
148.0	63664	8	11	63954	5	2782	2688	9
148.0	63395	24	21	63955	23	3230	3290	8
148.0	63794	16	16	63956	16	2918	2262	9
148.0	63423	7	6	63957	7	2921	3318	8
148.0	63828	9	5	63958	12	2711	3082	11
148.0	63462	11	11	63959	11	2960	2978	9
148.0	63362	18	12	63960	22	3249	3322	8
148.0	63482	21	27	63961	15	2713	2819	9
148.0	63637	17	17	63962	16	2722	2684	12
148.0	63602	12	9	63963	15	2951	3224	11
148.0	63392	3	4	63964	2	3024	2930	11
148.0	63734	27	27	63965	25	2898	2938	9
148.0	63692	17	18	63966	16	2931	2993	11
148.0	63579	9	8	63967	10	3122	2971	9
148.0	63755	9	8	63968	9	3211	3217	10
148.0	63480	16	15	63969	15	3080	3375	8
148.0	63571	8	9	63970	7	2957	2959	10
148.0	63364	12	12	63971	11	3110	3282	14
149.0	63471	10	8	63972	12	3272	3089	10
149.0	63627	25	27	63973	23	3083	3411	9
149.0	63655	31	33	63974	26	2932	2868	8
149.0	63388	8	3	63975	13	3220	3083	9
149.0	63626	11	11	63976	11	3251	3081	8
149.0	63364	12	16	63977	8	3110	3282	15
149.0	63618	18	16	63978	17	2710	2762	9
149.0	63637	17	13	63979	20	2722	2684	13
149.0	63540	24	21	63980	26	3133	2881	12
149.0	63409	21	12	63981	29	2801	2504	13
149.0	63799	8	7	63982	8	2882	2879	10
150.0	63604	32	37	63983	27	2939	2774	10
150.0	63495	6	7	63984	5	2793	2658	13
150.0	63485	23	25	63985	20	3235	3570	5
150.0	63553	33	34	63986	31	2942	2493	8
150.0	63382	12	14	63987	9	2778	2762	12
150.0	63500	29	36	63988	21	2830	2943	6
150.0	63556	15	17	63989	13	3378	3193	10
150.0	63662	30	27	63990	29	3276	3120	11
150.0	63944	20	19	63991	19	3212	2857	13
150.0	63667	16	19	63992	12	2758	2810	9
150.0	63478	26	27	63993	24	2809	2553	9
150.0	63628	33	30	63994	34	2858	2910	9
150.0	63467	18	15	63995	19	3297	3101	10
150.0	63477	28	30	63996	26	3261	3270	8
150.0	63721	16	16	63997	16	2825	2400	9
150.0	63507	11	8	63998	12	2912	2313	9
151.0	63611	22	25	63999	18	2802	2889	9
151.0	63708	11	9	64000	12	2811	2847	9
151.0	63543	23	28	64001	18	3040	3091	7
151.0	63721	16	18	64002	14	2825	2400	10
151.0	63487	16	16	64003	16	2799	2815	10
151.0	63544	20	18	64004	21	2634	2581	10
151.0	63710	4	5	64005	3	3324	3131	12
151.0	63582	23	25	64006	18	2832	2888	8
151.0	63468	26	22	64007	28	3371	3210	8
151.0	63439	15	15	64008	15	2742	2701	10
151.0	63499	29	25	64009	30	3100	2455	9
151.0	63492	18	17	64010	18	2850	3027	10
151.0	63577	2	1	64011	3	2920	3118	9
152.0	63725	17	15	64012	19	3110	3330	11
152.0	63669	15	14	64013	15	3102	3228	9
152.0	63721	18	20	64014	16	2825	2400	11
152.0	63432	4	5	64015	3	3171	3024	9
152.0	63718	12	16	64016	8	3212	3281	12
152.0	63478	27	24	64017	30	2809	2553	10
152.0	63592	16	22	64018	10	2912	2331	9
152.0	63731	14	13	64019	13	3214	3010	8
152.0	63529	18	18	64020	18	2849	2941	11
152.0	63416	11	12	64021	9	2879	3190	7
152.0	63628	30	33	64022	27	2870	2922	10
153.0	63452	13	15	64023	9	2778	2948	9
153.0	63623	14	10	64024	16	2618	2770	11
153.0	63599	10	5	64025	15	3122	2990	10
153.0	63451	29	29	64026	26	3045	2894	9
153.0	63927	6	6	64027	5	2941	3201	11
153.0	63628	33	40	64028	26	2870	2922	11
153.0	63904	26	25	64029	26	2606	2969	8
153.0	63506	11	9	64030	11	2700	2872	14
153.0	63670	24	27	64031	21	2924	2361	10
153.0	63725	15	17	64032	13	3110	3330	12
153.0	63465	16	17	64033	15	2979	3372	10
153.0	63539	13	11	64034	13	2960	3200	10
153.0	63693	10	9	64035	10	3172	3111	8
153.0	63596	6	9	64036	3	3295	3160	13
154.0	63425	12	10	64037	12	3142	3111	8
154.0	63553	34	28	64038	39	2942	2493	9
154.0	63845	18	17	64039	16	3369	3143	11
154.0	63498	17	14	64040	18	3031	3201	9
154.0	63469	16	14	64041	18	2999	2980	10
154.0	63591	16	14	64042	17	3130	3374	10
154.0	63615	12	15	64043	8	3200	2845	13
154.0	63727	16	17	64044	13	3301	3330	7
154.0	63447	7	6	64045	7	3083	3280	10
154.0	63670	27	25	64046	29	2924	2361	11
154.0	63776	2	1	64047	3	3005	2930	10
154.0	63368	15	17	64048	13	2948	2434	12
155.0	63597	22	18	64049	24	2869	2694	8
155.0	63553	28	24	64050	32	2942	2493	10
155.0	63370	26	18	64051	32	2823	3240	8
155.0	63648	23	15	64052	29	3183	2980	8
155.0	63784	8	7	64053	8	2920	3224	10
155.0	63368	17	22	64054	12	2948	2434	13
155.0	63845	17	14	64055	19	3369	3143	12
155.0	63425	10	10	64056	10	3142	3111	9
155.0	63794	16	18	64057	13	2918	2262	10
155.0	63575	32	29	64058	34	3291	3203	12
155.0	63667	19	17	64059	20	2758	2810	10
156.0	63692	18	20	64060	16	2931	2993	12
156.0	63440	26	22	64061	29	3260	2852	7
156.0	63467	15	11	64062	18	3297	3101	11
156.0	63593	18	20	64063	16	3196	3260	10
156.0	63393	11	9	64064	12	2988	3160	8
156.0	63414	11	9	64065	13	2911	2981	11
156.0	63932	11	14	64066	8	3135	2910	13
156.0	63423	6	4	64067	8	2921	3318	9
156.0	63750	8	8	64068	8	2799	3030	10
156.0	63558	19	16	64069	21	2759	2651	9
156.0	63382	14	14	64070	14	2778	2762	13
156.0	63443	42	36	64071	45	2861	3001	6
156.0	63383	13	15	64072	10	3129	3323	8
156.0	63649	13	11	64073	15	3170	3163	13
156.0	63643	23	23	64074	21	2899	2902	7
156.0	63940	8	3	64075	13	2819	2631	13
156.0	63546	8	7	64076	8	3067	3331	10
156.0	63360	20	16	64077	24	3081	2952	11
156.0	63359	10	13	64078	7	2673	2650	12
156.0	63362	12	11	64079	13	3281	3354	9
156.0	63653	11	15	64080	7	2767	2569	10
157.0	63439	15	15	64081	14	2742	2701	11
157.0	63812	27	28	64082	26	2634	2313	11
157.0	63848	20	17	64083	21	3271	2969	11
157.0	63558	16	8	64084	24	2759	2651	10
157.0	63440	22	24	64085	15	3260	2852	8
157.0	63804	33	35	64086	29	2981	3280	9
157.0	63416	12	7	64087	17	2879	3190	8
157.0	63644	11	9	64088	13	2659	2775	11
157.0	63564	34	33	64089	35	3100	2937	10
157.0	63543	28	22	64090	34	3040	3091	8
157.0	63471	8	11	64091	5	3272	3089	11
157.0	63647	25	23	64092	27	3604	2712	10
157.0	63697	28	23	64093	32	2731	2953	9
157.0	63357	8	8	64094	7	2919	3211	11
157.0	63652	10	8	64095	12	3382	3177	11
157.0	63851	20	17	64096	22	2790	2384	9
157.0	63960	22	12	64097	29	3281	3377	9
157.0	63876	17	18	64098	15	2781	2907	9
157.0	63502	16	16	64099	16	2760	2782	11
157.0	63406	19	20	64100	18	3127	3150	9
157.0	63653	15	16	64101	13	2767	2569	11
157.0	63391	21	22	64102	19	2773	2830	9
158.0	63433	18	20	64103	16	3288	3231	8
158.0	63751	17	14	64104	20	2790	2688	10
158.0	63872	25	30	64105	20	3017	2839	8
158.0	63551	22	25	64106	17	3231	3012	10
158.0	63615	15	14	64107	16	3200	2845	14
158.0	63357	8	11	64108	5	2919	3211	12
158.0	63828	5	5	64109	5	2711	3082	12
158.0	63641	23	24	64110	22	3228	3182	10
158.0	63716	31	26	64111	35	2925	2810	11
158.0	63481	18	19	64112	15	2673	2899	10
158.0	63739	11	13	64113	9	3110	3314	12
158.0	63440	24	25	64114	22	3260	2852	9
158.0	63817	12	13	64115	11	2804	3190	8
158.0	63450	10	12	64116	8	2768	3011	12
159.0	63766	14	15	64117	12	2801	2488	12
159.0	63807	27	21	64118	30	3058	2960	13
159.0	63718	16	12	64119	19	3212	3281	13
159.0	63585	22	21	64120	18	2739	2506	11
159.0	63400	11	9	64121	12	3217	3360	10
159.0	63817	13	12	64122	14	2804	3190	9
159.0	63945	28	22	64123	32	3363	3179	12
159.0	63748	12	10	64124	11	3109	3150	8
159.0	63798	7	7	64125	5	2810	2594	12
159.0	63721	20	18	64126	21	2825	2400	12
159.0	63377	22	20	64127	23	3419	3252	9
159.0	63629	23	23	64128	21	2784	1887	8
159.0	63605	9	9	64129	9	3071	3062	13
159.0	63583	29	26	64130	27	2992	3199	9
159.0	63727	17	18	64131	14	3301	3330	8
159.0	63724	6	6	64132	5	2760	2724	12
159.0	63359	13	9	64133	16	2673	2650	13
159.0	63804	35	28	64134	40	2981	3280	10
159.0	63506	9	13	64135	5	2700	2872	15
160.0	63908	23	14	64136	31	2830	2802	10
160.0	63892	10	11	64137	9	3069	2902	11
160.0	63957	7	9	64138	5	2904	3359	9
160.0	63580	35	33	64139	34	3169	3067	12
160.0	63927	6	6	64140	6	2941	3201	12
160.0	63414	9	7	64141	11	2911	2981	12
160.0	63672	12	7	64142	16	2699	2796	12
160.0	63361	17	13	64143	21	2719	2870	8
160.0	63796	9	11	64144	7	2778	3370	7
160.0	63637	13	13	64145	10	2709	2697	14
160.0	63596	9	8	64146	10	3295	3160	14
160.0	63593	20	23	64147	16	3196	3260	11
160.0	63556	17	20	64148	13	3412	3227	11
160.0	63801	8	10	64149	6	2560	2739	12
161.0	63818	10	6	64150	12	2661	2833	13
161.0	63385	13	13	64151	12	3090	3260	10
161.0	63672	7	9	64152	5	2699	2796	13
161.0	63637	13	11	64153	14	2709	2697	15
161.0	63458	16	10	64154	21	3027	3400	10
161.0	64016	8	8	64155	8	3227	3318	13
161.0	63722	10	10	64156	9	3078	3000	10
161.0	63892	11	9	64157	13	3069	2902	12
161.0	63427	13	19	64158	7	2851	2375	9
161.0	63481	19	17	64159	21	2673	2899	11
161.0	63930	15	14	64160	14	3189	2931	13
161.0	63518	23	19	64161	26	2992	3379	9
161.0	63928	2	1	64162	3	2903	3301	9
161.0	63677	14	16	64163	12	3165	3340	6
161.0	63994	34	30	64164	37	2870	2879	10
161.0	63848	17	17	64165	15	3271	2969	12
161.0	63663	23	18	64166	28	3125	2859	13
161.0	64044	13	13	64167	13	3341	3330	8
161.0	63807	21	22	64168	18	3058	2960	14
161.0	63867	28	28	64169	28	2898	2721	11
161.0	63651	6	3	64170	8	2843	3240	9
161.0	63393	9	10	64171	8	2988	3160	9
162.0	63485	25	18	64172	32	3235	3570	6
162.0	63652	8	10	64173	6	3399	3177	12
162.0	63622	12	12	64174	12	3061	3110	8
162.0	63783	19	17	64175	20	2731	2564	9
162.0	63960	12	12	64176	10	3281	3377	10
162.0	63678	20	19	64177	20	3121	3270	12
162.0	63528	31	26	64178	34	2622	3244	8
162.0	63807	22	17	64179	25	3058	2960	15
162.0	63637	11	12	64180	9	2709	2697	16
162.0	63443	36	32	64181	37	2861	3001	7
162.0	63391	22	20	64182	23	2773	2830	10
162.0	63916	8	4	64183	12	2891	3179	11
162.0	63575	29	34	64184	22	3291	3203	13
162.0	63722	10	10	64185	10	3078	3000	11
162.0	63368	22	24	64186	19	2948	2434	14
162.0	63692	20	16	64187	24	2931	2993	13
162.0	63397	16	16	64188	14	3161	3248	7
162.0	63500	36	30	64189	39	2830	2943	7
162.0	63690	8	6	64190	8	2778	2998	10
163.0	63916	4	2	64191	6	2891	3179	12
163.0	63382	14	11	64192	15	2778	2762	14
163.0	63592	22	24	64193	19	2912	2331	10
163.0	63940	3	2	64194	4	2819	2631	14
163.0	63516	10	9	64195	10	2858	3228	9
163.0	63664	11	11	64196	11	2808	2721	10
163.0	63751	14	10	64197	18	2790	2688	11
163.0	63710	5	6	64198	4	3335	3120	13
163.0	63539	11	14	64199	8	2960	3200	11
163.0	63575	34	34	64200	32	3291	3203	14
163.0	63377	20	25	64201	15	3419	3269	10
163.0	63404	30	34	64202	24	3176	2760	10
163.0	63611	25	22	64203	28	2790	2877	10
163.0	63548	24	24	64204	22	3260	3228	8
163.0	63854	13	16	64205	10	2948	3160	8
164.0	63969	15	15	64206	14	3090	3409	9
164.0	63667	17	18	64207	15	2758	2810	11
164.0	63777	22	22	64208	20	2997	3421	10
164.0	63493	15	12	64209	18	3138	3398	6
164.0	63392	4	4	64210	3	3024	2930	12
164.0	63721	18	14	64211	20	2825	2400	13
164.0	63568	3	4	64212	1	2771	3161	7
164.0	63433	20	15	64213	23	3288	3231	9
164.0	63664	11	9	64214	10	2808	2721	11
164.0	63553	24	23	64215	23	2942	2493	11
164.0	63845	14	14	64216	14	3369	3143	13
164.0	63876	18	15	64217	21	2781	2907	10
164.0	63502	16	16	64218	15	2760	2782	12
164.0	63823	22	20	64219	22	3092	3616	9
164.0	63798	7	6	64220	8	2810	2577	13
164.0	64022	27	26	64221	24	2870	2940	11
164.0	63565	10	12	64222	8	2848	2781	9
164.0	63428	19	23	64223	14	2311	3288	6
164.0	63723	20	17	64224	23	2759	2536	11
164.0	63641	24	20	64225	27	3228	3182	11
164.0	63966	16	18	64226	14	2947	2931	12
164.0	63750	8	6	64227	9	2799	3030	11
164.0	63751	10	6	64228	14	2790	2688	12
164.0	63628	40	43	64229	33	2870	2922	12
164.0	63854	16	13	64230	17	2948	3160	9
164.0	63444	8	8	64231	8	2866	2530	10
164.0	63362	11	9	64232	13	3338	3398	10
164.0	63686	6	3	64233	8	2866	3349	8
165.0	63629	23	18	64234	27	2707	1748	9
165.0	63721	14	16	64235	12	2825	2400	14
165.0	63364	16	14	64236	16	3110	3282	16
165.0	63409	12	9	64237	14	2801	2504	14
165.0	64126	21	20	64238	21	2825	2451	13
165.0	63365	5	7	64239	3	2761	2999	10
165.0	63898	17	18	64240	16	2981	2407	12
165.0	63798	6	8	64241	3	2810	2577	14
165.0	64016	8	6	64242	10	3227	3318	14
165.0	63896	32	30	64243	33	2699	2539	11
165.0	63724	6	5	64244	7	2760	2724	13
165.0	63750	6	4	64245	8	2799	3030	12
165.0	63723	17	17	64246	17	2759	2536	12
165.0	63435	16	17	64247	14	3313	3271	9
165.0	63573	4	4	64248	4	2702	2960	9
166.0	63783	17	18	64249	16	2731	2564	10
166.0	63357	11	12	64250	10	2910	3220	13
166.0	63587	16	18	64251	12	2728	3391	6
166.0	63723	17	18	64252	16	2759	2536	13
166.0	63546	7	4	64253	10	3067	3349	11
166.0	63811	4	6	64254	2	3180	3080	12
166.0	63925	21	18	64255	22	2759	2848	10
166.0	63440	25	27	64256	21	3260	2852	10
166.0	63557	20	21	64257	18	3259	3121	10
166.0	63366	6	3	64258	9	3260	3144	12
166.0	63507	8	7	64259	9	2898	2299	10
166.0	64042	17	17	64260	16	3285	3509	11
166.0	64071	45	47	64261	43	2849	3030	7
166.0	63435	17	18	64262	16	3313	3271	10
166.0	63766	15	12	64263	18	2801	2488	13
166.0	63482	27	29	64264	24	2713	2819	10
166.0	63381	6	3	64265	9	2870	2849	10
166.0	63764	14	16	64266	11	2849	2801	10
166.0	63478	24	25	64267	21	2863	2553	11
166.0	63791	5	7	64268	3	2782	2960	8
166.0	63923	15	13	64269	16	2660	2581	10
167.0	63730	12	14	64270	8	3280	3271	10
167.0	63568	4	4	64271	3	2771	3161	8
167.0	63433	15	14	64272	16	3288	3231	10
167.0	63565	12	13	64273	10	2848	2781	10
167.0	63556	20	19	64274	21	3412	3227	12
167.0	63889	20	21	64275	17	3180	3249	14
167.0	63373	18	18	64276	17	3360	3021	10
167.0	63782	31	33	64277	29	3160	3733	7
167.0	63969	15	17	64278	11	3090	3409	10
167.0	63935	24	17	64279	30	2801	3241	7
167.0	63593	23	22	64280	24	3209	3273	12
167.0	63793	15	14	64281	16	3070	3292	10
167.0	63823	20	17	64282	21	3092	3616	10
167.0	63574	29	32	64283	26	2886	2722	8
167.0	64198	4	5	64284	3	3363	3071	14
168.0	63370	18	19	64285	16	2703	3159	9
168.0	63577	1	1	64286	1	2920	3118	10
168.0	63707	7	9	64287	5	3134	2721	12
168.0	63801	10	9	64288	11	2551	2707	13
168.0	63631	14	17	64289	11	3020	3380	10
168.0	64023	9	7	64290	11	2766	2960	10
168.0	64247	14	13	64291	15	3357	3271	10
168.0	64221	24	22	64292	23	2870	2940	12
168.0	63452	15	12	64293	18	2732	2942	10
169.0	63790	17	17	64294	17	2910	2871	8
169.0	63907	14	16	64295	11	3218	3032	11
169.0	64102	19	17	64296	19	2773	2860	10
169.0	64154	21	24	64297	18	3050	3491	11
169.0	63518	19	18	64298	19	2992	3379	10
169.0	63544	18	17	64299	18	2634	2581	11
169.0	63670	25	22	64300	28	2924	2361	12
169.0	63965	25	23	64301	27	2952	2878	10
169.0	63724	5	7	64302	3	2760	2724	14
169.0	63994	30	22	64303	36	2870	2879	11
169.0	63647	23	17	64304	28	3659	2582	11
169.0	63779	16	14	64305	17	2957	2391	11
170.0	63647	17	16	64306	17	3659	2582	12
170.0	63960	12	9	64307	14	3281	3377	11
170.0	64126	20	18	64308	22	2825	2451	14
170.0	64154	24	23	64309	25	3050	3491	12
170.0	63458	10	12	64310	7	3027	3400	11
170.0	63877	24	23	64311	24	2984	3499	8
170.0	63553	23	23	64312	23	2942	2493	12
170.0	63779	14	7	64313	18	2957	2391	12
170.0	64206	14	10	64314	17	3106	3449	10
170.0	63801	9	7	64315	11	2551	2707	14
170.0	63817	12	10	64316	13	2730	3173	10
170.0	63902	7	8	64317	6	3101	2617	12
170.0	63997	16	12	64318	20	2859	2418	10
170.0	63875	1	1	64319	1	3050	2918	11
170.0	64046	29	21	64320	33	2858	2437	12
170.0	64097	29	32	64321	26	3389	3320	10
170.0	63499	25	23	64322	26	3100	2455	10
170.0	63464	11	17	64323	5	2449	3381	7
170.0	63695	28	29	64324	26	2917	2134	10
170.0	63782	33	33	64325	32	3160	3733	8
170.0	63749	13	8	64326	18	2660	2766	11
170.0	63653	16	11	64327	20	2789	2621	12
171.0	63548	24	28	64328	17	3260	3228	9
171.0	63623	10	12	64329	8	2593	2770	12
171.0	63828	5	3	64330	6	2711	3082	13
171.0	63391	20	21	64331	19	2773	2830	11
171.0	64047	3	5	64332	1	2989	2901	11
171.0	64054	12	13	64333	11	2973	2459	14
171.0	63918	20	14	64334	24	2898	3469	10
171.0	63373	18	12	64335	24	3329	2939	11
171.0	63464	17	13	64336	20	2449	3381	8
171.0	64247	13	12	64337	14	3357	3271	11
171.0	63499	23	22	64338	22	3100	2455	11
171.0	63930	14	11	64339	17	3189	2931	14
171.0	63590	9	6	64340	12	2840	2671	11
171.0	63698	31	27	64341	31	2584	2839	9
171.0	63866	27	25	64342	27	3329	3302	8
171.0	63945	22	20	64343	23	3363	3179	13
171.0	63421	9	7	64344	11	2820	2779	12
171.0	63794	18	16	64345	19	2918	2262	11
171.0	63922	11	13	64346	9	2721	2534	10
171.0	64024	16	16	64347	15	2561	2886	12
171.0	63877	23	25	64348	19	2984	3499	9
171.0	64046	21	24	64349	18	2858	2437	13
171.0	63388	3	3	64350	3	3220	3083	10
171.0	63522	13	15	64351	11	3372	3306	7
171.0	63960	9	9	64352	8	3281	3377	12
171.0	63817	10	11	64353	9	2730	3173	11
172.0	63439	15	11	64354	18	2742	2701	12
172.0	63794	16	14	64355	16	2918	2262	12
172.0	63464	13	11	64356	13	2449	3381	9
172.0	64128	21	14	64357	27	2799	1902	9
172.0	63591	14	10	64358	15	3130	3416	11
172.0	63703	26	30	64359	21	3354	3230	10
172.0	63573	4	4	64360	3	2652	2960	10
172.0	64004	21	19	64361	21	2693	2572	11
172.0	64046	24	26	64362	20	2858	2437	14
172.0	63468	22	23	64363	19	3371	3210	9
172.0	63833	16	10	64364	21	2740	2901	7
172.0	63407	22	28	64365	16	2545	3120	10
172.0	63698	27	29	64366	25	2584	2839	10
172.0	63556	19	23	64367	14	3412	3227	13
172.0	63945	20	18	64368	22	3363	3179	14
173.0	64157	13	16	64369	10	3080	2871	13
173.0	63497	4	3	64370	4	2700	2969	8
173.0	63368	24	19	64371	25	2948	2434	15
173.0	64048	13	12	64372	14	2962	2483	13
173.0	63997	12	8	64373	16	2859	2418	11
173.0	63805	14	16	64374	12	3200	3364	8
173.0	63423	4	3	64375	5	2921	3318	10
173.0	64159	21	22	64376	18	2639	2908	12
173.0	63374	17	14	64377	20	3180	3231	14
173.0	63858	15	15	64378	14	3068	2658	9
173.0	63499	22	20	64379	22	3070	2493	12
173.0	63795	18	18	64380	17	2857	2730	9
173.0	63631	17	16	64381	18	3020	3380	11
173.0	63539	14	15	64382	12	2960	3200	12
173.0	63899	30	22	64383	36	2947	2693	10
173.0	63556	23	15	64384	30	3412	3227	14
174.0	64088	13	11	64385	12	2592	2810	12
174.0	64009	30	30	64386	28	2999	2474	10
174.0	63547	27	23	64387	30	3063	3542	6
174.0	64042	17	16	64388	18	3292	3552	12
174.0	63634	25	28	64389	20	3409	3286	8
174.0	63630	14	15	64390	13	2610	2741	10
174.0	63409	9	10	64391	8	2801	2504	15
174.0	63637	12	12	64392	12	2709	2697	17
174.0	63427	19	19	64393	18	2851	2375	10
174.0	63764	16	21	64394	11	2849	2801	11
174.0	63978	17	17	64395	16	2543	2829	10
174.0	63956	16	17	64396	15	2868	2248	10
174.0	63851	17	22	64397	12	2767	2302	10
174.0	63658	4	5	64398	3	2812	3180	8
174.0	63423	3	4	64399	1	2921	3318	11
174.0	64086	29	25	64400	32	2969	3332	10
174.0	63800	20	18	64401	21	2898	2740	10
175.0	63481	17	14	64402	18	2649	2899	12
175.0	64221	22	20	64403	23	2870	2940	13
175.0	63544	17	17	64404	17	2634	2581	12
175.0	63468	23	21	64405	23	3371	3210	10
175.0	63404	34	27	64406	39	2990	2721	11
175.0	63359	9	9	64407	9	2673	2650	14
175.0	63381	3	2	64408	4	2870	2849	11
175.0	63645	17	18	64409	16	3248	3030	10
175.0	63427	19	18	64410	19	2851	2375	11
175.0	63502	16	14	64411	17	2760	2782	13
175.0	63923	13	14	64412	11	2660	2581	11
175.0	64079	13	14	64413	12	3192	3411	10
176.0	64093	32	28	64414	36	2669	2941	10
176.0	63796	11	10	64415	12	2778	3370	8
176.0	63721	16	14	64416	18	2812	2387	15
176.0	63877	25	23	64417	25	2984	3499	10
176.0	63359	9	8	64418	10	2673	2650	15
176.0	63644	9	10	64419	8	2621	2762	12
176.0	64007	28	30	64420	24	3391	3232	9
176.0	64240	16	21	64421	10	3076	2362	13
176.0	63998	12	15	64422	9	2873	2308	10
176.0	63428	23	24	64423	20	2311	3288	7
176.0	63997	8	10	64424	6	2859	2418	12
177.0	64128	14	13	64425	13	2799	1902	10
177.0	64315	11	7	64426	13	2563	2719	15
177.0	63955	23	21	64427	24	3338	3516	9
177.0	64155	8	6	64428	8	3239	3370	14
177.0	63945	18	13	64429	21	3363	3179	15
177.0	63939	27	34	64430	18	2654	2641	11
177.0	64061	29	25	64431	32	3299	2852	8
177.0	63750	4	4	64432	4	2799	3030	13
177.0	63777	22	18	64433	24	2997	3421	11
177.0	63727	18	17	64434	17	3301	3352	9
177.0	64211	20	22	64435	17	2812	2421	14
178.0	64014	16	21	64436	10	2882	2391	12
178.0	64198	5	3	64437	7	3363	3071	15
178.0	64039	16	16	64438	15	3391	3133	12
178.0	63670	22	33	64439	10	2924	2361	13
178.0	63506	13	13	64440	13	2700	2872	16
178.0	63998	15	10	64441	19	2873	2308	11
178.0	63565	13	15	64442	10	2848	2781	11
178.0	63421	7	8	64443	6	2820	2779	13
178.0	63592	24	29	64444	17	2912	2310	11
178.0	64131	14	13	64445	15	3321	3330	9
178.0	63826	12	11	64446	11	2647	2741	12
178.0	63370	19	22	64447	13	2690	3146	10
179.0	64272	16	18	64448	14	3300	3218	11
179.0	64057	13	6	64449	18	2819	2295	11
179.0	63374	14	15	64450	13	3180	3231	15
179.0	63444	8	7	64451	9	2902	2530	11
179.0	63626	11	12	64452	10	3251	3081	9
179.0	63565	15	15	64453	14	2848	2781	12
179.0	63914	18	17	64454	18	2801	2520	13
179.0	64247	12	14	64455	10	3357	3271	12
179.0	64173	6	7	64456	5	3428	3189	13
180.0	64082	26	29	64457	22	2652	2508	12
180.0	63971	11	11	64458	11	3121	3309	15
180.0	63804	28	24	64459	32	2981	3280	11
180.0	63851	22	21	64460	20	2767	2302	11
180.0	64277	29	26	64461	31	3160	3749	8
180.0	63802	8	7	64462	9	2660	3291	8
180.0	64044	13	8	64463	18	3341	3330	9
180.0	63433	14	12	64464	15	3288	3231	11
180.0	63883	16	14	64465	16	3437	2881	12
180.0	64116	8	6	64466	9	2699	3029	13
180.0	64376	18	15	64467	20	2626	2920	13
180.0	63845	14	12	64468	16	3369	3143	14
180.0	64008	15	17	64469	13	2789	2690	11
180.0	63478	25	21	64470	27	2849	2567	12
180.0	63764	21	26	64471	14	2849	2801	12
180.0	63573	4	5	64472	3	2652	2960	11
180.0	63812	28	25	64473	29	2404	2119	12
180.0	63993	24	21	64474	27	2818	2579	10
180.0	64276	17	23	64475	11	3411	3069	11
181.0	63801	7	7	64476	7	2551	2707	15
181.0	64072	10	11	64477	9	3147	3370	9
181.0	63896	30	24	64478	35	2699	2539	12
181.0	64082	29	27	64479	30	2652	2508	13
181.0	63791	7	5	64480	8	2762	2960	9
181.0	64274	21	20	64481	22	3497	3251	13
181.0	64343	23	18	64482	27	3409	3167	14
181.0	63811	6	6	64483	6	3180	3080	13
181.0	63978	17	20	64484	14	2543	2829	11
181.0	63769	19	27	64485	10	3480	3204	9
181.0	63833	10	7	64486	12	2740	2901	8
181.0	64307	14	18	64487	10	3329	3377	12
181.0	63802	7	7	64488	7	2660	3291	9
181.0	63375	23	19	64489	27	3153	2962	13
182.0	64054	13	12	64490	14	2973	2459	15
182.0	64082	27	26	64491	28	2652	2508	14
182.0	64178	34	36	64492	31	2619	3111	9
182.0	63499	20	18	64493	20	3070	2493	13
182.0	64484	14	6	64494	21	2562	2829	12
182.0	64307	18	10	64495	25	3329	3377	13
182.0	63811	6	8	64496	4	3180	3080	14
182.0	63939	34	30	64497	36	2654	2641	12
182.0	64131	13	14	64498	12	3321	3330	10
182.0	64080	7	7	64499	7	2769	2599	11
182.0	63503	6	6	64500	6	2920	3320	10
182.0	63703	30	28	64501	31	3354	3230	11
182.0	64144	7	10	64502	3	2763	3370	8
182.0	64247	14	18	64503	10	3357	3271	13
182.0	64211	22	24	64504	19	2812	2421	15
182.0	63370	22	18	64505	24	2690	3146	11
182.0	63985	20	18	64506	22	3125	3490	6
182.0	64234	27	28	64507	23	2687	1992	10
182.0	64145	10	11	64508	8	2660	2703	15
182.0	63627	27	28	64509	25	3039	3512	10
182.0	63896	24	24	64510	23	2699	2539	13
182.0	63481	14	13	64511	14	2649	2899	13
182.0	64267	21	18	64512	20	2831	2567	12
182.0	64315	7	7	64513	7	2563	2719	16
182.0	63557	21	18	64514	23	3259	3121	11
183.0	64009	30	32	64515	27	2999	2474	11
183.0	63359	8	5	64516	11	2673	2650	16
183.0	64152	5	5	64517	5	2630	2796	14
183.0	64161	26	24	64518	28	2991	3362	10
183.0	64267	18	12	64519	24	2831	2567	13
183.0	64054	12	11	64520	13	2973	2459	16
183.0	64131	14	9	64521	18	3321	3330	11
183.0	64097	32	35	64522	28	3427	3358	11
183.0	63423	4	4	64523	4	2888	3354	12
183.0	63409	10	13	64524	6	2801	2504	16
183.0	64336	20	24	64525	14	2510	3196	9
183.0	63507	7	7	64526	7	2898	2278	11
183.0	64081	14	19	64527	8	2760	2701	12
183.0	64157	16	16	64528	14	3080	2871	14
183.0	64138	5	4	64529	5	2904	3472	10
183.0	63985	18	19	64530	17	3125	3490	7
183.0	63930	11	13	64531	9	3189	2931	15
183.0	64224	23	20	64532	26	2804	2560	12
184.0	64373	16	19	64533	12	2889	2418	12
184.0	63935	17	18	64534	15	2801	3241	8
184.0	63893	19	16	64535	22	3270	2881	10
184.0	64038	39	38	64536	40	2942	2459	10
184.0	63782	33	38	64537	26	3160	3733	9
184.0	64117	12	17	64538	6	2774	2461	13
184.0	63631	16	19	64539	13	3020	3380	12
184.0	64198	3	5	64540	1	3389	3069	16
184.0	64101	13	15	64541	10	2790	2597	12
184.0	63632	22	22	64542	18	2640	2632	11
184.0	63654	29	37	64543	21	2739	2819	8
184.0	64337	14	14	64544	13	3396	3310	12
184.0	64088	11	8	64545	13	2592	2810	13
184.0	63623	12	12	64546	12	2569	2770	13
185.0	64038	38	36	64547	38	2942	2459	11
185.0	63407	28	25	64548	29	2545	3120	11
185.0	63935	18	22	64549	11	2801	3241	9
185.0	63957	9	10	64550	8	2890	3439	10
185.0	63587	18	17	64551	17	2554	3428	7
185.0	63956	17	13	64552	21	2848	2248	11
185.0	63464	11	11	64553	9	2449	3381	10
185.0	64211	24	23	64554	24	2812	2421	16
185.0	64088	8	7	64555	9	2592	2810	14
185.0	64123	32	32	64556	32	3440	3153	13
185.0	63485	18	21	64557	15	3254	3679	7
185.0	64321	26	24	64558	27	3543	3349	11
186.0	63872	30	26	64559	33	3251	2680	9
186.0	63866	25	23	64560	25	3329	3302	9
186.0	64008	17	18	64561	15	2789	2690	12
186.0	64123	32	33	64562	31	3440	3153	14
186.0	63956	13	14	64563	10	2848	2248	12
186.0	64223	14	13	64564	14	2277	3249	7
186.0	64078	7	6	64565	8	2660	2682	13
186.0	63779	7	5	64566	9	2957	2391	13
186.0	64374	12	13	64567	11	3200	3378	9
186.0	64278	11	12	64568	10	3090	3433	11
186.0	63466	24	19	64569	28	2739	2429	8
186.0	64211	23	21	64570	24	2812	2421	17
186.0	64096	22	20	64571	23	2828	2321	10
186.0	63914	17	14	64572	18	2801	2520	14
186.0	63652	10	13	64573	7	3480	3172	13
186.0	64234	28	23	64574	33	2687	1992	11
186.0	64321	24	23	64575	24	3543	3349	12
186.0	63410	15	18	64576	10	2560	2913	9
186.0	63631	19	18	64577	18	3020	3380	13
186.0	63758	12	14	64578	8	2852	2751	11
187.0	63568	4	4	64579	4	2771	3161	9
187.0	64186	19	21	64580	17	2960	2446	15
187.0	63801	7	7	64581	7	2551	2707	16
187.0	63629	18	20	64582	14	2530	1639	10
187.0	63769	27	25	64583	28	3480	3204	10
187.0	64429	21	21	64584	20	3379	3201	16
187.0	64128	13	10	64585	15	2799	1902	11
187.0	63866	23	22	64586	24	3329	3302	10
187.0	63466	19	18	64587	18	2739	2429	9
187.0	63888	26	26	64588	26	2933	2123	11
187.0	64234	23	25	64589	21	2687	1992	12
187.0	64435	17	20	64590	14	2839	2432	15
187.0	64042	16	15	64591	14	3362	3622	13
187.0	63872	26	27	64592	25	3251	2680	10
188.0	63947	33	31	64593	33	3451	3320	9
188.0	64050	32	27	64594	35	3117	2139	11
188.0	64095	12	15	64595	9	3440	3218	12
188.0	63631	18	16	64596	19	3020	3380	14
188.0	64439	10	9	64597	11	3039	2394	14
188.0	64424	6	6	64598	6	2890	2418	13
188.0	63898	18	17	64599	19	3007	2372	13
189.0	63794	14	17	64600	10	2918	2262	13
189.0	64368	22	23	64601	21	3411	3188	15
189.0	64391	8	8	64602	7	2801	2472	16
189.0	63634	28	22	64603	32	3472	3492	9
189.0	64031	21	25	64604	16	2952	2391	11
190.0	64307	10	8	64605	12	3329	3377	14
190.0	64354	18	18	64606	17	2730	2671	13
190.0	64209	18	19	64607	15	3150	3410	7
190.0	64158	7	8	64608	6	2851	2393	10
190.0	64311	24	20	64609	22	2968	3461	9
190.0	63421	8	7	64610	9	2820	2779	14
190.0	64288	11	12	64611	9	2549	2752	14
190.0	64378	14	14	64612	13	3170	2651	10
190.0	64285	16	16	64613	14	2341	3171	10
190.0	63996	26	27	64614	25	3261	3330	9
190.0	64232	13	11	64615	15	3510	3577	11
190.0	64368	23	20	64616	23	3411	3188	16
190.0	64128	10	9	64617	10	2799	1902	12
191.0	64311	20	15	64618	24	2968	3461	10
191.0	64462	9	11	64619	7	2679	3291	9
191.0	64308	22	24	64620	20	2811	2437	15
191.0	63507	7	10	64621	4	2898	2278	12
191.0	64378	14	12	64622	15	3170	2651	11
191.0	63468	21	25	64623	16	3371	3231	11
191.0	64209	19	20	64624	18	3150	3410	8
191.0	63869	23	26	64625	18	3519	3256	10
191.0	64223	13	12	64626	13	2277	3249	8
191.0	64323	5	5	64627	4	2449	3355	8
191.0	64260	16	13	64628	18	3158	3558	12
191.0	63993	21	21	64629	19	2850	2611	11
191.0	63357	12	11	64630	13	2910	3220	14
191.0	63898	17	21	64631	11	3007	2372	14
191.0	63996	27	26	64632	26	3261	3330	10
192.0	63947	31	25	64633	37	3451	3320	10
192.0	64276	23	24	64634	21	3411	3069	12
192.0	63627	28	27	64635	28	3039	3512	11
192.0	64081	19	17	64636	19	2760	2701	13
192.0	64120	18	15	64637	17	2739	2519	12
192.0	64031	25	20	64638	29	2952	2391	12
192.0	63698	29	34	64639	22	2620	2839	11
193.0	64088	7	6	64640	8	2592	2810	15
193.0	64127	23	23	64641	22	3469	3280	10
193.0	64081	17	18	64642	15	2760	2701	14
193.0	64357	27	29	64643	23	2613	1722	10
193.0	63623	12	12	64644	12	2569	2770	14
193.0	63969	17	16	64645	18	3090	3409	11
193.0	63947	25	26	64646	23	3451	3320	11
193.0	64276	24	24	64647	22	3411	3069	13
193.0	63627	27	29	64648	24	3039	3512	12
193.0	63563	12	9	64649	14	3507	3119	8
193.0	64463	18	18	64650	18	3520	3418	10
193.0	63464	11	10	64651	11	2449	3381	11
193.0	63698	34	37	64652	30	2620	2839	12
193.0	64614	25	21	64653	26	3261	3360	10
194.0	64243	33	30	64654	34	2710	2472	12
194.0	64178	36	40	64655	29	2559	3081	10
194.0	64485	10	11	64656	8	3491	3231	10
194.0	63563	9	7	64657	11	3507	3119	9
194.0	64454	18	16	64658	19	2761	2599	14
194.0	63428	24	22	64659	24	2311	3288	8
194.0	64568	10	5	64660	15	3189	3498	12
194.0	64357	29	23	64661	35	2613	1722	11
195.0	63592	29	25	64662	29	2912	2310	12
195.0	63812	25	22	64663	27	2404	2119	13
195.0	64410	19	20	64664	14	2838	2362	12
195.0	63563	7	7	64665	7	3507	3119	10
195.0	64131	9	10	64666	8	3321	3330	12
195.0	64148	13	17	64667	9	3452	3301	12
195.0	64219	22	26	64668	17	3048	3572	10
195.0	64149	6	7	64669	5	2620	2711	13
195.0	63632	22	19	64670	24	2640	2632	12
195.0	63395	21	16	64671	24	3229	3328	9
195.0	64583	28	28	64672	28	3500	3100	11
195.0	63923	14	17	64673	8	2660	2581	12
195.0	64092	27	27	64674	27	3557	2811	11
196.0	64014	21	18	64675	20	2882	2391	13
196.0	64219	26	27	64676	24	3048	3572	11
196.0	63914	14	15	64677	13	2801	2520	15
196.0	63647	16	10	64678	21	3658	2539	13
196.0	64410	20	25	64679	15	2838	2362	13
196.0	64092	27	26	64680	28	3557	2811	12
196.0	63888	26	24	64681	27	2933	2123	12
196.0	64198	5	3	64682	7	3410	3090	17
196.0	63468	25	31	64683	18	3371	3231	12
196.0	64361	21	21	64684	21	2679	2571	12
196.0	63466	18	10	64685	23	2718	2429	10
196.0	64186	21	23	64686	19	2960	2446	16
196.0	63923	17	18	64687	16	2660	2581	13
196.0	64054	11	16	64688	6	2986	2472	17
196.0	64178	40	40	64689	40	2559	3081	11
196.0	63893	16	17	64690	14	3270	2881	11
196.0	64533	12	12	64691	12	2941	2418	13
197.0	63630	15	12	64692	16	2610	2741	11
197.0	64335	24	22	64693	24	3329	2920	12
197.0	63923	18	21	64694	14	2660	2581	14
197.0	63485	21	23	64695	17	3254	3679	8
197.0	63794	17	14	64696	18	2972	2229	14
197.0	63652	13	16	64697	9	3480	3172	14
197.0	64439	9	8	64698	10	3060	2394	15
197.0	64659	24	22	64699	25	2299	3180	9
197.0	64412	11	11	64700	11	2660	2609	12
197.0	64325	32	33	64701	27	2868	3941	9
197.0	64407	9	4	64702	14	2699	2650	15
197.0	63355	25	16	64703	32	2717	2500	11
198.0	64525	14	15	64704	12	2610	3210	10
198.0	64209	20	21	64705	18	3150	3410	9
198.0	64096	20	21	64706	19	2828	2321	11
198.0	63695	29	25	64707	32	3104	1989	11
198.0	64439	8	7	64708	9	3060	2394	16
198.0	63888	24	23	64709	24	2933	2123	13
198.0	63507	10	8	64710	12	2898	2278	13
199.0	64431	32	30	64711	33	3303	2710	9
199.0	64391	8	7	64712	9	2801	2472	17
199.0	64314	17	15	64713	18	3191	3470	11
199.0	64530	17	15	64714	18	3310	3488	8
199.0	63368	19	16	64715	22	2981	2410	16
199.0	63485	23	24	64716	21	3231	3720	9
199.0	64178	40	33	64717	44	2559	3081	12
199.0	64306	17	16	64718	18	3429	2712	13
199.0	64557	15	11	64719	17	3263	3688	8
200.0	64558	27	24	64720	28	3478	3421	12
200.0	64552	21	19	64721	22	2838	2238	12
200.0	64649	14	12	64722	14	3599	3166	9
200.0	64557	11	9	64723	13	3263	3688	9
200.0	64306	16	12	64724	20	3429	2712	14
200.0	63782	38	34	64725	37	3122	3674	10
200.0	63914	15	14	64726	15	2801	2520	16
200.0	64318	20	27	64727	12	2938	2399	11
200.0	64050	27	34	64728	20	3084	1923	12
200.0	64378	12	8	64729	14	3170	2651	12
200.0	64234	25	25	64730	22	2687	1992	13
201.0	63592	25	19	64731	31	2912	2310	13
201.0	64304	28	24	64732	29	3837	2567	12
201.0	64044	8	11	64733	4	3341	3330	10
201.0	63587	17	15	64734	19	2537	3471	8
201.0	64518	28	33	64735	23	2790	3518	11
201.0	64357	23	23	64736	23	2613	1722	12
201.0	64696	18	20	64737	15	2984	2241	15
201.0	64387	30	41	64738	17	3050	3512	7
201.0	64490	14	16	64739	12	3037	2430	16
201.0	64315	7	8	64740	6	2581	2719	17
201.0	64234	25	19	64741	31	2687	1992	14
201.0	63712	35	32	64742	38	3268	2630	10
201.0	64495	25	26	64743	22	3342	3390	14
201.0	64590	14	17	64744	10	2839	2429	16
201.0	63914	14	14	64745	14	2801	2520	17
201.0	64389	20	18	64746	22	3450	3279	9
202.0	64518	33	31	64747	35	2790	3518	12
202.0	64425	13	13	64748	12	2810	1864	11
202.0	64490	16	15	64749	16	3037	2430	17
202.0	63368	16	13	64750	17	2981	2410	17
202.0	64304	24	26	64751	20	3897	2586	13
202.0	64413	12	10	64752	13	3208	3560	11
202.0	64277	26	26	64753	24	3160	3749	9
202.0	64149	7	5	64754	9	2620	2691	14
202.0	64462	11	13	64755	9	2679	3291	10
202.0	64389	18	22	64756	13	3450	3279	10
202.0	64696	20	10	64757	29	3012	2208	16
202.0	64460	20	18	64758	21	2713	2310	12
202.0	64568	5	5	64759	4	3200	3524	13
203.0	64018	10	8	64760	11	2883	2281	10
203.0	64487	10	11	64761	9	3490	3378	13
203.0	64574	33	38	64762	28	2599	1694	12
203.0	64460	18	13	64763	23	2713	2310	13
203.0	64389	22	16	64764	27	3450	3279	11
203.0	64582	14	16	64765	12	2471	1721	11
203.0	64444	17	16	64766	18	2940	2338	12
203.0	64128	9	9	64767	9	2799	1902	13
203.0	64423	20	23	64768	15	2392	3226	8
203.0	64462	13	9	64769	16	2679	3291	11
204.0	63604	37	34	64770	35	3091	2422	11
204.0	64513	7	8	64771	6	2560	2659	17
204.0	64424	6	9	64772	2	2890	2418	14
204.0	64412	11	11	64773	11	2660	2609	13
204.0	64396	15	12	64774	17	2781	2243	11
204.0	64460	13	10	64775	16	2713	2310	14
204.0	64387	41	36	64776	45	3050	3512	8
204.0	64334	24	26	64777	22	2930	3451	11
204.0	63587	15	16	64778	14	2526	3511	9
204.0	64092	26	22	64779	28	3557	2811	13
204.0	64685	23	23	64780	22	2660	2413	11
204.0	64487	11	7	64781	14	3490	3378	14
204.0	64559	33	35	64782	30	3231	2660	10
204.0	64621	4	3	64783	4	2926	2249	13
204.0	64057	6	5	64784	5	2760	2357	12
204.0	63712	32	32	64785	32	3268	2630	11
205.0	63802	7	7	64786	7	2660	3291	10
205.0	64285	16	15	64787	16	2299	3188	11
205.0	64412	11	9	64788	13	2660	2609	14
205.0	64387	36	37	64789	33	3050	3512	9
206.0	64507	23	24	64790	21	2656	2081	11
206.0	64321	23	18	64791	26	3630	3320	13
206.0	64306	12	11	64792	13	3432	2750	15
206.0	63914	14	9	64793	18	2801	2520	18
206.0	64277	26	23	64794	28	3160	3749	10
207.0	64585	15	17	64795	13	2811	1889	12
207.0	64722	14	15	64796	13	3590	3058	10
207.0	64154	23	18	64797	28	3430	3561	13
207.0	64724	20	21	64798	19	3487	2651	15
207.0	64525	15	18	64799	12	2610	3210	11
207.0	64659	22	22	64800	21	2313	2989	10
207.0	64345	19	15	64801	21	2758	2250	12
207.0	64259	9	10	64802	8	2843	2249	11
208.0	63647	10	9	64803	11	3693	2538	14
208.0	63989	13	20	64804	5	3480	3208	11
208.0	63485	24	21	64805	26	3231	3720	10
208.0	64441	19	24	64806	14	2861	2308	12
208.0	64513	8	11	64807	5	2560	2659	18
208.0	64325	33	28	64808	34	2868	3941	10
208.0	64232	11	10	64809	11	3510	3577	12
208.0	63695	25	27	64810	23	3235	1912	12
208.0	63812	22	17	64811	26	2404	2119	14
208.0	64728	20	19	64812	19	3072	1934	13
208.0	64593	33	30	64813	33	3748	3289	10
208.0	64481	22	21	64814	23	3520	3266	14
208.0	64282	21	20	64815	22	3130	3653	11
208.0	64463	18	20	64816	16	3527	3462	11
208.0	64128	9	9	64817	8	2799	1902	14
209.0	64649	12	8	64818	16	3632	3178	10
209.0	64589	21	24	64819	17	2586	1761	13
209.0	64552	19	20	64820	18	2850	2188	13
209.0	63872	27	26	64821	28	3251	2680	11
209.0	64018	8	8	64822	8	2883	2281	11
209.0	64678	21	22	64823	20	3658	2551	14
210.0	63652	16	22	64824	10	3480	3172	15
210.0	64357	23	20	64825	25	2613	1722	13
210.0	64678	22	19	64826	25	3658	2551	15
210.0	64558	24	32	64827	16	3478	3421	13
210.0	64173	7	6	64828	8	3429	3214	14
210.0	63794	14	12	64829	16	2972	2229	15
210.0	64223	12	10	64830	14	2242	3236	9
210.0	64345	15	21	64831	9	2758	2250	13
211.0	64659	22	18	64832	26	2313	2989	11
211.0	64504	19	17	64833	21	2780	2421	16
211.0	64345	21	19	64834	23	2758	2250	14
211.0	63794	12	11	64835	13	2972	2229	16
211.0	64725	37	43	64836	30	3172	3630	11
212.0	64716	21	26	64837	15	3250	3739	10
212.0	64154	18	16	64838	20	3430	3561	14
212.0	63623	12	12	64839	11	2569	2770	15
212.0	64659	18	20	64840	15	2313	2989	12
212.0	64096	21	29	64841	13	2828	2321	12
212.0	64663	27	21	64842	32	2429	2129	14
212.0	64627	4	5	64843	3	2449	3339	9
212.0	64463	20	18	64844	21	3527	3462	12
212.0	64582	16	12	64845	19	2471	1721	12
212.0	64321	18	15	64846	19	3662	3288	14
212.0	64559	35	33	64847	34	3231	2660	11
212.0	64092	22	17	64848	26	3522	2780	14
212.0	64397	12	13	64849	11	2510	2385	11
212.0	64575	24	20	64850	28	3540	3299	13
213.0	64566	9	7	64851	11	3020	2399	14
213.0	64698	10	7	64852	13	3060	2381	16
213.0	64587	18	22	64853	13	2739	2411	10
213.0	64473	29	32	64854	26	2463	2130	13
213.0	64504	17	15	64855	17	2780	2421	17
214.0	64323	5	6	64856	4	2578	3410	9
214.0	63377	25	21	64857	28	3629	3299	11
214.0	64095	15	21	64858	9	3480	3249	13
214.0	63428	22	27	64859	17	2311	3288	9
214.0	64441	24	19	64860	28	2861	2308	13
214.0	64460	10	12	64861	8	2690	2310	15
214.0	64728	19	16	64862	21	3072	1934	14
214.0	64696	10	10	64863	9	3012	2208	17
214.0	64707	32	35	64864	28	2940	1952	12
215.0	64663	21	17	64865	25	2429	2129	15
215.0	64449	18	17	64866	19	2804	2280	12
215.0	64846	19	15	64867	22	3691	3327	15
215.0	64820	18	23	64868	13	2786	1960	14
215.0	63712	32	23	64869	39	3268	2630	12
215.0	63428	27	30	64870	22	2311	3288	10
215.0	64719	17	15	64871	18	3301	3589	9
215.0	64661	35	37	64872	31	2764	1441	12
215.0	64095	21	22	64873	19	3480	3249	14
216.0	64449	17	21	64874	13	2804	2280	13
216.0	64646	23	23	64875	22	3420	3421	12
216.0	63464	10	10	64876	10	2391	3347	12
216.0	64663	17	13	64877	20	2429	2129	16
216.0	64661	37	40	64878	32	2764	1441	13
216.0	64716	26	32	64879	20	3250	3739	11
216.0	64725	43	44	64880	40	3172	3630	12
216.0	64626	13	13	64881	12	2350	3194	9
216.0	64269	16	14	64882	18	2630	2531	11
216.0	64588	26	29	64883	23	2922	2096	12
216.0	64685	23	21	64884	25	2608	2421	12
216.0	64304	26	27	64885	23	4028	2447	14
216.0	63802	7	8	64886	6	2660	3291	11
217.0	64334	26	26	64887	25	2930	3451	12
217.0	64384	30	33	64888	26	3828	3346	15
217.0	64050	34	36	64889	30	3084	1923	13
217.0	63623	12	13	64890	10	2569	2770	16
217.0	64589	24	30	64891	15	2579	1708	14
218.0	63592	19	16	64892	20	2912	2310	14
218.0	63629	20	21	64893	17	2393	1749	11
218.0	64518	31	27	64894	34	2728	3501	13
218.0	64259	10	16	64895	4	2860	2249	12
218.0	64357	20	17	64896	22	2519	1759	14
218.0	64813	33	31	64897	35	3730	3289	11
218.0	64522	28	31	64898	23	3756	3311	12
218.0	64324	26	32	64899	18	2771	2188	11
218.0	64461	31	27	64900	35	2979	3795	9
218.0	64762	28	29	64901	27	2599	1679	13
218.0	63485	21	26	64902	16	3231	3720	11
218.0	64719	15	13	64903	17	3301	3589	10
218.0	64818	16	14	64904	17	3767	3142	11
218.0	64672	28	24	64905	30	3832	3087	12
218.0	64384	33	35	64906	30	3828	3346	16
218.0	64304	27	26	64907	24	4031	2392	15
218.0	63812	17	13	64908	21	2404	2119	15
218.0	64097	35	30	64909	38	3580	3286	12
219.0	64651	11	9	64910	13	2439	3371	12
219.0	64739	12	13	64911	11	3071	2430	17
219.0	64357	17	14	64912	19	2519	1759	15
219.0	63794	11	10	64913	12	2972	2229	17
219.0	64277	23	24	64914	18	3160	3749	11
219.0	64617	10	8	64915	12	2601	1948	13
219.0	64768	15	14	64916	15	2330	3026	9
219.0	64613	14	13	64917	14	2298	3062	11
220.0	64698	7	6	64918	7	3060	2381	17
220.0	64779	28	28	64919	27	3538	2811	14
220.0	64473	32	32	64920	31	2489	2156	14
220.0	64707	35	39	64921	31	2983	1893	13
220.0	63794	10	15	64922	5	2972	2229	18
220.0	64422	9	12	64923	5	2873	2320	11
221.0	64837	15	11	64924	17	3292	3739	11
221.0	64734	19	26	64925	11	2820	3715	9
221.0	64513	11	9	64926	13	2560	2659	19
221.0	64128	9	9	64927	9	2799	1902	15
221.0	64659	20	25	64928	15	2313	2989	13
221.0	64223	10	11	64929	9	2242	3236	10
221.0	64367	14	13	64930	14	3462	3500	14
221.0	63377	21	21	64931	20	3629	3299	12
221.0	64321	15	13	64932	16	3685	3288	15
222.0	64425	13	17	64933	9	2831	1832	12
222.0	63794	15	17	64934	13	2972	2229	19
222.0	64444	16	14	64935	17	2960	2338	13
222.0	64842	32	33	64936	29	2460	2168	15
222.0	64593	30	24	64937	36	3799	3291	11
222.0	64574	38	31	64938	44	2730	1555	13
222.0	63377	21	16	64939	24	3629	3299	13
222.0	64487	7	6	64940	7	3520	3376	15
222.0	64681	27	29	64941	24	3001	2134	13
222.0	64707	39	37	64942	40	3035	1848	14
223.0	64905	30	26	64943	31	3781	3069	13
223.0	64725	44	41	64944	44	3172	3630	13
223.0	64589	30	31	64945	29	2579	1708	15
223.0	64425	17	18	64946	14	2831	1832	13
223.0	64356	13	13	64947	11	2351	3009	10
223.0	64504	15	19	64948	11	2780	2421	18
223.0	63377	16	12	64949	19	3629	3299	14
224.0	64909	38	41	64950	30	3719	3225	13
224.0	64582	12	11	64951	12	2435	1722	13
224.0	63592	16	19	64952	11	2912	2310	15
224.0	64425	18	22	64953	13	2831	1832	14
224.0	64905	26	35	64954	14	3781	3069	14
225.0	64643	23	22	64955	24	2732	1430	11
225.0	64711	33	34	64956	31	3451	2730	10
225.0	64575	20	22	64957	18	3540	3299	14
225.0	63464	10	12	64958	8	2391	3347	13
225.0	64588	29	23	64959	35	2679	1920	13
225.0	64593	24	24	64960	23	3799	3291	12
225.0	63782	34	35	64961	30	3086	3710	11
226.0	64356	13	15	64962	10	2351	3009	11
226.0	64842	33	28	64963	37	2429	2294	16
226.0	64507	24	22	64964	25	2621	2179	12
226.0	64883	23	23	64965	22	2907	2081	13
226.0	64812	19	13	64966	22	3034	1950	14
226.0	64325	28	31	64967	23	2868	3941	11
226.0	64663	13	14	64968	11	2444	2129	17
226.0	64719	13	13	64969	12	3301	3589	11
226.0	64618	24	23	64970	23	2827	3570	11
226.0	64274	20	20	64971	20	3688	2990	14
226.0	63485	26	26	64972	23	3231	3720	12
226.0	64813	31	26	64973	35	3730	3289	12
226.0	64747	35	30	64974	35	2910	3938	13
226.0	64351	11	9	64975	12	3550	3358	8
226.0	64915	12	10	64976	14	2674	2000	14
226.0	64649	8	8	64977	8	3650	3082	11
226.0	64413	10	8	64978	11	3208	3560	12
227.0	64285	15	14	64979	15	2230	3173	12
227.0	64728	16	15	64980	16	3090	2058	15
227.0	64803	11	13	64981	9	3767	2657	15
227.0	64659	25	19	64982	27	2313	2989	14
227.0	64325	31	28	64983	34	2868	3941	12
227.0	64537	26	20	64984	29	2810	3879	10
227.0	64820	23	22	64985	24	2786	1960	15
227.0	63592	19	18	64986	18	2912	2310	16
228.0	63592	18	18	64987	17	2912	2310	17
228.0	64552	20	17	64988	22	2850	2188	14
228.0	64661	40	34	64989	44	2764	1441	14
228.0	64232	10	5	64990	14	3510	3577	13
228.0	64627	5	4	64991	5	2449	3339	10
228.0	64732	29	30	64992	27	3824	2640	13
228.0	64571	23	26	64993	18	2769	2282	11
228.0	64802	8	6	64994	10	2860	2233	12
228.0	64825	25	23	64995	25	2790	1832	14
228.0	64657	11	9	64996	11	3761	3178	10
228.0	64848	26	25	64997	24	3541	2780	15
228.0	63634	22	20	64998	23	3529	3916	10
228.0	64659	19	19	64999	18	2313	2989	15
229.0	64879	20	23	65000	17	3271	3739	12
229.0	64627	4	2	65001	6	2449	3339	11
229.0	64725	41	41	65002	38	3172	3630	14
229.0	64357	14	13	65003	15	2519	1759	16
229.0	64384	35	35	65004	35	4038	3433	17
229.0	64277	24	24	65005	22	3160	3749	12
230.0	64384	35	34	65006	33	4038	3433	18
230.0	64805	26	22	65007	27	3488	3883	11
230.0	64357	13	10	65008	16	2519	1759	17
230.0	64870	22	15	65009	29	2171	3282	11
231.0	64883	23	16	65010	28	2809	2030	14
231.0	64813	26	27	65011	24	3730	3289	13
231.0	64842	28	17	65012	36	2390	2339	17
231.0	64050	36	36	65013	36	3327	1860	14
231.0	64646	23	14	65014	27	3420	3421	13
231.0	63464	12	12	65015	11	2391	3347	14
232.0	63377	12	10	65016	13	3629	3299	15
232.0	64739	13	14	65017	12	3071	2430	18
232.0	64877	20	19	65018	17	2618	2118	17
232.0	64813	27	33	65019	21	3730	3289	14
232.0	64854	26	27	65020	23	2458	2177	14
233.0	64953	13	8	65021	18	2828	1852	15
233.0	63377	10	9	65022	11	3629	3299	16
233.0	64589	31	38	65023	24	2576	1769	16
233.0	64849	11	12	65024	10	2533	2350	12
233.0	64274	20	19	65025	18	3688	2990	15
233.0	64801	21	17	65026	24	2792	2250	13
233.0	64820	22	25	65027	17	2741	1938	16
233.0	64723	13	18	65028	8	3398	3601	10
233.0	63629	21	26	65029	16	2393	1749	12
233.0	64128	9	13	65030	5	2799	1902	16
233.0	64259	16	11	65031	20	2860	2249	13
233.0	64736	23	22	65032	24	2541	1808	13
233.0	64707	37	29	65033	42	3069	1974	15
233.0	64870	15	13	65034	17	2071	3202	12
233.0	64663	14	17	65035	10	2444	2129	18
234.0	64814	23	26	65036	19	3702	3071	15
234.0	64894	34	30	65037	35	2580	3517	14
234.0	64881	12	15	65038	9	2253	3148	10
234.0	64582	11	14	65039	8	2435	1722	14
234.0	64883	16	19	65040	13	2809	2030	15
235.0	63647	9	12	65041	6	3610	2572	15
235.0	64285	14	10	65042	18	2230	3173	13
235.0	64971	20	16	65043	23	3760	3048	15
235.0	64805	22	22	65044	20	3532	3892	12
235.0	64672	24	21	65045	26	3832	3087	13
235.0	64617	8	10	65046	6	2509	1917	14
235.0	64854	27	32	65047	19	2458	2177	15
235.0	64885	23	30	65048	15	3899	2436	15
236.0	64701	27	23	65049	30	2997	4027	10
236.0	64945	29	19	65050	39	2589	1718	16
236.0	64589	38	38	65051	38	2610	1898	17
236.0	64661	34	36	65052	31	2694	1428	15
236.0	64910	13	13	65053	12	2571	3459	13
236.0	64854	32	38	65054	25	2458	2177	16
236.0	64643	22	19	65055	23	2732	1430	12
236.0	64778	14	11	65056	16	2481	3480	10
236.0	64801	17	14	65057	20	2792	2250	14
236.0	64805	22	19	65058	24	3532	3892	13
237.0	64588	23	24	65059	21	2600	2090	14
237.0	64747	30	34	65060	26	2910	3938	14
237.0	64959	35	32	65061	36	2678	1617	14
237.0	64786	7	5	65062	9	2660	3310	11
237.0	64128	13	14	65063	10	2799	1902	17
237.0	64945	19	17	65064	21	2589	1718	17
237.0	65004	35	29	65065	38	3841	3492	18
237.0	64050	36	29	65066	39	3353	1804	15
237.0	64522	31	23	65067	39	3756	3311	13
237.0	64593	24	26	65068	22	3870	3422	13
237.0	64325	28	31	65069	22	2868	3941	13
237.0	64992	27	29	65070	25	3848	2640	14
237.0	64810	23	25	65071	21	3079	2016	13
238.0	64588	24	23	65072	21	2600	2090	15
238.0	64325	31	27	65073	31	2868	3941	14
238.0	64810	25	21	65074	29	3079	2016	14
238.0	64840	15	7	65075	23	2281	2989	13
238.0	64971	16	14	65076	16	3760	3048	16
238.0	63695	27	25	65077	27	3321	1773	13
238.0	64050	29	26	65078	29	3353	1804	16
238.0	65041	6	7	65079	4	3601	2580	16
238.0	64946	14	12	65080	15	2948	1934	14
238.0	64992	29	27	65081	29	3848	2640	15
239.0	64995	25	23	65082	25	2645	1819	15
239.0	64808	34	36	65083	29	2958	3947	11
239.0	64820	25	19	65084	30	2694	1908	17
239.0	63695	25	16	65085	33	3321	1773	14
239.0	64877	19	14	65086	24	2681	2056	18
239.0	64872	31	34	65087	28	2794	1441	13
239.0	64811	26	23	65088	28	2434	2119	15
239.0	64852	13	14	65089	10	3062	2300	17
239.0	64810	21	19	65090	23	3079	2016	15
239.0	64813	33	34	65091	32	3667	3290	15
239.0	64846	15	16	65092	14	3941	3463	16
239.0	64396	12	11	65093	12	2828	2230	12
239.0	64946	12	18	65094	6	2948	1934	15
239.0	64588	23	20	65095	26	2603	2139	16
239.0	64748	12	12	65096	12	2795	1849	12
239.0	64865	25	24	65097	24	2440	2426	16
240.0	64989	44	39	65098	48	2846	1461	15
240.0	64680	28	35	65099	20	3658	2869	13
240.0	65005	22	17	65100	26	3149	3749	13
240.0	64877	14	10	65101	16	2681	2056	19
240.0	64842	17	16	65102	17	2272	2457	18
240.0	64396	11	12	65103	10	2828	2230	13
240.0	64794	28	21	65104	33	3123	3749	11
240.0	64356	15	17	65105	12	2351	3009	12
240.0	63464	12	11	65106	12	2391	3347	15
240.0	64042	15	17	65107	13	3362	3710	14
240.0	64721	22	27	65108	15	2798	2198	13
241.0	64473	32	28	65109	33	2409	2287	15
241.0	64725	41	45	65110	33	3172	3630	15
241.0	64716	32	30	65111	30	3260	3749	12
241.0	64808	36	35	65112	32	2958	3947	12
241.0	64734	26	26	65113	26	2919	3882	10
241.0	64304	26	26	65114	23	4160	2258	16
241.0	63634	20	20	65115	19	3529	3916	11
241.0	64867	22	21	65116	22	3703	3510	16
241.0	64805	19	11	65117	25	3532	3892	14
241.0	63587	16	15	65118	15	2690	3694	10
241.0	64751	20	19	65119	21	4017	2722	14
241.0	64872	34	31	65120	35	2794	1441	14
241.0	64795	13	13	65121	13	2920	1824	13
242.0	64762	29	30	65122	25	2599	1679	14
242.0	64384	34	27	65123	38	4038	3433	19
242.0	64900	35	38	65124	28	2919	4090	10
242.0	64801	14	14	65125	14	2792	2250	15
242.0	64663	17	18	65126	14	2432	2180	19
242.0	64906	30	38	65127	22	4010	3397	17
242.0	64716	30	28	65128	31	3260	3749	13
242.0	64941	24	20	65129	26	3010	2180	14
242.0	64722	15	18	65130	12	3682	3059	11
242.0	64995	23	20	65131	24	2645	1819	16
243.0	64906	38	33	65132	40	4010	3397	18
243.0	64507	22	24	65133	17	2630	2084	13
243.0	64678	19	16	65134	22	3400	2531	16
243.0	64618	23	26	65135	20	2710	3680	12
243.0	64921	31	40	65136	20	3208	1876	14
243.0	64836	30	24	65137	35	3222	3630	12
243.0	64854	38	33	65138	40	2419	2209	17
243.0	64796	13	13	65139	13	3680	3218	11
244.0	64862	21	18	65140	24	3151	2047	15
244.0	64960	23	22	65141	23	3811	3303	13
244.0	64867	21	19	65142	20	3657	3600	17
244.0	64643	19	17	65143	18	2732	1430	13
244.0	64904	17	16	65144	18	3788	3092	12
244.0	64357	10	12	65145	8	2519	1759	18
244.0	64964	25	30	65146	19	2390	1964	13
244.0	65005	17	15	65147	19	3149	3749	14
244.0	64699	25	27	65148	23	2322	3299	10
244.0	64618	26	19	65149	33	2710	3680	13
244.0	64285	10	14	65150	5	2230	3173	14
244.0	64627	2	2	65151	2	2449	3339	12
244.0	65019	21	19	65152	21	3730	3304	15
244.0	64912	19	19	65153	19	2570	1772	16
244.0	64885	30	35	65154	25	3899	2436	16
244.0	64812	13	10	65155	16	3010	1839	15
244.0	64954	14	14	65156	14	3797	3069	15
244.0	64902	16	13	65157	15	3250	3739	12
245.0	64796	13	10	65158	16	3680	3218	12
245.0	64844	21	21	65159	19	3563	3460	13
245.0	64809	11	10	65160	12	3500	3586	13
245.0	64854	33	36	65161	28	2419	2209	18
245.0	64717	44	46	65162	42	2148	2953	13
246.0	65116	22	22	65163	20	3659	3564	17
246.0	63695	16	14	65164	17	3321	1773	15
246.0	64989	39	40	65165	36	2846	1461	16
246.0	64933	9	11	65166	7	2860	1768	13
246.0	64735	23	27	65167	19	2759	3973	12
246.0	64552	17	21	65168	13	2850	2188	15
246.0	64814	26	23	65169	27	3770	3160	16
246.0	65030	5	5	65170	4	2786	1889	17
246.0	64920	31	29	65171	31	2757	2002	15
247.0	64618	19	16	65172	21	2710	3680	14
247.0	64345	19	16	65173	21	2772	2070	15
247.0	64092	17	18	65174	15	3469	2622	15
247.0	64817	8	7	65175	9	2851	1899	15
247.0	64552	21	23	65176	18	2850	2188	16
247.0	64707	29	26	65177	30	3069	1974	16
247.0	64736	22	25	65178	18	2541	1808	14
247.0	63629	26	25	65179	27	2337	1768	13
247.0	64964	30	32	65180	27	2390	1964	14
247.0	64894	30	29	65181	31	2520	3509	15
247.0	64840	7	11	65182	2	2281	2989	14
247.0	64825	23	26	65183	16	2832	1781	15
247.0	64304	26	24	65184	28	4160	2258	17
248.0	64678	16	16	65185	15	3400	2531	17
248.0	64701	23	21	65186	24	2973	4072	11
248.0	64840	11	12	65187	9	2281	2989	15
248.0	64927	9	6	65188	11	2811	1889	16
248.0	63647	12	10	65189	14	3641	2790	16
248.0	64946	18	23	65190	13	3021	1978	16
248.0	64891	15	13	65191	16	2644	1991	15
248.0	64912	19	17	65192	21	2588	1731	17
248.0	64732	30	31	65193	27	3824	2640	14
248.0	63485	26	19	65194	32	3231	3720	13
248.0	64299	18	20	65195	15	2449	2511	12
248.0	64894	29	33	65196	22	2520	3509	16
248.0	64896	22	19	65197	24	2734	1870	15
248.0	64922	5	6	65198	4	2990	2229	19
249.0	64989	40	34	65199	40	2846	1461	17
249.0	64896	19	13	65200	23	2734	1870	16
249.0	64672	21	23	65201	18	3879	3079	14
249.0	64984	29	30	65202	27	2445	3800	11
249.0	64901	27	25	65203	27	2768	1727	14
249.0	64878	32	32	65204	27	2219	1473	14
249.0	64724	21	21	65205	21	3330	2519	16
249.0	64995	20	20	65206	19	2597	1827	17
249.0	64912	17	16	65207	18	2588	1731	18
250.0	65064	21	22	65208	20	2610	1718	18
250.0	65068	22	20	65209	22	3852	3311	14
250.0	65180	27	26	65210	26	2329	1929	15
250.0	64426	13	10	65211	15	2174	2579	16
250.0	65003	15	20	65212	9	2478	1728	17
250.0	64908	21	22	65213	19	2419	2119	16
250.0	64953	8	8	65214	7	2828	1852	16
250.0	63485	19	20	65215	18	3231	3720	14
250.0	65098	48	43	65216	49	2671	1500	16
250.0	64707	26	26	65217	23	3069	1974	17
250.0	64985	24	19	65218	29	2468	2123	16
251.0	64961	30	30	65219	26	2919	3777	12
251.0	65009	29	33	65220	25	2171	3295	12
251.0	64634	21	25	65221	17	3550	3040	13
251.0	64627	2	1	65222	3	2449	3339	13
251.0	64867	19	14	65223	24	3657	3600	18
251.0	64945	17	20	65224	14	2642	1786	18
251.0	64900	38	32	65225	42	2919	4090	11
251.0	64868	13	17	65226	8	2712	2140	15
251.0	65013	36	37	65227	31	3338	1848	15
251.0	64707	26	23	65228	26	3069	1974	18
251.0	64967	23	21	65229	22	2901	3837	12
251.0	65044	20	14	65230	23	3503	3863	13
251.0	63634	20	27	65231	13	3529	3916	12
251.0	64907	24	23	65232	25	3894	2629	16
251.0	64790	21	26	65233	15	2529	1953	12
251.0	64751	19	26	65234	10	4017	2722	15
252.0	64811	23	28	65235	17	2445	2130	16
252.0	65070	25	24	65236	24	3856	2568	15
252.0	64357	12	14	65237	10	2519	1759	19
252.0	64968	11	11	65238	11	2490	2157	18
252.0	63377	9	14	65239	4	3629	3299	17
252.0	64900	32	31	65240	32	2919	4090	12
252.0	64707	23	23	65241	22	3069	1974	19
252.0	65046	6	5	65242	7	2529	1904	15
253.0	64805	11	12	65243	10	3532	3892	15
253.0	65080	15	15	65244	14	2942	2032	15
253.0	64735	27	28	65245	24	2759	3973	13
253.0	65025	18	23	65246	12	3698	3000	16
253.0	64042	17	17	65247	16	3362	3710	15
253.0	64893	17	13	65248	21	2382	1738	12
253.0	65107	13	9	65249	17	3311	3672	15
253.0	64980	16	8	65250	24	3061	2043	16
253.0	65210	26	32	65251	19	2250	1908	16
253.0	64883	19	20	65252	17	2768	2020	16
253.0	64655	29	26	65253	29	2420	2830	11
253.0	64707	23	21	65254	25	3069	1974	20
253.0	64818	14	13	65255	15	3950	3020	12
253.0	64325	27	24	65256	28	2868	3941	15
254.0	64812	10	9	65257	11	2989	1809	16
254.0	64980	8	7	65258	8	3061	2043	17
254.0	64848	25	21	65259	29	3509	2508	16
254.0	65049	30	21	65260	39	2968	4100	11
254.0	63695	14	14	65261	14	3321	1773	16
254.0	64672	23	17	65262	29	3879	3079	15
254.0	64896	13	9	65263	15	2734	1870	17
254.0	64989	34	38	65264	27	2846	1461	18
254.0	64976	14	19	65265	9	2618	2031	15
254.0	64734	26	26	65266	25	2919	3882	11
254.0	64657	9	6	65267	12	3761	3178	11
254.0	64830	14	10	65268	17	2430	3182	10
254.0	64984	30	31	65269	29	2368	3711	12
254.0	65079	4	4	65270	4	3597	2560	17
255.0	64845	19	23	65271	15	2239	1623	13
255.0	65049	21	21	65272	20	2968	4100	12
255.0	64959	32	31	65273	30	2662	1318	15
255.0	65050	39	41	65274	36	2619	1642	17
255.0	64618	16	19	65275	12	2710	3680	15
255.0	64941	20	19	65276	20	3010	2180	15
255.0	64943	31	31	65277	30	3813	3069	14
255.0	64842	16	14	65278	18	2239	2572	19
255.0	64285	14	14	65279	14	2230	3173	15
255.0	65074	29	28	65280	30	3163	2001	15
255.0	65079	4	6	65281	2	3597	2560	18
255.0	64661	36	36	65282	36	2502	1348	16
255.0	64826	25	26	65283	23	3752	2549	16
255.0	65139	13	16	65284	10	3700	3198	12
255.0	64942	40	42	65285	36	3059	1440	15
255.0	65021	18	20	65286	15	2799	1823	16
255.0	64814	23	22	65287	24	3779	3151	17
255.0	64796	10	9	65288	11	3680	3218	13
255.0	64984	31	32	65289	29	2368	3711	13
255.0	64862	18	20	65290	15	3151	2047	16
256.0	64955	24	25	65291	21	2705	1441	12
256.0	64825	26	26	65292	26	2832	1781	16
256.0	63587	15	20	65293	10	2690	3694	11
256.0	64836	24	21	65294	24	3222	3630	13
256.0	64933	11	10	65295	12	2860	1768	14
256.0	64984	32	32	65296	32	2302	3709	14
256.0	65146	19	19	65297	16	2330	2002	14
256.0	65079	6	6	65298	6	3597	2560	19
256.0	65007	27	27	65299	27	3499	3941	12
256.0	64345	16	16	65300	16	2772	2070	16
256.0	64285	14	16	65301	12	2230	3173	16
256.0	64701	21	21	65302	21	2973	4072	12
256.0	64796	9	7	65303	10	3680	3218	14
256.0	64617	10	12	65304	7	2367	1961	15
256.0	64223	11	11	65305	11	2280	3238	11
256.0	65236	24	30	65306	18	3999	2512	16
256.0	64971	14	15	65307	13	3800	3042	17
256.0	65084	30	27	65308	32	2700	1859	18
256.0	64356	17	15	65309	18	2351	3009	13
256.0	64942	42	38	65310	44	3059	1440	16
257.0	64613	13	10	65311	16	2264	3130	12
257.0	64820	19	23	65312	13	2552	1921	18
257.0	65023	24	22	65313	24	2672	1868	17
257.0	65181	31	26	65314	34	2521	3633	16
257.0	65236	30	36	65315	23	3999	2512	17
257.0	64304	24	24	65316	23	4160	2258	18
257.0	64867	14	12	65317	16	3657	3600	19
257.0	64092	18	19	65318	16	3672	2590	16
257.0	64811	28	21	65319	34	2445	2130	17
257.0	64959	31	32	65320	28	2662	1318	16
257.0	65003	20	16	65321	24	2478	1728	18
258.0	65111	30	27	65322	32	3408	3967	13
258.0	64968	11	8	65323	14	2490	2157	19
258.0	64984	32	32	65324	31	2302	3709	15
258.0	65050	41	40	65325	40	2619	1642	18
258.0	64959	32	31	65326	33	2662	1318	17
258.0	65013	37	31	65327	41	3199	1820	16
258.0	64900	31	31	65328	30	2919	4090	13
258.0	64701	21	19	65329	23	2973	4072	13
258.0	65074	28	26	65330	29	3163	2001	16
258.0	65015	11	10	65331	11	2391	3360	15
258.0	64618	19	22	65332	16	2710	3680	16
259.0	63485	20	16	65333	22	3231	3720	15
259.0	64701	19	19	65334	16	2973	4072	14
259.0	64854	36	29	65335	41	2248	2297	19
259.0	64968	8	8	65336	8	2490	2157	20
259.0	64881	15	11	65337	18	2213	3160	11
259.0	65113	26	31	65338	20	3109	3808	11
259.0	63629	25	24	65339	25	2342	1929	14
259.0	64820	23	28	65340	18	2499	1918	19
259.0	65011	24	27	65341	18	4173	3287	14
259.0	64594	35	34	65342	32	3148	2131	12
259.0	65230	23	19	65343	27	3525	3849	14
259.0	64582	14	13	65344	14	2421	1682	15
260.0	64767	9	8	65345	9	2778	1922	14
260.0	64701	19	22	65346	14	2973	4072	15
260.0	64896	9	8	65347	10	2734	1870	18
260.0	64663	18	19	65348	15	2432	2180	20
260.0	64967	21	18	65349	23	2901	3837	13
260.0	64384	27	26	65350	27	4048	3324	20
260.0	64735	28	25	65351	29	2759	3973	14
260.0	64879	23	27	65352	17	3367	3898	13
260.0	64404	17	17	65353	17	2089	2744	13
260.0	65216	49	41	65354	55	2755	1548	17
260.0	64805	12	10	65355	13	3562	3873	16
260.0	64955	25	24	65356	24	2705	1441	13
260.0	64960	22	20	65357	24	3811	3303	14
260.0	65052	31	33	65358	26	2611	1593	16
260.0	65113	31	35	65359	26	3109	3808	12
260.0	64854	29	22	65360	32	2248	2297	20
260.0	64594	34	37	65361	30	3148	2131	13
260.0	64717	46	38	65362	48	1992	2928	14
260.0	64790	26	25	65363	26	2529	1953	13
260.0	64643	17	13	65364	20	2667	1369	14
260.0	65006	33	35	65365	31	4049	3421	19
260.0	64817	7	9	65366	5	2851	1899	16
261.0	65180	26	26	65367	24	2341	1831	16
261.0	64893	13	15	65368	11	2382	1738	13
261.0	64732	31	29	65369	31	3824	2640	15
261.0	64825	26	26	65370	24	2832	1781	17
261.0	64345	16	19	65371	11	2772	2070	17
261.0	65061	36	32	65372	35	2861	1572	15
261.0	64933	10	12	65373	8	2860	1768	15
261.0	64974	35	33	65374	35	3037	3959	14
261.0	64805	10	7	65375	10	3562	3873	17
261.0	64426	10	10	65376	9	2174	2579	17
261.0	65087	28	25	65377	30	2886	1572	14
261.0	65123	38	41	65378	33	4026	3421	20
262.0	65099	20	22	65379	17	3658	2850	14
262.0	65132	40	43	65380	36	4127	3213	19
262.0	64812	9	8	65381	10	2989	1809	17
262.0	65009	33	39	65382	25	2171	3295	13
262.0	64128	14	11	65383	16	2791	1910	18
262.0	65056	16	12	65384	18	2369	3695	11
262.0	65021	20	18	65385	21	2799	1823	17
262.0	64967	18	22	65386	12	2901	3837	14
262.0	64941	19	17	65387	21	3010	2180	16
262.0	64701	22	23	65388	18	2973	4072	16
262.0	65283	23	23	65389	22	3771	2381	17
263.0	64938	44	45	65390	40	2530	1283	14
263.0	65146	19	16	65391	20	2330	2002	15
263.0	64885	35	34	65392	34	3591	2342	17
263.0	64128	11	11	65393	11	2791	1910	19
263.0	65192	21	18	65394	23	2614	1731	18
263.0	64879	27	24	65395	26	3314	3931	14
263.0	65008	16	18	65396	14	2720	1802	18
263.0	64854	22	19	65397	24	2248	2297	21
263.0	63634	27	25	65398	26	3529	3916	13
263.0	64815	22	26	65399	17	3070	3719	12
263.0	65018	17	20	65400	13	2500	2070	18
263.0	64883	20	21	65401	19	2768	2020	17
263.0	65122	25	20	65402	28	2716	1712	15
263.0	64840	12	11	65403	12	2281	2989	16
263.0	65257	11	7	65404	14	2951	1722	17
264.0	65138	40	36	65405	42	2589	2040	18
264.0	64795	13	10	65406	14	3032	1610	14
264.0	65003	16	12	65407	20	2478	1728	19
264.0	64906	33	33	65408	29	4009	3453	19
264.0	65084	27	34	65409	20	2700	1859	19
264.0	64901	25	20	65410	29	2768	1727	15
264.0	64736	25	15	65411	30	2541	1808	15
264.0	64808	35	36	65412	33	2991	4003	13
264.0	65296	32	28	65413	34	2323	3679	15
264.0	65257	7	10	65414	4	2951	1722	18
264.0	65111	27	37	65415	16	3408	3967	14
264.0	65077	27	27	65416	27	3110	1917	14
264.0	65245	24	24	65417	22	2783	3911	14
264.0	65191	16	13	65418	19	2721	1960	16
264.0	65081	29	25	65419	31	3878	2609	16
264.0	65021	18	17	65420	19	2799	1823	18
264.0	64734	26	26	65421	26	2919	3882	12
264.0	63634	25	21	65422	29	3529	3916	14
265.0	64717	38	38	65423	35	1871	2870	15
265.0	65230	19	18	65424	20	3525	3849	15
265.0	64872	31	33	65425	29	2794	1441	15
265.0	65003	12	11	65426	13	2478	1728	20
265.0	65283	23	25	65427	20	3771	2381	18
265.0	65087	25	26	65428	23	2886	1572	15
265.0	65126	14	7	65429	18	2408	2290	20
265.0	64867	12	12	65430	9	3657	3600	20
265.0	65058	24	18	65431	29	3578	3768	14
265.0	65151	2	3	65432	1	2481	3371	13
265.0	65220	25	25	65433	25	2071	3136	13
265.0	65292	26	22	65434	27	2840	1789	17
265.0	64971	15	14	65435	14	3800	3042	18
265.0	65143	18	23	65436	13	2732	1446	14
265.0	64885	34	29	65437	37	3591	2342	18
266.0	64840	11	9	65438	12	2281	2989	17
266.0	64872	33	30	65439	35	2794	1441	16
266.0	64717	38	33	65440	40	1825	2818	16
266.0	64050	26	30	65441	22	3490	1870	17
266.0	65318	16	16	65442	16	3662	2559	17
266.0	64734	26	33	65443	19	2919	3882	13
266.0	65170	4	6	65444	2	2773	1901	18
266.0	65114	23	26	65445	19	3967	2373	17
266.0	65039	8	5	65446	11	2453	1722	15
266.0	63629	24	23	65447	25	2342	1929	15
266.0	65073	31	22	65448	39	2791	3848	15
266.0	65314	34	29	65449	37	2650	3763	17
266.0	65292	22	26	65450	16	2840	1789	18
266.0	64985	19	18	65451	19	2502	2009	17
266.0	65253	29	29	65452	29	2310	2829	12
267.0	64812	8	11	65453	5	2936	1770	18
267.0	64762	30	30	65454	28	2710	1538	15
267.0	64872	30	31	65455	28	2794	1441	17
267.0	65116	22	22	65456	21	3610	3559	18
267.0	64223	11	8	65457	13	2280	3238	12
267.0	65013	31	28	65458	31	3199	1820	17
267.0	65048	15	14	65459	15	3917	2468	16
267.0	65237	10	12	65460	7	2532	1772	20
267.0	64912	16	19	65461	13	2677	1417	19
267.0	65318	16	18	65462	14	3662	2559	18
267.0	64951	12	13	65463	11	2380	1496	14
267.0	64964	32	30	65464	31	2047	2087	15
267.0	65314	29	32	65465	25	2650	3763	18
268.0	65165	36	31	65466	38	2880	1427	17
268.0	64984	32	35	65467	26	2031	3585	16
268.0	64826	26	27	65468	23	3798	2562	17
268.0	64795	10	10	65469	9	3047	1543	15
268.0	65215	18	20	65470	16	3250	3739	15
268.0	64701	23	28	65471	17	2973	4072	17
268.0	64815	26	24	65472	28	3070	3719	13
268.0	65132	43	39	65473	47	4186	2981	20
268.0	64951	13	14	65474	12	2380	1496	15
268.0	64282	20	21	65475	17	3040	3813	12
268.0	64937	36	30	65476	42	3976	3578	12
268.0	65077	27	29	65477	23	3110	1917	15
268.0	65322	32	29	65478	35	3383	3942	14
268.0	64989	38	34	65479	40	2862	1477	19
268.0	64879	24	21	65480	26	3314	3931	15
268.0	64974	33	31	65481	33	3037	3959	15
269.0	65099	22	21	65482	21	3658	2850	15
269.0	64537	20	21	65483	18	2949	3952	11
269.0	63695	14	13	65484	14	3321	1773	17
269.0	64618	22	20	65485	24	2791	3640	17
269.0	64518	27	30	65486	23	2589	3939	14
269.0	64989	34	42	65487	23	2862	1477	20
269.0	65179	27	22	65488	32	2385	1359	14
269.0	64304	24	29	65489	19	4209	2272	19
269.0	65196	22	14	65490	30	2224	3661	17
269.0	65064	22	21	65491	22	2634	1570	19
269.0	65217	23	34	65492	10	3301	1866	18
269.0	63485	16	17	65493	14	3231	3720	16
269.0	64900	31	31	65494	29	2919	4090	14
269.0	64885	29	28	65495	28	3591	2342	19
270.0	64052	29	27	65496	30	3600	2381	9
270.0	65087	26	23	65497	28	2886	1572	16
270.0	64883	21	22	65498	19	2768	2020	18
270.0	65184	28	21	65499	32	3997	2213	18
270.0	64964	30	26	65500	31	2047	2087	16
270.0	64790	25	29	65501	20	2529	1953	14
270.0	65204	27	28	65502	25	2237	1437	15
270.0	64826	27	26	65503	27	3798	2562	18
270.0	64909	41	42	65504	38	4042	3747	14
271.0	64790	29	34	65505	24	2529	1953	15
271.0	63485	17	15	65506	19	3231	3720	17
271.0	65196	14	13	65507	15	2224	3661	18
271.0	65055	23	24	65508	21	2793	1501	13
271.0	64805	7	9	65509	5	3562	3873	18
271.0	65011	27	29	65510	25	4173	3287	15
271.0	65314	32	25	65511	38	2650	3763	19
271.0	65210	32	33	65512	28	2258	1848	17
271.0	65087	23	22	65513	21	2886	1572	17
271.0	65337	18	14	65514	22	2221	3160	12
271.0	65006	35	27	65515	40	4068	3421	20
271.0	65223	24	23	65516	24	3741	3628	19
271.0	64643	13	11	65517	15	2631	1361	15
271.0	64518	30	30	65518	27	2581	4001	15
272.0	65199	40	45	65519	34	2842	1477	18
272.0	65236	36	44	65520	26	4027	2378	18
272.0	65166	7	10	65521	4	2887	1780	14
272.0	65087	22	21	65522	21	2933	1558	18
272.0	64906	33	35	65523	30	3982	3507	20
272.0	64795	10	8	65524	12	3137	1490	16
272.0	64762	30	30	65525	28	2710	1538	16
272.0	65150	5	6	65526	4	2230	3193	15
272.0	65414	4	5	65527	3	2910	1722	19
272.0	65066	39	38	65528	39	3291	2100	16
272.0	64778	11	14	65529	8	2337	3639	11
272.0	65184	21	17	65530	25	3997	2213	19
272.0	65029	16	13	65531	18	2408	1749	13
272.0	63634	21	20	65532	21	3529	3916	15
272.0	65120	35	36	65533	32	2911	1636	15
273.0	65003	11	14	65534	7	2478	1728	21
273.0	64979	15	14	65535	16	2390	3239	13
273.0	64609	22	21	65536	22	2610	3782	10
273.0	64325	24	20	65537	27	2868	3941	16
273.0	65265	9	10	65538	8	2549	2099	16
273.0	64971	14	15	65539	11	3800	3042	19
273.0	65331	11	11	65540	10	2410	3360	16
273.0	64473	28	25	65541	30	2271	2317	16
273.0	64701	28	32	65542	24	2973	4072	18
273.0	64845	23	17	65543	27	2321	1682	14
273.0	65136	20	22	65544	16	3298	1998	15
273.0	65032	24	18	65545	28	2561	1751	14
273.0	65154	25	33	65546	17	4192	2354	17
273.0	65143	23	18	65547	26	2732	1446	15
273.0	64663	19	26	65548	12	2432	2180	21
273.0	65008	18	17	65549	19	2720	1802	19
273.0	65212	9	8	65550	9	2448	1670	18
273.0	64936	29	23	65551	35	2138	2043	16
274.0	64942	38	34	65552	41	3183	1373	17
274.0	65364	20	25	65553	13	2633	1471	15
274.0	65225	42	47	65554	36	2920	4033	12
274.0	65331	11	10	65555	12	2410	3360	17
274.0	64663	26	35	65556	17	2432	2180	22
274.0	64885	28	28	65557	26	3591	2342	20
274.0	64426	10	9	65558	9	2174	2579	18
274.0	64883	22	26	65559	17	2768	2020	19
274.0	65253	29	25	65560	32	2310	2829	13
274.0	65515	40	35	65561	43	4089	3305	21
274.0	65462	14	19	65562	9	3681	2559	19
274.0	65156	14	13	65563	15	3780	3069	16
274.0	65262	29	30	65564	28	3879	3103	16
274.0	65314	25	22	65565	27	2650	3763	20
274.0	65167	19	15	65566	21	2799	3972	13
275.0	65203	27	30	65567	24	2768	1710	15
275.0	65525	28	16	65568	39	2641	1497	17
275.0	64907	23	25	65569	20	3894	2629	17
275.0	65228	26	25	65570	24	3072	1901	19
275.0	65283	25	25	65571	25	3771	2381	19
275.0	65116	22	16	65572	27	3610	3559	19
275.0	65092	14	19	65573	9	3920	3487	17
275.0	64826	26	25	65574	26	3798	2562	19
275.0	64955	24	23	65575	23	2703	1389	14
275.0	65210	33	33	65576	29	2258	1848	18
275.0	64883	26	28	65577	21	2768	2020	20
275.0	65084	34	38	65578	29	2700	1859	20
275.0	65044	14	15	65579	13	3489	3849	14
275.0	65358	26	26	65580	26	2718	1493	17
275.0	65394	23	21	65581	24	2629	1746	19
275.0	65426	13	17	65582	7	2522	1673	21
276.0	65111	37	42	65583	30	3408	3967	15
276.0	64582	13	9	65584	15	2379	1568	16
276.0	65015	10	7	65585	11	2391	3360	16
276.0	65023	22	21	65586	22	2651	1868	18
276.0	64817	9	5	65587	13	2851	1899	17
276.0	65077	29	33	65588	24	3110	1917	16
276.0	64872	31	30	65589	31	2794	1441	18
276.0	65364	25	27	65590	22	2633	1471	16
276.0	65316	23	21	65591	22	4101	2183	19
276.0	65285	36	44	65592	26	3541	1151	16
276.0	65007	27	27	65593	27	3499	3941	13
276.0	65196	13	11	65594	15	2224	3661	19
276.0	65417	22	22	65595	21	2838	3998	15
276.0	64681	29	35	65596	22	2989	1909	14
276.0	65346	14	12	65597	15	3004	4072	16
276.0	65436	13	11	65598	15	2720	1457	15
276.0	65434	27	25	65599	26	2870	1789	18
276.0	64734	33	38	65600	26	2919	3882	14
277.0	65337	14	15	65601	13	2221	3160	13
277.0	64734	38	38	65602	36	2919	3882	15
277.0	64751	26	23	65603	28	3907	3011	16
277.0	65092	19	19	65604	16	3943	3530	18
277.0	65064	21	19	65605	21	2622	1524	20
277.0	65511	38	43	65606	32	2573	3749	20
277.0	64537	21	25	65607	16	2949	3952	12
277.0	65391	20	19	65608	20	2311	1897	16
277.0	64933	12	13	65609	10	2860	1768	16
277.0	65006	27	27	65610	25	4068	3421	21
277.0	65295	12	13	65611	11	2860	1734	15
277.0	65272	20	19	65612	20	2954	4100	13
277.0	64321	13	11	65613	13	3922	3591	16
277.0	65364	27	20	65614	34	2588	1496	17
277.0	65490	30	37	65615	23	2283	3689	18
278.0	65044	15	12	65616	17	3489	3849	15
278.0	65292	26	31	65617	21	2840	1789	19
278.0	65011	29	25	65618	29	4173	3287	16
278.0	65322	29	26	65619	30	3377	3999	15
278.0	65327	41	30	65620	45	3695	1859	17
278.0	65232	25	26	65621	22	3907	2629	17
278.0	64981	9	11	65622	7	3711	2600	16
278.0	65504	38	38	65623	36	4051	3747	15
278.0	65337	15	15	65624	15	2221	3160	14
278.0	65052	33	33	65625	30	2566	1639	17
278.0	65074	26	25	65626	26	3418	2042	17
278.0	64128	11	8	65627	14	2791	1910	20
278.0	65291	21	20	65628	22	2683	1384	13
278.0	65058	18	17	65629	19	3558	3729	15
278.0	65064	19	24	65630	14	2622	1524	21
278.0	65029	13	15	65631	10	2408	1749	14
278.0	64942	34	39	65632	29	3251	1367	18
278.0	65391	19	17	65633	19	2311	1897	17
278.0	64912	19	24	65634	13	2677	1437	20
278.0	65150	6	8	65635	4	2230	3193	16
278.0	65316	21	26	65636	15	4101	2183	20
278.0	65143	18	13	65637	20	2755	1481	16
278.0	65206	19	19	65638	18	2735	1599	18
278.0	64995	20	21	65639	17	2303	1761	18
278.0	65490	37	37	65640	36	2283	3689	19
278.0	65435	14	14	65641	14	3800	3070	19
278.0	65038	9	7	65642	11	2301	3148	11
278.0	65411	30	28	65643	27	2558	1872	16
278.0	65264	27	19	65644	35	2817	1356	19
278.0	64574	31	31	65645	30	2913	1529	14
279.0	65164	17	19	65646	14	3211	1757	16
279.0	65308	32	37	65647	25	2700	1880	19
279.0	65206	19	17	65648	21	2735	1599	19
279.0	65132	39	35	65649	40	4145	2911	21
279.0	64282	21	20	65650	21	3037	3860	13
279.0	65421	26	26	65651	24	2961	3882	13
279.0	65346	12	12	65652	11	3004	4072	17
279.0	64893	15	15	65653	14	2364	1738	14
279.0	65124	28	25	65654	29	2832	4080	11
279.0	65524	12	10	65655	12	3146	1467	17
279.0	65232	26	28	65656	22	3907	2629	18
279.0	65011	25	26	65657	23	4173	3287	17
279.0	65209	22	20	65658	21	3839	3311	15
279.0	65220	25	28	65659	21	2080	3082	14
279.0	65414	5	4	65660	6	2910	1722	20
279.0	64921	40	41	65661	36	3557	1899	15
279.0	65052	33	32	65662	33	2566	1639	18
279.0	65260	39	38	65663	38	3018	4100	12
279.0	65302	21	17	65664	25	2959	3998	13
279.0	65007	27	32	65665	20	3499	3941	14
279.0	63629	23	19	65666	27	2342	1929	16
279.0	64681	35	28	65667	41	2989	1909	15
279.0	65411	28	26	65668	30	2558	1872	17
279.0	64984	35	35	65669	33	1931	3259	17
280.0	65007	32	28	65670	34	3499	3941	15
280.0	65227	31	27	65671	34	3190	1846	16
280.0	65308	37	37	65672	36	2700	1880	20
280.0	65291	20	25	65673	15	2683	1384	14
280.0	65029	15	19	65674	11	2408	1749	15
280.0	65524	10	9	65675	10	3146	1467	18
280.0	64661	36	33	65676	36	2491	1068	17
280.0	65426	17	15	65677	17	2522	1673	22
280.0	65273	30	32	65678	26	2859	1039	16
280.0	64518	30	29	65679	29	2581	4001	16
280.0	65143	13	11	65680	14	2755	1481	17
280.0	65334	16	16	65681	16	2962	4023	15
280.0	65462	19	24	65682	13	3681	2559	20
280.0	65362	48	49	65683	43	2012	2928	15
280.0	64933	13	15	65684	11	2860	1768	17
280.0	65191	13	11	65685	14	2721	1960	17
280.0	63485	15	15	65686	15	3231	3720	18
280.0	65390	40	43	65687	33	2491	1204	15
280.0	65280	30	32	65688	24	3200	2027	16
280.0	65207	18	19	65689	16	2601	1731	19
280.0	65116	16	17	65690	14	3610	3559	20
280.0	65370	24	24	65691	24	2832	1769	18
280.0	65018	20	13	65692	26	2500	2070	19
280.0	65087	21	22	65693	18	2933	1558	19
280.0	65210	33	40	65694	25	2258	1848	19
280.0	65153	19	14	65695	23	2590	1820	17
280.0	65204	28	30	65696	24	2237	1437	16
280.0	65049	21	16	65697	25	2986	4100	13
280.0	65373	8	9	65698	6	2873	1738	16
280.0	64663	35	31	65699	37	2432	2180	23
280.0	65261	14	13	65700	15	3243	1727	17
280.0	65364	20	16	65701	23	2571	1545	18
281.0	65388	18	19	65702	17	2959	4038	17
281.0	65356	24	16	65703	27	2692	1473	14
281.0	65127	22	23	65704	21	4125	3419	18
281.0	65330	29	31	65705	27	3270	1878	17
281.0	64050	30	20	65706	38	3686	1771	18
281.0	65269	29	26	65707	32	2171	3947	13
281.0	65192	18	15	65708	20	2637	1731	19
281.0	64357	14	16	65709	12	2519	1717	20
281.0	65382	25	20	65710	29	2260	3428	14
281.0	65212	8	6	65711	9	2463	1641	19
281.0	65180	26	25	65712	25	2277	1688	17
281.0	64929	9	8	65713	10	2181	3392	11
281.0	65114	26	25	65714	26	3959	2315	18
281.0	65358	26	30	65715	21	2729	1524	18
281.0	65352	17	15	65716	18	3288	4019	14
281.0	64989	42	43	65717	39	2781	1595	21
281.0	65322	26	25	65718	27	3377	3999	16
281.0	64872	30	30	65719	29	2794	1441	19
281.0	65426	15	13	65720	16	2522	1673	23
281.0	65052	32	29	65721	34	2566	1639	19
281.0	65150	8	9	65722	7	2230	3193	17
281.0	64582	9	8	65723	10	2357	1543	17
281.0	65007	28	29	65724	27	3499	3941	16
282.0	65320	28	30	65725	25	3050	1029	17
282.0	65032	18	12	65726	22	2561	1751	15
282.0	65177	30	29	65727	30	3499	1832	17
282.0	65215	20	14	65728	24	3270	3759	16
282.0	65248	21	18	65729	21	2222	1542	13
282.0	65116	17	19	65730	13	3610	3559	21
282.0	65327	30	32	65731	27	3695	1859	18
282.0	65210	40	38	65732	39	2258	1848	20
282.0	65363	26	22	65733	30	2320	1815	14
282.0	65518	27	23	65734	30	2499	4025	16
282.0	65090	23	23	65735	21	3420	1941	16
282.0	64736	15	17	65736	13	2541	1828	16
282.0	64518	29	27	65737	29	2581	4001	17
282.0	64938	45	44	65738	45	2426	1080	15
282.0	64643	11	10	65739	12	2631	1361	16
282.0	64425	22	18	65740	23	2909	1740	15
283.0	64643	10	7	65741	13	2631	1361	17
283.0	65124	25	22	65742	26	2788	4042	12
283.0	65306	18	15	65743	20	4120	2326	17
283.0	65180	25	25	65744	25	2275	1580	18
283.0	64747	34	39	65745	28	3002	3970	15
283.0	65292	31	23	65746	38	2840	1789	20
283.0	64357	16	14	65747	16	2519	1717	21
283.0	64732	29	28	65748	28	3824	2640	16
283.0	65341	18	17	65749	15	4503	3158	15
283.0	65081	25	24	65750	24	3878	2609	17
283.0	65525	16	16	65751	16	2641	1497	18
283.0	65475	17	19	65752	15	3058	3959	13
283.0	64701	32	28	65753	34	2959	4058	19
283.0	65314	22	19	65754	22	2650	3763	21
283.0	65166	10	12	65755	7	2887	1780	15
284.0	65229	22	23	65756	21	2720	3920	13
284.0	63634	20	20	65757	17	3529	3916	16
284.0	65056	12	9	65758	14	2259	3724	12
284.0	65013	28	29	65759	26	3199	1820	18
284.0	65256	28	26	65760	26	2880	3928	16
284.0	65425	29	29	65761	29	2837	1402	16
284.0	64964	26	22	65762	27	2039	2139	17
284.0	64921	41	37	65763	44	3689	1944	16
284.0	65039	5	3	65764	7	2453	1722	16
284.0	65127	23	24	65765	21	4125	3419	19
284.0	65378	33	34	65766	30	3900	3423	21
284.0	65331	10	15	65767	5	2410	3360	18
284.0	65305	11	11	65768	11	2268	3250	12
284.0	64900	31	28	65769	32	2919	4090	15
284.0	64929	8	6	65770	9	2181	3392	12
284.0	65525	16	14	65771	18	2641	1497	19
285.0	64929	6	7	65772	5	2182	3420	13
285.0	64921	37	35	65773	34	3689	1944	17
285.0	65516	24	23	65774	25	3901	3567	20
285.0	64955	23	24	65775	20	2703	1389	15
285.0	65591	22	23	65776	20	4159	2139	20
285.0	65656	22	24	65777	19	3938	2519	19
285.0	64959	31	28	65778	34	2702	1201	18
285.0	65566	21	25	65779	17	2819	4036	14
285.0	65328	30	31	65780	29	2931	4077	14
285.0	65512	28	25	65781	30	2449	1890	18
285.0	65430	9	6	65782	11	3678	3600	21
285.0	65092	19	20	65783	17	3943	3530	19
285.0	64936	23	26	65784	20	2138	2043	17
285.0	64912	24	30	65785	17	2630	1420	21
285.0	65008	17	14	65786	20	2720	1802	20
285.0	65523	30	28	65787	31	3982	3524	21
285.0	64735	25	18	65788	31	2708	3951	15
286.0	65461	13	13	65789	13	2690	1450	20
286.0	65380	36	39	65790	32	4147	3213	20
286.0	64959	28	27	65791	29	2702	1201	19
286.0	65006	27	28	65792	25	4068	3421	22
286.0	65390	43	45	65793	39	2491	1204	16
286.0	65000	17	22	65794	11	3450	3921	13
286.0	65516	23	20	65795	25	3901	3567	21
286.0	64717	33	38	65796	27	1751	2698	17
286.0	65203	30	30	65797	28	2768	1710	16
286.0	65156	13	14	65798	12	3780	3069	17
287.0	65413	34	36	65799	31	2032	3566	16
287.0	65049	16	13	65800	19	2986	4100	14
287.0	65542	24	28	65801	19	2930	4043	19
287.0	65127	24	23	65802	23	4125	3419	20
287.0	65272	19	15	65803	23	2954	4100	14
287.0	65390	45	43	65804	44	2491	1204	17
287.0	65325	40	39	65805	40	2627	1569	19
287.0	65085	33	30	65806	35	3260	1563	15
287.0	65329	23	27	65807	18	2990	4005	14
287.0	64717	38	38	65808	36	1751	2698	18
287.0	65164	19	17	65809	20	3211	1757	17
287.0	65436	11	8	65810	14	2720	1457	16
287.0	65092	20	21	65811	19	3943	3530	20
287.0	64574	31	35	65812	27	2981	1530	15
287.0	64661	33	34	65813	30	2491	1068	18
287.0	65394	21	24	65814	18	2630	1791	20
287.0	65006	28	27	65815	28	4068	3421	23
287.0	65354	55	54	65816	46	2769	1562	18
287.0	65525	14	18	65817	9	2641	1497	20
287.0	64762	30	39	65818	20	2710	1575	17
288.0	65580	26	28	65819	24	2718	1549	18
288.0	65310	44	44	65820	42	3071	1452	17
288.0	65184	17	17	65821	16	4071	2178	20
288.0	65289	29	28	65822	29	2459	3926	14
288.0	65603	28	31	65823	24	4020	3069	17
288.0	65461	13	15	65824	10	2648	1450	21
288.0	65085	30	27	65825	31	3260	1563	16
288.0	65358	30	26	65826	33	2681	1511	19
288.0	65346	12	14	65827	10	2990	4058	18
288.0	64906	35	36	65828	33	3982	3507	21
288.0	65316	26	24	65829	28	4071	2100	21
288.0	65132	35	36	65830	32	4080	2925	22
288.0	65232	28	26	65831	28	3907	2629	19
288.0	65257	10	10	65832	10	2927	1618	19
289.0	65603	31	29	65833	30	4020	3069	18
289.0	65435	14	9	65834	19	3800	3070	20
289.0	65000	22	21	65835	23	3450	3921	14
289.0	64933	15	14	65836	14	2860	1768	18
289.0	65285	44	43	65837	44	3751	1233	17
289.0	65056	9	6	65838	12	2259	3724	13
289.0	65048	14	11	65839	17	4010	2537	17
289.0	65196	11	11	65840	9	2224	3661	20
289.0	65084	38	41	65841	34	2700	1840	21
289.0	64909	42	48	65842	36	4290	4147	15
289.0	65232	26	27	65843	23	3907	2629	20
289.0	65580	28	29	65844	25	2718	1549	19
289.0	65497	28	26	65845	30	2911	1546	17
289.0	65283	25	24	65846	25	3771	2381	20
289.0	65209	20	17	65847	23	3839	3311	16
290.0	64593	26	24	65848	26	3960	3452	14
290.0	65649	40	40	65849	39	4125	2911	22
290.0	65390	43	41	65850	43	2491	1204	18
290.0	65489	19	19	65851	17	4375	2128	20
290.0	65352	15	19	65852	11	3288	4019	15
290.0	64900	28	29	65853	25	2919	4090	16
290.0	65501	20	21	65854	19	2392	1900	15
290.0	64582	8	8	65855	8	2301	1514	18
290.0	64701	28	27	65856	28	2959	4058	20
290.0	65321	24	19	65857	28	2250	1496	19
290.0	65386	12	13	65858	9	2841	3849	15
290.0	65044	12	12	65859	12	3489	3849	16
290.0	65156	14	10	65860	17	3780	3069	18
290.0	65209	17	16	65861	16	3839	3311	17
290.0	65061	32	30	65862	32	3062	1751	16
290.0	65204	30	32	65863	26	2237	1437	17
290.0	65417	22	23	65864	21	2838	3998	16
290.0	65380	39	43	65865	34	4215	3239	21
290.0	65382	20	20	65866	18	2260	3428	15
290.0	65273	32	33	65867	30	2884	737	17
291.0	65372	35	38	65868	29	3432	1559	16
291.0	65479	40	31	65869	49	2887	1502	20
291.0	65447	25	26	65870	21	2327	1969	16
291.0	65098	43	41	65871	41	2408	1453	17
291.0	65665	20	19	65872	20	3531	3941	15
291.0	65439	35	32	65873	37	2868	1427	17
291.0	65412	33	35	65874	30	3040	4017	14
291.0	65793	39	36	65875	38	2457	1204	17
291.0	64795	8	11	65876	5	3163	1468	17
291.0	65179	22	20	65877	24	2385	1359	15
291.0	65381	10	6	65878	12	3057	1582	18
291.0	65778	34	29	65879	38	2910	1198	19
291.0	65598	15	17	65880	12	2716	1519	16
291.0	65156	10	13	65881	5	3780	3069	19
291.0	65256	26	23	65882	27	2880	3928	17
291.0	65496	30	35	65883	23	3741	2409	10
291.0	65029	19	21	65884	17	2408	1749	16
291.0	64938	44	49	65885	36	2216	1098	16
291.0	65390	41	40	65886	34	2491	1204	19
291.0	65512	25	22	65887	27	2449	1890	19
291.0	65326	33	31	65888	31	2673	1329	18
291.0	64304	29	30	65889	27	4222	2334	20
291.0	65092	21	24	65890	18	3943	3530	21
292.0	64938	49	47	65891	49	2146	1032	17
292.0	64942	39	28	65892	49	3397	1383	19
292.0	65490	37	38	65893	33	2283	3689	20
292.0	65598	17	14	65894	20	2716	1519	17
292.0	65408	29	33	65895	22	3921	3241	20
292.0	65507	15	9	65896	21	2361	3747	19
292.0	64937	30	33	65897	27	4121	3530	13
292.0	64425	18	14	65898	22	2909	1740	16
292.0	65648	21	18	65899	22	2722	1649	20
292.0	65545	28	23	65900	30	2561	1791	15
292.0	65269	26	23	65901	27	2022	3836	14
292.0	65293	10	11	65902	8	2611	3842	12
292.0	64845	17	14	65903	19	2321	1682	15
292.0	65630	14	14	65904	14	2624	1573	22
292.0	64735	18	18	65905	15	2708	3951	16
292.0	65778	29	27	65906	30	2910	1198	20
292.0	65324	31	28	65907	33	1911	3837	16
292.0	65391	17	18	65908	14	2332	1858	18
292.0	65372	38	37	65909	38	3432	1559	17
293.0	65696	24	23	65910	24	2277	1437	17
293.0	65598	14	13	65911	15	2716	1519	18
293.0	64735	18	16	65912	19	2708	3951	17
293.0	65774	25	27	65913	22	3910	3576	21
293.0	64955	24	25	65914	22	2703	1389	16
293.0	65435	9	7	65915	9	3800	3070	21
293.0	65324	28	23	65916	29	1859	3812	17
293.0	65603	29	31	65917	27	4020	3069	19
293.0	65372	37	26	65918	46	3432	1559	18
293.0	65337	15	12	65919	17	2221	3160	15
293.0	65459	15	13	65920	17	3932	2468	17
293.0	64845	14	15	65921	13	2321	1682	16
293.0	65114	25	31	65922	18	3959	2315	19
293.0	65545	23	16	65923	29	2561	1791	16
294.0	65495	28	22	65924	33	3800	2398	20
294.0	65354	54	52	65925	48	2769	1562	19
294.0	65372	26	29	65926	22	3444	1503	19
294.0	64878	32	30	65927	34	2397	1251	15
294.0	65484	14	18	65928	10	3311	1763	18
294.0	65349	23	20	65929	26	2749	3900	14
294.0	65854	19	21	65930	17	2422	1920	16
294.0	65783	17	20	65931	14	4023	3589	20
294.0	64912	30	30	65932	27	2573	1418	22
294.0	64906	36	28	65933	41	3982	3507	22
294.0	65542	28	24	65934	31	2930	4043	20
294.0	65678	26	21	65935	27	2806	1002	17
294.0	65211	15	15	65936	14	1911	2623	17
294.0	65202	27	28	65937	26	2509	3820	12
294.0	64732	28	26	65938	29	3824	2640	17
294.0	65566	25	28	65939	21	2791	4133	15
294.0	64593	24	17	65940	30	3960	3452	15
294.0	65199	45	46	65941	41	2842	1477	19
294.0	65193	27	25	65942	28	3840	2623	15
294.0	65696	23	26	65943	20	2277	1437	18
294.0	65081	24	16	65944	31	3878	2609	18
294.0	64885	28	17	65945	35	3659	1993	21
294.0	63695	13	16	65946	10	3321	1791	18
294.0	65368	11	10	65947	12	2530	1599	14
294.0	65084	41	37	65948	42	2700	1840	22
294.0	64425	14	17	65949	11	2909	1740	17
295.0	65207	19	23	65950	15	2601	1731	20
295.0	65516	20	19	65951	19	3900	3517	22
295.0	65581	24	20	65952	24	2730	1771	20
295.0	65326	31	26	65953	35	2673	1329	19
295.0	64845	15	15	65954	14	2321	1682	17
295.0	64888	26	28	65955	22	3850	3867	16
295.0	64955	25	20	65956	29	2703	1389	17
295.0	65495	22	20	65957	22	3800	2398	21
295.0	65542	24	22	65958	25	2930	4043	21
295.0	65724	27	27	65959	27	3499	3941	17
295.0	65223	23	26	65960	19	3799	3893	20
295.0	65153	14	11	65961	16	2590	1820	18
295.0	65360	32	28	65962	33	2043	2291	21
295.0	64661	34	33	65963	33	2491	1068	19
295.0	65484	18	17	65964	18	3311	1763	19
295.0	65436	8	6	65965	10	2720	1457	17
295.0	64943	31	35	65966	27	3839	3080	15
295.0	65854	21	16	65967	24	2422	1920	17
295.0	64912	30	26	65968	33	2573	1418	23
295.0	65154	33	28	65969	33	4192	2354	18
295.0	65290	15	14	65970	14	3140	1961	17
295.0	65427	20	18	65971	20	3852	2393	19
295.0	64929	7	8	65972	6	2182	3420	14
295.0	65473	47	39	65973	52	4206	2961	21
295.0	65575	23	25	65974	21	2717	1358	15
296.0	65440	40	29	65975	47	1532	2960	17
296.0	65530	25	21	65976	28	4018	2360	20
296.0	65502	25	16	65977	32	2222	1451	16
296.0	65820	42	45	65978	38	2989	1430	18
296.0	65167	15	22	65979	8	2731	3990	14
296.0	65406	14	12	65980	16	3089	1546	15
296.0	65566	28	29	65981	25	2791	4133	16
296.0	65687	33	33	65982	33	2529	1184	16
296.0	64995	21	17	65983	24	2323	1719	19
296.0	65536	22	23	65984	20	2628	3800	11
296.0	65236	44	45	65985	41	3967	2342	19
296.0	65302	17	14	65986	19	2959	3978	14
296.0	65724	27	29	65987	25	3499	3941	18
296.0	65471	17	21	65988	13	2919	4058	18
296.0	65056	6	3	65989	9	2259	3724	14
296.0	65000	21	17	65990	23	3450	3921	15
296.0	65461	15	16	65991	14	2648	1450	22
296.0	65504	38	41	65992	34	4100	3785	16
296.0	65412	35	35	65993	35	3040	4017	15
296.0	65459	13	15	65994	11	3932	2468	18
296.0	65898	22	23	65995	20	2938	1710	17
296.0	65445	19	15	65996	22	4067	2482	18
296.0	65098	41	42	65997	39	2424	1419	18
296.0	65679	29	31	65998	27	2542	3987	17
296.0	64808	36	32	65999	38	3044	3906	14
296.0	65327	32	31	66000	30	3746	1758	19
296.0	65321	19	19	66001	19	2250	1496	20
296.0	64661	33	30	66002	32	2491	1068	20
296.0	65605	21	20	66003	20	2583	1569	21
296.0	64795	11	10	66004	12	3163	1468	18
297.0	65546	17	18	66005	16	4161	2367	18
297.0	65335	41	29	66006	51	1402	2465	20
297.0	65467	26	25	66007	25	1840	3487	17
297.0	65177	29	29	66008	27	3613	1858	18
297.0	65260	38	41	66009	31	3090	4100	13
297.0	65459	15	13	66010	17	3932	2468	19
297.0	65789	13	14	66011	12	2681	1479	21
297.0	65680	14	12	66012	15	2771	1481	18
297.0	65569	20	22	66013	15	3881	2629	18
297.0	65608	20	22	66014	17	2399	1841	17
297.0	65714	26	29	66015	22	4010	2467	19
297.0	65502	16	17	66016	13	2222	1451	17
297.0	65605	20	23	66017	17	2583	1569	22
297.0	65236	45	40	66018	47	3967	2342	20
297.0	65741	13	9	66019	17	2619	1372	18
297.0	64701	27	28	66020	25	2972	4071	21
297.0	65659	21	18	66021	23	2039	3117	15
297.0	65509	5	5	66022	5	3587	3901	19
297.0	65392	34	39	66023	28	3719	1846	18
297.0	65380	43	36	66024	50	4215	3239	22
297.0	65464	31	29	66025	32	2321	2031	16
298.0	65653	14	12	66026	16	2310	1742	15
298.0	65887	27	29	66027	24	2433	1870	20
298.0	65608	22	32	66028	12	2399	1841	18
298.0	65153	11	13	66029	9	2590	1820	19
298.0	64050	20	22	66030	17	3777	1782	19
298.0	65546	18	18	66031	17	4161	2367	19
298.0	65676	36	40	66032	30	2269	1169	18
298.0	65657	23	23	66033	21	4268	3250	18
298.0	65591	23	24	66034	21	4223	2071	21
298.0	65569	22	21	66035	22	3881	2629	19
298.0	65524	9	9	66036	9	3132	1467	19
298.0	65789	14	11	66037	17	2681	1479	22
298.0	65822	29	31	66038	26	2551	3879	15
298.0	65706	38	37	66039	38	3912	1886	19
298.0	65504	41	39	66040	40	4100	3785	17
299.0	65440	29	28	66041	29	1532	2960	18
299.0	65177	29	25	66042	32	3613	1858	19
299.0	65606	32	21	66043	42	2590	3749	21
299.0	65569	21	21	66044	20	3881	2629	20
299.0	64518	27	20	66045	29	2540	4042	18
299.0	65310	44	34	66046	51	3430	1441	18
299.0	64643	7	10	66047	4	2631	1361	18
299.0	65428	23	24	66048	20	2868	1572	16
299.0	65618	29	32	66049	24	4461	2910	17
299.0	65683	43	41	66050	44	2009	2788	16
299.0	65486	23	22	66051	23	2599	3949	15
299.0	65825	31	29	66052	30	3277	1641	17
299.0	65822	31	30	66053	30	2551	3879	16
299.0	64878	30	32	66054	27	2397	1251	16
299.0	65687	33	34	66055	32	2529	1184	17
299.0	65910	24	18	66056	30	2402	1437	18
299.0	65469	9	10	66057	8	3100	1388	16
299.0	65271	15	11	66058	18	2179	1553	14
299.0	65326	26	21	66059	29	2673	1329	20
299.0	64959	27	27	66060	26	2681	991	20
300.0	65532	21	22	66061	19	3540	3904	16
300.0	65772	5	4	66062	6	2198	3420	14
300.0	65328	31	30	66063	30	2931	4077	15
300.0	65394	24	22	66064	24	2630	1791	21
300.0	65573	9	9	66065	7	3920	3471	18
300.0	65502	17	16	66066	17	2222	1451	18
300.0	64574	35	39	66067	28	2981	1530	16
300.0	65273	33	25	66068	39	2813	638	18
300.0	65478	35	31	66069	37	3559	3760	15
300.0	65780	29	24	66070	32	2961	4090	15
300.0	65678	21	21	66071	21	2662	979	18
300.0	65649	40	46	66072	32	4125	2911	23
300.0	65916	29	25	66073	33	1865	3892	18
300.0	64959	27	29	66074	24	2681	991	21
