cell_id	parent_id	cell_type	cell_type_name	x	y	angle	shape_path	size_scale	cell_cycle_phase	ecDNA_count	ecDNA_cargo	O2_local	glucose_local	is_hypoxic	is_quiescent	generation	time_born_hr	migration_rate	VEGF_secretion
0	-1	4	Endothelial	20	75	2.7576	M -1 -0.3 Q 0 -0.5 1 -0.3 L 1 0.3 Q 0 0.5 -1 0.3 Z	1.0508	G1	0		37.65	4.4543	False	False	0	0.0	10.00	0.00
1	-1	4	Endothelial	32	75	0.5917	M -1 -0.3 Q 0 -0.5 1 -0.3 L 1 0.3 Q 0 0.5 -1 0.3 Z	1.1568	G1	0		38.52	4.7213	False	False	0	0.0	10.00	0.00
2	-1	4	Endothelial	44	75	4.9390	M -1 -0.3 Q 0 -0.5 1 -0.3 L 1 0.3 Q 0 0.5 -1 0.3 Z	1.0213	G1	0		38.50	4.6874	False	False	0	0.0	10.00	0.00
3	-1	4	Endothelial	64	69	2.3298	M -1 -0.3 Q 0 -0.5 1 -0.3 L 1 0.3 Q 0 0.5 -1 0.3 Z	0.8578	G1	0		37.76	4.5309	False	False	0	0.0	10.00	0.00
4	-1	4	Endothelial	77	102	5.1696	M -1 -0.3 Q 0 -0.5 1 -0.3 L 1 0.3 Q 0 0.5 -1 0.3 Z	1.0110	G1	0		38.23	4.6429	False	False	0	0.0	10.00	0.00
5	-1	4	Endothelial	90	74	3.4846	M -1 -0.3 Q 0 -0.5 1 -0.3 L 1 0.3 Q 0 0.5 -1 0.3 Z	0.8568	G1	0		38.41	4.6061	False	False	0	0.0	10.00	0.00
6	-1	4	Endothelial	94	65	3.9689	M -1 -0.3 Q 0 -0.5 1 -0.3 L 1 0.3 Q 0 0.5 -1 0.3 Z	1.1464	G1	0		37.62	4.6029	False	False	0	0.0	10.00	0.00
7	-1	4	Endothelial	112	37	6.0991	M -1 -0.3 Q 0 -0.5 1 -0.3 L 1 0.3 Q 0 0.5 -1 0.3 Z	0.8865	G1	0		37.59	4.6046	False	False	0	0.0	10.00	0.00
8	-1	4	Endothelial	83	93	1.2230	M -1 -0.3 Q 0 -0.5 1 -0.3 L 1 0.3 Q 0 0.5 -1 0.3 Z	0.9286	G1	0		37.76	4.5725	False	False	0	0.0	10.00	0.00
9	-1	4	Endothelial	137	71	0.9694	M -1 -0.3 Q 0 -0.5 1 -0.3 L 1 0.3 Q 0 0.5 -1 0.3 Z	1.0609	G1	0		37.40	4.3257	False	False	0	0.0	10.00	0.00
10	-1	4	Endothelial	139	85	6.0790	M -1 -0.3 Q 0 -0.5 1 -0.3 L 1 0.3 Q 0 0.5 -1 0.3 Z	1.3569	G1	0		37.61	4.4931	False	False	0	0.0	10.00	0.00
11	-1	4	Endothelial	156	93	2.9503	M -1 -0.3 Q 0 -0.5 1 -0.3 L 1 0.3 Q 0 0.5 -1 0.3 Z	0.8644	G1	0		36.94	4.0974	False	False	0	0.0	10.00	0.00
12	-1	4	Endothelial	175	91	2.9889	M -1 -0.3 Q 0 -0.5 1 -0.3 L 1 0.3 Q 0 0.5 -1 0.3 Z	0.9810	G1	0		37.56	4.3935	False	False	0	0.0	10.00	0.00
13	-1	4	Endothelial	195	72	2.7467	M -1 -0.3 Q 0 -0.5 1 -0.3 L 1 0.3 Q 0 0.5 -1 0.3 Z	1.1084	G1	0		38.18	4.4336	False	False	0	0.0	10.00	0.00
14	-1	4	Endothelial	198	0	1.9627	M -1 -0.3 Q 0 -0.5 1 -0.3 L 1 0.3 Q 0 0.5 -1 0.3 Z	0.8048	G1	0		37.88	4.9065	False	False	0	0.0	10.00	0.00
15	-1	4	Endothelial	210	74	2.4346	M -1 -0.3 Q 0 -0.5 1 -0.3 L 1 0.3 Q 0 0.5 -1 0.3 Z	1.0387	G1	0		38.05	4.4664	False	False	0	0.0	10.00	0.00
16	-1	4	Endothelial	218	83	0.8781	M -1 -0.3 Q 0 -0.5 1 -0.3 L 1 0.3 Q 0 0.5 -1 0.3 Z	1.1452	G1	0		37.71	4.3690	False	False	0	0.0	10.00	0.00
17	-1	4	Endothelial	224	75	4.9444	M -1 -0.3 Q 0 -0.5 1 -0.3 L 1 0.3 Q 0 0.5 -1 0.3 Z	1.0113	G1	0		38.35	4.3651	False	False	0	0.0	10.00	0.00
18	-1	4	Endothelial	236	75	4.9055	M -1 -0.3 Q 0 -0.5 1 -0.3 L 1 0.3 Q 0 0.5 -1 0.3 Z	0.7571	G1	0		38.34	4.3500	False	False	0	0.0	10.00	0.00
19	-1	4	Endothelial	281	109	0.8784	M -1 -0.3 Q 0 -0.5 1 -0.3 L 1 0.3 Q 0 0.5 -1 0.3 Z	0.8935	G1	0		37.69	4.1354	False	False	0	0.0	10.00	0.00
20	-1	4	Endothelial	240	53	2.9600	M -1 -0.3 Q 0 -0.5 1 -0.3 L 1 0.3 Q 0 0.5 -1 0.3 Z	0.8557	G1	0		37.38	4.3173	False	False	0	0.0	10.00	0.00
21	-1	4	Endothelial	255	71	3.9881	M -1 -0.3 Q 0 -0.5 1 -0.3 L 1 0.3 Q 0 0.5 -1 0.3 Z	0.9442	G1	0		37.79	4.3894	False	False	0	0.0	10.00	0.00
22	-1	4	Endothelial	291	83	1.9098	M -1 -0.3 Q 0 -0.5 1 -0.3 L 1 0.3 Q 0 0.5 -1 0.3 Z	1.1185	G1	0		37.66	4.2784	False	False	0	0.0	10.00	0.00
23	-1	4	Endothelial	301	83	1.3483	M -1 -0.3 Q 0 -0.5 1 -0.3 L 1 0.3 Q 0 0.5 -1 0.3 Z	0.9229	G1	0		37.57	4.2117	False	False	0	0.0	10.00	0.00
24	-1	4	Endothelial	312	84	1.4699	M -1 -0.3 Q 0 -0.5 1 -0.3 L 1 0.3 Q 0 0.5 -1 0.3 Z	0.7874	G1	0		37.41	4.1871	False	False	0	0.0	10.00	0.00
25	-1	4	Endothelial	295	61	1.8447	M -1 -0.3 Q 0 -0.5 1 -0.3 L 1 0.3 Q 0 0.5 -1 0.3 Z	1.0829	G1	0		37.97	4.4341	False	False	0	0.0	10.00	0.00
26	-1	4	Endothelial	339	68	4.9254	M -1 -0.3 Q 0 -0.5 1 -0.3 L 1 0.3 Q 0 0.5 -1 0.3 Z	0.9288	G1	0		38.28	4.2484	False	False	0	0.0	10.00	0.00
27	-1	4	Endothelial	344	75	5.1146	M -1 -0.3 Q 0 -0.5 1 -0.3 L 1 0.3 Q 0 0.5 -1 0.3 Z	0.9484	G1	0		38.07	4.0940	False	False	0	0.0	10.00	0.00
28	-1	4	Endothelial	359	56	0.5658	M -1 -0.3 Q 0 -0.5 1 -0.3 L 1 0.3 Q 0 0.5 -1 0.3 Z	0.9395	G1	0		36.65	3.8443	False	False	0	0.0	10.00	0.00
29	-1	4	Endothelial	358	75	1.0133	M -1 -0.3 Q 0 -0.5 1 -0.3 L 1 0.3 Q 0 0.5 -1 0.3 Z	1.0812	G1	0		38.33	4.2760	False	False	0	0.0	10.00	0.00
30	-1	4	Endothelial	380	75	4.3751	M -1 -0.3 Q 0 -0.5 1 -0.3 L 1 0.3 Q 0 0.5 -1 0.3 Z	1.0801	G1	0		37.95	4.2975	False	False	0	0.0	10.00	0.00
31	-1	4	Endothelial	392	65	1.8945	M -1 -0.3 Q 0 -0.5 1 -0.3 L 1 0.3 Q 0 0.5 -1 0.3 Z	0.9836	G1	0		37.43	4.2755	False	False	0	0.0	10.00	0.00
32	-1	4	Endothelial	427	93	0.5507	M -1 -0.3 Q 0 -0.5 1 -0.3 L 1 0.3 Q 0 0.5 -1 0.3 Z	0.7188	G1	0		35.85	3.3359	False	False	0	0.0	10.00	0.00
33	-1	4	Endothelial	411	66	5.7088	M -1 -0.3 Q 0 -0.5 1 -0.3 L 1 0.3 Q 0 0.5 -1 0.3 Z	0.8338	G1	0		37.57	4.3065	False	False	0	0.0	10.00	0.00
34	-1	4	Endothelial	422	37	6.0895	M -1 -0.3 Q 0 -0.5 1 -0.3 L 1 0.3 Q 0 0.5 -1 0.3 Z	0.9370	G1	0		36.89	4.1818	False	False	0	0.0	10.00	0.00
35	-1	4	Endothelial	440	75	2.8234	M -1 -0.3 Q 0 -0.5 1 -0.3 L 1 0.3 Q 0 0.5 -1 0.3 Z	1.1229	G1	0		37.93	4.2731	False	False	0	0.0	10.00	0.00
36	-1	4	Endothelial	418	94	5.6712	M -1 -0.3 Q 0 -0.5 1 -0.3 L 1 0.3 Q 0 0.5 -1 0.3 Z	0.8417	G1	0		37.04	3.8855	False	False	0	0.0	10.00	0.00
37	-1	4	Endothelial	435	67	1.9224	M -1 -0.3 Q 0 -0.5 1 -0.3 L 1 0.3 Q 0 0.5 -1 0.3 Z	0.7121	G1	0		37.44	4.2696	False	False	0	0.0	10.00	0.00
38	-1	4	Endothelial	471	66	5.3823	M -1 -0.3 Q 0 -0.5 1 -0.3 L 1 0.3 Q 0 0.5 -1 0.3 Z	0.9010	G1	0		38.24	4.1953	False	False	0	0.0	10.00	0.00
39	-1	4	Endothelial	481	67	2.7149	M -1 -0.3 Q 0 -0.5 1 -0.3 L 1 0.3 Q 0 0.5 -1 0.3 Z	0.9118	G1	0		37.68	4.3133	False	False	0	0.0	10.00	0.00
40	-1	4	Endothelial	500	75	4.0831	M -1 -0.3 Q 0 -0.5 1 -0.3 L 1 0.3 Q 0 0.5 -1 0.3 Z	1.2670	G1	0		37.64	4.0700	False	False	0	0.0	10.00	0.00
41	-1	4	Endothelial	512	75	0.2615	M -1 -0.3 Q 0 -0.5 1 -0.3 L 1 0.3 Q 0 0.5 -1 0.3 Z	1.0299	G1	0		38.04	4.0585	False	False	0	0.0	10.00	0.00
42	-1	4	Endothelial	529	83	0.9081	M -1 -0.3 Q 0 -0.5 1 -0.3 L 1 0.3 Q 0 0.5 -1 0.3 Z	1.1392	G1	0		37.54	4.1343	False	False	0	0.0	10.00	0.00
43	-1	4	Endothelial	544	69	1.0719	M -1 -0.3 Q 0 -0.5 1 -0.3 L 1 0.3 Q 0 0.5 -1 0.3 Z	0.8019	G1	0		38.04	4.1893	False	False	0	0.0	10.00	0.00
44	-1	4	Endothelial	548	75	2.1794	M -1 -0.3 Q 0 -0.5 1 -0.3 L 1 0.3 Q 0 0.5 -1 0.3 Z	0.9350	G1	0		37.91	4.1288	False	False	0	0.0	10.00	0.00
45	-1	4	Endothelial	546	102	6.0228	M -1 -0.3 Q 0 -0.5 1 -0.3 L 1 0.3 Q 0 0.5 -1 0.3 Z	0.9630	G1	0		37.32	4.0455	False	False	0	0.0	10.00	0.00
46	-1	4	Endothelial	562	77	0.5198	M -1 -0.3 Q 0 -0.5 1 -0.3 L 1 0.3 Q 0 0.5 -1 0.3 Z	1.0523	G1	0		37.53	4.0309	False	False	0	0.0	10.00	0.00
47	-1	4	Endothelial	584	75	5.8925	M -1 -0.3 Q 0 -0.5 1 -0.3 L 1 0.3 Q 0 0.5 -1 0.3 Z	1.4856	G1	0		38.13	4.1240	False	False	0	0.0	10.00	0.00
48	-1	4	Endothelial	582	111	1.6775	M -1 -0.3 Q 0 -0.5 1 -0.3 L 1 0.3 Q 0 0.5 -1 0.3 Z	0.6447	G1	0		37.17	3.9418	False	False	0	0.0	10.00	0.00
49	-1	4	Endothelial	615	68	2.7578	M -1 -0.3 Q 0 -0.5 1 -0.3 L 1 0.3 Q 0 0.5 -1 0.3 Z	0.9308	G1	0		37.47	4.2905	False	False	0	0.0	10.00	0.00
50	-1	4	Endothelial	620	75	5.6307	M -1 -0.3 Q 0 -0.5 1 -0.3 L 1 0.3 Q 0 0.5 -1 0.3 Z	1.1777	G1	0		37.94	4.2865	False	False	0	0.0	10.00	0.00
51	-1	4	Endothelial	626	67	0.6822	M -1 -0.3 Q 0 -0.5 1 -0.3 L 1 0.3 Q 0 0.5 -1 0.3 Z	0.8274	G1	0		37.52	4.2190	False	False	0	0.0	10.00	0.00
52	-1	4	Endothelial	643	65	4.5678	M -1 -0.3 Q 0 -0.5 1 -0.3 L 1 0.3 Q 0 0.5 -1 0.3 Z	0.9910	G1	0		37.29	4.1874	False	False	0	0.0	10.00	0.00
53	-1	4	Endothelial	656	75	5.7555	M -1 -0.3 Q 0 -0.5 1 -0.3 L 1 0.3 Q 0 0.5 -1 0.3 Z	1.1638	G1	0		38.27	4.2365	False	False	0	0.0	10.00	0.00
54	-1	4	Endothelial	663	84	3.4862	M -1 -0.3 Q 0 -0.5 1 -0.3 L 1 0.3 Q 0 0.5 -1 0.3 Z	0.8391	G1	0		37.50	4.1879	False	False	0	0.0	10.00	0.00
55	-1	4	Endothelial	670	74	5.0784	M -1 -0.3 Q 0 -0.5 1 -0.3 L 1 0.3 Q 0 0.5 -1 0.3 Z	0.8631	G1	0		37.96	4.3235	False	False	0	0.0	10.00	0.00
56	-1	4	Endothelial	692	75	1.8279	M -1 -0.3 Q 0 -0.5 1 -0.3 L 1 0.3 Q 0 0.5 -1 0.3 Z	1.1553	G1	0		38.25	4.2407	False	False	0	0.0	10.00	0.00
57	-1	4	Endothelial	704	75	5.8813	M -1 -0.3 Q 0 -0.5 1 -0.3 L 1 0.3 Q 0 0.5 -1 0.3 Z	0.9932	G1	0		38.26	4.2492	False	False	0	0.0	10.00	0.00
58	-1	4	Endothelial	716	75	2.7338	M -1 -0.3 Q 0 -0.5 1 -0.3 L 1 0.3 Q 0 0.5 -1 0.3 Z	0.9242	G1	0		38.26	4.2583	False	False	0	0.0	10.00	0.00
59	-1	4	Endothelial	728	75	4.7036	M -1 -0.3 Q 0 -0.5 1 -0.3 L 1 0.3 Q 0 0.5 -1 0.3 Z	1.0288	G1	0		38.10	4.3234	False	False	0	0.0	10.00	0.00
60	-1	4	Endothelial	740	75	3.2601	M -1 -0.3 Q 0 -0.5 1 -0.3 L 1 0.3 Q 0 0.5 -1 0.3 Z	0.9802	S	0		37.99	4.3718	False	False	0	0.0	10.00	0.00
61	-1	4	Endothelial	748	84	4.1573	M -1 -0.3 Q 0 -0.5 1 -0.3 L 1 0.3 Q 0 0.5 -1 0.3 Z	1.0366	G1	0		37.55	4.2734	False	False	0	0.0	10.00	0.00
62	-1	4	Endothelial	763	93	4.6922	M -1 -0.3 Q 0 -0.5 1 -0.3 L 1 0.3 Q 0 0.5 -1 0.3 Z	1.0715	G1	0		37.27	4.1185	False	False	0	0.0	10.00	0.00
63	-1	4	Endothelial	774	85	1.5141	M -1 -0.3 Q 0 -0.5 1 -0.3 L 1 0.3 Q 0 0.5 -1 0.3 Z	0.7959	G1	0		37.42	4.2606	False	False	0	0.0	10.00	0.00
64	-1	4	Endothelial	788	75	0.9631	M -1 -0.3 Q 0 -0.5 1 -0.3 L 1 0.3 Q 0 0.5 -1 0.3 Z	1.2873	G1	0		38.08	4.3489	False	False	0	0.0	10.00	0.00
65	-1	4	Endothelial	808	81	5.4950	M -1 -0.3 Q 0 -0.5 1 -0.3 L 1 0.3 Q 0 0.5 -1 0.3 Z	1.2436	G1	0		37.95	4.4402	False	False	0	0.0	10.00	0.00
66	-1	4	Endothelial	820	80	4.8846	M -1 -0.3 Q 0 -0.5 1 -0.3 L 1 0.3 Q 0 0.5 -1 0.3 Z	0.8509	G1	0		38.11	4.5021	False	False	0	0.0	10.00	0.00
67	-1	4	Endothelial	832	81	0.9041	M -1 -0.3 Q 0 -0.5 1 -0.3 L 1 0.3 Q 0 0.5 -1 0.3 Z	0.9991	G1	0		37.55	4.1949	False	False	0	0.0	10.00	0.00
68	-1	4	Endothelial	831	66	0.8283	M -1 -0.3 Q 0 -0.5 1 -0.3 L 1 0.3 Q 0 0.5 -1 0.3 Z	1.2346	G1	0		37.73	4.5318	False	False	0	0.0	10.00	0.00
69	-1	4	Endothelial	838	18	3.1814	M -1 -0.3 Q 0 -0.5 1 -0.3 L 1 0.3 Q 0 0.5 -1 0.3 Z	0.6583	G1	0		36.53	4.1102	False	False	0	0.0	10.00	0.00
70	-1	4	Endothelial	864	56	1.2552	M -1 -0.3 Q 0 -0.5 1 -0.3 L 1 0.3 Q 0 0.5 -1 0.3 Z	0.7969	G1	0		37.33	4.4253	False	False	0	0.0	10.00	0.00
71	-1	4	Endothelial	872	75	4.6432	M -1 -0.3 Q 0 -0.5 1 -0.3 L 1 0.3 Q 0 0.5 -1 0.3 Z	1.1527	G1	0		38.47	4.5365	False	False	0	0.0	10.00	0.00
72	-1	4	Endothelial	884	75	1.8909	M -1 -0.3 Q 0 -0.5 1 -0.3 L 1 0.3 Q 0 0.5 -1 0.3 Z	0.9193	G1	0		38.40	4.5016	False	False	0	0.0	10.00	0.00
73	-1	4	Endothelial	886	92	6.0044	M -1 -0.3 Q 0 -0.5 1 -0.3 L 1 0.3 Q 0 0.5 -1 0.3 Z	1.0897	G1	0		37.24	4.2900	False	False	0	0.0	10.00	0.00
74	-1	4	Endothelial	889	69	0.1562	M -1 -0.3 Q 0 -0.5 1 -0.3 L 1 0.3 Q 0 0.5 -1 0.3 Z	0.8840	G1	0		36.86	3.9587	False	False	0	0.0	10.00	0.00
75	-1	4	Endothelial	920	75	0.6654	M -1 -0.3 Q 0 -0.5 1 -0.3 L 1 0.3 Q 0 0.5 -1 0.3 Z	1.0294	G1	0		38.16	4.6783	False	False	0	0.0	10.00	0.00
76	-1	4	Endothelial	932	75	6.0710	M -1 -0.3 Q 0 -0.5 1 -0.3 L 1 0.3 Q 0 0.5 -1 0.3 Z	1.0380	G1	0		38.46	4.6142	False	False	0	0.0	10.00	0.00
77	-1	4	Endothelial	907	79	5.0539	M -1 -0.3 Q 0 -0.5 1 -0.3 L 1 0.3 Q 0 0.5 -1 0.3 Z	0.8578	G1	0		37.65	4.5916	False	False	0	0.0	10.00	0.00
78	-1	4	Endothelial	986	156	0.1121	M -1 -0.3 Q 0 -0.5 1 -0.3 L 1 0.3 Q 0 0.5 -1 0.3 Z	0.9015	G1	0		37.70	4.7638	False	False	0	0.0	10.00	0.00
79	-1	4	Endothelial	977	113	5.0065	M -1 -0.3 Q 0 -0.5 1 -0.3 L 1 0.3 Q 0 0.5 -1 0.3 Z	0.8785	G1	0		38.39	4.7446	False	False	0	0.0	10.00	0.00
80	-1	4	Endothelial	33	215	3.8077	M -1 -0.3 Q 0 -0.5 1 -0.3 L 1 0.3 Q 0 0.5 -1 0.3 Z	0.9729	G1	0		37.65	4.6404	False	False	0	0.0	10.00	0.00
81	-1	4	Endothelial	12	226	2.5923	M -1 -0.3 Q 0 -0.5 1 -0.3 L 1 0.3 Q 0 0.5 -1 0.3 Z	1.3685	G1	0		37.78	4.8206	False	False	0	0.0	10.00	0.00
82	-1	4	Endothelial	44	225	4.0962	M -1 -0.3 Q 0 -0.5 1 -0.3 L 1 0.3 Q 0 0.5 -1 0.3 Z	1.1873	G1	0		38.42	4.5371	False	False	0	0.0	10.00	0.00
83	-1	4	Endothelial	49	244	1.5572	M -1 -0.3 Q 0 -0.5 1 -0.3 L 1 0.3 Q 0 0.5 -1 0.3 Z	0.7555	G1	0		37.89	4.5673	False	False	0	0.0	10.00	0.00
84	-1	4	Endothelial	76	219	5.1307	M -1 -0.3 Q 0 -0.5 1 -0.3 L 1 0.3 Q 0 0.5 -1 0.3 Z	0.8172	G1	0		38.08	4.4271	False	False	0	0.0	10.00	0.00
85	-1	4	Endothelial	94	239	3.7349	M -1 -0.3 Q 0 -0.5 1 -0.3 L 1 0.3 Q 0 0.5 -1 0.3 Z	0.8047	G1	0		36.99	3.9266	False	False	0	0.0	10.00	0.00
86	-1	4	Endothelial	92	225	1.9499	M -1 -0.3 Q 0 -0.5 1 -0.3 L 1 0.3 Q 0 0.5 -1 0.3 Z	1.2881	G1	0		38.35	4.3024	False	False	0	0.0	10.00	0.00
87	-1	4	Endothelial	99	233	1.0401	M -1 -0.3 Q 0 -0.5 1 -0.3 L 1 0.3 Q 0 0.5 -1 0.3 Z	1.1296	G1	0		37.40	4.0757	False	False	0	0.0	10.00	0.00
88	-1	4	Endothelial	128	239	0.7256	M -1 -0.3 Q 0 -0.5 1 -0.3 L 1 0.3 Q 0 0.5 -1 0.3 Z	0.9777	G1	0		36.90	3.7567	False	False	0	0.0	10.00	0.00
89	-1	4	Endothelial	148	222	1.0973	M -1 -0.3 Q 0 -0.5 1 -0.3 L 1 0.3 Q 0 0.5 -1 0.3 Z	0.9556	G1	0		37.97	4.0400	False	False	0	0.0	10.00	0.00
90	-1	4	Endothelial	137	243	4.2771	M -1 -0.3 Q 0 -0.5 1 -0.3 L 1 0.3 Q 0 0.5 -1 0.3 Z	1.0786	G1	0		37.34	4.0171	False	False	0	0.0	10.00	0.00
91	-1	4	Endothelial	156	216	3.1700	M -1 -0.3 Q 0 -0.5 1 -0.3 L 1 0.3 Q 0 0.5 -1 0.3 Z	1.0586	G1	0		37.25	3.8831	False	False	0	0.0	10.00	0.00
92	-1	4	Endothelial	164	225	0.2732	M -1 -0.3 Q 0 -0.5 1 -0.3 L 1 0.3 Q 0 0.5 -1 0.3 Z	0.8797	G1	0		38.09	3.9052	False	False	0	0.0	10.00	0.00
93	-1	4	Endothelial	176	225	1.5669	M -1 -0.3 Q 0 -0.5 1 -0.3 L 1 0.3 Q 0 0.5 -1 0.3 Z	1.4690	G1	0		38.06	3.8561	False	False	0	0.0	10.00	0.00
94	-1	4	Endothelial	183	216	0.3095	M -1 -0.3 Q 0 -0.5 1 -0.3 L 1 0.3 Q 0 0.5 -1 0.3 Z	1.0643	G1	0		37.32	3.8602	False	False	0	0.0	10.00	0.00
95	-1	4	Endothelial	207	217	0.6388	M -1 -0.3 Q 0 -0.5 1 -0.3 L 1 0.3 Q 0 0.5 -1 0.3 Z	1.0435	G1	0		37.37	3.7861	False	False	0	0.0	10.00	0.00
96	-1	4	Endothelial	212	225	5.8110	M -1 -0.3 Q 0 -0.5 1 -0.3 L 1 0.3 Q 0 0.5 -1 0.3 Z	1.0438	G1	0		38.05	3.7647	False	False	0	0.0	10.00	0.00
97	-1	4	Endothelial	224	225	5.6715	M -1 -0.3 Q 0 -0.5 1 -0.3 L 1 0.3 Q 0 0.5 -1 0.3 Z	1.1546	G1	0		37.94	3.6667	False	False	0	0.0	10.00	0.00
98	-1	4	Endothelial	236	225	4.8976	M -1 -0.3 Q 0 -0.5 1 -0.3 L 1 0.3 Q 0 0.5 -1 0.3 Z	0.9214	G1	0		37.95	3.6463	False	False	0	0.0	10.00	0.00
99	-1	4	Endothelial	241	232	0.8454	M -1 -0.3 Q 0 -0.5 1 -0.3 L 1 0.3 Q 0 0.5 -1 0.3 Z	0.9513	G1	0		37.41	3.6532	False	False	0	0.0	10.00	0.00
100	-1	4	Endothelial	260	225	5.3883	M -1 -0.3 Q 0 -0.5 1 -0.3 L 1 0.3 Q 0 0.5 -1 0.3 Z	1.0254	G1	0		37.58	3.6332	False	False	0	0.0	10.00	0.00
101	-1	4	Endothelial	271	235	4.0185	M -1 -0.3 Q 0 -0.5 1 -0.3 L 1 0.3 Q 0 0.5 -1 0.3 Z	0.9605	G1	0		37.06	3.5243	False	False	0	0.0	10.00	0.00
102	-1	4	Endothelial	284	225	3.0026	M -1 -0.3 Q 0 -0.5 1 -0.3 L 1 0.3 Q 0 0.5 -1 0.3 Z	0.9380	G1	0		37.86	3.5020	False	False	0	0.0	10.00	0.00
103	-1	4	Endothelial	296	225	2.3091	M -1 -0.3 Q 0 -0.5 1 -0.3 L 1 0.3 Q 0 0.5 -1 0.3 Z	1.2879	G1	0		37.81	3.4514	False	False	0	0.0	10.00	0.00
104	-1	4	Endothelial	308	225	2.3842	M -1 -0.3 Q 0 -0.5 1 -0.3 L 1 0.3 Q 0 0.5 -1 0.3 Z	0.9452	G1	0		37.62	3.4716	False	False	0	0.0	10.00	0.00
105	-1	4	Endothelial	349	220	5.9619	M -1 -0.3 Q 0 -0.5 1 -0.3 L 1 0.3 Q 0 0.5 -1 0.3 Z	0.9443	G1	0		37.32	3.3484	False	False	0	0.0	10.00	0.00
106	-1	4	Endothelial	328	234	2.0632	M -1 -0.3 Q 0 -0.5 1 -0.3 L 1 0.3 Q 0 0.5 -1 0.3 Z	1.2887	G1	0		37.06	3.3817	False	False	0	0.0	10.00	0.00
107	-1	4	Endothelial	341	216	4.1003	M -1 -0.3 Q 0 -0.5 1 -0.3 L 1 0.3 Q 0 0.5 -1 0.3 Z	1.2907	G1	0		37.10	3.4427	False	False	0	0.0	10.00	0.00
108	-1	4	Endothelial	356	225	3.9767	M -1 -0.3 Q 0 -0.5 1 -0.3 L 1 0.3 Q 0 0.5 -1 0.3 Z	0.9506	G1	0		37.73	3.3209	False	False	0	0.0	10.00	0.00
109	-1	4	Endothelial	368	225	1.2717	M -1 -0.3 Q 0 -0.5 1 -0.3 L 1 0.3 Q 0 0.5 -1 0.3 Z	1.1649	G1	0		37.43	3.2647	False	False	0	0.0	10.00	0.00
110	-1	4	Endothelial	380	225	3.8603	M -1 -0.3 Q 0 -0.5 1 -0.3 L 1 0.3 Q 0 0.5 -1 0.3 Z	0.9682	G1	0		37.43	3.3838	False	False	0	0.0	10.00	0.00
111	-1	4	Endothelial	392	225	0.5309	M -1 -0.3 Q 0 -0.5 1 -0.3 L 1 0.3 Q 0 0.5 -1 0.3 Z	1.3034	G1	0		37.72	3.2883	False	False	0	0.0	10.00	0.00
112	-1	4	Endothelial	378	206	6.0248	M -1 -0.3 Q 0 -0.5 1 -0.3 L 1 0.3 Q 0 0.5 -1 0.3 Z	0.9888	G1	0		37.62	3.4546	False	False	0	0.0	10.00	0.00
113	-1	4	Endothelial	421	217	4.9174	M -1 -0.3 Q 0 -0.5 1 -0.3 L 1 0.3 Q 0 0.5 -1 0.3 Z	1.2519	G1	0		37.16	3.3638	False	False	0	0.0	10.00	0.00
114	-1	4	Endothelial	432	196	1.5921	M -1 -0.3 Q 0 -0.5 1 -0.3 L 1 0.3 Q 0 0.5 -1 0.3 Z	0.8310	G1	0		37.05	3.3532	False	False	0	0.0	10.00	0.00
115	-1	4	Endothelial	460	256	3.8715	M -1 -0.3 Q 0 -0.5 1 -0.3 L 1 0.3 Q 0 0.5 -1 0.3 Z	0.8881	G1	0		36.62	3.0129	False	False	0	0.0	10.00	0.00
116	-1	4	Endothelial	442	223	3.5967	M -1 -0.3 Q 0 -0.5 1 -0.3 L 1 0.3 Q 0 0.5 -1 0.3 Z	1.1926	G1	0		37.31	3.2363	False	False	0	0.0	10.00	0.00
117	-1	4	Endothelial	459	206	4.7999	M -1 -0.3 Q 0 -0.5 1 -0.3 L 1 0.3 Q 0 0.5 -1 0.3 Z	1.0507	S	0		36.98	3.3748	False	False	0	0.0	10.00	0.00
118	-1	4	Endothelial	483	218	3.7674	M -1 -0.3 Q 0 -0.5 1 -0.3 L 1 0.3 Q 0 0.5 -1 0.3 Z	1.2694	G1	0		37.14	3.2720	False	False	0	0.0	10.00	0.00
119	-1	4	Endothelial	509	242	0.7358	M -1 -0.3 Q 0 -0.5 1 -0.3 L 1 0.3 Q 0 0.5 -1 0.3 Z	1.0985	G1	0		37.39	3.2478	False	False	0	0.0	10.00	0.00
120	-1	4	Endothelial	492	219	2.6302	M -1 -0.3 Q 0 -0.5 1 -0.3 L 1 0.3 Q 0 0.5 -1 0.3 Z	1.0614	G1	0		36.65	3.0472	False	False	0	0.0	10.00	0.00
121	-1	4	Endothelial	512	225	2.0963	M -1 -0.3 Q 0 -0.5 1 -0.3 L 1 0.3 Q 0 0.5 -1 0.3 Z	1.1356	G1	0		37.48	3.0944	False	False	0	0.0	10.00	0.00
122	-1	4	Endothelial	524	225	1.6998	M -1 -0.3 Q 0 -0.5 1 -0.3 L 1 0.3 Q 0 0.5 -1 0.3 Z	1.0391	G1	0		37.66	3.2144	False	False	0	0.0	10.00	0.00
123	-1	4	Endothelial	541	233	0.9903	M -1 -0.3 Q 0 -0.5 1 -0.3 L 1 0.3 Q 0 0.5 -1 0.3 Z	0.9754	G1	0		36.98	3.1730	False	False	0	0.0	10.00	0.00
124	-1	4	Endothelial	548	225	2.7514	M -1 -0.3 Q 0 -0.5 1 -0.3 L 1 0.3 Q 0 0.5 -1 0.3 Z	1.1666	G1	0		37.51	3.2851	False	False	0	0.0	10.00	0.00
125	-1	4	Endothelial	560	225	3.4746	M -1 -0.3 Q 0 -0.5 1 -0.3 L 1 0.3 Q 0 0.5 -1 0.3 Z	1.2469	G1	0		37.39	3.3200	False	False	0	0.0	10.00	0.00
126	-1	4	Endothelial	572	225	3.0120	M -1 -0.3 Q 0 -0.5 1 -0.3 L 1 0.3 Q 0 0.5 -1 0.3 Z	1.0337	G1	0		37.69	3.2468	False	False	0	0.0	10.00	0.00
127	-1	4	Endothelial	584	225	4.5098	M -1 -0.3 Q 0 -0.5 1 -0.3 L 1 0.3 Q 0 0.5 -1 0.3 Z	1.2215	G1	0		37.70	3.2547	False	False	0	0.0	10.00	0.00
128	-1	4	Endothelial	596	225	5.3441	M -1 -0.3 Q 0 -0.5 1 -0.3 L 1 0.3 Q 0 0.5 -1 0.3 Z	1.0924	G1	0		37.70	3.2651	False	False	0	0.0	10.00	0.00
129	-1	4	Endothelial	620	175	3.6961	M -1 -0.3 Q 0 -0.5 1 -0.3 L 1 0.3 Q 0 0.5 -1 0.3 Z	0.6661	G1	0		33.96	1.9958	False	False	0	0.0	10.00	0.00
130	-1	4	Endothelial	627	218	2.8546	M -1 -0.3 Q 0 -0.5 1 -0.3 L 1 0.3 Q 0 0.5 -1 0.3 Z	1.0180	G1	0		37.19	3.3506	False	False	0	0.0	10.00	0.00
131	-1	4	Endothelial	593	231	2.8811	M -1 -0.3 Q 0 -0.5 1 -0.3 L 1 0.3 Q 0 0.5 -1 0.3 Z	0.7914	G1	0		36.50	2.8377	False	False	0	0.0	10.00	0.00
132	-1	4	Endothelial	651	197	5.7707	M -1 -0.3 Q 0 -0.5 1 -0.3 L 1 0.3 Q 0 0.5 -1 0.3 Z	1.0733	G1	0		37.01	3.4571	False	False	0	0.0	10.00	0.00
133	-1	4	Endothelial	672	217	6.2646	M -1 -0.3 Q 0 -0.5 1 -0.3 L 1 0.3 Q 0 0.5 -1 0.3 Z	0.7645	G1	0		37.58	3.4860	False	False	0	0.0	10.00	0.00
134	-1	4	Endothelial	695	274	5.2584	M -1 -0.3 Q 0 -0.5 1 -0.3 L 1 0.3 Q 0 0.5 -1 0.3 Z	0.9214	G1	0		36.52	3.0680	False	False	0	0.0	10.00	0.00
135	-1	4	Endothelial	690	225	0.5683	M -1 -0.3 Q 0 -0.5 1 -0.3 L 1 0.3 Q 0 0.5 -1 0.3 Z	1.0230	G1	0		37.93	3.5104	False	False	0	0.0	10.00	0.00
136	-1	4	Endothelial	698	233	1.5132	M -1 -0.3 Q 0 -0.5 1 -0.3 L 1 0.3 Q 0 0.5 -1 0.3 Z	1.0883	G1	0		37.14	3.4130	False	False	0	0.0	10.00	0.00
137	-1	4	Endothelial	704	225	1.2454	M -1 -0.3 Q 0 -0.5 1 -0.3 L 1 0.3 Q 0 0.5 -1 0.3 Z	1.0328	G1	0		37.80	3.4396	False	False	0	0.0	10.00	0.00
138	-1	4	Endothelial	716	225	0.2272	M -1 -0.3 Q 0 -0.5 1 -0.3 L 1 0.3 Q 0 0.5 -1 0.3 Z	1.0869	G1	0		37.81	3.4656	False	False	0	0.0	10.00	0.00
139	-1	4	Endothelial	728	225	3.8071	M -1 -0.3 Q 0 -0.5 1 -0.3 L 1 0.3 Q 0 0.5 -1 0.3 Z	1.1383	G1	0		37.65	3.5438	False	False	0	0.0	10.00	0.00
140	-1	4	Endothelial	757	233	5.3370	M -1 -0.3 Q 0 -0.5 1 -0.3 L 1 0.3 Q 0 0.5 -1 0.3 Z	0.7530	G1	0		34.81	2.3581	False	False	0	0.0	10.00	0.00
141	-1	4	Endothelial	758	217	5.8295	M -1 -0.3 Q 0 -0.5 1 -0.3 L 1 0.3 Q 0 0.5 -1 0.3 Z	1.1249	G1	0		37.31	3.6656	False	False	0	0.0	10.00	0.00
142	-1	4	Endothelial	774	223	5.2652	M -1 -0.3 Q 0 -0.5 1 -0.3 L 1 0.3 Q 0 0.5 -1 0.3 Z	1.1815	G1	0		37.82	3.6846	False	False	0	0.0	10.00	0.00
143	-1	4	Endothelial	769	232	0.7849	M -1 -0.3 Q 0 -0.5 1 -0.3 L 1 0.3 Q 0 0.5 -1 0.3 Z	0.8718	G1	0		36.14	3.0264	False	False	0	0.0	10.00	0.00
144	-1	4	Endothelial	788	225	3.9585	M -1 -0.3 Q 0 -0.5 1 -0.3 L 1 0.3 Q 0 0.5 -1 0.3 Z	1.2256	G1	0		37.76	3.7275	False	False	0	0.0	10.00	0.00
145	-1	4	Endothelial	800	225	4.6158	M -1 -0.3 Q 0 -0.5 1 -0.3 L 1 0.3 Q 0 0.5 -1 0.3 Z	0.9009	G1	0		37.67	3.8058	False	False	0	0.0	10.00	0.00
146	-1	4	Endothelial	821	229	4.4605	M -1 -0.3 Q 0 -0.5 1 -0.3 L 1 0.3 Q 0 0.5 -1 0.3 Z	0.9403	G1	0		37.98	3.8676	False	False	0	0.0	10.00	0.00
147	-1	4	Endothelial	793	177	0.3424	M -1 -0.3 Q 0 -0.5 1 -0.3 L 1 0.3 Q 0 0.5 -1 0.3 Z	0.7696	G1	0		37.14	3.8381	False	False	0	0.0	10.00	0.00
148	-1	4	Endothelial	837	205	5.5553	M -1 -0.3 Q 0 -0.5 1 -0.3 L 1 0.3 Q 0 0.5 -1 0.3 Z	1.0791	G1	0		36.77	3.6151	False	False	0	0.0	10.00	0.00
149	-1	4	Endothelial	848	225	0.5763	M -1 -0.3 Q 0 -0.5 1 -0.3 L 1 0.3 Q 0 0.5 -1 0.3 Z	1.1547	G1	0		37.89	3.9682	False	False	0	0.0	10.00	0.00
150	-1	4	Endothelial	842	180	2.8812	M -1 -0.3 Q 0 -0.5 1 -0.3 L 1 0.3 Q 0 0.5 -1 0.3 Z	0.8217	G1	0		36.04	3.3656	False	False	0	0.0	10.00	0.00
151	-1	4	Endothelial	878	233	3.5966	M -1 -0.3 Q 0 -0.5 1 -0.3 L 1 0.3 Q 0 0.5 -1 0.3 Z	0.9685	G1	0		37.40	3.9962	False	False	0	0.0	10.00	0.00
152	-1	4	Endothelial	884	225	1.8934	M -1 -0.3 Q 0 -0.5 1 -0.3 L 1 0.3 Q 0 0.5 -1 0.3 Z	1.2201	G1	0		38.19	4.1012	False	False	0	0.0	10.00	0.00
153	-1	4	Endothelial	896	225	4.0793	M -1 -0.3 Q 0 -0.5 1 -0.3 L 1 0.3 Q 0 0.5 -1 0.3 Z	1.1779	G1	0		38.22	4.1639	False	False	0	0.0	10.00	0.00
154	-1	4	Endothelial	906	235	3.1941	M -1 -0.3 Q 0 -0.5 1 -0.3 L 1 0.3 Q 0 0.5 -1 0.3 Z	1.0639	G1	0		37.34	4.1643	False	False	0	0.0	10.00	0.00
155	-1	4	Endothelial	920	225	0.7491	M -1 -0.3 Q 0 -0.5 1 -0.3 L 1 0.3 Q 0 0.5 -1 0.3 Z	1.3252	G1	0		37.89	4.2990	False	False	0	0.0	10.00	0.00
156	-1	4	Endothelial	929	216	1.9145	M -1 -0.3 Q 0 -0.5 1 -0.3 L 1 0.3 Q 0 0.5 -1 0.3 Z	1.0267	G1	0		38.31	4.3578	False	False	0	0.0	10.00	0.00
157	-1	4	Endothelial	944	225	3.9875	M -1 -0.3 Q 0 -0.5 1 -0.3 L 1 0.3 Q 0 0.5 -1 0.3 Z	1.0555	G1	0		38.36	4.4364	False	False	0	0.0	10.00	0.00
158	-1	4	Endothelial	949	218	1.3674	M -1 -0.3 Q 0 -0.5 1 -0.3 L 1 0.3 Q 0 0.5 -1 0.3 Z	0.8611	G1	0		37.77	4.4628	False	False	0	0.0	10.00	0.00
159	-1	4	Endothelial	960	231	0.2266	M -1 -0.3 Q 0 -0.5 1 -0.3 L 1 0.3 Q 0 0.5 -1 0.3 Z	0.8138	G1	0		37.74	4.4344	False	False	0	0.0	10.00	0.00
160	-1	4	Endothelial	0	374	1.4174	M -1 -0.3 Q 0 -0.5 1 -0.3 L 1 0.3 Q 0 0.5 -1 0.3 Z	1.3229	G1	0		38.10	4.9527	False	False	0	0.0	10.00	0.00
161	-1	4	Endothelial	31	355	4.4108	M -1 -0.3 Q 0 -0.5 1 -0.3 L 1 0.3 Q 0 0.5 -1 0.3 Z	1.0580	G1	0		37.69	4.6430	False	False	0	0.0	10.00	0.00
162	-1	4	Endothelial	38	367	1.9868	M -1 -0.3 Q 0 -0.5 1 -0.3 L 1 0.3 Q 0 0.5 -1 0.3 Z	1.0309	G1	0		38.29	4.5484	False	False	0	0.0	10.00	0.00
163	-1	4	Endothelial	28	383	2.7107	M -1 -0.3 Q 0 -0.5 1 -0.3 L 1 0.3 Q 0 0.5 -1 0.3 Z	1.1773	G1	0		37.88	4.6733	False	False	0	0.0	10.00	0.00
164	-1	4	Endothelial	68	375	3.2216	M -1 -0.3 Q 0 -0.5 1 -0.3 L 1 0.3 Q 0 0.5 -1 0.3 Z	1.4329	G1	0		38.10	4.3250	False	False	0	0.0	10.00	0.00
165	-1	4	Endothelial	80	375	5.7872	M -1 -0.3 Q 0 -0.5 1 -0.3 L 1 0.3 Q 0 0.5 -1 0.3 Z	1.0153	G1	0		37.36	3.8807	False	False	0	0.0	10.00	0.00
166	-1	4	Endothelial	100	393	5.0257	M -1 -0.3 Q 0 -0.5 1 -0.3 L 1 0.3 Q 0 0.5 -1 0.3 Z	0.9716	G1	0		37.14	3.9697	False	False	0	0.0	10.00	0.00
167	-1	4	Endothelial	100	442	3.1048	M -1 -0.3 Q 0 -0.5 1 -0.3 L 1 0.3 Q 0 0.5 -1 0.3 Z	0.8581	G1	0		37.28	3.9831	False	False	0	0.0	10.00	0.00
168	-1	4	Endothelial	116	375	5.2904	M -1 -0.3 Q 0 -0.5 1 -0.3 L 1 0.3 Q 0 0.5 -1 0.3 Z	1.1109	G1	0		38.08	3.9250	False	False	0	0.0	10.00	0.00
169	-1	4	Endothelial	128	375	2.0994	M -1 -0.3 Q 0 -0.5 1 -0.3 L 1 0.3 Q 0 0.5 -1 0.3 Z	0.9523	G1	0		37.80	3.8521	False	False	0	0.0	10.00	0.00
170	-1	4	Endothelial	188	370	4.6665	M -1 -0.3 Q 0 -0.5 1 -0.3 L 1 0.3 Q 0 0.5 -1 0.3 Z	1.1559	G1	0		36.58	3.1448	False	False	0	0.0	10.00	0.00
171	-1	4	Endothelial	159	431	5.3818	M -1 -0.3 Q 0 -0.5 1 -0.3 L 1 0.3 Q 0 0.5 -1 0.3 Z	0.6682	G1	0		36.81	3.4443	False	False	0	0.0	10.00	0.00
172	-1	4	Endothelial	174	393	3.7752	M -1 -0.3 Q 0 -0.5 1 -0.3 L 1 0.3 Q 0 0.5 -1 0.3 Z	1.1492	G1	0		37.01	3.5406	False	False	0	0.0	10.00	0.00
173	-1	4	Endothelial	212	332	6.0220	M -1 -0.3 Q 0 -0.5 1 -0.3 L 1 0.3 Q 0 0.5 -1 0.3 Z	0.5059	G1	0		35.62	2.6324	False	False	0	0.0	10.00	0.00
174	-1	4	Endothelial	179	380	1.9538	M -1 -0.3 Q 0 -0.5 1 -0.3 L 1 0.3 Q 0 0.5 -1 0.3 Z	1.0725	G1	0		37.30	3.4438	False	False	0	0.0	10.00	0.00
175	-1	4	Endothelial	195	346	2.4369	M -1 -0.3 Q 0 -0.5 1 -0.3 L 1 0.3 Q 0 0.5 -1 0.3 Z	0.7398	G1	0		36.68	3.3312	False	False	0	0.0	10.00	0.00
176	-1	4	Endothelial	202	375	1.3135	M -1 -0.3 Q 0 -0.5 1 -0.3 L 1 0.3 Q 0 0.5 -1 0.3 Z	0.9856	G1	0		37.43	3.3313	False	False	0	0.0	10.00	0.00
177	-1	4	Endothelial	234	348	1.0424	M -1 -0.3 Q 0 -0.5 1 -0.3 L 1 0.3 Q 0 0.5 -1 0.3 Z	1.1114	G1	0		37.03	3.3414	False	False	0	0.0	10.00	0.00
178	-1	4	Endothelial	241	366	3.4933	M -1 -0.3 Q 0 -0.5 1 -0.3 L 1 0.3 Q 0 0.5 -1 0.3 Z	1.2715	G1	0		36.99	3.2837	False	False	0	0.0	10.00	0.00
179	-1	4	Endothelial	248	375	0.8897	M -1 -0.3 Q 0 -0.5 1 -0.3 L 1 0.3 Q 0 0.5 -1 0.3 Z	1.2226	G1	0		37.51	3.2697	False	False	0	0.0	10.00	0.00
180	-1	4	Endothelial	261	365	0.5030	M -1 -0.3 Q 0 -0.5 1 -0.3 L 1 0.3 Q 0 0.5 -1 0.3 Z	0.9262	G1	0		36.89	3.2186	False	False	0	0.0	10.00	0.00
181	-1	4	Endothelial	279	398	2.9489	M -1 -0.3 Q 0 -0.5 1 -0.3 L 1 0.3 Q 0 0.5 -1 0.3 Z	1.0430	G1	0		36.87	3.1351	False	False	0	0.0	10.00	0.00
182	-1	4	Endothelial	306	396	5.6995	M -1 -0.3 Q 0 -0.5 1 -0.3 L 1 0.3 Q 0 0.5 -1 0.3 Z	0.8431	G1	0		36.85	3.0855	False	False	0	0.0	10.00	0.00
183	-1	4	Endothelial	258	386	1.8351	M -1 -0.3 Q 0 -0.5 1 -0.3 L 1 0.3 Q 0 0.5 -1 0.3 Z	0.7390	G1	0		36.21	2.7725	False	False	0	0.0	10.00	0.00
184	-1	4	Endothelial	328	378	3.0994	M -1 -0.3 Q 0 -0.5 1 -0.3 L 1 0.3 Q 0 0.5 -1 0.3 Z	1.1913	G1	0		36.75	2.6339	False	False	0	0.0	10.00	0.00
185	-1	4	Endothelial	314	367	5.3004	M -1 -0.3 Q 0 -0.5 1 -0.3 L 1 0.3 Q 0 0.5 -1 0.3 Z	0.7189	G1	0		36.51	2.8802	False	False	0	0.0	10.00	0.00
186	-1	4	Endothelial	337	366	4.2110	M -1 -0.3 Q 0 -0.5 1 -0.3 L 1 0.3 Q 0 0.5 -1 0.3 Z	0.9701	G1	0		36.73	2.9073	False	False	0	0.0	10.00	0.00
187	-1	4	Endothelial	344	375	2.3035	M -1 -0.3 Q 0 -0.5 1 -0.3 L 1 0.3 Q 0 0.5 -1 0.3 Z	1.0339	G1	0		37.46	2.8802	False	False	0	0.0	10.00	0.00
188	-1	4	Endothelial	350	367	5.3060	M -1 -0.3 Q 0 -0.5 1 -0.3 L 1 0.3 Q 0 0.5 -1 0.3 Z	1.1104	G1	0		36.42	2.6214	False	False	0	0.0	10.00	0.00
189	-1	4	Endothelial	358	375	5.3534	M -1 -0.3 Q 0 -0.5 1 -0.3 L 1 0.3 Q 0 0.5 -1 0.3 Z	1.0494	G1	0		37.57	2.9303	False	False	0	0.0	10.00	0.00
190	-1	4	Endothelial	398	367	3.6890	M -1 -0.3 Q 0 -0.5 1 -0.3 L 1 0.3 Q 0 0.5 -1 0.3 Z	0.9488	G1	0		36.69	2.6161	False	False	0	0.0	10.00	0.00
191	-1	4	Endothelial	364	416	3.1342	M -1 -0.3 Q 0 -0.5 1 -0.3 L 1 0.3 Q 0 0.5 -1 0.3 Z	0.7926	G1	0		36.04	2.5063	False	False	0	0.0	10.00	0.00
192	-1	4	Endothelial	430	348	2.5042	M -1 -0.3 Q 0 -0.5 1 -0.3 L 1 0.3 Q 0 0.5 -1 0.3 Z	0.8519	G1	0		36.63	2.8201	False	False	0	0.0	10.00	0.00
193	-1	4	Endothelial	409	382	1.1153	M -1 -0.3 Q 0 -0.5 1 -0.3 L 1 0.3 Q 0 0.5 -1 0.3 Z	1.0085	G1	0		36.74	2.7036	False	False	0	0.0	10.00	0.00
194	-1	4	Endothelial	447	370	0.1560	M -1 -0.3 Q 0 -0.5 1 -0.3 L 1 0.3 Q 0 0.5 -1 0.3 Z	1.1232	G1	0		36.77	2.7294	False	False	0	0.0	10.00	0.00
195	-1	4	Endothelial	426	389	1.9323	M -1 -0.3 Q 0 -0.5 1 -0.3 L 1 0.3 Q 0 0.5 -1 0.3 Z	1.0914	G1	0		36.49	2.6798	False	False	0	0.0	10.00	0.00
196	-1	4	Endothelial	429	332	1.7469	M -1 -0.3 Q 0 -0.5 1 -0.3 L 1 0.3 Q 0 0.5 -1 0.3 Z	0.9887	G1	0		36.32	2.6618	False	False	0	0.0	10.00	0.00
197	-1	4	Endothelial	440	358	6.1689	M -1 -0.3 Q 0 -0.5 1 -0.3 L 1 0.3 Q 0 0.5 -1 0.3 Z	1.0316	G1	0		36.53	2.7392	False	False	0	0.0	10.00	0.00
198	-1	4	Endothelial	500	359	4.7842	M -1 -0.3 Q 0 -0.5 1 -0.3 L 1 0.3 Q 0 0.5 -1 0.3 Z	1.2080	G1	0		36.54	2.7289	False	False	0	0.0	10.00	0.00
199	-1	4	Endothelial	487	325	6.0520	M -1 -0.3 Q 0 -0.5 1 -0.3 L 1 0.3 Q 0 0.5 -1 0.3 Z	0.5983	G1	0		34.54	1.7508	False	False	0	0.0	10.00	0.00
200	-1	4	Endothelial	495	345	0.7169	M -1 -0.3 Q 0 -0.5 1 -0.3 L 1 0.3 Q 0 0.5 -1 0.3 Z	0.8213	G1	0		36.53	2.7400	False	False	0	0.0	10.00	0.00
201	-1	4	Endothelial	517	346	3.4753	M -1 -0.3 Q 0 -0.5 1 -0.3 L 1 0.3 Q 0 0.5 -1 0.3 Z	0.8039	G1	0		36.69	2.7417	False	False	0	0.0	10.00	0.00
202	-1	4	Endothelial	524	375	6.1863	M -1 -0.3 Q 0 -0.5 1 -0.3 L 1 0.3 Q 0 0.5 -1 0.3 Z	1.2685	G1	0		37.42	2.7458	False	False	0	0.0	10.00	0.00
203	-1	4	Endothelial	536	375	4.7123	M -1 -0.3 Q 0 -0.5 1 -0.3 L 1 0.3 Q 0 0.5 -1 0.3 Z	1.3035	G1	0		37.40	2.7409	False	False	0	0.0	10.00	0.00
204	-1	4	Endothelial	552	366	0.2573	M -1 -0.3 Q 0 -0.5 1 -0.3 L 1 0.3 Q 0 0.5 -1 0.3 Z	0.7247	G1	0		36.51	2.6873	False	False	0	0.0	10.00	0.00
205	-1	4	Endothelial	560	375	6.1923	M -1 -0.3 Q 0 -0.5 1 -0.3 L 1 0.3 Q 0 0.5 -1 0.3 Z	0.9132	G1	0		36.82	2.6297	False	False	0	0.0	10.00	0.00
206	-1	4	Endothelial	605	394	2.5860	M -1 -0.3 Q 0 -0.5 1 -0.3 L 1 0.3 Q 0 0.5 -1 0.3 Z	0.7042	G1	0		36.15	2.4796	False	False	0	0.0	10.00	0.00
207	-1	4	Endothelial	591	368	3.4901	M -1 -0.3 Q 0 -0.5 1 -0.3 L 1 0.3 Q 0 0.5 -1 0.3 Z	1.2124	G1	0		35.62	2.1165	False	False	0	0.0	10.00	0.00
208	-1	4	Endothelial	605	378	5.1684	M -1 -0.3 Q 0 -0.5 1 -0.3 L 1 0.3 Q 0 0.5 -1 0.3 Z	1.0902	G1	0		37.16	2.7768	False	False	0	0.0	10.00	0.00
209	-1	4	Endothelial	590	426	0.3060	M -1 -0.3 Q 0 -0.5 1 -0.3 L 1 0.3 Q 0 0.5 -1 0.3 Z	0.7191	G1	0		36.49	2.6786	False	False	0	0.0	10.00	0.00
210	-1	4	Endothelial	620	365	4.4815	M -1 -0.3 Q 0 -0.5 1 -0.3 L 1 0.3 Q 0 0.5 -1 0.3 Z	1.0392	G1	0		36.70	2.8915	False	False	0	0.0	10.00	0.00
211	-1	4	Endothelial	637	366	4.6460	M -1 -0.3 Q 0 -0.5 1 -0.3 L 1 0.3 Q 0 0.5 -1 0.3 Z	0.8656	G1	0		36.69	2.8489	False	False	0	0.0	10.00	0.00
212	-1	4	Endothelial	644	375	1.4736	M -1 -0.3 Q 0 -0.5 1 -0.3 L 1 0.3 Q 0 0.5 -1 0.3 Z	1.0403	G1	0		37.44	2.8535	False	False	0	0.0	10.00	0.00
213	-1	4	Endothelial	656	375	0.0283	M -1 -0.3 Q 0 -0.5 1 -0.3 L 1 0.3 Q 0 0.5 -1 0.3 Z	0.9266	G1	0		37.52	2.9211	False	False	0	0.0	10.00	0.00
214	-1	4	Endothelial	660	382	0.1860	M -1 -0.3 Q 0 -0.5 1 -0.3 L 1 0.3 Q 0 0.5 -1 0.3 Z	0.8967	G1	0		37.01	2.9624	False	False	0	0.0	10.00	0.00
215	-1	4	Endothelial	689	380	4.2199	M -1 -0.3 Q 0 -0.5 1 -0.3 L 1 0.3 Q 0 0.5 -1 0.3 Z	0.9314	G1	0		37.14	2.9912	False	False	0	0.0	10.00	0.00
216	-1	4	Endothelial	720	371	2.1867	M -1 -0.3 Q 0 -0.5 1 -0.3 L 1 0.3 Q 0 0.5 -1 0.3 Z	0.5979	G1	0		37.11	2.9847	False	False	0	0.0	10.00	0.00
217	-1	4	Endothelial	699	384	3.7091	M -1 -0.3 Q 0 -0.5 1 -0.3 L 1 0.3 Q 0 0.5 -1 0.3 Z	0.9325	G1	0		36.87	3.0463	False	False	0	0.0	10.00	0.00
218	-1	4	Endothelial	722	395	5.5704	M -1 -0.3 Q 0 -0.5 1 -0.3 L 1 0.3 Q 0 0.5 -1 0.3 Z	0.9523	G1	0		36.76	3.0651	False	False	0	0.0	10.00	0.00
219	-1	4	Endothelial	728	375	2.1484	M -1 -0.3 Q 0 -0.5 1 -0.3 L 1 0.3 Q 0 0.5 -1 0.3 Z	1.0966	G1	0		36.86	2.7738	False	False	0	0.0	10.00	0.00
220	-1	4	Endothelial	750	374	6.2753	M -1 -0.3 Q 0 -0.5 1 -0.3 L 1 0.3 Q 0 0.5 -1 0.3 Z	1.1165	G1	0		36.73	2.8249	False	False	0	0.0	10.00	0.00
221	-1	4	Endothelial	745	382	0.8597	M -1 -0.3 Q 0 -0.5 1 -0.3 L 1 0.3 Q 0 0.5 -1 0.3 Z	0.9438	G1	0		34.90	2.0746	False	False	0	0.0	10.00	0.00
222	-1	4	Endothelial	805	349	2.4653	M -1 -0.3 Q 0 -0.5 1 -0.3 L 1 0.3 Q 0 0.5 -1 0.3 Z	0.7116	G1	0		35.24	2.6094	False	False	0	0.0	10.00	0.00
223	-1	4	Endothelial	762	381	0.8443	M -1 -0.3 Q 0 -0.5 1 -0.3 L 1 0.3 Q 0 0.5 -1 0.3 Z	1.3080	G1	0		36.92	3.2360	False	False	0	0.0	10.00	0.00
224	-1	4	Endothelial	806	383	1.2691	M -1 -0.3 Q 0 -0.5 1 -0.3 L 1 0.3 Q 0 0.5 -1 0.3 Z	0.8160	G1	0		37.14	3.4423	False	False	0	0.0	10.00	0.00
225	-1	4	Endothelial	784	387	3.9869	M -1 -0.3 Q 0 -0.5 1 -0.3 L 1 0.3 Q 0 0.5 -1 0.3 Z	0.8552	G1	0		36.34	3.0359	False	False	0	0.0	10.00	0.00
226	-1	4	Endothelial	815	365	6.0269	M -1 -0.3 Q 0 -0.5 1 -0.3 L 1 0.3 Q 0 0.5 -1 0.3 Z	0.9460	G1	0		36.94	3.4639	False	False	0	0.0	10.00	0.00
227	-1	4	Endothelial	832	368	1.7878	M -1 -0.3 Q 0 -0.5 1 -0.3 L 1 0.3 Q 0 0.5 -1 0.3 Z	0.8496	G1	0		37.45	3.5969	False	False	0	0.0	10.00	0.00
228	-1	4	Endothelial	858	395	2.0442	M -1 -0.3 Q 0 -0.5 1 -0.3 L 1 0.3 Q 0 0.5 -1 0.3 Z	0.7157	G1	0		35.05	2.6873	False	False	0	0.0	10.00	0.00
229	-1	4	Endothelial	838	373	4.6641	M -1 -0.3 Q 0 -0.5 1 -0.3 L 1 0.3 Q 0 0.5 -1 0.3 Z	0.9129	G1	0		37.80	3.6675	False	False	0	0.0	10.00	0.00
230	-1	4	Endothelial	857	384	1.8811	M -1 -0.3 Q 0 -0.5 1 -0.3 L 1 0.3 Q 0 0.5 -1 0.3 Z	1.0454	G1	0		37.11	3.7024	False	False	0	0.0	10.00	0.00
231	-1	4	Endothelial	880	369	0.9767	M -1 -0.3 Q 0 -0.5 1 -0.3 L 1 0.3 Q 0 0.5 -1 0.3 Z	1.1393	G1	0		37.71	3.9895	False	False	0	0.0	10.00	0.00
232	-1	4	Endothelial	897	361	3.5279	M -1 -0.3 Q 0 -0.5 1 -0.3 L 1 0.3 Q 0 0.5 -1 0.3 Z	1.0642	G1	0		36.18	3.4661	False	False	0	0.0	10.00	0.00
233	-1	4	Endothelial	867	386	2.7545	M -1 -0.3 Q 0 -0.5 1 -0.3 L 1 0.3 Q 0 0.5 -1 0.3 Z	0.9722	G1	0		37.16	3.7822	False	False	0	0.0	10.00	0.00
234	-1	4	Endothelial	918	373	4.2386	M -1 -0.3 Q 0 -0.5 1 -0.3 L 1 0.3 Q 0 0.5 -1 0.3 Z	1.2086	G1	0		37.65	4.2069	False	False	0	0.0	10.00	0.00
235	-1	4	Endothelial	926	383	4.9486	M -1 -0.3 Q 0 -0.5 1 -0.3 L 1 0.3 Q 0 0.5 -1 0.3 Z	0.9165	G1	0		37.57	4.2140	False	False	0	0.0	10.00	0.00
236	-1	4	Endothelial	932	375	0.6402	M -1 -0.3 Q 0 -0.5 1 -0.3 L 1 0.3 Q 0 0.5 -1 0.3 Z	1.1318	G1	0		38.33	4.3045	False	False	0	0.0	10.00	0.00
237	-1	4	Endothelial	942	392	3.2216	M -1 -0.3 Q 0 -0.5 1 -0.3 L 1 0.3 Q 0 0.5 -1 0.3 Z	0.9292	G1	0		37.61	4.2944	False	False	0	0.0	10.00	0.00
238	-1	4	Endothelial	956	375	6.0304	M -1 -0.3 Q 0 -0.5 1 -0.3 L 1 0.3 Q 0 0.5 -1 0.3 Z	1.1587	G1	0		38.36	4.4489	False	False	0	0.0	10.00	0.00
239	-1	4	Endothelial	968	375	1.5461	M -1 -0.3 Q 0 -0.5 1 -0.3 L 1 0.3 Q 0 0.5 -1 0.3 Z	0.8696	G1	0		38.25	4.6134	False	False	0	0.0	10.00	0.00
240	-1	4	Endothelial	8	541	3.2427	M -1 -0.3 Q 0 -0.5 1 -0.3 L 1 0.3 Q 0 0.5 -1 0.3 Z	0.8475	G1	0		37.95	4.9460	False	False	0	0.0	10.00	0.00
241	-1	4	Endothelial	13	531	0.7012	M -1 -0.3 Q 0 -0.5 1 -0.3 L 1 0.3 Q 0 0.5 -1 0.3 Z	0.9592	G1	0		37.81	4.8241	False	False	0	0.0	10.00	0.00
242	-1	4	Endothelial	40	534	4.3869	M -1 -0.3 Q 0 -0.5 1 -0.3 L 1 0.3 Q 0 0.5 -1 0.3 Z	1.1749	G1	0		37.77	4.5771	False	False	0	0.0	10.00	0.00
243	-1	4	Endothelial	50	533	2.4764	M -1 -0.3 Q 0 -0.5 1 -0.3 L 1 0.3 Q 0 0.5 -1 0.3 Z	1.0931	G1	0		37.70	4.4205	False	False	0	0.0	10.00	0.00
244	-1	4	Endothelial	68	525	0.7042	M -1 -0.3 Q 0 -0.5 1 -0.3 L 1 0.3 Q 0 0.5 -1 0.3 Z	0.9977	G1	0		38.09	4.3016	False	False	0	0.0	10.00	0.00
245	-1	4	Endothelial	75	517	3.1929	M -1 -0.3 Q 0 -0.5 1 -0.3 L 1 0.3 Q 0 0.5 -1 0.3 Z	0.9980	G1	0		38.11	4.2282	False	False	0	0.0	10.00	0.00
246	-1	4	Endothelial	94	515	2.7101	M -1 -0.3 Q 0 -0.5 1 -0.3 L 1 0.3 Q 0 0.5 -1 0.3 Z	0.7394	G1	0		37.10	3.8636	False	False	0	0.0	10.00	0.00
247	-1	4	Endothelial	87	534	1.6358	M -1 -0.3 Q 0 -0.5 1 -0.3 L 1 0.3 Q 0 0.5 -1 0.3 Z	0.8296	G1	0		37.46	4.1239	False	False	0	0.0	10.00	0.00
248	-1	4	Endothelial	72	481	3.0151	M -1 -0.3 Q 0 -0.5 1 -0.3 L 1 0.3 Q 0 0.5 -1 0.3 Z	0.6199	G1	0		38.06	4.2664	False	False	0	0.0	10.00	0.00
249	-1	4	Endothelial	173	508	2.0781	M -1 -0.3 Q 0 -0.5 1 -0.3 L 1 0.3 Q 0 0.5 -1 0.3 Z	1.2435	G1	0		37.02	3.5541	False	False	0	0.0	10.00	0.00
250	-1	4	Endothelial	146	491	2.8951	M -1 -0.3 Q 0 -0.5 1 -0.3 L 1 0.3 Q 0 0.5 -1 0.3 Z	0.8100	G1	0		35.24	2.7078	False	False	0	0.0	10.00	0.00
251	-1	4	Endothelial	159	532	0.2977	M -1 -0.3 Q 0 -0.5 1 -0.3 L 1 0.3 Q 0 0.5 -1 0.3 Z	1.0097	G1	0		36.19	3.0667	False	False	0	0.0	10.00	0.00
252	-1	4	Endothelial	173	529	0.0582	M -1 -0.3 Q 0 -0.5 1 -0.3 L 1 0.3 Q 0 0.5 -1 0.3 Z	1.0464	G1	0		37.65	3.6133	False	False	0	0.0	10.00	0.00
253	-1	4	Endothelial	156	503	0.6951	M -1 -0.3 Q 0 -0.5 1 -0.3 L 1 0.3 Q 0 0.5 -1 0.3 Z	1.1345	G1	0		37.60	3.6621	False	False	0	0.0	10.00	0.00
254	-1	4	Endothelial	193	516	3.5765	M -1 -0.3 Q 0 -0.5 1 -0.3 L 1 0.3 Q 0 0.5 -1 0.3 Z	1.1670	G1	0		37.63	3.4892	False	False	0	0.0	10.00	0.00
255	-1	4	Endothelial	240	481	0.0298	M -1 -0.3 Q 0 -0.5 1 -0.3 L 1 0.3 Q 0 0.5 -1 0.3 Z	0.6900	G1	0		36.21	2.8617	False	False	0	0.0	10.00	0.00
256	-1	4	Endothelial	212	525	1.0225	M -1 -0.3 Q 0 -0.5 1 -0.3 L 1 0.3 Q 0 0.5 -1 0.3 Z	1.2996	G1	0		37.48	3.1415	False	False	0	0.0	10.00	0.00
257	-1	4	Endothelial	250	484	1.5976	M -1 -0.3 Q 0 -0.5 1 -0.3 L 1 0.3 Q 0 0.5 -1 0.3 Z	0.8511	G1	0		36.45	2.9466	False	False	0	0.0	10.00	0.00
258	-1	4	Endothelial	293	528	3.7914	M -1 -0.3 Q 0 -0.5 1 -0.3 L 1 0.3 Q 0 0.5 -1 0.3 Z	0.8308	G1	0		37.31	2.9832	False	False	0	0.0	10.00	0.00
259	-1	4	Endothelial	248	535	5.1092	M -1 -0.3 Q 0 -0.5 1 -0.3 L 1 0.3 Q 0 0.5 -1 0.3 Z	1.1893	G1	0		36.83	3.1623	False	False	0	0.0	10.00	0.00
260	-1	4	Endothelial	261	554	3.7745	M -1 -0.3 Q 0 -0.5 1 -0.3 L 1 0.3 Q 0 0.5 -1 0.3 Z	1.1066	G1	0		36.41	2.8520	False	False	0	0.0	10.00	0.00
261	-1	4	Endothelial	296	535	1.9958	M -1 -0.3 Q 0 -0.5 1 -0.3 L 1 0.3 Q 0 0.5 -1 0.3 Z	1.1059	G1	0		36.62	2.9017	False	False	0	0.0	10.00	0.00
262	-1	4	Endothelial	283	515	2.1770	M -1 -0.3 Q 0 -0.5 1 -0.3 L 1 0.3 Q 0 0.5 -1 0.3 Z	1.0568	G1	0		36.71	2.9867	False	False	0	0.0	10.00	0.00
263	-1	4	Endothelial	292	516	4.5565	M -1 -0.3 Q 0 -0.5 1 -0.3 L 1 0.3 Q 0 0.5 -1 0.3 Z	0.9073	G1	0		36.72	2.9221	False	False	0	0.0	10.00	0.00
264	-1	4	Endothelial	296	488	1.9927	M -1 -0.3 Q 0 -0.5 1 -0.3 L 1 0.3 Q 0 0.5 -1 0.3 Z	1.2882	G1	0		36.72	2.9639	False	False	0	0.0	10.00	0.00
265	-1	4	Endothelial	323	534	0.7918	M -1 -0.3 Q 0 -0.5 1 -0.3 L 1 0.3 Q 0 0.5 -1 0.3 Z	1.2251	G1	0		36.18	2.5992	False	False	0	0.0	10.00	0.00
266	-1	4	Endothelial	304	532	1.0866	M -1 -0.3 Q 0 -0.5 1 -0.3 L 1 0.3 Q 0 0.5 -1 0.3 Z	0.8178	G1	0		36.95	2.9395	False	False	0	0.0	10.00	0.00
267	-1	4	Endothelial	344	525	0.0252	M -1 -0.3 Q 0 -0.5 1 -0.3 L 1 0.3 Q 0 0.5 -1 0.3 Z	0.7829	G1	0		37.46	2.8199	False	False	0	0.0	10.00	0.00
268	-1	4	Endothelial	376	524	3.6734	M -1 -0.3 Q 0 -0.5 1 -0.3 L 1 0.3 Q 0 0.5 -1 0.3 Z	1.2996	G1	0		36.68	2.7057	False	False	0	0.0	10.00	0.00
270	-1	4	Endothelial	405	539	1.7165	M -1 -0.3 Q 0 -0.5 1 -0.3 L 1 0.3 Q 0 0.5 -1 0.3 Z	0.8196	G1	0		36.58	2.7053	False	False	0	0.0	10.00	0.00
271	-1	4	Endothelial	381	509	1.8520	M -1 -0.3 Q 0 -0.5 1 -0.3 L 1 0.3 Q 0 0.5 -1 0.3 Z	0.7916	G1	0		36.91	2.7273	False	False	0	0.0	10.00	0.00
272	-1	4	Endothelial	367	507	0.1141	M -1 -0.3 Q 0 -0.5 1 -0.3 L 1 0.3 Q 0 0.5 -1 0.3 Z	0.7022	G1	0		36.75	2.4548	False	False	0	0.0	10.00	0.00
273	-1	4	Endothelial	420	544	5.4908	M -1 -0.3 Q 0 -0.5 1 -0.3 L 1 0.3 Q 0 0.5 -1 0.3 Z	1.1765	G1	0		35.24	2.0300	False	False	0	0.0	10.00	0.00
274	-1	4	Endothelial	410	533	3.4780	M -1 -0.3 Q 0 -0.5 1 -0.3 L 1 0.3 Q 0 0.5 -1 0.3 Z	0.8592	G1	0		36.63	2.6264	False	False	0	0.0	10.00	0.00
275	-1	4	Endothelial	440	525	4.5601	M -1 -0.3 Q 0 -0.5 1 -0.3 L 1 0.3 Q 0 0.5 -1 0.3 Z	1.0632	G1	0		36.93	2.6279	False	False	0	0.0	10.00	0.00
276	-1	4	Endothelial	432	559	6.1790	M -1 -0.3 Q 0 -0.5 1 -0.3 L 1 0.3 Q 0 0.5 -1 0.3 Z	0.9780	G1	0		36.25	2.5362	False	False	0	0.0	10.00	0.00
277	-1	4	Endothelial	472	520	0.0784	M -1 -0.3 Q 0 -0.5 1 -0.3 L 1 0.3 Q 0 0.5 -1 0.3 Z	1.0362	G1	0		37.06	2.7058	False	False	0	0.0	10.00	0.00
278	-1	4	Endothelial	482	536	2.5633	M -1 -0.3 Q 0 -0.5 1 -0.3 L 1 0.3 Q 0 0.5 -1 0.3 Z	1.0421	G1	0		37.13	2.6321	False	False	0	0.0	10.00	0.00
279	-1	4	Endothelial	488	515	2.4819	M -1 -0.3 Q 0 -0.5 1 -0.3 L 1 0.3 Q 0 0.5 -1 0.3 Z	1.0519	G1	0		36.44	2.5553	False	False	0	0.0	10.00	0.00
280	-1	4	Endothelial	504	534	6.0416	M -1 -0.3 Q 0 -0.5 1 -0.3 L 1 0.3 Q 0 0.5 -1 0.3 Z	1.0455	G1	0		36.47	2.5376	False	False	0	0.0	10.00	0.00
281	-1	4	Endothelial	512	525	5.3971	M -1 -0.3 Q 0 -0.5 1 -0.3 L 1 0.3 Q 0 0.5 -1 0.3 Z	1.2396	G1	0		37.27	2.5610	False	False	0	0.0	10.00	0.00
282	-1	4	Endothelial	516	496	2.9518	M -1 -0.3 Q 0 -0.5 1 -0.3 L 1 0.3 Q 0 0.5 -1 0.3 Z	0.8063	G1	0		36.19	2.4347	False	False	0	0.0	10.00	0.00
283	-1	4	Endothelial	526	527	2.3817	M -1 -0.3 Q 0 -0.5 1 -0.3 L 1 0.3 Q 0 0.5 -1 0.3 Z	1.0049	G1	0		37.39	2.6620	False	False	0	0.0	10.00	0.00
284	-1	4	Endothelial	557	522	4.5939	M -1 -0.3 Q 0 -0.5 1 -0.3 L 1 0.3 Q 0 0.5 -1 0.3 Z	1.2024	G1	0		35.78	2.2112	False	False	0	0.0	10.00	0.00
285	-1	4	Endothelial	570	524	0.6573	M -1 -0.3 Q 0 -0.5 1 -0.3 L 1 0.3 Q 0 0.5 -1 0.3 Z	1.2602	G1	0		37.26	2.6626	False	False	0	0.0	10.00	0.00
286	-1	4	Endothelial	570	582	5.0146	M -1 -0.3 Q 0 -0.5 1 -0.3 L 1 0.3 Q 0 0.5 -1 0.3 Z	0.8745	G1	0		36.20	2.5304	False	False	0	0.0	10.00	0.00
287	-1	4	Endothelial	584	525	4.6722	M -1 -0.3 Q 0 -0.5 1 -0.3 L 1 0.3 Q 0 0.5 -1 0.3 Z	1.2379	G1	0		37.34	2.6511	False	False	0	0.0	10.00	0.00
288	-1	4	Endothelial	596	525	2.3697	M -1 -0.3 Q 0 -0.5 1 -0.3 L 1 0.3 Q 0 0.5 -1 0.3 Z	1.3175	G1	0		37.35	2.6670	False	False	0	0.0	10.00	0.00
289	-1	4	Endothelial	608	525	2.4795	M -1 -0.3 Q 0 -0.5 1 -0.3 L 1 0.3 Q 0 0.5 -1 0.3 Z	0.9845	G1	0		37.12	2.6845	False	False	0	0.0	10.00	0.00
290	-1	4	Endothelial	620	525	3.6505	M -1 -0.3 Q 0 -0.5 1 -0.3 L 1 0.3 Q 0 0.5 -1 0.3 Z	1.5298	G1	0		36.97	2.7049	False	False	0	0.0	10.00	0.00
291	-1	4	Endothelial	632	525	5.8772	M -1 -0.3 Q 0 -0.5 1 -0.3 L 1 0.3 Q 0 0.5 -1 0.3 Z	1.1615	G1	0		37.39	2.7319	False	False	0	0.0	10.00	0.00
292	-1	4	Endothelial	639	534	2.3701	M -1 -0.3 Q 0 -0.5 1 -0.3 L 1 0.3 Q 0 0.5 -1 0.3 Z	1.1514	G1	0		36.71	2.7828	False	False	0	0.0	10.00	0.00
293	-1	4	Endothelial	650	517	1.0234	M -1 -0.3 Q 0 -0.5 1 -0.3 L 1 0.3 Q 0 0.5 -1 0.3 Z	1.0023	G1	0		36.87	2.8454	False	False	0	0.0	10.00	0.00
294	-1	4	Endothelial	655	571	5.9998	M -1 -0.3 Q 0 -0.5 1 -0.3 L 1 0.3 Q 0 0.5 -1 0.3 Z	0.6772	G1	0		33.65	1.3424	False	False	0	0.0	10.00	0.00
295	-1	4	Endothelial	718	496	4.7344	M -1 -0.3 Q 0 -0.5 1 -0.3 L 1 0.3 Q 0 0.5 -1 0.3 Z	0.7596	G1	0		36.43	2.8359	False	False	0	0.0	10.00	0.00
296	-1	4	Endothelial	699	543	1.2698	M -1 -0.3 Q 0 -0.5 1 -0.3 L 1 0.3 Q 0 0.5 -1 0.3 Z	0.8844	G1	0		36.75	2.9728	False	False	0	0.0	10.00	0.00
297	-1	4	Endothelial	738	572	2.9431	M -1 -0.3 Q 0 -0.5 1 -0.3 L 1 0.3 Q 0 0.5 -1 0.3 Z	0.9322	G1	0		36.31	2.8241	False	False	0	0.0	10.00	0.00
298	-1	4	Endothelial	721	516	3.0253	M -1 -0.3 Q 0 -0.5 1 -0.3 L 1 0.3 Q 0 0.5 -1 0.3 Z	1.0465	G1	0		36.64	2.8822	False	False	0	0.0	10.00	0.00
299	-1	4	Endothelial	757	530	3.1134	M -1 -0.3 Q 0 -0.5 1 -0.3 L 1 0.3 Q 0 0.5 -1 0.3 Z	1.0105	G1	0		37.31	3.2033	False	False	0	0.0	10.00	0.00
300	-1	4	Endothelial	733	518	1.8521	M -1 -0.3 Q 0 -0.5 1 -0.3 L 1 0.3 Q 0 0.5 -1 0.3 Z	0.9979	G1	0		36.80	3.0386	False	False	0	0.0	10.00	0.00
301	-1	4	Endothelial	755	516	5.6652	M -1 -0.3 Q 0 -0.5 1 -0.3 L 1 0.3 Q 0 0.5 -1 0.3 Z	0.9953	G1	0		36.83	3.0915	False	False	0	0.0	10.00	0.00
302	-1	4	Endothelial	774	528	5.9879	M -1 -0.3 Q 0 -0.5 1 -0.3 L 1 0.3 Q 0 0.5 -1 0.3 Z	0.8148	G1	0		37.66	3.1765	False	False	0	0.0	10.00	0.00
303	-1	4	Endothelial	772	516	1.9130	M -1 -0.3 Q 0 -0.5 1 -0.3 L 1 0.3 Q 0 0.5 -1 0.3 Z	1.0482	G1	0		36.13	2.8140	False	False	0	0.0	10.00	0.00
304	-1	4	Endothelial	766	480	5.3143	M -1 -0.3 Q 0 -0.5 1 -0.3 L 1 0.3 Q 0 0.5 -1 0.3 Z	0.5831	G1	0		34.95	2.1464	False	False	0	0.0	10.00	0.00
305	-1	4	Endothelial	802	535	1.0387	M -1 -0.3 Q 0 -0.5 1 -0.3 L 1 0.3 Q 0 0.5 -1 0.3 Z	0.9070	G1	0		36.94	3.3675	False	False	0	0.0	10.00	0.00
306	-1	4	Endothelial	812	525	5.3529	M -1 -0.3 Q 0 -0.5 1 -0.3 L 1 0.3 Q 0 0.5 -1 0.3 Z	0.9480	G1	0		37.51	3.2240	False	False	0	0.0	10.00	0.00
307	-1	4	Endothelial	821	534	1.8600	M -1 -0.3 Q 0 -0.5 1 -0.3 L 1 0.3 Q 0 0.5 -1 0.3 Z	0.8563	G1	0		37.50	3.4510	False	False	0	0.0	10.00	0.00
308	-1	4	Endothelial	836	525	4.7753	M -1 -0.3 Q 0 -0.5 1 -0.3 L 1 0.3 Q 0 0.5 -1 0.3 Z	1.0649	G1	0		37.79	3.4972	False	False	0	0.0	10.00	0.00
309	-1	4	Endothelial	848	535	5.9159	M -1 -0.3 Q 0 -0.5 1 -0.3 L 1 0.3 Q 0 0.5 -1 0.3 Z	1.2647	G1	0		37.03	3.5908	False	False	0	0.0	10.00	0.00
310	-1	4	Endothelial	860	535	0.6308	M -1 -0.3 Q 0 -0.5 1 -0.3 L 1 0.3 Q 0 0.5 -1 0.3 Z	0.9624	G1	0		37.09	3.6771	False	False	0	0.0	10.00	0.00
311	-1	4	Endothelial	862	542	1.1278	M -1 -0.3 Q 0 -0.5 1 -0.3 L 1 0.3 Q 0 0.5 -1 0.3 Z	0.8206	G1	0		36.49	3.3979	False	False	0	0.0	10.00	0.00
312	-1	4	Endothelial	884	525	1.5410	M -1 -0.3 Q 0 -0.5 1 -0.3 L 1 0.3 Q 0 0.5 -1 0.3 Z	1.0926	G1	0		38.04	3.8627	False	False	0	0.0	10.00	0.00
313	-1	4	Endothelial	896	525	5.4951	M -1 -0.3 Q 0 -0.5 1 -0.3 L 1 0.3 Q 0 0.5 -1 0.3 Z	1.1929	G1	0		37.92	3.8177	False	False	0	0.0	10.00	0.00
314	-1	4	Endothelial	912	534	1.5608	M -1 -0.3 Q 0 -0.5 1 -0.3 L 1 0.3 Q 0 0.5 -1 0.3 Z	1.0882	G1	0		37.37	4.0913	False	False	0	0.0	10.00	0.00
315	-1	4	Endothelial	925	516	5.9063	M -1 -0.3 Q 0 -0.5 1 -0.3 L 1 0.3 Q 0 0.5 -1 0.3 Z	0.9470	G1	0		37.43	4.1569	False	False	0	0.0	10.00	0.00
316	-1	4	Endothelial	912	524	3.2526	M -1 -0.3 Q 0 -0.5 1 -0.3 L 1 0.3 Q 0 0.5 -1 0.3 Z	0.9048	G1	0		37.39	4.0039	False	False	0	0.0	10.00	0.00
317	-1	4	Endothelial	938	533	3.3714	M -1 -0.3 Q 0 -0.5 1 -0.3 L 1 0.3 Q 0 0.5 -1 0.3 Z	0.9717	G1	0		37.68	4.3320	False	False	0	0.0	10.00	0.00
318	-1	4	Endothelial	956	525	0.7896	M -1 -0.3 Q 0 -0.5 1 -0.3 L 1 0.3 Q 0 0.5 -1 0.3 Z	1.0126	G1	0		38.35	4.4298	False	False	0	0.0	10.00	0.00
319	-1	4	Endothelial	968	525	5.9892	M -1 -0.3 Q 0 -0.5 1 -0.3 L 1 0.3 Q 0 0.5 -1 0.3 Z	1.1942	G1	0		38.24	4.6004	False	False	0	0.0	10.00	0.00
320	-1	4	Endothelial	27	683	1.3051	M -1 -0.3 Q 0 -0.5 1 -0.3 L 1 0.3 Q 0 0.5 -1 0.3 Z	1.0983	G1	0		37.86	4.6683	False	False	0	0.0	10.00	0.00
321	-1	4	Endothelial	32	675	0.7474	M -1 -0.3 Q 0 -0.5 1 -0.3 L 1 0.3 Q 0 0.5 -1 0.3 Z	1.1567	G1	0		38.52	4.6275	False	False	0	0.0	10.00	0.00
322	-1	4	Endothelial	44	675	3.8210	M -1 -0.3 Q 0 -0.5 1 -0.3 L 1 0.3 Q 0 0.5 -1 0.3 Z	1.1477	G1	0		38.38	4.4710	False	False	0	0.0	10.00	0.00
323	-1	4	Endothelial	55	685	3.3419	M -1 -0.3 Q 0 -0.5 1 -0.3 L 1 0.3 Q 0 0.5 -1 0.3 Z	1.0482	G1	0		37.47	4.3763	False	False	0	0.0	10.00	0.00
324	-1	4	Endothelial	87	631	5.1416	M -1 -0.3 Q 0 -0.5 1 -0.3 L 1 0.3 Q 0 0.5 -1 0.3 Z	0.5116	G1	0		37.48	4.1276	False	False	0	0.0	10.00	0.00
325	-1	4	Endothelial	98	653	0.9606	M -1 -0.3 Q 0 -0.5 1 -0.3 L 1 0.3 Q 0 0.5 -1 0.3 Z	0.7128	G1	0		37.44	4.0859	False	False	0	0.0	10.00	0.00
326	-1	4	Endothelial	92	675	0.3148	M -1 -0.3 Q 0 -0.5 1 -0.3 L 1 0.3 Q 0 0.5 -1 0.3 Z	0.8063	G1	0		38.27	4.1769	False	False	0	0.0	10.00	0.00
327	-1	4	Endothelial	104	675	3.9126	M -1 -0.3 Q 0 -0.5 1 -0.3 L 1 0.3 Q 0 0.5 -1 0.3 Z	0.9193	G1	0		38.14	4.0355	False	False	0	0.0	10.00	0.00
328	-1	4	Endothelial	119	666	1.3318	M -1 -0.3 Q 0 -0.5 1 -0.3 L 1 0.3 Q 0 0.5 -1 0.3 Z	1.0680	G1	0		37.43	3.9966	False	False	0	0.0	10.00	0.00
329	-1	4	Endothelial	145	663	4.0150	M -1 -0.3 Q 0 -0.5 1 -0.3 L 1 0.3 Q 0 0.5 -1 0.3 Z	0.8329	G1	0		37.17	3.7751	False	False	0	0.0	10.00	0.00
330	-1	4	Endothelial	158	666	1.7649	M -1 -0.3 Q 0 -0.5 1 -0.3 L 1 0.3 Q 0 0.5 -1 0.3 Z	0.7725	G1	0		34.15	2.1113	False	False	0	0.0	10.00	0.00
331	-1	4	Endothelial	156	684	0.8107	M -1 -0.3 Q 0 -0.5 1 -0.3 L 1 0.3 Q 0 0.5 -1 0.3 Z	1.1541	G1	0		37.18	3.7048	False	False	0	0.0	10.00	0.00
332	-1	4	Endothelial	191	663	2.4688	M -1 -0.3 Q 0 -0.5 1 -0.3 L 1 0.3 Q 0 0.5 -1 0.3 Z	0.9823	G1	0		37.05	3.5451	False	False	0	0.0	10.00	0.00
333	-1	4	Endothelial	138	707	4.5627	M -1 -0.3 Q 0 -0.5 1 -0.3 L 1 0.3 Q 0 0.5 -1 0.3 Z	0.8334	G1	0		36.84	3.6869	False	False	0	0.0	10.00	0.00
334	-1	4	Endothelial	174	689	3.7680	M -1 -0.3 Q 0 -0.5 1 -0.3 L 1 0.3 Q 0 0.5 -1 0.3 Z	0.9313	G1	0		36.04	3.1321	False	False	0	0.0	10.00	0.00
335	-1	4	Endothelial	200	675	2.1533	M -1 -0.3 Q 0 -0.5 1 -0.3 L 1 0.3 Q 0 0.5 -1 0.3 Z	1.0772	G1	0		37.45	3.5112	False	False	0	0.0	10.00	0.00
336	-1	4	Endothelial	212	675	5.3156	M -1 -0.3 Q 0 -0.5 1 -0.3 L 1 0.3 Q 0 0.5 -1 0.3 Z	1.1226	G1	0		37.75	3.4054	False	False	0	0.0	10.00	0.00
337	-1	4	Endothelial	224	675	5.6077	M -1 -0.3 Q 0 -0.5 1 -0.3 L 1 0.3 Q 0 0.5 -1 0.3 Z	0.7660	G1	0		37.78	3.3983	False	False	0	0.0	10.00	0.00
338	-1	4	Endothelial	236	675	3.3390	M -1 -0.3 Q 0 -0.5 1 -0.3 L 1 0.3 Q 0 0.5 -1 0.3 Z	1.1007	G1	0		37.73	3.3322	False	False	0	0.0	10.00	0.00
339	-1	4	Endothelial	248	675	5.9535	M -1 -0.3 Q 0 -0.5 1 -0.3 L 1 0.3 Q 0 0.5 -1 0.3 Z	1.1451	G1	0		37.41	3.2419	False	False	0	0.0	10.00	0.00
340	-1	4	Endothelial	247	662	2.5330	M -1 -0.3 Q 0 -0.5 1 -0.3 L 1 0.3 Q 0 0.5 -1 0.3 Z	1.2191	G1	0		37.32	3.3376	False	False	0	0.0	10.00	0.00
341	-1	4	Endothelial	272	675	3.1977	M -1 -0.3 Q 0 -0.5 1 -0.3 L 1 0.3 Q 0 0.5 -1 0.3 Z	1.1278	G1	0		37.39	3.0258	False	False	0	0.0	10.00	0.00
342	-1	4	Endothelial	284	675	4.0657	M -1 -0.3 Q 0 -0.5 1 -0.3 L 1 0.3 Q 0 0.5 -1 0.3 Z	1.1373	G1	0		37.64	3.1669	False	False	0	0.0	10.00	0.00
343	-1	4	Endothelial	306	675	2.7649	M -1 -0.3 Q 0 -0.5 1 -0.3 L 1 0.3 Q 0 0.5 -1 0.3 Z	0.9309	G1	0		37.52	3.1005	False	False	0	0.0	10.00	0.00
344	-1	4	Endothelial	299	658	4.1940	M -1 -0.3 Q 0 -0.5 1 -0.3 L 1 0.3 Q 0 0.5 -1 0.3 Z	1.0567	G1	0		36.65	3.0078	False	False	0	0.0	10.00	0.00
345	-1	4	Endothelial	320	675	0.1242	M -1 -0.3 Q 0 -0.5 1 -0.3 L 1 0.3 Q 0 0.5 -1 0.3 Z	1.1260	G1	0		37.18	3.0641	False	False	0	0.0	10.00	0.00
346	-1	4	Endothelial	332	675	4.8893	M -1 -0.3 Q 0 -0.5 1 -0.3 L 1 0.3 Q 0 0.5 -1 0.3 Z	1.2404	G1	0		37.56	3.0323	False	False	0	0.0	10.00	0.00
347	-1	4	Endothelial	362	674	4.1962	M -1 -0.3 Q 0 -0.5 1 -0.3 L 1 0.3 Q 0 0.5 -1 0.3 Z	0.8258	G1	0		37.54	3.0309	False	False	0	0.0	10.00	0.00
348	-1	4	Endothelial	358	685	0.8712	M -1 -0.3 Q 0 -0.5 1 -0.3 L 1 0.3 Q 0 0.5 -1 0.3 Z	0.9544	G1	0		36.65	2.9550	False	False	0	0.0	10.00	0.00
349	-1	4	Endothelial	369	685	5.7198	M -1 -0.3 Q 0 -0.5 1 -0.3 L 1 0.3 Q 0 0.5 -1 0.3 Z	1.0566	G1	0		36.76	3.0156	False	False	0	0.0	10.00	0.00
350	-1	4	Endothelial	380	675	4.4070	M -1 -0.3 Q 0 -0.5 1 -0.3 L 1 0.3 Q 0 0.5 -1 0.3 Z	1.1027	G1	0		37.21	3.0149	False	False	0	0.0	10.00	0.00
351	-1	4	Endothelial	344	643	1.6029	M -1 -0.3 Q 0 -0.5 1 -0.3 L 1 0.3 Q 0 0.5 -1 0.3 Z	0.6366	G1	0		36.54	2.8267	False	False	0	0.0	10.00	0.00
352	-1	4	Endothelial	404	675	6.1332	M -1 -0.3 Q 0 -0.5 1 -0.3 L 1 0.3 Q 0 0.5 -1 0.3 Z	1.1743	G1	0		37.32	2.7694	False	False	0	0.0	10.00	0.00
353	-1	4	Endothelial	409	682	0.1459	M -1 -0.3 Q 0 -0.5 1 -0.3 L 1 0.3 Q 0 0.5 -1 0.3 Z	0.9166	G1	0		36.91	2.9057	False	False	0	0.0	10.00	0.00
354	-1	4	Endothelial	419	679	3.8342	M -1 -0.3 Q 0 -0.5 1 -0.3 L 1 0.3 Q 0 0.5 -1 0.3 Z	0.9998	G1	0		37.31	2.9974	False	False	0	0.0	10.00	0.00
355	-1	4	Endothelial	440	675	5.3657	M -1 -0.3 Q 0 -0.5 1 -0.3 L 1 0.3 Q 0 0.5 -1 0.3 Z	1.1343	G1	0		37.16	2.9329	False	False	0	0.0	10.00	0.00
356	-1	4	Endothelial	452	675	3.0777	M -1 -0.3 Q 0 -0.5 1 -0.3 L 1 0.3 Q 0 0.5 -1 0.3 Z	1.1623	G1	0		37.46	2.8493	False	False	0	0.0	10.00	0.00
357	-1	4	Endothelial	464	675	1.5344	M -1 -0.3 Q 0 -0.5 1 -0.3 L 1 0.3 Q 0 0.5 -1 0.3 Z	0.8729	G1	0		37.46	2.8426	False	False	0	0.0	10.00	0.00
358	-1	4	Endothelial	476	675	5.2988	M -1 -0.3 Q 0 -0.5 1 -0.3 L 1 0.3 Q 0 0.5 -1 0.3 Z	1.0904	G1	0		37.45	2.8378	False	False	0	0.0	10.00	0.00
359	-1	4	Endothelial	488	675	4.8045	M -1 -0.3 Q 0 -0.5 1 -0.3 L 1 0.3 Q 0 0.5 -1 0.3 Z	0.7930	G1	0		37.27	2.8812	False	False	0	0.0	10.00	0.00
360	-1	4	Endothelial	500	675	2.8680	M -1 -0.3 Q 0 -0.5 1 -0.3 L 1 0.3 Q 0 0.5 -1 0.3 Z	1.4075	G1	0		37.15	2.9123	False	False	0	0.0	10.00	0.00
361	-1	4	Endothelial	512	675	1.8179	M -1 -0.3 Q 0 -0.5 1 -0.3 L 1 0.3 Q 0 0.5 -1 0.3 Z	1.0250	G1	0		37.32	2.7398	False	False	0	0.0	10.00	0.00
362	-1	4	Endothelial	519	684	2.5760	M -1 -0.3 Q 0 -0.5 1 -0.3 L 1 0.3 Q 0 0.5 -1 0.3 Z	1.0741	G1	0		36.77	2.8959	False	False	0	0.0	10.00	0.00
363	-1	4	Endothelial	536	675	5.4071	M -1 -0.3 Q 0 -0.5 1 -0.3 L 1 0.3 Q 0 0.5 -1 0.3 Z	0.9239	G1	0		37.49	2.8731	False	False	0	0.0	10.00	0.00
364	-1	4	Endothelial	548	665	2.1120	M -1 -0.3 Q 0 -0.5 1 -0.3 L 1 0.3 Q 0 0.5 -1 0.3 Z	0.9900	G1	0		36.55	2.7798	False	False	0	0.0	10.00	0.00
365	-1	4	Endothelial	558	665	0.8691	M -1 -0.3 Q 0 -0.5 1 -0.3 L 1 0.3 Q 0 0.5 -1 0.3 Z	1.2409	G1	0		36.64	2.8474	False	False	0	0.0	10.00	0.00
366	-1	4	Endothelial	572	675	2.4508	M -1 -0.3 Q 0 -0.5 1 -0.3 L 1 0.3 Q 0 0.5 -1 0.3 Z	0.8142	G1	0		37.56	2.9388	False	False	0	0.0	10.00	0.00
367	-1	4	Endothelial	584	675	0.9674	M -1 -0.3 Q 0 -0.5 1 -0.3 L 1 0.3 Q 0 0.5 -1 0.3 Z	0.8479	G1	0		37.49	2.8940	False	False	0	0.0	10.00	0.00
368	-1	4	Endothelial	612	686	5.8616	M -1 -0.3 Q 0 -0.5 1 -0.3 L 1 0.3 Q 0 0.5 -1 0.3 Z	1.4682	G1	0		36.74	2.9883	False	False	0	0.0	10.00	0.00
369	-1	4	Endothelial	621	660	0.8671	M -1 -0.3 Q 0 -0.5 1 -0.3 L 1 0.3 Q 0 0.5 -1 0.3 Z	1.0406	G1	0		36.76	2.9693	False	False	0	0.0	10.00	0.00
370	-1	4	Endothelial	591	670	5.5597	M -1 -0.3 Q 0 -0.5 1 -0.3 L 1 0.3 Q 0 0.5 -1 0.3 Z	1.0103	G1	0		37.18	2.9625	False	False	0	0.0	10.00	0.00
371	-1	4	Endothelial	649	684	5.2309	M -1 -0.3 Q 0 -0.5 1 -0.3 L 1 0.3 Q 0 0.5 -1 0.3 Z	0.7670	G1	0		36.88	3.0667	False	False	0	0.0	10.00	0.00
372	-1	4	Endothelial	619	646	3.4695	M -1 -0.3 Q 0 -0.5 1 -0.3 L 1 0.3 Q 0 0.5 -1 0.3 Z	0.9539	G1	0		36.69	2.9023	False	False	0	0.0	10.00	0.00
373	-1	4	Endothelial	662	683	4.1010	M -1 -0.3 Q 0 -0.5 1 -0.3 L 1 0.3 Q 0 0.5 -1 0.3 Z	1.1325	G1	0		36.99	3.1033	False	False	0	0.0	10.00	0.00
374	-1	4	Endothelial	663	666	0.5982	M -1 -0.3 Q 0 -0.5 1 -0.3 L 1 0.3 Q 0 0.5 -1 0.3 Z	1.2044	G1	0		36.61	2.8814	False	False	0	0.0	10.00	0.00
375	-1	4	Endothelial	670	673	2.0001	M -1 -0.3 Q 0 -0.5 1 -0.3 L 1 0.3 Q 0 0.5 -1 0.3 Z	1.1623	G1	0		37.27	3.1227	False	False	0	0.0	10.00	0.00
376	-1	4	Endothelial	692	675	0.3231	M -1 -0.3 Q 0 -0.5 1 -0.3 L 1 0.3 Q 0 0.5 -1 0.3 Z	1.1023	G1	0		37.70	3.1669	False	False	0	0.0	10.00	0.00
377	-1	4	Endothelial	716	648	4.9478	M -1 -0.3 Q 0 -0.5 1 -0.3 L 1 0.3 Q 0 0.5 -1 0.3 Z	0.8171	G1	0		35.85	2.5261	False	False	0	0.0	10.00	0.00
378	-1	4	Endothelial	700	687	2.6180	M -1 -0.3 Q 0 -0.5 1 -0.3 L 1 0.3 Q 0 0.5 -1 0.3 Z	0.8676	G1	0		36.62	3.0832	False	False	0	0.0	10.00	0.00
379	-1	4	Endothelial	728	675	5.0353	M -1 -0.3 Q 0 -0.5 1 -0.3 L 1 0.3 Q 0 0.5 -1 0.3 Z	1.2479	G1	0		37.49	3.2592	False	False	0	0.0	10.00	0.00
380	-1	4	Endothelial	751	659	0.9042	M -1 -0.3 Q 0 -0.5 1 -0.3 L 1 0.3 Q 0 0.5 -1 0.3 Z	0.9599	G1	0		36.43	2.9899	False	False	0	0.0	10.00	0.00
381	-1	4	Endothelial	742	673	0.9646	M -1 -0.3 Q 0 -0.5 1 -0.3 L 1 0.3 Q 0 0.5 -1 0.3 Z	1.1889	G1	0		37.71	3.2955	False	False	0	0.0	10.00	0.00
382	-1	4	Endothelial	771	682	0.3318	M -1 -0.3 Q 0 -0.5 1 -0.3 L 1 0.3 Q 0 0.5 -1 0.3 Z	0.8352	G1	0		37.09	3.3205	False	False	0	0.0	10.00	0.00
383	-1	4	Endothelial	796	674	4.8671	M -1 -0.3 Q 0 -0.5 1 -0.3 L 1 0.3 Q 0 0.5 -1 0.3 Z	0.8750	G1	0		36.98	3.4247	False	False	0	0.0	10.00	0.00
384	-1	4	Endothelial	781	683	5.1719	M -1 -0.3 Q 0 -0.5 1 -0.3 L 1 0.3 Q 0 0.5 -1 0.3 Z	0.9550	G1	0		37.13	3.4338	False	False	0	0.0	10.00	0.00
385	-1	4	Endothelial	795	647	5.4086	M -1 -0.3 Q 0 -0.5 1 -0.3 L 1 0.3 Q 0 0.5 -1 0.3 Z	0.9594	G1	0		36.95	3.4214	False	False	0	0.0	10.00	0.00
386	-1	4	Endothelial	820	682	5.1472	M -1 -0.3 Q 0 -0.5 1 -0.3 L 1 0.3 Q 0 0.5 -1 0.3 Z	0.9562	G1	0		37.33	3.6143	False	False	0	0.0	10.00	0.00
387	-1	4	Endothelial	828	684	4.6357	M -1 -0.3 Q 0 -0.5 1 -0.3 L 1 0.3 Q 0 0.5 -1 0.3 Z	0.9725	G1	0		36.94	3.4978	False	False	0	0.0	10.00	0.00
388	-1	4	Endothelial	853	653	3.1678	M -1 -0.3 Q 0 -0.5 1 -0.3 L 1 0.3 Q 0 0.5 -1 0.3 Z	1.0062	G1	0		36.70	3.5298	False	False	0	0.0	10.00	0.00
389	-1	4	Endothelial	855	682	2.3116	M -1 -0.3 Q 0 -0.5 1 -0.3 L 1 0.3 Q 0 0.5 -1 0.3 Z	1.2865	G1	0		37.19	3.8089	False	False	0	0.0	10.00	0.00
390	-1	4	Endothelial	871	692	4.7218	M -1 -0.3 Q 0 -0.5 1 -0.3 L 1 0.3 Q 0 0.5 -1 0.3 Z	0.9095	G1	0		35.18	2.8830	False	False	0	0.0	10.00	0.00
391	-1	4	Endothelial	886	689	1.1077	M -1 -0.3 Q 0 -0.5 1 -0.3 L 1 0.3 Q 0 0.5 -1 0.3 Z	1.0788	G1	0		37.49	3.9782	False	False	0	0.0	10.00	0.00
392	-1	4	Endothelial	888	666	2.5039	M -1 -0.3 Q 0 -0.5 1 -0.3 L 1 0.3 Q 0 0.5 -1 0.3 Z	1.1717	G1	0		37.39	4.0014	False	False	0	0.0	10.00	0.00
393	-1	4	Endothelial	896	675	4.1063	M -1 -0.3 Q 0 -0.5 1 -0.3 L 1 0.3 Q 0 0.5 -1 0.3 Z	1.0454	G1	0		38.14	4.0368	False	False	0	0.0	10.00	0.00
394	-1	4	Endothelial	926	683	5.4983	M -1 -0.3 Q 0 -0.5 1 -0.3 L 1 0.3 Q 0 0.5 -1 0.3 Z	1.0184	G1	0		37.38	4.1522	False	False	0	0.0	10.00	0.00
395	-1	4	Endothelial	940	720	1.2083	M -1 -0.3 Q 0 -0.5 1 -0.3 L 1 0.3 Q 0 0.5 -1 0.3 Z	0.5915	G1	0		36.72	3.9826	False	False	0	0.0	10.00	0.00
396	-1	4	Endothelial	924	669	1.8164	M -1 -0.3 Q 0 -0.5 1 -0.3 L 1 0.3 Q 0 0.5 -1 0.3 Z	0.9395	G1	0		37.62	4.1953	False	False	0	0.0	10.00	0.00
397	-1	4	Endothelial	944	675	3.4615	M -1 -0.3 Q 0 -0.5 1 -0.3 L 1 0.3 Q 0 0.5 -1 0.3 Z	0.8358	G1	0		38.34	4.3853	False	False	0	0.0	10.00	0.00
398	-1	4	Endothelial	956	675	0.1670	M -1 -0.3 Q 0 -0.5 1 -0.3 L 1 0.3 Q 0 0.5 -1 0.3 Z	1.3003	G1	0		38.37	4.4638	False	False	0	0.0	10.00	0.00
399	-1	4	Endothelial	939	704	3.0548	M -1 -0.3 Q 0 -0.5 1 -0.3 L 1 0.3 Q 0 0.5 -1 0.3 Z	0.8085	G1	0		36.53	3.7523	False	False	0	0.0	10.00	0.00
400	-1	4	Endothelial	20	825	4.7621	M -1 -0.3 Q 0 -0.5 1 -0.3 L 1 0.3 Q 0 0.5 -1 0.3 Z	0.8337	G1	0		38.13	4.7340	False	False	0	0.0	10.00	0.00
401	-1	4	Endothelial	27	833	2.4213	M -1 -0.3 Q 0 -0.5 1 -0.3 L 1 0.3 Q 0 0.5 -1 0.3 Z	0.8730	G1	0		37.78	4.6506	False	False	0	0.0	10.00	0.00
402	-1	4	Endothelial	36	830	1.9776	M -1 -0.3 Q 0 -0.5 1 -0.3 L 1 0.3 Q 0 0.5 -1 0.3 Z	1.0696	G1	0		38.19	4.7222	False	False	0	0.0	10.00	0.00
403	-1	4	Endothelial	63	832	0.4152	M -1 -0.3 Q 0 -0.5 1 -0.3 L 1 0.3 Q 0 0.5 -1 0.3 Z	0.8666	G1	0		37.72	4.4313	False	False	0	0.0	10.00	0.00
404	-1	4	Endothelial	60	819	5.6204	M -1 -0.3 Q 0 -0.5 1 -0.3 L 1 0.3 Q 0 0.5 -1 0.3 Z	0.7706	G1	0		37.95	4.5214	False	False	0	0.0	10.00	0.00
405	-1	4	Endothelial	70	813	5.5937	M -1 -0.3 Q 0 -0.5 1 -0.3 L 1 0.3 Q 0 0.5 -1 0.3 Z	1.1022	G1	0		37.90	4.3871	False	False	0	0.0	10.00	0.00
406	-1	4	Endothelial	92	825	5.8782	M -1 -0.3 Q 0 -0.5 1 -0.3 L 1 0.3 Q 0 0.5 -1 0.3 Z	1.1679	G1	0		38.30	4.3206	False	False	0	0.0	10.00	0.00
407	-1	4	Endothelial	104	825	3.6805	M -1 -0.3 Q 0 -0.5 1 -0.3 L 1 0.3 Q 0 0.5 -1 0.3 Z	1.3223	G1	0		38.27	4.2626	False	False	0	0.0	10.00	0.00
408	-1	4	Endothelial	130	839	1.3452	M -1 -0.3 Q 0 -0.5 1 -0.3 L 1 0.3 Q 0 0.5 -1 0.3 Z	0.8456	G1	0		37.74	4.2133	False	False	0	0.0	10.00	0.00
409	-1	4	Endothelial	128	825	2.6561	M -1 -0.3 Q 0 -0.5 1 -0.3 L 1 0.3 Q 0 0.5 -1 0.3 Z	0.7796	G1	0		37.98	4.1646	False	False	0	0.0	10.00	0.00
410	-1	4	Endothelial	140	825	5.4053	M -1 -0.3 Q 0 -0.5 1 -0.3 L 1 0.3 Q 0 0.5 -1 0.3 Z	0.9829	G1	0		37.79	4.1201	False	False	0	0.0	10.00	0.00
411	-1	4	Endothelial	143	843	0.3473	M -1 -0.3 Q 0 -0.5 1 -0.3 L 1 0.3 Q 0 0.5 -1 0.3 Z	0.8813	G1	0		37.50	4.1512	False	False	0	0.0	10.00	0.00
412	-1	4	Endothelial	172	853	3.8358	M -1 -0.3 Q 0 -0.5 1 -0.3 L 1 0.3 Q 0 0.5 -1 0.3 Z	1.0496	G1	0		37.00	3.9346	False	False	0	0.0	10.00	0.00
413	-1	4	Endothelial	201	840	5.8413	M -1 -0.3 Q 0 -0.5 1 -0.3 L 1 0.3 Q 0 0.5 -1 0.3 Z	0.9690	G1	0		36.88	3.7005	False	False	0	0.0	10.00	0.00
414	-1	4	Endothelial	169	793	0.7246	M -1 -0.3 Q 0 -0.5 1 -0.3 L 1 0.3 Q 0 0.5 -1 0.3 Z	0.7703	G1	0		36.66	3.6229	False	False	0	0.0	10.00	0.00
415	-1	4	Endothelial	196	816	5.3557	M -1 -0.3 Q 0 -0.5 1 -0.3 L 1 0.3 Q 0 0.5 -1 0.3 Z	0.8008	G1	0		37.15	3.8293	False	False	0	0.0	10.00	0.00
416	-1	4	Endothelial	212	825	3.3053	M -1 -0.3 Q 0 -0.5 1 -0.3 L 1 0.3 Q 0 0.5 -1 0.3 Z	1.2151	G1	0		38.13	3.9162	False	False	0	0.0	10.00	0.00
417	-1	4	Endothelial	224	825	2.5212	M -1 -0.3 Q 0 -0.5 1 -0.3 L 1 0.3 Q 0 0.5 -1 0.3 Z	0.8499	G1	0		38.02	3.8240	False	False	0	0.0	10.00	0.00
418	-1	4	Endothelial	216	803	3.6245	M -1 -0.3 Q 0 -0.5 1 -0.3 L 1 0.3 Q 0 0.5 -1 0.3 Z	0.9039	G1	0		37.43	3.5525	False	False	0	0.0	10.00	0.00
419	-1	4	Endothelial	248	825	6.1489	M -1 -0.3 Q 0 -0.5 1 -0.3 L 1 0.3 Q 0 0.5 -1 0.3 Z	0.9084	G1	0		37.81	3.8087	False	False	0	0.0	10.00	0.00
420	-1	4	Endothelial	254	817	2.4977	M -1 -0.3 Q 0 -0.5 1 -0.3 L 1 0.3 Q 0 0.5 -1 0.3 Z	1.0144	G1	0		37.16	3.7289	False	False	0	0.0	10.00	0.00
421	-1	4	Endothelial	279	832	2.0174	M -1 -0.3 Q 0 -0.5 1 -0.3 L 1 0.3 Q 0 0.5 -1 0.3 Z	1.0044	G1	0		37.51	3.8140	False	False	0	0.0	10.00	0.00
422	-1	4	Endothelial	277	818	5.4421	M -1 -0.3 Q 0 -0.5 1 -0.3 L 1 0.3 Q 0 0.5 -1 0.3 Z	1.2586	G1	0		37.43	3.7234	False	False	0	0.0	10.00	0.00
423	-1	4	Endothelial	293	834	2.5677	M -1 -0.3 Q 0 -0.5 1 -0.3 L 1 0.3 Q 0 0.5 -1 0.3 Z	1.2806	G1	0		37.23	3.7319	False	False	0	0.0	10.00	0.00
424	-1	4	Endothelial	314	817	5.8231	M -1 -0.3 Q 0 -0.5 1 -0.3 L 1 0.3 Q 0 0.5 -1 0.3 Z	1.0113	G1	0		37.09	3.6070	False	False	0	0.0	10.00	0.00
425	-1	4	Endothelial	306	839	2.0688	M -1 -0.3 Q 0 -0.5 1 -0.3 L 1 0.3 Q 0 0.5 -1 0.3 Z	0.9714	G1	0		37.13	3.7141	False	False	0	0.0	10.00	0.00
426	-1	4	Endothelial	335	815	2.9017	M -1 -0.3 Q 0 -0.5 1 -0.3 L 1 0.3 Q 0 0.5 -1 0.3 Z	1.2528	G1	0		36.97	3.5056	False	False	0	0.0	10.00	0.00
427	-1	4	Endothelial	332	840	2.0151	M -1 -0.3 Q 0 -0.5 1 -0.3 L 1 0.3 Q 0 0.5 -1 0.3 Z	0.8791	G1	0		37.03	3.6325	False	False	0	0.0	10.00	0.00
428	-1	4	Endothelial	356	825	0.5946	M -1 -0.3 Q 0 -0.5 1 -0.3 L 1 0.3 Q 0 0.5 -1 0.3 Z	0.9936	G1	0		37.85	3.5518	False	False	0	0.0	10.00	0.00
429	-1	4	Endothelial	368	825	2.4448	M -1 -0.3 Q 0 -0.5 1 -0.3 L 1 0.3 Q 0 0.5 -1 0.3 Z	1.1666	G1	0		37.46	3.4404	False	False	0	0.0	10.00	0.00
430	-1	4	Endothelial	366	837	4.7472	M -1 -0.3 Q 0 -0.5 1 -0.3 L 1 0.3 Q 0 0.5 -1 0.3 Z	0.9255	G1	0		37.79	3.5910	False	False	0	0.0	10.00	0.00
431	-1	4	Endothelial	375	820	5.8277	M -1 -0.3 Q 0 -0.5 1 -0.3 L 1 0.3 Q 0 0.5 -1 0.3 Z	0.8607	G1	0		37.54	3.5991	False	False	0	0.0	10.00	0.00
432	-1	4	Endothelial	404	825	0.3303	M -1 -0.3 Q 0 -0.5 1 -0.3 L 1 0.3 Q 0 0.5 -1 0.3 Z	1.0989	G1	0		37.87	3.5334	False	False	0	0.0	10.00	0.00
433	-1	4	Endothelial	413	815	5.8050	M -1 -0.3 Q 0 -0.5 1 -0.3 L 1 0.3 Q 0 0.5 -1 0.3 Z	0.9375	G1	0		36.97	3.4528	False	False	0	0.0	10.00	0.00
434	-1	4	Endothelial	428	825	0.2422	M -1 -0.3 Q 0 -0.5 1 -0.3 L 1 0.3 Q 0 0.5 -1 0.3 Z	1.0039	G1	0		37.66	3.5470	False	False	0	0.0	10.00	0.00
435	-1	4	Endothelial	445	806	0.1667	M -1 -0.3 Q 0 -0.5 1 -0.3 L 1 0.3 Q 0 0.5 -1 0.3 Z	1.0606	G1	0		36.90	3.3613	False	False	0	0.0	10.00	0.00
436	-1	4	Endothelial	442	825	3.1191	M -1 -0.3 Q 0 -0.5 1 -0.3 L 1 0.3 Q 0 0.5 -1 0.3 Z	0.6382	G1	0		37.65	3.5377	False	False	0	0.0	10.00	0.00
437	-1	4	Endothelial	462	835	4.9427	M -1 -0.3 Q 0 -0.5 1 -0.3 L 1 0.3 Q 0 0.5 -1 0.3 Z	1.0101	G1	0		37.05	3.5648	False	False	0	0.0	10.00	0.00
438	-1	4	Endothelial	458	824	2.3440	M -1 -0.3 Q 0 -0.5 1 -0.3 L 1 0.3 Q 0 0.5 -1 0.3 Z	0.9961	G1	0		37.70	3.4607	False	False	0	0.0	10.00	0.00
439	-1	4	Endothelial	488	825	1.0090	M -1 -0.3 Q 0 -0.5 1 -0.3 L 1 0.3 Q 0 0.5 -1 0.3 Z	1.0283	G1	0		37.76	3.4790	False	False	0	0.0	10.00	0.00
440	-1	4	Endothelial	516	814	3.3709	M -1 -0.3 Q 0 -0.5 1 -0.3 L 1 0.3 Q 0 0.5 -1 0.3 Z	0.6451	G1	0		36.87	2.9549	False	False	0	0.0	10.00	0.00
441	-1	4	Endothelial	520	843	5.3762	M -1 -0.3 Q 0 -0.5 1 -0.3 L 1 0.3 Q 0 0.5 -1 0.3 Z	0.7374	G1	0		37.45	3.5786	False	False	0	0.0	10.00	0.00
442	-1	4	Endothelial	525	835	5.5176	M -1 -0.3 Q 0 -0.5 1 -0.3 L 1 0.3 Q 0 0.5 -1 0.3 Z	0.8391	G1	0		37.86	3.5452	False	False	0	0.0	10.00	0.00
443	-1	4	Endothelial	517	829	5.0954	M -1 -0.3 Q 0 -0.5 1 -0.3 L 1 0.3 Q 0 0.5 -1 0.3 Z	0.5756	G1	0		37.04	3.1532	False	False	0	0.0	10.00	0.00
444	-1	4	Endothelial	540	819	6.1710	M -1 -0.3 Q 0 -0.5 1 -0.3 L 1 0.3 Q 0 0.5 -1 0.3 Z	0.9581	G1	0		37.12	3.3308	False	False	0	0.0	10.00	0.00
445	-1	4	Endothelial	550	843	2.3247	M -1 -0.3 Q 0 -0.5 1 -0.3 L 1 0.3 Q 0 0.5 -1 0.3 Z	1.2055	G1	0		37.18	3.6808	False	False	0	0.0	10.00	0.00
446	-1	4	Endothelial	572	825	4.9936	M -1 -0.3 Q 0 -0.5 1 -0.3 L 1 0.3 Q 0 0.5 -1 0.3 Z	0.8033	G1	0		37.92	3.5593	False	False	0	0.0	10.00	0.00
447	-1	4	Endothelial	584	825	1.9088	M -1 -0.3 Q 0 -0.5 1 -0.3 L 1 0.3 Q 0 0.5 -1 0.3 Z	1.0673	G1	0		37.84	3.5081	False	False	0	0.0	10.00	0.00
448	-1	4	Endothelial	596	843	3.2701	M -1 -0.3 Q 0 -0.5 1 -0.3 L 1 0.3 Q 0 0.5 -1 0.3 Z	0.9662	G1	0		37.10	3.6405	False	False	0	0.0	10.00	0.00
449	-1	4	Endothelial	608	825	1.0266	M -1 -0.3 Q 0 -0.5 1 -0.3 L 1 0.3 Q 0 0.5 -1 0.3 Z	1.1984	G1	0		37.67	3.5781	False	False	0	0.0	10.00	0.00
450	-1	4	Endothelial	620	825	3.8875	M -1 -0.3 Q 0 -0.5 1 -0.3 L 1 0.3 Q 0 0.5 -1 0.3 Z	0.9963	G1	0		37.56	3.6235	False	False	0	0.0	10.00	0.00
451	-1	4	Endothelial	632	825	3.2814	M -1 -0.3 Q 0 -0.5 1 -0.3 L 1 0.3 Q 0 0.5 -1 0.3 Z	1.1612	G1	0		37.86	3.5553	False	False	0	0.0	10.00	0.00
452	-1	4	Endothelial	644	825	1.1842	M -1 -0.3 Q 0 -0.5 1 -0.3 L 1 0.3 Q 0 0.5 -1 0.3 Z	0.9794	G1	0		37.70	3.4390	False	False	0	0.0	10.00	0.00
453	-1	4	Endothelial	643	839	5.9522	M -1 -0.3 Q 0 -0.5 1 -0.3 L 1 0.3 Q 0 0.5 -1 0.3 Z	0.8209	G1	0		37.15	3.4393	False	False	0	0.0	10.00	0.00
454	-1	4	Endothelial	668	825	6.1224	M -1 -0.3 Q 0 -0.5 1 -0.3 L 1 0.3 Q 0 0.5 -1 0.3 Z	1.0687	G1	0		37.72	3.6569	False	False	0	0.0	10.00	0.00
455	-1	4	Endothelial	680	825	5.4752	M -1 -0.3 Q 0 -0.5 1 -0.3 L 1 0.3 Q 0 0.5 -1 0.3 Z	1.1096	G1	0		37.61	3.7095	False	False	0	0.0	10.00	0.00
456	-1	4	Endothelial	701	841	2.7085	M -1 -0.3 Q 0 -0.5 1 -0.3 L 1 0.3 Q 0 0.5 -1 0.3 Z	0.8670	G1	0		37.62	3.8074	False	False	0	0.0	10.00	0.00
457	-1	4	Endothelial	731	813	6.2426	M -1 -0.3 Q 0 -0.5 1 -0.3 L 1 0.3 Q 0 0.5 -1 0.3 Z	0.9122	G1	0		37.10	3.6700	False	False	0	0.0	10.00	0.00
458	-1	4	Endothelial	719	834	4.4347	M -1 -0.3 Q 0 -0.5 1 -0.3 L 1 0.3 Q 0 0.5 -1 0.3 Z	1.0545	G1	0		36.23	3.2579	False	False	0	0.0	10.00	0.00
459	-1	4	Endothelial	736	843	0.2835	M -1 -0.3 Q 0 -0.5 1 -0.3 L 1 0.3 Q 0 0.5 -1 0.3 Z	0.9818	G1	0		37.09	3.7646	False	False	0	0.0	10.00	0.00
460	-1	4	Endothelial	737	835	0.7383	M -1 -0.3 Q 0 -0.5 1 -0.3 L 1 0.3 Q 0 0.5 -1 0.3 Z	0.7847	G1	0		36.53	3.4526	False	False	0	0.0	10.00	0.00
461	-1	4	Endothelial	752	825	0.9787	M -1 -0.3 Q 0 -0.5 1 -0.3 L 1 0.3 Q 0 0.5 -1 0.3 Z	1.3188	G1	0		38.07	3.8230	False	False	0	0.0	10.00	0.00
462	-1	4	Endothelial	764	825	3.5654	M -1 -0.3 Q 0 -0.5 1 -0.3 L 1 0.3 Q 0 0.5 -1 0.3 Z	0.9155	G1	0		38.00	3.7927	False	False	0	0.0	10.00	0.00
463	-1	4	Endothelial	786	822	0.3966	M -1 -0.3 Q 0 -0.5 1 -0.3 L 1 0.3 Q 0 0.5 -1 0.3 Z	0.9370	G1	0		37.79	3.8858	False	False	0	0.0	10.00	0.00
464	-1	4	Endothelial	790	835	1.1898	M -1 -0.3 Q 0 -0.5 1 -0.3 L 1 0.3 Q 0 0.5 -1 0.3 Z	1.1437	G1	0		37.33	3.9749	False	False	0	0.0	10.00	0.00
465	-1	4	Endothelial	800	825	0.5924	M -1 -0.3 Q 0 -0.5 1 -0.3 L 1 0.3 Q 0 0.5 -1 0.3 Z	0.8122	G1	0		37.77	3.9797	False	False	0	0.0	10.00	0.00
466	-1	4	Endothelial	812	825	5.2152	M -1 -0.3 Q 0 -0.5 1 -0.3 L 1 0.3 Q 0 0.5 -1 0.3 Z	1.1599	G1	0		37.94	3.8289	False	False	0	0.0	10.00	0.00
467	-1	4	Endothelial	824	825	5.9274	M -1 -0.3 Q 0 -0.5 1 -0.3 L 1 0.3 Q 0 0.5 -1 0.3 Z	1.0675	G1	0		38.08	3.9573	False	False	0	0.0	10.00	0.00
468	-1	4	Endothelial	830	817	3.4286	M -1 -0.3 Q 0 -0.5 1 -0.3 L 1 0.3 Q 0 0.5 -1 0.3 Z	1.0608	G1	0		38.10	3.9929	False	False	0	0.0	10.00	0.00
469	-1	4	Endothelial	852	806	6.1060	M -1 -0.3 Q 0 -0.5 1 -0.3 L 1 0.3 Q 0 0.5 -1 0.3 Z	1.0485	G1	0		37.34	4.0481	False	False	0	0.0	10.00	0.00
470	-1	4	Endothelial	857	858	2.8677	M -1 -0.3 Q 0 -0.5 1 -0.3 L 1 0.3 Q 0 0.5 -1 0.3 Z	0.5222	G1	0		37.25	4.0672	False	False	0	0.0	10.00	0.00
471	-1	4	Endothelial	885	869	2.4599	M -1 -0.3 Q 0 -0.5 1 -0.3 L 1 0.3 Q 0 0.5 -1 0.3 Z	0.7080	G1	0		36.34	3.7767	False	False	0	0.0	10.00	0.00
472	-1	4	Endothelial	867	835	4.9001	M -1 -0.3 Q 0 -0.5 1 -0.3 L 1 0.3 Q 0 0.5 -1 0.3 Z	0.8189	G1	0		37.39	4.1721	False	False	0	0.0	10.00	0.00
473	-1	4	Endothelial	902	817	3.8467	M -1 -0.3 Q 0 -0.5 1 -0.3 L 1 0.3 Q 0 0.5 -1 0.3 Z	0.8880	G1	0		37.65	4.3040	False	False	0	0.0	10.00	0.00
474	-1	4	Endothelial	908	825	1.2932	M -1 -0.3 Q 0 -0.5 1 -0.3 L 1 0.3 Q 0 0.5 -1 0.3 Z	1.0770	G1	0		38.11	4.3589	False	False	0	0.0	10.00	0.00
475	-1	4	Endothelial	920	825	3.2406	M -1 -0.3 Q 0 -0.5 1 -0.3 L 1 0.3 Q 0 0.5 -1 0.3 Z	1.1004	G1	0		38.03	4.4548	False	False	0	0.0	10.00	0.00
476	-1	4	Endothelial	941	820	1.4851	M -1 -0.3 Q 0 -0.5 1 -0.3 L 1 0.3 Q 0 0.5 -1 0.3 Z	0.7650	G1	0		38.15	4.6002	False	False	0	0.0	10.00	0.00
477	-1	4	Endothelial	940	834	0.3979	M -1 -0.3 Q 0 -0.5 1 -0.3 L 1 0.3 Q 0 0.5 -1 0.3 Z	0.9660	G1	0		36.00	3.6235	False	False	0	0.0	10.00	0.00
478	-1	4	Endothelial	956	825	5.7331	M -1 -0.3 Q 0 -0.5 1 -0.3 L 1 0.3 Q 0 0.5 -1 0.3 Z	1.1158	G1	0		38.45	4.5806	False	False	0	0.0	10.00	0.00
479	-1	4	Endothelial	988	819	1.2684	M -1 -0.3 Q 0 -0.5 1 -0.3 L 1 0.3 Q 0 0.5 -1 0.3 Z	0.9985	G1	0		37.85	4.8687	False	False	0	0.0	10.00	0.00
480	-1	4	Endothelial	48	966	5.4295	M -1 -0.3 Q 0 -0.5 1 -0.3 L 1 0.3 Q 0 0.5 -1 0.3 Z	1.3716	G1	0		38.38	4.8897	False	False	0	0.0	10.00	0.00
481	-1	4	Endothelial	44	999	0.5691	M -1 -0.3 Q 0 -0.5 1 -0.3 L 1 0.3 Q 0 0.5 -1 0.3 Z	1.2280	G1	0		37.99	4.9896	False	False	0	0.0	10.00	0.00
482	-1	4	Endothelial	64	999	5.9420	M -1 -0.3 Q 0 -0.5 1 -0.3 L 1 0.3 Q 0 0.5 -1 0.3 Z	1.1659	G1	0		36.37	4.1728	False	False	0	0.0	10.00	0.00
483	-1	4	Endothelial	56	975	3.3959	M -1 -0.3 Q 0 -0.5 1 -0.3 L 1 0.3 Q 0 0.5 -1 0.3 Z	0.9638	G1	0		38.53	4.7565	False	False	0	0.0	10.00	0.00
484	-1	4	Endothelial	68	975	4.1041	M -1 -0.3 Q 0 -0.5 1 -0.3 L 1 0.3 Q 0 0.5 -1 0.3 Z	1.2335	G1	0		38.36	4.8048	False	False	0	0.0	10.00	0.00
485	-1	4	Endothelial	80	975	1.4366	M -1 -0.3 Q 0 -0.5 1 -0.3 L 1 0.3 Q 0 0.5 -1 0.3 Z	1.1374	G1	0		38.24	4.8339	False	False	0	0.0	10.00	0.00
486	-1	4	Endothelial	119	999	5.8853	M -1 -0.3 Q 0 -0.5 1 -0.3 L 1 0.3 Q 0 0.5 -1 0.3 Z	1.1242	G1	0		37.98	4.9699	False	False	0	0.0	10.00	0.00
487	-1	4	Endothelial	99	957	3.1268	M -1 -0.3 Q 0 -0.5 1 -0.3 L 1 0.3 Q 0 0.5 -1 0.3 Z	0.8553	G1	0		37.91	4.7492	False	False	0	0.0	10.00	0.00
488	-1	4	Endothelial	129	999	2.7437	M -1 -0.3 Q 0 -0.5 1 -0.3 L 1 0.3 Q 0 0.5 -1 0.3 Z	0.9861	G1	0		37.94	4.9319	False	False	0	0.0	10.00	0.00
489	-1	4	Endothelial	103	979	3.0030	M -1 -0.3 Q 0 -0.5 1 -0.3 L 1 0.3 Q 0 0.5 -1 0.3 Z	0.7921	G1	0		37.37	4.3572	False	False	0	0.0	10.00	0.00
490	-1	4	Endothelial	146	993	3.7257	M -1 -0.3 Q 0 -0.5 1 -0.3 L 1 0.3 Q 0 0.5 -1 0.3 Z	1.0601	G1	0		37.71	4.7627	False	False	0	0.0	10.00	0.00
491	-1	4	Endothelial	152	975	0.3194	M -1 -0.3 Q 0 -0.5 1 -0.3 L 1 0.3 Q 0 0.5 -1 0.3 Z	0.9760	G1	0		38.59	4.7483	False	False	0	0.0	10.00	0.00
492	-1	4	Endothelial	165	955	5.6345	M -1 -0.3 Q 0 -0.5 1 -0.3 L 1 0.3 Q 0 0.5 -1 0.3 Z	1.2527	G1	0		37.33	4.4825	False	False	0	0.0	10.00	0.00
493	-1	4	Endothelial	159	928	5.1661	M -1 -0.3 Q 0 -0.5 1 -0.3 L 1 0.3 Q 0 0.5 -1 0.3 Z	0.9457	G1	0		36.40	3.8991	False	False	0	0.0	10.00	0.00
494	-1	4	Endothelial	188	975	2.6903	M -1 -0.3 Q 0 -0.5 1 -0.3 L 1 0.3 Q 0 0.5 -1 0.3 Z	0.9341	G1	0		38.32	4.7277	False	False	0	0.0	10.00	0.00
495	-1	4	Endothelial	200	975	3.9651	M -1 -0.3 Q 0 -0.5 1 -0.3 L 1 0.3 Q 0 0.5 -1 0.3 Z	1.3833	G1	0		38.20	4.7608	False	False	0	0.0	10.00	0.00
496	-1	4	Endothelial	228	941	4.2214	M -1 -0.3 Q 0 -0.5 1 -0.3 L 1 0.3 Q 0 0.5 -1 0.3 Z	1.0596	G1	0		37.43	4.0601	False	False	0	0.0	10.00	0.00
497	-1	4	Endothelial	241	968	2.6709	M -1 -0.3 Q 0 -0.5 1 -0.3 L 1 0.3 Q 0 0.5 -1 0.3 Z	0.8577	G1	0		38.01	4.7023	False	False	0	0.0	10.00	0.00
498	-1	4	Endothelial	193	999	4.6280	M -1 -0.3 Q 0 -0.5 1 -0.3 L 1 0.3 Q 0 0.5 -1 0.3 Z	1.0067	G1	0		37.88	4.9327	False	False	0	0.0	10.00	0.00
499	-1	4	Endothelial	288	978	4.6823	M -1 -0.3 Q 0 -0.5 1 -0.3 L 1 0.3 Q 0 0.5 -1 0.3 Z	0.7621	G1	0		37.77	4.7952	False	False	0	0.0	10.00	0.00
500	-1	4	Endothelial	256	966	3.9385	M -1 -0.3 Q 0 -0.5 1 -0.3 L 1 0.3 Q 0 0.5 -1 0.3 Z	1.1875	G1	0		37.63	4.5995	False	False	0	0.0	10.00	0.00
501	-1	4	Endothelial	272	975	1.7127	M -1 -0.3 Q 0 -0.5 1 -0.3 L 1 0.3 Q 0 0.5 -1 0.3 Z	0.9682	G1	0		38.55	4.6971	False	False	0	0.0	10.00	0.00
502	-1	4	Endothelial	292	992	0.9703	M -1 -0.3 Q 0 -0.5 1 -0.3 L 1 0.3 Q 0 0.5 -1 0.3 Z	0.7571	G1	0		37.96	4.9553	False	False	0	0.0	10.00	0.00
503	-1	4	Endothelial	306	973	3.3263	M -1 -0.3 Q 0 -0.5 1 -0.3 L 1 0.3 Q 0 0.5 -1 0.3 Z	1.0750	G1	0		38.49	4.6522	False	False	0	0.0	10.00	0.00
504	-1	4	Endothelial	317	970	4.4495	M -1 -0.3 Q 0 -0.5 1 -0.3 L 1 0.3 Q 0 0.5 -1 0.3 Z	1.0550	G1	0		37.51	4.5244	False	False	0	0.0	10.00	0.00
505	-1	4	Endothelial	330	977	3.0059	M -1 -0.3 Q 0 -0.5 1 -0.3 L 1 0.3 Q 0 0.5 -1 0.3 Z	1.1463	G1	0		38.47	4.7596	False	False	0	0.0	10.00	0.00
506	-1	4	Endothelial	371	979	1.9373	M -1 -0.3 Q 0 -0.5 1 -0.3 L 1 0.3 Q 0 0.5 -1 0.3 Z	1.0298	G1	0		37.36	4.3501	False	False	0	0.0	10.00	0.00
507	-1	4	Endothelial	404	970	4.4298	M -1 -0.3 Q 0 -0.5 1 -0.3 L 1 0.3 Q 0 0.5 -1 0.3 Z	0.8962	G1	0		38.03	4.4874	False	False	0	0.0	10.00	0.00
508	-1	4	Endothelial	358	965	4.9148	M -1 -0.3 Q 0 -0.5 1 -0.3 L 1 0.3 Q 0 0.5 -1 0.3 Z	0.8160	G1	0		36.91	4.0989	False	False	0	0.0	10.00	0.00
509	-1	4	Endothelial	368	965	2.8164	M -1 -0.3 Q 0 -0.5 1 -0.3 L 1 0.3 Q 0 0.5 -1 0.3 Z	1.1187	G1	0		37.89	4.5789	False	False	0	0.0	10.00	0.00
510	-1	4	Endothelial	386	983	2.2670	M -1 -0.3 Q 0 -0.5 1 -0.3 L 1 0.3 Q 0 0.5 -1 0.3 Z	0.8959	G1	0		37.65	4.6176	False	False	0	0.0	10.00	0.00
511	-1	4	Endothelial	420	967	2.4634	M -1 -0.3 Q 0 -0.5 1 -0.3 L 1 0.3 Q 0 0.5 -1 0.3 Z	0.9647	G1	0		37.90	4.6471	False	False	0	0.0	10.00	0.00
512	-1	4	Endothelial	436	992	1.9720	M -1 -0.3 Q 0 -0.5 1 -0.3 L 1 0.3 Q 0 0.5 -1 0.3 Z	0.9928	G1	0		37.98	4.9701	False	False	0	0.0	10.00	0.00
513	-1	4	Endothelial	343	999	2.7572	M -1 -0.3 Q 0 -0.5 1 -0.3 L 1 0.3 Q 0 0.5 -1 0.3 Z	1.0113	G1	0		37.81	4.8351	False	False	0	0.0	10.00	0.00
514	-1	4	Endothelial	446	951	1.4828	M -1 -0.3 Q 0 -0.5 1 -0.3 L 1 0.3 Q 0 0.5 -1 0.3 Z	0.6671	G1	0		37.15	4.1885	False	False	0	0.0	10.00	0.00
515	-1	4	Endothelial	451	960	3.1286	M -1 -0.3 Q 0 -0.5 1 -0.3 L 1 0.3 Q 0 0.5 -1 0.3 Z	0.8809	G1	0		37.53	4.4768	False	False	0	0.0	10.00	0.00
516	-1	4	Endothelial	416	943	6.2758	M -1 -0.3 Q 0 -0.5 1 -0.3 L 1 0.3 Q 0 0.5 -1 0.3 Z	0.6776	G1	0		37.16	4.1898	False	False	0	0.0	10.00	0.00
517	-1	4	Endothelial	463	949	5.7090	M -1 -0.3 Q 0 -0.5 1 -0.3 L 1 0.3 Q 0 0.5 -1 0.3 Z	0.9610	G1	0		34.84	3.0773	False	False	0	0.0	10.00	0.00
518	-1	4	Endothelial	494	966	0.5099	M -1 -0.3 Q 0 -0.5 1 -0.3 L 1 0.3 Q 0 0.5 -1 0.3 Z	1.1798	G1	0		37.44	4.4316	False	False	0	0.0	10.00	0.00
519	-1	4	Endothelial	451	999	3.1059	M -1 -0.3 Q 0 -0.5 1 -0.3 L 1 0.3 Q 0 0.5 -1 0.3 Z	0.6442	G1	0		37.97	4.9401	False	False	0	0.0	10.00	0.00
520	-1	4	Endothelial	500	975	3.4693	M -1 -0.3 Q 0 -0.5 1 -0.3 L 1 0.3 Q 0 0.5 -1 0.3 Z	1.0516	G1	0		38.17	4.7075	False	False	0	0.0	10.00	0.00
521	-1	4	Endothelial	512	975	1.4148	M -1 -0.3 Q 0 -0.5 1 -0.3 L 1 0.3 Q 0 0.5 -1 0.3 Z	1.3348	G1	0		38.45	4.6124	False	False	0	0.0	10.00	0.00
522	-1	4	Endothelial	534	926	6.2507	M -1 -0.3 Q 0 -0.5 1 -0.3 L 1 0.3 Q 0 0.5 -1 0.3 Z	0.7188	G1	0		37.45	4.1751	False	False	0	0.0	10.00	0.00
523	-1	4	Endothelial	523	961	1.9751	M -1 -0.3 Q 0 -0.5 1 -0.3 L 1 0.3 Q 0 0.5 -1 0.3 Z	0.9565	G1	0		38.17	4.6791	False	False	0	0.0	10.00	0.00
524	-1	4	Endothelial	566	966	3.8095	M -1 -0.3 Q 0 -0.5 1 -0.3 L 1 0.3 Q 0 0.5 -1 0.3 Z	0.9825	G1	0		37.68	4.5554	False	False	0	0.0	10.00	0.00
525	-1	4	Endothelial	498	999	3.4997	M -1 -0.3 Q 0 -0.5 1 -0.3 L 1 0.3 Q 0 0.5 -1 0.3 Z	0.7032	G1	0		37.43	4.6704	False	False	0	0.0	10.00	0.00
526	-1	4	Endothelial	581	979	1.2264	M -1 -0.3 Q 0 -0.5 1 -0.3 L 1 0.3 Q 0 0.5 -1 0.3 Z	1.0659	G1	0		38.32	4.7761	False	False	0	0.0	10.00	0.00
527	-1	4	Endothelial	607	942	2.5314	M -1 -0.3 Q 0 -0.5 1 -0.3 L 1 0.3 Q 0 0.5 -1 0.3 Z	0.9030	G1	0		37.07	4.2136	False	False	0	0.0	10.00	0.00
528	-1	4	Endothelial	596	975	1.2059	M -1 -0.3 Q 0 -0.5 1 -0.3 L 1 0.3 Q 0 0.5 -1 0.3 Z	0.8953	G1	0		38.45	4.6156	False	False	0	0.0	10.00	0.00
529	-1	4	Endothelial	608	975	1.6632	M -1 -0.3 Q 0 -0.5 1 -0.3 L 1 0.3 Q 0 0.5 -1 0.3 Z	1.1349	G1	0		38.29	4.6741	False	False	0	0.0	10.00	0.00
530	-1	4	Endothelial	620	975	4.2582	M -1 -0.3 Q 0 -0.5 1 -0.3 L 1 0.3 Q 0 0.5 -1 0.3 Z	1.0233	G1	0		38.17	4.7138	False	False	0	0.0	10.00	0.00
531	-1	4	Endothelial	668	965	1.7355	M -1 -0.3 Q 0 -0.5 1 -0.3 L 1 0.3 Q 0 0.5 -1 0.3 Z	0.8433	G1	0		37.81	4.5316	False	False	0	0.0	10.00	0.00
532	-1	4	Endothelial	565	997	2.7015	M -1 -0.3 Q 0 -0.5 1 -0.3 L 1 0.3 Q 0 0.5 -1 0.3 Z	1.0270	G1	0		37.96	4.9210	False	False	0	0.0	10.00	0.00
533	-1	4	Endothelial	665	957	4.8744	M -1 -0.3 Q 0 -0.5 1 -0.3 L 1 0.3 Q 0 0.5 -1 0.3 Z	1.0042	G1	0		37.51	4.4564	False	False	0	0.0	10.00	0.00
534	-1	4	Endothelial	729	999	5.2473	M -1 -0.3 Q 0 -0.5 1 -0.3 L 1 0.3 Q 0 0.5 -1 0.3 Z	0.9978	G1	0		37.97	4.9486	False	False	0	0.0	10.00	0.00
535	-1	4	Endothelial	680	975	3.5888	M -1 -0.3 Q 0 -0.5 1 -0.3 L 1 0.3 Q 0 0.5 -1 0.3 Z	1.0049	G1	0		38.18	4.7249	False	False	0	0.0	10.00	0.00
536	-1	4	Endothelial	692	975	1.3069	M -1 -0.3 Q 0 -0.5 1 -0.3 L 1 0.3 Q 0 0.5 -1 0.3 Z	1.0576	G1	0		38.46	4.6317	False	False	0	0.0	10.00	0.00
537	-1	4	Endothelial	704	975	0.5595	M -1 -0.3 Q 0 -0.5 1 -0.3 L 1 0.3 Q 0 0.5 -1 0.3 Z	1.0917	G1	0		38.47	4.6341	False	False	0	0.0	10.00	0.00
538	-1	4	Endothelial	766	999	2.3345	M -1 -0.3 Q 0 -0.5 1 -0.3 L 1 0.3 Q 0 0.5 -1 0.3 Z	0.7298	G1	0		37.97	4.9521	False	False	0	0.0	10.00	0.00
539	-1	4	Endothelial	718	977	2.5764	M -1 -0.3 Q 0 -0.5 1 -0.3 L 1 0.3 Q 0 0.5 -1 0.3 Z	0.8358	G1	0		38.41	4.7184	False	False	0	0.0	10.00	0.00
540	-1	4	Endothelial	729	915	4.0354	M -1 -0.3 Q 0 -0.5 1 -0.3 L 1 0.3 Q 0 0.5 -1 0.3 Z	0.7650	G1	0		36.27	3.6556	False	False	0	0.0	10.00	0.00
541	-1	4	Endothelial	752	975	2.5877	M -1 -0.3 Q 0 -0.5 1 -0.3 L 1 0.3 Q 0 0.5 -1 0.3 Z	1.0630	G1	0		38.21	4.4714	False	False	0	0.0	10.00	0.00
542	-1	4	Endothelial	770	957	1.5449	M -1 -0.3 Q 0 -0.5 1 -0.3 L 1 0.3 Q 0 0.5 -1 0.3 Z	1.0398	G1	0		36.52	4.0290	False	False	0	0.0	10.00	0.00
543	-1	4	Endothelial	764	966	0.6144	M -1 -0.3 Q 0 -0.5 1 -0.3 L 1 0.3 Q 0 0.5 -1 0.3 Z	0.9908	G1	0		38.45	4.6965	False	False	0	0.0	10.00	0.00
544	-1	4	Endothelial	737	963	1.1647	M -1 -0.3 Q 0 -0.5 1 -0.3 L 1 0.3 Q 0 0.5 -1 0.3 Z	0.7630	G1	0		37.35	4.3725	False	False	0	0.0	10.00	0.00
545	-1	4	Endothelial	805	966	5.0018	M -1 -0.3 Q 0 -0.5 1 -0.3 L 1 0.3 Q 0 0.5 -1 0.3 Z	1.0847	G1	0		37.70	4.6182	False	False	0	0.0	10.00	0.00
546	-1	4	Endothelial	807	999	1.6715	M -1 -0.3 Q 0 -0.5 1 -0.3 L 1 0.3 Q 0 0.5 -1 0.3 Z	0.9360	G1	0		37.91	4.9097	False	False	0	0.0	10.00	0.00
547	-1	4	Endothelial	830	967	0.8485	M -1 -0.3 Q 0 -0.5 1 -0.3 L 1 0.3 Q 0 0.5 -1 0.3 Z	0.9929	G1	0		37.93	4.7238	False	False	0	0.0	10.00	0.00
548	-1	4	Endothelial	836	975	1.4118	M -1 -0.3 Q 0 -0.5 1 -0.3 L 1 0.3 Q 0 0.5 -1 0.3 Z	1.0887	G1	0		38.49	4.6829	False	False	0	0.0	10.00	0.00
549	-1	4	Endothelial	848	975	0.2206	M -1 -0.3 Q 0 -0.5 1 -0.3 L 1 0.3 Q 0 0.5 -1 0.3 Z	1.0540	G1	0		38.33	4.7469	False	False	0	0.0	10.00	0.00
550	-1	4	Endothelial	870	999	4.9191	M -1 -0.3 Q 0 -0.5 1 -0.3 L 1 0.3 Q 0 0.5 -1 0.3 Z	1.0078	G1	0		37.98	4.9679	False	False	0	0.0	10.00	0.00
551	-1	4	Endothelial	888	963	5.3470	M -1 -0.3 Q 0 -0.5 1 -0.3 L 1 0.3 Q 0 0.5 -1 0.3 Z	1.0321	G1	0		37.73	4.7264	False	False	0	0.0	10.00	0.00
552	-1	4	Endothelial	911	973	0.3175	M -1 -0.3 Q 0 -0.5 1 -0.3 L 1 0.3 Q 0 0.5 -1 0.3 Z	1.2651	G1	0		38.33	4.8400	False	False	0	0.0	10.00	0.00
553	-1	4	Endothelial	894	955	3.8888	M -1 -0.3 Q 0 -0.5 1 -0.3 L 1 0.3 Q 0 0.5 -1 0.3 Z	0.7967	G1	0		37.63	4.6417	False	False	0	0.0	10.00	0.00
554	-1	4	Endothelial	923	994	4.9062	M -1 -0.3 Q 0 -0.5 1 -0.3 L 1 0.3 Q 0 0.5 -1 0.3 Z	0.9972	G1	0		36.00	3.9435	False	False	0	0.0	10.00	0.00
555	-1	4	Endothelial	976	987	2.7723	M -1 -0.3 Q 0 -0.5 1 -0.3 L 1 0.3 Q 0 0.5 -1 0.3 Z	0.7058	G1	0		37.96	4.8003	False	False	0	0.0	10.00	0.00
556	-1	4	Endothelial	932	975	4.6795	M -1 -0.3 Q 0 -0.5 1 -0.3 L 1 0.3 Q 0 0.5 -1 0.3 Z	0.9660	G1	0		38.13	4.4665	False	False	0	0.0	10.00	0.00
557	-1	4	Endothelial	891	999	0.7404	M -1 -0.3 Q 0 -0.5 1 -0.3 L 1 0.3 Q 0 0.5 -1 0.3 Z	0.5976	G1	0		37.99	4.9730	False	False	0	0.0	10.00	0.00
558	-1	4	Endothelial	919	970	3.1747	M -1 -0.3 Q 0 -0.5 1 -0.3 L 1 0.3 Q 0 0.5 -1 0.3 Z	1.0089	G1	0		37.37	4.4641	False	False	0	0.0	10.00	0.00
559	-1	4	Endothelial	963	945	4.9442	M -1 -0.3 Q 0 -0.5 1 -0.3 L 1 0.3 Q 0 0.5 -1 0.3 Z	0.9702	G1	0		36.85	4.3435	False	False	0	0.0	10.00	0.00
560	-1	4	Endothelial	84	0	4.6277	M -1 -0.3 Q 0 -0.5 1 -0.3 L 1 0.3 Q 0 0.5 -1 0.3 Z	1.2121	G1	0		37.99	4.9817	False	False	0	0.0	10.00	0.00
561	-1	4	Endothelial	94	25	1.1846	M -1 -0.3 Q 0 -0.5 1 -0.3 L 1 0.3 Q 0 0.5 -1 0.3 Z	0.9606	G1	0		37.69	4.7402	False	False	0	0.0	10.00	0.00
562	-1	4	Endothelial	100	77	4.5354	M -1 -0.3 Q 0 -0.5 1 -0.3 L 1 0.3 Q 0 0.5 -1 0.3 Z	0.7067	G1	0		37.79	4.5898	False	False	0	0.0	10.00	0.00
563	-1	4	Endothelial	75	56	2.2120	M -1 -0.3 Q 0 -0.5 1 -0.3 L 1 0.3 Q 0 0.5 -1 0.3 Z	1.3978	G1	0		38.48	4.6552	False	False	0	0.0	10.00	0.00
564	-1	4	Endothelial	75	68	6.1992	M -1 -0.3 Q 0 -0.5 1 -0.3 L 1 0.3 Q 0 0.5 -1 0.3 Z	1.2997	G1	0		38.30	4.6826	False	False	0	0.0	10.00	0.00
565	-1	4	Endothelial	62	107	5.5012	M -1 -0.3 Q 0 -0.5 1 -0.3 L 1 0.3 Q 0 0.5 -1 0.3 Z	1.0373	G1	0		37.64	4.6091	False	False	0	0.0	10.00	0.00
566	-1	4	Endothelial	85	105	2.4051	M -1 -0.3 Q 0 -0.5 1 -0.3 L 1 0.3 Q 0 0.5 -1 0.3 Z	0.8836	G1	0		37.54	4.4936	False	False	0	0.0	10.00	0.00
567	-1	4	Endothelial	75	116	1.8933	M -1 -0.3 Q 0 -0.5 1 -0.3 L 1 0.3 Q 0 0.5 -1 0.3 Z	1.0225	G1	0		38.44	4.5352	False	False	0	0.0	10.00	0.00
568	-1	4	Endothelial	39	82	3.8099	M -1 -0.3 Q 0 -0.5 1 -0.3 L 1 0.3 Q 0 0.5 -1 0.3 Z	0.7308	G1	0		37.98	4.7435	False	False	0	0.0	10.00	0.00
569	-1	4	Endothelial	79	149	0.1536	M -1 -0.3 Q 0 -0.5 1 -0.3 L 1 0.3 Q 0 0.5 -1 0.3 Z	0.8790	G1	0		38.16	4.5236	False	False	0	0.0	10.00	0.00
570	-1	4	Endothelial	51	123	3.5407	M -1 -0.3 Q 0 -0.5 1 -0.3 L 1 0.3 Q 0 0.5 -1 0.3 Z	0.8291	G1	0		37.60	4.5937	False	False	0	0.0	10.00	0.00
571	-1	4	Endothelial	94	161	2.1883	M -1 -0.3 Q 0 -0.5 1 -0.3 L 1 0.3 Q 0 0.5 -1 0.3 Z	0.8934	G1	0		37.36	4.2473	False	False	0	0.0	10.00	0.00
572	-1	4	Endothelial	76	166	2.4909	M -1 -0.3 Q 0 -0.5 1 -0.3 L 1 0.3 Q 0 0.5 -1 0.3 Z	1.0413	G1	0		38.24	4.4008	False	False	0	0.0	10.00	0.00
573	-1	4	Endothelial	58	198	4.7105	M -1 -0.3 Q 0 -0.5 1 -0.3 L 1 0.3 Q 0 0.5 -1 0.3 Z	0.9109	G1	0		36.79	4.0768	False	False	0	0.0	10.00	0.00
574	-1	4	Endothelial	85	183	4.6877	M -1 -0.3 Q 0 -0.5 1 -0.3 L 1 0.3 Q 0 0.5 -1 0.3 Z	0.7697	G1	0		37.51	4.3702	False	False	0	0.0	10.00	0.00
575	-1	4	Endothelial	64	166	3.3382	M -1 -0.3 Q 0 -0.5 1 -0.3 L 1 0.3 Q 0 0.5 -1 0.3 Z	0.7918	G1	0		37.74	4.4785	False	False	0	0.0	10.00	0.00
576	-1	4	Endothelial	75	236	1.4498	M -1 -0.3 Q 0 -0.5 1 -0.3 L 1 0.3 Q 0 0.5 -1 0.3 Z	1.3958	G1	0		38.29	4.3147	False	False	0	0.0	10.00	0.00
577	-1	4	Endothelial	75	248	4.4612	M -1 -0.3 Q 0 -0.5 1 -0.3 L 1 0.3 Q 0 0.5 -1 0.3 Z	0.8120	G1	0		37.99	4.2674	False	False	0	0.0	10.00	0.00
578	-1	4	Endothelial	0	252	3.3402	M -1 -0.3 Q 0 -0.5 1 -0.3 L 1 0.3 Q 0 0.5 -1 0.3 Z	0.6124	G1	0		37.00	4.4345	False	False	0	0.0	10.00	0.00
579	-1	4	Endothelial	84	277	4.0240	M -1 -0.3 Q 0 -0.5 1 -0.3 L 1 0.3 Q 0 0.5 -1 0.3 Z	0.9244	G1	0		37.28	4.0829	False	False	0	0.0	10.00	0.00
580	-1	4	Endothelial	75	284	5.1004	M -1 -0.3 Q 0 -0.5 1 -0.3 L 1 0.3 Q 0 0.5 -1 0.3 Z	0.9727	G1	0		38.25	4.2566	False	False	0	0.0	10.00	0.00
581	-1	4	Endothelial	75	296	0.8861	M -1 -0.3 Q 0 -0.5 1 -0.3 L 1 0.3 Q 0 0.5 -1 0.3 Z	1.1068	G1	0		38.10	4.1344	False	False	0	0.0	10.00	0.00
582	-1	4	Endothelial	75	308	5.7925	M -1 -0.3 Q 0 -0.5 1 -0.3 L 1 0.3 Q 0 0.5 -1 0.3 Z	1.0211	G1	0		38.09	4.3112	False	False	0	0.0	10.00	0.00
583	-1	4	Endothelial	75	320	1.3306	M -1 -0.3 Q 0 -0.5 1 -0.3 L 1 0.3 Q 0 0.5 -1 0.3 Z	1.1010	G1	0		37.97	4.3390	False	False	0	0.0	10.00	0.00
584	-1	4	Endothelial	121	348	0.4480	M -1 -0.3 Q 0 -0.5 1 -0.3 L 1 0.3 Q 0 0.5 -1 0.3 Z	0.7671	G1	0		37.61	3.8707	False	False	0	0.0	10.00	0.00
585	-1	4	Endothelial	75	344	0.8328	M -1 -0.3 Q 0 -0.5 1 -0.3 L 1 0.3 Q 0 0.5 -1 0.3 Z	1.1879	G1	0		38.28	4.2527	False	False	0	0.0	10.00	0.00
586	-1	4	Endothelial	75	356	4.8658	M -1 -0.3 Q 0 -0.5 1 -0.3 L 1 0.3 Q 0 0.5 -1 0.3 Z	0.9118	G1	0		38.25	4.2270	False	False	0	0.0	10.00	0.00
587	-1	4	Endothelial	75	368	4.0116	M -1 -0.3 Q 0 -0.5 1 -0.3 L 1 0.3 Q 0 0.5 -1 0.3 Z	0.9849	G1	0		38.07	4.2757	False	False	0	0.0	10.00	0.00
588	-1	4	Endothelial	69	400	2.8111	M -1 -0.3 Q 0 -0.5 1 -0.3 L 1 0.3 Q 0 0.5 -1 0.3 Z	0.7597	G1	0		38.07	4.2638	False	False	0	0.0	10.00	0.00
589	-1	4	Endothelial	60	391	1.0663	M -1 -0.3 Q 0 -0.5 1 -0.3 L 1 0.3 Q 0 0.5 -1 0.3 Z	0.7719	G1	0		36.77	3.9690	False	False	0	0.0	10.00	0.00
590	-1	4	Endothelial	67	421	0.9647	M -1 -0.3 Q 0 -0.5 1 -0.3 L 1 0.3 Q 0 0.5 -1 0.3 Z	1.0186	G1	0		37.69	4.3256	False	False	0	0.0	10.00	0.00
591	-1	4	Endothelial	75	428	2.0747	M -1 -0.3 Q 0 -0.5 1 -0.3 L 1 0.3 Q 0 0.5 -1 0.3 Z	1.0844	G1	0		38.06	4.2501	False	False	0	0.0	10.00	0.00
592	-1	4	Endothelial	75	440	0.4885	M -1 -0.3 Q 0 -0.5 1 -0.3 L 1 0.3 Q 0 0.5 -1 0.3 Z	0.8709	G1	0		37.94	4.2835	False	False	0	0.0	10.00	0.00
593	-1	4	Endothelial	75	452	1.3611	M -1 -0.3 Q 0 -0.5 1 -0.3 L 1 0.3 Q 0 0.5 -1 0.3 Z	0.9180	G1	0		38.23	4.1914	False	False	0	0.0	10.00	0.00
594	-1	4	Endothelial	49	476	1.8537	M -1 -0.3 Q 0 -0.5 1 -0.3 L 1 0.3 Q 0 0.5 -1 0.3 Z	0.8968	G1	0		35.86	3.5231	False	False	0	0.0	10.00	0.00
595	-1	4	Endothelial	57	467	3.4827	M -1 -0.3 Q 0 -0.5 1 -0.3 L 1 0.3 Q 0 0.5 -1 0.3 Z	1.1832	G1	0		37.06	4.1492	False	False	0	0.0	10.00	0.00
596	-1	4	Endothelial	94	493	3.9179	M -1 -0.3 Q 0 -0.5 1 -0.3 L 1 0.3 Q 0 0.5 -1 0.3 Z	1.3779	G1	0		37.52	4.0802	False	False	0	0.0	10.00	0.00
597	-1	4	Endothelial	89	443	4.2396	M -1 -0.3 Q 0 -0.5 1 -0.3 L 1 0.3 Q 0 0.5 -1 0.3 Z	0.8040	G1	0		37.29	4.0888	False	False	0	0.0	10.00	0.00
598	-1	4	Endothelial	61	487	2.8076	M -1 -0.3 Q 0 -0.5 1 -0.3 L 1 0.3 Q 0 0.5 -1 0.3 Z	0.8238	G1	0		37.33	4.2507	False	False	0	0.0	10.00	0.00
599	-1	4	Endothelial	75	536	1.3972	M -1 -0.3 Q 0 -0.5 1 -0.3 L 1 0.3 Q 0 0.5 -1 0.3 Z	0.7972	G1	0		38.11	4.1144	False	False	0	0.0	10.00	0.00
600	-1	4	Endothelial	75	548	1.4895	M -1 -0.3 Q 0 -0.5 1 -0.3 L 1 0.3 Q 0 0.5 -1 0.3 Z	1.4683	G1	0		37.25	3.6997	False	False	0	0.0	10.00	0.00
601	-1	4	Endothelial	65	563	4.7779	M -1 -0.3 Q 0 -0.5 1 -0.3 L 1 0.3 Q 0 0.5 -1 0.3 Z	0.9248	G1	0		37.46	4.2941	False	False	0	0.0	10.00	0.00
602	-1	4	Endothelial	75	572	3.8938	M -1 -0.3 Q 0 -0.5 1 -0.3 L 1 0.3 Q 0 0.5 -1 0.3 Z	1.2843	G1	0		38.31	4.2530	False	False	0	0.0	10.00	0.00
603	-1	4	Endothelial	75	584	3.3217	M -1 -0.3 Q 0 -0.5 1 -0.3 L 1 0.3 Q 0 0.5 -1 0.3 Z	0.7755	G1	0		38.06	4.0649	False	False	0	0.0	10.00	0.00
604	-1	4	Endothelial	75	596	0.4514	M -1 -0.3 Q 0 -0.5 1 -0.3 L 1 0.3 Q 0 0.5 -1 0.3 Z	1.2437	G1	0		38.26	4.2196	False	False	0	0.0	10.00	0.00
605	-1	4	Endothelial	46	609	5.7911	M -1 -0.3 Q 0 -0.5 1 -0.3 L 1 0.3 Q 0 0.5 -1 0.3 Z	0.5939	G1	0		36.26	3.7714	False	False	0	0.0	10.00	0.00
606	-1	4	Endothelial	75	620	6.0457	M -1 -0.3 Q 0 -0.5 1 -0.3 L 1 0.3 Q 0 0.5 -1 0.3 Z	1.2021	G1	0		38.03	4.1328	False	False	0	0.0	10.00	0.00
607	-1	4	Endothelial	83	638	1.3629	M -1 -0.3 Q 0 -0.5 1 -0.3 L 1 0.3 Q 0 0.5 -1 0.3 Z	1.0503	G1	0		37.53	4.1526	False	False	0	0.0	10.00	0.00
608	-1	4	Endothelial	74	634	2.7140	M -1 -0.3 Q 0 -0.5 1 -0.3 L 1 0.3 Q 0 0.5 -1 0.3 Z	0.9987	G1	0		38.21	4.2089	False	False	0	0.0	10.00	0.00
609	-1	4	Endothelial	68	648	0.2020	M -1 -0.3 Q 0 -0.5 1 -0.3 L 1 0.3 Q 0 0.5 -1 0.3 Z	0.6913	G1	0		37.99	4.2735	False	False	0	0.0	10.00	0.00
610	-1	4	Endothelial	94	665	5.9130	M -1 -0.3 Q 0 -0.5 1 -0.3 L 1 0.3 Q 0 0.5 -1 0.3 Z	0.9753	G1	0		37.24	4.0340	False	False	0	0.0	10.00	0.00
611	-1	4	Endothelial	61	677	2.0498	M -1 -0.3 Q 0 -0.5 1 -0.3 L 1 0.3 Q 0 0.5 -1 0.3 Z	0.9934	G1	0		38.20	4.3784	False	False	0	0.0	10.00	0.00
612	-1	4	Endothelial	84	708	4.7730	M -1 -0.3 Q 0 -0.5 1 -0.3 L 1 0.3 Q 0 0.5 -1 0.3 Z	0.9317	G1	0		38.29	4.2791	False	False	0	0.0	10.00	0.00
613	-1	4	Endothelial	75	716	3.1429	M -1 -0.3 Q 0 -0.5 1 -0.3 L 1 0.3 Q 0 0.5 -1 0.3 Z	1.0795	G1	0		38.27	4.2691	False	False	0	0.0	10.00	0.00
614	-1	4	Endothelial	75	728	6.2758	M -1 -0.3 Q 0 -0.5 1 -0.3 L 1 0.3 Q 0 0.5 -1 0.3 Z	1.1601	G1	0		38.10	4.3347	False	False	0	0.0	10.00	0.00
615	-1	4	Endothelial	80	749	1.5735	M -1 -0.3 Q 0 -0.5 1 -0.3 L 1 0.3 Q 0 0.5 -1 0.3 Z	1.0456	G1	0		37.77	4.2120	False	False	0	0.0	10.00	0.00
616	-1	4	Endothelial	95	755	6.2425	M -1 -0.3 Q 0 -0.5 1 -0.3 L 1 0.3 Q 0 0.5 -1 0.3 Z	0.9230	G1	0		37.35	4.1619	False	False	0	0.0	10.00	0.00
617	-1	4	Endothelial	75	764	4.0151	M -1 -0.3 Q 0 -0.5 1 -0.3 L 1 0.3 Q 0 0.5 -1 0.3 Z	1.0807	G1	0		38.19	4.2456	False	False	0	0.0	10.00	0.00
618	-1	4	Endothelial	57	768	1.2809	M -1 -0.3 Q 0 -0.5 1 -0.3 L 1 0.3 Q 0 0.5 -1 0.3 Z	1.1282	G1	0		37.12	4.1743	False	False	0	0.0	10.00	0.00
619	-1	4	Endothelial	31	775	1.9051	M -1 -0.3 Q 0 -0.5 1 -0.3 L 1 0.3 Q 0 0.5 -1 0.3 Z	0.8534	G1	0		36.29	3.9457	False	False	0	0.0	10.00	0.00
620	-1	4	Endothelial	84	795	6.1892	M -1 -0.3 Q 0 -0.5 1 -0.3 L 1 0.3 Q 0 0.5 -1 0.3 Z	1.2598	G1	0		37.45	4.3122	False	False	0	0.0	10.00	0.00
621	-1	4	Endothelial	80	821	1.6910	M -1 -0.3 Q 0 -0.5 1 -0.3 L 1 0.3 Q 0 0.5 -1 0.3 Z	1.1245	G1	0		37.96	4.4069	False	False	0	0.0	10.00	0.00
622	-1	4	Endothelial	57	843	3.5235	M -1 -0.3 Q 0 -0.5 1 -0.3 L 1 0.3 Q 0 0.5 -1 0.3 Z	1.0691	G1	0		37.75	4.5010	False	False	0	0.0	10.00	0.00
623	-1	4	Endothelial	83	830	2.5656	M -1 -0.3 Q 0 -0.5 1 -0.3 L 1 0.3 Q 0 0.5 -1 0.3 Z	1.0366	G1	0		37.93	4.3871	False	False	0	0.0	10.00	0.00
624	-1	4	Endothelial	91	872	2.0777	M -1 -0.3 Q 0 -0.5 1 -0.3 L 1 0.3 Q 0 0.5 -1 0.3 Z	0.8499	G1	0		37.12	4.2524	False	False	0	0.0	10.00	0.00
625	-1	4	Endothelial	75	872	5.3440	M -1 -0.3 Q 0 -0.5 1 -0.3 L 1 0.3 Q 0 0.5 -1 0.3 Z	1.1465	G1	0		38.48	4.5439	False	False	0	0.0	10.00	0.00
626	-1	4	Endothelial	70	827	4.7711	M -1 -0.3 Q 0 -0.5 1 -0.3 L 1 0.3 Q 0 0.5 -1 0.3 Z	0.6604	G1	0		38.07	4.5263	False	False	0	0.0	10.00	0.00
627	-1	4	Endothelial	75	896	1.9878	M -1 -0.3 Q 0 -0.5 1 -0.3 L 1 0.3 Q 0 0.5 -1 0.3 Z	0.9359	G1	0		38.42	4.5328	False	False	0	0.0	10.00	0.00
628	-1	4	Endothelial	75	908	1.7281	M -1 -0.3 Q 0 -0.5 1 -0.3 L 1 0.3 Q 0 0.5 -1 0.3 Z	1.0385	G1	0		38.26	4.6158	False	False	0	0.0	10.00	0.00
629	-1	4	Endothelial	78	929	3.6551	M -1 -0.3 Q 0 -0.5 1 -0.3 L 1 0.3 Q 0 0.5 -1 0.3 Z	1.0792	G1	0		37.66	4.3353	False	False	0	0.0	10.00	0.00
630	-1	4	Endothelial	64	917	0.9764	M -1 -0.3 Q 0 -0.5 1 -0.3 L 1 0.3 Q 0 0.5 -1 0.3 Z	1.1740	G1	0		37.61	4.6101	False	False	0	0.0	10.00	0.00
631	-1	4	Endothelial	75	944	2.7825	M -1 -0.3 Q 0 -0.5 1 -0.3 L 1 0.3 Q 0 0.5 -1 0.3 Z	1.1093	G1	0		38.51	4.6681	False	False	0	0.0	10.00	0.00
632	-1	4	Endothelial	75	956	5.6112	M -1 -0.3 Q 0 -0.5 1 -0.3 L 1 0.3 Q 0 0.5 -1 0.3 Z	1.1707	G1	0		38.50	4.6830	False	False	0	0.0	10.00	0.00
633	-1	4	Endothelial	75	968	5.6794	M -1 -0.3 Q 0 -0.5 1 -0.3 L 1 0.3 Q 0 0.5 -1 0.3 Z	0.9652	G1	0		38.35	4.7774	False	False	0	0.0	10.00	0.00
634	-1	4	Endothelial	233	0	1.2742	M -1 -0.3 Q 0 -0.5 1 -0.3 L 1 0.3 Q 0 0.5 -1 0.3 Z	1.0393	G1	0		37.98	4.9617	False	False	0	0.0	10.00	0.00
635	-1	4	Endothelial	232	25	3.7663	M -1 -0.3 Q 0 -0.5 1 -0.3 L 1 0.3 Q 0 0.5 -1 0.3 Z	0.8973	G1	0		35.86	3.6585	False	False	0	0.0	10.00	0.00
636	-1	4	Endothelial	216	49	1.8867	M -1 -0.3 Q 0 -0.5 1 -0.3 L 1 0.3 Q 0 0.5 -1 0.3 Z	0.6953	G1	0		37.76	4.5881	False	False	0	0.0	10.00	0.00
637	-1	4	Endothelial	235	59	1.4100	M -1 -0.3 Q 0 -0.5 1 -0.3 L 1 0.3 Q 0 0.5 -1 0.3 Z	1.2376	G1	0		37.61	4.4952	False	False	0	0.0	10.00	0.00
638	-1	4	Endothelial	225	92	4.4699	M -1 -0.3 Q 0 -0.5 1 -0.3 L 1 0.3 Q 0 0.5 -1 0.3 Z	1.2370	G1	0		38.09	4.3011	False	False	0	0.0	10.00	0.00
639	-1	4	Endothelial	178	86	4.0464	M -1 -0.3 Q 0 -0.5 1 -0.3 L 1 0.3 Q 0 0.5 -1 0.3 Z	0.6654	G1	0		37.28	4.2147	False	False	0	0.0	10.00	0.00
640	-1	4	Endothelial	218	99	5.0926	M -1 -0.3 Q 0 -0.5 1 -0.3 L 1 0.3 Q 0 0.5 -1 0.3 Z	1.0333	G1	0		37.73	4.2675	False	False	0	0.0	10.00	0.00
641	-1	4	Endothelial	233	121	2.9847	M -1 -0.3 Q 0 -0.5 1 -0.3 L 1 0.3 Q 0 0.5 -1 0.3 Z	1.1708	G1	0		37.98	4.1087	False	False	0	0.0	10.00	0.00
642	-1	4	Endothelial	229	168	0.2674	M -1 -0.3 Q 0 -0.5 1 -0.3 L 1 0.3 Q 0 0.5 -1 0.3 Z	0.6407	G1	0		37.67	3.8337	False	False	0	0.0	10.00	0.00
643	-1	4	Endothelial	232	159	2.6008	M -1 -0.3 Q 0 -0.5 1 -0.3 L 1 0.3 Q 0 0.5 -1 0.3 Z	0.7415	G1	0		37.55	3.9401	False	False	0	0.0	10.00	0.00
644	-1	4	Endothelial	225	164	5.8163	M -1 -0.3 Q 0 -0.5 1 -0.3 L 1 0.3 Q 0 0.5 -1 0.3 Z	0.8207	G1	0		37.83	3.7309	False	False	0	0.0	10.00	0.00
645	-1	4	Endothelial	234	171	0.1122	M -1 -0.3 Q 0 -0.5 1 -0.3 L 1 0.3 Q 0 0.5 -1 0.3 Z	1.1005	G1	0		37.19	3.7762	False	False	0	0.0	10.00	0.00
646	-1	4	Endothelial	230	179	0.0757	M -1 -0.3 Q 0 -0.5 1 -0.3 L 1 0.3 Q 0 0.5 -1 0.3 Z	0.8065	G1	0		37.69	3.8748	False	False	0	0.0	10.00	0.00
647	-1	4	Endothelial	241	175	5.6920	M -1 -0.3 Q 0 -0.5 1 -0.3 L 1 0.3 Q 0 0.5 -1 0.3 Z	0.9217	G1	0		37.01	3.6884	False	False	0	0.0	10.00	0.00
648	-1	4	Endothelial	233	206	0.4911	M -1 -0.3 Q 0 -0.5 1 -0.3 L 1 0.3 Q 0 0.5 -1 0.3 Z	1.0850	G1	0		37.32	3.7186	False	False	0	0.0	10.00	0.00
649	-1	4	Endothelial	225	236	3.8625	M -1 -0.3 Q 0 -0.5 1 -0.3 L 1 0.3 Q 0 0.5 -1 0.3 Z	1.1984	G1	0		37.92	3.6276	False	False	0	0.0	10.00	0.00
650	-1	4	Endothelial	225	248	0.9650	M -1 -0.3 Q 0 -0.5 1 -0.3 L 1 0.3 Q 0 0.5 -1 0.3 Z	1.1709	G1	0		37.63	3.5795	False	False	0	0.0	10.00	0.00
651	-1	4	Endothelial	233	254	4.5853	M -1 -0.3 Q 0 -0.5 1 -0.3 L 1 0.3 Q 0 0.5 -1 0.3 Z	0.8177	G1	0		37.03	3.5244	False	False	0	0.0	10.00	0.00
652	-1	4	Endothelial	202	249	3.2034	M -1 -0.3 Q 0 -0.5 1 -0.3 L 1 0.3 Q 0 0.5 -1 0.3 Z	1.1882	G1	0		37.57	3.6786	False	False	0	0.0	10.00	0.00
653	-1	4	Endothelial	216	288	4.6064	M -1 -0.3 Q 0 -0.5 1 -0.3 L 1 0.3 Q 0 0.5 -1 0.3 Z	0.9028	G1	0		37.16	3.5562	False	False	0	0.0	10.00	0.00
654	-1	4	Endothelial	215	325	1.3797	M -1 -0.3 Q 0 -0.5 1 -0.3 L 1 0.3 Q 0 0.5 -1 0.3 Z	1.1221	G1	0		36.92	3.4028	False	False	0	0.0	10.00	0.00
655	-1	4	Endothelial	217	336	4.6128	M -1 -0.3 Q 0 -0.5 1 -0.3 L 1 0.3 Q 0 0.5 -1 0.3 Z	0.8561	G1	0		36.94	3.2875	False	False	0	0.0	10.00	0.00
656	-1	4	Endothelial	225	320	2.3763	M -1 -0.3 Q 0 -0.5 1 -0.3 L 1 0.3 Q 0 0.5 -1 0.3 Z	1.2674	G1	0		37.50	3.4892	False	False	0	0.0	10.00	0.00
657	-1	4	Endothelial	232	325	3.8872	M -1 -0.3 Q 0 -0.5 1 -0.3 L 1 0.3 Q 0 0.5 -1 0.3 Z	0.8871	G1	0		37.15	3.3412	False	False	0	0.0	10.00	0.00
658	-1	4	Endothelial	244	336	4.3538	M -1 -0.3 Q 0 -0.5 1 -0.3 L 1 0.3 Q 0 0.5 -1 0.3 Z	1.0158	G1	0		36.87	3.2792	False	False	0	0.0	10.00	0.00
659	-1	4	Endothelial	217	350	0.5554	M -1 -0.3 Q 0 -0.5 1 -0.3 L 1 0.3 Q 0 0.5 -1 0.3 Z	0.9367	G1	0		36.57	3.0251	False	False	0	0.0	10.00	0.00
660	-1	4	Endothelial	213	377	0.4476	M -1 -0.3 Q 0 -0.5 1 -0.3 L 1 0.3 Q 0 0.5 -1 0.3 Z	0.8485	G1	0		37.50	3.3250	False	False	0	0.0	10.00	0.00
661	-1	4	Endothelial	225	404	1.7915	M -1 -0.3 Q 0 -0.5 1 -0.3 L 1 0.3 Q 0 0.5 -1 0.3 Z	1.0094	G1	0		37.75	3.3095	False	False	0	0.0	10.00	0.00
662	-1	4	Endothelial	233	410	3.2677	M -1 -0.3 Q 0 -0.5 1 -0.3 L 1 0.3 Q 0 0.5 -1 0.3 Z	0.8910	G1	0		37.13	3.3125	False	False	0	0.0	10.00	0.00
663	-1	4	Endothelial	216	424	5.9877	M -1 -0.3 Q 0 -0.5 1 -0.3 L 1 0.3 Q 0 0.5 -1 0.3 Z	1.1513	G1	0		36.89	3.2474	False	False	0	0.0	10.00	0.00
664	-1	4	Endothelial	225	440	5.5612	M -1 -0.3 Q 0 -0.5 1 -0.3 L 1 0.3 Q 0 0.5 -1 0.3 Z	0.9023	G1	0		37.41	3.3403	False	False	0	0.0	10.00	0.00
665	-1	4	Endothelial	225	452	0.9594	M -1 -0.3 Q 0 -0.5 1 -0.3 L 1 0.3 Q 0 0.5 -1 0.3 Z	0.9549	G1	0		37.70	3.2554	False	False	0	0.0	10.00	0.00
666	-1	4	Endothelial	225	464	1.8007	M -1 -0.3 Q 0 -0.5 1 -0.3 L 1 0.3 Q 0 0.5 -1 0.3 Z	1.0808	G1	0		37.70	3.2509	False	False	0	0.0	10.00	0.00
667	-1	4	Endothelial	225	476	2.6035	M -1 -0.3 Q 0 -0.5 1 -0.3 L 1 0.3 Q 0 0.5 -1 0.3 Z	0.9283	G1	0		37.72	3.2673	False	False	0	0.0	10.00	0.00
668	-1	4	Endothelial	217	482	0.2013	M -1 -0.3 Q 0 -0.5 1 -0.3 L 1 0.3 Q 0 0.5 -1 0.3 Z	0.9489	G1	0		36.83	3.1371	False	False	0	0.0	10.00	0.00
669	-1	4	Endothelial	285	526	4.0925	M -1 -0.3 Q 0 -0.5 1 -0.3 L 1 0.3 Q 0 0.5 -1 0.3 Z	0.7766	G1	0		37.33	3.0873	False	False	0	0.0	10.00	0.00
670	-1	4	Endothelial	215	513	1.5601	M -1 -0.3 Q 0 -0.5 1 -0.3 L 1 0.3 Q 0 0.5 -1 0.3 Z	1.0362	G1	0		36.90	3.2990	False	False	0	0.0	10.00	0.00
671	-1	4	Endothelial	225	536	5.0913	M -1 -0.3 Q 0 -0.5 1 -0.3 L 1 0.3 Q 0 0.5 -1 0.3 Z	1.0284	G1	0		37.70	3.2557	False	False	0	0.0	10.00	0.00
672	-1	4	Endothelial	225	548	3.7292	M -1 -0.3 Q 0 -0.5 1 -0.3 L 1 0.3 Q 0 0.5 -1 0.3 Z	0.9580	G1	0		37.46	3.2598	False	False	0	0.0	10.00	0.00
673	-1	4	Endothelial	225	560	2.1666	M -1 -0.3 Q 0 -0.5 1 -0.3 L 1 0.3 Q 0 0.5 -1 0.3 Z	1.0331	G1	0		37.31	3.2651	False	False	0	0.0	10.00	0.00
674	-1	4	Endothelial	299	585	4.9186	M -1 -0.3 Q 0 -0.5 1 -0.3 L 1 0.3 Q 0 0.5 -1 0.3 Z	0.7733	G1	0		36.79	3.0484	False	False	0	0.0	10.00	0.00
675	-1	4	Endothelial	233	566	3.7785	M -1 -0.3 Q 0 -0.5 1 -0.3 L 1 0.3 Q 0 0.5 -1 0.3 Z	1.0386	G1	0		37.00	3.2109	False	False	0	0.0	10.00	0.00
676	-1	4	Endothelial	223	586	4.9484	M -1 -0.3 Q 0 -0.5 1 -0.3 L 1 0.3 Q 0 0.5 -1 0.3 Z	1.0653	G1	0		37.38	3.1729	False	False	0	0.0	10.00	0.00
677	-1	4	Endothelial	232	601	6.1638	M -1 -0.3 Q 0 -0.5 1 -0.3 L 1 0.3 Q 0 0.5 -1 0.3 Z	0.9115	G1	0		37.21	3.3168	False	False	0	0.0	10.00	0.00
678	-1	4	Endothelial	239	607	3.4368	M -1 -0.3 Q 0 -0.5 1 -0.3 L 1 0.3 Q 0 0.5 -1 0.3 Z	0.8890	G1	0		36.46	2.9731	False	False	0	0.0	10.00	0.00
679	-1	4	Endothelial	233	626	6.2056	M -1 -0.3 Q 0 -0.5 1 -0.3 L 1 0.3 Q 0 0.5 -1 0.3 Z	0.7659	G1	0		36.99	3.2382	False	False	0	0.0	10.00	0.00
680	-1	4	Endothelial	206	662	5.2946	M -1 -0.3 Q 0 -0.5 1 -0.3 L 1 0.3 Q 0 0.5 -1 0.3 Z	0.8148	G1	0		37.07	3.4631	False	False	0	0.0	10.00	0.00
681	-1	4	Endothelial	188	640	6.1452	M -1 -0.3 Q 0 -0.5 1 -0.3 L 1 0.3 Q 0 0.5 -1 0.3 Z	0.7892	G1	0		36.96	3.4621	False	False	0	0.0	10.00	0.00
682	-1	4	Endothelial	225	692	5.9402	M -1 -0.3 Q 0 -0.5 1 -0.3 L 1 0.3 Q 0 0.5 -1 0.3 Z	0.9983	G1	0		37.62	3.4728	False	False	0	0.0	10.00	0.00
683	-1	4	Endothelial	202	743	0.5699	M -1 -0.3 Q 0 -0.5 1 -0.3 L 1 0.3 Q 0 0.5 -1 0.3 Z	0.9953	G1	0		37.15	3.6821	False	False	0	0.0	10.00	0.00
684	-1	4	Endothelial	225	716	3.1568	M -1 -0.3 Q 0 -0.5 1 -0.3 L 1 0.3 Q 0 0.5 -1 0.3 Z	1.0794	G1	0		37.85	3.4933	False	False	0	0.0	10.00	0.00
685	-1	4	Endothelial	233	733	3.1702	M -1 -0.3 Q 0 -0.5 1 -0.3 L 1 0.3 Q 0 0.5 -1 0.3 Z	1.0217	G1	0		36.60	3.2803	False	False	0	0.0	10.00	0.00
686	-1	4	Endothelial	274	737	1.7561	M -1 -0.3 Q 0 -0.5 1 -0.3 L 1 0.3 Q 0 0.5 -1 0.3 Z	0.7547	G1	0		36.40	3.1002	False	False	0	0.0	10.00	0.00
687	-1	4	Endothelial	244	745	3.3346	M -1 -0.3 Q 0 -0.5 1 -0.3 L 1 0.3 Q 0 0.5 -1 0.3 Z	1.0342	G1	0		36.96	3.4581	False	False	0	0.0	10.00	0.00
688	-1	4	Endothelial	235	764	1.8938	M -1 -0.3 Q 0 -0.5 1 -0.3 L 1 0.3 Q 0 0.5 -1 0.3 Z	0.9178	G1	0		37.01	3.5503	False	False	0	0.0	10.00	0.00
689	-1	4	Endothelial	213	760	1.2578	M -1 -0.3 Q 0 -0.5 1 -0.3 L 1 0.3 Q 0 0.5 -1 0.3 Z	1.0190	G1	0		36.42	3.2480	False	False	0	0.0	10.00	0.00
690	-1	4	Endothelial	217	794	4.2400	M -1 -0.3 Q 0 -0.5 1 -0.3 L 1 0.3 Q 0 0.5 -1 0.3 Z	1.1661	G1	0		37.18	3.7518	False	False	0	0.0	10.00	0.00
691	-1	4	Endothelial	225	800	2.1920	M -1 -0.3 Q 0 -0.5 1 -0.3 L 1 0.3 Q 0 0.5 -1 0.3 Z	1.1538	G1	0		37.67	3.8070	False	False	0	0.0	10.00	0.00
692	-1	4	Endothelial	233	806	2.2701	M -1 -0.3 Q 0 -0.5 1 -0.3 L 1 0.3 Q 0 0.5 -1 0.3 Z	0.8728	G1	0		37.03	3.5889	False	False	0	0.0	10.00	0.00
693	-1	4	Endothelial	225	836	1.3435	M -1 -0.3 Q 0 -0.5 1 -0.3 L 1 0.3 Q 0 0.5 -1 0.3 Z	1.1101	G1	0		37.87	3.7335	False	False	0	0.0	10.00	0.00
694	-1	4	Endothelial	225	848	0.2449	M -1 -0.3 Q 0 -0.5 1 -0.3 L 1 0.3 Q 0 0.5 -1 0.3 Z	0.8128	G1	0		37.84	3.9223	False	False	0	0.0	10.00	0.00
695	-1	4	Endothelial	225	860	1.4983	M -1 -0.3 Q 0 -0.5 1 -0.3 L 1 0.3 Q 0 0.5 -1 0.3 Z	1.1932	G1	0		37.71	3.9803	False	False	0	0.0	10.00	0.00
696	-1	4	Endothelial	228	882	5.0702	M -1 -0.3 Q 0 -0.5 1 -0.3 L 1 0.3 Q 0 0.5 -1 0.3 Z	1.0090	G1	0		38.13	4.0236	False	False	0	0.0	10.00	0.00
697	-1	4	Endothelial	218	877	4.4633	M -1 -0.3 Q 0 -0.5 1 -0.3 L 1 0.3 Q 0 0.5 -1 0.3 Z	0.6983	G1	0		35.92	3.2462	False	False	0	0.0	10.00	0.00
698	-1	4	Endothelial	234	933	2.1459	M -1 -0.3 Q 0 -0.5 1 -0.3 L 1 0.3 Q 0 0.5 -1 0.3 Z	0.7588	G1	0		37.54	4.3459	False	False	0	0.0	10.00	0.00
699	-1	4	Endothelial	225	908	3.3505	M -1 -0.3 Q 0 -0.5 1 -0.3 L 1 0.3 Q 0 0.5 -1 0.3 Z	1.0633	G1	0		38.06	4.2665	False	False	0	0.0	10.00	0.00
700	-1	4	Endothelial	233	915	0.0887	M -1 -0.3 Q 0 -0.5 1 -0.3 L 1 0.3 Q 0 0.5 -1 0.3 Z	1.1608	G1	0		37.44	4.2619	False	False	0	0.0	10.00	0.00
701	-1	4	Endothelial	245	931	0.2486	M -1 -0.3 Q 0 -0.5 1 -0.3 L 1 0.3 Q 0 0.5 -1 0.3 Z	0.9673	G1	0		37.55	4.3897	False	False	0	0.0	10.00	0.00
702	-1	4	Endothelial	252	944	1.7210	M -1 -0.3 Q 0 -0.5 1 -0.3 L 1 0.3 Q 0 0.5 -1 0.3 Z	0.6704	G1	0		37.36	4.3572	False	False	0	0.0	10.00	0.00
703	-1	4	Endothelial	209	969	1.2123	M -1 -0.3 Q 0 -0.5 1 -0.3 L 1 0.3 Q 0 0.5 -1 0.3 Z	0.9044	G1	0		36.98	4.1521	False	False	0	0.0	10.00	0.00
704	-1	4	Endothelial	375	20	2.1300	M -1 -0.3 Q 0 -0.5 1 -0.3 L 1 0.3 Q 0 0.5 -1 0.3 Z	1.0090	G1	0		38.20	4.7598	False	False	0	0.0	10.00	0.00
705	-1	4	Endothelial	375	32	0.1584	M -1 -0.3 Q 0 -0.5 1 -0.3 L 1 0.3 Q 0 0.5 -1 0.3 Z	1.0679	G1	0		38.42	4.5560	False	False	0	0.0	10.00	0.00
706	-1	4	Endothelial	385	45	6.2254	M -1 -0.3 Q 0 -0.5 1 -0.3 L 1 0.3 Q 0 0.5 -1 0.3 Z	1.0264	G1	0		37.50	4.4284	False	False	0	0.0	10.00	0.00
707	-1	4	Endothelial	375	56	3.3415	M -1 -0.3 Q 0 -0.5 1 -0.3 L 1 0.3 Q 0 0.5 -1 0.3 Z	0.9841	G1	0		38.32	4.3561	False	False	0	0.0	10.00	0.00
708	-1	4	Endothelial	375	68	4.8051	M -1 -0.3 Q 0 -0.5 1 -0.3 L 1 0.3 Q 0 0.5 -1 0.3 Z	1.0780	G1	0		38.09	4.3171	False	False	0	0.0	10.00	0.00
709	-1	4	Endothelial	375	92	2.7291	M -1 -0.3 Q 0 -0.5 1 -0.3 L 1 0.3 Q 0 0.5 -1 0.3 Z	1.0220	G1	0		37.94	4.0951	False	False	0	0.0	10.00	0.00
710	-1	4	Endothelial	375	104	1.9381	M -1 -0.3 Q 0 -0.5 1 -0.3 L 1 0.3 Q 0 0.5 -1 0.3 Z	1.1308	G1	0		38.12	3.9975	False	False	0	0.0	10.00	0.00
711	-1	4	Endothelial	421	80	6.2472	M -1 -0.3 Q 0 -0.5 1 -0.3 L 1 0.3 Q 0 0.5 -1 0.3 Z	0.6986	G1	0		36.84	3.6213	False	False	0	0.0	10.00	0.00
712	-1	4	Endothelial	406	152	4.1232	M -1 -0.3 Q 0 -0.5 1 -0.3 L 1 0.3 Q 0 0.5 -1 0.3 Z	0.7143	G1	0		33.48	1.7332	False	False	0	0.0	10.00	0.00
713	-1	4	Endothelial	392	125	5.0217	M -1 -0.3 Q 0 -0.5 1 -0.3 L 1 0.3 Q 0 0.5 -1 0.3 Z	0.9534	G1	0		37.24	3.8698	False	False	0	0.0	10.00	0.00
714	-1	4	Endothelial	388	187	0.6150	M -1 -0.3 Q 0 -0.5 1 -0.3 L 1 0.3 Q 0 0.5 -1 0.3 Z	0.8255	G1	0		36.79	3.3088	False	False	0	0.0	10.00	0.00
715	-1	4	Endothelial	367	170	0.2668	M -1 -0.3 Q 0 -0.5 1 -0.3 L 1 0.3 Q 0 0.5 -1 0.3 Z	1.0651	G1	0		37.33	3.6588	False	False	0	0.0	10.00	0.00
716	-1	4	Endothelial	358	185	2.4676	M -1 -0.3 Q 0 -0.5 1 -0.3 L 1 0.3 Q 0 0.5 -1 0.3 Z	1.0331	G1	0		37.05	3.5418	False	False	0	0.0	10.00	0.00
717	-1	4	Endothelial	375	188	1.6986	M -1 -0.3 Q 0 -0.5 1 -0.3 L 1 0.3 Q 0 0.5 -1 0.3 Z	1.0104	G1	0		37.65	3.5326	False	False	0	0.0	10.00	0.00
718	-1	4	Endothelial	367	194	2.0597	M -1 -0.3 Q 0 -0.5 1 -0.3 L 1 0.3 Q 0 0.5 -1 0.3 Z	1.1288	G1	0		37.03	3.4783	False	False	0	0.0	10.00	0.00
719	-1	4	Endothelial	356	215	1.6171	M -1 -0.3 Q 0 -0.5 1 -0.3 L 1 0.3 Q 0 0.5 -1 0.3 Z	0.8651	G1	0		36.88	3.3401	False	False	0	0.0	10.00	0.00
720	-1	4	Endothelial	365	238	2.2112	M -1 -0.3 Q 0 -0.5 1 -0.3 L 1 0.3 Q 0 0.5 -1 0.3 Z	1.0322	G1	0		36.55	3.0441	False	False	0	0.0	10.00	0.00
721	-1	4	Endothelial	375	248	5.1768	M -1 -0.3 Q 0 -0.5 1 -0.3 L 1 0.3 Q 0 0.5 -1 0.3 Z	1.0704	G1	0		37.50	3.2565	False	False	0	0.0	10.00	0.00
722	-1	4	Endothelial	375	260	4.9306	M -1 -0.3 Q 0 -0.5 1 -0.3 L 1 0.3 Q 0 0.5 -1 0.3 Z	1.3896	G1	0		37.35	3.2385	False	False	0	0.0	10.00	0.00
723	-1	4	Endothelial	375	272	0.8929	M -1 -0.3 Q 0 -0.5 1 -0.3 L 1 0.3 Q 0 0.5 -1 0.3 Z	0.8669	G1	0		37.48	3.0119	False	False	0	0.0	10.00	0.00
724	-1	4	Endothelial	375	284	5.1411	M -1 -0.3 Q 0 -0.5 1 -0.3 L 1 0.3 Q 0 0.5 -1 0.3 Z	1.1411	G1	0		37.58	3.0568	False	False	0	0.0	10.00	0.00
725	-1	4	Endothelial	375	296	5.8408	M -1 -0.3 Q 0 -0.5 1 -0.3 L 1 0.3 Q 0 0.5 -1 0.3 Z	0.9842	G1	0		37.57	3.0319	False	False	0	0.0	10.00	0.00
726	-1	4	Endothelial	375	308	4.5304	M -1 -0.3 Q 0 -0.5 1 -0.3 L 1 0.3 Q 0 0.5 -1 0.3 Z	1.0657	G1	0		37.31	2.9956	False	False	0	0.0	10.00	0.00
727	-1	4	Endothelial	391	328	5.1265	M -1 -0.3 Q 0 -0.5 1 -0.3 L 1 0.3 Q 0 0.5 -1 0.3 Z	0.8429	G1	0		36.40	2.7258	False	False	0	0.0	10.00	0.00
728	-1	4	Endothelial	375	332	1.6246	M -1 -0.3 Q 0 -0.5 1 -0.3 L 1 0.3 Q 0 0.5 -1 0.3 Z	1.0212	G1	0		37.54	2.9437	False	False	0	0.0	10.00	0.00
729	-1	4	Endothelial	395	340	5.8877	M -1 -0.3 Q 0 -0.5 1 -0.3 L 1 0.3 Q 0 0.5 -1 0.3 Z	0.8589	G1	0		36.73	2.9245	False	False	0	0.0	10.00	0.00
730	-1	4	Endothelial	372	347	2.0311	M -1 -0.3 Q 0 -0.5 1 -0.3 L 1 0.3 Q 0 0.5 -1 0.3 Z	1.1002	G1	0		36.64	2.6116	False	False	0	0.0	10.00	0.00
731	-1	4	Endothelial	380	376	2.7813	M -1 -0.3 Q 0 -0.5 1 -0.3 L 1 0.3 Q 0 0.5 -1 0.3 Z	1.1129	G1	0		36.97	2.8106	False	False	0	0.0	10.00	0.00
732	-1	4	Endothelial	355	389	6.2817	M -1 -0.3 Q 0 -0.5 1 -0.3 L 1 0.3 Q 0 0.5 -1 0.3 Z	0.8427	G1	0		36.68	2.8809	False	False	0	0.0	10.00	0.00
733	-1	4	Endothelial	372	385	3.0309	M -1 -0.3 Q 0 -0.5 1 -0.3 L 1 0.3 Q 0 0.5 -1 0.3 Z	1.2169	G1	0		36.64	2.8349	False	False	0	0.0	10.00	0.00
734	-1	4	Endothelial	375	416	0.7164	M -1 -0.3 Q 0 -0.5 1 -0.3 L 1 0.3 Q 0 0.5 -1 0.3 Z	1.2079	G1	0		37.45	2.7896	False	False	0	0.0	10.00	0.00
735	-1	4	Endothelial	376	438	1.9774	M -1 -0.3 Q 0 -0.5 1 -0.3 L 1 0.3 Q 0 0.5 -1 0.3 Z	0.8769	G1	0		36.75	2.7249	False	False	0	0.0	10.00	0.00
736	-1	4	Endothelial	382	447	2.6148	M -1 -0.3 Q 0 -0.5 1 -0.3 L 1 0.3 Q 0 0.5 -1 0.3 Z	0.8204	G1	0		35.19	1.9189	False	False	0	0.0	10.00	0.00
737	-1	4	Endothelial	375	452	1.5916	M -1 -0.3 Q 0 -0.5 1 -0.3 L 1 0.3 Q 0 0.5 -1 0.3 Z	1.0558	G1	0		37.48	2.7921	False	False	0	0.0	10.00	0.00
738	-1	4	Endothelial	367	457	0.2435	M -1 -0.3 Q 0 -0.5 1 -0.3 L 1 0.3 Q 0 0.5 -1 0.3 Z	1.0846	G1	0		36.74	2.7432	False	False	0	0.0	10.00	0.00
739	-1	4	Endothelial	375	476	4.1184	M -1 -0.3 Q 0 -0.5 1 -0.3 L 1 0.3 Q 0 0.5 -1 0.3 Z	1.3535	G1	0		37.42	2.7415	False	False	0	0.0	10.00	0.00
740	-1	4	Endothelial	383	482	4.7031	M -1 -0.3 Q 0 -0.5 1 -0.3 L 1 0.3 Q 0 0.5 -1 0.3 Z	0.8329	G1	0		36.43	2.5121	False	False	0	0.0	10.00	0.00
741	-1	4	Endothelial	351	530	2.0116	M -1 -0.3 Q 0 -0.5 1 -0.3 L 1 0.3 Q 0 0.5 -1 0.3 Z	0.9797	G1	0		36.94	2.7387	False	False	0	0.0	10.00	0.00
742	-1	4	Endothelial	375	512	1.8653	M -1 -0.3 Q 0 -0.5 1 -0.3 L 1 0.3 Q 0 0.5 -1 0.3 Z	1.0915	G1	0		37.39	2.7258	False	False	0	0.0	10.00	0.00
743	-1	4	Endothelial	369	544	1.5994	M -1 -0.3 Q 0 -0.5 1 -0.3 L 1 0.3 Q 0 0.5 -1 0.3 Z	0.8335	G1	0		36.89	2.7391	False	False	0	0.0	10.00	0.00
744	-1	4	Endothelial	375	548	1.6455	M -1 -0.3 Q 0 -0.5 1 -0.3 L 1 0.3 Q 0 0.5 -1 0.3 Z	0.6906	G1	0		37.22	2.7855	False	False	0	0.0	10.00	0.00
745	-1	4	Endothelial	367	554	2.1701	M -1 -0.3 Q 0 -0.5 1 -0.3 L 1 0.3 Q 0 0.5 -1 0.3 Z	0.9641	G1	0		36.58	2.7437	False	False	0	0.0	10.00	0.00
746	-1	4	Endothelial	385	548	2.3805	M -1 -0.3 Q 0 -0.5 1 -0.3 L 1 0.3 Q 0 0.5 -1 0.3 Z	0.9705	G1	0		36.57	2.7270	False	False	0	0.0	10.00	0.00
747	-1	4	Endothelial	385	583	3.2797	M -1 -0.3 Q 0 -0.5 1 -0.3 L 1 0.3 Q 0 0.5 -1 0.3 Z	1.1801	G1	0		36.32	2.5767	False	False	0	0.0	10.00	0.00
748	-1	4	Endothelial	365	599	0.3689	M -1 -0.3 Q 0 -0.5 1 -0.3 L 1 0.3 Q 0 0.5 -1 0.3 Z	1.0729	G1	0		36.41	2.6751	False	False	0	0.0	10.00	0.00
749	-1	4	Endothelial	375	608	6.1997	M -1 -0.3 Q 0 -0.5 1 -0.3 L 1 0.3 Q 0 0.5 -1 0.3 Z	1.1317	G1	0		37.16	2.7865	False	False	0	0.0	10.00	0.00
750	-1	4	Endothelial	375	620	3.5312	M -1 -0.3 Q 0 -0.5 1 -0.3 L 1 0.3 Q 0 0.5 -1 0.3 Z	1.2964	G1	0		36.99	2.7953	False	False	0	0.0	10.00	0.00
751	-1	4	Endothelial	375	632	3.1898	M -1 -0.3 Q 0 -0.5 1 -0.3 L 1 0.3 Q 0 0.5 -1 0.3 Z	1.0019	G1	0		37.46	2.8434	False	False	0	0.0	10.00	0.00
752	-1	4	Endothelial	375	644	3.9518	M -1 -0.3 Q 0 -0.5 1 -0.3 L 1 0.3 Q 0 0.5 -1 0.3 Z	0.7524	G1	0		37.47	2.8690	False	False	0	0.0	10.00	0.00
753	-1	4	Endothelial	389	642	5.2933	M -1 -0.3 Q 0 -0.5 1 -0.3 L 1 0.3 Q 0 0.5 -1 0.3 Z	1.0143	G1	0		35.90	2.4114	False	False	0	0.0	10.00	0.00
754	-1	4	Endothelial	375	668	3.4946	M -1 -0.3 Q 0 -0.5 1 -0.3 L 1 0.3 Q 0 0.5 -1 0.3 Z	1.0390	G1	0		37.33	2.9747	False	False	0	0.0	10.00	0.00
755	-1	4	Endothelial	375	692	4.0740	M -1 -0.3 Q 0 -0.5 1 -0.3 L 1 0.3 Q 0 0.5 -1 0.3 Z	1.3643	G1	0		37.36	3.0384	False	False	0	0.0	10.00	0.00
756	-1	4	Endothelial	369	696	2.1301	M -1 -0.3 Q 0 -0.5 1 -0.3 L 1 0.3 Q 0 0.5 -1 0.3 Z	0.8204	G1	0		36.40	2.5727	False	False	0	0.0	10.00	0.00
757	-1	4	Endothelial	404	690	0.5880	M -1 -0.3 Q 0 -0.5 1 -0.3 L 1 0.3 Q 0 0.5 -1 0.3 Z	0.8461	G1	0		36.87	3.0008	False	False	0	0.0	10.00	0.00
758	-1	4	Endothelial	375	728	1.2553	M -1 -0.3 Q 0 -0.5 1 -0.3 L 1 0.3 Q 0 0.5 -1 0.3 Z	0.9850	G1	0		37.43	3.1525	False	False	0	0.0	10.00	0.00
759	-1	4	Endothelial	375	740	4.4497	M -1 -0.3 Q 0 -0.5 1 -0.3 L 1 0.3 Q 0 0.5 -1 0.3 Z	1.2049	G1	0		37.33	3.2265	False	False	0	0.0	10.00	0.00
760	-1	4	Endothelial	390	740	1.8795	M -1 -0.3 Q 0 -0.5 1 -0.3 L 1 0.3 Q 0 0.5 -1 0.3 Z	1.1571	G1	0		35.66	2.6043	False	False	0	0.0	10.00	0.00
761	-1	4	Endothelial	400	777	0.2713	M -1 -0.3 Q 0 -0.5 1 -0.3 L 1 0.3 Q 0 0.5 -1 0.3 Z	0.7363	G1	0		36.81	3.2291	False	False	0	0.0	10.00	0.00
762	-1	4	Endothelial	369	768	5.9619	M -1 -0.3 Q 0 -0.5 1 -0.3 L 1 0.3 Q 0 0.5 -1 0.3 Z	1.1943	G1	0		37.08	3.1921	False	False	0	0.0	10.00	0.00
763	-1	4	Endothelial	365	806	3.0539	M -1 -0.3 Q 0 -0.5 1 -0.3 L 1 0.3 Q 0 0.5 -1 0.3 Z	1.1125	G1	0		36.95	3.4386	False	False	0	0.0	10.00	0.00
764	-1	4	Endothelial	355	801	3.2780	M -1 -0.3 Q 0 -0.5 1 -0.3 L 1 0.3 Q 0 0.5 -1 0.3 Z	0.8029	G1	0		37.03	3.4853	False	False	0	0.0	10.00	0.00
765	-1	4	Endothelial	385	814	5.6431	M -1 -0.3 Q 0 -0.5 1 -0.3 L 1 0.3 Q 0 0.5 -1 0.3 Z	1.1808	G1	0		36.96	3.4578	False	False	0	0.0	10.00	0.00
766	-1	4	Endothelial	383	843	2.4170	M -1 -0.3 Q 0 -0.5 1 -0.3 L 1 0.3 Q 0 0.5 -1 0.3 Z	0.8692	G1	0		36.86	3.3846	False	False	0	0.0	10.00	0.00
767	-1	4	Endothelial	375	848	1.8062	M -1 -0.3 Q 0 -0.5 1 -0.3 L 1 0.3 Q 0 0.5 -1 0.3 Z	1.0796	G1	0		37.75	3.7223	False	False	0	0.0	10.00	0.00
768	-1	4	Endothelial	394	866	3.1183	M -1 -0.3 Q 0 -0.5 1 -0.3 L 1 0.3 Q 0 0.5 -1 0.3 Z	0.9643	G1	0		36.88	3.6349	False	False	0	0.0	10.00	0.00
769	-1	4	Endothelial	365	872	0.4208	M -1 -0.3 Q 0 -0.5 1 -0.3 L 1 0.3 Q 0 0.5 -1 0.3 Z	1.0694	G1	0		37.22	3.8572	False	False	0	0.0	10.00	0.00
770	-1	4	Endothelial	375	884	1.6508	M -1 -0.3 Q 0 -0.5 1 -0.3 L 1 0.3 Q 0 0.5 -1 0.3 Z	1.1514	G1	0		37.90	3.7832	False	False	0	0.0	10.00	0.00
771	-1	4	Endothelial	344	873	1.2448	M -1 -0.3 Q 0 -0.5 1 -0.3 L 1 0.3 Q 0 0.5 -1 0.3 Z	0.7870	G1	0		37.69	3.8732	False	False	0	0.0	10.00	0.00
772	-1	4	Endothelial	345	911	3.6470	M -1 -0.3 Q 0 -0.5 1 -0.3 L 1 0.3 Q 0 0.5 -1 0.3 Z	0.6693	G1	0		36.03	3.5264	False	False	0	0.0	10.00	0.00
773	-1	4	Endothelial	375	920	0.8707	M -1 -0.3 Q 0 -0.5 1 -0.3 L 1 0.3 Q 0 0.5 -1 0.3 Z	1.1842	G1	0		37.90	4.2412	False	False	0	0.0	10.00	0.00
774	-1	4	Endothelial	375	932	5.4553	M -1 -0.3 Q 0 -0.5 1 -0.3 L 1 0.3 Q 0 0.5 -1 0.3 Z	1.0605	G1	0		38.24	4.2454	False	False	0	0.0	10.00	0.00
775	-1	4	Endothelial	375	944	0.4344	M -1 -0.3 Q 0 -0.5 1 -0.3 L 1 0.3 Q 0 0.5 -1 0.3 Z	1.1618	G1	0		38.30	4.3430	False	False	0	0.0	10.00	0.00
776	-1	4	Endothelial	375	956	4.5734	M -1 -0.3 Q 0 -0.5 1 -0.3 L 1 0.3 Q 0 0.5 -1 0.3 Z	1.1902	G1	0		38.21	4.3312	False	False	0	0.0	10.00	0.00
777	-1	4	Endothelial	384	964	0.4172	M -1 -0.3 Q 0 -0.5 1 -0.3 L 1 0.3 Q 0 0.5 -1 0.3 Z	1.1942	G1	0		37.67	4.5395	False	False	0	0.0	10.00	0.00
778	-1	4	Endothelial	545	24	0.5588	M -1 -0.3 Q 0 -0.5 1 -0.3 L 1 0.3 Q 0 0.5 -1 0.3 Z	0.8750	G1	0		37.62	4.6290	False	False	0	0.0	10.00	0.00
779	-1	4	Endothelial	525	32	5.3635	M -1 -0.3 Q 0 -0.5 1 -0.3 L 1 0.3 Q 0 0.5 -1 0.3 Z	0.9183	G1	0		38.50	4.6020	False	False	0	0.0	10.00	0.00
780	-1	4	Endothelial	535	41	2.6782	M -1 -0.3 Q 0 -0.5 1 -0.3 L 1 0.3 Q 0 0.5 -1 0.3 Z	0.9276	G1	0		37.78	4.4570	False	False	0	0.0	10.00	0.00
781	-1	4	Endothelial	534	59	3.1457	M -1 -0.3 Q 0 -0.5 1 -0.3 L 1 0.3 Q 0 0.5 -1 0.3 Z	1.3226	G1	0		37.96	4.3902	False	False	0	0.0	10.00	0.00
782	-1	4	Endothelial	525	92	5.2195	M -1 -0.3 Q 0 -0.5 1 -0.3 L 1 0.3 Q 0 0.5 -1 0.3 Z	1.0436	G1	0		37.88	4.0353	False	False	0	0.0	10.00	0.00
783	-1	4	Endothelial	525	104	5.5690	M -1 -0.3 Q 0 -0.5 1 -0.3 L 1 0.3 Q 0 0.5 -1 0.3 Z	1.2281	G1	0		38.09	3.9505	False	False	0	0.0	10.00	0.00
784	-1	4	Endothelial	525	116	1.6545	M -1 -0.3 Q 0 -0.5 1 -0.3 L 1 0.3 Q 0 0.5 -1 0.3 Z	1.0611	G1	0		38.04	3.8619	False	False	0	0.0	10.00	0.00
785	-1	4	Endothelial	525	128	3.2763	M -1 -0.3 Q 0 -0.5 1 -0.3 L 1 0.3 Q 0 0.5 -1 0.3 Z	1.3724	G1	0		37.82	3.8279	False	False	0	0.0	10.00	0.00
786	-1	4	Endothelial	525	140	1.9194	M -1 -0.3 Q 0 -0.5 1 -0.3 L 1 0.3 Q 0 0.5 -1 0.3 Z	1.2096	G1	0		37.65	3.7806	False	False	0	0.0	10.00	0.00
787	-1	4	Endothelial	580	130	0.9421	M -1 -0.3 Q 0 -0.5 1 -0.3 L 1 0.3 Q 0 0.5 -1 0.3 Z	0.6028	G1	0		36.81	3.5541	False	False	0	0.0	10.00	0.00
788	-1	4	Endothelial	533	149	0.8406	M -1 -0.3 Q 0 -0.5 1 -0.3 L 1 0.3 Q 0 0.5 -1 0.3 Z	1.2450	G1	0		37.30	3.6761	False	False	0	0.0	10.00	0.00
789	-1	4	Endothelial	553	205	1.4925	M -1 -0.3 Q 0 -0.5 1 -0.3 L 1 0.3 Q 0 0.5 -1 0.3 Z	0.8496	G1	0		36.91	3.3310	False	False	0	0.0	10.00	0.00
790	-1	4	Endothelial	522	158	0.2969	M -1 -0.3 Q 0 -0.5 1 -0.3 L 1 0.3 Q 0 0.5 -1 0.3 Z	0.9944	G1	0		37.50	3.5372	False	False	0	0.0	10.00	0.00
791	-1	4	Endothelial	520	181	0.2820	M -1 -0.3 Q 0 -0.5 1 -0.3 L 1 0.3 Q 0 0.5 -1 0.3 Z	1.4612	G1	0		37.45	3.4894	False	False	0	0.0	10.00	0.00
792	-1	4	Endothelial	525	212	3.7205	M -1 -0.3 Q 0 -0.5 1 -0.3 L 1 0.3 Q 0 0.5 -1 0.3 Z	1.1407	G1	0		37.81	3.3524	False	False	0	0.0	10.00	0.00
793	-1	4	Endothelial	510	212	0.0687	M -1 -0.3 Q 0 -0.5 1 -0.3 L 1 0.3 Q 0 0.5 -1 0.3 Z	0.6575	G1	0		37.60	3.2517	False	False	0	0.0	10.00	0.00
794	-1	4	Endothelial	548	266	1.6187	M -1 -0.3 Q 0 -0.5 1 -0.3 L 1 0.3 Q 0 0.5 -1 0.3 Z	0.8384	G1	0		37.20	3.0935	False	False	0	0.0	10.00	0.00
795	-1	4	Endothelial	519	252	3.4888	M -1 -0.3 Q 0 -0.5 1 -0.3 L 1 0.3 Q 0 0.5 -1 0.3 Z	1.2503	G1	0		37.12	3.1935	False	False	0	0.0	10.00	0.00
796	-1	4	Endothelial	535	255	4.7317	M -1 -0.3 Q 0 -0.5 1 -0.3 L 1 0.3 Q 0 0.5 -1 0.3 Z	1.1036	G1	0		37.39	3.0924	False	False	0	0.0	10.00	0.00
797	-1	4	Endothelial	499	296	1.5536	M -1 -0.3 Q 0 -0.5 1 -0.3 L 1 0.3 Q 0 0.5 -1 0.3 Z	0.8025	G1	0		37.14	2.9944	False	False	0	0.0	10.00	0.00
798	-1	4	Endothelial	545	293	2.0721	M -1 -0.3 Q 0 -0.5 1 -0.3 L 1 0.3 Q 0 0.5 -1 0.3 Z	1.0540	G1	0		36.65	2.9188	False	False	0	0.0	10.00	0.00
799	-1	4	Endothelial	525	308	6.1235	M -1 -0.3 Q 0 -0.5 1 -0.3 L 1 0.3 Q 0 0.5 -1 0.3 Z	1.2617	G1	0		37.32	2.9508	False	False	0	0.0	10.00	0.00
800	-1	4	Endothelial	525	320	3.0606	M -1 -0.3 Q 0 -0.5 1 -0.3 L 1 0.3 Q 0 0.5 -1 0.3 Z	1.0801	G1	0		37.17	2.9429	False	False	0	0.0	10.00	0.00
801	-1	4	Endothelial	535	335	3.3152	M -1 -0.3 Q 0 -0.5 1 -0.3 L 1 0.3 Q 0 0.5 -1 0.3 Z	1.1866	G1	0		36.55	2.7774	False	False	0	0.0	10.00	0.00
802	-1	4	Endothelial	523	364	0.7781	M -1 -0.3 Q 0 -0.5 1 -0.3 L 1 0.3 Q 0 0.5 -1 0.3 Z	1.1315	G1	0		37.38	2.8105	False	False	0	0.0	10.00	0.00
803	-1	4	Endothelial	540	342	0.6091	M -1 -0.3 Q 0 -0.5 1 -0.3 L 1 0.3 Q 0 0.5 -1 0.3 Z	0.9809	G1	0		36.69	2.8616	False	False	0	0.0	10.00	0.00
804	-1	4	Endothelial	536	354	0.4312	M -1 -0.3 Q 0 -0.5 1 -0.3 L 1 0.3 Q 0 0.5 -1 0.3 Z	0.5935	G1	0		36.61	2.7619	False	False	0	0.0	10.00	0.00
805	-1	4	Endothelial	550	387	4.7586	M -1 -0.3 Q 0 -0.5 1 -0.3 L 1 0.3 Q 0 0.5 -1 0.3 Z	1.0071	G1	0		36.73	2.7904	False	False	0	0.0	10.00	0.00
806	-1	4	Endothelial	525	416	3.6831	M -1 -0.3 Q 0 -0.5 1 -0.3 L 1 0.3 Q 0 0.5 -1 0.3 Z	1.1317	G1	0		37.38	2.6786	False	False	0	0.0	10.00	0.00
807	-1	4	Endothelial	509	417	6.0128	M -1 -0.3 Q 0 -0.5 1 -0.3 L 1 0.3 Q 0 0.5 -1 0.3 Z	1.1140	G1	0		36.46	2.6085	False	False	0	0.0	10.00	0.00
808	-1	4	Endothelial	533	434	2.7466	M -1 -0.3 Q 0 -0.5 1 -0.3 L 1 0.3 Q 0 0.5 -1 0.3 Z	1.1114	G1	0		36.53	2.6371	False	False	0	0.0	10.00	0.00
809	-1	4	Endothelial	559	486	1.0078	M -1 -0.3 Q 0 -0.5 1 -0.3 L 1 0.3 Q 0 0.5 -1 0.3 Z	0.6732	G1	0		36.37	2.5472	False	False	0	0.0	10.00	0.00
810	-1	4	Endothelial	519	456	3.0246	M -1 -0.3 Q 0 -0.5 1 -0.3 L 1 0.3 Q 0 0.5 -1 0.3 Z	1.0515	G1	0		35.29	1.8549	False	False	0	0.0	10.00	0.00
811	-1	4	Endothelial	515	473	2.5401	M -1 -0.3 Q 0 -0.5 1 -0.3 L 1 0.3 Q 0 0.5 -1 0.3 Z	0.9263	G1	0		36.47	2.5797	False	False	0	0.0	10.00	0.00
812	-1	4	Endothelial	526	478	4.1302	M -1 -0.3 Q 0 -0.5 1 -0.3 L 1 0.3 Q 0 0.5 -1 0.3 Z	1.0981	G1	0		37.12	2.5627	False	False	0	0.0	10.00	0.00
813	-1	4	Endothelial	525	500	4.9652	M -1 -0.3 Q 0 -0.5 1 -0.3 L 1 0.3 Q 0 0.5 -1 0.3 Z	1.0469	G1	0		36.72	2.4753	False	False	0	0.0	10.00	0.00
814	-1	4	Endothelial	525	512	3.8088	M -1 -0.3 Q 0 -0.5 1 -0.3 L 1 0.3 Q 0 0.5 -1 0.3 Z	1.0960	G1	0		37.15	2.4862	False	False	0	0.0	10.00	0.00
815	-1	4	Endothelial	545	531	3.3138	M -1 -0.3 Q 0 -0.5 1 -0.3 L 1 0.3 Q 0 0.5 -1 0.3 Z	1.0485	G1	0		36.67	2.6126	False	False	0	0.0	10.00	0.00
816	-1	4	Endothelial	498	540	0.5681	M -1 -0.3 Q 0 -0.5 1 -0.3 L 1 0.3 Q 0 0.5 -1 0.3 Z	0.9107	G1	0		35.74	2.1008	False	False	0	0.0	10.00	0.00
817	-1	4	Endothelial	513	532	4.6120	M -1 -0.3 Q 0 -0.5 1 -0.3 L 1 0.3 Q 0 0.5 -1 0.3 Z	0.7162	G1	0		37.15	2.7067	False	False	0	0.0	10.00	0.00
818	-1	4	Endothelial	526	582	3.7156	M -1 -0.3 Q 0 -0.5 1 -0.3 L 1 0.3 Q 0 0.5 -1 0.3 Z	1.2261	G1	0		37.36	2.7206	False	False	0	0.0	10.00	0.00
819	-1	4	Endothelial	506	579	5.4294	M -1 -0.3 Q 0 -0.5 1 -0.3 L 1 0.3 Q 0 0.5 -1 0.3 Z	1.1027	G1	0		35.49	2.1360	False	False	0	0.0	10.00	0.00
820	-1	4	Endothelial	525	596	2.3137	M -1 -0.3 Q 0 -0.5 1 -0.3 L 1 0.3 Q 0 0.5 -1 0.3 Z	0.9532	G1	0		37.37	2.6756	False	False	0	0.0	10.00	0.00
821	-1	4	Endothelial	510	620	1.2128	M -1 -0.3 Q 0 -0.5 1 -0.3 L 1 0.3 Q 0 0.5 -1 0.3 Z	1.0168	G1	0		35.60	2.1882	False	False	0	0.0	10.00	0.00
822	-1	4	Endothelial	561	633	3.1740	M -1 -0.3 Q 0 -0.5 1 -0.3 L 1 0.3 Q 0 0.5 -1 0.3 Z	0.9039	G1	0		36.95	2.8069	False	False	0	0.0	10.00	0.00
823	-1	4	Endothelial	520	604	2.1256	M -1 -0.3 Q 0 -0.5 1 -0.3 L 1 0.3 Q 0 0.5 -1 0.3 Z	0.7463	G1	0		36.99	2.7071	False	False	0	0.0	10.00	0.00
824	-1	4	Endothelial	534	626	4.8538	M -1 -0.3 Q 0 -0.5 1 -0.3 L 1 0.3 Q 0 0.5 -1 0.3 Z	1.0171	G1	0		36.63	2.7185	False	False	0	0.0	10.00	0.00
825	-1	4	Endothelial	545	657	2.5267	M -1 -0.3 Q 0 -0.5 1 -0.3 L 1 0.3 Q 0 0.5 -1 0.3 Z	0.8361	G1	0		36.53	2.7561	False	False	0	0.0	10.00	0.00
826	-1	4	Endothelial	508	702	5.5522	M -1 -0.3 Q 0 -0.5 1 -0.3 L 1 0.3 Q 0 0.5 -1 0.3 Z	0.9784	G1	0		36.48	2.8373	False	False	0	0.0	10.00	0.00
827	-1	4	Endothelial	533	698	1.3304	M -1 -0.3 Q 0 -0.5 1 -0.3 L 1 0.3 Q 0 0.5 -1 0.3 Z	0.8381	G1	0		36.77	2.8690	False	False	0	0.0	10.00	0.00
828	-1	4	Endothelial	525	716	0.2129	M -1 -0.3 Q 0 -0.5 1 -0.3 L 1 0.3 Q 0 0.5 -1 0.3 Z	1.4339	G1	0		37.53	2.9738	False	False	0	0.0	10.00	0.00
829	-1	4	Endothelial	524	738	5.2097	M -1 -0.3 Q 0 -0.5 1 -0.3 L 1 0.3 Q 0 0.5 -1 0.3 Z	1.1282	G1	0		37.38	3.0643	False	False	0	0.0	10.00	0.00
830	-1	4	Endothelial	535	741	5.9084	M -1 -0.3 Q 0 -0.5 1 -0.3 L 1 0.3 Q 0 0.5 -1 0.3 Z	0.9328	G1	0		36.81	3.1055	False	False	0	0.0	10.00	0.00
831	-1	4	Endothelial	497	760	4.0358	M -1 -0.3 Q 0 -0.5 1 -0.3 L 1 0.3 Q 0 0.5 -1 0.3 Z	0.9316	G1	0		35.81	2.6048	False	False	0	0.0	10.00	0.00
832	-1	4	Endothelial	567	782	0.7505	M -1 -0.3 Q 0 -0.5 1 -0.3 L 1 0.3 Q 0 0.5 -1 0.3 Z	0.8992	G1	0		35.93	2.7731	False	False	0	0.0	10.00	0.00
833	-1	4	Endothelial	536	802	5.2568	M -1 -0.3 Q 0 -0.5 1 -0.3 L 1 0.3 Q 0 0.5 -1 0.3 Z	0.7901	G1	0		36.46	3.0882	False	False	0	0.0	10.00	0.00
834	-1	4	Endothelial	533	815	3.4470	M -1 -0.3 Q 0 -0.5 1 -0.3 L 1 0.3 Q 0 0.5 -1 0.3 Z	0.8019	G1	0		37.08	3.4014	False	False	0	0.0	10.00	0.00
835	-1	4	Endothelial	479	802	3.5394	M -1 -0.3 Q 0 -0.5 1 -0.3 L 1 0.3 Q 0 0.5 -1 0.3 Z	0.9266	G1	0		35.08	2.4313	False	False	0	0.0	10.00	0.00
836	-1	4	Endothelial	525	812	5.7316	M -1 -0.3 Q 0 -0.5 1 -0.3 L 1 0.3 Q 0 0.5 -1 0.3 Z	1.0027	G1	0		37.87	3.4725	False	False	0	0.0	10.00	0.00
837	-1	4	Endothelial	533	831	5.6705	M -1 -0.3 Q 0 -0.5 1 -0.3 L 1 0.3 Q 0 0.5 -1 0.3 Z	1.0546	G1	0		37.53	3.5845	False	False	0	0.0	10.00	0.00
838	-1	4	Endothelial	525	848	3.8965	M -1 -0.3 Q 0 -0.5 1 -0.3 L 1 0.3 Q 0 0.5 -1 0.3 Z	1.0061	G1	0		37.51	3.5318	False	False	0	0.0	10.00	0.00
839	-1	4	Endothelial	536	877	0.1036	M -1 -0.3 Q 0 -0.5 1 -0.3 L 1 0.3 Q 0 0.5 -1 0.3 Z	1.1270	G1	0		37.21	3.8372	False	False	0	0.0	10.00	0.00
840	-1	4	Endothelial	518	880	4.9101	M -1 -0.3 Q 0 -0.5 1 -0.3 L 1 0.3 Q 0 0.5 -1 0.3 Z	0.8531	G1	0		37.52	3.8866	False	False	0	0.0	10.00	0.00
841	-1	4	Endothelial	525	884	3.2028	M -1 -0.3 Q 0 -0.5 1 -0.3 L 1 0.3 Q 0 0.5 -1 0.3 Z	0.9833	G1	0		37.88	3.7454	False	False	0	0.0	10.00	0.00
842	-1	4	Endothelial	525	896	2.1345	M -1 -0.3 Q 0 -0.5 1 -0.3 L 1 0.3 Q 0 0.5 -1 0.3 Z	1.1413	G1	0		38.08	3.9442	False	False	0	0.0	10.00	0.00
843	-1	4	Endothelial	525	908	2.3579	M -1 -0.3 Q 0 -0.5 1 -0.3 L 1 0.3 Q 0 0.5 -1 0.3 Z	1.0383	G1	0		37.95	4.0873	False	False	0	0.0	10.00	0.00
844	-1	4	Endothelial	525	920	2.0085	M -1 -0.3 Q 0 -0.5 1 -0.3 L 1 0.3 Q 0 0.5 -1 0.3 Z	0.8830	G1	0		37.89	4.2169	False	False	0	0.0	10.00	0.00
845	-1	4	Endothelial	525	932	3.1371	M -1 -0.3 Q 0 -0.5 1 -0.3 L 1 0.3 Q 0 0.5 -1 0.3 Z	1.1818	G1	0		38.10	4.1232	False	False	0	0.0	10.00	0.00
846	-1	4	Endothelial	504	910	1.7921	M -1 -0.3 Q 0 -0.5 1 -0.3 L 1 0.3 Q 0 0.5 -1 0.3 Z	0.6346	G1	0		37.57	4.0424	False	False	0	0.0	10.00	0.00
847	-1	4	Endothelial	516	952	1.6486	M -1 -0.3 Q 0 -0.5 1 -0.3 L 1 0.3 Q 0 0.5 -1 0.3 Z	1.0922	G1	0		37.66	4.4585	False	False	0	0.0	10.00	0.00
848	-1	4	Endothelial	679	11	3.8809	M -1 -0.3 Q 0 -0.5 1 -0.3 L 1 0.3 Q 0 0.5 -1 0.3 Z	1.0807	G1	0		38.20	4.7647	False	False	0	0.0	10.00	0.00
849	-1	4	Endothelial	666	27	3.2457	M -1 -0.3 Q 0 -0.5 1 -0.3 L 1 0.3 Q 0 0.5 -1 0.3 Z	1.2536	G1	0		37.18	4.3582	False	False	0	0.0	10.00	0.00
850	-1	4	Endothelial	678	53	0.2592	M -1 -0.3 Q 0 -0.5 1 -0.3 L 1 0.3 Q 0 0.5 -1 0.3 Z	0.9488	G1	0		38.04	4.3693	False	False	0	0.0	10.00	0.00
851	-1	4	Endothelial	684	61	6.2553	M -1 -0.3 Q 0 -0.5 1 -0.3 L 1 0.3 Q 0 0.5 -1 0.3 Z	1.0360	G1	0		37.63	4.3956	False	False	0	0.0	10.00	0.00
852	-1	4	Endothelial	675	68	4.7187	M -1 -0.3 Q 0 -0.5 1 -0.3 L 1 0.3 Q 0 0.5 -1 0.3 Z	0.9022	G1	0		38.10	4.3353	False	False	0	0.0	10.00	0.00
853	-1	4	Endothelial	674	82	3.8950	M -1 -0.3 Q 0 -0.5 1 -0.3 L 1 0.3 Q 0 0.5 -1 0.3 Z	1.0925	G1	0		37.46	4.2183	False	False	0	0.0	10.00	0.00
854	-1	4	Endothelial	675	104	0.7684	M -1 -0.3 Q 0 -0.5 1 -0.3 L 1 0.3 Q 0 0.5 -1 0.3 Z	1.2970	G1	0		38.01	3.9445	False	False	0	0.0	10.00	0.00
855	-1	4	Endothelial	675	116	5.2540	M -1 -0.3 Q 0 -0.5 1 -0.3 L 1 0.3 Q 0 0.5 -1 0.3 Z	0.9644	G1	0		38.09	3.9507	False	False	0	0.0	10.00	0.00
856	-1	4	Endothelial	656	125	0.0245	M -1 -0.3 Q 0 -0.5 1 -0.3 L 1 0.3 Q 0 0.5 -1 0.3 Z	1.1137	G1	0		37.19	3.8606	False	False	0	0.0	10.00	0.00
857	-1	4	Endothelial	666	145	1.0430	M -1 -0.3 Q 0 -0.5 1 -0.3 L 1 0.3 Q 0 0.5 -1 0.3 Z	1.1804	G1	0		37.21	3.7500	False	False	0	0.0	10.00	0.00
858	-1	4	Endothelial	683	146	4.8234	M -1 -0.3 Q 0 -0.5 1 -0.3 L 1 0.3 Q 0 0.5 -1 0.3 Z	1.0904	G1	0		37.27	3.7410	False	False	0	0.0	10.00	0.00
859	-1	4	Endothelial	675	164	0.7817	M -1 -0.3 Q 0 -0.5 1 -0.3 L 1 0.3 Q 0 0.5 -1 0.3 Z	0.9708	G1	0		37.95	3.6837	False	False	0	0.0	10.00	0.00
860	-1	4	Endothelial	658	180	0.5575	M -1 -0.3 Q 0 -0.5 1 -0.3 L 1 0.3 Q 0 0.5 -1 0.3 Z	0.8558	G1	0		37.41	3.6603	False	False	0	0.0	10.00	0.00
861	-1	4	Endothelial	675	188	5.9732	M -1 -0.3 Q 0 -0.5 1 -0.3 L 1 0.3 Q 0 0.5 -1 0.3 Z	1.1052	G1	0		37.68	3.5941	False	False	0	0.0	10.00	0.00
862	-1	4	Endothelial	705	200	2.8698	M -1 -0.3 Q 0 -0.5 1 -0.3 L 1 0.3 Q 0 0.5 -1 0.3 Z	0.9466	G1	0		35.62	2.8564	False	False	0	0.0	10.00	0.00
863	-1	4	Endothelial	670	203	0.9058	M -1 -0.3 Q 0 -0.5 1 -0.3 L 1 0.3 Q 0 0.5 -1 0.3 Z	0.9188	G1	0		37.16	3.4168	False	False	0	0.0	10.00	0.00
864	-1	4	Endothelial	656	259	4.1849	M -1 -0.3 Q 0 -0.5 1 -0.3 L 1 0.3 Q 0 0.5 -1 0.3 Z	0.7108	G1	0		36.98	3.3308	False	False	0	0.0	10.00	0.00
865	-1	4	Endothelial	649	262	5.1476	M -1 -0.3 Q 0 -0.5 1 -0.3 L 1 0.3 Q 0 0.5 -1 0.3 Z	0.9820	G1	0		37.22	3.2762	False	False	0	0.0	10.00	0.00
866	-1	4	Endothelial	665	263	1.7036	M -1 -0.3 Q 0 -0.5 1 -0.3 L 1 0.3 Q 0 0.5 -1 0.3 Z	1.0648	G1	0		36.78	3.1745	False	False	0	0.0	10.00	0.00
867	-1	4	Endothelial	675	272	5.4091	M -1 -0.3 Q 0 -0.5 1 -0.3 L 1 0.3 Q 0 0.5 -1 0.3 Z	1.1399	G1	0		37.57	3.1447	False	False	0	0.0	10.00	0.00
868	-1	4	Endothelial	675	284	5.5134	M -1 -0.3 Q 0 -0.5 1 -0.3 L 1 0.3 Q 0 0.5 -1 0.3 Z	1.0598	G1	0		37.47	3.0337	False	False	0	0.0	10.00	0.00
869	-1	4	Endothelial	675	296	5.8548	M -1 -0.3 Q 0 -0.5 1 -0.3 L 1 0.3 Q 0 0.5 -1 0.3 Z	1.2804	G1	0		37.65	3.1480	False	False	0	0.0	10.00	0.00
870	-1	4	Endothelial	654	327	3.5209	M -1 -0.3 Q 0 -0.5 1 -0.3 L 1 0.3 Q 0 0.5 -1 0.3 Z	1.0336	G1	0		36.71	3.0097	False	False	0	0.0	10.00	0.00
871	-1	4	Endothelial	693	328	1.5162	M -1 -0.3 Q 0 -0.5 1 -0.3 L 1 0.3 Q 0 0.5 -1 0.3 Z	1.0782	G1	0		36.70	2.9592	False	False	0	0.0	10.00	0.00
872	-1	4	Endothelial	681	324	5.5780	M -1 -0.3 Q 0 -0.5 1 -0.3 L 1 0.3 Q 0 0.5 -1 0.3 Z	1.2456	G1	0		37.65	3.0912	False	False	0	0.0	10.00	0.00
873	-1	4	Endothelial	645	337	2.6929	M -1 -0.3 Q 0 -0.5 1 -0.3 L 1 0.3 Q 0 0.5 -1 0.3 Z	1.0635	G1	0		36.08	2.6419	False	False	0	0.0	10.00	0.00
874	-1	4	Endothelial	675	356	5.1707	M -1 -0.3 Q 0 -0.5 1 -0.3 L 1 0.3 Q 0 0.5 -1 0.3 Z	1.2111	G1	0		37.54	2.9831	False	False	0	0.0	10.00	0.00
875	-1	4	Endothelial	675	368	4.7751	M -1 -0.3 Q 0 -0.5 1 -0.3 L 1 0.3 Q 0 0.5 -1 0.3 Z	1.1613	G1	0		37.35	3.0077	False	False	0	0.0	10.00	0.00
876	-1	4	Endothelial	681	384	1.8287	M -1 -0.3 Q 0 -0.5 1 -0.3 L 1 0.3 Q 0 0.5 -1 0.3 Z	1.0767	G1	0		36.65	2.8873	False	False	0	0.0	10.00	0.00
877	-1	4	Endothelial	675	404	5.0187	M -1 -0.3 Q 0 -0.5 1 -0.3 L 1 0.3 Q 0 0.5 -1 0.3 Z	1.2350	G1	0		37.40	2.8423	False	False	0	0.0	10.00	0.00
878	-1	4	Endothelial	641	436	6.2398	M -1 -0.3 Q 0 -0.5 1 -0.3 L 1 0.3 Q 0 0.5 -1 0.3 Z	0.8611	G1	0		36.60	2.7779	False	False	0	0.0	10.00	0.00
879	-1	4	Endothelial	651	415	4.6783	M -1 -0.3 Q 0 -0.5 1 -0.3 L 1 0.3 Q 0 0.5 -1 0.3 Z	1.1188	G1	0		35.46	2.2491	False	False	0	0.0	10.00	0.00
880	-1	4	Endothelial	667	434	2.4783	M -1 -0.3 Q 0 -0.5 1 -0.3 L 1 0.3 Q 0 0.5 -1 0.3 Z	1.2063	G1	0		36.65	2.8458	False	False	0	0.0	10.00	0.00
881	-1	4	Endothelial	675	452	1.4186	M -1 -0.3 Q 0 -0.5 1 -0.3 L 1 0.3 Q 0 0.5 -1 0.3 Z	1.1730	G1	0		37.54	2.9046	False	False	0	0.0	10.00	0.00
882	-1	4	Endothelial	675	474	2.4761	M -1 -0.3 Q 0 -0.5 1 -0.3 L 1 0.3 Q 0 0.5 -1 0.3 Z	0.9854	G1	0		37.48	2.8518	False	False	0	0.0	10.00	0.00
883	-1	4	Endothelial	687	460	5.0631	M -1 -0.3 Q 0 -0.5 1 -0.3 L 1 0.3 Q 0 0.5 -1 0.3 Z	0.8504	G1	0		36.45	2.7926	False	False	0	0.0	10.00	0.00
884	-1	4	Endothelial	675	488	3.6117	M -1 -0.3 Q 0 -0.5 1 -0.3 L 1 0.3 Q 0 0.5 -1 0.3 Z	1.1379	G1	0		37.27	2.8750	False	False	0	0.0	10.00	0.00
885	-1	4	Endothelial	675	500	2.8103	M -1 -0.3 Q 0 -0.5 1 -0.3 L 1 0.3 Q 0 0.5 -1 0.3 Z	1.1373	G1	0		37.15	2.9056	False	False	0	0.0	10.00	0.00
886	-1	4	Endothelial	666	508	3.6568	M -1 -0.3 Q 0 -0.5 1 -0.3 L 1 0.3 Q 0 0.5 -1 0.3 Z	0.6905	G1	0		36.63	2.7663	False	False	0	0.0	10.00	0.00
887	-1	4	Endothelial	670	518	5.1386	M -1 -0.3 Q 0 -0.5 1 -0.3 L 1 0.3 Q 0 0.5 -1 0.3 Z	1.1551	G1	0		37.18	2.9447	False	False	0	0.0	10.00	0.00
888	-1	4	Endothelial	660	514	5.0302	M -1 -0.3 Q 0 -0.5 1 -0.3 L 1 0.3 Q 0 0.5 -1 0.3 Z	0.8859	G1	0		36.48	2.7110	False	False	0	0.0	10.00	0.00
889	-1	4	Endothelial	666	565	3.6611	M -1 -0.3 Q 0 -0.5 1 -0.3 L 1 0.3 Q 0 0.5 -1 0.3 Z	1.0352	G1	0		36.67	2.8119	False	False	0	0.0	10.00	0.00
890	-1	4	Endothelial	675	572	1.5003	M -1 -0.3 Q 0 -0.5 1 -0.3 L 1 0.3 Q 0 0.5 -1 0.3 Z	1.2255	G1	0		37.56	2.9301	False	False	0	0.0	10.00	0.00
891	-1	4	Endothelial	675	584	3.2116	M -1 -0.3 Q 0 -0.5 1 -0.3 L 1 0.3 Q 0 0.5 -1 0.3 Z	0.9929	G1	0		37.48	2.8845	False	False	0	0.0	10.00	0.00
892	-1	4	Endothelial	675	596	5.5024	M -1 -0.3 Q 0 -0.5 1 -0.3 L 1 0.3 Q 0 0.5 -1 0.3 Z	0.9907	G1	0		37.49	2.9006	False	False	0	0.0	10.00	0.00
893	-1	4	Endothelial	675	608	0.2020	M -1 -0.3 Q 0 -0.5 1 -0.3 L 1 0.3 Q 0 0.5 -1 0.3 Z	1.2012	G1	0		36.96	2.7247	False	False	0	0.0	10.00	0.00
894	-1	4	Endothelial	657	602	4.3276	M -1 -0.3 Q 0 -0.5 1 -0.3 L 1 0.3 Q 0 0.5 -1 0.3 Z	1.1107	G1	0		36.79	2.9736	False	False	0	0.0	10.00	0.00
895	-1	4	Endothelial	674	622	5.1038	M -1 -0.3 Q 0 -0.5 1 -0.3 L 1 0.3 Q 0 0.5 -1 0.3 Z	0.9853	G1	0		36.87	2.7197	False	False	0	0.0	10.00	0.00
896	-1	4	Endothelial	668	651	5.6076	M -1 -0.3 Q 0 -0.5 1 -0.3 L 1 0.3 Q 0 0.5 -1 0.3 Z	1.2412	G1	0		36.83	2.9012	False	False	0	0.0	10.00	0.00
897	-1	4	Endothelial	699	613	4.0389	M -1 -0.3 Q 0 -0.5 1 -0.3 L 1 0.3 Q 0 0.5 -1 0.3 Z	0.9144	G1	0		36.63	2.9465	False	False	0	0.0	10.00	0.00
898	-1	4	Endothelial	685	669	1.5687	M -1 -0.3 Q 0 -0.5 1 -0.3 L 1 0.3 Q 0 0.5 -1 0.3 Z	0.8238	G1	0		37.17	3.1259	False	False	0	0.0	10.00	0.00
899	-1	4	Endothelial	675	692	1.4225	M -1 -0.3 Q 0 -0.5 1 -0.3 L 1 0.3 Q 0 0.5 -1 0.3 Z	1.2144	G1	0		37.43	3.1537	False	False	0	0.0	10.00	0.00
900	-1	4	Endothelial	668	697	0.0763	M -1 -0.3 Q 0 -0.5 1 -0.3 L 1 0.3 Q 0 0.5 -1 0.3 Z	0.9023	G1	0		35.19	2.1587	False	False	0	0.0	10.00	0.00
901	-1	4	Endothelial	656	715	5.0733	M -1 -0.3 Q 0 -0.5 1 -0.3 L 1 0.3 Q 0 0.5 -1 0.3 Z	0.9700	G1	0		36.75	3.1014	False	False	0	0.0	10.00	0.00
902	-1	4	Endothelial	691	717	1.0552	M -1 -0.3 Q 0 -0.5 1 -0.3 L 1 0.3 Q 0 0.5 -1 0.3 Z	0.8833	G1	0		36.38	2.9661	False	False	0	0.0	10.00	0.00
903	-1	4	Endothelial	675	740	0.8587	M -1 -0.3 Q 0 -0.5 1 -0.3 L 1 0.3 Q 0 0.5 -1 0.3 Z	0.9296	G1	0		37.40	3.3305	False	False	0	0.0	10.00	0.00
904	-1	4	Endothelial	663	768	0.0170	M -1 -0.3 Q 0 -0.5 1 -0.3 L 1 0.3 Q 0 0.5 -1 0.3 Z	0.9548	G1	0		37.25	3.2695	False	False	0	0.0	10.00	0.00
905	-1	4	Endothelial	667	758	2.0992	M -1 -0.3 Q 0 -0.5 1 -0.3 L 1 0.3 Q 0 0.5 -1 0.3 Z	1.1152	G1	0		37.77	3.3607	False	False	0	0.0	10.00	0.00
906	-1	4	Endothelial	675	776	1.1405	M -1 -0.3 Q 0 -0.5 1 -0.3 L 1 0.3 Q 0 0.5 -1 0.3 Z	1.0809	G1	0		37.80	3.4099	False	False	0	0.0	10.00	0.00
907	-1	4	Endothelial	685	789	3.6147	M -1 -0.3 Q 0 -0.5 1 -0.3 L 1 0.3 Q 0 0.5 -1 0.3 Z	1.2610	G1	0		37.05	3.5077	False	False	0	0.0	10.00	0.00
908	-1	4	Endothelial	668	793	1.0994	M -1 -0.3 Q 0 -0.5 1 -0.3 L 1 0.3 Q 0 0.5 -1 0.3 Z	1.0757	G1	0		36.68	3.2933	False	False	0	0.0	10.00	0.00
909	-1	4	Endothelial	675	812	4.9182	M -1 -0.3 Q 0 -0.5 1 -0.3 L 1 0.3 Q 0 0.5 -1 0.3 Z	1.1659	G1	0		37.96	3.6152	False	False	0	0.0	10.00	0.00
910	-1	4	Endothelial	675	836	3.1229	M -1 -0.3 Q 0 -0.5 1 -0.3 L 1 0.3 Q 0 0.5 -1 0.3 Z	1.0235	G1	0		37.93	3.6733	False	False	0	0.0	10.00	0.00
911	-1	4	Endothelial	675	848	4.5491	M -1 -0.3 Q 0 -0.5 1 -0.3 L 1 0.3 Q 0 0.5 -1 0.3 Z	1.2145	G1	0		37.79	3.7863	False	False	0	0.0	10.00	0.00
912	-1	4	Endothelial	682	853	5.5423	M -1 -0.3 Q 0 -0.5 1 -0.3 L 1 0.3 Q 0 0.5 -1 0.3 Z	0.8280	G1	0		37.10	3.7074	False	False	0	0.0	10.00	0.00
913	-1	4	Endothelial	662	857	4.3884	M -1 -0.3 Q 0 -0.5 1 -0.3 L 1 0.3 Q 0 0.5 -1 0.3 Z	1.2332	G1	0		37.05	3.7346	False	False	0	0.0	10.00	0.00
914	-1	4	Endothelial	683	878	4.1016	M -1 -0.3 Q 0 -0.5 1 -0.3 L 1 0.3 Q 0 0.5 -1 0.3 Z	1.0243	G1	0		36.75	3.6094	False	False	0	0.0	10.00	0.00
915	-1	4	Endothelial	675	896	1.9840	M -1 -0.3 Q 0 -0.5 1 -0.3 L 1 0.3 Q 0 0.5 -1 0.3 Z	1.1429	G1	0		38.12	4.0200	False	False	0	0.0	10.00	0.00
916	-1	4	Endothelial	675	908	2.7977	M -1 -0.3 Q 0 -0.5 1 -0.3 L 1 0.3 Q 0 0.5 -1 0.3 Z	1.1977	G1	0		37.99	4.1544	False	False	0	0.0	10.00	0.00
917	-1	4	Endothelial	677	930	6.2266	M -1 -0.3 Q 0 -0.5 1 -0.3 L 1 0.3 Q 0 0.5 -1 0.3 Z	1.0667	G1	0		38.20	4.3343	False	False	0	0.0	10.00	0.00
918	-1	4	Endothelial	719	910	5.5758	M -1 -0.3 Q 0 -0.5 1 -0.3 L 1 0.3 Q 0 0.5 -1 0.3 Z	0.9811	G1	0		36.87	3.9322	False	False	0	0.0	10.00	0.00
919	-1	4	Endothelial	675	944	2.2288	M -1 -0.3 Q 0 -0.5 1 -0.3 L 1 0.3 Q 0 0.5 -1 0.3 Z	0.9875	G1	0		38.31	4.3665	False	False	0	0.0	10.00	0.00
920	-1	4	Endothelial	675	956	1.6320	M -1 -0.3 Q 0 -0.5 1 -0.3 L 1 0.3 Q 0 0.5 -1 0.3 Z	1.0113	G1	0		38.37	4.4646	False	False	0	0.0	10.00	0.00
921	-1	4	Endothelial	675	968	0.6492	M -1 -0.3 Q 0 -0.5 1 -0.3 L 1 0.3 Q 0 0.5 -1 0.3 Z	1.1732	G1	0		38.26	4.6250	False	False	0	0.0	10.00	0.00
922	-1	4	Endothelial	835	0	1.3611	M -1 -0.3 Q 0 -0.5 1 -0.3 L 1 0.3 Q 0 0.5 -1 0.3 Z	1.2150	G1	0		37.88	4.8968	False	False	0	0.0	10.00	0.00
923	-1	4	Endothelial	841	24	3.3877	M -1 -0.3 Q 0 -0.5 1 -0.3 L 1 0.3 Q 0 0.5 -1 0.3 Z	0.9024	G1	0		35.88	3.8126	False	False	0	0.0	10.00	0.00
924	-1	4	Endothelial	862	42	5.2519	M -1 -0.3 Q 0 -0.5 1 -0.3 L 1 0.3 Q 0 0.5 -1 0.3 Z	0.9717	G1	0		37.52	4.5619	False	False	0	0.0	10.00	0.00
925	-1	4	Endothelial	842	31	6.2106	M -1 -0.3 Q 0 -0.5 1 -0.3 L 1 0.3 Q 0 0.5 -1 0.3 Z	0.8051	G1	0		36.56	4.1074	False	False	0	0.0	10.00	0.00
926	-1	4	Endothelial	828	140	3.9381	M -1 -0.3 Q 0 -0.5 1 -0.3 L 1 0.3 Q 0 0.5 -1 0.3 Z	0.9229	G1	0		36.65	3.6601	False	False	0	0.0	10.00	0.00
927	-1	4	Endothelial	835	106	4.8405	M -1 -0.3 Q 0 -0.5 1 -0.3 L 1 0.3 Q 0 0.5 -1 0.3 Z	0.8426	G1	0		37.31	4.1868	False	False	0	0.0	10.00	0.00
928	-1	4	Endothelial	809	104	0.3852	M -1 -0.3 Q 0 -0.5 1 -0.3 L 1 0.3 Q 0 0.5 -1 0.3 Z	1.2320	G1	0		37.51	4.2895	False	False	0	0.0	10.00	0.00
929	-1	4	Endothelial	833	146	1.5379	M -1 -0.3 Q 0 -0.5 1 -0.3 L 1 0.3 Q 0 0.5 -1 0.3 Z	0.8614	G1	0		37.46	4.0695	False	False	0	0.0	10.00	0.00
930	-1	4	Endothelial	817	166	1.1549	M -1 -0.3 Q 0 -0.5 1 -0.3 L 1 0.3 Q 0 0.5 -1 0.3 Z	1.1933	G1	0		38.13	4.0200	False	False	0	0.0	10.00	0.00
931	-1	4	Endothelial	808	146	5.4867	M -1 -0.3 Q 0 -0.5 1 -0.3 L 1 0.3 Q 0 0.5 -1 0.3 Z	0.9722	G1	0		37.36	4.0727	False	False	0	0.0	10.00	0.00
932	-1	4	Endothelial	805	162	0.1778	M -1 -0.3 Q 0 -0.5 1 -0.3 L 1 0.3 Q 0 0.5 -1 0.3 Z	1.0652	G1	0		37.30	3.9835	False	False	0	0.0	10.00	0.00
933	-1	4	Endothelial	815	178	3.7493	M -1 -0.3 Q 0 -0.5 1 -0.3 L 1 0.3 Q 0 0.5 -1 0.3 Z	1.0190	G1	0		36.38	3.5070	False	False	0	0.0	10.00	0.00
934	-1	4	Endothelial	829	169	1.8084	M -1 -0.3 Q 0 -0.5 1 -0.3 L 1 0.3 Q 0 0.5 -1 0.3 Z	1.1065	G1	0		37.85	4.0483	False	False	0	0.0	10.00	0.00
935	-1	4	Endothelial	834	195	6.0058	M -1 -0.3 Q 0 -0.5 1 -0.3 L 1 0.3 Q 0 0.5 -1 0.3 Z	1.1453	G1	0		37.23	3.9315	False	False	0	0.0	10.00	0.00
936	-1	4	Endothelial	831	230	2.9230	M -1 -0.3 Q 0 -0.5 1 -0.3 L 1 0.3 Q 0 0.5 -1 0.3 Z	0.9111	G1	0		37.79	3.8379	False	False	0	0.0	10.00	0.00
937	-1	4	Endothelial	825	236	4.6266	M -1 -0.3 Q 0 -0.5 1 -0.3 L 1 0.3 Q 0 0.5 -1 0.3 Z	0.8843	G1	0		37.98	3.7759	False	False	0	0.0	10.00	0.00
938	-1	4	Endothelial	825	248	2.9079	M -1 -0.3 Q 0 -0.5 1 -0.3 L 1 0.3 Q 0 0.5 -1 0.3 Z	1.1376	G1	0		37.67	3.7052	False	False	0	0.0	10.00	0.00
939	-1	4	Endothelial	817	254	4.0411	M -1 -0.3 Q 0 -0.5 1 -0.3 L 1 0.3 Q 0 0.5 -1 0.3 Z	1.0961	G1	0		37.16	3.7275	False	False	0	0.0	10.00	0.00
940	-1	4	Endothelial	845	270	2.3355	M -1 -0.3 Q 0 -0.5 1 -0.3 L 1 0.3 Q 0 0.5 -1 0.3 Z	0.9287	G1	0		37.93	3.8904	False	False	0	0.0	10.00	0.00
941	-1	4	Endothelial	817	290	2.7206	M -1 -0.3 Q 0 -0.5 1 -0.3 L 1 0.3 Q 0 0.5 -1 0.3 Z	0.9227	G1	0		37.34	3.6990	False	False	0	0.0	10.00	0.00
942	-1	4	Endothelial	825	296	1.3159	M -1 -0.3 Q 0 -0.5 1 -0.3 L 1 0.3 Q 0 0.5 -1 0.3 Z	1.2508	G1	0		37.92	3.6525	False	False	0	0.0	10.00	0.00
943	-1	4	Endothelial	825	308	0.4034	M -1 -0.3 Q 0 -0.5 1 -0.3 L 1 0.3 Q 0 0.5 -1 0.3 Z	1.1777	G1	0		37.73	3.6801	False	False	0	0.0	10.00	0.00
944	-1	4	Endothelial	815	323	2.3891	M -1 -0.3 Q 0 -0.5 1 -0.3 L 1 0.3 Q 0 0.5 -1 0.3 Z	1.0018	G1	0		37.03	3.5589	False	False	0	0.0	10.00	0.00
945	-1	4	Endothelial	825	332	2.0159	M -1 -0.3 Q 0 -0.5 1 -0.3 L 1 0.3 Q 0 0.5 -1 0.3 Z	0.9251	G1	0		37.97	3.6494	False	False	0	0.0	10.00	0.00
946	-1	4	Endothelial	825	344	4.1524	M -1 -0.3 Q 0 -0.5 1 -0.3 L 1 0.3 Q 0 0.5 -1 0.3 Z	0.8690	G1	0		37.87	3.5751	False	False	0	0.0	10.00	0.00
947	-1	4	Endothelial	825	356	2.6039	M -1 -0.3 Q 0 -0.5 1 -0.3 L 1 0.3 Q 0 0.5 -1 0.3 Z	1.1126	G1	0		37.85	3.5656	False	False	0	0.0	10.00	0.00
948	-1	4	Endothelial	825	392	0.6550	M -1 -0.3 Q 0 -0.5 1 -0.3 L 1 0.3 Q 0 0.5 -1 0.3 Z	1.0956	G1	0		37.41	3.4003	False	False	0	0.0	10.00	0.00
949	-1	4	Endothelial	816	408	2.5789	M -1 -0.3 Q 0 -0.5 1 -0.3 L 1 0.3 Q 0 0.5 -1 0.3 Z	1.1616	G1	0		37.30	3.5073	False	False	0	0.0	10.00	0.00
950	-1	4	Endothelial	818	389	0.2276	M -1 -0.3 Q 0 -0.5 1 -0.3 L 1 0.3 Q 0 0.5 -1 0.3 Z	0.8574	G1	0		37.02	3.4426	False	False	0	0.0	10.00	0.00
951	-1	4	Endothelial	834	463	0.1273	M -1 -0.3 Q 0 -0.5 1 -0.3 L 1 0.3 Q 0 0.5 -1 0.3 Z	0.6807	G1	0		34.91	2.4284	False	False	0	0.0	10.00	0.00
952	-1	4	Endothelial	807	484	1.3622	M -1 -0.3 Q 0 -0.5 1 -0.3 L 1 0.3 Q 0 0.5 -1 0.3 Z	0.9050	G1	0		36.70	3.2594	False	False	0	0.0	10.00	0.00
953	-1	4	Endothelial	835	452	3.3241	M -1 -0.3 Q 0 -0.5 1 -0.3 L 1 0.3 Q 0 0.5 -1 0.3 Z	0.9299	G1	0		37.04	3.5569	False	False	0	0.0	10.00	0.00
954	-1	4	Endothelial	808	456	0.5879	M -1 -0.3 Q 0 -0.5 1 -0.3 L 1 0.3 Q 0 0.5 -1 0.3 Z	0.9108	G1	0		34.82	2.3218	False	False	0	0.0	10.00	0.00
955	-1	4	Endothelial	829	485	3.4457	M -1 -0.3 Q 0 -0.5 1 -0.3 L 1 0.3 Q 0 0.5 -1 0.3 Z	1.1255	G1	0		37.63	3.3340	False	False	0	0.0	10.00	0.00
956	-1	4	Endothelial	828	497	5.9148	M -1 -0.3 Q 0 -0.5 1 -0.3 L 1 0.3 Q 0 0.5 -1 0.3 Z	1.0498	G1	0		37.63	3.5141	False	False	0	0.0	10.00	0.00
957	-1	4	Endothelial	845	503	0.9208	M -1 -0.3 Q 0 -0.5 1 -0.3 L 1 0.3 Q 0 0.5 -1 0.3 Z	1.0015	G1	0		36.80	3.4288	False	False	0	0.0	10.00	0.00
958	-1	4	Endothelial	835	512	3.8346	M -1 -0.3 Q 0 -0.5 1 -0.3 L 1 0.3 Q 0 0.5 -1 0.3 Z	1.3207	G1	0		37.04	3.5511	False	False	0	0.0	10.00	0.00
959	-1	4	Endothelial	831	544	6.1230	M -1 -0.3 Q 0 -0.5 1 -0.3 L 1 0.3 Q 0 0.5 -1 0.3 Z	0.8475	G1	0		36.93	3.2488	False	False	0	0.0	10.00	0.00
960	-1	4	Endothelial	810	535	2.6395	M -1 -0.3 Q 0 -0.5 1 -0.3 L 1 0.3 Q 0 0.5 -1 0.3 Z	0.8341	G1	0		36.87	3.3524	False	False	0	0.0	10.00	0.00
961	-1	4	Endothelial	825	560	0.9376	M -1 -0.3 Q 0 -0.5 1 -0.3 L 1 0.3 Q 0 0.5 -1 0.3 Z	1.0924	G1	0		37.52	3.5658	False	False	0	0.0	10.00	0.00
962	-1	4	Endothelial	825	572	4.0764	M -1 -0.3 Q 0 -0.5 1 -0.3 L 1 0.3 Q 0 0.5 -1 0.3 Z	1.0126	G1	0		37.82	3.4906	False	False	0	0.0	10.00	0.00
963	-1	4	Endothelial	786	579	5.7985	M -1 -0.3 Q 0 -0.5 1 -0.3 L 1 0.3 Q 0 0.5 -1 0.3 Z	1.0967	G1	0		35.69	2.7081	False	False	0	0.0	10.00	0.00
964	-1	4	Endothelial	808	610	0.9374	M -1 -0.3 Q 0 -0.5 1 -0.3 L 1 0.3 Q 0 0.5 -1 0.3 Z	0.8258	G1	0		35.91	2.9076	False	False	0	0.0	10.00	0.00
965	-1	4	Endothelial	833	613	2.8667	M -1 -0.3 Q 0 -0.5 1 -0.3 L 1 0.3 Q 0 0.5 -1 0.3 Z	1.1310	G1	0		37.12	3.6076	False	False	0	0.0	10.00	0.00
966	-1	4	Endothelial	825	620	5.3683	M -1 -0.3 Q 0 -0.5 1 -0.3 L 1 0.3 Q 0 0.5 -1 0.3 Z	1.2385	G1	0		37.55	3.6159	False	False	0	0.0	10.00	0.00
967	-1	4	Endothelial	864	637	6.2794	M -1 -0.3 Q 0 -0.5 1 -0.3 L 1 0.3 Q 0 0.5 -1 0.3 Z	0.8630	G1	0		36.59	3.4565	False	False	0	0.0	10.00	0.00
968	-1	4	Endothelial	897	640	4.2358	M -1 -0.3 Q 0 -0.5 1 -0.3 L 1 0.3 Q 0 0.5 -1 0.3 Z	1.0210	G1	0		37.31	3.9952	False	False	0	0.0	10.00	0.00
969	-1	4	Endothelial	815	654	4.2977	M -1 -0.3 Q 0 -0.5 1 -0.3 L 1 0.3 Q 0 0.5 -1 0.3 Z	0.7552	G1	0		36.69	3.3641	False	False	0	0.0	10.00	0.00
970	-1	4	Endothelial	825	692	4.3812	M -1 -0.3 Q 0 -0.5 1 -0.3 L 1 0.3 Q 0 0.5 -1 0.3 Z	1.5099	G1	0		37.55	3.5712	False	False	0	0.0	10.00	0.00
971	-1	4	Endothelial	839	679	3.5383	M -1 -0.3 Q 0 -0.5 1 -0.3 L 1 0.3 Q 0 0.5 -1 0.3 Z	1.0850	G1	0		36.77	3.5619	False	False	0	0.0	10.00	0.00
972	-1	4	Endothelial	825	716	2.9644	M -1 -0.3 Q 0 -0.5 1 -0.3 L 1 0.3 Q 0 0.5 -1 0.3 Z	1.0954	G1	0		37.93	3.6836	False	False	0	0.0	10.00	0.00
973	-1	4	Endothelial	853	739	1.5370	M -1 -0.3 Q 0 -0.5 1 -0.3 L 1 0.3 Q 0 0.5 -1 0.3 Z	0.8211	G1	0		37.07	3.8158	False	False	0	0.0	10.00	0.00
974	-1	4	Endothelial	813	704	1.3979	M -1 -0.3 Q 0 -0.5 1 -0.3 L 1 0.3 Q 0 0.5 -1 0.3 Z	0.6262	G1	0		35.83	2.8503	False	False	0	0.0	10.00	0.00
975	-1	4	Endothelial	832	799	1.7819	M -1 -0.3 Q 0 -0.5 1 -0.3 L 1 0.3 Q 0 0.5 -1 0.3 Z	0.8615	G1	0		36.63	3.5885	False	False	0	0.0	10.00	0.00
976	-1	4	Endothelial	832	748	5.0162	M -1 -0.3 Q 0 -0.5 1 -0.3 L 1 0.3 Q 0 0.5 -1 0.3 Z	1.1490	G1	0		37.52	3.8643	False	False	0	0.0	10.00	0.00
977	-1	4	Endothelial	828	728	0.9650	M -1 -0.3 Q 0 -0.5 1 -0.3 L 1 0.3 Q 0 0.5 -1 0.3 Z	0.9997	G1	0		37.66	3.8091	False	False	0	0.0	10.00	0.00
978	-1	4	Endothelial	825	788	5.7389	M -1 -0.3 Q 0 -0.5 1 -0.3 L 1 0.3 Q 0 0.5 -1 0.3 Z	1.0236	G1	0		37.66	3.7730	False	False	0	0.0	10.00	0.00
979	-1	4	Endothelial	844	796	0.9866	M -1 -0.3 Q 0 -0.5 1 -0.3 L 1 0.3 Q 0 0.5 -1 0.3 Z	0.8637	G1	0		37.21	3.9322	False	False	0	0.0	10.00	0.00
980	-1	4	Endothelial	854	817	6.0934	M -1 -0.3 Q 0 -0.5 1 -0.3 L 1 0.3 Q 0 0.5 -1 0.3 Z	0.8895	G1	0		37.36	4.0780	False	False	0	0.0	10.00	0.00
981	-1	4	Endothelial	825	836	1.6157	M -1 -0.3 Q 0 -0.5 1 -0.3 L 1 0.3 Q 0 0.5 -1 0.3 Z	1.1631	G1	0		38.12	4.0119	False	False	0	0.0	10.00	0.00
982	-1	4	Endothelial	825	848	1.7811	M -1 -0.3 Q 0 -0.5 1 -0.3 L 1 0.3 Q 0 0.5 -1 0.3 Z	1.1348	G1	0		37.98	4.1069	False	False	0	0.0	10.00	0.00
983	-1	4	Endothelial	825	860	2.9477	M -1 -0.3 Q 0 -0.5 1 -0.3 L 1 0.3 Q 0 0.5 -1 0.3 Z	1.1702	G1	0		37.60	3.9920	False	False	0	0.0	10.00	0.00
984	-1	4	Endothelial	815	869	5.8471	M -1 -0.3 Q 0 -0.5 1 -0.3 L 1 0.3 Q 0 0.5 -1 0.3 Z	1.0069	G1	0		37.30	4.0747	False	False	0	0.0	10.00	0.00
985	-1	4	Endothelial	824	874	4.1086	M -1 -0.3 Q 0 -0.5 1 -0.3 L 1 0.3 Q 0 0.5 -1 0.3 Z	0.8001	G1	0		38.09	4.1305	False	False	0	0.0	10.00	0.00
986	-1	4	Endothelial	815	894	5.4984	M -1 -0.3 Q 0 -0.5 1 -0.3 L 1 0.3 Q 0 0.5 -1 0.3 Z	1.3147	G1	0		37.09	4.0678	False	False	0	0.0	10.00	0.00
987	-1	4	Endothelial	805	904	0.6252	M -1 -0.3 Q 0 -0.5 1 -0.3 L 1 0.3 Q 0 0.5 -1 0.3 Z	1.0596	G1	0		37.41	4.2458	False	False	0	0.0	10.00	0.00
988	-1	4	Endothelial	835	919	1.5161	M -1 -0.3 Q 0 -0.5 1 -0.3 L 1 0.3 Q 0 0.5 -1 0.3 Z	1.3052	G1	0		37.58	4.4407	False	False	0	0.0	10.00	0.00
989	-1	4	Endothelial	825	932	1.0074	M -1 -0.3 Q 0 -0.5 1 -0.3 L 1 0.3 Q 0 0.5 -1 0.3 Z	0.8797	G1	0		38.44	4.4833	False	False	0	0.0	10.00	0.00
990	-1	4	Endothelial	818	951	5.1640	M -1 -0.3 Q 0 -0.5 1 -0.3 L 1 0.3 Q 0 0.5 -1 0.3 Z	0.8926	G1	0		37.83	4.5311	False	False	0	0.0	10.00	0.00
991	-1	4	Endothelial	825	956	3.5375	M -1 -0.3 Q 0 -0.5 1 -0.3 L 1 0.3 Q 0 0.5 -1 0.3 Z	1.1335	G1	0		38.37	4.5787	False	False	0	0.0	10.00	0.00
992	-1	4	Endothelial	966	24	1.3200	M -1 -0.3 Q 0 -0.5 1 -0.3 L 1 0.3 Q 0 0.5 -1 0.3 Z	0.9481	G1	0		38.27	4.8869	False	False	0	0.0	10.00	0.00
993	-1	4	Endothelial	975	32	5.2102	M -1 -0.3 Q 0 -0.5 1 -0.3 L 1 0.3 Q 0 0.5 -1 0.3 Z	1.1964	G1	0		38.54	4.7777	False	False	0	0.0	10.00	0.00
994	-1	4	Endothelial	999	56	4.6852	M -1 -0.3 Q 0 -0.5 1 -0.3 L 1 0.3 Q 0 0.5 -1 0.3 Z	0.5434	G1	0		37.99	4.9848	False	False	0	0.0	10.00	0.00
995	-1	4	Endothelial	999	64	3.7070	M -1 -0.3 Q 0 -0.5 1 -0.3 L 1 0.3 Q 0 0.5 -1 0.3 Z	0.9331	G1	0		37.99	4.9827	False	False	0	0.0	10.00	0.00
996	-1	4	Endothelial	975	68	4.7176	M -1 -0.3 Q 0 -0.5 1 -0.3 L 1 0.3 Q 0 0.5 -1 0.3 Z	1.2109	G1	0		38.36	4.8043	False	False	0	0.0	10.00	0.00
997	-1	4	Endothelial	968	73	4.7882	M -1 -0.3 Q 0 -0.5 1 -0.3 L 1 0.3 Q 0 0.5 -1 0.3 Z	0.9780	G1	0		38.18	4.7103	False	False	0	0.0	10.00	0.00
998	-1	4	Endothelial	998	73	4.4544	M -1 -0.3 Q 0 -0.5 1 -0.3 L 1 0.3 Q 0 0.5 -1 0.3 Z	1.0704	G1	0		37.32	4.5292	False	False	0	0.0	10.00	0.00
999	-1	4	Endothelial	963	140	2.0493	M -1 -0.3 Q 0 -0.5 1 -0.3 L 1 0.3 Q 0 0.5 -1 0.3 Z	0.8051	G1	0		37.48	4.5912	False	False	0	0.0	10.00	0.00
1000	-1	4	Endothelial	925	114	4.6642	M -1 -0.3 Q 0 -0.5 1 -0.3 L 1 0.3 Q 0 0.5 -1 0.3 Z	0.9453	G1	0		37.56	4.5073	False	False	0	0.0	10.00	0.00
1001	-1	4	Endothelial	999	177	1.9739	M -1 -0.3 Q 0 -0.5 1 -0.3 L 1 0.3 Q 0 0.5 -1 0.3 Z	0.8303	G1	0		37.30	4.5796	False	False	0	0.0	10.00	0.00
1002	-1	4	Endothelial	975	140	5.4015	M -1 -0.3 Q 0 -0.5 1 -0.3 L 1 0.3 Q 0 0.5 -1 0.3 Z	1.0307	G1	0		38.22	4.7908	False	False	0	0.0	10.00	0.00
1003	-1	4	Endothelial	999	188	4.9631	M -1 -0.3 Q 0 -0.5 1 -0.3 L 1 0.3 Q 0 0.5 -1 0.3 Z	0.9954	G1	0		36.72	4.2687	False	False	0	0.0	10.00	0.00
1004	-1	4	Endothelial	984	167	1.4458	M -1 -0.3 Q 0 -0.5 1 -0.3 L 1 0.3 Q 0 0.5 -1 0.3 Z	1.0047	G1	0		37.28	4.5107	False	False	0	0.0	10.00	0.00
1005	-1	4	Endothelial	975	176	3.8817	M -1 -0.3 Q 0 -0.5 1 -0.3 L 1 0.3 Q 0 0.5 -1 0.3 Z	0.8864	G1	0		38.52	4.6944	False	False	0	0.0	10.00	0.00
1006	-1	4	Endothelial	969	227	3.9932	M -1 -0.3 Q 0 -0.5 1 -0.3 L 1 0.3 Q 0 0.5 -1 0.3 Z	1.1713	G1	0		38.28	4.7280	False	False	0	0.0	10.00	0.00
1007	-1	4	Endothelial	957	186	4.8049	M -1 -0.3 Q 0 -0.5 1 -0.3 L 1 0.3 Q 0 0.5 -1 0.3 Z	0.9027	G1	0		37.48	4.4909	False	False	0	0.0	10.00	0.00
1008	-1	4	Endothelial	999	240	4.0371	M -1 -0.3 Q 0 -0.5 1 -0.3 L 1 0.3 Q 0 0.5 -1 0.3 Z	0.8693	G1	0		36.82	4.3637	False	False	0	0.0	10.00	0.00
1009	-1	4	Endothelial	975	236	5.5704	M -1 -0.3 Q 0 -0.5 1 -0.3 L 1 0.3 Q 0 0.5 -1 0.3 Z	1.3833	G1	0		38.50	4.6708	False	False	0	0.0	10.00	0.00
1010	-1	4	Endothelial	956	242	4.9187	M -1 -0.3 Q 0 -0.5 1 -0.3 L 1 0.3 Q 0 0.5 -1 0.3 Z	0.9674	G1	0		38.01	4.5438	False	False	0	0.0	10.00	0.00
1011	-1	4	Endothelial	974	280	0.9529	M -1 -0.3 Q 0 -0.5 1 -0.3 L 1 0.3 Q 0 0.5 -1 0.3 Z	0.9255	G1	0		38.53	4.7273	False	False	0	0.0	10.00	0.00
1012	-1	4	Endothelial	966	276	3.7560	M -1 -0.3 Q 0 -0.5 1 -0.3 L 1 0.3 Q 0 0.5 -1 0.3 Z	1.0370	G1	0		37.70	4.5906	False	False	0	0.0	10.00	0.00
1013	-1	4	Endothelial	968	291	5.5469	M -1 -0.3 Q 0 -0.5 1 -0.3 L 1 0.3 Q 0 0.5 -1 0.3 Z	1.2712	G1	0		37.96	4.6585	False	False	0	0.0	10.00	0.00
1014	-1	4	Endothelial	968	303	2.5742	M -1 -0.3 Q 0 -0.5 1 -0.3 L 1 0.3 Q 0 0.5 -1 0.3 Z	0.9191	G1	0		37.51	4.3508	False	False	0	0.0	10.00	0.00
1015	-1	4	Endothelial	975	308	2.8177	M -1 -0.3 Q 0 -0.5 1 -0.3 L 1 0.3 Q 0 0.5 -1 0.3 Z	1.3885	G1	0		38.29	4.6865	False	False	0	0.0	10.00	0.00
1016	-1	4	Endothelial	975	320	5.1256	M -1 -0.3 Q 0 -0.5 1 -0.3 L 1 0.3 Q 0 0.5 -1 0.3 Z	1.2082	G1	0		38.18	4.7221	False	False	0	0.0	10.00	0.00
1017	-1	4	Endothelial	973	342	5.6976	M -1 -0.3 Q 0 -0.5 1 -0.3 L 1 0.3 Q 0 0.5 -1 0.3 Z	0.7420	G1	0		38.41	4.6898	False	False	0	0.0	10.00	0.00
1018	-1	4	Endothelial	970	353	3.8253	M -1 -0.3 Q 0 -0.5 1 -0.3 L 1 0.3 Q 0 0.5 -1 0.3 Z	0.6711	G1	0		37.56	4.2730	False	False	0	0.0	10.00	0.00
1019	-1	4	Endothelial	975	356	0.7157	M -1 -0.3 Q 0 -0.5 1 -0.3 L 1 0.3 Q 0 0.5 -1 0.3 Z	1.1233	G1	0		38.20	4.4454	False	False	0	0.0	10.00	0.00
1020	-1	4	Endothelial	975	368	4.7812	M -1 -0.3 Q 0 -0.5 1 -0.3 L 1 0.3 Q 0 0.5 -1 0.3 Z	0.9298	G1	0		38.29	4.6775	False	False	0	0.0	10.00	0.00
1021	-1	4	Endothelial	975	380	2.8501	M -1 -0.3 Q 0 -0.5 1 -0.3 L 1 0.3 Q 0 0.5 -1 0.3 Z	0.9055	G1	0		38.18	4.7145	False	False	0	0.0	10.00	0.00
1022	-1	4	Endothelial	975	392	5.4967	M -1 -0.3 Q 0 -0.5 1 -0.3 L 1 0.3 Q 0 0.5 -1 0.3 Z	1.0631	G1	0		38.46	4.6176	False	False	0	0.0	10.00	0.00
1023	-1	4	Endothelial	934	430	6.0606	M -1 -0.3 Q 0 -0.5 1 -0.3 L 1 0.3 Q 0 0.5 -1 0.3 Z	0.6592	G1	0		37.85	4.3335	False	False	0	0.0	10.00	0.00
1024	-1	4	Endothelial	967	422	0.5250	M -1 -0.3 Q 0 -0.5 1 -0.3 L 1 0.3 Q 0 0.5 -1 0.3 Z	1.0670	G1	0		37.85	4.6175	False	False	0	0.0	10.00	0.00
1025	-1	4	Endothelial	999	473	5.9892	M -1 -0.3 Q 0 -0.5 1 -0.3 L 1 0.3 Q 0 0.5 -1 0.3 Z	1.0022	G1	0		37.97	4.9396	False	False	0	0.0	10.00	0.00
1026	-1	4	Endothelial	966	435	4.7805	M -1 -0.3 Q 0 -0.5 1 -0.3 L 1 0.3 Q 0 0.5 -1 0.3 Z	0.8598	G1	0		37.57	4.5367	False	False	0	0.0	10.00	0.00
1027	-1	4	Endothelial	968	444	2.0827	M -1 -0.3 Q 0 -0.5 1 -0.3 L 1 0.3 Q 0 0.5 -1 0.3 Z	1.0953	G1	0		37.82	4.5564	False	False	0	0.0	10.00	0.00
1028	-1	4	Endothelial	973	484	5.8918	M -1 -0.3 Q 0 -0.5 1 -0.3 L 1 0.3 Q 0 0.5 -1 0.3 Z	1.1819	G1	0		38.35	4.6436	False	False	0	0.0	10.00	0.00
1029	-1	4	Endothelial	968	459	4.4684	M -1 -0.3 Q 0 -0.5 1 -0.3 L 1 0.3 Q 0 0.5 -1 0.3 Z	0.9840	G1	0		36.57	3.9243	False	False	0	0.0	10.00	0.00
1030	-1	4	Endothelial	971	497	3.9738	M -1 -0.3 Q 0 -0.5 1 -0.3 L 1 0.3 Q 0 0.5 -1 0.3 Z	1.2100	G1	0		37.82	4.6652	False	False	0	0.0	10.00	0.00
1031	-1	4	Endothelial	996	534	1.7003	M -1 -0.3 Q 0 -0.5 1 -0.3 L 1 0.3 Q 0 0.5 -1 0.3 Z	0.9180	G1	0		38.50	4.8934	False	False	0	0.0	10.00	0.00
1032	-1	4	Endothelial	966	516	2.0884	M -1 -0.3 Q 0 -0.5 1 -0.3 L 1 0.3 Q 0 0.5 -1 0.3 Z	1.0809	G1	0		37.72	4.5337	False	False	0	0.0	10.00	0.00
1033	-1	4	Endothelial	975	536	1.1964	M -1 -0.3 Q 0 -0.5 1 -0.3 L 1 0.3 Q 0 0.5 -1 0.3 Z	1.2373	G1	0		38.48	4.6298	False	False	0	0.0	10.00	0.00
1034	-1	4	Endothelial	968	541	0.8098	M -1 -0.3 Q 0 -0.5 1 -0.3 L 1 0.3 Q 0 0.5 -1 0.3 Z	0.8494	G1	0		37.94	4.6265	False	False	0	0.0	10.00	0.00
1035	-1	4	Endothelial	999	551	2.6816	M -1 -0.3 Q 0 -0.5 1 -0.3 L 1 0.3 Q 0 0.5 -1 0.3 Z	0.8103	G1	0		37.97	4.9398	False	False	0	0.0	10.00	0.00
1036	-1	4	Endothelial	990	524	0.2699	M -1 -0.3 Q 0 -0.5 1 -0.3 L 1 0.3 Q 0 0.5 -1 0.3 Z	0.8880	G1	0		38.13	4.8621	False	False	0	0.0	10.00	0.00
1037	-1	4	Endothelial	999	564	5.2971	M -1 -0.3 Q 0 -0.5 1 -0.3 L 1 0.3 Q 0 0.5 -1 0.3 Z	1.0332	G1	0		37.97	4.9399	False	False	0	0.0	10.00	0.00
1038	-1	4	Endothelial	975	596	2.3659	M -1 -0.3 Q 0 -0.5 1 -0.3 L 1 0.3 Q 0 0.5 -1 0.3 Z	0.9517	G1	0		38.45	4.6136	False	False	0	0.0	10.00	0.00
1039	-1	4	Endothelial	975	608	6.2582	M -1 -0.3 Q 0 -0.5 1 -0.3 L 1 0.3 Q 0 0.5 -1 0.3 Z	1.0725	G1	0		38.28	4.6724	False	False	0	0.0	10.00	0.00
1040	-1	4	Endothelial	975	620	4.0181	M -1 -0.3 Q 0 -0.5 1 -0.3 L 1 0.3 Q 0 0.5 -1 0.3 Z	1.1432	G1	0		38.17	4.7123	False	False	0	0.0	10.00	0.00
1041	-1	4	Endothelial	999	656	5.3937	M -1 -0.3 Q 0 -0.5 1 -0.3 L 1 0.3 Q 0 0.5 -1 0.3 Z	1.1284	G1	0		36.17	4.0435	False	False	0	0.0	10.00	0.00
1042	-1	4	Endothelial	959	655	3.7607	M -1 -0.3 Q 0 -0.5 1 -0.3 L 1 0.3 Q 0 0.5 -1 0.3 Z	0.9985	G1	0		37.51	4.4599	False	False	0	0.0	10.00	0.00
1043	-1	4	Endothelial	967	662	1.1695	M -1 -0.3 Q 0 -0.5 1 -0.3 L 1 0.3 Q 0 0.5 -1 0.3 Z	1.1747	G1	0		37.82	4.6051	False	False	0	0.0	10.00	0.00
1044	-1	4	Endothelial	975	668	0.3576	M -1 -0.3 Q 0 -0.5 1 -0.3 L 1 0.3 Q 0 0.5 -1 0.3 Z	1.0382	G1	0		38.29	4.6833	False	False	0	0.0	10.00	0.00
1045	-1	4	Endothelial	969	688	6.1715	M -1 -0.3 Q 0 -0.5 1 -0.3 L 1 0.3 Q 0 0.5 -1 0.3 Z	1.1232	G1	0		38.09	4.6875	False	False	0	0.0	10.00	0.00
1046	-1	4	Endothelial	964	679	4.4920	M -1 -0.3 Q 0 -0.5 1 -0.3 L 1 0.3 Q 0 0.5 -1 0.3 Z	1.0257	G1	0		38.07	4.5345	False	False	0	0.0	10.00	0.00
1047	-1	4	Endothelial	972	713	0.6044	M -1 -0.3 Q 0 -0.5 1 -0.3 L 1 0.3 Q 0 0.5 -1 0.3 Z	0.8892	G1	0		38.25	4.6465	False	False	0	0.0	10.00	0.00
1048	-1	4	Endothelial	979	725	3.7959	M -1 -0.3 Q 0 -0.5 1 -0.3 L 1 0.3 Q 0 0.5 -1 0.3 Z	1.3044	G1	0		38.26	4.7486	False	False	0	0.0	10.00	0.00
1049	-1	4	Endothelial	999	719	4.4658	M -1 -0.3 Q 0 -0.5 1 -0.3 L 1 0.3 Q 0 0.5 -1 0.3 Z	0.8906	G1	0		37.65	4.7317	False	False	0	0.0	10.00	0.00
1050	-1	4	Endothelial	999	730	0.2525	M -1 -0.3 Q 0 -0.5 1 -0.3 L 1 0.3 Q 0 0.5 -1 0.3 Z	0.8307	G1	0		37.97	4.9487	False	False	0	0.0	10.00	0.00
1051	-1	4	Endothelial	975	752	0.0274	M -1 -0.3 Q 0 -0.5 1 -0.3 L 1 0.3 Q 0 0.5 -1 0.3 Z	1.1754	G1	0		38.56	4.7054	False	False	0	0.0	10.00	0.00
1052	-1	4	Endothelial	951	766	1.6169	M -1 -0.3 Q 0 -0.5 1 -0.3 L 1 0.3 Q 0 0.5 -1 0.3 Z	1.1264	G1	0		37.68	4.6076	False	False	0	0.0	10.00	0.00
1053	-1	4	Endothelial	999	753	0.3625	M -1 -0.3 Q 0 -0.5 1 -0.3 L 1 0.3 Q 0 0.5 -1 0.3 Z	0.8645	G1	0		36.35	4.1412	False	False	0	0.0	10.00	0.00
1054	-1	4	Endothelial	975	788	5.4291	M -1 -0.3 Q 0 -0.5 1 -0.3 L 1 0.3 Q 0 0.5 -1 0.3 Z	1.2693	G1	0		38.31	4.7179	False	False	0	0.0	10.00	0.00
1055	-1	4	Endothelial	999	796	1.2254	M -1 -0.3 Q 0 -0.5 1 -0.3 L 1 0.3 Q 0 0.5 -1 0.3 Z	1.1248	G1	0		37.98	4.9562	False	False	0	0.0	10.00	0.00
1056	-1	4	Endothelial	975	812	4.3977	M -1 -0.3 Q 0 -0.5 1 -0.3 L 1 0.3 Q 0 0.5 -1 0.3 Z	0.8626	G1	0		38.31	4.5539	False	False	0	0.0	10.00	0.00
1057	-1	4	Endothelial	993	843	3.4872	M -1 -0.3 Q 0 -0.5 1 -0.3 L 1 0.3 Q 0 0.5 -1 0.3 Z	1.0309	G1	0		37.99	4.9877	False	False	0	0.0	10.00	0.00
1058	-1	4	Endothelial	999	817	5.8546	M -1 -0.3 Q 0 -0.5 1 -0.3 L 1 0.3 Q 0 0.5 -1 0.3 Z	1.0404	G1	0		38.00	4.9934	False	False	0	0.0	10.00	0.00
1059	-1	4	Endothelial	975	850	5.7597	M -1 -0.3 Q 0 -0.5 1 -0.3 L 1 0.3 Q 0 0.5 -1 0.3 Z	1.0688	G1	0		38.21	4.7837	False	False	0	0.0	10.00	0.00
1060	-1	4	Endothelial	975	872	2.6182	M -1 -0.3 Q 0 -0.5 1 -0.3 L 1 0.3 Q 0 0.5 -1 0.3 Z	1.1114	G1	0		38.59	4.7607	False	False	0	0.0	10.00	0.00
1061	-1	4	Endothelial	975	884	0.6879	M -1 -0.3 Q 0 -0.5 1 -0.3 L 1 0.3 Q 0 0.5 -1 0.3 Z	0.8961	G1	0		38.51	4.7094	False	False	0	0.0	10.00	0.00
1062	-1	4	Endothelial	975	896	4.4062	M -1 -0.3 Q 0 -0.5 1 -0.3 L 1 0.3 Q 0 0.5 -1 0.3 Z	1.2110	G1	0		38.51	4.7174	False	False	0	0.0	10.00	0.00
1063	-1	4	Endothelial	975	908	0.9201	M -1 -0.3 Q 0 -0.5 1 -0.3 L 1 0.3 Q 0 0.5 -1 0.3 Z	1.3287	G1	0		38.35	4.7839	False	False	0	0.0	10.00	0.00
1064	-1	4	Endothelial	968	927	0.0816	M -1 -0.3 Q 0 -0.5 1 -0.3 L 1 0.3 Q 0 0.5 -1 0.3 Z	0.8679	G1	0		37.34	4.3314	False	False	0	0.0	10.00	0.00
1065	-1	4	Endothelial	991	907	1.7231	M -1 -0.3 Q 0 -0.5 1 -0.3 L 1 0.3 Q 0 0.5 -1 0.3 Z	0.9337	G1	0		37.99	4.9834	False	False	0	0.0	10.00	0.00
1066	-1	4	Endothelial	982	951	4.3703	M -1 -0.3 Q 0 -0.5 1 -0.3 L 1 0.3 Q 0 0.5 -1 0.3 Z	0.9810	G1	0		38.06	4.8518	False	False	0	0.0	10.00	0.00
1067	-1	4	Endothelial	975	956	4.2548	M -1 -0.3 Q 0 -0.5 1 -0.3 L 1 0.3 Q 0 0.5 -1 0.3 Z	1.0451	G1	0		38.54	4.7656	False	False	0	0.0	10.00	0.00
1068	-1	4	Endothelial	965	966	3.0380	M -1 -0.3 Q 0 -0.5 1 -0.3 L 1 0.3 Q 0 0.5 -1 0.3 Z	0.9777	G1	0		38.29	4.7758	False	False	0	0.0	10.00	0.00
1069	-1	4	Endothelial	274	56	0.8328	M -1 -0.3 Q 0 -0.5 1 -0.3 L 1 0.3 Q 0 0.5 -1 0.3 Z	0.8836	G1	0		36.91	4.0737	False	False	0	0.0	10.00	0.00
1070	-1	4	Endothelial	243	144	2.2318	M -1 -0.3 Q 0 -0.5 1 -0.3 L 1 0.3 Q 0 0.5 -1 0.3 Z	1.0925	G1	0		37.24	3.9303	False	False	0	0.0	10.00	0.00
1071	-1	4	Endothelial	228	110	3.5372	M -1 -0.3 Q 0 -0.5 1 -0.3 L 1 0.3 Q 0 0.5 -1 0.3 Z	1.0567	G1	0		37.79	4.2005	False	False	0	0.0	10.00	0.00
1072	-1	4	Endothelial	172	115	0.7215	M -1 -0.3 Q 0 -0.5 1 -0.3 L 1 0.3 Q 0 0.5 -1 0.3 Z	0.8470	G1	0		37.11	4.0280	False	False	0	0.0	10.00	0.00
1073	-1	4	Endothelial	128	319	2.9693	M -1 -0.3 Q 0 -0.5 1 -0.3 L 1 0.3 Q 0 0.5 -1 0.3 Z	1.0066	G1	0		36.66	3.5827	False	False	0	0.0	10.00	0.00
1074	-1	4	Endothelial	118	292	1.7022	M -1 -0.3 Q 0 -0.5 1 -0.3 L 1 0.3 Q 0 0.5 -1 0.3 Z	1.1438	G1	0		37.75	4.0621	False	False	0	0.0	10.00	0.00
1075	-1	4	Endothelial	122	281	5.0517	M -1 -0.3 Q 0 -0.5 1 -0.3 L 1 0.3 Q 0 0.5 -1 0.3 Z	1.0633	G1	0		37.69	4.0836	False	False	0	0.0	10.00	0.00
1076	-1	4	Endothelial	151	294	3.5520	M -1 -0.3 Q 0 -0.5 1 -0.3 L 1 0.3 Q 0 0.5 -1 0.3 Z	0.8813	G1	0		37.16	3.8220	False	False	0	0.0	10.00	0.00
1077	-1	4	Endothelial	157	264	4.3738	M -1 -0.3 Q 0 -0.5 1 -0.3 L 1 0.3 Q 0 0.5 -1 0.3 Z	0.7720	G1	0		36.49	3.4464	False	False	0	0.0	10.00	0.00
1078	-1	4	Endothelial	38	468	4.7967	M -1 -0.3 Q 0 -0.5 1 -0.3 L 1 0.3 Q 0 0.5 -1 0.3 Z	0.8630	G1	0		37.08	4.1991	False	False	0	0.0	10.00	0.00
1079	-1	4	Endothelial	16	459	6.0299	M -1 -0.3 Q 0 -0.5 1 -0.3 L 1 0.3 Q 0 0.5 -1 0.3 Z	0.9807	G1	0		36.12	3.9479	False	False	0	0.0	10.00	0.00
1080	-1	4	Endothelial	21	482	4.4606	M -1 -0.3 Q 0 -0.5 1 -0.3 L 1 0.3 Q 0 0.5 -1 0.3 Z	0.9656	G1	0		37.70	4.5808	False	False	0	0.0	10.00	0.00
1081	-1	4	Endothelial	242	561	2.0347	M -1 -0.3 Q 0 -0.5 1 -0.3 L 1 0.3 Q 0 0.5 -1 0.3 Z	0.9490	G1	0		36.96	3.2204	False	False	0	0.0	10.00	0.00
1082	-1	4	Endothelial	208	562	0.2112	M -1 -0.3 Q 0 -0.5 1 -0.3 L 1 0.3 Q 0 0.5 -1 0.3 Z	0.9429	G1	0		35.60	2.5787	False	False	0	0.0	10.00	0.00
1083	-1	4	Endothelial	196	547	1.1984	M -1 -0.3 Q 0 -0.5 1 -0.3 L 1 0.3 Q 0 0.5 -1 0.3 Z	1.1701	G1	0		37.10	3.4187	False	False	0	0.0	10.00	0.00
1084	-1	4	Endothelial	200	557	2.6456	M -1 -0.3 Q 0 -0.5 1 -0.3 L 1 0.3 Q 0 0.5 -1 0.3 Z	0.9897	G1	0		37.27	3.3149	False	False	0	0.0	10.00	0.00
1085	-1	4	Endothelial	176	548	2.2164	M -1 -0.3 Q 0 -0.5 1 -0.3 L 1 0.3 Q 0 0.5 -1 0.3 Z	1.1695	G1	0		37.15	3.4863	False	False	0	0.0	10.00	0.00
1086	-1	4	Endothelial	166	559	3.0886	M -1 -0.3 Q 0 -0.5 1 -0.3 L 1 0.3 Q 0 0.5 -1 0.3 Z	1.2014	G1	0		37.51	3.6234	False	False	0	0.0	10.00	0.00
1087	-1	4	Endothelial	37	941	0.1664	M -1 -0.3 Q 0 -0.5 1 -0.3 L 1 0.3 Q 0 0.5 -1 0.3 Z	0.6926	G1	0		37.05	4.3094	False	False	0	0.0	10.00	0.00
1088	-1	4	Endothelial	39	933	1.6081	M -1 -0.3 Q 0 -0.5 1 -0.3 L 1 0.3 Q 0 0.5 -1 0.3 Z	0.8476	G1	0		37.14	4.4052	False	False	0	0.0	10.00	0.00
1089	-1	4	Endothelial	39	924	0.2976	M -1 -0.3 Q 0 -0.5 1 -0.3 L 1 0.3 Q 0 0.5 -1 0.3 Z	0.7837	G1	0		36.71	4.2237	False	False	0	0.0	10.00	0.00
1090	-1	4	Endothelial	39	916	3.7675	M -1 -0.3 Q 0 -0.5 1 -0.3 L 1 0.3 Q 0 0.5 -1 0.3 Z	0.9252	G1	0		37.92	4.6494	False	False	0	0.0	10.00	0.00
1091	-1	4	Endothelial	11	897	5.8868	M -1 -0.3 Q 0 -0.5 1 -0.3 L 1 0.3 Q 0 0.5 -1 0.3 Z	1.1450	G1	0		37.67	4.7518	False	False	0	0.0	10.00	0.00
1092	-1	4	Endothelial	48	898	1.8340	M -1 -0.3 Q 0 -0.5 1 -0.3 L 1 0.3 Q 0 0.5 -1 0.3 Z	1.1829	G1	0		37.07	4.3103	False	False	0	0.0	10.00	0.00
1093	-1	4	Endothelial	41	876	0.6395	M -1 -0.3 Q 0 -0.5 1 -0.3 L 1 0.3 Q 0 0.5 -1 0.3 Z	0.8081	G1	0		38.36	4.7221	False	False	0	0.0	10.00	0.00
1094	-1	4	Endothelial	22	865	0.0783	M -1 -0.3 Q 0 -0.5 1 -0.3 L 1 0.3 Q 0 0.5 -1 0.3 Z	1.0433	G1	0		37.74	4.7690	False	False	0	0.0	10.00	0.00
1095	-1	4	Endothelial	492	793	5.3211	M -1 -0.3 Q 0 -0.5 1 -0.3 L 1 0.3 Q 0 0.5 -1 0.3 Z	0.7750	G1	0		36.76	3.1630	False	False	0	0.0	10.00	0.00
1096	-1	4	Endothelial	509	801	3.1823	M -1 -0.3 Q 0 -0.5 1 -0.3 L 1 0.3 Q 0 0.5 -1 0.3 Z	1.1916	G1	0		37.05	3.4380	False	False	0	0.0	10.00	0.00
1097	-1	4	Endothelial	539	775	1.7277	M -1 -0.3 Q 0 -0.5 1 -0.3 L 1 0.3 Q 0 0.5 -1 0.3 Z	1.1610	G1	0		36.90	3.2609	False	False	0	0.0	10.00	0.00
1098	-1	4	Endothelial	508	750	2.3040	M -1 -0.3 Q 0 -0.5 1 -0.3 L 1 0.3 Q 0 0.5 -1 0.3 Z	0.8921	G1	0		37.03	3.1273	False	False	0	0.0	10.00	0.00
1099	-1	4	Endothelial	502	742	5.5488	M -1 -0.3 Q 0 -0.5 1 -0.3 L 1 0.3 Q 0 0.5 -1 0.3 Z	0.9438	G1	0		36.46	2.9142	False	False	0	0.0	10.00	0.00
1100	-1	4	Endothelial	510	720	2.1372	M -1 -0.3 Q 0 -0.5 1 -0.3 L 1 0.3 Q 0 0.5 -1 0.3 Z	1.0551	G1	0		35.53	2.3431	False	False	0	0.0	10.00	0.00
1101	-1	4	Endothelial	368	178	4.9984	M -1 -0.3 Q 0 -0.5 1 -0.3 L 1 0.3 Q 0 0.5 -1 0.3 Z	0.9478	G1	0		37.54	3.3684	False	False	0	0.0	10.00	0.00
1102	-1	4	Endothelial	408	184	2.4675	M -1 -0.3 Q 0 -0.5 1 -0.3 L 1 0.3 Q 0 0.5 -1 0.3 Z	0.9456	G1	0		37.04	3.5047	False	False	0	0.0	10.00	0.00
1103	-1	4	Endothelial	366	219	0.2433	M -1 -0.3 Q 0 -0.5 1 -0.3 L 1 0.3 Q 0 0.5 -1 0.3 Z	0.6805	G1	0		37.20	3.2925	False	False	0	0.0	10.00	0.00
1104	-1	4	Endothelial	398	194	2.2388	M -1 -0.3 Q 0 -0.5 1 -0.3 L 1 0.3 Q 0 0.5 -1 0.3 Z	0.6483	G1	0		37.23	3.4654	False	False	0	0.0	10.00	0.00
1105	-1	4	Endothelial	419	200	4.2596	M -1 -0.3 Q 0 -0.5 1 -0.3 L 1 0.3 Q 0 0.5 -1 0.3 Z	1.2906	G1	0		37.16	3.3148	False	False	0	0.0	10.00	0.00
1106	-1	4	Endothelial	502	847	3.7475	M -1 -0.3 Q 0 -0.5 1 -0.3 L 1 0.3 Q 0 0.5 -1 0.3 Z	1.1682	G1	0		37.71	3.6870	False	False	0	0.0	10.00	0.00
1107	-1	4	Endothelial	501	839	4.3608	M -1 -0.3 Q 0 -0.5 1 -0.3 L 1 0.3 Q 0 0.5 -1 0.3 Z	0.9323	G1	0		37.25	3.4363	False	False	0	0.0	10.00	0.00
1108	-1	4	Endothelial	498	865	2.7711	M -1 -0.3 Q 0 -0.5 1 -0.3 L 1 0.3 Q 0 0.5 -1 0.3 Z	1.0462	G1	0		37.16	3.7544	False	False	0	0.0	10.00	0.00
1109	-1	4	Endothelial	489	882	5.3732	M -1 -0.3 Q 0 -0.5 1 -0.3 L 1 0.3 Q 0 0.5 -1 0.3 Z	0.9028	G1	0		37.14	3.6860	False	False	0	0.0	10.00	0.00
1110	-1	4	Endothelial	493	905	2.6662	M -1 -0.3 Q 0 -0.5 1 -0.3 L 1 0.3 Q 0 0.5 -1 0.3 Z	0.9898	G1	0		36.69	3.7237	False	False	0	0.0	10.00	0.00
1111	-1	4	Endothelial	673	881	5.4430	M -1 -0.3 Q 0 -0.5 1 -0.3 L 1 0.3 Q 0 0.5 -1 0.3 Z	1.1627	G1	0		38.04	4.0195	False	False	0	0.0	10.00	0.00
1112	-1	4	Endothelial	640	901	1.2735	M -1 -0.3 Q 0 -0.5 1 -0.3 L 1 0.3 Q 0 0.5 -1 0.3 Z	1.0808	G1	0		37.23	3.8642	False	False	0	0.0	10.00	0.00
1113	-1	4	Endothelial	624	913	5.9347	M -1 -0.3 Q 0 -0.5 1 -0.3 L 1 0.3 Q 0 0.5 -1 0.3 Z	0.9260	G1	0		37.50	4.1357	False	False	0	0.0	10.00	0.00
1114	-1	4	Endothelial	615	898	0.8689	M -1 -0.3 Q 0 -0.5 1 -0.3 L 1 0.3 Q 0 0.5 -1 0.3 Z	0.9710	G1	0		37.51	4.0242	False	False	0	0.0	10.00	0.00
1115	-1	4	Endothelial	950	264	5.8241	M -1 -0.3 Q 0 -0.5 1 -0.3 L 1 0.3 Q 0 0.5 -1 0.3 Z	0.8883	G1	0		37.71	4.5333	False	False	0	0.0	10.00	0.00
1116	-1	4	Endothelial	915	231	4.3477	M -1 -0.3 Q 0 -0.5 1 -0.3 L 1 0.3 Q 0 0.5 -1 0.3 Z	0.7323	G1	0		37.42	4.2455	False	False	0	0.0	10.00	0.00
1117	-1	4	Endothelial	959	254	5.2428	M -1 -0.3 Q 0 -0.5 1 -0.3 L 1 0.3 Q 0 0.5 -1 0.3 Z	1.1298	G1	0		38.05	4.5947	False	False	0	0.0	10.00	0.00
1118	-1	4	Endothelial	985	248	5.5166	M -1 -0.3 Q 0 -0.5 1 -0.3 L 1 0.3 Q 0 0.5 -1 0.3 Z	1.0975	G1	0		37.94	4.7783	False	False	0	0.0	10.00	0.00
1119	-1	4	Endothelial	977	269	1.5815	M -1 -0.3 Q 0 -0.5 1 -0.3 L 1 0.3 Q 0 0.5 -1 0.3 Z	0.9565	G1	0		37.69	4.7435	False	False	0	0.0	10.00	0.00
1120	-1	4	Endothelial	725	151	0.3417	M -1 -0.3 Q 0 -0.5 1 -0.3 L 1 0.3 Q 0 0.5 -1 0.3 Z	0.9531	G1	0		37.24	3.8586	False	False	0	0.0	10.00	0.00
1121	-1	4	Endothelial	718	88	3.8958	M -1 -0.3 Q 0 -0.5 1 -0.3 L 1 0.3 Q 0 0.5 -1 0.3 Z	0.8202	G1	0		35.85	3.4039	False	False	0	0.0	10.00	0.00
1122	-1	4	Endothelial	710	97	5.3425	M -1 -0.3 Q 0 -0.5 1 -0.3 L 1 0.3 Q 0 0.5 -1 0.3 Z	1.1274	G1	0		37.81	4.2079	False	False	0	0.0	10.00	0.00
1123	-1	4	Endothelial	689	94	4.1406	M -1 -0.3 Q 0 -0.5 1 -0.3 L 1 0.3 Q 0 0.5 -1 0.3 Z	0.7553	G1	0		37.38	4.1181	False	False	0	0.0	10.00	0.00
1124	-1	4	Endothelial	157	349	5.5196	M -1 -0.3 Q 0 -0.5 1 -0.3 L 1 0.3 Q 0 0.5 -1 0.3 Z	0.8472	G1	0		37.22	3.7664	False	False	0	0.0	10.00	0.00
1125	-1	4	Endothelial	136	349	3.5345	M -1 -0.3 Q 0 -0.5 1 -0.3 L 1 0.3 Q 0 0.5 -1 0.3 Z	1.1376	G1	0		37.66	3.8930	False	False	0	0.0	10.00	0.00
1126	-1	4	Endothelial	171	331	1.5576	M -1 -0.3 Q 0 -0.5 1 -0.3 L 1 0.3 Q 0 0.5 -1 0.3 Z	0.5494	G1	0		36.20	3.1694	False	False	0	0.0	10.00	0.00
1127	-1	4	Endothelial	107	375	2.0658	M -1 -0.3 Q 0 -0.5 1 -0.3 L 1 0.3 Q 0 0.5 -1 0.3 Z	0.9126	G1	0		38.10	3.9823	False	False	0	0.0	10.00	0.00
1128	-1	4	Endothelial	426	24	0.2540	M -1 -0.3 Q 0 -0.5 1 -0.3 L 1 0.3 Q 0 0.5 -1 0.3 Z	0.8453	G1	0		37.50	4.5063	False	False	0	0.0	10.00	0.00
1129	-1	4	Endothelial	421	3	2.1154	M -1 -0.3 Q 0 -0.5 1 -0.3 L 1 0.3 Q 0 0.5 -1 0.3 Z	1.0050	G1	0		37.70	4.5424	False	False	0	0.0	10.00	0.00
1130	-1	4	Endothelial	493	0	2.0615	M -1 -0.3 Q 0 -0.5 1 -0.3 L 1 0.3 Q 0 0.5 -1 0.3 Z	1.0208	G1	0		36.47	4.1982	False	False	0	0.0	10.00	0.00
1131	-1	4	Endothelial	412	5	3.5138	M -1 -0.3 Q 0 -0.5 1 -0.3 L 1 0.3 Q 0 0.5 -1 0.3 Z	0.7538	G1	0		38.00	5.0000	False	False	0	0.0	10.00	0.00
1132	-1	4	Endothelial	273	48	5.8909	M -1 -0.3 Q 0 -0.5 1 -0.3 L 1 0.3 Q 0 0.5 -1 0.3 Z	0.9535	G1	0		38.01	4.5511	False	False	0	0.0	10.00	0.00
1133	-1	4	Endothelial	284	47	4.9753	M -1 -0.3 Q 0 -0.5 1 -0.3 L 1 0.3 Q 0 0.5 -1 0.3 Z	1.0376	G1	0		38.10	4.5052	False	False	0	0.0	10.00	0.00
1134	-1	4	Endothelial	296	46	0.0422	M -1 -0.3 Q 0 -0.5 1 -0.3 L 1 0.3 Q 0 0.5 -1 0.3 Z	0.8885	G1	0		38.14	4.4845	False	False	0	0.0	10.00	0.00
1135	-1	4	Endothelial	721	741	1.9501	M -1 -0.3 Q 0 -0.5 1 -0.3 L 1 0.3 Q 0 0.5 -1 0.3 Z	0.9149	G1	0		36.87	3.1746	False	False	0	0.0	10.00	0.00
1136	-1	4	Endothelial	717	722	2.8094	M -1 -0.3 Q 0 -0.5 1 -0.3 L 1 0.3 Q 0 0.5 -1 0.3 Z	0.8674	G1	0		37.07	3.3351	False	False	0	0.0	10.00	0.00
1137	-1	4	Endothelial	727	717	3.4725	M -1 -0.3 Q 0 -0.5 1 -0.3 L 1 0.3 Q 0 0.5 -1 0.3 Z	1.1002	G1	0		37.00	3.1239	False	False	0	0.0	10.00	0.00
1138	-1	4	Endothelial	614	794	3.5456	M -1 -0.3 Q 0 -0.5 1 -0.3 L 1 0.3 Q 0 0.5 -1 0.3 Z	1.0665	G1	0		37.24	3.2426	False	False	0	0.0	10.00	0.00
1139	-1	4	Endothelial	624	787	5.2673	M -1 -0.3 Q 0 -0.5 1 -0.3 L 1 0.3 Q 0 0.5 -1 0.3 Z	1.1753	G1	0		37.03	3.1080	False	False	0	0.0	10.00	0.00
1140	-1	4	Endothelial	634	781	4.7107	M -1 -0.3 Q 0 -0.5 1 -0.3 L 1 0.3 Q 0 0.5 -1 0.3 Z	1.1183	G1	0		37.24	3.3278	False	False	0	0.0	10.00	0.00
1141	-1	4	Endothelial	644	774	1.3110	M -1 -0.3 Q 0 -0.5 1 -0.3 L 1 0.3 Q 0 0.5 -1 0.3 Z	1.2785	G1	0		37.43	3.3363	False	False	0	0.0	10.00	0.00
1142	-1	4	Endothelial	658	738	0.0156	M -1 -0.3 Q 0 -0.5 1 -0.3 L 1 0.3 Q 0 0.5 -1 0.3 Z	0.7424	G1	0		36.75	3.1524	False	False	0	0.0	10.00	0.00
1143	-1	4	Endothelial	659	744	0.8114	M -1 -0.3 Q 0 -0.5 1 -0.3 L 1 0.3 Q 0 0.5 -1 0.3 Z	0.6629	G1	0		36.47	2.9801	False	False	0	0.0	10.00	0.00
1144	-1	4	Endothelial	241	708	2.6014	M -1 -0.3 Q 0 -0.5 1 -0.3 L 1 0.3 Q 0 0.5 -1 0.3 Z	1.1574	G1	0		37.17	3.3696	False	False	0	0.0	10.00	0.00
1145	-1	4	Endothelial	241	696	4.0519	M -1 -0.3 Q 0 -0.5 1 -0.3 L 1 0.3 Q 0 0.5 -1 0.3 Z	1.0013	G1	0		37.37	3.4081	False	False	0	0.0	10.00	0.00
1146	-1	4	Endothelial	242	684	3.1200	M -1 -0.3 Q 0 -0.5 1 -0.3 L 1 0.3 Q 0 0.5 -1 0.3 Z	0.8369	G1	0		37.44	3.3654	False	False	0	0.0	10.00	0.00
1147	-1	4	Endothelial	262	658	1.7472	M -1 -0.3 Q 0 -0.5 1 -0.3 L 1 0.3 Q 0 0.5 -1 0.3 Z	1.0635	G1	0		36.93	3.2675	False	False	0	0.0	10.00	0.00
1148	-1	4	Endothelial	400	589	5.7737	M -1 -0.3 Q 0 -0.5 1 -0.3 L 1 0.3 Q 0 0.5 -1 0.3 Z	1.2339	G1	0		36.60	2.5911	False	False	0	0.0	10.00	0.00
1149	-1	4	Endothelial	371	614	1.0818	M -1 -0.3 Q 0 -0.5 1 -0.3 L 1 0.3 Q 0 0.5 -1 0.3 Z	0.7868	G1	0		36.69	2.8335	False	False	0	0.0	10.00	0.00
1150	-1	4	Endothelial	431	580	3.2726	M -1 -0.3 Q 0 -0.5 1 -0.3 L 1 0.3 Q 0 0.5 -1 0.3 Z	1.0167	G1	0		35.79	2.2816	False	False	0	0.0	10.00	0.00
1151	-1	4	Endothelial	421	598	2.3935	M -1 -0.3 Q 0 -0.5 1 -0.3 L 1 0.3 Q 0 0.5 -1 0.3 Z	1.3304	G1	0		35.97	2.2934	False	False	0	0.0	10.00	0.00
1152	-1	4	Endothelial	455	610	0.6823	M -1 -0.3 Q 0 -0.5 1 -0.3 L 1 0.3 Q 0 0.5 -1 0.3 Z	0.9378	G1	0		36.61	2.7411	False	False	0	0.0	10.00	0.00
1153	-1	4	Endothelial	473	598	3.0435	M -1 -0.3 Q 0 -0.5 1 -0.3 L 1 0.3 Q 0 0.5 -1 0.3 Z	0.9298	G1	0		35.86	2.3398	False	False	0	0.0	10.00	0.00
1154	-1	4	Endothelial	946	51	4.9972	M -1 -0.3 Q 0 -0.5 1 -0.3 L 1 0.3 Q 0 0.5 -1 0.3 Z	1.3235	G1	0		37.78	4.7851	False	False	0	0.0	10.00	0.00
1155	-1	4	Endothelial	933	49	0.9704	M -1 -0.3 Q 0 -0.5 1 -0.3 L 1 0.3 Q 0 0.5 -1 0.3 Z	0.8590	G1	0		36.64	4.1689	False	False	0	0.0	10.00	0.00
1156	-1	4	Endothelial	935	38	3.4187	M -1 -0.3 Q 0 -0.5 1 -0.3 L 1 0.3 Q 0 0.5 -1 0.3 Z	0.9620	G1	0		38.12	4.7162	False	False	0	0.0	10.00	0.00
1157	-1	4	Endothelial	216	451	3.0164	M -1 -0.3 Q 0 -0.5 1 -0.3 L 1 0.3 Q 0 0.5 -1 0.3 Z	0.7698	G1	0		37.03	3.3340	False	False	0	0.0	10.00	0.00
1158	-1	4	Endothelial	168	438	5.3531	M -1 -0.3 Q 0 -0.5 1 -0.3 L 1 0.3 Q 0 0.5 -1 0.3 Z	1.2271	G1	0		37.20	3.6275	False	False	0	0.0	10.00	0.00
1159	-1	4	Endothelial	135	466	2.1616	M -1 -0.3 Q 0 -0.5 1 -0.3 L 1 0.3 Q 0 0.5 -1 0.3 Z	1.1561	G1	0		37.13	3.7426	False	False	0	0.0	10.00	0.00
1160	-1	4	Endothelial	154	488	5.0209	M -1 -0.3 Q 0 -0.5 1 -0.3 L 1 0.3 Q 0 0.5 -1 0.3 Z	1.1826	G1	0		36.98	3.5800	False	False	0	0.0	10.00	0.00
1161	-1	4	Endothelial	534	908	3.1663	M -1 -0.3 Q 0 -0.5 1 -0.3 L 1 0.3 Q 0 0.5 -1 0.3 Z	1.1897	G1	0		37.82	4.0838	False	False	0	0.0	10.00	0.00
1162	-1	4	Endothelial	516	891	6.1157	M -1 -0.3 Q 0 -0.5 1 -0.3 L 1 0.3 Q 0 0.5 -1 0.3 Z	1.1482	G1	0		37.62	3.8877	False	False	0	0.0	10.00	0.00
1163	-1	4	Endothelial	508	882	3.0342	M -1 -0.3 Q 0 -0.5 1 -0.3 L 1 0.3 Q 0 0.5 -1 0.3 Z	1.1457	G1	0		37.56	3.8841	False	False	0	0.0	10.00	0.00
1164	-1	4	Endothelial	499	874	4.7875	M -1 -0.3 Q 0 -0.5 1 -0.3 L 1 0.3 Q 0 0.5 -1 0.3 Z	1.0443	G1	0		37.59	3.8483	False	False	0	0.0	10.00	0.00
1165	-1	4	Endothelial	521	237	2.4317	M -1 -0.3 Q 0 -0.5 1 -0.3 L 1 0.3 Q 0 0.5 -1 0.3 Z	0.9530	G1	0		37.51	3.2670	False	False	0	0.0	10.00	0.00
1166	-1	4	Endothelial	518	270	4.6827	M -1 -0.3 Q 0 -0.5 1 -0.3 L 1 0.3 Q 0 0.5 -1 0.3 Z	0.9930	G1	0		37.03	3.0639	False	False	0	0.0	10.00	0.00
1167	-1	4	Endothelial	458	230	4.9764	M -1 -0.3 Q 0 -0.5 1 -0.3 L 1 0.3 Q 0 0.5 -1 0.3 Z	0.9614	G1	0		37.01	3.0431	False	False	0	0.0	10.00	0.00
1168	-1	4	Endothelial	487	236	5.7500	M -1 -0.3 Q 0 -0.5 1 -0.3 L 1 0.3 Q 0 0.5 -1 0.3 Z	1.2204	G1	0		36.80	3.1270	False	False	0	0.0	10.00	0.00
1169	-1	4	Endothelial	960	395	5.0509	M -1 -0.3 Q 0 -0.5 1 -0.3 L 1 0.3 Q 0 0.5 -1 0.3 Z	1.0746	G1	0		37.99	4.5721	False	False	0	0.0	10.00	0.00
1170	-1	4	Endothelial	951	387	0.5454	M -1 -0.3 Q 0 -0.5 1 -0.3 L 1 0.3 Q 0 0.5 -1 0.3 Z	1.0851	G1	0		37.67	4.4928	False	False	0	0.0	10.00	0.00
1171	-1	4	Endothelial	936	397	5.4630	M -1 -0.3 Q 0 -0.5 1 -0.3 L 1 0.3 Q 0 0.5 -1 0.3 Z	1.1793	G1	0		37.96	4.2918	False	False	0	0.0	10.00	0.00
1172	-1	4	Endothelial	910	412	2.7540	M -1 -0.3 Q 0 -0.5 1 -0.3 L 1 0.3 Q 0 0.5 -1 0.3 Z	1.0595	G1	0		37.38	4.0466	False	False	0	0.0	10.00	0.00
1173	-1	4	Endothelial	912	399	3.1492	M -1 -0.3 Q 0 -0.5 1 -0.3 L 1 0.3 Q 0 0.5 -1 0.3 Z	0.9900	G1	0		37.66	4.0846	False	False	0	0.0	10.00	0.00
1174	-1	4	Endothelial	891	405	0.0252	M -1 -0.3 Q 0 -0.5 1 -0.3 L 1 0.3 Q 0 0.5 -1 0.3 Z	0.8788	G1	0		37.18	3.8914	False	False	0	0.0	10.00	0.00
1175	-1	4	Endothelial	761	264	4.1221	M -1 -0.3 Q 0 -0.5 1 -0.3 L 1 0.3 Q 0 0.5 -1 0.3 Z	1.2614	G1	0		37.05	3.4853	False	False	0	0.0	10.00	0.00
1176	-1	4	Endothelial	746	260	5.5937	M -1 -0.3 Q 0 -0.5 1 -0.3 L 1 0.3 Q 0 0.5 -1 0.3 Z	0.7433	G1	0		35.65	2.7802	False	False	0	0.0	10.00	0.00
1177	-1	4	Endothelial	798	297	2.2965	M -1 -0.3 Q 0 -0.5 1 -0.3 L 1 0.3 Q 0 0.5 -1 0.3 Z	0.9689	G1	0		36.26	3.1626	False	False	0	0.0	10.00	0.00
1178	-1	4	Endothelial	779	291	6.0588	M -1 -0.3 Q 0 -0.5 1 -0.3 L 1 0.3 Q 0 0.5 -1 0.3 Z	1.0785	G1	0		37.21	3.4617	False	False	0	0.0	10.00	0.00
1179	-1	4	Endothelial	270	265	3.5227	M -1 -0.3 Q 0 -0.5 1 -0.3 L 1 0.3 Q 0 0.5 -1 0.3 Z	1.0295	G1	0		37.03	3.4410	False	False	0	0.0	10.00	0.00
1180	-1	4	Endothelial	243	299	4.0384	M -1 -0.3 Q 0 -0.5 1 -0.3 L 1 0.3 Q 0 0.5 -1 0.3 Z	1.0674	G1	0		37.09	3.4254	False	False	0	0.0	10.00	0.00
1181	-1	4	Endothelial	232	293	6.0642	M -1 -0.3 Q 0 -0.5 1 -0.3 L 1 0.3 Q 0 0.5 -1 0.3 Z	1.2676	G1	0		37.69	3.5157	False	False	0	0.0	10.00	0.00
1182	-1	4	Endothelial	826	780	5.1656	M -1 -0.3 Q 0 -0.5 1 -0.3 L 1 0.3 Q 0 0.5 -1 0.3 Z	0.8026	G1	0		37.97	3.8570	False	False	0	0.0	10.00	0.00
1183	-1	4	Endothelial	801	749	3.3576	M -1 -0.3 Q 0 -0.5 1 -0.3 L 1 0.3 Q 0 0.5 -1 0.3 Z	1.1545	G1	0		37.41	3.6218	False	False	0	0.0	10.00	0.00
1184	-1	4	Endothelial	791	742	5.1260	M -1 -0.3 Q 0 -0.5 1 -0.3 L 1 0.3 Q 0 0.5 -1 0.3 Z	1.0683	G1	0		37.39	3.5960	False	False	0	0.0	10.00	0.00
1185	-1	4	Endothelial	781	736	4.7493	M -1 -0.3 Q 0 -0.5 1 -0.3 L 1 0.3 Q 0 0.5 -1 0.3 Z	1.1196	G1	0		37.25	3.4448	False	False	0	0.0	10.00	0.00
1186	-1	4	Endothelial	247	393	1.3207	M -1 -0.3 Q 0 -0.5 1 -0.3 L 1 0.3 Q 0 0.5 -1 0.3 Z	1.1196	G1	0		37.27	3.2207	False	False	0	0.0	10.00	0.00
1187	-1	4	Endothelial	247	404	1.9959	M -1 -0.3 Q 0 -0.5 1 -0.3 L 1 0.3 Q 0 0.5 -1 0.3 Z	1.1418	G1	0		37.32	3.1761	False	False	0	0.0	10.00	0.00
1188	-1	4	Endothelial	255	400	2.6204	M -1 -0.3 Q 0 -0.5 1 -0.3 L 1 0.3 Q 0 0.5 -1 0.3 Z	1.0605	G1	0		36.90	3.2154	False	False	0	0.0	10.00	0.00
1189	-1	4	Endothelial	282	437	1.3363	M -1 -0.3 Q 0 -0.5 1 -0.3 L 1 0.3 Q 0 0.5 -1 0.3 Z	0.8986	G1	0		35.11	2.2121	False	False	0	0.0	10.00	0.00
1190	-1	4	Endothelial	247	440	4.2691	M -1 -0.3 Q 0 -0.5 1 -0.3 L 1 0.3 Q 0 0.5 -1 0.3 Z	1.0310	G1	0		37.09	3.1694	False	False	0	0.0	10.00	0.00
1191	-1	4	Endothelial	838	252	2.3876	M -1 -0.3 Q 0 -0.5 1 -0.3 L 1 0.3 Q 0 0.5 -1 0.3 Z	1.0131	G1	0		36.40	3.3962	False	False	0	0.0	10.00	0.00
1192	-1	4	Endothelial	836	288	3.8379	M -1 -0.3 Q 0 -0.5 1 -0.3 L 1 0.3 Q 0 0.5 -1 0.3 Z	1.3387	G1	0		37.15	3.7089	False	False	0	0.0	10.00	0.00
1193	-1	4	Endothelial	853	274	4.9679	M -1 -0.3 Q 0 -0.5 1 -0.3 L 1 0.3 Q 0 0.5 -1 0.3 Z	0.8667	G1	0		37.30	3.8260	False	False	0	0.0	10.00	0.00
1194	-1	4	Endothelial	848	314	3.5909	M -1 -0.3 Q 0 -0.5 1 -0.3 L 1 0.3 Q 0 0.5 -1 0.3 Z	1.2246	G1	0		37.21	3.7802	False	False	0	0.0	10.00	0.00
1195	-1	4	Endothelial	860	315	4.6361	M -1 -0.3 Q 0 -0.5 1 -0.3 L 1 0.3 Q 0 0.5 -1 0.3 Z	0.9372	G1	0		36.67	3.4697	False	False	0	0.0	10.00	0.00
1196	-1	4	Endothelial	959	428	2.1866	M -1 -0.3 Q 0 -0.5 1 -0.3 L 1 0.3 Q 0 0.5 -1 0.3 Z	1.1614	G1	0		37.78	4.4561	False	False	0	0.0	10.00	0.00
1197	-1	4	Endothelial	953	437	2.3965	M -1 -0.3 Q 0 -0.5 1 -0.3 L 1 0.3 Q 0 0.5 -1 0.3 Z	1.2430	G1	0		37.58	4.4654	False	False	0	0.0	10.00	0.00
1198	-1	4	Endothelial	184	233	4.7246	M -1 -0.3 Q 0 -0.5 1 -0.3 L 1 0.3 Q 0 0.5 -1 0.3 Z	1.1311	G1	0		37.10	3.6473	False	False	0	0.0	10.00	0.00
1199	-1	4	Endothelial	226	257	0.2977	M -1 -0.3 Q 0 -0.5 1 -0.3 L 1 0.3 Q 0 0.5 -1 0.3 Z	0.8724	G1	0		37.21	3.5674	False	False	0	0.0	10.00	0.00
1200	-1	4	Endothelial	217	260	3.6069	M -1 -0.3 Q 0 -0.5 1 -0.3 L 1 0.3 Q 0 0.5 -1 0.3 Z	0.6912	G1	0		37.51	3.6631	False	False	0	0.0	10.00	0.00
1201	-1	4	Endothelial	237	273	0.9620	M -1 -0.3 Q 0 -0.5 1 -0.3 L 1 0.3 Q 0 0.5 -1 0.3 Z	0.8831	G1	0		37.36	3.3905	False	False	0	0.0	10.00	0.00
1202	-1	4	Endothelial	247	279	2.7585	M -1 -0.3 Q 0 -0.5 1 -0.3 L 1 0.3 Q 0 0.5 -1 0.3 Z	1.0547	G1	0		37.56	3.4369	False	False	0	0.0	10.00	0.00
1203	-1	4	Endothelial	710	842	5.3544	M -1 -0.3 Q 0 -0.5 1 -0.3 L 1 0.3 Q 0 0.5 -1 0.3 Z	1.0077	G1	0		37.43	3.8029	False	False	0	0.0	10.00	0.00
1204	-1	4	Endothelial	724	847	5.0379	M -1 -0.3 Q 0 -0.5 1 -0.3 L 1 0.3 Q 0 0.5 -1 0.3 Z	1.1051	G1	0		37.17	3.8066	False	False	0	0.0	10.00	0.00
1205	-1	4	Endothelial	689	809	4.0105	M -1 -0.3 Q 0 -0.5 1 -0.3 L 1 0.3 Q 0 0.5 -1 0.3 Z	0.8912	G1	0		36.86	3.4404	False	False	0	0.0	10.00	0.00
1206	-1	4	Endothelial	726	795	2.7103	M -1 -0.3 Q 0 -0.5 1 -0.3 L 1 0.3 Q 0 0.5 -1 0.3 Z	0.7849	G1	0		36.63	3.3490	False	False	0	0.0	10.00	0.00
1207	-1	4	Endothelial	699	808	6.0437	M -1 -0.3 Q 0 -0.5 1 -0.3 L 1 0.3 Q 0 0.5 -1 0.3 Z	1.0396	G1	0		37.39	3.6398	False	False	0	0.0	10.00	0.00
1208	-1	4	Endothelial	718	774	4.7559	M -1 -0.3 Q 0 -0.5 1 -0.3 L 1 0.3 Q 0 0.5 -1 0.3 Z	1.2775	G1	0		36.73	3.2716	False	False	0	0.0	10.00	0.00
1209	-1	4	Endothelial	698	755	3.6036	M -1 -0.3 Q 0 -0.5 1 -0.3 L 1 0.3 Q 0 0.5 -1 0.3 Z	0.9543	G1	0		36.95	3.3752	False	False	0	0.0	10.00	0.00
1210	-1	4	Endothelial	983	885	4.5537	M -1 -0.3 Q 0 -0.5 1 -0.3 L 1 0.3 Q 0 0.5 -1 0.3 Z	1.0086	G1	0		38.36	4.7461	False	False	0	0.0	10.00	0.00
1211	-1	4	Endothelial	999	913	1.3270	M -1 -0.3 Q 0 -0.5 1 -0.3 L 1 0.3 Q 0 0.5 -1 0.3 Z	1.1422	G1	0		37.99	4.9760	False	False	0	0.0	10.00	0.00
1212	-1	4	Endothelial	50	823	1.5719	M -1 -0.3 Q 0 -0.5 1 -0.3 L 1 0.3 Q 0 0.5 -1 0.3 Z	0.8488	G1	0		38.41	4.6486	False	False	0	0.0	10.00	0.00
1213	-1	4	Endothelial	34	841	1.2583	M -1 -0.3 Q 0 -0.5 1 -0.3 L 1 0.3 Q 0 0.5 -1 0.3 Z	1.0671	G1	0		37.53	4.3152	False	False	0	0.0	10.00	0.00
1214	-1	4	Endothelial	22	840	2.8321	M -1 -0.3 Q 0 -0.5 1 -0.3 L 1 0.3 Q 0 0.5 -1 0.3 Z	0.9719	G1	0		37.96	4.7594	False	False	0	0.0	10.00	0.00
1215	-1	4	Endothelial	114	631	1.7476	M -1 -0.3 Q 0 -0.5 1 -0.3 L 1 0.3 Q 0 0.5 -1 0.3 Z	1.0228	G1	0		37.32	3.9663	False	False	0	0.0	10.00	0.00
1216	-1	4	Endothelial	103	643	6.2089	M -1 -0.3 Q 0 -0.5 1 -0.3 L 1 0.3 Q 0 0.5 -1 0.3 Z	1.0945	G1	0		37.44	4.0349	False	False	0	0.0	10.00	0.00
1217	-1	4	Endothelial	92	644	1.5626	M -1 -0.3 Q 0 -0.5 1 -0.3 L 1 0.3 Q 0 0.5 -1 0.3 Z	1.3289	G1	0		37.78	4.0984	False	False	0	0.0	10.00	0.00
1218	-1	4	Endothelial	60	669	3.2205	M -1 -0.3 Q 0 -0.5 1 -0.3 L 1 0.3 Q 0 0.5 -1 0.3 Z	0.8855	G1	0		38.01	4.3498	False	False	0	0.0	10.00	0.00
1219	-1	4	Endothelial	240	636	4.2769	M -1 -0.3 Q 0 -0.5 1 -0.3 L 1 0.3 Q 0 0.5 -1 0.3 Z	0.8250	G1	0		36.82	3.2541	False	False	0	0.0	10.00	0.00
1220	-1	4	Endothelial	225	621	3.0870	M -1 -0.3 Q 0 -0.5 1 -0.3 L 1 0.3 Q 0 0.5 -1 0.3 Z	1.0712	G1	0		37.37	3.2831	False	False	0	0.0	10.00	0.00
1221	-1	4	Endothelial	209	618	4.7628	M -1 -0.3 Q 0 -0.5 1 -0.3 L 1 0.3 Q 0 0.5 -1 0.3 Z	1.1197	G1	0		37.42	3.4467	False	False	0	0.0	10.00	0.00
1222	-1	4	Endothelial	223	593	5.2535	M -1 -0.3 Q 0 -0.5 1 -0.3 L 1 0.3 Q 0 0.5 -1 0.3 Z	0.7796	G1	0		37.55	3.2904	False	False	0	0.0	10.00	0.00
1223	-1	4	Endothelial	211	605	3.2975	M -1 -0.3 Q 0 -0.5 1 -0.3 L 1 0.3 Q 0 0.5 -1 0.3 Z	0.8835	G1	0		36.99	3.3978	False	False	0	0.0	10.00	0.00
1224	-1	4	Endothelial	920	217	4.3866	M -1 -0.3 Q 0 -0.5 1 -0.3 L 1 0.3 Q 0 0.5 -1 0.3 Z	0.8514	G1	0		37.62	4.3634	False	False	0	0.0	10.00	0.00
1225	-1	4	Endothelial	940	215	0.1463	M -1 -0.3 Q 0 -0.5 1 -0.3 L 1 0.3 Q 0 0.5 -1 0.3 Z	1.0871	G1	0		37.81	4.4097	False	False	0	0.0	10.00	0.00
1226	-1	4	Endothelial	946	232	4.1035	M -1 -0.3 Q 0 -0.5 1 -0.3 L 1 0.3 Q 0 0.5 -1 0.3 Z	1.0995	G1	0		38.20	4.4603	False	False	0	0.0	10.00	0.00
1227	-1	4	Endothelial	949	249	2.6093	M -1 -0.3 Q 0 -0.5 1 -0.3 L 1 0.3 Q 0 0.5 -1 0.3 Z	1.0784	G1	0		37.99	4.4901	False	False	0	0.0	10.00	0.00
1228	-1	4	Endothelial	146	34	0.1266	M -1 -0.3 Q 0 -0.5 1 -0.3 L 1 0.3 Q 0 0.5 -1 0.3 Z	1.1282	G1	0		38.19	4.6732	False	False	0	0.0	10.00	0.00
1229	-1	4	Endothelial	158	41	3.9558	M -1 -0.3 Q 0 -0.5 1 -0.3 L 1 0.3 Q 0 0.5 -1 0.3 Z	1.0468	G1	0		37.24	4.4187	False	False	0	0.0	10.00	0.00
1230	-1	4	Endothelial	152	57	3.5673	M -1 -0.3 Q 0 -0.5 1 -0.3 L 1 0.3 Q 0 0.5 -1 0.3 Z	1.1559	G1	0		38.05	4.6090	False	False	0	0.0	10.00	0.00
1231	-1	4	Endothelial	319	863	2.4521	M -1 -0.3 Q 0 -0.5 1 -0.3 L 1 0.3 Q 0 0.5 -1 0.3 Z	1.1054	G1	0		37.46	3.8074	False	False	0	0.0	10.00	0.00
1232	-1	4	Endothelial	348	859	4.3092	M -1 -0.3 Q 0 -0.5 1 -0.3 L 1 0.3 Q 0 0.5 -1 0.3 Z	0.8774	G1	0		35.32	2.8512	False	False	0	0.0	10.00	0.00
1233	-1	4	Endothelial	331	872	3.9443	M -1 -0.3 Q 0 -0.5 1 -0.3 L 1 0.3 Q 0 0.5 -1 0.3 Z	0.9375	G1	0		37.39	3.9132	False	False	0	0.0	10.00	0.00
1234	-1	4	Endothelial	338	862	4.5423	M -1 -0.3 Q 0 -0.5 1 -0.3 L 1 0.3 Q 0 0.5 -1 0.3 Z	0.9187	G1	0		36.62	3.3731	False	False	0	0.0	10.00	0.00
1235	-1	4	Endothelial	363	881	2.0599	M -1 -0.3 Q 0 -0.5 1 -0.3 L 1 0.3 Q 0 0.5 -1 0.3 Z	0.9210	G1	0		37.60	3.9089	False	False	0	0.0	10.00	0.00
1236	-1	4	Endothelial	644	643	2.9542	M -1 -0.3 Q 0 -0.5 1 -0.3 L 1 0.3 Q 0 0.5 -1 0.3 Z	0.9389	G1	0		36.22	2.6540	False	False	0	0.0	10.00	0.00
1237	-1	4	Endothelial	636	627	4.3077	M -1 -0.3 Q 0 -0.5 1 -0.3 L 1 0.3 Q 0 0.5 -1 0.3 Z	0.8788	G1	0		36.62	2.8491	False	False	0	0.0	10.00	0.00
1238	-1	4	Endothelial	600	614	1.7780	M -1 -0.3 Q 0 -0.5 1 -0.3 L 1 0.3 Q 0 0.5 -1 0.3 Z	0.8947	G1	0		36.54	2.7371	False	False	0	0.0	10.00	0.00
1239	-1	4	Endothelial	590	615	4.1006	M -1 -0.3 Q 0 -0.5 1 -0.3 L 1 0.3 Q 0 0.5 -1 0.3 Z	0.9621	G1	0		36.05	2.4044	False	False	0	0.0	10.00	0.00
1240	-1	4	Endothelial	582	626	4.6013	M -1 -0.3 Q 0 -0.5 1 -0.3 L 1 0.3 Q 0 0.5 -1 0.3 Z	0.9759	G1	0		37.02	2.7983	False	False	0	0.0	10.00	0.00
1241	-1	4	Endothelial	616	514	1.7448	M -1 -0.3 Q 0 -0.5 1 -0.3 L 1 0.3 Q 0 0.5 -1 0.3 Z	1.1266	G1	0		36.88	2.5838	False	False	0	0.0	10.00	0.00
1242	-1	4	Endothelial	616	545	3.7942	M -1 -0.3 Q 0 -0.5 1 -0.3 L 1 0.3 Q 0 0.5 -1 0.3 Z	0.9892	G1	0		36.38	2.5939	False	False	0	0.0	10.00	0.00
1243	-1	4	Endothelial	608	549	2.7491	M -1 -0.3 Q 0 -0.5 1 -0.3 L 1 0.3 Q 0 0.5 -1 0.3 Z	1.0744	G1	0		36.54	2.5176	False	False	0	0.0	10.00	0.00
1244	-1	4	Endothelial	456	92	2.1596	M -1 -0.3 Q 0 -0.5 1 -0.3 L 1 0.3 Q 0 0.5 -1 0.3 Z	1.0910	G1	0		37.79	4.1020	False	False	0	0.0	10.00	0.00
1245	-1	4	Endothelial	423	119	3.5425	M -1 -0.3 Q 0 -0.5 1 -0.3 L 1 0.3 Q 0 0.5 -1 0.3 Z	0.8489	G1	0		35.78	3.1304	False	False	0	0.0	10.00	0.00
1246	-1	4	Endothelial	364	99	2.9345	M -1 -0.3 Q 0 -0.5 1 -0.3 L 1 0.3 Q 0 0.5 -1 0.3 Z	0.6857	G1	0		37.28	4.0219	False	False	0	0.0	10.00	0.00
1247	-1	4	Endothelial	408	111	0.7007	M -1 -0.3 Q 0 -0.5 1 -0.3 L 1 0.3 Q 0 0.5 -1 0.3 Z	0.8425	G1	0		36.93	3.6377	False	False	0	0.0	10.00	0.00
1248	-1	4	Endothelial	399	109	2.5906	M -1 -0.3 Q 0 -0.5 1 -0.3 L 1 0.3 Q 0 0.5 -1 0.3 Z	0.7974	G1	0		37.37	3.9223	False	False	0	0.0	10.00	0.00
1249	-1	4	Endothelial	366	111	0.1255	M -1 -0.3 Q 0 -0.5 1 -0.3 L 1 0.3 Q 0 0.5 -1 0.3 Z	1.2969	G1	0		37.72	3.9731	False	False	0	0.0	10.00	0.00
1250	-1	4	Endothelial	47	362	2.9130	M -1 -0.3 Q 0 -0.5 1 -0.3 L 1 0.3 Q 0 0.5 -1 0.3 Z	1.1204	G1	0		37.99	4.4864	False	False	0	0.0	10.00	0.00
1251	-1	4	Endothelial	57	355	6.2008	M -1 -0.3 Q 0 -0.5 1 -0.3 L 1 0.3 Q 0 0.5 -1 0.3 Z	1.1033	G1	0		38.04	4.3961	False	False	0	0.0	10.00	0.00
1252	-1	4	Endothelial	67	349	1.6008	M -1 -0.3 Q 0 -0.5 1 -0.3 L 1 0.3 Q 0 0.5 -1 0.3 Z	1.1399	G1	0		38.00	4.3462	False	False	0	0.0	10.00	0.00
1253	-1	4	Endothelial	58	337	3.2412	M -1 -0.3 Q 0 -0.5 1 -0.3 L 1 0.3 Q 0 0.5 -1 0.3 Z	0.8752	G1	0		37.44	4.3118	False	False	0	0.0	10.00	0.00
1254	-1	4	Endothelial	99	341	3.8961	M -1 -0.3 Q 0 -0.5 1 -0.3 L 1 0.3 Q 0 0.5 -1 0.3 Z	1.1638	G1	0		37.76	4.1395	False	False	0	0.0	10.00	0.00
1255	-1	4	Endothelial	108	325	0.8388	M -1 -0.3 Q 0 -0.5 1 -0.3 L 1 0.3 Q 0 0.5 -1 0.3 Z	1.0265	G1	0		37.40	3.7807	False	False	0	0.0	10.00	0.00
1256	-1	4	Endothelial	424	151	2.3522	M -1 -0.3 Q 0 -0.5 1 -0.3 L 1 0.3 Q 0 0.5 -1 0.3 Z	0.9591	G1	0		35.91	3.0732	False	False	0	0.0	10.00	0.00
1257	-1	4	Endothelial	433	155	5.5370	M -1 -0.3 Q 0 -0.5 1 -0.3 L 1 0.3 Q 0 0.5 -1 0.3 Z	0.8780	G1	0		37.54	3.5979	False	False	0	0.0	10.00	0.00
1258	-1	4	Endothelial	440	134	3.2126	M -1 -0.3 Q 0 -0.5 1 -0.3 L 1 0.3 Q 0 0.5 -1 0.3 Z	1.2601	G1	0		37.58	3.8276	False	False	0	0.0	10.00	0.00
1259	-1	4	Endothelial	445	123	2.4277	M -1 -0.3 Q 0 -0.5 1 -0.3 L 1 0.3 Q 0 0.5 -1 0.3 Z	1.2053	G1	0		37.86	3.8526	False	False	0	0.0	10.00	0.00
1260	-1	4	Endothelial	429	113	3.2591	M -1 -0.3 Q 0 -0.5 1 -0.3 L 1 0.3 Q 0 0.5 -1 0.3 Z	0.9452	G1	0		37.27	3.8815	False	False	0	0.0	10.00	0.00
1261	-1	4	Endothelial	458	120	2.7049	M -1 -0.3 Q 0 -0.5 1 -0.3 L 1 0.3 Q 0 0.5 -1 0.3 Z	1.0385	G1	0		36.71	3.5941	False	False	0	0.0	10.00	0.00
1262	-1	4	Endothelial	465	83	2.1740	M -1 -0.3 Q 0 -0.5 1 -0.3 L 1 0.3 Q 0 0.5 -1 0.3 Z	0.8388	G1	0		37.42	4.0574	False	False	0	0.0	10.00	0.00
1263	-1	4	Endothelial	662	68	5.2065	M -1 -0.3 Q 0 -0.5 1 -0.3 L 1 0.3 Q 0 0.5 -1 0.3 Z	1.0470	G1	0		38.11	4.3504	False	False	0	0.0	10.00	0.00
1264	-1	4	Endothelial	102	898	0.2264	M -1 -0.3 Q 0 -0.5 1 -0.3 L 1 0.3 Q 0 0.5 -1 0.3 Z	0.9853	G1	0		36.85	3.9553	False	False	0	0.0	10.00	0.00
1265	-1	4	Endothelial	94	881	2.1532	M -1 -0.3 Q 0 -0.5 1 -0.3 L 1 0.3 Q 0 0.5 -1 0.3 Z	1.0143	G1	0		37.36	4.2042	False	False	0	0.0	10.00	0.00
1266	-1	4	Endothelial	87	888	0.5857	M -1 -0.3 Q 0 -0.5 1 -0.3 L 1 0.3 Q 0 0.5 -1 0.3 Z	1.4566	G1	0		37.99	4.5056	False	False	0	0.0	10.00	0.00
1267	-1	4	Endothelial	53	882	1.1994	M -1 -0.3 Q 0 -0.5 1 -0.3 L 1 0.3 Q 0 0.5 -1 0.3 Z	1.0985	G1	0		37.89	4.5170	False	False	0	0.0	10.00	0.00
1268	-1	4	Endothelial	40	897	5.5400	M -1 -0.3 Q 0 -0.5 1 -0.3 L 1 0.3 Q 0 0.5 -1 0.3 Z	0.9419	G1	0		37.71	4.5396	False	False	0	0.0	10.00	0.00
1269	-1	4	Endothelial	10	929	5.5025	M -1 -0.3 Q 0 -0.5 1 -0.3 L 1 0.3 Q 0 0.5 -1 0.3 Z	0.8085	G1	0		37.88	4.9063	False	False	0	0.0	10.00	0.00
1270	-1	4	Endothelial	589	159	4.4920	M -1 -0.3 Q 0 -0.5 1 -0.3 L 1 0.3 Q 0 0.5 -1 0.3 Z	1.1190	G1	0		36.65	3.4354	False	False	0	0.0	10.00	0.00
1271	-1	4	Endothelial	593	125	6.2146	M -1 -0.3 Q 0 -0.5 1 -0.3 L 1 0.3 Q 0 0.5 -1 0.3 Z	0.7140	G1	0		37.85	3.8468	False	False	0	0.0	10.00	0.00
1272	-1	4	Endothelial	605	122	2.4879	M -1 -0.3 Q 0 -0.5 1 -0.3 L 1 0.3 Q 0 0.5 -1 0.3 Z	1.2774	G1	0		37.70	3.8897	False	False	0	0.0	10.00	0.00
1273	-1	4	Endothelial	616	119	4.3655	M -1 -0.3 Q 0 -0.5 1 -0.3 L 1 0.3 Q 0 0.5 -1 0.3 Z	1.0029	G1	0		37.70	3.9474	False	False	0	0.0	10.00	0.00
1274	-1	4	Endothelial	612	106	0.5677	M -1 -0.3 Q 0 -0.5 1 -0.3 L 1 0.3 Q 0 0.5 -1 0.3 Z	0.7980	G1	0		37.35	3.9955	False	False	0	0.0	10.00	0.00
1275	-1	4	Endothelial	619	161	0.9110	M -1 -0.3 Q 0 -0.5 1 -0.3 L 1 0.3 Q 0 0.5 -1 0.3 Z	0.7830	G1	0		37.20	3.7029	False	False	0	0.0	10.00	0.00
1276	-1	4	Endothelial	646	175	0.4798	M -1 -0.3 Q 0 -0.5 1 -0.3 L 1 0.3 Q 0 0.5 -1 0.3 Z	1.2344	G1	0		37.68	3.5755	False	False	0	0.0	10.00	0.00
1277	-1	4	Endothelial	625	178	0.8759	M -1 -0.3 Q 0 -0.5 1 -0.3 L 1 0.3 Q 0 0.5 -1 0.3 Z	0.8741	G1	0		33.84	1.9056	False	False	0	0.0	10.00	0.00
1278	-1	4	Endothelial	157	948	3.6521	M -1 -0.3 Q 0 -0.5 1 -0.3 L 1 0.3 Q 0 0.5 -1 0.3 Z	0.8790	G1	0		38.09	4.6145	False	False	0	0.0	10.00	0.00
1279	-1	4	Endothelial	167	982	0.4514	M -1 -0.3 Q 0 -0.5 1 -0.3 L 1 0.3 Q 0 0.5 -1 0.3 Z	0.6100	G1	0		36.36	3.9664	False	False	0	0.0	10.00	0.00
1280	-1	4	Endothelial	177	960	6.2231	M -1 -0.3 Q 0 -0.5 1 -0.3 L 1 0.3 Q 0 0.5 -1 0.3 Z	0.7336	G1	0		37.45	4.2745	False	False	0	0.0	10.00	0.00
1281	-1	4	Endothelial	187	966	2.6583	M -1 -0.3 Q 0 -0.5 1 -0.3 L 1 0.3 Q 0 0.5 -1 0.3 Z	0.8939	G1	0		38.19	4.6478	False	False	0	0.0	10.00	0.00
1282	-1	4	Endothelial	794	384	2.8475	M -1 -0.3 Q 0 -0.5 1 -0.3 L 1 0.3 Q 0 0.5 -1 0.3 Z	0.7303	G1	0		36.90	3.3519	False	False	0	0.0	10.00	0.00
1283	-1	4	Endothelial	33	146	5.3524	M -1 -0.3 Q 0 -0.5 1 -0.3 L 1 0.3 Q 0 0.5 -1 0.3 Z	0.7506	G1	0		37.39	4.3159	False	False	0	0.0	10.00	0.00
1284	-1	4	Endothelial	30	134	1.1570	M -1 -0.3 Q 0 -0.5 1 -0.3 L 1 0.3 Q 0 0.5 -1 0.3 Z	0.9207	G1	0		38.12	4.7828	False	False	0	0.0	10.00	0.00
1285	-1	4	Endothelial	0	121	1.0152	M -1 -0.3 Q 0 -0.5 1 -0.3 L 1 0.3 Q 0 0.5 -1 0.3 Z	0.9593	G1	0		36.94	4.4505	False	False	0	0.0	10.00	0.00
1286	-1	4	Endothelial	35	110	1.0830	M -1 -0.3 Q 0 -0.5 1 -0.3 L 1 0.3 Q 0 0.5 -1 0.3 Z	1.0369	G1	0		37.78	4.7680	False	False	0	0.0	10.00	0.00
1287	-1	4	Endothelial	554	69	2.8448	M -1 -0.3 Q 0 -0.5 1 -0.3 L 1 0.3 Q 0 0.5 -1 0.3 Z	1.0021	G1	0		37.55	4.2751	False	False	0	0.0	10.00	0.00
1288	-1	4	Endothelial	535	86	1.3930	M -1 -0.3 Q 0 -0.5 1 -0.3 L 1 0.3 Q 0 0.5 -1 0.3 Z	0.7630	G1	0		37.02	3.9369	False	False	0	0.0	10.00	0.00
1289	-1	4	Endothelial	514	36	5.6698	M -1 -0.3 Q 0 -0.5 1 -0.3 L 1 0.3 Q 0 0.5 -1 0.3 Z	0.8240	G1	0		37.38	4.3985	False	False	0	0.0	10.00	0.00
1290	-1	4	Endothelial	552	255	3.0161	M -1 -0.3 Q 0 -0.5 1 -0.3 L 1 0.3 Q 0 0.5 -1 0.3 Z	1.0348	G1	0		36.81	3.1224	False	False	0	0.0	10.00	0.00
1291	-1	4	Endothelial	543	244	2.2309	M -1 -0.3 Q 0 -0.5 1 -0.3 L 1 0.3 Q 0 0.5 -1 0.3 Z	1.0114	G1	0		36.86	3.1056	False	False	0	0.0	10.00	0.00
1292	-1	4	Endothelial	532	243	0.7792	M -1 -0.3 Q 0 -0.5 1 -0.3 L 1 0.3 Q 0 0.5 -1 0.3 Z	0.9493	G1	0		37.51	3.2170	False	False	0	0.0	10.00	0.00
1293	-1	4	Endothelial	496	228	5.3208	M -1 -0.3 Q 0 -0.5 1 -0.3 L 1 0.3 Q 0 0.5 -1 0.3 Z	1.1172	G1	0		37.29	3.2664	False	False	0	0.0	10.00	0.00
1294	-1	4	Endothelial	509	175	2.7796	M -1 -0.3 Q 0 -0.5 1 -0.3 L 1 0.3 Q 0 0.5 -1 0.3 Z	1.2180	G1	0		36.82	3.3634	False	False	0	0.0	10.00	0.00
1295	-1	4	Endothelial	486	172	5.8097	M -1 -0.3 Q 0 -0.5 1 -0.3 L 1 0.3 Q 0 0.5 -1 0.3 Z	0.9933	G1	0		36.81	3.4055	False	False	0	0.0	10.00	0.00
1296	-1	4	Endothelial	266	335	4.2037	M -1 -0.3 Q 0 -0.5 1 -0.3 L 1 0.3 Q 0 0.5 -1 0.3 Z	0.8734	G1	0		36.79	3.1746	False	False	0	0.0	10.00	0.00
1297	-1	4	Endothelial	271	329	5.2037	M -1 -0.3 Q 0 -0.5 1 -0.3 L 1 0.3 Q 0 0.5 -1 0.3 Z	0.8619	G1	0		36.83	3.0428	False	False	0	0.0	10.00	0.00
1298	-1	4	Endothelial	269	317	5.9905	M -1 -0.3 Q 0 -0.5 1 -0.3 L 1 0.3 Q 0 0.5 -1 0.3 Z	1.0862	G1	0		36.78	2.9510	False	False	0	0.0	10.00	0.00
1299	-1	4	Endothelial	266	305	6.0747	M -1 -0.3 Q 0 -0.5 1 -0.3 L 1 0.3 Q 0 0.5 -1 0.3 Z	0.8660	G1	0		37.46	3.2862	False	False	0	0.0	10.00	0.00
1300	-1	4	Endothelial	272	287	3.6828	M -1 -0.3 Q 0 -0.5 1 -0.3 L 1 0.3 Q 0 0.5 -1 0.3 Z	0.8970	G1	0		36.59	3.1454	False	False	0	0.0	10.00	0.00
1301	-1	4	Endothelial	127	774	1.1373	M -1 -0.3 Q 0 -0.5 1 -0.3 L 1 0.3 Q 0 0.5 -1 0.3 Z	0.8886	G1	0		37.24	3.9989	False	False	0	0.0	10.00	0.00
1302	-1	4	Endothelial	151	797	2.6368	M -1 -0.3 Q 0 -0.5 1 -0.3 L 1 0.3 Q 0 0.5 -1 0.3 Z	0.9577	G1	0		36.65	3.5923	False	False	0	0.0	10.00	0.00
1303	-1	4	Endothelial	134	784	2.5547	M -1 -0.3 Q 0 -0.5 1 -0.3 L 1 0.3 Q 0 0.5 -1 0.3 Z	1.0546	G1	0		37.20	3.9657	False	False	0	0.0	10.00	0.00
1304	-1	4	Endothelial	131	795	0.9817	M -1 -0.3 Q 0 -0.5 1 -0.3 L 1 0.3 Q 0 0.5 -1 0.3 Z	0.7720	G1	0		37.40	4.1228	False	False	0	0.0	10.00	0.00
1305	-1	4	Endothelial	138	835	1.7229	M -1 -0.3 Q 0 -0.5 1 -0.3 L 1 0.3 Q 0 0.5 -1 0.3 Z	0.8127	G1	0		37.67	4.0540	False	False	0	0.0	10.00	0.00
1306	-1	4	Endothelial	135	847	3.3938	M -1 -0.3 Q 0 -0.5 1 -0.3 L 1 0.3 Q 0 0.5 -1 0.3 Z	0.8487	G1	0		37.94	4.2187	False	False	0	0.0	10.00	0.00
1307	-1	4	Endothelial	697	307	1.1192	M -1 -0.3 Q 0 -0.5 1 -0.3 L 1 0.3 Q 0 0.5 -1 0.3 Z	1.1003	G1	0		36.21	2.8495	False	False	0	0.0	10.00	0.00
1308	-1	4	Endothelial	669	288	5.2522	M -1 -0.3 Q 0 -0.5 1 -0.3 L 1 0.3 Q 0 0.5 -1 0.3 Z	0.9590	G1	0		37.25	3.0406	False	False	0	0.0	10.00	0.00
1309	-1	4	Endothelial	660	280	2.0308	M -1 -0.3 Q 0 -0.5 1 -0.3 L 1 0.3 Q 0 0.5 -1 0.3 Z	1.0422	G1	0		36.80	2.9335	False	False	0	0.0	10.00	0.00
1310	-1	4	Endothelial	651	272	4.3150	M -1 -0.3 Q 0 -0.5 1 -0.3 L 1 0.3 Q 0 0.5 -1 0.3 Z	1.3731	G1	0		37.25	3.2227	False	False	0	0.0	10.00	0.00
1311	-1	4	Endothelial	632	263	4.1391	M -1 -0.3 Q 0 -0.5 1 -0.3 L 1 0.3 Q 0 0.5 -1 0.3 Z	0.9470	G1	0		36.79	3.1417	False	False	0	0.0	10.00	0.00
1312	-1	4	Endothelial	472	313	4.5734	M -1 -0.3 Q 0 -0.5 1 -0.3 L 1 0.3 Q 0 0.5 -1 0.3 Z	1.1145	G1	0		37.09	2.9408	False	False	0	0.0	10.00	0.00
1313	-1	4	Endothelial	482	306	2.0208	M -1 -0.3 Q 0 -0.5 1 -0.3 L 1 0.3 Q 0 0.5 -1 0.3 Z	0.9812	G1	0		37.14	2.9466	False	False	0	0.0	10.00	0.00
1314	-1	4	Endothelial	482	297	3.1436	M -1 -0.3 Q 0 -0.5 1 -0.3 L 1 0.3 Q 0 0.5 -1 0.3 Z	0.9465	G1	0		36.08	2.5894	False	False	0	0.0	10.00	0.00
1315	-1	4	Endothelial	503	283	3.7040	M -1 -0.3 Q 0 -0.5 1 -0.3 L 1 0.3 Q 0 0.5 -1 0.3 Z	1.0603	G1	0		36.52	2.8562	False	False	0	0.0	10.00	0.00
1316	-1	4	Endothelial	518	278	3.0382	M -1 -0.3 Q 0 -0.5 1 -0.3 L 1 0.3 Q 0 0.5 -1 0.3 Z	0.8521	G1	0		37.07	2.9834	False	False	0	0.0	10.00	0.00
1317	-1	4	Endothelial	121	548	6.2612	M -1 -0.3 Q 0 -0.5 1 -0.3 L 1 0.3 Q 0 0.5 -1 0.3 Z	1.0327	G1	0		36.99	3.6560	False	False	0	0.0	10.00	0.00
1318	-1	4	Endothelial	135	525	3.0114	M -1 -0.3 Q 0 -0.5 1 -0.3 L 1 0.3 Q 0 0.5 -1 0.3 Z	1.0979	G1	0		37.10	3.7261	False	False	0	0.0	10.00	0.00
1319	-1	4	Endothelial	120	520	4.5939	M -1 -0.3 Q 0 -0.5 1 -0.3 L 1 0.3 Q 0 0.5 -1 0.3 Z	1.0269	G1	0		37.36	3.8619	False	False	0	0.0	10.00	0.00
1320	-1	4	Endothelial	141	514	3.2065	M -1 -0.3 Q 0 -0.5 1 -0.3 L 1 0.3 Q 0 0.5 -1 0.3 Z	0.8845	G1	0		37.46	3.7159	False	False	0	0.0	10.00	0.00
1321	-1	4	Endothelial	174	494	3.1607	M -1 -0.3 Q 0 -0.5 1 -0.3 L 1 0.3 Q 0 0.5 -1 0.3 Z	0.9748	G1	0		37.05	3.4919	False	False	0	0.0	10.00	0.00
1322	-1	4	Endothelial	738	703	0.2104	M -1 -0.3 Q 0 -0.5 1 -0.3 L 1 0.3 Q 0 0.5 -1 0.3 Z	0.9056	G1	0		37.05	3.3124	False	False	0	0.0	10.00	0.00
1323	-1	4	Endothelial	761	689	1.6035	M -1 -0.3 Q 0 -0.5 1 -0.3 L 1 0.3 Q 0 0.5 -1 0.3 Z	1.1482	G1	0		37.21	3.4529	False	False	0	0.0	10.00	0.00
1324	-1	4	Endothelial	733	681	2.7337	M -1 -0.3 Q 0 -0.5 1 -0.3 L 1 0.3 Q 0 0.5 -1 0.3 Z	0.9097	G1	0		37.40	3.3379	False	False	0	0.0	10.00	0.00
1325	-1	4	Endothelial	761	653	2.9781	M -1 -0.3 Q 0 -0.5 1 -0.3 L 1 0.3 Q 0 0.5 -1 0.3 Z	1.1443	G1	0		37.24	3.2705	False	False	0	0.0	10.00	0.00
1326	-1	4	Endothelial	773	645	5.7032	M -1 -0.3 Q 0 -0.5 1 -0.3 L 1 0.3 Q 0 0.5 -1 0.3 Z	0.9836	G1	0		36.98	3.2923	False	False	0	0.0	10.00	0.00
1327	-1	4	Endothelial	397	683	1.7607	M -1 -0.3 Q 0 -0.5 1 -0.3 L 1 0.3 Q 0 0.5 -1 0.3 Z	1.0302	G1	0		37.23	2.9174	False	False	0	0.0	10.00	0.00
1328	-1	4	Endothelial	401	715	4.0134	M -1 -0.3 Q 0 -0.5 1 -0.3 L 1 0.3 Q 0 0.5 -1 0.3 Z	0.9875	G1	0		35.98	2.4727	False	False	0	0.0	10.00	0.00
1329	-1	4	Endothelial	385	686	2.5394	M -1 -0.3 Q 0 -0.5 1 -0.3 L 1 0.3 Q 0 0.5 -1 0.3 Z	0.9634	G1	0		36.67	2.9556	False	False	0	0.0	10.00	0.00
1330	-1	4	Endothelial	411	710	6.0445	M -1 -0.3 Q 0 -0.5 1 -0.3 L 1 0.3 Q 0 0.5 -1 0.3 Z	1.2360	G1	0		36.16	2.6068	False	False	0	0.0	10.00	0.00
1331	-1	4	Endothelial	329	969	3.8438	M -1 -0.3 Q 0 -0.5 1 -0.3 L 1 0.3 Q 0 0.5 -1 0.3 Z	0.9150	G1	0		36.25	3.7604	False	False	0	0.0	10.00	0.00
1332	-1	4	Endothelial	304	988	5.6474	M -1 -0.3 Q 0 -0.5 1 -0.3 L 1 0.3 Q 0 0.5 -1 0.3 Z	1.0130	G1	0		38.19	4.8140	False	False	0	0.0	10.00	0.00
1333	-1	4	Endothelial	781	742	5.7730	M -1 -0.3 Q 0 -0.5 1 -0.3 L 1 0.3 Q 0 0.5 -1 0.3 Z	0.7140	G1	0		37.25	3.5110	False	False	0	0.0	10.00	0.00
1334	-1	4	Endothelial	773	749	0.8414	M -1 -0.3 Q 0 -0.5 1 -0.3 L 1 0.3 Q 0 0.5 -1 0.3 Z	1.3794	G1	0		37.45	3.6331	False	False	0	0.0	10.00	0.00
1335	-1	4	Endothelial	747	720	0.5075	M -1 -0.3 Q 0 -0.5 1 -0.3 L 1 0.3 Q 0 0.5 -1 0.3 Z	0.8025	G1	0		36.72	3.2414	False	False	0	0.0	10.00	0.00
1336	-1	4	Endothelial	771	734	5.2520	M -1 -0.3 Q 0 -0.5 1 -0.3 L 1 0.3 Q 0 0.5 -1 0.3 Z	1.0917	G1	0		37.35	3.5681	False	False	0	0.0	10.00	0.00
1337	-1	4	Endothelial	985	534	0.6432	M -1 -0.3 Q 0 -0.5 1 -0.3 L 1 0.3 Q 0 0.5 -1 0.3 Z	0.8703	G1	0		38.13	4.7530	False	False	0	0.0	10.00	0.00
1338	-1	4	Endothelial	999	484	0.6649	M -1 -0.3 Q 0 -0.5 1 -0.3 L 1 0.3 Q 0 0.5 -1 0.3 Z	1.1293	G1	0		36.53	4.2194	False	False	0	0.0	10.00	0.00
1339	-1	4	Endothelial	869	47	0.3872	M -1 -0.3 Q 0 -0.5 1 -0.3 L 1 0.3 Q 0 0.5 -1 0.3 Z	1.0931	G1	0		38.03	4.6716	False	False	0	0.0	10.00	0.00
1340	-1	4	Endothelial	869	35	4.3936	M -1 -0.3 Q 0 -0.5 1 -0.3 L 1 0.3 Q 0 0.5 -1 0.3 Z	1.0912	G1	0		37.77	4.4861	False	False	0	0.0	10.00	0.00
1341	-1	4	Endothelial	859	23	0.7130	M -1 -0.3 Q 0 -0.5 1 -0.3 L 1 0.3 Q 0 0.5 -1 0.3 Z	1.1878	G1	0		38.06	4.8024	False	False	0	0.0	10.00	0.00
1342	-1	4	Endothelial	877	17	4.2662	M -1 -0.3 Q 0 -0.5 1 -0.3 L 1 0.3 Q 0 0.5 -1 0.3 Z	0.8777	G1	0		37.61	4.7175	False	False	0	0.0	10.00	0.00
1343	-1	4	Endothelial	870	20	4.3010	M -1 -0.3 Q 0 -0.5 1 -0.3 L 1 0.3 Q 0 0.5 -1 0.3 Z	0.8333	G1	0		38.13	4.8200	False	False	0	0.0	10.00	0.00
1344	-1	4	Endothelial	298	24	5.4837	M -1 -0.3 Q 0 -0.5 1 -0.3 L 1 0.3 Q 0 0.5 -1 0.3 Z	0.9644	G1	0		37.51	4.6023	False	False	0	0.0	10.00	0.00
1345	-1	4	Endothelial	308	43	3.4976	M -1 -0.3 Q 0 -0.5 1 -0.3 L 1 0.3 Q 0 0.5 -1 0.3 Z	0.8722	G1	0		38.06	4.5685	False	False	0	0.0	10.00	0.00
1346	-1	4	Endothelial	302	53	0.2058	M -1 -0.3 Q 0 -0.5 1 -0.3 L 1 0.3 Q 0 0.5 -1 0.3 Z	0.8245	G1	0		38.05	4.4571	False	False	0	0.0	10.00	0.00
1347	-1	4	Endothelial	296	74	0.4220	M -1 -0.3 Q 0 -0.5 1 -0.3 L 1 0.3 Q 0 0.5 -1 0.3 Z	1.0336	G1	0		38.27	4.2898	False	False	0	0.0	10.00	0.00
1348	-1	4	Endothelial	168	467	4.1174	M -1 -0.3 Q 0 -0.5 1 -0.3 L 1 0.3 Q 0 0.5 -1 0.3 Z	0.9648	G1	0		37.23	3.4247	False	False	0	0.0	10.00	0.00
1349	-1	4	Endothelial	151	461	2.9926	M -1 -0.3 Q 0 -0.5 1 -0.3 L 1 0.3 Q 0 0.5 -1 0.3 Z	1.2367	G1	0		37.23	3.7479	False	False	0	0.0	10.00	0.00
1350	-1	4	Endothelial	182	469	1.6546	M -1 -0.3 Q 0 -0.5 1 -0.3 L 1 0.3 Q 0 0.5 -1 0.3 Z	1.3324	G1	0		37.25	3.4193	False	False	0	0.0	10.00	0.00
1351	-1	4	Endothelial	208	449	1.2301	M -1 -0.3 Q 0 -0.5 1 -0.3 L 1 0.3 Q 0 0.5 -1 0.3 Z	0.9340	G1	0		36.99	3.3905	False	False	0	0.0	10.00	0.00
1352	-1	4	Endothelial	214	462	0.9414	M -1 -0.3 Q 0 -0.5 1 -0.3 L 1 0.3 Q 0 0.5 -1 0.3 Z	0.8602	G1	0		36.80	3.2416	False	False	0	0.0	10.00	0.00
1353	-1	4	Endothelial	478	501	2.9227	M -1 -0.3 Q 0 -0.5 1 -0.3 L 1 0.3 Q 0 0.5 -1 0.3 Z	1.0760	G1	0		36.87	2.6767	False	False	0	0.0	10.00	0.00
1354	-1	4	Endothelial	484	490	6.0266	M -1 -0.3 Q 0 -0.5 1 -0.3 L 1 0.3 Q 0 0.5 -1 0.3 Z	1.0889	G1	0		36.89	2.6550	False	False	0	0.0	10.00	0.00
1355	-1	4	Endothelial	477	484	5.1330	M -1 -0.3 Q 0 -0.5 1 -0.3 L 1 0.3 Q 0 0.5 -1 0.3 Z	1.0507	G1	0		36.37	2.4802	False	False	0	0.0	10.00	0.00
1356	-1	4	Endothelial	484	462	2.6573	M -1 -0.3 Q 0 -0.5 1 -0.3 L 1 0.3 Q 0 0.5 -1 0.3 Z	0.9843	G1	0		36.31	2.4666	False	False	0	0.0	10.00	0.00
1357	-1	4	Endothelial	82	562	5.4191	M -1 -0.3 Q 0 -0.5 1 -0.3 L 1 0.3 Q 0 0.5 -1 0.3 Z	0.8756	G1	0		37.80	4.2263	False	False	0	0.0	10.00	0.00
1358	-1	4	Endothelial	87	541	2.5431	M -1 -0.3 Q 0 -0.5 1 -0.3 L 1 0.3 Q 0 0.5 -1 0.3 Z	1.0683	G1	0		37.54	4.0297	False	False	0	0.0	10.00	0.00
1359	-1	4	Endothelial	109	538	4.3983	M -1 -0.3 Q 0 -0.5 1 -0.3 L 1 0.3 Q 0 0.5 -1 0.3 Z	0.8691	G1	0		37.85	4.0852	False	False	0	0.0	10.00	0.00
1360	-1	4	Endothelial	108	512	3.8674	M -1 -0.3 Q 0 -0.5 1 -0.3 L 1 0.3 Q 0 0.5 -1 0.3 Z	0.7638	G1	0		36.98	3.8113	False	False	0	0.0	10.00	0.00
1361	-1	4	Endothelial	103	481	0.9819	M -1 -0.3 Q 0 -0.5 1 -0.3 L 1 0.3 Q 0 0.5 -1 0.3 Z	1.0641	G1	0		37.08	3.8009	False	False	0	0.0	10.00	0.00
1362	-1	4	Endothelial	74	471	6.2472	M -1 -0.3 Q 0 -0.5 1 -0.3 L 1 0.3 Q 0 0.5 -1 0.3 Z	0.8787	G1	0		37.86	4.0051	False	False	0	0.0	10.00	0.00
1363	-1	4	Endothelial	202	119	5.0867	M -1 -0.3 Q 0 -0.5 1 -0.3 L 1 0.3 Q 0 0.5 -1 0.3 Z	1.2129	G1	0		37.22	3.9276	False	False	0	0.0	10.00	0.00
1364	-1	4	Endothelial	191	105	3.7026	M -1 -0.3 Q 0 -0.5 1 -0.3 L 1 0.3 Q 0 0.5 -1 0.3 Z	0.7268	G1	0		36.30	3.6943	False	False	0	0.0	10.00	0.00
1365	-1	4	Endothelial	235	95	2.9643	M -1 -0.3 Q 0 -0.5 1 -0.3 L 1 0.3 Q 0 0.5 -1 0.3 Z	0.8652	G1	0		37.37	4.1950	False	False	0	0.0	10.00	0.00
1366	-1	4	Endothelial	75	188	0.7893	M -1 -0.3 Q 0 -0.5 1 -0.3 L 1 0.3 Q 0 0.5 -1 0.3 Z	0.9571	G1	0		38.16	4.4428	False	False	0	0.0	10.00	0.00
1367	-1	4	Endothelial	83	208	5.9061	M -1 -0.3 Q 0 -0.5 1 -0.3 L 1 0.3 Q 0 0.5 -1 0.3 Z	1.1870	G1	0		38.09	4.3873	False	False	0	0.0	10.00	0.00
1368	-1	4	Endothelial	62	237	5.0142	M -1 -0.3 Q 0 -0.5 1 -0.3 L 1 0.3 Q 0 0.5 -1 0.3 Z	1.0501	G1	0		37.84	4.3569	False	False	0	0.0	10.00	0.00
1369	-1	4	Endothelial	65	246	3.8935	M -1 -0.3 Q 0 -0.5 1 -0.3 L 1 0.3 Q 0 0.5 -1 0.3 Z	0.9800	G1	0		37.32	4.2500	False	False	0	0.0	10.00	0.00
1370	-1	4	Endothelial	42	275	5.3635	M -1 -0.3 Q 0 -0.5 1 -0.3 L 1 0.3 Q 0 0.5 -1 0.3 Z	1.0796	G1	0		37.63	4.5621	False	False	0	0.0	10.00	0.00
1371	-1	4	Endothelial	45	252	3.4610	M -1 -0.3 Q 0 -0.5 1 -0.3 L 1 0.3 Q 0 0.5 -1 0.3 Z	1.2705	G1	0		37.99	4.5007	False	False	0	0.0	10.00	0.00
1372	-1	4	Endothelial	679	98	4.6586	M -1 -0.3 Q 0 -0.5 1 -0.3 L 1 0.3 Q 0 0.5 -1 0.3 Z	1.0662	G1	0		37.19	3.6516	False	False	0	0.0	10.00	0.00
1373	-1	4	Endothelial	682	110	0.6394	M -1 -0.3 Q 0 -0.5 1 -0.3 L 1 0.3 Q 0 0.5 -1 0.3 Z	1.1508	G1	0		37.42	3.7713	False	False	0	0.0	10.00	0.00
1374	-1	4	Endothelial	702	96	2.9786	M -1 -0.3 Q 0 -0.5 1 -0.3 L 1 0.3 Q 0 0.5 -1 0.3 Z	0.8398	G1	0		37.48	4.0804	False	False	0	0.0	10.00	0.00
1375	-1	4	Endothelial	708	128	0.1145	M -1 -0.3 Q 0 -0.5 1 -0.3 L 1 0.3 Q 0 0.5 -1 0.3 Z	1.0999	G1	0		37.09	3.8162	False	False	0	0.0	10.00	0.00
1376	-1	4	Endothelial	693	144	5.0994	M -1 -0.3 Q 0 -0.5 1 -0.3 L 1 0.3 Q 0 0.5 -1 0.3 Z	0.9869	G1	0		37.64	3.8045	False	False	0	0.0	10.00	0.00
1377	-1	4	Endothelial	555	30	4.5881	M -1 -0.3 Q 0 -0.5 1 -0.3 L 1 0.3 Q 0 0.5 -1 0.3 Z	0.8586	G1	0		37.61	4.5767	False	False	0	0.0	10.00	0.00
1378	-1	4	Endothelial	537	31	5.5115	M -1 -0.3 Q 0 -0.5 1 -0.3 L 1 0.3 Q 0 0.5 -1 0.3 Z	1.0370	G1	0		37.80	4.4480	False	False	0	0.0	10.00	0.00
1379	-1	4	Endothelial	515	21	1.1492	M -1 -0.3 Q 0 -0.5 1 -0.3 L 1 0.3 Q 0 0.5 -1 0.3 Z	1.0835	G1	0		38.12	4.7223	False	False	0	0.0	10.00	0.00
1380	-1	4	Endothelial	709	669	5.9829	M -1 -0.3 Q 0 -0.5 1 -0.3 L 1 0.3 Q 0 0.5 -1 0.3 Z	0.6939	G1	0		37.00	3.0790	False	False	0	0.0	10.00	0.00
1381	-1	4	Endothelial	695	662	4.6602	M -1 -0.3 Q 0 -0.5 1 -0.3 L 1 0.3 Q 0 0.5 -1 0.3 Z	0.7104	G1	0		36.99	3.1076	False	False	0	0.0	10.00	0.00
1382	-1	4	Endothelial	735	643	4.1436	M -1 -0.3 Q 0 -0.5 1 -0.3 L 1 0.3 Q 0 0.5 -1 0.3 Z	0.9384	G1	0		35.79	2.6561	False	False	0	0.0	10.00	0.00
1383	-1	4	Endothelial	721	660	2.9866	M -1 -0.3 Q 0 -0.5 1 -0.3 L 1 0.3 Q 0 0.5 -1 0.3 Z	0.9222	G1	0		37.06	3.2008	False	False	0	0.0	10.00	0.00
1384	-1	4	Endothelial	749	706	2.7141	M -1 -0.3 Q 0 -0.5 1 -0.3 L 1 0.3 Q 0 0.5 -1 0.3 Z	0.9204	G1	0		37.35	3.4182	False	False	0	0.0	10.00	0.00
1385	-1	4	Endothelial	881	883	3.7105	M -1 -0.3 Q 0 -0.5 1 -0.3 L 1 0.3 Q 0 0.5 -1 0.3 Z	0.7881	G1	0		37.14	4.1867	False	False	0	0.0	10.00	0.00
1386	-1	4	Endothelial	874	861	1.2267	M -1 -0.3 Q 0 -0.5 1 -0.3 L 1 0.3 Q 0 0.5 -1 0.3 Z	1.3074	G1	0		37.88	4.3104	False	False	0	0.0	10.00	0.00
1387	-1	4	Endothelial	852	872	3.2798	M -1 -0.3 Q 0 -0.5 1 -0.3 L 1 0.3 Q 0 0.5 -1 0.3 Z	1.1277	G1	0		37.71	4.3061	False	False	0	0.0	10.00	0.00
1388	-1	4	Endothelial	861	840	2.9632	M -1 -0.3 Q 0 -0.5 1 -0.3 L 1 0.3 Q 0 0.5 -1 0.3 Z	0.8403	G1	0		36.84	3.9041	False	False	0	0.0	10.00	0.00
1389	-1	4	Endothelial	511	908	3.6568	M -1 -0.3 Q 0 -0.5 1 -0.3 L 1 0.3 Q 0 0.5 -1 0.3 Z	1.2821	G1	0		37.49	4.0502	False	False	0	0.0	10.00	0.00
1390	-1	4	Endothelial	501	901	3.2605	M -1 -0.3 Q 0 -0.5 1 -0.3 L 1 0.3 Q 0 0.5 -1 0.3 Z	0.9783	G1	0		37.58	4.0407	False	False	0	0.0	10.00	0.00
1391	-1	4	Endothelial	505	930	2.7589	M -1 -0.3 Q 0 -0.5 1 -0.3 L 1 0.3 Q 0 0.5 -1 0.3 Z	0.7377	G1	0		36.33	3.5443	False	False	0	0.0	10.00	0.00
1392	-1	4	Endothelial	498	932	0.9865	M -1 -0.3 Q 0 -0.5 1 -0.3 L 1 0.3 Q 0 0.5 -1 0.3 Z	1.0125	G1	0		37.20	3.9577	False	False	0	0.0	10.00	0.00
1393	-1	4	Endothelial	503	947	4.6910	M -1 -0.3 Q 0 -0.5 1 -0.3 L 1 0.3 Q 0 0.5 -1 0.3 Z	0.8901	G1	0		37.46	4.2824	False	False	0	0.0	10.00	0.00
1394	-1	4	Endothelial	161	601	5.7756	M -1 -0.3 Q 0 -0.5 1 -0.3 L 1 0.3 Q 0 0.5 -1 0.3 Z	0.8796	G1	0		36.46	3.0388	False	False	0	0.0	10.00	0.00
1395	-1	4	Endothelial	156	595	1.0269	M -1 -0.3 Q 0 -0.5 1 -0.3 L 1 0.3 Q 0 0.5 -1 0.3 Z	1.0000	G1	0		37.43	3.4385	False	False	0	0.0	10.00	0.00
1396	-1	4	Endothelial	144	597	4.6652	M -1 -0.3 Q 0 -0.5 1 -0.3 L 1 0.3 Q 0 0.5 -1 0.3 Z	1.0560	G1	0		37.65	3.7562	False	False	0	0.0	10.00	0.00
1397	-1	4	Endothelial	114	594	4.8709	M -1 -0.3 Q 0 -0.5 1 -0.3 L 1 0.3 Q 0 0.5 -1 0.3 Z	1.0063	G1	0		36.87	3.7153	False	False	0	0.0	10.00	0.00
1398	-1	4	Endothelial	917	14	1.1329	M -1 -0.3 Q 0 -0.5 1 -0.3 L 1 0.3 Q 0 0.5 -1 0.3 Z	1.1022	G1	0		37.77	4.8218	False	False	0	0.0	10.00	0.00
1399	-1	4	Endothelial	968	43	3.7209	M -1 -0.3 Q 0 -0.5 1 -0.3 L 1 0.3 Q 0 0.5 -1 0.3 Z	1.5040	G1	0		38.32	4.7962	False	False	0	0.0	10.00	0.00
1400	-1	4	Endothelial	486	559	0.1874	M -1 -0.3 Q 0 -0.5 1 -0.3 L 1 0.3 Q 0 0.5 -1 0.3 Z	0.8445	G1	0		34.94	1.8455	False	False	0	0.0	10.00	0.00
1401	-1	4	Endothelial	500	556	5.2236	M -1 -0.3 Q 0 -0.5 1 -0.3 L 1 0.3 Q 0 0.5 -1 0.3 Z	1.0787	G1	0		36.34	2.5280	False	False	0	0.0	10.00	0.00
1402	-1	4	Endothelial	533	568	3.5648	M -1 -0.3 Q 0 -0.5 1 -0.3 L 1 0.3 Q 0 0.5 -1 0.3 Z	1.3061	G1	0		37.13	2.7064	False	False	0	0.0	10.00	0.00
1403	-1	4	Endothelial	407	250	1.9772	M -1 -0.3 Q 0 -0.5 1 -0.3 L 1 0.3 Q 0 0.5 -1 0.3 Z	1.0253	G1	0		35.26	2.3632	False	False	0	0.0	10.00	0.00
1404	-1	4	Endothelial	384	257	0.6889	M -1 -0.3 Q 0 -0.5 1 -0.3 L 1 0.3 Q 0 0.5 -1 0.3 Z	0.9584	G1	0		37.40	3.1619	False	False	0	0.0	10.00	0.00
1405	-1	4	Endothelial	381	268	3.0747	M -1 -0.3 Q 0 -0.5 1 -0.3 L 1 0.3 Q 0 0.5 -1 0.3 Z	0.9865	G1	0		37.40	3.1258	False	False	0	0.0	10.00	0.00
1406	-1	4	Endothelial	285	694	4.1055	M -1 -0.3 Q 0 -0.5 1 -0.3 L 1 0.3 Q 0 0.5 -1 0.3 Z	0.6241	G1	0		36.68	3.1015	False	False	0	0.0	10.00	0.00
1407	-1	4	Endothelial	321	705	2.1003	M -1 -0.3 Q 0 -0.5 1 -0.3 L 1 0.3 Q 0 0.5 -1 0.3 Z	0.9667	G1	0		37.17	3.1280	False	False	0	0.0	10.00	0.00
1408	-1	4	Endothelial	341	696	0.2824	M -1 -0.3 Q 0 -0.5 1 -0.3 L 1 0.3 Q 0 0.5 -1 0.3 Z	0.7559	G1	0		36.70	3.0499	False	False	0	0.0	10.00	0.00
1409	-1	4	Endothelial	723	434	1.0990	M -1 -0.3 Q 0 -0.5 1 -0.3 L 1 0.3 Q 0 0.5 -1 0.3 Z	1.3258	G1	0		36.76	3.0043	False	False	0	0.0	10.00	0.00
1410	-1	4	Endothelial	727	424	4.1377	M -1 -0.3 Q 0 -0.5 1 -0.3 L 1 0.3 Q 0 0.5 -1 0.3 Z	0.9384	G1	0		37.01	2.9309	False	False	0	0.0	10.00	0.00
1411	-1	4	Endothelial	694	445	5.6902	M -1 -0.3 Q 0 -0.5 1 -0.3 L 1 0.3 Q 0 0.5 -1 0.3 Z	1.1615	G1	0		36.65	2.8587	False	False	0	0.0	10.00	0.00
1412	-1	4	Endothelial	680	445	0.2545	M -1 -0.3 Q 0 -0.5 1 -0.3 L 1 0.3 Q 0 0.5 -1 0.3 Z	0.9771	G1	0		37.50	2.9573	False	False	0	0.0	10.00	0.00
1413	-1	4	Endothelial	334	127	5.2056	M -1 -0.3 Q 0 -0.5 1 -0.3 L 1 0.3 Q 0 0.5 -1 0.3 Z	1.2953	G1	0		37.61	3.8019	False	False	0	0.0	10.00	0.00
1414	-1	4	Endothelial	316	66	3.9956	M -1 -0.3 Q 0 -0.5 1 -0.3 L 1 0.3 Q 0 0.5 -1 0.3 Z	0.7477	G1	0		37.41	4.2767	False	False	0	0.0	10.00	0.00
1415	-1	4	Endothelial	317	177	5.4315	M -1 -0.3 Q 0 -0.5 1 -0.3 L 1 0.3 Q 0 0.5 -1 0.3 Z	0.7793	G1	0		37.01	3.5963	False	False	0	0.0	10.00	0.00
1416	-1	4	Endothelial	305	125	0.7043	M -1 -0.3 Q 0 -0.5 1 -0.3 L 1 0.3 Q 0 0.5 -1 0.3 Z	1.0791	G1	0		37.57	3.9702	False	False	0	0.0	10.00	0.00
1417	-1	4	Endothelial	295	110	3.2982	M -1 -0.3 Q 0 -0.5 1 -0.3 L 1 0.3 Q 0 0.5 -1 0.3 Z	0.9366	G1	0		37.60	4.0216	False	False	0	0.0	10.00	0.00
1418	-1	4	Endothelial	230	151	0.6736	M -1 -0.3 Q 0 -0.5 1 -0.3 L 1 0.3 Q 0 0.5 -1 0.3 Z	0.7285	G1	0		37.40	4.0172	False	False	0	0.0	10.00	0.00
1419	-1	4	Endothelial	49	349	4.8416	M -1 -0.3 Q 0 -0.5 1 -0.3 L 1 0.3 Q 0 0.5 -1 0.3 Z	0.8063	G1	0		36.37	3.7789	False	False	0	0.0	10.00	0.00
1420	-1	4	Endothelial	0	426	3.8835	M -1 -0.3 Q 0 -0.5 1 -0.3 L 1 0.3 Q 0 0.5 -1 0.3 Z	0.9226	G1	0		35.60	3.6327	False	False	0	0.0	10.00	0.00
1421	-1	4	Endothelial	0	395	2.4974	M -1 -0.3 Q 0 -0.5 1 -0.3 L 1 0.3 Q 0 0.5 -1 0.3 Z	0.9919	G1	0		37.52	4.7266	False	False	0	0.0	10.00	0.00
1422	-1	4	Endothelial	475	852	3.7007	M -1 -0.3 Q 0 -0.5 1 -0.3 L 1 0.3 Q 0 0.5 -1 0.3 Z	1.2117	G1	0		37.11	3.6673	False	False	0	0.0	10.00	0.00
1423	-1	4	Endothelial	494	833	0.7666	M -1 -0.3 Q 0 -0.5 1 -0.3 L 1 0.3 Q 0 0.5 -1 0.3 Z	0.9908	G1	0		36.96	3.0974	False	False	0	0.0	10.00	0.00
1424	-1	4	Endothelial	485	817	2.7094	M -1 -0.3 Q 0 -0.5 1 -0.3 L 1 0.3 Q 0 0.5 -1 0.3 Z	0.9775	G1	0		37.46	3.5191	False	False	0	0.0	10.00	0.00
1425	-1	4	Endothelial	504	814	1.5411	M -1 -0.3 Q 0 -0.5 1 -0.3 L 1 0.3 Q 0 0.5 -1 0.3 Z	0.9725	G1	0		36.93	3.4028	False	False	0	0.0	10.00	0.00
1426	-1	4	Endothelial	529	391	3.5053	M -1 -0.3 Q 0 -0.5 1 -0.3 L 1 0.3 Q 0 0.5 -1 0.3 Z	1.1927	G1	0		36.99	2.7961	False	False	0	0.0	10.00	0.00
1427	-1	4	Endothelial	516	399	1.4726	M -1 -0.3 Q 0 -0.5 1 -0.3 L 1 0.3 Q 0 0.5 -1 0.3 Z	0.8841	G1	0		35.05	1.9034	False	False	0	0.0	10.00	0.00
1428	-1	4	Endothelial	547	377	1.9925	M -1 -0.3 Q 0 -0.5 1 -0.3 L 1 0.3 Q 0 0.5 -1 0.3 Z	1.0284	G1	0		37.17	2.7852	False	False	0	0.0	10.00	0.00
1429	-1	4	Endothelial	549	357	3.1614	M -1 -0.3 Q 0 -0.5 1 -0.3 L 1 0.3 Q 0 0.5 -1 0.3 Z	0.7510	G1	0		35.96	2.1440	False	False	0	0.0	10.00	0.00
1430	-1	4	Endothelial	551	345	5.4393	M -1 -0.3 Q 0 -0.5 1 -0.3 L 1 0.3 Q 0 0.5 -1 0.3 Z	1.0881	G1	0		36.95	2.7824	False	False	0	0.0	10.00	0.00
1431	-1	4	Endothelial	553	333	0.3058	M -1 -0.3 Q 0 -0.5 1 -0.3 L 1 0.3 Q 0 0.5 -1 0.3 Z	1.3180	G1	0		37.06	2.8631	False	False	0	0.0	10.00	0.00
1432	-1	4	Endothelial	884	409	1.7271	M -1 -0.3 Q 0 -0.5 1 -0.3 L 1 0.3 Q 0 0.5 -1 0.3 Z	0.8396	G1	0		36.03	3.3007	False	False	0	0.0	10.00	0.00
1433	-1	4	Endothelial	810	437	4.5598	M -1 -0.3 Q 0 -0.5 1 -0.3 L 1 0.3 Q 0 0.5 -1 0.3 Z	0.9938	G1	0		37.06	3.4833	False	False	0	0.0	10.00	0.00
1434	-1	4	Endothelial	839	434	4.2932	M -1 -0.3 Q 0 -0.5 1 -0.3 L 1 0.3 Q 0 0.5 -1 0.3 Z	0.8204	G1	0		36.90	3.4806	False	False	0	0.0	10.00	0.00
1435	-1	4	Endothelial	787	408	1.5732	M -1 -0.3 Q 0 -0.5 1 -0.3 L 1 0.3 Q 0 0.5 -1 0.3 Z	1.2334	G1	0		37.12	3.3634	False	False	0	0.0	10.00	0.00
1436	-1	4	Endothelial	776	419	4.5497	M -1 -0.3 Q 0 -0.5 1 -0.3 L 1 0.3 Q 0 0.5 -1 0.3 Z	0.9589	G1	0		37.33	3.3145	False	False	0	0.0	10.00	0.00
1437	-1	4	Endothelial	764	419	6.2213	M -1 -0.3 Q 0 -0.5 1 -0.3 L 1 0.3 Q 0 0.5 -1 0.3 Z	1.0983	G1	0		37.20	3.1956	False	False	0	0.0	10.00	0.00
1438	-1	4	Endothelial	752	420	5.1115	M -1 -0.3 Q 0 -0.5 1 -0.3 L 1 0.3 Q 0 0.5 -1 0.3 Z	0.9554	G1	0		37.15	3.2340	False	False	0	0.0	10.00	0.00
1439	-1	4	Endothelial	560	654	3.6183	M -1 -0.3 Q 0 -0.5 1 -0.3 L 1 0.3 Q 0 0.5 -1 0.3 Z	0.8972	G1	0		36.91	2.8002	False	False	0	0.0	10.00	0.00
1440	-1	4	Endothelial	551	638	1.0226	M -1 -0.3 Q 0 -0.5 1 -0.3 L 1 0.3 Q 0 0.5 -1 0.3 Z	0.9980	G1	0		36.18	2.2938	False	False	0	0.0	10.00	0.00
1441	-1	4	Endothelial	573	615	1.1978	M -1 -0.3 Q 0 -0.5 1 -0.3 L 1 0.3 Q 0 0.5 -1 0.3 Z	0.8638	G1	0		36.68	2.7307	False	False	0	0.0	10.00	0.00
1442	-1	4	Endothelial	567	626	3.0739	M -1 -0.3 Q 0 -0.5 1 -0.3 L 1 0.3 Q 0 0.5 -1 0.3 Z	1.2976	G1	0		36.59	2.7308	False	False	0	0.0	10.00	0.00
1443	-1	4	Endothelial	58	661	6.1655	M -1 -0.3 Q 0 -0.5 1 -0.3 L 1 0.3 Q 0 0.5 -1 0.3 Z	0.9139	G1	0		37.85	4.4272	False	False	0	0.0	10.00	0.00
1444	-1	4	Endothelial	61	649	3.1778	M -1 -0.3 Q 0 -0.5 1 -0.3 L 1 0.3 Q 0 0.5 -1 0.3 Z	1.0359	G1	0		37.49	4.1938	False	False	0	0.0	10.00	0.00
1445	-1	4	Endothelial	64	638	5.5515	M -1 -0.3 Q 0 -0.5 1 -0.3 L 1 0.3 Q 0 0.5 -1 0.3 Z	1.0382	G1	0		37.93	4.2391	False	False	0	0.0	10.00	0.00
1446	-1	4	Endothelial	67	626	4.5856	M -1 -0.3 Q 0 -0.5 1 -0.3 L 1 0.3 Q 0 0.5 -1 0.3 Z	1.2823	G1	0		38.07	4.2420	False	False	0	0.0	10.00	0.00
1447	-1	4	Endothelial	70	614	6.1452	M -1 -0.3 Q 0 -0.5 1 -0.3 L 1 0.3 Q 0 0.5 -1 0.3 Z	0.9466	G1	0		37.89	4.3433	False	False	0	0.0	10.00	0.00
1448	-1	5	Pericyte	953	280	0.9995	M -0.6 -0.4 Q 0 -0.6 0.6 -0.4 L 0.6 0.4 Q 0 0.6 -0.6 0.4 Z	1.0673	G1	0		36.34	3.8312	False	False	0	0.0	5.00	0.00
1449	-1	5	Pericyte	191	679	0.0580	M -0.6 -0.4 Q 0 -0.6 0.6 -0.4 L 0.6 0.4 Q 0 0.6 -0.6 0.4 Z	0.8101	G1	0		36.79	3.3398	False	False	0	0.0	5.00	0.00
1450	-1	5	Pericyte	856	362	3.9033	M -0.6 -0.4 Q 0 -0.6 0.6 -0.4 L 0.6 0.4 Q 0 0.6 -0.6 0.4 Z	1.1051	G1	0		36.44	3.3954	False	False	0	0.0	5.00	0.00
1451	-1	5	Pericyte	775	255	5.4840	M -0.6 -0.4 Q 0 -0.6 0.6 -0.4 L 0.6 0.4 Q 0 0.6 -0.6 0.4 Z	0.9665	G1	0		37.31	3.5530	False	False	0	0.0	5.00	0.00
1452	-1	5	Pericyte	188	449	1.3087	M -0.6 -0.4 Q 0 -0.6 0.6 -0.4 L 0.6 0.4 Q 0 0.6 -0.6 0.4 Z	1.2020	G1	0		37.13	3.5084	False	False	0	0.0	5.00	0.00
1453	-1	5	Pericyte	308	844	1.4070	M -0.6 -0.4 Q 0 -0.6 0.6 -0.4 L 0.6 0.4 Q 0 0.6 -0.6 0.4 Z	0.9628	G1	0		37.21	3.7783	False	False	0	0.0	5.00	0.00
1454	-1	5	Pericyte	695	980	2.0911	M -0.6 -0.4 Q 0 -0.6 0.6 -0.4 L 0.6 0.4 Q 0 0.6 -0.6 0.4 Z	1.0847	G1	0		38.11	4.6965	False	False	0	0.0	5.00	0.00
1455	-1	5	Pericyte	518	526	0.6478	M -0.6 -0.4 Q 0 -0.6 0.6 -0.4 L 0.6 0.4 Q 0 0.6 -0.6 0.4 Z	0.9446	G1	0		37.17	2.5313	False	False	0	0.0	5.00	0.00
1456	-1	5	Pericyte	902	67	2.2328	M -0.6 -0.4 Q 0 -0.6 0.6 -0.4 L 0.6 0.4 Q 0 0.6 -0.6 0.4 Z	1.0301	G1	0		35.96	3.7119	False	False	0	0.0	5.00	0.00
1457	-1	5	Pericyte	208	999	2.9603	M -0.6 -0.4 Q 0 -0.6 0.6 -0.4 L 0.6 0.4 Q 0 0.6 -0.6 0.4 Z	0.9259	G1	0		37.98	4.9553	False	False	0	0.0	5.00	0.00
1458	-1	5	Pericyte	100	469	4.1653	M -0.6 -0.4 Q 0 -0.6 0.6 -0.4 L 0.6 0.4 Q 0 0.6 -0.6 0.4 Z	0.8168	G1	0		37.24	3.9692	False	False	0	0.0	5.00	0.00
1459	-1	5	Pericyte	118	874	2.7620	M -0.6 -0.4 Q 0 -0.6 0.6 -0.4 L 0.6 0.4 Q 0 0.6 -0.6 0.4 Z	0.9536	G1	0		37.38	4.2987	False	False	0	0.0	5.00	0.00
1460	-1	5	Pericyte	126	985	2.5311	M -0.6 -0.4 Q 0 -0.6 0.6 -0.4 L 0.6 0.4 Q 0 0.6 -0.6 0.4 Z	1.2655	G1	0		37.89	4.8598	False	False	0	0.0	5.00	0.00
1461	-1	5	Pericyte	191	267	4.5630	M -0.6 -0.4 Q 0 -0.6 0.6 -0.4 L 0.6 0.4 Q 0 0.6 -0.6 0.4 Z	0.7555	G1	0		37.22	3.7220	False	False	0	0.0	5.00	0.00
1462	-1	5	Pericyte	523	880	3.0581	M -0.6 -0.4 Q 0 -0.6 0.6 -0.4 L 0.6 0.4 Q 0 0.6 -0.6 0.4 Z	0.9850	G1	0		37.53	3.7971	False	False	0	0.0	5.00	0.00
1463	-1	5	Pericyte	371	749	5.2775	M -0.6 -0.4 Q 0 -0.6 0.6 -0.4 L 0.6 0.4 Q 0 0.6 -0.6 0.4 Z	0.9257	G1	0		37.43	3.1309	False	False	0	0.0	5.00	0.00
1464	-1	5	Pericyte	426	131	3.8277	M -0.6 -0.4 Q 0 -0.6 0.6 -0.4 L 0.6 0.4 Q 0 0.6 -0.6 0.4 Z	1.0305	G1	0		36.22	3.3225	False	False	0	0.0	5.00	0.00
1465	-1	5	Pericyte	779	256	0.1604	M -0.6 -0.4 Q 0 -0.6 0.6 -0.4 L 0.6 0.4 Q 0 0.6 -0.6 0.4 Z	0.8397	G1	0		36.45	3.1714	False	False	0	0.0	5.00	0.00
1466	-1	5	Pericyte	858	328	3.2974	M -0.6 -0.4 Q 0 -0.6 0.6 -0.4 L 0.6 0.4 Q 0 0.6 -0.6 0.4 Z	1.0834	G1	0		35.22	2.8128	False	False	0	0.0	5.00	0.00
1467	-1	5	Pericyte	984	224	1.1944	M -0.6 -0.4 Q 0 -0.6 0.6 -0.4 L 0.6 0.4 Q 0 0.6 -0.6 0.4 Z	1.0171	G1	0		36.79	4.2851	False	False	0	0.0	5.00	0.00
1468	-1	5	Pericyte	781	731	0.9472	M -0.6 -0.4 Q 0 -0.6 0.6 -0.4 L 0.6 0.4 Q 0 0.6 -0.6 0.4 Z	1.1621	G1	0		37.25	3.5322	False	False	0	0.0	5.00	0.00
1469	-1	5	Pericyte	416	696	6.2762	M -0.6 -0.4 Q 0 -0.6 0.6 -0.4 L 0.6 0.4 Q 0 0.6 -0.6 0.4 Z	0.7808	G1	0		35.08	2.1216	False	False	0	0.0	5.00	0.00
1470	-1	5	Pericyte	426	404	6.1591	M -0.6 -0.4 Q 0 -0.6 0.6 -0.4 L 0.6 0.4 Q 0 0.6 -0.6 0.4 Z	1.0538	G1	0		35.47	2.1783	False	False	0	0.0	5.00	0.00
1471	-1	5	Pericyte	219	563	0.7558	M -0.6 -0.4 Q 0 -0.6 0.6 -0.4 L 0.6 0.4 Q 0 0.6 -0.6 0.4 Z	0.8481	G1	0		37.24	3.2822	False	False	0	0.0	5.00	0.00
1472	-1	5	Pericyte	914	252	3.4535	M -0.6 -0.4 Q 0 -0.6 0.6 -0.4 L 0.6 0.4 Q 0 0.6 -0.6 0.4 Z	0.8886	G1	0		36.16	3.6489	False	False	0	0.0	5.00	0.00
1473	-1	5	Pericyte	228	449	1.0128	M -0.6 -0.4 Q 0 -0.6 0.6 -0.4 L 0.6 0.4 Q 0 0.6 -0.6 0.4 Z	0.8411	G1	0		36.98	3.1352	False	False	0	0.0	5.00	0.00
1474	-1	5	Pericyte	903	216	3.2230	M -0.6 -0.4 Q 0 -0.6 0.6 -0.4 L 0.6 0.4 Q 0 0.6 -0.6 0.4 Z	0.8738	G1	0		37.59	4.2682	False	False	0	0.0	5.00	0.00
1475	-1	5	Pericyte	759	647	3.1616	M -0.6 -0.4 Q 0 -0.6 0.6 -0.4 L 0.6 0.4 Q 0 0.6 -0.6 0.4 Z	1.0591	G1	0		37.15	3.2731	False	False	0	0.0	5.00	0.00
1476	-1	5	Pericyte	991	31	3.1776	M -0.6 -0.4 Q 0 -0.6 0.6 -0.4 L 0.6 0.4 Q 0 0.6 -0.6 0.4 Z	0.8617	G1	0		37.85	4.8800	False	False	0	0.0	5.00	0.00
1477	-1	5	Pericyte	50	904	0.9394	M -0.6 -0.4 Q 0 -0.6 0.6 -0.4 L 0.6 0.4 Q 0 0.6 -0.6 0.4 Z	1.3442	G1	0		35.71	3.6100	False	False	0	0.0	5.00	0.00
1478	-1	5	Pericyte	82	526	3.6527	M -0.6 -0.4 Q 0 -0.6 0.6 -0.4 L 0.6 0.4 Q 0 0.6 -0.6 0.4 Z	0.8493	G1	0		37.91	4.1434	False	False	0	0.0	5.00	0.00
1479	-1	5	Pericyte	87	764	2.5987	M -0.6 -0.4 Q 0 -0.6 0.6 -0.4 L 0.6 0.4 Q 0 0.6 -0.6 0.4 Z	0.9186	G1	0		37.00	4.0444	False	False	0	0.0	5.00	0.00
1480	-1	5	Pericyte	471	921	1.8251	M -0.6 -0.4 Q 0 -0.6 0.6 -0.4 L 0.6 0.4 Q 0 0.6 -0.6 0.4 Z	0.8151	G1	0		35.90	3.4085	False	False	0	0.0	5.00	0.00
1481	-1	5	Pericyte	221	358	2.2893	M -0.6 -0.4 Q 0 -0.6 0.6 -0.4 L 0.6 0.4 Q 0 0.6 -0.6 0.4 Z	0.7644	G1	0		37.13	3.2519	False	False	0	0.0	5.00	0.00
1482	-1	5	Pericyte	958	599	4.0430	M -0.6 -0.4 Q 0 -0.6 0.6 -0.4 L 0.6 0.4 Q 0 0.6 -0.6 0.4 Z	0.8966	G1	0		37.03	4.1604	False	False	0	0.0	5.00	0.00
1483	-1	5	Pericyte	428	166	1.8508	M -0.6 -0.4 Q 0 -0.6 0.6 -0.4 L 0.6 0.4 Q 0 0.6 -0.6 0.4 Z	0.8813	G1	0		37.12	3.6057	False	False	0	0.0	5.00	0.00
1484	-1	5	Pericyte	314	704	2.8308	M -0.6 -0.4 Q 0 -0.6 0.6 -0.4 L 0.6 0.4 Q 0 0.6 -0.6 0.4 Z	1.3168	G1	0		35.48	2.4587	False	False	0	0.0	5.00	0.00
1485	-1	5	Pericyte	832	566	5.2570	M -0.6 -0.4 Q 0 -0.6 0.6 -0.4 L 0.6 0.4 Q 0 0.6 -0.6 0.4 Z	1.0459	G1	0		35.80	2.7877	False	False	0	0.0	5.00	0.00
1486	-1	5	Pericyte	857	530	5.8814	M -0.6 -0.4 Q 0 -0.6 0.6 -0.4 L 0.6 0.4 Q 0 0.6 -0.6 0.4 Z	0.9890	G1	0		37.31	3.7542	False	False	0	0.0	5.00	0.00
1487	-1	5	Pericyte	255	155	4.8173	M -0.6 -0.4 Q 0 -0.6 0.6 -0.4 L 0.6 0.4 Q 0 0.6 -0.6 0.4 Z	1.1796	G1	0		36.06	3.0757	False	False	0	0.0	5.00	0.00
1488	-1	5	Pericyte	28	322	1.9279	M -0.6 -0.4 Q 0 -0.6 0.6 -0.4 L 0.6 0.4 Q 0 0.6 -0.6 0.4 Z	0.8512	G1	0		37.20	4.3301	False	False	0	0.0	5.00	0.00
1489	-1	5	Pericyte	51	365	0.2630	M -0.6 -0.4 Q 0 -0.6 0.6 -0.4 L 0.6 0.4 Q 0 0.6 -0.6 0.4 Z	1.0714	G1	0		37.60	4.3620	False	False	0	0.0	5.00	0.00
1490	-1	5	Pericyte	175	489	6.1360	M -0.6 -0.4 Q 0 -0.6 0.6 -0.4 L 0.6 0.4 Q 0 0.6 -0.6 0.4 Z	1.0708	G1	0		36.89	3.4125	False	False	0	0.0	5.00	0.00
1491	-1	5	Pericyte	261	312	3.0018	M -0.6 -0.4 Q 0 -0.6 0.6 -0.4 L 0.6 0.4 Q 0 0.6 -0.6 0.4 Z	0.7882	G1	0		36.31	2.7766	False	False	0	0.0	5.00	0.00
1492	-1	5	Pericyte	811	451	0.2506	M -0.6 -0.4 Q 0 -0.6 0.6 -0.4 L 0.6 0.4 Q 0 0.6 -0.6 0.4 Z	1.0586	G1	0		37.11	3.4656	False	False	0	0.0	5.00	0.00
1493	-1	5	Pericyte	268	983	3.5372	M -0.6 -0.4 Q 0 -0.6 0.6 -0.4 L 0.6 0.4 Q 0 0.6 -0.6 0.4 Z	0.8016	G1	0		36.30	3.9628	False	False	0	0.0	5.00	0.00
1494	-1	5	Pericyte	850	116	5.2461	M -0.6 -0.4 Q 0 -0.6 0.6 -0.4 L 0.6 0.4 Q 0 0.6 -0.6 0.4 Z	0.9332	G1	0		36.19	3.6582	False	False	0	0.0	5.00	0.00
1495	-1	5	Pericyte	182	946	1.7392	M -0.6 -0.4 Q 0 -0.6 0.6 -0.4 L 0.6 0.4 Q 0 0.6 -0.6 0.4 Z	0.9799	G1	0		36.77	4.0997	False	False	0	0.0	5.00	0.00
1496	-1	5	Pericyte	609	61	1.3655	M -0.6 -0.4 Q 0 -0.6 0.6 -0.4 L 0.6 0.4 Q 0 0.6 -0.6 0.4 Z	1.1936	G1	0		37.49	4.2961	False	False	0	0.0	5.00	0.00
1497	-1	5	Pericyte	411	999	3.7041	M -0.6 -0.4 Q 0 -0.6 0.6 -0.4 L 0.6 0.4 Q 0 0.6 -0.6 0.4 Z	1.1690	G1	0		37.97	4.9408	False	False	0	0.0	5.00	0.00
1498	-1	5	Pericyte	578	865	5.9032	M -0.6 -0.4 Q 0 -0.6 0.6 -0.4 L 0.6 0.4 Q 0 0.6 -0.6 0.4 Z	0.7248	G1	0		36.43	3.3887	False	False	0	0.0	5.00	0.00
1499	-1	5	Pericyte	710	632	2.3020	M -0.6 -0.4 Q 0 -0.6 0.6 -0.4 L 0.6 0.4 Q 0 0.6 -0.6 0.4 Z	0.6986	G1	0		36.49	2.8824	False	False	0	0.0	5.00	0.00
1500	-1	5	Pericyte	94	617	4.5015	M -0.6 -0.4 Q 0 -0.6 0.6 -0.4 L 0.6 0.4 Q 0 0.6 -0.6 0.4 Z	0.8318	G1	0		37.05	3.9056	False	False	0	0.0	5.00	0.00
1501	-1	5	Pericyte	707	792	1.0957	M -0.6 -0.4 Q 0 -0.6 0.6 -0.4 L 0.6 0.4 Q 0 0.6 -0.6 0.4 Z	1.0699	G1	0		36.36	3.0633	False	False	0	0.0	5.00	0.00
1502	-1	5	Pericyte	500	428	3.1680	M -0.6 -0.4 Q 0 -0.6 0.6 -0.4 L 0.6 0.4 Q 0 0.6 -0.6 0.4 Z	1.0052	G1	0		35.89	2.2889	False	False	0	0.0	5.00	0.00
1503	-1	5	Pericyte	228	210	0.0202	M -0.6 -0.4 Q 0 -0.6 0.6 -0.4 L 0.6 0.4 Q 0 0.6 -0.6 0.4 Z	1.0121	G1	0		37.59	3.7656	False	False	0	0.0	5.00	0.00
1504	-1	5	Pericyte	221	102	0.1423	M -0.6 -0.4 Q 0 -0.6 0.6 -0.4 L 0.6 0.4 Q 0 0.6 -0.6 0.4 Z	0.8373	G1	0		38.13	4.2676	False	False	0	0.0	5.00	0.00
1505	-1	5	Pericyte	503	603	3.8228	M -0.6 -0.4 Q 0 -0.6 0.6 -0.4 L 0.6 0.4 Q 0 0.6 -0.6 0.4 Z	0.6468	G1	0		36.53	2.6584	False	False	0	0.0	5.00	0.00
1506	-1	5	Pericyte	741	829	5.5314	M -0.6 -0.4 Q 0 -0.6 0.6 -0.4 L 0.6 0.4 Q 0 0.6 -0.6 0.4 Z	0.9203	G1	0		37.51	3.8041	False	False	0	0.0	5.00	0.00
1507	-1	5	Pericyte	20	883	4.7332	M -0.6 -0.4 Q 0 -0.6 0.6 -0.4 L 0.6 0.4 Q 0 0.6 -0.6 0.4 Z	1.2065	G1	0		37.75	4.7550	False	False	0	0.0	5.00	0.00
1508	-1	5	Pericyte	819	424	1.0696	M -0.6 -0.4 Q 0 -0.6 0.6 -0.4 L 0.6 0.4 Q 0 0.6 -0.6 0.4 Z	1.1413	G1	0		37.24	3.3801	False	False	0	0.0	5.00	0.00
1509	-1	5	Pericyte	232	817	0.3273	M -0.6 -0.4 Q 0 -0.6 0.6 -0.4 L 0.6 0.4 Q 0 0.6 -0.6 0.4 Z	1.0166	G1	0		37.31	3.4841	False	False	0	0.0	5.00	0.00
1510	-1	5	Pericyte	856	774	2.8349	M -0.6 -0.4 Q 0 -0.6 0.6 -0.4 L 0.6 0.4 Q 0 0.6 -0.6 0.4 Z	0.8374	G1	0		36.30	3.3160	False	False	0	0.0	5.00	0.00
1511	-1	5	Pericyte	399	545	2.5431	M -0.6 -0.4 Q 0 -0.6 0.6 -0.4 L 0.6 0.4 Q 0 0.6 -0.6 0.4 Z	1.0508	G1	0		36.64	2.7482	False	False	0	0.0	5.00	0.00
1512	-1	5	Pericyte	964	326	1.8400	M -0.6 -0.4 Q 0 -0.6 0.6 -0.4 L 0.6 0.4 Q 0 0.6 -0.6 0.4 Z	1.0849	G1	0		37.89	4.6244	False	False	0	0.0	5.00	0.00
1513	-1	5	Pericyte	555	308	0.6206	M -0.6 -0.4 Q 0 -0.6 0.6 -0.4 L 0.6 0.4 Q 0 0.6 -0.6 0.4 Z	0.8422	G1	0		36.78	2.9839	False	False	0	0.0	5.00	0.00
1514	-1	5	Pericyte	846	962	0.8648	M -0.6 -0.4 Q 0 -0.6 0.6 -0.4 L 0.6 0.4 Q 0 0.6 -0.6 0.4 Z	1.1737	G1	0		37.73	4.6860	False	False	0	0.0	5.00	0.00
1515	-1	5	Pericyte	700	559	5.0281	M -0.6 -0.4 Q 0 -0.6 0.6 -0.4 L 0.6 0.4 Q 0 0.6 -0.6 0.4 Z	1.1483	G1	0		35.18	2.1766	False	False	0	0.0	5.00	0.00
1516	-1	5	Pericyte	797	243	4.4767	M -0.6 -0.4 Q 0 -0.6 0.6 -0.4 L 0.6 0.4 Q 0 0.6 -0.6 0.4 Z	0.9687	G1	0		36.87	3.5033	False	False	0	0.0	5.00	0.00
1517	-1	5	Pericyte	71	751	2.7496	M -0.6 -0.4 Q 0 -0.6 0.6 -0.4 L 0.6 0.4 Q 0 0.6 -0.6 0.4 Z	1.2744	G1	0		37.37	3.6670	False	False	0	0.0	5.00	0.00
1518	-1	5	Pericyte	66	583	1.9223	M -0.6 -0.4 Q 0 -0.6 0.6 -0.4 L 0.6 0.4 Q 0 0.6 -0.6 0.4 Z	0.8820	G1	0		36.41	3.5323	False	False	0	0.0	5.00	0.00
1519	-1	5	Pericyte	820	475	1.2658	M -0.6 -0.4 Q 0 -0.6 0.6 -0.4 L 0.6 0.4 Q 0 0.6 -0.6 0.4 Z	0.9862	G1	0		37.40	3.4449	False	False	0	0.0	5.00	0.00
1520	-1	5	Pericyte	817	823	0.3904	M -0.6 -0.4 Q 0 -0.6 0.6 -0.4 L 0.6 0.4 Q 0 0.6 -0.6 0.4 Z	1.2289	G1	0		37.88	3.8830	False	False	0	0.0	5.00	0.00
1521	-1	5	Pericyte	677	121	5.5029	M -0.6 -0.4 Q 0 -0.6 0.6 -0.4 L 0.6 0.4 Q 0 0.6 -0.6 0.4 Z	1.0020	G1	0		38.11	3.9619	False	False	0	0.0	5.00	0.00
1522	-1	5	Pericyte	581	211	1.2189	M -0.6 -0.4 Q 0 -0.6 0.6 -0.4 L 0.6 0.4 Q 0 0.6 -0.6 0.4 Z	0.9461	G1	0		34.28	2.0001	False	False	0	0.0	5.00	0.00
1523	-1	5	Pericyte	0	245	5.5648	M -0.6 -0.4 Q 0 -0.6 0.6 -0.4 L 0.6 0.4 Q 0 0.6 -0.6 0.4 Z	1.0781	G1	0		37.53	4.6600	False	False	0	0.0	5.00	0.00
1524	-1	5	Pericyte	434	527	5.4655	M -0.6 -0.4 Q 0 -0.6 0.6 -0.4 L 0.6 0.4 Q 0 0.6 -0.6 0.4 Z	1.1798	G1	0		36.12	2.4074	False	False	0	0.0	5.00	0.00
1525	-1	5	Pericyte	566	495	5.4993	M -0.6 -0.4 Q 0 -0.6 0.6 -0.4 L 0.6 0.4 Q 0 0.6 -0.6 0.4 Z	0.8732	G1	0		33.84	1.2772	False	False	0	0.0	5.00	0.00
1526	-1	5	Pericyte	505	558	4.7530	M -0.6 -0.4 Q 0 -0.6 0.6 -0.4 L 0.6 0.4 Q 0 0.6 -0.6 0.4 Z	0.9861	G1	0		36.69	2.5674	False	False	0	0.0	5.00	0.00
1527	-1	5	Pericyte	407	422	4.5955	M -0.6 -0.4 Q 0 -0.6 0.6 -0.4 L 0.6 0.4 Q 0 0.6 -0.6 0.4 Z	0.8541	G1	0		34.98	1.9239	False	False	0	0.0	5.00	0.00
1528	-1	5	Pericyte	329	76	2.3774	M -0.6 -0.4 Q 0 -0.6 0.6 -0.4 L 0.6 0.4 Q 0 0.6 -0.6 0.4 Z	0.6471	G1	0		38.22	4.2570	False	False	0	0.0	5.00	0.00
1529	-1	5	Pericyte	509	615	3.4861	M -0.6 -0.4 Q 0 -0.6 0.6 -0.4 L 0.6 0.4 Q 0 0.6 -0.6 0.4 Z	1.0295	G1	0		34.85	1.8502	False	False	0	0.0	5.00	0.00
1530	-1	5	Pericyte	701	815	2.8171	M -0.6 -0.4 Q 0 -0.6 0.6 -0.4 L 0.6 0.4 Q 0 0.6 -0.6 0.4 Z	0.8168	G1	0		37.71	3.7463	False	False	0	0.0	5.00	0.00
1531	-1	5	Pericyte	540	424	3.6662	M -0.6 -0.4 Q 0 -0.6 0.6 -0.4 L 0.6 0.4 Q 0 0.6 -0.6 0.4 Z	0.9847	G1	0		35.33	2.0556	False	False	0	0.0	5.00	0.00
1532	-1	5	Pericyte	340	242	0.5816	M -0.6 -0.4 Q 0 -0.6 0.6 -0.4 L 0.6 0.4 Q 0 0.6 -0.6 0.4 Z	0.9685	G1	0		36.64	3.1418	False	False	0	0.0	5.00	0.00
1533	-1	5	Pericyte	30	952	0.0770	M -0.6 -0.4 Q 0 -0.6 0.6 -0.4 L 0.6 0.4 Q 0 0.6 -0.6 0.4 Z	0.8885	G1	0		38.03	4.8525	False	False	0	0.0	5.00	0.00
1534	-1	5	Pericyte	682	439	1.1557	M -0.6 -0.4 Q 0 -0.6 0.6 -0.4 L 0.6 0.4 Q 0 0.6 -0.6 0.4 Z	1.0642	G1	0		37.00	2.9243	False	False	0	0.0	5.00	0.00
1535	-1	5	Pericyte	868	825	4.0100	M -0.6 -0.4 Q 0 -0.6 0.6 -0.4 L 0.6 0.4 Q 0 0.6 -0.6 0.4 Z	0.9997	G1	0		38.19	4.2470	False	False	0	0.0	5.00	0.00
1536	-1	5	Pericyte	931	407	5.7676	M -0.6 -0.4 Q 0 -0.6 0.6 -0.4 L 0.6 0.4 Q 0 0.6 -0.6 0.4 Z	1.0852	G1	0		37.50	4.3147	False	False	0	0.0	5.00	0.00
1537	-1	5	Pericyte	708	662	3.9847	M -0.6 -0.4 Q 0 -0.6 0.6 -0.4 L 0.6 0.4 Q 0 0.6 -0.6 0.4 Z	1.1562	G1	0		36.97	3.1306	False	False	0	0.0	5.00	0.00
1538	-1	5	Pericyte	192	499	0.9198	M -0.6 -0.4 Q 0 -0.6 0.6 -0.4 L 0.6 0.4 Q 0 0.6 -0.6 0.4 Z	0.9634	G1	0		36.96	3.4062	False	False	0	0.0	5.00	0.00
1539	-1	5	Pericyte	175	568	2.1602	M -0.6 -0.4 Q 0 -0.6 0.6 -0.4 L 0.6 0.4 Q 0 0.6 -0.6 0.4 Z	0.8020	G1	0		36.98	3.4841	False	False	0	0.0	5.00	0.00
1540	-1	5	Pericyte	220	556	1.0105	M -0.6 -0.4 Q 0 -0.6 0.6 -0.4 L 0.6 0.4 Q 0 0.6 -0.6 0.4 Z	0.8332	G1	0		37.04	3.2334	False	False	0	0.0	5.00	0.00
1541	-1	5	Pericyte	210	530	4.1837	M -0.6 -0.4 Q 0 -0.6 0.6 -0.4 L 0.6 0.4 Q 0 0.6 -0.6 0.4 Z	1.1234	G1	0		37.18	3.2236	False	False	0	0.0	5.00	0.00
1542	-1	5	Pericyte	957	8	0.2660	M -0.6 -0.4 Q 0 -0.6 0.6 -0.4 L 0.6 0.4 Q 0 0.6 -0.6 0.4 Z	0.8810	G1	0		35.94	3.9281	False	False	0	0.0	5.00	0.00
1543	-1	5	Pericyte	66	61	0.4362	M -0.6 -0.4 Q 0 -0.6 0.6 -0.4 L 0.6 0.4 Q 0 0.6 -0.6 0.4 Z	1.1003	G1	0		37.71	4.6445	False	False	0	0.0	5.00	0.00
1544	-1	5	Pericyte	93	230	1.2804	M -0.6 -0.4 Q 0 -0.6 0.6 -0.4 L 0.6 0.4 Q 0 0.6 -0.6 0.4 Z	1.0653	G1	0		37.11	3.9662	False	False	0	0.0	5.00	0.00
1545	-1	5	Pericyte	559	38	5.6822	M -0.6 -0.4 Q 0 -0.6 0.6 -0.4 L 0.6 0.4 Q 0 0.6 -0.6 0.4 Z	1.0612	G1	0		36.73	4.0359	False	False	0	0.0	5.00	0.00
1546	-1	5	Pericyte	49	786	2.2854	M -0.6 -0.4 Q 0 -0.6 0.6 -0.4 L 0.6 0.4 Q 0 0.6 -0.6 0.4 Z	0.9097	G1	0		36.61	4.0539	False	False	0	0.0	5.00	0.00
1547	-1	5	Pericyte	638	45	0.8934	M -0.6 -0.4 Q 0 -0.6 0.6 -0.4 L 0.6 0.4 Q 0 0.6 -0.6 0.4 Z	0.8529	G1	0		35.55	3.4742	False	False	0	0.0	5.00	0.00
1548	-1	5	Pericyte	973	447	2.6883	M -0.6 -0.4 Q 0 -0.6 0.6 -0.4 L 0.6 0.4 Q 0 0.6 -0.6 0.4 Z	1.1415	G1	0		38.25	4.5928	False	False	0	0.0	5.00	0.00
1549	-1	5	Pericyte	450	203	0.9132	M -0.6 -0.4 Q 0 -0.6 0.6 -0.4 L 0.6 0.4 Q 0 0.6 -0.6 0.4 Z	1.1758	G1	0		34.24	1.9882	False	False	0	0.0	5.00	0.00
1550	-1	5	Pericyte	412	671	4.0854	M -0.6 -0.4 Q 0 -0.6 0.6 -0.4 L 0.6 0.4 Q 0 0.6 -0.6 0.4 Z	1.1758	G1	0		37.14	2.8720	False	False	0	0.0	5.00	0.00
1551	-1	5	Pericyte	967	381	1.3597	M -0.6 -0.4 Q 0 -0.6 0.6 -0.4 L 0.6 0.4 Q 0 0.6 -0.6 0.4 Z	1.2377	G1	0		38.00	4.5800	False	False	0	0.0	5.00	0.00
1552	-1	5	Pericyte	773	456	4.9223	M -0.6 -0.4 Q 0 -0.6 0.6 -0.4 L 0.6 0.4 Q 0 0.6 -0.6 0.4 Z	0.7907	G1	0		36.29	2.9216	False	False	0	0.0	5.00	0.00
1553	-1	5	Pericyte	515	105	0.5403	M -0.6 -0.4 Q 0 -0.6 0.6 -0.4 L 0.6 0.4 Q 0 0.6 -0.6 0.4 Z	1.0399	G1	0		37.31	3.9663	False	False	0	0.0	5.00	0.00
1554	-1	5	Pericyte	741	285	3.5304	M -0.6 -0.4 Q 0 -0.6 0.6 -0.4 L 0.6 0.4 Q 0 0.6 -0.6 0.4 Z	1.0886	G1	0		36.00	2.7293	False	False	0	0.0	5.00	0.00
1555	-1	5	Pericyte	697	866	2.7252	M -0.6 -0.4 Q 0 -0.6 0.6 -0.4 L 0.6 0.4 Q 0 0.6 -0.6 0.4 Z	0.6661	G1	0		35.93	3.1244	False	False	0	0.0	5.00	0.00
1556	-1	5	Pericyte	831	960	4.3218	M -0.6 -0.4 Q 0 -0.6 0.6 -0.4 L 0.6 0.4 Q 0 0.6 -0.6 0.4 Z	1.1847	G1	0		35.79	3.5378	False	False	0	0.0	5.00	0.00
1557	-1	5	Pericyte	212	559	2.4141	M -0.6 -0.4 Q 0 -0.6 0.6 -0.4 L 0.6 0.4 Q 0 0.6 -0.6 0.4 Z	0.6924	G1	0		37.16	3.1287	False	False	0	0.0	5.00	0.00
1558	-1	5	Pericyte	548	988	2.2284	M -0.6 -0.4 Q 0 -0.6 0.6 -0.4 L 0.6 0.4 Q 0 0.6 -0.6 0.4 Z	1.3292	G1	0		37.87	4.8685	False	False	0	0.0	5.00	0.00
1559	-1	5	Pericyte	16	940	1.6817	M -0.6 -0.4 Q 0 -0.6 0.6 -0.4 L 0.6 0.4 Q 0 0.6 -0.6 0.4 Z	1.1514	G1	0		37.42	4.5426	False	False	0	0.0	5.00	0.00
1560	-1	5	Pericyte	471	385	4.5698	M -0.6 -0.4 Q 0 -0.6 0.6 -0.4 L 0.6 0.4 Q 0 0.6 -0.6 0.4 Z	0.8724	G1	0		36.30	2.5249	False	False	0	0.0	5.00	0.00
1561	-1	5	Pericyte	235	667	0.9284	M -0.6 -0.4 Q 0 -0.6 0.6 -0.4 L 0.6 0.4 Q 0 0.6 -0.6 0.4 Z	0.8504	G1	0		36.39	2.8639	False	False	0	0.0	5.00	0.00
1562	-1	5	Pericyte	206	679	4.9351	M -0.6 -0.4 Q 0 -0.6 0.6 -0.4 L 0.6 0.4 Q 0 0.6 -0.6 0.4 Z	1.2436	G1	0		37.48	3.4621	False	False	0	0.0	5.00	0.00
1563	-1	5	Pericyte	256	501	5.9731	M -0.6 -0.4 Q 0 -0.6 0.6 -0.4 L 0.6 0.4 Q 0 0.6 -0.6 0.4 Z	1.0662	G1	0		36.59	3.0111	False	False	0	0.0	5.00	0.00
1564	-1	5	Pericyte	687	836	2.7829	M -0.6 -0.4 Q 0 -0.6 0.6 -0.4 L 0.6 0.4 Q 0 0.6 -0.6 0.4 Z	1.2520	G1	0		37.12	3.6874	False	False	0	0.0	5.00	0.00
1565	-1	5	Pericyte	506	403	0.5771	M -0.6 -0.4 Q 0 -0.6 0.6 -0.4 L 0.6 0.4 Q 0 0.6 -0.6 0.4 Z	1.2252	G1	0		35.64	2.0723	False	False	0	0.0	5.00	0.00
1566	-1	5	Pericyte	242	277	0.9773	M -0.6 -0.4 Q 0 -0.6 0.6 -0.4 L 0.6 0.4 Q 0 0.6 -0.6 0.4 Z	1.0820	G1	0		37.50	3.3883	False	False	0	0.0	5.00	0.00
1567	-1	5	Pericyte	839	560	4.6418	M -0.6 -0.4 Q 0 -0.6 0.6 -0.4 L 0.6 0.4 Q 0 0.6 -0.6 0.4 Z	1.1265	G1	0		35.11	2.5787	False	False	0	0.0	5.00	0.00
1568	-1	5	Pericyte	272	999	2.2119	M -0.6 -0.4 Q 0 -0.6 0.6 -0.4 L 0.6 0.4 Q 0 0.6 -0.6 0.4 Z	1.1158	G1	0		37.95	4.9359	False	False	0	0.0	5.00	0.00
1569	-1	5	Pericyte	697	643	3.6095	M -0.6 -0.4 Q 0 -0.6 0.6 -0.4 L 0.6 0.4 Q 0 0.6 -0.6 0.4 Z	1.0036	G1	0		35.97	2.6009	False	False	0	0.0	5.00	0.00
1570	-1	5	Pericyte	174	262	3.3326	M -0.6 -0.4 Q 0 -0.6 0.6 -0.4 L 0.6 0.4 Q 0 0.6 -0.6 0.4 Z	1.0878	G1	0		36.41	3.2989	False	False	0	0.0	5.00	0.00
1571	-1	5	Pericyte	775	389	0.3992	M -0.6 -0.4 Q 0 -0.6 0.6 -0.4 L 0.6 0.4 Q 0 0.6 -0.6 0.4 Z	1.0506	G1	0		36.81	3.2229	False	False	0	0.0	5.00	0.00
1572	-1	5	Pericyte	841	216	4.6492	M -0.6 -0.4 Q 0 -0.6 0.6 -0.4 L 0.6 0.4 Q 0 0.6 -0.6 0.4 Z	1.1326	G1	0		37.79	3.9918	False	False	0	0.0	5.00	0.00
1573	-1	5	Pericyte	515	681	0.8884	M -0.6 -0.4 Q 0 -0.6 0.6 -0.4 L 0.6 0.4 Q 0 0.6 -0.6 0.4 Z	1.0313	G1	0		37.22	2.7855	False	False	0	0.0	5.00	0.00
1574	-1	5	Pericyte	501	961	0.3954	M -0.6 -0.4 Q 0 -0.6 0.6 -0.4 L 0.6 0.4 Q 0 0.6 -0.6 0.4 Z	0.9866	G1	0		37.52	4.4603	False	False	0	0.0	5.00	0.00
1575	-1	5	Pericyte	949	561	0.8061	M -0.6 -0.4 Q 0 -0.6 0.6 -0.4 L 0.6 0.4 Q 0 0.6 -0.6 0.4 Z	1.0840	G1	0		37.38	4.3069	False	False	0	0.0	5.00	0.00
1576	-1	5	Pericyte	697	366	6.2760	M -0.6 -0.4 Q 0 -0.6 0.6 -0.4 L 0.6 0.4 Q 0 0.6 -0.6 0.4 Z	1.1652	G1	0		36.75	3.0142	False	False	0	0.0	5.00	0.00
1577	-1	5	Pericyte	113	224	2.3006	M -0.6 -0.4 Q 0 -0.6 0.6 -0.4 L 0.6 0.4 Q 0 0.6 -0.6 0.4 Z	1.1447	G1	0		38.15	4.2816	False	False	0	0.0	5.00	0.00
1578	-1	5	Pericyte	649	990	0.8996	M -0.6 -0.4 Q 0 -0.6 0.6 -0.4 L 0.6 0.4 Q 0 0.6 -0.6 0.4 Z	0.9777	G1	0		37.37	4.6530	False	False	0	0.0	5.00	0.00
1579	-1	5	Pericyte	397	675	4.1672	M -0.6 -0.4 Q 0 -0.6 0.6 -0.4 L 0.6 0.4 Q 0 0.6 -0.6 0.4 Z	0.9460	G1	0		37.49	2.9568	False	False	0	0.0	5.00	0.00
1580	-1	5	Pericyte	395	308	1.5740	M -0.6 -0.4 Q 0 -0.6 0.6 -0.4 L 0.6 0.4 Q 0 0.6 -0.6 0.4 Z	1.3024	G1	0		36.62	2.9051	False	False	0	0.0	5.00	0.00
1581	-1	5	Pericyte	782	85	1.6016	M -0.6 -0.4 Q 0 -0.6 0.6 -0.4 L 0.6 0.4 Q 0 0.6 -0.6 0.4 Z	1.0512	G1	0		36.63	3.7276	False	False	0	0.0	5.00	0.00
1582	-1	5	Pericyte	62	44	3.9336	M -0.6 -0.4 Q 0 -0.6 0.6 -0.4 L 0.6 0.4 Q 0 0.6 -0.6 0.4 Z	1.1496	G1	0		36.41	4.0356	False	False	0	0.0	5.00	0.00
1583	-1	5	Pericyte	27	870	2.5134	M -0.6 -0.4 Q 0 -0.6 0.6 -0.4 L 0.6 0.4 Q 0 0.6 -0.6 0.4 Z	0.9472	G1	0		37.85	4.7324	False	False	0	0.0	5.00	0.00
1584	-1	5	Pericyte	492	516	3.3752	M -0.6 -0.4 Q 0 -0.6 0.6 -0.4 L 0.6 0.4 Q 0 0.6 -0.6 0.4 Z	0.8888	G1	0		36.15	2.3565	False	False	0	0.0	5.00	0.00
1585	-1	5	Pericyte	361	850	6.1645	M -0.6 -0.4 Q 0 -0.6 0.6 -0.4 L 0.6 0.4 Q 0 0.6 -0.6 0.4 Z	1.1910	G1	0		36.30	3.1297	False	False	0	0.0	5.00	0.00
1586	-1	5	Pericyte	614	522	3.5826	M -0.6 -0.4 Q 0 -0.6 0.6 -0.4 L 0.6 0.4 Q 0 0.6 -0.6 0.4 Z	0.9554	G1	0		36.78	2.6917	False	False	0	0.0	5.00	0.00
1587	-1	5	Pericyte	113	999	4.2319	M -0.6 -0.4 Q 0 -0.6 0.6 -0.4 L 0.6 0.4 Q 0 0.6 -0.6 0.4 Z	0.8935	G1	0		37.62	4.7911	False	False	0	0.0	5.00	0.00
1588	-1	5	Pericyte	114	717	1.2452	M -0.6 -0.4 Q 0 -0.6 0.6 -0.4 L 0.6 0.4 Q 0 0.6 -0.6 0.4 Z	1.0729	G1	0		36.23	3.5304	False	False	0	0.0	5.00	0.00
1589	-1	5	Pericyte	563	609	5.2869	M -0.6 -0.4 Q 0 -0.6 0.6 -0.4 L 0.6 0.4 Q 0 0.6 -0.6 0.4 Z	0.7062	G1	0		36.16	2.4663	False	False	0	0.0	5.00	0.00
1590	-1	5	Pericyte	67	234	4.7260	M -0.6 -0.4 Q 0 -0.6 0.6 -0.4 L 0.6 0.4 Q 0 0.6 -0.6 0.4 Z	0.7794	G1	0		38.06	4.2914	False	False	0	0.0	5.00	0.00
1591	-1	5	Pericyte	995	63	0.0066	M -0.6 -0.4 Q 0 -0.6 0.6 -0.4 L 0.6 0.4 Q 0 0.6 -0.6 0.4 Z	0.7358	G1	0		37.99	4.9716	False	False	0	0.0	5.00	0.00
1592	-1	5	Pericyte	865	963	3.7692	M -0.6 -0.4 Q 0 -0.6 0.6 -0.4 L 0.6 0.4 Q 0 0.6 -0.6 0.4 Z	1.1295	G1	0		37.15	4.4074	False	False	0	0.0	5.00	0.00
1593	-1	5	Pericyte	378	313	3.9061	M -0.6 -0.4 Q 0 -0.6 0.6 -0.4 L 0.6 0.4 Q 0 0.6 -0.6 0.4 Z	1.2268	G1	0		36.62	2.8292	False	False	0	0.0	5.00	0.00
1594	-1	5	Pericyte	791	851	0.4043	M -0.6 -0.4 Q 0 -0.6 0.6 -0.4 L 0.6 0.4 Q 0 0.6 -0.6 0.4 Z	0.9569	G1	0		37.30	4.0231	False	False	0	0.0	5.00	0.00
1595	-1	5	Pericyte	942	525	5.5229	M -0.6 -0.4 Q 0 -0.6 0.6 -0.4 L 0.6 0.4 Q 0 0.6 -0.6 0.4 Z	0.9703	G1	0		38.24	4.4134	False	False	0	0.0	5.00	0.00
1596	-1	5	Pericyte	988	676	0.9379	M -0.6 -0.4 Q 0 -0.6 0.6 -0.4 L 0.6 0.4 Q 0 0.6 -0.6 0.4 Z	0.8859	G1	0		37.43	4.5668	False	False	0	0.0	5.00	0.00
1597	-1	5	Pericyte	769	448	5.8606	M -0.6 -0.4 Q 0 -0.6 0.6 -0.4 L 0.6 0.4 Q 0 0.6 -0.6 0.4 Z	1.0526	G1	0		36.40	2.9911	False	False	0	0.0	5.00	0.00
1598	-1	5	Pericyte	502	196	1.2196	M -0.6 -0.4 Q 0 -0.6 0.6 -0.4 L 0.6 0.4 Q 0 0.6 -0.6 0.4 Z	0.8876	G1	0		37.14	3.2839	False	False	0	0.0	5.00	0.00
1599	-1	5	Pericyte	891	526	3.1493	M -0.6 -0.4 Q 0 -0.6 0.6 -0.4 L 0.6 0.4 Q 0 0.6 -0.6 0.4 Z	1.0806	G1	0		37.88	3.8319	False	False	0	0.0	5.00	0.00
1600	-1	5	Pericyte	362	106	6.1715	M -0.6 -0.4 Q 0 -0.6 0.6 -0.4 L 0.6 0.4 Q 0 0.6 -0.6 0.4 Z	0.9912	G1	0		37.11	3.8440	False	False	0	0.0	5.00	0.00
1601	-1	5	Pericyte	10	991	4.3872	M -0.6 -0.4 Q 0 -0.6 0.6 -0.4 L 0.6 0.4 Q 0 0.6 -0.6 0.4 Z	0.9943	G1	0		37.87	4.9022	False	False	0	0.0	5.00	0.00
1602	-1	5	Pericyte	489	830	4.5032	M -0.6 -0.4 Q 0 -0.6 0.6 -0.4 L 0.6 0.4 Q 0 0.6 -0.6 0.4 Z	0.8549	G1	0		37.34	3.3937	False	False	0	0.0	5.00	0.00
1603	-1	5	Pericyte	943	295	3.0758	M -0.6 -0.4 Q 0 -0.6 0.6 -0.4 L 0.6 0.4 Q 0 0.6 -0.6 0.4 Z	1.0950	G1	0		36.76	4.0555	False	False	0	0.0	5.00	0.00
1604	-1	5	Pericyte	445	994	3.6732	M -0.6 -0.4 Q 0 -0.6 0.6 -0.4 L 0.6 0.4 Q 0 0.6 -0.6 0.4 Z	1.1499	G1	0		37.99	4.9900	False	False	0	0.0	5.00	0.00
1605	-1	5	Pericyte	938	999	5.7508	M -0.6 -0.4 Q 0 -0.6 0.6 -0.4 L 0.6 0.4 Q 0 0.6 -0.6 0.4 Z	0.9767	G1	0		37.99	4.9832	False	False	0	0.0	5.00	0.00
1606	-1	5	Pericyte	98	767	3.3405	M -0.6 -0.4 Q 0 -0.6 0.6 -0.4 L 0.6 0.4 Q 0 0.6 -0.6 0.4 Z	1.2461	G1	0		36.22	3.6422	False	False	0	0.0	5.00	0.00
1607	-1	5	Pericyte	835	854	3.4436	M -0.6 -0.4 Q 0 -0.6 0.6 -0.4 L 0.6 0.4 Q 0 0.6 -0.6 0.4 Z	0.9203	G1	0		37.15	3.9536	False	False	0	0.0	5.00	0.00
1608	-1	5	Pericyte	372	961	2.6964	M -0.6 -0.4 Q 0 -0.6 0.6 -0.4 L 0.6 0.4 Q 0 0.6 -0.6 0.4 Z	0.8231	G1	0		38.23	4.4848	False	False	0	0.0	5.00	0.00
1609	-1	5	Pericyte	475	202	1.8026	M -0.6 -0.4 Q 0 -0.6 0.6 -0.4 L 0.6 0.4 Q 0 0.6 -0.6 0.4 Z	0.8357	G1	0		36.37	3.0994	False	False	0	0.0	5.00	0.00
1610	-1	5	Pericyte	918	336	2.7674	M -0.6 -0.4 Q 0 -0.6 0.6 -0.4 L 0.6 0.4 Q 0 0.6 -0.6 0.4 Z	1.2362	G1	0		35.44	3.1844	False	False	0	0.0	5.00	0.00
1611	-1	5	Pericyte	865	999	2.7829	M -0.6 -0.4 Q 0 -0.6 0.6 -0.4 L 0.6 0.4 Q 0 0.6 -0.6 0.4 Z	0.8827	G1	0		37.98	4.9661	False	False	0	0.0	5.00	0.00
1612	-1	5	Pericyte	110	307	3.8183	M -0.6 -0.4 Q 0 -0.6 0.6 -0.4 L 0.6 0.4 Q 0 0.6 -0.6 0.4 Z	0.9654	G1	0		37.45	4.0369	False	False	0	0.0	5.00	0.00
1613	-1	5	Pericyte	632	218	1.9079	M -0.6 -0.4 Q 0 -0.6 0.6 -0.4 L 0.6 0.4 Q 0 0.6 -0.6 0.4 Z	0.8999	G1	0		37.16	3.3235	False	False	0	0.0	5.00	0.00
1614	-1	5	Pericyte	125	659	0.4469	M -0.6 -0.4 Q 0 -0.6 0.6 -0.4 L 0.6 0.4 Q 0 0.6 -0.6 0.4 Z	0.9178	G1	0		35.75	3.1802	False	False	0	0.0	5.00	0.00
1615	-1	5	Pericyte	96	902	4.4699	M -0.6 -0.4 Q 0 -0.6 0.6 -0.4 L 0.6 0.4 Q 0 0.6 -0.6 0.4 Z	1.0124	G1	0		35.85	3.5436	False	False	0	0.0	5.00	0.00
1616	-1	5	Pericyte	540	42	5.0075	M -0.6 -0.4 Q 0 -0.6 0.6 -0.4 L 0.6 0.4 Q 0 0.6 -0.6 0.4 Z	1.0285	G1	0		37.78	4.4914	False	False	0	0.0	5.00	0.00
1617	-1	5	Pericyte	863	660	0.5106	M -0.6 -0.4 Q 0 -0.6 0.6 -0.4 L 0.6 0.4 Q 0 0.6 -0.6 0.4 Z	0.7432	G1	0		34.54	2.4932	False	False	0	0.0	5.00	0.00
1618	-1	5	Pericyte	21	662	2.7954	M -0.6 -0.4 Q 0 -0.6 0.6 -0.4 L 0.6 0.4 Q 0 0.6 -0.6 0.4 Z	1.0125	G1	0		37.42	4.5667	False	False	0	0.0	5.00	0.00
1619	-1	5	Pericyte	107	300	1.2750	M -0.6 -0.4 Q 0 -0.6 0.6 -0.4 L 0.6 0.4 Q 0 0.6 -0.6 0.4 Z	1.1131	G1	0		36.04	3.3099	False	False	0	0.0	5.00	0.00
1620	-1	5	Pericyte	378	174	4.6918	M -0.6 -0.4 Q 0 -0.6 0.6 -0.4 L 0.6 0.4 Q 0 0.6 -0.6 0.4 Z	0.9733	G1	0		37.51	3.5225	False	False	0	0.0	5.00	0.00
1621	-1	5	Pericyte	952	105	0.8171	M -0.6 -0.4 Q 0 -0.6 0.6 -0.4 L 0.6 0.4 Q 0 0.6 -0.6 0.4 Z	0.9621	G1	0		37.76	4.7072	False	False	0	0.0	5.00	0.00
1622	-1	5	Pericyte	98	323	5.6039	M -0.6 -0.4 Q 0 -0.6 0.6 -0.4 L 0.6 0.4 Q 0 0.6 -0.6 0.4 Z	0.9928	G1	0		37.69	4.0648	False	False	0	0.0	5.00	0.00
1623	-1	5	Pericyte	510	778	5.4591	M -0.6 -0.4 Q 0 -0.6 0.6 -0.4 L 0.6 0.4 Q 0 0.6 -0.6 0.4 Z	0.8510	G1	0		37.50	3.2661	False	False	0	0.0	5.00	0.00
1624	-1	5	Pericyte	172	485	5.6787	M -0.6 -0.4 Q 0 -0.6 0.6 -0.4 L 0.6 0.4 Q 0 0.6 -0.6 0.4 Z	1.0221	G1	0		37.18	3.4867	False	False	0	0.0	5.00	0.00
1625	-1	5	Pericyte	76	241	2.3251	M -0.6 -0.4 Q 0 -0.6 0.6 -0.4 L 0.6 0.4 Q 0 0.6 -0.6 0.4 Z	0.9891	G1	0		37.97	4.2420	False	False	0	0.0	5.00	0.00
1626	-1	5	Pericyte	829	245	3.6697	M -0.6 -0.4 Q 0 -0.6 0.6 -0.4 L 0.6 0.4 Q 0 0.6 -0.6 0.4 Z	1.0562	G1	0		36.44	3.1624	False	False	0	0.0	5.00	0.00
1627	-1	5	Pericyte	45	506	1.2270	M -0.6 -0.4 Q 0 -0.6 0.6 -0.4 L 0.6 0.4 Q 0 0.6 -0.6 0.4 Z	1.0934	G1	0		37.11	4.1729	False	False	0	0.0	5.00	0.00
1628	-1	5	Pericyte	639	768	0.6633	M -0.6 -0.4 Q 0 -0.6 0.6 -0.4 L 0.6 0.4 Q 0 0.6 -0.6 0.4 Z	1.0410	G1	0		36.58	3.0290	False	False	0	0.0	5.00	0.00
1629	-1	5	Pericyte	390	356	0.7784	M -0.6 -0.4 Q 0 -0.6 0.6 -0.4 L 0.6 0.4 Q 0 0.6 -0.6 0.4 Z	1.2708	G1	0		36.64	2.8576	False	False	0	0.0	5.00	0.00
1630	-1	5	Pericyte	217	230	5.1753	M -0.6 -0.4 Q 0 -0.6 0.6 -0.4 L 0.6 0.4 Q 0 0.6 -0.6 0.4 Z	0.8711	G1	0		37.15	3.3610	False	False	0	0.0	5.00	0.00
1631	-1	5	Pericyte	284	998	3.3697	M -0.6 -0.4 Q 0 -0.6 0.6 -0.4 L 0.6 0.4 Q 0 0.6 -0.6 0.4 Z	0.9793	G1	0		37.93	4.9424	False	False	0	0.0	5.00	0.00
1632	-1	5	Pericyte	90	899	0.3621	M -0.6 -0.4 Q 0 -0.6 0.6 -0.4 L 0.6 0.4 Q 0 0.6 -0.6 0.4 Z	0.7394	G1	0		37.63	4.5384	False	False	0	0.0	5.00	0.00
1633	-1	5	Pericyte	947	727	6.1764	M -0.6 -0.4 Q 0 -0.6 0.6 -0.4 L 0.6 0.4 Q 0 0.6 -0.6 0.4 Z	1.0675	G1	0		37.46	4.3798	False	False	0	0.0	5.00	0.00
1634	-1	5	Pericyte	244	472	5.1915	M -0.6 -0.4 Q 0 -0.6 0.6 -0.4 L 0.6 0.4 Q 0 0.6 -0.6 0.4 Z	1.0646	G1	0		34.75	2.0835	False	False	0	0.0	5.00	0.00
1635	-1	5	Pericyte	842	175	4.7965	M -0.6 -0.4 Q 0 -0.6 0.6 -0.4 L 0.6 0.4 Q 0 0.6 -0.6 0.4 Z	0.9080	G1	0		37.50	4.1631	False	False	0	0.0	5.00	0.00
1636	-1	5	Pericyte	921	221	5.0294	M -0.6 -0.4 Q 0 -0.6 0.6 -0.4 L 0.6 0.4 Q 0 0.6 -0.6 0.4 Z	0.9688	G1	0		37.59	4.3319	False	False	0	0.0	5.00	0.00
1637	-1	5	Pericyte	314	679	5.6945	M -0.6 -0.4 Q 0 -0.6 0.6 -0.4 L 0.6 0.4 Q 0 0.6 -0.6 0.4 Z	1.1558	G1	0		36.49	2.8628	False	False	0	0.0	5.00	0.00
1638	-1	5	Pericyte	714	231	4.2777	M -0.6 -0.4 Q 0 -0.6 0.6 -0.4 L 0.6 0.4 Q 0 0.6 -0.6 0.4 Z	0.9686	G1	0		37.34	3.4542	False	False	0	0.0	5.00	0.00
1639	-1	5	Pericyte	546	231	3.8500	M -0.6 -0.4 Q 0 -0.6 0.6 -0.4 L 0.6 0.4 Q 0 0.6 -0.6 0.4 Z	1.2816	G1	0		37.02	3.1214	False	False	0	0.0	5.00	0.00
1640	-1	5	Pericyte	478	463	4.5212	M -0.6 -0.4 Q 0 -0.6 0.6 -0.4 L 0.6 0.4 Q 0 0.6 -0.6 0.4 Z	0.9853	G1	0		35.84	2.1968	False	False	0	0.0	5.00	0.00
1641	-1	5	Pericyte	552	430	4.2729	M -0.6 -0.4 Q 0 -0.6 0.6 -0.4 L 0.6 0.4 Q 0 0.6 -0.6 0.4 Z	1.0382	G1	0		36.43	2.6068	False	False	0	0.0	5.00	0.00
1642	-1	5	Pericyte	348	70	6.0862	M -0.6 -0.4 Q 0 -0.6 0.6 -0.4 L 0.6 0.4 Q 0 0.6 -0.6 0.4 Z	0.8862	G1	0		38.11	4.1207	False	False	0	0.0	5.00	0.00
1643	-1	5	Pericyte	546	752	4.7732	M -0.6 -0.4 Q 0 -0.6 0.6 -0.4 L 0.6 0.4 Q 0 0.6 -0.6 0.4 Z	0.9821	G1	0		35.99	2.7302	False	False	0	0.0	5.00	0.00
1644	-1	5	Pericyte	449	572	0.8977	M -0.6 -0.4 Q 0 -0.6 0.6 -0.4 L 0.6 0.4 Q 0 0.6 -0.6 0.4 Z	1.4225	G1	0		36.54	2.6517	False	False	0	0.0	5.00	0.00
1645	-1	5	Pericyte	194	796	0.5028	M -0.6 -0.4 Q 0 -0.6 0.6 -0.4 L 0.6 0.4 Q 0 0.6 -0.6 0.4 Z	0.9192	G1	0		34.95	2.7304	False	False	0	0.0	5.00	0.00
1646	-1	5	Pericyte	665	347	2.9530	M -0.6 -0.4 Q 0 -0.6 0.6 -0.4 L 0.6 0.4 Q 0 0.6 -0.6 0.4 Z	1.1625	G1	0		36.27	2.6144	False	False	0	0.0	5.00	0.00
1647	-1	5	Pericyte	137	952	2.2089	M -0.6 -0.4 Q 0 -0.6 0.6 -0.4 L 0.6 0.4 Q 0 0.6 -0.6 0.4 Z	0.6673	G1	0		37.19	4.2993	False	False	0	0.0	5.00	0.00
1648	-1	5	Pericyte	271	334	1.5256	M -0.6 -0.4 Q 0 -0.6 0.6 -0.4 L 0.6 0.4 Q 0 0.6 -0.6 0.4 Z	0.9986	G1	0		36.83	3.1576	False	False	0	0.0	5.00	0.00
1649	-1	5	Pericyte	792	522	4.4474	M -0.6 -0.4 Q 0 -0.6 0.6 -0.4 L 0.6 0.4 Q 0 0.6 -0.6 0.4 Z	1.0606	G1	0		36.94	3.3321	False	False	0	0.0	5.00	0.00
1650	-1	5	Pericyte	92	612	6.2551	M -0.6 -0.4 Q 0 -0.6 0.6 -0.4 L 0.6 0.4 Q 0 0.6 -0.6 0.4 Z	1.1153	G1	0		36.13	3.4776	False	False	0	0.0	5.00	0.00
1651	-1	5	Pericyte	700	335	1.5304	M -0.6 -0.4 Q 0 -0.6 0.6 -0.4 L 0.6 0.4 Q 0 0.6 -0.6 0.4 Z	0.7475	G1	0		36.33	2.8827	False	False	0	0.0	5.00	0.00
1652	-1	5	Pericyte	16	822	5.1005	M -0.6 -0.4 Q 0 -0.6 0.6 -0.4 L 0.6 0.4 Q 0 0.6 -0.6 0.4 Z	1.0656	G1	0		37.29	4.4417	False	False	0	0.0	5.00	0.00
1653	-1	5	Pericyte	846	481	0.8322	M -0.6 -0.4 Q 0 -0.6 0.6 -0.4 L 0.6 0.4 Q 0 0.6 -0.6 0.4 Z	0.9086	G1	0		36.98	3.5323	False	False	0	0.0	5.00	0.00
1654	-1	5	Pericyte	375	889	3.2633	M -0.6 -0.4 Q 0 -0.6 0.6 -0.4 L 0.6 0.4 Q 0 0.6 -0.6 0.4 Z	1.0012	G1	0		38.07	3.9195	False	False	0	0.0	5.00	0.00
1655	-1	5	Pericyte	206	372	2.6008	M -0.6 -0.4 Q 0 -0.6 0.6 -0.4 L 0.6 0.4 Q 0 0.6 -0.6 0.4 Z	0.9559	G1	0		37.50	3.3703	False	False	0	0.0	5.00	0.00
1656	-1	5	Pericyte	343	807	3.1966	M -0.6 -0.4 Q 0 -0.6 0.6 -0.4 L 0.6 0.4 Q 0 0.6 -0.6 0.4 Z	1.0529	G1	0		34.98	2.4602	False	False	0	0.0	5.00	0.00
1657	-1	5	Pericyte	303	943	0.3930	M -0.6 -0.4 Q 0 -0.6 0.6 -0.4 L 0.6 0.4 Q 0 0.6 -0.6 0.4 Z	0.9075	G1	0		37.02	4.1546	False	False	0	0.0	5.00	0.00
1658	-1	5	Pericyte	199	624	4.2663	M -0.6 -0.4 Q 0 -0.6 0.6 -0.4 L 0.6 0.4 Q 0 0.6 -0.6 0.4 Z	0.9453	G1	0		37.17	3.4399	False	False	0	0.0	5.00	0.00
1659	-1	5	Pericyte	688	88	1.8865	M -0.6 -0.4 Q 0 -0.6 0.6 -0.4 L 0.6 0.4 Q 0 0.6 -0.6 0.4 Z	1.0386	G1	0		37.01	3.8196	False	False	0	0.0	5.00	0.00
1660	-1	5	Pericyte	809	865	4.3727	M -0.6 -0.4 Q 0 -0.6 0.6 -0.4 L 0.6 0.4 Q 0 0.6 -0.6 0.4 Z	0.9367	G1	0		36.70	3.7878	False	False	0	0.0	5.00	0.00
1661	-1	5	Pericyte	32	229	2.3010	M -0.6 -0.4 Q 0 -0.6 0.6 -0.4 L 0.6 0.4 Q 0 0.6 -0.6 0.4 Z	1.2554	G1	0		38.46	4.6426	False	False	0	0.0	5.00	0.00
1662	-1	5	Pericyte	233	262	3.3011	M -0.6 -0.4 Q 0 -0.6 0.6 -0.4 L 0.6 0.4 Q 0 0.6 -0.6 0.4 Z	1.3019	G1	0		37.19	3.5438	False	False	0	0.0	5.00	0.00
1663	-1	5	Pericyte	674	289	2.0915	M -0.6 -0.4 Q 0 -0.6 0.6 -0.4 L 0.6 0.4 Q 0 0.6 -0.6 0.4 Z	1.1098	G1	0		37.47	3.0625	False	False	0	0.0	5.00	0.00
1664	-1	5	Pericyte	128	371	5.4915	M -0.6 -0.4 Q 0 -0.6 0.6 -0.4 L 0.6 0.4 Q 0 0.6 -0.6 0.4 Z	0.8980	G1	0		37.33	3.8317	False	False	0	0.0	5.00	0.00
1665	-1	5	Pericyte	270	250	2.0912	M -0.6 -0.4 Q 0 -0.6 0.6 -0.4 L 0.6 0.4 Q 0 0.6 -0.6 0.4 Z	1.0034	G1	0		35.66	2.8047	False	False	0	0.0	5.00	0.00
1666	-1	5	Pericyte	197	375	5.5870	M -0.6 -0.4 Q 0 -0.6 0.6 -0.4 L 0.6 0.4 Q 0 0.6 -0.6 0.4 Z	1.0718	G1	0		37.15	3.4355	False	False	0	0.0	5.00	0.00
1667	-1	5	Pericyte	514	372	4.9344	M -0.6 -0.4 Q 0 -0.6 0.6 -0.4 L 0.6 0.4 Q 0 0.6 -0.6 0.4 Z	0.4780	G1	0		37.59	2.8536	False	False	0	0.0	5.00	0.00
1668	-1	5	Pericyte	247	98	1.5787	M -0.6 -0.4 Q 0 -0.6 0.6 -0.4 L 0.6 0.4 Q 0 0.6 -0.6 0.4 Z	0.9598	G1	0		37.57	4.3102	False	False	0	0.0	5.00	0.00
1669	-1	5	Pericyte	817	957	3.2278	M -0.6 -0.4 Q 0 -0.6 0.6 -0.4 L 0.6 0.4 Q 0 0.6 -0.6 0.4 Z	1.0787	G1	0		37.63	4.4934	False	False	0	0.0	5.00	0.00
1670	-1	5	Pericyte	74	290	0.1927	M -0.6 -0.4 Q 0 -0.6 0.6 -0.4 L 0.6 0.4 Q 0 0.6 -0.6 0.4 Z	1.5300	G1	0		38.07	4.1909	False	False	0	0.0	5.00	0.00
1671	-1	5	Pericyte	368	924	2.0868	M -0.6 -0.4 Q 0 -0.6 0.6 -0.4 L 0.6 0.4 Q 0 0.6 -0.6 0.4 Z	0.9094	G1	0		36.53	3.7678	False	False	0	0.0	5.00	0.00
1672	-1	5	Pericyte	558	368	1.2261	M -0.6 -0.4 Q 0 -0.6 0.6 -0.4 L 0.6 0.4 Q 0 0.6 -0.6 0.4 Z	1.0054	G1	0		36.57	2.6915	False	False	0	0.0	5.00	0.00
1673	-1	5	Pericyte	183	571	0.9737	M -0.6 -0.4 Q 0 -0.6 0.6 -0.4 L 0.6 0.4 Q 0 0.6 -0.6 0.4 Z	0.6903	G1	0		36.35	3.1476	False	False	0	0.0	5.00	0.00
1674	-1	5	Pericyte	65	813	1.1084	M -0.6 -0.4 Q 0 -0.6 0.6 -0.4 L 0.6 0.4 Q 0 0.6 -0.6 0.4 Z	1.1891	G1	0		37.69	4.3622	False	False	0	0.0	5.00	0.00
1675	-1	5	Pericyte	223	616	1.4043	M -0.6 -0.4 Q 0 -0.6 0.6 -0.4 L 0.6 0.4 Q 0 0.6 -0.6 0.4 Z	1.1089	G1	0		37.25	3.4137	False	False	0	0.0	5.00	0.00
1676	-1	5	Pericyte	30	901	0.2641	M -0.6 -0.4 Q 0 -0.6 0.6 -0.4 L 0.6 0.4 Q 0 0.6 -0.6 0.4 Z	0.7498	G1	0		37.15	4.2723	False	False	0	0.0	5.00	0.00
1677	-1	5	Pericyte	543	697	0.5332	M -0.6 -0.4 Q 0 -0.6 0.6 -0.4 L 0.6 0.4 Q 0 0.6 -0.6 0.4 Z	1.0541	G1	0		36.56	2.8290	False	False	0	0.0	5.00	0.00
1678	-1	5	Pericyte	55	676	5.3241	M -0.6 -0.4 Q 0 -0.6 0.6 -0.4 L 0.6 0.4 Q 0 0.6 -0.6 0.4 Z	1.0398	G1	0		38.29	4.4235	False	False	0	0.0	5.00	0.00
1679	-1	5	Pericyte	444	999	5.2828	M -0.6 -0.4 Q 0 -0.6 0.6 -0.4 L 0.6 0.4 Q 0 0.6 -0.6 0.4 Z	0.4319	G1	0		37.96	4.9302	False	False	0	0.0	5.00	0.00
1680	-1	5	Pericyte	242	677	0.1716	M -0.6 -0.4 Q 0 -0.6 0.6 -0.4 L 0.6 0.4 Q 0 0.6 -0.6 0.4 Z	1.3212	G1	0		37.56	3.2515	False	False	0	0.0	5.00	0.00
1681	-1	5	Pericyte	724	961	5.5379	M -0.6 -0.4 Q 0 -0.6 0.6 -0.4 L 0.6 0.4 Q 0 0.6 -0.6 0.4 Z	1.2753	G1	0		37.25	4.3328	False	False	0	0.0	5.00	0.00
1682	-1	5	Pericyte	152	597	6.0392	M -0.6 -0.4 Q 0 -0.6 0.6 -0.4 L 0.6 0.4 Q 0 0.6 -0.6 0.4 Z	0.9909	G1	0		37.53	3.6097	False	False	0	0.0	5.00	0.00
1683	-1	5	Pericyte	982	553	1.6596	M -0.6 -0.4 Q 0 -0.6 0.6 -0.4 L 0.6 0.4 Q 0 0.6 -0.6 0.4 Z	1.0195	G1	0		37.82	4.7134	False	False	0	0.0	5.00	0.00
1684	-1	5	Pericyte	822	677	5.4588	M -0.6 -0.4 Q 0 -0.6 0.6 -0.4 L 0.6 0.4 Q 0 0.6 -0.6 0.4 Z	0.9536	G1	0		37.81	3.6547	False	False	0	0.0	5.00	0.00
1685	-1	5	Pericyte	218	416	4.6926	M -0.6 -0.4 Q 0 -0.6 0.6 -0.4 L 0.6 0.4 Q 0 0.6 -0.6 0.4 Z	0.9907	G1	0		35.81	2.6311	False	False	0	0.0	5.00	0.00
1686	-1	5	Pericyte	797	722	5.1484	M -0.6 -0.4 Q 0 -0.6 0.6 -0.4 L 0.6 0.4 Q 0 0.6 -0.6 0.4 Z	0.8787	G1	0		36.46	3.3102	False	False	0	0.0	5.00	0.00
1687	-1	5	Pericyte	503	399	6.2358	M -0.6 -0.4 Q 0 -0.6 0.6 -0.4 L 0.6 0.4 Q 0 0.6 -0.6 0.4 Z	0.9262	G1	0		36.58	2.6994	False	False	0	0.0	5.00	0.00
1688	-1	5	Pericyte	372	326	3.4725	M -0.6 -0.4 Q 0 -0.6 0.6 -0.4 L 0.6 0.4 Q 0 0.6 -0.6 0.4 Z	1.3788	G1	0		37.06	2.7971	False	False	0	0.0	5.00	0.00
1689	-1	5	Pericyte	793	74	5.2529	M -0.6 -0.4 Q 0 -0.6 0.6 -0.4 L 0.6 0.4 Q 0 0.6 -0.6 0.4 Z	0.9217	G1	0		37.59	4.3189	False	False	0	0.0	5.00	0.00
1690	-1	5	Pericyte	886	549	5.1278	M -0.6 -0.4 Q 0 -0.6 0.6 -0.4 L 0.6 0.4 Q 0 0.6 -0.6 0.4 Z	0.9482	G1	0		37.17	3.8394	False	False	0	0.0	5.00	0.00
1691	-1	5	Pericyte	338	852	4.1936	M -0.6 -0.4 Q 0 -0.6 0.6 -0.4 L 0.6 0.4 Q 0 0.6 -0.6 0.4 Z	0.9063	G1	0		34.93	2.6094	False	False	0	0.0	5.00	0.00
1692	-1	5	Pericyte	352	19	2.8635	M -0.6 -0.4 Q 0 -0.6 0.6 -0.4 L 0.6 0.4 Q 0 0.6 -0.6 0.4 Z	1.0954	G1	0		36.58	4.1741	False	False	0	0.0	5.00	0.00
1693	-1	5	Pericyte	377	84	4.0279	M -0.6 -0.4 Q 0 -0.6 0.6 -0.4 L 0.6 0.4 Q 0 0.6 -0.6 0.4 Z	1.0454	G1	0		37.67	4.1855	False	False	0	0.0	5.00	0.00
1694	-1	5	Pericyte	216	548	1.9406	M -0.6 -0.4 Q 0 -0.6 0.6 -0.4 L 0.6 0.4 Q 0 0.6 -0.6 0.4 Z	0.9362	G1	0		36.71	3.0002	False	False	0	0.0	5.00	0.00
1695	-1	5	Pericyte	999	874	1.9503	M -0.6 -0.4 Q 0 -0.6 0.6 -0.4 L 0.6 0.4 Q 0 0.6 -0.6 0.4 Z	0.6849	G1	0		37.23	4.5539	False	False	0	0.0	5.00	0.00
1696	-1	5	Pericyte	601	533	1.8000	M -0.6 -0.4 Q 0 -0.6 0.6 -0.4 L 0.6 0.4 Q 0 0.6 -0.6 0.4 Z	0.9348	G1	0		36.57	2.6472	False	False	0	0.0	5.00	0.00
1697	-1	5	Pericyte	357	38	0.2941	M -0.6 -0.4 Q 0 -0.6 0.6 -0.4 L 0.6 0.4 Q 0 0.6 -0.6 0.4 Z	1.0337	G1	0		37.17	4.2874	False	False	0	0.0	5.00	0.00
1698	-1	5	Pericyte	240	580	1.3887	M -0.6 -0.4 Q 0 -0.6 0.6 -0.4 L 0.6 0.4 Q 0 0.6 -0.6 0.4 Z	1.1544	G1	0		36.27	2.9450	False	False	0	0.0	5.00	0.00
1699	-1	5	Pericyte	767	423	4.1841	M -0.6 -0.4 Q 0 -0.6 0.6 -0.4 L 0.6 0.4 Q 0 0.6 -0.6 0.4 Z	0.9029	G1	0		37.01	3.2270	False	False	0	0.0	5.00	0.00
1700	-1	5	Pericyte	211	272	2.1146	M -0.6 -0.4 Q 0 -0.6 0.6 -0.4 L 0.6 0.4 Q 0 0.6 -0.6 0.4 Z	1.2398	G1	0		35.38	2.7464	False	False	0	0.0	5.00	0.00
1701	-1	5	Pericyte	238	330	2.3751	M -0.6 -0.4 Q 0 -0.6 0.6 -0.4 L 0.6 0.4 Q 0 0.6 -0.6 0.4 Z	1.0950	G1	0		36.67	3.1617	False	False	0	0.0	5.00	0.00
1702	-1	5	Pericyte	994	759	4.3217	M -0.6 -0.4 Q 0 -0.6 0.6 -0.4 L 0.6 0.4 Q 0 0.6 -0.6 0.4 Z	1.1081	G1	0		37.82	4.9019	False	False	0	0.0	5.00	0.00
1703	-1	5	Pericyte	44	517	2.3642	M -0.6 -0.4 Q 0 -0.6 0.6 -0.4 L 0.6 0.4 Q 0 0.6 -0.6 0.4 Z	1.1299	G1	0		36.99	3.9937	False	False	0	0.0	5.00	0.00
1704	-1	5	Pericyte	655	292	5.1449	M -0.6 -0.4 Q 0 -0.6 0.6 -0.4 L 0.6 0.4 Q 0 0.6 -0.6 0.4 Z	1.1999	G1	0		36.35	2.7300	False	False	0	0.0	5.00	0.00
1705	-1	5	Pericyte	997	259	0.9829	M -0.6 -0.4 Q 0 -0.6 0.6 -0.4 L 0.6 0.4 Q 0 0.6 -0.6 0.4 Z	0.9221	G1	0		38.30	4.9389	False	False	0	0.0	5.00	0.00
1706	-1	5	Pericyte	955	657	5.3668	M -0.6 -0.4 Q 0 -0.6 0.6 -0.4 L 0.6 0.4 Q 0 0.6 -0.6 0.4 Z	0.9521	G1	0		37.15	4.1950	False	False	0	0.0	5.00	0.00
1707	-1	5	Pericyte	553	353	4.4186	M -0.6 -0.4 Q 0 -0.6 0.6 -0.4 L 0.6 0.4 Q 0 0.6 -0.6 0.4 Z	1.0295	G1	0		35.99	2.3243	False	False	0	0.0	5.00	0.00
1708	-1	5	Pericyte	784	942	0.9828	M -0.6 -0.4 Q 0 -0.6 0.6 -0.4 L 0.6 0.4 Q 0 0.6 -0.6 0.4 Z	1.1851	G1	0		36.60	4.0114	False	False	0	0.0	5.00	0.00
1709	-1	5	Pericyte	694	564	6.1511	M -0.6 -0.4 Q 0 -0.6 0.6 -0.4 L 0.6 0.4 Q 0 0.6 -0.6 0.4 Z	1.1930	G1	0		36.46	2.8104	False	False	0	0.0	5.00	0.00
1710	-1	5	Pericyte	93	184	5.2693	M -0.6 -0.4 Q 0 -0.6 0.6 -0.4 L 0.6 0.4 Q 0 0.6 -0.6 0.4 Z	0.9900	G1	0		37.29	4.2229	False	False	0	0.0	5.00	0.00
1711	-1	5	Pericyte	625	922	5.8045	M -0.6 -0.4 Q 0 -0.6 0.6 -0.4 L 0.6 0.4 Q 0 0.6 -0.6 0.4 Z	1.3291	G1	0		37.40	4.1825	False	False	0	0.0	5.00	0.00
1712	-1	5	Pericyte	394	667	0.7819	M -0.6 -0.4 Q 0 -0.6 0.6 -0.4 L 0.6 0.4 Q 0 0.6 -0.6 0.4 Z	1.2843	G1	0		35.29	2.2194	False	False	0	0.0	5.00	0.00
1713	-1	5	Pericyte	636	212	5.7324	M -0.6 -0.4 Q 0 -0.6 0.6 -0.4 L 0.6 0.4 Q 0 0.6 -0.6 0.4 Z	1.0043	G1	0		36.11	2.9399	False	False	0	0.0	5.00	0.00
1714	-1	5	Pericyte	361	224	2.8483	M -0.6 -0.4 Q 0 -0.6 0.6 -0.4 L 0.6 0.4 Q 0 0.6 -0.6 0.4 Z	1.0723	G1	0		37.55	3.2500	False	False	0	0.0	5.00	0.00
1715	-1	5	Pericyte	72	628	2.4677	M -0.6 -0.4 Q 0 -0.6 0.6 -0.4 L 0.6 0.4 Q 0 0.6 -0.6 0.4 Z	0.9730	G1	0		38.09	4.1617	False	False	0	0.0	5.00	0.00
1716	-1	5	Pericyte	56	143	2.7134	M -0.6 -0.4 Q 0 -0.6 0.6 -0.4 L 0.6 0.4 Q 0 0.6 -0.6 0.4 Z	1.0088	G1	0		35.56	3.5475	False	False	0	0.0	5.00	0.00
1717	-1	5	Pericyte	401	249	0.1738	M -0.6 -0.4 Q 0 -0.6 0.6 -0.4 L 0.6 0.4 Q 0 0.6 -0.6 0.4 Z	1.2707	G1	0		36.19	2.8632	False	False	0	0.0	5.00	0.00
1718	-1	5	Pericyte	543	76	5.0780	M -0.6 -0.4 Q 0 -0.6 0.6 -0.4 L 0.6 0.4 Q 0 0.6 -0.6 0.4 Z	1.0880	G1	0		38.05	4.1006	False	False	0	0.0	5.00	0.00
1719	-1	5	Pericyte	797	69	0.9708	M -0.6 -0.4 Q 0 -0.6 0.6 -0.4 L 0.6 0.4 Q 0 0.6 -0.6 0.4 Z	1.0753	G1	0		36.95	3.9723	False	False	0	0.0	5.00	0.00
1720	-1	5	Pericyte	220	831	3.0581	M -0.6 -0.4 Q 0 -0.6 0.6 -0.4 L 0.6 0.4 Q 0 0.6 -0.6 0.4 Z	1.4518	G1	0		37.81	3.8668	False	False	0	0.0	5.00	0.00
1721	-1	5	Pericyte	577	244	5.7716	M -0.6 -0.4 Q 0 -0.6 0.6 -0.4 L 0.6 0.4 Q 0 0.6 -0.6 0.4 Z	0.9828	G1	0		36.72	3.0823	False	False	0	0.0	5.00	0.00
1722	-1	5	Pericyte	890	556	5.0949	M -0.6 -0.4 Q 0 -0.6 0.6 -0.4 L 0.6 0.4 Q 0 0.6 -0.6 0.4 Z	1.0882	G1	0		37.37	3.9977	False	False	0	0.0	5.00	0.00
1723	-1	5	Pericyte	830	360	0.4315	M -0.6 -0.4 Q 0 -0.6 0.6 -0.4 L 0.6 0.4 Q 0 0.6 -0.6 0.4 Z	0.7360	G1	0		37.79	3.5812	False	False	0	0.0	5.00	0.00
1724	-1	5	Pericyte	185	97	3.5984	M -0.6 -0.4 Q 0 -0.6 0.6 -0.4 L 0.6 0.4 Q 0 0.6 -0.6 0.4 Z	1.0409	G1	0		36.71	3.8850	False	False	0	0.0	5.00	0.00
1725	-1	5	Pericyte	644	677	3.0889	M -0.6 -0.4 Q 0 -0.6 0.6 -0.4 L 0.6 0.4 Q 0 0.6 -0.6 0.4 Z	1.1105	G1	0		37.36	3.0887	False	False	0	0.0	5.00	0.00
1726	-1	5	Pericyte	220	853	0.4169	M -0.6 -0.4 Q 0 -0.6 0.6 -0.4 L 0.6 0.4 Q 0 0.6 -0.6 0.4 Z	1.1406	G1	0		37.37	3.9660	False	False	0	0.0	5.00	0.00
1727	-1	5	Pericyte	786	135	6.1102	M -0.6 -0.4 Q 0 -0.6 0.6 -0.4 L 0.6 0.4 Q 0 0.6 -0.6 0.4 Z	0.6211	G1	0		37.12	3.9351	False	False	0	0.0	5.00	0.00
1728	-1	5	Pericyte	110	868	4.0109	M -0.6 -0.4 Q 0 -0.6 0.6 -0.4 L 0.6 0.4 Q 0 0.6 -0.6 0.4 Z	1.0711	G1	0		36.14	3.6963	False	False	0	0.0	5.00	0.00
1729	-1	5	Pericyte	834	185	5.3076	M -0.6 -0.4 Q 0 -0.6 0.6 -0.4 L 0.6 0.4 Q 0 0.6 -0.6 0.4 Z	1.1301	G1	0		36.35	3.2884	False	False	0	0.0	5.00	0.00
1730	-1	5	Pericyte	944	998	6.1561	M -0.6 -0.4 Q 0 -0.6 0.6 -0.4 L 0.6 0.4 Q 0 0.6 -0.6 0.4 Z	0.7662	G1	0		37.99	4.9724	False	False	0	0.0	5.00	0.00
1731	-1	5	Pericyte	856	53	0.5331	M -0.6 -0.4 Q 0 -0.6 0.6 -0.4 L 0.6 0.4 Q 0 0.6 -0.6 0.4 Z	1.2036	G1	0		35.32	3.3877	False	False	0	0.0	5.00	0.00
1732	-1	5	Pericyte	702	359	2.5861	M -0.6 -0.4 Q 0 -0.6 0.6 -0.4 L 0.6 0.4 Q 0 0.6 -0.6 0.4 Z	1.2544	G1	0		35.39	2.3454	False	False	0	0.0	5.00	0.00
1733	-1	5	Pericyte	719	445	5.4233	M -0.6 -0.4 Q 0 -0.6 0.6 -0.4 L 0.6 0.4 Q 0 0.6 -0.6 0.4 Z	0.9916	G1	0		33.81	1.5457	False	False	0	0.0	5.00	0.00
1734	-1	5	Pericyte	629	714	4.3159	M -0.6 -0.4 Q 0 -0.6 0.6 -0.4 L 0.6 0.4 Q 0 0.6 -0.6 0.4 Z	0.9059	G1	0		36.08	2.6471	False	False	0	0.0	5.00	0.00
1735	-1	5	Pericyte	999	431	1.5393	M -0.6 -0.4 Q 0 -0.6 0.6 -0.4 L 0.6 0.4 Q 0 0.6 -0.6 0.4 Z	1.2497	G1	0		37.97	4.9406	False	False	0	0.0	5.00	0.00
1736	-1	5	Pericyte	777	94	1.8064	M -0.6 -0.4 Q 0 -0.6 0.6 -0.4 L 0.6 0.4 Q 0 0.6 -0.6 0.4 Z	0.5869	G1	0		37.16	4.0479	False	False	0	0.0	5.00	0.00
1737	-1	5	Pericyte	608	252	2.0684	M -0.6 -0.4 Q 0 -0.6 0.6 -0.4 L 0.6 0.4 Q 0 0.6 -0.6 0.4 Z	1.0302	G1	0		36.11	2.6850	False	False	0	0.0	5.00	0.00
1738	-1	5	Pericyte	883	999	1.1510	M -0.6 -0.4 Q 0 -0.6 0.6 -0.4 L 0.6 0.4 Q 0 0.6 -0.6 0.4 Z	1.0405	G1	0		37.98	4.9698	False	False	0	0.0	5.00	0.00
1739	-1	5	Pericyte	834	15	0.6024	M -0.6 -0.4 Q 0 -0.6 0.6 -0.4 L 0.6 0.4 Q 0 0.6 -0.6 0.4 Z	1.0373	G1	0		37.51	4.6200	False	False	0	0.0	5.00	0.00
1740	-1	5	Pericyte	364	829	4.8588	M -0.6 -0.4 Q 0 -0.6 0.6 -0.4 L 0.6 0.4 Q 0 0.6 -0.6 0.4 Z	1.0375	G1	0		37.54	3.5666	False	False	0	0.0	5.00	0.00
1741	-1	5	Pericyte	780	983	4.5299	M -0.6 -0.4 Q 0 -0.6 0.6 -0.4 L 0.6 0.4 Q 0 0.6 -0.6 0.4 Z	1.0909	G1	0		37.56	4.5298	False	False	0	0.0	5.00	0.00
1742	-1	5	Pericyte	424	229	0.6097	M -0.6 -0.4 Q 0 -0.6 0.6 -0.4 L 0.6 0.4 Q 0 0.6 -0.6 0.4 Z	1.0685	G1	0		36.69	3.0502	False	False	0	0.0	5.00	0.00
1743	-1	5	Pericyte	638	259	5.8528	M -0.6 -0.4 Q 0 -0.6 0.6 -0.4 L 0.6 0.4 Q 0 0.6 -0.6 0.4 Z	1.0078	G1	0		36.93	3.1980	False	False	0	0.0	5.00	0.00
1744	-1	5	Pericyte	766	646	3.5848	M -0.6 -0.4 Q 0 -0.6 0.6 -0.4 L 0.6 0.4 Q 0 0.6 -0.6 0.4 Z	0.7481	G1	0		37.34	3.2884	False	False	0	0.0	5.00	0.00
1745	-1	5	Pericyte	425	692	2.8916	M -0.6 -0.4 Q 0 -0.6 0.6 -0.4 L 0.6 0.4 Q 0 0.6 -0.6 0.4 Z	0.7153	G1	0		36.26	2.6275	False	False	0	0.0	5.00	0.00
1746	-1	5	Pericyte	521	933	2.6688	M -0.6 -0.4 Q 0 -0.6 0.6 -0.4 L 0.6 0.4 Q 0 0.6 -0.6 0.4 Z	0.7773	G1	0		37.92	4.2359	False	False	0	0.0	5.00	0.00
1747	-1	5	Pericyte	121	238	6.2243	M -0.6 -0.4 Q 0 -0.6 0.6 -0.4 L 0.6 0.4 Q 0 0.6 -0.6 0.4 Z	1.1424	G1	0		35.89	3.3501	False	False	0	0.0	5.00	0.00
1748	-1	5	Pericyte	518	596	2.7068	M -0.6 -0.4 Q 0 -0.6 0.6 -0.4 L 0.6 0.4 Q 0 0.6 -0.6 0.4 Z	1.2400	G1	0		36.05	2.1719	False	False	0	0.0	5.00	0.00
1749	-1	5	Pericyte	32	870	4.1505	M -0.6 -0.4 Q 0 -0.6 0.6 -0.4 L 0.6 0.4 Q 0 0.6 -0.6 0.4 Z	0.9495	G1	0		38.31	4.7126	False	False	0	0.0	5.00	0.00
1750	-1	5	Pericyte	360	44	1.6496	M -0.6 -0.4 Q 0 -0.6 0.6 -0.4 L 0.6 0.4 Q 0 0.6 -0.6 0.4 Z	1.3555	G1	0		36.30	3.8545	False	False	0	0.0	5.00	0.00
1751	-1	5	Pericyte	783	541	0.8550	M -0.6 -0.4 Q 0 -0.6 0.6 -0.4 L 0.6 0.4 Q 0 0.6 -0.6 0.4 Z	1.1294	G1	0		36.25	2.9009	False	False	0	0.0	5.00	0.00
1752	-1	5	Pericyte	964	930	2.6113	M -0.6 -0.4 Q 0 -0.6 0.6 -0.4 L 0.6 0.4 Q 0 0.6 -0.6 0.4 Z	1.1384	G1	0		37.18	4.3857	False	False	0	0.0	5.00	0.00
1753	-1	5	Pericyte	494	132	6.2189	M -0.6 -0.4 Q 0 -0.6 0.6 -0.4 L 0.6 0.4 Q 0 0.6 -0.6 0.4 Z	0.8005	G1	0		37.06	3.7173	False	False	0	0.0	5.00	0.00
1754	-1	5	Pericyte	84	902	1.1687	M -0.6 -0.4 Q 0 -0.6 0.6 -0.4 L 0.6 0.4 Q 0 0.6 -0.6 0.4 Z	1.1035	G1	0		37.72	4.5503	False	False	0	0.0	5.00	0.00
1755	-1	5	Pericyte	541	94	1.8215	M -0.6 -0.4 Q 0 -0.6 0.6 -0.4 L 0.6 0.4 Q 0 0.6 -0.6 0.4 Z	0.9610	G1	0		36.44	3.5503	False	False	0	0.0	5.00	0.00
1756	-1	5	Pericyte	383	69	4.7123	M -0.6 -0.4 Q 0 -0.6 0.6 -0.4 L 0.6 0.4 Q 0 0.6 -0.6 0.4 Z	1.0259	G1	0		37.84	4.2816	False	False	0	0.0	5.00	0.00
1757	-1	5	Pericyte	98	351	0.9764	M -0.6 -0.4 Q 0 -0.6 0.6 -0.4 L 0.6 0.4 Q 0 0.6 -0.6 0.4 Z	1.2738	G1	0		35.90	3.3244	False	False	0	0.0	5.00	0.00
1758	-1	5	Pericyte	131	822	2.7417	M -0.6 -0.4 Q 0 -0.6 0.6 -0.4 L 0.6 0.4 Q 0 0.6 -0.6 0.4 Z	0.8078	G1	0		37.48	4.0569	False	False	0	0.0	5.00	0.00
1759	-1	5	Pericyte	540	85	0.9169	M -0.6 -0.4 Q 0 -0.6 0.6 -0.4 L 0.6 0.4 Q 0 0.6 -0.6 0.4 Z	1.1326	G1	0		37.35	4.1000	False	False	0	0.0	5.00	0.00
1760	-1	5	Pericyte	210	682	2.8415	M -0.6 -0.4 Q 0 -0.6 0.6 -0.4 L 0.6 0.4 Q 0 0.6 -0.6 0.4 Z	0.8510	G1	0		37.31	3.5095	False	False	0	0.0	5.00	0.00
1761	-1	5	Pericyte	508	307	5.1428	M -0.6 -0.4 Q 0 -0.6 0.6 -0.4 L 0.6 0.4 Q 0 0.6 -0.6 0.4 Z	0.6329	G1	0		36.53	2.7946	False	False	0	0.0	5.00	0.00
1762	-1	5	Pericyte	788	710	2.6436	M -0.6 -0.4 Q 0 -0.6 0.6 -0.4 L 0.6 0.4 Q 0 0.6 -0.6 0.4 Z	0.7712	G1	0		36.18	3.1131	False	False	0	0.0	5.00	0.00
1763	-1	5	Pericyte	622	651	1.1138	M -0.6 -0.4 Q 0 -0.6 0.6 -0.4 L 0.6 0.4 Q 0 0.6 -0.6 0.4 Z	1.0365	G1	0		36.76	2.9523	False	False	0	0.0	5.00	0.00
1764	-1	5	Pericyte	515	836	0.5728	M -0.6 -0.4 Q 0 -0.6 0.6 -0.4 L 0.6 0.4 Q 0 0.6 -0.6 0.4 Z	1.0774	G1	0		37.07	3.5470	False	False	0	0.0	5.00	0.00
1765	-1	5	Pericyte	700	480	2.3790	M -0.6 -0.4 Q 0 -0.6 0.6 -0.4 L 0.6 0.4 Q 0 0.6 -0.6 0.4 Z	1.1664	G1	0		35.86	2.4903	False	False	0	0.0	5.00	0.00
1766	-1	5	Pericyte	410	454	2.2432	M -0.6 -0.4 Q 0 -0.6 0.6 -0.4 L 0.6 0.4 Q 0 0.6 -0.6 0.4 Z	0.9067	G1	0		36.61	2.7070	False	False	0	0.0	5.00	0.00
1767	-1	5	Pericyte	935	979	0.6958	M -0.6 -0.4 Q 0 -0.6 0.6 -0.4 L 0.6 0.4 Q 0 0.6 -0.6 0.4 Z	0.9563	G1	0		38.48	4.7059	False	False	0	0.0	5.00	0.00
1768	-1	5	Pericyte	513	206	0.8696	M -0.6 -0.4 Q 0 -0.6 0.6 -0.4 L 0.6 0.4 Q 0 0.6 -0.6 0.4 Z	0.9544	G1	0		36.49	2.9198	False	False	0	0.0	5.00	0.00
1769	-1	5	Pericyte	434	818	5.2676	M -0.6 -0.4 Q 0 -0.6 0.6 -0.4 L 0.6 0.4 Q 0 0.6 -0.6 0.4 Z	1.0731	G1	0		36.86	3.2433	False	False	0	0.0	5.00	0.00
1770	-1	5	Pericyte	13	660	0.1764	M -0.6 -0.4 Q 0 -0.6 0.6 -0.4 L 0.6 0.4 Q 0 0.6 -0.6 0.4 Z	0.9195	G1	0		36.68	4.2644	False	False	0	0.0	5.00	0.00
1771	-1	5	Pericyte	547	791	0.1622	M -0.6 -0.4 Q 0 -0.6 0.6 -0.4 L 0.6 0.4 Q 0 0.6 -0.6 0.4 Z	1.1574	G1	0		35.66	2.6095	False	False	0	0.0	5.00	0.00
1772	-1	5	Pericyte	352	663	4.1244	M -0.6 -0.4 Q 0 -0.6 0.6 -0.4 L 0.6 0.4 Q 0 0.6 -0.6 0.4 Z	1.1303	G1	0		36.65	2.9171	False	False	0	0.0	5.00	0.00
1773	-1	5	Pericyte	83	78	1.6865	M -0.6 -0.4 Q 0 -0.6 0.6 -0.4 L 0.6 0.4 Q 0 0.6 -0.6 0.4 Z	0.9649	G1	0		38.25	4.6611	False	False	0	0.0	5.00	0.00
1774	-1	5	Pericyte	470	233	3.5232	M -0.6 -0.4 Q 0 -0.6 0.6 -0.4 L 0.6 0.4 Q 0 0.6 -0.6 0.4 Z	0.7550	G1	0		34.16	1.7844	False	False	0	0.0	5.00	0.00
1775	-1	5	Pericyte	55	649	5.5969	M -0.6 -0.4 Q 0 -0.6 0.6 -0.4 L 0.6 0.4 Q 0 0.6 -0.6 0.4 Z	0.6526	G1	0		37.10	4.1086	False	False	0	0.0	5.00	0.00
1776	-1	5	Pericyte	999	940	6.2268	M -0.6 -0.4 Q 0 -0.6 0.6 -0.4 L 0.6 0.4 Q 0 0.6 -0.6 0.4 Z	1.0592	G1	0		37.99	4.9822	False	False	0	0.0	5.00	0.00
1777	-1	5	Pericyte	649	827	4.0487	M -0.6 -0.4 Q 0 -0.6 0.6 -0.4 L 0.6 0.4 Q 0 0.6 -0.6 0.4 Z	0.9248	G1	0		37.67	3.5447	False	False	0	0.0	5.00	0.00
1778	-1	5	Pericyte	747	833	3.1389	M -0.6 -0.4 Q 0 -0.6 0.6 -0.4 L 0.6 0.4 Q 0 0.6 -0.6 0.4 Z	1.2145	G1	0		35.34	2.7699	False	False	0	0.0	5.00	0.00
1779	-1	5	Pericyte	620	789	0.5584	M -0.6 -0.4 Q 0 -0.6 0.6 -0.4 L 0.6 0.4 Q 0 0.6 -0.6 0.4 Z	0.8664	G1	0		36.75	3.0269	False	False	0	0.0	5.00	0.00
1780	-1	5	Pericyte	379	278	4.4574	M -0.6 -0.4 Q 0 -0.6 0.6 -0.4 L 0.6 0.4 Q 0 0.6 -0.6 0.4 Z	1.3490	G1	0		37.28	3.0865	False	False	0	0.0	5.00	0.00
1781	-1	5	Pericyte	831	854	0.9594	M -0.6 -0.4 Q 0 -0.6 0.6 -0.4 L 0.6 0.4 Q 0 0.6 -0.6 0.4 Z	1.1647	G1	0		37.35	4.0664	False	False	0	0.0	5.00	0.00
1782	-1	5	Pericyte	279	115	4.4390	M -0.6 -0.4 Q 0 -0.6 0.6 -0.4 L 0.6 0.4 Q 0 0.6 -0.6 0.4 Z	0.9204	G1	0		37.62	3.9247	False	False	0	0.0	5.00	0.00
1783	-1	5	Pericyte	849	634	2.3782	M -0.6 -0.4 Q 0 -0.6 0.6 -0.4 L 0.6 0.4 Q 0 0.6 -0.6 0.4 Z	0.5555	G1	0		37.17	3.7102	False	False	0	0.0	5.00	0.00
1784	-1	5	Pericyte	996	6	1.1579	M -0.6 -0.4 Q 0 -0.6 0.6 -0.4 L 0.6 0.4 Q 0 0.6 -0.6 0.4 Z	0.6922	G1	0		38.00	4.9995	False	False	0	0.0	5.00	0.00
1785	-1	5	Pericyte	937	124	1.5697	M -0.6 -0.4 Q 0 -0.6 0.6 -0.4 L 0.6 0.4 Q 0 0.6 -0.6 0.4 Z	1.0407	G1	0		35.54	3.5280	False	False	0	0.0	5.00	0.00
1786	-1	5	Pericyte	761	48	2.9499	M -0.6 -0.4 Q 0 -0.6 0.6 -0.4 L 0.6 0.4 Q 0 0.6 -0.6 0.4 Z	1.0057	G1	0		37.48	4.4376	False	False	0	0.0	5.00	0.00
1787	-1	5	Pericyte	152	269	2.1171	M -0.6 -0.4 Q 0 -0.6 0.6 -0.4 L 0.6 0.4 Q 0 0.6 -0.6 0.4 Z	1.1409	G1	0		37.18	3.8370	False	False	0	0.0	5.00	0.00
1788	-1	5	Pericyte	685	769	5.6900	M -0.6 -0.4 Q 0 -0.6 0.6 -0.4 L 0.6 0.4 Q 0 0.6 -0.6 0.4 Z	0.7581	G1	0		36.71	3.2779	False	False	0	0.0	5.00	0.00
1789	-1	5	Pericyte	70	241	4.0082	M -0.6 -0.4 Q 0 -0.6 0.6 -0.4 L 0.6 0.4 Q 0 0.6 -0.6 0.4 Z	0.9616	G1	0		37.53	4.2258	False	False	0	0.0	5.00	0.00
1790	-1	5	Pericyte	119	498	5.7759	M -0.6 -0.4 Q 0 -0.6 0.6 -0.4 L 0.6 0.4 Q 0 0.6 -0.6 0.4 Z	0.9632	G1	0		36.95	3.7368	False	False	0	0.0	5.00	0.00
1791	-1	5	Pericyte	710	986	3.1408	M -0.6 -0.4 Q 0 -0.6 0.6 -0.4 L 0.6 0.4 Q 0 0.6 -0.6 0.4 Z	1.0924	G1	0		37.86	4.8668	False	False	0	0.0	5.00	0.00
1792	-1	5	Pericyte	693	170	2.9660	M -0.6 -0.4 Q 0 -0.6 0.6 -0.4 L 0.6 0.4 Q 0 0.6 -0.6 0.4 Z	1.0228	G1	0		34.86	2.5666	False	False	0	0.0	5.00	0.00
1793	-1	5	Pericyte	375	558	0.8108	M -0.6 -0.4 Q 0 -0.6 0.6 -0.4 L 0.6 0.4 Q 0 0.6 -0.6 0.4 Z	0.9678	G1	0		37.36	2.8197	False	False	0	0.0	5.00	0.00
1794	-1	5	Pericyte	943	350	1.2922	M -0.6 -0.4 Q 0 -0.6 0.6 -0.4 L 0.6 0.4 Q 0 0.6 -0.6 0.4 Z	0.8709	G1	0		37.43	4.3390	False	False	0	0.0	5.00	0.00
1795	-1	5	Pericyte	45	911	0.3243	M -0.6 -0.4 Q 0 -0.6 0.6 -0.4 L 0.6 0.4 Q 0 0.6 -0.6 0.4 Z	0.9796	G1	0		37.64	4.5184	False	False	0	0.0	5.00	0.00
1796	-1	5	Pericyte	644	288	1.2848	M -0.6 -0.4 Q 0 -0.6 0.6 -0.4 L 0.6 0.4 Q 0 0.6 -0.6 0.4 Z	1.0348	G1	0		36.41	2.8389	False	False	0	0.0	5.00	0.00
1797	-1	0	Neuron	868	257	4.4343	M 0 -1 C 0.5 -0.5 0.3 0.2 0.8 1 L 0 0.6 L -0.8 1 C -0.3 0.2 -0.5 -0.5 0 -1 Z	1.1808	G0	0		34.90	2.7252	False	True	0	0.0	0.00	0.00
1798	-1	0	Neuron	655	433	5.5129	M 0 -1 C 0.5 -0.5 0.3 0.2 0.8 1 L 0 0.6 L -0.8 1 C -0.3 0.2 -0.5 -0.5 0 -1 Z	1.1517	G0	0		34.43	1.7566	False	True	0	0.0	0.00	0.00
1799	-1	0	Neuron	748	150	1.2669	M 0 -1 C 0.5 -0.5 0.3 0.2 0.8 1 L 0 0.6 L -0.8 1 C -0.3 0.2 -0.5 -0.5 0 -1 Z	1.1788	G0	0		36.40	3.5041	False	True	0	0.0	0.00	0.00
1800	-1	0	Neuron	135	548	0.8379	M 0 -1 C 0.5 -0.5 0.3 0.2 0.8 1 L 0 0.6 L -0.8 1 C -0.3 0.2 -0.5 -0.5 0 -1 Z	1.1729	G0	0		35.30	2.8763	False	True	0	0.0	0.00	0.00
1801	-1	0	Neuron	753	460	3.4989	M 0 -1 C 0.5 -0.5 0.3 0.2 0.8 1 L 0 0.6 L -0.8 1 C -0.3 0.2 -0.5 -0.5 0 -1 Z	0.9658	G0	0		35.68	2.5798	False	True	0	0.0	0.00	0.00
1802	-1	0	Neuron	787	869	0.0152	M 0 -1 C 0.5 -0.5 0.3 0.2 0.8 1 L 0 0.6 L -0.8 1 C -0.3 0.2 -0.5 -0.5 0 -1 Z	1.2272	G0	0		36.02	3.4294	False	True	0	0.0	0.00	0.00
1803	-1	0	Neuron	167	158	6.0458	M 0 -1 C 0.5 -0.5 0.3 0.2 0.8 1 L 0 0.6 L -0.8 1 C -0.3 0.2 -0.5 -0.5 0 -1 Z	1.3102	G0	0		35.36	3.0695	False	True	0	0.0	0.00	0.00
1804	-1	0	Neuron	646	137	4.7661	M 0 -1 C 0.5 -0.5 0.3 0.2 0.8 1 L 0 0.6 L -0.8 1 C -0.3 0.2 -0.5 -0.5 0 -1 Z	1.0482	G0	0		35.25	2.8713	False	True	0	0.0	0.00	0.00
1805	-1	0	Neuron	164	104	5.5168	M 0 -1 C 0.5 -0.5 0.3 0.2 0.8 1 L 0 0.6 L -0.8 1 C -0.3 0.2 -0.5 -0.5 0 -1 Z	0.7679	G0	0		35.01	3.1224	False	True	0	0.0	0.00	0.00
1806	-1	0	Neuron	344	618	4.9188	M 0 -1 C 0.5 -0.5 0.3 0.2 0.8 1 L 0 0.6 L -0.8 1 C -0.3 0.2 -0.5 -0.5 0 -1 Z	1.0954	G0	0		34.98	2.0843	False	True	0	0.0	0.00	0.00
1807	-1	0	Neuron	32	287	2.9324	M 0 -1 C 0.5 -0.5 0.3 0.2 0.8 1 L 0 0.6 L -0.8 1 C -0.3 0.2 -0.5 -0.5 0 -1 Z	1.0858	G0	0		36.20	3.9335	False	True	0	0.0	0.00	0.00
1808	-1	0	Neuron	122	918	0.6854	M 0 -1 C 0.5 -0.5 0.3 0.2 0.8 1 L 0 0.6 L -0.8 1 C -0.3 0.2 -0.5 -0.5 0 -1 Z	1.0747	G0	0		36.28	3.8749	False	True	0	0.0	0.00	0.00
1809	-1	0	Neuron	597	640	1.9742	M 0 -1 C 0.5 -0.5 0.3 0.2 0.8 1 L 0 0.6 L -0.8 1 C -0.3 0.2 -0.5 -0.5 0 -1 Z	0.9762	G0	0		35.64	2.3688	False	True	0	0.0	0.00	0.00
1810	-1	0	Neuron	573	742	5.2652	M 0 -1 C 0.5 -0.5 0.3 0.2 0.8 1 L 0 0.6 L -0.8 1 C -0.3 0.2 -0.5 -0.5 0 -1 Z	1.1127	G0	0		35.14	2.3208	False	True	0	0.0	0.00	0.00
1811	-1	0	Neuron	160	254	4.2959	M 0 -1 C 0.5 -0.5 0.3 0.2 0.8 1 L 0 0.6 L -0.8 1 C -0.3 0.2 -0.5 -0.5 0 -1 Z	1.2466	G0	0		35.95	3.2556	False	True	0	0.0	0.00	0.00
1812	-1	0	Neuron	288	914	4.1927	M 0 -1 C 0.5 -0.5 0.3 0.2 0.8 1 L 0 0.6 L -0.8 1 C -0.3 0.2 -0.5 -0.5 0 -1 Z	1.0207	G0	0		35.53	3.2972	False	True	0	0.0	0.00	0.00
1813	-1	0	Neuron	491	732	3.2072	M 0 -1 C 0.5 -0.5 0.3 0.2 0.8 1 L 0 0.6 L -0.8 1 C -0.3 0.2 -0.5 -0.5 0 -1 Z	0.7497	G0	0		34.94	2.0423	False	True	0	0.0	0.00	0.00
1814	-1	0	Neuron	472	912	4.4933	M 0 -1 C 0.5 -0.5 0.3 0.2 0.8 1 L 0 0.6 L -0.8 1 C -0.3 0.2 -0.5 -0.5 0 -1 Z	1.3141	G0	0		35.84	3.3344	False	True	0	0.0	0.00	0.00
1815	-1	0	Neuron	554	409	5.4428	M 0 -1 C 0.5 -0.5 0.3 0.2 0.8 1 L 0 0.6 L -0.8 1 C -0.3 0.2 -0.5 -0.5 0 -1 Z	1.4195	G0	0		35.21	2.0210	False	True	0	0.0	0.00	0.00
1817	-1	0	Neuron	784	264	2.1845	M 0 -1 C 0.5 -0.5 0.3 0.2 0.8 1 L 0 0.6 L -0.8 1 C -0.3 0.2 -0.5 -0.5 0 -1 Z	1.3522	G0	0		34.72	2.3626	False	True	0	0.0	0.00	0.00
1818	-1	0	Neuron	861	787	5.5826	M 0 -1 C 0.5 -0.5 0.3 0.2 0.8 1 L 0 0.6 L -0.8 1 C -0.3 0.2 -0.5 -0.5 0 -1 Z	0.7256	G0	0		36.00	3.3921	False	True	0	0.0	0.00	0.00
1819	-1	0	Neuron	730	23	6.2273	M 0 -1 C 0.5 -0.5 0.3 0.2 0.8 1 L 0 0.6 L -0.8 1 C -0.3 0.2 -0.5 -0.5 0 -1 Z	1.0560	G0	0		36.41	4.0944	False	True	0	0.0	0.00	0.00
1820	-1	0	Neuron	655	651	1.0082	M 0 -1 C 0.5 -0.5 0.3 0.2 0.8 1 L 0 0.6 L -0.8 1 C -0.3 0.2 -0.5 -0.5 0 -1 Z	1.2031	G0	0		35.12	2.2067	False	True	0	0.0	0.00	0.00
1821	-1	0	Neuron	661	97	2.9659	M 0 -1 C 0.5 -0.5 0.3 0.2 0.8 1 L 0 0.6 L -0.8 1 C -0.3 0.2 -0.5 -0.5 0 -1 Z	0.9503	G0	0		36.09	3.4852	False	True	0	0.0	0.00	0.00
1822	-1	0	Neuron	22	239	2.0545	M 0 -1 C 0.5 -0.5 0.3 0.2 0.8 1 L 0 0.6 L -0.8 1 C -0.3 0.2 -0.5 -0.5 0 -1 Z	1.0759	G0	0		36.56	4.1661	False	True	0	0.0	0.00	0.00
1823	-1	0	Neuron	869	910	5.9237	M 0 -1 C 0.5 -0.5 0.3 0.2 0.8 1 L 0 0.6 L -0.8 1 C -0.3 0.2 -0.5 -0.5 0 -1 Z	0.8312	G0	0		36.60	3.9610	False	True	0	0.0	0.00	0.00
1824	-1	0	Neuron	586	881	0.9327	M 0 -1 C 0.5 -0.5 0.3 0.2 0.8 1 L 0 0.6 L -0.8 1 C -0.3 0.2 -0.5 -0.5 0 -1 Z	1.0709	G0	0		35.75	3.1639	False	True	0	0.0	0.00	0.00
1825	-1	0	Neuron	573	212	2.9496	M 0 -1 C 0.5 -0.5 0.3 0.2 0.8 1 L 0 0.6 L -0.8 1 C -0.3 0.2 -0.5 -0.5 0 -1 Z	1.0766	G0	0		34.92	2.3313	False	True	0	0.0	0.00	0.00
1826	-1	0	Neuron	747	897	1.9098	M 0 -1 C 0.5 -0.5 0.3 0.2 0.8 1 L 0 0.6 L -0.8 1 C -0.3 0.2 -0.5 -0.5 0 -1 Z	1.3112	G0	0		35.10	2.9418	False	True	0	0.0	0.00	0.00
1827	-1	0	Neuron	648	246	1.3797	M 0 -1 C 0.5 -0.5 0.3 0.2 0.8 1 L 0 0.6 L -0.8 1 C -0.3 0.2 -0.5 -0.5 0 -1 Z	1.2294	G0	0		35.21	2.4626	False	True	0	0.0	0.00	0.00
1828	-1	0	Neuron	449	150	0.1659	M 0 -1 C 0.5 -0.5 0.3 0.2 0.8 1 L 0 0.6 L -0.8 1 C -0.3 0.2 -0.5 -0.5 0 -1 Z	1.0695	G0	0		36.43	3.3552	False	True	0	0.0	0.00	0.00
1829	-1	0	Neuron	989	238	6.2353	M 0 -1 C 0.5 -0.5 0.3 0.2 0.8 1 L 0 0.6 L -0.8 1 C -0.3 0.2 -0.5 -0.5 0 -1 Z	0.9307	G0	0		36.66	4.2858	False	True	0	0.0	0.00	0.00
1830	-1	0	Neuron	91	763	1.0784	M 0 -1 C 0.5 -0.5 0.3 0.2 0.8 1 L 0 0.6 L -0.8 1 C -0.3 0.2 -0.5 -0.5 0 -1 Z	1.3222	G0	0		36.13	3.6078	False	True	0	0.0	0.00	0.00
1831	-1	0	Neuron	59	936	4.6676	M 0 -1 C 0.5 -0.5 0.3 0.2 0.8 1 L 0 0.6 L -0.8 1 C -0.3 0.2 -0.5 -0.5 0 -1 Z	1.0253	G0	0		36.30	4.0453	False	True	0	0.0	0.00	0.00
1832	-1	0	Neuron	585	191	3.2546	M 0 -1 C 0.5 -0.5 0.3 0.2 0.8 1 L 0 0.6 L -0.8 1 C -0.3 0.2 -0.5 -0.5 0 -1 Z	1.1370	G0	0		35.39	2.6772	False	True	0	0.0	0.00	0.00
1833	-1	0	Neuron	838	954	4.5341	M 0 -1 C 0.5 -0.5 0.3 0.2 0.8 1 L 0 0.6 L -0.8 1 C -0.3 0.2 -0.5 -0.5 0 -1 Z	1.1455	G0	0		35.76	3.6655	False	True	0	0.0	0.00	0.00
1834	-1	0	Neuron	44	298	5.2771	M 0 -1 C 0.5 -0.5 0.3 0.2 0.8 1 L 0 0.6 L -0.8 1 C -0.3 0.2 -0.5 -0.5 0 -1 Z	1.2971	G0	0		35.90	3.7050	False	True	0	0.0	0.00	0.00
1835	-1	0	Neuron	166	146	0.9085	M 0 -1 C 0.5 -0.5 0.3 0.2 0.8 1 L 0 0.6 L -0.8 1 C -0.3 0.2 -0.5 -0.5 0 -1 Z	0.7201	G0	0		34.91	2.9411	False	True	0	0.0	0.00	0.00
1836	-1	0	Neuron	453	472	5.9333	M 0 -1 C 0.5 -0.5 0.3 0.2 0.8 1 L 0 0.6 L -0.8 1 C -0.3 0.2 -0.5 -0.5 0 -1 Z	0.7466	G0	0		34.61	1.7027	False	True	0	0.0	0.00	0.00
1837	-1	0	Neuron	355	922	3.1524	M 0 -1 C 0.5 -0.5 0.3 0.2 0.8 1 L 0 0.6 L -0.8 1 C -0.3 0.2 -0.5 -0.5 0 -1 Z	0.8085	G0	0		35.44	3.2468	False	True	0	0.0	0.00	0.00
1838	-1	0	Neuron	686	747	3.3457	M 0 -1 C 0.5 -0.5 0.3 0.2 0.8 1 L 0 0.6 L -0.8 1 C -0.3 0.2 -0.5 -0.5 0 -1 Z	1.1674	G0	0		34.69	2.1944	False	True	0	0.0	0.00	0.00
1839	-1	0	Neuron	890	272	3.9255	M 0 -1 C 0.5 -0.5 0.3 0.2 0.8 1 L 0 0.6 L -0.8 1 C -0.3 0.2 -0.5 -0.5 0 -1 Z	0.8703	G0	0		36.05	3.4582	False	True	0	0.0	0.00	0.00
1840	-1	0	Neuron	604	930	6.0310	M 0 -1 C 0.5 -0.5 0.3 0.2 0.8 1 L 0 0.6 L -0.8 1 C -0.3 0.2 -0.5 -0.5 0 -1 Z	0.7995	G0	0		35.90	3.4578	False	True	0	0.0	0.00	0.00
1841	-1	0	Neuron	752	938	1.1187	M 0 -1 C 0.5 -0.5 0.3 0.2 0.8 1 L 0 0.6 L -0.8 1 C -0.3 0.2 -0.5 -0.5 0 -1 Z	1.2721	G0	0		36.28	3.8219	False	True	0	0.0	0.00	0.00
1842	-1	0	Neuron	599	738	6.0742	M 0 -1 C 0.5 -0.5 0.3 0.2 0.8 1 L 0 0.6 L -0.8 1 C -0.3 0.2 -0.5 -0.5 0 -1 Z	0.9928	G0	0		35.75	2.6343	False	True	0	0.0	0.00	0.00
1843	-1	0	Neuron	259	739	5.0476	M 0 -1 C 0.5 -0.5 0.3 0.2 0.8 1 L 0 0.6 L -0.8 1 C -0.3 0.2 -0.5 -0.5 0 -1 Z	1.1929	G0	0		35.03	2.4881	False	True	0	0.0	0.00	0.00
1844	-1	0	Neuron	689	765	1.6800	M 0 -1 C 0.5 -0.5 0.3 0.2 0.8 1 L 0 0.6 L -0.8 1 C -0.3 0.2 -0.5 -0.5 0 -1 Z	1.2484	G0	0		35.37	2.6342	False	True	0	0.0	0.00	0.00
1845	-1	0	Neuron	352	89	0.7188	M 0 -1 C 0.5 -0.5 0.3 0.2 0.8 1 L 0 0.6 L -0.8 1 C -0.3 0.2 -0.5 -0.5 0 -1 Z	0.9594	G0	0		36.24	3.5948	False	True	0	0.0	0.00	0.00
1846	-1	0	Neuron	113	606	0.6823	M 0 -1 C 0.5 -0.5 0.3 0.2 0.8 1 L 0 0.6 L -0.8 1 C -0.3 0.2 -0.5 -0.5 0 -1 Z	1.2839	G0	0		35.31	3.0011	False	True	0	0.0	0.00	0.00
1847	-1	0	Neuron	858	499	3.2013	M 0 -1 C 0.5 -0.5 0.3 0.2 0.8 1 L 0 0.6 L -0.8 1 C -0.3 0.2 -0.5 -0.5 0 -1 Z	0.9818	G0	0		35.85	3.0562	False	True	0	0.0	0.00	0.00
1848	-1	0	Neuron	710	188	2.5882	M 0 -1 C 0.5 -0.5 0.3 0.2 0.8 1 L 0 0.6 L -0.8 1 C -0.3 0.2 -0.5 -0.5 0 -1 Z	0.9984	G0	0		36.12	3.1541	False	True	0	0.0	0.00	0.00
1849	-1	0	Neuron	249	26	1.7174	M 0 -1 C 0.5 -0.5 0.3 0.2 0.8 1 L 0 0.6 L -0.8 1 C -0.3 0.2 -0.5 -0.5 0 -1 Z	0.9356	G0	0		36.17	3.9635	False	True	0	0.0	0.00	0.00
1850	-1	0	Neuron	271	23	5.7164	M 0 -1 C 0.5 -0.5 0.3 0.2 0.8 1 L 0 0.6 L -0.8 1 C -0.3 0.2 -0.5 -0.5 0 -1 Z	1.0258	G0	0		36.48	4.1295	False	True	0	0.0	0.00	0.00
1851	-1	0	Neuron	873	645	1.6519	M 0 -1 C 0.5 -0.5 0.3 0.2 0.8 1 L 0 0.6 L -0.8 1 C -0.3 0.2 -0.5 -0.5 0 -1 Z	1.1345	G0	0		35.03	2.8089	False	True	0	0.0	0.00	0.00
1852	-1	0	Neuron	577	917	2.4255	M 0 -1 C 0.5 -0.5 0.3 0.2 0.8 1 L 0 0.6 L -0.8 1 C -0.3 0.2 -0.5 -0.5 0 -1 Z	1.1422	G0	0		35.67	3.3278	False	True	0	0.0	0.00	0.00
1853	-1	0	Neuron	698	704	2.1302	M 0 -1 C 0.5 -0.5 0.3 0.2 0.8 1 L 0 0.6 L -0.8 1 C -0.3 0.2 -0.5 -0.5 0 -1 Z	0.6522	G0	0		34.33	1.8562	False	True	0	0.0	0.00	0.00
1854	-1	0	Neuron	107	24	5.7594	M 0 -1 C 0.5 -0.5 0.3 0.2 0.8 1 L 0 0.6 L -0.8 1 C -0.3 0.2 -0.5 -0.5 0 -1 Z	0.9505	G0	0		35.74	3.8050	False	True	0	0.0	0.00	0.00
1855	-1	0	Neuron	657	579	3.2993	M 0 -1 C 0.5 -0.5 0.3 0.2 0.8 1 L 0 0.6 L -0.8 1 C -0.3 0.2 -0.5 -0.5 0 -1 Z	1.1324	G0	0		35.26	2.1609	False	True	0	0.0	0.00	0.00
1856	-1	0	Neuron	597	779	2.6655	M 0 -1 C 0.5 -0.5 0.3 0.2 0.8 1 L 0 0.6 L -0.8 1 C -0.3 0.2 -0.5 -0.5 0 -1 Z	1.2021	G0	0		35.58	2.6557	False	True	0	0.0	0.00	0.00
1857	-1	0	Neuron	949	711	5.3381	M 0 -1 C 0.5 -0.5 0.3 0.2 0.8 1 L 0 0.6 L -0.8 1 C -0.3 0.2 -0.5 -0.5 0 -1 Z	1.0236	G0	0		36.56	3.9735	False	True	0	0.0	0.00	0.00
1858	-1	0	Neuron	875	714	2.9971	M 0 -1 C 0.5 -0.5 0.3 0.2 0.8 1 L 0 0.6 L -0.8 1 C -0.3 0.2 -0.5 -0.5 0 -1 Z	1.0902	G0	0		34.79	2.7550	False	True	0	0.0	0.00	0.00
1859	-1	0	Neuron	711	878	2.0149	M 0 -1 C 0.5 -0.5 0.3 0.2 0.8 1 L 0 0.6 L -0.8 1 C -0.3 0.2 -0.5 -0.5 0 -1 Z	1.5600	G0	0		36.25	3.4927	False	True	0	0.0	0.00	0.00
1860	-1	0	Neuron	436	638	2.7375	M 0 -1 C 0.5 -0.5 0.3 0.2 0.8 1 L 0 0.6 L -0.8 1 C -0.3 0.2 -0.5 -0.5 0 -1 Z	1.0215	G0	0		34.91	1.9671	False	True	0	0.0	0.00	0.00
1861	-1	0	Neuron	45	108	5.5777	M 0 -1 C 0.5 -0.5 0.3 0.2 0.8 1 L 0 0.6 L -0.8 1 C -0.3 0.2 -0.5 -0.5 0 -1 Z	1.0827	G0	0		35.81	3.7802	False	True	0	0.0	0.00	0.00
1862	-1	0	Neuron	458	48	2.2168	M 0 -1 C 0.5 -0.5 0.3 0.2 0.8 1 L 0 0.6 L -0.8 1 C -0.3 0.2 -0.5 -0.5 0 -1 Z	0.7705	G0	0		35.80	3.5156	False	True	0	0.0	0.00	0.00
1863	-1	0	Neuron	878	356	2.8341	M 0 -1 C 0.5 -0.5 0.3 0.2 0.8 1 L 0 0.6 L -0.8 1 C -0.3 0.2 -0.5 -0.5 0 -1 Z	1.1506	G0	0		35.55	3.0845	False	True	0	0.0	0.00	0.00
1864	-1	0	Neuron	556	198	2.8667	M 0 -1 C 0.5 -0.5 0.3 0.2 0.8 1 L 0 0.6 L -0.8 1 C -0.3 0.2 -0.5 -0.5 0 -1 Z	1.2199	G0	0		35.13	2.4857	False	True	0	0.0	0.00	0.00
1865	-1	0	Neuron	346	480	3.4977	M 0 -1 C 0.5 -0.5 0.3 0.2 0.8 1 L 0 0.6 L -0.8 1 C -0.3 0.2 -0.5 -0.5 0 -1 Z	0.9419	G0	0		35.47	2.2563	False	True	0	0.0	0.00	0.00
1866	-1	0	Neuron	130	303	0.7690	M 0 -1 C 0.5 -0.5 0.3 0.2 0.8 1 L 0 0.6 L -0.8 1 C -0.3 0.2 -0.5 -0.5 0 -1 Z	0.7100	G0	0		36.29	3.4791	False	True	0	0.0	0.00	0.00
1867	-1	0	Neuron	620	882	3.3400	M 0 -1 C 0.5 -0.5 0.3 0.2 0.8 1 L 0 0.6 L -0.8 1 C -0.3 0.2 -0.5 -0.5 0 -1 Z	0.9531	G0	0		35.99	3.2455	False	True	0	0.0	0.00	0.00
1868	-1	0	Neuron	494	431	5.3806	M 0 -1 C 0.5 -0.5 0.3 0.2 0.8 1 L 0 0.6 L -0.8 1 C -0.3 0.2 -0.5 -0.5 0 -1 Z	1.1359	G0	0		35.03	1.9140	False	True	0	0.0	0.00	0.00
1869	-1	0	Neuron	164	88	5.2727	M 0 -1 C 0.5 -0.5 0.3 0.2 0.8 1 L 0 0.6 L -0.8 1 C -0.3 0.2 -0.5 -0.5 0 -1 Z	0.9939	G0	0		35.65	3.4920	False	True	0	0.0	0.00	0.00
1870	-1	0	Neuron	627	407	2.8240	M 0 -1 C 0.5 -0.5 0.3 0.2 0.8 1 L 0 0.6 L -0.8 1 C -0.3 0.2 -0.5 -0.5 0 -1 Z	1.0011	G0	0		34.70	1.8372	False	True	0	0.0	0.00	0.00
1871	-1	0	Neuron	136	327	0.2172	M 0 -1 C 0.5 -0.5 0.3 0.2 0.8 1 L 0 0.6 L -0.8 1 C -0.3 0.2 -0.5 -0.5 0 -1 Z	0.9527	G0	0		35.08	2.7877	False	True	0	0.0	0.00	0.00
1872	-1	0	Neuron	576	662	5.3664	M 0 -1 C 0.5 -0.5 0.3 0.2 0.8 1 L 0 0.6 L -0.8 1 C -0.3 0.2 -0.5 -0.5 0 -1 Z	0.9098	G0	0		34.97	2.0522	False	True	0	0.0	0.00	0.00
1873	-1	0	Neuron	800	463	0.0927	M 0 -1 C 0.5 -0.5 0.3 0.2 0.8 1 L 0 0.6 L -0.8 1 C -0.3 0.2 -0.5 -0.5 0 -1 Z	0.7978	G0	0		35.60	2.7198	False	True	0	0.0	0.00	0.00
1874	-1	0	Neuron	786	395	2.2753	M 0 -1 C 0.5 -0.5 0.3 0.2 0.8 1 L 0 0.6 L -0.8 1 C -0.3 0.2 -0.5 -0.5 0 -1 Z	1.2975	G0	0		34.01	1.8968	False	True	0	0.0	0.00	0.00
1875	-1	0	Neuron	335	757	0.6183	M 0 -1 C 0.5 -0.5 0.3 0.2 0.8 1 L 0 0.6 L -0.8 1 C -0.3 0.2 -0.5 -0.5 0 -1 Z	1.1171	G0	0		34.71	2.2347	False	True	0	0.0	0.00	0.00
1876	-1	0	Neuron	18	95	4.3475	M 0 -1 C 0.5 -0.5 0.3 0.2 0.8 1 L 0 0.6 L -0.8 1 C -0.3 0.2 -0.5 -0.5 0 -1 Z	0.6102	G0	0		35.87	3.8974	False	True	0	0.0	0.00	0.00
1877	-1	0	Neuron	771	597	0.5120	M 0 -1 C 0.5 -0.5 0.3 0.2 0.8 1 L 0 0.6 L -0.8 1 C -0.3 0.2 -0.5 -0.5 0 -1 Z	1.1689	G0	0		35.64	2.6731	False	True	0	0.0	0.00	0.00
1878	-1	0	Neuron	901	296	1.5290	M 0 -1 C 0.5 -0.5 0.3 0.2 0.8 1 L 0 0.6 L -0.8 1 C -0.3 0.2 -0.5 -0.5 0 -1 Z	1.0766	G0	0		35.90	3.4039	False	True	0	0.0	0.00	0.00
1879	-1	0	Neuron	877	270	4.2593	M 0 -1 C 0.5 -0.5 0.3 0.2 0.8 1 L 0 0.6 L -0.8 1 C -0.3 0.2 -0.5 -0.5 0 -1 Z	0.8779	G0	0		36.31	3.5361	False	True	0	0.0	0.00	0.00
1880	-1	0	Neuron	589	799	2.9897	M 0 -1 C 0.5 -0.5 0.3 0.2 0.8 1 L 0 0.6 L -0.8 1 C -0.3 0.2 -0.5 -0.5 0 -1 Z	0.7984	G0	0		35.01	2.4519	False	True	0	0.0	0.00	0.00
1881	-1	0	Neuron	394	48	2.9197	M 0 -1 C 0.5 -0.5 0.3 0.2 0.8 1 L 0 0.6 L -0.8 1 C -0.3 0.2 -0.5 -0.5 0 -1 Z	1.0446	G0	0		35.87	3.6410	False	True	0	0.0	0.00	0.00
1882	-1	0	Neuron	351	62	2.4814	M 0 -1 C 0.5 -0.5 0.3 0.2 0.8 1 L 0 0.6 L -0.8 1 C -0.3 0.2 -0.5 -0.5 0 -1 Z	0.9884	G0	0		36.31	3.7646	False	True	0	0.0	0.00	0.00
1883	-1	0	Neuron	357	501	2.4137	M 0 -1 C 0.5 -0.5 0.3 0.2 0.8 1 L 0 0.6 L -0.8 1 C -0.3 0.2 -0.5 -0.5 0 -1 Z	0.9878	G0	0		35.37	2.1867	False	True	0	0.0	0.00	0.00
1884	-1	0	Neuron	718	297	3.1728	M 0 -1 C 0.5 -0.5 0.3 0.2 0.8 1 L 0 0.6 L -0.8 1 C -0.3 0.2 -0.5 -0.5 0 -1 Z	1.0163	G0	0		34.53	2.0816	False	True	0	0.0	0.00	0.00
1885	-1	0	Neuron	714	709	2.3550	M 0 -1 C 0.5 -0.5 0.3 0.2 0.8 1 L 0 0.6 L -0.8 1 C -0.3 0.2 -0.5 -0.5 0 -1 Z	0.7821	G0	0		35.44	2.5735	False	True	0	0.0	0.00	0.00
1886	-1	0	Neuron	580	150	4.8550	M 0 -1 C 0.5 -0.5 0.3 0.2 0.8 1 L 0 0.6 L -0.8 1 C -0.3 0.2 -0.5 -0.5 0 -1 Z	1.1019	G0	0		36.58	3.4366	False	True	0	0.0	0.00	0.00
1887	-1	0	Neuron	554	942	4.1720	M 0 -1 C 0.5 -0.5 0.3 0.2 0.8 1 L 0 0.6 L -0.8 1 C -0.3 0.2 -0.5 -0.5 0 -1 Z	0.9284	G0	0		35.73	3.5040	False	True	0	0.0	0.00	0.00
1888	-1	0	Neuron	425	846	1.7957	M 0 -1 C 0.5 -0.5 0.3 0.2 0.8 1 L 0 0.6 L -0.8 1 C -0.3 0.2 -0.5 -0.5 0 -1 Z	0.9519	G0	0		34.49	2.3531	False	True	0	0.0	0.00	0.00
1889	-1	0	Neuron	782	111	1.2080	M 0 -1 C 0.5 -0.5 0.3 0.2 0.8 1 L 0 0.6 L -0.8 1 C -0.3 0.2 -0.5 -0.5 0 -1 Z	1.0039	G0	0		36.10	3.5047	False	True	0	0.0	0.00	0.00
1890	-1	0	Neuron	113	583	6.0890	M 0 -1 C 0.5 -0.5 0.3 0.2 0.8 1 L 0 0.6 L -0.8 1 C -0.3 0.2 -0.5 -0.5 0 -1 Z	0.6678	G0	0		35.57	3.1272	False	True	0	0.0	0.00	0.00
1891	-1	0	Neuron	927	324	3.6089	M 0 -1 C 0.5 -0.5 0.3 0.2 0.8 1 L 0 0.6 L -0.8 1 C -0.3 0.2 -0.5 -0.5 0 -1 Z	1.0846	G0	0		35.41	3.2649	False	True	0	0.0	0.00	0.00
1892	-1	0	Neuron	24	643	4.6790	M 0 -1 C 0.5 -0.5 0.3 0.2 0.8 1 L 0 0.6 L -0.8 1 C -0.3 0.2 -0.5 -0.5 0 -1 Z	0.6379	G0	0		35.68	3.7110	False	True	0	0.0	0.00	0.00
1893	-1	0	Neuron	854	581	6.1183	M 0 -1 C 0.5 -0.5 0.3 0.2 0.8 1 L 0 0.6 L -0.8 1 C -0.3 0.2 -0.5 -0.5 0 -1 Z	0.9805	G0	0		35.53	2.9306	False	True	0	0.0	0.00	0.00
1894	-1	0	Neuron	169	265	6.1788	M 0 -1 C 0.5 -0.5 0.3 0.2 0.8 1 L 0 0.6 L -0.8 1 C -0.3 0.2 -0.5 -0.5 0 -1 Z	0.9775	G0	0		35.17	2.7375	False	True	0	0.0	0.00	0.00
1895	-1	0	Neuron	64	721	4.5417	M 0 -1 C 0.5 -0.5 0.3 0.2 0.8 1 L 0 0.6 L -0.8 1 C -0.3 0.2 -0.5 -0.5 0 -1 Z	0.7633	G0	0		36.02	3.6510	False	True	0	0.0	0.00	0.00
1896	-1	0	Neuron	698	260	2.6235	M 0 -1 C 0.5 -0.5 0.3 0.2 0.8 1 L 0 0.6 L -0.8 1 C -0.3 0.2 -0.5 -0.5 0 -1 Z	0.9725	G0	0		35.62	2.7039	False	True	0	0.0	0.00	0.00
1897	-1	0	Neuron	599	392	2.3307	M 0 -1 C 0.5 -0.5 0.3 0.2 0.8 1 L 0 0.6 L -0.8 1 C -0.3 0.2 -0.5 -0.5 0 -1 Z	1.1160	G0	0		35.29	2.1044	False	True	0	0.0	0.00	0.00
1898	-1	0	Neuron	944	465	2.1170	M 0 -1 C 0.5 -0.5 0.3 0.2 0.8 1 L 0 0.6 L -0.8 1 C -0.3 0.2 -0.5 -0.5 0 -1 Z	0.9464	G0	0		35.01	3.1543	False	True	0	0.0	0.00	0.00
1899	-1	0	Neuron	331	596	1.3661	M 0 -1 C 0.5 -0.5 0.3 0.2 0.8 1 L 0 0.6 L -0.8 1 C -0.3 0.2 -0.5 -0.5 0 -1 Z	1.3641	G0	0		35.25	2.2208	False	True	0	0.0	0.00	0.00
1900	-1	0	Neuron	93	95	2.2275	M 0 -1 C 0.5 -0.5 0.3 0.2 0.8 1 L 0 0.6 L -0.8 1 C -0.3 0.2 -0.5 -0.5 0 -1 Z	0.9004	G0	0		35.38	3.4550	False	True	0	0.0	0.00	0.00
1901	-1	0	Neuron	328	692	3.5404	M 0 -1 C 0.5 -0.5 0.3 0.2 0.8 1 L 0 0.6 L -0.8 1 C -0.3 0.2 -0.5 -0.5 0 -1 Z	0.9350	G0	0		35.42	2.4302	False	True	0	0.0	0.00	0.00
1902	-1	0	Neuron	565	323	1.4227	M 0 -1 C 0.5 -0.5 0.3 0.2 0.8 1 L 0 0.6 L -0.8 1 C -0.3 0.2 -0.5 -0.5 0 -1 Z	1.3231	G0	0		34.47	1.8241	False	True	0	0.0	0.00	0.00
1903	-1	0	Neuron	439	933	4.2592	M 0 -1 C 0.5 -0.5 0.3 0.2 0.8 1 L 0 0.6 L -0.8 1 C -0.3 0.2 -0.5 -0.5 0 -1 Z	0.9313	G0	0		36.22	3.6933	False	True	0	0.0	0.00	0.00
1904	-1	0	Neuron	649	482	5.8893	M 0 -1 C 0.5 -0.5 0.3 0.2 0.8 1 L 0 0.6 L -0.8 1 C -0.3 0.2 -0.5 -0.5 0 -1 Z	0.8436	G0	0		35.54	2.2756	False	True	0	0.0	0.00	0.00
1905	-1	0	Neuron	399	879	3.8240	M 0 -1 C 0.5 -0.5 0.3 0.2 0.8 1 L 0 0.6 L -0.8 1 C -0.3 0.2 -0.5 -0.5 0 -1 Z	1.0499	G0	0		36.17	3.3469	False	True	0	0.0	0.00	0.00
1906	-1	0	Neuron	427	281	0.4006	M 0 -1 C 0.5 -0.5 0.3 0.2 0.8 1 L 0 0.6 L -0.8 1 C -0.3 0.2 -0.5 -0.5 0 -1 Z	1.2244	G0	0		35.52	2.4465	False	True	0	0.0	0.00	0.00
1907	-1	0	Neuron	917	583	5.9532	M 0 -1 C 0.5 -0.5 0.3 0.2 0.8 1 L 0 0.6 L -0.8 1 C -0.3 0.2 -0.5 -0.5 0 -1 Z	1.3663	G0	0		35.19	3.0811	False	True	0	0.0	0.00	0.00
1908	-1	0	Neuron	23	774	1.9928	M 0 -1 C 0.5 -0.5 0.3 0.2 0.8 1 L 0 0.6 L -0.8 1 C -0.3 0.2 -0.5 -0.5 0 -1 Z	0.9338	G0	0		35.77	3.7827	False	True	0	0.0	0.00	0.00
1909	-1	0	Neuron	810	271	6.2036	M 0 -1 C 0.5 -0.5 0.3 0.2 0.8 1 L 0 0.6 L -0.8 1 C -0.3 0.2 -0.5 -0.5 0 -1 Z	1.2016	G0	0		36.42	3.3536	False	True	0	0.0	0.00	0.00
1910	-1	0	Neuron	740	437	4.1884	M 0 -1 C 0.5 -0.5 0.3 0.2 0.8 1 L 0 0.6 L -0.8 1 C -0.3 0.2 -0.5 -0.5 0 -1 Z	1.2946	G0	0		35.69	2.5636	False	True	0	0.0	0.00	0.00
1911	-1	0	Neuron	744	805	4.1059	M 0 -1 C 0.5 -0.5 0.3 0.2 0.8 1 L 0 0.6 L -0.8 1 C -0.3 0.2 -0.5 -0.5 0 -1 Z	1.1050	G0	0		34.64	2.4752	False	True	0	0.0	0.00	0.00
1912	-1	0	Neuron	878	698	4.9700	M 0 -1 C 0.5 -0.5 0.3 0.2 0.8 1 L 0 0.6 L -0.8 1 C -0.3 0.2 -0.5 -0.5 0 -1 Z	0.9969	G0	0		35.76	3.1971	False	True	0	0.0	0.00	0.00
1913	-1	0	Neuron	592	464	1.0621	M 0 -1 C 0.5 -0.5 0.3 0.2 0.8 1 L 0 0.6 L -0.8 1 C -0.3 0.2 -0.5 -0.5 0 -1 Z	0.8403	G0	0		34.76	1.8085	False	True	0	0.0	0.00	0.00
1914	-1	0	Neuron	903	115	1.5173	M 0 -1 C 0.5 -0.5 0.3 0.2 0.8 1 L 0 0.6 L -0.8 1 C -0.3 0.2 -0.5 -0.5 0 -1 Z	0.7582	G0	0		35.38	3.4039	False	True	0	0.0	0.00	0.00
1915	-1	0	Neuron	312	948	4.0461	M 0 -1 C 0.5 -0.5 0.3 0.2 0.8 1 L 0 0.6 L -0.8 1 C -0.3 0.2 -0.5 -0.5 0 -1 Z	0.9224	G0	0		36.25	3.8199	False	True	0	0.0	0.00	0.00
1916	-1	0	Neuron	572	29	0.4263	M 0 -1 C 0.5 -0.5 0.3 0.2 0.8 1 L 0 0.6 L -0.8 1 C -0.3 0.2 -0.5 -0.5 0 -1 Z	0.8735	G0	0		36.46	4.0359	False	True	0	0.0	0.00	0.00
1917	-1	0	Neuron	704	930	3.7484	M 0 -1 C 0.5 -0.5 0.3 0.2 0.8 1 L 0 0.6 L -0.8 1 C -0.3 0.2 -0.5 -0.5 0 -1 Z	1.1036	G0	0		36.35	3.7844	False	True	0	0.0	0.00	0.00
1918	-1	0	Neuron	768	843	4.4944	M 0 -1 C 0.5 -0.5 0.3 0.2 0.8 1 L 0 0.6 L -0.8 1 C -0.3 0.2 -0.5 -0.5 0 -1 Z	1.2165	G0	0		35.79	3.2097	False	True	0	0.0	0.00	0.00
1919	-1	0	Neuron	593	706	3.9707	M 0 -1 C 0.5 -0.5 0.3 0.2 0.8 1 L 0 0.6 L -0.8 1 C -0.3 0.2 -0.5 -0.5 0 -1 Z	1.2310	G0	0		34.29	1.7454	False	True	0	0.0	0.00	0.00
1920	-1	0	Neuron	477	270	2.2918	M 0 -1 C 0.5 -0.5 0.3 0.2 0.8 1 L 0 0.6 L -0.8 1 C -0.3 0.2 -0.5 -0.5 0 -1 Z	0.7790	G0	0		35.68	2.5253	False	True	0	0.0	0.00	0.00
1921	-1	0	Neuron	292	295	3.6216	M 0 -1 C 0.5 -0.5 0.3 0.2 0.8 1 L 0 0.6 L -0.8 1 C -0.3 0.2 -0.5 -0.5 0 -1 Z	0.8754	G0	0		34.98	2.3257	False	True	0	0.0	0.00	0.00
1922	-1	0	Neuron	103	923	3.7551	M 0 -1 C 0.5 -0.5 0.3 0.2 0.8 1 L 0 0.6 L -0.8 1 C -0.3 0.2 -0.5 -0.5 0 -1 Z	1.0130	G0	0		35.73	3.6219	False	True	0	0.0	0.00	0.00
1923	-1	0	Neuron	563	731	1.5630	M 0 -1 C 0.5 -0.5 0.3 0.2 0.8 1 L 0 0.6 L -0.8 1 C -0.3 0.2 -0.5 -0.5 0 -1 Z	0.6869	G0	0		35.53	2.4795	False	True	0	0.0	0.00	0.00
1924	-1	0	Neuron	768	298	5.1567	M 0 -1 C 0.5 -0.5 0.3 0.2 0.8 1 L 0 0.6 L -0.8 1 C -0.3 0.2 -0.5 -0.5 0 -1 Z	0.9754	G0	0		35.43	2.5465	False	True	0	0.0	0.00	0.00
1925	-1	0	Neuron	559	752	6.0872	M 0 -1 C 0.5 -0.5 0.3 0.2 0.8 1 L 0 0.6 L -0.8 1 C -0.3 0.2 -0.5 -0.5 0 -1 Z	1.2184	G0	0		35.76	2.6522	False	True	0	0.0	0.00	0.00
1926	-1	0	Neuron	780	569	1.9909	M 0 -1 C 0.5 -0.5 0.3 0.2 0.8 1 L 0 0.6 L -0.8 1 C -0.3 0.2 -0.5 -0.5 0 -1 Z	1.0699	G0	0		36.13	2.9191	False	True	0	0.0	0.00	0.00
1927	-1	0	Neuron	278	198	0.0326	M 0 -1 C 0.5 -0.5 0.3 0.2 0.8 1 L 0 0.6 L -0.8 1 C -0.3 0.2 -0.5 -0.5 0 -1 Z	1.0495	G0	0		35.59	2.8672	False	True	0	0.0	0.00	0.00
1928	-1	0	Neuron	262	757	5.0070	M 0 -1 C 0.5 -0.5 0.3 0.2 0.8 1 L 0 0.6 L -0.8 1 C -0.3 0.2 -0.5 -0.5 0 -1 Z	0.9742	G0	0		35.25	2.5834	False	True	0	0.0	0.00	0.00
1929	-1	0	Neuron	898	859	5.4278	M 0 -1 C 0.5 -0.5 0.3 0.2 0.8 1 L 0 0.6 L -0.8 1 C -0.3 0.2 -0.5 -0.5 0 -1 Z	1.0546	G0	0		36.47	3.8880	False	True	0	0.0	0.00	0.00
1930	-1	0	Neuron	730	401	3.7615	M 0 -1 C 0.5 -0.5 0.3 0.2 0.8 1 L 0 0.6 L -0.8 1 C -0.3 0.2 -0.5 -0.5 0 -1 Z	0.9201	G0	0		36.02	2.7358	False	True	0	0.0	0.00	0.00
1931	-1	0	Neuron	738	13	5.0992	M 0 -1 C 0.5 -0.5 0.3 0.2 0.8 1 L 0 0.6 L -0.8 1 C -0.3 0.2 -0.5 -0.5 0 -1 Z	1.1841	G0	0		36.28	4.0904	False	True	0	0.0	0.00	0.00
1932	-1	0	Neuron	882	258	0.4625	M 0 -1 C 0.5 -0.5 0.3 0.2 0.8 1 L 0 0.6 L -0.8 1 C -0.3 0.2 -0.5 -0.5 0 -1 Z	1.0695	G0	0		36.07	3.4498	False	True	0	0.0	0.00	0.00
1933	-1	0	Neuron	11	588	1.5292	M 0 -1 C 0.5 -0.5 0.3 0.2 0.8 1 L 0 0.6 L -0.8 1 C -0.3 0.2 -0.5 -0.5 0 -1 Z	1.3548	G0	0		36.71	4.3102	False	True	0	0.0	0.00	0.00
1934	-1	0	Neuron	15	508	0.1692	M 0 -1 C 0.5 -0.5 0.3 0.2 0.8 1 L 0 0.6 L -0.8 1 C -0.3 0.2 -0.5 -0.5 0 -1 Z	0.9345	G0	0		35.84	3.8499	False	True	0	0.0	0.00	0.00
1935	-1	0	Neuron	340	917	1.5775	M 0 -1 C 0.5 -0.5 0.3 0.2 0.8 1 L 0 0.6 L -0.8 1 C -0.3 0.2 -0.5 -0.5 0 -1 Z	1.3775	G0	0		36.42	3.7270	False	True	0	0.0	0.00	0.00
1936	-1	0	Neuron	891	804	1.3190	M 0 -1 C 0.5 -0.5 0.3 0.2 0.8 1 L 0 0.6 L -0.8 1 C -0.3 0.2 -0.5 -0.5 0 -1 Z	0.7986	G0	0		36.02	3.5472	False	True	0	0.0	0.00	0.00
1937	-1	0	Neuron	623	186	5.5733	M 0 -1 C 0.5 -0.5 0.3 0.2 0.8 1 L 0 0.6 L -0.8 1 C -0.3 0.2 -0.5 -0.5 0 -1 Z	1.3093	G0	0		34.95	2.4808	False	True	0	0.0	0.00	0.00
1938	-1	0	Neuron	110	121	0.5359	M 0 -1 C 0.5 -0.5 0.3 0.2 0.8 1 L 0 0.6 L -0.8 1 C -0.3 0.2 -0.5 -0.5 0 -1 Z	0.8829	G0	0		36.51	3.8744	False	True	0	0.0	0.00	0.00
1939	-1	0	Neuron	953	161	3.2045	M 0 -1 C 0.5 -0.5 0.3 0.2 0.8 1 L 0 0.6 L -0.8 1 C -0.3 0.2 -0.5 -0.5 0 -1 Z	1.2318	G0	0		35.94	3.7032	False	True	0	0.0	0.00	0.00
1940	-1	0	Neuron	430	48	5.3830	M 0 -1 C 0.5 -0.5 0.3 0.2 0.8 1 L 0 0.6 L -0.8 1 C -0.3 0.2 -0.5 -0.5 0 -1 Z	1.0242	G0	0		36.72	4.0657	False	True	0	0.0	0.00	0.00
1941	-1	0	Neuron	132	935	1.0715	M 0 -1 C 0.5 -0.5 0.3 0.2 0.8 1 L 0 0.6 L -0.8 1 C -0.3 0.2 -0.5 -0.5 0 -1 Z	0.9243	G0	0		35.10	3.2250	False	True	0	0.0	0.00	0.00
1942	-1	0	Neuron	277	150	5.0907	M 0 -1 C 0.5 -0.5 0.3 0.2 0.8 1 L 0 0.6 L -0.8 1 C -0.3 0.2 -0.5 -0.5 0 -1 Z	0.9927	G0	0		36.25	3.4032	False	True	0	0.0	0.00	0.00
1943	-1	0	Neuron	938	353	4.1805	M 0 -1 C 0.5 -0.5 0.3 0.2 0.8 1 L 0 0.6 L -0.8 1 C -0.3 0.2 -0.5 -0.5 0 -1 Z	1.1883	G0	0		35.89	3.5515	False	True	0	0.0	0.00	0.00
1944	-1	0	Neuron	428	609	5.0055	M 0 -1 C 0.5 -0.5 0.3 0.2 0.8 1 L 0 0.6 L -0.8 1 C -0.3 0.2 -0.5 -0.5 0 -1 Z	0.9244	G0	0		35.30	2.0909	False	True	0	0.0	0.00	0.00
1945	-1	0	Neuron	307	808	0.7262	M 0 -1 C 0.5 -0.5 0.3 0.2 0.8 1 L 0 0.6 L -0.8 1 C -0.3 0.2 -0.5 -0.5 0 -1 Z	0.7866	G0	0		35.45	2.7818	False	True	0	0.0	0.00	0.00
1946	-1	0	Neuron	802	258	1.3080	M 0 -1 C 0.5 -0.5 0.3 0.2 0.8 1 L 0 0.6 L -0.8 1 C -0.3 0.2 -0.5 -0.5 0 -1 Z	1.1519	G0	0		35.77	3.0124	False	True	0	0.0	0.00	0.00
1947	-1	0	Neuron	751	175	1.1380	M 0 -1 C 0.5 -0.5 0.3 0.2 0.8 1 L 0 0.6 L -0.8 1 C -0.3 0.2 -0.5 -0.5 0 -1 Z	1.1261	G0	0		34.87	2.5373	False	True	0	0.0	0.00	0.00
1948	-1	0	Neuron	740	389	5.2587	M 0 -1 C 0.5 -0.5 0.3 0.2 0.8 1 L 0 0.6 L -0.8 1 C -0.3 0.2 -0.5 -0.5 0 -1 Z	0.6741	G0	0		36.03	2.7711	False	True	0	0.0	0.00	0.00
1949	-1	0	Neuron	480	902	3.0089	M 0 -1 C 0.5 -0.5 0.3 0.2 0.8 1 L 0 0.6 L -0.8 1 C -0.3 0.2 -0.5 -0.5 0 -1 Z	0.9334	G0	0		36.47	3.6348	False	True	0	0.0	0.00	0.00
1950	-1	0	Neuron	240	777	1.6092	M 0 -1 C 0.5 -0.5 0.3 0.2 0.8 1 L 0 0.6 L -0.8 1 C -0.3 0.2 -0.5 -0.5 0 -1 Z	1.2092	G0	0		36.10	3.1574	False	True	0	0.0	0.00	0.00
1951	-1	0	Neuron	275	361	3.5700	M 0 -1 C 0.5 -0.5 0.3 0.2 0.8 1 L 0 0.6 L -0.8 1 C -0.3 0.2 -0.5 -0.5 0 -1 Z	1.0410	G0	0		35.24	2.3890	False	True	0	0.0	0.00	0.00
1952	-1	0	Neuron	53	441	3.6718	M 0 -1 C 0.5 -0.5 0.3 0.2 0.8 1 L 0 0.6 L -0.8 1 C -0.3 0.2 -0.5 -0.5 0 -1 Z	1.0380	G0	0		35.95	3.6528	False	True	0	0.0	0.00	0.00
1953	-1	0	Neuron	800	594	4.3356	M 0 -1 C 0.5 -0.5 0.3 0.2 0.8 1 L 0 0.6 L -0.8 1 C -0.3 0.2 -0.5 -0.5 0 -1 Z	0.9818	G0	0		35.81	2.8574	False	True	0	0.0	0.00	0.00
1954	-1	0	Neuron	888	297	0.0426	M 0 -1 C 0.5 -0.5 0.3 0.2 0.8 1 L 0 0.6 L -0.8 1 C -0.3 0.2 -0.5 -0.5 0 -1 Z	1.0720	G0	0		35.77	3.2727	False	True	0	0.0	0.00	0.00
1955	-1	0	Neuron	987	869	5.3486	M 0 -1 C 0.5 -0.5 0.3 0.2 0.8 1 L 0 0.6 L -0.8 1 C -0.3 0.2 -0.5 -0.5 0 -1 Z	1.3420	G0	0		35.96	3.8525	False	True	0	0.0	0.00	0.00
1956	-1	0	Neuron	451	433	2.6537	M 0 -1 C 0.5 -0.5 0.3 0.2 0.8 1 L 0 0.6 L -0.8 1 C -0.3 0.2 -0.5 -0.5 0 -1 Z	0.9917	G0	0		35.29	2.0644	False	True	0	0.0	0.00	0.00
1957	-1	0	Neuron	662	463	1.4623	M 0 -1 C 0.5 -0.5 0.3 0.2 0.8 1 L 0 0.6 L -0.8 1 C -0.3 0.2 -0.5 -0.5 0 -1 Z	0.9618	G0	0		34.24	1.6573	False	True	0	0.0	0.00	0.00
1958	-1	0	Neuron	423	339	0.5962	M 0 -1 C 0.5 -0.5 0.3 0.2 0.8 1 L 0 0.6 L -0.8 1 C -0.3 0.2 -0.5 -0.5 0 -1 Z	1.0601	G0	0		35.41	2.2685	False	True	0	0.0	0.00	0.00
1959	-1	0	Neuron	708	561	4.7991	M 0 -1 C 0.5 -0.5 0.3 0.2 0.8 1 L 0 0.6 L -0.8 1 C -0.3 0.2 -0.5 -0.5 0 -1 Z	1.2174	G0	0		35.13	2.1245	False	True	0	0.0	0.00	0.00
1960	-1	0	Neuron	719	310	4.6163	M 0 -1 C 0.5 -0.5 0.3 0.2 0.8 1 L 0 0.6 L -0.8 1 C -0.3 0.2 -0.5 -0.5 0 -1 Z	0.9423	G0	0		35.74	2.6234	False	True	0	0.0	0.00	0.00
1961	-1	0	Neuron	576	901	5.3772	M 0 -1 C 0.5 -0.5 0.3 0.2 0.8 1 L 0 0.6 L -0.8 1 C -0.3 0.2 -0.5 -0.5 0 -1 Z	1.3938	G0	0		35.83	3.3052	False	True	0	0.0	0.00	0.00
1962	-1	0	Neuron	802	451	3.6842	M 0 -1 C 0.5 -0.5 0.3 0.2 0.8 1 L 0 0.6 L -0.8 1 C -0.3 0.2 -0.5 -0.5 0 -1 Z	0.9106	G0	0		35.62	2.6982	False	True	0	0.0	0.00	0.00
1963	-1	0	Neuron	199	179	5.8541	M 0 -1 C 0.5 -0.5 0.3 0.2 0.8 1 L 0 0.6 L -0.8 1 C -0.3 0.2 -0.5 -0.5 0 -1 Z	0.7775	G0	0		36.22	3.4035	False	True	0	0.0	0.00	0.00
1964	-1	0	Neuron	569	343	3.3587	M 0 -1 C 0.5 -0.5 0.3 0.2 0.8 1 L 0 0.6 L -0.8 1 C -0.3 0.2 -0.5 -0.5 0 -1 Z	0.8944	G0	0		35.16	2.1346	False	True	0	0.0	0.00	0.00
1965	-1	0	Neuron	503	265	4.0808	M 0 -1 C 0.5 -0.5 0.3 0.2 0.8 1 L 0 0.6 L -0.8 1 C -0.3 0.2 -0.5 -0.5 0 -1 Z	1.2165	G0	0		34.58	2.0074	False	True	0	0.0	0.00	0.00
1966	-1	0	Neuron	544	146	6.1139	M 0 -1 C 0.5 -0.5 0.3 0.2 0.8 1 L 0 0.6 L -0.8 1 C -0.3 0.2 -0.5 -0.5 0 -1 Z	1.0941	G0	0		34.88	2.5927	False	True	0	0.0	0.00	0.00
1967	-1	0	Neuron	328	447	4.3350	M 0 -1 C 0.5 -0.5 0.3 0.2 0.8 1 L 0 0.6 L -0.8 1 C -0.3 0.2 -0.5 -0.5 0 -1 Z	0.8478	G0	0		35.17	2.1546	False	True	0	0.0	0.00	0.00
1968	-1	0	Neuron	265	638	4.1396	M 0 -1 C 0.5 -0.5 0.3 0.2 0.8 1 L 0 0.6 L -0.8 1 C -0.3 0.2 -0.5 -0.5 0 -1 Z	0.8787	G0	0		34.52	1.9856	False	True	0	0.0	0.00	0.00
1969	-1	0	Neuron	328	476	3.0958	M 0 -1 C 0.5 -0.5 0.3 0.2 0.8 1 L 0 0.6 L -0.8 1 C -0.3 0.2 -0.5 -0.5 0 -1 Z	0.8677	G0	0		34.63	1.8200	False	True	0	0.0	0.00	0.00
1970	-1	0	Neuron	946	612	4.4284	M 0 -1 C 0.5 -0.5 0.3 0.2 0.8 1 L 0 0.6 L -0.8 1 C -0.3 0.2 -0.5 -0.5 0 -1 Z	1.0248	G0	0		35.42	3.3103	False	True	0	0.0	0.00	0.00
1971	-1	0	Neuron	138	98	0.0354	M 0 -1 C 0.5 -0.5 0.3 0.2 0.8 1 L 0 0.6 L -0.8 1 C -0.3 0.2 -0.5 -0.5 0 -1 Z	0.6998	G0	0		36.17	3.7431	False	True	0	0.0	0.00	0.00
1972	-1	0	Neuron	604	987	0.2546	M 0 -1 C 0.5 -0.5 0.3 0.2 0.8 1 L 0 0.6 L -0.8 1 C -0.3 0.2 -0.5 -0.5 0 -1 Z	0.9475	G0	0		35.80	3.8421	False	True	0	0.0	0.00	0.00
1973	-1	0	Neuron	404	357	4.9453	M 0 -1 C 0.5 -0.5 0.3 0.2 0.8 1 L 0 0.6 L -0.8 1 C -0.3 0.2 -0.5 -0.5 0 -1 Z	1.0157	G0	0		34.63	1.8618	False	True	0	0.0	0.00	0.00
1974	-1	0	Neuron	599	540	4.3410	M 0 -1 C 0.5 -0.5 0.3 0.2 0.8 1 L 0 0.6 L -0.8 1 C -0.3 0.2 -0.5 -0.5 0 -1 Z	0.8360	G0	0		35.89	2.3120	False	True	0	0.0	0.00	0.00
1975	-1	0	Neuron	808	918	1.3437	M 0 -1 C 0.5 -0.5 0.3 0.2 0.8 1 L 0 0.6 L -0.8 1 C -0.3 0.2 -0.5 -0.5 0 -1 Z	1.2300	G0	0		36.25	3.7711	False	True	0	0.0	0.00	0.00
1976	-1	0	Neuron	279	165	4.1424	M 0 -1 C 0.5 -0.5 0.3 0.2 0.8 1 L 0 0.6 L -0.8 1 C -0.3 0.2 -0.5 -0.5 0 -1 Z	1.0282	G0	0		35.12	2.7003	False	True	0	0.0	0.00	0.00
1977	-1	0	Neuron	36	242	6.2119	M 0 -1 C 0.5 -0.5 0.3 0.2 0.8 1 L 0 0.6 L -0.8 1 C -0.3 0.2 -0.5 -0.5 0 -1 Z	1.1038	G0	0		35.96	3.8055	False	True	0	0.0	0.00	0.00
1978	-1	0	Neuron	322	103	2.3490	M 0 -1 C 0.5 -0.5 0.3 0.2 0.8 1 L 0 0.6 L -0.8 1 C -0.3 0.2 -0.5 -0.5 0 -1 Z	1.1802	G0	0		35.76	3.2997	False	True	0	0.0	0.00	0.00
1979	-1	0	Neuron	776	945	3.0289	M 0 -1 C 0.5 -0.5 0.3 0.2 0.8 1 L 0 0.6 L -0.8 1 C -0.3 0.2 -0.5 -0.5 0 -1 Z	1.0054	G0	0		35.07	3.2636	False	True	0	0.0	0.00	0.00
1980	-1	0	Neuron	567	111	5.1526	M 0 -1 C 0.5 -0.5 0.3 0.2 0.8 1 L 0 0.6 L -0.8 1 C -0.3 0.2 -0.5 -0.5 0 -1 Z	1.3158	G0	0		35.75	3.1641	False	True	0	0.0	0.00	0.00
1981	-1	0	Neuron	294	697	1.2375	M 0 -1 C 0.5 -0.5 0.3 0.2 0.8 1 L 0 0.6 L -0.8 1 C -0.3 0.2 -0.5 -0.5 0 -1 Z	0.9829	G0	0		34.81	2.2152	False	True	0	0.0	0.00	0.00
1982	-1	0	Neuron	449	396	0.3202	M 0 -1 C 0.5 -0.5 0.3 0.2 0.8 1 L 0 0.6 L -0.8 1 C -0.3 0.2 -0.5 -0.5 0 -1 Z	1.2455	G0	0		35.09	1.9976	False	True	0	0.0	0.00	0.00
1983	-1	0	Neuron	899	489	0.1408	M 0 -1 C 0.5 -0.5 0.3 0.2 0.8 1 L 0 0.6 L -0.8 1 C -0.3 0.2 -0.5 -0.5 0 -1 Z	1.1736	G0	0		36.41	3.5816	False	True	0	0.0	0.00	0.00
1984	-1	0	Neuron	63	960	5.7360	M 0 -1 C 0.5 -0.5 0.3 0.2 0.8 1 L 0 0.6 L -0.8 1 C -0.3 0.2 -0.5 -0.5 0 -1 Z	0.9916	G0	0		36.75	4.3048	False	True	0	0.0	0.00	0.00
1985	-1	0	Neuron	323	271	0.1322	M 0 -1 C 0.5 -0.5 0.3 0.2 0.8 1 L 0 0.6 L -0.8 1 C -0.3 0.2 -0.5 -0.5 0 -1 Z	0.8906	G0	0		35.28	2.4681	False	True	0	0.0	0.00	0.00
1986	-1	0	Neuron	852	838	2.4656	M 0 -1 C 0.5 -0.5 0.3 0.2 0.8 1 L 0 0.6 L -0.8 1 C -0.3 0.2 -0.5 -0.5 0 -1 Z	0.9910	G0	0		35.77	3.3105	False	True	0	0.0	0.00	0.00
1987	-1	0	Neuron	609	476	0.5395	M 0 -1 C 0.5 -0.5 0.3 0.2 0.8 1 L 0 0.6 L -0.8 1 C -0.3 0.2 -0.5 -0.5 0 -1 Z	1.1140	G0	0		35.13	2.0104	False	True	0	0.0	0.00	0.00
1988	-1	0	Neuron	734	764	5.7400	M 0 -1 C 0.5 -0.5 0.3 0.2 0.8 1 L 0 0.6 L -0.8 1 C -0.3 0.2 -0.5 -0.5 0 -1 Z	1.0837	G0	0		34.61	2.2979	False	True	0	0.0	0.00	0.00
1989	-1	0	Neuron	572	858	1.6782	M 0 -1 C 0.5 -0.5 0.3 0.2 0.8 1 L 0 0.6 L -0.8 1 C -0.3 0.2 -0.5 -0.5 0 -1 Z	1.2334	G0	0		35.84	3.0950	False	True	0	0.0	0.00	0.00
1990	-1	0	Neuron	193	790	6.1820	M 0 -1 C 0.5 -0.5 0.3 0.2 0.8 1 L 0 0.6 L -0.8 1 C -0.3 0.2 -0.5 -0.5 0 -1 Z	1.0389	G0	0		35.90	3.1999	False	True	0	0.0	0.00	0.00
1991	-1	0	Neuron	87	616	2.8671	M 0 -1 C 0.5 -0.5 0.3 0.2 0.8 1 L 0 0.6 L -0.8 1 C -0.3 0.2 -0.5 -0.5 0 -1 Z	1.0332	G0	0		35.38	3.1607	False	True	0	0.0	0.00	0.00
1992	-1	0	Neuron	477	343	0.4561	M 0 -1 C 0.5 -0.5 0.3 0.2 0.8 1 L 0 0.6 L -0.8 1 C -0.3 0.2 -0.5 -0.5 0 -1 Z	0.8397	G0	0		34.79	1.9252	False	True	0	0.0	0.00	0.00
1993	-1	0	Neuron	133	177	1.7595	M 0 -1 C 0.5 -0.5 0.3 0.2 0.8 1 L 0 0.6 L -0.8 1 C -0.3 0.2 -0.5 -0.5 0 -1 Z	0.9619	G0	0		35.71	3.3563	False	True	0	0.0	0.00	0.00
1994	-1	0	Neuron	615	325	5.4624	M 0 -1 C 0.5 -0.5 0.3 0.2 0.8 1 L 0 0.6 L -0.8 1 C -0.3 0.2 -0.5 -0.5 0 -1 Z	0.8884	G0	0		33.00	0.9739	False	True	0	0.0	0.00	0.00
1995	-1	0	Neuron	330	209	2.4686	M 0 -1 C 0.5 -0.5 0.3 0.2 0.8 1 L 0 0.6 L -0.8 1 C -0.3 0.2 -0.5 -0.5 0 -1 Z	1.1818	G0	0		36.32	3.1587	False	True	0	0.0	0.00	0.00
1996	-1	0	Neuron	726	542	2.6940	M 0 -1 C 0.5 -0.5 0.3 0.2 0.8 1 L 0 0.6 L -0.8 1 C -0.3 0.2 -0.5 -0.5 0 -1 Z	1.1946	G0	0		34.97	2.1542	False	True	0	0.0	0.00	0.00
1997	-1	0	Neuron	352	631	5.5646	M 0 -1 C 0.5 -0.5 0.3 0.2 0.8 1 L 0 0.6 L -0.8 1 C -0.3 0.2 -0.5 -0.5 0 -1 Z	1.2418	G0	0		35.11	2.0684	False	True	0	0.0	0.00	0.00
1998	-1	0	Neuron	654	561	4.0362	M 0 -1 C 0.5 -0.5 0.3 0.2 0.8 1 L 0 0.6 L -0.8 1 C -0.3 0.2 -0.5 -0.5 0 -1 Z	1.0503	G0	0		35.09	2.0806	False	True	0	0.0	0.00	0.00
1999	-1	0	Neuron	893	135	5.5162	M 0 -1 C 0.5 -0.5 0.3 0.2 0.8 1 L 0 0.6 L -0.8 1 C -0.3 0.2 -0.5 -0.5 0 -1 Z	1.0675	G0	0		35.33	3.3105	False	True	0	0.0	0.00	0.00
2000	-1	0	Neuron	343	730	0.8173	M 0 -1 C 0.5 -0.5 0.3 0.2 0.8 1 L 0 0.6 L -0.8 1 C -0.3 0.2 -0.5 -0.5 0 -1 Z	0.9716	G0	0		35.84	2.7203	False	True	0	0.0	0.00	0.00
2001	-1	0	Neuron	477	621	3.6154	M 0 -1 C 0.5 -0.5 0.3 0.2 0.8 1 L 0 0.6 L -0.8 1 C -0.3 0.2 -0.5 -0.5 0 -1 Z	1.3088	G0	0		35.04	1.9376	False	True	0	0.0	0.00	0.00
2002	-1	0	Neuron	164	883	0.8876	M 0 -1 C 0.5 -0.5 0.3 0.2 0.8 1 L 0 0.6 L -0.8 1 C -0.3 0.2 -0.5 -0.5 0 -1 Z	1.1238	G0	0		35.34	3.2138	False	True	0	0.0	0.00	0.00
2003	-1	0	Neuron	479	718	5.1734	M 0 -1 C 0.5 -0.5 0.3 0.2 0.8 1 L 0 0.6 L -0.8 1 C -0.3 0.2 -0.5 -0.5 0 -1 Z	1.0408	G0	0		35.13	2.2225	False	True	0	0.0	0.00	0.00
2004	-1	0	Neuron	764	152	4.9231	M 0 -1 C 0.5 -0.5 0.3 0.2 0.8 1 L 0 0.6 L -0.8 1 C -0.3 0.2 -0.5 -0.5 0 -1 Z	0.8187	G0	0		35.58	3.1093	False	True	0	0.0	0.00	0.00
2005	-1	0	Neuron	916	496	3.3693	M 0 -1 C 0.5 -0.5 0.3 0.2 0.8 1 L 0 0.6 L -0.8 1 C -0.3 0.2 -0.5 -0.5 0 -1 Z	0.8062	G0	0		35.11	3.0277	False	True	0	0.0	0.00	0.00
2006	-1	0	Neuron	302	302	0.4978	M 0 -1 C 0.5 -0.5 0.3 0.2 0.8 1 L 0 0.6 L -0.8 1 C -0.3 0.2 -0.5 -0.5 0 -1 Z	0.9624	G0	0		35.31	2.4549	False	True	0	0.0	0.00	0.00
2007	-1	0	Neuron	547	428	2.2387	M 0 -1 C 0.5 -0.5 0.3 0.2 0.8 1 L 0 0.6 L -0.8 1 C -0.3 0.2 -0.5 -0.5 0 -1 Z	1.1478	G0	0		34.90	1.8337	False	True	0	0.0	0.00	0.00
2008	-1	0	Neuron	427	627	0.7481	M 0 -1 C 0.5 -0.5 0.3 0.2 0.8 1 L 0 0.6 L -0.8 1 C -0.3 0.2 -0.5 -0.5 0 -1 Z	0.8370	G0	0		34.76	1.8783	False	True	0	0.0	0.00	0.00
2009	-1	0	Neuron	936	419	0.2165	M 0 -1 C 0.5 -0.5 0.3 0.2 0.8 1 L 0 0.6 L -0.8 1 C -0.3 0.2 -0.5 -0.5 0 -1 Z	1.0080	G0	0		36.08	3.6275	False	True	0	0.0	0.00	0.00
2010	-1	0	Neuron	548	903	1.3577	M 0 -1 C 0.5 -0.5 0.3 0.2 0.8 1 L 0 0.6 L -0.8 1 C -0.3 0.2 -0.5 -0.5 0 -1 Z	0.9169	G0	0		35.85	3.3324	False	True	0	0.0	0.00	0.00
2011	-1	0	Neuron	265	879	2.4499	M 0 -1 C 0.5 -0.5 0.3 0.2 0.8 1 L 0 0.6 L -0.8 1 C -0.3 0.2 -0.5 -0.5 0 -1 Z	0.9257	G0	0		35.73	3.2581	False	True	0	0.0	0.00	0.00
2012	-1	0	Neuron	848	601	3.3763	M 0 -1 C 0.5 -0.5 0.3 0.2 0.8 1 L 0 0.6 L -0.8 1 C -0.3 0.2 -0.5 -0.5 0 -1 Z	1.0249	G0	0		35.37	2.7228	False	True	0	0.0	0.00	0.00
2013	-1	0	Neuron	989	174	3.4060	M 0 -1 C 0.5 -0.5 0.3 0.2 0.8 1 L 0 0.6 L -0.8 1 C -0.3 0.2 -0.5 -0.5 0 -1 Z	0.9634	G0	0		36.34	4.1376	False	True	0	0.0	0.00	0.00
2014	-1	0	Neuron	950	743	1.3287	M 0 -1 C 0.5 -0.5 0.3 0.2 0.8 1 L 0 0.6 L -0.8 1 C -0.3 0.2 -0.5 -0.5 0 -1 Z	0.8126	G0	0		36.60	4.0381	False	True	0	0.0	0.00	0.00
2015	-1	0	Neuron	574	299	3.7385	M 0 -1 C 0.5 -0.5 0.3 0.2 0.8 1 L 0 0.6 L -0.8 1 C -0.3 0.2 -0.5 -0.5 0 -1 Z	0.7755	G0	0		35.30	2.2969	False	True	0	0.0	0.00	0.00
2016	-1	0	Neuron	104	159	1.7766	M 0 -1 C 0.5 -0.5 0.3 0.2 0.8 1 L 0 0.6 L -0.8 1 C -0.3 0.2 -0.5 -0.5 0 -1 Z	0.8116	G0	0		36.05	3.6402	False	True	0	0.0	0.00	0.00
2017	-1	0	Neuron	743	489	1.0149	M 0 -1 C 0.5 -0.5 0.3 0.2 0.8 1 L 0 0.6 L -0.8 1 C -0.3 0.2 -0.5 -0.5 0 -1 Z	0.7375	G0	0		35.24	2.2959	False	True	0	0.0	0.00	0.00
2018	-1	0	Neuron	192	989	4.0708	M 0 -1 C 0.5 -0.5 0.3 0.2 0.8 1 L 0 0.6 L -0.8 1 C -0.3 0.2 -0.5 -0.5 0 -1 Z	0.8062	G0	0		36.50	4.1834	False	True	0	0.0	0.00	0.00
2019	-1	0	Neuron	920	635	2.7278	M 0 -1 C 0.5 -0.5 0.3 0.2 0.8 1 L 0 0.6 L -0.8 1 C -0.3 0.2 -0.5 -0.5 0 -1 Z	1.0204	G0	0		35.82	3.3828	False	True	0	0.0	0.00	0.00
2020	-1	0	Neuron	141	476	5.7576	M 0 -1 C 0.5 -0.5 0.3 0.2 0.8 1 L 0 0.6 L -0.8 1 C -0.3 0.2 -0.5 -0.5 0 -1 Z	1.2783	G0	0		35.70	3.0357	False	True	0	0.0	0.00	0.00
2021	-1	0	Neuron	360	729	0.9681	M 0 -1 C 0.5 -0.5 0.3 0.2 0.8 1 L 0 0.6 L -0.8 1 C -0.3 0.2 -0.5 -0.5 0 -1 Z	1.2263	G0	0		35.67	2.5371	False	True	0	0.0	0.00	0.00
2022	-1	0	Neuron	650	751	1.5075	M 0 -1 C 0.5 -0.5 0.3 0.2 0.8 1 L 0 0.6 L -0.8 1 C -0.3 0.2 -0.5 -0.5 0 -1 Z	1.1232	G0	0		35.95	2.7871	False	True	0	0.0	0.00	0.00
2023	-1	0	Neuron	946	287	5.0705	M 0 -1 C 0.5 -0.5 0.3 0.2 0.8 1 L 0 0.6 L -0.8 1 C -0.3 0.2 -0.5 -0.5 0 -1 Z	0.7966	G0	0		35.33	3.3577	False	True	0	0.0	0.00	0.00
2024	-1	0	Neuron	650	542	0.2414	M 0 -1 C 0.5 -0.5 0.3 0.2 0.8 1 L 0 0.6 L -0.8 1 C -0.3 0.2 -0.5 -0.5 0 -1 Z	1.2305	G0	0		35.76	2.4028	False	True	0	0.0	0.00	0.00
2025	-1	0	Neuron	482	572	1.3370	M 0 -1 C 0.5 -0.5 0.3 0.2 0.8 1 L 0 0.6 L -0.8 1 C -0.3 0.2 -0.5 -0.5 0 -1 Z	1.0086	G0	0		35.26	2.0412	False	True	0	0.0	0.00	0.00
2026	-1	0	Neuron	943	925	1.1142	M 0 -1 C 0.5 -0.5 0.3 0.2 0.8 1 L 0 0.6 L -0.8 1 C -0.3 0.2 -0.5 -0.5 0 -1 Z	1.3080	G0	0		35.51	3.6319	False	True	0	0.0	0.00	0.00
2027	-1	0	Neuron	389	447	1.7253	M 0 -1 C 0.5 -0.5 0.3 0.2 0.8 1 L 0 0.6 L -0.8 1 C -0.3 0.2 -0.5 -0.5 0 -1 Z	0.8285	G0	0		35.19	2.0375	False	True	0	0.0	0.00	0.00
2028	-1	0	Neuron	908	32	1.8447	M 0 -1 C 0.5 -0.5 0.3 0.2 0.8 1 L 0 0.6 L -0.8 1 C -0.3 0.2 -0.5 -0.5 0 -1 Z	1.0328	G0	0		36.47	4.1573	False	True	0	0.0	0.00	0.00
2029	-1	0	Neuron	269	837	0.1360	M 0 -1 C 0.5 -0.5 0.3 0.2 0.8 1 L 0 0.6 L -0.8 1 C -0.3 0.2 -0.5 -0.5 0 -1 Z	0.9122	G0	0		35.72	3.0537	False	True	0	0.0	0.00	0.00
2030	-1	0	Neuron	29	446	0.6794	M 0 -1 C 0.5 -0.5 0.3 0.2 0.8 1 L 0 0.6 L -0.8 1 C -0.3 0.2 -0.5 -0.5 0 -1 Z	1.0289	G0	0		35.55	3.4924	False	True	0	0.0	0.00	0.00
2031	-1	0	Neuron	989	668	3.1559	M 0 -1 C 0.5 -0.5 0.3 0.2 0.8 1 L 0 0.6 L -0.8 1 C -0.3 0.2 -0.5 -0.5 0 -1 Z	1.3258	G0	0		36.71	4.3143	False	True	0	0.0	0.00	0.00
2032	-1	0	Neuron	738	470	4.6018	M 0 -1 C 0.5 -0.5 0.3 0.2 0.8 1 L 0 0.6 L -0.8 1 C -0.3 0.2 -0.5 -0.5 0 -1 Z	0.9968	G0	0		35.91	2.6656	False	True	0	0.0	0.00	0.00
2033	-1	0	Neuron	841	744	3.7899	M 0 -1 C 0.5 -0.5 0.3 0.2 0.8 1 L 0 0.6 L -0.8 1 C -0.3 0.2 -0.5 -0.5 0 -1 Z	1.2638	G0	0		35.70	3.1034	False	True	0	0.0	0.00	0.00
2034	-1	0	Neuron	619	312	4.5009	M 0 -1 C 0.5 -0.5 0.3 0.2 0.8 1 L 0 0.6 L -0.8 1 C -0.3 0.2 -0.5 -0.5 0 -1 Z	0.7925	G0	0		35.08	2.0966	False	True	0	0.0	0.00	0.00
2035	-1	0	Neuron	862	467	0.1237	M 0 -1 C 0.5 -0.5 0.3 0.2 0.8 1 L 0 0.6 L -0.8 1 C -0.3 0.2 -0.5 -0.5 0 -1 Z	1.3946	G0	0		35.66	3.0178	False	True	0	0.0	0.00	0.00
2036	-1	0	Neuron	354	45	1.1896	M 0 -1 C 0.5 -0.5 0.3 0.2 0.8 1 L 0 0.6 L -0.8 1 C -0.3 0.2 -0.5 -0.5 0 -1 Z	0.9030	G0	0		35.10	3.2879	False	True	0	0.0	0.00	0.00
2037	-1	0	Neuron	462	570	2.4061	M 0 -1 C 0.5 -0.5 0.3 0.2 0.8 1 L 0 0.6 L -0.8 1 C -0.3 0.2 -0.5 -0.5 0 -1 Z	0.9607	G0	0		35.68	2.2584	False	True	0	0.0	0.00	0.00
2038	-1	0	Neuron	774	695	2.4585	M 0 -1 C 0.5 -0.5 0.3 0.2 0.8 1 L 0 0.6 L -0.8 1 C -0.3 0.2 -0.5 -0.5 0 -1 Z	1.2574	G0	0		34.49	2.2315	False	True	0	0.0	0.00	0.00
2039	-1	0	Neuron	507	339	1.6844	M 0 -1 C 0.5 -0.5 0.3 0.2 0.8 1 L 0 0.6 L -0.8 1 C -0.3 0.2 -0.5 -0.5 0 -1 Z	1.0114	G0	0		35.23	2.1252	False	True	0	0.0	0.00	0.00
2040	-1	0	Neuron	309	472	0.7060	M 0 -1 C 0.5 -0.5 0.3 0.2 0.8 1 L 0 0.6 L -0.8 1 C -0.3 0.2 -0.5 -0.5 0 -1 Z	0.9075	G0	0		35.52	2.3413	False	True	0	0.0	0.00	0.00
2041	-1	0	Neuron	876	567	1.3896	M 0 -1 C 0.5 -0.5 0.3 0.2 0.8 1 L 0 0.6 L -0.8 1 C -0.3 0.2 -0.5 -0.5 0 -1 Z	1.0926	G0	0		35.25	2.8882	False	True	0	0.0	0.00	0.00
2042	-1	0	Neuron	303	546	5.6132	M 0 -1 C 0.5 -0.5 0.3 0.2 0.8 1 L 0 0.6 L -0.8 1 C -0.3 0.2 -0.5 -0.5 0 -1 Z	0.8248	G0	0		34.53	1.8549	False	True	0	0.0	0.00	0.00
2043	-1	0	Neuron	297	131	1.8583	M 0 -1 C 0.5 -0.5 0.3 0.2 0.8 1 L 0 0.6 L -0.8 1 C -0.3 0.2 -0.5 -0.5 0 -1 Z	0.7307	G0	0		36.05	3.3561	False	True	0	0.0	0.00	0.00
2044	-1	0	Neuron	45	657	6.1366	M 0 -1 C 0.5 -0.5 0.3 0.2 0.8 1 L 0 0.6 L -0.8 1 C -0.3 0.2 -0.5 -0.5 0 -1 Z	0.9132	G0	0		35.40	3.4425	False	True	0	0.0	0.00	0.00
2045	-1	0	Neuron	631	138	2.2574	M 0 -1 C 0.5 -0.5 0.3 0.2 0.8 1 L 0 0.6 L -0.8 1 C -0.3 0.2 -0.5 -0.5 0 -1 Z	1.0406	G0	0		36.14	3.2987	False	True	0	0.0	0.00	0.00
2046	-1	0	Neuron	894	652	2.3057	M 0 -1 C 0.5 -0.5 0.3 0.2 0.8 1 L 0 0.6 L -0.8 1 C -0.3 0.2 -0.5 -0.5 0 -1 Z	1.0764	G0	0		35.62	3.2055	False	True	0	0.0	0.00	0.00
2047	-1	0	Neuron	839	569	3.4838	M 0 -1 C 0.5 -0.5 0.3 0.2 0.8 1 L 0 0.6 L -0.8 1 C -0.3 0.2 -0.5 -0.5 0 -1 Z	1.1815	G0	0		35.76	2.8932	False	True	0	0.0	0.00	0.00
2048	-1	0	Neuron	167	35	3.8829	M 0 -1 C 0.5 -0.5 0.3 0.2 0.8 1 L 0 0.6 L -0.8 1 C -0.3 0.2 -0.5 -0.5 0 -1 Z	1.3094	G0	0		35.50	3.6158	False	True	0	0.0	0.00	0.00
2049	-1	0	Neuron	897	913	3.8717	M 0 -1 C 0.5 -0.5 0.3 0.2 0.8 1 L 0 0.6 L -0.8 1 C -0.3 0.2 -0.5 -0.5 0 -1 Z	0.8835	G0	0		35.78	3.6513	False	True	0	0.0	0.00	0.00
2050	-1	0	Neuron	814	661	2.5412	M 0 -1 C 0.5 -0.5 0.3 0.2 0.8 1 L 0 0.6 L -0.8 1 C -0.3 0.2 -0.5 -0.5 0 -1 Z	0.8177	G0	0		35.53	2.8189	False	True	0	0.0	0.00	0.00
2051	-1	0	Neuron	988	110	3.6057	M 0 -1 C 0.5 -0.5 0.3 0.2 0.8 1 L 0 0.6 L -0.8 1 C -0.3 0.2 -0.5 -0.5 0 -1 Z	0.9544	G0	0		36.93	4.4418	False	True	0	0.0	0.00	0.00
2052	-1	0	Neuron	326	777	4.6636	M 0 -1 C 0.5 -0.5 0.3 0.2 0.8 1 L 0 0.6 L -0.8 1 C -0.3 0.2 -0.5 -0.5 0 -1 Z	1.0413	G0	0		34.95	2.4275	False	True	0	0.0	0.00	0.00
2053	-1	0	Neuron	405	866	4.3029	M 0 -1 C 0.5 -0.5 0.3 0.2 0.8 1 L 0 0.6 L -0.8 1 C -0.3 0.2 -0.5 -0.5 0 -1 Z	0.8561	G0	0		34.69	2.5729	False	True	0	0.0	0.00	0.00
2054	-1	0	Neuron	802	939	4.6614	M 0 -1 C 0.5 -0.5 0.3 0.2 0.8 1 L 0 0.6 L -0.8 1 C -0.3 0.2 -0.5 -0.5 0 -1 Z	0.8039	G0	0		35.74	3.4642	False	True	0	0.0	0.00	0.00
2055	-1	0	Neuron	893	946	3.1974	M 0 -1 C 0.5 -0.5 0.3 0.2 0.8 1 L 0 0.6 L -0.8 1 C -0.3 0.2 -0.5 -0.5 0 -1 Z	0.7773	G0	0		35.70	3.6876	False	True	0	0.0	0.00	0.00
2057	-1	0	Neuron	575	780	2.3432	M 0 -1 C 0.5 -0.5 0.3 0.2 0.8 1 L 0 0.6 L -0.8 1 C -0.3 0.2 -0.5 -0.5 0 -1 Z	1.1527	G0	0		35.60	2.6733	False	True	0	0.0	0.00	0.00
2058	-1	0	Neuron	906	62	4.3620	M 0 -1 C 0.5 -0.5 0.3 0.2 0.8 1 L 0 0.6 L -0.8 1 C -0.3 0.2 -0.5 -0.5 0 -1 Z	0.8850	G0	0		35.87	3.7421	False	True	0	0.0	0.00	0.00
2059	-1	0	Neuron	320	961	3.3190	M 0 -1 C 0.5 -0.5 0.3 0.2 0.8 1 L 0 0.6 L -0.8 1 C -0.3 0.2 -0.5 -0.5 0 -1 Z	1.0240	G0	0		36.84	4.1836	False	True	0	0.0	0.00	0.00
2060	-1	0	Neuron	696	477	4.9851	M 0 -1 C 0.5 -0.5 0.3 0.2 0.8 1 L 0 0.6 L -0.8 1 C -0.3 0.2 -0.5 -0.5 0 -1 Z	1.0298	G0	0		34.55	1.8495	False	True	0	0.0	0.00	0.00
2061	-1	0	Neuron	149	438	6.2297	M 0 -1 C 0.5 -0.5 0.3 0.2 0.8 1 L 0 0.6 L -0.8 1 C -0.3 0.2 -0.5 -0.5 0 -1 Z	0.8738	G0	0		35.75	2.9850	False	True	0	0.0	0.00	0.00
2062	-1	0	Neuron	550	691	2.8329	M 0 -1 C 0.5 -0.5 0.3 0.2 0.8 1 L 0 0.6 L -0.8 1 C -0.3 0.2 -0.5 -0.5 0 -1 Z	1.0362	G0	0		35.93	2.5602	False	True	0	0.0	0.00	0.00
2063	-1	0	Neuron	926	472	3.2151	M 0 -1 C 0.5 -0.5 0.3 0.2 0.8 1 L 0 0.6 L -0.8 1 C -0.3 0.2 -0.5 -0.5 0 -1 Z	0.9750	G0	0		35.73	3.3982	False	True	0	0.0	0.00	0.00
2064	-1	0	Neuron	180	793	2.9405	M 0 -1 C 0.5 -0.5 0.3 0.2 0.8 1 L 0 0.6 L -0.8 1 C -0.3 0.2 -0.5 -0.5 0 -1 Z	1.0931	G0	0		35.78	3.1532	False	True	0	0.0	0.00	0.00
2065	-1	0	Neuron	926	274	5.7270	M 0 -1 C 0.5 -0.5 0.3 0.2 0.8 1 L 0 0.6 L -0.8 1 C -0.3 0.2 -0.5 -0.5 0 -1 Z	0.7336	G0	0		35.15	3.1600	False	True	0	0.0	0.00	0.00
2066	-1	0	Neuron	843	786	3.1245	M 0 -1 C 0.5 -0.5 0.3 0.2 0.8 1 L 0 0.6 L -0.8 1 C -0.3 0.2 -0.5 -0.5 0 -1 Z	0.8973	G0	0		35.30	2.9960	False	True	0	0.0	0.00	0.00
2067	-1	0	Neuron	41	91	1.4124	M 0 -1 C 0.5 -0.5 0.3 0.2 0.8 1 L 0 0.6 L -0.8 1 C -0.3 0.2 -0.5 -0.5 0 -1 Z	1.0461	G0	0		36.52	4.1032	False	True	0	0.0	0.00	0.00
2068	-1	0	Neuron	425	303	5.2166	M 0 -1 C 0.5 -0.5 0.3 0.2 0.8 1 L 0 0.6 L -0.8 1 C -0.3 0.2 -0.5 -0.5 0 -1 Z	0.8502	G0	0		34.52	1.8914	False	True	0	0.0	0.00	0.00
2069	-1	0	Neuron	582	244	3.3190	M 0 -1 C 0.5 -0.5 0.3 0.2 0.8 1 L 0 0.6 L -0.8 1 C -0.3 0.2 -0.5 -0.5 0 -1 Z	1.0602	G0	0		35.01	2.2721	False	True	0	0.0	0.00	0.00
2070	-1	0	Neuron	639	40	1.1370	M 0 -1 C 0.5 -0.5 0.3 0.2 0.8 1 L 0 0.6 L -0.8 1 C -0.3 0.2 -0.5 -0.5 0 -1 Z	0.9656	G0	0		36.86	4.1782	False	True	0	0.0	0.00	0.00
2071	-1	0	Neuron	428	572	2.7321	M 0 -1 C 0.5 -0.5 0.3 0.2 0.8 1 L 0 0.6 L -0.8 1 C -0.3 0.2 -0.5 -0.5 0 -1 Z	1.0755	G0	0		34.46	1.6403	False	True	0	0.0	0.00	0.00
2072	-1	0	Neuron	427	267	0.2845	M 0 -1 C 0.5 -0.5 0.3 0.2 0.8 1 L 0 0.6 L -0.8 1 C -0.3 0.2 -0.5 -0.5 0 -1 Z	0.9080	G0	0		34.88	2.1327	False	True	0	0.0	0.00	0.00
2073	-1	0	Neuron	439	427	0.3568	M 0 -1 C 0.5 -0.5 0.3 0.2 0.8 1 L 0 0.6 L -0.8 1 C -0.3 0.2 -0.5 -0.5 0 -1 Z	1.3105	G0	0		35.01	1.8900	False	True	0	0.0	0.00	0.00
2074	-1	0	Neuron	849	941	1.6710	M 0 -1 C 0.5 -0.5 0.3 0.2 0.8 1 L 0 0.6 L -0.8 1 C -0.3 0.2 -0.5 -0.5 0 -1 Z	0.7395	G0	0		36.53	4.0094	False	True	0	0.0	0.00	0.00
2075	-1	0	Neuron	651	845	1.5138	M 0 -1 C 0.5 -0.5 0.3 0.2 0.8 1 L 0 0.6 L -0.8 1 C -0.3 0.2 -0.5 -0.5 0 -1 Z	0.7213	G0	0		35.55	2.9533	False	True	0	0.0	0.00	0.00
2076	-1	0	Neuron	398	551	0.5772	M 0 -1 C 0.5 -0.5 0.3 0.2 0.8 1 L 0 0.6 L -0.8 1 C -0.3 0.2 -0.5 -0.5 0 -1 Z	1.0942	G0	0		34.44	1.6040	False	True	0	0.0	0.00	0.00
2077	-1	0	Neuron	581	13	1.8085	M 0 -1 C 0.5 -0.5 0.3 0.2 0.8 1 L 0 0.6 L -0.8 1 C -0.3 0.2 -0.5 -0.5 0 -1 Z	1.0783	G0	0		36.51	4.1982	False	True	0	0.0	0.00	0.00
2078	-1	0	Neuron	540	446	5.6726	M 0 -1 C 0.5 -0.5 0.3 0.2 0.8 1 L 0 0.6 L -0.8 1 C -0.3 0.2 -0.5 -0.5 0 -1 Z	0.9292	G0	0		35.37	2.0934	False	True	0	0.0	0.00	0.00
2079	-1	0	Neuron	849	913	0.7567	M 0 -1 C 0.5 -0.5 0.3 0.2 0.8 1 L 0 0.6 L -0.8 1 C -0.3 0.2 -0.5 -0.5 0 -1 Z	1.0532	G0	0		36.08	3.6794	False	True	0	0.0	0.00	0.00
2080	-1	0	Neuron	350	455	5.9192	M 0 -1 C 0.5 -0.5 0.3 0.2 0.8 1 L 0 0.6 L -0.8 1 C -0.3 0.2 -0.5 -0.5 0 -1 Z	0.8884	G0	0		35.32	2.1812	False	True	0	0.0	0.00	0.00
2081	-1	0	Neuron	285	478	4.5714	M 0 -1 C 0.5 -0.5 0.3 0.2 0.8 1 L 0 0.6 L -0.8 1 C -0.3 0.2 -0.5 -0.5 0 -1 Z	0.9955	G0	0		34.84	2.0829	False	True	0	0.0	0.00	0.00
2082	-1	0	Neuron	100	783	4.2980	M 0 -1 C 0.5 -0.5 0.3 0.2 0.8 1 L 0 0.6 L -0.8 1 C -0.3 0.2 -0.5 -0.5 0 -1 Z	0.9084	G0	0		36.44	3.7644	False	True	0	0.0	0.00	0.00
2083	-1	0	Neuron	96	449	1.2664	M 0 -1 C 0.5 -0.5 0.3 0.2 0.8 1 L 0 0.6 L -0.8 1 C -0.3 0.2 -0.5 -0.5 0 -1 Z	1.3953	G0	0		35.94	3.3970	False	True	0	0.0	0.00	0.00
2084	-1	0	Neuron	758	207	1.4011	M 0 -1 C 0.5 -0.5 0.3 0.2 0.8 1 L 0 0.6 L -0.8 1 C -0.3 0.2 -0.5 -0.5 0 -1 Z	0.9910	G0	0		35.61	2.9396	False	True	0	0.0	0.00	0.00
2085	-1	0	Neuron	298	850	5.3194	M 0 -1 C 0.5 -0.5 0.3 0.2 0.8 1 L 0 0.6 L -0.8 1 C -0.3 0.2 -0.5 -0.5 0 -1 Z	0.9209	G0	0		35.90	3.1184	False	True	0	0.0	0.00	0.00
2086	-1	0	Neuron	708	30	2.5914	M 0 -1 C 0.5 -0.5 0.3 0.2 0.8 1 L 0 0.6 L -0.8 1 C -0.3 0.2 -0.5 -0.5 0 -1 Z	0.8916	G0	0		36.41	3.9748	False	True	0	0.0	0.00	0.00
2087	-1	0	Neuron	500	164	5.5041	M 0 -1 C 0.5 -0.5 0.3 0.2 0.8 1 L 0 0.6 L -0.8 1 C -0.3 0.2 -0.5 -0.5 0 -1 Z	1.3696	G0	0		35.34	2.6427	False	True	0	0.0	0.00	0.00
2088	-1	0	Neuron	730	102	5.0528	M 0 -1 C 0.5 -0.5 0.3 0.2 0.8 1 L 0 0.6 L -0.8 1 C -0.3 0.2 -0.5 -0.5 0 -1 Z	1.2360	G0	0		35.09	2.8512	False	True	0	0.0	0.00	0.00
2089	-1	0	Neuron	275	692	4.3108	M 0 -1 C 0.5 -0.5 0.3 0.2 0.8 1 L 0 0.6 L -0.8 1 C -0.3 0.2 -0.5 -0.5 0 -1 Z	1.2654	G0	0		34.99	2.3398	False	True	0	0.0	0.00	0.00
2090	-1	0	Neuron	483	687	0.1923	M 0 -1 C 0.5 -0.5 0.3 0.2 0.8 1 L 0 0.6 L -0.8 1 C -0.3 0.2 -0.5 -0.5 0 -1 Z	1.1496	G0	0		34.64	1.8719	False	True	0	0.0	0.00	0.00
2091	-1	0	Neuron	342	854	1.5751	M 0 -1 C 0.5 -0.5 0.3 0.2 0.8 1 L 0 0.6 L -0.8 1 C -0.3 0.2 -0.5 -0.5 0 -1 Z	0.8336	G0	0		34.41	2.3731	False	True	0	0.0	0.00	0.00
2092	-1	0	Neuron	587	544	4.1427	M 0 -1 C 0.5 -0.5 0.3 0.2 0.8 1 L 0 0.6 L -0.8 1 C -0.3 0.2 -0.5 -0.5 0 -1 Z	0.9621	G0	0		34.04	1.4577	False	True	0	0.0	0.00	0.00
2093	-1	0	Neuron	456	704	1.9953	M 0 -1 C 0.5 -0.5 0.3 0.2 0.8 1 L 0 0.6 L -0.8 1 C -0.3 0.2 -0.5 -0.5 0 -1 Z	0.9036	G0	0		34.47	1.8669	False	True	0	0.0	0.00	0.00
2094	-1	0	Neuron	212	913	5.0539	M 0 -1 C 0.5 -0.5 0.3 0.2 0.8 1 L 0 0.6 L -0.8 1 C -0.3 0.2 -0.5 -0.5 0 -1 Z	1.0479	G0	0		36.01	3.6025	False	True	0	0.0	0.00	0.00
2095	-1	0	Neuron	784	165	0.5662	M 0 -1 C 0.5 -0.5 0.3 0.2 0.8 1 L 0 0.6 L -0.8 1 C -0.3 0.2 -0.5 -0.5 0 -1 Z	0.8353	G0	0		34.64	2.6170	False	True	0	0.0	0.00	0.00
2096	-1	0	Neuron	957	336	1.6383	M 0 -1 C 0.5 -0.5 0.3 0.2 0.8 1 L 0 0.6 L -0.8 1 C -0.3 0.2 -0.5 -0.5 0 -1 Z	1.2749	G0	0		35.55	3.5088	False	True	0	0.0	0.00	0.00
2097	-1	0	Neuron	601	340	5.5055	M 0 -1 C 0.5 -0.5 0.3 0.2 0.8 1 L 0 0.6 L -0.8 1 C -0.3 0.2 -0.5 -0.5 0 -1 Z	0.6941	G0	0		35.97	2.5657	False	True	0	0.0	0.00	0.00
2098	-1	0	Neuron	114	12	1.7993	M 0 -1 C 0.5 -0.5 0.3 0.2 0.8 1 L 0 0.6 L -0.8 1 C -0.3 0.2 -0.5 -0.5 0 -1 Z	1.0067	G0	0		36.09	4.0211	False	True	0	0.0	0.00	0.00
2099	-1	0	Neuron	483	49	1.2370	M 0 -1 C 0.5 -0.5 0.3 0.2 0.8 1 L 0 0.6 L -0.8 1 C -0.3 0.2 -0.5 -0.5 0 -1 Z	0.8611	G0	0		36.08	3.7358	False	True	0	0.0	0.00	0.00
2100	-1	0	Neuron	736	747	0.7996	M 0 -1 C 0.5 -0.5 0.3 0.2 0.8 1 L 0 0.6 L -0.8 1 C -0.3 0.2 -0.5 -0.5 0 -1 Z	0.8789	G0	0		34.20	1.9499	False	True	0	0.0	0.00	0.00
2101	-1	0	Neuron	610	99	0.1087	M 0 -1 C 0.5 -0.5 0.3 0.2 0.8 1 L 0 0.6 L -0.8 1 C -0.3 0.2 -0.5 -0.5 0 -1 Z	0.7435	G0	0		36.58	3.6948	False	True	0	0.0	0.00	0.00
2102	-1	0	Neuron	690	850	1.6419	M 0 -1 C 0.5 -0.5 0.3 0.2 0.8 1 L 0 0.6 L -0.8 1 C -0.3 0.2 -0.5 -0.5 0 -1 Z	1.1064	G0	0		36.28	3.3115	False	True	0	0.0	0.00	0.00
2103	-1	0	Neuron	42	461	4.0729	M 0 -1 C 0.5 -0.5 0.3 0.2 0.8 1 L 0 0.6 L -0.8 1 C -0.3 0.2 -0.5 -0.5 0 -1 Z	0.6961	G0	0		36.35	3.8850	False	True	0	0.0	0.00	0.00
2104	-1	0	Neuron	939	134	2.0698	M 0 -1 C 0.5 -0.5 0.3 0.2 0.8 1 L 0 0.6 L -0.8 1 C -0.3 0.2 -0.5 -0.5 0 -1 Z	0.9060	G0	0		36.03	3.7989	False	True	0	0.0	0.00	0.00
2105	-1	0	Neuron	277	95	1.8726	M 0 -1 C 0.5 -0.5 0.3 0.2 0.8 1 L 0 0.6 L -0.8 1 C -0.3 0.2 -0.5 -0.5 0 -1 Z	1.1898	G0	0		34.63	2.8318	False	True	0	0.0	0.00	0.00
2106	-1	0	Neuron	902	425	2.4093	M 0 -1 C 0.5 -0.5 0.3 0.2 0.8 1 L 0 0.6 L -0.8 1 C -0.3 0.2 -0.5 -0.5 0 -1 Z	0.9396	G0	0		35.42	3.1133	False	True	0	0.0	0.00	0.00
2107	-1	0	Neuron	111	465	6.0220	M 0 -1 C 0.5 -0.5 0.3 0.2 0.8 1 L 0 0.6 L -0.8 1 C -0.3 0.2 -0.5 -0.5 0 -1 Z	0.7675	G0	0		35.61	3.1323	False	True	0	0.0	0.00	0.00
2108	-1	0	Neuron	582	360	5.9387	M 0 -1 C 0.5 -0.5 0.3 0.2 0.8 1 L 0 0.6 L -0.8 1 C -0.3 0.2 -0.5 -0.5 0 -1 Z	1.2063	G0	0		35.78	2.4227	False	True	0	0.0	0.00	0.00
2109	-1	0	Neuron	616	944	2.2756	M 0 -1 C 0.5 -0.5 0.3 0.2 0.8 1 L 0 0.6 L -0.8 1 C -0.3 0.2 -0.5 -0.5 0 -1 Z	0.9788	G0	0		35.30	3.3098	False	True	0	0.0	0.00	0.00
2110	-1	0	Neuron	148	692	5.6579	M 0 -1 C 0.5 -0.5 0.3 0.2 0.8 1 L 0 0.6 L -0.8 1 C -0.3 0.2 -0.5 -0.5 0 -1 Z	0.5868	G0	0		35.92	3.2015	False	True	0	0.0	0.00	0.00
2111	-1	0	Neuron	877	539	2.6903	M 0 -1 C 0.5 -0.5 0.3 0.2 0.8 1 L 0 0.6 L -0.8 1 C -0.3 0.2 -0.5 -0.5 0 -1 Z	1.1298	G0	0		35.95	3.2354	False	True	0	0.0	0.00	0.00
2112	-1	0	Neuron	396	847	5.3127	M 0 -1 C 0.5 -0.5 0.3 0.2 0.8 1 L 0 0.6 L -0.8 1 C -0.3 0.2 -0.5 -0.5 0 -1 Z	0.8060	G0	0		34.82	2.5395	False	True	0	0.0	0.00	0.00
2113	-1	0	Neuron	807	289	0.0299	M 0 -1 C 0.5 -0.5 0.3 0.2 0.8 1 L 0 0.6 L -0.8 1 C -0.3 0.2 -0.5 -0.5 0 -1 Z	0.9127	G0	0		35.83	3.0113	False	True	0	0.0	0.00	0.00
2114	-1	0	Neuron	556	777	3.9135	M 0 -1 C 0.5 -0.5 0.3 0.2 0.8 1 L 0 0.6 L -0.8 1 C -0.3 0.2 -0.5 -0.5 0 -1 Z	1.0879	G0	0		34.90	2.3006	False	True	0	0.0	0.00	0.00
2115	-1	0	Neuron	174	724	3.2275	M 0 -1 C 0.5 -0.5 0.3 0.2 0.8 1 L 0 0.6 L -0.8 1 C -0.3 0.2 -0.5 -0.5 0 -1 Z	1.2606	G0	0		34.94	2.6580	False	True	0	0.0	0.00	0.00
2116	-1	0	Neuron	924	21	5.6820	M 0 -1 C 0.5 -0.5 0.3 0.2 0.8 1 L 0 0.6 L -0.8 1 C -0.3 0.2 -0.5 -0.5 0 -1 Z	1.1051	G0	0		36.34	4.1269	False	True	0	0.0	0.00	0.00
2117	-1	0	Neuron	415	690	0.3678	M 0 -1 C 0.5 -0.5 0.3 0.2 0.8 1 L 0 0.6 L -0.8 1 C -0.3 0.2 -0.5 -0.5 0 -1 Z	1.0267	G0	0		35.40	2.3256	False	True	0	0.0	0.00	0.00
2118	-1	0	Neuron	362	427	5.9129	M 0 -1 C 0.5 -0.5 0.3 0.2 0.8 1 L 0 0.6 L -0.8 1 C -0.3 0.2 -0.5 -0.5 0 -1 Z	1.1108	G0	0		35.14	2.0888	False	True	0	0.0	0.00	0.00
2119	-1	0	Neuron	687	887	5.1153	M 0 -1 C 0.5 -0.5 0.3 0.2 0.8 1 L 0 0.6 L -0.8 1 C -0.3 0.2 -0.5 -0.5 0 -1 Z	0.9517	G0	0		35.60	3.1893	False	True	0	0.0	0.00	0.00
2120	-1	0	Neuron	705	575	0.2691	M 0 -1 C 0.5 -0.5 0.3 0.2 0.8 1 L 0 0.6 L -0.8 1 C -0.3 0.2 -0.5 -0.5 0 -1 Z	1.5103	G0	0		33.92	1.6108	False	True	0	0.0	0.00	0.00
2121	-1	0	Neuron	23	253	5.2709	M 0 -1 C 0.5 -0.5 0.3 0.2 0.8 1 L 0 0.6 L -0.8 1 C -0.3 0.2 -0.5 -0.5 0 -1 Z	0.9530	G0	0		35.49	3.6319	False	True	0	0.0	0.00	0.00
2122	-1	0	Neuron	400	154	6.1125	M 0 -1 C 0.5 -0.5 0.3 0.2 0.8 1 L 0 0.6 L -0.8 1 C -0.3 0.2 -0.5 -0.5 0 -1 Z	0.9089	G0	0		35.16	2.6114	False	True	0	0.0	0.00	0.00
2123	-1	0	Neuron	888	750	5.9511	M 0 -1 C 0.5 -0.5 0.3 0.2 0.8 1 L 0 0.6 L -0.8 1 C -0.3 0.2 -0.5 -0.5 0 -1 Z	1.2343	G0	0		36.52	3.7128	False	True	0	0.0	0.00	0.00
2124	-1	0	Neuron	207	477	5.9321	M 0 -1 C 0.5 -0.5 0.3 0.2 0.8 1 L 0 0.6 L -0.8 1 C -0.3 0.2 -0.5 -0.5 0 -1 Z	1.1246	G0	0		34.84	2.2714	False	True	0	0.0	0.00	0.00
2125	-1	0	Neuron	850	336	2.1307	M 0 -1 C 0.5 -0.5 0.3 0.2 0.8 1 L 0 0.6 L -0.8 1 C -0.3 0.2 -0.5 -0.5 0 -1 Z	1.1125	G0	0		35.93	3.1435	False	True	0	0.0	0.00	0.00
2126	-1	0	Neuron	479	205	3.5143	M 0 -1 C 0.5 -0.5 0.3 0.2 0.8 1 L 0 0.6 L -0.8 1 C -0.3 0.2 -0.5 -0.5 0 -1 Z	1.1720	G0	0		35.34	2.5827	False	True	0	0.0	0.00	0.00
2127	-1	0	Neuron	237	941	4.8736	M 0 -1 C 0.5 -0.5 0.3 0.2 0.8 1 L 0 0.6 L -0.8 1 C -0.3 0.2 -0.5 -0.5 0 -1 Z	1.0754	G0	0		36.21	3.7878	False	True	0	0.0	0.00	0.00
2128	-1	0	Neuron	282	413	5.2784	M 0 -1 C 0.5 -0.5 0.3 0.2 0.8 1 L 0 0.6 L -0.8 1 C -0.3 0.2 -0.5 -0.5 0 -1 Z	1.1430	G0	0		35.00	2.1554	False	True	0	0.0	0.00	0.00
2129	-1	0	Neuron	544	313	4.2529	M 0 -1 C 0.5 -0.5 0.3 0.2 0.8 1 L 0 0.6 L -0.8 1 C -0.3 0.2 -0.5 -0.5 0 -1 Z	0.7927	G0	0		34.73	1.9648	False	True	0	0.0	0.00	0.00
2130	-1	0	Neuron	705	301	1.2270	M 0 -1 C 0.5 -0.5 0.3 0.2 0.8 1 L 0 0.6 L -0.8 1 C -0.3 0.2 -0.5 -0.5 0 -1 Z	0.9984	G0	0		35.25	2.4383	False	True	0	0.0	0.00	0.00
2131	-1	0	Neuron	334	281	1.5393	M 0 -1 C 0.5 -0.5 0.3 0.2 0.8 1 L 0 0.6 L -0.8 1 C -0.3 0.2 -0.5 -0.5 0 -1 Z	0.9136	G0	0		35.30	2.4384	False	True	0	0.0	0.00	0.00
2132	-1	0	Neuron	389	888	3.7180	M 0 -1 C 0.5 -0.5 0.3 0.2 0.8 1 L 0 0.6 L -0.8 1 C -0.3 0.2 -0.5 -0.5 0 -1 Z	1.2383	G0	0		36.22	3.4552	False	True	0	0.0	0.00	0.00
2133	-1	0	Neuron	563	795	5.4418	M 0 -1 C 0.5 -0.5 0.3 0.2 0.8 1 L 0 0.6 L -0.8 1 C -0.3 0.2 -0.5 -0.5 0 -1 Z	1.0022	G0	0		34.74	2.2915	False	True	0	0.0	0.00	0.00
2134	-1	0	Neuron	322	54	5.2597	M 0 -1 C 0.5 -0.5 0.3 0.2 0.8 1 L 0 0.6 L -0.8 1 C -0.3 0.2 -0.5 -0.5 0 -1 Z	1.1836	G0	0		35.80	3.5797	False	True	0	0.0	0.00	0.00
2135	-1	0	Neuron	492	33	2.8763	M 0 -1 C 0.5 -0.5 0.3 0.2 0.8 1 L 0 0.6 L -0.8 1 C -0.3 0.2 -0.5 -0.5 0 -1 Z	0.7005	G0	0		35.87	3.6816	False	True	0	0.0	0.00	0.00
2136	-1	0	Neuron	412	771	6.1449	M 0 -1 C 0.5 -0.5 0.3 0.2 0.8 1 L 0 0.6 L -0.8 1 C -0.3 0.2 -0.5 -0.5 0 -1 Z	1.4236	G0	0		35.82	2.7556	False	True	0	0.0	0.00	0.00
2137	-1	0	Neuron	900	747	3.6986	M 0 -1 C 0.5 -0.5 0.3 0.2 0.8 1 L 0 0.6 L -0.8 1 C -0.3 0.2 -0.5 -0.5 0 -1 Z	0.7797	G0	0		36.41	3.7032	False	True	0	0.0	0.00	0.00
2138	-1	0	Neuron	698	396	5.5415	M 0 -1 C 0.5 -0.5 0.3 0.2 0.8 1 L 0 0.6 L -0.8 1 C -0.3 0.2 -0.5 -0.5 0 -1 Z	0.7543	G0	0		34.26	1.6989	False	True	0	0.0	0.00	0.00
2139	-1	0	Neuron	308	163	4.7497	M 0 -1 C 0.5 -0.5 0.3 0.2 0.8 1 L 0 0.6 L -0.8 1 C -0.3 0.2 -0.5 -0.5 0 -1 Z	1.1748	G0	0		35.69	3.0332	False	True	0	0.0	0.00	0.00
2140	-1	0	Neuron	134	446	6.1602	M 0 -1 C 0.5 -0.5 0.3 0.2 0.8 1 L 0 0.6 L -0.8 1 C -0.3 0.2 -0.5 -0.5 0 -1 Z	0.9986	G0	0		34.82	2.6236	False	True	0	0.0	0.00	0.00
2141	-1	0	Neuron	450	792	0.0554	M 0 -1 C 0.5 -0.5 0.3 0.2 0.8 1 L 0 0.6 L -0.8 1 C -0.3 0.2 -0.5 -0.5 0 -1 Z	1.1703	G0	0		35.94	2.8481	False	True	0	0.0	0.00	0.00
2142	-1	0	Neuron	812	883	2.9073	M 0 -1 C 0.5 -0.5 0.3 0.2 0.8 1 L 0 0.6 L -0.8 1 C -0.3 0.2 -0.5 -0.5 0 -1 Z	0.8806	G0	0		35.95	3.4990	False	True	0	0.0	0.00	0.00
2143	-1	0	Neuron	930	150	1.6622	M 0 -1 C 0.5 -0.5 0.3 0.2 0.8 1 L 0 0.6 L -0.8 1 C -0.3 0.2 -0.5 -0.5 0 -1 Z	1.1592	G0	0		37.05	4.2622	False	True	0	0.0	0.00	0.00
2144	-1	0	Neuron	342	441	0.4866	M 0 -1 C 0.5 -0.5 0.3 0.2 0.8 1 L 0 0.6 L -0.8 1 C -0.3 0.2 -0.5 -0.5 0 -1 Z	1.1692	G0	0		35.58	2.3309	False	True	0	0.0	0.00	0.00
2145	-1	0	Neuron	922	782	4.7043	M 0 -1 C 0.5 -0.5 0.3 0.2 0.8 1 L 0 0.6 L -0.8 1 C -0.3 0.2 -0.5 -0.5 0 -1 Z	0.7179	G0	0		36.24	3.7529	False	True	0	0.0	0.00	0.00
2146	-1	0	Neuron	695	499	5.2772	M 0 -1 C 0.5 -0.5 0.3 0.2 0.8 1 L 0 0.6 L -0.8 1 C -0.3 0.2 -0.5 -0.5 0 -1 Z	0.9676	G0	0		35.08	2.1374	False	True	0	0.0	0.00	0.00
2147	-1	0	Neuron	299	648	4.5726	M 0 -1 C 0.5 -0.5 0.3 0.2 0.8 1 L 0 0.6 L -0.8 1 C -0.3 0.2 -0.5 -0.5 0 -1 Z	1.1167	G0	0		35.16	2.2116	False	True	0	0.0	0.00	0.00
2148	-1	0	Neuron	580	791	4.5579	M 0 -1 C 0.5 -0.5 0.3 0.2 0.8 1 L 0 0.6 L -0.8 1 C -0.3 0.2 -0.5 -0.5 0 -1 Z	0.9295	G0	0		34.74	2.2824	False	True	0	0.0	0.00	0.00
2149	-1	0	Neuron	336	935	1.2276	M 0 -1 C 0.5 -0.5 0.3 0.2 0.8 1 L 0 0.6 L -0.8 1 C -0.3 0.2 -0.5 -0.5 0 -1 Z	0.6091	G0	0		35.00	3.1181	False	True	0	0.0	0.00	0.00
2150	-1	0	Neuron	577	49	4.3889	M 0 -1 C 0.5 -0.5 0.3 0.2 0.8 1 L 0 0.6 L -0.8 1 C -0.3 0.2 -0.5 -0.5 0 -1 Z	1.1796	G0	0		35.94	3.6037	False	True	0	0.0	0.00	0.00
2151	-1	0	Neuron	441	919	5.0283	M 0 -1 C 0.5 -0.5 0.3 0.2 0.8 1 L 0 0.6 L -0.8 1 C -0.3 0.2 -0.5 -0.5 0 -1 Z	1.0690	G0	0		36.52	3.7564	False	True	0	0.0	0.00	0.00
2152	-1	0	Neuron	646	801	3.4797	M 0 -1 C 0.5 -0.5 0.3 0.2 0.8 1 L 0 0.6 L -0.8 1 C -0.3 0.2 -0.5 -0.5 0 -1 Z	1.1057	G0	0		35.48	2.7436	False	True	0	0.0	0.00	0.00
2153	-1	0	Neuron	263	438	1.7756	M 0 -1 C 0.5 -0.5 0.3 0.2 0.8 1 L 0 0.6 L -0.8 1 C -0.3 0.2 -0.5 -0.5 0 -1 Z	0.7109	G0	0		35.25	2.3548	False	True	0	0.0	0.00	0.00
2154	-1	0	Neuron	764	346	3.8002	M 0 -1 C 0.5 -0.5 0.3 0.2 0.8 1 L 0 0.6 L -0.8 1 C -0.3 0.2 -0.5 -0.5 0 -1 Z	1.2556	G0	0		34.67	2.2200	False	True	0	0.0	0.00	0.00
2155	-1	0	Neuron	212	145	3.2222	M 0 -1 C 0.5 -0.5 0.3 0.2 0.8 1 L 0 0.6 L -0.8 1 C -0.3 0.2 -0.5 -0.5 0 -1 Z	0.6666	G0	0		35.45	3.1279	False	True	0	0.0	0.00	0.00
2156	-1	0	Neuron	863	629	2.1663	M 0 -1 C 0.5 -0.5 0.3 0.2 0.8 1 L 0 0.6 L -0.8 1 C -0.3 0.2 -0.5 -0.5 0 -1 Z	1.2854	G0	0		35.92	3.1921	False	True	0	0.0	0.00	0.00
2157	-1	0	Neuron	208	166	4.3355	M 0 -1 C 0.5 -0.5 0.3 0.2 0.8 1 L 0 0.6 L -0.8 1 C -0.3 0.2 -0.5 -0.5 0 -1 Z	1.3459	G0	0		35.61	3.1511	False	True	0	0.0	0.00	0.00
2158	-1	0	Neuron	538	199	3.9302	M 0 -1 C 0.5 -0.5 0.3 0.2 0.8 1 L 0 0.6 L -0.8 1 C -0.3 0.2 -0.5 -0.5 0 -1 Z	1.0428	G0	0		35.90	2.8885	False	True	0	0.0	0.00	0.00
2159	-1	0	Neuron	538	286	4.7458	M 0 -1 C 0.5 -0.5 0.3 0.2 0.8 1 L 0 0.6 L -0.8 1 C -0.3 0.2 -0.5 -0.5 0 -1 Z	0.9855	G0	0		34.71	1.9599	False	True	0	0.0	0.00	0.00
2160	-1	0	Neuron	401	121	3.9205	M 0 -1 C 0.5 -0.5 0.3 0.2 0.8 1 L 0 0.6 L -0.8 1 C -0.3 0.2 -0.5 -0.5 0 -1 Z	1.5314	G0	0		36.24	3.3945	False	True	0	0.0	0.00	0.00
2161	-1	0	Neuron	920	195	0.7161	M 0 -1 C 0.5 -0.5 0.3 0.2 0.8 1 L 0 0.6 L -0.8 1 C -0.3 0.2 -0.5 -0.5 0 -1 Z	1.4081	G0	0		36.23	3.7584	False	True	0	0.0	0.00	0.00
2162	-1	0	Neuron	895	156	2.8145	M 0 -1 C 0.5 -0.5 0.3 0.2 0.8 1 L 0 0.6 L -0.8 1 C -0.3 0.2 -0.5 -0.5 0 -1 Z	1.2473	G0	0		35.00	3.1124	False	True	0	0.0	0.00	0.00
2163	-1	0	Neuron	31	158	3.7266	M 0 -1 C 0.5 -0.5 0.3 0.2 0.8 1 L 0 0.6 L -0.8 1 C -0.3 0.2 -0.5 -0.5 0 -1 Z	1.0198	G0	0		36.51	4.1212	False	True	0	0.0	0.00	0.00
2164	-1	0	Neuron	634	292	6.1156	M 0 -1 C 0.5 -0.5 0.3 0.2 0.8 1 L 0 0.6 L -0.8 1 C -0.3 0.2 -0.5 -0.5 0 -1 Z	0.8301	G0	0		35.09	2.2638	False	True	0	0.0	0.00	0.00
2165	-1	0	Neuron	604	237	5.3529	M 0 -1 C 0.5 -0.5 0.3 0.2 0.8 1 L 0 0.6 L -0.8 1 C -0.3 0.2 -0.5 -0.5 0 -1 Z	0.8454	G0	0		34.86	2.2679	False	True	0	0.0	0.00	0.00
2166	-1	0	Neuron	416	784	4.9236	M 0 -1 C 0.5 -0.5 0.3 0.2 0.8 1 L 0 0.6 L -0.8 1 C -0.3 0.2 -0.5 -0.5 0 -1 Z	0.8139	G0	0		34.41	2.0944	False	True	0	0.0	0.00	0.00
2167	-1	0	Neuron	805	115	0.8643	M 0 -1 C 0.5 -0.5 0.3 0.2 0.8 1 L 0 0.6 L -0.8 1 C -0.3 0.2 -0.5 -0.5 0 -1 Z	1.0430	G0	0		34.63	2.8323	False	True	0	0.0	0.00	0.00
2168	-1	0	Neuron	912	163	4.1190	M 0 -1 C 0.5 -0.5 0.3 0.2 0.8 1 L 0 0.6 L -0.8 1 C -0.3 0.2 -0.5 -0.5 0 -1 Z	1.1083	G0	0		36.06	3.6842	False	True	0	0.0	0.00	0.00
2169	-1	0	Neuron	169	540	3.8193	M 0 -1 C 0.5 -0.5 0.3 0.2 0.8 1 L 0 0.6 L -0.8 1 C -0.3 0.2 -0.5 -0.5 0 -1 Z	0.9737	G0	0		36.32	3.2222	False	True	0	0.0	0.00	0.00
2170	-1	0	Neuron	948	183	5.9305	M 0 -1 C 0.5 -0.5 0.3 0.2 0.8 1 L 0 0.6 L -0.8 1 C -0.3 0.2 -0.5 -0.5 0 -1 Z	0.8046	G0	0		36.00	3.7535	False	True	0	0.0	0.00	0.00
2171	-1	0	Neuron	161	783	0.3286	M 0 -1 C 0.5 -0.5 0.3 0.2 0.8 1 L 0 0.6 L -0.8 1 C -0.3 0.2 -0.5 -0.5 0 -1 Z	1.0430	G0	0		36.09	3.3540	False	True	0	0.0	0.00	0.00
2172	-1	0	Neuron	725	605	1.2597	M 0 -1 C 0.5 -0.5 0.3 0.2 0.8 1 L 0 0.6 L -0.8 1 C -0.3 0.2 -0.5 -0.5 0 -1 Z	1.3043	G0	0		33.98	1.7154	False	True	0	0.0	0.00	0.00
2173	-1	0	Neuron	754	19	0.5246	M 0 -1 C 0.5 -0.5 0.3 0.2 0.8 1 L 0 0.6 L -0.8 1 C -0.3 0.2 -0.5 -0.5 0 -1 Z	1.2554	G0	0		36.27	4.0417	False	True	0	0.0	0.00	0.00
2174	-1	0	Neuron	566	420	6.0604	M 0 -1 C 0.5 -0.5 0.3 0.2 0.8 1 L 0 0.6 L -0.8 1 C -0.3 0.2 -0.5 -0.5 0 -1 Z	1.0851	G0	0		35.40	2.1425	False	True	0	0.0	0.00	0.00
2175	-1	0	Neuron	200	657	3.0632	M 0 -1 C 0.5 -0.5 0.3 0.2 0.8 1 L 0 0.6 L -0.8 1 C -0.3 0.2 -0.5 -0.5 0 -1 Z	1.1417	G0	0		35.88	2.9363	False	True	0	0.0	0.00	0.00
2176	-1	0	Neuron	726	324	1.6770	M 0 -1 C 0.5 -0.5 0.3 0.2 0.8 1 L 0 0.6 L -0.8 1 C -0.3 0.2 -0.5 -0.5 0 -1 Z	0.8263	G0	0		34.54	2.0752	False	True	0	0.0	0.00	0.00
2177	-1	0	Neuron	591	438	0.6642	M 0 -1 C 0.5 -0.5 0.3 0.2 0.8 1 L 0 0.6 L -0.8 1 C -0.3 0.2 -0.5 -0.5 0 -1 Z	0.9869	G0	0		35.49	2.1912	False	True	0	0.0	0.00	0.00
2178	-1	0	Neuron	403	391	1.5695	M 0 -1 C 0.5 -0.5 0.3 0.2 0.8 1 L 0 0.6 L -0.8 1 C -0.3 0.2 -0.5 -0.5 0 -1 Z	1.2430	G0	0		34.77	1.7857	False	True	0	0.0	0.00	0.00
2179	-1	0	Neuron	906	937	0.0541	M 0 -1 C 0.5 -0.5 0.3 0.2 0.8 1 L 0 0.6 L -0.8 1 C -0.3 0.2 -0.5 -0.5 0 -1 Z	1.1383	G0	0		35.72	3.6938	False	True	0	0.0	0.00	0.00
2180	-1	0	Neuron	940	787	1.7449	M 0 -1 C 0.5 -0.5 0.3 0.2 0.8 1 L 0 0.6 L -0.8 1 C -0.3 0.2 -0.5 -0.5 0 -1 Z	0.9573	G0	0		36.58	4.0074	False	True	0	0.0	0.00	0.00
2181	-1	0	Neuron	416	115	2.4700	M 0 -1 C 0.5 -0.5 0.3 0.2 0.8 1 L 0 0.6 L -0.8 1 C -0.3 0.2 -0.5 -0.5 0 -1 Z	1.2494	G0	0		34.72	2.6732	False	True	0	0.0	0.00	0.00
2182	-1	0	Neuron	347	573	0.7504	M 0 -1 C 0.5 -0.5 0.3 0.2 0.8 1 L 0 0.6 L -0.8 1 C -0.3 0.2 -0.5 -0.5 0 -1 Z	0.9902	G0	0		34.87	1.9729	False	True	0	0.0	0.00	0.00
2183	-1	0	Neuron	464	420	6.0968	M 0 -1 C 0.5 -0.5 0.3 0.2 0.8 1 L 0 0.6 L -0.8 1 C -0.3 0.2 -0.5 -0.5 0 -1 Z	0.5148	G0	0		35.39	2.1186	False	True	0	0.0	0.00	0.00
2184	-1	0	Neuron	663	303	1.9371	M 0 -1 C 0.5 -0.5 0.3 0.2 0.8 1 L 0 0.6 L -0.8 1 C -0.3 0.2 -0.5 -0.5 0 -1 Z	0.8969	G0	0		35.08	2.2746	False	True	0	0.0	0.00	0.00
2185	-1	0	Neuron	319	507	5.4685	M 0 -1 C 0.5 -0.5 0.3 0.2 0.8 1 L 0 0.6 L -0.8 1 C -0.3 0.2 -0.5 -0.5 0 -1 Z	1.1084	G0	0		35.04	2.0358	False	True	0	0.0	0.00	0.00
2186	-1	0	Neuron	546	762	3.4191	M 0 -1 C 0.5 -0.5 0.3 0.2 0.8 1 L 0 0.6 L -0.8 1 C -0.3 0.2 -0.5 -0.5 0 -1 Z	1.0505	G0	0		35.01	2.2901	False	True	0	0.0	0.00	0.00
2187	-1	0	Neuron	430	772	1.3458	M 0 -1 C 0.5 -0.5 0.3 0.2 0.8 1 L 0 0.6 L -0.8 1 C -0.3 0.2 -0.5 -0.5 0 -1 Z	1.2721	G0	0		35.84	2.7287	False	True	0	0.0	0.00	0.00
2188	-1	0	Neuron	795	765	4.0203	M 0 -1 C 0.5 -0.5 0.3 0.2 0.8 1 L 0 0.6 L -0.8 1 C -0.3 0.2 -0.5 -0.5 0 -1 Z	0.8367	G0	0		34.35	2.3444	False	True	0	0.0	0.00	0.00
2189	-1	0	Neuron	476	698	4.3036	M 0 -1 C 0.5 -0.5 0.3 0.2 0.8 1 L 0 0.6 L -0.8 1 C -0.3 0.2 -0.5 -0.5 0 -1 Z	1.1289	G0	0		35.00	2.1093	False	True	0	0.0	0.00	0.00
2190	-1	0	Neuron	117	103	1.0286	M 0 -1 C 0.5 -0.5 0.3 0.2 0.8 1 L 0 0.6 L -0.8 1 C -0.3 0.2 -0.5 -0.5 0 -1 Z	1.3020	G0	0		35.82	3.6076	False	True	0	0.0	0.00	0.00
2191	-1	0	Neuron	402	337	5.2275	M 0 -1 C 0.5 -0.5 0.3 0.2 0.8 1 L 0 0.6 L -0.8 1 C -0.3 0.2 -0.5 -0.5 0 -1 Z	1.1960	G0	0		35.01	2.0564	False	True	0	0.0	0.00	0.00
2192	-1	0	Neuron	624	738	0.3189	M 0 -1 C 0.5 -0.5 0.3 0.2 0.8 1 L 0 0.6 L -0.8 1 C -0.3 0.2 -0.5 -0.5 0 -1 Z	1.0888	G0	0		35.05	2.3107	False	True	0	0.0	0.00	0.00
2193	-1	0	Neuron	148	411	1.2542	M 0 -1 C 0.5 -0.5 0.3 0.2 0.8 1 L 0 0.6 L -0.8 1 C -0.3 0.2 -0.5 -0.5 0 -1 Z	0.8529	G0	0		36.10	3.2295	False	True	0	0.0	0.00	0.00
2194	-1	0	Neuron	790	120	5.6269	M 0 -1 C 0.5 -0.5 0.3 0.2 0.8 1 L 0 0.6 L -0.8 1 C -0.3 0.2 -0.5 -0.5 0 -1 Z	0.6513	G0	0		36.09	3.5221	False	True	0	0.0	0.00	0.00
2195	-1	0	Neuron	178	697	2.3429	M 0 -1 C 0.5 -0.5 0.3 0.2 0.8 1 L 0 0.6 L -0.8 1 C -0.3 0.2 -0.5 -0.5 0 -1 Z	1.3169	G0	0		35.43	2.8168	False	True	0	0.0	0.00	0.00
2196	-1	0	Neuron	892	887	4.7560	M 0 -1 C 0.5 -0.5 0.3 0.2 0.8 1 L 0 0.6 L -0.8 1 C -0.3 0.2 -0.5 -0.5 0 -1 Z	1.2155	G0	0		35.84	3.5741	False	True	0	0.0	0.00	0.00
2197	-1	0	Neuron	423	417	2.5464	M 0 -1 C 0.5 -0.5 0.3 0.2 0.8 1 L 0 0.6 L -0.8 1 C -0.3 0.2 -0.5 -0.5 0 -1 Z	0.8561	G0	0		34.84	1.8730	False	True	0	0.0	0.00	0.00
2198	-1	0	Neuron	547	541	5.2553	M 0 -1 C 0.5 -0.5 0.3 0.2 0.8 1 L 0 0.6 L -0.8 1 C -0.3 0.2 -0.5 -0.5 0 -1 Z	0.7524	G0	0		35.14	1.9529	False	True	0	0.0	0.00	0.00
2199	-1	0	Neuron	574	390	3.5585	M 0 -1 C 0.5 -0.5 0.3 0.2 0.8 1 L 0 0.6 L -0.8 1 C -0.3 0.2 -0.5 -0.5 0 -1 Z	1.3673	G0	0		35.38	2.1619	False	True	0	0.0	0.00	0.00
2200	-1	0	Neuron	316	593	6.1158	M 0 -1 C 0.5 -0.5 0.3 0.2 0.8 1 L 0 0.6 L -0.8 1 C -0.3 0.2 -0.5 -0.5 0 -1 Z	0.9750	G0	0		34.74	1.9908	False	True	0	0.0	0.00	0.00
2201	-1	0	Neuron	564	88	2.8130	M 0 -1 C 0.5 -0.5 0.3 0.2 0.8 1 L 0 0.6 L -0.8 1 C -0.3 0.2 -0.5 -0.5 0 -1 Z	1.1202	G0	0		35.69	3.3076	False	True	0	0.0	0.00	0.00
2202	-1	0	Neuron	539	662	6.1741	M 0 -1 C 0.5 -0.5 0.3 0.2 0.8 1 L 0 0.6 L -0.8 1 C -0.3 0.2 -0.5 -0.5 0 -1 Z	1.0327	G0	0		35.46	2.2564	False	True	0	0.0	0.00	0.00
2203	-1	0	Neuron	503	613	5.2421	M 0 -1 C 0.5 -0.5 0.3 0.2 0.8 1 L 0 0.6 L -0.8 1 C -0.3 0.2 -0.5 -0.5 0 -1 Z	0.6595	G0	0		34.11	1.4504	False	True	0	0.0	0.00	0.00
2204	-1	0	Neuron	195	303	4.2790	M 0 -1 C 0.5 -0.5 0.3 0.2 0.8 1 L 0 0.6 L -0.8 1 C -0.3 0.2 -0.5 -0.5 0 -1 Z	1.0152	G0	0		34.90	2.5343	False	True	0	0.0	0.00	0.00
2205	-1	0	Neuron	708	148	1.8496	M 0 -1 C 0.5 -0.5 0.3 0.2 0.8 1 L 0 0.6 L -0.8 1 C -0.3 0.2 -0.5 -0.5 0 -1 Z	0.9697	G0	0		35.84	3.1601	False	True	0	0.0	0.00	0.00
2206	-1	0	Neuron	934	917	0.5877	M 0 -1 C 0.5 -0.5 0.3 0.2 0.8 1 L 0 0.6 L -0.8 1 C -0.3 0.2 -0.5 -0.5 0 -1 Z	0.7800	G0	0		35.66	3.6777	False	True	0	0.0	0.00	0.00
2207	-1	0	Neuron	849	25	6.0739	M 0 -1 C 0.5 -0.5 0.3 0.2 0.8 1 L 0 0.6 L -0.8 1 C -0.3 0.2 -0.5 -0.5 0 -1 Z	0.8762	G0	0		35.84	3.7810	False	True	0	0.0	0.00	0.00
2208	-1	0	Neuron	954	577	0.1580	M 0 -1 C 0.5 -0.5 0.3 0.2 0.8 1 L 0 0.6 L -0.8 1 C -0.3 0.2 -0.5 -0.5 0 -1 Z	1.0210	G0	0		35.61	3.5211	False	True	0	0.0	0.00	0.00
2209	-1	0	Neuron	422	401	1.0818	M 0 -1 C 0.5 -0.5 0.3 0.2 0.8 1 L 0 0.6 L -0.8 1 C -0.3 0.2 -0.5 -0.5 0 -1 Z	1.0464	G0	0		35.32	2.0926	False	True	0	0.0	0.00	0.00
2210	-1	0	Neuron	311	18	5.4269	M 0 -1 C 0.5 -0.5 0.3 0.2 0.8 1 L 0 0.6 L -0.8 1 C -0.3 0.2 -0.5 -0.5 0 -1 Z	1.0798	G0	0		36.68	4.2524	False	True	0	0.0	0.00	0.00
2211	-1	0	Neuron	933	591	6.1204	M 0 -1 C 0.5 -0.5 0.3 0.2 0.8 1 L 0 0.6 L -0.8 1 C -0.3 0.2 -0.5 -0.5 0 -1 Z	1.0373	G0	0		35.83	3.4323	False	True	0	0.0	0.00	0.00
2212	-1	0	Neuron	87	319	4.1200	M 0 -1 C 0.5 -0.5 0.3 0.2 0.8 1 L 0 0.6 L -0.8 1 C -0.3 0.2 -0.5 -0.5 0 -1 Z	0.9596	G0	0		36.20	3.6239	False	True	0	0.0	0.00	0.00
2213	-1	0	Neuron	910	475	5.3010	M 0 -1 C 0.5 -0.5 0.3 0.2 0.8 1 L 0 0.6 L -0.8 1 C -0.3 0.2 -0.5 -0.5 0 -1 Z	1.0549	G0	0		36.04	3.4595	False	True	0	0.0	0.00	0.00
2214	-1	0	Neuron	795	803	1.7783	M 0 -1 C 0.5 -0.5 0.3 0.2 0.8 1 L 0 0.6 L -0.8 1 C -0.3 0.2 -0.5 -0.5 0 -1 Z	1.0962	G0	0		34.78	2.6072	False	True	0	0.0	0.00	0.00
2215	-1	0	Neuron	418	511	1.7612	M 0 -1 C 0.5 -0.5 0.3 0.2 0.8 1 L 0 0.6 L -0.8 1 C -0.3 0.2 -0.5 -0.5 0 -1 Z	1.2262	G0	0		35.48	2.1631	False	True	0	0.0	0.00	0.00
2216	-1	0	Neuron	180	573	4.8610	M 0 -1 C 0.5 -0.5 0.3 0.2 0.8 1 L 0 0.6 L -0.8 1 C -0.3 0.2 -0.5 -0.5 0 -1 Z	1.0807	G0	0		35.89	2.9412	False	True	0	0.0	0.00	0.00
2217	-1	0	Neuron	933	764	4.4533	M 0 -1 C 0.5 -0.5 0.3 0.2 0.8 1 L 0 0.6 L -0.8 1 C -0.3 0.2 -0.5 -0.5 0 -1 Z	1.1681	G0	0		35.58	3.4555	False	True	0	0.0	0.00	0.00
2218	-1	0	Neuron	923	889	3.8020	M 0 -1 C 0.5 -0.5 0.3 0.2 0.8 1 L 0 0.6 L -0.8 1 C -0.3 0.2 -0.5 -0.5 0 -1 Z	0.9616	G0	0		36.00	3.7107	False	True	0	0.0	0.00	0.00
2219	-1	0	Neuron	406	22	3.4976	M 0 -1 C 0.5 -0.5 0.3 0.2 0.8 1 L 0 0.6 L -0.8 1 C -0.3 0.2 -0.5 -0.5 0 -1 Z	1.1213	G0	0		35.93	3.8311	False	True	0	0.0	0.00	0.00
2220	-1	0	Neuron	166	910	1.0175	M 0 -1 C 0.5 -0.5 0.3 0.2 0.8 1 L 0 0.6 L -0.8 1 C -0.3 0.2 -0.5 -0.5 0 -1 Z	0.8972	G0	0		36.32	3.7958	False	True	0	0.0	0.00	0.00
2221	-1	0	Neuron	27	403	3.5771	M 0 -1 C 0.5 -0.5 0.3 0.2 0.8 1 L 0 0.6 L -0.8 1 C -0.3 0.2 -0.5 -0.5 0 -1 Z	1.1133	G0	0		35.96	3.8295	False	True	0	0.0	0.00	0.00
2222	-1	0	Neuron	937	514	3.3226	M 0 -1 C 0.5 -0.5 0.3 0.2 0.8 1 L 0 0.6 L -0.8 1 C -0.3 0.2 -0.5 -0.5 0 -1 Z	1.1256	G0	0		35.52	3.3599	False	True	0	0.0	0.00	0.00
2223	-1	0	Neuron	169	989	3.8799	M 0 -1 C 0.5 -0.5 0.3 0.2 0.8 1 L 0 0.6 L -0.8 1 C -0.3 0.2 -0.5 -0.5 0 -1 Z	1.0959	G0	0		36.79	4.3488	False	True	0	0.0	0.00	0.00
2224	-1	0	Neuron	549	731	0.8557	M 0 -1 C 0.5 -0.5 0.3 0.2 0.8 1 L 0 0.6 L -0.8 1 C -0.3 0.2 -0.5 -0.5 0 -1 Z	1.1394	G0	0		35.89	2.6506	False	True	0	0.0	0.00	0.00
2225	-1	0	Neuron	690	942	4.0341	M 0 -1 C 0.5 -0.5 0.3 0.2 0.8 1 L 0 0.6 L -0.8 1 C -0.3 0.2 -0.5 -0.5 0 -1 Z	0.9527	G0	0		36.18	3.6779	False	True	0	0.0	0.00	0.00
2226	-1	0	Neuron	202	963	1.4494	M 0 -1 C 0.5 -0.5 0.3 0.2 0.8 1 L 0 0.6 L -0.8 1 C -0.3 0.2 -0.5 -0.5 0 -1 Z	0.7623	G0	0		36.03	3.8194	False	True	0	0.0	0.00	0.00
2227	-1	0	Neuron	923	253	1.6152	M 0 -1 C 0.5 -0.5 0.3 0.2 0.8 1 L 0 0.6 L -0.8 1 C -0.3 0.2 -0.5 -0.5 0 -1 Z	1.2551	G0	0		35.62	3.4030	False	True	0	0.0	0.00	0.00
2228	-1	0	Neuron	939	570	6.1209	M 0 -1 C 0.5 -0.5 0.3 0.2 0.8 1 L 0 0.6 L -0.8 1 C -0.3 0.2 -0.5 -0.5 0 -1 Z	0.6893	G0	0		36.75	3.9835	False	True	0	0.0	0.00	0.00
2229	-1	0	Neuron	738	734	4.0819	M 0 -1 C 0.5 -0.5 0.3 0.2 0.8 1 L 0 0.6 L -0.8 1 C -0.3 0.2 -0.5 -0.5 0 -1 Z	0.6793	G0	0		35.26	2.5890	False	True	0	0.0	0.00	0.00
2230	-1	0	Neuron	785	796	4.6308	M 0 -1 C 0.5 -0.5 0.3 0.2 0.8 1 L 0 0.6 L -0.8 1 C -0.3 0.2 -0.5 -0.5 0 -1 Z	1.1676	G0	0		34.57	2.4792	False	True	0	0.0	0.00	0.00
2231	-1	0	Neuron	152	901	1.5320	M 0 -1 C 0.5 -0.5 0.3 0.2 0.8 1 L 0 0.6 L -0.8 1 C -0.3 0.2 -0.5 -0.5 0 -1 Z	1.3423	G0	0		36.32	3.7763	False	True	0	0.0	0.00	0.00
2232	-1	0	Neuron	867	179	2.3117	M 0 -1 C 0.5 -0.5 0.3 0.2 0.8 1 L 0 0.6 L -0.8 1 C -0.3 0.2 -0.5 -0.5 0 -1 Z	1.0185	G0	0		35.80	3.3851	False	True	0	0.0	0.00	0.00
2233	-1	0	Neuron	252	908	4.9891	M 0 -1 C 0.5 -0.5 0.3 0.2 0.8 1 L 0 0.6 L -0.8 1 C -0.3 0.2 -0.5 -0.5 0 -1 Z	0.8971	G0	0		35.80	3.3747	False	True	0	0.0	0.00	0.00
2234	-1	0	Neuron	934	939	5.9741	M 0 -1 C 0.5 -0.5 0.3 0.2 0.8 1 L 0 0.6 L -0.8 1 C -0.3 0.2 -0.5 -0.5 0 -1 Z	1.0587	G0	0		36.29	4.0306	False	True	0	0.0	0.00	0.00
2235	-1	0	Neuron	32	632	0.9853	M 0 -1 C 0.5 -0.5 0.3 0.2 0.8 1 L 0 0.6 L -0.8 1 C -0.3 0.2 -0.5 -0.5 0 -1 Z	1.2768	G0	0		36.34	3.9762	False	True	0	0.0	0.00	0.00
2236	-1	0	Neuron	841	583	2.7515	M 0 -1 C 0.5 -0.5 0.3 0.2 0.8 1 L 0 0.6 L -0.8 1 C -0.3 0.2 -0.5 -0.5 0 -1 Z	0.9808	G0	0		35.85	3.0334	False	True	0	0.0	0.00	0.00
2237	-1	0	Neuron	52	387	0.4837	M 0 -1 C 0.5 -0.5 0.3 0.2 0.8 1 L 0 0.6 L -0.8 1 C -0.3 0.2 -0.5 -0.5 0 -1 Z	1.0897	G0	0		36.05	3.7116	False	True	0	0.0	0.00	0.00
2238	-1	0	Neuron	59	207	4.1607	M 0 -1 C 0.5 -0.5 0.3 0.2 0.8 1 L 0 0.6 L -0.8 1 C -0.3 0.2 -0.5 -0.5 0 -1 Z	0.7713	G0	0		35.79	3.5384	False	True	0	0.0	0.00	0.00
2239	-1	0	Neuron	740	650	0.9708	M 0 -1 C 0.5 -0.5 0.3 0.2 0.8 1 L 0 0.6 L -0.8 1 C -0.3 0.2 -0.5 -0.5 0 -1 Z	1.1264	G0	0		36.16	2.8788	False	True	0	0.0	0.00	0.00
2240	-1	0	Neuron	265	699	0.7228	M 0 -1 C 0.5 -0.5 0.3 0.2 0.8 1 L 0 0.6 L -0.8 1 C -0.3 0.2 -0.5 -0.5 0 -1 Z	0.6673	G0	0		34.78	2.1805	False	True	0	0.0	0.00	0.00
2241	-1	0	Neuron	184	864	3.7765	M 0 -1 C 0.5 -0.5 0.3 0.2 0.8 1 L 0 0.6 L -0.8 1 C -0.3 0.2 -0.5 -0.5 0 -1 Z	1.1311	G0	0		35.16	3.0466	False	True	0	0.0	0.00	0.00
2242	-1	0	Neuron	722	640	0.3097	M 0 -1 C 0.5 -0.5 0.3 0.2 0.8 1 L 0 0.6 L -0.8 1 C -0.3 0.2 -0.5 -0.5 0 -1 Z	1.2047	G0	0		35.14	2.1941	False	True	0	0.0	0.00	0.00
2243	-1	0	Neuron	897	260	3.1960	M 0 -1 C 0.5 -0.5 0.3 0.2 0.8 1 L 0 0.6 L -0.8 1 C -0.3 0.2 -0.5 -0.5 0 -1 Z	1.2386	G0	0		36.21	3.5489	False	True	0	0.0	0.00	0.00
2244	-1	0	Neuron	634	462	1.6356	M 0 -1 C 0.5 -0.5 0.3 0.2 0.8 1 L 0 0.6 L -0.8 1 C -0.3 0.2 -0.5 -0.5 0 -1 Z	1.2403	G0	0		34.31	1.5417	False	True	0	0.0	0.00	0.00
2245	-1	0	Neuron	461	22	5.9613	M 0 -1 C 0.5 -0.5 0.3 0.2 0.8 1 L 0 0.6 L -0.8 1 C -0.3 0.2 -0.5 -0.5 0 -1 Z	1.1418	G0	0		36.28	4.0182	False	True	0	0.0	0.00	0.00
2246	-1	0	Neuron	641	415	1.3067	M 0 -1 C 0.5 -0.5 0.3 0.2 0.8 1 L 0 0.6 L -0.8 1 C -0.3 0.2 -0.5 -0.5 0 -1 Z	0.7345	G0	0		35.02	2.0443	False	True	0	0.0	0.00	0.00
2247	-1	0	Neuron	127	655	2.6745	M 0 -1 C 0.5 -0.5 0.3 0.2 0.8 1 L 0 0.6 L -0.8 1 C -0.3 0.2 -0.5 -0.5 0 -1 Z	0.7941	G0	0		34.90	2.7188	False	True	0	0.0	0.00	0.00
2248	-1	0	Neuron	915	846	2.8706	M 0 -1 C 0.5 -0.5 0.3 0.2 0.8 1 L 0 0.6 L -0.8 1 C -0.3 0.2 -0.5 -0.5 0 -1 Z	1.0772	G0	0		35.06	3.2112	False	True	0	0.0	0.00	0.00
2249	-1	0	Neuron	595	248	2.1966	M 0 -1 C 0.5 -0.5 0.3 0.2 0.8 1 L 0 0.6 L -0.8 1 C -0.3 0.2 -0.5 -0.5 0 -1 Z	1.1430	G0	0		34.95	2.2700	False	True	0	0.0	0.00	0.00
2250	-1	0	Neuron	881	455	4.5803	M 0 -1 C 0.5 -0.5 0.3 0.2 0.8 1 L 0 0.6 L -0.8 1 C -0.3 0.2 -0.5 -0.5 0 -1 Z	1.0032	G0	0		35.62	3.0926	False	True	0	0.0	0.00	0.00
2251	-1	0	Neuron	689	193	4.8813	M 0 -1 C 0.5 -0.5 0.3 0.2 0.8 1 L 0 0.6 L -0.8 1 C -0.3 0.2 -0.5 -0.5 0 -1 Z	0.6734	G0	0		35.76	2.9409	False	True	0	0.0	0.00	0.00
2252	-1	0	Neuron	251	730	1.6119	M 0 -1 C 0.5 -0.5 0.3 0.2 0.8 1 L 0 0.6 L -0.8 1 C -0.3 0.2 -0.5 -0.5 0 -1 Z	0.9547	G0	0		35.39	2.6703	False	True	0	0.0	0.00	0.00
2253	-1	0	Neuron	505	568	0.2220	M 0 -1 C 0.5 -0.5 0.3 0.2 0.8 1 L 0 0.6 L -0.8 1 C -0.3 0.2 -0.5 -0.5 0 -1 Z	0.9765	G0	0		34.53	1.6618	False	True	0	0.0	0.00	0.00
2254	-1	0	Neuron	330	581	2.2526	M 0 -1 C 0.5 -0.5 0.3 0.2 0.8 1 L 0 0.6 L -0.8 1 C -0.3 0.2 -0.5 -0.5 0 -1 Z	1.0552	G0	0		35.97	2.5674	False	True	0	0.0	0.00	0.00
2255	-1	0	Neuron	120	425	1.3195	M 0 -1 C 0.5 -0.5 0.3 0.2 0.8 1 L 0 0.6 L -0.8 1 C -0.3 0.2 -0.5 -0.5 0 -1 Z	0.9511	G0	0		35.96	3.2879	False	True	0	0.0	0.00	0.00
2256	-1	0	Neuron	478	146	0.2442	M 0 -1 C 0.5 -0.5 0.3 0.2 0.8 1 L 0 0.6 L -0.8 1 C -0.3 0.2 -0.5 -0.5 0 -1 Z	1.0070	G0	0		35.04	2.6051	False	True	0	0.0	0.00	0.00
2257	-1	0	Neuron	421	181	0.8247	M 0 -1 C 0.5 -0.5 0.3 0.2 0.8 1 L 0 0.6 L -0.8 1 C -0.3 0.2 -0.5 -0.5 0 -1 Z	0.7746	G0	0		35.54	2.6879	False	True	0	0.0	0.00	0.00
2258	-1	0	Neuron	711	388	1.2254	M 0 -1 C 0.5 -0.5 0.3 0.2 0.8 1 L 0 0.6 L -0.8 1 C -0.3 0.2 -0.5 -0.5 0 -1 Z	0.9363	G0	0		35.70	2.5497	False	True	0	0.0	0.00	0.00
2259	-1	0	Neuron	506	442	2.2570	M 0 -1 C 0.5 -0.5 0.3 0.2 0.8 1 L 0 0.6 L -0.8 1 C -0.3 0.2 -0.5 -0.5 0 -1 Z	0.8922	G0	0		34.81	1.8027	False	True	0	0.0	0.00	0.00
2260	-1	0	Neuron	278	749	4.9321	M 0 -1 C 0.5 -0.5 0.3 0.2 0.8 1 L 0 0.6 L -0.8 1 C -0.3 0.2 -0.5 -0.5 0 -1 Z	1.1463	G0	0		35.91	2.9110	False	True	0	0.0	0.00	0.00
2261	-1	0	Neuron	18	723	4.5520	M 0 -1 C 0.5 -0.5 0.3 0.2 0.8 1 L 0 0.6 L -0.8 1 C -0.3 0.2 -0.5 -0.5 0 -1 Z	1.0651	G0	0		35.84	3.8380	False	True	0	0.0	0.00	0.00
2262	-1	0	Neuron	656	726	5.3821	M 0 -1 C 0.5 -0.5 0.3 0.2 0.8 1 L 0 0.6 L -0.8 1 C -0.3 0.2 -0.5 -0.5 0 -1 Z	1.1712	G0	0		34.48	2.0129	False	True	0	0.0	0.00	0.00
2263	-1	0	Neuron	403	786	2.6007	M 0 -1 C 0.5 -0.5 0.3 0.2 0.8 1 L 0 0.6 L -0.8 1 C -0.3 0.2 -0.5 -0.5 0 -1 Z	1.2974	G0	0		34.97	2.3882	False	True	0	0.0	0.00	0.00
2264	-1	0	Neuron	544	212	1.4956	M 0 -1 C 0.5 -0.5 0.3 0.2 0.8 1 L 0 0.6 L -0.8 1 C -0.3 0.2 -0.5 -0.5 0 -1 Z	1.0193	G0	0		35.24	2.5102	False	True	0	0.0	0.00	0.00
2265	-1	0	Neuron	199	903	1.6960	M 0 -1 C 0.5 -0.5 0.3 0.2 0.8 1 L 0 0.6 L -0.8 1 C -0.3 0.2 -0.5 -0.5 0 -1 Z	0.7930	G0	0		36.23	3.6898	False	True	0	0.0	0.00	0.00
2266	-1	0	Neuron	400	738	6.1859	M 0 -1 C 0.5 -0.5 0.3 0.2 0.8 1 L 0 0.6 L -0.8 1 C -0.3 0.2 -0.5 -0.5 0 -1 Z	1.2019	G0	0		35.95	2.7337	False	True	0	0.0	0.00	0.00
2267	-1	0	Neuron	87	942	4.2678	M 0 -1 C 0.5 -0.5 0.3 0.2 0.8 1 L 0 0.6 L -0.8 1 C -0.3 0.2 -0.5 -0.5 0 -1 Z	0.8209	G0	0		35.93	3.7735	False	True	0	0.0	0.00	0.00
2268	-1	0	Neuron	110	89	2.8171	M 0 -1 C 0.5 -0.5 0.3 0.2 0.8 1 L 0 0.6 L -0.8 1 C -0.3 0.2 -0.5 -0.5 0 -1 Z	0.8568	G0	0		36.92	4.2167	False	True	0	0.0	0.00	0.00
2269	-1	0	Neuron	594	403	1.5846	M 0 -1 C 0.5 -0.5 0.3 0.2 0.8 1 L 0 0.6 L -0.8 1 C -0.3 0.2 -0.5 -0.5 0 -1 Z	0.6395	G0	0		34.08	1.5245	False	True	0	0.0	0.00	0.00
2270	-1	0	Neuron	812	796	2.0785	M 0 -1 C 0.5 -0.5 0.3 0.2 0.8 1 L 0 0.6 L -0.8 1 C -0.3 0.2 -0.5 -0.5 0 -1 Z	1.2457	G0	0		35.14	2.7868	False	True	0	0.0	0.00	0.00
2271	-1	0	Neuron	477	584	2.5689	M 0 -1 C 0.5 -0.5 0.3 0.2 0.8 1 L 0 0.6 L -0.8 1 C -0.3 0.2 -0.5 -0.5 0 -1 Z	1.0157	G0	0		34.51	1.6808	False	True	0	0.0	0.00	0.00
2272	-1	0	Neuron	598	941	1.3351	M 0 -1 C 0.5 -0.5 0.3 0.2 0.8 1 L 0 0.6 L -0.8 1 C -0.3 0.2 -0.5 -0.5 0 -1 Z	1.0045	G0	0		36.09	3.6838	False	True	0	0.0	0.00	0.00
2273	-1	0	Neuron	33	34	5.5319	M 0 -1 C 0.5 -0.5 0.3 0.2 0.8 1 L 0 0.6 L -0.8 1 C -0.3 0.2 -0.5 -0.5 0 -1 Z	0.8888	G0	0		35.82	3.8791	False	True	0	0.0	0.00	0.00
2274	-1	0	Neuron	953	590	5.4251	M 0 -1 C 0.5 -0.5 0.3 0.2 0.8 1 L 0 0.6 L -0.8 1 C -0.3 0.2 -0.5 -0.5 0 -1 Z	0.8100	G0	0		36.57	3.9943	False	True	0	0.0	0.00	0.00
2275	-1	0	Neuron	402	753	5.5276	M 0 -1 C 0.5 -0.5 0.3 0.2 0.8 1 L 0 0.6 L -0.8 1 C -0.3 0.2 -0.5 -0.5 0 -1 Z	0.2942	G0	0		35.36	2.4761	False	True	0	0.0	0.00	0.00
2276	-1	0	Neuron	637	56	1.1224	M 0 -1 C 0.5 -0.5 0.3 0.2 0.8 1 L 0 0.6 L -0.8 1 C -0.3 0.2 -0.5 -0.5 0 -1 Z	1.2618	G0	0		35.51	3.4048	False	True	0	0.0	0.00	0.00
2277	-1	0	Neuron	98	570	0.5128	M 0 -1 C 0.5 -0.5 0.3 0.2 0.8 1 L 0 0.6 L -0.8 1 C -0.3 0.2 -0.5 -0.5 0 -1 Z	0.9629	G0	0		36.08	3.3900	False	True	0	0.0	0.00	0.00
2278	-1	0	Neuron	566	285	4.3633	M 0 -1 C 0.5 -0.5 0.3 0.2 0.8 1 L 0 0.6 L -0.8 1 C -0.3 0.2 -0.5 -0.5 0 -1 Z	0.8503	G0	0		34.13	1.7193	False	True	0	0.0	0.00	0.00
2279	-1	0	Neuron	773	28	3.7164	M 0 -1 C 0.5 -0.5 0.3 0.2 0.8 1 L 0 0.6 L -0.8 1 C -0.3 0.2 -0.5 -0.5 0 -1 Z	1.1761	G0	0		36.00	3.8328	False	True	0	0.0	0.00	0.00
2280	-1	0	Neuron	594	182	0.9421	M 0 -1 C 0.5 -0.5 0.3 0.2 0.8 1 L 0 0.6 L -0.8 1 C -0.3 0.2 -0.5 -0.5 0 -1 Z	1.0999	G0	0		35.25	2.6420	False	True	0	0.0	0.00	0.00
2281	-1	0	Neuron	546	602	6.0114	M 0 -1 C 0.5 -0.5 0.3 0.2 0.8 1 L 0 0.6 L -0.8 1 C -0.3 0.2 -0.5 -0.5 0 -1 Z	0.9800	G0	0		34.87	1.8912	False	True	0	0.0	0.00	0.00
2282	-1	0	Neuron	190	324	2.4342	M 0 -1 C 0.5 -0.5 0.3 0.2 0.8 1 L 0 0.6 L -0.8 1 C -0.3 0.2 -0.5 -0.5 0 -1 Z	0.7608	G0	0		35.34	2.6438	False	True	0	0.0	0.00	0.00
2283	-1	0	Neuron	212	403	2.9718	M 0 -1 C 0.5 -0.5 0.3 0.2 0.8 1 L 0 0.6 L -0.8 1 C -0.3 0.2 -0.5 -0.5 0 -1 Z	1.1271	G0	0		35.49	2.6714	False	True	0	0.0	0.00	0.00
2284	-1	0	Neuron	408	470	3.4523	M 0 -1 C 0.5 -0.5 0.3 0.2 0.8 1 L 0 0.6 L -0.8 1 C -0.3 0.2 -0.5 -0.5 0 -1 Z	1.1205	G0	0		35.51	2.1601	False	True	0	0.0	0.00	0.00
2285	-1	0	Neuron	405	288	0.1424	M 0 -1 C 0.5 -0.5 0.3 0.2 0.8 1 L 0 0.6 L -0.8 1 C -0.3 0.2 -0.5 -0.5 0 -1 Z	0.9519	G0	0		34.86	2.1149	False	True	0	0.0	0.00	0.00
2286	-1	0	Neuron	686	601	4.5359	M 0 -1 C 0.5 -0.5 0.3 0.2 0.8 1 L 0 0.6 L -0.8 1 C -0.3 0.2 -0.5 -0.5 0 -1 Z	0.7404	G0	0		35.17	2.2183	False	True	0	0.0	0.00	0.00
2287	-1	0	Neuron	159	703	4.8815	M 0 -1 C 0.5 -0.5 0.3 0.2 0.8 1 L 0 0.6 L -0.8 1 C -0.3 0.2 -0.5 -0.5 0 -1 Z	0.7293	G0	0		35.85	3.1265	False	True	0	0.0	0.00	0.00
2288	-1	0	Neuron	56	297	4.7249	M 0 -1 C 0.5 -0.5 0.3 0.2 0.8 1 L 0 0.6 L -0.8 1 C -0.3 0.2 -0.5 -0.5 0 -1 Z	1.2793	G0	0		35.61	3.5041	False	True	0	0.0	0.00	0.00
2289	-1	0	Neuron	777	204	1.5010	M 0 -1 C 0.5 -0.5 0.3 0.2 0.8 1 L 0 0.6 L -0.8 1 C -0.3 0.2 -0.5 -0.5 0 -1 Z	0.7380	G0	0		34.93	2.6226	False	True	0	0.0	0.00	0.00
2290	-1	0	Neuron	395	945	1.1857	M 0 -1 C 0.5 -0.5 0.3 0.2 0.8 1 L 0 0.6 L -0.8 1 C -0.3 0.2 -0.5 -0.5 0 -1 Z	0.8106	G0	0		34.73	3.0279	False	True	0	0.0	0.00	0.00
2291	-1	0	Neuron	323	182	5.9542	M 0 -1 C 0.5 -0.5 0.3 0.2 0.8 1 L 0 0.6 L -0.8 1 C -0.3 0.2 -0.5 -0.5 0 -1 Z	1.1623	G0	0		35.60	2.8965	False	True	0	0.0	0.00	0.00
2292	-1	0	Neuron	778	903	2.7827	M 0 -1 C 0.5 -0.5 0.3 0.2 0.8 1 L 0 0.6 L -0.8 1 C -0.3 0.2 -0.5 -0.5 0 -1 Z	1.2405	G0	0		35.55	3.3211	False	True	0	0.0	0.00	0.00
2293	-1	0	Neuron	408	843	3.8996	M 0 -1 C 0.5 -0.5 0.3 0.2 0.8 1 L 0 0.6 L -0.8 1 C -0.3 0.2 -0.5 -0.5 0 -1 Z	1.0018	G0	0		35.63	2.9374	False	True	0	0.0	0.00	0.00
2294	-1	0	Neuron	432	960	1.3789	M 0 -1 C 0.5 -0.5 0.3 0.2 0.8 1 L 0 0.6 L -0.8 1 C -0.3 0.2 -0.5 -0.5 0 -1 Z	1.1146	G0	0		36.71	4.1030	False	True	0	0.0	0.00	0.00
2295	-1	0	Neuron	268	893	4.6950	M 0 -1 C 0.5 -0.5 0.3 0.2 0.8 1 L 0 0.6 L -0.8 1 C -0.3 0.2 -0.5 -0.5 0 -1 Z	0.8857	G0	0		35.89	3.3955	False	True	0	0.0	0.00	0.00
2296	-1	0	Neuron	441	616	6.0495	M 0 -1 C 0.5 -0.5 0.3 0.2 0.8 1 L 0 0.6 L -0.8 1 C -0.3 0.2 -0.5 -0.5 0 -1 Z	1.2840	G0	0		35.10	2.0173	False	True	0	0.0	0.00	0.00
2297	-1	0	Neuron	285	24	5.0864	M 0 -1 C 0.5 -0.5 0.3 0.2 0.8 1 L 0 0.6 L -0.8 1 C -0.3 0.2 -0.5 -0.5 0 -1 Z	1.1912	G0	0		34.91	3.3369	False	True	0	0.0	0.00	0.00
2298	-1	0	Neuron	148	932	2.7474	M 0 -1 C 0.5 -0.5 0.3 0.2 0.8 1 L 0 0.6 L -0.8 1 C -0.3 0.2 -0.5 -0.5 0 -1 Z	1.0637	G0	0		36.04	3.7643	False	True	0	0.0	0.00	0.00
2299	-1	0	Neuron	145	146	4.8067	M 0 -1 C 0.5 -0.5 0.3 0.2 0.8 1 L 0 0.6 L -0.8 1 C -0.3 0.2 -0.5 -0.5 0 -1 Z	1.0562	G0	0		34.95	3.0141	False	True	0	0.0	0.00	0.00
2300	-1	0	Neuron	124	496	4.5446	M 0 -1 C 0.5 -0.5 0.3 0.2 0.8 1 L 0 0.6 L -0.8 1 C -0.3 0.2 -0.5 -0.5 0 -1 Z	1.1581	G0	0		34.94	2.7341	False	True	0	0.0	0.00	0.00
2301	-1	0	Neuron	299	15	6.0931	M 0 -1 C 0.5 -0.5 0.3 0.2 0.8 1 L 0 0.6 L -0.8 1 C -0.3 0.2 -0.5 -0.5 0 -1 Z	0.6947	G0	0		36.15	4.0101	False	True	0	0.0	0.00	0.00
2302	-1	0	Neuron	501	718	4.0875	M 0 -1 C 0.5 -0.5 0.3 0.2 0.8 1 L 0 0.6 L -0.8 1 C -0.3 0.2 -0.5 -0.5 0 -1 Z	1.2816	G0	0		34.83	2.0737	False	True	0	0.0	0.00	0.00
2303	-1	0	Neuron	616	414	4.4381	M 0 -1 C 0.5 -0.5 0.3 0.2 0.8 1 L 0 0.6 L -0.8 1 C -0.3 0.2 -0.5 -0.5 0 -1 Z	0.9995	G0	0		34.22	1.5905	False	True	0	0.0	0.00	0.00
2304	-1	0	Neuron	248	645	3.1760	M 0 -1 C 0.5 -0.5 0.3 0.2 0.8 1 L 0 0.6 L -0.8 1 C -0.3 0.2 -0.5 -0.5 0 -1 Z	0.9040	G0	0		34.99	2.3480	False	True	0	0.0	0.00	0.00
2305	-1	0	Neuron	904	763	2.4516	M 0 -1 C 0.5 -0.5 0.3 0.2 0.8 1 L 0 0.6 L -0.8 1 C -0.3 0.2 -0.5 -0.5 0 -1 Z	1.2836	G0	0		35.47	3.2715	False	True	0	0.0	0.00	0.00
2306	-1	0	Neuron	302	756	5.7734	M 0 -1 C 0.5 -0.5 0.3 0.2 0.8 1 L 0 0.6 L -0.8 1 C -0.3 0.2 -0.5 -0.5 0 -1 Z	1.0870	G0	0		34.93	2.3412	False	True	0	0.0	0.00	0.00
2307	-1	0	Neuron	622	773	4.0130	M 0 -1 C 0.5 -0.5 0.3 0.2 0.8 1 L 0 0.6 L -0.8 1 C -0.3 0.2 -0.5 -0.5 0 -1 Z	1.1919	G0	0		35.44	2.6035	False	True	0	0.0	0.00	0.00
2308	-1	0	Neuron	743	502	0.2004	M 0 -1 C 0.5 -0.5 0.3 0.2 0.8 1 L 0 0.6 L -0.8 1 C -0.3 0.2 -0.5 -0.5 0 -1 Z	0.7697	G0	0		34.91	2.1136	False	True	0	0.0	0.00	0.00
2309	-1	0	Neuron	924	128	6.1134	M 0 -1 C 0.5 -0.5 0.3 0.2 0.8 1 L 0 0.6 L -0.8 1 C -0.3 0.2 -0.5 -0.5 0 -1 Z	1.3373	G0	0		35.92	3.7072	False	True	0	0.0	0.00	0.00
2310	-1	0	Neuron	866	150	0.1867	M 0 -1 C 0.5 -0.5 0.3 0.2 0.8 1 L 0 0.6 L -0.8 1 C -0.3 0.2 -0.5 -0.5 0 -1 Z	1.2026	G0	0		36.30	3.6923	False	True	0	0.0	0.00	0.00
2311	-1	0	Neuron	251	787	3.4420	M 0 -1 C 0.5 -0.5 0.3 0.2 0.8 1 L 0 0.6 L -0.8 1 C -0.3 0.2 -0.5 -0.5 0 -1 Z	1.2423	G0	0		35.79	2.9908	False	True	0	0.0	0.00	0.00
2312	-1	0	Neuron	41	688	5.5903	M 0 -1 C 0.5 -0.5 0.3 0.2 0.8 1 L 0 0.6 L -0.8 1 C -0.3 0.2 -0.5 -0.5 0 -1 Z	1.1632	G0	0		36.57	4.0578	False	True	0	0.0	0.00	0.00
2313	-1	0	Neuron	647	98	5.1283	M 0 -1 C 0.5 -0.5 0.3 0.2 0.8 1 L 0 0.6 L -0.8 1 C -0.3 0.2 -0.5 -0.5 0 -1 Z	1.0702	G0	0		35.85	3.3539	False	True	0	0.0	0.00	0.00
2314	-1	0	Neuron	394	266	3.0505	M 0 -1 C 0.5 -0.5 0.3 0.2 0.8 1 L 0 0.6 L -0.8 1 C -0.3 0.2 -0.5 -0.5 0 -1 Z	1.0844	G0	0		34.62	2.0333	False	True	0	0.0	0.00	0.00
2315	-1	0	Neuron	755	39	0.4972	M 0 -1 C 0.5 -0.5 0.3 0.2 0.8 1 L 0 0.6 L -0.8 1 C -0.3 0.2 -0.5 -0.5 0 -1 Z	0.9655	G0	0		35.69	3.5892	False	True	0	0.0	0.00	0.00
2316	-1	0	Neuron	909	462	2.9056	M 0 -1 C 0.5 -0.5 0.3 0.2 0.8 1 L 0 0.6 L -0.8 1 C -0.3 0.2 -0.5 -0.5 0 -1 Z	0.9799	G0	0		36.28	3.5739	False	True	0	0.0	0.00	0.00
2317	-1	0	Neuron	892	332	0.2790	M 0 -1 C 0.5 -0.5 0.3 0.2 0.8 1 L 0 0.6 L -0.8 1 C -0.3 0.2 -0.5 -0.5 0 -1 Z	0.6435	G0	0		35.59	3.1511	False	True	0	0.0	0.00	0.00
2318	-1	0	Neuron	605	24	1.6638	M 0 -1 C 0.5 -0.5 0.3 0.2 0.8 1 L 0 0.6 L -0.8 1 C -0.3 0.2 -0.5 -0.5 0 -1 Z	0.6700	G0	0		35.20	3.4623	False	True	0	0.0	0.00	0.00
2319	-1	0	Neuron	311	452	0.5604	M 0 -1 C 0.5 -0.5 0.3 0.2 0.8 1 L 0 0.6 L -0.8 1 C -0.3 0.2 -0.5 -0.5 0 -1 Z	1.1052	G0	0		35.48	2.3192	False	True	0	0.0	0.00	0.00
2320	-1	0	Neuron	633	209	5.2455	M 0 -1 C 0.5 -0.5 0.3 0.2 0.8 1 L 0 0.6 L -0.8 1 C -0.3 0.2 -0.5 -0.5 0 -1 Z	1.0782	G0	0		35.58	2.7111	False	True	0	0.0	0.00	0.00
2321	-1	0	Neuron	478	187	3.7896	M 0 -1 C 0.5 -0.5 0.3 0.2 0.8 1 L 0 0.6 L -0.8 1 C -0.3 0.2 -0.5 -0.5 0 -1 Z	1.3868	G0	0		34.82	2.2675	False	True	0	0.0	0.00	0.00
2322	-1	0	Neuron	782	333	2.1807	M 0 -1 C 0.5 -0.5 0.3 0.2 0.8 1 L 0 0.6 L -0.8 1 C -0.3 0.2 -0.5 -0.5 0 -1 Z	0.9138	G0	0		35.49	2.7033	False	True	0	0.0	0.00	0.00
2323	-1	0	Neuron	660	137	0.7951	M 0 -1 C 0.5 -0.5 0.3 0.2 0.8 1 L 0 0.6 L -0.8 1 C -0.3 0.2 -0.5 -0.5 0 -1 Z	1.4095	G0	0		36.19	3.3485	False	True	0	0.0	0.00	0.00
2324	-1	0	Neuron	338	787	0.7378	M 0 -1 C 0.5 -0.5 0.3 0.2 0.8 1 L 0 0.6 L -0.8 1 C -0.3 0.2 -0.5 -0.5 0 -1 Z	1.2925	G0	0		35.50	2.7213	False	True	0	0.0	0.00	0.00
2325	-1	0	Neuron	467	875	1.6732	M 0 -1 C 0.5 -0.5 0.3 0.2 0.8 1 L 0 0.6 L -0.8 1 C -0.3 0.2 -0.5 -0.5 0 -1 Z	0.7933	G0	0		35.01	2.7614	False	True	0	0.0	0.00	0.00
2326	-1	0	Neuron	426	916	1.3988	M 0 -1 C 0.5 -0.5 0.3 0.2 0.8 1 L 0 0.6 L -0.8 1 C -0.3 0.2 -0.5 -0.5 0 -1 Z	0.9857	G0	0		35.16	3.0601	False	True	0	0.0	0.00	0.00
2327	-1	0	Neuron	597	813	3.4975	M 0 -1 C 0.5 -0.5 0.3 0.2 0.8 1 L 0 0.6 L -0.8 1 C -0.3 0.2 -0.5 -0.5 0 -1 Z	0.9680	G0	0		35.30	2.6553	False	True	0	0.0	0.00	0.00
2328	-1	0	Neuron	725	931	2.8217	M 0 -1 C 0.5 -0.5 0.3 0.2 0.8 1 L 0 0.6 L -0.8 1 C -0.3 0.2 -0.5 -0.5 0 -1 Z	1.2539	G0	0		35.19	3.1027	False	True	0	0.0	0.00	0.00
2329	-1	0	Neuron	724	901	2.2920	M 0 -1 C 0.5 -0.5 0.3 0.2 0.8 1 L 0 0.6 L -0.8 1 C -0.3 0.2 -0.5 -0.5 0 -1 Z	0.8275	G0	0		35.85	3.4095	False	True	0	0.0	0.00	0.00
2330	-1	0	Neuron	434	406	3.5667	M 0 -1 C 0.5 -0.5 0.3 0.2 0.8 1 L 0 0.6 L -0.8 1 C -0.3 0.2 -0.5 -0.5 0 -1 Z	1.0379	G0	0		34.03	1.4731	False	True	0	0.0	0.00	0.00
2331	-1	0	Neuron	838	809	6.0320	M 0 -1 C 0.5 -0.5 0.3 0.2 0.8 1 L 0 0.6 L -0.8 1 C -0.3 0.2 -0.5 -0.5 0 -1 Z	0.6252	G0	0		36.26	3.5136	False	True	0	0.0	0.00	0.00
2332	-1	0	Neuron	351	150	1.6160	M 0 -1 C 0.5 -0.5 0.3 0.2 0.8 1 L 0 0.6 L -0.8 1 C -0.3 0.2 -0.5 -0.5 0 -1 Z	1.2124	G0	0		36.48	3.4359	False	True	0	0.0	0.00	0.00
2333	-1	0	Neuron	852	396	0.5884	M 0 -1 C 0.5 -0.5 0.3 0.2 0.8 1 L 0 0.6 L -0.8 1 C -0.3 0.2 -0.5 -0.5 0 -1 Z	0.9569	G0	0		35.26	2.7690	False	True	0	0.0	0.00	0.00
2334	-1	0	Neuron	421	128	4.3696	M 0 -1 C 0.5 -0.5 0.3 0.2 0.8 1 L 0 0.6 L -0.8 1 C -0.3 0.2 -0.5 -0.5 0 -1 Z	1.0624	G0	0		35.87	3.1423	False	True	0	0.0	0.00	0.00
2335	-1	0	Neuron	319	933	5.9312	M 0 -1 C 0.5 -0.5 0.3 0.2 0.8 1 L 0 0.6 L -0.8 1 C -0.3 0.2 -0.5 -0.5 0 -1 Z	0.8619	G0	0		36.25	3.7424	False	True	0	0.0	0.00	0.00
2336	-1	0	Neuron	713	463	2.3107	M 0 -1 C 0.5 -0.5 0.3 0.2 0.8 1 L 0 0.6 L -0.8 1 C -0.3 0.2 -0.5 -0.5 0 -1 Z	0.6718	G0	0		34.99	2.1409	False	True	0	0.0	0.00	0.00
2337	-1	0	Neuron	962	725	2.9001	M 0 -1 C 0.5 -0.5 0.3 0.2 0.8 1 L 0 0.6 L -0.8 1 C -0.3 0.2 -0.5 -0.5 0 -1 Z	0.8258	G0	0		35.74	3.6722	False	True	0	0.0	0.00	0.00
2338	-1	0	Neuron	470	294	2.0444	M 0 -1 C 0.5 -0.5 0.3 0.2 0.8 1 L 0 0.6 L -0.8 1 C -0.3 0.2 -0.5 -0.5 0 -1 Z	0.9166	G0	0		35.45	2.3407	False	True	0	0.0	0.00	0.00
2339	-1	0	Neuron	399	928	1.9045	M 0 -1 C 0.5 -0.5 0.3 0.2 0.8 1 L 0 0.6 L -0.8 1 C -0.3 0.2 -0.5 -0.5 0 -1 Z	0.5866	G0	0		36.28	3.6809	False	True	0	0.0	0.00	0.00
2340	-1	0	Neuron	166	403	3.0636	M 0 -1 C 0.5 -0.5 0.3 0.2 0.8 1 L 0 0.6 L -0.8 1 C -0.3 0.2 -0.5 -0.5 0 -1 Z	0.6896	G0	0		35.14	2.6728	False	True	0	0.0	0.00	0.00
2341	-1	0	Neuron	894	575	2.6831	M 0 -1 C 0.5 -0.5 0.3 0.2 0.8 1 L 0 0.6 L -0.8 1 C -0.3 0.2 -0.5 -0.5 0 -1 Z	0.9410	G0	0		34.78	2.7505	False	True	0	0.0	0.00	0.00
2342	-1	0	Neuron	767	610	4.7352	M 0 -1 C 0.5 -0.5 0.3 0.2 0.8 1 L 0 0.6 L -0.8 1 C -0.3 0.2 -0.5 -0.5 0 -1 Z	0.7339	G0	0		35.88	2.7917	False	True	0	0.0	0.00	0.00
2343	-1	0	Neuron	402	481	4.7389	M 0 -1 C 0.5 -0.5 0.3 0.2 0.8 1 L 0 0.6 L -0.8 1 C -0.3 0.2 -0.5 -0.5 0 -1 Z	1.3291	G0	0		34.29	1.5824	False	True	0	0.0	0.00	0.00
2344	-1	0	Neuron	741	610	3.2684	M 0 -1 C 0.5 -0.5 0.3 0.2 0.8 1 L 0 0.6 L -0.8 1 C -0.3 0.2 -0.5 -0.5 0 -1 Z	0.8806	G0	0		35.76	2.5927	False	True	0	0.0	0.00	0.00
2345	-1	0	Neuron	153	397	1.8448	M 0 -1 C 0.5 -0.5 0.3 0.2 0.8 1 L 0 0.6 L -0.8 1 C -0.3 0.2 -0.5 -0.5 0 -1 Z	1.2568	G0	0		35.43	2.8801	False	True	0	0.0	0.00	0.00
2346	-1	0	Neuron	564	469	2.8082	M 0 -1 C 0.5 -0.5 0.3 0.2 0.8 1 L 0 0.6 L -0.8 1 C -0.3 0.2 -0.5 -0.5 0 -1 Z	0.7806	G0	0		35.05	1.9231	False	True	0	0.0	0.00	0.00
2347	-1	0	Neuron	38	770	2.6164	M 0 -1 C 0.5 -0.5 0.3 0.2 0.8 1 L 0 0.6 L -0.8 1 C -0.3 0.2 -0.5 -0.5 0 -1 Z	1.0014	G0	0		36.82	4.2277	False	True	0	0.0	0.00	0.00
2348	-1	0	Neuron	836	241	2.3927	M 0 -1 C 0.5 -0.5 0.3 0.2 0.8 1 L 0 0.6 L -0.8 1 C -0.3 0.2 -0.5 -0.5 0 -1 Z	1.2874	G0	0		35.71	3.1137	False	True	0	0.0	0.00	0.00
2349	-1	0	Neuron	16	789	6.2381	M 0 -1 C 0.5 -0.5 0.3 0.2 0.8 1 L 0 0.6 L -0.8 1 C -0.3 0.2 -0.5 -0.5 0 -1 Z	1.2374	G0	0		35.89	3.8323	False	True	0	0.0	0.00	0.00
2350	-1	0	Neuron	739	718	2.0597	M 0 -1 C 0.5 -0.5 0.3 0.2 0.8 1 L 0 0.6 L -0.8 1 C -0.3 0.2 -0.5 -0.5 0 -1 Z	0.4933	G0	0		35.79	2.8067	False	True	0	0.0	0.00	0.00
2351	-1	0	Neuron	168	15	5.1885	M 0 -1 C 0.5 -0.5 0.3 0.2 0.8 1 L 0 0.6 L -0.8 1 C -0.3 0.2 -0.5 -0.5 0 -1 Z	0.9258	G0	0		35.51	3.6453	False	True	0	0.0	0.00	0.00
2352	-1	0	Neuron	769	781	0.4142	M 0 -1 C 0.5 -0.5 0.3 0.2 0.8 1 L 0 0.6 L -0.8 1 C -0.3 0.2 -0.5 -0.5 0 -1 Z	1.0143	G0	0		36.25	3.2664	False	True	0	0.0	0.00	0.00
2353	-1	0	Neuron	309	346	4.9495	M 0 -1 C 0.5 -0.5 0.3 0.2 0.8 1 L 0 0.6 L -0.8 1 C -0.3 0.2 -0.5 -0.5 0 -1 Z	0.7857	G0	0		35.31	2.3545	False	True	0	0.0	0.00	0.00
2354	-1	0	Neuron	363	16	0.1820	M 0 -1 C 0.5 -0.5 0.3 0.2 0.8 1 L 0 0.6 L -0.8 1 C -0.3 0.2 -0.5 -0.5 0 -1 Z	1.1377	G0	0		35.21	3.5165	False	True	0	0.0	0.00	0.00
2355	-1	0	Neuron	299	953	2.9584	M 0 -1 C 0.5 -0.5 0.3 0.2 0.8 1 L 0 0.6 L -0.8 1 C -0.3 0.2 -0.5 -0.5 0 -1 Z	1.2856	G0	0		36.34	3.9020	False	True	0	0.0	0.00	0.00
2356	-1	0	Neuron	700	890	1.3153	M 0 -1 C 0.5 -0.5 0.3 0.2 0.8 1 L 0 0.6 L -0.8 1 C -0.3 0.2 -0.5 -0.5 0 -1 Z	1.2466	G0	0		36.64	3.7076	False	True	0	0.0	0.00	0.00
2357	-1	0	Neuron	120	725	0.9475	M 0 -1 C 0.5 -0.5 0.3 0.2 0.8 1 L 0 0.6 L -0.8 1 C -0.3 0.2 -0.5 -0.5 0 -1 Z	0.7407	G0	0		36.04	3.4151	False	True	0	0.0	0.00	0.00
2358	-1	0	Neuron	470	729	5.4820	M 0 -1 C 0.5 -0.5 0.3 0.2 0.8 1 L 0 0.6 L -0.8 1 C -0.3 0.2 -0.5 -0.5 0 -1 Z	0.9074	G0	0		36.05	2.7165	False	True	0	0.0	0.00	0.00
2359	-1	0	Neuron	845	720	3.9040	M 0 -1 C 0.5 -0.5 0.3 0.2 0.8 1 L 0 0.6 L -0.8 1 C -0.3 0.2 -0.5 -0.5 0 -1 Z	1.1278	G0	0		35.31	2.8049	False	True	0	0.0	0.00	0.00
2360	-1	0	Neuron	848	185	5.8174	M 0 -1 C 0.5 -0.5 0.3 0.2 0.8 1 L 0 0.6 L -0.8 1 C -0.3 0.2 -0.5 -0.5 0 -1 Z	1.1836	G0	0		35.18	2.9638	False	True	0	0.0	0.00	0.00
2361	-1	0	Neuron	476	59	0.6429	M 0 -1 C 0.5 -0.5 0.3 0.2 0.8 1 L 0 0.6 L -0.8 1 C -0.3 0.2 -0.5 -0.5 0 -1 Z	0.4697	G0	0		36.09	3.6715	False	True	0	0.0	0.00	0.00
2362	-1	0	Neuron	87	927	4.4196	M 0 -1 C 0.5 -0.5 0.3 0.2 0.8 1 L 0 0.6 L -0.8 1 C -0.3 0.2 -0.5 -0.5 0 -1 Z	0.9015	G0	0		35.38	3.4192	False	True	0	0.0	0.00	0.00
2363	-1	0	Neuron	649	508	2.3148	M 0 -1 C 0.5 -0.5 0.3 0.2 0.8 1 L 0 0.6 L -0.8 1 C -0.3 0.2 -0.5 -0.5 0 -1 Z	0.8821	G0	0		35.17	2.0306	False	True	0	0.0	0.00	0.00
2364	-1	0	Neuron	466	544	2.1523	M 0 -1 C 0.5 -0.5 0.3 0.2 0.8 1 L 0 0.6 L -0.8 1 C -0.3 0.2 -0.5 -0.5 0 -1 Z	0.8902	G0	0		34.21	1.4919	False	True	0	0.0	0.00	0.00
2365	-1	0	Neuron	569	768	5.5727	M 0 -1 C 0.5 -0.5 0.3 0.2 0.8 1 L 0 0.6 L -0.8 1 C -0.3 0.2 -0.5 -0.5 0 -1 Z	0.8480	G0	0		35.42	2.4714	False	True	0	0.0	0.00	0.00
2366	-1	0	Neuron	178	940	4.6518	M 0 -1 C 0.5 -0.5 0.3 0.2 0.8 1 L 0 0.6 L -0.8 1 C -0.3 0.2 -0.5 -0.5 0 -1 Z	1.1031	G0	0		36.73	4.1014	False	True	0	0.0	0.00	0.00
2367	-1	0	Neuron	60	867	2.3778	M 0 -1 C 0.5 -0.5 0.3 0.2 0.8 1 L 0 0.6 L -0.8 1 C -0.3 0.2 -0.5 -0.5 0 -1 Z	0.3609	G0	0		36.57	4.0685	False	True	0	0.0	0.00	0.00
2368	-1	0	Neuron	422	797	1.9606	M 0 -1 C 0.5 -0.5 0.3 0.2 0.8 1 L 0 0.6 L -0.8 1 C -0.3 0.2 -0.5 -0.5 0 -1 Z	0.7940	G0	0		35.40	2.6180	False	True	0	0.0	0.00	0.00
2369	-1	0	Neuron	206	710	2.5110	M 0 -1 C 0.5 -0.5 0.3 0.2 0.8 1 L 0 0.6 L -0.8 1 C -0.3 0.2 -0.5 -0.5 0 -1 Z	0.8372	G0	0		35.52	2.7568	False	True	0	0.0	0.00	0.00
2370	-1	0	Neuron	694	729	3.1856	M 0 -1 C 0.5 -0.5 0.3 0.2 0.8 1 L 0 0.6 L -0.8 1 C -0.3 0.2 -0.5 -0.5 0 -1 Z	0.9228	G0	0		35.48	2.6055	False	True	0	0.0	0.00	0.00
2371	-1	0	Neuron	722	245	6.1766	M 0 -1 C 0.5 -0.5 0.3 0.2 0.8 1 L 0 0.6 L -0.8 1 C -0.3 0.2 -0.5 -0.5 0 -1 Z	1.1928	G0	0		35.09	2.5163	False	True	0	0.0	0.00	0.00
2372	-1	0	Neuron	628	563	1.6498	M 0 -1 C 0.5 -0.5 0.3 0.2 0.8 1 L 0 0.6 L -0.8 1 C -0.3 0.2 -0.5 -0.5 0 -1 Z	1.0192	G0	0		35.11	2.0520	False	True	0	0.0	0.00	0.00
2373	-1	0	Neuron	959	539	6.2754	M 0 -1 C 0.5 -0.5 0.3 0.2 0.8 1 L 0 0.6 L -0.8 1 C -0.3 0.2 -0.5 -0.5 0 -1 Z	1.2218	G0	0		36.35	3.8573	False	True	0	0.0	0.00	0.00
2374	-1	0	Neuron	178	845	3.0866	M 0 -1 C 0.5 -0.5 0.3 0.2 0.8 1 L 0 0.6 L -0.8 1 C -0.3 0.2 -0.5 -0.5 0 -1 Z	0.9252	G0	0		35.46	3.1583	False	True	0	0.0	0.00	0.00
2375	-1	0	Neuron	478	743	5.1381	M 0 -1 C 0.5 -0.5 0.3 0.2 0.8 1 L 0 0.6 L -0.8 1 C -0.3 0.2 -0.5 -0.5 0 -1 Z	1.0407	G0	0		35.25	2.3452	False	True	0	0.0	0.00	0.00
2376	-1	0	Neuron	551	132	4.2068	M 0 -1 C 0.5 -0.5 0.3 0.2 0.8 1 L 0 0.6 L -0.8 1 C -0.3 0.2 -0.5 -0.5 0 -1 Z	0.6665	G0	0		35.61	3.0034	False	True	0	0.0	0.00	0.00
2377	-1	0	Neuron	664	193	3.2997	M 0 -1 C 0.5 -0.5 0.3 0.2 0.8 1 L 0 0.6 L -0.8 1 C -0.3 0.2 -0.5 -0.5 0 -1 Z	0.8754	G0	0		35.08	2.5838	False	True	0	0.0	0.00	0.00
2378	-1	0	Neuron	490	710	4.0589	M 0 -1 C 0.5 -0.5 0.3 0.2 0.8 1 L 0 0.6 L -0.8 1 C -0.3 0.2 -0.5 -0.5 0 -1 Z	0.6273	G0	0		36.16	2.7186	False	True	0	0.0	0.00	0.00
2379	-1	0	Neuron	134	696	6.0439	M 0 -1 C 0.5 -0.5 0.3 0.2 0.8 1 L 0 0.6 L -0.8 1 C -0.3 0.2 -0.5 -0.5 0 -1 Z	1.4330	G0	0		35.01	2.8083	False	True	0	0.0	0.00	0.00
2380	-1	0	Neuron	403	443	6.1315	M 0 -1 C 0.5 -0.5 0.3 0.2 0.8 1 L 0 0.6 L -0.8 1 C -0.3 0.2 -0.5 -0.5 0 -1 Z	0.9381	G0	0		34.65	1.7424	False	True	0	0.0	0.00	0.00
2381	-1	0	Neuron	43	344	3.7970	M 0 -1 C 0.5 -0.5 0.3 0.2 0.8 1 L 0 0.6 L -0.8 1 C -0.3 0.2 -0.5 -0.5 0 -1 Z	1.2292	G0	0		35.14	3.2895	False	True	0	0.0	0.00	0.00
2382	-1	0	Neuron	567	546	4.3270	M 0 -1 C 0.5 -0.5 0.3 0.2 0.8 1 L 0 0.6 L -0.8 1 C -0.3 0.2 -0.5 -0.5 0 -1 Z	0.8678	G0	0		34.57	1.7064	False	True	0	0.0	0.00	0.00
2383	-1	0	Neuron	145	273	3.6807	M 0 -1 C 0.5 -0.5 0.3 0.2 0.8 1 L 0 0.6 L -0.8 1 C -0.3 0.2 -0.5 -0.5 0 -1 Z	1.4187	G0	0		35.07	2.8431	False	True	0	0.0	0.00	0.00
2384	-1	0	Neuron	766	198	4.7400	M 0 -1 C 0.5 -0.5 0.3 0.2 0.8 1 L 0 0.6 L -0.8 1 C -0.3 0.2 -0.5 -0.5 0 -1 Z	0.9181	G0	0		35.38	2.8743	False	True	0	0.0	0.00	0.00
2385	-1	0	Neuron	554	551	5.9585	M 0 -1 C 0.5 -0.5 0.3 0.2 0.8 1 L 0 0.6 L -0.8 1 C -0.3 0.2 -0.5 -0.5 0 -1 Z	0.9532	G0	0		34.48	1.5732	False	True	0	0.0	0.00	0.00
2386	-1	0	Neuron	183	398	1.7757	M 0 -1 C 0.5 -0.5 0.3 0.2 0.8 1 L 0 0.6 L -0.8 1 C -0.3 0.2 -0.5 -0.5 0 -1 Z	0.7700	G0	0		35.53	2.7974	False	True	0	0.0	0.00	0.00
2387	-1	0	Neuron	350	209	5.0330	M 0 -1 C 0.5 -0.5 0.3 0.2 0.8 1 L 0 0.6 L -0.8 1 C -0.3 0.2 -0.5 -0.5 0 -1 Z	1.0013	G0	0		35.82	2.8063	False	True	0	0.0	0.00	0.00
2388	-1	0	Neuron	933	103	1.2854	M 0 -1 C 0.5 -0.5 0.3 0.2 0.8 1 L 0 0.6 L -0.8 1 C -0.3 0.2 -0.5 -0.5 0 -1 Z	1.0345	G0	0		35.46	3.5421	False	True	0	0.0	0.00	0.00
2389	-1	0	Neuron	869	348	0.9881	M 0 -1 C 0.5 -0.5 0.3 0.2 0.8 1 L 0 0.6 L -0.8 1 C -0.3 0.2 -0.5 -0.5 0 -1 Z	0.9535	G0	0		35.55	3.0070	False	True	0	0.0	0.00	0.00
2390	-1	0	Neuron	34	206	3.9011	M 0 -1 C 0.5 -0.5 0.3 0.2 0.8 1 L 0 0.6 L -0.8 1 C -0.3 0.2 -0.5 -0.5 0 -1 Z	1.2440	G0	0		35.17	3.4304	False	True	0	0.0	0.00	0.00
2391	-1	0	Neuron	240	591	0.6095	M 0 -1 C 0.5 -0.5 0.3 0.2 0.8 1 L 0 0.6 L -0.8 1 C -0.3 0.2 -0.5 -0.5 0 -1 Z	0.8150	G0	0		36.14	2.8859	False	True	0	0.0	0.00	0.00
2392	-1	0	Neuron	90	907	3.4385	M 0 -1 C 0.5 -0.5 0.3 0.2 0.8 1 L 0 0.6 L -0.8 1 C -0.3 0.2 -0.5 -0.5 0 -1 Z	0.8558	G0	0		36.48	3.9777	False	True	0	0.0	0.00	0.00
2393	-1	0	Neuron	360	938	4.7035	M 0 -1 C 0.5 -0.5 0.3 0.2 0.8 1 L 0 0.6 L -0.8 1 C -0.3 0.2 -0.5 -0.5 0 -1 Z	0.9882	G0	0		36.66	3.9575	False	True	0	0.0	0.00	0.00
2394	-1	0	Neuron	989	966	6.0093	M 0 -1 C 0.5 -0.5 0.3 0.2 0.8 1 L 0 0.6 L -0.8 1 C -0.3 0.2 -0.5 -0.5 0 -1 Z	0.9608	G0	0		36.30	4.1327	False	True	0	0.0	0.00	0.00
2395	-1	0	Neuron	640	600	5.5594	M 0 -1 C 0.5 -0.5 0.3 0.2 0.8 1 L 0 0.6 L -0.8 1 C -0.3 0.2 -0.5 -0.5 0 -1 Z	1.2207	G0	0		35.56	2.2410	False	True	0	0.0	0.00	0.00
2396	-1	0	Neuron	398	663	0.4830	M 0 -1 C 0.5 -0.5 0.3 0.2 0.8 1 L 0 0.6 L -0.8 1 C -0.3 0.2 -0.5 -0.5 0 -1 Z	0.9656	G0	0		35.08	2.1013	False	True	0	0.0	0.00	0.00
2397	-1	0	Neuron	633	580	3.6401	M 0 -1 C 0.5 -0.5 0.3 0.2 0.8 1 L 0 0.6 L -0.8 1 C -0.3 0.2 -0.5 -0.5 0 -1 Z	0.7930	G0	0		35.61	2.3212	False	True	0	0.0	0.00	0.00
2398	-1	0	Neuron	568	687	0.4602	M 0 -1 C 0.5 -0.5 0.3 0.2 0.8 1 L 0 0.6 L -0.8 1 C -0.3 0.2 -0.5 -0.5 0 -1 Z	0.6634	G0	0		35.00	2.0744	False	True	0	0.0	0.00	0.00
2399	-1	0	Neuron	876	407	0.8639	M 0 -1 C 0.5 -0.5 0.3 0.2 0.8 1 L 0 0.6 L -0.8 1 C -0.3 0.2 -0.5 -0.5 0 -1 Z	1.0771	G0	0		35.17	2.8584	False	True	0	0.0	0.00	0.00
2400	-1	0	Neuron	624	848	0.5391	M 0 -1 C 0.5 -0.5 0.3 0.2 0.8 1 L 0 0.6 L -0.8 1 C -0.3 0.2 -0.5 -0.5 0 -1 Z	0.9693	G0	0		35.22	2.7711	False	True	0	0.0	0.00	0.00
2401	-1	0	Neuron	267	393	6.0463	M 0 -1 C 0.5 -0.5 0.3 0.2 0.8 1 L 0 0.6 L -0.8 1 C -0.3 0.2 -0.5 -0.5 0 -1 Z	1.0371	G0	0		35.06	2.2822	False	True	0	0.0	0.00	0.00
2402	-1	0	Neuron	241	247	6.1955	M 0 -1 C 0.5 -0.5 0.3 0.2 0.8 1 L 0 0.6 L -0.8 1 C -0.3 0.2 -0.5 -0.5 0 -1 Z	0.8971	G0	0		35.74	2.9165	False	True	0	0.0	0.00	0.00
2403	-1	0	Neuron	703	281	3.7559	M 0 -1 C 0.5 -0.5 0.3 0.2 0.8 1 L 0 0.6 L -0.8 1 C -0.3 0.2 -0.5 -0.5 0 -1 Z	1.0713	G0	0		35.26	2.4776	False	True	0	0.0	0.00	0.00
2404	-1	0	Neuron	443	296	3.2992	M 0 -1 C 0.5 -0.5 0.3 0.2 0.8 1 L 0 0.6 L -0.8 1 C -0.3 0.2 -0.5 -0.5 0 -1 Z	0.8367	G0	0		34.66	1.9565	False	True	0	0.0	0.00	0.00
2405	-1	0	Neuron	910	245	0.6477	M 0 -1 C 0.5 -0.5 0.3 0.2 0.8 1 L 0 0.6 L -0.8 1 C -0.3 0.2 -0.5 -0.5 0 -1 Z	1.0150	G0	0		36.15	3.6231	False	True	0	0.0	0.00	0.00
2406	-1	0	Neuron	30	701	3.2770	M 0 -1 C 0.5 -0.5 0.3 0.2 0.8 1 L 0 0.6 L -0.8 1 C -0.3 0.2 -0.5 -0.5 0 -1 Z	1.0328	G0	0		36.62	4.0926	False	True	0	0.0	0.00	0.00
2407	-1	0	Neuron	555	447	0.4755	M 0 -1 C 0.5 -0.5 0.3 0.2 0.8 1 L 0 0.6 L -0.8 1 C -0.3 0.2 -0.5 -0.5 0 -1 Z	1.0830	G0	0		33.60	1.0950	False	True	0	0.0	0.00	0.00
2408	-1	0	Neuron	128	32	4.5120	M 0 -1 C 0.5 -0.5 0.3 0.2 0.8 1 L 0 0.6 L -0.8 1 C -0.3 0.2 -0.5 -0.5 0 -1 Z	0.9360	G0	0		35.83	3.7078	False	True	0	0.0	0.00	0.00
2409	-1	0	Neuron	151	164	0.4623	M 0 -1 C 0.5 -0.5 0.3 0.2 0.8 1 L 0 0.6 L -0.8 1 C -0.3 0.2 -0.5 -0.5 0 -1 Z	1.5918	G0	0		35.99	3.4731	False	True	0	0.0	0.00	0.00
2410	-1	0	Neuron	803	342	3.3178	M 0 -1 C 0.5 -0.5 0.3 0.2 0.8 1 L 0 0.6 L -0.8 1 C -0.3 0.2 -0.5 -0.5 0 -1 Z	1.1483	G0	0		35.37	2.6770	False	True	0	0.0	0.00	0.00
2411	-1	0	Neuron	847	988	0.6125	M 0 -1 C 0.5 -0.5 0.3 0.2 0.8 1 L 0 0.6 L -0.8 1 C -0.3 0.2 -0.5 -0.5 0 -1 Z	1.1755	G0	0		36.30	4.1178	False	True	0	0.0	0.00	0.00
2412	-1	0	Neuron	144	299	3.0456	M 0 -1 C 0.5 -0.5 0.3 0.2 0.8 1 L 0 0.6 L -0.8 1 C -0.3 0.2 -0.5 -0.5 0 -1 Z	1.3963	G0	0		35.71	3.1331	False	True	0	0.0	0.00	0.00
2413	-1	0	Neuron	634	804	3.3988	M 0 -1 C 0.5 -0.5 0.3 0.2 0.8 1 L 0 0.6 L -0.8 1 C -0.3 0.2 -0.5 -0.5 0 -1 Z	1.1080	G0	0		34.77	2.3898	False	True	0	0.0	0.00	0.00
2414	-1	0	Neuron	348	746	2.4632	M 0 -1 C 0.5 -0.5 0.3 0.2 0.8 1 L 0 0.6 L -0.8 1 C -0.3 0.2 -0.5 -0.5 0 -1 Z	1.1437	G0	0		34.94	2.2616	False	True	0	0.0	0.00	0.00
2415	-1	0	Neuron	201	568	3.3178	M 0 -1 C 0.5 -0.5 0.3 0.2 0.8 1 L 0 0.6 L -0.8 1 C -0.3 0.2 -0.5 -0.5 0 -1 Z	0.9866	G0	0		35.72	2.7796	False	True	0	0.0	0.00	0.00
2416	-1	0	Neuron	691	871	0.3252	M 0 -1 C 0.5 -0.5 0.3 0.2 0.8 1 L 0 0.6 L -0.8 1 C -0.3 0.2 -0.5 -0.5 0 -1 Z	1.5137	G0	0		36.05	3.2881	False	True	0	0.0	0.00	0.00
2417	-1	0	Neuron	19	688	4.5520	M 0 -1 C 0.5 -0.5 0.3 0.2 0.8 1 L 0 0.6 L -0.8 1 C -0.3 0.2 -0.5 -0.5 0 -1 Z	0.8306	G0	0		36.59	4.1876	False	True	0	0.0	0.00	0.00
2418	-1	0	Neuron	940	880	4.4027	M 0 -1 C 0.5 -0.5 0.3 0.2 0.8 1 L 0 0.6 L -0.8 1 C -0.3 0.2 -0.5 -0.5 0 -1 Z	0.9542	G0	0		37.11	4.3618	False	True	0	0.0	0.00	0.00
2419	-1	0	Neuron	363	274	4.9576	M 0 -1 C 0.5 -0.5 0.3 0.2 0.8 1 L 0 0.6 L -0.8 1 C -0.3 0.2 -0.5 -0.5 0 -1 Z	1.0827	G0	0		34.71	2.1055	False	True	0	0.0	0.00	0.00
2420	-1	0	Neuron	236	722	0.1530	M 0 -1 C 0.5 -0.5 0.3 0.2 0.8 1 L 0 0.6 L -0.8 1 C -0.3 0.2 -0.5 -0.5 0 -1 Z	0.9607	G0	0		35.32	2.6619	False	True	0	0.0	0.00	0.00
2421	-1	0	Neuron	802	631	4.5497	M 0 -1 C 0.5 -0.5 0.3 0.2 0.8 1 L 0 0.6 L -0.8 1 C -0.3 0.2 -0.5 -0.5 0 -1 Z	1.0925	G0	0		35.72	2.8156	False	True	0	0.0	0.00	0.00
2422	-1	0	Neuron	608	872	5.4255	M 0 -1 C 0.5 -0.5 0.3 0.2 0.8 1 L 0 0.6 L -0.8 1 C -0.3 0.2 -0.5 -0.5 0 -1 Z	1.1498	G0	0		35.95	3.2395	False	True	0	0.0	0.00	0.00
2423	-1	0	Neuron	886	508	1.2579	M 0 -1 C 0.5 -0.5 0.3 0.2 0.8 1 L 0 0.6 L -0.8 1 C -0.3 0.2 -0.5 -0.5 0 -1 Z	0.9983	G0	0		35.55	3.0806	False	True	0	0.0	0.00	0.00
2424	-1	0	Neuron	842	881	4.2312	M 0 -1 C 0.5 -0.5 0.3 0.2 0.8 1 L 0 0.6 L -0.8 1 C -0.3 0.2 -0.5 -0.5 0 -1 Z	0.9171	G0	0		36.41	3.7773	False	True	0	0.0	0.00	0.00
2425	-1	0	Neuron	794	439	0.3022	M 0 -1 C 0.5 -0.5 0.3 0.2 0.8 1 L 0 0.6 L -0.8 1 C -0.3 0.2 -0.5 -0.5 0 -1 Z	1.1391	G0	0		35.03	2.3443	False	True	0	0.0	0.00	0.00
2426	-1	0	Neuron	397	633	1.6586	M 0 -1 C 0.5 -0.5 0.3 0.2 0.8 1 L 0 0.6 L -0.8 1 C -0.3 0.2 -0.5 -0.5 0 -1 Z	1.0430	G0	0		34.91	1.9930	False	True	0	0.0	0.00	0.00
2427	-1	0	Neuron	735	271	5.4712	M 0 -1 C 0.5 -0.5 0.3 0.2 0.8 1 L 0 0.6 L -0.8 1 C -0.3 0.2 -0.5 -0.5 0 -1 Z	1.1061	G0	0		35.36	2.6147	False	True	0	0.0	0.00	0.00
2428	-1	0	Neuron	957	502	2.5263	M 0 -1 C 0.5 -0.5 0.3 0.2 0.8 1 L 0 0.6 L -0.8 1 C -0.3 0.2 -0.5 -0.5 0 -1 Z	1.0921	G0	0		36.11	3.7844	False	True	0	0.0	0.00	0.00
2429	-1	0	Neuron	696	461	3.6022	M 0 -1 C 0.5 -0.5 0.3 0.2 0.8 1 L 0 0.6 L -0.8 1 C -0.3 0.2 -0.5 -0.5 0 -1 Z	0.9155	G0	0		35.26	2.2379	False	True	0	0.0	0.00	0.00
2430	-1	0	Neuron	948	896	0.0345	M 0 -1 C 0.5 -0.5 0.3 0.2 0.8 1 L 0 0.6 L -0.8 1 C -0.3 0.2 -0.5 -0.5 0 -1 Z	1.0525	G0	0		35.91	3.7956	False	True	0	0.0	0.00	0.00
2431	-1	0	Neuron	294	721	0.9566	M 0 -1 C 0.5 -0.5 0.3 0.2 0.8 1 L 0 0.6 L -0.8 1 C -0.3 0.2 -0.5 -0.5 0 -1 Z	1.3677	G0	0		35.47	2.5976	False	True	0	0.0	0.00	0.00
2432	-1	0	Neuron	855	59	0.3647	M 0 -1 C 0.5 -0.5 0.3 0.2 0.8 1 L 0 0.6 L -0.8 1 C -0.3 0.2 -0.5 -0.5 0 -1 Z	0.6698	G0	0		35.92	3.7188	False	True	0	0.0	0.00	0.00
2433	-1	0	Neuron	191	351	2.6688	M 0 -1 C 0.5 -0.5 0.3 0.2 0.8 1 L 0 0.6 L -0.8 1 C -0.3 0.2 -0.5 -0.5 0 -1 Z	1.2268	G0	0		35.63	2.7669	False	True	0	0.0	0.00	0.00
2434	-1	0	Neuron	284	500	4.7448	M 0 -1 C 0.5 -0.5 0.3 0.2 0.8 1 L 0 0.6 L -0.8 1 C -0.3 0.2 -0.5 -0.5 0 -1 Z	0.9915	G0	0		35.59	2.4634	False	True	0	0.0	0.00	0.00
2435	-1	0	Neuron	310	695	5.1097	M 0 -1 C 0.5 -0.5 0.3 0.2 0.8 1 L 0 0.6 L -0.8 1 C -0.3 0.2 -0.5 -0.5 0 -1 Z	0.8093	G0	0		35.53	2.5405	False	True	0	0.0	0.00	0.00
2436	-1	0	Neuron	852	436	3.0649	M 0 -1 C 0.5 -0.5 0.3 0.2 0.8 1 L 0 0.6 L -0.8 1 C -0.3 0.2 -0.5 -0.5 0 -1 Z	0.9971	G0	0		35.23	2.7325	False	True	0	0.0	0.00	0.00
2437	-1	0	Neuron	94	604	4.5878	M 0 -1 C 0.5 -0.5 0.3 0.2 0.8 1 L 0 0.6 L -0.8 1 C -0.3 0.2 -0.5 -0.5 0 -1 Z	0.9503	G0	0		35.15	3.0208	False	True	0	0.0	0.00	0.00
2438	-1	0	Neuron	603	900	1.5752	M 0 -1 C 0.5 -0.5 0.3 0.2 0.8 1 L 0 0.6 L -0.8 1 C -0.3 0.2 -0.5 -0.5 0 -1 Z	1.3651	G0	0		36.33	3.5677	False	True	0	0.0	0.00	0.00
2439	-1	0	Neuron	931	698	6.2413	M 0 -1 C 0.5 -0.5 0.3 0.2 0.8 1 L 0 0.6 L -0.8 1 C -0.3 0.2 -0.5 -0.5 0 -1 Z	0.9935	G0	0		36.16	3.6509	False	True	0	0.0	0.00	0.00
2440	-1	0	Neuron	186	339	3.2071	M 0 -1 C 0.5 -0.5 0.3 0.2 0.8 1 L 0 0.6 L -0.8 1 C -0.3 0.2 -0.5 -0.5 0 -1 Z	1.1269	G0	0		35.22	2.6099	False	True	0	0.0	0.00	0.00
2441	-1	0	Neuron	619	133	5.0484	M 0 -1 C 0.5 -0.5 0.3 0.2 0.8 1 L 0 0.6 L -0.8 1 C -0.3 0.2 -0.5 -0.5 0 -1 Z	0.8850	G0	0		35.97	3.2301	False	True	0	0.0	0.00	0.00
2442	-1	0	Neuron	886	416	6.0110	M 0 -1 C 0.5 -0.5 0.3 0.2 0.8 1 L 0 0.6 L -0.8 1 C -0.3 0.2 -0.5 -0.5 0 -1 Z	0.9842	G0	0		34.94	2.7798	False	True	0	0.0	0.00	0.00
2443	-1	0	Neuron	324	799	2.7547	M 0 -1 C 0.5 -0.5 0.3 0.2 0.8 1 L 0 0.6 L -0.8 1 C -0.3 0.2 -0.5 -0.5 0 -1 Z	0.6916	G0	0		35.57	2.8089	False	True	0	0.0	0.00	0.00
2444	-1	0	Neuron	29	62	1.5374	M 0 -1 C 0.5 -0.5 0.3 0.2 0.8 1 L 0 0.6 L -0.8 1 C -0.3 0.2 -0.5 -0.5 0 -1 Z	0.9650	G0	0		36.37	4.0817	False	True	0	0.0	0.00	0.00
2445	-1	0	Neuron	46	30	2.8440	M 0 -1 C 0.5 -0.5 0.3 0.2 0.8 1 L 0 0.6 L -0.8 1 C -0.3 0.2 -0.5 -0.5 0 -1 Z	1.0808	G0	0		36.62	4.2746	False	True	0	0.0	0.00	0.00
2446	-1	0	Neuron	255	951	0.5344	M 0 -1 C 0.5 -0.5 0.3 0.2 0.8 1 L 0 0.6 L -0.8 1 C -0.3 0.2 -0.5 -0.5 0 -1 Z	0.8884	G0	0		35.88	3.6643	False	True	0	0.0	0.00	0.00
2447	-1	0	Neuron	739	91	4.8863	M 0 -1 C 0.5 -0.5 0.3 0.2 0.8 1 L 0 0.6 L -0.8 1 C -0.3 0.2 -0.5 -0.5 0 -1 Z	0.9072	G0	0		36.01	3.4462	False	True	0	0.0	0.00	0.00
2448	-1	0	Neuron	717	412	4.3563	M 0 -1 C 0.5 -0.5 0.3 0.2 0.8 1 L 0 0.6 L -0.8 1 C -0.3 0.2 -0.5 -0.5 0 -1 Z	0.9069	G0	0		35.27	2.3251	False	True	0	0.0	0.00	0.00
2449	-1	0	Neuron	125	407	4.1521	M 0 -1 C 0.5 -0.5 0.3 0.2 0.8 1 L 0 0.6 L -0.8 1 C -0.3 0.2 -0.5 -0.5 0 -1 Z	0.9718	G0	0		35.05	2.8121	False	True	0	0.0	0.00	0.00
2450	-1	0	Neuron	187	124	1.3474	M 0 -1 C 0.5 -0.5 0.3 0.2 0.8 1 L 0 0.6 L -0.8 1 C -0.3 0.2 -0.5 -0.5 0 -1 Z	0.9635	G0	0		35.26	3.1080	False	True	0	0.0	0.00	0.00
2451	-1	0	Neuron	894	616	0.2209	M 0 -1 C 0.5 -0.5 0.3 0.2 0.8 1 L 0 0.6 L -0.8 1 C -0.3 0.2 -0.5 -0.5 0 -1 Z	0.7578	G0	0		35.05	2.9011	False	True	0	0.0	0.00	0.00
2452	-1	0	Neuron	291	934	0.3052	M 0 -1 C 0.5 -0.5 0.3 0.2 0.8 1 L 0 0.6 L -0.8 1 C -0.3 0.2 -0.5 -0.5 0 -1 Z	1.1346	G0	0		36.09	3.6787	False	True	0	0.0	0.00	0.00
2453	-1	0	Neuron	726	263	4.3372	M 0 -1 C 0.5 -0.5 0.3 0.2 0.8 1 L 0 0.6 L -0.8 1 C -0.3 0.2 -0.5 -0.5 0 -1 Z	0.7838	G0	0		34.97	2.4178	False	True	0	0.0	0.00	0.00
2454	-1	0	Neuron	441	329	2.3974	M 0 -1 C 0.5 -0.5 0.3 0.2 0.8 1 L 0 0.6 L -0.8 1 C -0.3 0.2 -0.5 -0.5 0 -1 Z	1.2144	G0	0		35.78	2.4580	False	True	0	0.0	0.00	0.00
2455	-1	0	Neuron	180	205	2.5105	M 0 -1 C 0.5 -0.5 0.3 0.2 0.8 1 L 0 0.6 L -0.8 1 C -0.3 0.2 -0.5 -0.5 0 -1 Z	0.9941	G0	0		35.38	2.8985	False	True	0	0.0	0.00	0.00
2456	-1	0	Neuron	36	737	3.3539	M 0 -1 C 0.5 -0.5 0.3 0.2 0.8 1 L 0 0.6 L -0.8 1 C -0.3 0.2 -0.5 -0.5 0 -1 Z	0.9114	G0	0		35.64	3.6382	False	True	0	0.0	0.00	0.00
2457	-1	0	Neuron	813	187	5.7147	M 0 -1 C 0.5 -0.5 0.3 0.2 0.8 1 L 0 0.6 L -0.8 1 C -0.3 0.2 -0.5 -0.5 0 -1 Z	1.1314	G0	0		35.55	3.0990	False	True	0	0.0	0.00	0.00
2458	-1	0	Neuron	788	198	4.4659	M 0 -1 C 0.5 -0.5 0.3 0.2 0.8 1 L 0 0.6 L -0.8 1 C -0.3 0.2 -0.5 -0.5 0 -1 Z	1.2226	G0	0		35.68	3.0303	False	True	0	0.0	0.00	0.00
2459	-1	0	Neuron	18	577	5.3441	M 0 -1 C 0.5 -0.5 0.3 0.2 0.8 1 L 0 0.6 L -0.8 1 C -0.3 0.2 -0.5 -0.5 0 -1 Z	1.1327	G0	0		35.76	3.7734	False	True	0	0.0	0.00	0.00
2460	-1	0	Neuron	45	746	2.2644	M 0 -1 C 0.5 -0.5 0.3 0.2 0.8 1 L 0 0.6 L -0.8 1 C -0.3 0.2 -0.5 -0.5 0 -1 Z	1.1870	G0	0		34.83	3.1859	False	True	0	0.0	0.00	0.00
2461	-1	0	Neuron	259	473	4.1415	M 0 -1 C 0.5 -0.5 0.3 0.2 0.8 1 L 0 0.6 L -0.8 1 C -0.3 0.2 -0.5 -0.5 0 -1 Z	1.3740	G0	0		35.52	2.4918	False	True	0	0.0	0.00	0.00
2462	-1	0	Neuron	500	114	0.3766	M 0 -1 C 0.5 -0.5 0.3 0.2 0.8 1 L 0 0.6 L -0.8 1 C -0.3 0.2 -0.5 -0.5 0 -1 Z	0.9994	G0	0		36.12	3.3723	False	True	0	0.0	0.00	0.00
2463	-1	0	Neuron	10	313	5.1572	M 0 -1 C 0.5 -0.5 0.3 0.2 0.8 1 L 0 0.6 L -0.8 1 C -0.3 0.2 -0.5 -0.5 0 -1 Z	0.8867	G0	0		36.69	4.2948	False	True	0	0.0	0.00	0.00
2464	-1	0	Neuron	254	710	5.2050	M 0 -1 C 0.5 -0.5 0.3 0.2 0.8 1 L 0 0.6 L -0.8 1 C -0.3 0.2 -0.5 -0.5 0 -1 Z	0.7425	G0	0		35.42	2.5535	False	True	0	0.0	0.00	0.00
2465	-1	0	Neuron	181	283	0.7706	M 0 -1 C 0.5 -0.5 0.3 0.2 0.8 1 L 0 0.6 L -0.8 1 C -0.3 0.2 -0.5 -0.5 0 -1 Z	1.3238	G0	0		35.92	3.1212	False	True	0	0.0	0.00	0.00
2466	-1	0	Neuron	348	357	4.7018	M 0 -1 C 0.5 -0.5 0.3 0.2 0.8 1 L 0 0.6 L -0.8 1 C -0.3 0.2 -0.5 -0.5 0 -1 Z	1.4504	G0	0		35.14	2.1740	False	True	0	0.0	0.00	0.00
2467	-1	0	Neuron	503	16	3.4174	M 0 -1 C 0.5 -0.5 0.3 0.2 0.8 1 L 0 0.6 L -0.8 1 C -0.3 0.2 -0.5 -0.5 0 -1 Z	0.9451	G0	0		35.76	3.7988	False	True	0	0.0	0.00	0.00
2468	-1	0	Neuron	20	539	4.3538	M 0 -1 C 0.5 -0.5 0.3 0.2 0.8 1 L 0 0.6 L -0.8 1 C -0.3 0.2 -0.5 -0.5 0 -1 Z	0.8451	G0	0		36.93	4.3420	False	True	0	0.0	0.00	0.00
2469	-1	0	Neuron	597	13	4.9492	M 0 -1 C 0.5 -0.5 0.3 0.2 0.8 1 L 0 0.6 L -0.8 1 C -0.3 0.2 -0.5 -0.5 0 -1 Z	0.8891	G0	0		36.03	3.9588	False	True	0	0.0	0.00	0.00
2470	-1	0	Neuron	631	925	2.0536	M 0 -1 C 0.5 -0.5 0.3 0.2 0.8 1 L 0 0.6 L -0.8 1 C -0.3 0.2 -0.5 -0.5 0 -1 Z	1.0048	G0	0		35.76	3.4139	False	True	0	0.0	0.00	0.00
2471	-1	0	Neuron	882	395	0.6783	M 0 -1 C 0.5 -0.5 0.3 0.2 0.8 1 L 0 0.6 L -0.8 1 C -0.3 0.2 -0.5 -0.5 0 -1 Z	1.0646	G0	0		34.99	2.7440	False	True	0	0.0	0.00	0.00
2472	-1	0	Neuron	562	492	3.7373	M 0 -1 C 0.5 -0.5 0.3 0.2 0.8 1 L 0 0.6 L -0.8 1 C -0.3 0.2 -0.5 -0.5 0 -1 Z	1.1158	G0	0		34.93	1.8066	False	True	0	0.0	0.00	0.00
2473	-1	0	Neuron	661	694	3.1953	M 0 -1 C 0.5 -0.5 0.3 0.2 0.8 1 L 0 0.6 L -0.8 1 C -0.3 0.2 -0.5 -0.5 0 -1 Z	1.1914	G0	0		35.20	2.3024	False	True	0	0.0	0.00	0.00
2474	-1	0	Neuron	42	792	1.2875	M 0 -1 C 0.5 -0.5 0.3 0.2 0.8 1 L 0 0.6 L -0.8 1 C -0.3 0.2 -0.5 -0.5 0 -1 Z	1.2814	G0	0		35.96	3.7560	False	True	0	0.0	0.00	0.00
2475	-1	0	Neuron	277	719	5.6746	M 0 -1 C 0.5 -0.5 0.3 0.2 0.8 1 L 0 0.6 L -0.8 1 C -0.3 0.2 -0.5 -0.5 0 -1 Z	0.8597	G0	0		35.68	2.7324	False	True	0	0.0	0.00	0.00
2476	-1	0	Neuron	762	586	1.9395	M 0 -1 C 0.5 -0.5 0.3 0.2 0.8 1 L 0 0.6 L -0.8 1 C -0.3 0.2 -0.5 -0.5 0 -1 Z	0.7530	G0	0		34.40	1.8909	False	True	0	0.0	0.00	0.00
2477	-1	0	Neuron	812	648	3.4486	M 0 -1 C 0.5 -0.5 0.3 0.2 0.8 1 L 0 0.6 L -0.8 1 C -0.3 0.2 -0.5 -0.5 0 -1 Z	0.9816	G0	0		35.71	2.8914	False	True	0	0.0	0.00	0.00
2478	-1	0	Neuron	246	575	3.0566	M 0 -1 C 0.5 -0.5 0.3 0.2 0.8 1 L 0 0.6 L -0.8 1 C -0.3 0.2 -0.5 -0.5 0 -1 Z	0.8356	G0	0		34.35	1.9755	False	True	0	0.0	0.00	0.00
2479	-1	0	Neuron	338	246	0.8991	M 0 -1 C 0.5 -0.5 0.3 0.2 0.8 1 L 0 0.6 L -0.8 1 C -0.3 0.2 -0.5 -0.5 0 -1 Z	0.8324	G0	0		35.18	2.4482	False	True	0	0.0	0.00	0.00
2480	-1	0	Neuron	460	617	2.3464	M 0 -1 C 0.5 -0.5 0.3 0.2 0.8 1 L 0 0.6 L -0.8 1 C -0.3 0.2 -0.5 -0.5 0 -1 Z	0.9733	G0	0		35.45	2.1701	False	True	0	0.0	0.00	0.00
2481	-1	0	Neuron	102	870	4.0364	M 0 -1 C 0.5 -0.5 0.3 0.2 0.8 1 L 0 0.6 L -0.8 1 C -0.3 0.2 -0.5 -0.5 0 -1 Z	0.7598	G0	0		36.21	3.7774	False	True	0	0.0	0.00	0.00
2482	-1	0	Neuron	705	352	0.7908	M 0 -1 C 0.5 -0.5 0.3 0.2 0.8 1 L 0 0.6 L -0.8 1 C -0.3 0.2 -0.5 -0.5 0 -1 Z	0.8394	G0	0		34.75	2.0658	False	True	0	0.0	0.00	0.00
2483	-1	0	Neuron	342	557	2.1784	M 0 -1 C 0.5 -0.5 0.3 0.2 0.8 1 L 0 0.6 L -0.8 1 C -0.3 0.2 -0.5 -0.5 0 -1 Z	1.1025	G0	0		35.16	2.1249	False	True	0	0.0	0.00	0.00
2484	-1	0	Neuron	338	491	2.8070	M 0 -1 C 0.5 -0.5 0.3 0.2 0.8 1 L 0 0.6 L -0.8 1 C -0.3 0.2 -0.5 -0.5 0 -1 Z	1.2204	G0	0		35.21	2.1426	False	True	0	0.0	0.00	0.00
2485	-1	0	Neuron	147	724	3.0216	M 0 -1 C 0.5 -0.5 0.3 0.2 0.8 1 L 0 0.6 L -0.8 1 C -0.3 0.2 -0.5 -0.5 0 -1 Z	0.4927	G0	0		35.18	2.8670	False	True	0	0.0	0.00	0.00
2486	-1	0	Neuron	508	31	5.8763	M 0 -1 C 0.5 -0.5 0.3 0.2 0.8 1 L 0 0.6 L -0.8 1 C -0.3 0.2 -0.5 -0.5 0 -1 Z	1.0545	G0	0		36.58	4.0521	False	True	0	0.0	0.00	0.00
2487	-1	0	Neuron	786	484	1.0675	M 0 -1 C 0.5 -0.5 0.3 0.2 0.8 1 L 0 0.6 L -0.8 1 C -0.3 0.2 -0.5 -0.5 0 -1 Z	1.2006	G0	0		34.66	2.1945	False	True	0	0.0	0.00	0.00
2488	-1	0	Neuron	917	183	4.0869	M 0 -1 C 0.5 -0.5 0.3 0.2 0.8 1 L 0 0.6 L -0.8 1 C -0.3 0.2 -0.5 -0.5 0 -1 Z	1.0040	G0	0		35.66	3.4553	False	True	0	0.0	0.00	0.00
2489	-1	0	Neuron	168	315	0.6945	M 0 -1 C 0.5 -0.5 0.3 0.2 0.8 1 L 0 0.6 L -0.8 1 C -0.3 0.2 -0.5 -0.5 0 -1 Z	0.7318	G0	0		35.26	2.7953	False	True	0	0.0	0.00	0.00
2490	-1	0	Neuron	888	930	3.3695	M 0 -1 C 0.5 -0.5 0.3 0.2 0.8 1 L 0 0.6 L -0.8 1 C -0.3 0.2 -0.5 -0.5 0 -1 Z	0.9233	G0	0		36.79	4.1865	False	True	0	0.0	0.00	0.00
2491	-1	0	Neuron	619	210	2.9612	M 0 -1 C 0.5 -0.5 0.3 0.2 0.8 1 L 0 0.6 L -0.8 1 C -0.3 0.2 -0.5 -0.5 0 -1 Z	0.6997	G0	0		36.20	3.0287	False	True	0	0.0	0.00	0.00
2492	-1	0	Neuron	11	631	2.5927	M 0 -1 C 0.5 -0.5 0.3 0.2 0.8 1 L 0 0.6 L -0.8 1 C -0.3 0.2 -0.5 -0.5 0 -1 Z	0.7854	G0	0		36.89	4.4017	False	True	0	0.0	0.00	0.00
2493	-1	0	Neuron	179	656	4.6248	M 0 -1 C 0.5 -0.5 0.3 0.2 0.8 1 L 0 0.6 L -0.8 1 C -0.3 0.2 -0.5 -0.5 0 -1 Z	0.9764	G0	0		35.35	2.7122	False	True	0	0.0	0.00	0.00
2494	-1	0	Neuron	875	102	0.4419	M 0 -1 C 0.5 -0.5 0.3 0.2 0.8 1 L 0 0.6 L -0.8 1 C -0.3 0.2 -0.5 -0.5 0 -1 Z	0.9224	G0	0		35.66	3.5122	False	True	0	0.0	0.00	0.00
2495	-1	0	Neuron	484	639	6.0325	M 0 -1 C 0.5 -0.5 0.3 0.2 0.8 1 L 0 0.6 L -0.8 1 C -0.3 0.2 -0.5 -0.5 0 -1 Z	0.9617	G0	0		35.17	2.0770	False	True	0	0.0	0.00	0.00
2496	-1	0	Neuron	915	301	5.7004	M 0 -1 C 0.5 -0.5 0.3 0.2 0.8 1 L 0 0.6 L -0.8 1 C -0.3 0.2 -0.5 -0.5 0 -1 Z	0.9236	G0	0		35.82	3.4376	False	True	0	0.0	0.00	0.00
2497	-1	0	Neuron	740	254	4.5119	M 0 -1 C 0.5 -0.5 0.3 0.2 0.8 1 L 0 0.6 L -0.8 1 C -0.3 0.2 -0.5 -0.5 0 -1 Z	0.8608	G0	0		35.28	2.5309	False	True	0	0.0	0.00	0.00
2498	-1	0	Neuron	803	545	1.0210	M 0 -1 C 0.5 -0.5 0.3 0.2 0.8 1 L 0 0.6 L -0.8 1 C -0.3 0.2 -0.5 -0.5 0 -1 Z	1.0995	G0	0		34.03	1.8353	False	True	0	0.0	0.00	0.00
2499	-1	0	Neuron	663	780	3.9834	M 0 -1 C 0.5 -0.5 0.3 0.2 0.8 1 L 0 0.6 L -0.8 1 C -0.3 0.2 -0.5 -0.5 0 -1 Z	1.0429	G0	0		35.65	2.7248	False	True	0	0.0	0.00	0.00
2500	-1	0	Neuron	45	857	1.4612	M 0 -1 C 0.5 -0.5 0.3 0.2 0.8 1 L 0 0.6 L -0.8 1 C -0.3 0.2 -0.5 -0.5 0 -1 Z	1.0235	G0	0		35.49	3.5857	False	True	0	0.0	0.00	0.00
2501	-1	0	Neuron	961	757	5.0681	M 0 -1 C 0.5 -0.5 0.3 0.2 0.8 1 L 0 0.6 L -0.8 1 C -0.3 0.2 -0.5 -0.5 0 -1 Z	0.7593	G0	0		36.41	4.0115	False	True	0	0.0	0.00	0.00
2502	-1	0	Neuron	765	103	5.9519	M 0 -1 C 0.5 -0.5 0.3 0.2 0.8 1 L 0 0.6 L -0.8 1 C -0.3 0.2 -0.5 -0.5 0 -1 Z	0.9024	G0	0		35.16	3.0769	False	True	0	0.0	0.00	0.00
2503	-1	0	Neuron	362	346	2.0491	M 0 -1 C 0.5 -0.5 0.3 0.2 0.8 1 L 0 0.6 L -0.8 1 C -0.3 0.2 -0.5 -0.5 0 -1 Z	0.8205	G0	0		34.85	2.0157	False	True	0	0.0	0.00	0.00
2504	-1	0	Neuron	20	10	3.4095	M 0 -1 C 0.5 -0.5 0.3 0.2 0.8 1 L 0 0.6 L -0.8 1 C -0.3 0.2 -0.5 -0.5 0 -1 Z	0.9557	G0	0		37.25	4.6209	False	True	0	0.0	0.00	0.00
2505	-1	0	Neuron	437	443	1.4105	M 0 -1 C 0.5 -0.5 0.3 0.2 0.8 1 L 0 0.6 L -0.8 1 C -0.3 0.2 -0.5 -0.5 0 -1 Z	1.2870	G0	0		34.67	1.7295	False	True	0	0.0	0.00	0.00
2506	-1	0	Neuron	170	236	5.9699	M 0 -1 C 0.5 -0.5 0.3 0.2 0.8 1 L 0 0.6 L -0.8 1 C -0.3 0.2 -0.5 -0.5 0 -1 Z	1.0154	G0	0		35.95	3.2540	False	True	0	0.0	0.00	0.00
2507	-1	0	Neuron	305	288	0.6696	M 0 -1 C 0.5 -0.5 0.3 0.2 0.8 1 L 0 0.6 L -0.8 1 C -0.3 0.2 -0.5 -0.5 0 -1 Z	0.9917	G0	0		34.97	2.3071	False	True	0	0.0	0.00	0.00
2508	-1	0	Neuron	837	324	4.6213	M 0 -1 C 0.5 -0.5 0.3 0.2 0.8 1 L 0 0.6 L -0.8 1 C -0.3 0.2 -0.5 -0.5 0 -1 Z	1.2152	G0	0		34.96	2.6031	False	True	0	0.0	0.00	0.00
2509	-1	0	Neuron	418	719	5.6395	M 0 -1 C 0.5 -0.5 0.3 0.2 0.8 1 L 0 0.6 L -0.8 1 C -0.3 0.2 -0.5 -0.5 0 -1 Z	0.6708	G0	0		35.56	2.4513	False	True	0	0.0	0.00	0.00
2510	-1	0	Neuron	343	294	1.9973	M 0 -1 C 0.5 -0.5 0.3 0.2 0.8 1 L 0 0.6 L -0.8 1 C -0.3 0.2 -0.5 -0.5 0 -1 Z	1.1139	G0	0		34.55	2.0164	False	True	0	0.0	0.00	0.00
2511	-1	0	Neuron	153	12	3.3880	M 0 -1 C 0.5 -0.5 0.3 0.2 0.8 1 L 0 0.6 L -0.8 1 C -0.3 0.2 -0.5 -0.5 0 -1 Z	1.0001	G0	0		36.30	4.1175	False	True	0	0.0	0.00	0.00
2512	-1	0	Neuron	879	955	4.3148	M 0 -1 C 0.5 -0.5 0.3 0.2 0.8 1 L 0 0.6 L -0.8 1 C -0.3 0.2 -0.5 -0.5 0 -1 Z	1.1138	G0	0		36.09	3.9022	False	True	0	0.0	0.00	0.00
2513	-1	0	Neuron	272	590	3.8303	M 0 -1 C 0.5 -0.5 0.3 0.2 0.8 1 L 0 0.6 L -0.8 1 C -0.3 0.2 -0.5 -0.5 0 -1 Z	0.5735	G0	0		35.94	2.7007	False	True	0	0.0	0.00	0.00
2514	-1	0	Neuron	97	688	1.5275	M 0 -1 C 0.5 -0.5 0.3 0.2 0.8 1 L 0 0.6 L -0.8 1 C -0.3 0.2 -0.5 -0.5 0 -1 Z	1.2044	G0	0		35.74	3.3420	False	True	0	0.0	0.00	0.00
2515	-1	0	Neuron	308	186	5.7865	M 0 -1 C 0.5 -0.5 0.3 0.2 0.8 1 L 0 0.6 L -0.8 1 C -0.3 0.2 -0.5 -0.5 0 -1 Z	1.0014	G0	0		35.41	2.8113	False	True	0	0.0	0.00	0.00
2516	-1	0	Neuron	472	430	5.0835	M 0 -1 C 0.5 -0.5 0.3 0.2 0.8 1 L 0 0.6 L -0.8 1 C -0.3 0.2 -0.5 -0.5 0 -1 Z	0.9825	G0	0		35.23	2.0264	False	True	0	0.0	0.00	0.00
2517	-1	0	Neuron	763	237	4.4087	M 0 -1 C 0.5 -0.5 0.3 0.2 0.8 1 L 0 0.6 L -0.8 1 C -0.3 0.2 -0.5 -0.5 0 -1 Z	1.2074	G0	0		34.64	2.3578	False	True	0	0.0	0.00	0.00
2518	-1	0	Neuron	361	752	0.0174	M 0 -1 C 0.5 -0.5 0.3 0.2 0.8 1 L 0 0.6 L -0.8 1 C -0.3 0.2 -0.5 -0.5 0 -1 Z	0.8658	G0	0		35.70	2.6695	False	True	0	0.0	0.00	0.00
2519	-1	0	Neuron	19	185	4.3575	M 0 -1 C 0.5 -0.5 0.3 0.2 0.8 1 L 0 0.6 L -0.8 1 C -0.3 0.2 -0.5 -0.5 0 -1 Z	1.2445	G0	0		36.15	4.0061	False	True	0	0.0	0.00	0.00
2520	-1	0	Neuron	713	612	4.6470	M 0 -1 C 0.5 -0.5 0.3 0.2 0.8 1 L 0 0.6 L -0.8 1 C -0.3 0.2 -0.5 -0.5 0 -1 Z	1.2746	G0	0		35.07	2.2026	False	True	0	0.0	0.00	0.00
2521	-1	0	Neuron	338	708	1.5666	M 0 -1 C 0.5 -0.5 0.3 0.2 0.8 1 L 0 0.6 L -0.8 1 C -0.3 0.2 -0.5 -0.5 0 -1 Z	1.0353	G0	0		34.91	2.2092	False	True	0	0.0	0.00	0.00
2522	-1	0	Neuron	183	514	1.8819	M 0 -1 C 0.5 -0.5 0.3 0.2 0.8 1 L 0 0.6 L -0.8 1 C -0.3 0.2 -0.5 -0.5 0 -1 Z	0.9429	G0	0		35.07	2.5493	False	True	0	0.0	0.00	0.00
2523	-1	0	Neuron	362	252	1.9706	M 0 -1 C 0.5 -0.5 0.3 0.2 0.8 1 L 0 0.6 L -0.8 1 C -0.3 0.2 -0.5 -0.5 0 -1 Z	0.6848	G0	0		35.36	2.4649	False	True	0	0.0	0.00	0.00
2524	-1	0	Neuron	391	802	4.9650	M 0 -1 C 0.5 -0.5 0.3 0.2 0.8 1 L 0 0.6 L -0.8 1 C -0.3 0.2 -0.5 -0.5 0 -1 Z	1.1490	G0	0		35.92	2.9351	False	True	0	0.0	0.00	0.00
2525	-1	0	Neuron	319	417	5.5808	M 0 -1 C 0.5 -0.5 0.3 0.2 0.8 1 L 0 0.6 L -0.8 1 C -0.3 0.2 -0.5 -0.5 0 -1 Z	0.9604	G0	0		34.87	1.9466	False	True	0	0.0	0.00	0.00
2526	-1	0	Neuron	957	123	1.8903	M 0 -1 C 0.5 -0.5 0.3 0.2 0.8 1 L 0 0.6 L -0.8 1 C -0.3 0.2 -0.5 -0.5 0 -1 Z	0.6817	G0	0		35.78	3.7210	False	True	0	0.0	0.00	0.00
2527	-1	0	Neuron	473	237	1.4027	M 0 -1 C 0.5 -0.5 0.3 0.2 0.8 1 L 0 0.6 L -0.8 1 C -0.3 0.2 -0.5 -0.5 0 -1 Z	1.1102	G0	0		35.01	2.2743	False	True	0	0.0	0.00	0.00
2528	-1	0	Neuron	295	242	2.2252	M 0 -1 C 0.5 -0.5 0.3 0.2 0.8 1 L 0 0.6 L -0.8 1 C -0.3 0.2 -0.5 -0.5 0 -1 Z	0.7899	G0	0		35.09	2.4981	False	True	0	0.0	0.00	0.00
2529	-1	0	Neuron	739	135	6.1816	M 0 -1 C 0.5 -0.5 0.3 0.2 0.8 1 L 0 0.6 L -0.8 1 C -0.3 0.2 -0.5 -0.5 0 -1 Z	1.1009	G0	0		35.69	3.1894	False	True	0	0.0	0.00	0.00
2530	-1	0	Neuron	439	701	1.1632	M 0 -1 C 0.5 -0.5 0.3 0.2 0.8 1 L 0 0.6 L -0.8 1 C -0.3 0.2 -0.5 -0.5 0 -1 Z	0.8490	G0	0		35.78	2.5083	False	True	0	0.0	0.00	0.00
2531	-1	0	Neuron	946	195	0.7903	M 0 -1 C 0.5 -0.5 0.3 0.2 0.8 1 L 0 0.6 L -0.8 1 C -0.3 0.2 -0.5 -0.5 0 -1 Z	0.7638	G0	0		35.11	3.3145	False	True	0	0.0	0.00	0.00
2532	-1	0	Neuron	749	545	0.3847	M 0 -1 C 0.5 -0.5 0.3 0.2 0.8 1 L 0 0.6 L -0.8 1 C -0.3 0.2 -0.5 -0.5 0 -1 Z	0.7505	G0	0		35.20	2.3523	False	True	0	0.0	0.00	0.00
2533	-1	0	Neuron	839	466	3.6637	M 0 -1 C 0.5 -0.5 0.3 0.2 0.8 1 L 0 0.6 L -0.8 1 C -0.3 0.2 -0.5 -0.5 0 -1 Z	1.1025	G0	0		35.00	2.4719	False	True	0	0.0	0.00	0.00
2534	-1	0	Neuron	250	211	3.4501	M 0 -1 C 0.5 -0.5 0.3 0.2 0.8 1 L 0 0.6 L -0.8 1 C -0.3 0.2 -0.5 -0.5 0 -1 Z	0.8205	G0	0		35.89	2.9874	False	True	0	0.0	0.00	0.00
2535	-1	0	Neuron	571	440	0.7729	M 0 -1 C 0.5 -0.5 0.3 0.2 0.8 1 L 0 0.6 L -0.8 1 C -0.3 0.2 -0.5 -0.5 0 -1 Z	1.0306	G0	0		35.84	2.3458	False	True	0	0.0	0.00	0.00
2536	-1	0	Neuron	36	435	6.2772	M 0 -1 C 0.5 -0.5 0.3 0.2 0.8 1 L 0 0.6 L -0.8 1 C -0.3 0.2 -0.5 -0.5 0 -1 Z	0.7755	G0	0		35.14	3.3529	False	True	0	0.0	0.00	0.00
2537	-1	0	Neuron	488	88	3.1976	M 0 -1 C 0.5 -0.5 0.3 0.2 0.8 1 L 0 0.6 L -0.8 1 C -0.3 0.2 -0.5 -0.5 0 -1 Z	1.0786	G0	0		36.00	3.4423	False	True	0	0.0	0.00	0.00
2538	-1	0	Neuron	419	892	1.4072	M 0 -1 C 0.5 -0.5 0.3 0.2 0.8 1 L 0 0.6 L -0.8 1 C -0.3 0.2 -0.5 -0.5 0 -1 Z	1.0263	G0	0		36.22	3.4652	False	True	0	0.0	0.00	0.00
2539	-1	0	Neuron	12	710	2.3306	M 0 -1 C 0.5 -0.5 0.3 0.2 0.8 1 L 0 0.6 L -0.8 1 C -0.3 0.2 -0.5 -0.5 0 -1 Z	0.8151	G0	0		36.92	4.4128	False	True	0	0.0	0.00	0.00
2540	-1	0	Neuron	241	754	3.4910	M 0 -1 C 0.5 -0.5 0.3 0.2 0.8 1 L 0 0.6 L -0.8 1 C -0.3 0.2 -0.5 -0.5 0 -1 Z	0.8994	G0	0		35.61	2.8541	False	True	0	0.0	0.00	0.00
2541	-1	0	Neuron	390	474	3.7961	M 0 -1 C 0.5 -0.5 0.3 0.2 0.8 1 L 0 0.6 L -0.8 1 C -0.3 0.2 -0.5 -0.5 0 -1 Z	0.9286	G0	0		35.23	2.0664	False	True	0	0.0	0.00	0.00
2542	-1	0	Neuron	194	47	4.8508	M 0 -1 C 0.5 -0.5 0.3 0.2 0.8 1 L 0 0.6 L -0.8 1 C -0.3 0.2 -0.5 -0.5 0 -1 Z	0.7947	G0	0		35.60	3.5809	False	True	0	0.0	0.00	0.00
2543	-1	0	Neuron	313	761	2.4604	M 0 -1 C 0.5 -0.5 0.3 0.2 0.8 1 L 0 0.6 L -0.8 1 C -0.3 0.2 -0.5 -0.5 0 -1 Z	0.6189	G0	0		35.46	2.6565	False	True	0	0.0	0.00	0.00
2544	-1	0	Neuron	558	853	4.2743	M 0 -1 C 0.5 -0.5 0.3 0.2 0.8 1 L 0 0.6 L -0.8 1 C -0.3 0.2 -0.5 -0.5 0 -1 Z	1.1648	G0	0		35.11	2.6203	False	True	0	0.0	0.00	0.00
2545	-1	0	Neuron	737	318	4.4576	M 0 -1 C 0.5 -0.5 0.3 0.2 0.8 1 L 0 0.6 L -0.8 1 C -0.3 0.2 -0.5 -0.5 0 -1 Z	0.7980	G0	0		35.10	2.3482	False	True	0	0.0	0.00	0.00
2546	-1	0	Neuron	539	845	0.4845	M 0 -1 C 0.5 -0.5 0.3 0.2 0.8 1 L 0 0.6 L -0.8 1 C -0.3 0.2 -0.5 -0.5 0 -1 Z	1.1600	G0	0		35.50	2.8709	False	True	0	0.0	0.00	0.00
2547	-1	0	Neuron	199	887	3.1293	M 0 -1 C 0.5 -0.5 0.3 0.2 0.8 1 L 0 0.6 L -0.8 1 C -0.3 0.2 -0.5 -0.5 0 -1 Z	1.1366	G0	0		36.19	3.6094	False	True	0	0.0	0.00	0.00
2548	-1	0	Neuron	786	637	0.6998	M 0 -1 C 0.5 -0.5 0.3 0.2 0.8 1 L 0 0.6 L -0.8 1 C -0.3 0.2 -0.5 -0.5 0 -1 Z	0.9834	G0	0		34.89	2.3724	False	True	0	0.0	0.00	0.00
2549	-1	0	Neuron	259	936	4.2839	M 0 -1 C 0.5 -0.5 0.3 0.2 0.8 1 L 0 0.6 L -0.8 1 C -0.3 0.2 -0.5 -0.5 0 -1 Z	1.0496	G0	0		36.10	3.7079	False	True	0	0.0	0.00	0.00
2550	-1	0	Neuron	441	201	5.6565	M 0 -1 C 0.5 -0.5 0.3 0.2 0.8 1 L 0 0.6 L -0.8 1 C -0.3 0.2 -0.5 -0.5 0 -1 Z	1.0566	G0	0		35.65	2.6826	False	True	0	0.0	0.00	0.00
2551	-1	0	Neuron	63	576	3.1790	M 0 -1 C 0.5 -0.5 0.3 0.2 0.8 1 L 0 0.6 L -0.8 1 C -0.3 0.2 -0.5 -0.5 0 -1 Z	0.8564	G0	0		35.31	3.2718	False	True	0	0.0	0.00	0.00
2552	-1	0	Neuron	776	494	1.6775	M 0 -1 C 0.5 -0.5 0.3 0.2 0.8 1 L 0 0.6 L -0.8 1 C -0.3 0.2 -0.5 -0.5 0 -1 Z	0.9057	G0	0		34.49	2.0575	False	True	0	0.0	0.00	0.00
2553	-1	0	Neuron	27	345	1.1801	M 0 -1 C 0.5 -0.5 0.3 0.2 0.8 1 L 0 0.6 L -0.8 1 C -0.3 0.2 -0.5 -0.5 0 -1 Z	1.0838	G0	0		35.49	3.5993	False	True	0	0.0	0.00	0.00
2554	-1	0	Neuron	720	575	3.0517	M 0 -1 C 0.5 -0.5 0.3 0.2 0.8 1 L 0 0.6 L -0.8 1 C -0.3 0.2 -0.5 -0.5 0 -1 Z	1.2140	G0	0		35.45	2.4108	False	True	0	0.0	0.00	0.00
2555	-1	0	Neuron	268	604	3.8380	M 0 -1 C 0.5 -0.5 0.3 0.2 0.8 1 L 0 0.6 L -0.8 1 C -0.3 0.2 -0.5 -0.5 0 -1 Z	1.1772	G0	0		35.03	2.2659	False	True	0	0.0	0.00	0.00
2556	-1	0	Neuron	494	752	5.7357	M 0 -1 C 0.5 -0.5 0.3 0.2 0.8 1 L 0 0.6 L -0.8 1 C -0.3 0.2 -0.5 -0.5 0 -1 Z	1.0900	G0	0		35.03	2.2597	False	True	0	0.0	0.00	0.00
2557	-1	0	Neuron	422	63	6.2162	M 0 -1 C 0.5 -0.5 0.3 0.2 0.8 1 L 0 0.6 L -0.8 1 C -0.3 0.2 -0.5 -0.5 0 -1 Z	0.9891	G0	0		35.90	3.5414	False	True	0	0.0	0.00	0.00
2558	-1	0	Neuron	307	937	5.3272	M 0 -1 C 0.5 -0.5 0.3 0.2 0.8 1 L 0 0.6 L -0.8 1 C -0.3 0.2 -0.5 -0.5 0 -1 Z	0.8892	G0	0		35.16	3.2169	False	True	0	0.0	0.00	0.00
2559	-1	0	Neuron	56	909	5.6253	M 0 -1 C 0.5 -0.5 0.3 0.2 0.8 1 L 0 0.6 L -0.8 1 C -0.3 0.2 -0.5 -0.5 0 -1 Z	1.3282	G0	0		35.84	3.6965	False	True	0	0.0	0.00	0.00
2560	-1	0	Neuron	279	295	4.9024	M 0 -1 C 0.5 -0.5 0.3 0.2 0.8 1 L 0 0.6 L -0.8 1 C -0.3 0.2 -0.5 -0.5 0 -1 Z	0.6730	G0	0		35.31	2.5187	False	True	0	0.0	0.00	0.00
2561	-1	0	Neuron	181	905	6.1150	M 0 -1 C 0.5 -0.5 0.3 0.2 0.8 1 L 0 0.6 L -0.8 1 C -0.3 0.2 -0.5 -0.5 0 -1 Z	1.0041	G0	0		35.42	3.2349	False	True	0	0.0	0.00	0.00
2562	-1	0	Neuron	700	741	2.4121	M 0 -1 C 0.5 -0.5 0.3 0.2 0.8 1 L 0 0.6 L -0.8 1 C -0.3 0.2 -0.5 -0.5 0 -1 Z	0.8115	G0	0		36.23	3.0200	False	True	0	0.0	0.00	0.00
2563	-1	0	Neuron	255	320	1.4817	M 0 -1 C 0.5 -0.5 0.3 0.2 0.8 1 L 0 0.6 L -0.8 1 C -0.3 0.2 -0.5 -0.5 0 -1 Z	1.0054	G0	0		35.03	2.2937	False	True	0	0.0	0.00	0.00
2564	-1	0	Neuron	484	448	5.6306	M 0 -1 C 0.5 -0.5 0.3 0.2 0.8 1 L 0 0.6 L -0.8 1 C -0.3 0.2 -0.5 -0.5 0 -1 Z	0.8371	G0	0		34.74	1.7525	False	True	0	0.0	0.00	0.00
2565	-1	0	Neuron	60	400	1.6427	M 0 -1 C 0.5 -0.5 0.3 0.2 0.8 1 L 0 0.6 L -0.8 1 C -0.3 0.2 -0.5 -0.5 0 -1 Z	0.9075	G0	0		36.38	3.7303	False	True	0	0.0	0.00	0.00
2566	-1	0	Neuron	789	140	6.2423	M 0 -1 C 0.5 -0.5 0.3 0.2 0.8 1 L 0 0.6 L -0.8 1 C -0.3 0.2 -0.5 -0.5 0 -1 Z	1.2336	G0	0		36.24	3.4521	False	True	0	0.0	0.00	0.00
2567	-1	0	Neuron	941	653	5.4589	M 0 -1 C 0.5 -0.5 0.3 0.2 0.8 1 L 0 0.6 L -0.8 1 C -0.3 0.2 -0.5 -0.5 0 -1 Z	0.9286	G0	0		36.28	3.7937	False	True	0	0.0	0.00	0.00
2568	-1	0	Neuron	439	238	4.8457	M 0 -1 C 0.5 -0.5 0.3 0.2 0.8 1 L 0 0.6 L -0.8 1 C -0.3 0.2 -0.5 -0.5 0 -1 Z	1.0762	G0	0		35.53	2.5255	False	True	0	0.0	0.00	0.00
2569	-1	0	Neuron	177	781	4.7504	M 0 -1 C 0.5 -0.5 0.3 0.2 0.8 1 L 0 0.6 L -0.8 1 C -0.3 0.2 -0.5 -0.5 0 -1 Z	1.1134	G0	0		35.57	2.9913	False	True	0	0.0	0.00	0.00
2570	-1	0	Neuron	93	358	3.4518	M 0 -1 C 0.5 -0.5 0.3 0.2 0.8 1 L 0 0.6 L -0.8 1 C -0.3 0.2 -0.5 -0.5 0 -1 Z	1.1061	G0	0		35.59	3.2048	False	True	0	0.0	0.00	0.00
2571	-1	0	Neuron	434	719	0.6877	M 0 -1 C 0.5 -0.5 0.3 0.2 0.8 1 L 0 0.6 L -0.8 1 C -0.3 0.2 -0.5 -0.5 0 -1 Z	0.9170	G0	0		35.32	2.3391	False	True	0	0.0	0.00	0.00
2572	-1	0	Neuron	952	140	2.1655	M 0 -1 C 0.5 -0.5 0.3 0.2 0.8 1 L 0 0.6 L -0.8 1 C -0.3 0.2 -0.5 -0.5 0 -1 Z	1.0988	G0	0		36.82	4.2381	False	True	0	0.0	0.00	0.00
2573	-1	0	Neuron	351	176	3.2579	M 0 -1 C 0.5 -0.5 0.3 0.2 0.8 1 L 0 0.6 L -0.8 1 C -0.3 0.2 -0.5 -0.5 0 -1 Z	0.9477	G0	0		35.33	2.7000	False	True	0	0.0	0.00	0.00
2574	-1	0	Neuron	473	807	1.5277	M 0 -1 C 0.5 -0.5 0.3 0.2 0.8 1 L 0 0.6 L -0.8 1 C -0.3 0.2 -0.5 -0.5 0 -1 Z	0.9518	G0	0		34.86	2.3234	False	True	0	0.0	0.00	0.00
2575	-1	0	Neuron	167	296	3.4959	M 0 -1 C 0.5 -0.5 0.3 0.2 0.8 1 L 0 0.6 L -0.8 1 C -0.3 0.2 -0.5 -0.5 0 -1 Z	0.8805	G0	0		35.22	2.8032	False	True	0	0.0	0.00	0.00
2576	-1	0	Neuron	919	100	5.7784	M 0 -1 C 0.5 -0.5 0.3 0.2 0.8 1 L 0 0.6 L -0.8 1 C -0.3 0.2 -0.5 -0.5 0 -1 Z	0.9677	G0	0		36.67	4.0707	False	True	0	0.0	0.00	0.00
2577	-1	0	Neuron	40	554	5.2959	M 0 -1 C 0.5 -0.5 0.3 0.2 0.8 1 L 0 0.6 L -0.8 1 C -0.3 0.2 -0.5 -0.5 0 -1 Z	0.7990	G0	0		36.36	3.9212	False	True	0	0.0	0.00	0.00
2578	-1	0	Neuron	803	711	2.7057	M 0 -1 C 0.5 -0.5 0.3 0.2 0.8 1 L 0 0.6 L -0.8 1 C -0.3 0.2 -0.5 -0.5 0 -1 Z	0.9929	G0	0		35.82	3.0006	False	True	0	0.0	0.00	0.00
2579	-1	0	Neuron	567	512	2.5175	M 0 -1 C 0.5 -0.5 0.3 0.2 0.8 1 L 0 0.6 L -0.8 1 C -0.3 0.2 -0.5 -0.5 0 -1 Z	0.8490	G0	0		35.04	1.9286	False	True	0	0.0	0.00	0.00
2580	-1	0	Neuron	768	395	0.5458	M 0 -1 C 0.5 -0.5 0.3 0.2 0.8 1 L 0 0.6 L -0.8 1 C -0.3 0.2 -0.5 -0.5 0 -1 Z	1.0280	G0	0		34.98	2.3418	False	True	0	0.0	0.00	0.00
2581	-1	0	Neuron	422	865	2.9490	M 0 -1 C 0.5 -0.5 0.3 0.2 0.8 1 L 0 0.6 L -0.8 1 C -0.3 0.2 -0.5 -0.5 0 -1 Z	0.9835	G0	0		34.92	2.6155	False	True	0	0.0	0.00	0.00
2582	-1	0	Neuron	416	259	6.1076	M 0 -1 C 0.5 -0.5 0.3 0.2 0.8 1 L 0 0.6 L -0.8 1 C -0.3 0.2 -0.5 -0.5 0 -1 Z	1.3184	G0	0		34.79	2.0706	False	True	0	0.0	0.00	0.00
2583	-1	0	Neuron	572	604	3.8724	M 0 -1 C 0.5 -0.5 0.3 0.2 0.8 1 L 0 0.6 L -0.8 1 C -0.3 0.2 -0.5 -0.5 0 -1 Z	0.9026	G0	0		34.79	1.8523	False	True	0	0.0	0.00	0.00
2584	-1	0	Neuron	455	847	0.4450	M 0 -1 C 0.5 -0.5 0.3 0.2 0.8 1 L 0 0.6 L -0.8 1 C -0.3 0.2 -0.5 -0.5 0 -1 Z	0.8927	G0	0		34.66	2.4177	False	True	0	0.0	0.00	0.00
2585	-1	0	Neuron	755	333	2.7134	M 0 -1 C 0.5 -0.5 0.3 0.2 0.8 1 L 0 0.6 L -0.8 1 C -0.3 0.2 -0.5 -0.5 0 -1 Z	0.9167	G0	0		34.46	2.0684	False	True	0	0.0	0.00	0.00
2586	-1	0	Neuron	210	809	0.8917	M 0 -1 C 0.5 -0.5 0.3 0.2 0.8 1 L 0 0.6 L -0.8 1 C -0.3 0.2 -0.5 -0.5 0 -1 Z	1.0087	G0	0		36.23	3.3235	False	True	0	0.0	0.00	0.00
2587	-1	0	Neuron	950	18	2.7691	M 0 -1 C 0.5 -0.5 0.3 0.2 0.8 1 L 0 0.6 L -0.8 1 C -0.3 0.2 -0.5 -0.5 0 -1 Z	1.4374	G0	0		36.86	4.3926	False	True	0	0.0	0.00	0.00
2588	-1	0	Neuron	496	179	0.4005	M 0 -1 C 0.5 -0.5 0.3 0.2 0.8 1 L 0 0.6 L -0.8 1 C -0.3 0.2 -0.5 -0.5 0 -1 Z	0.6866	G0	0		35.58	2.7981	False	True	0	0.0	0.00	0.00
2589	-1	0	Neuron	302	780	3.9968	M 0 -1 C 0.5 -0.5 0.3 0.2 0.8 1 L 0 0.6 L -0.8 1 C -0.3 0.2 -0.5 -0.5 0 -1 Z	1.0156	G0	0		36.15	3.0746	False	True	0	0.0	0.00	0.00
2590	-1	0	Neuron	780	586	2.0183	M 0 -1 C 0.5 -0.5 0.3 0.2 0.8 1 L 0 0.6 L -0.8 1 C -0.3 0.2 -0.5 -0.5 0 -1 Z	1.0138	G0	0		35.60	2.6732	False	True	0	0.0	0.00	0.00
2591	-1	0	Neuron	809	329	4.5543	M 0 -1 C 0.5 -0.5 0.3 0.2 0.8 1 L 0 0.6 L -0.8 1 C -0.3 0.2 -0.5 -0.5 0 -1 Z	0.7113	G0	0		36.10	3.0908	False	True	0	0.0	0.00	0.00
2592	-1	0	Neuron	272	857	2.8651	M 0 -1 C 0.5 -0.5 0.3 0.2 0.8 1 L 0 0.6 L -0.8 1 C -0.3 0.2 -0.5 -0.5 0 -1 Z	1.0267	G0	0		35.69	3.1306	False	True	0	0.0	0.00	0.00
2593	-1	0	Neuron	697	551	1.4019	M 0 -1 C 0.5 -0.5 0.3 0.2 0.8 1 L 0 0.6 L -0.8 1 C -0.3 0.2 -0.5 -0.5 0 -1 Z	0.9347	G0	0		35.33	2.2648	False	True	0	0.0	0.00	0.00
2594	-1	0	Neuron	299	873	0.6446	M 0 -1 C 0.5 -0.5 0.3 0.2 0.8 1 L 0 0.6 L -0.8 1 C -0.3 0.2 -0.5 -0.5 0 -1 Z	0.7781	G0	0		36.04	3.3540	False	True	0	0.0	0.00	0.00
2595	-1	0	Neuron	485	11	2.6905	M 0 -1 C 0.5 -0.5 0.3 0.2 0.8 1 L 0 0.6 L -0.8 1 C -0.3 0.2 -0.5 -0.5 0 -1 Z	1.2041	G0	0		36.17	4.0379	False	True	0	0.0	0.00	0.00
2596	-1	0	Neuron	865	697	5.4966	M 0 -1 C 0.5 -0.5 0.3 0.2 0.8 1 L 0 0.6 L -0.8 1 C -0.3 0.2 -0.5 -0.5 0 -1 Z	0.7425	G0	0		35.05	2.8241	False	True	0	0.0	0.00	0.00
2597	-1	0	Neuron	470	13	5.3226	M 0 -1 C 0.5 -0.5 0.3 0.2 0.8 1 L 0 0.6 L -0.8 1 C -0.3 0.2 -0.5 -0.5 0 -1 Z	0.9962	G0	0		36.75	4.3173	False	True	0	0.0	0.00	0.00
2598	-1	0	Neuron	187	20	3.4577	M 0 -1 C 0.5 -0.5 0.3 0.2 0.8 1 L 0 0.6 L -0.8 1 C -0.3 0.2 -0.5 -0.5 0 -1 Z	1.2071	G0	0		36.75	4.2980	False	True	0	0.0	0.00	0.00
2599	-1	0	Neuron	436	457	3.8621	M 0 -1 C 0.5 -0.5 0.3 0.2 0.8 1 L 0 0.6 L -0.8 1 C -0.3 0.2 -0.5 -0.5 0 -1 Z	1.0620	G0	0		34.56	1.6958	False	True	0	0.0	0.00	0.00
2600	-1	0	Neuron	507	635	3.5432	M 0 -1 C 0.5 -0.5 0.3 0.2 0.8 1 L 0 0.6 L -0.8 1 C -0.3 0.2 -0.5 -0.5 0 -1 Z	1.0588	G0	0		34.39	1.6807	False	True	0	0.0	0.00	0.00
2601	-1	0	Neuron	283	706	6.1992	M 0 -1 C 0.5 -0.5 0.3 0.2 0.8 1 L 0 0.6 L -0.8 1 C -0.3 0.2 -0.5 -0.5 0 -1 Z	0.9346	G0	0		34.87	2.2884	False	True	0	0.0	0.00	0.00
2602	-1	0	Neuron	771	131	0.2217	M 0 -1 C 0.5 -0.5 0.3 0.2 0.8 1 L 0 0.6 L -0.8 1 C -0.3 0.2 -0.5 -0.5 0 -1 Z	0.9765	G0	0		36.17	3.4421	False	True	0	0.0	0.00	0.00
2603	-1	0	Neuron	464	399	4.5327	M 0 -1 C 0.5 -0.5 0.3 0.2 0.8 1 L 0 0.6 L -0.8 1 C -0.3 0.2 -0.5 -0.5 0 -1 Z	0.9178	G0	0		35.14	2.0190	False	True	0	0.0	0.00	0.00
2604	-1	0	Neuron	364	627	0.1737	M 0 -1 C 0.5 -0.5 0.3 0.2 0.8 1 L 0 0.6 L -0.8 1 C -0.3 0.2 -0.5 -0.5 0 -1 Z	0.9629	G0	0		34.45	1.7682	False	True	0	0.0	0.00	0.00
2605	-1	0	Neuron	496	322	1.0019	M 0 -1 C 0.5 -0.5 0.3 0.2 0.8 1 L 0 0.6 L -0.8 1 C -0.3 0.2 -0.5 -0.5 0 -1 Z	1.1003	G0	0		34.50	1.7453	False	True	0	0.0	0.00	0.00
2606	-1	0	Neuron	269	988	4.0512	M 0 -1 C 0.5 -0.5 0.3 0.2 0.8 1 L 0 0.6 L -0.8 1 C -0.3 0.2 -0.5 -0.5 0 -1 Z	1.1449	G0	0		36.62	4.2470	False	True	0	0.0	0.00	0.00
2607	-1	0	Neuron	892	604	1.3485	M 0 -1 C 0.5 -0.5 0.3 0.2 0.8 1 L 0 0.6 L -0.8 1 C -0.3 0.2 -0.5 -0.5 0 -1 Z	0.8369	G0	0		35.38	3.0513	False	True	0	0.0	0.00	0.00
2608	-1	0	Neuron	298	566	5.0311	M 0 -1 C 0.5 -0.5 0.3 0.2 0.8 1 L 0 0.6 L -0.8 1 C -0.3 0.2 -0.5 -0.5 0 -1 Z	1.2092	G0	0		35.03	2.1621	False	True	0	0.0	0.00	0.00
2609	-1	0	Neuron	42	447	3.6793	M 0 -1 C 0.5 -0.5 0.3 0.2 0.8 1 L 0 0.6 L -0.8 1 C -0.3 0.2 -0.5 -0.5 0 -1 Z	1.0917	G0	0		36.05	3.7597	False	True	0	0.0	0.00	0.00
2610	-1	0	Neuron	477	398	2.9216	M 0 -1 C 0.5 -0.5 0.3 0.2 0.8 1 L 0 0.6 L -0.8 1 C -0.3 0.2 -0.5 -0.5 0 -1 Z	0.9186	G0	0		35.08	1.9864	False	True	0	0.0	0.00	0.00
2611	-1	0	Neuron	739	595	4.6355	M 0 -1 C 0.5 -0.5 0.3 0.2 0.8 1 L 0 0.6 L -0.8 1 C -0.3 0.2 -0.5 -0.5 0 -1 Z	1.2859	G0	0		35.20	2.3537	False	True	0	0.0	0.00	0.00
2612	-1	0	Neuron	809	951	0.9210	M 0 -1 C 0.5 -0.5 0.3 0.2 0.8 1 L 0 0.6 L -0.8 1 C -0.3 0.2 -0.5 -0.5 0 -1 Z	1.1032	G0	0		36.35	3.8855	False	True	0	0.0	0.00	0.00
2613	-1	0	Neuron	310	275	0.6396	M 0 -1 C 0.5 -0.5 0.3 0.2 0.8 1 L 0 0.6 L -0.8 1 C -0.3 0.2 -0.5 -0.5 0 -1 Z	0.7412	G0	0		35.59	2.6362	False	True	0	0.0	0.00	0.00
2614	-1	0	Neuron	931	90	3.4563	M 0 -1 C 0.5 -0.5 0.3 0.2 0.8 1 L 0 0.6 L -0.8 1 C -0.3 0.2 -0.5 -0.5 0 -1 Z	1.1091	G0	0		36.97	4.3155	False	True	0	0.0	0.00	0.00
2615	-1	0	Neuron	592	33	1.4393	M 0 -1 C 0.5 -0.5 0.3 0.2 0.8 1 L 0 0.6 L -0.8 1 C -0.3 0.2 -0.5 -0.5 0 -1 Z	0.8151	G0	0		35.88	3.6940	False	True	0	0.0	0.00	0.00
2616	-1	0	Neuron	583	719	0.6374	M 0 -1 C 0.5 -0.5 0.3 0.2 0.8 1 L 0 0.6 L -0.8 1 C -0.3 0.2 -0.5 -0.5 0 -1 Z	1.2019	G0	0		35.13	2.2381	False	True	0	0.0	0.00	0.00
2617	-1	0	Neuron	722	128	6.0146	M 0 -1 C 0.5 -0.5 0.3 0.2 0.8 1 L 0 0.6 L -0.8 1 C -0.3 0.2 -0.5 -0.5 0 -1 Z	1.3485	G0	0		36.03	3.3665	False	True	0	0.0	0.00	0.00
2618	-1	0	Neuron	269	182	1.7725	M 0 -1 C 0.5 -0.5 0.3 0.2 0.8 1 L 0 0.6 L -0.8 1 C -0.3 0.2 -0.5 -0.5 0 -1 Z	0.8557	G0	0		36.11	3.2332	False	True	0	0.0	0.00	0.00
2619	-1	0	Neuron	51	145	2.0712	M 0 -1 C 0.5 -0.5 0.3 0.2 0.8 1 L 0 0.6 L -0.8 1 C -0.3 0.2 -0.5 -0.5 0 -1 Z	1.1545	G0	0		35.47	3.4464	False	True	0	0.0	0.00	0.00
2620	-1	0	Neuron	348	115	4.5530	M 0 -1 C 0.5 -0.5 0.3 0.2 0.8 1 L 0 0.6 L -0.8 1 C -0.3 0.2 -0.5 -0.5 0 -1 Z	0.8314	G0	0		35.41	3.0657	False	True	0	0.0	0.00	0.00
2621	-1	0	Neuron	249	767	5.6914	M 0 -1 C 0.5 -0.5 0.3 0.2 0.8 1 L 0 0.6 L -0.8 1 C -0.3 0.2 -0.5 -0.5 0 -1 Z	1.2575	G0	0		35.46	2.7918	False	True	0	0.0	0.00	0.00
2622	-1	0	Neuron	799	390	3.1820	M 0 -1 C 0.5 -0.5 0.3 0.2 0.8 1 L 0 0.6 L -0.8 1 C -0.3 0.2 -0.5 -0.5 0 -1 Z	1.0600	G0	0		35.76	2.7595	False	True	0	0.0	0.00	0.00
2623	-1	0	Neuron	422	141	5.6296	M 0 -1 C 0.5 -0.5 0.3 0.2 0.8 1 L 0 0.6 L -0.8 1 C -0.3 0.2 -0.5 -0.5 0 -1 Z	0.7736	G0	0		36.05	3.2058	False	True	0	0.0	0.00	0.00
2624	-1	0	Neuron	304	333	1.6814	M 0 -1 C 0.5 -0.5 0.3 0.2 0.8 1 L 0 0.6 L -0.8 1 C -0.3 0.2 -0.5 -0.5 0 -1 Z	1.2679	G0	0		34.84	2.1595	False	True	0	0.0	0.00	0.00
2625	-1	0	Neuron	455	891	1.6427	M 0 -1 C 0.5 -0.5 0.3 0.2 0.8 1 L 0 0.6 L -0.8 1 C -0.3 0.2 -0.5 -0.5 0 -1 Z	0.8839	G0	0		35.67	3.1775	False	True	0	0.0	0.00	0.00
2626	-1	0	Neuron	154	241	3.1165	M 0 -1 C 0.5 -0.5 0.3 0.2 0.8 1 L 0 0.6 L -0.8 1 C -0.3 0.2 -0.5 -0.5 0 -1 Z	0.7068	G0	0		35.54	3.0388	False	True	0	0.0	0.00	0.00
2627	-1	0	Neuron	113	243	5.4121	M 0 -1 C 0.5 -0.5 0.3 0.2 0.8 1 L 0 0.6 L -0.8 1 C -0.3 0.2 -0.5 -0.5 0 -1 Z	1.0389	G0	0		35.08	2.9785	False	True	0	0.0	0.00	0.00
2628	-1	0	Neuron	842	149	1.8324	M 0 -1 C 0.5 -0.5 0.3 0.2 0.8 1 L 0 0.6 L -0.8 1 C -0.3 0.2 -0.5 -0.5 0 -1 Z	0.8516	G0	0		36.15	3.5290	False	True	0	0.0	0.00	0.00
2629	-1	0	Neuron	862	89	6.0452	M 0 -1 C 0.5 -0.5 0.3 0.2 0.8 1 L 0 0.6 L -0.8 1 C -0.3 0.2 -0.5 -0.5 0 -1 Z	1.0496	G0	0		36.37	3.8582	False	True	0	0.0	0.00	0.00
2630	-1	0	Neuron	755	446	1.0170	M 0 -1 C 0.5 -0.5 0.3 0.2 0.8 1 L 0 0.6 L -0.8 1 C -0.3 0.2 -0.5 -0.5 0 -1 Z	1.2765	G0	0		34.31	1.9288	False	True	0	0.0	0.00	0.00
2631	-1	0	Neuron	33	784	4.4634	M 0 -1 C 0.5 -0.5 0.3 0.2 0.8 1 L 0 0.6 L -0.8 1 C -0.3 0.2 -0.5 -0.5 0 -1 Z	1.2794	G0	0		35.43	3.5662	False	True	0	0.0	0.00	0.00
2632	-1	0	Neuron	653	943	6.0589	M 0 -1 C 0.5 -0.5 0.3 0.2 0.8 1 L 0 0.6 L -0.8 1 C -0.3 0.2 -0.5 -0.5 0 -1 Z	1.0481	G0	0		35.50	3.3830	False	True	0	0.0	0.00	0.00
2633	-1	0	Neuron	11	251	4.5063	M 0 -1 C 0.5 -0.5 0.3 0.2 0.8 1 L 0 0.6 L -0.8 1 C -0.3 0.2 -0.5 -0.5 0 -1 Z	0.9096	G0	0		36.68	4.2673	False	True	0	0.0	0.00	0.00
2634	-1	0	Neuron	299	616	5.7762	M 0 -1 C 0.5 -0.5 0.3 0.2 0.8 1 L 0 0.6 L -0.8 1 C -0.3 0.2 -0.5 -0.5 0 -1 Z	0.7446	G0	0		34.79	1.9866	False	True	0	0.0	0.00	0.00
2635	-1	0	Neuron	188	810	4.9561	M 0 -1 C 0.5 -0.5 0.3 0.2 0.8 1 L 0 0.6 L -0.8 1 C -0.3 0.2 -0.5 -0.5 0 -1 Z	1.0202	G0	0		36.38	3.4957	False	True	0	0.0	0.00	0.00
2636	-1	0	Neuron	779	623	5.7729	M 0 -1 C 0.5 -0.5 0.3 0.2 0.8 1 L 0 0.6 L -0.8 1 C -0.3 0.2 -0.5 -0.5 0 -1 Z	1.0013	G0	0		35.68	2.7454	False	True	0	0.0	0.00	0.00
2637	-1	0	Neuron	615	270	2.8564	M 0 -1 C 0.5 -0.5 0.3 0.2 0.8 1 L 0 0.6 L -0.8 1 C -0.3 0.2 -0.5 -0.5 0 -1 Z	0.7089	G0	0		35.51	2.5058	False	True	0	0.0	0.00	0.00
2638	-1	0	Neuron	812	490	2.4092	M 0 -1 C 0.5 -0.5 0.3 0.2 0.8 1 L 0 0.6 L -0.8 1 C -0.3 0.2 -0.5 -0.5 0 -1 Z	1.3035	G0	0		35.90	2.8772	False	True	0	0.0	0.00	0.00
2639	-1	0	Neuron	914	863	3.4875	M 0 -1 C 0.5 -0.5 0.3 0.2 0.8 1 L 0 0.6 L -0.8 1 C -0.3 0.2 -0.5 -0.5 0 -1 Z	0.8725	G0	0		35.61	3.5128	False	True	0	0.0	0.00	0.00
2640	-1	0	Neuron	953	311	0.8297	M 0 -1 C 0.5 -0.5 0.3 0.2 0.8 1 L 0 0.6 L -0.8 1 C -0.3 0.2 -0.5 -0.5 0 -1 Z	1.1096	G0	0		36.16	3.7800	False	True	0	0.0	0.00	0.00
2641	-1	0	Neuron	878	768	3.8206	M 0 -1 C 0.5 -0.5 0.3 0.2 0.8 1 L 0 0.6 L -0.8 1 C -0.3 0.2 -0.5 -0.5 0 -1 Z	1.0917	G0	0		36.09	3.4815	False	True	0	0.0	0.00	0.00
2642	-1	0	Neuron	904	702	3.3393	M 0 -1 C 0.5 -0.5 0.3 0.2 0.8 1 L 0 0.6 L -0.8 1 C -0.3 0.2 -0.5 -0.5 0 -1 Z	1.2310	G0	0		35.66	3.3035	False	True	0	0.0	0.00	0.00
2643	-1	0	Neuron	158	715	1.3926	M 0 -1 C 0.5 -0.5 0.3 0.2 0.8 1 L 0 0.6 L -0.8 1 C -0.3 0.2 -0.5 -0.5 0 -1 Z	0.7753	G0	0		35.30	2.8852	False	True	0	0.0	0.00	0.00
2644	-1	0	Neuron	988	308	3.8276	M 0 -1 C 0.5 -0.5 0.3 0.2 0.8 1 L 0 0.6 L -0.8 1 C -0.3 0.2 -0.5 -0.5 0 -1 Z	0.9736	G0	0		36.49	4.2012	False	True	0	0.0	0.00	0.00
2645	-1	0	Neuron	187	416	2.1971	M 0 -1 C 0.5 -0.5 0.3 0.2 0.8 1 L 0 0.6 L -0.8 1 C -0.3 0.2 -0.5 -0.5 0 -1 Z	0.7376	G0	0		35.05	2.5315	False	True	0	0.0	0.00	0.00
2646	-1	0	Neuron	840	10	5.0443	M 0 -1 C 0.5 -0.5 0.3 0.2 0.8 1 L 0 0.6 L -0.8 1 C -0.3 0.2 -0.5 -0.5 0 -1 Z	1.0505	G0	0		36.81	4.3058	False	True	0	0.0	0.00	0.00
2647	-1	0	Neuron	542	715	4.6631	M 0 -1 C 0.5 -0.5 0.3 0.2 0.8 1 L 0 0.6 L -0.8 1 C -0.3 0.2 -0.5 -0.5 0 -1 Z	0.7812	G0	0		34.83	2.0771	False	True	0	0.0	0.00	0.00
2648	-1	0	Neuron	871	430	2.1289	M 0 -1 C 0.5 -0.5 0.3 0.2 0.8 1 L 0 0.6 L -0.8 1 C -0.3 0.2 -0.5 -0.5 0 -1 Z	0.9324	G0	0		36.31	3.3660	False	True	0	0.0	0.00	0.00
2649	-1	0	Neuron	801	611	4.2104	M 0 -1 C 0.5 -0.5 0.3 0.2 0.8 1 L 0 0.6 L -0.8 1 C -0.3 0.2 -0.5 -0.5 0 -1 Z	1.3321	G0	0		35.99	2.9448	False	True	0	0.0	0.00	0.00
2650	-1	0	Neuron	564	707	3.2469	M 0 -1 C 0.5 -0.5 0.3 0.2 0.8 1 L 0 0.6 L -0.8 1 C -0.3 0.2 -0.5 -0.5 0 -1 Z	0.8090	G0	0		34.70	2.0046	False	True	0	0.0	0.00	0.00
2651	-1	0	Neuron	955	795	4.4986	M 0 -1 C 0.5 -0.5 0.3 0.2 0.8 1 L 0 0.6 L -0.8 1 C -0.3 0.2 -0.5 -0.5 0 -1 Z	1.1840	G0	0		34.84	3.2154	False	True	0	0.0	0.00	0.00
2652	-1	0	Neuron	762	950	5.8857	M 0 -1 C 0.5 -0.5 0.3 0.2 0.8 1 L 0 0.6 L -0.8 1 C -0.3 0.2 -0.5 -0.5 0 -1 Z	1.1377	G0	0		36.76	4.1268	False	True	0	0.0	0.00	0.00
2653	-1	0	Neuron	456	171	6.0611	M 0 -1 C 0.5 -0.5 0.3 0.2 0.8 1 L 0 0.6 L -0.8 1 C -0.3 0.2 -0.5 -0.5 0 -1 Z	1.2862	G0	0		35.45	2.7730	False	True	0	0.0	0.00	0.00
2654	-1	0	Neuron	289	902	5.5700	M 0 -1 C 0.5 -0.5 0.3 0.2 0.8 1 L 0 0.6 L -0.8 1 C -0.3 0.2 -0.5 -0.5 0 -1 Z	0.9343	G0	0		36.11	3.4918	False	True	0	0.0	0.00	0.00
2655	-1	0	Neuron	608	138	0.8383	M 0 -1 C 0.5 -0.5 0.3 0.2 0.8 1 L 0 0.6 L -0.8 1 C -0.3 0.2 -0.5 -0.5 0 -1 Z	1.0144	G0	0		35.28	2.8580	False	True	0	0.0	0.00	0.00
2656	-1	0	Neuron	320	909	1.6103	M 0 -1 C 0.5 -0.5 0.3 0.2 0.8 1 L 0 0.6 L -0.8 1 C -0.3 0.2 -0.5 -0.5 0 -1 Z	1.2255	G0	0		36.15	3.4737	False	True	0	0.0	0.00	0.00
2657	-1	0	Neuron	89	56	1.4468	M 0 -1 C 0.5 -0.5 0.3 0.2 0.8 1 L 0 0.6 L -0.8 1 C -0.3 0.2 -0.5 -0.5 0 -1 Z	0.9052	G0	0		36.28	4.0027	False	True	0	0.0	0.00	0.00
2658	-1	0	Neuron	348	333	2.6253	M 0 -1 C 0.5 -0.5 0.3 0.2 0.8 1 L 0 0.6 L -0.8 1 C -0.3 0.2 -0.5 -0.5 0 -1 Z	1.0480	G0	0		35.26	2.2861	False	True	0	0.0	0.00	0.00
2659	-1	0	Neuron	124	128	6.0099	M 0 -1 C 0.5 -0.5 0.3 0.2 0.8 1 L 0 0.6 L -0.8 1 C -0.3 0.2 -0.5 -0.5 0 -1 Z	0.8171	G0	0		35.63	3.4449	False	True	0	0.0	0.00	0.00
2660	-1	0	Neuron	91	837	4.7312	M 0 -1 C 0.5 -0.5 0.3 0.2 0.8 1 L 0 0.6 L -0.8 1 C -0.3 0.2 -0.5 -0.5 0 -1 Z	1.3994	G0	0		36.21	3.7487	False	True	0	0.0	0.00	0.00
2661	-1	0	Neuron	727	501	3.7028	M 0 -1 C 0.5 -0.5 0.3 0.2 0.8 1 L 0 0.6 L -0.8 1 C -0.3 0.2 -0.5 -0.5 0 -1 Z	0.7823	G0	0		35.35	2.3299	False	True	0	0.0	0.00	0.00
2662	-1	0	Neuron	851	547	3.8492	M 0 -1 C 0.5 -0.5 0.3 0.2 0.8 1 L 0 0.6 L -0.8 1 C -0.3 0.2 -0.5 -0.5 0 -1 Z	0.8560	G0	0		35.73	2.9809	False	True	0	0.0	0.00	0.00
2663	-1	0	Neuron	179	167	2.6932	M 0 -1 C 0.5 -0.5 0.3 0.2 0.8 1 L 0 0.6 L -0.8 1 C -0.3 0.2 -0.5 -0.5 0 -1 Z	1.2566	G0	0		35.96	3.3610	False	True	0	0.0	0.00	0.00
2664	-1	0	Neuron	793	102	0.6710	M 0 -1 C 0.5 -0.5 0.3 0.2 0.8 1 L 0 0.6 L -0.8 1 C -0.3 0.2 -0.5 -0.5 0 -1 Z	0.9479	G0	0		35.84	3.4408	False	True	0	0.0	0.00	0.00
2665	-1	0	Neuron	387	291	2.2811	M 0 -1 C 0.5 -0.5 0.3 0.2 0.8 1 L 0 0.6 L -0.8 1 C -0.3 0.2 -0.5 -0.5 0 -1 Z	1.1303	G0	0		35.42	2.3899	False	True	0	0.0	0.00	0.00
2666	-1	0	Neuron	648	957	3.4581	M 0 -1 C 0.5 -0.5 0.3 0.2 0.8 1 L 0 0.6 L -0.8 1 C -0.3 0.2 -0.5 -0.5 0 -1 Z	1.0278	G0	0		36.12	3.8097	False	True	0	0.0	0.00	0.00
2667	-1	0	Neuron	945	492	1.4002	M 0 -1 C 0.5 -0.5 0.3 0.2 0.8 1 L 0 0.6 L -0.8 1 C -0.3 0.2 -0.5 -0.5 0 -1 Z	0.4244	G0	0		35.62	3.4613	False	True	0	0.0	0.00	0.00
2668	-1	0	Neuron	784	931	1.1423	M 0 -1 C 0.5 -0.5 0.3 0.2 0.8 1 L 0 0.6 L -0.8 1 C -0.3 0.2 -0.5 -0.5 0 -1 Z	0.9569	G0	0		35.64	3.4120	False	True	0	0.0	0.00	0.00
2669	-1	0	Neuron	245	355	5.4144	M 0 -1 C 0.5 -0.5 0.3 0.2 0.8 1 L 0 0.6 L -0.8 1 C -0.3 0.2 -0.5 -0.5 0 -1 Z	0.8973	G0	0		34.12	1.9203	False	True	0	0.0	0.00	0.00
2670	-1	0	Neuron	177	765	4.5059	M 0 -1 C 0.5 -0.5 0.3 0.2 0.8 1 L 0 0.6 L -0.8 1 C -0.3 0.2 -0.5 -0.5 0 -1 Z	1.1429	G0	0		35.01	2.7546	False	True	0	0.0	0.00	0.00
2671	-1	0	Neuron	330	719	0.7756	M 0 -1 C 0.5 -0.5 0.3 0.2 0.8 1 L 0 0.6 L -0.8 1 C -0.3 0.2 -0.5 -0.5 0 -1 Z	0.8924	G0	0		36.14	2.8609	False	True	0	0.0	0.00	0.00
2672	-1	0	Neuron	206	23	5.5061	M 0 -1 C 0.5 -0.5 0.3 0.2 0.8 1 L 0 0.6 L -0.8 1 C -0.3 0.2 -0.5 -0.5 0 -1 Z	0.9481	G0	0		35.61	3.6832	False	True	0	0.0	0.00	0.00
2673	-1	0	Neuron	44	316	4.5210	M 0 -1 C 0.5 -0.5 0.3 0.2 0.8 1 L 0 0.6 L -0.8 1 C -0.3 0.2 -0.5 -0.5 0 -1 Z	1.1776	G0	0		35.39	3.4505	False	True	0	0.0	0.00	0.00
2674	-1	0	Neuron	270	801	3.6970	M 0 -1 C 0.5 -0.5 0.3 0.2 0.8 1 L 0 0.6 L -0.8 1 C -0.3 0.2 -0.5 -0.5 0 -1 Z	0.8351	G0	0		36.40	3.3153	False	True	0	0.0	0.00	0.00
2675	-1	0	Neuron	782	661	5.0554	M 0 -1 C 0.5 -0.5 0.3 0.2 0.8 1 L 0 0.6 L -0.8 1 C -0.3 0.2 -0.5 -0.5 0 -1 Z	1.3491	G0	0		35.55	2.6776	False	True	0	0.0	0.00	0.00
2676	-1	0	Neuron	597	200	3.8900	M 0 -1 C 0.5 -0.5 0.3 0.2 0.8 1 L 0 0.6 L -0.8 1 C -0.3 0.2 -0.5 -0.5 0 -1 Z	0.9343	G0	0		35.88	2.8817	False	True	0	0.0	0.00	0.00
2677	-1	0	Neuron	931	363	2.5644	M 0 -1 C 0.5 -0.5 0.3 0.2 0.8 1 L 0 0.6 L -0.8 1 C -0.3 0.2 -0.5 -0.5 0 -1 Z	1.0329	G0	0		35.87	3.5234	False	True	0	0.0	0.00	0.00
2678	-1	0	Neuron	590	307	0.1048	M 0 -1 C 0.5 -0.5 0.3 0.2 0.8 1 L 0 0.6 L -0.8 1 C -0.3 0.2 -0.5 -0.5 0 -1 Z	0.6506	G0	0		35.59	2.4152	False	True	0	0.0	0.00	0.00
2679	-1	0	Neuron	172	249	0.7548	M 0 -1 C 0.5 -0.5 0.3 0.2 0.8 1 L 0 0.6 L -0.8 1 C -0.3 0.2 -0.5 -0.5 0 -1 Z	0.6111	G0	0		35.81	3.1517	False	True	0	0.0	0.00	0.00
2680	-1	0	Neuron	613	814	0.5009	M 0 -1 C 0.5 -0.5 0.3 0.2 0.8 1 L 0 0.6 L -0.8 1 C -0.3 0.2 -0.5 -0.5 0 -1 Z	1.2348	G0	0		35.07	2.5571	False	True	0	0.0	0.00	0.00
2681	-1	0	Neuron	768	929	2.3669	M 0 -1 C 0.5 -0.5 0.3 0.2 0.8 1 L 0 0.6 L -0.8 1 C -0.3 0.2 -0.5 -0.5 0 -1 Z	1.0091	G0	0		35.96	3.5474	False	True	0	0.0	0.00	0.00
2682	-1	0	Neuron	735	191	4.7572	M 0 -1 C 0.5 -0.5 0.3 0.2 0.8 1 L 0 0.6 L -0.8 1 C -0.3 0.2 -0.5 -0.5 0 -1 Z	1.2403	G0	0		35.53	2.9095	False	True	0	0.0	0.00	0.00
2683	-1	0	Neuron	144	122	4.0532	M 0 -1 C 0.5 -0.5 0.3 0.2 0.8 1 L 0 0.6 L -0.8 1 C -0.3 0.2 -0.5 -0.5 0 -1 Z	0.9729	G0	0		35.78	3.4842	False	True	0	0.0	0.00	0.00
2684	-1	0	Neuron	463	927	1.5721	M 0 -1 C 0.5 -0.5 0.3 0.2 0.8 1 L 0 0.6 L -0.8 1 C -0.3 0.2 -0.5 -0.5 0 -1 Z	1.3749	G0	0		35.71	3.4004	False	True	0	0.0	0.00	0.00
2685	-1	0	Neuron	474	793	2.2224	M 0 -1 C 0.5 -0.5 0.3 0.2 0.8 1 L 0 0.6 L -0.8 1 C -0.3 0.2 -0.5 -0.5 0 -1 Z	1.1055	G0	0		34.96	2.3820	False	True	0	0.0	0.00	0.00
2686	-1	0	Neuron	59	63	5.5192	M 0 -1 C 0.5 -0.5 0.3 0.2 0.8 1 L 0 0.6 L -0.8 1 C -0.3 0.2 -0.5 -0.5 0 -1 Z	1.1346	G0	0		36.33	4.0312	False	True	0	0.0	0.00	0.00
2687	-1	0	Neuron	323	158	0.3928	M 0 -1 C 0.5 -0.5 0.3 0.2 0.8 1 L 0 0.6 L -0.8 1 C -0.3 0.2 -0.5 -0.5 0 -1 Z	0.8285	G0	0		35.40	2.8439	False	True	0	0.0	0.00	0.00
2688	-1	0	Neuron	949	776	2.5601	M 0 -1 C 0.5 -0.5 0.3 0.2 0.8 1 L 0 0.6 L -0.8 1 C -0.3 0.2 -0.5 -0.5 0 -1 Z	1.0060	G0	0		35.90	3.6855	False	True	0	0.0	0.00	0.00
2689	-1	0	Neuron	141	749	3.1523	M 0 -1 C 0.5 -0.5 0.3 0.2 0.8 1 L 0 0.6 L -0.8 1 C -0.3 0.2 -0.5 -0.5 0 -1 Z	1.2226	G0	0		35.69	3.0681	False	True	0	0.0	0.00	0.00
2690	-1	0	Neuron	855	760	5.8530	M 0 -1 C 0.5 -0.5 0.3 0.2 0.8 1 L 0 0.6 L -0.8 1 C -0.3 0.2 -0.5 -0.5 0 -1 Z	0.9087	G0	0		35.98	3.3356	False	True	0	0.0	0.00	0.00
2691	-1	0	Neuron	724	694	4.0349	M 0 -1 C 0.5 -0.5 0.3 0.2 0.8 1 L 0 0.6 L -0.8 1 C -0.3 0.2 -0.5 -0.5 0 -1 Z	0.7517	G0	0		34.66	2.1839	False	True	0	0.0	0.00	0.00
2692	-1	0	Neuron	868	445	5.3335	M 0 -1 C 0.5 -0.5 0.3 0.2 0.8 1 L 0 0.6 L -0.8 1 C -0.3 0.2 -0.5 -0.5 0 -1 Z	1.0624	G0	0		34.64	2.4367	False	True	0	0.0	0.00	0.00
2693	-1	0	Neuron	576	486	0.0680	M 0 -1 C 0.5 -0.5 0.3 0.2 0.8 1 L 0 0.6 L -0.8 1 C -0.3 0.2 -0.5 -0.5 0 -1 Z	0.9991	G0	0		34.17	1.4774	False	True	0	0.0	0.00	0.00
2694	-1	0	Neuron	405	55	1.1047	M 0 -1 C 0.5 -0.5 0.3 0.2 0.8 1 L 0 0.6 L -0.8 1 C -0.3 0.2 -0.5 -0.5 0 -1 Z	0.8875	G0	0		34.74	3.0366	False	True	0	0.0	0.00	0.00
2695	-1	0	Neuron	351	14	1.5565	M 0 -1 C 0.5 -0.5 0.3 0.2 0.8 1 L 0 0.6 L -0.8 1 C -0.3 0.2 -0.5 -0.5 0 -1 Z	1.1527	G0	0		36.22	4.0225	False	True	0	0.0	0.00	0.00
2696	-1	0	Neuron	23	434	5.4023	M 0 -1 C 0.5 -0.5 0.3 0.2 0.8 1 L 0 0.6 L -0.8 1 C -0.3 0.2 -0.5 -0.5 0 -1 Z	0.9875	G0	0		35.74	3.7433	False	True	0	0.0	0.00	0.00
2697	-1	0	Neuron	338	195	0.2779	M 0 -1 C 0.5 -0.5 0.3 0.2 0.8 1 L 0 0.6 L -0.8 1 C -0.3 0.2 -0.5 -0.5 0 -1 Z	1.0816	G0	0		35.15	2.6100	False	True	0	0.0	0.00	0.00
2698	-1	0	Neuron	343	898	6.0099	M 0 -1 C 0.5 -0.5 0.3 0.2 0.8 1 L 0 0.6 L -0.8 1 C -0.3 0.2 -0.5 -0.5 0 -1 Z	1.2134	G0	0		35.68	3.2582	False	True	0	0.0	0.00	0.00
2699	-1	0	Neuron	952	956	0.2227	M 0 -1 C 0.5 -0.5 0.3 0.2 0.8 1 L 0 0.6 L -0.8 1 C -0.3 0.2 -0.5 -0.5 0 -1 Z	1.3085	G0	0		35.90	3.8637	False	True	0	0.0	0.00	0.00
2700	-1	0	Neuron	329	259	3.2457	M 0 -1 C 0.5 -0.5 0.3 0.2 0.8 1 L 0 0.6 L -0.8 1 C -0.3 0.2 -0.5 -0.5 0 -1 Z	0.7540	G0	0		36.02	2.8596	False	True	0	0.0	0.00	0.00
2701	-1	0	Neuron	426	315	2.6288	M 0 -1 C 0.5 -0.5 0.3 0.2 0.8 1 L 0 0.6 L -0.8 1 C -0.3 0.2 -0.5 -0.5 0 -1 Z	0.9086	G0	0		34.19	1.7018	False	True	0	0.0	0.00	0.00
2702	-1	0	Neuron	914	332	5.1854	M 0 -1 C 0.5 -0.5 0.3 0.2 0.8 1 L 0 0.6 L -0.8 1 C -0.3 0.2 -0.5 -0.5 0 -1 Z	1.3679	G0	0		35.41	3.1634	False	True	0	0.0	0.00	0.00
2703	-1	0	Neuron	874	138	5.8014	M 0 -1 C 0.5 -0.5 0.3 0.2 0.8 1 L 0 0.6 L -0.8 1 C -0.3 0.2 -0.5 -0.5 0 -1 Z	1.0036	G0	0		35.79	3.4882	False	True	0	0.0	0.00	0.00
2704	-1	0	Neuron	435	809	0.3939	M 0 -1 C 0.5 -0.5 0.3 0.2 0.8 1 L 0 0.6 L -0.8 1 C -0.3 0.2 -0.5 -0.5 0 -1 Z	0.8332	G0	0		35.38	2.6629	False	True	0	0.0	0.00	0.00
2705	-1	0	Neuron	304	142	4.0763	M 0 -1 C 0.5 -0.5 0.3 0.2 0.8 1 L 0 0.6 L -0.8 1 C -0.3 0.2 -0.5 -0.5 0 -1 Z	0.8992	G0	0		35.38	2.9525	False	True	0	0.0	0.00	0.00
2706	-1	0	Neuron	459	356	1.5815	M 0 -1 C 0.5 -0.5 0.3 0.2 0.8 1 L 0 0.6 L -0.8 1 C -0.3 0.2 -0.5 -0.5 0 -1 Z	0.8553	G0	0		35.15	2.0789	False	True	0	0.0	0.00	0.00
2707	-1	0	Neuron	340	417	2.6889	M 0 -1 C 0.5 -0.5 0.3 0.2 0.8 1 L 0 0.6 L -0.8 1 C -0.3 0.2 -0.5 -0.5 0 -1 Z	0.6927	G0	0		35.36	2.2417	False	True	0	0.0	0.00	0.00
2708	-1	0	Neuron	712	447	4.9423	M 0 -1 C 0.5 -0.5 0.3 0.2 0.8 1 L 0 0.6 L -0.8 1 C -0.3 0.2 -0.5 -0.5 0 -1 Z	1.4265	G0	0		35.12	2.1861	False	True	0	0.0	0.00	0.00
2709	-1	0	Neuron	155	752	3.8600	M 0 -1 C 0.5 -0.5 0.3 0.2 0.8 1 L 0 0.6 L -0.8 1 C -0.3 0.2 -0.5 -0.5 0 -1 Z	1.0859	G0	0		35.35	2.9727	False	True	0	0.0	0.00	0.00
2710	-1	0	Neuron	162	204	3.4896	M 0 -1 C 0.5 -0.5 0.3 0.2 0.8 1 L 0 0.6 L -0.8 1 C -0.3 0.2 -0.5 -0.5 0 -1 Z	1.2148	G0	0		35.63	3.1768	False	True	0	0.0	0.00	0.00
2711	-1	0	Neuron	744	638	5.1236	M 0 -1 C 0.5 -0.5 0.3 0.2 0.8 1 L 0 0.6 L -0.8 1 C -0.3 0.2 -0.5 -0.5 0 -1 Z	1.0263	G0	0		35.15	2.3864	False	True	0	0.0	0.00	0.00
2712	-1	0	Neuron	717	920	0.7567	M 0 -1 C 0.5 -0.5 0.3 0.2 0.8 1 L 0 0.6 L -0.8 1 C -0.3 0.2 -0.5 -0.5 0 -1 Z	0.9743	G0	0		36.31	3.6981	False	True	0	0.0	0.00	0.00
2713	-1	0	Neuron	878	599	4.5305	M 0 -1 C 0.5 -0.5 0.3 0.2 0.8 1 L 0 0.6 L -0.8 1 C -0.3 0.2 -0.5 -0.5 0 -1 Z	0.9385	G0	0		35.91	3.2015	False	True	0	0.0	0.00	0.00
2714	-1	0	Neuron	539	478	4.7453	M 0 -1 C 0.5 -0.5 0.3 0.2 0.8 1 L 0 0.6 L -0.8 1 C -0.3 0.2 -0.5 -0.5 0 -1 Z	0.8503	G0	0		35.45	2.1175	False	True	0	0.0	0.00	0.00
2715	-1	0	Neuron	59	413	4.9537	M 0 -1 C 0.5 -0.5 0.3 0.2 0.8 1 L 0 0.6 L -0.8 1 C -0.3 0.2 -0.5 -0.5 0 -1 Z	0.9406	G0	0		35.91	3.5730	False	True	0	0.0	0.00	0.00
2716	-1	0	Neuron	285	430	5.2619	M 0 -1 C 0.5 -0.5 0.3 0.2 0.8 1 L 0 0.6 L -0.8 1 C -0.3 0.2 -0.5 -0.5 0 -1 Z	0.8873	G0	0		35.30	2.3080	False	True	0	0.0	0.00	0.00
2717	-1	0	Neuron	744	357	0.3346	M 0 -1 C 0.5 -0.5 0.3 0.2 0.8 1 L 0 0.6 L -0.8 1 C -0.3 0.2 -0.5 -0.5 0 -1 Z	1.2407	G0	0		34.79	2.1922	False	True	0	0.0	0.00	0.00
2718	-1	0	Neuron	649	611	2.2495	M 0 -1 C 0.5 -0.5 0.3 0.2 0.8 1 L 0 0.6 L -0.8 1 C -0.3 0.2 -0.5 -0.5 0 -1 Z	0.9142	G0	0		35.06	2.1059	False	True	0	0.0	0.00	0.00
2719	-1	0	Neuron	293	314	2.1449	M 0 -1 C 0.5 -0.5 0.3 0.2 0.8 1 L 0 0.6 L -0.8 1 C -0.3 0.2 -0.5 -0.5 0 -1 Z	1.0613	G0	0		34.87	2.2284	False	True	0	0.0	0.00	0.00
2720	-1	0	Neuron	90	261	0.9605	M 0 -1 C 0.5 -0.5 0.3 0.2 0.8 1 L 0 0.6 L -0.8 1 C -0.3 0.2 -0.5 -0.5 0 -1 Z	1.0600	G0	0		36.59	3.8156	False	True	0	0.0	0.00	0.00
2721	-1	0	Neuron	838	554	0.7787	M 0 -1 C 0.5 -0.5 0.3 0.2 0.8 1 L 0 0.6 L -0.8 1 C -0.3 0.2 -0.5 -0.5 0 -1 Z	1.3511	G0	0		35.29	2.7192	False	True	0	0.0	0.00	0.00
2722	-1	0	Neuron	621	700	5.9987	M 0 -1 C 0.5 -0.5 0.3 0.2 0.8 1 L 0 0.6 L -0.8 1 C -0.3 0.2 -0.5 -0.5 0 -1 Z	0.9352	G0	0		35.79	2.5382	False	True	0	0.0	0.00	0.00
2723	-1	0	Neuron	238	20	0.1680	M 0 -1 C 0.5 -0.5 0.3 0.2 0.8 1 L 0 0.6 L -0.8 1 C -0.3 0.2 -0.5 -0.5 0 -1 Z	1.0625	G0	0		36.33	4.0629	False	True	0	0.0	0.00	0.00
2724	-1	0	Neuron	519	987	5.5646	M 0 -1 C 0.5 -0.5 0.3 0.2 0.8 1 L 0 0.6 L -0.8 1 C -0.3 0.2 -0.5 -0.5 0 -1 Z	0.6356	G0	0		36.52	4.2006	False	True	0	0.0	0.00	0.00
2725	-1	0	Neuron	13	887	1.7046	M 0 -1 C 0.5 -0.5 0.3 0.2 0.8 1 L 0 0.6 L -0.8 1 C -0.3 0.2 -0.5 -0.5 0 -1 Z	1.1052	G0	0		36.06	4.0019	False	True	0	0.0	0.00	0.00
2726	-1	0	Neuron	582	175	2.2194	M 0 -1 C 0.5 -0.5 0.3 0.2 0.8 1 L 0 0.6 L -0.8 1 C -0.3 0.2 -0.5 -0.5 0 -1 Z	1.0127	G0	0		35.14	2.6119	False	True	0	0.0	0.00	0.00
2727	-1	0	Neuron	406	641	0.0986	M 0 -1 C 0.5 -0.5 0.3 0.2 0.8 1 L 0 0.6 L -0.8 1 C -0.3 0.2 -0.5 -0.5 0 -1 Z	0.6438	G0	0		35.10	2.0744	False	True	0	0.0	0.00	0.00
2728	-1	0	Neuron	722	62	3.1343	M 0 -1 C 0.5 -0.5 0.3 0.2 0.8 1 L 0 0.6 L -0.8 1 C -0.3 0.2 -0.5 -0.5 0 -1 Z	0.5433	G0	0		36.02	3.6350	False	True	0	0.0	0.00	0.00
2729	-1	0	Neuron	113	646	5.2913	M 0 -1 C 0.5 -0.5 0.3 0.2 0.8 1 L 0 0.6 L -0.8 1 C -0.3 0.2 -0.5 -0.5 0 -1 Z	1.1794	G0	0		35.30	3.0077	False	True	0	0.0	0.00	0.00
2730	-1	0	Neuron	429	708	4.3720	M 0 -1 C 0.5 -0.5 0.3 0.2 0.8 1 L 0 0.6 L -0.8 1 C -0.3 0.2 -0.5 -0.5 0 -1 Z	1.3388	G0	0		34.46	1.8858	False	True	0	0.0	0.00	0.00
2731	-1	0	Neuron	839	643	4.1013	M 0 -1 C 0.5 -0.5 0.3 0.2 0.8 1 L 0 0.6 L -0.8 1 C -0.3 0.2 -0.5 -0.5 0 -1 Z	0.9488	G0	0		35.86	3.0732	False	True	0	0.0	0.00	0.00
2732	-1	0	Neuron	699	637	6.0386	M 0 -1 C 0.5 -0.5 0.3 0.2 0.8 1 L 0 0.6 L -0.8 1 C -0.3 0.2 -0.5 -0.5 0 -1 Z	1.2859	G0	0		35.37	2.3576	False	True	0	0.0	0.00	0.00
2733	-1	0	Neuron	542	122	0.9638	M 0 -1 C 0.5 -0.5 0.3 0.2 0.8 1 L 0 0.6 L -0.8 1 C -0.3 0.2 -0.5 -0.5 0 -1 Z	1.0451	G0	0		35.96	3.2566	False	True	0	0.0	0.00	0.00
2734	-1	0	Neuron	728	167	5.2309	M 0 -1 C 0.5 -0.5 0.3 0.2 0.8 1 L 0 0.6 L -0.8 1 C -0.3 0.2 -0.5 -0.5 0 -1 Z	1.2705	G0	0		35.70	3.0632	False	True	0	0.0	0.00	0.00
2735	-1	0	Neuron	661	550	4.7976	M 0 -1 C 0.5 -0.5 0.3 0.2 0.8 1 L 0 0.6 L -0.8 1 C -0.3 0.2 -0.5 -0.5 0 -1 Z	0.8733	G0	0		35.33	2.2118	False	True	0	0.0	0.00	0.00
2736	-1	0	Neuron	858	171	1.3639	M 0 -1 C 0.5 -0.5 0.3 0.2 0.8 1 L 0 0.6 L -0.8 1 C -0.3 0.2 -0.5 -0.5 0 -1 Z	0.9355	G0	0		35.79	3.3730	False	True	0	0.0	0.00	0.00
2737	-1	0	Neuron	424	241	4.2143	M 0 -1 C 0.5 -0.5 0.3 0.2 0.8 1 L 0 0.6 L -0.8 1 C -0.3 0.2 -0.5 -0.5 0 -1 Z	1.0404	G0	0		35.37	2.4724	False	True	0	0.0	0.00	0.00
2738	-1	0	Neuron	241	893	2.9911	M 0 -1 C 0.5 -0.5 0.3 0.2 0.8 1 L 0 0.6 L -0.8 1 C -0.3 0.2 -0.5 -0.5 0 -1 Z	1.0164	G0	0		35.36	3.0903	False	True	0	0.0	0.00	0.00
2739	-1	0	Neuron	135	896	1.1951	M 0 -1 C 0.5 -0.5 0.3 0.2 0.8 1 L 0 0.6 L -0.8 1 C -0.3 0.2 -0.5 -0.5 0 -1 Z	0.6714	G0	0		34.92	3.0977	False	True	0	0.0	0.00	0.00
2740	-1	0	Neuron	13	655	1.4507	M 0 -1 C 0.5 -0.5 0.3 0.2 0.8 1 L 0 0.6 L -0.8 1 C -0.3 0.2 -0.5 -0.5 0 -1 Z	1.0200	G0	0		35.56	3.7240	False	True	0	0.0	0.00	0.00
2741	-1	0	Neuron	153	878	4.9440	M 0 -1 C 0.5 -0.5 0.3 0.2 0.8 1 L 0 0.6 L -0.8 1 C -0.3 0.2 -0.5 -0.5 0 -1 Z	1.3807	G0	0		35.50	3.3093	False	True	0	0.0	0.00	0.00
2742	-1	0	Neuron	305	437	2.0115	M 0 -1 C 0.5 -0.5 0.3 0.2 0.8 1 L 0 0.6 L -0.8 1 C -0.3 0.2 -0.5 -0.5 0 -1 Z	0.6059	G0	0		34.26	1.7162	False	True	0	0.0	0.00	0.00
2743	-1	0	Neuron	705	208	4.5732	M 0 -1 C 0.5 -0.5 0.3 0.2 0.8 1 L 0 0.6 L -0.8 1 C -0.3 0.2 -0.5 -0.5 0 -1 Z	0.8132	G0	0		34.94	2.4825	False	True	0	0.0	0.00	0.00
2744	-1	0	Neuron	588	210	2.1971	M 0 -1 C 0.5 -0.5 0.3 0.2 0.8 1 L 0 0.6 L -0.8 1 C -0.3 0.2 -0.5 -0.5 0 -1 Z	0.8477	G0	0		35.55	2.6753	False	True	0	0.0	0.00	0.00
2745	-1	0	Neuron	423	744	3.5374	M 0 -1 C 0.5 -0.5 0.3 0.2 0.8 1 L 0 0.6 L -0.8 1 C -0.3 0.2 -0.5 -0.5 0 -1 Z	0.7251	G0	0		34.84	2.1748	False	True	0	0.0	0.00	0.00
2746	-1	0	Neuron	337	506	6.2462	M 0 -1 C 0.5 -0.5 0.3 0.2 0.8 1 L 0 0.6 L -0.8 1 C -0.3 0.2 -0.5 -0.5 0 -1 Z	1.0283	G0	0		34.65	1.8619	False	True	0	0.0	0.00	0.00
2747	-1	0	Neuron	651	33	2.4366	M 0 -1 C 0.5 -0.5 0.3 0.2 0.8 1 L 0 0.6 L -0.8 1 C -0.3 0.2 -0.5 -0.5 0 -1 Z	1.0451	G0	0		36.17	3.8582	False	True	0	0.0	0.00	0.00
2748	-1	0	Neuron	881	327	2.7741	M 0 -1 C 0.5 -0.5 0.3 0.2 0.8 1 L 0 0.6 L -0.8 1 C -0.3 0.2 -0.5 -0.5 0 -1 Z	1.2157	G0	0		36.04	3.3601	False	True	0	0.0	0.00	0.00
2749	-1	0	Neuron	457	131	0.0331	M 0 -1 C 0.5 -0.5 0.3 0.2 0.8 1 L 0 0.6 L -0.8 1 C -0.3 0.2 -0.5 -0.5 0 -1 Z	1.0924	G0	0		35.62	2.9864	False	True	0	0.0	0.00	0.00
2750	-1	0	Neuron	300	173	2.2893	M 0 -1 C 0.5 -0.5 0.3 0.2 0.8 1 L 0 0.6 L -0.8 1 C -0.3 0.2 -0.5 -0.5 0 -1 Z	1.0168	G0	0		35.85	3.0862	False	True	0	0.0	0.00	0.00
2751	-1	0	Neuron	208	53	1.6525	M 0 -1 C 0.5 -0.5 0.3 0.2 0.8 1 L 0 0.6 L -0.8 1 C -0.3 0.2 -0.5 -0.5 0 -1 Z	0.7290	G0	0		36.13	3.8250	False	True	0	0.0	0.00	0.00
2752	-1	0	Neuron	813	306	4.9099	M 0 -1 C 0.5 -0.5 0.3 0.2 0.8 1 L 0 0.6 L -0.8 1 C -0.3 0.2 -0.5 -0.5 0 -1 Z	1.0670	G0	0		35.11	2.6525	False	True	0	0.0	0.00	0.00
2753	-1	0	Neuron	463	774	0.3415	M 0 -1 C 0.5 -0.5 0.3 0.2 0.8 1 L 0 0.6 L -0.8 1 C -0.3 0.2 -0.5 -0.5 0 -1 Z	0.5415	G0	0		34.91	2.2868	False	True	0	0.0	0.00	0.00
2754	-1	0	Neuron	862	809	3.6279	M 0 -1 C 0.5 -0.5 0.3 0.2 0.8 1 L 0 0.6 L -0.8 1 C -0.3 0.2 -0.5 -0.5 0 -1 Z	0.6010	G0	0		35.72	3.2122	False	True	0	0.0	0.00	0.00
2755	-1	0	Neuron	102	39	1.9331	M 0 -1 C 0.5 -0.5 0.3 0.2 0.8 1 L 0 0.6 L -0.8 1 C -0.3 0.2 -0.5 -0.5 0 -1 Z	0.8005	G0	0		36.12	3.8613	False	True	0	0.0	0.00	0.00
2756	-1	0	Neuron	546	747	4.3509	M 0 -1 C 0.5 -0.5 0.3 0.2 0.8 1 L 0 0.6 L -0.8 1 C -0.3 0.2 -0.5 -0.5 0 -1 Z	1.2827	G0	0		34.75	2.1168	False	True	0	0.0	0.00	0.00
2757	-1	0	Neuron	61	124	2.3698	M 0 -1 C 0.5 -0.5 0.3 0.2 0.8 1 L 0 0.6 L -0.8 1 C -0.3 0.2 -0.5 -0.5 0 -1 Z	1.2316	G0	0		36.09	3.8290	False	True	0	0.0	0.00	0.00
2758	-1	0	Neuron	900	16	2.2702	M 0 -1 C 0.5 -0.5 0.3 0.2 0.8 1 L 0 0.6 L -0.8 1 C -0.3 0.2 -0.5 -0.5 0 -1 Z	0.7521	G0	0		36.22	4.0062	False	True	0	0.0	0.00	0.00
2759	-1	0	Neuron	577	334	1.8250	M 0 -1 C 0.5 -0.5 0.3 0.2 0.8 1 L 0 0.6 L -0.8 1 C -0.3 0.2 -0.5 -0.5 0 -1 Z	1.3386	G0	0		34.68	1.9118	False	True	0	0.0	0.00	0.00
2760	-1	0	Neuron	313	620	0.7191	M 0 -1 C 0.5 -0.5 0.3 0.2 0.8 1 L 0 0.6 L -0.8 1 C -0.3 0.2 -0.5 -0.5 0 -1 Z	1.5533	G0	0		35.57	2.4175	False	True	0	0.0	0.00	0.00
2761	-1	0	Neuron	349	282	2.6981	M 0 -1 C 0.5 -0.5 0.3 0.2 0.8 1 L 0 0.6 L -0.8 1 C -0.3 0.2 -0.5 -0.5 0 -1 Z	1.1995	G0	0		35.77	2.6450	False	True	0	0.0	0.00	0.00
2762	-1	0	Neuron	21	616	3.1844	M 0 -1 C 0.5 -0.5 0.3 0.2 0.8 1 L 0 0.6 L -0.8 1 C -0.3 0.2 -0.5 -0.5 0 -1 Z	0.9959	G0	0		36.26	4.0113	False	True	0	0.0	0.00	0.00
2763	-1	0	Neuron	53	42	4.3937	M 0 -1 C 0.5 -0.5 0.3 0.2 0.8 1 L 0 0.6 L -0.8 1 C -0.3 0.2 -0.5 -0.5 0 -1 Z	1.2619	G0	0		36.10	3.9869	False	True	0	0.0	0.00	0.00
2764	-1	0	Neuron	17	27	4.8561	M 0 -1 C 0.5 -0.5 0.3 0.2 0.8 1 L 0 0.6 L -0.8 1 C -0.3 0.2 -0.5 -0.5 0 -1 Z	0.8230	G0	0		36.07	4.0259	False	True	0	0.0	0.00	0.00
2765	-1	0	Neuron	732	346	1.0465	M 0 -1 C 0.5 -0.5 0.3 0.2 0.8 1 L 0 0.6 L -0.8 1 C -0.3 0.2 -0.5 -0.5 0 -1 Z	1.2515	G0	0		35.15	2.3731	False	True	0	0.0	0.00	0.00
2766	-1	0	Neuron	758	877	4.6501	M 0 -1 C 0.5 -0.5 0.3 0.2 0.8 1 L 0 0.6 L -0.8 1 C -0.3 0.2 -0.5 -0.5 0 -1 Z	0.8880	G0	0		35.87	3.3523	False	True	0	0.0	0.00	0.00
2767	-1	0	Neuron	411	321	3.2573	M 0 -1 C 0.5 -0.5 0.3 0.2 0.8 1 L 0 0.6 L -0.8 1 C -0.3 0.2 -0.5 -0.5 0 -1 Z	1.3766	G0	0		35.81	2.5113	False	True	0	0.0	0.00	0.00
2768	-1	0	Neuron	954	850	6.2706	M 0 -1 C 0.5 -0.5 0.3 0.2 0.8 1 L 0 0.6 L -0.8 1 C -0.3 0.2 -0.5 -0.5 0 -1 Z	1.2019	G0	0		36.46	4.0488	False	True	0	0.0	0.00	0.00
2769	-1	0	Neuron	781	57	4.1142	M 0 -1 C 0.5 -0.5 0.3 0.2 0.8 1 L 0 0.6 L -0.8 1 C -0.3 0.2 -0.5 -0.5 0 -1 Z	0.9587	G0	0		36.35	3.9061	False	True	0	0.0	0.00	0.00
2770	-1	0	Neuron	470	663	0.7965	M 0 -1 C 0.5 -0.5 0.3 0.2 0.8 1 L 0 0.6 L -0.8 1 C -0.3 0.2 -0.5 -0.5 0 -1 Z	0.9098	G0	0		35.27	2.1132	False	True	0	0.0	0.00	0.00
2771	-1	0	Neuron	578	96	5.4105	M 0 -1 C 0.5 -0.5 0.3 0.2 0.8 1 L 0 0.6 L -0.8 1 C -0.3 0.2 -0.5 -0.5 0 -1 Z	0.9519	G0	0		35.65	3.2422	False	True	0	0.0	0.00	0.00
2772	-1	0	Neuron	442	885	0.0992	M 0 -1 C 0.5 -0.5 0.3 0.2 0.8 1 L 0 0.6 L -0.8 1 C -0.3 0.2 -0.5 -0.5 0 -1 Z	1.0377	G0	0		34.99	2.7461	False	True	0	0.0	0.00	0.00
2773	-1	0	Neuron	914	272	3.3601	M 0 -1 C 0.5 -0.5 0.3 0.2 0.8 1 L 0 0.6 L -0.8 1 C -0.3 0.2 -0.5 -0.5 0 -1 Z	0.9916	G0	0		35.70	3.3813	False	True	0	0.0	0.00	0.00
2774	-1	0	Neuron	884	194	1.4012	M 0 -1 C 0.5 -0.5 0.3 0.2 0.8 1 L 0 0.6 L -0.8 1 C -0.3 0.2 -0.5 -0.5 0 -1 Z	1.3505	G0	0		35.08	3.0357	False	True	0	0.0	0.00	0.00
2775	-1	0	Neuron	510	508	0.2444	M 0 -1 C 0.5 -0.5 0.3 0.2 0.8 1 L 0 0.6 L -0.8 1 C -0.3 0.2 -0.5 -0.5 0 -1 Z	0.7749	G0	0		33.14	1.2556	False	True	0	0.0	0.00	0.00
2776	-1	0	Neuron	617	463	3.7213	M 0 -1 C 0.5 -0.5 0.3 0.2 0.8 1 L 0 0.6 L -0.8 1 C -0.3 0.2 -0.5 -0.5 0 -1 Z	0.7837	G0	0		34.62	1.7366	False	True	0	0.0	0.00	0.00
2777	-1	0	Neuron	589	756	6.1429	M 0 -1 C 0.5 -0.5 0.3 0.2 0.8 1 L 0 0.6 L -0.8 1 C -0.3 0.2 -0.5 -0.5 0 -1 Z	0.9407	G0	0		35.39	2.4913	False	True	0	0.0	0.00	0.00
2778	-1	0	Neuron	318	211	3.0569	M 0 -1 C 0.5 -0.5 0.3 0.2 0.8 1 L 0 0.6 L -0.8 1 C -0.3 0.2 -0.5 -0.5 0 -1 Z	1.0211	G0	0		35.97	2.9927	False	True	0	0.0	0.00	0.00
2779	-1	0	Neuron	170	363	2.4078	M 0 -1 C 0.5 -0.5 0.3 0.2 0.8 1 L 0 0.6 L -0.8 1 C -0.3 0.2 -0.5 -0.5 0 -1 Z	1.0163	G0	0		36.12	3.1738	False	True	0	0.0	0.00	0.00
2780	-1	0	Neuron	109	697	1.7614	M 0 -1 C 0.5 -0.5 0.3 0.2 0.8 1 L 0 0.6 L -0.8 1 C -0.3 0.2 -0.5 -0.5 0 -1 Z	0.7912	G0	0		35.88	3.3192	False	True	0	0.0	0.00	0.00
2781	-1	0	Neuron	424	459	5.1072	M 0 -1 C 0.5 -0.5 0.3 0.2 0.8 1 L 0 0.6 L -0.8 1 C -0.3 0.2 -0.5 -0.5 0 -1 Z	0.6266	G0	0		35.11	1.9783	False	True	0	0.0	0.00	0.00
2782	-1	0	Neuron	710	10	5.3491	M 0 -1 C 0.5 -0.5 0.3 0.2 0.8 1 L 0 0.6 L -0.8 1 C -0.3 0.2 -0.5 -0.5 0 -1 Z	1.0354	G0	0		37.00	4.4296	False	True	0	0.0	0.00	0.00
2783	-1	0	Neuron	442	650	4.5999	M 0 -1 C 0.5 -0.5 0.3 0.2 0.8 1 L 0 0.6 L -0.8 1 C -0.3 0.2 -0.5 -0.5 0 -1 Z	0.7893	G0	0		35.63	2.3213	False	True	0	0.0	0.00	0.00
2784	-1	0	Neuron	736	877	2.4646	M 0 -1 C 0.5 -0.5 0.3 0.2 0.8 1 L 0 0.6 L -0.8 1 C -0.3 0.2 -0.5 -0.5 0 -1 Z	0.7161	G0	0		35.34	3.0571	False	True	0	0.0	0.00	0.00
2785	-1	0	Neuron	711	87	3.7450	M 0 -1 C 0.5 -0.5 0.3 0.2 0.8 1 L 0 0.6 L -0.8 1 C -0.3 0.2 -0.5 -0.5 0 -1 Z	0.8746	G0	0		36.07	3.5122	False	True	0	0.0	0.00	0.00
2786	-1	0	Neuron	539	640	1.5451	M 0 -1 C 0.5 -0.5 0.3 0.2 0.8 1 L 0 0.6 L -0.8 1 C -0.3 0.2 -0.5 -0.5 0 -1 Z	1.4130	G0	0		35.91	2.4594	False	True	0	0.0	0.00	0.00
2787	-1	0	Neuron	439	750	0.5204	M 0 -1 C 0.5 -0.5 0.3 0.2 0.8 1 L 0 0.6 L -0.8 1 C -0.3 0.2 -0.5 -0.5 0 -1 Z	1.3621	G0	0		35.51	2.4168	False	True	0	0.0	0.00	0.00
2788	-1	0	Neuron	751	106	1.3053	M 0 -1 C 0.5 -0.5 0.3 0.2 0.8 1 L 0 0.6 L -0.8 1 C -0.3 0.2 -0.5 -0.5 0 -1 Z	1.0294	G0	0		35.98	3.4666	False	True	0	0.0	0.00	0.00
2789	-1	0	Neuron	135	400	1.5452	M 0 -1 C 0.5 -0.5 0.3 0.2 0.8 1 L 0 0.6 L -0.8 1 C -0.3 0.2 -0.5 -0.5 0 -1 Z	0.9910	G0	0		35.91	3.2005	False	True	0	0.0	0.00	0.00
2790	-1	0	Neuron	117	937	3.2564	M 0 -1 C 0.5 -0.5 0.3 0.2 0.8 1 L 0 0.6 L -0.8 1 C -0.3 0.2 -0.5 -0.5 0 -1 Z	0.8874	G0	0		35.74	3.6437	False	True	0	0.0	0.00	0.00
2791	-1	0	Neuron	932	57	1.5099	M 0 -1 C 0.5 -0.5 0.3 0.2 0.8 1 L 0 0.6 L -0.8 1 C -0.3 0.2 -0.5 -0.5 0 -1 Z	1.3714	G0	0		35.92	3.8239	False	True	0	0.0	0.00	0.00
2792	-1	0	Neuron	202	433	0.6805	M 0 -1 C 0.5 -0.5 0.3 0.2 0.8 1 L 0 0.6 L -0.8 1 C -0.3 0.2 -0.5 -0.5 0 -1 Z	1.1048	G0	0		35.43	2.6489	False	True	0	0.0	0.00	0.00
2793	-1	0	Neuron	185	627	5.7875	M 0 -1 C 0.5 -0.5 0.3 0.2 0.8 1 L 0 0.6 L -0.8 1 C -0.3 0.2 -0.5 -0.5 0 -1 Z	1.1129	G0	0		34.85	2.4705	False	True	0	0.0	0.00	0.00
2794	-1	0	Neuron	929	500	0.9060	M 0 -1 C 0.5 -0.5 0.3 0.2 0.8 1 L 0 0.6 L -0.8 1 C -0.3 0.2 -0.5 -0.5 0 -1 Z	1.4652	G0	0		36.56	3.7982	False	True	0	0.0	0.00	0.00
2795	-1	0	Neuron	899	90	6.0031	M 0 -1 C 0.5 -0.5 0.3 0.2 0.8 1 L 0 0.6 L -0.8 1 C -0.3 0.2 -0.5 -0.5 0 -1 Z	0.7281	G0	0		36.68	4.0604	False	True	0	0.0	0.00	0.00
2796	-1	0	Neuron	758	745	2.4575	M 0 -1 C 0.5 -0.5 0.3 0.2 0.8 1 L 0 0.6 L -0.8 1 C -0.3 0.2 -0.5 -0.5 0 -1 Z	0.8816	G0	0		35.14	2.6014	False	True	0	0.0	0.00	0.00
2797	-1	0	Neuron	611	742	2.1659	M 0 -1 C 0.5 -0.5 0.3 0.2 0.8 1 L 0 0.6 L -0.8 1 C -0.3 0.2 -0.5 -0.5 0 -1 Z	0.6913	G0	0		35.77	2.6661	False	True	0	0.0	0.00	0.00
2798	-1	0	Neuron	896	590	4.8383	M 0 -1 C 0.5 -0.5 0.3 0.2 0.8 1 L 0 0.6 L -0.8 1 C -0.3 0.2 -0.5 -0.5 0 -1 Z	0.9986	G0	0		36.08	3.4071	False	True	0	0.0	0.00	0.00
2799	-1	0	Neuron	200	342	3.1763	M 0 -1 C 0.5 -0.5 0.3 0.2 0.8 1 L 0 0.6 L -0.8 1 C -0.3 0.2 -0.5 -0.5 0 -1 Z	1.1797	G0	0		35.82	2.8678	False	True	0	0.0	0.00	0.00
2800	-1	0	Neuron	717	959	5.0514	M 0 -1 C 0.5 -0.5 0.3 0.2 0.8 1 L 0 0.6 L -0.8 1 C -0.3 0.2 -0.5 -0.5 0 -1 Z	1.2195	G0	0		35.83	3.6020	False	True	0	0.0	0.00	0.00
2801	-1	0	Neuron	504	589	2.7574	M 0 -1 C 0.5 -0.5 0.3 0.2 0.8 1 L 0 0.6 L -0.8 1 C -0.3 0.2 -0.5 -0.5 0 -1 Z	1.2110	G0	0		34.89	1.8643	False	True	0	0.0	0.00	0.00
2802	-1	0	Neuron	124	54	4.9904	M 0 -1 C 0.5 -0.5 0.3 0.2 0.8 1 L 0 0.6 L -0.8 1 C -0.3 0.2 -0.5 -0.5 0 -1 Z	0.6708	G0	0		35.45	3.5524	False	True	0	0.0	0.00	0.00
2803	-1	0	Neuron	732	210	6.0602	M 0 -1 C 0.5 -0.5 0.3 0.2 0.8 1 L 0 0.6 L -0.8 1 C -0.3 0.2 -0.5 -0.5 0 -1 Z	1.0655	G0	0		36.23	3.2006	False	True	0	0.0	0.00	0.00
2804	-1	0	Neuron	555	961	6.2204	M 0 -1 C 0.5 -0.5 0.3 0.2 0.8 1 L 0 0.6 L -0.8 1 C -0.3 0.2 -0.5 -0.5 0 -1 Z	1.1553	G0	0		35.53	3.4484	False	True	0	0.0	0.00	0.00
2805	-1	0	Neuron	394	495	2.0332	M 0 -1 C 0.5 -0.5 0.3 0.2 0.8 1 L 0 0.6 L -0.8 1 C -0.3 0.2 -0.5 -0.5 0 -1 Z	0.9961	G0	0		34.06	1.4774	False	True	0	0.0	0.00	0.00
2806	-1	0	Neuron	878	174	0.9587	M 0 -1 C 0.5 -0.5 0.3 0.2 0.8 1 L 0 0.6 L -0.8 1 C -0.3 0.2 -0.5 -0.5 0 -1 Z	1.0019	G0	0		35.53	3.2938	False	True	0	0.0	0.00	0.00
2807	-1	0	Neuron	761	704	1.4956	M 0 -1 C 0.5 -0.5 0.3 0.2 0.8 1 L 0 0.6 L -0.8 1 C -0.3 0.2 -0.5 -0.5 0 -1 Z	1.0007	G0	0		35.56	2.7411	False	True	0	0.0	0.00	0.00
2808	-1	0	Neuron	392	619	5.4387	M 0 -1 C 0.5 -0.5 0.3 0.2 0.8 1 L 0 0.6 L -0.8 1 C -0.3 0.2 -0.5 -0.5 0 -1 Z	0.8026	G0	0		35.56	2.3053	False	True	0	0.0	0.00	0.00
2809	-1	0	Neuron	153	962	3.7738	M 0 -1 C 0.5 -0.5 0.3 0.2 0.8 1 L 0 0.6 L -0.8 1 C -0.3 0.2 -0.5 -0.5 0 -1 Z	0.9621	G0	0		36.15	3.9195	False	True	0	0.0	0.00	0.00
2810	-1	0	Neuron	693	42	0.1090	M 0 -1 C 0.5 -0.5 0.3 0.2 0.8 1 L 0 0.6 L -0.8 1 C -0.3 0.2 -0.5 -0.5 0 -1 Z	0.8992	G0	0		36.07	3.7876	False	True	0	0.0	0.00	0.00
2811	-1	0	Neuron	111	205	1.0500	M 0 -1 C 0.5 -0.5 0.3 0.2 0.8 1 L 0 0.6 L -0.8 1 C -0.3 0.2 -0.5 -0.5 0 -1 Z	0.5607	G0	0		35.85	3.4549	False	True	0	0.0	0.00	0.00
2812	-1	0	Neuron	938	445	1.8831	M 0 -1 C 0.5 -0.5 0.3 0.2 0.8 1 L 0 0.6 L -0.8 1 C -0.3 0.2 -0.5 -0.5 0 -1 Z	1.2903	G0	0		35.59	3.4043	False	True	0	0.0	0.00	0.00
2813	-1	0	Neuron	330	93	3.2655	M 0 -1 C 0.5 -0.5 0.3 0.2 0.8 1 L 0 0.6 L -0.8 1 C -0.3 0.2 -0.5 -0.5 0 -1 Z	0.8199	G0	0		35.99	3.4053	False	True	0	0.0	0.00	0.00
2814	-1	0	Neuron	639	916	2.4387	M 0 -1 C 0.5 -0.5 0.3 0.2 0.8 1 L 0 0.6 L -0.8 1 C -0.3 0.2 -0.5 -0.5 0 -1 Z	1.0784	G0	0		35.81	3.4085	False	True	0	0.0	0.00	0.00
2815	-1	0	Neuron	850	112	1.2380	M 0 -1 C 0.5 -0.5 0.3 0.2 0.8 1 L 0 0.6 L -0.8 1 C -0.3 0.2 -0.5 -0.5 0 -1 Z	0.9596	G0	0		36.58	3.8799	False	True	0	0.0	0.00	0.00
2816	-1	0	Neuron	410	545	5.1522	M 0 -1 C 0.5 -0.5 0.3 0.2 0.8 1 L 0 0.6 L -0.8 1 C -0.3 0.2 -0.5 -0.5 0 -1 Z	0.9378	G0	0		35.25	2.0698	False	True	0	0.0	0.00	0.00
2817	-1	0	Neuron	45	638	5.3106	M 0 -1 C 0.5 -0.5 0.3 0.2 0.8 1 L 0 0.6 L -0.8 1 C -0.3 0.2 -0.5 -0.5 0 -1 Z	1.4035	G0	0		35.70	3.5854	False	True	0	0.0	0.00	0.00
2818	-1	0	Neuron	89	121	1.7374	M 0 -1 C 0.5 -0.5 0.3 0.2 0.8 1 L 0 0.6 L -0.8 1 C -0.3 0.2 -0.5 -0.5 0 -1 Z	1.2171	G0	0		36.25	3.7798	False	True	0	0.0	0.00	0.00
2819	-1	0	Neuron	466	179	1.8133	M 0 -1 C 0.5 -0.5 0.3 0.2 0.8 1 L 0 0.6 L -0.8 1 C -0.3 0.2 -0.5 -0.5 0 -1 Z	1.4211	G0	0		35.44	2.7216	False	True	0	0.0	0.00	0.00
2820	-1	0	Neuron	335	546	5.0864	M 0 -1 C 0.5 -0.5 0.3 0.2 0.8 1 L 0 0.6 L -0.8 1 C -0.3 0.2 -0.5 -0.5 0 -1 Z	1.2207	G0	0		34.15	1.6277	False	True	0	0.0	0.00	0.00
2821	-1	0	Neuron	180	148	4.1095	M 0 -1 C 0.5 -0.5 0.3 0.2 0.8 1 L 0 0.6 L -0.8 1 C -0.3 0.2 -0.5 -0.5 0 -1 Z	0.6409	G0	0		36.45	3.6618	False	True	0	0.0	0.00	0.00
2822	-1	0	Neuron	154	570	1.5647	M 0 -1 C 0.5 -0.5 0.3 0.2 0.8 1 L 0 0.6 L -0.8 1 C -0.3 0.2 -0.5 -0.5 0 -1 Z	0.9854	G0	0		35.92	3.0925	False	True	0	0.0	0.00	0.00
2823	-1	0	Neuron	261	564	5.3582	M 0 -1 C 0.5 -0.5 0.3 0.2 0.8 1 L 0 0.6 L -0.8 1 C -0.3 0.2 -0.5 -0.5 0 -1 Z	0.9829	G0	0		35.32	2.3984	False	True	0	0.0	0.00	0.00
2824	-1	0	Neuron	625	492	3.9795	M 0 -1 C 0.5 -0.5 0.3 0.2 0.8 1 L 0 0.6 L -0.8 1 C -0.3 0.2 -0.5 -0.5 0 -1 Z	1.0535	G0	0		34.67	1.7994	False	True	0	0.0	0.00	0.00
2825	-1	0	Neuron	335	388	0.3479	M 0 -1 C 0.5 -0.5 0.3 0.2 0.8 1 L 0 0.6 L -0.8 1 C -0.3 0.2 -0.5 -0.5 0 -1 Z	0.9442	G0	0		34.79	1.9993	False	True	0	0.0	0.00	0.00
2826	-1	0	Neuron	155	920	0.4411	M 0 -1 C 0.5 -0.5 0.3 0.2 0.8 1 L 0 0.6 L -0.8 1 C -0.3 0.2 -0.5 -0.5 0 -1 Z	0.8628	G0	0		36.12	3.7313	False	True	0	0.0	0.00	0.00
2827	-1	0	Neuron	346	316	4.5324	M 0 -1 C 0.5 -0.5 0.3 0.2 0.8 1 L 0 0.6 L -0.8 1 C -0.3 0.2 -0.5 -0.5 0 -1 Z	0.9074	G0	0		34.54	1.9592	False	True	0	0.0	0.00	0.00
2828	-1	0	Neuron	607	154	1.0821	M 0 -1 C 0.5 -0.5 0.3 0.2 0.8 1 L 0 0.6 L -0.8 1 C -0.3 0.2 -0.5 -0.5 0 -1 Z	0.8703	G0	0		35.16	2.7252	False	True	0	0.0	0.00	0.00
2829	-1	0	Neuron	908	795	1.5455	M 0 -1 C 0.5 -0.5 0.3 0.2 0.8 1 L 0 0.6 L -0.8 1 C -0.3 0.2 -0.5 -0.5 0 -1 Z	0.9621	G0	0		35.22	3.1374	False	True	0	0.0	0.00	0.00
2830	-1	0	Neuron	853	358	4.3837	M 0 -1 C 0.5 -0.5 0.3 0.2 0.8 1 L 0 0.6 L -0.8 1 C -0.3 0.2 -0.5 -0.5 0 -1 Z	0.9300	G0	0		35.64	3.0046	False	True	0	0.0	0.00	0.00
2831	-1	0	Neuron	93	862	0.1550	M 0 -1 C 0.5 -0.5 0.3 0.2 0.8 1 L 0 0.6 L -0.8 1 C -0.3 0.2 -0.5 -0.5 0 -1 Z	1.0318	G0	0		36.09	3.7354	False	True	0	0.0	0.00	0.00
2832	-1	0	Neuron	133	419	0.0265	M 0 -1 C 0.5 -0.5 0.3 0.2 0.8 1 L 0 0.6 L -0.8 1 C -0.3 0.2 -0.5 -0.5 0 -1 Z	1.2189	G0	0		35.73	3.1112	False	True	0	0.0	0.00	0.00
2833	-1	0	Neuron	208	389	3.1872	M 0 -1 C 0.5 -0.5 0.3 0.2 0.8 1 L 0 0.6 L -0.8 1 C -0.3 0.2 -0.5 -0.5 0 -1 Z	0.7470	G0	0		35.93	2.9163	False	True	0	0.0	0.00	0.00
2834	-1	0	Neuron	446	343	3.3388	M 0 -1 C 0.5 -0.5 0.3 0.2 0.8 1 L 0 0.6 L -0.8 1 C -0.3 0.2 -0.5 -0.5 0 -1 Z	0.9156	G0	0		34.54	1.8001	False	True	0	0.0	0.00	0.00
2835	-1	0	Neuron	934	807	6.0094	M 0 -1 C 0.5 -0.5 0.3 0.2 0.8 1 L 0 0.6 L -0.8 1 C -0.3 0.2 -0.5 -0.5 0 -1 Z	0.8133	G0	0		35.60	3.5030	False	True	0	0.0	0.00	0.00
2836	-1	0	Neuron	49	604	3.4399	M 0 -1 C 0.5 -0.5 0.3 0.2 0.8 1 L 0 0.6 L -0.8 1 C -0.3 0.2 -0.5 -0.5 0 -1 Z	0.7518	G0	0		36.16	3.7831	False	True	0	0.0	0.00	0.00
2837	-1	0	Neuron	626	170	6.2829	M 0 -1 C 0.5 -0.5 0.3 0.2 0.8 1 L 0 0.6 L -0.8 1 C -0.3 0.2 -0.5 -0.5 0 -1 Z	0.9577	G0	0		35.66	2.8760	False	True	0	0.0	0.00	0.00
2838	-1	0	Neuron	161	620	2.8194	M 0 -1 C 0.5 -0.5 0.3 0.2 0.8 1 L 0 0.6 L -0.8 1 C -0.3 0.2 -0.5 -0.5 0 -1 Z	0.9893	G0	0		36.18	3.1856	False	True	0	0.0	0.00	0.00
2839	-1	0	Neuron	323	22	2.2047	M 0 -1 C 0.5 -0.5 0.3 0.2 0.8 1 L 0 0.6 L -0.8 1 C -0.3 0.2 -0.5 -0.5 0 -1 Z	1.0918	G0	0		36.05	3.9148	False	True	0	0.0	0.00	0.00
2840	-1	0	Neuron	483	552	5.3017	M 0 -1 C 0.5 -0.5 0.3 0.2 0.8 1 L 0 0.6 L -0.8 1 C -0.3 0.2 -0.5 -0.5 0 -1 Z	1.1803	G0	0		34.53	1.5788	False	True	0	0.0	0.00	0.00
2841	-1	0	Neuron	111	751	1.1349	M 0 -1 C 0.5 -0.5 0.3 0.2 0.8 1 L 0 0.6 L -0.8 1 C -0.3 0.2 -0.5 -0.5 0 -1 Z	1.0513	G0	0		36.36	3.6229	False	True	0	0.0	0.00	0.00
2842	-1	0	Neuron	636	355	0.5491	M 0 -1 C 0.5 -0.5 0.3 0.2 0.8 1 L 0 0.6 L -0.8 1 C -0.3 0.2 -0.5 -0.5 0 -1 Z	1.1979	G0	0		34.18	1.6923	False	True	0	0.0	0.00	0.00
2843	-1	0	Neuron	514	711	2.8165	M 0 -1 C 0.5 -0.5 0.3 0.2 0.8 1 L 0 0.6 L -0.8 1 C -0.3 0.2 -0.5 -0.5 0 -1 Z	1.3292	G0	0		35.11	2.1947	False	True	0	0.0	0.00	0.00
2844	-1	0	Neuron	421	936	5.7919	M 0 -1 C 0.5 -0.5 0.3 0.2 0.8 1 L 0 0.6 L -0.8 1 C -0.3 0.2 -0.5 -0.5 0 -1 Z	0.9466	G0	0		36.00	3.5884	False	True	0	0.0	0.00	0.00
2845	-1	0	Neuron	617	390	5.8967	M 0 -1 C 0.5 -0.5 0.3 0.2 0.8 1 L 0 0.6 L -0.8 1 C -0.3 0.2 -0.5 -0.5 0 -1 Z	0.8890	G0	0		35.38	2.1758	False	True	0	0.0	0.00	0.00
2846	-1	0	Neuron	60	310	3.9063	M 0 -1 C 0.5 -0.5 0.3 0.2 0.8 1 L 0 0.6 L -0.8 1 C -0.3 0.2 -0.5 -0.5 0 -1 Z	1.1568	G0	0		37.00	4.1715	False	True	0	0.0	0.00	0.00
2847	-1	0	Neuron	541	502	1.2011	M 0 -1 C 0.5 -0.5 0.3 0.2 0.8 1 L 0 0.6 L -0.8 1 C -0.3 0.2 -0.5 -0.5 0 -1 Z	0.9166	G0	0		35.31	2.0217	False	True	0	0.0	0.00	0.00
2848	-1	0	Neuron	774	542	2.6525	M 0 -1 C 0.5 -0.5 0.3 0.2 0.8 1 L 0 0.6 L -0.8 1 C -0.3 0.2 -0.5 -0.5 0 -1 Z	0.8891	G0	0		35.17	2.4204	False	True	0	0.0	0.00	0.00
2849	-1	0	Neuron	326	317	1.1792	M 0 -1 C 0.5 -0.5 0.3 0.2 0.8 1 L 0 0.6 L -0.8 1 C -0.3 0.2 -0.5 -0.5 0 -1 Z	1.0178	G0	0		34.76	2.0890	False	True	0	0.0	0.00	0.00
2850	-1	0	Neuron	101	715	4.9753	M 0 -1 C 0.5 -0.5 0.3 0.2 0.8 1 L 0 0.6 L -0.8 1 C -0.3 0.2 -0.5 -0.5 0 -1 Z	0.7646	G0	0		35.20	2.9615	False	True	0	0.0	0.00	0.00
2851	-1	0	Neuron	926	870	1.2997	M 0 -1 C 0.5 -0.5 0.3 0.2 0.8 1 L 0 0.6 L -0.8 1 C -0.3 0.2 -0.5 -0.5 0 -1 Z	0.9311	G0	0		36.46	3.9832	False	True	0	0.0	0.00	0.00
2852	-1	0	Neuron	903	872	1.1214	M 0 -1 C 0.5 -0.5 0.3 0.2 0.8 1 L 0 0.6 L -0.8 1 C -0.3 0.2 -0.5 -0.5 0 -1 Z	1.0206	G0	0		36.08	3.7305	False	True	0	0.0	0.00	0.00
2853	-1	0	Neuron	12	419	0.0683	M 0 -1 C 0.5 -0.5 0.3 0.2 0.8 1 L 0 0.6 L -0.8 1 C -0.3 0.2 -0.5 -0.5 0 -1 Z	0.8989	G0	0		36.20	3.9646	False	True	0	0.0	0.00	0.00
2854	-1	0	Neuron	987	597	5.3602	M 0 -1 C 0.5 -0.5 0.3 0.2 0.8 1 L 0 0.6 L -0.8 1 C -0.3 0.2 -0.5 -0.5 0 -1 Z	1.0240	G0	0		36.04	3.9608	False	True	0	0.0	0.00	0.00
2855	-1	0	Neuron	27	797	5.2946	M 0 -1 C 0.5 -0.5 0.3 0.2 0.8 1 L 0 0.6 L -0.8 1 C -0.3 0.2 -0.5 -0.5 0 -1 Z	0.8886	G0	0		36.00	3.8845	False	True	0	0.0	0.00	0.00
2856	-1	0	Neuron	543	461	3.0186	M 0 -1 C 0.5 -0.5 0.3 0.2 0.8 1 L 0 0.6 L -0.8 1 C -0.3 0.2 -0.5 -0.5 0 -1 Z	0.6287	G0	0		35.17	1.9650	False	True	0	0.0	0.00	0.00
2857	-1	0	Neuron	663	477	2.8245	M 0 -1 C 0.5 -0.5 0.3 0.2 0.8 1 L 0 0.6 L -0.8 1 C -0.3 0.2 -0.5 -0.5 0 -1 Z	1.1541	G0	0		34.90	1.9841	False	True	0	0.0	0.00	0.00
2858	-1	0	Neuron	603	444	4.4404	M 0 -1 C 0.5 -0.5 0.3 0.2 0.8 1 L 0 0.6 L -0.8 1 C -0.3 0.2 -0.5 -0.5 0 -1 Z	0.8949	G0	0		34.54	1.7221	False	True	0	0.0	0.00	0.00
2859	-1	0	Neuron	355	855	5.2969	M 0 -1 C 0.5 -0.5 0.3 0.2 0.8 1 L 0 0.6 L -0.8 1 C -0.3 0.2 -0.5 -0.5 0 -1 Z	0.8098	G0	0		34.38	2.3996	False	True	0	0.0	0.00	0.00
2860	-1	0	Neuron	292	270	1.3382	M 0 -1 C 0.5 -0.5 0.3 0.2 0.8 1 L 0 0.6 L -0.8 1 C -0.3 0.2 -0.5 -0.5 0 -1 Z	1.2649	G0	0		35.95	2.8397	False	True	0	0.0	0.00	0.00
2861	-1	0	Neuron	41	588	4.1060	M 0 -1 C 0.5 -0.5 0.3 0.2 0.8 1 L 0 0.6 L -0.8 1 C -0.3 0.2 -0.5 -0.5 0 -1 Z	1.1233	G0	0		36.07	3.7094	False	True	0	0.0	0.00	0.00
2862	-1	0	Neuron	473	476	0.5288	M 0 -1 C 0.5 -0.5 0.3 0.2 0.8 1 L 0 0.6 L -0.8 1 C -0.3 0.2 -0.5 -0.5 0 -1 Z	1.0844	G0	0		34.52	1.6434	False	True	0	0.0	0.00	0.00
2863	-1	0	Neuron	852	710	1.1324	M 0 -1 C 0.5 -0.5 0.3 0.2 0.8 1 L 0 0.6 L -0.8 1 C -0.3 0.2 -0.5 -0.5 0 -1 Z	0.9565	G0	0		36.19	3.3280	False	True	0	0.0	0.00	0.00
2864	-1	0	Neuron	262	621	4.0419	M 0 -1 C 0.5 -0.5 0.3 0.2 0.8 1 L 0 0.6 L -0.8 1 C -0.3 0.2 -0.5 -0.5 0 -1 Z	0.6410	G0	0		35.61	2.5639	False	True	0	0.0	0.00	0.00
2865	-1	0	Neuron	731	416	5.5662	M 0 -1 C 0.5 -0.5 0.3 0.2 0.8 1 L 0 0.6 L -0.8 1 C -0.3 0.2 -0.5 -0.5 0 -1 Z	0.8021	G0	0		35.32	2.3585	False	True	0	0.0	0.00	0.00
2866	-1	0	Neuron	55	616	5.3691	M 0 -1 C 0.5 -0.5 0.3 0.2 0.8 1 L 0 0.6 L -0.8 1 C -0.3 0.2 -0.5 -0.5 0 -1 Z	0.9904	G0	0		34.78	3.0160	False	True	0	0.0	0.00	0.00
2867	-1	0	Neuron	262	151	4.6964	M 0 -1 C 0.5 -0.5 0.3 0.2 0.8 1 L 0 0.6 L -0.8 1 C -0.3 0.2 -0.5 -0.5 0 -1 Z	0.9754	G0	0		35.95	3.2296	False	True	0	0.0	0.00	0.00
2868	-1	0	Neuron	698	162	1.2731	M 0 -1 C 0.5 -0.5 0.3 0.2 0.8 1 L 0 0.6 L -0.8 1 C -0.3 0.2 -0.5 -0.5 0 -1 Z	0.8133	G0	0		35.90	3.1408	False	True	0	0.0	0.00	0.00
2869	-1	0	Neuron	662	12	0.0713	M 0 -1 C 0.5 -0.5 0.3 0.2 0.8 1 L 0 0.6 L -0.8 1 C -0.3 0.2 -0.5 -0.5 0 -1 Z	1.1619	G0	0		36.49	4.1978	False	True	0	0.0	0.00	0.00
2870	-1	0	Neuron	169	867	2.3588	M 0 -1 C 0.5 -0.5 0.3 0.2 0.8 1 L 0 0.6 L -0.8 1 C -0.3 0.2 -0.5 -0.5 0 -1 Z	1.2728	G0	0		35.53	3.1660	False	True	0	0.0	0.00	0.00
2871	-1	0	Neuron	312	537	3.4058	M 0 -1 C 0.5 -0.5 0.3 0.2 0.8 1 L 0 0.6 L -0.8 1 C -0.3 0.2 -0.5 -0.5 0 -1 Z	0.9150	G0	0		34.95	2.0673	False	True	0	0.0	0.00	0.00
2872	-1	0	Neuron	505	469	0.5183	M 0 -1 C 0.5 -0.5 0.3 0.2 0.8 1 L 0 0.6 L -0.8 1 C -0.3 0.2 -0.5 -0.5 0 -1 Z	1.0670	G0	0		34.90	1.8383	False	True	0	0.0	0.00	0.00
2873	-1	0	Neuron	260	506	4.6881	M 0 -1 C 0.5 -0.5 0.3 0.2 0.8 1 L 0 0.6 L -0.8 1 C -0.3 0.2 -0.5 -0.5 0 -1 Z	1.2680	G0	0		35.56	2.4984	False	True	0	0.0	0.00	0.00
2874	-1	0	Neuron	273	655	2.6429	M 0 -1 C 0.5 -0.5 0.3 0.2 0.8 1 L 0 0.6 L -0.8 1 C -0.3 0.2 -0.5 -0.5 0 -1 Z	1.0423	G0	0		34.59	2.0777	False	True	0	0.0	0.00	0.00
2875	-1	0	Neuron	184	102	3.9990	M 0 -1 C 0.5 -0.5 0.3 0.2 0.8 1 L 0 0.6 L -0.8 1 C -0.3 0.2 -0.5 -0.5 0 -1 Z	0.9975	G0	0		35.66	3.3970	False	True	0	0.0	0.00	0.00
2876	-1	0	Neuron	601	415	3.1684	M 0 -1 C 0.5 -0.5 0.3 0.2 0.8 1 L 0 0.6 L -0.8 1 C -0.3 0.2 -0.5 -0.5 0 -1 Z	1.1814	G0	0		34.86	1.8857	False	True	0	0.0	0.00	0.00
2877	-1	0	Neuron	863	326	3.9724	M 0 -1 C 0.5 -0.5 0.3 0.2 0.8 1 L 0 0.6 L -0.8 1 C -0.3 0.2 -0.5 -0.5 0 -1 Z	1.3211	G0	0		35.19	2.8587	False	True	0	0.0	0.00	0.00
2878	-1	0	Neuron	423	560	4.6359	M 0 -1 C 0.5 -0.5 0.3 0.2 0.8 1 L 0 0.6 L -0.8 1 C -0.3 0.2 -0.5 -0.5 0 -1 Z	1.0279	G0	0		35.49	2.1717	False	True	0	0.0	0.00	0.00
2879	-1	0	Neuron	645	154	1.2824	M 0 -1 C 0.5 -0.5 0.3 0.2 0.8 1 L 0 0.6 L -0.8 1 C -0.3 0.2 -0.5 -0.5 0 -1 Z	0.8660	G0	0		34.65	2.4962	False	True	0	0.0	0.00	0.00
2880	-1	0	Neuron	910	573	1.9717	M 0 -1 C 0.5 -0.5 0.3 0.2 0.8 1 L 0 0.6 L -0.8 1 C -0.3 0.2 -0.5 -0.5 0 -1 Z	0.9628	G0	0		36.26	3.5624	False	True	0	0.0	0.00	0.00
2881	-1	0	Neuron	628	539	0.7948	M 0 -1 C 0.5 -0.5 0.3 0.2 0.8 1 L 0 0.6 L -0.8 1 C -0.3 0.2 -0.5 -0.5 0 -1 Z	1.2852	G0	0		35.13	1.9854	False	True	0	0.0	0.00	0.00
2882	-1	0	Neuron	555	810	6.1817	M 0 -1 C 0.5 -0.5 0.3 0.2 0.8 1 L 0 0.6 L -0.8 1 C -0.3 0.2 -0.5 -0.5 0 -1 Z	1.0503	G0	0		35.69	2.8203	False	True	0	0.0	0.00	0.00
2883	-1	0	Neuron	477	774	3.6695	M 0 -1 C 0.5 -0.5 0.3 0.2 0.8 1 L 0 0.6 L -0.8 1 C -0.3 0.2 -0.5 -0.5 0 -1 Z	1.0373	G0	0		34.91	2.2840	False	True	0	0.0	0.00	0.00
2884	-1	0	Neuron	582	452	1.7702	M 0 -1 C 0.5 -0.5 0.3 0.2 0.8 1 L 0 0.6 L -0.8 1 C -0.3 0.2 -0.5 -0.5 0 -1 Z	0.9632	G0	0		34.99	1.9254	False	True	0	0.0	0.00	0.00
2885	-1	0	Neuron	338	645	2.7603	M 0 -1 C 0.5 -0.5 0.3 0.2 0.8 1 L 0 0.6 L -0.8 1 C -0.3 0.2 -0.5 -0.5 0 -1 Z	1.1591	G0	0		34.81	2.0460	False	True	0	0.0	0.00	0.00
2886	-1	0	Neuron	781	717	3.5779	M 0 -1 C 0.5 -0.5 0.3 0.2 0.8 1 L 0 0.6 L -0.8 1 C -0.3 0.2 -0.5 -0.5 0 -1 Z	0.7231	G0	0		35.80	2.9394	False	True	0	0.0	0.00	0.00
2887	-1	0	Neuron	140	647	4.1800	M 0 -1 C 0.5 -0.5 0.3 0.2 0.8 1 L 0 0.6 L -0.8 1 C -0.3 0.2 -0.5 -0.5 0 -1 Z	0.5142	G0	0		36.21	3.3479	False	True	0	0.0	0.00	0.00
2888	-1	0	Neuron	725	489	5.9888	M 0 -1 C 0.5 -0.5 0.3 0.2 0.8 1 L 0 0.6 L -0.8 1 C -0.3 0.2 -0.5 -0.5 0 -1 Z	1.1489	G0	0		35.13	2.2367	False	True	0	0.0	0.00	0.00
2889	-1	0	Neuron	883	785	0.8862	M 0 -1 C 0.5 -0.5 0.3 0.2 0.8 1 L 0 0.6 L -0.8 1 C -0.3 0.2 -0.5 -0.5 0 -1 Z	0.8704	G0	0		34.95	2.9164	False	True	0	0.0	0.00	0.00
2890	-1	0	Neuron	44	952	2.9109	M 0 -1 C 0.5 -0.5 0.3 0.2 0.8 1 L 0 0.6 L -0.8 1 C -0.3 0.2 -0.5 -0.5 0 -1 Z	0.6460	G0	0		36.02	3.9441	False	True	0	0.0	0.00	0.00
2891	-1	0	Neuron	305	916	1.8306	M 0 -1 C 0.5 -0.5 0.3 0.2 0.8 1 L 0 0.6 L -0.8 1 C -0.3 0.2 -0.5 -0.5 0 -1 Z	0.6756	G0	0		34.93	2.9958	False	True	0	0.0	0.00	0.00
2892	-1	0	Neuron	687	337	3.3924	M 0 -1 C 0.5 -0.5 0.3 0.2 0.8 1 L 0 0.6 L -0.8 1 C -0.3 0.2 -0.5 -0.5 0 -1 Z	1.0409	G0	0		35.05	2.2375	False	True	0	0.0	0.00	0.00
2893	-1	0	Neuron	258	197	4.1248	M 0 -1 C 0.5 -0.5 0.3 0.2 0.8 1 L 0 0.6 L -0.8 1 C -0.3 0.2 -0.5 -0.5 0 -1 Z	0.5740	G0	0		35.67	2.9881	False	True	0	0.0	0.00	0.00
2894	-1	0	Neuron	159	802	4.6062	M 0 -1 C 0.5 -0.5 0.3 0.2 0.8 1 L 0 0.6 L -0.8 1 C -0.3 0.2 -0.5 -0.5 0 -1 Z	1.0340	G0	0		36.01	3.3373	False	True	0	0.0	0.00	0.00
2895	-1	0	Neuron	238	813	0.1580	M 0 -1 C 0.5 -0.5 0.3 0.2 0.8 1 L 0 0.6 L -0.8 1 C -0.3 0.2 -0.5 -0.5 0 -1 Z	0.8265	G0	0		35.66	3.0357	False	True	0	0.0	0.00	0.00
2896	-1	0	Neuron	646	323	1.5313	M 0 -1 C 0.5 -0.5 0.3 0.2 0.8 1 L 0 0.6 L -0.8 1 C -0.3 0.2 -0.5 -0.5 0 -1 Z	0.8866	G0	0		34.23	1.7849	False	True	0	0.0	0.00	0.00
2897	-1	0	Neuron	346	771	5.7270	M 0 -1 C 0.5 -0.5 0.3 0.2 0.8 1 L 0 0.6 L -0.8 1 C -0.3 0.2 -0.5 -0.5 0 -1 Z	0.7734	G0	0		35.51	2.6659	False	True	0	0.0	0.00	0.00
2898	-1	0	Neuron	408	578	5.8345	M 0 -1 C 0.5 -0.5 0.3 0.2 0.8 1 L 0 0.6 L -0.8 1 C -0.3 0.2 -0.5 -0.5 0 -1 Z	0.9274	G0	0		35.24	2.0730	False	True	0	0.0	0.00	0.00
2899	-1	0	Neuron	458	557	2.0480	M 0 -1 C 0.5 -0.5 0.3 0.2 0.8 1 L 0 0.6 L -0.8 1 C -0.3 0.2 -0.5 -0.5 0 -1 Z	1.1550	G0	0		35.04	1.9346	False	True	0	0.0	0.00	0.00
2900	-1	0	Neuron	333	345	4.8193	M 0 -1 C 0.5 -0.5 0.3 0.2 0.8 1 L 0 0.6 L -0.8 1 C -0.3 0.2 -0.5 -0.5 0 -1 Z	0.7596	G0	0		33.94	1.6324	False	True	0	0.0	0.00	0.00
2901	-1	0	Neuron	582	508	2.1105	M 0 -1 C 0.5 -0.5 0.3 0.2 0.8 1 L 0 0.6 L -0.8 1 C -0.3 0.2 -0.5 -0.5 0 -1 Z	1.4267	G0	0		35.26	2.0477	False	True	0	0.0	0.00	0.00
2902	-1	0	Neuron	772	42	0.9305	M 0 -1 C 0.5 -0.5 0.3 0.2 0.8 1 L 0 0.6 L -0.8 1 C -0.3 0.2 -0.5 -0.5 0 -1 Z	0.9104	G0	0		36.25	3.8985	False	True	0	0.0	0.00	0.00
2903	-1	0	Neuron	274	958	3.9693	M 0 -1 C 0.5 -0.5 0.3 0.2 0.8 1 L 0 0.6 L -0.8 1 C -0.3 0.2 -0.5 -0.5 0 -1 Z	1.1798	G0	0		35.94	3.7428	False	True	0	0.0	0.00	0.00
2904	-1	0	Neuron	58	478	5.8584	M 0 -1 C 0.5 -0.5 0.3 0.2 0.8 1 L 0 0.6 L -0.8 1 C -0.3 0.2 -0.5 -0.5 0 -1 Z	0.9881	G0	0		36.26	3.7738	False	True	0	0.0	0.00	0.00
2905	-1	0	Neuron	153	538	5.8327	M 0 -1 C 0.5 -0.5 0.3 0.2 0.8 1 L 0 0.6 L -0.8 1 C -0.3 0.2 -0.5 -0.5 0 -1 Z	1.3431	G0	0		35.27	2.7131	False	True	0	0.0	0.00	0.00
2906	-1	0	Neuron	212	540	5.3131	M 0 -1 C 0.5 -0.5 0.3 0.2 0.8 1 L 0 0.6 L -0.8 1 C -0.3 0.2 -0.5 -0.5 0 -1 Z	1.3208	G0	0		36.03	2.9007	False	True	0	0.0	0.00	0.00
2907	-1	0	Neuron	864	945	0.8464	M 0 -1 C 0.5 -0.5 0.3 0.2 0.8 1 L 0 0.6 L -0.8 1 C -0.3 0.2 -0.5 -0.5 0 -1 Z	1.3427	G0	0		35.06	3.3245	False	True	0	0.0	0.00	0.00
2908	-1	0	Neuron	166	734	0.9850	M 0 -1 C 0.5 -0.5 0.3 0.2 0.8 1 L 0 0.6 L -0.8 1 C -0.3 0.2 -0.5 -0.5 0 -1 Z	0.8902	G0	0		34.86	2.6473	False	True	0	0.0	0.00	0.00
2909	-1	0	Neuron	292	742	3.5603	M 0 -1 C 0.5 -0.5 0.3 0.2 0.8 1 L 0 0.6 L -0.8 1 C -0.3 0.2 -0.5 -0.5 0 -1 Z	0.4112	G0	0		35.66	2.7438	False	True	0	0.0	0.00	0.00
2910	-1	0	Neuron	921	728	3.3638	M 0 -1 C 0.5 -0.5 0.3 0.2 0.8 1 L 0 0.6 L -0.8 1 C -0.3 0.2 -0.5 -0.5 0 -1 Z	0.9327	G0	0		35.89	3.4968	False	True	0	0.0	0.00	0.00
2911	-1	0	Neuron	791	505	4.4653	M 0 -1 C 0.5 -0.5 0.3 0.2 0.8 1 L 0 0.6 L -0.8 1 C -0.3 0.2 -0.5 -0.5 0 -1 Z	1.4061	G0	0		35.30	2.5381	False	True	0	0.0	0.00	0.00
2912	-1	0	Neuron	628	248	4.9351	M 0 -1 C 0.5 -0.5 0.3 0.2 0.8 1 L 0 0.6 L -0.8 1 C -0.3 0.2 -0.5 -0.5 0 -1 Z	0.8681	G0	0		35.40	2.4899	False	True	0	0.0	0.00	0.00
2913	-1	0	Neuron	564	888	1.0080	M 0 -1 C 0.5 -0.5 0.3 0.2 0.8 1 L 0 0.6 L -0.8 1 C -0.3 0.2 -0.5 -0.5 0 -1 Z	0.7610	G0	0		35.27	2.9144	False	True	0	0.0	0.00	0.00
2914	-1	0	Neuron	793	210	1.9700	M 0 -1 C 0.5 -0.5 0.3 0.2 0.8 1 L 0 0.6 L -0.8 1 C -0.3 0.2 -0.5 -0.5 0 -1 Z	0.9607	G0	0		36.07	3.2308	False	True	0	0.0	0.00	0.00
2915	-1	0	Neuron	322	463	5.3347	M 0 -1 C 0.5 -0.5 0.3 0.2 0.8 1 L 0 0.6 L -0.8 1 C -0.3 0.2 -0.5 -0.5 0 -1 Z	0.8769	G0	0		34.78	1.9298	False	True	0	0.0	0.00	0.00
2916	-1	0	Neuron	453	756	1.7448	M 0 -1 C 0.5 -0.5 0.3 0.2 0.8 1 L 0 0.6 L -0.8 1 C -0.3 0.2 -0.5 -0.5 0 -1 Z	0.7825	G0	0		34.80	2.1747	False	True	0	0.0	0.00	0.00
2917	-1	0	Neuron	759	626	0.1394	M 0 -1 C 0.5 -0.5 0.3 0.2 0.8 1 L 0 0.6 L -0.8 1 C -0.3 0.2 -0.5 -0.5 0 -1 Z	0.7937	G0	0		35.13	2.3562	False	True	0	0.0	0.00	0.00
2918	-1	0	Neuron	631	955	1.1266	M 0 -1 C 0.5 -0.5 0.3 0.2 0.8 1 L 0 0.6 L -0.8 1 C -0.3 0.2 -0.5 -0.5 0 -1 Z	1.1176	G0	0		35.99	3.7262	False	True	0	0.0	0.00	0.00
2919	-1	0	Neuron	555	716	3.9878	M 0 -1 C 0.5 -0.5 0.3 0.2 0.8 1 L 0 0.6 L -0.8 1 C -0.3 0.2 -0.5 -0.5 0 -1 Z	1.3431	G0	0		34.24	1.7877	False	True	0	0.0	0.00	0.00
2920	-1	0	Neuron	595	513	2.9760	M 0 -1 C 0.5 -0.5 0.3 0.2 0.8 1 L 0 0.6 L -0.8 1 C -0.3 0.2 -0.5 -0.5 0 -1 Z	1.1200	G0	0		34.34	1.6022	False	True	0	0.0	0.00	0.00
2921	-1	0	Neuron	550	160	2.0322	M 0 -1 C 0.5 -0.5 0.3 0.2 0.8 1 L 0 0.6 L -0.8 1 C -0.3 0.2 -0.5 -0.5 0 -1 Z	1.0771	G0	0		36.31	3.2131	False	True	0	0.0	0.00	0.00
2922	-1	0	Neuron	351	263	3.8189	M 0 -1 C 0.5 -0.5 0.3 0.2 0.8 1 L 0 0.6 L -0.8 1 C -0.3 0.2 -0.5 -0.5 0 -1 Z	0.9474	G0	0		35.24	2.3654	False	True	0	0.0	0.00	0.00
2923	-1	0	Neuron	271	767	5.3003	M 0 -1 C 0.5 -0.5 0.3 0.2 0.8 1 L 0 0.6 L -0.8 1 C -0.3 0.2 -0.5 -0.5 0 -1 Z	1.0146	G0	0		35.73	2.8731	False	True	0	0.0	0.00	0.00
2924	-1	0	Neuron	907	809	2.5545	M 0 -1 C 0.5 -0.5 0.3 0.2 0.8 1 L 0 0.6 L -0.8 1 C -0.3 0.2 -0.5 -0.5 0 -1 Z	0.9540	G0	0		35.48	3.2167	False	True	0	0.0	0.00	0.00
2925	-1	0	Neuron	786	181	4.5982	M 0 -1 C 0.5 -0.5 0.3 0.2 0.8 1 L 0 0.6 L -0.8 1 C -0.3 0.2 -0.5 -0.5 0 -1 Z	1.3088	G0	0		35.80	3.1706	False	True	0	0.0	0.00	0.00
2926	-1	0	Neuron	207	358	0.3892	M 0 -1 C 0.5 -0.5 0.3 0.2 0.8 1 L 0 0.6 L -0.8 1 C -0.3 0.2 -0.5 -0.5 0 -1 Z	0.7977	G0	0		35.49	2.7197	False	True	0	0.0	0.00	0.00
2927	-1	0	Neuron	156	126	0.4910	M 0 -1 C 0.5 -0.5 0.3 0.2 0.8 1 L 0 0.6 L -0.8 1 C -0.3 0.2 -0.5 -0.5 0 -1 Z	1.2051	G0	0		35.25	3.1875	False	True	0	0.0	0.00	0.00
2928	-1	0	Neuron	799	884	4.3525	M 0 -1 C 0.5 -0.5 0.3 0.2 0.8 1 L 0 0.6 L -0.8 1 C -0.3 0.2 -0.5 -0.5 0 -1 Z	0.9505	G0	0		35.92	3.4548	False	True	0	0.0	0.00	0.00
2929	-1	0	Neuron	43	193	2.9791	M 0 -1 C 0.5 -0.5 0.3 0.2 0.8 1 L 0 0.6 L -0.8 1 C -0.3 0.2 -0.5 -0.5 0 -1 Z	1.2593	G0	0		35.95	3.7911	False	True	0	0.0	0.00	0.00
2930	-1	0	Neuron	392	163	2.3846	M 0 -1 C 0.5 -0.5 0.3 0.2 0.8 1 L 0 0.6 L -0.8 1 C -0.3 0.2 -0.5 -0.5 0 -1 Z	0.8361	G0	0		35.24	2.6658	False	True	0	0.0	0.00	0.00
2931	-1	0	Neuron	357	413	2.4230	M 0 -1 C 0.5 -0.5 0.3 0.2 0.8 1 L 0 0.6 L -0.8 1 C -0.3 0.2 -0.5 -0.5 0 -1 Z	0.8839	G0	0		34.77	1.9012	False	True	0	0.0	0.00	0.00
2932	-1	0	Neuron	780	313	3.6280	M 0 -1 C 0.5 -0.5 0.3 0.2 0.8 1 L 0 0.6 L -0.8 1 C -0.3 0.2 -0.5 -0.5 0 -1 Z	0.9259	G0	0		35.39	2.5730	False	True	0	0.0	0.00	0.00
2933	-1	0	Neuron	453	944	1.6379	M 0 -1 C 0.5 -0.5 0.3 0.2 0.8 1 L 0 0.6 L -0.8 1 C -0.3 0.2 -0.5 -0.5 0 -1 Z	1.4136	G0	0		35.40	3.3199	False	True	0	0.0	0.00	0.00
2934	-1	0	Neuron	450	634	5.5992	M 0 -1 C 0.5 -0.5 0.3 0.2 0.8 1 L 0 0.6 L -0.8 1 C -0.3 0.2 -0.5 -0.5 0 -1 Z	1.4624	G0	0		35.40	2.1859	False	True	0	0.0	0.00	0.00
2935	-1	0	Neuron	605	597	0.4232	M 0 -1 C 0.5 -0.5 0.3 0.2 0.8 1 L 0 0.6 L -0.8 1 C -0.3 0.2 -0.5 -0.5 0 -1 Z	1.1995	G0	0		34.39	1.6939	False	True	0	0.0	0.00	0.00
2936	-1	0	Neuron	249	882	2.2060	M 0 -1 C 0.5 -0.5 0.3 0.2 0.8 1 L 0 0.6 L -0.8 1 C -0.3 0.2 -0.5 -0.5 0 -1 Z	1.0131	G0	0		36.11	3.4522	False	True	0	0.0	0.00	0.00
2937	-1	0	Neuron	14	813	3.9053	M 0 -1 C 0.5 -0.5 0.3 0.2 0.8 1 L 0 0.6 L -0.8 1 C -0.3 0.2 -0.5 -0.5 0 -1 Z	0.9431	G0	0		35.81	3.8582	False	True	0	0.0	0.00	0.00
2938	-1	0	Neuron	115	868	4.8927	M 0 -1 C 0.5 -0.5 0.3 0.2 0.8 1 L 0 0.6 L -0.8 1 C -0.3 0.2 -0.5 -0.5 0 -1 Z	1.3475	G0	0		35.43	3.3023	False	True	0	0.0	0.00	0.00
2939	-1	0	Neuron	716	46	0.4594	M 0 -1 C 0.5 -0.5 0.3 0.2 0.8 1 L 0 0.6 L -0.8 1 C -0.3 0.2 -0.5 -0.5 0 -1 Z	1.2804	G0	0		35.37	3.4307	False	True	0	0.0	0.00	0.00
2940	-1	0	Neuron	608	303	2.4083	M 0 -1 C 0.5 -0.5 0.3 0.2 0.8 1 L 0 0.6 L -0.8 1 C -0.3 0.2 -0.5 -0.5 0 -1 Z	0.9759	G0	0		35.09	2.1779	False	True	0	0.0	0.00	0.00
2941	-1	0	Neuron	932	263	2.1992	M 0 -1 C 0.5 -0.5 0.3 0.2 0.8 1 L 0 0.6 L -0.8 1 C -0.3 0.2 -0.5 -0.5 0 -1 Z	0.7720	G0	0		35.95	3.5700	False	True	0	0.0	0.00	0.00
2942	-1	0	Neuron	622	18	3.4716	M 0 -1 C 0.5 -0.5 0.3 0.2 0.8 1 L 0 0.6 L -0.8 1 C -0.3 0.2 -0.5 -0.5 0 -1 Z	1.0663	G0	0		35.87	3.7447	False	True	0	0.0	0.00	0.00
2943	-1	0	Neuron	724	448	5.4188	M 0 -1 C 0.5 -0.5 0.3 0.2 0.8 1 L 0 0.6 L -0.8 1 C -0.3 0.2 -0.5 -0.5 0 -1 Z	1.0150	G0	0		34.82	2.0907	False	True	0	0.0	0.00	0.00
2944	-1	0	Neuron	359	550	3.0939	M 0 -1 C 0.5 -0.5 0.3 0.2 0.8 1 L 0 0.6 L -0.8 1 C -0.3 0.2 -0.5 -0.5 0 -1 Z	0.7171	G0	0		35.52	2.2112	False	True	0	0.0	0.00	0.00
2945	-1	0	Neuron	392	460	1.0990	M 0 -1 C 0.5 -0.5 0.3 0.2 0.8 1 L 0 0.6 L -0.8 1 C -0.3 0.2 -0.5 -0.5 0 -1 Z	0.9095	G0	0		35.62	2.2540	False	True	0	0.0	0.00	0.00
2946	-1	0	Neuron	850	482	0.7972	M 0 -1 C 0.5 -0.5 0.3 0.2 0.8 1 L 0 0.6 L -0.8 1 C -0.3 0.2 -0.5 -0.5 0 -1 Z	0.8651	G0	0		36.18	3.2012	False	True	0	0.0	0.00	0.00
2947	-1	0	Neuron	105	988	0.6582	M 0 -1 C 0.5 -0.5 0.3 0.2 0.8 1 L 0 0.6 L -0.8 1 C -0.3 0.2 -0.5 -0.5 0 -1 Z	1.2652	G0	0		35.88	3.9183	False	True	0	0.0	0.00	0.00
2948	-1	0	Neuron	61	588	3.3804	M 0 -1 C 0.5 -0.5 0.3 0.2 0.8 1 L 0 0.6 L -0.8 1 C -0.3 0.2 -0.5 -0.5 0 -1 Z	1.1498	G0	0		36.46	3.8604	False	True	0	0.0	0.00	0.00
2949	-1	0	Neuron	539	182	5.8680	M 0 -1 C 0.5 -0.5 0.3 0.2 0.8 1 L 0 0.6 L -0.8 1 C -0.3 0.2 -0.5 -0.5 0 -1 Z	0.8693	G0	0		35.81	2.8824	False	True	0	0.0	0.00	0.00
2950	-1	0	Neuron	650	464	3.2330	M 0 -1 C 0.5 -0.5 0.3 0.2 0.8 1 L 0 0.6 L -0.8 1 C -0.3 0.2 -0.5 -0.5 0 -1 Z	0.6327	G0	0		35.30	2.1641	False	True	0	0.0	0.00	0.00
2951	-1	0	Neuron	745	838	6.0565	M 0 -1 C 0.5 -0.5 0.3 0.2 0.8 1 L 0 0.6 L -0.8 1 C -0.3 0.2 -0.5 -0.5 0 -1 Z	0.9553	G0	0		35.18	2.8185	False	True	0	0.0	0.00	0.00
2952	-1	0	Neuron	510	455	4.8803	M 0 -1 C 0.5 -0.5 0.3 0.2 0.8 1 L 0 0.6 L -0.8 1 C -0.3 0.2 -0.5 -0.5 0 -1 Z	1.1986	G0	0		35.06	1.8990	False	True	0	0.0	0.00	0.00
2953	-1	0	Neuron	442	479	0.1433	M 0 -1 C 0.5 -0.5 0.3 0.2 0.8 1 L 0 0.6 L -0.8 1 C -0.3 0.2 -0.5 -0.5 0 -1 Z	1.1015	G0	0		35.46	2.1305	False	True	0	0.0	0.00	0.00
2954	-1	0	Neuron	289	97	1.9045	M 0 -1 C 0.5 -0.5 0.3 0.2 0.8 1 L 0 0.6 L -0.8 1 C -0.3 0.2 -0.5 -0.5 0 -1 Z	0.8480	G0	0		35.85	3.3671	False	True	0	0.0	0.00	0.00
2955	-1	0	Neuron	136	51	2.2212	M 0 -1 C 0.5 -0.5 0.3 0.2 0.8 1 L 0 0.6 L -0.8 1 C -0.3 0.2 -0.5 -0.5 0 -1 Z	1.0009	G0	0		36.25	3.9324	False	True	0	0.0	0.00	0.00
2956	-1	0	Neuron	191	754	4.7323	M 0 -1 C 0.5 -0.5 0.3 0.2 0.8 1 L 0 0.6 L -0.8 1 C -0.3 0.2 -0.5 -0.5 0 -1 Z	0.8043	G0	0		35.74	3.0568	False	True	0	0.0	0.00	0.00
2957	-1	0	Neuron	884	27	4.5663	M 0 -1 C 0.5 -0.5 0.3 0.2 0.8 1 L 0 0.6 L -0.8 1 C -0.3 0.2 -0.5 -0.5 0 -1 Z	0.9117	G0	0		35.74	3.7848	False	True	0	0.0	0.00	0.00
2958	-1	0	Neuron	493	654	1.1787	M 0 -1 C 0.5 -0.5 0.3 0.2 0.8 1 L 0 0.6 L -0.8 1 C -0.3 0.2 -0.5 -0.5 0 -1 Z	1.1220	G0	0		34.55	1.7732	False	True	0	0.0	0.00	0.00
2959	-1	0	Neuron	553	871	1.3455	M 0 -1 C 0.5 -0.5 0.3 0.2 0.8 1 L 0 0.6 L -0.8 1 C -0.3 0.2 -0.5 -0.5 0 -1 Z	1.1216	G0	0		35.72	3.1013	False	True	0	0.0	0.00	0.00
2960	-1	0	Neuron	634	861	4.6165	M 0 -1 C 0.5 -0.5 0.3 0.2 0.8 1 L 0 0.6 L -0.8 1 C -0.3 0.2 -0.5 -0.5 0 -1 Z	0.8686	G0	0		35.77	3.1175	False	True	0	0.0	0.00	0.00
2961	-1	0	Neuron	122	622	6.2316	M 0 -1 C 0.5 -0.5 0.3 0.2 0.8 1 L 0 0.6 L -0.8 1 C -0.3 0.2 -0.5 -0.5 0 -1 Z	0.7608	G0	0		36.00	3.3090	False	True	0	0.0	0.00	0.00
2962	-1	0	Neuron	954	61	0.8728	M 0 -1 C 0.5 -0.5 0.3 0.2 0.8 1 L 0 0.6 L -0.8 1 C -0.3 0.2 -0.5 -0.5 0 -1 Z	1.0116	G0	0		36.31	4.0735	False	True	0	0.0	0.00	0.00
2963	-1	0	Neuron	252	926	2.9211	M 0 -1 C 0.5 -0.5 0.3 0.2 0.8 1 L 0 0.6 L -0.8 1 C -0.3 0.2 -0.5 -0.5 0 -1 Z	1.0660	G0	0		35.59	3.4116	False	True	0	0.0	0.00	0.00
2964	-1	0	Neuron	699	179	2.2695	M 0 -1 C 0.5 -0.5 0.3 0.2 0.8 1 L 0 0.6 L -0.8 1 C -0.3 0.2 -0.5 -0.5 0 -1 Z	0.9162	G0	0		35.66	2.8614	False	True	0	0.0	0.00	0.00
2965	-1	0	Neuron	510	857	2.6831	M 0 -1 C 0.5 -0.5 0.3 0.2 0.8 1 L 0 0.6 L -0.8 1 C -0.3 0.2 -0.5 -0.5 0 -1 Z	1.1385	G0	0		35.36	2.7728	False	True	0	0.0	0.00	0.00
2966	-1	0	Neuron	304	597	1.3918	M 0 -1 C 0.5 -0.5 0.3 0.2 0.8 1 L 0 0.6 L -0.8 1 C -0.3 0.2 -0.5 -0.5 0 -1 Z	1.0442	G0	0		34.55	1.8904	False	True	0	0.0	0.00	0.00
2967	-1	0	Neuron	13	450	6.1142	M 0 -1 C 0.5 -0.5 0.3 0.2 0.8 1 L 0 0.6 L -0.8 1 C -0.3 0.2 -0.5 -0.5 0 -1 Z	0.6918	G0	0		36.64	4.2397	False	True	0	0.0	0.00	0.00
2968	-1	0	Neuron	987	195	3.5678	M 0 -1 C 0.5 -0.5 0.3 0.2 0.8 1 L 0 0.6 L -0.8 1 C -0.3 0.2 -0.5 -0.5 0 -1 Z	0.8183	G0	0		35.57	3.7423	False	True	0	0.0	0.00	0.00
2969	-1	0	Neuron	200	279	2.7330	M 0 -1 C 0.5 -0.5 0.3 0.2 0.8 1 L 0 0.6 L -0.8 1 C -0.3 0.2 -0.5 -0.5 0 -1 Z	1.0117	G0	0		35.76	2.9713	False	True	0	0.0	0.00	0.00
2970	-1	0	Neuron	956	99	1.2929	M 0 -1 C 0.5 -0.5 0.3 0.2 0.8 1 L 0 0.6 L -0.8 1 C -0.3 0.2 -0.5 -0.5 0 -1 Z	1.2288	G0	0		36.15	3.9252	False	True	0	0.0	0.00	0.00
2971	-1	0	Neuron	181	599	3.6041	M 0 -1 C 0.5 -0.5 0.3 0.2 0.8 1 L 0 0.6 L -0.8 1 C -0.3 0.2 -0.5 -0.5 0 -1 Z	0.9594	G0	0		36.17	3.1265	False	True	0	0.0	0.00	0.00
2972	-1	0	Neuron	23	594	1.8629	M 0 -1 C 0.5 -0.5 0.3 0.2 0.8 1 L 0 0.6 L -0.8 1 C -0.3 0.2 -0.5 -0.5 0 -1 Z	0.8873	G0	0		35.59	3.6505	False	True	0	0.0	0.00	0.00
2973	-1	0	Neuron	335	429	1.2348	M 0 -1 C 0.5 -0.5 0.3 0.2 0.8 1 L 0 0.6 L -0.8 1 C -0.3 0.2 -0.5 -0.5 0 -1 Z	1.1427	G0	0		35.05	2.0909	False	True	0	0.0	0.00	0.00
2974	-1	0	Neuron	588	114	0.4176	M 0 -1 C 0.5 -0.5 0.3 0.2 0.8 1 L 0 0.6 L -0.8 1 C -0.3 0.2 -0.5 -0.5 0 -1 Z	1.0080	G0	0		35.56	3.1031	False	True	0	0.0	0.00	0.00
2975	-1	0	Neuron	457	300	2.3886	M 0 -1 C 0.5 -0.5 0.3 0.2 0.8 1 L 0 0.6 L -0.8 1 C -0.3 0.2 -0.5 -0.5 0 -1 Z	1.4576	G0	0		35.71	2.4793	False	True	0	0.0	0.00	0.00
2976	-1	0	Neuron	840	626	3.8623	M 0 -1 C 0.5 -0.5 0.3 0.2 0.8 1 L 0 0.6 L -0.8 1 C -0.3 0.2 -0.5 -0.5 0 -1 Z	1.0549	G0	0		35.95	3.1059	False	True	0	0.0	0.00	0.00
2977	-1	0	Neuron	881	734	5.0522	M 0 -1 C 0.5 -0.5 0.3 0.2 0.8 1 L 0 0.6 L -0.8 1 C -0.3 0.2 -0.5 -0.5 0 -1 Z	1.3596	G0	0		35.41	3.0555	False	True	0	0.0	0.00	0.00
2978	-1	0	Neuron	304	409	1.5136	M 0 -1 C 0.5 -0.5 0.3 0.2 0.8 1 L 0 0.6 L -0.8 1 C -0.3 0.2 -0.5 -0.5 0 -1 Z	1.0105	G0	0		35.09	2.1862	False	True	0	0.0	0.00	0.00
2979	-1	0	Neuron	631	648	0.2274	M 0 -1 C 0.5 -0.5 0.3 0.2 0.8 1 L 0 0.6 L -0.8 1 C -0.3 0.2 -0.5 -0.5 0 -1 Z	0.9560	G0	0		35.63	2.4173	False	True	0	0.0	0.00	0.00
2980	-1	0	Neuron	927	647	4.6662	M 0 -1 C 0.5 -0.5 0.3 0.2 0.8 1 L 0 0.6 L -0.8 1 C -0.3 0.2 -0.5 -0.5 0 -1 Z	0.9033	G0	0		35.73	3.4357	False	True	0	0.0	0.00	0.00
2981	-1	0	Neuron	264	350	0.1527	M 0 -1 C 0.5 -0.5 0.3 0.2 0.8 1 L 0 0.6 L -0.8 1 C -0.3 0.2 -0.5 -0.5 0 -1 Z	1.1838	G0	0		35.60	2.5949	False	True	0	0.0	0.00	0.00
2982	-1	0	Neuron	451	269	5.3225	M 0 -1 C 0.5 -0.5 0.3 0.2 0.8 1 L 0 0.6 L -0.8 1 C -0.3 0.2 -0.5 -0.5 0 -1 Z	1.2562	G0	0		35.43	2.3449	False	True	0	0.0	0.00	0.00
2983	-1	0	Neuron	466	115	0.4717	M 0 -1 C 0.5 -0.5 0.3 0.2 0.8 1 L 0 0.6 L -0.8 1 C -0.3 0.2 -0.5 -0.5 0 -1 Z	0.8409	G0	0		34.64	2.6134	False	True	0	0.0	0.00	0.00
2984	-1	0	Neuron	363	589	0.7302	M 0 -1 C 0.5 -0.5 0.3 0.2 0.8 1 L 0 0.6 L -0.8 1 C -0.3 0.2 -0.5 -0.5 0 -1 Z	1.1053	G0	0		35.29	2.1627	False	True	0	0.0	0.00	0.00
2985	-1	0	Neuron	180	918	4.6311	M 0 -1 C 0.5 -0.5 0.3 0.2 0.8 1 L 0 0.6 L -0.8 1 C -0.3 0.2 -0.5 -0.5 0 -1 Z	1.2718	G0	0		36.69	3.9991	False	True	0	0.0	0.00	0.00
2986	-1	0	Neuron	303	104	1.5316	M 0 -1 C 0.5 -0.5 0.3 0.2 0.8 1 L 0 0.6 L -0.8 1 C -0.3 0.2 -0.5 -0.5 0 -1 Z	1.0350	G0	0		35.31	3.0830	False	True	0	0.0	0.00	0.00
2987	-1	0	Neuron	963	150	6.0898	M 0 -1 C 0.5 -0.5 0.3 0.2 0.8 1 L 0 0.6 L -0.8 1 C -0.3 0.2 -0.5 -0.5 0 -1 Z	1.1734	G0	0		36.16	3.9018	False	True	0	0.0	0.00	0.00
2988	-1	0	Neuron	125	150	2.5027	M 0 -1 C 0.5 -0.5 0.3 0.2 0.8 1 L 0 0.6 L -0.8 1 C -0.3 0.2 -0.5 -0.5 0 -1 Z	1.1601	G0	0		35.14	2.9735	False	True	0	0.0	0.00	0.00
2989	-1	0	Neuron	134	203	2.5983	M 0 -1 C 0.5 -0.5 0.3 0.2 0.8 1 L 0 0.6 L -0.8 1 C -0.3 0.2 -0.5 -0.5 0 -1 Z	1.1231	G0	0		34.56	2.5913	False	True	0	0.0	0.00	0.00
2990	-1	0	Neuron	877	160	1.2818	M 0 -1 C 0.5 -0.5 0.3 0.2 0.8 1 L 0 0.6 L -0.8 1 C -0.3 0.2 -0.5 -0.5 0 -1 Z	0.9250	G0	0		36.39	3.7382	False	True	0	0.0	0.00	0.00
2991	-1	0	Neuron	790	959	0.3435	M 0 -1 C 0.5 -0.5 0.3 0.2 0.8 1 L 0 0.6 L -0.8 1 C -0.3 0.2 -0.5 -0.5 0 -1 Z	1.3582	G0	0		36.96	4.2884	False	True	0	0.0	0.00	0.00
2992	-1	0	Neuron	582	428	4.2574	M 0 -1 C 0.5 -0.5 0.3 0.2 0.8 1 L 0 0.6 L -0.8 1 C -0.3 0.2 -0.5 -0.5 0 -1 Z	0.9424	G0	0		35.28	2.0874	False	True	0	0.0	0.00	0.00
2993	-1	0	Neuron	154	843	4.5794	M 0 -1 C 0.5 -0.5 0.3 0.2 0.8 1 L 0 0.6 L -0.8 1 C -0.3 0.2 -0.5 -0.5 0 -1 Z	0.9631	G0	0		35.42	3.1868	False	True	0	0.0	0.00	0.00
2994	-1	0	Neuron	590	61	4.7500	M 0 -1 C 0.5 -0.5 0.3 0.2 0.8 1 L 0 0.6 L -0.8 1 C -0.3 0.2 -0.5 -0.5 0 -1 Z	0.9025	G0	0		36.81	4.0297	False	True	0	0.0	0.00	0.00
2995	-1	0	Neuron	268	918	5.4825	M 0 -1 C 0.5 -0.5 0.3 0.2 0.8 1 L 0 0.6 L -0.8 1 C -0.3 0.2 -0.5 -0.5 0 -1 Z	1.0169	G0	0		35.92	3.5256	False	True	0	0.0	0.00	0.00
2996	-1	0	Neuron	403	258	1.6482	M 0 -1 C 0.5 -0.5 0.3 0.2 0.8 1 L 0 0.6 L -0.8 1 C -0.3 0.2 -0.5 -0.5 0 -1 Z	0.7980	G0	0		34.71	2.0495	False	True	0	0.0	0.00	0.00
2997	-1	0	Neuron	702	910	3.5593	M 0 -1 C 0.5 -0.5 0.3 0.2 0.8 1 L 0 0.6 L -0.8 1 C -0.3 0.2 -0.5 -0.5 0 -1 Z	0.8907	G0	0		36.11	3.5657	False	True	0	0.0	0.00	0.00
2998	-1	0	Neuron	660	153	1.7075	M 0 -1 C 0.5 -0.5 0.3 0.2 0.8 1 L 0 0.6 L -0.8 1 C -0.3 0.2 -0.5 -0.5 0 -1 Z	1.1336	G0	0		36.13	3.2525	False	True	0	0.0	0.00	0.00
2999	-1	0	Neuron	510	661	2.1372	M 0 -1 C 0.5 -0.5 0.3 0.2 0.8 1 L 0 0.6 L -0.8 1 C -0.3 0.2 -0.5 -0.5 0 -1 Z	0.7544	G0	0		35.93	2.4992	False	True	0	0.0	0.00	0.00
3000	-1	0	Neuron	417	958	5.2503	M 0 -1 C 0.5 -0.5 0.3 0.2 0.8 1 L 0 0.6 L -0.8 1 C -0.3 0.2 -0.5 -0.5 0 -1 Z	0.6903	G0	0		36.10	3.7891	False	True	0	0.0	0.00	0.00
3001	-1	0	Neuron	603	855	0.4689	M 0 -1 C 0.5 -0.5 0.3 0.2 0.8 1 L 0 0.6 L -0.8 1 C -0.3 0.2 -0.5 -0.5 0 -1 Z	1.1397	G0	0		34.71	2.5016	False	True	0	0.0	0.00	0.00
3002	-1	0	Neuron	893	104	1.0358	M 0 -1 C 0.5 -0.5 0.3 0.2 0.8 1 L 0 0.6 L -0.8 1 C -0.3 0.2 -0.5 -0.5 0 -1 Z	1.2944	G0	0		35.38	3.4018	False	True	0	0.0	0.00	0.00
3003	-1	0	Neuron	797	150	2.0459	M 0 -1 C 0.5 -0.5 0.3 0.2 0.8 1 L 0 0.6 L -0.8 1 C -0.3 0.2 -0.5 -0.5 0 -1 Z	1.2015	G0	0		36.29	3.5291	False	True	0	0.0	0.00	0.00
3004	-1	0	Neuron	863	120	6.0264	M 0 -1 C 0.5 -0.5 0.3 0.2 0.8 1 L 0 0.6 L -0.8 1 C -0.3 0.2 -0.5 -0.5 0 -1 Z	0.7722	G0	0		35.70	3.3757	False	True	0	0.0	0.00	0.00
3005	-1	0	Neuron	540	861	6.1897	M 0 -1 C 0.5 -0.5 0.3 0.2 0.8 1 L 0 0.6 L -0.8 1 C -0.3 0.2 -0.5 -0.5 0 -1 Z	1.1498	G0	0		36.46	3.4226	False	True	0	0.0	0.00	0.00
3006	-1	0	Neuron	284	181	4.1428	M 0 -1 C 0.5 -0.5 0.3 0.2 0.8 1 L 0 0.6 L -0.8 1 C -0.3 0.2 -0.5 -0.5 0 -1 Z	0.8942	G0	0		35.73	3.0218	False	True	0	0.0	0.00	0.00
3007	-1	0	Neuron	639	887	2.9342	M 0 -1 C 0.5 -0.5 0.3 0.2 0.8 1 L 0 0.6 L -0.8 1 C -0.3 0.2 -0.5 -0.5 0 -1 Z	0.9476	G0	0		35.95	3.3160	False	True	0	0.0	0.00	0.00
3008	-1	0	Neuron	619	960	2.6567	M 0 -1 C 0.5 -0.5 0.3 0.2 0.8 1 L 0 0.6 L -0.8 1 C -0.3 0.2 -0.5 -0.5 0 -1 Z	1.1573	G0	0		36.91	4.2190	False	True	0	0.0	0.00	0.00
3009	-1	0	Neuron	205	774	6.0889	M 0 -1 C 0.5 -0.5 0.3 0.2 0.8 1 L 0 0.6 L -0.8 1 C -0.3 0.2 -0.5 -0.5 0 -1 Z	0.9821	G0	0		34.67	2.5199	False	True	0	0.0	0.00	0.00
3010	-1	0	Neuron	90	402	4.4497	M 0 -1 C 0.5 -0.5 0.3 0.2 0.8 1 L 0 0.6 L -0.8 1 C -0.3 0.2 -0.5 -0.5 0 -1 Z	0.9672	G0	0		36.55	3.7442	False	True	0	0.0	0.00	0.00
3011	-1	0	Neuron	934	850	1.3510	M 0 -1 C 0.5 -0.5 0.3 0.2 0.8 1 L 0 0.6 L -0.8 1 C -0.3 0.2 -0.5 -0.5 0 -1 Z	0.9967	G0	0		35.86	3.5841	False	True	0	0.0	0.00	0.00
3012	-1	0	Neuron	107	184	0.8871	M 0 -1 C 0.5 -0.5 0.3 0.2 0.8 1 L 0 0.6 L -0.8 1 C -0.3 0.2 -0.5 -0.5 0 -1 Z	0.6248	G0	0		35.45	3.2893	False	True	0	0.0	0.00	0.00
3013	-1	0	Neuron	734	58	1.4451	M 0 -1 C 0.5 -0.5 0.3 0.2 0.8 1 L 0 0.6 L -0.8 1 C -0.3 0.2 -0.5 -0.5 0 -1 Z	0.9376	G0	0		35.70	3.5297	False	True	0	0.0	0.00	0.00
3014	-1	0	Neuron	408	908	0.6143	M 0 -1 C 0.5 -0.5 0.3 0.2 0.8 1 L 0 0.6 L -0.8 1 C -0.3 0.2 -0.5 -0.5 0 -1 Z	0.9764	G0	0		35.98	3.4123	False	True	0	0.0	0.00	0.00
3015	-1	0	Neuron	191	588	3.8207	M 0 -1 C 0.5 -0.5 0.3 0.2 0.8 1 L 0 0.6 L -0.8 1 C -0.3 0.2 -0.5 -0.5 0 -1 Z	1.3456	G0	0		35.09	2.4590	False	True	0	0.0	0.00	0.00
3016	-1	0	Neuron	622	52	5.8146	M 0 -1 C 0.5 -0.5 0.3 0.2 0.8 1 L 0 0.6 L -0.8 1 C -0.3 0.2 -0.5 -0.5 0 -1 Z	0.9949	G0	0		36.04	3.6617	False	True	0	0.0	0.00	0.00
3017	-1	0	Neuron	490	611	0.4046	M 0 -1 C 0.5 -0.5 0.3 0.2 0.8 1 L 0 0.6 L -0.8 1 C -0.3 0.2 -0.5 -0.5 0 -1 Z	0.8078	G0	0		35.68	2.2594	False	True	0	0.0	0.00	0.00
3018	-1	0	Neuron	395	135	4.3249	M 0 -1 C 0.5 -0.5 0.3 0.2 0.8 1 L 0 0.6 L -0.8 1 C -0.3 0.2 -0.5 -0.5 0 -1 Z	1.0193	G0	0		34.41	2.4388	False	True	0	0.0	0.00	0.00
3019	-1	0	Neuron	319	551	2.0820	M 0 -1 C 0.5 -0.5 0.3 0.2 0.8 1 L 0 0.6 L -0.8 1 C -0.3 0.2 -0.5 -0.5 0 -1 Z	1.2950	G0	0		35.79	2.4874	False	True	0	0.0	0.00	0.00
3020	-1	0	Neuron	863	269	3.2768	M 0 -1 C 0.5 -0.5 0.3 0.2 0.8 1 L 0 0.6 L -0.8 1 C -0.3 0.2 -0.5 -0.5 0 -1 Z	1.5258	G0	0		36.01	3.3263	False	True	0	0.0	0.00	0.00
3021	-1	0	Neuron	465	941	1.2652	M 0 -1 C 0.5 -0.5 0.3 0.2 0.8 1 L 0 0.6 L -0.8 1 C -0.3 0.2 -0.5 -0.5 0 -1 Z	0.8804	G0	0		35.72	3.4611	False	True	0	0.0	0.00	0.00
3022	-1	0	Neuron	388	195	4.0300	M 0 -1 C 0.5 -0.5 0.3 0.2 0.8 1 L 0 0.6 L -0.8 1 C -0.3 0.2 -0.5 -0.5 0 -1 Z	0.9271	G0	0		35.02	2.4856	False	True	0	0.0	0.00	0.00
3023	-1	0	Neuron	896	775	2.7289	M 0 -1 C 0.5 -0.5 0.3 0.2 0.8 1 L 0 0.6 L -0.8 1 C -0.3 0.2 -0.5 -0.5 0 -1 Z	0.8688	G0	0		34.92	2.9759	False	True	0	0.0	0.00	0.00
3024	-1	0	Neuron	443	768	3.9002	M 0 -1 C 0.5 -0.5 0.3 0.2 0.8 1 L 0 0.6 L -0.8 1 C -0.3 0.2 -0.5 -0.5 0 -1 Z	1.1611	G0	0		35.19	2.4163	False	True	0	0.0	0.00	0.00
3025	-1	0	Neuron	198	63	3.2646	M 0 -1 C 0.5 -0.5 0.3 0.2 0.8 1 L 0 0.6 L -0.8 1 C -0.3 0.2 -0.5 -0.5 0 -1 Z	0.6519	G0	0		35.94	3.6981	False	True	0	0.0	0.00	0.00
3026	-1	0	Neuron	316	297	4.1601	M 0 -1 C 0.5 -0.5 0.3 0.2 0.8 1 L 0 0.6 L -0.8 1 C -0.3 0.2 -0.5 -0.5 0 -1 Z	1.2992	G0	0		34.81	2.1716	False	True	0	0.0	0.00	0.00
3027	-1	0	Neuron	652	865	5.9764	M 0 -1 C 0.5 -0.5 0.3 0.2 0.8 1 L 0 0.6 L -0.8 1 C -0.3 0.2 -0.5 -0.5 0 -1 Z	1.4485	G0	0		35.32	2.9214	False	True	0	0.0	0.00	0.00
3028	-1	0	Neuron	868	746	5.2954	M 0 -1 C 0.5 -0.5 0.3 0.2 0.8 1 L 0 0.6 L -0.8 1 C -0.3 0.2 -0.5 -0.5 0 -1 Z	0.8502	G0	0		34.80	2.6361	False	True	0	0.0	0.00	0.00
3029	-1	0	Neuron	20	268	3.5246	M 0 -1 C 0.5 -0.5 0.3 0.2 0.8 1 L 0 0.6 L -0.8 1 C -0.3 0.2 -0.5 -0.5 0 -1 Z	1.2942	G0	0		36.88	4.3507	False	True	0	0.0	0.00	0.00
3030	-1	0	Neuron	156	301	5.4137	M 0 -1 C 0.5 -0.5 0.3 0.2 0.8 1 L 0 0.6 L -0.8 1 C -0.3 0.2 -0.5 -0.5 0 -1 Z	1.1407	G0	0		35.24	2.7749	False	True	0	0.0	0.00	0.00
3031	-1	0	Neuron	253	590	2.4612	M 0 -1 C 0.5 -0.5 0.3 0.2 0.8 1 L 0 0.6 L -0.8 1 C -0.3 0.2 -0.5 -0.5 0 -1 Z	0.9118	G0	0		35.52	2.5405	False	True	0	0.0	0.00	0.00
3032	-1	0	Neuron	633	318	4.8477	M 0 -1 C 0.5 -0.5 0.3 0.2 0.8 1 L 0 0.6 L -0.8 1 C -0.3 0.2 -0.5 -0.5 0 -1 Z	0.8302	G0	0		35.08	2.1740	False	True	0	0.0	0.00	0.00
3033	-1	0	Neuron	501	493	5.0662	M 0 -1 C 0.5 -0.5 0.3 0.2 0.8 1 L 0 0.6 L -0.8 1 C -0.3 0.2 -0.5 -0.5 0 -1 Z	1.0375	G0	0		35.12	1.9172	False	True	0	0.0	0.00	0.00
3034	-1	0	Neuron	839	127	2.1498	M 0 -1 C 0.5 -0.5 0.3 0.2 0.8 1 L 0 0.6 L -0.8 1 C -0.3 0.2 -0.5 -0.5 0 -1 Z	0.9305	G0	0		36.06	3.5498	False	True	0	0.0	0.00	0.00
3035	-1	0	Neuron	414	88	0.2663	M 0 -1 C 0.5 -0.5 0.3 0.2 0.8 1 L 0 0.6 L -0.8 1 C -0.3 0.2 -0.5 -0.5 0 -1 Z	1.3367	G0	0		35.70	3.3229	False	True	0	0.0	0.00	0.00
3036	-1	0	Neuron	801	723	3.1947	M 0 -1 C 0.5 -0.5 0.3 0.2 0.8 1 L 0 0.6 L -0.8 1 C -0.3 0.2 -0.5 -0.5 0 -1 Z	1.0086	G0	0		35.42	2.7972	False	True	0	0.0	0.00	0.00
3037	-1	0	Neuron	126	389	5.5093	M 0 -1 C 0.5 -0.5 0.3 0.2 0.8 1 L 0 0.6 L -0.8 1 C -0.3 0.2 -0.5 -0.5 0 -1 Z	1.2599	G0	0		35.83	3.2093	False	True	0	0.0	0.00	0.00
3038	-1	0	Neuron	492	581	2.2727	M 0 -1 C 0.5 -0.5 0.3 0.2 0.8 1 L 0 0.6 L -0.8 1 C -0.3 0.2 -0.5 -0.5 0 -1 Z	0.9840	G0	0		35.11	1.9747	False	True	0	0.0	0.00	0.00
3039	-1	0	Neuron	568	145	3.1923	M 0 -1 C 0.5 -0.5 0.3 0.2 0.8 1 L 0 0.6 L -0.8 1 C -0.3 0.2 -0.5 -0.5 0 -1 Z	1.1942	G0	0		35.24	2.7876	False	True	0	0.0	0.00	0.00
3040	-1	0	Neuron	453	195	2.7661	M 0 -1 C 0.5 -0.5 0.3 0.2 0.8 1 L 0 0.6 L -0.8 1 C -0.3 0.2 -0.5 -0.5 0 -1 Z	1.1524	G0	0		34.54	2.1811	False	True	0	0.0	0.00	0.00
3041	-1	0	Neuron	901	208	5.6200	M 0 -1 C 0.5 -0.5 0.3 0.2 0.8 1 L 0 0.6 L -0.8 1 C -0.3 0.2 -0.5 -0.5 0 -1 Z	1.1312	G0	0		36.36	3.7244	False	True	0	0.0	0.00	0.00
3043	-1	0	Neuron	201	417	3.1643	M 0 -1 C 0.5 -0.5 0.3 0.2 0.8 1 L 0 0.6 L -0.8 1 C -0.3 0.2 -0.5 -0.5 0 -1 Z	0.9134	G0	0		35.65	2.7689	False	True	0	0.0	0.00	0.00
3044	-1	0	Neuron	891	352	5.7744	M 0 -1 C 0.5 -0.5 0.3 0.2 0.8 1 L 0 0.6 L -0.8 1 C -0.3 0.2 -0.5 -0.5 0 -1 Z	1.0410	G0	0		36.24	3.4953	False	True	0	0.0	0.00	0.00
3045	-1	0	Neuron	347	801	2.0956	M 0 -1 C 0.5 -0.5 0.3 0.2 0.8 1 L 0 0.6 L -0.8 1 C -0.3 0.2 -0.5 -0.5 0 -1 Z	0.8971	G0	0		35.64	2.8000	False	True	0	0.0	0.00	0.00
3046	-1	0	Neuron	508	939	2.5868	M 0 -1 C 0.5 -0.5 0.3 0.2 0.8 1 L 0 0.6 L -0.8 1 C -0.3 0.2 -0.5 -0.5 0 -1 Z	1.0702	G0	0		36.23	3.6963	False	True	0	0.0	0.00	0.00
3047	-1	0	Neuron	62	987	4.2386	M 0 -1 C 0.5 -0.5 0.3 0.2 0.8 1 L 0 0.6 L -0.8 1 C -0.3 0.2 -0.5 -0.5 0 -1 Z	1.2739	G0	0		36.31	4.1378	False	True	0	0.0	0.00	0.00
3048	-1	0	Neuron	989	499	3.5339	M 0 -1 C 0.5 -0.5 0.3 0.2 0.8 1 L 0 0.6 L -0.8 1 C -0.3 0.2 -0.5 -0.5 0 -1 Z	0.8822	G0	0		36.89	4.3994	False	True	0	0.0	0.00	0.00
3049	-1	0	Neuron	701	317	3.4781	M 0 -1 C 0.5 -0.5 0.3 0.2 0.8 1 L 0 0.6 L -0.8 1 C -0.3 0.2 -0.5 -0.5 0 -1 Z	0.8475	G0	0		35.15	2.2769	False	True	0	0.0	0.00	0.00
3050	-1	0	Neuron	416	482	4.3519	M 0 -1 C 0.5 -0.5 0.3 0.2 0.8 1 L 0 0.6 L -0.8 1 C -0.3 0.2 -0.5 -0.5 0 -1 Z	1.1909	G0	0		34.46	1.5873	False	True	0	0.0	0.00	0.00
3051	-1	0	Neuron	897	191	5.2363	M 0 -1 C 0.5 -0.5 0.3 0.2 0.8 1 L 0 0.6 L -0.8 1 C -0.3 0.2 -0.5 -0.5 0 -1 Z	1.0391	G0	0		36.15	3.6241	False	True	0	0.0	0.00	0.00
3052	-1	0	Neuron	391	362	5.8424	M 0 -1 C 0.5 -0.5 0.3 0.2 0.8 1 L 0 0.6 L -0.8 1 C -0.3 0.2 -0.5 -0.5 0 -1 Z	1.0572	G0	0		35.57	2.3356	False	True	0	0.0	0.00	0.00
3053	-1	0	Neuron	432	877	1.6405	M 0 -1 C 0.5 -0.5 0.3 0.2 0.8 1 L 0 0.6 L -0.8 1 C -0.3 0.2 -0.5 -0.5 0 -1 Z	0.8412	G0	0		35.57	3.0307	False	True	0	0.0	0.00	0.00
3054	-1	0	Neuron	272	136	6.1397	M 0 -1 C 0.5 -0.5 0.3 0.2 0.8 1 L 0 0.6 L -0.8 1 C -0.3 0.2 -0.5 -0.5 0 -1 Z	1.1848	G0	0		35.28	2.9302	False	True	0	0.0	0.00	0.00
3055	-1	0	Neuron	801	477	5.2670	M 0 -1 C 0.5 -0.5 0.3 0.2 0.8 1 L 0 0.6 L -0.8 1 C -0.3 0.2 -0.5 -0.5 0 -1 Z	0.6260	G0	0		35.66	2.7466	False	True	0	0.0	0.00	0.00
3056	-1	0	Neuron	721	335	2.2798	M 0 -1 C 0.5 -0.5 0.3 0.2 0.8 1 L 0 0.6 L -0.8 1 C -0.3 0.2 -0.5 -0.5 0 -1 Z	1.2230	G0	0		35.23	2.4019	False	True	0	0.0	0.00	0.00
3057	-1	0	Neuron	249	605	1.5591	M 0 -1 C 0.5 -0.5 0.3 0.2 0.8 1 L 0 0.6 L -0.8 1 C -0.3 0.2 -0.5 -0.5 0 -1 Z	0.9234	G0	0		35.26	2.4377	False	True	0	0.0	0.00	0.00
3058	-1	0	Neuron	279	274	4.2546	M 0 -1 C 0.5 -0.5 0.3 0.2 0.8 1 L 0 0.6 L -0.8 1 C -0.3 0.2 -0.5 -0.5 0 -1 Z	1.2766	G0	0		35.47	2.6361	False	True	0	0.0	0.00	0.00
3059	-1	0	Neuron	550	511	5.4216	M 0 -1 C 0.5 -0.5 0.3 0.2 0.8 1 L 0 0.6 L -0.8 1 C -0.3 0.2 -0.5 -0.5 0 -1 Z	1.2031	G0	0		34.95	1.8254	False	True	0	0.0	0.00	0.00
3060	-1	0	Neuron	280	11	2.7029	M 0 -1 C 0.5 -0.5 0.3 0.2 0.8 1 L 0 0.6 L -0.8 1 C -0.3 0.2 -0.5 -0.5 0 -1 Z	0.8477	G0	0		37.07	4.4978	False	True	0	0.0	0.00	0.00
3061	-1	0	Neuron	941	545	0.3552	M 0 -1 C 0.5 -0.5 0.3 0.2 0.8 1 L 0 0.6 L -0.8 1 C -0.3 0.2 -0.5 -0.5 0 -1 Z	1.0431	G0	0		35.42	3.2581	False	True	0	0.0	0.00	0.00
3062	-1	0	Neuron	748	568	3.7597	M 0 -1 C 0.5 -0.5 0.3 0.2 0.8 1 L 0 0.6 L -0.8 1 C -0.3 0.2 -0.5 -0.5 0 -1 Z	0.6999	G0	0		35.28	2.3596	False	True	0	0.0	0.00	0.00
3063	-1	0	Neuron	751	239	4.5194	M 0 -1 C 0.5 -0.5 0.3 0.2 0.8 1 L 0 0.6 L -0.8 1 C -0.3 0.2 -0.5 -0.5 0 -1 Z	0.7502	G0	0		36.06	3.0603	False	True	0	0.0	0.00	0.00
3064	-1	0	Neuron	358	708	3.1408	M 0 -1 C 0.5 -0.5 0.3 0.2 0.8 1 L 0 0.6 L -0.8 1 C -0.3 0.2 -0.5 -0.5 0 -1 Z	1.2481	G0	0		35.52	2.4857	False	True	0	0.0	0.00	0.00
3065	-1	0	Neuron	336	744	3.1227	M 0 -1 C 0.5 -0.5 0.3 0.2 0.8 1 L 0 0.6 L -0.8 1 C -0.3 0.2 -0.5 -0.5 0 -1 Z	1.2759	G0	0		34.35	2.0178	False	True	0	0.0	0.00	0.00
3066	-1	0	Neuron	40	620	1.6372	M 0 -1 C 0.5 -0.5 0.3 0.2 0.8 1 L 0 0.6 L -0.8 1 C -0.3 0.2 -0.5 -0.5 0 -1 Z	1.1220	G0	0		36.77	4.0989	False	True	0	0.0	0.00	0.00
3067	-1	0	Neuron	246	477	5.4225	M 0 -1 C 0.5 -0.5 0.3 0.2 0.8 1 L 0 0.6 L -0.8 1 C -0.3 0.2 -0.5 -0.5 0 -1 Z	1.0987	G0	0		34.44	1.9545	False	True	0	0.0	0.00	0.00
3068	-1	0	Neuron	763	512	4.3804	M 0 -1 C 0.5 -0.5 0.3 0.2 0.8 1 L 0 0.6 L -0.8 1 C -0.3 0.2 -0.5 -0.5 0 -1 Z	1.0348	G0	0		35.23	2.3862	False	True	0	0.0	0.00	0.00
3069	-1	0	Neuron	440	503	2.5335	M 0 -1 C 0.5 -0.5 0.3 0.2 0.8 1 L 0 0.6 L -0.8 1 C -0.3 0.2 -0.5 -0.5 0 -1 Z	0.5796	G0	0		35.52	2.1639	False	True	0	0.0	0.00	0.00
3070	-1	0	Neuron	638	492	3.6748	M 0 -1 C 0.5 -0.5 0.3 0.2 0.8 1 L 0 0.6 L -0.8 1 C -0.3 0.2 -0.5 -0.5 0 -1 Z	0.8007	G0	0		35.04	2.0079	False	True	0	0.0	0.00	0.00
3071	-1	0	Neuron	294	342	5.3250	M 0 -1 C 0.5 -0.5 0.3 0.2 0.8 1 L 0 0.6 L -0.8 1 C -0.3 0.2 -0.5 -0.5 0 -1 Z	1.1102	G0	0		35.12	2.3084	False	True	0	0.0	0.00	0.00
3072	-1	0	Neuron	857	210	3.7527	M 0 -1 C 0.5 -0.5 0.3 0.2 0.8 1 L 0 0.6 L -0.8 1 C -0.3 0.2 -0.5 -0.5 0 -1 Z	1.6201	G0	0		36.33	3.5647	False	True	0	0.0	0.00	0.00
3073	-1	0	Neuron	256	843	1.1113	M 0 -1 C 0.5 -0.5 0.3 0.2 0.8 1 L 0 0.6 L -0.8 1 C -0.3 0.2 -0.5 -0.5 0 -1 Z	0.9848	G0	0		35.12	2.8147	False	True	0	0.0	0.00	0.00
3074	-1	0	Neuron	797	559	5.7153	M 0 -1 C 0.5 -0.5 0.3 0.2 0.8 1 L 0 0.6 L -0.8 1 C -0.3 0.2 -0.5 -0.5 0 -1 Z	1.2233	G0	0		35.69	2.7696	False	True	0	0.0	0.00	0.00
3075	-1	0	Neuron	277	927	4.6735	M 0 -1 C 0.5 -0.5 0.3 0.2 0.8 1 L 0 0.6 L -0.8 1 C -0.3 0.2 -0.5 -0.5 0 -1 Z	1.0809	G0	0		35.77	3.4895	False	True	0	0.0	0.00	0.00
3076	-1	0	Neuron	405	425	3.1307	M 0 -1 C 0.5 -0.5 0.3 0.2 0.8 1 L 0 0.6 L -0.8 1 C -0.3 0.2 -0.5 -0.5 0 -1 Z	0.8744	G0	0		33.57	1.1967	False	True	0	0.0	0.00	0.00
3077	-1	0	Neuron	461	458	5.2650	M 0 -1 C 0.5 -0.5 0.3 0.2 0.8 1 L 0 0.6 L -0.8 1 C -0.3 0.2 -0.5 -0.5 0 -1 Z	0.5824	G0	0		35.45	2.1247	False	True	0	0.0	0.00	0.00
3078	-1	0	Neuron	89	806	0.9780	M 0 -1 C 0.5 -0.5 0.3 0.2 0.8 1 L 0 0.6 L -0.8 1 C -0.3 0.2 -0.5 -0.5 0 -1 Z	1.1610	G0	0		36.10	3.6733	False	True	0	0.0	0.00	0.00
3079	-1	0	Neuron	596	569	5.4928	M 0 -1 C 0.5 -0.5 0.3 0.2 0.8 1 L 0 0.6 L -0.8 1 C -0.3 0.2 -0.5 -0.5 0 -1 Z	1.1202	G0	0		35.14	2.0316	False	True	0	0.0	0.00	0.00
3080	-1	0	Neuron	874	201	6.0673	M 0 -1 C 0.5 -0.5 0.3 0.2 0.8 1 L 0 0.6 L -0.8 1 C -0.3 0.2 -0.5 -0.5 0 -1 Z	1.0130	G0	0		35.53	3.1628	False	True	0	0.0	0.00	0.00
3081	-1	0	Neuron	788	605	1.6836	M 0 -1 C 0.5 -0.5 0.3 0.2 0.8 1 L 0 0.6 L -0.8 1 C -0.3 0.2 -0.5 -0.5 0 -1 Z	0.9104	G0	0		35.03	2.4330	False	True	0	0.0	0.00	0.00
3082	-1	0	Neuron	24	743	2.2626	M 0 -1 C 0.5 -0.5 0.3 0.2 0.8 1 L 0 0.6 L -0.8 1 C -0.3 0.2 -0.5 -0.5 0 -1 Z	1.0709	G0	0		35.75	3.7641	False	True	0	0.0	0.00	0.00
3083	-1	0	Neuron	207	289	5.9372	M 0 -1 C 0.5 -0.5 0.3 0.2 0.8 1 L 0 0.6 L -0.8 1 C -0.3 0.2 -0.5 -0.5 0 -1 Z	0.8629	G0	0		35.81	2.9688	False	True	0	0.0	0.00	0.00
3084	-1	0	Neuron	813	931	3.8324	M 0 -1 C 0.5 -0.5 0.3 0.2 0.8 1 L 0 0.6 L -0.8 1 C -0.3 0.2 -0.5 -0.5 0 -1 Z	1.1447	G0	0		35.86	3.6146	False	True	0	0.0	0.00	0.00
3085	-1	0	Neuron	14	49	0.0952	M 0 -1 C 0.5 -0.5 0.3 0.2 0.8 1 L 0 0.6 L -0.8 1 C -0.3 0.2 -0.5 -0.5 0 -1 Z	1.3811	G0	0		36.37	4.1699	False	True	0	0.0	0.00	0.00
3086	-1	0	Neuron	458	688	3.3975	M 0 -1 C 0.5 -0.5 0.3 0.2 0.8 1 L 0 0.6 L -0.8 1 C -0.3 0.2 -0.5 -0.5 0 -1 Z	0.8788	G0	0		35.41	2.2962	False	True	0	0.0	0.00	0.00
3087	-1	0	Neuron	415	499	4.3500	M 0 -1 C 0.5 -0.5 0.3 0.2 0.8 1 L 0 0.6 L -0.8 1 C -0.3 0.2 -0.5 -0.5 0 -1 Z	0.8912	G0	0		34.94	1.8928	False	True	0	0.0	0.00	0.00
3088	-1	0	Neuron	837	339	5.7429	M 0 -1 C 0.5 -0.5 0.3 0.2 0.8 1 L 0 0.6 L -0.8 1 C -0.3 0.2 -0.5 -0.5 0 -1 Z	1.1023	G0	0		35.89	3.0909	False	True	0	0.0	0.00	0.00
3089	-1	0	Neuron	875	491	5.4964	M 0 -1 C 0.5 -0.5 0.3 0.2 0.8 1 L 0 0.6 L -0.8 1 C -0.3 0.2 -0.5 -0.5 0 -1 Z	0.7129	G0	0		34.87	2.5632	False	True	0	0.0	0.00	0.00
3090	-1	0	Neuron	876	471	0.5952	M 0 -1 C 0.5 -0.5 0.3 0.2 0.8 1 L 0 0.6 L -0.8 1 C -0.3 0.2 -0.5 -0.5 0 -1 Z	1.2364	G0	0		35.30	2.8216	False	True	0	0.0	0.00	0.00
3091	-1	0	Neuron	143	499	3.9337	M 0 -1 C 0.5 -0.5 0.3 0.2 0.8 1 L 0 0.6 L -0.8 1 C -0.3 0.2 -0.5 -0.5 0 -1 Z	1.1293	G0	0		35.78	3.0540	False	True	0	0.0	0.00	0.00
3092	-1	0	Neuron	922	537	6.2059	M 0 -1 C 0.5 -0.5 0.3 0.2 0.8 1 L 0 0.6 L -0.8 1 C -0.3 0.2 -0.5 -0.5 0 -1 Z	0.9644	G0	0		35.85	3.4246	False	True	0	0.0	0.00	0.00
3093	-1	0	Neuron	184	246	5.9997	M 0 -1 C 0.5 -0.5 0.3 0.2 0.8 1 L 0 0.6 L -0.8 1 C -0.3 0.2 -0.5 -0.5 0 -1 Z	0.7925	G0	0		34.70	2.5670	False	True	0	0.0	0.00	0.00
3094	-1	0	Neuron	339	960	1.9743	M 0 -1 C 0.5 -0.5 0.3 0.2 0.8 1 L 0 0.6 L -0.8 1 C -0.3 0.2 -0.5 -0.5 0 -1 Z	0.9758	G0	0		36.92	4.2288	False	True	0	0.0	0.00	0.00
3095	-1	0	Neuron	430	539	2.6863	M 0 -1 C 0.5 -0.5 0.3 0.2 0.8 1 L 0 0.6 L -0.8 1 C -0.3 0.2 -0.5 -0.5 0 -1 Z	1.2581	G0	0		35.77	2.3007	False	True	0	0.0	0.00	0.00
3096	-1	0	Neuron	388	428	0.0699	M 0 -1 C 0.5 -0.5 0.3 0.2 0.8 1 L 0 0.6 L -0.8 1 C -0.3 0.2 -0.5 -0.5 0 -1 Z	0.9775	G0	0		35.32	2.1398	False	True	0	0.0	0.00	0.00
3097	-1	0	Neuron	571	874	4.8771	M 0 -1 C 0.5 -0.5 0.3 0.2 0.8 1 L 0 0.6 L -0.8 1 C -0.3 0.2 -0.5 -0.5 0 -1 Z	1.1530	G0	0		35.78	3.1480	False	True	0	0.0	0.00	0.00
3098	-1	0	Neuron	909	952	4.0145	M 0 -1 C 0.5 -0.5 0.3 0.2 0.8 1 L 0 0.6 L -0.8 1 C -0.3 0.2 -0.5 -0.5 0 -1 Z	1.0603	G0	0		36.31	3.9784	False	True	0	0.0	0.00	0.00
3099	-1	0	Neuron	703	513	4.0296	M 0 -1 C 0.5 -0.5 0.3 0.2 0.8 1 L 0 0.6 L -0.8 1 C -0.3 0.2 -0.5 -0.5 0 -1 Z	1.1074	G0	0		34.97	2.1077	False	True	0	0.0	0.00	0.00
3100	-1	0	Neuron	108	403	0.3255	M 0 -1 C 0.5 -0.5 0.3 0.2 0.8 1 L 0 0.6 L -0.8 1 C -0.3 0.2 -0.5 -0.5 0 -1 Z	0.7058	G0	0		35.80	3.2669	False	True	0	0.0	0.00	0.00
3101	-1	0	Neuron	709	267	5.6427	M 0 -1 C 0.5 -0.5 0.3 0.2 0.8 1 L 0 0.6 L -0.8 1 C -0.3 0.2 -0.5 -0.5 0 -1 Z	1.0961	G0	0		35.68	2.7350	False	True	0	0.0	0.00	0.00
3102	-1	0	Neuron	693	61	0.5902	M 0 -1 C 0.5 -0.5 0.3 0.2 0.8 1 L 0 0.6 L -0.8 1 C -0.3 0.2 -0.5 -0.5 0 -1 Z	1.0047	G0	0		36.26	3.7830	False	True	0	0.0	0.00	0.00
3103	-1	0	Neuron	116	479	4.3961	M 0 -1 C 0.5 -0.5 0.3 0.2 0.8 1 L 0 0.6 L -0.8 1 C -0.3 0.2 -0.5 -0.5 0 -1 Z	0.9479	G0	0		35.35	2.9087	False	True	0	0.0	0.00	0.00
3104	-1	0	Neuron	132	713	5.5140	M 0 -1 C 0.5 -0.5 0.3 0.2 0.8 1 L 0 0.6 L -0.8 1 C -0.3 0.2 -0.5 -0.5 0 -1 Z	1.1913	G0	0		35.76	3.2084	False	True	0	0.0	0.00	0.00
3105	-1	0	Neuron	768	809	2.3352	M 0 -1 C 0.5 -0.5 0.3 0.2 0.8 1 L 0 0.6 L -0.8 1 C -0.3 0.2 -0.5 -0.5 0 -1 Z	1.2408	G0	0		36.13	3.2778	False	True	0	0.0	0.00	0.00
3106	-1	0	Neuron	642	125	3.8608	M 0 -1 C 0.5 -0.5 0.3 0.2 0.8 1 L 0 0.6 L -0.8 1 C -0.3 0.2 -0.5 -0.5 0 -1 Z	1.0926	G0	0		35.35	2.9750	False	True	0	0.0	0.00	0.00
3107	-1	0	Neuron	699	598	4.5901	M 0 -1 C 0.5 -0.5 0.3 0.2 0.8 1 L 0 0.6 L -0.8 1 C -0.3 0.2 -0.5 -0.5 0 -1 Z	0.7025	G0	0		35.67	2.4911	False	True	0	0.0	0.00	0.00
3108	-1	0	Neuron	570	404	1.6564	M 0 -1 C 0.5 -0.5 0.3 0.2 0.8 1 L 0 0.6 L -0.8 1 C -0.3 0.2 -0.5 -0.5 0 -1 Z	1.2849	G0	0		35.27	2.0964	False	True	0	0.0	0.00	0.00
3109	-1	0	Neuron	653	402	4.1723	M 0 -1 C 0.5 -0.5 0.3 0.2 0.8 1 L 0 0.6 L -0.8 1 C -0.3 0.2 -0.5 -0.5 0 -1 Z	1.0804	G0	0		35.03	2.0577	False	True	0	0.0	0.00	0.00
3110	-1	0	Neuron	927	239	0.8899	M 0 -1 C 0.5 -0.5 0.3 0.2 0.8 1 L 0 0.6 L -0.8 1 C -0.3 0.2 -0.5 -0.5 0 -1 Z	1.0621	G0	0		36.28	3.7717	False	True	0	0.0	0.00	0.00
3111	-1	0	Neuron	329	147	2.8302	M 0 -1 C 0.5 -0.5 0.3 0.2 0.8 1 L 0 0.6 L -0.8 1 C -0.3 0.2 -0.5 -0.5 0 -1 Z	0.8660	G0	0		35.60	3.0312	False	True	0	0.0	0.00	0.00
3112	-1	0	Neuron	845	696	4.2530	M 0 -1 C 0.5 -0.5 0.3 0.2 0.8 1 L 0 0.6 L -0.8 1 C -0.3 0.2 -0.5 -0.5 0 -1 Z	1.0029	G0	0		34.68	2.5640	False	True	0	0.0	0.00	0.00
3113	-1	0	Neuron	315	789	4.4298	M 0 -1 C 0.5 -0.5 0.3 0.2 0.8 1 L 0 0.6 L -0.8 1 C -0.3 0.2 -0.5 -0.5 0 -1 Z	1.0775	G0	0		35.41	2.7120	False	True	0	0.0	0.00	0.00
3114	-1	0	Neuron	101	245	4.0298	M 0 -1 C 0.5 -0.5 0.3 0.2 0.8 1 L 0 0.6 L -0.8 1 C -0.3 0.2 -0.5 -0.5 0 -1 Z	0.9321	G0	0		35.60	3.2803	False	True	0	0.0	0.00	0.00
3115	-1	0	Neuron	248	500	0.6477	M 0 -1 C 0.5 -0.5 0.3 0.2 0.8 1 L 0 0.6 L -0.8 1 C -0.3 0.2 -0.5 -0.5 0 -1 Z	1.0564	G0	0		35.78	2.6270	False	True	0	0.0	0.00	0.00
3116	-1	0	Neuron	767	454	5.8053	M 0 -1 C 0.5 -0.5 0.3 0.2 0.8 1 L 0 0.6 L -0.8 1 C -0.3 0.2 -0.5 -0.5 0 -1 Z	1.0043	G0	0		34.83	2.2090	False	True	0	0.0	0.00	0.00
3117	-1	0	Neuron	795	89	5.9402	M 0 -1 C 0.5 -0.5 0.3 0.2 0.8 1 L 0 0.6 L -0.8 1 C -0.3 0.2 -0.5 -0.5 0 -1 Z	1.0067	G0	0		35.90	3.5508	False	True	0	0.0	0.00	0.00
3118	-1	0	Neuron	904	130	6.1867	M 0 -1 C 0.5 -0.5 0.3 0.2 0.8 1 L 0 0.6 L -0.8 1 C -0.3 0.2 -0.5 -0.5 0 -1 Z	1.1627	G0	0		36.26	3.8163	False	True	0	0.0	0.00	0.00
3119	-1	0	Neuron	95	433	0.3362	M 0 -1 C 0.5 -0.5 0.3 0.2 0.8 1 L 0 0.6 L -0.8 1 C -0.3 0.2 -0.5 -0.5 0 -1 Z	0.8442	G0	0		35.17	3.0181	False	True	0	0.0	0.00	0.00
3120	-1	0	Neuron	153	661	5.8433	M 0 -1 C 0.5 -0.5 0.3 0.2 0.8 1 L 0 0.6 L -0.8 1 C -0.3 0.2 -0.5 -0.5 0 -1 Z	1.0364	G0	0		35.09	2.5977	False	True	0	0.0	0.00	0.00
3121	-1	0	Neuron	151	87	6.1551	M 0 -1 C 0.5 -0.5 0.3 0.2 0.8 1 L 0 0.6 L -0.8 1 C -0.3 0.2 -0.5 -0.5 0 -1 Z	1.3197	G0	0		36.30	3.8351	False	True	0	0.0	0.00	0.00
3122	-1	0	Neuron	246	188	1.4060	M 0 -1 C 0.5 -0.5 0.3 0.2 0.8 1 L 0 0.6 L -0.8 1 C -0.3 0.2 -0.5 -0.5 0 -1 Z	0.5914	G0	0		35.41	2.9091	False	True	0	0.0	0.00	0.00
3123	-1	0	Neuron	281	849	2.9582	M 0 -1 C 0.5 -0.5 0.3 0.2 0.8 1 L 0 0.6 L -0.8 1 C -0.3 0.2 -0.5 -0.5 0 -1 Z	0.8326	G0	0		35.86	3.1892	False	True	0	0.0	0.00	0.00
3124	-1	0	Neuron	782	467	1.7974	M 0 -1 C 0.5 -0.5 0.3 0.2 0.8 1 L 0 0.6 L -0.8 1 C -0.3 0.2 -0.5 -0.5 0 -1 Z	0.8206	G0	0		35.11	2.3611	False	True	0	0.0	0.00	0.00
3125	-1	0	Neuron	918	438	5.7520	M 0 -1 C 0.5 -0.5 0.3 0.2 0.8 1 L 0 0.6 L -0.8 1 C -0.3 0.2 -0.5 -0.5 0 -1 Z	0.9592	G0	0		36.12	3.5502	False	True	0	0.0	0.00	0.00
3126	-1	0	Neuron	651	625	3.2850	M 0 -1 C 0.5 -0.5 0.3 0.2 0.8 1 L 0 0.6 L -0.8 1 C -0.3 0.2 -0.5 -0.5 0 -1 Z	1.0854	G0	0		35.08	2.1381	False	True	0	0.0	0.00	0.00
3127	-1	0	Neuron	330	630	5.1360	M 0 -1 C 0.5 -0.5 0.3 0.2 0.8 1 L 0 0.6 L -0.8 1 C -0.3 0.2 -0.5 -0.5 0 -1 Z	1.0544	G0	0		36.01	2.6112	False	True	0	0.0	0.00	0.00
3128	-1	0	Neuron	151	187	6.1691	M 0 -1 C 0.5 -0.5 0.3 0.2 0.8 1 L 0 0.6 L -0.8 1 C -0.3 0.2 -0.5 -0.5 0 -1 Z	0.9452	G0	0		36.13	3.4950	False	True	0	0.0	0.00	0.00
3129	-1	0	Neuron	608	889	4.7852	M 0 -1 C 0.5 -0.5 0.3 0.2 0.8 1 L 0 0.6 L -0.8 1 C -0.3 0.2 -0.5 -0.5 0 -1 Z	1.1054	G0	0		35.97	3.2927	False	True	0	0.0	0.00	0.00
3130	-1	0	Neuron	468	634	5.2671	M 0 -1 C 0.5 -0.5 0.3 0.2 0.8 1 L 0 0.6 L -0.8 1 C -0.3 0.2 -0.5 -0.5 0 -1 Z	1.1317	G0	0		34.81	1.8897	False	True	0	0.0	0.00	0.00
3131	-1	0	Neuron	642	933	1.9932	M 0 -1 C 0.5 -0.5 0.3 0.2 0.8 1 L 0 0.6 L -0.8 1 C -0.3 0.2 -0.5 -0.5 0 -1 Z	0.9623	G0	0		35.82	3.5136	False	True	0	0.0	0.00	0.00
3132	-1	0	Neuron	732	854	4.0974	M 0 -1 C 0.5 -0.5 0.3 0.2 0.8 1 L 0 0.6 L -0.8 1 C -0.3 0.2 -0.5 -0.5 0 -1 Z	0.7439	G0	0		35.53	3.0587	False	True	0	0.0	0.00	0.00
3133	-1	0	Neuron	648	346	2.7409	M 0 -1 C 0.5 -0.5 0.3 0.2 0.8 1 L 0 0.6 L -0.8 1 C -0.3 0.2 -0.5 -0.5 0 -1 Z	1.3879	G0	0		35.02	2.1435	False	True	0	0.0	0.00	0.00
3134	-1	0	Neuron	983	988	1.5804	M 0 -1 C 0.5 -0.5 0.3 0.2 0.8 1 L 0 0.6 L -0.8 1 C -0.3 0.2 -0.5 -0.5 0 -1 Z	1.3247	G0	0		35.98	3.9314	False	True	0	0.0	0.00	0.00
3135	-1	0	Neuron	512	161	0.3468	M 0 -1 C 0.5 -0.5 0.3 0.2 0.8 1 L 0 0.6 L -0.8 1 C -0.3 0.2 -0.5 -0.5 0 -1 Z	1.3236	G0	0		35.38	2.7552	False	True	0	0.0	0.00	0.00
3136	-1	0	Neuron	696	245	2.9015	M 0 -1 C 0.5 -0.5 0.3 0.2 0.8 1 L 0 0.6 L -0.8 1 C -0.3 0.2 -0.5 -0.5 0 -1 Z	1.3063	G0	0		34.36	2.0952	False	True	0	0.0	0.00	0.00
3137	-1	0	Neuron	43	758	1.4167	M 0 -1 C 0.5 -0.5 0.3 0.2 0.8 1 L 0 0.6 L -0.8 1 C -0.3 0.2 -0.5 -0.5 0 -1 Z	0.9868	G0	0		36.16	3.8688	False	True	0	0.0	0.00	0.00
3138	-1	0	Neuron	119	776	4.6815	M 0 -1 C 0.5 -0.5 0.3 0.2 0.8 1 L 0 0.6 L -0.8 1 C -0.3 0.2 -0.5 -0.5 0 -1 Z	0.4426	G0	0		35.84	3.3632	False	True	0	0.0	0.00	0.00
3140	-1	0	Neuron	948	867	1.7235	M 0 -1 C 0.5 -0.5 0.3 0.2 0.8 1 L 0 0.6 L -0.8 1 C -0.3 0.2 -0.5 -0.5 0 -1 Z	0.8070	G0	0		36.18	3.9136	False	True	0	0.0	0.00	0.00
3141	-1	0	Neuron	918	511	5.5736	M 0 -1 C 0.5 -0.5 0.3 0.2 0.8 1 L 0 0.6 L -0.8 1 C -0.3 0.2 -0.5 -0.5 0 -1 Z	0.9645	G0	0		35.91	3.4303	False	True	0	0.0	0.00	0.00
3142	-1	0	Neuron	210	897	1.2041	M 0 -1 C 0.5 -0.5 0.3 0.2 0.8 1 L 0 0.6 L -0.8 1 C -0.3 0.2 -0.5 -0.5 0 -1 Z	1.0262	G0	0		36.44	3.7576	False	True	0	0.0	0.00	0.00
3143	-1	0	Neuron	456	10	0.5391	M 0 -1 C 0.5 -0.5 0.3 0.2 0.8 1 L 0 0.6 L -0.8 1 C -0.3 0.2 -0.5 -0.5 0 -1 Z	1.2115	G0	0		36.62	4.2735	False	True	0	0.0	0.00	0.00
3144	-1	0	Neuron	303	364	0.0349	M 0 -1 C 0.5 -0.5 0.3 0.2 0.8 1 L 0 0.6 L -0.8 1 C -0.3 0.2 -0.5 -0.5 0 -1 Z	0.8079	G0	0		34.81	2.1033	False	True	0	0.0	0.00	0.00
3145	-1	0	Neuron	575	729	2.6110	M 0 -1 C 0.5 -0.5 0.3 0.2 0.8 1 L 0 0.6 L -0.8 1 C -0.3 0.2 -0.5 -0.5 0 -1 Z	0.8214	G0	0		35.17	2.3020	False	True	0	0.0	0.00	0.00
3146	-1	0	Neuron	808	42	3.5058	M 0 -1 C 0.5 -0.5 0.3 0.2 0.8 1 L 0 0.6 L -0.8 1 C -0.3 0.2 -0.5 -0.5 0 -1 Z	1.2818	G0	0		36.29	3.9419	False	True	0	0.0	0.00	0.00
3147	-1	0	Neuron	416	659	0.7412	M 0 -1 C 0.5 -0.5 0.3 0.2 0.8 1 L 0 0.6 L -0.8 1 C -0.3 0.2 -0.5 -0.5 0 -1 Z	0.6690	G0	0		35.23	2.1778	False	True	0	0.0	0.00	0.00
3148	-1	0	Neuron	727	838	3.6247	M 0 -1 C 0.5 -0.5 0.3 0.2 0.8 1 L 0 0.6 L -0.8 1 C -0.3 0.2 -0.5 -0.5 0 -1 Z	1.0269	G0	0		35.59	3.0088	False	True	0	0.0	0.00	0.00
3149	-1	0	Neuron	21	201	4.7665	M 0 -1 C 0.5 -0.5 0.3 0.2 0.8 1 L 0 0.6 L -0.8 1 C -0.3 0.2 -0.5 -0.5 0 -1 Z	0.7267	G0	0		36.57	4.1554	False	True	0	0.0	0.00	0.00
3150	-1	0	Neuron	105	268	0.2799	M 0 -1 C 0.5 -0.5 0.3 0.2 0.8 1 L 0 0.6 L -0.8 1 C -0.3 0.2 -0.5 -0.5 0 -1 Z	0.6761	G0	0		35.51	3.2314	False	True	0	0.0	0.00	0.00
3151	-1	0	Neuron	760	799	2.7699	M 0 -1 C 0.5 -0.5 0.3 0.2 0.8 1 L 0 0.6 L -0.8 1 C -0.3 0.2 -0.5 -0.5 0 -1 Z	1.1121	G0	0		35.85	3.0949	False	True	0	0.0	0.00	0.00
3152	-1	0	Neuron	591	274	0.3097	M 0 -1 C 0.5 -0.5 0.3 0.2 0.8 1 L 0 0.6 L -0.8 1 C -0.3 0.2 -0.5 -0.5 0 -1 Z	0.8814	G0	0		35.36	2.4010	False	True	0	0.0	0.00	0.00
3153	-1	0	Neuron	613	636	1.3169	M 0 -1 C 0.5 -0.5 0.3 0.2 0.8 1 L 0 0.6 L -0.8 1 C -0.3 0.2 -0.5 -0.5 0 -1 Z	0.8910	G0	0		34.66	1.8888	False	True	0	0.0	0.00	0.00
3154	-1	0	Neuron	47	924	3.7547	M 0 -1 C 0.5 -0.5 0.3 0.2 0.8 1 L 0 0.6 L -0.8 1 C -0.3 0.2 -0.5 -0.5 0 -1 Z	1.0638	G0	0		35.74	3.7609	False	True	0	0.0	0.00	0.00
3155	-1	0	Neuron	243	314	0.9545	M 0 -1 C 0.5 -0.5 0.3 0.2 0.8 1 L 0 0.6 L -0.8 1 C -0.3 0.2 -0.5 -0.5 0 -1 Z	1.1990	G0	0		35.00	2.4258	False	True	0	0.0	0.00	0.00
3156	-1	0	Neuron	134	572	3.4078	M 0 -1 C 0.5 -0.5 0.3 0.2 0.8 1 L 0 0.6 L -0.8 1 C -0.3 0.2 -0.5 -0.5 0 -1 Z	0.9876	G0	0		35.19	2.7765	False	True	0	0.0	0.00	0.00
3157	-1	0	Neuron	551	577	3.6218	M 0 -1 C 0.5 -0.5 0.3 0.2 0.8 1 L 0 0.6 L -0.8 1 C -0.3 0.2 -0.5 -0.5 0 -1 Z	1.2088	G0	0		34.62	1.6268	False	True	0	0.0	0.00	0.00
3158	-1	0	Neuron	914	649	4.8135	M 0 -1 C 0.5 -0.5 0.3 0.2 0.8 1 L 0 0.6 L -0.8 1 C -0.3 0.2 -0.5 -0.5 0 -1 Z	0.7945	G0	0		35.98	3.4873	False	True	0	0.0	0.00	0.00
3159	-1	0	Neuron	360	643	2.6111	M 0 -1 C 0.5 -0.5 0.3 0.2 0.8 1 L 0 0.6 L -0.8 1 C -0.3 0.2 -0.5 -0.5 0 -1 Z	1.1695	G0	0		35.05	2.0732	False	True	0	0.0	0.00	0.00
3160	-1	0	Neuron	404	238	2.1868	M 0 -1 C 0.5 -0.5 0.3 0.2 0.8 1 L 0 0.6 L -0.8 1 C -0.3 0.2 -0.5 -0.5 0 -1 Z	0.7179	G0	0		35.14	2.3854	False	True	0	0.0	0.00	0.00
3161	-1	0	Neuron	649	310	4.0370	M 0 -1 C 0.5 -0.5 0.3 0.2 0.8 1 L 0 0.6 L -0.8 1 C -0.3 0.2 -0.5 -0.5 0 -1 Z	0.9235	G0	0		36.00	2.6925	False	True	0	0.0	0.00	0.00
3162	-1	0	Neuron	408	143	0.1939	M 0 -1 C 0.5 -0.5 0.3 0.2 0.8 1 L 0 0.6 L -0.8 1 C -0.3 0.2 -0.5 -0.5 0 -1 Z	1.0128	G0	0		35.69	3.0344	False	True	0	0.0	0.00	0.00
3163	-1	0	Neuron	467	842	2.4083	M 0 -1 C 0.5 -0.5 0.3 0.2 0.8 1 L 0 0.6 L -0.8 1 C -0.3 0.2 -0.5 -0.5 0 -1 Z	0.9274	G0	0		35.54	2.8578	False	True	0	0.0	0.00	0.00
3164	-1	0	Neuron	473	32	2.9527	M 0 -1 C 0.5 -0.5 0.3 0.2 0.8 1 L 0 0.6 L -0.8 1 C -0.3 0.2 -0.5 -0.5 0 -1 Z	1.1168	G0	0		35.99	3.8014	False	True	0	0.0	0.00	0.00
3165	-1	0	Neuron	458	646	1.2530	M 0 -1 C 0.5 -0.5 0.3 0.2 0.8 1 L 0 0.6 L -0.8 1 C -0.3 0.2 -0.5 -0.5 0 -1 Z	1.0845	G0	0		34.87	1.9407	False	True	0	0.0	0.00	0.00
3166	-1	0	Neuron	564	181	1.1204	M 0 -1 C 0.5 -0.5 0.3 0.2 0.8 1 L 0 0.6 L -0.8 1 C -0.3 0.2 -0.5 -0.5 0 -1 Z	1.0742	G0	0		35.53	2.7610	False	True	0	0.0	0.00	0.00
3167	-1	0	Neuron	442	255	5.1050	M 0 -1 C 0.5 -0.5 0.3 0.2 0.8 1 L 0 0.6 L -0.8 1 C -0.3 0.2 -0.5 -0.5 0 -1 Z	1.3589	G0	0		34.65	2.0304	False	True	0	0.0	0.00	0.00
3168	-1	0	Neuron	176	751	1.7806	M 0 -1 C 0.5 -0.5 0.3 0.2 0.8 1 L 0 0.6 L -0.8 1 C -0.3 0.2 -0.5 -0.5 0 -1 Z	0.9981	G0	0		35.78	3.1129	False	True	0	0.0	0.00	0.00
3169	-1	0	Neuron	140	874	3.3727	M 0 -1 C 0.5 -0.5 0.3 0.2 0.8 1 L 0 0.6 L -0.8 1 C -0.3 0.2 -0.5 -0.5 0 -1 Z	0.8675	G0	0		36.29	3.7286	False	True	0	0.0	0.00	0.00
3170	-1	0	Neuron	952	209	2.7158	M 0 -1 C 0.5 -0.5 0.3 0.2 0.8 1 L 0 0.6 L -0.8 1 C -0.3 0.2 -0.5 -0.5 0 -1 Z	0.8111	G0	0		36.50	4.0133	False	True	0	0.0	0.00	0.00
3171	-1	0	Neuron	744	859	5.6107	M 0 -1 C 0.5 -0.5 0.3 0.2 0.8 1 L 0 0.6 L -0.8 1 C -0.3 0.2 -0.5 -0.5 0 -1 Z	0.7801	G0	0		34.87	2.6315	False	True	0	0.0	0.00	0.00
3172	-1	0	Neuron	920	745	5.1855	M 0 -1 C 0.5 -0.5 0.3 0.2 0.8 1 L 0 0.6 L -0.8 1 C -0.3 0.2 -0.5 -0.5 0 -1 Z	1.1967	G0	0		36.18	3.6768	False	True	0	0.0	0.00	0.00
3173	-1	0	Neuron	639	111	5.3284	M 0 -1 C 0.5 -0.5 0.3 0.2 0.8 1 L 0 0.6 L -0.8 1 C -0.3 0.2 -0.5 -0.5 0 -1 Z	0.6830	G0	0		35.99	3.2903	False	True	0	0.0	0.00	0.00
3174	-1	0	Neuron	307	736	0.6460	M 0 -1 C 0.5 -0.5 0.3 0.2 0.8 1 L 0 0.6 L -0.8 1 C -0.3 0.2 -0.5 -0.5 0 -1 Z	1.2857	G0	0		34.81	2.2619	False	True	0	0.0	0.00	0.00
3175	-1	0	Neuron	178	893	2.7141	M 0 -1 C 0.5 -0.5 0.3 0.2 0.8 1 L 0 0.6 L -0.8 1 C -0.3 0.2 -0.5 -0.5 0 -1 Z	0.9487	G0	0		35.58	3.2883	False	True	0	0.0	0.00	0.00
3176	-1	0	Neuron	40	712	5.6631	M 0 -1 C 0.5 -0.5 0.3 0.2 0.8 1 L 0 0.6 L -0.8 1 C -0.3 0.2 -0.5 -0.5 0 -1 Z	1.2790	G0	0		36.34	3.9555	False	True	0	0.0	0.00	0.00
3177	-1	0	Neuron	877	843	1.3483	M 0 -1 C 0.5 -0.5 0.3 0.2 0.8 1 L 0 0.6 L -0.8 1 C -0.3 0.2 -0.5 -0.5 0 -1 Z	0.8018	G0	0		35.17	3.0490	False	True	0	0.0	0.00	0.00
3178	-1	0	Neuron	393	907	5.1670	M 0 -1 C 0.5 -0.5 0.3 0.2 0.8 1 L 0 0.6 L -0.8 1 C -0.3 0.2 -0.5 -0.5 0 -1 Z	0.7959	G0	0		35.61	3.2438	False	True	0	0.0	0.00	0.00
3179	-1	0	Neuron	883	433	4.1428	M 0 -1 C 0.5 -0.5 0.3 0.2 0.8 1 L 0 0.6 L -0.8 1 C -0.3 0.2 -0.5 -0.5 0 -1 Z	0.9063	G0	0		35.03	2.8171	False	True	0	0.0	0.00	0.00
3180	-1	0	Neuron	839	933	5.3946	M 0 -1 C 0.5 -0.5 0.3 0.2 0.8 1 L 0 0.6 L -0.8 1 C -0.3 0.2 -0.5 -0.5 0 -1 Z	1.1679	G0	0		36.36	3.9174	False	True	0	0.0	0.00	0.00
3181	-1	0	Neuron	543	798	4.0576	M 0 -1 C 0.5 -0.5 0.3 0.2 0.8 1 L 0 0.6 L -0.8 1 C -0.3 0.2 -0.5 -0.5 0 -1 Z	0.9960	G0	0		35.43	2.6322	False	True	0	0.0	0.00	0.00
3182	-1	0	Neuron	880	919	3.5401	M 0 -1 C 0.5 -0.5 0.3 0.2 0.8 1 L 0 0.6 L -0.8 1 C -0.3 0.2 -0.5 -0.5 0 -1 Z	1.0005	G0	0		36.91	4.2018	False	True	0	0.0	0.00	0.00
3183	-1	0	Neuron	321	347	4.8342	M 0 -1 C 0.5 -0.5 0.3 0.2 0.8 1 L 0 0.6 L -0.8 1 C -0.3 0.2 -0.5 -0.5 0 -1 Z	1.0389	G0	0		35.42	2.3756	False	True	0	0.0	0.00	0.00
3184	-1	0	Neuron	605	657	3.9756	M 0 -1 C 0.5 -0.5 0.3 0.2 0.8 1 L 0 0.6 L -0.8 1 C -0.3 0.2 -0.5 -0.5 0 -1 Z	1.4384	G0	0		34.47	1.8241	False	True	0	0.0	0.00	0.00
3185	-1	0	Neuron	461	958	5.3391	M 0 -1 C 0.5 -0.5 0.3 0.2 0.8 1 L 0 0.6 L -0.8 1 C -0.3 0.2 -0.5 -0.5 0 -1 Z	1.1103	G0	0		36.50	3.9833	False	True	0	0.0	0.00	0.00
3186	-1	0	Neuron	915	693	1.7150	M 0 -1 C 0.5 -0.5 0.3 0.2 0.8 1 L 0 0.6 L -0.8 1 C -0.3 0.2 -0.5 -0.5 0 -1 Z	0.9115	G0	0		35.22	3.1399	False	True	0	0.0	0.00	0.00
3187	-1	0	Neuron	792	571	5.2829	M 0 -1 C 0.5 -0.5 0.3 0.2 0.8 1 L 0 0.6 L -0.8 1 C -0.3 0.2 -0.5 -0.5 0 -1 Z	0.9134	G0	0		35.45	2.6249	False	True	0	0.0	0.00	0.00
3188	-1	0	Neuron	414	621	0.2907	M 0 -1 C 0.5 -0.5 0.3 0.2 0.8 1 L 0 0.6 L -0.8 1 C -0.3 0.2 -0.5 -0.5 0 -1 Z	1.0489	G0	0		35.18	2.0933	False	True	0	0.0	0.00	0.00
3189	-1	0	Neuron	315	489	6.1632	M 0 -1 C 0.5 -0.5 0.3 0.2 0.8 1 L 0 0.6 L -0.8 1 C -0.3 0.2 -0.5 -0.5 0 -1 Z	1.1941	G0	0		34.35	1.6413	False	True	0	0.0	0.00	0.00
3190	-1	0	Neuron	125	883	2.3034	M 0 -1 C 0.5 -0.5 0.3 0.2 0.8 1 L 0 0.6 L -0.8 1 C -0.3 0.2 -0.5 -0.5 0 -1 Z	0.8745	G0	0		35.33	3.3131	False	True	0	0.0	0.00	0.00
3191	-1	0	Neuron	561	211	5.0411	M 0 -1 C 0.5 -0.5 0.3 0.2 0.8 1 L 0 0.6 L -0.8 1 C -0.3 0.2 -0.5 -0.5 0 -1 Z	1.1915	G0	0		36.01	2.8923	False	True	0	0.0	0.00	0.00
3192	-1	0	Neuron	813	695	0.4399	M 0 -1 C 0.5 -0.5 0.3 0.2 0.8 1 L 0 0.6 L -0.8 1 C -0.3 0.2 -0.5 -0.5 0 -1 Z	0.9377	G0	0		34.65	2.3937	False	True	0	0.0	0.00	0.00
3193	-1	0	Neuron	329	946	4.7221	M 0 -1 C 0.5 -0.5 0.3 0.2 0.8 1 L 0 0.6 L -0.8 1 C -0.3 0.2 -0.5 -0.5 0 -1 Z	0.8937	G0	0		36.13	3.7515	False	True	0	0.0	0.00	0.00
3194	-1	0	Neuron	106	955	4.1971	M 0 -1 C 0.5 -0.5 0.3 0.2 0.8 1 L 0 0.6 L -0.8 1 C -0.3 0.2 -0.5 -0.5 0 -1 Z	1.2783	G0	0		35.21	3.4741	False	True	0	0.0	0.00	0.00
3195	-1	0	Neuron	190	478	3.1487	M 0 -1 C 0.5 -0.5 0.3 0.2 0.8 1 L 0 0.6 L -0.8 1 C -0.3 0.2 -0.5 -0.5 0 -1 Z	1.1409	G0	0		36.16	3.0617	False	True	0	0.0	0.00	0.00
3196	-1	0	Neuron	317	743	4.8475	M 0 -1 C 0.5 -0.5 0.3 0.2 0.8 1 L 0 0.6 L -0.8 1 C -0.3 0.2 -0.5 -0.5 0 -1 Z	1.0105	G0	0		35.18	2.4599	False	True	0	0.0	0.00	0.00
3197	-1	0	Neuron	288	641	0.5673	M 0 -1 C 0.5 -0.5 0.3 0.2 0.8 1 L 0 0.6 L -0.8 1 C -0.3 0.2 -0.5 -0.5 0 -1 Z	1.1658	G0	0		34.98	2.1921	False	True	0	0.0	0.00	0.00
3198	-1	0	Neuron	802	869	0.7550	M 0 -1 C 0.5 -0.5 0.3 0.2 0.8 1 L 0 0.6 L -0.8 1 C -0.3 0.2 -0.5 -0.5 0 -1 Z	1.1459	G0	0		36.18	3.5240	False	True	0	0.0	0.00	0.00
3199	-1	0	Neuron	322	432	4.2642	M 0 -1 C 0.5 -0.5 0.3 0.2 0.8 1 L 0 0.6 L -0.8 1 C -0.3 0.2 -0.5 -0.5 0 -1 Z	1.1864	G0	0		35.21	2.1641	False	True	0	0.0	0.00	0.00
3200	-1	0	Neuron	131	739	1.3341	M 0 -1 C 0.5 -0.5 0.3 0.2 0.8 1 L 0 0.6 L -0.8 1 C -0.3 0.2 -0.5 -0.5 0 -1 Z	0.8418	G0	0		36.43	3.5839	False	True	0	0.0	0.00	0.00
3201	-1	0	Neuron	938	481	4.8827	M 0 -1 C 0.5 -0.5 0.3 0.2 0.8 1 L 0 0.6 L -0.8 1 C -0.3 0.2 -0.5 -0.5 0 -1 Z	0.8775	G0	0		36.42	3.8180	False	True	0	0.0	0.00	0.00
3202	-1	0	Neuron	927	954	4.5557	M 0 -1 C 0.5 -0.5 0.3 0.2 0.8 1 L 0 0.6 L -0.8 1 C -0.3 0.2 -0.5 -0.5 0 -1 Z	1.2656	G0	0		35.77	3.7880	False	True	0	0.0	0.00	0.00
3203	-1	0	Neuron	117	797	6.1585	M 0 -1 C 0.5 -0.5 0.3 0.2 0.8 1 L 0 0.6 L -0.8 1 C -0.3 0.2 -0.5 -0.5 0 -1 Z	0.6529	G0	0		35.52	3.2363	False	True	0	0.0	0.00	0.00
3204	-1	0	Neuron	202	695	1.5504	M 0 -1 C 0.5 -0.5 0.3 0.2 0.8 1 L 0 0.6 L -0.8 1 C -0.3 0.2 -0.5 -0.5 0 -1 Z	0.9012	G0	0		35.16	2.6399	False	True	0	0.0	0.00	0.00
3205	-1	0	Neuron	729	292	0.5982	M 0 -1 C 0.5 -0.5 0.3 0.2 0.8 1 L 0 0.6 L -0.8 1 C -0.3 0.2 -0.5 -0.5 0 -1 Z	0.7840	G0	0		35.78	2.7550	False	True	0	0.0	0.00	0.00
3206	-1	0	Neuron	575	958	4.2900	M 0 -1 C 0.5 -0.5 0.3 0.2 0.8 1 L 0 0.6 L -0.8 1 C -0.3 0.2 -0.5 -0.5 0 -1 Z	1.2101	G0	0		35.70	3.5918	False	True	0	0.0	0.00	0.00
3207	-1	0	Neuron	616	561	3.6027	M 0 -1 C 0.5 -0.5 0.3 0.2 0.8 1 L 0 0.6 L -0.8 1 C -0.3 0.2 -0.5 -0.5 0 -1 Z	0.9745	G0	0		34.98	1.9664	False	True	0	0.0	0.00	0.00
3208	-1	0	Neuron	284	60	5.6184	M 0 -1 C 0.5 -0.5 0.3 0.2 0.8 1 L 0 0.6 L -0.8 1 C -0.3 0.2 -0.5 -0.5 0 -1 Z	0.8435	G0	0		36.40	3.8780	False	True	0	0.0	0.00	0.00
3209	-1	0	Neuron	294	886	4.2045	M 0 -1 C 0.5 -0.5 0.3 0.2 0.8 1 L 0 0.6 L -0.8 1 C -0.3 0.2 -0.5 -0.5 0 -1 Z	1.3682	G0	0		35.08	2.9358	False	True	0	0.0	0.00	0.00
3210	-1	0	Neuron	889	725	1.8676	M 0 -1 C 0.5 -0.5 0.3 0.2 0.8 1 L 0 0.6 L -0.8 1 C -0.3 0.2 -0.5 -0.5 0 -1 Z	1.1561	G0	0		35.75	3.3048	False	True	0	0.0	0.00	0.00
3211	-1	0	Neuron	330	852	5.9898	M 0 -1 C 0.5 -0.5 0.3 0.2 0.8 1 L 0 0.6 L -0.8 1 C -0.3 0.2 -0.5 -0.5 0 -1 Z	1.1923	G0	0		36.13	3.2436	False	True	0	0.0	0.00	0.00
3212	-1	0	Neuron	613	176	1.6074	M 0 -1 C 0.5 -0.5 0.3 0.2 0.8 1 L 0 0.6 L -0.8 1 C -0.3 0.2 -0.5 -0.5 0 -1 Z	1.3130	G0	0		34.88	2.4585	False	True	0	0.0	0.00	0.00
3213	-1	0	Neuron	296	199	4.3166	M 0 -1 C 0.5 -0.5 0.3 0.2 0.8 1 L 0 0.6 L -0.8 1 C -0.3 0.2 -0.5 -0.5 0 -1 Z	0.8809	G0	0		35.67	2.9123	False	True	0	0.0	0.00	0.00
3214	-1	0	Neuron	388	759	1.0696	M 0 -1 C 0.5 -0.5 0.3 0.2 0.8 1 L 0 0.6 L -0.8 1 C -0.3 0.2 -0.5 -0.5 0 -1 Z	0.6081	G0	0		35.66	2.6359	False	True	0	0.0	0.00	0.00
3215	-1	0	Neuron	247	266	5.2089	M 0 -1 C 0.5 -0.5 0.3 0.2 0.8 1 L 0 0.6 L -0.8 1 C -0.3 0.2 -0.5 -0.5 0 -1 Z	1.1717	G0	0		35.08	2.5127	False	True	0	0.0	0.00	0.00
3216	-1	0	Neuron	656	452	0.0935	M 0 -1 C 0.5 -0.5 0.3 0.2 0.8 1 L 0 0.6 L -0.8 1 C -0.3 0.2 -0.5 -0.5 0 -1 Z	0.8862	G0	0		34.89	1.9706	False	True	0	0.0	0.00	0.00
3217	-1	0	Neuron	206	792	4.5353	M 0 -1 C 0.5 -0.5 0.3 0.2 0.8 1 L 0 0.6 L -0.8 1 C -0.3 0.2 -0.5 -0.5 0 -1 Z	0.9855	G0	0		35.49	2.9658	False	True	0	0.0	0.00	0.00
3218	-1	0	Neuron	395	32	4.1683	M 0 -1 C 0.5 -0.5 0.3 0.2 0.8 1 L 0 0.6 L -0.8 1 C -0.3 0.2 -0.5 -0.5 0 -1 Z	0.9120	G0	0		35.76	3.6906	False	True	0	0.0	0.00	0.00
3219	-1	0	Neuron	613	843	4.3999	M 0 -1 C 0.5 -0.5 0.3 0.2 0.8 1 L 0 0.6 L -0.8 1 C -0.3 0.2 -0.5 -0.5 0 -1 Z	1.2306	G0	0		35.40	2.8391	False	True	0	0.0	0.00	0.00
3220	-1	0	Neuron	939	688	2.2471	M 0 -1 C 0.5 -0.5 0.3 0.2 0.8 1 L 0 0.6 L -0.8 1 C -0.3 0.2 -0.5 -0.5 0 -1 Z	0.8225	G0	0		35.93	3.6170	False	True	0	0.0	0.00	0.00
3221	-1	0	Neuron	652	591	3.3457	M 0 -1 C 0.5 -0.5 0.3 0.2 0.8 1 L 0 0.6 L -0.8 1 C -0.3 0.2 -0.5 -0.5 0 -1 Z	0.9522	G0	0		35.28	2.1459	False	True	0	0.0	0.00	0.00
3222	-1	0	Neuron	105	293	0.7914	M 0 -1 C 0.5 -0.5 0.3 0.2 0.8 1 L 0 0.6 L -0.8 1 C -0.3 0.2 -0.5 -0.5 0 -1 Z	0.6798	G0	0		35.19	3.0476	False	True	0	0.0	0.00	0.00
3223	-1	0	Neuron	605	359	4.4457	M 0 -1 C 0.5 -0.5 0.3 0.2 0.8 1 L 0 0.6 L -0.8 1 C -0.3 0.2 -0.5 -0.5 0 -1 Z	1.0671	G0	0		34.69	1.8381	False	True	0	0.0	0.00	0.00
3224	-1	0	Neuron	887	875	4.2272	M 0 -1 C 0.5 -0.5 0.3 0.2 0.8 1 L 0 0.6 L -0.8 1 C -0.3 0.2 -0.5 -0.5 0 -1 Z	1.1998	G0	0		35.33	3.3213	False	True	0	0.0	0.00	0.00
3225	-1	0	Neuron	415	154	0.9823	M 0 -1 C 0.5 -0.5 0.3 0.2 0.8 1 L 0 0.6 L -0.8 1 C -0.3 0.2 -0.5 -0.5 0 -1 Z	0.6765	G0	0		34.62	2.4484	False	True	0	0.0	0.00	0.00
3226	-1	0	Neuron	418	30	5.0020	M 0 -1 C 0.5 -0.5 0.3 0.2 0.8 1 L 0 0.6 L -0.8 1 C -0.3 0.2 -0.5 -0.5 0 -1 Z	0.9092	G0	0		36.30	3.8901	False	True	0	0.0	0.00	0.00
3227	-1	0	Neuron	273	255	1.4440	M 0 -1 C 0.5 -0.5 0.3 0.2 0.8 1 L 0 0.6 L -0.8 1 C -0.3 0.2 -0.5 -0.5 0 -1 Z	0.8032	G0	0		34.64	2.2447	False	True	0	0.0	0.00	0.00
3228	-1	0	Neuron	441	55	1.7954	M 0 -1 C 0.5 -0.5 0.3 0.2 0.8 1 L 0 0.6 L -0.8 1 C -0.3 0.2 -0.5 -0.5 0 -1 Z	1.0284	G0	0		35.94	3.6283	False	True	0	0.0	0.00	0.00
3229	-1	0	Neuron	935	120	4.8725	M 0 -1 C 0.5 -0.5 0.3 0.2 0.8 1 L 0 0.6 L -0.8 1 C -0.3 0.2 -0.5 -0.5 0 -1 Z	1.1793	G0	0		36.24	3.8898	False	True	0	0.0	0.00	0.00
3230	-1	0	Neuron	587	848	3.1958	M 0 -1 C 0.5 -0.5 0.3 0.2 0.8 1 L 0 0.6 L -0.8 1 C -0.3 0.2 -0.5 -0.5 0 -1 Z	1.2650	G0	0		35.53	2.8916	False	True	0	0.0	0.00	0.00
3231	-1	0	Neuron	357	909	4.3906	M 0 -1 C 0.5 -0.5 0.3 0.2 0.8 1 L 0 0.6 L -0.8 1 C -0.3 0.2 -0.5 -0.5 0 -1 Z	0.8099	G0	0		36.04	3.4731	False	True	0	0.0	0.00	0.00
3232	-1	0	Neuron	894	60	3.5497	M 0 -1 C 0.5 -0.5 0.3 0.2 0.8 1 L 0 0.6 L -0.8 1 C -0.3 0.2 -0.5 -0.5 0 -1 Z	0.8730	G0	0		36.39	4.0013	False	True	0	0.0	0.00	0.00
3233	-1	0	Neuron	255	807	4.7240	M 0 -1 C 0.5 -0.5 0.3 0.2 0.8 1 L 0 0.6 L -0.8 1 C -0.3 0.2 -0.5 -0.5 0 -1 Z	1.0456	G0	0		34.88	2.5892	False	True	0	0.0	0.00	0.00
3234	-1	0	Neuron	312	571	3.6573	M 0 -1 C 0.5 -0.5 0.3 0.2 0.8 1 L 0 0.6 L -0.8 1 C -0.3 0.2 -0.5 -0.5 0 -1 Z	0.8551	G0	0		35.63	2.4326	False	True	0	0.0	0.00	0.00
3235	-1	0	Neuron	795	38	1.8021	M 0 -1 C 0.5 -0.5 0.3 0.2 0.8 1 L 0 0.6 L -0.8 1 C -0.3 0.2 -0.5 -0.5 0 -1 Z	0.7367	G0	0		35.77	3.7135	False	True	0	0.0	0.00	0.00
3236	-1	0	Neuron	791	13	3.4112	M 0 -1 C 0.5 -0.5 0.3 0.2 0.8 1 L 0 0.6 L -0.8 1 C -0.3 0.2 -0.5 -0.5 0 -1 Z	0.9931	G0	0		36.53	4.2190	False	True	0	0.0	0.00	0.00
3237	-1	0	Neuron	282	622	0.1704	M 0 -1 C 0.5 -0.5 0.3 0.2 0.8 1 L 0 0.6 L -0.8 1 C -0.3 0.2 -0.5 -0.5 0 -1 Z	0.8362	G0	0		35.52	2.4906	False	True	0	0.0	0.00	0.00
3238	-1	0	Neuron	244	847	3.5457	M 0 -1 C 0.5 -0.5 0.3 0.2 0.8 1 L 0 0.6 L -0.8 1 C -0.3 0.2 -0.5 -0.5 0 -1 Z	0.7093	G0	0		35.28	2.9432	False	True	0	0.0	0.00	0.00
3239	-1	0	Neuron	510	693	4.7144	M 0 -1 C 0.5 -0.5 0.3 0.2 0.8 1 L 0 0.6 L -0.8 1 C -0.3 0.2 -0.5 -0.5 0 -1 Z	1.3461	G0	0		35.54	2.3424	False	True	0	0.0	0.00	0.00
3240	-1	0	Neuron	882	210	4.6570	M 0 -1 C 0.5 -0.5 0.3 0.2 0.8 1 L 0 0.6 L -0.8 1 C -0.3 0.2 -0.5 -0.5 0 -1 Z	0.9578	G0	0		35.68	3.2495	False	True	0	0.0	0.00	0.00
3241	-1	0	Neuron	622	752	3.9987	M 0 -1 C 0.5 -0.5 0.3 0.2 0.8 1 L 0 0.6 L -0.8 1 C -0.3 0.2 -0.5 -0.5 0 -1 Z	0.8538	G0	0		35.07	2.3142	False	True	0	0.0	0.00	0.00
3242	-1	0	Neuron	141	429	5.7909	M 0 -1 C 0.5 -0.5 0.3 0.2 0.8 1 L 0 0.6 L -0.8 1 C -0.3 0.2 -0.5 -0.5 0 -1 Z	1.0074	G0	0		35.58	2.9939	False	True	0	0.0	0.00	0.00
3243	-1	0	Neuron	13	478	3.1476	M 0 -1 C 0.5 -0.5 0.3 0.2 0.8 1 L 0 0.6 L -0.8 1 C -0.3 0.2 -0.5 -0.5 0 -1 Z	0.9690	G0	0		36.28	4.0796	False	True	0	0.0	0.00	0.00
3244	-1	0	Neuron	775	868	6.0792	M 0 -1 C 0.5 -0.5 0.3 0.2 0.8 1 L 0 0.6 L -0.8 1 C -0.3 0.2 -0.5 -0.5 0 -1 Z	0.9465	G0	0		35.44	3.1314	False	True	0	0.0	0.00	0.00
3245	-1	0	Neuron	793	282	1.5295	M 0 -1 C 0.5 -0.5 0.3 0.2 0.8 1 L 0 0.6 L -0.8 1 C -0.3 0.2 -0.5 -0.5 0 -1 Z	0.7571	G0	0		35.58	2.8605	False	True	0	0.0	0.00	0.00
3246	-1	0	Neuron	171	581	4.6925	M 0 -1 C 0.5 -0.5 0.3 0.2 0.8 1 L 0 0.6 L -0.8 1 C -0.3 0.2 -0.5 -0.5 0 -1 Z	0.9396	G0	0		35.96	3.0069	False	True	0	0.0	0.00	0.00
3247	-1	0	Neuron	260	244	1.0096	M 0 -1 C 0.5 -0.5 0.3 0.2 0.8 1 L 0 0.6 L -0.8 1 C -0.3 0.2 -0.5 -0.5 0 -1 Z	1.2851	G0	0		35.90	2.9706	False	True	0	0.0	0.00	0.00
3248	-1	0	Neuron	902	325	5.2006	M 0 -1 C 0.5 -0.5 0.3 0.2 0.8 1 L 0 0.6 L -0.8 1 C -0.3 0.2 -0.5 -0.5 0 -1 Z	0.9275	G0	0		35.19	2.9920	False	True	0	0.0	0.00	0.00
3249	-1	0	Neuron	108	388	1.9358	M 0 -1 C 0.5 -0.5 0.3 0.2 0.8 1 L 0 0.6 L -0.8 1 C -0.3 0.2 -0.5 -0.5 0 -1 Z	1.2103	G0	0		35.99	3.3682	False	True	0	0.0	0.00	0.00
3250	-1	0	Neuron	538	10	5.2614	M 0 -1 C 0.5 -0.5 0.3 0.2 0.8 1 L 0 0.6 L -0.8 1 C -0.3 0.2 -0.5 -0.5 0 -1 Z	0.8893	G0	0		36.92	4.4236	False	True	0	0.0	0.00	0.00
3251	-1	0	Neuron	494	632	4.7620	M 0 -1 C 0.5 -0.5 0.3 0.2 0.8 1 L 0 0.6 L -0.8 1 C -0.3 0.2 -0.5 -0.5 0 -1 Z	0.9495	G0	0		34.68	1.8208	False	True	0	0.0	0.00	0.00
3252	-1	0	Neuron	690	284	4.9378	M 0 -1 C 0.5 -0.5 0.3 0.2 0.8 1 L 0 0.6 L -0.8 1 C -0.3 0.2 -0.5 -0.5 0 -1 Z	0.9517	G0	0		35.64	2.6290	False	True	0	0.0	0.00	0.00
3253	-1	0	Neuron	513	147	1.6672	M 0 -1 C 0.5 -0.5 0.3 0.2 0.8 1 L 0 0.6 L -0.8 1 C -0.3 0.2 -0.5 -0.5 0 -1 Z	1.1496	G0	0		35.19	2.7038	False	True	0	0.0	0.00	0.00
3254	-1	0	Neuron	126	458	0.4492	M 0 -1 C 0.5 -0.5 0.3 0.2 0.8 1 L 0 0.6 L -0.8 1 C -0.3 0.2 -0.5 -0.5 0 -1 Z	1.1832	G0	0		34.69	2.4745	False	True	0	0.0	0.00	0.00
3255	-1	0	Neuron	989	338	4.9309	M 0 -1 C 0.5 -0.5 0.3 0.2 0.8 1 L 0 0.6 L -0.8 1 C -0.3 0.2 -0.5 -0.5 0 -1 Z	1.1241	G0	0		36.33	4.0616	False	True	0	0.0	0.00	0.00
3256	-1	0	Neuron	905	623	2.6949	M 0 -1 C 0.5 -0.5 0.3 0.2 0.8 1 L 0 0.6 L -0.8 1 C -0.3 0.2 -0.5 -0.5 0 -1 Z	0.7857	G0	0		35.15	3.0099	False	True	0	0.0	0.00	0.00
3257	-1	0	Neuron	713	891	5.1860	M 0 -1 C 0.5 -0.5 0.3 0.2 0.8 1 L 0 0.6 L -0.8 1 C -0.3 0.2 -0.5 -0.5 0 -1 Z	0.8014	G0	0		35.68	3.2557	False	True	0	0.0	0.00	0.00
3258	-1	0	Neuron	204	948	2.0431	M 0 -1 C 0.5 -0.5 0.3 0.2 0.8 1 L 0 0.6 L -0.8 1 C -0.3 0.2 -0.5 -0.5 0 -1 Z	1.3099	G0	0		35.93	3.7233	False	True	0	0.0	0.00	0.00
3259	-1	0	Neuron	481	331	4.5729	M 0 -1 C 0.5 -0.5 0.3 0.2 0.8 1 L 0 0.6 L -0.8 1 C -0.3 0.2 -0.5 -0.5 0 -1 Z	0.9405	G0	0		35.62	2.3401	False	True	0	0.0	0.00	0.00
3260	-1	0	Neuron	435	947	0.6943	M 0 -1 C 0.5 -0.5 0.3 0.2 0.8 1 L 0 0.6 L -0.8 1 C -0.3 0.2 -0.5 -0.5 0 -1 Z	0.6941	G0	0		35.34	3.3366	False	True	0	0.0	0.00	0.00
3261	-1	0	Neuron	601	51	0.8214	M 0 -1 C 0.5 -0.5 0.3 0.2 0.8 1 L 0 0.6 L -0.8 1 C -0.3 0.2 -0.5 -0.5 0 -1 Z	1.3374	G0	0		36.16	3.6830	False	True	0	0.0	0.00	0.00
3262	-1	0	Neuron	691	915	2.6946	M 0 -1 C 0.5 -0.5 0.3 0.2 0.8 1 L 0 0.6 L -0.8 1 C -0.3 0.2 -0.5 -0.5 0 -1 Z	0.8835	G0	0		35.83	3.4406	False	True	0	0.0	0.00	0.00
3263	-1	0	Neuron	920	62	1.2021	M 0 -1 C 0.5 -0.5 0.3 0.2 0.8 1 L 0 0.6 L -0.8 1 C -0.3 0.2 -0.5 -0.5 0 -1 Z	1.2604	G0	0		36.76	4.2256	False	True	0	0.0	0.00	0.00
3264	-1	0	Neuron	958	284	0.5650	M 0 -1 C 0.5 -0.5 0.3 0.2 0.8 1 L 0 0.6 L -0.8 1 C -0.3 0.2 -0.5 -0.5 0 -1 Z	1.0438	G0	0		35.83	3.6660	False	True	0	0.0	0.00	0.00
3265	-1	0	Neuron	961	908	3.0099	M 0 -1 C 0.5 -0.5 0.3 0.2 0.8 1 L 0 0.6 L -0.8 1 C -0.3 0.2 -0.5 -0.5 0 -1 Z	1.2938	G0	0		36.29	3.9830	False	True	0	0.0	0.00	0.00
3266	-1	0	Neuron	907	359	0.6278	M 0 -1 C 0.5 -0.5 0.3 0.2 0.8 1 L 0 0.6 L -0.8 1 C -0.3 0.2 -0.5 -0.5 0 -1 Z	0.5986	G0	0		36.12	3.5164	False	True	0	0.0	0.00	0.00
3267	-1	0	Neuron	237	878	5.6486	M 0 -1 C 0.5 -0.5 0.3 0.2 0.8 1 L 0 0.6 L -0.8 1 C -0.3 0.2 -0.5 -0.5 0 -1 Z	0.9290	G0	0		35.61	3.2184	False	True	0	0.0	0.00	0.00
3268	-1	0	Neuron	776	245	1.8112	M 0 -1 C 0.5 -0.5 0.3 0.2 0.8 1 L 0 0.6 L -0.8 1 C -0.3 0.2 -0.5 -0.5 0 -1 Z	1.0762	G0	0		34.59	2.3867	False	True	0	0.0	0.00	0.00
3269	-1	0	Neuron	97	731	2.1804	M 0 -1 C 0.5 -0.5 0.3 0.2 0.8 1 L 0 0.6 L -0.8 1 C -0.3 0.2 -0.5 -0.5 0 -1 Z	1.5353	G0	0		36.18	3.5970	False	True	0	0.0	0.00	0.00
3270	-1	0	Neuron	344	605	5.2057	M 0 -1 C 0.5 -0.5 0.3 0.2 0.8 1 L 0 0.6 L -0.8 1 C -0.3 0.2 -0.5 -0.5 0 -1 Z	0.9336	G0	0		34.16	1.6588	False	True	0	0.0	0.00	0.00
3271	-1	0	Neuron	272	556	0.3717	M 0 -1 C 0.5 -0.5 0.3 0.2 0.8 1 L 0 0.6 L -0.8 1 C -0.3 0.2 -0.5 -0.5 0 -1 Z	1.0962	G0	0		34.46	1.8502	False	True	0	0.0	0.00	0.00
3272	-1	0	Neuron	95	285	5.4210	M 0 -1 C 0.5 -0.5 0.3 0.2 0.8 1 L 0 0.6 L -0.8 1 C -0.3 0.2 -0.5 -0.5 0 -1 Z	0.8486	G0	0		34.63	2.8221	False	True	0	0.0	0.00	0.00
3273	-1	0	Neuron	12	110	4.6060	M 0 -1 C 0.5 -0.5 0.3 0.2 0.8 1 L 0 0.6 L -0.8 1 C -0.3 0.2 -0.5 -0.5 0 -1 Z	1.1286	G0	0		36.93	4.4426	False	True	0	0.0	0.00	0.00
3274	-1	0	Neuron	893	713	1.5769	M 0 -1 C 0.5 -0.5 0.3 0.2 0.8 1 L 0 0.6 L -0.8 1 C -0.3 0.2 -0.5 -0.5 0 -1 Z	1.0544	G0	0		35.58	3.2211	False	True	0	0.0	0.00	0.00
3275	-1	0	Neuron	714	163	0.7828	M 0 -1 C 0.5 -0.5 0.3 0.2 0.8 1 L 0 0.6 L -0.8 1 C -0.3 0.2 -0.5 -0.5 0 -1 Z	0.9189	G0	0		35.00	2.6726	False	True	0	0.0	0.00	0.00
3276	-1	0	Neuron	456	494	2.9443	M 0 -1 C 0.5 -0.5 0.3 0.2 0.8 1 L 0 0.6 L -0.8 1 C -0.3 0.2 -0.5 -0.5 0 -1 Z	0.9941	G0	0		34.06	1.3889	False	True	0	0.0	0.00	0.00
3277	-1	0	Neuron	704	335	0.9675	M 0 -1 C 0.5 -0.5 0.3 0.2 0.8 1 L 0 0.6 L -0.8 1 C -0.3 0.2 -0.5 -0.5 0 -1 Z	0.9740	G0	0		34.30	1.9011	False	True	0	0.0	0.00	0.00
3278	-1	0	Neuron	482	924	2.1443	M 0 -1 C 0.5 -0.5 0.3 0.2 0.8 1 L 0 0.6 L -0.8 1 C -0.3 0.2 -0.5 -0.5 0 -1 Z	0.7909	G0	0		35.50	3.2494	False	True	0	0.0	0.00	0.00
3279	-1	0	Neuron	91	745	4.9540	M 0 -1 C 0.5 -0.5 0.3 0.2 0.8 1 L 0 0.6 L -0.8 1 C -0.3 0.2 -0.5 -0.5 0 -1 Z	0.8180	G0	0		35.74	3.3942	False	True	0	0.0	0.00	0.00
3280	-1	0	Neuron	709	697	4.5137	M 0 -1 C 0.5 -0.5 0.3 0.2 0.8 1 L 0 0.6 L -0.8 1 C -0.3 0.2 -0.5 -0.5 0 -1 Z	1.1310	G0	0		35.39	2.5221	False	True	0	0.0	0.00	0.00
3281	-1	0	Neuron	13	859	6.2563	M 0 -1 C 0.5 -0.5 0.3 0.2 0.8 1 L 0 0.6 L -0.8 1 C -0.3 0.2 -0.5 -0.5 0 -1 Z	1.1747	G0	0		36.54	4.2349	False	True	0	0.0	0.00	0.00
3282	-1	0	Neuron	989	758	5.2210	M 0 -1 C 0.5 -0.5 0.3 0.2 0.8 1 L 0 0.6 L -0.8 1 C -0.3 0.2 -0.5 -0.5 0 -1 Z	0.8766	G0	0		36.71	4.3214	False	True	0	0.0	0.00	0.00
3283	-1	0	Neuron	761	864	1.2035	M 0 -1 C 0.5 -0.5 0.3 0.2 0.8 1 L 0 0.6 L -0.8 1 C -0.3 0.2 -0.5 -0.5 0 -1 Z	0.9927	G0	0		35.89	3.3213	False	True	0	0.0	0.00	0.00
3284	-1	0	Neuron	485	106	0.6407	M 0 -1 C 0.5 -0.5 0.3 0.2 0.8 1 L 0 0.6 L -0.8 1 C -0.3 0.2 -0.5 -0.5 0 -1 Z	1.2506	G0	0		34.80	2.7585	False	True	0	0.0	0.00	0.00
3285	-1	0	Neuron	751	926	0.0365	M 0 -1 C 0.5 -0.5 0.3 0.2 0.8 1 L 0 0.6 L -0.8 1 C -0.3 0.2 -0.5 -0.5 0 -1 Z	0.9398	G0	0		35.47	3.2856	False	True	0	0.0	0.00	0.00
3286	-1	0	Neuron	41	486	2.4719	M 0 -1 C 0.5 -0.5 0.3 0.2 0.8 1 L 0 0.6 L -0.8 1 C -0.3 0.2 -0.5 -0.5 0 -1 Z	1.1346	G0	0		36.19	3.8462	False	True	0	0.0	0.00	0.00
3287	-1	0	Neuron	962	885	1.9319	M 0 -1 C 0.5 -0.5 0.3 0.2 0.8 1 L 0 0.6 L -0.8 1 C -0.3 0.2 -0.5 -0.5 0 -1 Z	0.8649	G0	0		35.81	3.7924	False	True	0	0.0	0.00	0.00
3288	-1	0	Neuron	692	584	5.2868	M 0 -1 C 0.5 -0.5 0.3 0.2 0.8 1 L 0 0.6 L -0.8 1 C -0.3 0.2 -0.5 -0.5 0 -1 Z	1.0626	G0	0		35.01	2.1364	False	True	0	0.0	0.00	0.00
3289	-1	0	Neuron	917	316	1.2826	M 0 -1 C 0.5 -0.5 0.3 0.2 0.8 1 L 0 0.6 L -0.8 1 C -0.3 0.2 -0.5 -0.5 0 -1 Z	0.8954	G0	0		35.19	3.0846	False	True	0	0.0	0.00	0.00
3290	-1	0	Neuron	392	711	5.4285	M 0 -1 C 0.5 -0.5 0.3 0.2 0.8 1 L 0 0.6 L -0.8 1 C -0.3 0.2 -0.5 -0.5 0 -1 Z	0.8939	G0	0		35.70	2.5441	False	True	0	0.0	0.00	0.00
3291	-1	0	Neuron	863	719	5.9300	M 0 -1 C 0.5 -0.5 0.3 0.2 0.8 1 L 0 0.6 L -0.8 1 C -0.3 0.2 -0.5 -0.5 0 -1 Z	1.1118	G0	0		35.66	3.1462	False	True	0	0.0	0.00	0.00
3292	-1	0	Neuron	205	752	1.3690	M 0 -1 C 0.5 -0.5 0.3 0.2 0.8 1 L 0 0.6 L -0.8 1 C -0.3 0.2 -0.5 -0.5 0 -1 Z	1.3053	G0	0		35.14	2.6951	False	True	0	0.0	0.00	0.00
3293	-1	0	Neuron	252	630	0.7337	M 0 -1 C 0.5 -0.5 0.3 0.2 0.8 1 L 0 0.6 L -0.8 1 C -0.3 0.2 -0.5 -0.5 0 -1 Z	1.1058	G0	0		35.48	2.4717	False	True	0	0.0	0.00	0.00
3294	-1	0	Neuron	486	593	1.5959	M 0 -1 C 0.5 -0.5 0.3 0.2 0.8 1 L 0 0.6 L -0.8 1 C -0.3 0.2 -0.5 -0.5 0 -1 Z	0.8199	G0	0		34.42	1.6270	False	True	0	0.0	0.00	0.00
3295	-1	0	Neuron	456	335	1.1372	M 0 -1 C 0.5 -0.5 0.3 0.2 0.8 1 L 0 0.6 L -0.8 1 C -0.3 0.2 -0.5 -0.5 0 -1 Z	0.6686	G0	0		34.08	1.5818	False	True	0	0.0	0.00	0.00
3296	-1	0	Neuron	899	440	0.5380	M 0 -1 C 0.5 -0.5 0.3 0.2 0.8 1 L 0 0.6 L -0.8 1 C -0.3 0.2 -0.5 -0.5 0 -1 Z	0.9312	G0	0		36.00	3.2824	False	True	0	0.0	0.00	0.00
3297	-1	0	Neuron	906	900	4.2895	M 0 -1 C 0.5 -0.5 0.3 0.2 0.8 1 L 0 0.6 L -0.8 1 C -0.3 0.2 -0.5 -0.5 0 -1 Z	1.0878	G0	0		36.40	3.9421	False	True	0	0.0	0.00	0.00
3298	-1	0	Neuron	924	567	2.9464	M 0 -1 C 0.5 -0.5 0.3 0.2 0.8 1 L 0 0.6 L -0.8 1 C -0.3 0.2 -0.5 -0.5 0 -1 Z	0.7037	G0	0		35.40	3.2235	False	True	0	0.0	0.00	0.00
3299	-1	0	Neuron	280	600	4.9066	M 0 -1 C 0.5 -0.5 0.3 0.2 0.8 1 L 0 0.6 L -0.8 1 C -0.3 0.2 -0.5 -0.5 0 -1 Z	0.6286	G0	0		35.48	2.4544	False	True	0	0.0	0.00	0.00
3300	-1	0	Neuron	632	428	3.1576	M 0 -1 C 0.5 -0.5 0.3 0.2 0.8 1 L 0 0.6 L -0.8 1 C -0.3 0.2 -0.5 -0.5 0 -1 Z	0.6372	G0	0		35.33	2.1718	False	True	0	0.0	0.00	0.00
3301	-1	0	Neuron	659	799	4.0168	M 0 -1 C 0.5 -0.5 0.3 0.2 0.8 1 L 0 0.6 L -0.8 1 C -0.3 0.2 -0.5 -0.5 0 -1 Z	0.8942	G0	0		36.07	3.0373	False	True	0	0.0	0.00	0.00
3302	-1	0	Neuron	437	168	1.5223	M 0 -1 C 0.5 -0.5 0.3 0.2 0.8 1 L 0 0.6 L -0.8 1 C -0.3 0.2 -0.5 -0.5 0 -1 Z	1.0187	G0	0		35.59	2.8598	False	True	0	0.0	0.00	0.00
3303	-1	0	Neuron	494	149	3.4509	M 0 -1 C 0.5 -0.5 0.3 0.2 0.8 1 L 0 0.6 L -0.8 1 C -0.3 0.2 -0.5 -0.5 0 -1 Z	1.1837	G0	0		35.63	2.9437	False	True	0	0.0	0.00	0.00
3304	-1	0	Neuron	118	558	1.6640	M 0 -1 C 0.5 -0.5 0.3 0.2 0.8 1 L 0 0.6 L -0.8 1 C -0.3 0.2 -0.5 -0.5 0 -1 Z	0.9822	G0	0		35.81	3.1847	False	True	0	0.0	0.00	0.00
3305	-1	0	Neuron	861	408	2.4440	M 0 -1 C 0.5 -0.5 0.3 0.2 0.8 1 L 0 0.6 L -0.8 1 C -0.3 0.2 -0.5 -0.5 0 -1 Z	1.1328	G0	0		36.03	3.2080	False	True	0	0.0	0.00	0.00
3306	-1	0	Neuron	461	323	0.8861	M 0 -1 C 0.5 -0.5 0.3 0.2 0.8 1 L 0 0.6 L -0.8 1 C -0.3 0.2 -0.5 -0.5 0 -1 Z	1.0931	G0	0		35.04	2.0274	False	True	0	0.0	0.00	0.00
3307	-1	0	Neuron	52	568	4.1768	M 0 -1 C 0.5 -0.5 0.3 0.2 0.8 1 L 0 0.6 L -0.8 1 C -0.3 0.2 -0.5 -0.5 0 -1 Z	0.9580	G0	0		36.29	3.8271	False	True	0	0.0	0.00	0.00
3308	-1	0	Neuron	927	625	6.1841	M 0 -1 C 0.5 -0.5 0.3 0.2 0.8 1 L 0 0.6 L -0.8 1 C -0.3 0.2 -0.5 -0.5 0 -1 Z	1.2369	G0	0		35.24	3.1817	False	True	0	0.0	0.00	0.00
3309	-1	0	Neuron	512	328	2.1378	M 0 -1 C 0.5 -0.5 0.3 0.2 0.8 1 L 0 0.6 L -0.8 1 C -0.3 0.2 -0.5 -0.5 0 -1 Z	1.0013	G0	0		34.86	1.9502	False	True	0	0.0	0.00	0.00
3310	-1	0	Neuron	166	813	2.5517	M 0 -1 C 0.5 -0.5 0.3 0.2 0.8 1 L 0 0.6 L -0.8 1 C -0.3 0.2 -0.5 -0.5 0 -1 Z	1.2960	G0	0		35.36	3.0615	False	True	0	0.0	0.00	0.00
3311	-1	0	Neuron	947	839	5.6492	M 0 -1 C 0.5 -0.5 0.3 0.2 0.8 1 L 0 0.6 L -0.8 1 C -0.3 0.2 -0.5 -0.5 0 -1 Z	0.9766	G0	0		36.26	3.8964	False	True	0	0.0	0.00	0.00
3312	-1	0	Neuron	700	420	4.4172	M 0 -1 C 0.5 -0.5 0.3 0.2 0.8 1 L 0 0.6 L -0.8 1 C -0.3 0.2 -0.5 -0.5 0 -1 Z	0.5048	G0	0		36.16	2.7259	False	True	0	0.0	0.00	0.00
3313	-1	0	Neuron	152	108	3.8141	M 0 -1 C 0.5 -0.5 0.3 0.2 0.8 1 L 0 0.6 L -0.8 1 C -0.3 0.2 -0.5 -0.5 0 -1 Z	0.9841	G0	0		36.25	3.7516	False	True	0	0.0	0.00	0.00
3314	-1	0	Neuron	773	890	0.7019	M 0 -1 C 0.5 -0.5 0.3 0.2 0.8 1 L 0 0.6 L -0.8 1 C -0.3 0.2 -0.5 -0.5 0 -1 Z	1.2390	G0	0		36.40	3.6904	False	True	0	0.0	0.00	0.00
3315	-1	0	Neuron	19	392	2.7193	M 0 -1 C 0.5 -0.5 0.3 0.2 0.8 1 L 0 0.6 L -0.8 1 C -0.3 0.2 -0.5 -0.5 0 -1 Z	0.9232	G0	0		36.63	4.2115	False	True	0	0.0	0.00	0.00
3316	-1	0	Neuron	619	596	0.1265	M 0 -1 C 0.5 -0.5 0.3 0.2 0.8 1 L 0 0.6 L -0.8 1 C -0.3 0.2 -0.5 -0.5 0 -1 Z	1.1245	G0	0		35.19	2.1063	False	True	0	0.0	0.00	0.00
3317	-1	0	Neuron	988	656	4.4705	M 0 -1 C 0.5 -0.5 0.3 0.2 0.8 1 L 0 0.6 L -0.8 1 C -0.3 0.2 -0.5 -0.5 0 -1 Z	0.9884	G0	0		35.86	3.8841	False	True	0	0.0	0.00	0.00
3318	-1	0	Neuron	206	931	2.9021	M 0 -1 C 0.5 -0.5 0.3 0.2 0.8 1 L 0 0.6 L -0.8 1 C -0.3 0.2 -0.5 -0.5 0 -1 Z	1.0663	G0	0		35.70	3.4604	False	True	0	0.0	0.00	0.00
3319	-1	0	Neuron	171	427	2.1968	M 0 -1 C 0.5 -0.5 0.3 0.2 0.8 1 L 0 0.6 L -0.8 1 C -0.3 0.2 -0.5 -0.5 0 -1 Z	0.9349	G0	0		35.52	2.7831	False	True	0	0.0	0.00	0.00
3320	-1	0	Neuron	332	906	2.8885	M 0 -1 C 0.5 -0.5 0.3 0.2 0.8 1 L 0 0.6 L -0.8 1 C -0.3 0.2 -0.5 -0.5 0 -1 Z	0.5574	G0	0		34.85	2.8843	False	True	0	0.0	0.00	0.00
3321	-1	0	Neuron	837	48	6.1684	M 0 -1 C 0.5 -0.5 0.3 0.2 0.8 1 L 0 0.6 L -0.8 1 C -0.3 0.2 -0.5 -0.5 0 -1 Z	0.6114	G0	0		36.01	3.7910	False	True	0	0.0	0.00	0.00
3322	-1	0	Neuron	896	246	3.4302	M 0 -1 C 0.5 -0.5 0.3 0.2 0.8 1 L 0 0.6 L -0.8 1 C -0.3 0.2 -0.5 -0.5 0 -1 Z	0.9856	G0	0		35.17	3.0707	False	True	0	0.0	0.00	0.00
3323	-1	0	Neuron	810	135	1.8813	M 0 -1 C 0.5 -0.5 0.3 0.2 0.8 1 L 0 0.6 L -0.8 1 C -0.3 0.2 -0.5 -0.5 0 -1 Z	0.6854	G0	0		35.48	3.1014	False	True	0	0.0	0.00	0.00
3324	-1	0	Neuron	556	19	2.9954	M 0 -1 C 0.5 -0.5 0.3 0.2 0.8 1 L 0 0.6 L -0.8 1 C -0.3 0.2 -0.5 -0.5 0 -1 Z	1.0062	G0	0		36.30	4.0480	False	True	0	0.0	0.00	0.00
3325	-1	0	Neuron	754	911	3.3264	M 0 -1 C 0.5 -0.5 0.3 0.2 0.8 1 L 0 0.6 L -0.8 1 C -0.3 0.2 -0.5 -0.5 0 -1 Z	1.1913	G0	0		36.03	3.5710	False	True	0	0.0	0.00	0.00
3326	-1	0	Neuron	660	492	2.7402	M 0 -1 C 0.5 -0.5 0.3 0.2 0.8 1 L 0 0.6 L -0.8 1 C -0.3 0.2 -0.5 -0.5 0 -1 Z	1.2210	G0	0		35.77	2.4096	False	True	0	0.0	0.00	0.00
3327	-1	0	Neuron	479	417	3.8241	M 0 -1 C 0.5 -0.5 0.3 0.2 0.8 1 L 0 0.6 L -0.8 1 C -0.3 0.2 -0.5 -0.5 0 -1 Z	1.1603	G0	0		35.01	1.8810	False	True	0	0.0	0.00	0.00
3328	-1	0	Neuron	329	361	0.1341	M 0 -1 C 0.5 -0.5 0.3 0.2 0.8 1 L 0 0.6 L -0.8 1 C -0.3 0.2 -0.5 -0.5 0 -1 Z	0.9980	G0	0		35.45	2.3079	False	True	0	0.0	0.00	0.00
3329	-1	0	Neuron	910	988	1.8508	M 0 -1 C 0.5 -0.5 0.3 0.2 0.8 1 L 0 0.6 L -0.8 1 C -0.3 0.2 -0.5 -0.5 0 -1 Z	0.9973	G0	0		36.83	4.3770	False	True	0	0.0	0.00	0.00
3330	-1	0	Neuron	761	477	2.9921	M 0 -1 C 0.5 -0.5 0.3 0.2 0.8 1 L 0 0.6 L -0.8 1 C -0.3 0.2 -0.5 -0.5 0 -1 Z	0.7603	G0	0		34.89	2.1125	False	True	0	0.0	0.00	0.00
3331	-1	0	Neuron	711	254	5.5653	M 0 -1 C 0.5 -0.5 0.3 0.2 0.8 1 L 0 0.6 L -0.8 1 C -0.3 0.2 -0.5 -0.5 0 -1 Z	1.0520	G0	0		35.50	2.6716	False	True	0	0.0	0.00	0.00
3332	-1	0	Neuron	787	353	0.9174	M 0 -1 C 0.5 -0.5 0.3 0.2 0.8 1 L 0 0.6 L -0.8 1 C -0.3 0.2 -0.5 -0.5 0 -1 Z	1.1029	G0	0		35.25	2.5757	False	True	0	0.0	0.00	0.00
3333	-1	0	Neuron	362	989	4.9151	M 0 -1 C 0.5 -0.5 0.3 0.2 0.8 1 L 0 0.6 L -0.8 1 C -0.3 0.2 -0.5 -0.5 0 -1 Z	1.0063	G0	0		36.58	4.2287	False	True	0	0.0	0.00	0.00
3334	-1	0	Neuron	512	869	3.0085	M 0 -1 C 0.5 -0.5 0.3 0.2 0.8 1 L 0 0.6 L -0.8 1 C -0.3 0.2 -0.5 -0.5 0 -1 Z	1.2824	G0	0		36.13	3.2934	False	True	0	0.0	0.00	0.00
3335	-1	0	Neuron	54	500	0.6881	M 0 -1 C 0.5 -0.5 0.3 0.2 0.8 1 L 0 0.6 L -0.8 1 C -0.3 0.2 -0.5 -0.5 0 -1 Z	0.9147	G0	0		36.13	3.6882	False	True	0	0.0	0.00	0.00
3336	-1	0	Neuron	716	478	1.5911	M 0 -1 C 0.5 -0.5 0.3 0.2 0.8 1 L 0 0.6 L -0.8 1 C -0.3 0.2 -0.5 -0.5 0 -1 Z	0.8136	G0	0		34.61	1.8971	False	True	0	0.0	0.00	0.00
3337	-1	0	Neuron	787	705	4.5817	M 0 -1 C 0.5 -0.5 0.3 0.2 0.8 1 L 0 0.6 L -0.8 1 C -0.3 0.2 -0.5 -0.5 0 -1 Z	0.9767	G0	0		33.88	1.8159	False	True	0	0.0	0.00	0.00
3338	-1	0	Neuron	537	93	5.3521	M 0 -1 C 0.5 -0.5 0.3 0.2 0.8 1 L 0 0.6 L -0.8 1 C -0.3 0.2 -0.5 -0.5 0 -1 Z	0.8847	G0	0		35.50	3.1570	False	True	0	0.0	0.00	0.00
3339	-1	0	Neuron	619	282	5.2940	M 0 -1 C 0.5 -0.5 0.3 0.2 0.8 1 L 0 0.6 L -0.8 1 C -0.3 0.2 -0.5 -0.5 0 -1 Z	0.6822	G0	0		35.19	2.3175	False	True	0	0.0	0.00	0.00
3340	-1	0	Neuron	165	54	0.3408	M 0 -1 C 0.5 -0.5 0.3 0.2 0.8 1 L 0 0.6 L -0.8 1 C -0.3 0.2 -0.5 -0.5 0 -1 Z	0.9750	G0	0		35.06	3.3043	False	True	0	0.0	0.00	0.00
3341	-1	0	Neuron	49	332	0.0840	M 0 -1 C 0.5 -0.5 0.3 0.2 0.8 1 L 0 0.6 L -0.8 1 C -0.3 0.2 -0.5 -0.5 0 -1 Z	1.2896	G0	0		36.45	3.9335	False	True	0	0.0	0.00	0.00
3342	-1	0	Neuron	512	392	1.1179	M 0 -1 C 0.5 -0.5 0.3 0.2 0.8 1 L 0 0.6 L -0.8 1 C -0.3 0.2 -0.5 -0.5 0 -1 Z	0.8866	G0	0		34.92	1.8504	False	True	0	0.0	0.00	0.00
3343	-1	0	Neuron	116	193	0.1621	M 0 -1 C 0.5 -0.5 0.3 0.2 0.8 1 L 0 0.6 L -0.8 1 C -0.3 0.2 -0.5 -0.5 0 -1 Z	0.9113	G0	0		35.49	3.2749	False	True	0	0.0	0.00	0.00
3344	-1	0	Neuron	657	988	3.9623	M 0 -1 C 0.5 -0.5 0.3 0.2 0.8 1 L 0 0.6 L -0.8 1 C -0.3 0.2 -0.5 -0.5 0 -1 Z	1.2639	G0	0		36.28	4.0947	False	True	0	0.0	0.00	0.00
3345	-1	0	Neuron	660	350	1.6472	M 0 -1 C 0.5 -0.5 0.3 0.2 0.8 1 L 0 0.6 L -0.8 1 C -0.3 0.2 -0.5 -0.5 0 -1 Z	1.2959	G0	0		36.12	2.6961	False	True	0	0.0	0.00	0.00
3346	-1	0	Neuron	165	329	3.5134	M 0 -1 C 0.5 -0.5 0.3 0.2 0.8 1 L 0 0.6 L -0.8 1 C -0.3 0.2 -0.5 -0.5 0 -1 Z	1.0156	G0	0		34.95	2.5406	False	True	0	0.0	0.00	0.00
3347	-1	0	Neuron	359	608	5.2494	M 0 -1 C 0.5 -0.5 0.3 0.2 0.8 1 L 0 0.6 L -0.8 1 C -0.3 0.2 -0.5 -0.5 0 -1 Z	1.1948	G0	0		35.26	2.1302	False	True	0	0.0	0.00	0.00
3348	-1	0	Neuron	213	871	0.5502	M 0 -1 C 0.5 -0.5 0.3 0.2 0.8 1 L 0 0.6 L -0.8 1 C -0.3 0.2 -0.5 -0.5 0 -1 Z	0.7808	G0	0		35.91	3.3579	False	True	0	0.0	0.00	0.00
3349	-1	0	Neuron	789	847	3.2045	M 0 -1 C 0.5 -0.5 0.3 0.2 0.8 1 L 0 0.6 L -0.8 1 C -0.3 0.2 -0.5 -0.5 0 -1 Z	1.0466	G0	0		36.05	3.3884	False	True	0	0.0	0.00	0.00
3350	-1	0	Neuron	651	910	2.1177	M 0 -1 C 0.5 -0.5 0.3 0.2 0.8 1 L 0 0.6 L -0.8 1 C -0.3 0.2 -0.5 -0.5 0 -1 Z	0.9147	G0	0		36.76	3.7858	False	True	0	0.0	0.00	0.00
3351	-1	0	Neuron	640	554	3.0869	M 0 -1 C 0.5 -0.5 0.3 0.2 0.8 1 L 0 0.6 L -0.8 1 C -0.3 0.2 -0.5 -0.5 0 -1 Z	0.9141	G0	0		35.45	2.2358	False	True	0	0.0	0.00	0.00
3352	-1	0	Neuron	544	956	3.3316	M 0 -1 C 0.5 -0.5 0.3 0.2 0.8 1 L 0 0.6 L -0.8 1 C -0.3 0.2 -0.5 -0.5 0 -1 Z	1.0825	G0	0		35.35	3.4056	False	True	0	0.0	0.00	0.00
3353	-1	0	Neuron	118	169	1.3869	M 0 -1 C 0.5 -0.5 0.3 0.2 0.8 1 L 0 0.6 L -0.8 1 C -0.3 0.2 -0.5 -0.5 0 -1 Z	1.4053	G0	0		36.42	3.7709	False	True	0	0.0	0.00	0.00
3354	-1	0	Neuron	495	416	4.4034	M 0 -1 C 0.5 -0.5 0.3 0.2 0.8 1 L 0 0.6 L -0.8 1 C -0.3 0.2 -0.5 -0.5 0 -1 Z	0.7819	G0	0		34.04	1.4434	False	True	0	0.0	0.00	0.00
3355	-1	0	Neuron	392	988	4.5593	M 0 -1 C 0.5 -0.5 0.3 0.2 0.8 1 L 0 0.6 L -0.8 1 C -0.3 0.2 -0.5 -0.5 0 -1 Z	0.8495	G0	0		36.43	4.1546	False	True	0	0.0	0.00	0.00
3356	-1	0	Neuron	839	391	0.4731	M 0 -1 C 0.5 -0.5 0.3 0.2 0.8 1 L 0 0.6 L -0.8 1 C -0.3 0.2 -0.5 -0.5 0 -1 Z	1.2147	G0	0		36.22	3.2287	False	True	0	0.0	0.00	0.00
3357	-1	0	Neuron	257	176	5.3487	M 0 -1 C 0.5 -0.5 0.3 0.2 0.8 1 L 0 0.6 L -0.8 1 C -0.3 0.2 -0.5 -0.5 0 -1 Z	1.0676	G0	0		35.18	2.8109	False	True	0	0.0	0.00	0.00
3358	-1	0	Neuron	323	565	6.2330	M 0 -1 C 0.5 -0.5 0.3 0.2 0.8 1 L 0 0.6 L -0.8 1 C -0.3 0.2 -0.5 -0.5 0 -1 Z	0.8845	G0	0		33.51	1.1835	False	True	0	0.0	0.00	0.00
3359	-1	0	Neuron	166	660	2.1573	M 0 -1 C 0.5 -0.5 0.3 0.2 0.8 1 L 0 0.6 L -0.8 1 C -0.3 0.2 -0.5 -0.5 0 -1 Z	1.1321	G0	0		35.84	3.0620	False	True	0	0.0	0.00	0.00
3360	-1	0	Neuron	557	45	4.3671	M 0 -1 C 0.5 -0.5 0.3 0.2 0.8 1 L 0 0.6 L -0.8 1 C -0.3 0.2 -0.5 -0.5 0 -1 Z	1.1605	G0	0		35.38	3.4130	False	True	0	0.0	0.00	0.00
3361	-1	0	Neuron	453	733	4.5543	M 0 -1 C 0.5 -0.5 0.3 0.2 0.8 1 L 0 0.6 L -0.8 1 C -0.3 0.2 -0.5 -0.5 0 -1 Z	0.6995	G0	0		34.85	2.1008	False	True	0	0.0	0.00	0.00
3362	-1	0	Neuron	910	736	1.0056	M 0 -1 C 0.5 -0.5 0.3 0.2 0.8 1 L 0 0.6 L -0.8 1 C -0.3 0.2 -0.5 -0.5 0 -1 Z	0.9997	G0	0		36.13	3.6008	False	True	0	0.0	0.00	0.00
3363	-1	0	Neuron	987	925	0.0351	M 0 -1 C 0.5 -0.5 0.3 0.2 0.8 1 L 0 0.6 L -0.8 1 C -0.3 0.2 -0.5 -0.5 0 -1 Z	0.9105	G0	0		35.59	3.7725	False	True	0	0.0	0.00	0.00
3364	-1	0	Neuron	23	172	1.7264	M 0 -1 C 0.5 -0.5 0.3 0.2 0.8 1 L 0 0.6 L -0.8 1 C -0.3 0.2 -0.5 -0.5 0 -1 Z	0.8345	G0	0		35.85	3.7697	False	True	0	0.0	0.00	0.00
3365	-1	0	Neuron	395	11	0.1502	M 0 -1 C 0.5 -0.5 0.3 0.2 0.8 1 L 0 0.6 L -0.8 1 C -0.3 0.2 -0.5 -0.5 0 -1 Z	0.9568	G0	0		36.17	4.0401	False	True	0	0.0	0.00	0.00
3366	-1	0	Neuron	865	958	3.6021	M 0 -1 C 0.5 -0.5 0.3 0.2 0.8 1 L 0 0.6 L -0.8 1 C -0.3 0.2 -0.5 -0.5 0 -1 Z	0.9634	G0	0		35.73	3.7059	False	True	0	0.0	0.00	0.00
3367	-1	0	Neuron	475	607	4.2457	M 0 -1 C 0.5 -0.5 0.3 0.2 0.8 1 L 0 0.6 L -0.8 1 C -0.3 0.2 -0.5 -0.5 0 -1 Z	0.8025	G0	0		34.17	1.5048	False	True	0	0.0	0.00	0.00
3368	-1	0	Neuron	885	904	2.9061	M 0 -1 C 0.5 -0.5 0.3 0.2 0.8 1 L 0 0.6 L -0.8 1 C -0.3 0.2 -0.5 -0.5 0 -1 Z	0.7482	G0	0		35.08	3.2585	False	True	0	0.0	0.00	0.00
3369	-1	0	Neuron	11	327	4.3350	M 0 -1 C 0.5 -0.5 0.3 0.2 0.8 1 L 0 0.6 L -0.8 1 C -0.3 0.2 -0.5 -0.5 0 -1 Z	1.0530	G0	0		36.53	4.2249	False	True	0	0.0	0.00	0.00
3370	-1	0	Neuron	953	697	0.9632	M 0 -1 C 0.5 -0.5 0.3 0.2 0.8 1 L 0 0.6 L -0.8 1 C -0.3 0.2 -0.5 -0.5 0 -1 Z	0.9859	G0	0		35.85	3.6588	False	True	0	0.0	0.00	0.00
3371	-1	0	Neuron	611	573	3.5921	M 0 -1 C 0.5 -0.5 0.3 0.2 0.8 1 L 0 0.6 L -0.8 1 C -0.3 0.2 -0.5 -0.5 0 -1 Z	0.9520	G0	0		34.98	1.9699	False	True	0	0.0	0.00	0.00
3372	-1	0	Neuron	596	91	2.4728	M 0 -1 C 0.5 -0.5 0.3 0.2 0.8 1 L 0 0.6 L -0.8 1 C -0.3 0.2 -0.5 -0.5 0 -1 Z	1.0466	G0	0		35.95	3.4290	False	True	0	0.0	0.00	0.00
3373	-1	0	Neuron	95	12	0.2583	M 0 -1 C 0.5 -0.5 0.3 0.2 0.8 1 L 0 0.6 L -0.8 1 C -0.3 0.2 -0.5 -0.5 0 -1 Z	0.9496	G0	0		35.88	3.9210	False	True	0	0.0	0.00	0.00
3374	-1	0	Neuron	662	39	0.1246	M 0 -1 C 0.5 -0.5 0.3 0.2 0.8 1 L 0 0.6 L -0.8 1 C -0.3 0.2 -0.5 -0.5 0 -1 Z	1.0809	G0	0		36.03	3.7895	False	True	0	0.0	0.00	0.00
3375	-1	0	Neuron	750	601	3.7382	M 0 -1 C 0.5 -0.5 0.3 0.2 0.8 1 L 0 0.6 L -0.8 1 C -0.3 0.2 -0.5 -0.5 0 -1 Z	1.1287	G0	0		35.86	2.6762	False	True	0	0.0	0.00	0.00
3376	-1	0	Neuron	197	90	1.2029	M 0 -1 C 0.5 -0.5 0.3 0.2 0.8 1 L 0 0.6 L -0.8 1 C -0.3 0.2 -0.5 -0.5 0 -1 Z	0.9685	G0	0		36.40	3.8009	False	True	0	0.0	0.00	0.00
3377	-1	0	Neuron	44	413	0.7820	M 0 -1 C 0.5 -0.5 0.3 0.2 0.8 1 L 0 0.6 L -0.8 1 C -0.3 0.2 -0.5 -0.5 0 -1 Z	0.9098	G0	0		35.64	3.5551	False	True	0	0.0	0.00	0.00
3378	-1	0	Neuron	693	409	5.4308	M 0 -1 C 0.5 -0.5 0.3 0.2 0.8 1 L 0 0.6 L -0.8 1 C -0.3 0.2 -0.5 -0.5 0 -1 Z	0.7101	G0	0		35.47	2.3737	False	True	0	0.0	0.00	0.00
3379	-1	0	Neuron	916	663	6.1744	M 0 -1 C 0.5 -0.5 0.3 0.2 0.8 1 L 0 0.6 L -0.8 1 C -0.3 0.2 -0.5 -0.5 0 -1 Z	1.2136	G0	0		35.43	3.2277	False	True	0	0.0	0.00	0.00
3380	-1	0	Neuron	802	840	1.8374	M 0 -1 C 0.5 -0.5 0.3 0.2 0.8 1 L 0 0.6 L -0.8 1 C -0.3 0.2 -0.5 -0.5 0 -1 Z	0.9928	G0	0		36.21	3.4340	False	True	0	0.0	0.00	0.00
3381	-1	0	Neuron	546	930	5.1868	M 0 -1 C 0.5 -0.5 0.3 0.2 0.8 1 L 0 0.6 L -0.8 1 C -0.3 0.2 -0.5 -0.5 0 -1 Z	1.0774	G0	0		36.24	3.6752	False	True	0	0.0	0.00	0.00
3382	-1	0	Neuron	488	135	4.2846	M 0 -1 C 0.5 -0.5 0.3 0.2 0.8 1 L 0 0.6 L -0.8 1 C -0.3 0.2 -0.5 -0.5 0 -1 Z	1.0668	G0	0		35.22	2.8007	False	True	0	0.0	0.00	0.00
3383	-1	0	Neuron	290	441	0.6079	M 0 -1 C 0.5 -0.5 0.3 0.2 0.8 1 L 0 0.6 L -0.8 1 C -0.3 0.2 -0.5 -0.5 0 -1 Z	1.0563	G0	0		35.38	2.3394	False	True	0	0.0	0.00	0.00
3384	-1	0	Neuron	738	791	5.4044	M 0 -1 C 0.5 -0.5 0.3 0.2 0.8 1 L 0 0.6 L -0.8 1 C -0.3 0.2 -0.5 -0.5 0 -1 Z	1.0434	G0	0		35.66	2.8704	False	True	0	0.0	0.00	0.00
3385	-1	0	Neuron	316	245	5.4051	M 0 -1 C 0.5 -0.5 0.3 0.2 0.8 1 L 0 0.6 L -0.8 1 C -0.3 0.2 -0.5 -0.5 0 -1 Z	1.1068	G0	0		34.45	2.1333	False	True	0	0.0	0.00	0.00
3386	-1	0	Neuron	285	949	5.4894	M 0 -1 C 0.5 -0.5 0.3 0.2 0.8 1 L 0 0.6 L -0.8 1 C -0.3 0.2 -0.5 -0.5 0 -1 Z	1.0138	G0	0		35.50	3.3891	False	True	0	0.0	0.00	0.00
3387	-1	0	Neuron	93	178	5.9357	M 0 -1 C 0.5 -0.5 0.3 0.2 0.8 1 L 0 0.6 L -0.8 1 C -0.3 0.2 -0.5 -0.5 0 -1 Z	0.9224	G0	0		35.98	3.6100	False	True	0	0.0	0.00	0.00
3388	-1	0	Neuron	195	873	5.4943	M 0 -1 C 0.5 -0.5 0.3 0.2 0.8 1 L 0 0.6 L -0.8 1 C -0.3 0.2 -0.5 -0.5 0 -1 Z	0.8145	G0	0		35.20	3.0731	False	True	0	0.0	0.00	0.00
3389	-1	0	Neuron	866	662	2.3076	M 0 -1 C 0.5 -0.5 0.3 0.2 0.8 1 L 0 0.6 L -0.8 1 C -0.3 0.2 -0.5 -0.5 0 -1 Z	0.9918	G0	0		35.41	2.9469	False	True	0	0.0	0.00	0.00
3390	-1	0	Neuron	632	154	4.5097	M 0 -1 C 0.5 -0.5 0.3 0.2 0.8 1 L 0 0.6 L -0.8 1 C -0.3 0.2 -0.5 -0.5 0 -1 Z	1.2144	G0	0		35.45	2.8853	False	True	0	0.0	0.00	0.00
3391	-1	0	Neuron	124	759	0.9407	M 0 -1 C 0.5 -0.5 0.3 0.2 0.8 1 L 0 0.6 L -0.8 1 C -0.3 0.2 -0.5 -0.5 0 -1 Z	1.1413	G0	0		35.71	3.2676	False	True	0	0.0	0.00	0.00
3392	-1	0	Neuron	713	504	2.3439	M 0 -1 C 0.5 -0.5 0.3 0.2 0.8 1 L 0 0.6 L -0.8 1 C -0.3 0.2 -0.5 -0.5 0 -1 Z	0.9956	G0	0		34.73	2.0004	False	True	0	0.0	0.00	0.00
3393	-1	0	Neuron	738	915	4.5651	M 0 -1 C 0.5 -0.5 0.3 0.2 0.8 1 L 0 0.6 L -0.8 1 C -0.3 0.2 -0.5 -0.5 0 -1 Z	1.0708	G0	0		35.55	3.3357	False	True	0	0.0	0.00	0.00
3394	-1	0	Neuron	960	455	4.0480	M 0 -1 C 0.5 -0.5 0.3 0.2 0.8 1 L 0 0.6 L -0.8 1 C -0.3 0.2 -0.5 -0.5 0 -1 Z	1.0161	G0	0		36.15	3.8063	False	True	0	0.0	0.00	0.00
3395	-1	0	Neuron	856	259	5.4910	M 0 -1 C 0.5 -0.5 0.3 0.2 0.8 1 L 0 0.6 L -0.8 1 C -0.3 0.2 -0.5 -0.5 0 -1 Z	1.1306	G0	0		35.49	3.0506	False	True	0	0.0	0.00	0.00
3396	-1	0	Neuron	785	556	1.2589	M 0 -1 C 0.5 -0.5 0.3 0.2 0.8 1 L 0 0.6 L -0.8 1 C -0.3 0.2 -0.5 -0.5 0 -1 Z	1.1774	G0	0		34.10	1.9250	False	True	0	0.0	0.00	0.00
3397	-1	0	Neuron	291	402	5.9110	M 0 -1 C 0.5 -0.5 0.3 0.2 0.8 1 L 0 0.6 L -0.8 1 C -0.3 0.2 -0.5 -0.5 0 -1 Z	1.1480	G0	0		35.70	2.5372	False	True	0	0.0	0.00	0.00
3398	-1	0	Neuron	652	925	0.5151	M 0 -1 C 0.5 -0.5 0.3 0.2 0.8 1 L 0 0.6 L -0.8 1 C -0.3 0.2 -0.5 -0.5 0 -1 Z	1.1857	G0	0		35.55	3.3357	False	True	0	0.0	0.00	0.00
3399	-1	0	Neuron	208	202	3.1006	M 0 -1 C 0.5 -0.5 0.3 0.2 0.8 1 L 0 0.6 L -0.8 1 C -0.3 0.2 -0.5 -0.5 0 -1 Z	0.8363	G0	0		35.77	3.1010	False	True	0	0.0	0.00	0.00
3400	-1	0	Neuron	20	144	4.0984	M 0 -1 C 0.5 -0.5 0.3 0.2 0.8 1 L 0 0.6 L -0.8 1 C -0.3 0.2 -0.5 -0.5 0 -1 Z	1.2783	G0	0		36.56	4.2107	False	True	0	0.0	0.00	0.00
3401	-1	0	Neuron	618	583	2.1197	M 0 -1 C 0.5 -0.5 0.3 0.2 0.8 1 L 0 0.6 L -0.8 1 C -0.3 0.2 -0.5 -0.5 0 -1 Z	1.2612	G0	0		34.69	1.8448	False	True	0	0.0	0.00	0.00
3402	-1	0	Neuron	937	172	6.1293	M 0 -1 C 0.5 -0.5 0.3 0.2 0.8 1 L 0 0.6 L -0.8 1 C -0.3 0.2 -0.5 -0.5 0 -1 Z	0.8343	G0	0		36.12	3.7985	False	True	0	0.0	0.00	0.00
3403	-1	0	Neuron	857	644	1.2458	M 0 -1 C 0.5 -0.5 0.3 0.2 0.8 1 L 0 0.6 L -0.8 1 C -0.3 0.2 -0.5 -0.5 0 -1 Z	1.3292	G0	0		35.19	2.8130	False	True	0	0.0	0.00	0.00
3404	-1	0	Neuron	112	737	5.3015	M 0 -1 C 0.5 -0.5 0.3 0.2 0.8 1 L 0 0.6 L -0.8 1 C -0.3 0.2 -0.5 -0.5 0 -1 Z	0.9536	G0	0		35.81	3.3349	False	True	0	0.0	0.00	0.00
3405	-1	0	Neuron	134	288	1.3803	M 0 -1 C 0.5 -0.5 0.3 0.2 0.8 1 L 0 0.6 L -0.8 1 C -0.3 0.2 -0.5 -0.5 0 -1 Z	0.8845	G0	0		35.63	3.1200	False	True	0	0.0	0.00	0.00
3406	-1	0	Neuron	36	331	3.9591	M 0 -1 C 0.5 -0.5 0.3 0.2 0.8 1 L 0 0.6 L -0.8 1 C -0.3 0.2 -0.5 -0.5 0 -1 Z	1.1564	G0	0		36.05	3.8257	False	True	0	0.0	0.00	0.00
3407	-1	0	Neuron	566	265	3.6652	M 0 -1 C 0.5 -0.5 0.3 0.2 0.8 1 L 0 0.6 L -0.8 1 C -0.3 0.2 -0.5 -0.5 0 -1 Z	1.3939	G0	0		34.23	1.8365	False	True	0	0.0	0.00	0.00
3408	-1	0	Neuron	872	505	1.2880	M 0 -1 C 0.5 -0.5 0.3 0.2 0.8 1 L 0 0.6 L -0.8 1 C -0.3 0.2 -0.5 -0.5 0 -1 Z	0.8548	G0	0		35.28	2.8748	False	True	0	0.0	0.00	0.00
3409	-1	0	Neuron	766	118	0.1292	M 0 -1 C 0.5 -0.5 0.3 0.2 0.8 1 L 0 0.6 L -0.8 1 C -0.3 0.2 -0.5 -0.5 0 -1 Z	1.0904	G0	0		35.68	3.2883	False	True	0	0.0	0.00	0.00
3410	-1	0	Neuron	54	697	2.7765	M 0 -1 C 0.5 -0.5 0.3 0.2 0.8 1 L 0 0.6 L -0.8 1 C -0.3 0.2 -0.5 -0.5 0 -1 Z	1.3083	G0	0		35.40	3.3660	False	True	0	0.0	0.00	0.00
3411	-1	0	Neuron	917	113	3.0644	M 0 -1 C 0.5 -0.5 0.3 0.2 0.8 1 L 0 0.6 L -0.8 1 C -0.3 0.2 -0.5 -0.5 0 -1 Z	1.3706	G0	0		35.22	3.3317	False	True	0	0.0	0.00	0.00
3412	-1	0	Neuron	577	572	5.3112	M 0 -1 C 0.5 -0.5 0.3 0.2 0.8 1 L 0 0.6 L -0.8 1 C -0.3 0.2 -0.5 -0.5 0 -1 Z	0.9939	G0	0		35.07	1.9805	False	True	0	0.0	0.00	0.00
3413	-1	0	Neuron	894	477	4.7975	M 0 -1 C 0.5 -0.5 0.3 0.2 0.8 1 L 0 0.6 L -0.8 1 C -0.3 0.2 -0.5 -0.5 0 -1 Z	1.2550	G0	0		34.77	2.7330	False	True	0	0.0	0.00	0.00
3414	-1	0	Neuron	250	39	1.5476	M 0 -1 C 0.5 -0.5 0.3 0.2 0.8 1 L 0 0.6 L -0.8 1 C -0.3 0.2 -0.5 -0.5 0 -1 Z	0.7447	G0	0		36.48	3.9680	False	True	0	0.0	0.00	0.00
3415	-1	0	Neuron	922	922	6.0063	M 0 -1 C 0.5 -0.5 0.3 0.2 0.8 1 L 0 0.6 L -0.8 1 C -0.3 0.2 -0.5 -0.5 0 -1 Z	1.2645	G0	0		36.40	4.0309	False	True	0	0.0	0.00	0.00
3416	-1	1	Astrocyte	729	634	2.7537	M 0 -1 L 0.4 -0.3 L 1 -0.2 L 0.4 0.2 L 0.5 1 L 0 0.5 L -0.5 1 L -0.4 0.2 L -1 -0.2 L -0.4 -0.3 Z	0.9808	G1	0		36.37	2.8486	False	False	0	0.0	3.00	30.00
3417	-1	1	Astrocyte	55	757	3.9959	M 0 -1 L 0.4 -0.3 L 1 -0.2 L 0.4 0.2 L 0.5 1 L 0 0.5 L -0.5 1 L -0.4 0.2 L -1 -0.2 L -0.4 -0.3 Z	1.1234	G1	0		36.59	3.8247	False	False	0	0.0	3.00	30.00
3418	-1	1	Astrocyte	185	730	2.0787	M 0 -1 L 0.4 -0.3 L 1 -0.2 L 0.4 0.2 L 0.5 1 L 0 0.5 L -0.5 1 L -0.4 0.2 L -1 -0.2 L -0.4 -0.3 Z	1.1681	G1	0		36.75	3.4357	False	False	0	0.0	3.00	30.00
3419	-1	1	Astrocyte	511	353	5.5034	M 0 -1 L 0.4 -0.3 L 1 -0.2 L 0.4 0.2 L 0.5 1 L 0 0.5 L -0.5 1 L -0.4 0.2 L -1 -0.2 L -0.4 -0.3 Z	1.0731	G1	0		36.11	2.4527	False	False	0	0.0	3.00	30.00
3420	-1	1	Astrocyte	612	880	2.5779	M 0 -1 L 0.4 -0.3 L 1 -0.2 L 0.4 0.2 L 0.5 1 L 0 0.5 L -0.5 1 L -0.4 0.2 L -1 -0.2 L -0.4 -0.3 Z	0.8522	G1	0		36.13	3.3009	False	False	0	0.0	3.00	30.00
3421	-1	1	Astrocyte	343	122	0.3807	M 0 -1 L 0.4 -0.3 L 1 -0.2 L 0.4 0.2 L 0.5 1 L 0 0.5 L -0.5 1 L -0.4 0.2 L -1 -0.2 L -0.4 -0.3 Z	0.9060	G1	0		36.14	3.2402	False	False	0	0.0	3.00	30.00
3422	-1	1	Astrocyte	21	321	3.6326	M 0 -1 L 0.4 -0.3 L 1 -0.2 L 0.4 0.2 L 0.5 1 L 0 0.5 L -0.5 1 L -0.4 0.2 L -1 -0.2 L -0.4 -0.3 Z	1.2927	G1	0		36.22	3.9141	False	False	0	0.0	3.00	30.00
3423	-1	1	Astrocyte	231	794	0.8991	M 0 -1 L 0.4 -0.3 L 1 -0.2 L 0.4 0.2 L 0.5 1 L 0 0.5 L -0.5 1 L -0.4 0.2 L -1 -0.2 L -0.4 -0.3 Z	0.9093	G1	0		36.09	2.9868	False	False	0	0.0	3.00	30.00
3424	-1	1	Astrocyte	767	324	1.8566	M 0 -1 L 0.4 -0.3 L 1 -0.2 L 0.4 0.2 L 0.5 1 L 0 0.5 L -0.5 1 L -0.4 0.2 L -1 -0.2 L -0.4 -0.3 Z	0.9226	G1	0		36.28	2.9189	False	False	0	0.0	3.00	30.00
3425	-1	1	Astrocyte	611	751	4.6720	M 0 -1 L 0.4 -0.3 L 1 -0.2 L 0.4 0.2 L 0.5 1 L 0 0.5 L -0.5 1 L -0.4 0.2 L -1 -0.2 L -0.4 -0.3 Z	1.0602	G1	0		35.90	2.6841	False	False	0	0.0	3.00	30.00
3426	-1	1	Astrocyte	604	558	1.0034	M 0 -1 L 0.4 -0.3 L 1 -0.2 L 0.4 0.2 L 0.5 1 L 0 0.5 L -0.5 1 L -0.4 0.2 L -1 -0.2 L -0.4 -0.3 Z	1.2735	G1	0		35.83	2.2384	False	False	0	0.0	3.00	30.00
3427	-1	1	Astrocyte	768	405	4.8941	M 0 -1 L 0.4 -0.3 L 1 -0.2 L 0.4 0.2 L 0.5 1 L 0 0.5 L -0.5 1 L -0.4 0.2 L -1 -0.2 L -0.4 -0.3 Z	1.1566	G1	0		36.23	2.8200	False	False	0	0.0	3.00	30.00
3428	-1	1	Astrocyte	289	287	0.6757	M 0 -1 L 0.4 -0.3 L 1 -0.2 L 0.4 0.2 L 0.5 1 L 0 0.5 L -0.5 1 L -0.4 0.2 L -1 -0.2 L -0.4 -0.3 Z	0.9288	G1	0		36.26	2.8670	False	False	0	0.0	3.00	30.00
3429	-1	1	Astrocyte	658	0	0.5734	M 0 -1 L 0.4 -0.3 L 1 -0.2 L 0.4 0.2 L 0.5 1 L 0 0.5 L -0.5 1 L -0.4 0.2 L -1 -0.2 L -0.4 -0.3 Z	1.1446	G1	0		37.67	4.8017	False	False	0	0.0	3.00	30.00
3430	-1	1	Astrocyte	605	724	0.0515	M 0 -1 L 0.4 -0.3 L 1 -0.2 L 0.4 0.2 L 0.5 1 L 0 0.5 L -0.5 1 L -0.4 0.2 L -1 -0.2 L -0.4 -0.3 Z	0.9356	G1	0		36.31	2.7629	False	False	0	0.0	3.00	30.00
3431	-1	1	Astrocyte	436	683	5.9222	M 0 -1 L 0.4 -0.3 L 1 -0.2 L 0.4 0.2 L 0.5 1 L 0 0.5 L -0.5 1 L -0.4 0.2 L -1 -0.2 L -0.4 -0.3 Z	1.0308	G1	0		36.02	2.4539	False	False	0	0.0	3.00	30.00
3432	-1	1	Astrocyte	758	183	0.9189	M 0 -1 L 0.4 -0.3 L 1 -0.2 L 0.4 0.2 L 0.5 1 L 0 0.5 L -0.5 1 L -0.4 0.2 L -1 -0.2 L -0.4 -0.3 Z	1.2568	G1	0		36.07	3.0949	False	False	0	0.0	3.00	30.00
3433	-1	1	Astrocyte	185	294	3.3733	M 0 -1 L 0.4 -0.3 L 1 -0.2 L 0.4 0.2 L 0.5 1 L 0 0.5 L -0.5 1 L -0.4 0.2 L -1 -0.2 L -0.4 -0.3 Z	0.9150	G1	0		35.80	2.9319	False	False	0	0.0	3.00	30.00
3434	-1	1	Astrocyte	190	205	1.0077	M 0 -1 L 0.4 -0.3 L 1 -0.2 L 0.4 0.2 L 0.5 1 L 0 0.5 L -0.5 1 L -0.4 0.2 L -1 -0.2 L -0.4 -0.3 Z	0.8602	G1	0		34.76	2.4621	False	False	0	0.0	3.00	30.00
3435	-1	1	Astrocyte	13	205	5.0903	M 0 -1 L 0.4 -0.3 L 1 -0.2 L 0.4 0.2 L 0.5 1 L 0 0.5 L -0.5 1 L -0.4 0.2 L -1 -0.2 L -0.4 -0.3 Z	0.9022	G1	0		37.01	4.3021	False	False	0	0.0	3.00	30.00
3436	-1	1	Astrocyte	614	59	1.5675	M 0 -1 L 0.4 -0.3 L 1 -0.2 L 0.4 0.2 L 0.5 1 L 0 0.5 L -0.5 1 L -0.4 0.2 L -1 -0.2 L -0.4 -0.3 Z	1.3601	G1	0		36.73	3.8675	False	False	0	0.0	3.00	30.00
3437	-1	1	Astrocyte	466	127	4.9972	M 0 -1 L 0.4 -0.3 L 1 -0.2 L 0.4 0.2 L 0.5 1 L 0 0.5 L -0.5 1 L -0.4 0.2 L -1 -0.2 L -0.4 -0.3 Z	1.1547	G1	0		36.24	3.1719	False	False	0	0.0	3.00	30.00
3438	-1	1	Astrocyte	612	255	6.1549	M 0 -1 L 0.4 -0.3 L 1 -0.2 L 0.4 0.2 L 0.5 1 L 0 0.5 L -0.5 1 L -0.4 0.2 L -1 -0.2 L -0.4 -0.3 Z	1.1942	G1	0		35.78	2.4662	False	False	0	0.0	3.00	30.00
3439	-1	1	Astrocyte	982	863	3.5547	M 0 -1 L 0.4 -0.3 L 1 -0.2 L 0.4 0.2 L 0.5 1 L 0 0.5 L -0.5 1 L -0.4 0.2 L -1 -0.2 L -0.4 -0.3 Z	0.9185	G1	0		35.74	3.6879	False	False	0	0.0	3.00	30.00
3440	-1	1	Astrocyte	851	568	0.6936	M 0 -1 L 0.4 -0.3 L 1 -0.2 L 0.4 0.2 L 0.5 1 L 0 0.5 L -0.5 1 L -0.4 0.2 L -1 -0.2 L -0.4 -0.3 Z	1.1336	G1	0		36.66	3.3597	False	False	0	0.0	3.00	30.00
3441	-1	1	Astrocyte	711	745	0.3192	M 0 -1 L 0.4 -0.3 L 1 -0.2 L 0.4 0.2 L 0.5 1 L 0 0.5 L -0.5 1 L -0.4 0.2 L -1 -0.2 L -0.4 -0.3 Z	1.1942	G1	0		35.24	2.4306	False	False	0	0.0	3.00	30.00
3442	-1	1	Astrocyte	556	645	0.7109	M 0 -1 L 0.4 -0.3 L 1 -0.2 L 0.4 0.2 L 0.5 1 L 0 0.5 L -0.5 1 L -0.4 0.2 L -1 -0.2 L -0.4 -0.3 Z	0.9016	G1	0		35.95	2.3563	False	False	0	0.0	3.00	30.00
3443	-1	1	Astrocyte	495	67	4.4021	M 0 -1 L 0.4 -0.3 L 1 -0.2 L 0.4 0.2 L 0.5 1 L 0 0.5 L -0.5 1 L -0.4 0.2 L -1 -0.2 L -0.4 -0.3 Z	0.9947	G1	0		36.93	3.9089	False	False	0	0.0	3.00	30.00
3444	-1	1	Astrocyte	833	400	1.5834	M 0 -1 L 0.4 -0.3 L 1 -0.2 L 0.4 0.2 L 0.5 1 L 0 0.5 L -0.5 1 L -0.4 0.2 L -1 -0.2 L -0.4 -0.3 Z	0.8630	G1	0		36.43	3.0584	False	False	0	0.0	3.00	30.00
3445	-1	1	Astrocyte	924	557	1.2837	M 0 -1 L 0.4 -0.3 L 1 -0.2 L 0.4 0.2 L 0.5 1 L 0 0.5 L -0.5 1 L -0.4 0.2 L -1 -0.2 L -0.4 -0.3 Z	1.0546	G1	0		36.21	3.4856	False	False	0	0.0	3.00	30.00
3446	-1	1	Astrocyte	187	385	6.0999	M 0 -1 L 0.4 -0.3 L 1 -0.2 L 0.4 0.2 L 0.5 1 L 0 0.5 L -0.5 1 L -0.4 0.2 L -1 -0.2 L -0.4 -0.3 Z	1.0849	G1	0		36.29	3.0174	False	False	0	0.0	3.00	30.00
3447	-1	1	Astrocyte	786	804	1.1250	M 0 -1 L 0.4 -0.3 L 1 -0.2 L 0.4 0.2 L 0.5 1 L 0 0.5 L -0.5 1 L -0.4 0.2 L -1 -0.2 L -0.4 -0.3 Z	0.9011	G1	0		35.82	3.0287	False	False	0	0.0	3.00	30.00
3448	-1	1	Astrocyte	665	624	6.0282	M 0 -1 L 0.4 -0.3 L 1 -0.2 L 0.4 0.2 L 0.5 1 L 0 0.5 L -0.5 1 L -0.4 0.2 L -1 -0.2 L -0.4 -0.3 Z	0.9463	G1	0		36.11	2.4935	False	False	0	0.0	3.00	30.00
3449	-1	1	Astrocyte	745	288	5.5779	M 0 -1 L 0.4 -0.3 L 1 -0.2 L 0.4 0.2 L 0.5 1 L 0 0.5 L -0.5 1 L -0.4 0.2 L -1 -0.2 L -0.4 -0.3 Z	0.9932	G1	0		35.81	2.5922	False	False	0	0.0	3.00	30.00
3450	-1	1	Astrocyte	192	423	2.7176	M 0 -1 L 0.4 -0.3 L 1 -0.2 L 0.4 0.2 L 0.5 1 L 0 0.5 L -0.5 1 L -0.4 0.2 L -1 -0.2 L -0.4 -0.3 Z	0.8786	G1	0		36.62	3.2054	False	False	0	0.0	3.00	30.00
3451	-1	1	Astrocyte	70	759	5.3250	M 0 -1 L 0.4 -0.3 L 1 -0.2 L 0.4 0.2 L 0.5 1 L 0 0.5 L -0.5 1 L -0.4 0.2 L -1 -0.2 L -0.4 -0.3 Z	0.8113	G1	0		37.71	4.2171	False	False	0	0.0	3.00	30.00
3452	-1	1	Astrocyte	584	498	0.3610	M 0 -1 L 0.4 -0.3 L 1 -0.2 L 0.4 0.2 L 0.5 1 L 0 0.5 L -0.5 1 L -0.4 0.2 L -1 -0.2 L -0.4 -0.3 Z	1.0317	G1	0		35.16	1.8730	False	False	0	0.0	3.00	30.00
3453	-1	1	Astrocyte	392	515	4.6401	M 0 -1 L 0.4 -0.3 L 1 -0.2 L 0.4 0.2 L 0.5 1 L 0 0.5 L -0.5 1 L -0.4 0.2 L -1 -0.2 L -0.4 -0.3 Z	1.0402	G1	0		36.26	2.5018	False	False	0	0.0	3.00	30.00
3454	-1	1	Astrocyte	460	266	3.6978	M 0 -1 L 0.4 -0.3 L 1 -0.2 L 0.4 0.2 L 0.5 1 L 0 0.5 L -0.5 1 L -0.4 0.2 L -1 -0.2 L -0.4 -0.3 Z	0.9071	G1	0		34.69	1.9003	False	False	0	0.0	3.00	30.00
3455	-1	1	Astrocyte	901	344	5.6110	M 0 -1 L 0.4 -0.3 L 1 -0.2 L 0.4 0.2 L 0.5 1 L 0 0.5 L -0.5 1 L -0.4 0.2 L -1 -0.2 L -0.4 -0.3 Z	0.9388	G1	0		36.39	3.4879	False	False	0	0.0	3.00	30.00
3456	-1	1	Astrocyte	428	76	1.5397	M 0 -1 L 0.4 -0.3 L 1 -0.2 L 0.4 0.2 L 0.5 1 L 0 0.5 L -0.5 1 L -0.4 0.2 L -1 -0.2 L -0.4 -0.3 Z	1.0469	G1	0		37.40	3.8333	False	False	0	0.0	3.00	30.00
3457	-1	1	Astrocyte	273	207	6.1475	M 0 -1 L 0.4 -0.3 L 1 -0.2 L 0.4 0.2 L 0.5 1 L 0 0.5 L -0.5 1 L -0.4 0.2 L -1 -0.2 L -0.4 -0.3 Z	0.9679	G1	0		36.49	3.2021	False	False	0	0.0	3.00	30.00
3458	-1	1	Astrocyte	908	90	4.5353	M 0 -1 L 0.4 -0.3 L 1 -0.2 L 0.4 0.2 L 0.5 1 L 0 0.5 L -0.5 1 L -0.4 0.2 L -1 -0.2 L -0.4 -0.3 Z	1.0621	G1	0		37.37	4.3856	False	False	0	0.0	3.00	30.00
3459	-1	1	Astrocyte	357	33	1.2605	M 0 -1 L 0.4 -0.3 L 1 -0.2 L 0.4 0.2 L 0.5 1 L 0 0.5 L -0.5 1 L -0.4 0.2 L -1 -0.2 L -0.4 -0.3 Z	1.1992	G1	0		37.06	4.2040	False	False	0	0.0	3.00	30.00
3460	-1	1	Astrocyte	405	504	5.2891	M 0 -1 L 0.4 -0.3 L 1 -0.2 L 0.4 0.2 L 0.5 1 L 0 0.5 L -0.5 1 L -0.4 0.2 L -1 -0.2 L -0.4 -0.3 Z	1.2874	G1	0		35.67	2.0894	False	False	0	0.0	3.00	30.00
3461	-1	1	Astrocyte	506	275	3.0773	M 0 -1 L 0.4 -0.3 L 1 -0.2 L 0.4 0.2 L 0.5 1 L 0 0.5 L -0.5 1 L -0.4 0.2 L -1 -0.2 L -0.4 -0.3 Z	0.8389	G1	0		35.82	2.4075	False	False	0	0.0	3.00	30.00
3462	-1	1	Astrocyte	48	933	1.7080	M 0 -1 L 0.4 -0.3 L 1 -0.2 L 0.4 0.2 L 0.5 1 L 0 0.5 L -0.5 1 L -0.4 0.2 L -1 -0.2 L -0.4 -0.3 Z	1.0678	G1	0		36.12	3.8590	False	False	0	0.0	3.00	30.00
3463	-1	1	Astrocyte	952	627	2.5222	M 0 -1 L 0.4 -0.3 L 1 -0.2 L 0.4 0.2 L 0.5 1 L 0 0.5 L -0.5 1 L -0.4 0.2 L -1 -0.2 L -0.4 -0.3 Z	1.3092	G1	0		37.10	4.1486	False	False	0	0.0	3.00	30.00
3464	-1	1	Astrocyte	780	446	6.2241	M 0 -1 L 0.4 -0.3 L 1 -0.2 L 0.4 0.2 L 0.5 1 L 0 0.5 L -0.5 1 L -0.4 0.2 L -1 -0.2 L -0.4 -0.3 Z	1.1001	G1	0		36.68	3.1248	False	False	0	0.0	3.00	30.00
3465	-1	1	Astrocyte	476	226	4.5460	M 0 -1 L 0.4 -0.3 L 1 -0.2 L 0.4 0.2 L 0.5 1 L 0 0.5 L -0.5 1 L -0.4 0.2 L -1 -0.2 L -0.4 -0.3 Z	0.8803	G1	0		36.95	2.7927	False	False	0	0.0	3.00	30.00
3466	-1	1	Astrocyte	550	560	3.9890	M 0 -1 L 0.4 -0.3 L 1 -0.2 L 0.4 0.2 L 0.5 1 L 0 0.5 L -0.5 1 L -0.4 0.2 L -1 -0.2 L -0.4 -0.3 Z	1.0764	G1	0		35.51	2.0744	False	False	0	0.0	3.00	30.00
3467	-1	1	Astrocyte	863	575	2.5301	M 0 -1 L 0.4 -0.3 L 1 -0.2 L 0.4 0.2 L 0.5 1 L 0 0.5 L -0.5 1 L -0.4 0.2 L -1 -0.2 L -0.4 -0.3 Z	1.0572	G1	0		36.69	3.4355	False	False	0	0.0	3.00	30.00
3468	-1	1	Astrocyte	723	949	1.5888	M 0 -1 L 0.4 -0.3 L 1 -0.2 L 0.4 0.2 L 0.5 1 L 0 0.5 L -0.5 1 L -0.4 0.2 L -1 -0.2 L -0.4 -0.3 Z	0.8670	G1	0		36.61	3.8726	False	False	0	0.0	3.00	30.00
3469	-1	1	Astrocyte	344	344	5.5707	M 0 -1 L 0.4 -0.3 L 1 -0.2 L 0.4 0.2 L 0.5 1 L 0 0.5 L -0.5 1 L -0.4 0.2 L -1 -0.2 L -0.4 -0.3 Z	1.2146	G1	0		35.42	2.1908	False	False	0	0.0	3.00	30.00
3470	-1	1	Astrocyte	501	408	0.8519	M 0 -1 L 0.4 -0.3 L 1 -0.2 L 0.4 0.2 L 0.5 1 L 0 0.5 L -0.5 1 L -0.4 0.2 L -1 -0.2 L -0.4 -0.3 Z	1.0791	G1	0		35.75	2.1926	False	False	0	0.0	3.00	30.00
3471	-1	1	Astrocyte	240	869	3.6430	M 0 -1 L 0.4 -0.3 L 1 -0.2 L 0.4 0.2 L 0.5 1 L 0 0.5 L -0.5 1 L -0.4 0.2 L -1 -0.2 L -0.4 -0.3 Z	1.0187	G1	0		36.45	3.5316	False	False	0	0.0	3.00	30.00
3472	-1	1	Astrocyte	501	695	1.1525	M 0 -1 L 0.4 -0.3 L 1 -0.2 L 0.4 0.2 L 0.5 1 L 0 0.5 L -0.5 1 L -0.4 0.2 L -1 -0.2 L -0.4 -0.3 Z	0.9654	G1	0		36.09	2.5138	False	False	0	0.0	3.00	30.00
3473	-1	1	Astrocyte	130	815	1.8825	M 0 -1 L 0.4 -0.3 L 1 -0.2 L 0.4 0.2 L 0.5 1 L 0 0.5 L -0.5 1 L -0.4 0.2 L -1 -0.2 L -0.4 -0.3 Z	0.8388	G1	0		37.01	3.8995	False	False	0	0.0	3.00	30.00
3474	-1	1	Astrocyte	863	800	5.9020	M 0 -1 L 0.4 -0.3 L 1 -0.2 L 0.4 0.2 L 0.5 1 L 0 0.5 L -0.5 1 L -0.4 0.2 L -1 -0.2 L -0.4 -0.3 Z	0.9511	G1	0		35.73	3.1977	False	False	0	0.0	3.00	30.00
3475	-1	1	Astrocyte	40	132	5.1989	M 0 -1 L 0.4 -0.3 L 1 -0.2 L 0.4 0.2 L 0.5 1 L 0 0.5 L -0.5 1 L -0.4 0.2 L -1 -0.2 L -0.4 -0.3 Z	1.1029	G1	0		37.61	4.4759	False	False	0	0.0	3.00	30.00
3476	-1	1	Astrocyte	191	981	4.9166	M 0 -1 L 0.4 -0.3 L 1 -0.2 L 0.4 0.2 L 0.5 1 L 0 0.5 L -0.5 1 L -0.4 0.2 L -1 -0.2 L -0.4 -0.3 Z	0.7875	G1	0		36.85	4.1623	False	False	0	0.0	3.00	30.00
3477	-1	1	Astrocyte	857	596	5.2389	M 0 -1 L 0.4 -0.3 L 1 -0.2 L 0.4 0.2 L 0.5 1 L 0 0.5 L -0.5 1 L -0.4 0.2 L -1 -0.2 L -0.4 -0.3 Z	1.1291	G1	0		36.41	3.2356	False	False	0	0.0	3.00	30.00
3478	-1	1	Astrocyte	646	893	5.3327	M 0 -1 L 0.4 -0.3 L 1 -0.2 L 0.4 0.2 L 0.5 1 L 0 0.5 L -0.5 1 L -0.4 0.2 L -1 -0.2 L -0.4 -0.3 Z	0.9688	G1	0		36.64	3.5253	False	False	0	0.0	3.00	30.00
3479	-1	1	Astrocyte	231	82	2.5168	M 0 -1 L 0.4 -0.3 L 1 -0.2 L 0.4 0.2 L 0.5 1 L 0 0.5 L -0.5 1 L -0.4 0.2 L -1 -0.2 L -0.4 -0.3 Z	0.9990	G1	0		37.39	4.0870	False	False	0	0.0	3.00	30.00
3480	-1	1	Astrocyte	158	316	3.9534	M 0 -1 L 0.4 -0.3 L 1 -0.2 L 0.4 0.2 L 0.5 1 L 0 0.5 L -0.5 1 L -0.4 0.2 L -1 -0.2 L -0.4 -0.3 Z	0.9856	G1	0		35.73	2.9441	False	False	0	0.0	3.00	30.00
3481	-1	1	Astrocyte	26	587	4.5255	M 0 -1 L 0.4 -0.3 L 1 -0.2 L 0.4 0.2 L 0.5 1 L 0 0.5 L -0.5 1 L -0.4 0.2 L -1 -0.2 L -0.4 -0.3 Z	0.8351	G1	0		36.36	3.8697	False	False	0	0.0	3.00	30.00
3482	-1	1	Astrocyte	458	57	3.3436	M 0 -1 L 0.4 -0.3 L 1 -0.2 L 0.4 0.2 L 0.5 1 L 0 0.5 L -0.5 1 L -0.4 0.2 L -1 -0.2 L -0.4 -0.3 Z	0.9518	G1	0		37.06	4.0607	False	False	0	0.0	3.00	30.00
3483	-1	1	Astrocyte	360	158	0.5728	M 0 -1 L 0.4 -0.3 L 1 -0.2 L 0.4 0.2 L 0.5 1 L 0 0.5 L -0.5 1 L -0.4 0.2 L -1 -0.2 L -0.4 -0.3 Z	1.1824	G1	0		35.87	3.0233	False	False	0	0.0	3.00	30.00
3484	-1	1	Astrocyte	909	785	1.4392	M 0 -1 L 0.4 -0.3 L 1 -0.2 L 0.4 0.2 L 0.5 1 L 0 0.5 L -0.5 1 L -0.4 0.2 L -1 -0.2 L -0.4 -0.3 Z	0.9704	G1	0		36.95	3.9358	False	False	0	0.0	3.00	30.00
3485	-1	1	Astrocyte	470	684	4.5697	M 0 -1 L 0.4 -0.3 L 1 -0.2 L 0.4 0.2 L 0.5 1 L 0 0.5 L -0.5 1 L -0.4 0.2 L -1 -0.2 L -0.4 -0.3 Z	1.0368	G1	0		36.39	2.6391	False	False	0	0.0	3.00	30.00
3486	-1	1	Astrocyte	104	882	5.1311	M 0 -1 L 0.4 -0.3 L 1 -0.2 L 0.4 0.2 L 0.5 1 L 0 0.5 L -0.5 1 L -0.4 0.2 L -1 -0.2 L -0.4 -0.3 Z	1.0163	G1	0		36.58	3.9098	False	False	0	0.0	3.00	30.00
3487	-1	1	Astrocyte	545	784	1.8242	M 0 -1 L 0.4 -0.3 L 1 -0.2 L 0.4 0.2 L 0.5 1 L 0 0.5 L -0.5 1 L -0.4 0.2 L -1 -0.2 L -0.4 -0.3 Z	1.3025	G1	0		35.85	2.5722	False	False	0	0.0	3.00	30.00
3488	-1	1	Astrocyte	918	717	3.7943	M 0 -1 L 0.4 -0.3 L 1 -0.2 L 0.4 0.2 L 0.5 1 L 0 0.5 L -0.5 1 L -0.4 0.2 L -1 -0.2 L -0.4 -0.3 Z	1.1135	G1	0		36.80	3.8447	False	False	0	0.0	3.00	30.00
3489	-1	1	Astrocyte	99	107	0.9578	M 0 -1 L 0.4 -0.3 L 1 -0.2 L 0.4 0.2 L 0.5 1 L 0 0.5 L -0.5 1 L -0.4 0.2 L -1 -0.2 L -0.4 -0.3 Z	0.9618	G1	0		37.09	4.1622	False	False	0	0.0	3.00	30.00
3490	-1	1	Astrocyte	419	806	1.0980	M 0 -1 L 0.4 -0.3 L 1 -0.2 L 0.4 0.2 L 0.5 1 L 0 0.5 L -0.5 1 L -0.4 0.2 L -1 -0.2 L -0.4 -0.3 Z	0.8467	G1	0		36.46	3.0752	False	False	0	0.0	3.00	30.00
3491	-1	1	Astrocyte	776	184	3.1334	M 0 -1 L 0.4 -0.3 L 1 -0.2 L 0.4 0.2 L 0.5 1 L 0 0.5 L -0.5 1 L -0.4 0.2 L -1 -0.2 L -0.4 -0.3 Z	1.2075	G1	0		36.17	3.1641	False	False	0	0.0	3.00	30.00
3492	-1	1	Astrocyte	649	385	4.7365	M 0 -1 L 0.4 -0.3 L 1 -0.2 L 0.4 0.2 L 0.5 1 L 0 0.5 L -0.5 1 L -0.4 0.2 L -1 -0.2 L -0.4 -0.3 Z	1.1322	G1	0		36.15	2.5345	False	False	0	0.0	3.00	30.00
3493	-1	1	Astrocyte	755	752	2.9431	M 0 -1 L 0.4 -0.3 L 1 -0.2 L 0.4 0.2 L 0.5 1 L 0 0.5 L -0.5 1 L -0.4 0.2 L -1 -0.2 L -0.4 -0.3 Z	0.7161	G1	0		35.44	2.6504	False	False	0	0.0	3.00	30.00
3494	-1	1	Astrocyte	915	756	6.0454	M 0 -1 L 0.4 -0.3 L 1 -0.2 L 0.4 0.2 L 0.5 1 L 0 0.5 L -0.5 1 L -0.4 0.2 L -1 -0.2 L -0.4 -0.3 Z	0.7328	G1	0		36.81	3.8610	False	False	0	0.0	3.00	30.00
3495	-1	1	Astrocyte	385	408	2.5933	M 0 -1 L 0.4 -0.3 L 1 -0.2 L 0.4 0.2 L 0.5 1 L 0 0.5 L -0.5 1 L -0.4 0.2 L -1 -0.2 L -0.4 -0.3 Z	0.9977	G1	0		35.61	2.1085	False	False	0	0.0	3.00	30.00
3496	-1	1	Astrocyte	91	33	3.1056	M 0 -1 L 0.4 -0.3 L 1 -0.2 L 0.4 0.2 L 0.5 1 L 0 0.5 L -0.5 1 L -0.4 0.2 L -1 -0.2 L -0.4 -0.3 Z	1.2612	G1	0		37.33	4.4856	False	False	0	0.0	3.00	30.00
3497	-1	1	Astrocyte	762	921	0.0675	M 0 -1 L 0.4 -0.3 L 1 -0.2 L 0.4 0.2 L 0.5 1 L 0 0.5 L -0.5 1 L -0.4 0.2 L -1 -0.2 L -0.4 -0.3 Z	0.9918	G1	0		35.03	3.0386	False	False	0	0.0	3.00	30.00
3498	-1	1	Astrocyte	401	401	4.7535	M 0 -1 L 0.4 -0.3 L 1 -0.2 L 0.4 0.2 L 0.5 1 L 0 0.5 L -0.5 1 L -0.4 0.2 L -1 -0.2 L -0.4 -0.3 Z	1.1097	G1	0		35.43	2.0987	False	False	0	0.0	3.00	30.00
3499	-1	1	Astrocyte	549	277	5.0847	M 0 -1 L 0.4 -0.3 L 1 -0.2 L 0.4 0.2 L 0.5 1 L 0 0.5 L -0.5 1 L -0.4 0.2 L -1 -0.2 L -0.4 -0.3 Z	1.0930	G1	0		36.40	2.7905	False	False	0	0.0	3.00	30.00
3500	-1	1	Astrocyte	256	458	5.5742	M 0 -1 L 0.4 -0.3 L 1 -0.2 L 0.4 0.2 L 0.5 1 L 0 0.5 L -0.5 1 L -0.4 0.2 L -1 -0.2 L -0.4 -0.3 Z	0.9129	G1	0		36.24	2.7465	False	False	0	0.0	3.00	30.00
3501	-1	1	Astrocyte	550	922	4.0688	M 0 -1 L 0.4 -0.3 L 1 -0.2 L 0.4 0.2 L 0.5 1 L 0 0.5 L -0.5 1 L -0.4 0.2 L -1 -0.2 L -0.4 -0.3 Z	1.0134	G1	0		37.01	3.9237	False	False	0	0.0	3.00	30.00
3502	-1	1	Astrocyte	9	851	1.7821	M 0 -1 L 0.4 -0.3 L 1 -0.2 L 0.4 0.2 L 0.5 1 L 0 0.5 L -0.5 1 L -0.4 0.2 L -1 -0.2 L -0.4 -0.3 Z	0.9033	G1	0		37.27	4.6166	False	False	0	0.0	3.00	30.00
3503	-1	1	Astrocyte	214	234	3.7376	M 0 -1 L 0.4 -0.3 L 1 -0.2 L 0.4 0.2 L 0.5 1 L 0 0.5 L -0.5 1 L -0.4 0.2 L -1 -0.2 L -0.4 -0.3 Z	0.9669	G1	0		36.29	3.0549	False	False	0	0.0	3.00	30.00
3504	-1	1	Astrocyte	757	503	0.6365	M 0 -1 L 0.4 -0.3 L 1 -0.2 L 0.4 0.2 L 0.5 1 L 0 0.5 L -0.5 1 L -0.4 0.2 L -1 -0.2 L -0.4 -0.3 Z	1.0736	G1	0		36.24	2.7594	False	False	0	0.0	3.00	30.00
3505	-1	1	Astrocyte	592	478	4.0880	M 0 -1 L 0.4 -0.3 L 1 -0.2 L 0.4 0.2 L 0.5 1 L 0 0.5 L -0.5 1 L -0.4 0.2 L -1 -0.2 L -0.4 -0.3 Z	0.9317	G1	0		35.78	2.1612	False	False	0	0.0	3.00	30.00
3506	-1	1	Astrocyte	905	283	1.2525	M 0 -1 L 0.4 -0.3 L 1 -0.2 L 0.4 0.2 L 0.5 1 L 0 0.5 L -0.5 1 L -0.4 0.2 L -1 -0.2 L -0.4 -0.3 Z	0.7805	G1	0		36.64	3.6480	False	False	0	0.0	3.00	30.00
3507	-1	1	Astrocyte	884	316	3.7066	M 0 -1 L 0.4 -0.3 L 1 -0.2 L 0.4 0.2 L 0.5 1 L 0 0.5 L -0.5 1 L -0.4 0.2 L -1 -0.2 L -0.4 -0.3 Z	1.0507	G1	0		36.25	3.3283	False	False	0	0.0	3.00	30.00
3508	-1	1	Astrocyte	665	740	1.4409	M 0 -1 L 0.4 -0.3 L 1 -0.2 L 0.4 0.2 L 0.5 1 L 0 0.5 L -0.5 1 L -0.4 0.2 L -1 -0.2 L -0.4 -0.3 Z	1.1822	G1	0		36.49	2.9868	False	False	0	0.0	3.00	30.00
3509	-1	1	Astrocyte	255	449	3.4136	M 0 -1 L 0.4 -0.3 L 1 -0.2 L 0.4 0.2 L 0.5 1 L 0 0.5 L -0.5 1 L -0.4 0.2 L -1 -0.2 L -0.4 -0.3 Z	0.9991	G1	0		36.17	2.6980	False	False	0	0.0	3.00	30.00
3510	-1	1	Astrocyte	111	708	1.7061	M 0 -1 L 0.4 -0.3 L 1 -0.2 L 0.4 0.2 L 0.5 1 L 0 0.5 L -0.5 1 L -0.4 0.2 L -1 -0.2 L -0.4 -0.3 Z	1.1535	G1	0		36.16	3.3458	False	False	0	0.0	3.00	30.00
3511	-1	1	Astrocyte	119	470	3.9263	M 0 -1 L 0.4 -0.3 L 1 -0.2 L 0.4 0.2 L 0.5 1 L 0 0.5 L -0.5 1 L -0.4 0.2 L -1 -0.2 L -0.4 -0.3 Z	1.0701	G1	0		36.04	3.2259	False	False	0	0.0	3.00	30.00
3512	-1	1	Astrocyte	105	590	6.2218	M 0 -1 L 0.4 -0.3 L 1 -0.2 L 0.4 0.2 L 0.5 1 L 0 0.5 L -0.5 1 L -0.4 0.2 L -1 -0.2 L -0.4 -0.3 Z	1.0338	G1	0		36.93	3.7480	False	False	0	0.0	3.00	30.00
3513	-1	1	Astrocyte	192	253	5.4373	M 0 -1 L 0.4 -0.3 L 1 -0.2 L 0.4 0.2 L 0.5 1 L 0 0.5 L -0.5 1 L -0.4 0.2 L -1 -0.2 L -0.4 -0.3 Z	1.1570	G1	0		36.60	3.3434	False	False	0	0.0	3.00	30.00
3514	-1	1	Astrocyte	741	976	2.4913	M 0 -1 L 0.4 -0.3 L 1 -0.2 L 0.4 0.2 L 0.5 1 L 0 0.5 L -0.5 1 L -0.4 0.2 L -1 -0.2 L -0.4 -0.3 Z	0.7642	G1	0		37.68	4.3755	False	False	0	0.0	3.00	30.00
3515	-1	1	Astrocyte	516	850	4.4927	M 0 -1 L 0.4 -0.3 L 1 -0.2 L 0.4 0.2 L 0.5 1 L 0 0.5 L -0.5 1 L -0.4 0.2 L -1 -0.2 L -0.4 -0.3 Z	1.0312	G1	0		35.44	2.7457	False	False	0	0.0	3.00	30.00
3516	-1	1	Astrocyte	806	493	1.3969	M 0 -1 L 0.4 -0.3 L 1 -0.2 L 0.4 0.2 L 0.5 1 L 0 0.5 L -0.5 1 L -0.4 0.2 L -1 -0.2 L -0.4 -0.3 Z	0.7961	G1	0		35.99	2.7855	False	False	0	0.0	3.00	30.00
3517	-1	1	Astrocyte	951	602	1.0150	M 0 -1 L 0.4 -0.3 L 1 -0.2 L 0.4 0.2 L 0.5 1 L 0 0.5 L -0.5 1 L -0.4 0.2 L -1 -0.2 L -0.4 -0.3 Z	1.0865	G1	0		36.38	3.7491	False	False	0	0.0	3.00	30.00
3518	-1	1	Astrocyte	735	259	2.4998	M 0 -1 L 0.4 -0.3 L 1 -0.2 L 0.4 0.2 L 0.5 1 L 0 0.5 L -0.5 1 L -0.4 0.2 L -1 -0.2 L -0.4 -0.3 Z	0.8293	G1	0		36.46	3.0736	False	False	0	0.0	3.00	30.00
3519	-1	1	Astrocyte	634	513	3.3774	M 0 -1 L 0.4 -0.3 L 1 -0.2 L 0.4 0.2 L 0.5 1 L 0 0.5 L -0.5 1 L -0.4 0.2 L -1 -0.2 L -0.4 -0.3 Z	0.7647	G1	0		35.61	2.0907	False	False	0	0.0	3.00	30.00
3520	-1	1	Astrocyte	386	947	2.3923	M 0 -1 L 0.4 -0.3 L 1 -0.2 L 0.4 0.2 L 0.5 1 L 0 0.5 L -0.5 1 L -0.4 0.2 L -1 -0.2 L -0.4 -0.3 Z	0.9249	G1	0		36.32	3.6767	False	False	0	0.0	3.00	30.00
3521	-1	1	Astrocyte	627	992	2.8138	M 0 -1 L 0.4 -0.3 L 1 -0.2 L 0.4 0.2 L 0.5 1 L 0 0.5 L -0.5 1 L -0.4 0.2 L -1 -0.2 L -0.4 -0.3 Z	1.2372	G1	0		37.99	4.9809	False	False	0	0.0	3.00	30.00
3522	-1	1	Astrocyte	646	635	5.9242	M 0 -1 L 0.4 -0.3 L 1 -0.2 L 0.4 0.2 L 0.5 1 L 0 0.5 L -0.5 1 L -0.4 0.2 L -1 -0.2 L -0.4 -0.3 Z	1.2605	G1	0		35.81	2.3278	False	False	0	0.0	3.00	30.00
3523	-1	1	Astrocyte	828	993	0.3555	M 0 -1 L 0.4 -0.3 L 1 -0.2 L 0.4 0.2 L 0.5 1 L 0 0.5 L -0.5 1 L -0.4 0.2 L -1 -0.2 L -0.4 -0.3 Z	1.2332	G1	0		37.99	4.9737	False	False	0	0.0	3.00	30.00
3524	-1	1	Astrocyte	352	102	4.4144	M 0 -1 L 0.4 -0.3 L 1 -0.2 L 0.4 0.2 L 0.5 1 L 0 0.5 L -0.5 1 L -0.4 0.2 L -1 -0.2 L -0.4 -0.3 Z	1.3078	G1	0		36.85	3.7269	False	False	0	0.0	3.00	30.00
3525	-1	1	Astrocyte	502	686	1.6303	M 0 -1 L 0.4 -0.3 L 1 -0.2 L 0.4 0.2 L 0.5 1 L 0 0.5 L -0.5 1 L -0.4 0.2 L -1 -0.2 L -0.4 -0.3 Z	1.0917	G1	0		36.08	2.4907	False	False	0	0.0	3.00	30.00
3526	-1	1	Astrocyte	560	238	2.2407	M 0 -1 L 0.4 -0.3 L 1 -0.2 L 0.4 0.2 L 0.5 1 L 0 0.5 L -0.5 1 L -0.4 0.2 L -1 -0.2 L -0.4 -0.3 Z	1.1237	G1	0		36.46	2.9394	False	False	0	0.0	3.00	30.00
3527	-1	1	Astrocyte	487	438	3.1184	M 0 -1 L 0.4 -0.3 L 1 -0.2 L 0.4 0.2 L 0.5 1 L 0 0.5 L -0.5 1 L -0.4 0.2 L -1 -0.2 L -0.4 -0.3 Z	0.9792	G1	0		34.91	1.7456	False	False	0	0.0	3.00	30.00
3528	-1	1	Astrocyte	849	329	0.8948	M 0 -1 L 0.4 -0.3 L 1 -0.2 L 0.4 0.2 L 0.5 1 L 0 0.5 L -0.5 1 L -0.4 0.2 L -1 -0.2 L -0.4 -0.3 Z	0.7868	G1	0		36.43	3.3372	False	False	0	0.0	3.00	30.00
3529	-1	1	Astrocyte	962	355	4.6571	M 0 -1 L 0.4 -0.3 L 1 -0.2 L 0.4 0.2 L 0.5 1 L 0 0.5 L -0.5 1 L -0.4 0.2 L -1 -0.2 L -0.4 -0.3 Z	0.9017	G1	0		36.99	4.1333	False	False	0	0.0	3.00	30.00
3530	-1	1	Astrocyte	287	779	4.4992	M 0 -1 L 0.4 -0.3 L 1 -0.2 L 0.4 0.2 L 0.5 1 L 0 0.5 L -0.5 1 L -0.4 0.2 L -1 -0.2 L -0.4 -0.3 Z	1.2747	G1	0		36.26	2.9904	False	False	0	0.0	3.00	30.00
3531	-1	1	Astrocyte	399	953	5.2310	M 0 -1 L 0.4 -0.3 L 1 -0.2 L 0.4 0.2 L 0.5 1 L 0 0.5 L -0.5 1 L -0.4 0.2 L -1 -0.2 L -0.4 -0.3 Z	0.9874	G1	0		36.85	4.0522	False	False	0	0.0	3.00	30.00
3532	-1	1	Astrocyte	103	517	1.8623	M 0 -1 L 0.4 -0.3 L 1 -0.2 L 0.4 0.2 L 0.5 1 L 0 0.5 L -0.5 1 L -0.4 0.2 L -1 -0.2 L -0.4 -0.3 Z	1.0189	G1	0		36.44	3.4113	False	False	0	0.0	3.00	30.00
3533	-1	1	Astrocyte	33	903	5.7803	M 0 -1 L 0.4 -0.3 L 1 -0.2 L 0.4 0.2 L 0.5 1 L 0 0.5 L -0.5 1 L -0.4 0.2 L -1 -0.2 L -0.4 -0.3 Z	0.8183	G1	0		36.46	3.8231	False	False	0	0.0	3.00	30.00
3534	-1	1	Astrocyte	39	68	1.2873	M 0 -1 L 0.4 -0.3 L 1 -0.2 L 0.4 0.2 L 0.5 1 L 0 0.5 L -0.5 1 L -0.4 0.2 L -1 -0.2 L -0.4 -0.3 Z	0.9683	G1	0		37.61	4.5093	False	False	0	0.0	3.00	30.00
3535	-1	1	Astrocyte	169	594	4.9952	M 0 -1 L 0.4 -0.3 L 1 -0.2 L 0.4 0.2 L 0.5 1 L 0 0.5 L -0.5 1 L -0.4 0.2 L -1 -0.2 L -0.4 -0.3 Z	0.6831	G1	0		36.70	3.2271	False	False	0	0.0	3.00	30.00
3536	-1	1	Astrocyte	362	957	0.4992	M 0 -1 L 0.4 -0.3 L 1 -0.2 L 0.4 0.2 L 0.5 1 L 0 0.5 L -0.5 1 L -0.4 0.2 L -1 -0.2 L -0.4 -0.3 Z	0.8652	G1	0		37.01	4.1217	False	False	0	0.0	3.00	30.00
3537	-1	1	Astrocyte	24	44	4.0231	M 0 -1 L 0.4 -0.3 L 1 -0.2 L 0.4 0.2 L 0.5 1 L 0 0.5 L -0.5 1 L -0.4 0.2 L -1 -0.2 L -0.4 -0.3 Z	1.2936	G1	0		36.74	4.1798	False	False	0	0.0	3.00	30.00
3538	-1	1	Astrocyte	447	863	2.9159	M 0 -1 L 0.4 -0.3 L 1 -0.2 L 0.4 0.2 L 0.5 1 L 0 0.5 L -0.5 1 L -0.4 0.2 L -1 -0.2 L -0.4 -0.3 Z	0.7260	G1	0		36.40	3.2427	False	False	0	0.0	3.00	30.00
3539	-1	1	Astrocyte	701	139	1.8044	M 0 -1 L 0.4 -0.3 L 1 -0.2 L 0.4 0.2 L 0.5 1 L 0 0.5 L -0.5 1 L -0.4 0.2 L -1 -0.2 L -0.4 -0.3 Z	1.0946	G1	0		36.35	3.3315	False	False	0	0.0	3.00	30.00
3540	-1	1	Astrocyte	172	178	5.4594	M 0 -1 L 0.4 -0.3 L 1 -0.2 L 0.4 0.2 L 0.5 1 L 0 0.5 L -0.5 1 L -0.4 0.2 L -1 -0.2 L -0.4 -0.3 Z	0.8176	G1	0		36.65	3.5665	False	False	0	0.0	3.00	30.00
3541	-1	1	Astrocyte	717	562	3.8071	M 0 -1 L 0.4 -0.3 L 1 -0.2 L 0.4 0.2 L 0.5 1 L 0 0.5 L -0.5 1 L -0.4 0.2 L -1 -0.2 L -0.4 -0.3 Z	1.0219	G1	0		36.26	2.6911	False	False	0	0.0	3.00	30.00
3542	-1	1	Astrocyte	685	271	2.3690	M 0 -1 L 0.4 -0.3 L 1 -0.2 L 0.4 0.2 L 0.5 1 L 0 0.5 L -0.5 1 L -0.4 0.2 L -1 -0.2 L -0.4 -0.3 Z	1.1874	G1	0		36.37	2.9074	False	False	0	0.0	3.00	30.00
3543	-1	1	Astrocyte	465	366	0.4833	M 0 -1 L 0.4 -0.3 L 1 -0.2 L 0.4 0.2 L 0.5 1 L 0 0.5 L -0.5 1 L -0.4 0.2 L -1 -0.2 L -0.4 -0.3 Z	0.9269	G1	0		36.14	2.3994	False	False	0	0.0	3.00	30.00
3544	-1	1	Astrocyte	293	257	1.1105	M 0 -1 L 0.4 -0.3 L 1 -0.2 L 0.4 0.2 L 0.5 1 L 0 0.5 L -0.5 1 L -0.4 0.2 L -1 -0.2 L -0.4 -0.3 Z	1.2399	G1	0		36.35	2.9612	False	False	0	0.0	3.00	30.00
3545	-1	1	Astrocyte	930	541	2.9010	M 0 -1 L 0.4 -0.3 L 1 -0.2 L 0.4 0.2 L 0.5 1 L 0 0.5 L -0.5 1 L -0.4 0.2 L -1 -0.2 L -0.4 -0.3 Z	0.9153	G1	0		36.62	3.8008	False	False	0	0.0	3.00	30.00
3546	-1	1	Astrocyte	817	998	3.0487	M 0 -1 L 0.4 -0.3 L 1 -0.2 L 0.4 0.2 L 0.5 1 L 0 0.5 L -0.5 1 L -0.4 0.2 L -1 -0.2 L -0.4 -0.3 Z	1.0869	G1	0		37.64	4.7284	False	False	0	0.0	3.00	30.00
3547	-1	1	Astrocyte	927	316	5.1030	M 0 -1 L 0.4 -0.3 L 1 -0.2 L 0.4 0.2 L 0.5 1 L 0 0.5 L -0.5 1 L -0.4 0.2 L -1 -0.2 L -0.4 -0.3 Z	0.8605	G1	0		36.56	3.7185	False	False	0	0.0	3.00	30.00
3548	-1	1	Astrocyte	733	777	1.7097	M 0 -1 L 0.4 -0.3 L 1 -0.2 L 0.4 0.2 L 0.5 1 L 0 0.5 L -0.5 1 L -0.4 0.2 L -1 -0.2 L -0.4 -0.3 Z	0.6974	G1	0		36.30	3.0449	False	False	0	0.0	3.00	30.00
3549	-1	1	Astrocyte	726	778	2.0309	M 0 -1 L 0.4 -0.3 L 1 -0.2 L 0.4 0.2 L 0.5 1 L 0 0.5 L -0.5 1 L -0.4 0.2 L -1 -0.2 L -0.4 -0.3 Z	1.0387	G1	0		36.41	3.1110	False	False	0	0.0	3.00	30.00
3550	-1	1	Astrocyte	251	151	4.3508	M 0 -1 L 0.4 -0.3 L 1 -0.2 L 0.4 0.2 L 0.5 1 L 0 0.5 L -0.5 1 L -0.4 0.2 L -1 -0.2 L -0.4 -0.3 Z	1.1218	G1	0		36.93	3.6819	False	False	0	0.0	3.00	30.00
3551	-1	1	Astrocyte	353	866	3.7687	M 0 -1 L 0.4 -0.3 L 1 -0.2 L 0.4 0.2 L 0.5 1 L 0 0.5 L -0.5 1 L -0.4 0.2 L -1 -0.2 L -0.4 -0.3 Z	1.0150	G1	0		36.61	3.3911	False	False	0	0.0	3.00	30.00
3552	-1	1	Astrocyte	0	628	4.1167	M 0 -1 L 0.4 -0.3 L 1 -0.2 L 0.4 0.2 L 0.5 1 L 0 0.5 L -0.5 1 L -0.4 0.2 L -1 -0.2 L -0.4 -0.3 Z	0.6844	G1	0		37.82	4.8762	False	False	0	0.0	3.00	30.00
3553	-1	1	Astrocyte	90	956	6.1261	M 0 -1 L 0.4 -0.3 L 1 -0.2 L 0.4 0.2 L 0.5 1 L 0 0.5 L -0.5 1 L -0.4 0.2 L -1 -0.2 L -0.4 -0.3 Z	1.2575	G1	0		37.34	4.4619	False	False	0	0.0	3.00	30.00
3554	-1	1	Astrocyte	775	632	4.3601	M 0 -1 L 0.4 -0.3 L 1 -0.2 L 0.4 0.2 L 0.5 1 L 0 0.5 L -0.5 1 L -0.4 0.2 L -1 -0.2 L -0.4 -0.3 Z	1.2023	G1	0		35.38	2.4519	False	False	0	0.0	3.00	30.00
3555	-1	1	Astrocyte	237	797	3.7871	M 0 -1 L 0.4 -0.3 L 1 -0.2 L 0.4 0.2 L 0.5 1 L 0 0.5 L -0.5 1 L -0.4 0.2 L -1 -0.2 L -0.4 -0.3 Z	0.7498	G1	0		35.62	2.6894	False	False	0	0.0	3.00	30.00
3556	-1	1	Astrocyte	66	434	2.3702	M 0 -1 L 0.4 -0.3 L 1 -0.2 L 0.4 0.2 L 0.5 1 L 0 0.5 L -0.5 1 L -0.4 0.2 L -1 -0.2 L -0.4 -0.3 Z	0.9600	G1	0		36.70	3.7790	False	False	0	0.0	3.00	30.00
3557	-1	1	Astrocyte	52	408	1.4112	M 0 -1 L 0.4 -0.3 L 1 -0.2 L 0.4 0.2 L 0.5 1 L 0 0.5 L -0.5 1 L -0.4 0.2 L -1 -0.2 L -0.4 -0.3 Z	0.8945	G1	0		36.27	3.7263	False	False	0	0.0	3.00	30.00
3558	-1	1	Astrocyte	426	816	4.2486	M 0 -1 L 0.4 -0.3 L 1 -0.2 L 0.4 0.2 L 0.5 1 L 0 0.5 L -0.5 1 L -0.4 0.2 L -1 -0.2 L -0.4 -0.3 Z	0.9271	G1	0		36.03	2.8046	False	False	0	0.0	3.00	30.00
3559	-1	1	Astrocyte	888	624	1.9623	M 0 -1 L 0.4 -0.3 L 1 -0.2 L 0.4 0.2 L 0.5 1 L 0 0.5 L -0.5 1 L -0.4 0.2 L -1 -0.2 L -0.4 -0.3 Z	1.0719	G1	0		36.63	3.5395	False	False	0	0.0	3.00	30.00
3560	-1	1	Astrocyte	587	484	1.9310	M 0 -1 L 0.4 -0.3 L 1 -0.2 L 0.4 0.2 L 0.5 1 L 0 0.5 L -0.5 1 L -0.4 0.2 L -1 -0.2 L -0.4 -0.3 Z	0.8708	G1	0		35.75	2.1297	False	False	0	0.0	3.00	30.00
3561	-1	1	Astrocyte	237	32	2.2061	M 0 -1 L 0.4 -0.3 L 1 -0.2 L 0.4 0.2 L 0.5 1 L 0 0.5 L -0.5 1 L -0.4 0.2 L -1 -0.2 L -0.4 -0.3 Z	1.1644	G1	0		36.25	3.8492	False	False	0	0.0	3.00	30.00
3562	-1	1	Astrocyte	109	945	4.5381	M 0 -1 L 0.4 -0.3 L 1 -0.2 L 0.4 0.2 L 0.5 1 L 0 0.5 L -0.5 1 L -0.4 0.2 L -1 -0.2 L -0.4 -0.3 Z	1.3306	G1	0		36.68	3.9785	False	False	0	0.0	3.00	30.00
3563	-1	1	Astrocyte	455	859	5.0482	M 0 -1 L 0.4 -0.3 L 1 -0.2 L 0.4 0.2 L 0.5 1 L 0 0.5 L -0.5 1 L -0.4 0.2 L -1 -0.2 L -0.4 -0.3 Z	1.3930	G1	0		36.27	3.1342	False	False	0	0.0	3.00	30.00
3564	-1	1	Astrocyte	695	353	0.6135	M 0 -1 L 0.4 -0.3 L 1 -0.2 L 0.4 0.2 L 0.5 1 L 0 0.5 L -0.5 1 L -0.4 0.2 L -1 -0.2 L -0.4 -0.3 Z	0.9380	G1	0		35.97	2.5213	False	False	0	0.0	3.00	30.00
3565	-1	1	Astrocyte	381	592	3.2018	M 0 -1 L 0.4 -0.3 L 1 -0.2 L 0.4 0.2 L 0.5 1 L 0 0.5 L -0.5 1 L -0.4 0.2 L -1 -0.2 L -0.4 -0.3 Z	1.0343	G1	0		36.10	2.3317	False	False	0	0.0	3.00	30.00
3566	-1	1	Astrocyte	596	856	1.2305	M 0 -1 L 0.4 -0.3 L 1 -0.2 L 0.4 0.2 L 0.5 1 L 0 0.5 L -0.5 1 L -0.4 0.2 L -1 -0.2 L -0.4 -0.3 Z	0.7746	G1	0		36.00	3.0078	False	False	0	0.0	3.00	30.00
3567	-1	1	Astrocyte	850	49	6.2647	M 0 -1 L 0.4 -0.3 L 1 -0.2 L 0.4 0.2 L 0.5 1 L 0 0.5 L -0.5 1 L -0.4 0.2 L -1 -0.2 L -0.4 -0.3 Z	1.0368	G1	0		36.87	4.1824	False	False	0	0.0	3.00	30.00
3568	-1	1	Astrocyte	97	798	0.3817	M 0 -1 L 0.4 -0.3 L 1 -0.2 L 0.4 0.2 L 0.5 1 L 0 0.5 L -0.5 1 L -0.4 0.2 L -1 -0.2 L -0.4 -0.3 Z	1.1559	G1	0		36.89	3.8919	False	False	0	0.0	3.00	30.00
3569	-1	1	Astrocyte	564	957	2.1612	M 0 -1 L 0.4 -0.3 L 1 -0.2 L 0.4 0.2 L 0.5 1 L 0 0.5 L -0.5 1 L -0.4 0.2 L -1 -0.2 L -0.4 -0.3 Z	1.1085	G1	0		36.72	3.9252	False	False	0	0.0	3.00	30.00
3570	-1	1	Astrocyte	479	440	1.6830	M 0 -1 L 0.4 -0.3 L 1 -0.2 L 0.4 0.2 L 0.5 1 L 0 0.5 L -0.5 1 L -0.4 0.2 L -1 -0.2 L -0.4 -0.3 Z	0.8763	G1	0		34.62	1.6124	False	False	0	0.0	3.00	30.00
3571	-1	1	Astrocyte	757	291	3.9733	M 0 -1 L 0.4 -0.3 L 1 -0.2 L 0.4 0.2 L 0.5 1 L 0 0.5 L -0.5 1 L -0.4 0.2 L -1 -0.2 L -0.4 -0.3 Z	1.0283	G1	0		36.23	2.9686	False	False	0	0.0	3.00	30.00
3572	-1	1	Astrocyte	452	480	2.1951	M 0 -1 L 0.4 -0.3 L 1 -0.2 L 0.4 0.2 L 0.5 1 L 0 0.5 L -0.5 1 L -0.4 0.2 L -1 -0.2 L -0.4 -0.3 Z	0.9375	G1	0		34.79	1.7216	False	False	0	0.0	3.00	30.00
3573	-1	1	Astrocyte	566	64	5.6260	M 0 -1 L 0.4 -0.3 L 1 -0.2 L 0.4 0.2 L 0.5 1 L 0 0.5 L -0.5 1 L -0.4 0.2 L -1 -0.2 L -0.4 -0.3 Z	1.0512	G1	0		36.71	3.7937	False	False	0	0.0	3.00	30.00
3574	-1	1	Astrocyte	908	586	0.5763	M 0 -1 L 0.4 -0.3 L 1 -0.2 L 0.4 0.2 L 0.5 1 L 0 0.5 L -0.5 1 L -0.4 0.2 L -1 -0.2 L -0.4 -0.3 Z	1.1069	G1	0		36.50	3.6068	False	False	0	0.0	3.00	30.00
3575	-1	1	Astrocyte	904	268	4.9862	M 0 -1 L 0.4 -0.3 L 1 -0.2 L 0.4 0.2 L 0.5 1 L 0 0.5 L -0.5 1 L -0.4 0.2 L -1 -0.2 L -0.4 -0.3 Z	1.2450	G1	0		36.17	3.3952	False	False	0	0.0	3.00	30.00
3576	-1	1	Astrocyte	555	140	4.1762	M 0 -1 L 0.4 -0.3 L 1 -0.2 L 0.4 0.2 L 0.5 1 L 0 0.5 L -0.5 1 L -0.4 0.2 L -1 -0.2 L -0.4 -0.3 Z	0.8617	G1	0		35.26	2.7172	False	False	0	0.0	3.00	30.00
3577	-1	1	Astrocyte	399	815	6.0740	M 0 -1 L 0.4 -0.3 L 1 -0.2 L 0.4 0.2 L 0.5 1 L 0 0.5 L -0.5 1 L -0.4 0.2 L -1 -0.2 L -0.4 -0.3 Z	1.1003	G1	0		36.50	3.1465	False	False	0	0.0	3.00	30.00
3578	-1	1	Astrocyte	316	686	5.8039	M 0 -1 L 0.4 -0.3 L 1 -0.2 L 0.4 0.2 L 0.5 1 L 0 0.5 L -0.5 1 L -0.4 0.2 L -1 -0.2 L -0.4 -0.3 Z	1.1977	G1	0		35.73	2.4544	False	False	0	0.0	3.00	30.00
3579	-1	1	Astrocyte	636	279	5.7120	M 0 -1 L 0.4 -0.3 L 1 -0.2 L 0.4 0.2 L 0.5 1 L 0 0.5 L -0.5 1 L -0.4 0.2 L -1 -0.2 L -0.4 -0.3 Z	1.1602	G1	0		36.31	2.7935	False	False	0	0.0	3.00	30.00
3580	-1	1	Astrocyte	40	544	0.4241	M 0 -1 L 0.4 -0.3 L 1 -0.2 L 0.4 0.2 L 0.5 1 L 0 0.5 L -0.5 1 L -0.4 0.2 L -1 -0.2 L -0.4 -0.3 Z	1.1172	G1	0		36.86	4.0261	False	False	0	0.0	3.00	30.00
3581	-1	1	Astrocyte	238	905	4.6675	M 0 -1 L 0.4 -0.3 L 1 -0.2 L 0.4 0.2 L 0.5 1 L 0 0.5 L -0.5 1 L -0.4 0.2 L -1 -0.2 L -0.4 -0.3 Z	1.2523	G1	0		36.91	3.8679	False	False	0	0.0	3.00	30.00
3582	-1	1	Astrocyte	811	33	5.0910	M 0 -1 L 0.4 -0.3 L 1 -0.2 L 0.4 0.2 L 0.5 1 L 0 0.5 L -0.5 1 L -0.4 0.2 L -1 -0.2 L -0.4 -0.3 Z	1.0011	G1	0		37.32	4.4246	False	False	0	0.0	3.00	30.00
3583	-1	1	Astrocyte	683	33	3.9364	M 0 -1 L 0.4 -0.3 L 1 -0.2 L 0.4 0.2 L 0.5 1 L 0 0.5 L -0.5 1 L -0.4 0.2 L -1 -0.2 L -0.4 -0.3 Z	1.3098	G1	0		37.16	4.1646	False	False	0	0.0	3.00	30.00
3584	-1	1	Astrocyte	605	797	1.6851	M 0 -1 L 0.4 -0.3 L 1 -0.2 L 0.4 0.2 L 0.5 1 L 0 0.5 L -0.5 1 L -0.4 0.2 L -1 -0.2 L -0.4 -0.3 Z	0.9945	G1	0		36.21	2.8977	False	False	0	0.0	3.00	30.00
3585	-1	1	Astrocyte	749	296	4.2702	M 0 -1 L 0.4 -0.3 L 1 -0.2 L 0.4 0.2 L 0.5 1 L 0 0.5 L -0.5 1 L -0.4 0.2 L -1 -0.2 L -0.4 -0.3 Z	0.9167	G1	0		36.06	2.7700	False	False	0	0.0	3.00	30.00
3586	-1	1	Astrocyte	504	310	5.7193	M 0 -1 L 0.4 -0.3 L 1 -0.2 L 0.4 0.2 L 0.5 1 L 0 0.5 L -0.5 1 L -0.4 0.2 L -1 -0.2 L -0.4 -0.3 Z	1.2921	G1	0		36.30	2.6520	False	False	0	0.0	3.00	30.00
3587	-1	1	Astrocyte	256	999	1.8637	M 0 -1 L 0.4 -0.3 L 1 -0.2 L 0.4 0.2 L 0.5 1 L 0 0.5 L -0.5 1 L -0.4 0.2 L -1 -0.2 L -0.4 -0.3 Z	1.0228	G1	0		37.97	4.9498	False	False	0	0.0	3.00	30.00
3588	-1	1	Astrocyte	989	616	0.0316	M 0 -1 L 0.4 -0.3 L 1 -0.2 L 0.4 0.2 L 0.5 1 L 0 0.5 L -0.5 1 L -0.4 0.2 L -1 -0.2 L -0.4 -0.3 Z	0.8172	G1	0		36.98	4.2641	False	False	0	0.0	3.00	30.00
3589	-1	1	Astrocyte	233	502	1.1445	M 0 -1 L 0.4 -0.3 L 1 -0.2 L 0.4 0.2 L 0.5 1 L 0 0.5 L -0.5 1 L -0.4 0.2 L -1 -0.2 L -0.4 -0.3 Z	1.1304	G1	0		36.69	3.0407	False	False	0	0.0	3.00	30.00
3590	-1	1	Astrocyte	156	611	1.6437	M 0 -1 L 0.4 -0.3 L 1 -0.2 L 0.4 0.2 L 0.5 1 L 0 0.5 L -0.5 1 L -0.4 0.2 L -1 -0.2 L -0.4 -0.3 Z	1.1203	G1	0		36.61	3.3297	False	False	0	0.0	3.00	30.00
3591	-1	1	Astrocyte	488	500	4.4946	M 0 -1 L 0.4 -0.3 L 1 -0.2 L 0.4 0.2 L 0.5 1 L 0 0.5 L -0.5 1 L -0.4 0.2 L -1 -0.2 L -0.4 -0.3 Z	1.0378	G1	0		36.24	2.4249	False	False	0	0.0	3.00	30.00
3592	-1	1	Astrocyte	573	289	5.5824	M 0 -1 L 0.4 -0.3 L 1 -0.2 L 0.4 0.2 L 0.5 1 L 0 0.5 L -0.5 1 L -0.4 0.2 L -1 -0.2 L -0.4 -0.3 Z	0.9430	G1	0		35.04	2.0963	False	False	0	0.0	3.00	30.00
3593	-1	1	Astrocyte	589	951	1.1750	M 0 -1 L 0.4 -0.3 L 1 -0.2 L 0.4 0.2 L 0.5 1 L 0 0.5 L -0.5 1 L -0.4 0.2 L -1 -0.2 L -0.4 -0.3 Z	1.0383	G1	0		36.88	4.0256	False	False	0	0.0	3.00	30.00
3594	-1	1	Astrocyte	180	556	4.6305	M 0 -1 L 0.4 -0.3 L 1 -0.2 L 0.4 0.2 L 0.5 1 L 0 0.5 L -0.5 1 L -0.4 0.2 L -1 -0.2 L -0.4 -0.3 Z	0.7840	G1	0		36.96	3.2738	False	False	0	0.0	3.00	30.00
3595	-1	1	Astrocyte	55	111	5.0018	M 0 -1 L 0.4 -0.3 L 1 -0.2 L 0.4 0.2 L 0.5 1 L 0 0.5 L -0.5 1 L -0.4 0.2 L -1 -0.2 L -0.4 -0.3 Z	0.9114	G1	0		36.81	4.0629	False	False	0	0.0	3.00	30.00
3596	-1	1	Astrocyte	882	66	1.1256	M 0 -1 L 0.4 -0.3 L 1 -0.2 L 0.4 0.2 L 0.5 1 L 0 0.5 L -0.5 1 L -0.4 0.2 L -1 -0.2 L -0.4 -0.3 Z	0.8836	G1	0		36.96	4.0723	False	False	0	0.0	3.00	30.00
3597	-1	1	Astrocyte	580	771	3.8216	M 0 -1 L 0.4 -0.3 L 1 -0.2 L 0.4 0.2 L 0.5 1 L 0 0.5 L -0.5 1 L -0.4 0.2 L -1 -0.2 L -0.4 -0.3 Z	1.0907	G1	0		36.48	2.9844	False	False	0	0.0	3.00	30.00
3598	-1	1	Astrocyte	699	216	0.8925	M 0 -1 L 0.4 -0.3 L 1 -0.2 L 0.4 0.2 L 0.5 1 L 0 0.5 L -0.5 1 L -0.4 0.2 L -1 -0.2 L -0.4 -0.3 Z	0.9431	G1	0		36.64	3.1796	False	False	0	0.0	3.00	30.00
3599	-1	1	Astrocyte	337	31	5.2290	M 0 -1 L 0.4 -0.3 L 1 -0.2 L 0.4 0.2 L 0.5 1 L 0 0.5 L -0.5 1 L -0.4 0.2 L -1 -0.2 L -0.4 -0.3 Z	1.1200	G1	0		37.29	4.3789	False	False	0	0.0	3.00	30.00
3600	-1	1	Astrocyte	668	910	5.1724	M 0 -1 L 0.4 -0.3 L 1 -0.2 L 0.4 0.2 L 0.5 1 L 0 0.5 L -0.5 1 L -0.4 0.2 L -1 -0.2 L -0.4 -0.3 Z	0.7427	G1	0		36.91	3.7240	False	False	0	0.0	3.00	30.00
3601	-1	1	Astrocyte	876	193	3.6251	M 0 -1 L 0.4 -0.3 L 1 -0.2 L 0.4 0.2 L 0.5 1 L 0 0.5 L -0.5 1 L -0.4 0.2 L -1 -0.2 L -0.4 -0.3 Z	0.9433	G1	0		36.50	3.5921	False	False	0	0.0	3.00	30.00
3602	-1	1	Astrocyte	350	290	2.2720	M 0 -1 L 0.4 -0.3 L 1 -0.2 L 0.4 0.2 L 0.5 1 L 0 0.5 L -0.5 1 L -0.4 0.2 L -1 -0.2 L -0.4 -0.3 Z	0.9200	G1	0		35.21	2.2961	False	False	0	0.0	3.00	30.00
3603	-1	1	Astrocyte	859	281	5.9336	M 0 -1 L 0.4 -0.3 L 1 -0.2 L 0.4 0.2 L 0.5 1 L 0 0.5 L -0.5 1 L -0.4 0.2 L -1 -0.2 L -0.4 -0.3 Z	1.0452	G1	0		36.94	3.6836	False	False	0	0.0	3.00	30.00
3604	-1	1	Astrocyte	632	400	3.9370	M 0 -1 L 0.4 -0.3 L 1 -0.2 L 0.4 0.2 L 0.5 1 L 0 0.5 L -0.5 1 L -0.4 0.2 L -1 -0.2 L -0.4 -0.3 Z	1.0194	G1	0		35.96	2.4424	False	False	0	0.0	3.00	30.00
3605	-1	1	Astrocyte	815	858	4.2071	M 0 -1 L 0.4 -0.3 L 1 -0.2 L 0.4 0.2 L 0.5 1 L 0 0.5 L -0.5 1 L -0.4 0.2 L -1 -0.2 L -0.4 -0.3 Z	1.1366	G1	0		36.59	3.5738	False	False	0	0.0	3.00	30.00
3606	-1	1	Astrocyte	638	100	1.4596	M 0 -1 L 0.4 -0.3 L 1 -0.2 L 0.4 0.2 L 0.5 1 L 0 0.5 L -0.5 1 L -0.4 0.2 L -1 -0.2 L -0.4 -0.3 Z	1.0597	G1	0		36.68	3.6910	False	False	0	0.0	3.00	30.00
3607	-1	1	Astrocyte	513	111	0.2990	M 0 -1 L 0.4 -0.3 L 1 -0.2 L 0.4 0.2 L 0.5 1 L 0 0.5 L -0.5 1 L -0.4 0.2 L -1 -0.2 L -0.4 -0.3 Z	1.0055	G1	0		36.05	3.1707	False	False	0	0.0	3.00	30.00
3608	-1	1	Astrocyte	254	494	3.4351	M 0 -1 L 0.4 -0.3 L 1 -0.2 L 0.4 0.2 L 0.5 1 L 0 0.5 L -0.5 1 L -0.4 0.2 L -1 -0.2 L -0.4 -0.3 Z	0.9053	G1	0		36.05	2.6127	False	False	0	0.0	3.00	30.00
3609	-1	1	Astrocyte	790	448	0.2560	M 0 -1 L 0.4 -0.3 L 1 -0.2 L 0.4 0.2 L 0.5 1 L 0 0.5 L -0.5 1 L -0.4 0.2 L -1 -0.2 L -0.4 -0.3 Z	1.0963	G1	0		36.27	2.8862	False	False	0	0.0	3.00	30.00
3610	-1	1	Astrocyte	162	177	5.8970	M 0 -1 L 0.4 -0.3 L 1 -0.2 L 0.4 0.2 L 0.5 1 L 0 0.5 L -0.5 1 L -0.4 0.2 L -1 -0.2 L -0.4 -0.3 Z	1.0916	G1	0		36.63	3.6072	False	False	0	0.0	3.00	30.00
3611	-1	1	Astrocyte	674	46	5.6058	M 0 -1 L 0.4 -0.3 L 1 -0.2 L 0.4 0.2 L 0.5 1 L 0 0.5 L -0.5 1 L -0.4 0.2 L -1 -0.2 L -0.4 -0.3 Z	0.9048	G1	0		37.61	3.9931	False	False	0	0.0	3.00	30.00
3612	-1	1	Astrocyte	21	448	2.0216	M 0 -1 L 0.4 -0.3 L 1 -0.2 L 0.4 0.2 L 0.5 1 L 0 0.5 L -0.5 1 L -0.4 0.2 L -1 -0.2 L -0.4 -0.3 Z	0.7813	G1	0		35.75	3.6719	False	False	0	0.0	3.00	30.00
3613	-1	1	Astrocyte	740	557	5.9538	M 0 -1 L 0.4 -0.3 L 1 -0.2 L 0.4 0.2 L 0.5 1 L 0 0.5 L -0.5 1 L -0.4 0.2 L -1 -0.2 L -0.4 -0.3 Z	1.1704	G1	0		35.88	2.5370	False	False	0	0.0	3.00	30.00
3614	-1	1	Astrocyte	394	590	2.2500	M 0 -1 L 0.4 -0.3 L 1 -0.2 L 0.4 0.2 L 0.5 1 L 0 0.5 L -0.5 1 L -0.4 0.2 L -1 -0.2 L -0.4 -0.3 Z	0.7165	G1	0		36.07	2.3491	False	False	0	0.0	3.00	30.00
3615	-1	1	Astrocyte	833	352	0.6174	M 0 -1 L 0.4 -0.3 L 1 -0.2 L 0.4 0.2 L 0.5 1 L 0 0.5 L -0.5 1 L -0.4 0.2 L -1 -0.2 L -0.4 -0.3 Z	0.9456	G1	0		36.75	3.2931	False	False	0	0.0	3.00	30.00
3616	-1	1	Astrocyte	311	484	3.3015	M 0 -1 L 0.4 -0.3 L 1 -0.2 L 0.4 0.2 L 0.5 1 L 0 0.5 L -0.5 1 L -0.4 0.2 L -1 -0.2 L -0.4 -0.3 Z	0.7392	G1	0		34.49	1.7331	False	False	0	0.0	3.00	30.00
3617	-1	1	Astrocyte	874	808	2.9873	M 0 -1 L 0.4 -0.3 L 1 -0.2 L 0.4 0.2 L 0.5 1 L 0 0.5 L -0.5 1 L -0.4 0.2 L -1 -0.2 L -0.4 -0.3 Z	1.3390	G1	0		36.55	3.6222	False	False	0	0.0	3.00	30.00
3618	-1	1	Astrocyte	11	676	6.0049	M 0 -1 L 0.4 -0.3 L 1 -0.2 L 0.4 0.2 L 0.5 1 L 0 0.5 L -0.5 1 L -0.4 0.2 L -1 -0.2 L -0.4 -0.3 Z	0.6840	G1	0		36.71	4.1336	False	False	0	0.0	3.00	30.00
3619	-1	1	Astrocyte	679	616	5.3763	M 0 -1 L 0.4 -0.3 L 1 -0.2 L 0.4 0.2 L 0.5 1 L 0 0.5 L -0.5 1 L -0.4 0.2 L -1 -0.2 L -0.4 -0.3 Z	0.8320	G1	0		35.87	2.3655	False	False	0	0.0	3.00	30.00
3620	-1	1	Astrocyte	628	310	6.2637	M 0 -1 L 0.4 -0.3 L 1 -0.2 L 0.4 0.2 L 0.5 1 L 0 0.5 L -0.5 1 L -0.4 0.2 L -1 -0.2 L -0.4 -0.3 Z	1.0192	G1	0		36.07	2.6356	False	False	0	0.0	3.00	30.00
3621	-1	1	Astrocyte	840	912	4.7562	M 0 -1 L 0.4 -0.3 L 1 -0.2 L 0.4 0.2 L 0.5 1 L 0 0.5 L -0.5 1 L -0.4 0.2 L -1 -0.2 L -0.4 -0.3 Z	0.9825	G1	0		36.71	3.9428	False	False	0	0.0	3.00	30.00
3622	-1	1	Astrocyte	104	660	4.5189	M 0 -1 L 0.4 -0.3 L 1 -0.2 L 0.4 0.2 L 0.5 1 L 0 0.5 L -0.5 1 L -0.4 0.2 L -1 -0.2 L -0.4 -0.3 Z	0.8649	G1	0		36.58	3.5485	False	False	0	0.0	3.00	30.00
3623	-1	1	Astrocyte	409	159	5.5129	M 0 -1 L 0.4 -0.3 L 1 -0.2 L 0.4 0.2 L 0.5 1 L 0 0.5 L -0.5 1 L -0.4 0.2 L -1 -0.2 L -0.4 -0.3 Z	0.9252	G1	0		34.97	2.5128	False	False	0	0.0	3.00	30.00
3624	-1	1	Astrocyte	515	336	4.3098	M 0 -1 L 0.4 -0.3 L 1 -0.2 L 0.4 0.2 L 0.5 1 L 0 0.5 L -0.5 1 L -0.4 0.2 L -1 -0.2 L -0.4 -0.3 Z	0.9620	G1	0		35.73	2.2273	False	False	0	0.0	3.00	30.00
3625	-1	1	Astrocyte	311	389	5.6422	M 0 -1 L 0.4 -0.3 L 1 -0.2 L 0.4 0.2 L 0.5 1 L 0 0.5 L -0.5 1 L -0.4 0.2 L -1 -0.2 L -0.4 -0.3 Z	1.1482	G1	0		36.29	2.6897	False	False	0	0.0	3.00	30.00
3626	-1	1	Astrocyte	638	507	3.1157	M 0 -1 L 0.4 -0.3 L 1 -0.2 L 0.4 0.2 L 0.5 1 L 0 0.5 L -0.5 1 L -0.4 0.2 L -1 -0.2 L -0.4 -0.3 Z	1.1181	G1	0		35.23	1.9611	False	False	0	0.0	3.00	30.00
3627	-1	1	Astrocyte	695	946	5.0502	M 0 -1 L 0.4 -0.3 L 1 -0.2 L 0.4 0.2 L 0.5 1 L 0 0.5 L -0.5 1 L -0.4 0.2 L -1 -0.2 L -0.4 -0.3 Z	0.7030	G1	0		33.98	2.5071	False	False	0	0.0	3.00	30.00
3628	-1	1	Astrocyte	146	637	0.7120	M 0 -1 L 0.4 -0.3 L 1 -0.2 L 0.4 0.2 L 0.5 1 L 0 0.5 L -0.5 1 L -0.4 0.2 L -1 -0.2 L -0.4 -0.3 Z	1.1458	G1	0		35.89	2.9905	False	False	0	0.0	3.00	30.00
3629	-1	1	Astrocyte	0	687	0.4912	M 0 -1 L 0.4 -0.3 L 1 -0.2 L 0.4 0.2 L 0.5 1 L 0 0.5 L -0.5 1 L -0.4 0.2 L -1 -0.2 L -0.4 -0.3 Z	1.1496	G1	0		36.77	4.3542	False	False	0	0.0	3.00	30.00
3630	-1	1	Astrocyte	497	97	2.4338	M 0 -1 L 0.4 -0.3 L 1 -0.2 L 0.4 0.2 L 0.5 1 L 0 0.5 L -0.5 1 L -0.4 0.2 L -1 -0.2 L -0.4 -0.3 Z	1.3536	G1	0		36.77	3.6657	False	False	0	0.0	3.00	30.00
3631	-1	1	Astrocyte	396	317	6.2181	M 0 -1 L 0.4 -0.3 L 1 -0.2 L 0.4 0.2 L 0.5 1 L 0 0.5 L -0.5 1 L -0.4 0.2 L -1 -0.2 L -0.4 -0.3 Z	1.0659	G1	0		35.83	2.3645	False	False	0	0.0	3.00	30.00
3632	-1	1	Astrocyte	812	719	1.0687	M 0 -1 L 0.4 -0.3 L 1 -0.2 L 0.4 0.2 L 0.5 1 L 0 0.5 L -0.5 1 L -0.4 0.2 L -1 -0.2 L -0.4 -0.3 Z	1.1608	G1	0		35.79	2.9271	False	False	0	0.0	3.00	30.00
3633	-1	1	Astrocyte	52	74	6.1968	M 0 -1 L 0.4 -0.3 L 1 -0.2 L 0.4 0.2 L 0.5 1 L 0 0.5 L -0.5 1 L -0.4 0.2 L -1 -0.2 L -0.4 -0.3 Z	0.8475	G1	0		37.82	4.3233	False	False	0	0.0	3.00	30.00
3634	-1	1	Astrocyte	769	305	4.2763	M 0 -1 L 0.4 -0.3 L 1 -0.2 L 0.4 0.2 L 0.5 1 L 0 0.5 L -0.5 1 L -0.4 0.2 L -1 -0.2 L -0.4 -0.3 Z	0.7399	G1	0		36.20	2.8919	False	False	0	0.0	3.00	30.00
3635	-1	1	Astrocyte	122	369	6.2593	M 0 -1 L 0.4 -0.3 L 1 -0.2 L 0.4 0.2 L 0.5 1 L 0 0.5 L -0.5 1 L -0.4 0.2 L -1 -0.2 L -0.4 -0.3 Z	1.0064	G1	0		37.21	3.6575	False	False	0	0.0	3.00	30.00
3636	-1	1	Astrocyte	128	328	2.4595	M 0 -1 L 0.4 -0.3 L 1 -0.2 L 0.4 0.2 L 0.5 1 L 0 0.5 L -0.5 1 L -0.4 0.2 L -1 -0.2 L -0.4 -0.3 Z	0.8962	G1	0		36.15	3.2815	False	False	0	0.0	3.00	30.00
3637	-1	1	Astrocyte	793	27	5.8086	M 0 -1 L 0.4 -0.3 L 1 -0.2 L 0.4 0.2 L 0.5 1 L 0 0.5 L -0.5 1 L -0.4 0.2 L -1 -0.2 L -0.4 -0.3 Z	0.9768	G1	0		37.09	4.3361	False	False	0	0.0	3.00	30.00
3638	-1	1	Astrocyte	425	175	2.1524	M 0 -1 L 0.4 -0.3 L 1 -0.2 L 0.4 0.2 L 0.5 1 L 0 0.5 L -0.5 1 L -0.4 0.2 L -1 -0.2 L -0.4 -0.3 Z	0.8505	G1	0		36.18	2.9835	False	False	0	0.0	3.00	30.00
3639	-1	1	Astrocyte	0	50	1.1774	M 0 -1 L 0.4 -0.3 L 1 -0.2 L 0.4 0.2 L 0.5 1 L 0 0.5 L -0.5 1 L -0.4 0.2 L -1 -0.2 L -0.4 -0.3 Z	1.0356	G1	0		37.54	4.7632	False	False	0	0.0	3.00	30.00
3640	-1	1	Astrocyte	163	119	3.4381	M 0 -1 L 0.4 -0.3 L 1 -0.2 L 0.4 0.2 L 0.5 1 L 0 0.5 L -0.5 1 L -0.4 0.2 L -1 -0.2 L -0.4 -0.3 Z	0.9916	G1	0		36.87	3.9083	False	False	0	0.0	3.00	30.00
3641	-1	1	Astrocyte	950	176	0.9104	M 0 -1 L 0.4 -0.3 L 1 -0.2 L 0.4 0.2 L 0.5 1 L 0 0.5 L -0.5 1 L -0.4 0.2 L -1 -0.2 L -0.4 -0.3 Z	0.8365	G1	0		37.14	4.2641	False	False	0	0.0	3.00	30.00
3642	-1	1	Astrocyte	155	560	2.6201	M 0 -1 L 0.4 -0.3 L 1 -0.2 L 0.4 0.2 L 0.5 1 L 0 0.5 L -0.5 1 L -0.4 0.2 L -1 -0.2 L -0.4 -0.3 Z	1.1004	G1	0		36.37	3.1579	False	False	0	0.0	3.00	30.00
3643	-1	1	Astrocyte	849	444	5.1349	M 0 -1 L 0.4 -0.3 L 1 -0.2 L 0.4 0.2 L 0.5 1 L 0 0.5 L -0.5 1 L -0.4 0.2 L -1 -0.2 L -0.4 -0.3 Z	1.0000	G1	0		36.50	3.2699	False	False	0	0.0	3.00	30.00
3644	-1	1	Astrocyte	629	11	5.9231	M 0 -1 L 0.4 -0.3 L 1 -0.2 L 0.4 0.2 L 0.5 1 L 0 0.5 L -0.5 1 L -0.4 0.2 L -1 -0.2 L -0.4 -0.3 Z	0.7310	G1	0		36.08	3.9153	False	False	0	0.0	3.00	30.00
3645	-1	1	Astrocyte	187	956	2.9188	M 0 -1 L 0.4 -0.3 L 1 -0.2 L 0.4 0.2 L 0.5 1 L 0 0.5 L -0.5 1 L -0.4 0.2 L -1 -0.2 L -0.4 -0.3 Z	1.2260	G1	0		37.02	4.1451	False	False	0	0.0	3.00	30.00
3646	-1	1	Astrocyte	678	391	5.1804	M 0 -1 L 0.4 -0.3 L 1 -0.2 L 0.4 0.2 L 0.5 1 L 0 0.5 L -0.5 1 L -0.4 0.2 L -1 -0.2 L -0.4 -0.3 Z	0.8886	G1	0		36.72	2.7230	False	False	0	0.0	3.00	30.00
3647	-1	1	Astrocyte	818	445	2.0647	M 0 -1 L 0.4 -0.3 L 1 -0.2 L 0.4 0.2 L 0.5 1 L 0 0.5 L -0.5 1 L -0.4 0.2 L -1 -0.2 L -0.4 -0.3 Z	1.0895	G1	0		37.07	3.2959	False	False	0	0.0	3.00	30.00
3648	-1	1	Astrocyte	424	764	4.3298	M 0 -1 L 0.4 -0.3 L 1 -0.2 L 0.4 0.2 L 0.5 1 L 0 0.5 L -0.5 1 L -0.4 0.2 L -1 -0.2 L -0.4 -0.3 Z	1.1592	G1	0		35.97	2.6208	False	False	0	0.0	3.00	30.00
3649	-1	1	Astrocyte	457	906	4.3936	M 0 -1 L 0.4 -0.3 L 1 -0.2 L 0.4 0.2 L 0.5 1 L 0 0.5 L -0.5 1 L -0.4 0.2 L -1 -0.2 L -0.4 -0.3 Z	1.0022	G1	0		36.28	3.4153	False	False	0	0.0	3.00	30.00
3650	-1	1	Astrocyte	972	840	3.2150	M 0 -1 L 0.4 -0.3 L 1 -0.2 L 0.4 0.2 L 0.5 1 L 0 0.5 L -0.5 1 L -0.4 0.2 L -1 -0.2 L -0.4 -0.3 Z	1.0321	G1	0		37.97	4.3805	False	False	0	0.0	3.00	30.00
3651	-1	1	Astrocyte	912	816	0.0224	M 0 -1 L 0.4 -0.3 L 1 -0.2 L 0.4 0.2 L 0.5 1 L 0 0.5 L -0.5 1 L -0.4 0.2 L -1 -0.2 L -0.4 -0.3 Z	1.0238	G1	0		36.89	3.9256	False	False	0	0.0	3.00	30.00
3652	-1	1	Astrocyte	979	464	2.3474	M 0 -1 L 0.4 -0.3 L 1 -0.2 L 0.4 0.2 L 0.5 1 L 0 0.5 L -0.5 1 L -0.4 0.2 L -1 -0.2 L -0.4 -0.3 Z	1.2207	G1	0		37.77	4.4111	False	False	0	0.0	3.00	30.00
3653	-1	1	Astrocyte	840	713	4.4801	M 0 -1 L 0.4 -0.3 L 1 -0.2 L 0.4 0.2 L 0.5 1 L 0 0.5 L -0.5 1 L -0.4 0.2 L -1 -0.2 L -0.4 -0.3 Z	0.9021	G1	0		36.91	3.5978	False	False	0	0.0	3.00	30.00
3654	-1	1	Astrocyte	486	546	0.1949	M 0 -1 L 0.4 -0.3 L 1 -0.2 L 0.4 0.2 L 0.5 1 L 0 0.5 L -0.5 1 L -0.4 0.2 L -1 -0.2 L -0.4 -0.3 Z	0.7159	G1	0		35.31	1.8632	False	False	0	0.0	3.00	30.00
3655	-1	1	Astrocyte	82	37	4.1097	M 0 -1 L 0.4 -0.3 L 1 -0.2 L 0.4 0.2 L 0.5 1 L 0 0.5 L -0.5 1 L -0.4 0.2 L -1 -0.2 L -0.4 -0.3 Z	0.6564	G1	0		37.97	4.5646	False	False	0	0.0	3.00	30.00
3656	-1	1	Astrocyte	120	450	5.2365	M 0 -1 L 0.4 -0.3 L 1 -0.2 L 0.4 0.2 L 0.5 1 L 0 0.5 L -0.5 1 L -0.4 0.2 L -1 -0.2 L -0.4 -0.3 Z	1.0755	G1	0		36.41	3.4547	False	False	0	0.0	3.00	30.00
3657	-1	1	Astrocyte	326	641	0.1010	M 0 -1 L 0.4 -0.3 L 1 -0.2 L 0.4 0.2 L 0.5 1 L 0 0.5 L -0.5 1 L -0.4 0.2 L -1 -0.2 L -0.4 -0.3 Z	1.2002	G1	0		35.95	2.5209	False	False	0	0.0	3.00	30.00
3658	-1	1	Astrocyte	272	565	5.2816	M 0 -1 L 0.4 -0.3 L 1 -0.2 L 0.4 0.2 L 0.5 1 L 0 0.5 L -0.5 1 L -0.4 0.2 L -1 -0.2 L -0.4 -0.3 Z	1.0515	G1	0		35.24	2.1966	False	False	0	0.0	3.00	30.00
3659	-1	1	Astrocyte	255	691	5.2545	M 0 -1 L 0.4 -0.3 L 1 -0.2 L 0.4 0.2 L 0.5 1 L 0 0.5 L -0.5 1 L -0.4 0.2 L -1 -0.2 L -0.4 -0.3 Z	1.3285	G1	0		36.41	2.9796	False	False	0	0.0	3.00	30.00
3660	-1	1	Astrocyte	850	959	2.2830	M 0 -1 L 0.4 -0.3 L 1 -0.2 L 0.4 0.2 L 0.5 1 L 0 0.5 L -0.5 1 L -0.4 0.2 L -1 -0.2 L -0.4 -0.3 Z	1.0835	G1	0		37.49	4.5211	False	False	0	0.0	3.00	30.00
3661	-1	1	Astrocyte	288	760	3.0951	M 0 -1 L 0.4 -0.3 L 1 -0.2 L 0.4 0.2 L 0.5 1 L 0 0.5 L -0.5 1 L -0.4 0.2 L -1 -0.2 L -0.4 -0.3 Z	0.8078	G1	0		36.58	3.1530	False	False	0	0.0	3.00	30.00
3662	-1	1	Astrocyte	785	207	1.9440	M 0 -1 L 0.4 -0.3 L 1 -0.2 L 0.4 0.2 L 0.5 1 L 0 0.5 L -0.5 1 L -0.4 0.2 L -1 -0.2 L -0.4 -0.3 Z	1.0132	G1	0		36.42	3.2522	False	False	0	0.0	3.00	30.00
3663	-1	1	Astrocyte	140	815	3.7326	M 0 -1 L 0.4 -0.3 L 1 -0.2 L 0.4 0.2 L 0.5 1 L 0 0.5 L -0.5 1 L -0.4 0.2 L -1 -0.2 L -0.4 -0.3 Z	0.7612	G1	0		37.10	3.6180	False	False	0	0.0	3.00	30.00
3664	-1	1	Astrocyte	741	33	5.5245	M 0 -1 L 0.4 -0.3 L 1 -0.2 L 0.4 0.2 L 0.5 1 L 0 0.5 L -0.5 1 L -0.4 0.2 L -1 -0.2 L -0.4 -0.3 Z	0.6209	G1	0		37.16	4.2799	False	False	0	0.0	3.00	30.00
3665	-1	1	Astrocyte	565	32	2.5301	M 0 -1 L 0.4 -0.3 L 1 -0.2 L 0.4 0.2 L 0.5 1 L 0 0.5 L -0.5 1 L -0.4 0.2 L -1 -0.2 L -0.4 -0.3 Z	0.9043	G1	0		37.01	4.1730	False	False	0	0.0	3.00	30.00
3666	-1	1	Astrocyte	750	94	3.1390	M 0 -1 L 0.4 -0.3 L 1 -0.2 L 0.4 0.2 L 0.5 1 L 0 0.5 L -0.5 1 L -0.4 0.2 L -1 -0.2 L -0.4 -0.3 Z	1.2741	G1	0		37.08	3.9795	False	False	0	0.0	3.00	30.00
3667	-1	1	Astrocyte	249	59	4.3786	M 0 -1 L 0.4 -0.3 L 1 -0.2 L 0.4 0.2 L 0.5 1 L 0 0.5 L -0.5 1 L -0.4 0.2 L -1 -0.2 L -0.4 -0.3 Z	1.0453	G1	0		37.09	4.1375	False	False	0	0.0	3.00	30.00
3668	-1	1	Astrocyte	899	309	0.1838	M 0 -1 L 0.4 -0.3 L 1 -0.2 L 0.4 0.2 L 0.5 1 L 0 0.5 L -0.5 1 L -0.4 0.2 L -1 -0.2 L -0.4 -0.3 Z	0.7532	G1	0		36.74	3.6736	False	False	0	0.0	3.00	30.00
3669	-1	1	Astrocyte	600	279	0.3040	M 0 -1 L 0.4 -0.3 L 1 -0.2 L 0.4 0.2 L 0.5 1 L 0 0.5 L -0.5 1 L -0.4 0.2 L -1 -0.2 L -0.4 -0.3 Z	1.1551	G1	0		35.54	2.3921	False	False	0	0.0	3.00	30.00
3670	-1	1	Astrocyte	727	55	5.5675	M 0 -1 L 0.4 -0.3 L 1 -0.2 L 0.4 0.2 L 0.5 1 L 0 0.5 L -0.5 1 L -0.4 0.2 L -1 -0.2 L -0.4 -0.3 Z	0.8322	G1	0		36.22	3.6522	False	False	0	0.0	3.00	30.00
3671	-1	1	Astrocyte	408	725	5.2791	M 0 -1 L 0.4 -0.3 L 1 -0.2 L 0.4 0.2 L 0.5 1 L 0 0.5 L -0.5 1 L -0.4 0.2 L -1 -0.2 L -0.4 -0.3 Z	1.3663	G1	0		35.93	2.6031	False	False	0	0.0	3.00	30.00
3672	-1	1	Astrocyte	140	588	4.4959	M 0 -1 L 0.4 -0.3 L 1 -0.2 L 0.4 0.2 L 0.5 1 L 0 0.5 L -0.5 1 L -0.4 0.2 L -1 -0.2 L -0.4 -0.3 Z	0.9188	G1	0		36.75	3.4653	False	False	0	0.0	3.00	30.00
3673	-1	1	Astrocyte	264	132	1.2659	M 0 -1 L 0.4 -0.3 L 1 -0.2 L 0.4 0.2 L 0.5 1 L 0 0.5 L -0.5 1 L -0.4 0.2 L -1 -0.2 L -0.4 -0.3 Z	1.0591	G1	0		36.76	3.6260	False	False	0	0.0	3.00	30.00
3674	-1	1	Astrocyte	512	644	3.2186	M 0 -1 L 0.4 -0.3 L 1 -0.2 L 0.4 0.2 L 0.5 1 L 0 0.5 L -0.5 1 L -0.4 0.2 L -1 -0.2 L -0.4 -0.3 Z	1.1721	G1	0		35.96	2.3559	False	False	0	0.0	3.00	30.00
3675	-1	1	Astrocyte	649	571	5.7891	M 0 -1 L 0.4 -0.3 L 1 -0.2 L 0.4 0.2 L 0.5 1 L 0 0.5 L -0.5 1 L -0.4 0.2 L -1 -0.2 L -0.4 -0.3 Z	1.2055	G1	0		35.12	2.0115	False	False	0	0.0	3.00	30.00
3676	-1	1	Astrocyte	453	327	0.2967	M 0 -1 L 0.4 -0.3 L 1 -0.2 L 0.4 0.2 L 0.5 1 L 0 0.5 L -0.5 1 L -0.4 0.2 L -1 -0.2 L -0.4 -0.3 Z	0.9251	G1	0		34.88	1.9272	False	False	0	0.0	3.00	30.00
3677	-1	1	Astrocyte	579	310	1.1589	M 0 -1 L 0.4 -0.3 L 1 -0.2 L 0.4 0.2 L 0.5 1 L 0 0.5 L -0.5 1 L -0.4 0.2 L -1 -0.2 L -0.4 -0.3 Z	0.8979	G1	0		36.39	2.7346	False	False	0	0.0	3.00	30.00
3678	-1	1	Astrocyte	722	803	3.4035	M 0 -1 L 0.4 -0.3 L 1 -0.2 L 0.4 0.2 L 0.5 1 L 0 0.5 L -0.5 1 L -0.4 0.2 L -1 -0.2 L -0.4 -0.3 Z	0.9562	G1	0		36.56	3.2424	False	False	0	0.0	3.00	30.00
3679	-1	1	Astrocyte	290	34	4.3308	M 0 -1 L 0.4 -0.3 L 1 -0.2 L 0.4 0.2 L 0.5 1 L 0 0.5 L -0.5 1 L -0.4 0.2 L -1 -0.2 L -0.4 -0.3 Z	1.3109	G1	0		36.62	3.9494	False	False	0	0.0	3.00	30.00
3680	-1	1	Astrocyte	278	318	5.3556	M 0 -1 L 0.4 -0.3 L 1 -0.2 L 0.4 0.2 L 0.5 1 L 0 0.5 L -0.5 1 L -0.4 0.2 L -1 -0.2 L -0.4 -0.3 Z	1.0283	G1	0		36.46	2.8631	False	False	0	0.0	3.00	30.00
3681	-1	1	Astrocyte	145	261	1.7566	M 0 -1 L 0.4 -0.3 L 1 -0.2 L 0.4 0.2 L 0.5 1 L 0 0.5 L -0.5 1 L -0.4 0.2 L -1 -0.2 L -0.4 -0.3 Z	0.9558	G1	0		37.00	3.6992	False	False	0	0.0	3.00	30.00
3682	-1	1	Astrocyte	556	187	4.5202	M 0 -1 L 0.4 -0.3 L 1 -0.2 L 0.4 0.2 L 0.5 1 L 0 0.5 L -0.5 1 L -0.4 0.2 L -1 -0.2 L -0.4 -0.3 Z	0.9961	G1	0		35.54	2.6059	False	False	0	0.0	3.00	30.00
3683	-1	1	Astrocyte	853	893	1.9584	M 0 -1 L 0.4 -0.3 L 1 -0.2 L 0.4 0.2 L 0.5 1 L 0 0.5 L -0.5 1 L -0.4 0.2 L -1 -0.2 L -0.4 -0.3 Z	1.3113	G1	0		36.83	3.9120	False	False	0	0.0	3.00	30.00
3684	-1	1	Astrocyte	637	330	5.1589	M 0 -1 L 0.4 -0.3 L 1 -0.2 L 0.4 0.2 L 0.5 1 L 0 0.5 L -0.5 1 L -0.4 0.2 L -1 -0.2 L -0.4 -0.3 Z	1.2618	G1	0		36.11	2.6120	False	False	0	0.0	3.00	30.00
3685	-1	1	Astrocyte	254	755	2.3088	M 0 -1 L 0.4 -0.3 L 1 -0.2 L 0.4 0.2 L 0.5 1 L 0 0.5 L -0.5 1 L -0.4 0.2 L -1 -0.2 L -0.4 -0.3 Z	0.8427	G1	0		35.85	2.7636	False	False	0	0.0	3.00	30.00
3686	-1	1	Astrocyte	978	78	4.5622	M 0 -1 L 0.4 -0.3 L 1 -0.2 L 0.4 0.2 L 0.5 1 L 0 0.5 L -0.5 1 L -0.4 0.2 L -1 -0.2 L -0.4 -0.3 Z	1.0591	G1	0		37.47	4.5687	False	False	0	0.0	3.00	30.00
3687	-1	1	Astrocyte	647	282	0.3399	M 0 -1 L 0.4 -0.3 L 1 -0.2 L 0.4 0.2 L 0.5 1 L 0 0.5 L -0.5 1 L -0.4 0.2 L -1 -0.2 L -0.4 -0.3 Z	1.1183	G1	0		36.17	2.6773	False	False	0	0.0	3.00	30.00
3688	-1	1	Astrocyte	968	7	0.2643	M 0 -1 L 0.4 -0.3 L 1 -0.2 L 0.4 0.2 L 0.5 1 L 0 0.5 L -0.5 1 L -0.4 0.2 L -1 -0.2 L -0.4 -0.3 Z	0.8554	G1	0		38.00	4.9962	False	False	0	0.0	3.00	30.00
3689	-1	1	Astrocyte	247	458	3.9446	M 0 -1 L 0.4 -0.3 L 1 -0.2 L 0.4 0.2 L 0.5 1 L 0 0.5 L -0.5 1 L -0.4 0.2 L -1 -0.2 L -0.4 -0.3 Z	1.0053	G1	0		35.99	2.5999	False	False	0	0.0	3.00	30.00
3690	-1	1	Astrocyte	879	499	4.2932	M 0 -1 L 0.4 -0.3 L 1 -0.2 L 0.4 0.2 L 0.5 1 L 0 0.5 L -0.5 1 L -0.4 0.2 L -1 -0.2 L -0.4 -0.3 Z	0.9814	G1	0		34.70	2.5449	False	False	0	0.0	3.00	30.00
3691	-1	1	Astrocyte	938	737	5.9459	M 0 -1 L 0.4 -0.3 L 1 -0.2 L 0.4 0.2 L 0.5 1 L 0 0.5 L -0.5 1 L -0.4 0.2 L -1 -0.2 L -0.4 -0.3 Z	0.9581	G1	0		37.03	4.0737	False	False	0	0.0	3.00	30.00
3692	-1	1	Astrocyte	856	93	0.2515	M 0 -1 L 0.4 -0.3 L 1 -0.2 L 0.4 0.2 L 0.5 1 L 0 0.5 L -0.5 1 L -0.4 0.2 L -1 -0.2 L -0.4 -0.3 Z	0.7855	G1	0		36.83	3.9474	False	False	0	0.0	3.00	30.00
3693	-1	1	Astrocyte	307	92	0.8233	M 0 -1 L 0.4 -0.3 L 1 -0.2 L 0.4 0.2 L 0.5 1 L 0 0.5 L -0.5 1 L -0.4 0.2 L -1 -0.2 L -0.4 -0.3 Z	1.0565	G1	0		36.86	3.8075	False	False	0	0.0	3.00	30.00
3694	-1	1	Astrocyte	309	213	4.4177	M 0 -1 L 0.4 -0.3 L 1 -0.2 L 0.4 0.2 L 0.5 1 L 0 0.5 L -0.5 1 L -0.4 0.2 L -1 -0.2 L -0.4 -0.3 Z	1.0814	G1	0		35.98	2.8599	False	False	0	0.0	3.00	30.00
3695	-1	1	Astrocyte	437	27	2.6710	M 0 -1 L 0.4 -0.3 L 1 -0.2 L 0.4 0.2 L 0.5 1 L 0 0.5 L -0.5 1 L -0.4 0.2 L -1 -0.2 L -0.4 -0.3 Z	1.1952	G1	0		37.44	4.3274	False	False	0	0.0	3.00	30.00
3696	-1	1	Astrocyte	542	172	5.1750	M 0 -1 L 0.4 -0.3 L 1 -0.2 L 0.4 0.2 L 0.5 1 L 0 0.5 L -0.5 1 L -0.4 0.2 L -1 -0.2 L -0.4 -0.3 Z	1.1850	G1	0		36.66	3.2733	False	False	0	0.0	3.00	30.00
3697	-1	1	Astrocyte	627	627	0.7836	M 0 -1 L 0.4 -0.3 L 1 -0.2 L 0.4 0.2 L 0.5 1 L 0 0.5 L -0.5 1 L -0.4 0.2 L -1 -0.2 L -0.4 -0.3 Z	0.8699	G1	0		36.03	2.4469	False	False	0	0.0	3.00	30.00
3698	-1	1	Astrocyte	847	16	4.2694	M 0 -1 L 0.4 -0.3 L 1 -0.2 L 0.4 0.2 L 0.5 1 L 0 0.5 L -0.5 1 L -0.4 0.2 L -1 -0.2 L -0.4 -0.3 Z	1.0101	G1	0		34.67	3.1366	False	False	0	0.0	3.00	30.00
3699	-1	1	Astrocyte	808	810	3.0902	M 0 -1 L 0.4 -0.3 L 1 -0.2 L 0.4 0.2 L 0.5 1 L 0 0.5 L -0.5 1 L -0.4 0.2 L -1 -0.2 L -0.4 -0.3 Z	1.0760	G1	0		36.65	3.4973	False	False	0	0.0	3.00	30.00
3700	-1	1	Astrocyte	630	599	2.1280	M 0 -1 L 0.4 -0.3 L 1 -0.2 L 0.4 0.2 L 0.5 1 L 0 0.5 L -0.5 1 L -0.4 0.2 L -1 -0.2 L -0.4 -0.3 Z	1.2178	G1	0		36.46	2.7031	False	False	0	0.0	3.00	30.00
3701	-1	1	Astrocyte	534	498	1.6545	M 0 -1 L 0.4 -0.3 L 1 -0.2 L 0.4 0.2 L 0.5 1 L 0 0.5 L -0.5 1 L -0.4 0.2 L -1 -0.2 L -0.4 -0.3 Z	0.8806	G1	0		35.96	2.2244	False	False	0	0.0	3.00	30.00
3702	-1	1	Astrocyte	943	150	0.3418	M 0 -1 L 0.4 -0.3 L 1 -0.2 L 0.4 0.2 L 0.5 1 L 0 0.5 L -0.5 1 L -0.4 0.2 L -1 -0.2 L -0.4 -0.3 Z	0.8658	G1	0		37.06	4.2331	False	False	0	0.0	3.00	30.00
3703	-1	1	Astrocyte	461	288	6.0756	M 0 -1 L 0.4 -0.3 L 1 -0.2 L 0.4 0.2 L 0.5 1 L 0 0.5 L -0.5 1 L -0.4 0.2 L -1 -0.2 L -0.4 -0.3 Z	1.2616	G1	0		36.43	2.7838	False	False	0	0.0	3.00	30.00
3704	-1	1	Astrocyte	226	307	3.1480	M 0 -1 L 0.4 -0.3 L 1 -0.2 L 0.4 0.2 L 0.5 1 L 0 0.5 L -0.5 1 L -0.4 0.2 L -1 -0.2 L -0.4 -0.3 Z	1.2401	G1	0		37.02	3.0551	False	False	0	0.0	3.00	30.00
3705	-1	1	Astrocyte	853	794	0.5124	M 0 -1 L 0.4 -0.3 L 1 -0.2 L 0.4 0.2 L 0.5 1 L 0 0.5 L -0.5 1 L -0.4 0.2 L -1 -0.2 L -0.4 -0.3 Z	1.0901	G1	0		36.55	3.5169	False	False	0	0.0	3.00	30.00
3706	-1	1	Astrocyte	138	455	5.0468	M 0 -1 L 0.4 -0.3 L 1 -0.2 L 0.4 0.2 L 0.5 1 L 0 0.5 L -0.5 1 L -0.4 0.2 L -1 -0.2 L -0.4 -0.3 Z	1.1333	G1	0		36.55	3.3449	False	False	0	0.0	3.00	30.00
3707	-1	1	Astrocyte	954	666	5.2509	M 0 -1 L 0.4 -0.3 L 1 -0.2 L 0.4 0.2 L 0.5 1 L 0 0.5 L -0.5 1 L -0.4 0.2 L -1 -0.2 L -0.4 -0.3 Z	0.9507	G1	0		36.79	3.9095	False	False	0	0.0	3.00	30.00
3708	-1	1	Astrocyte	492	545	0.4572	M 0 -1 L 0.4 -0.3 L 1 -0.2 L 0.4 0.2 L 0.5 1 L 0 0.5 L -0.5 1 L -0.4 0.2 L -1 -0.2 L -0.4 -0.3 Z	1.0681	G1	0		35.30	1.8128	False	False	0	0.0	3.00	30.00
3709	-1	1	Astrocyte	484	793	1.1889	M 0 -1 L 0.4 -0.3 L 1 -0.2 L 0.4 0.2 L 0.5 1 L 0 0.5 L -0.5 1 L -0.4 0.2 L -1 -0.2 L -0.4 -0.3 Z	0.9241	G1	0		36.02	2.7663	False	False	0	0.0	3.00	30.00
3710	-1	1	Astrocyte	804	177	5.9035	M 0 -1 L 0.4 -0.3 L 1 -0.2 L 0.4 0.2 L 0.5 1 L 0 0.5 L -0.5 1 L -0.4 0.2 L -1 -0.2 L -0.4 -0.3 Z	1.2539	G1	0		36.59	3.4705	False	False	0	0.0	3.00	30.00
3711	-1	1	Astrocyte	781	143	3.6106	M 0 -1 L 0.4 -0.3 L 1 -0.2 L 0.4 0.2 L 0.5 1 L 0 0.5 L -0.5 1 L -0.4 0.2 L -1 -0.2 L -0.4 -0.3 Z	0.8956	G1	0		35.26	2.9141	False	False	0	0.0	3.00	30.00
3712	-1	1	Astrocyte	561	132	3.7443	M 0 -1 L 0.4 -0.3 L 1 -0.2 L 0.4 0.2 L 0.5 1 L 0 0.5 L -0.5 1 L -0.4 0.2 L -1 -0.2 L -0.4 -0.3 Z	0.9989	G1	0		35.78	2.9871	False	False	0	0.0	3.00	30.00
3713	-1	1	Astrocyte	174	707	4.6523	M 0 -1 L 0.4 -0.3 L 1 -0.2 L 0.4 0.2 L 0.5 1 L 0 0.5 L -0.5 1 L -0.4 0.2 L -1 -0.2 L -0.4 -0.3 Z	1.1938	G1	0		36.49	3.2652	False	False	0	0.0	3.00	30.00
3714	-1	1	Astrocyte	582	583	1.4656	M 0 -1 L 0.4 -0.3 L 1 -0.2 L 0.4 0.2 L 0.5 1 L 0 0.5 L -0.5 1 L -0.4 0.2 L -1 -0.2 L -0.4 -0.3 Z	1.2027	G1	0		35.84	2.2541	False	False	0	0.0	3.00	30.00
3715	-1	1	Astrocyte	201	925	0.1966	M 0 -1 L 0.4 -0.3 L 1 -0.2 L 0.4 0.2 L 0.5 1 L 0 0.5 L -0.5 1 L -0.4 0.2 L -1 -0.2 L -0.4 -0.3 Z	0.8715	G1	0		37.02	4.0493	False	False	0	0.0	3.00	30.00
3716	-1	1	Astrocyte	472	156	6.2728	M 0 -1 L 0.4 -0.3 L 1 -0.2 L 0.4 0.2 L 0.5 1 L 0 0.5 L -0.5 1 L -0.4 0.2 L -1 -0.2 L -0.4 -0.3 Z	1.1530	G1	0		36.38	3.2143	False	False	0	0.0	3.00	30.00
3717	-1	1	Astrocyte	852	771	5.3847	M 0 -1 L 0.4 -0.3 L 1 -0.2 L 0.4 0.2 L 0.5 1 L 0 0.5 L -0.5 1 L -0.4 0.2 L -1 -0.2 L -0.4 -0.3 Z	0.9156	G1	0		35.56	2.9423	False	False	0	0.0	3.00	30.00
3718	-1	1	Astrocyte	405	885	1.8600	M 0 -1 L 0.4 -0.3 L 1 -0.2 L 0.4 0.2 L 0.5 1 L 0 0.5 L -0.5 1 L -0.4 0.2 L -1 -0.2 L -0.4 -0.3 Z	0.9409	G1	0		36.26	3.2520	False	False	0	0.0	3.00	30.00
3719	-1	1	Astrocyte	198	586	1.9927	M 0 -1 L 0.4 -0.3 L 1 -0.2 L 0.4 0.2 L 0.5 1 L 0 0.5 L -0.5 1 L -0.4 0.2 L -1 -0.2 L -0.4 -0.3 Z	0.8147	G1	0		34.55	2.1181	False	False	0	0.0	3.00	30.00
3720	-1	1	Astrocyte	468	817	6.2577	M 0 -1 L 0.4 -0.3 L 1 -0.2 L 0.4 0.2 L 0.5 1 L 0 0.5 L -0.5 1 L -0.4 0.2 L -1 -0.2 L -0.4 -0.3 Z	0.7879	G1	0		36.48	3.1057	False	False	0	0.0	3.00	30.00
3721	-1	1	Astrocyte	247	956	4.4948	M 0 -1 L 0.4 -0.3 L 1 -0.2 L 0.4 0.2 L 0.5 1 L 0 0.5 L -0.5 1 L -0.4 0.2 L -1 -0.2 L -0.4 -0.3 Z	1.0230	G1	0		35.74	3.3902	False	False	0	0.0	3.00	30.00
3722	-1	1	Astrocyte	111	486	4.4409	M 0 -1 L 0.4 -0.3 L 1 -0.2 L 0.4 0.2 L 0.5 1 L 0 0.5 L -0.5 1 L -0.4 0.2 L -1 -0.2 L -0.4 -0.3 Z	0.9807	G1	0		36.70	3.5639	False	False	0	0.0	3.00	30.00
3723	-1	1	Astrocyte	6	305	4.5816	M 0 -1 L 0.4 -0.3 L 1 -0.2 L 0.4 0.2 L 0.5 1 L 0 0.5 L -0.5 1 L -0.4 0.2 L -1 -0.2 L -0.4 -0.3 Z	0.9479	G1	0		37.93	4.9491	False	False	0	0.0	3.00	30.00
3724	-1	1	Astrocyte	759	323	5.4235	M 0 -1 L 0.4 -0.3 L 1 -0.2 L 0.4 0.2 L 0.5 1 L 0 0.5 L -0.5 1 L -0.4 0.2 L -1 -0.2 L -0.4 -0.3 Z	1.2390	G1	0		36.16	2.8243	False	False	0	0.0	3.00	30.00
3725	-1	1	Astrocyte	804	793	2.8051	M 0 -1 L 0.4 -0.3 L 1 -0.2 L 0.4 0.2 L 0.5 1 L 0 0.5 L -0.5 1 L -0.4 0.2 L -1 -0.2 L -0.4 -0.3 Z	0.9883	G1	0		36.44	3.3084	False	False	0	0.0	3.00	30.00
3726	-1	1	Astrocyte	689	152	4.2187	M 0 -1 L 0.4 -0.3 L 1 -0.2 L 0.4 0.2 L 0.5 1 L 0 0.5 L -0.5 1 L -0.4 0.2 L -1 -0.2 L -0.4 -0.3 Z	0.9211	G1	0		36.88	3.5241	False	False	0	0.0	3.00	30.00
3727	-1	1	Astrocyte	901	176	4.4327	M 0 -1 L 0.4 -0.3 L 1 -0.2 L 0.4 0.2 L 0.5 1 L 0 0.5 L -0.5 1 L -0.4 0.2 L -1 -0.2 L -0.4 -0.3 Z	0.8547	G1	0		36.56	3.6871	False	False	0	0.0	3.00	30.00
3728	-1	1	Astrocyte	133	944	1.3779	M 0 -1 L 0.4 -0.3 L 1 -0.2 L 0.4 0.2 L 0.5 1 L 0 0.5 L -0.5 1 L -0.4 0.2 L -1 -0.2 L -0.4 -0.3 Z	1.0424	G1	0		36.68	3.9910	False	False	0	0.0	3.00	30.00
3729	-1	1	Astrocyte	167	696	3.9078	M 0 -1 L 0.4 -0.3 L 1 -0.2 L 0.4 0.2 L 0.5 1 L 0 0.5 L -0.5 1 L -0.4 0.2 L -1 -0.2 L -0.4 -0.3 Z	1.2013	G1	0		35.93	2.9958	False	False	0	0.0	3.00	30.00
3730	-1	1	Astrocyte	610	495	3.5779	M 0 -1 L 0.4 -0.3 L 1 -0.2 L 0.4 0.2 L 0.5 1 L 0 0.5 L -0.5 1 L -0.4 0.2 L -1 -0.2 L -0.4 -0.3 Z	1.0164	G1	0		36.15	2.4207	False	False	0	0.0	3.00	30.00
3731	-1	1	Astrocyte	419	948	2.6634	M 0 -1 L 0.4 -0.3 L 1 -0.2 L 0.4 0.2 L 0.5 1 L 0 0.5 L -0.5 1 L -0.4 0.2 L -1 -0.2 L -0.4 -0.3 Z	1.1794	G1	0		36.61	3.8866	False	False	0	0.0	3.00	30.00
3732	-1	1	Astrocyte	665	842	3.9224	M 0 -1 L 0.4 -0.3 L 1 -0.2 L 0.4 0.2 L 0.5 1 L 0 0.5 L -0.5 1 L -0.4 0.2 L -1 -0.2 L -0.4 -0.3 Z	1.1771	G1	0		36.52	3.2972	False	False	0	0.0	3.00	30.00
3733	-1	1	Astrocyte	684	652	2.4661	M 0 -1 L 0.4 -0.3 L 1 -0.2 L 0.4 0.2 L 0.5 1 L 0 0.5 L -0.5 1 L -0.4 0.2 L -1 -0.2 L -0.4 -0.3 Z	1.1849	G1	0		36.48	2.6938	False	False	0	0.0	3.00	30.00
3734	-1	1	Astrocyte	258	300	5.2019	M 0 -1 L 0.4 -0.3 L 1 -0.2 L 0.4 0.2 L 0.5 1 L 0 0.5 L -0.5 1 L -0.4 0.2 L -1 -0.2 L -0.4 -0.3 Z	1.0234	G1	0		36.81	3.1272	False	False	0	0.0	3.00	30.00
3735	-1	1	Astrocyte	952	325	5.0424	M 0 -1 L 0.4 -0.3 L 1 -0.2 L 0.4 0.2 L 0.5 1 L 0 0.5 L -0.5 1 L -0.4 0.2 L -1 -0.2 L -0.4 -0.3 Z	1.1975	G1	0		36.94	4.0532	False	False	0	0.0	3.00	30.00
3736	-1	1	Astrocyte	387	418	4.1423	M 0 -1 L 0.4 -0.3 L 1 -0.2 L 0.4 0.2 L 0.5 1 L 0 0.5 L -0.5 1 L -0.4 0.2 L -1 -0.2 L -0.4 -0.3 Z	1.3773	G1	0		35.40	2.0816	False	False	0	0.0	3.00	30.00
3737	-1	1	Astrocyte	32	301	1.3760	M 0 -1 L 0.4 -0.3 L 1 -0.2 L 0.4 0.2 L 0.5 1 L 0 0.5 L -0.5 1 L -0.4 0.2 L -1 -0.2 L -0.4 -0.3 Z	1.2376	G1	0		37.15	4.2884	False	False	0	0.0	3.00	30.00
3738	-1	1	Astrocyte	574	941	2.1354	M 0 -1 L 0.4 -0.3 L 1 -0.2 L 0.4 0.2 L 0.5 1 L 0 0.5 L -0.5 1 L -0.4 0.2 L -1 -0.2 L -0.4 -0.3 Z	0.8417	G1	0		37.04	4.0492	False	False	0	0.0	3.00	30.00
3739	-1	1	Astrocyte	636	764	0.7600	M 0 -1 L 0.4 -0.3 L 1 -0.2 L 0.4 0.2 L 0.5 1 L 0 0.5 L -0.5 1 L -0.4 0.2 L -1 -0.2 L -0.4 -0.3 Z	0.9053	G1	0		35.97	2.6562	False	False	0	0.0	3.00	30.00
3740	-1	1	Astrocyte	634	449	1.7354	M 0 -1 L 0.4 -0.3 L 1 -0.2 L 0.4 0.2 L 0.5 1 L 0 0.5 L -0.5 1 L -0.4 0.2 L -1 -0.2 L -0.4 -0.3 Z	1.1829	G1	0		36.04	2.3916	False	False	0	0.0	3.00	30.00
3741	-1	1	Astrocyte	258	62	4.8411	M 0 -1 L 0.4 -0.3 L 1 -0.2 L 0.4 0.2 L 0.5 1 L 0 0.5 L -0.5 1 L -0.4 0.2 L -1 -0.2 L -0.4 -0.3 Z	1.1004	G1	0		37.12	4.1389	False	False	0	0.0	3.00	30.00
3742	-1	1	Astrocyte	406	374	2.0646	M 0 -1 L 0.4 -0.3 L 1 -0.2 L 0.4 0.2 L 0.5 1 L 0 0.5 L -0.5 1 L -0.4 0.2 L -1 -0.2 L -0.4 -0.3 Z	0.6144	G1	0		36.97	2.5334	False	False	0	0.0	3.00	30.00
3743	-1	1	Astrocyte	162	860	0.6103	M 0 -1 L 0.4 -0.3 L 1 -0.2 L 0.4 0.2 L 0.5 1 L 0 0.5 L -0.5 1 L -0.4 0.2 L -1 -0.2 L -0.4 -0.3 Z	1.0938	G1	0		36.15	3.5085	False	False	0	0.0	3.00	30.00
3744	-1	1	Astrocyte	317	410	1.8604	M 0 -1 L 0.4 -0.3 L 1 -0.2 L 0.4 0.2 L 0.5 1 L 0 0.5 L -0.5 1 L -0.4 0.2 L -1 -0.2 L -0.4 -0.3 Z	0.8342	G1	0		35.22	2.1459	False	False	0	0.0	3.00	30.00
3745	-1	1	Astrocyte	749	577	4.1228	M 0 -1 L 0.4 -0.3 L 1 -0.2 L 0.4 0.2 L 0.5 1 L 0 0.5 L -0.5 1 L -0.4 0.2 L -1 -0.2 L -0.4 -0.3 Z	1.0335	G1	0		36.25	2.7587	False	False	0	0.0	3.00	30.00
3746	-1	1	Astrocyte	85	113	4.4063	M 0 -1 L 0.4 -0.3 L 1 -0.2 L 0.4 0.2 L 0.5 1 L 0 0.5 L -0.5 1 L -0.4 0.2 L -1 -0.2 L -0.4 -0.3 Z	1.0358	G1	0		36.81	3.9940	False	False	0	0.0	3.00	30.00
3747	-1	1	Astrocyte	688	615	0.7794	M 0 -1 L 0.4 -0.3 L 1 -0.2 L 0.4 0.2 L 0.5 1 L 0 0.5 L -0.5 1 L -0.4 0.2 L -1 -0.2 L -0.4 -0.3 Z	1.0766	G1	0		36.09	2.5571	False	False	0	0.0	3.00	30.00
3748	-1	1	Astrocyte	617	726	1.2198	M 0 -1 L 0.4 -0.3 L 1 -0.2 L 0.4 0.2 L 0.5 1 L 0 0.5 L -0.5 1 L -0.4 0.2 L -1 -0.2 L -0.4 -0.3 Z	0.8440	G1	0		36.08	2.6396	False	False	0	0.0	3.00	30.00
3749	-1	1	Astrocyte	773	858	1.0724	M 0 -1 L 0.4 -0.3 L 1 -0.2 L 0.4 0.2 L 0.5 1 L 0 0.5 L -0.5 1 L -0.4 0.2 L -1 -0.2 L -0.4 -0.3 Z	1.1101	G1	0		35.94	3.2313	False	False	0	0.0	3.00	30.00
3750	-1	1	Astrocyte	595	167	2.3553	M 0 -1 L 0.4 -0.3 L 1 -0.2 L 0.4 0.2 L 0.5 1 L 0 0.5 L -0.5 1 L -0.4 0.2 L -1 -0.2 L -0.4 -0.3 Z	1.1455	G1	0		36.31	3.0774	False	False	0	0.0	3.00	30.00
3751	-1	1	Astrocyte	923	977	5.0586	M 0 -1 L 0.4 -0.3 L 1 -0.2 L 0.4 0.2 L 0.5 1 L 0 0.5 L -0.5 1 L -0.4 0.2 L -1 -0.2 L -0.4 -0.3 Z	0.8966	G1	0		37.79	4.4782	False	False	0	0.0	3.00	30.00
3752	-1	1	Astrocyte	923	298	2.0346	M 0 -1 L 0.4 -0.3 L 1 -0.2 L 0.4 0.2 L 0.5 1 L 0 0.5 L -0.5 1 L -0.4 0.2 L -1 -0.2 L -0.4 -0.3 Z	1.0039	G1	0		36.81	3.8612	False	False	0	0.0	3.00	30.00
3753	-1	1	Astrocyte	486	754	3.3279	M 0 -1 L 0.4 -0.3 L 1 -0.2 L 0.4 0.2 L 0.5 1 L 0 0.5 L -0.5 1 L -0.4 0.2 L -1 -0.2 L -0.4 -0.3 Z	0.7823	G1	0		35.77	2.4859	False	False	0	0.0	3.00	30.00
3754	-1	1	Astrocyte	713	633	2.4631	M 0 -1 L 0.4 -0.3 L 1 -0.2 L 0.4 0.2 L 0.5 1 L 0 0.5 L -0.5 1 L -0.4 0.2 L -1 -0.2 L -0.4 -0.3 Z	1.3333	G1	0		36.14	2.6575	False	False	0	0.0	3.00	30.00
3755	-1	1	Astrocyte	897	893	3.1885	M 0 -1 L 0.4 -0.3 L 1 -0.2 L 0.4 0.2 L 0.5 1 L 0 0.5 L -0.5 1 L -0.4 0.2 L -1 -0.2 L -0.4 -0.3 Z	0.8355	G1	0		36.53	3.8562	False	False	0	0.0	3.00	30.00
3756	-1	1	Astrocyte	965	560	5.4248	M 0 -1 L 0.4 -0.3 L 1 -0.2 L 0.4 0.2 L 0.5 1 L 0 0.5 L -0.5 1 L -0.4 0.2 L -1 -0.2 L -0.4 -0.3 Z	1.3938	G1	0		36.94	4.1024	False	False	0	0.0	3.00	30.00
3757	-1	1	Astrocyte	850	129	2.4464	M 0 -1 L 0.4 -0.3 L 1 -0.2 L 0.4 0.2 L 0.5 1 L 0 0.5 L -0.5 1 L -0.4 0.2 L -1 -0.2 L -0.4 -0.3 Z	1.2487	G1	0		37.30	4.1492	False	False	0	0.0	3.00	30.00
3758	-1	1	Astrocyte	949	302	4.0425	M 0 -1 L 0.4 -0.3 L 1 -0.2 L 0.4 0.2 L 0.5 1 L 0 0.5 L -0.5 1 L -0.4 0.2 L -1 -0.2 L -0.4 -0.3 Z	0.9845	G1	0		36.73	3.9007	False	False	0	0.0	3.00	30.00
3759	-1	1	Astrocyte	630	746	3.0631	M 0 -1 L 0.4 -0.3 L 1 -0.2 L 0.4 0.2 L 0.5 1 L 0 0.5 L -0.5 1 L -0.4 0.2 L -1 -0.2 L -0.4 -0.3 Z	1.0562	G1	0		36.37	2.9062	False	False	0	0.0	3.00	30.00
3760	-1	1	Astrocyte	541	619	2.9663	M 0 -1 L 0.4 -0.3 L 1 -0.2 L 0.4 0.2 L 0.5 1 L 0 0.5 L -0.5 1 L -0.4 0.2 L -1 -0.2 L -0.4 -0.3 Z	1.0800	G1	0		36.01	2.3528	False	False	0	0.0	3.00	30.00
3761	-1	1	Astrocyte	218	769	3.8880	M 0 -1 L 0.4 -0.3 L 1 -0.2 L 0.4 0.2 L 0.5 1 L 0 0.5 L -0.5 1 L -0.4 0.2 L -1 -0.2 L -0.4 -0.3 Z	0.7339	G1	0		36.82	3.2370	False	False	0	0.0	3.00	30.00
3762	-1	1	Astrocyte	539	897	0.3008	M 0 -1 L 0.4 -0.3 L 1 -0.2 L 0.4 0.2 L 0.5 1 L 0 0.5 L -0.5 1 L -0.4 0.2 L -1 -0.2 L -0.4 -0.3 Z	1.2869	G1	0		36.73	3.6009	False	False	0	0.0	3.00	30.00
3763	-1	1	Astrocyte	245	327	5.1513	M 0 -1 L 0.4 -0.3 L 1 -0.2 L 0.4 0.2 L 0.5 1 L 0 0.5 L -0.5 1 L -0.4 0.2 L -1 -0.2 L -0.4 -0.3 Z	1.2943	G1	0		35.64	2.4696	False	False	0	0.0	3.00	30.00
3764	-1	1	Astrocyte	619	400	3.9680	M 0 -1 L 0.4 -0.3 L 1 -0.2 L 0.4 0.2 L 0.5 1 L 0 0.5 L -0.5 1 L -0.4 0.2 L -1 -0.2 L -0.4 -0.3 Z	1.1552	G1	0		34.77	1.8109	False	False	0	0.0	3.00	30.00
3765	-1	1	Astrocyte	81	133	6.1699	M 0 -1 L 0.4 -0.3 L 1 -0.2 L 0.4 0.2 L 0.5 1 L 0 0.5 L -0.5 1 L -0.4 0.2 L -1 -0.2 L -0.4 -0.3 Z	1.2092	G1	0		37.07	4.1243	False	False	0	0.0	3.00	30.00
3766	-1	1	Astrocyte	106	48	6.2618	M 0 -1 L 0.4 -0.3 L 1 -0.2 L 0.4 0.2 L 0.5 1 L 0 0.5 L -0.5 1 L -0.4 0.2 L -1 -0.2 L -0.4 -0.3 Z	1.0090	G1	0		37.13	4.3021	False	False	0	0.0	3.00	30.00
3767	-1	1	Astrocyte	103	503	4.1033	M 0 -1 L 0.4 -0.3 L 1 -0.2 L 0.4 0.2 L 0.5 1 L 0 0.5 L -0.5 1 L -0.4 0.2 L -1 -0.2 L -0.4 -0.3 Z	0.9032	G1	0		36.74	3.6141	False	False	0	0.0	3.00	30.00
3768	-1	1	Astrocyte	329	568	3.6079	M 0 -1 L 0.4 -0.3 L 1 -0.2 L 0.4 0.2 L 0.5 1 L 0 0.5 L -0.5 1 L -0.4 0.2 L -1 -0.2 L -0.4 -0.3 Z	0.7576	G1	0		35.10	2.0425	False	False	0	0.0	3.00	30.00
3769	-1	1	Astrocyte	178	26	1.4112	M 0 -1 L 0.4 -0.3 L 1 -0.2 L 0.4 0.2 L 0.5 1 L 0 0.5 L -0.5 1 L -0.4 0.2 L -1 -0.2 L -0.4 -0.3 Z	1.2244	G1	0		36.36	3.9540	False	False	0	0.0	3.00	30.00
3770	-1	1	Astrocyte	968	747	4.3277	M 0 -1 L 0.4 -0.3 L 1 -0.2 L 0.4 0.2 L 0.5 1 L 0 0.5 L -0.5 1 L -0.4 0.2 L -1 -0.2 L -0.4 -0.3 Z	0.9907	G1	0		37.02	4.1120	False	False	0	0.0	3.00	30.00
3771	-1	1	Astrocyte	671	98	5.6881	M 0 -1 L 0.4 -0.3 L 1 -0.2 L 0.4 0.2 L 0.5 1 L 0 0.5 L -0.5 1 L -0.4 0.2 L -1 -0.2 L -0.4 -0.3 Z	0.7620	G1	0		36.58	3.3765	False	False	0	0.0	3.00	30.00
3772	-1	1	Astrocyte	516	565	4.8904	M 0 -1 L 0.4 -0.3 L 1 -0.2 L 0.4 0.2 L 0.5 1 L 0 0.5 L -0.5 1 L -0.4 0.2 L -1 -0.2 L -0.4 -0.3 Z	1.0934	G1	0		35.74	2.0585	False	False	0	0.0	3.00	30.00
3773	-1	1	Astrocyte	436	184	4.1891	M 0 -1 L 0.4 -0.3 L 1 -0.2 L 0.4 0.2 L 0.5 1 L 0 0.5 L -0.5 1 L -0.4 0.2 L -1 -0.2 L -0.4 -0.3 Z	1.1148	G1	0		36.24	2.9611	False	False	0	0.0	3.00	30.00
3774	-1	1	Astrocyte	145	893	1.5389	M 0 -1 L 0.4 -0.3 L 1 -0.2 L 0.4 0.2 L 0.5 1 L 0 0.5 L -0.5 1 L -0.4 0.2 L -1 -0.2 L -0.4 -0.3 Z	0.9342	G1	0		36.52	3.6880	False	False	0	0.0	3.00	30.00
3775	-1	1	Astrocyte	734	509	3.6845	M 0 -1 L 0.4 -0.3 L 1 -0.2 L 0.4 0.2 L 0.5 1 L 0 0.5 L -0.5 1 L -0.4 0.2 L -1 -0.2 L -0.4 -0.3 Z	1.0210	G1	0		36.01	2.5736	False	False	0	0.0	3.00	30.00
3776	-1	1	Astrocyte	26	0	2.5068	M 0 -1 L 0.4 -0.3 L 1 -0.2 L 0.4 0.2 L 0.5 1 L 0 0.5 L -0.5 1 L -0.4 0.2 L -1 -0.2 L -0.4 -0.3 Z	0.7927	G1	0		36.50	4.2446	False	False	0	0.0	3.00	30.00
3777	-1	1	Astrocyte	846	251	5.3688	M 0 -1 L 0.4 -0.3 L 1 -0.2 L 0.4 0.2 L 0.5 1 L 0 0.5 L -0.5 1 L -0.4 0.2 L -1 -0.2 L -0.4 -0.3 Z	0.9344	G1	0		36.62	3.4946	False	False	0	0.0	3.00	30.00
3778	-1	1	Astrocyte	364	139	1.7600	M 0 -1 L 0.4 -0.3 L 1 -0.2 L 0.4 0.2 L 0.5 1 L 0 0.5 L -0.5 1 L -0.4 0.2 L -1 -0.2 L -0.4 -0.3 Z	0.8736	G1	0		36.35	3.2453	False	False	0	0.0	3.00	30.00
3779	-1	1	Astrocyte	107	616	2.2747	M 0 -1 L 0.4 -0.3 L 1 -0.2 L 0.4 0.2 L 0.5 1 L 0 0.5 L -0.5 1 L -0.4 0.2 L -1 -0.2 L -0.4 -0.3 Z	1.2851	G1	0		36.62	3.5077	False	False	0	0.0	3.00	30.00
3780	-1	1	Astrocyte	932	731	0.8866	M 0 -1 L 0.4 -0.3 L 1 -0.2 L 0.4 0.2 L 0.5 1 L 0 0.5 L -0.5 1 L -0.4 0.2 L -1 -0.2 L -0.4 -0.3 Z	1.0511	G1	0		36.52	3.7590	False	False	0	0.0	3.00	30.00
3781	-1	1	Astrocyte	85	287	5.6475	M 0 -1 L 0.4 -0.3 L 1 -0.2 L 0.4 0.2 L 0.5 1 L 0 0.5 L -0.5 1 L -0.4 0.2 L -1 -0.2 L -0.4 -0.3 Z	1.1471	G1	0		36.71	3.7476	False	False	0	0.0	3.00	30.00
3782	-1	1	Astrocyte	796	169	0.1307	M 0 -1 L 0.4 -0.3 L 1 -0.2 L 0.4 0.2 L 0.5 1 L 0 0.5 L -0.5 1 L -0.4 0.2 L -1 -0.2 L -0.4 -0.3 Z	1.0063	G1	0		36.65	3.5190	False	False	0	0.0	3.00	30.00
3783	-1	1	Astrocyte	628	444	2.8249	M 0 -1 L 0.4 -0.3 L 1 -0.2 L 0.4 0.2 L 0.5 1 L 0 0.5 L -0.5 1 L -0.4 0.2 L -1 -0.2 L -0.4 -0.3 Z	0.8617	G1	0		35.70	2.1594	False	False	0	0.0	3.00	30.00
3784	-1	1	Astrocyte	235	517	0.4177	M 0 -1 L 0.4 -0.3 L 1 -0.2 L 0.4 0.2 L 0.5 1 L 0 0.5 L -0.5 1 L -0.4 0.2 L -1 -0.2 L -0.4 -0.3 Z	1.0819	G1	0		36.86	2.9893	False	False	0	0.0	3.00	30.00
3785	-1	1	Astrocyte	965	983	2.1092	M 0 -1 L 0.4 -0.3 L 1 -0.2 L 0.4 0.2 L 0.5 1 L 0 0.5 L -0.5 1 L -0.4 0.2 L -1 -0.2 L -0.4 -0.3 Z	1.0912	G1	0		37.20	4.3423	False	False	0	0.0	3.00	30.00
3786	-1	1	Astrocyte	189	358	1.8207	M 0 -1 L 0.4 -0.3 L 1 -0.2 L 0.4 0.2 L 0.5 1 L 0 0.5 L -0.5 1 L -0.4 0.2 L -1 -0.2 L -0.4 -0.3 Z	0.8309	G1	0		35.92	2.9206	False	False	0	0.0	3.00	30.00
3787	-1	1	Astrocyte	432	365	2.1018	M 0 -1 L 0.4 -0.3 L 1 -0.2 L 0.4 0.2 L 0.5 1 L 0 0.5 L -0.5 1 L -0.4 0.2 L -1 -0.2 L -0.4 -0.3 Z	1.2152	G1	0		35.98	2.3617	False	False	0	0.0	3.00	30.00
3788	-1	1	Astrocyte	724	38	0.3419	M 0 -1 L 0.4 -0.3 L 1 -0.2 L 0.4 0.2 L 0.5 1 L 0 0.5 L -0.5 1 L -0.4 0.2 L -1 -0.2 L -0.4 -0.3 Z	1.0218	G1	0		37.10	4.2256	False	False	0	0.0	3.00	30.00
3789	-1	1	Astrocyte	502	956	3.5689	M 0 -1 L 0.4 -0.3 L 1 -0.2 L 0.4 0.2 L 0.5 1 L 0 0.5 L -0.5 1 L -0.4 0.2 L -1 -0.2 L -0.4 -0.3 Z	0.9835	G1	0		37.01	4.1054	False	False	0	0.0	3.00	30.00
3790	-1	1	Astrocyte	744	345	0.3037	M 0 -1 L 0.4 -0.3 L 1 -0.2 L 0.4 0.2 L 0.5 1 L 0 0.5 L -0.5 1 L -0.4 0.2 L -1 -0.2 L -0.4 -0.3 Z	0.8604	G1	0		35.15	2.2888	False	False	0	0.0	3.00	30.00
3791	-1	1	Astrocyte	401	279	4.5695	M 0 -1 L 0.4 -0.3 L 1 -0.2 L 0.4 0.2 L 0.5 1 L 0 0.5 L -0.5 1 L -0.4 0.2 L -1 -0.2 L -0.4 -0.3 Z	1.3385	G1	0		35.83	2.5554	False	False	0	0.0	3.00	30.00
3792	-1	1	Astrocyte	755	392	2.3262	M 0 -1 L 0.4 -0.3 L 1 -0.2 L 0.4 0.2 L 0.5 1 L 0 0.5 L -0.5 1 L -0.4 0.2 L -1 -0.2 L -0.4 -0.3 Z	1.2981	G1	0		36.21	2.7783	False	False	0	0.0	3.00	30.00
3793	-1	1	Astrocyte	342	44	3.1474	M 0 -1 L 0.4 -0.3 L 1 -0.2 L 0.4 0.2 L 0.5 1 L 0 0.5 L -0.5 1 L -0.4 0.2 L -1 -0.2 L -0.4 -0.3 Z	1.0172	G1	0		37.09	4.1806	False	False	0	0.0	3.00	30.00
3794	-1	1	Astrocyte	414	430	3.5413	M 0 -1 L 0.4 -0.3 L 1 -0.2 L 0.4 0.2 L 0.5 1 L 0 0.5 L -0.5 1 L -0.4 0.2 L -1 -0.2 L -0.4 -0.3 Z	1.1864	G1	0		36.00	2.3452	False	False	0	0.0	3.00	30.00
3795	-1	1	Astrocyte	797	235	0.8761	M 0 -1 L 0.4 -0.3 L 1 -0.2 L 0.4 0.2 L 0.5 1 L 0 0.5 L -0.5 1 L -0.4 0.2 L -1 -0.2 L -0.4 -0.3 Z	1.1893	G1	0		36.39	3.2077	False	False	0	0.0	3.00	30.00
3796	-1	1	Astrocyte	873	786	5.2143	M 0 -1 L 0.4 -0.3 L 1 -0.2 L 0.4 0.2 L 0.5 1 L 0 0.5 L -0.5 1 L -0.4 0.2 L -1 -0.2 L -0.4 -0.3 Z	1.1164	G1	0		36.16	3.3833	False	False	0	0.0	3.00	30.00
3797	-1	1	Astrocyte	880	852	3.0426	M 0 -1 L 0.4 -0.3 L 1 -0.2 L 0.4 0.2 L 0.5 1 L 0 0.5 L -0.5 1 L -0.4 0.2 L -1 -0.2 L -0.4 -0.3 Z	0.9316	G1	0		36.68	3.8346	False	False	0	0.0	3.00	30.00
3798	-1	1	Astrocyte	654	24	4.4343	M 0 -1 L 0.4 -0.3 L 1 -0.2 L 0.4 0.2 L 0.5 1 L 0 0.5 L -0.5 1 L -0.4 0.2 L -1 -0.2 L -0.4 -0.3 Z	1.1097	G1	0		36.82	4.0999	False	False	0	0.0	3.00	30.00
3799	-1	1	Astrocyte	574	78	4.5456	M 0 -1 L 0.4 -0.3 L 1 -0.2 L 0.4 0.2 L 0.5 1 L 0 0.5 L -0.5 1 L -0.4 0.2 L -1 -0.2 L -0.4 -0.3 Z	0.9117	G1	0		37.23	3.6875	False	False	0	0.0	3.00	30.00
3800	-1	1	Astrocyte	765	135	1.5342	M 0 -1 L 0.4 -0.3 L 1 -0.2 L 0.4 0.2 L 0.5 1 L 0 0.5 L -0.5 1 L -0.4 0.2 L -1 -0.2 L -0.4 -0.3 Z	0.7947	G1	0		36.12	3.3289	False	False	0	0.0	3.00	30.00
3801	-1	1	Astrocyte	48	510	5.4606	M 0 -1 L 0.4 -0.3 L 1 -0.2 L 0.4 0.2 L 0.5 1 L 0 0.5 L -0.5 1 L -0.4 0.2 L -1 -0.2 L -0.4 -0.3 Z	0.9737	G1	0		36.68	3.9250	False	False	0	0.0	3.00	30.00
3802	-1	1	Astrocyte	402	806	4.0590	M 0 -1 L 0.4 -0.3 L 1 -0.2 L 0.4 0.2 L 0.5 1 L 0 0.5 L -0.5 1 L -0.4 0.2 L -1 -0.2 L -0.4 -0.3 Z	1.1186	G1	0		35.59	2.6403	False	False	0	0.0	3.00	30.00
3803	-1	1	Astrocyte	256	856	6.2535	M 0 -1 L 0.4 -0.3 L 1 -0.2 L 0.4 0.2 L 0.5 1 L 0 0.5 L -0.5 1 L -0.4 0.2 L -1 -0.2 L -0.4 -0.3 Z	1.2159	G1	0		36.39	3.3315	False	False	0	0.0	3.00	30.00
3804	-1	1	Astrocyte	625	199	1.2627	M 0 -1 L 0.4 -0.3 L 1 -0.2 L 0.4 0.2 L 0.5 1 L 0 0.5 L -0.5 1 L -0.4 0.2 L -1 -0.2 L -0.4 -0.3 Z	0.8574	G1	0		36.48	3.0987	False	False	0	0.0	3.00	30.00
3805	-1	1	Astrocyte	721	860	3.0290	M 0 -1 L 0.4 -0.3 L 1 -0.2 L 0.4 0.2 L 0.5 1 L 0 0.5 L -0.5 1 L -0.4 0.2 L -1 -0.2 L -0.4 -0.3 Z	0.8828	G1	0		36.79	3.5985	False	False	0	0.0	3.00	30.00
3806	-1	1	Astrocyte	164	647	4.7178	M 0 -1 L 0.4 -0.3 L 1 -0.2 L 0.4 0.2 L 0.5 1 L 0 0.5 L -0.5 1 L -0.4 0.2 L -1 -0.2 L -0.4 -0.3 Z	1.2893	G1	0		36.35	3.1501	False	False	0	0.0	3.00	30.00
3807	-1	1	Astrocyte	928	38	1.6899	M 0 -1 L 0.4 -0.3 L 1 -0.2 L 0.4 0.2 L 0.5 1 L 0 0.5 L -0.5 1 L -0.4 0.2 L -1 -0.2 L -0.4 -0.3 Z	0.7935	G1	0		37.49	4.2867	False	False	0	0.0	3.00	30.00
3808	-1	1	Astrocyte	933	841	0.4801	M 0 -1 L 0.4 -0.3 L 1 -0.2 L 0.4 0.2 L 0.5 1 L 0 0.5 L -0.5 1 L -0.4 0.2 L -1 -0.2 L -0.4 -0.3 Z	0.9454	G1	0		36.79	3.9682	False	False	0	0.0	3.00	30.00
3809	-1	1	Astrocyte	209	338	2.0507	M 0 -1 L 0.4 -0.3 L 1 -0.2 L 0.4 0.2 L 0.5 1 L 0 0.5 L -0.5 1 L -0.4 0.2 L -1 -0.2 L -0.4 -0.3 Z	1.0010	G1	0		35.66	2.6571	False	False	0	0.0	3.00	30.00
3810	-1	1	Astrocyte	768	581	0.3854	M 0 -1 L 0.4 -0.3 L 1 -0.2 L 0.4 0.2 L 0.5 1 L 0 0.5 L -0.5 1 L -0.4 0.2 L -1 -0.2 L -0.4 -0.3 Z	0.8805	G1	0		35.30	2.3963	False	False	0	0.0	3.00	30.00
3811	-1	1	Astrocyte	119	701	3.9799	M 0 -1 L 0.4 -0.3 L 1 -0.2 L 0.4 0.2 L 0.5 1 L 0 0.5 L -0.5 1 L -0.4 0.2 L -1 -0.2 L -0.4 -0.3 Z	1.0978	G1	0		37.09	3.8517	False	False	0	0.0	3.00	30.00
3812	-1	1	Astrocyte	683	841	4.9883	M 0 -1 L 0.4 -0.3 L 1 -0.2 L 0.4 0.2 L 0.5 1 L 0 0.5 L -0.5 1 L -0.4 0.2 L -1 -0.2 L -0.4 -0.3 Z	1.1129	G1	0		36.85	3.4132	False	False	0	0.0	3.00	30.00
3813	-1	1	Astrocyte	625	520	0.4198	M 0 -1 L 0.4 -0.3 L 1 -0.2 L 0.4 0.2 L 0.5 1 L 0 0.5 L -0.5 1 L -0.4 0.2 L -1 -0.2 L -0.4 -0.3 Z	0.8297	G1	0		35.93	2.1885	False	False	0	0.0	3.00	30.00
3814	-1	1	Astrocyte	966	99	4.4393	M 0 -1 L 0.4 -0.3 L 1 -0.2 L 0.4 0.2 L 0.5 1 L 0 0.5 L -0.5 1 L -0.4 0.2 L -1 -0.2 L -0.4 -0.3 Z	0.8957	G1	0		37.36	4.4382	False	False	0	0.0	3.00	30.00
3815	-1	1	Astrocyte	707	619	1.5359	M 0 -1 L 0.4 -0.3 L 1 -0.2 L 0.4 0.2 L 0.5 1 L 0 0.5 L -0.5 1 L -0.4 0.2 L -1 -0.2 L -0.4 -0.3 Z	1.0712	G1	0		36.05	2.6620	False	False	0	0.0	3.00	30.00
3816	-1	1	Astrocyte	562	598	1.6728	M 0 -1 L 0.4 -0.3 L 1 -0.2 L 0.4 0.2 L 0.5 1 L 0 0.5 L -0.5 1 L -0.4 0.2 L -1 -0.2 L -0.4 -0.3 Z	0.9455	G1	0		35.66	2.1061	False	False	0	0.0	3.00	30.00
3817	-1	1	Astrocyte	594	42	1.7029	M 0 -1 L 0.4 -0.3 L 1 -0.2 L 0.4 0.2 L 0.5 1 L 0 0.5 L -0.5 1 L -0.4 0.2 L -1 -0.2 L -0.4 -0.3 Z	1.0717	G1	0		36.20	3.7114	False	False	0	0.0	3.00	30.00
3818	-1	1	Astrocyte	906	334	3.8072	M 0 -1 L 0.4 -0.3 L 1 -0.2 L 0.4 0.2 L 0.5 1 L 0 0.5 L -0.5 1 L -0.4 0.2 L -1 -0.2 L -0.4 -0.3 Z	0.7572	G1	0		36.04	3.3118	False	False	0	0.0	3.00	30.00
3819	-1	1	Astrocyte	795	398	1.4113	M 0 -1 L 0.4 -0.3 L 1 -0.2 L 0.4 0.2 L 0.5 1 L 0 0.5 L -0.5 1 L -0.4 0.2 L -1 -0.2 L -0.4 -0.3 Z	0.9543	G1	0		34.21	1.9089	False	False	0	0.0	3.00	30.00
3820	-1	1	Astrocyte	256	357	3.1885	M 0 -1 L 0.4 -0.3 L 1 -0.2 L 0.4 0.2 L 0.5 1 L 0 0.5 L -0.5 1 L -0.4 0.2 L -1 -0.2 L -0.4 -0.3 Z	1.0048	G1	0		35.98	2.6708	False	False	0	0.0	3.00	30.00
3821	-1	1	Astrocyte	116	949	2.4067	M 0 -1 L 0.4 -0.3 L 1 -0.2 L 0.4 0.2 L 0.5 1 L 0 0.5 L -0.5 1 L -0.4 0.2 L -1 -0.2 L -0.4 -0.3 Z	0.8925	G1	0		37.24	4.3523	False	False	0	0.0	3.00	30.00
3822	-1	1	Astrocyte	100	930	1.7681	M 0 -1 L 0.4 -0.3 L 1 -0.2 L 0.4 0.2 L 0.5 1 L 0 0.5 L -0.5 1 L -0.4 0.2 L -1 -0.2 L -0.4 -0.3 Z	0.8320	G1	0		36.81	4.1660	False	False	0	0.0	3.00	30.00
3823	-1	1	Astrocyte	189	899	5.6938	M 0 -1 L 0.4 -0.3 L 1 -0.2 L 0.4 0.2 L 0.5 1 L 0 0.5 L -0.5 1 L -0.4 0.2 L -1 -0.2 L -0.4 -0.3 Z	1.2226	G1	0		36.04	3.5211	False	False	0	0.0	3.00	30.00
3824	-1	1	Astrocyte	301	604	0.3342	M 0 -1 L 0.4 -0.3 L 1 -0.2 L 0.4 0.2 L 0.5 1 L 0 0.5 L -0.5 1 L -0.4 0.2 L -1 -0.2 L -0.4 -0.3 Z	0.8602	G1	0		36.11	2.6111	False	False	0	0.0	3.00	30.00
3825	-1	1	Astrocyte	134	166	4.2421	M 0 -1 L 0.4 -0.3 L 1 -0.2 L 0.4 0.2 L 0.5 1 L 0 0.5 L -0.5 1 L -0.4 0.2 L -1 -0.2 L -0.4 -0.3 Z	1.2480	G1	0		36.40	3.5589	False	False	0	0.0	3.00	30.00
3826	-1	1	Astrocyte	775	96	3.8927	M 0 -1 L 0.4 -0.3 L 1 -0.2 L 0.4 0.2 L 0.5 1 L 0 0.5 L -0.5 1 L -0.4 0.2 L -1 -0.2 L -0.4 -0.3 Z	1.1754	G1	0		36.57	3.6554	False	False	0	0.0	3.00	30.00
3827	-1	1	Astrocyte	815	344	5.9225	M 0 -1 L 0.4 -0.3 L 1 -0.2 L 0.4 0.2 L 0.5 1 L 0 0.5 L -0.5 1 L -0.4 0.2 L -1 -0.2 L -0.4 -0.3 Z	1.4463	G1	0		35.64	2.6078	False	False	0	0.0	3.00	30.00
3828	-1	1	Astrocyte	535	604	0.2326	M 0 -1 L 0.4 -0.3 L 1 -0.2 L 0.4 0.2 L 0.5 1 L 0 0.5 L -0.5 1 L -0.4 0.2 L -1 -0.2 L -0.4 -0.3 Z	0.8383	G1	0		35.68	2.1138	False	False	0	0.0	3.00	30.00
3829	-1	1	Astrocyte	250	559	3.6671	M 0 -1 L 0.4 -0.3 L 1 -0.2 L 0.4 0.2 L 0.5 1 L 0 0.5 L -0.5 1 L -0.4 0.2 L -1 -0.2 L -0.4 -0.3 Z	1.1414	G1	0		36.62	3.0189	False	False	0	0.0	3.00	30.00
3830	-1	1	Astrocyte	934	553	5.1937	M 0 -1 L 0.4 -0.3 L 1 -0.2 L 0.4 0.2 L 0.5 1 L 0 0.5 L -0.5 1 L -0.4 0.2 L -1 -0.2 L -0.4 -0.3 Z	1.1812	G1	0		36.49	3.6324	False	False	0	0.0	3.00	30.00
3831	-1	1	Astrocyte	242	832	5.0226	M 0 -1 L 0.4 -0.3 L 1 -0.2 L 0.4 0.2 L 0.5 1 L 0 0.5 L -0.5 1 L -0.4 0.2 L -1 -0.2 L -0.4 -0.3 Z	1.0534	G1	0		36.91	3.4647	False	False	0	0.0	3.00	30.00
3832	-1	1	Astrocyte	807	62	1.8708	M 0 -1 L 0.4 -0.3 L 1 -0.2 L 0.4 0.2 L 0.5 1 L 0 0.5 L -0.5 1 L -0.4 0.2 L -1 -0.2 L -0.4 -0.3 Z	0.9816	G1	0		36.96	4.0668	False	False	0	0.0	3.00	30.00
3833	-1	1	Astrocyte	209	485	1.3230	M 0 -1 L 0.4 -0.3 L 1 -0.2 L 0.4 0.2 L 0.5 1 L 0 0.5 L -0.5 1 L -0.4 0.2 L -1 -0.2 L -0.4 -0.3 Z	0.9671	G1	0		36.31	2.9257	False	False	0	0.0	3.00	30.00
3834	-1	1	Astrocyte	365	262	0.4447	M 0 -1 L 0.4 -0.3 L 1 -0.2 L 0.4 0.2 L 0.5 1 L 0 0.5 L -0.5 1 L -0.4 0.2 L -1 -0.2 L -0.4 -0.3 Z	1.3641	G1	0		35.32	2.3123	False	False	0	0.0	3.00	30.00
3835	-1	1	Astrocyte	776	470	2.6135	M 0 -1 L 0.4 -0.3 L 1 -0.2 L 0.4 0.2 L 0.5 1 L 0 0.5 L -0.5 1 L -0.4 0.2 L -1 -0.2 L -0.4 -0.3 Z	0.7705	G1	0		35.97	2.6573	False	False	0	0.0	3.00	30.00
3836	-1	1	Astrocyte	570	719	1.4057	M 0 -1 L 0.4 -0.3 L 1 -0.2 L 0.4 0.2 L 0.5 1 L 0 0.5 L -0.5 1 L -0.4 0.2 L -1 -0.2 L -0.4 -0.3 Z	1.1632	G1	0		35.99	2.6208	False	False	0	0.0	3.00	30.00
3837	-1	1	Astrocyte	71	542	1.9424	M 0 -1 L 0.4 -0.3 L 1 -0.2 L 0.4 0.2 L 0.5 1 L 0 0.5 L -0.5 1 L -0.4 0.2 L -1 -0.2 L -0.4 -0.3 Z	0.7795	G1	0		37.39	3.8726	False	False	0	0.0	3.00	30.00
3838	-1	1	Astrocyte	741	924	3.1094	M 0 -1 L 0.4 -0.3 L 1 -0.2 L 0.4 0.2 L 0.5 1 L 0 0.5 L -0.5 1 L -0.4 0.2 L -1 -0.2 L -0.4 -0.3 Z	1.0966	G1	0		36.92	3.9572	False	False	0	0.0	3.00	30.00
3839	-1	1	Astrocyte	931	604	3.5904	M 0 -1 L 0.4 -0.3 L 1 -0.2 L 0.4 0.2 L 0.5 1 L 0 0.5 L -0.5 1 L -0.4 0.2 L -1 -0.2 L -0.4 -0.3 Z	1.2941	G1	0		36.79	3.8297	False	False	0	0.0	3.00	30.00
3840	-1	1	Astrocyte	974	407	2.2793	M 0 -1 L 0.4 -0.3 L 1 -0.2 L 0.4 0.2 L 0.5 1 L 0 0.5 L -0.5 1 L -0.4 0.2 L -1 -0.2 L -0.4 -0.3 Z	1.1958	G1	0		37.88	4.4354	False	False	0	0.0	3.00	30.00
3841	-1	1	Astrocyte	898	543	1.6359	M 0 -1 L 0.4 -0.3 L 1 -0.2 L 0.4 0.2 L 0.5 1 L 0 0.5 L -0.5 1 L -0.4 0.2 L -1 -0.2 L -0.4 -0.3 Z	1.1219	G1	0		36.68	3.5781	False	False	0	0.0	3.00	30.00
3842	-1	1	Astrocyte	731	85	6.1485	M 0 -1 L 0.4 -0.3 L 1 -0.2 L 0.4 0.2 L 0.5 1 L 0 0.5 L -0.5 1 L -0.4 0.2 L -1 -0.2 L -0.4 -0.3 Z	1.1255	G1	0		36.94	3.9046	False	False	0	0.0	3.00	30.00
3843	-1	1	Astrocyte	90	565	3.0721	M 0 -1 L 0.4 -0.3 L 1 -0.2 L 0.4 0.2 L 0.5 1 L 0 0.5 L -0.5 1 L -0.4 0.2 L -1 -0.2 L -0.4 -0.3 Z	1.0766	G1	0		36.84	3.7559	False	False	0	0.0	3.00	30.00
3844	-1	1	Astrocyte	196	848	1.8461	M 0 -1 L 0.4 -0.3 L 1 -0.2 L 0.4 0.2 L 0.5 1 L 0 0.5 L -0.5 1 L -0.4 0.2 L -1 -0.2 L -0.4 -0.3 Z	1.1956	G1	0		36.17	3.2519	False	False	0	0.0	3.00	30.00
3845	-1	1	Astrocyte	33	459	6.0347	M 0 -1 L 0.4 -0.3 L 1 -0.2 L 0.4 0.2 L 0.5 1 L 0 0.5 L -0.5 1 L -0.4 0.2 L -1 -0.2 L -0.4 -0.3 Z	1.0649	G1	0		37.11	4.2329	False	False	0	0.0	3.00	30.00
3846	-1	1	Astrocyte	831	180	6.2459	M 0 -1 L 0.4 -0.3 L 1 -0.2 L 0.4 0.2 L 0.5 1 L 0 0.5 L -0.5 1 L -0.4 0.2 L -1 -0.2 L -0.4 -0.3 Z	1.0472	G1	0		37.45	3.8700	False	False	0	0.0	3.00	30.00
3847	-1	1	Astrocyte	297	214	2.8123	M 0 -1 L 0.4 -0.3 L 1 -0.2 L 0.4 0.2 L 0.5 1 L 0 0.5 L -0.5 1 L -0.4 0.2 L -1 -0.2 L -0.4 -0.3 Z	1.2174	G1	0		36.22	2.9045	False	False	0	0.0	3.00	30.00
3848	-1	1	Astrocyte	68	49	4.9689	M 0 -1 L 0.4 -0.3 L 1 -0.2 L 0.4 0.2 L 0.5 1 L 0 0.5 L -0.5 1 L -0.4 0.2 L -1 -0.2 L -0.4 -0.3 Z	1.0073	G1	0		37.57	4.4559	False	False	0	0.0	3.00	30.00
3849	-1	1	Astrocyte	603	173	6.2660	M 0 -1 L 0.4 -0.3 L 1 -0.2 L 0.4 0.2 L 0.5 1 L 0 0.5 L -0.5 1 L -0.4 0.2 L -1 -0.2 L -0.4 -0.3 Z	1.2198	G1	0		36.44	3.1457	False	False	0	0.0	3.00	30.00
3850	-1	1	Astrocyte	561	922	0.2786	M 0 -1 L 0.4 -0.3 L 1 -0.2 L 0.4 0.2 L 0.5 1 L 0 0.5 L -0.5 1 L -0.4 0.2 L -1 -0.2 L -0.4 -0.3 Z	1.0444	G1	0		36.56	3.6211	False	False	0	0.0	3.00	30.00
3851	-1	1	Astrocyte	582	614	3.0915	M 0 -1 L 0.4 -0.3 L 1 -0.2 L 0.4 0.2 L 0.5 1 L 0 0.5 L -0.5 1 L -0.4 0.2 L -1 -0.2 L -0.4 -0.3 Z	0.9179	G1	0		35.86	2.2890	False	False	0	0.0	3.00	30.00
3852	-1	1	Astrocyte	370	499	4.2861	M 0 -1 L 0.4 -0.3 L 1 -0.2 L 0.4 0.2 L 0.5 1 L 0 0.5 L -0.5 1 L -0.4 0.2 L -1 -0.2 L -0.4 -0.3 Z	0.8485	G1	0		36.19	2.3684	False	False	0	0.0	3.00	30.00
3853	-1	1	Astrocyte	476	111	4.3844	M 0 -1 L 0.4 -0.3 L 1 -0.2 L 0.4 0.2 L 0.5 1 L 0 0.5 L -0.5 1 L -0.4 0.2 L -1 -0.2 L -0.4 -0.3 Z	1.2695	G1	0		36.71	3.5794	False	False	0	0.0	3.00	30.00
3854	-1	1	Astrocyte	436	757	3.0359	M 0 -1 L 0.4 -0.3 L 1 -0.2 L 0.4 0.2 L 0.5 1 L 0 0.5 L -0.5 1 L -0.4 0.2 L -1 -0.2 L -0.4 -0.3 Z	0.8674	G1	0		33.94	1.6130	False	False	0	0.0	3.00	30.00
3855	-1	1	Astrocyte	921	898	3.1271	M 0 -1 L 0.4 -0.3 L 1 -0.2 L 0.4 0.2 L 0.5 1 L 0 0.5 L -0.5 1 L -0.4 0.2 L -1 -0.2 L -0.4 -0.3 Z	1.0576	G1	0		37.19	4.2689	False	False	0	0.0	3.00	30.00
3856	-1	1	Astrocyte	14	870	0.4147	M 0 -1 L 0.4 -0.3 L 1 -0.2 L 0.4 0.2 L 0.5 1 L 0 0.5 L -0.5 1 L -0.4 0.2 L -1 -0.2 L -0.4 -0.3 Z	0.9879	G1	0		37.43	4.5922	False	False	0	0.0	3.00	30.00
3857	-1	1	Astrocyte	620	450	0.1681	M 0 -1 L 0.4 -0.3 L 1 -0.2 L 0.4 0.2 L 0.5 1 L 0 0.5 L -0.5 1 L -0.4 0.2 L -1 -0.2 L -0.4 -0.3 Z	1.1028	G1	0		36.02	2.3544	False	False	0	0.0	3.00	30.00
3858	-1	1	Astrocyte	542	354	1.8079	M 0 -1 L 0.4 -0.3 L 1 -0.2 L 0.4 0.2 L 0.5 1 L 0 0.5 L -0.5 1 L -0.4 0.2 L -1 -0.2 L -0.4 -0.3 Z	0.8707	G1	0		36.31	2.3238	False	False	0	0.0	3.00	30.00
3859	-1	1	Astrocyte	195	222	3.3267	M 0 -1 L 0.4 -0.3 L 1 -0.2 L 0.4 0.2 L 0.5 1 L 0 0.5 L -0.5 1 L -0.4 0.2 L -1 -0.2 L -0.4 -0.3 Z	0.8974	G1	0		36.42	3.2209	False	False	0	0.0	3.00	30.00
3860	-1	1	Astrocyte	806	520	0.1444	M 0 -1 L 0.4 -0.3 L 1 -0.2 L 0.4 0.2 L 0.5 1 L 0 0.5 L -0.5 1 L -0.4 0.2 L -1 -0.2 L -0.4 -0.3 Z	0.9260	G1	0		37.06	3.1810	False	False	0	0.0	3.00	30.00
3861	-1	1	Astrocyte	751	355	4.0117	M 0 -1 L 0.4 -0.3 L 1 -0.2 L 0.4 0.2 L 0.5 1 L 0 0.5 L -0.5 1 L -0.4 0.2 L -1 -0.2 L -0.4 -0.3 Z	0.8626	G1	0		35.80	2.6319	False	False	0	0.0	3.00	30.00
3862	-1	1	Astrocyte	247	168	6.2272	M 0 -1 L 0.4 -0.3 L 1 -0.2 L 0.4 0.2 L 0.5 1 L 0 0.5 L -0.5 1 L -0.4 0.2 L -1 -0.2 L -0.4 -0.3 Z	1.2056	G1	0		36.01	3.0615	False	False	0	0.0	3.00	30.00
3863	-1	1	Astrocyte	999	850	4.2016	M 0 -1 L 0.4 -0.3 L 1 -0.2 L 0.4 0.2 L 0.5 1 L 0 0.5 L -0.5 1 L -0.4 0.2 L -1 -0.2 L -0.4 -0.3 Z	1.0557	G1	0		37.98	4.9641	False	False	0	0.0	3.00	30.00
3864	-1	1	Astrocyte	591	887	4.7105	M 0 -1 L 0.4 -0.3 L 1 -0.2 L 0.4 0.2 L 0.5 1 L 0 0.5 L -0.5 1 L -0.4 0.2 L -1 -0.2 L -0.4 -0.3 Z	0.7945	G1	0		35.93	3.2027	False	False	0	0.0	3.00	30.00
3865	-1	1	Astrocyte	335	60	3.9072	M 0 -1 L 0.4 -0.3 L 1 -0.2 L 0.4 0.2 L 0.5 1 L 0 0.5 L -0.5 1 L -0.4 0.2 L -1 -0.2 L -0.4 -0.3 Z	1.0934	G1	0		37.14	4.1268	False	False	0	0.0	3.00	30.00
3866	-1	1	Astrocyte	169	211	4.1859	M 0 -1 L 0.4 -0.3 L 1 -0.2 L 0.4 0.2 L 0.5 1 L 0 0.5 L -0.5 1 L -0.4 0.2 L -1 -0.2 L -0.4 -0.3 Z	1.1654	G1	0		36.34	3.4267	False	False	0	0.0	3.00	30.00
3867	-1	1	Astrocyte	425	754	5.8377	M 0 -1 L 0.4 -0.3 L 1 -0.2 L 0.4 0.2 L 0.5 1 L 0 0.5 L -0.5 1 L -0.4 0.2 L -1 -0.2 L -0.4 -0.3 Z	1.1511	G1	0		35.64	2.4244	False	False	0	0.0	3.00	30.00
3868	-1	1	Astrocyte	927	842	4.1241	M 0 -1 L 0.4 -0.3 L 1 -0.2 L 0.4 0.2 L 0.5 1 L 0 0.5 L -0.5 1 L -0.4 0.2 L -1 -0.2 L -0.4 -0.3 Z	0.6652	G1	0		36.89	4.0155	False	False	0	0.0	3.00	30.00
3869	-1	1	Astrocyte	866	489	4.3282	M 0 -1 L 0.4 -0.3 L 1 -0.2 L 0.4 0.2 L 0.5 1 L 0 0.5 L -0.5 1 L -0.4 0.2 L -1 -0.2 L -0.4 -0.3 Z	0.8208	G1	0		36.10	3.1188	False	False	0	0.0	3.00	30.00
3870	-1	1	Astrocyte	745	880	1.6638	M 0 -1 L 0.4 -0.3 L 1 -0.2 L 0.4 0.2 L 0.5 1 L 0 0.5 L -0.5 1 L -0.4 0.2 L -1 -0.2 L -0.4 -0.3 Z	0.9601	G1	0		36.94	3.7847	False	False	0	0.0	3.00	30.00
3871	-1	1	Astrocyte	296	453	1.6820	M 0 -1 L 0.4 -0.3 L 1 -0.2 L 0.4 0.2 L 0.5 1 L 0 0.5 L -0.5 1 L -0.4 0.2 L -1 -0.2 L -0.4 -0.3 Z	0.8327	G1	0		35.49	2.2367	False	False	0	0.0	3.00	30.00
3872	-1	1	Astrocyte	166	607	4.7721	M 0 -1 L 0.4 -0.3 L 1 -0.2 L 0.4 0.2 L 0.5 1 L 0 0.5 L -0.5 1 L -0.4 0.2 L -1 -0.2 L -0.4 -0.3 Z	1.1763	G1	0		35.77	2.7362	False	False	0	0.0	3.00	30.00
3873	-1	1	Astrocyte	899	285	0.5552	M 0 -1 L 0.4 -0.3 L 1 -0.2 L 0.4 0.2 L 0.5 1 L 0 0.5 L -0.5 1 L -0.4 0.2 L -1 -0.2 L -0.4 -0.3 Z	0.7077	G1	0		36.37	3.4462	False	False	0	0.0	3.00	30.00
3874	-1	1	Astrocyte	555	473	5.6989	M 0 -1 L 0.4 -0.3 L 1 -0.2 L 0.4 0.2 L 0.5 1 L 0 0.5 L -0.5 1 L -0.4 0.2 L -1 -0.2 L -0.4 -0.3 Z	0.9994	G1	0		35.87	2.1980	False	False	0	0.0	3.00	30.00
3875	-1	1	Astrocyte	124	221	0.4905	M 0 -1 L 0.4 -0.3 L 1 -0.2 L 0.4 0.2 L 0.5 1 L 0 0.5 L -0.5 1 L -0.4 0.2 L -1 -0.2 L -0.4 -0.3 Z	1.1032	G1	0		37.11	3.7708	False	False	0	0.0	3.00	30.00
3876	-1	1	Astrocyte	783	528	5.5914	M 0 -1 L 0.4 -0.3 L 1 -0.2 L 0.4 0.2 L 0.5 1 L 0 0.5 L -0.5 1 L -0.4 0.2 L -1 -0.2 L -0.4 -0.3 Z	1.0234	G1	0		36.87	3.0375	False	False	0	0.0	3.00	30.00
3877	-1	1	Astrocyte	356	692	3.6118	M 0 -1 L 0.4 -0.3 L 1 -0.2 L 0.4 0.2 L 0.5 1 L 0 0.5 L -0.5 1 L -0.4 0.2 L -1 -0.2 L -0.4 -0.3 Z	0.8487	G1	0		36.01	2.5432	False	False	0	0.0	3.00	30.00
3878	-1	1	Astrocyte	327	166	4.2688	M 0 -1 L 0.4 -0.3 L 1 -0.2 L 0.4 0.2 L 0.5 1 L 0 0.5 L -0.5 1 L -0.4 0.2 L -1 -0.2 L -0.4 -0.3 Z	0.9719	G1	0		36.45	3.2335	False	False	0	0.0	3.00	30.00
3879	-1	1	Astrocyte	70	465	1.0138	M 0 -1 L 0.4 -0.3 L 1 -0.2 L 0.4 0.2 L 0.5 1 L 0 0.5 L -0.5 1 L -0.4 0.2 L -1 -0.2 L -0.4 -0.3 Z	0.7861	G1	0		37.58	3.9406	False	False	0	0.0	3.00	30.00
3880	-1	1	Astrocyte	999	945	1.2631	M 0 -1 L 0.4 -0.3 L 1 -0.2 L 0.4 0.2 L 0.5 1 L 0 0.5 L -0.5 1 L -0.4 0.2 L -1 -0.2 L -0.4 -0.3 Z	0.8401	G1	0		37.99	4.9843	False	False	0	0.0	3.00	30.00
3881	-1	1	Astrocyte	179	332	1.1045	M 0 -1 L 0.4 -0.3 L 1 -0.2 L 0.4 0.2 L 0.5 1 L 0 0.5 L -0.5 1 L -0.4 0.2 L -1 -0.2 L -0.4 -0.3 Z	0.8952	G1	0		36.35	3.2214	False	False	0	0.0	3.00	30.00
3882	-1	1	Astrocyte	566	642	5.8029	M 0 -1 L 0.4 -0.3 L 1 -0.2 L 0.4 0.2 L 0.5 1 L 0 0.5 L -0.5 1 L -0.4 0.2 L -1 -0.2 L -0.4 -0.3 Z	0.8108	G1	0		36.33	2.3165	False	False	0	0.0	3.00	30.00
3883	-1	1	Astrocyte	992	934	0.7801	M 0 -1 L 0.4 -0.3 L 1 -0.2 L 0.4 0.2 L 0.5 1 L 0 0.5 L -0.5 1 L -0.4 0.2 L -1 -0.2 L -0.4 -0.3 Z	1.0209	G1	0		37.99	4.9851	False	False	0	0.0	3.00	30.00
3884	-1	1	Astrocyte	282	784	2.2882	M 0 -1 L 0.4 -0.3 L 1 -0.2 L 0.4 0.2 L 0.5 1 L 0 0.5 L -0.5 1 L -0.4 0.2 L -1 -0.2 L -0.4 -0.3 Z	0.7204	G1	0		36.08	2.8870	False	False	0	0.0	3.00	30.00
3885	-1	1	Astrocyte	494	598	4.9957	M 0 -1 L 0.4 -0.3 L 1 -0.2 L 0.4 0.2 L 0.5 1 L 0 0.5 L -0.5 1 L -0.4 0.2 L -1 -0.2 L -0.4 -0.3 Z	1.1229	G1	0		35.78	2.1989	False	False	0	0.0	3.00	30.00
3886	-1	1	Astrocyte	898	690	0.5600	M 0 -1 L 0.4 -0.3 L 1 -0.2 L 0.4 0.2 L 0.5 1 L 0 0.5 L -0.5 1 L -0.4 0.2 L -1 -0.2 L -0.4 -0.3 Z	1.0549	G1	0		36.94	3.8008	False	False	0	0.0	3.00	30.00
3887	-1	1	Astrocyte	644	946	0.2490	M 0 -1 L 0.4 -0.3 L 1 -0.2 L 0.4 0.2 L 0.5 1 L 0 0.5 L -0.5 1 L -0.4 0.2 L -1 -0.2 L -0.4 -0.3 Z	1.0014	G1	0		36.47	3.7542	False	False	0	0.0	3.00	30.00
3888	-1	1	Astrocyte	147	621	4.9495	M 0 -1 L 0.4 -0.3 L 1 -0.2 L 0.4 0.2 L 0.5 1 L 0 0.5 L -0.5 1 L -0.4 0.2 L -1 -0.2 L -0.4 -0.3 Z	1.1843	G1	0		35.98	2.9523	False	False	0	0.0	3.00	30.00
3889	-1	1	Astrocyte	206	669	6.2599	M 0 -1 L 0.4 -0.3 L 1 -0.2 L 0.4 0.2 L 0.5 1 L 0 0.5 L -0.5 1 L -0.4 0.2 L -1 -0.2 L -0.4 -0.3 Z	0.9372	G1	0		36.73	3.0660	False	False	0	0.0	3.00	30.00
3890	-1	1	Astrocyte	330	822	2.2920	M 0 -1 L 0.4 -0.3 L 1 -0.2 L 0.4 0.2 L 0.5 1 L 0 0.5 L -0.5 1 L -0.4 0.2 L -1 -0.2 L -0.4 -0.3 Z	0.8010	G1	0		37.45	3.4675	False	False	0	0.0	3.00	30.00
3891	-1	1	Astrocyte	492	203	3.8889	M 0 -1 L 0.4 -0.3 L 1 -0.2 L 0.4 0.2 L 0.5 1 L 0 0.5 L -0.5 1 L -0.4 0.2 L -1 -0.2 L -0.4 -0.3 Z	1.1469	G1	0		36.57	3.0483	False	False	0	0.0	3.00	30.00
3892	-1	1	Astrocyte	62	180	1.5123	M 0 -1 L 0.4 -0.3 L 1 -0.2 L 0.4 0.2 L 0.5 1 L 0 0.5 L -0.5 1 L -0.4 0.2 L -1 -0.2 L -0.4 -0.3 Z	0.8206	G1	0		36.98	4.0965	False	False	0	0.0	3.00	30.00
3893	-1	1	Astrocyte	0	764	4.9793	M 0 -1 L 0.4 -0.3 L 1 -0.2 L 0.4 0.2 L 0.5 1 L 0 0.5 L -0.5 1 L -0.4 0.2 L -1 -0.2 L -0.4 -0.3 Z	0.6873	G1	0		37.98	4.9600	False	False	0	0.0	3.00	30.00
3894	-1	1	Astrocyte	31	947	3.9584	M 0 -1 L 0.4 -0.3 L 1 -0.2 L 0.4 0.2 L 0.5 1 L 0 0.5 L -0.5 1 L -0.4 0.2 L -1 -0.2 L -0.4 -0.3 Z	1.0067	G1	0		37.44	4.4473	False	False	0	0.0	3.00	30.00
3895	-1	1	Astrocyte	470	39	0.7447	M 0 -1 L 0.4 -0.3 L 1 -0.2 L 0.4 0.2 L 0.5 1 L 0 0.5 L -0.5 1 L -0.4 0.2 L -1 -0.2 L -0.4 -0.3 Z	0.7230	G1	0		36.94	4.1323	False	False	0	0.0	3.00	30.00
3896	-1	1	Astrocyte	575	370	5.5120	M 0 -1 L 0.4 -0.3 L 1 -0.2 L 0.4 0.2 L 0.5 1 L 0 0.5 L -0.5 1 L -0.4 0.2 L -1 -0.2 L -0.4 -0.3 Z	0.9629	G1	0		36.60	2.3278	False	False	0	0.0	3.00	30.00
3897	-1	1	Astrocyte	945	803	0.6598	M 0 -1 L 0.4 -0.3 L 1 -0.2 L 0.4 0.2 L 0.5 1 L 0 0.5 L -0.5 1 L -0.4 0.2 L -1 -0.2 L -0.4 -0.3 Z	0.9836	G1	0		36.85	4.0172	False	False	0	0.0	3.00	30.00
3898	-1	1	Astrocyte	640	88	1.8488	M 0 -1 L 0.4 -0.3 L 1 -0.2 L 0.4 0.2 L 0.5 1 L 0 0.5 L -0.5 1 L -0.4 0.2 L -1 -0.2 L -0.4 -0.3 Z	0.8685	G1	0		36.72	3.7203	False	False	0	0.0	3.00	30.00
3899	-1	1	Astrocyte	802	690	3.0450	M 0 -1 L 0.4 -0.3 L 1 -0.2 L 0.4 0.2 L 0.5 1 L 0 0.5 L -0.5 1 L -0.4 0.2 L -1 -0.2 L -0.4 -0.3 Z	1.3477	G1	0		36.84	3.4132	False	False	0	0.0	3.00	30.00
3900	-1	1	Astrocyte	638	28	3.1629	M 0 -1 L 0.4 -0.3 L 1 -0.2 L 0.4 0.2 L 0.5 1 L 0 0.5 L -0.5 1 L -0.4 0.2 L -1 -0.2 L -0.4 -0.3 Z	1.2202	G1	0		37.37	4.4449	False	False	0	0.0	3.00	30.00
3901	-1	1	Astrocyte	870	85	2.3411	M 0 -1 L 0.4 -0.3 L 1 -0.2 L 0.4 0.2 L 0.5 1 L 0 0.5 L -0.5 1 L -0.4 0.2 L -1 -0.2 L -0.4 -0.3 Z	1.0234	G1	0		35.69	3.4686	False	False	0	0.0	3.00	30.00
3902	-1	1	Astrocyte	726	301	5.9190	M 0 -1 L 0.4 -0.3 L 1 -0.2 L 0.4 0.2 L 0.5 1 L 0 0.5 L -0.5 1 L -0.4 0.2 L -1 -0.2 L -0.4 -0.3 Z	1.0455	G1	0		35.36	2.4266	False	False	0	0.0	3.00	30.00
3903	-1	1	Astrocyte	244	915	5.8088	M 0 -1 L 0.4 -0.3 L 1 -0.2 L 0.4 0.2 L 0.5 1 L 0 0.5 L -0.5 1 L -0.4 0.2 L -1 -0.2 L -0.4 -0.3 Z	1.2158	G1	0		36.56	3.6651	False	False	0	0.0	3.00	30.00
3904	-1	1	Astrocyte	437	264	1.8270	M 0 -1 L 0.4 -0.3 L 1 -0.2 L 0.4 0.2 L 0.5 1 L 0 0.5 L -0.5 1 L -0.4 0.2 L -1 -0.2 L -0.4 -0.3 Z	1.1535	G1	0		35.89	2.4995	False	False	0	0.0	3.00	30.00
3905	-1	1	Astrocyte	835	158	4.4049	M 0 -1 L 0.4 -0.3 L 1 -0.2 L 0.4 0.2 L 0.5 1 L 0 0.5 L -0.5 1 L -0.4 0.2 L -1 -0.2 L -0.4 -0.3 Z	1.0157	G1	0		36.99	3.8536	False	False	0	0.0	3.00	30.00
3906	-1	1	Astrocyte	747	450	4.6738	M 0 -1 L 0.4 -0.3 L 1 -0.2 L 0.4 0.2 L 0.5 1 L 0 0.5 L -0.5 1 L -0.4 0.2 L -1 -0.2 L -0.4 -0.3 Z	1.0506	G1	0		35.85	2.5308	False	False	0	0.0	3.00	30.00
3907	-1	1	Astrocyte	57	0	0.5642	M 0 -1 L 0.4 -0.3 L 1 -0.2 L 0.4 0.2 L 0.5 1 L 0 0.5 L -0.5 1 L -0.4 0.2 L -1 -0.2 L -0.4 -0.3 Z	1.0410	G1	0		37.77	4.8364	False	False	0	0.0	3.00	30.00
3908	-1	1	Astrocyte	770	161	2.7326	M 0 -1 L 0.4 -0.3 L 1 -0.2 L 0.4 0.2 L 0.5 1 L 0 0.5 L -0.5 1 L -0.4 0.2 L -1 -0.2 L -0.4 -0.3 Z	1.1186	G1	0		36.49	3.4875	False	False	0	0.0	3.00	30.00
3909	-1	1	Astrocyte	748	615	1.0613	M 0 -1 L 0.4 -0.3 L 1 -0.2 L 0.4 0.2 L 0.5 1 L 0 0.5 L -0.5 1 L -0.4 0.2 L -1 -0.2 L -0.4 -0.3 Z	1.0019	G1	0		33.94	1.6191	False	False	0	0.0	3.00	30.00
3910	-1	1	Astrocyte	768	673	0.9649	M 0 -1 L 0.4 -0.3 L 1 -0.2 L 0.4 0.2 L 0.5 1 L 0 0.5 L -0.5 1 L -0.4 0.2 L -1 -0.2 L -0.4 -0.3 Z	1.0412	G1	0		37.18	3.0795	False	False	0	0.0	3.00	30.00
3911	-1	1	Astrocyte	445	410	5.0672	M 0 -1 L 0.4 -0.3 L 1 -0.2 L 0.4 0.2 L 0.5 1 L 0 0.5 L -0.5 1 L -0.4 0.2 L -1 -0.2 L -0.4 -0.3 Z	1.2113	G1	0		35.70	2.1215	False	False	0	0.0	3.00	30.00
3912	-1	1	Astrocyte	62	513	1.7432	M 0 -1 L 0.4 -0.3 L 1 -0.2 L 0.4 0.2 L 0.5 1 L 0 0.5 L -0.5 1 L -0.4 0.2 L -1 -0.2 L -0.4 -0.3 Z	1.3341	G1	0		36.83	3.9154	False	False	0	0.0	3.00	30.00
3913	-1	1	Astrocyte	95	540	3.0886	M 0 -1 L 0.4 -0.3 L 1 -0.2 L 0.4 0.2 L 0.5 1 L 0 0.5 L -0.5 1 L -0.4 0.2 L -1 -0.2 L -0.4 -0.3 Z	0.8841	G1	0		36.97	3.8152	False	False	0	0.0	3.00	30.00
3914	-1	1	Astrocyte	720	762	1.1864	M 0 -1 L 0.4 -0.3 L 1 -0.2 L 0.4 0.2 L 0.5 1 L 0 0.5 L -0.5 1 L -0.4 0.2 L -1 -0.2 L -0.4 -0.3 Z	0.9628	G1	0		36.70	3.1136	False	False	0	0.0	3.00	30.00
3915	-1	1	Astrocyte	284	372	2.1772	M 0 -1 L 0.4 -0.3 L 1 -0.2 L 0.4 0.2 L 0.5 1 L 0 0.5 L -0.5 1 L -0.4 0.2 L -1 -0.2 L -0.4 -0.3 Z	0.9467	G1	0		36.18	2.5673	False	False	0	0.0	3.00	30.00
3916	-1	1	Astrocyte	579	169	2.8691	M 0 -1 L 0.4 -0.3 L 1 -0.2 L 0.4 0.2 L 0.5 1 L 0 0.5 L -0.5 1 L -0.4 0.2 L -1 -0.2 L -0.4 -0.3 Z	0.7763	G1	0		36.35	3.1671	False	False	0	0.0	3.00	30.00
3917	-1	1	Astrocyte	586	235	2.9007	M 0 -1 L 0.4 -0.3 L 1 -0.2 L 0.4 0.2 L 0.5 1 L 0 0.5 L -0.5 1 L -0.4 0.2 L -1 -0.2 L -0.4 -0.3 Z	1.1458	G1	0		36.00	2.6487	False	False	0	0.0	3.00	30.00
3918	-1	1	Astrocyte	754	253	3.3369	M 0 -1 L 0.4 -0.3 L 1 -0.2 L 0.4 0.2 L 0.5 1 L 0 0.5 L -0.5 1 L -0.4 0.2 L -1 -0.2 L -0.4 -0.3 Z	0.9632	G1	0		36.12	2.9381	False	False	0	0.0	3.00	30.00
3919	-1	1	Astrocyte	502	626	5.1627	M 0 -1 L 0.4 -0.3 L 1 -0.2 L 0.4 0.2 L 0.5 1 L 0 0.5 L -0.5 1 L -0.4 0.2 L -1 -0.2 L -0.4 -0.3 Z	0.9320	G1	0		35.72	2.2058	False	False	0	0.0	3.00	30.00
3920	-1	1	Astrocyte	126	159	6.0920	M 0 -1 L 0.4 -0.3 L 1 -0.2 L 0.4 0.2 L 0.5 1 L 0 0.5 L -0.5 1 L -0.4 0.2 L -1 -0.2 L -0.4 -0.3 Z	0.5444	G1	0		35.64	3.2100	False	False	0	0.0	3.00	30.00
3921	-1	1	Astrocyte	361	698	3.2369	M 0 -1 L 0.4 -0.3 L 1 -0.2 L 0.4 0.2 L 0.5 1 L 0 0.5 L -0.5 1 L -0.4 0.2 L -1 -0.2 L -0.4 -0.3 Z	1.0261	G1	0		35.64	2.3612	False	False	0	0.0	3.00	30.00
3922	-1	1	Astrocyte	414	648	4.7221	M 0 -1 L 0.4 -0.3 L 1 -0.2 L 0.4 0.2 L 0.5 1 L 0 0.5 L -0.5 1 L -0.4 0.2 L -1 -0.2 L -0.4 -0.3 Z	1.0903	G1	0		35.06	1.9477	False	False	0	0.0	3.00	30.00
3923	-1	1	Astrocyte	35	584	0.1196	M 0 -1 L 0.4 -0.3 L 1 -0.2 L 0.4 0.2 L 0.5 1 L 0 0.5 L -0.5 1 L -0.4 0.2 L -1 -0.2 L -0.4 -0.3 Z	0.8294	G1	0		36.76	3.9926	False	False	0	0.0	3.00	30.00
3924	-1	1	Astrocyte	533	326	5.3609	M 0 -1 L 0.4 -0.3 L 1 -0.2 L 0.4 0.2 L 0.5 1 L 0 0.5 L -0.5 1 L -0.4 0.2 L -1 -0.2 L -0.4 -0.3 Z	1.0183	G1	0		36.10	2.3836	False	False	0	0.0	3.00	30.00
3925	-1	1	Astrocyte	743	515	2.0231	M 0 -1 L 0.4 -0.3 L 1 -0.2 L 0.4 0.2 L 0.5 1 L 0 0.5 L -0.5 1 L -0.4 0.2 L -1 -0.2 L -0.4 -0.3 Z	1.1934	G1	0		35.96	2.5346	False	False	0	0.0	3.00	30.00
3926	-1	1	Astrocyte	816	356	0.6928	M 0 -1 L 0.4 -0.3 L 1 -0.2 L 0.4 0.2 L 0.5 1 L 0 0.5 L -0.5 1 L -0.4 0.2 L -1 -0.2 L -0.4 -0.3 Z	1.0116	G1	0		36.31	2.9963	False	False	0	0.0	3.00	30.00
3927	-1	1	Astrocyte	684	694	1.3354	M 0 -1 L 0.4 -0.3 L 1 -0.2 L 0.4 0.2 L 0.5 1 L 0 0.5 L -0.5 1 L -0.4 0.2 L -1 -0.2 L -0.4 -0.3 Z	0.9045	G1	0		36.11	2.6268	False	False	0	0.0	3.00	30.00
3928	-1	1	Astrocyte	257	419	2.5746	M 0 -1 L 0.4 -0.3 L 1 -0.2 L 0.4 0.2 L 0.5 1 L 0 0.5 L -0.5 1 L -0.4 0.2 L -1 -0.2 L -0.4 -0.3 Z	1.0464	G1	0		36.56	2.9402	False	False	0	0.0	3.00	30.00
3929	-1	1	Astrocyte	950	153	3.2262	M 0 -1 L 0.4 -0.3 L 1 -0.2 L 0.4 0.2 L 0.5 1 L 0 0.5 L -0.5 1 L -0.4 0.2 L -1 -0.2 L -0.4 -0.3 Z	0.9078	G1	0		36.60	3.9461	False	False	0	0.0	3.00	30.00
3930	-1	1	Astrocyte	321	389	2.0517	M 0 -1 L 0.4 -0.3 L 1 -0.2 L 0.4 0.2 L 0.5 1 L 0 0.5 L -0.5 1 L -0.4 0.2 L -1 -0.2 L -0.4 -0.3 Z	1.1948	G1	0		36.19	2.6063	False	False	0	0.0	3.00	30.00
3931	-1	1	Astrocyte	952	110	1.2167	M 0 -1 L 0.4 -0.3 L 1 -0.2 L 0.4 0.2 L 0.5 1 L 0 0.5 L -0.5 1 L -0.4 0.2 L -1 -0.2 L -0.4 -0.3 Z	0.8007	G1	0		37.40	4.4721	False	False	0	0.0	3.00	30.00
3932	-1	1	Astrocyte	267	213	3.1909	M 0 -1 L 0.4 -0.3 L 1 -0.2 L 0.4 0.2 L 0.5 1 L 0 0.5 L -0.5 1 L -0.4 0.2 L -1 -0.2 L -0.4 -0.3 Z	1.2083	G1	0		36.48	3.1955	False	False	0	0.0	3.00	30.00
3933	-1	1	Astrocyte	318	312	2.0816	M 0 -1 L 0.4 -0.3 L 1 -0.2 L 0.4 0.2 L 0.5 1 L 0 0.5 L -0.5 1 L -0.4 0.2 L -1 -0.2 L -0.4 -0.3 Z	1.1083	G1	0		35.79	2.5444	False	False	0	0.0	3.00	30.00
3934	-1	1	Astrocyte	311	911	0.5409	M 0 -1 L 0.4 -0.3 L 1 -0.2 L 0.4 0.2 L 0.5 1 L 0 0.5 L -0.5 1 L -0.4 0.2 L -1 -0.2 L -0.4 -0.3 Z	0.8633	G1	0		36.73	3.7565	False	False	0	0.0	3.00	30.00
3935	-1	1	Astrocyte	385	315	3.5476	M 0 -1 L 0.4 -0.3 L 1 -0.2 L 0.4 0.2 L 0.5 1 L 0 0.5 L -0.5 1 L -0.4 0.2 L -1 -0.2 L -0.4 -0.3 Z	0.8533	G1	0		35.73	2.3083	False	False	0	0.0	3.00	30.00
3936	-1	1	Astrocyte	272	411	2.9668	M 0 -1 L 0.4 -0.3 L 1 -0.2 L 0.4 0.2 L 0.5 1 L 0 0.5 L -0.5 1 L -0.4 0.2 L -1 -0.2 L -0.4 -0.3 Z	1.0077	G1	0		36.49	2.8941	False	False	0	0.0	3.00	30.00
3937	-1	1	Astrocyte	957	347	5.5226	M 0 -1 L 0.4 -0.3 L 1 -0.2 L 0.4 0.2 L 0.5 1 L 0 0.5 L -0.5 1 L -0.4 0.2 L -1 -0.2 L -0.4 -0.3 Z	1.1082	G1	0		37.02	4.1087	False	False	0	0.0	3.00	30.00
3938	-1	1	Astrocyte	841	495	3.0794	M 0 -1 L 0.4 -0.3 L 1 -0.2 L 0.4 0.2 L 0.5 1 L 0 0.5 L -0.5 1 L -0.4 0.2 L -1 -0.2 L -0.4 -0.3 Z	1.2448	G1	0		36.55	3.2430	False	False	0	0.0	3.00	30.00
3939	-1	1	Astrocyte	520	83	6.1488	M 0 -1 L 0.4 -0.3 L 1 -0.2 L 0.4 0.2 L 0.5 1 L 0 0.5 L -0.5 1 L -0.4 0.2 L -1 -0.2 L -0.4 -0.3 Z	1.0448	G1	0		36.67	3.6541	False	False	0	0.0	3.00	30.00
3940	-1	1	Astrocyte	284	959	5.5236	M 0 -1 L 0.4 -0.3 L 1 -0.2 L 0.4 0.2 L 0.5 1 L 0 0.5 L -0.5 1 L -0.4 0.2 L -1 -0.2 L -0.4 -0.3 Z	1.1357	G1	0		37.00	4.1690	False	False	0	0.0	3.00	30.00
3941	-1	1	Astrocyte	905	443	0.5716	M 0 -1 L 0.4 -0.3 L 1 -0.2 L 0.4 0.2 L 0.5 1 L 0 0.5 L -0.5 1 L -0.4 0.2 L -1 -0.2 L -0.4 -0.3 Z	0.7414	G1	0		36.57	3.5377	False	False	0	0.0	3.00	30.00
3942	-1	1	Astrocyte	416	914	0.2335	M 0 -1 L 0.4 -0.3 L 1 -0.2 L 0.4 0.2 L 0.5 1 L 0 0.5 L -0.5 1 L -0.4 0.2 L -1 -0.2 L -0.4 -0.3 Z	1.1343	G1	0		36.49	3.5906	False	False	0	0.0	3.00	30.00
3943	-1	1	Astrocyte	712	216	5.3965	M 0 -1 L 0.4 -0.3 L 1 -0.2 L 0.4 0.2 L 0.5 1 L 0 0.5 L -0.5 1 L -0.4 0.2 L -1 -0.2 L -0.4 -0.3 Z	0.9822	G1	0		36.54	3.1344	False	False	0	0.0	3.00	30.00
3944	-1	1	Astrocyte	316	283	3.4865	M 0 -1 L 0.4 -0.3 L 1 -0.2 L 0.4 0.2 L 0.5 1 L 0 0.5 L -0.5 1 L -0.4 0.2 L -1 -0.2 L -0.4 -0.3 Z	1.0810	G1	0		35.36	2.4094	False	False	0	0.0	3.00	30.00
3945	-1	1	Astrocyte	177	950	1.0276	M 0 -1 L 0.4 -0.3 L 1 -0.2 L 0.4 0.2 L 0.5 1 L 0 0.5 L -0.5 1 L -0.4 0.2 L -1 -0.2 L -0.4 -0.3 Z	1.0651	G1	0		36.02	3.6942	False	False	0	0.0	3.00	30.00
3946	-1	1	Astrocyte	312	358	0.4958	M 0 -1 L 0.4 -0.3 L 1 -0.2 L 0.4 0.2 L 0.5 1 L 0 0.5 L -0.5 1 L -0.4 0.2 L -1 -0.2 L -0.4 -0.3 Z	1.1389	G1	0		36.04	2.5961	False	False	0	0.0	3.00	30.00
3947	-1	1	Astrocyte	376	497	3.5569	M 0 -1 L 0.4 -0.3 L 1 -0.2 L 0.4 0.2 L 0.5 1 L 0 0.5 L -0.5 1 L -0.4 0.2 L -1 -0.2 L -0.4 -0.3 Z	0.7052	G1	0		35.16	1.6824	False	False	0	0.0	3.00	30.00
3948	-1	1	Astrocyte	47	839	2.5634	M 0 -1 L 0.4 -0.3 L 1 -0.2 L 0.4 0.2 L 0.5 1 L 0 0.5 L -0.5 1 L -0.4 0.2 L -1 -0.2 L -0.4 -0.3 Z	0.8693	G1	0		37.36	4.3404	False	False	0	0.0	3.00	30.00
3949	-1	1	Astrocyte	759	171	3.6516	M 0 -1 L 0.4 -0.3 L 1 -0.2 L 0.4 0.2 L 0.5 1 L 0 0.5 L -0.5 1 L -0.4 0.2 L -1 -0.2 L -0.4 -0.3 Z	0.9632	G1	0		35.68	2.9829	False	False	0	0.0	3.00	30.00
3950	-1	1	Astrocyte	576	813	6.0261	M 0 -1 L 0.4 -0.3 L 1 -0.2 L 0.4 0.2 L 0.5 1 L 0 0.5 L -0.5 1 L -0.4 0.2 L -1 -0.2 L -0.4 -0.3 Z	0.8995	G1	0		36.27	2.9740	False	False	0	0.0	3.00	30.00
3951	-1	1	Astrocyte	712	155	1.5507	M 0 -1 L 0.4 -0.3 L 1 -0.2 L 0.4 0.2 L 0.5 1 L 0 0.5 L -0.5 1 L -0.4 0.2 L -1 -0.2 L -0.4 -0.3 Z	0.8171	G1	0		36.20	3.1396	False	False	0	0.0	3.00	30.00
3952	-1	1	Astrocyte	138	209	0.2467	M 0 -1 L 0.4 -0.3 L 1 -0.2 L 0.4 0.2 L 0.5 1 L 0 0.5 L -0.5 1 L -0.4 0.2 L -1 -0.2 L -0.4 -0.3 Z	0.6884	G1	0		35.81	3.2494	False	False	0	0.0	3.00	30.00
3953	-1	1	Astrocyte	50	53	5.4377	M 0 -1 L 0.4 -0.3 L 1 -0.2 L 0.4 0.2 L 0.5 1 L 0 0.5 L -0.5 1 L -0.4 0.2 L -1 -0.2 L -0.4 -0.3 Z	1.1965	G1	0		37.03	4.2992	False	False	0	0.0	3.00	30.00
3954	-1	1	Astrocyte	603	768	5.2392	M 0 -1 L 0.4 -0.3 L 1 -0.2 L 0.4 0.2 L 0.5 1 L 0 0.5 L -0.5 1 L -0.4 0.2 L -1 -0.2 L -0.4 -0.3 Z	0.9155	G1	0		36.11	2.7735	False	False	0	0.0	3.00	30.00
3955	-1	1	Astrocyte	115	766	2.2664	M 0 -1 L 0.4 -0.3 L 1 -0.2 L 0.4 0.2 L 0.5 1 L 0 0.5 L -0.5 1 L -0.4 0.2 L -1 -0.2 L -0.4 -0.3 Z	1.0555	G1	0		36.21	3.3926	False	False	0	0.0	3.00	30.00
3956	-1	1	Astrocyte	86	379	4.8580	M 0 -1 L 0.4 -0.3 L 1 -0.2 L 0.4 0.2 L 0.5 1 L 0 0.5 L -0.5 1 L -0.4 0.2 L -1 -0.2 L -0.4 -0.3 Z	0.7643	G1	0		37.36	3.7952	False	False	0	0.0	3.00	30.00
3957	-1	1	Astrocyte	611	294	0.8013	M 0 -1 L 0.4 -0.3 L 1 -0.2 L 0.4 0.2 L 0.5 1 L 0 0.5 L -0.5 1 L -0.4 0.2 L -1 -0.2 L -0.4 -0.3 Z	0.7464	G1	0		36.12	2.6322	False	False	0	0.0	3.00	30.00
3958	-1	1	Astrocyte	106	914	1.6210	M 0 -1 L 0.4 -0.3 L 1 -0.2 L 0.4 0.2 L 0.5 1 L 0 0.5 L -0.5 1 L -0.4 0.2 L -1 -0.2 L -0.4 -0.3 Z	0.9666	G1	0		36.85	4.0238	False	False	0	0.0	3.00	30.00
3959	-1	1	Astrocyte	627	549	1.0962	M 0 -1 L 0.4 -0.3 L 1 -0.2 L 0.4 0.2 L 0.5 1 L 0 0.5 L -0.5 1 L -0.4 0.2 L -1 -0.2 L -0.4 -0.3 Z	1.1724	G1	0		36.21	2.4947	False	False	0	0.0	3.00	30.00
3960	-1	1	Astrocyte	558	542	4.8577	M 0 -1 L 0.4 -0.3 L 1 -0.2 L 0.4 0.2 L 0.5 1 L 0 0.5 L -0.5 1 L -0.4 0.2 L -1 -0.2 L -0.4 -0.3 Z	1.0314	G1	0		35.51	2.0695	False	False	0	0.0	3.00	30.00
3961	-1	1	Astrocyte	450	818	4.1041	M 0 -1 L 0.4 -0.3 L 1 -0.2 L 0.4 0.2 L 0.5 1 L 0 0.5 L -0.5 1 L -0.4 0.2 L -1 -0.2 L -0.4 -0.3 Z	1.0926	G1	0		36.13	2.8228	False	False	0	0.0	3.00	30.00
3962	-1	1	Astrocyte	843	286	6.2653	M 0 -1 L 0.4 -0.3 L 1 -0.2 L 0.4 0.2 L 0.5 1 L 0 0.5 L -0.5 1 L -0.4 0.2 L -1 -0.2 L -0.4 -0.3 Z	0.7894	G1	0		37.08	3.4640	False	False	0	0.0	3.00	30.00
3963	-1	1	Astrocyte	344	268	0.3561	M 0 -1 L 0.4 -0.3 L 1 -0.2 L 0.4 0.2 L 0.5 1 L 0 0.5 L -0.5 1 L -0.4 0.2 L -1 -0.2 L -0.4 -0.3 Z	0.9971	G1	0		36.30	2.8309	False	False	0	0.0	3.00	30.00
3964	-1	1	Astrocyte	733	49	0.5120	M 0 -1 L 0.4 -0.3 L 1 -0.2 L 0.4 0.2 L 0.5 1 L 0 0.5 L -0.5 1 L -0.4 0.2 L -1 -0.2 L -0.4 -0.3 Z	0.9579	G1	0		36.17	3.7128	False	False	0	0.0	3.00	30.00
3965	-1	1	Astrocyte	310	857	3.5711	M 0 -1 L 0.4 -0.3 L 1 -0.2 L 0.4 0.2 L 0.5 1 L 0 0.5 L -0.5 1 L -0.4 0.2 L -1 -0.2 L -0.4 -0.3 Z	1.2592	G1	0		36.97	3.6285	False	False	0	0.0	3.00	30.00
3966	-1	1	Astrocyte	141	886	0.9546	M 0 -1 L 0.4 -0.3 L 1 -0.2 L 0.4 0.2 L 0.5 1 L 0 0.5 L -0.5 1 L -0.4 0.2 L -1 -0.2 L -0.4 -0.3 Z	0.9936	G1	0		36.87	3.9333	False	False	0	0.0	3.00	30.00
3967	-1	1	Astrocyte	586	903	5.4932	M 0 -1 L 0.4 -0.3 L 1 -0.2 L 0.4 0.2 L 0.5 1 L 0 0.5 L -0.5 1 L -0.4 0.2 L -1 -0.2 L -0.4 -0.3 Z	0.9624	G1	0		36.67	3.6061	False	False	0	0.0	3.00	30.00
3968	-1	1	Astrocyte	265	846	3.0183	M 0 -1 L 0.4 -0.3 L 1 -0.2 L 0.4 0.2 L 0.5 1 L 0 0.5 L -0.5 1 L -0.4 0.2 L -1 -0.2 L -0.4 -0.3 Z	1.0598	G1	0		36.35	3.2640	False	False	0	0.0	3.00	30.00
3969	-1	1	Astrocyte	986	388	2.3008	M 0 -1 L 0.4 -0.3 L 1 -0.2 L 0.4 0.2 L 0.5 1 L 0 0.5 L -0.5 1 L -0.4 0.2 L -1 -0.2 L -0.4 -0.3 Z	1.2482	G1	0		37.20	4.4091	False	False	0	0.0	3.00	30.00
3970	-1	1	Astrocyte	37	594	2.1733	M 0 -1 L 0.4 -0.3 L 1 -0.2 L 0.4 0.2 L 0.5 1 L 0 0.5 L -0.5 1 L -0.4 0.2 L -1 -0.2 L -0.4 -0.3 Z	0.7968	G1	0		36.81	4.0260	False	False	0	0.0	3.00	30.00
3971	-1	1	Astrocyte	570	56	2.5002	M 0 -1 L 0.4 -0.3 L 1 -0.2 L 0.4 0.2 L 0.5 1 L 0 0.5 L -0.5 1 L -0.4 0.2 L -1 -0.2 L -0.4 -0.3 Z	1.2219	G1	0		37.13	4.1179	False	False	0	0.0	3.00	30.00
3972	-1	1	Astrocyte	380	576	3.7188	M 0 -1 L 0.4 -0.3 L 1 -0.2 L 0.4 0.2 L 0.5 1 L 0 0.5 L -0.5 1 L -0.4 0.2 L -1 -0.2 L -0.4 -0.3 Z	0.9337	G1	0		36.69	2.5535	False	False	0	0.0	3.00	30.00
3973	-1	1	Astrocyte	473	181	4.8791	M 0 -1 L 0.4 -0.3 L 1 -0.2 L 0.4 0.2 L 0.5 1 L 0 0.5 L -0.5 1 L -0.4 0.2 L -1 -0.2 L -0.4 -0.3 Z	0.8233	G1	0		34.96	2.3863	False	False	0	0.0	3.00	30.00
3974	-1	1	Astrocyte	603	256	0.7757	M 0 -1 L 0.4 -0.3 L 1 -0.2 L 0.4 0.2 L 0.5 1 L 0 0.5 L -0.5 1 L -0.4 0.2 L -1 -0.2 L -0.4 -0.3 Z	0.9391	G1	0		36.02	2.6117	False	False	0	0.0	3.00	30.00
3975	-1	1	Astrocyte	764	24	2.7523	M 0 -1 L 0.4 -0.3 L 1 -0.2 L 0.4 0.2 L 0.5 1 L 0 0.5 L -0.5 1 L -0.4 0.2 L -1 -0.2 L -0.4 -0.3 Z	0.7758	G1	0		36.91	4.1841	False	False	0	0.0	3.00	30.00
3976	-1	1	Astrocyte	60	807	4.9642	M 0 -1 L 0.4 -0.3 L 1 -0.2 L 0.4 0.2 L 0.5 1 L 0 0.5 L -0.5 1 L -0.4 0.2 L -1 -0.2 L -0.4 -0.3 Z	0.8419	G1	0		36.45	3.7490	False	False	0	0.0	3.00	30.00
3977	-1	1	Astrocyte	839	116	0.7808	M 0 -1 L 0.4 -0.3 L 1 -0.2 L 0.4 0.2 L 0.5 1 L 0 0.5 L -0.5 1 L -0.4 0.2 L -1 -0.2 L -0.4 -0.3 Z	1.0594	G1	0		37.07	4.0173	False	False	0	0.0	3.00	30.00
3978	-1	1	Astrocyte	182	348	2.8987	M 0 -1 L 0.4 -0.3 L 1 -0.2 L 0.4 0.2 L 0.5 1 L 0 0.5 L -0.5 1 L -0.4 0.2 L -1 -0.2 L -0.4 -0.3 Z	0.8000	G1	0		36.45	3.1649	False	False	0	0.0	3.00	30.00
3979	-1	1	Astrocyte	591	864	1.1945	M 0 -1 L 0.4 -0.3 L 1 -0.2 L 0.4 0.2 L 0.5 1 L 0 0.5 L -0.5 1 L -0.4 0.2 L -1 -0.2 L -0.4 -0.3 Z	1.0730	G1	0		36.66	3.4306	False	False	0	0.0	3.00	30.00
3980	-1	1	Astrocyte	490	164	1.3957	M 0 -1 L 0.4 -0.3 L 1 -0.2 L 0.4 0.2 L 0.5 1 L 0 0.5 L -0.5 1 L -0.4 0.2 L -1 -0.2 L -0.4 -0.3 Z	1.1369	G1	0		36.73	3.3477	False	False	0	0.0	3.00	30.00
3981	-1	1	Astrocyte	798	799	3.0973	M 0 -1 L 0.4 -0.3 L 1 -0.2 L 0.4 0.2 L 0.5 1 L 0 0.5 L -0.5 1 L -0.4 0.2 L -1 -0.2 L -0.4 -0.3 Z	0.5421	G1	0		35.86	3.0635	False	False	0	0.0	3.00	30.00
3982	-1	1	Astrocyte	488	285	6.0952	M 0 -1 L 0.4 -0.3 L 1 -0.2 L 0.4 0.2 L 0.5 1 L 0 0.5 L -0.5 1 L -0.4 0.2 L -1 -0.2 L -0.4 -0.3 Z	1.2977	G1	0		36.10	2.5669	False	False	0	0.0	3.00	30.00
3983	-1	1	Astrocyte	146	741	5.4007	M 0 -1 L 0.4 -0.3 L 1 -0.2 L 0.4 0.2 L 0.5 1 L 0 0.5 L -0.5 1 L -0.4 0.2 L -1 -0.2 L -0.4 -0.3 Z	1.1178	G1	0		35.20	2.8037	False	False	0	0.0	3.00	30.00
3984	-1	1	Astrocyte	237	441	1.0119	M 0 -1 L 0.4 -0.3 L 1 -0.2 L 0.4 0.2 L 0.5 1 L 0 0.5 L -0.5 1 L -0.4 0.2 L -1 -0.2 L -0.4 -0.3 Z	1.1176	G1	0		36.14	2.7010	False	False	0	0.0	3.00	30.00
3985	-1	1	Astrocyte	204	526	5.3527	M 0 -1 L 0.4 -0.3 L 1 -0.2 L 0.4 0.2 L 0.5 1 L 0 0.5 L -0.5 1 L -0.4 0.2 L -1 -0.2 L -0.4 -0.3 Z	0.7765	G1	0		37.00	3.0449	False	False	0	0.0	3.00	30.00
3986	-1	1	Astrocyte	789	310	4.8445	M 0 -1 L 0.4 -0.3 L 1 -0.2 L 0.4 0.2 L 0.5 1 L 0 0.5 L -0.5 1 L -0.4 0.2 L -1 -0.2 L -0.4 -0.3 Z	0.7698	G1	0		35.71	2.7689	False	False	0	0.0	3.00	30.00
3987	-1	1	Astrocyte	293	649	0.0698	M 0 -1 L 0.4 -0.3 L 1 -0.2 L 0.4 0.2 L 0.5 1 L 0 0.5 L -0.5 1 L -0.4 0.2 L -1 -0.2 L -0.4 -0.3 Z	0.7146	G1	0		34.52	1.8871	False	False	0	0.0	3.00	30.00
3988	-1	1	Astrocyte	945	934	3.4165	M 0 -1 L 0.4 -0.3 L 1 -0.2 L 0.4 0.2 L 0.5 1 L 0 0.5 L -0.5 1 L -0.4 0.2 L -1 -0.2 L -0.4 -0.3 Z	0.9543	G1	0		36.54	3.9858	False	False	0	0.0	3.00	30.00
3989	-1	1	Astrocyte	615	780	0.2861	M 0 -1 L 0.4 -0.3 L 1 -0.2 L 0.4 0.2 L 0.5 1 L 0 0.5 L -0.5 1 L -0.4 0.2 L -1 -0.2 L -0.4 -0.3 Z	1.3043	G1	0		36.53	3.0662	False	False	0	0.0	3.00	30.00
3990	-1	1	Astrocyte	0	545	5.8032	M 0 -1 L 0.4 -0.3 L 1 -0.2 L 0.4 0.2 L 0.5 1 L 0 0.5 L -0.5 1 L -0.4 0.2 L -1 -0.2 L -0.4 -0.3 Z	0.7641	G1	0		37.94	4.9300	False	False	0	0.0	3.00	30.00
3991	-1	1	Astrocyte	789	985	3.2706	M 0 -1 L 0.4 -0.3 L 1 -0.2 L 0.4 0.2 L 0.5 1 L 0 0.5 L -0.5 1 L -0.4 0.2 L -1 -0.2 L -0.4 -0.3 Z	0.9957	G1	0		36.76	4.1155	False	False	0	0.0	3.00	30.00
3992	-1	1	Astrocyte	498	886	4.1307	M 0 -1 L 0.4 -0.3 L 1 -0.2 L 0.4 0.2 L 0.5 1 L 0 0.5 L -0.5 1 L -0.4 0.2 L -1 -0.2 L -0.4 -0.3 Z	1.0851	G1	0		36.80	3.4893	False	False	0	0.0	3.00	30.00
3993	-1	1	Astrocyte	884	248	2.9663	M 0 -1 L 0.4 -0.3 L 1 -0.2 L 0.4 0.2 L 0.5 1 L 0 0.5 L -0.5 1 L -0.4 0.2 L -1 -0.2 L -0.4 -0.3 Z	1.2520	G1	0		35.91	3.2490	False	False	0	0.0	3.00	30.00
3994	-1	1	Astrocyte	894	179	1.5751	M 0 -1 L 0.4 -0.3 L 1 -0.2 L 0.4 0.2 L 0.5 1 L 0 0.5 L -0.5 1 L -0.4 0.2 L -1 -0.2 L -0.4 -0.3 Z	0.8811	G1	0		37.02	3.9709	False	False	0	0.0	3.00	30.00
3995	-1	1	Astrocyte	337	474	2.2354	M 0 -1 L 0.4 -0.3 L 1 -0.2 L 0.4 0.2 L 0.5 1 L 0 0.5 L -0.5 1 L -0.4 0.2 L -1 -0.2 L -0.4 -0.3 Z	1.0647	G1	0		35.97	2.3798	False	False	0	0.0	3.00	30.00
3996	-1	1	Astrocyte	348	596	2.7041	M 0 -1 L 0.4 -0.3 L 1 -0.2 L 0.4 0.2 L 0.5 1 L 0 0.5 L -0.5 1 L -0.4 0.2 L -1 -0.2 L -0.4 -0.3 Z	1.1567	G1	0		35.79	2.3334	False	False	0	0.0	3.00	30.00
3997	-1	1	Astrocyte	0	578	2.7462	M 0 -1 L 0.4 -0.3 L 1 -0.2 L 0.4 0.2 L 0.5 1 L 0 0.5 L -0.5 1 L -0.4 0.2 L -1 -0.2 L -0.4 -0.3 Z	0.8737	G1	0		36.47	4.2000	False	False	0	0.0	3.00	30.00
3998	-1	1	Astrocyte	496	773	2.6762	M 0 -1 L 0.4 -0.3 L 1 -0.2 L 0.4 0.2 L 0.5 1 L 0 0.5 L -0.5 1 L -0.4 0.2 L -1 -0.2 L -0.4 -0.3 Z	0.8226	G1	0		36.44	2.8917	False	False	0	0.0	3.00	30.00
3999	-1	1	Astrocyte	721	104	1.3619	M 0 -1 L 0.4 -0.3 L 1 -0.2 L 0.4 0.2 L 0.5 1 L 0 0.5 L -0.5 1 L -0.4 0.2 L -1 -0.2 L -0.4 -0.3 Z	0.8710	G1	0		36.85	3.7593	False	False	0	0.0	3.00	30.00
4000	-1	1	Astrocyte	64	537	3.1869	M 0 -1 L 0.4 -0.3 L 1 -0.2 L 0.4 0.2 L 0.5 1 L 0 0.5 L -0.5 1 L -0.4 0.2 L -1 -0.2 L -0.4 -0.3 Z	1.0505	G1	0		36.82	3.8695	False	False	0	0.0	3.00	30.00
4001	-1	1	Astrocyte	210	346	6.2232	M 0 -1 L 0.4 -0.3 L 1 -0.2 L 0.4 0.2 L 0.5 1 L 0 0.5 L -0.5 1 L -0.4 0.2 L -1 -0.2 L -0.4 -0.3 Z	0.8461	G1	0		35.02	2.3803	False	False	0	0.0	3.00	30.00
4002	-1	1	Astrocyte	805	409	2.5634	M 0 -1 L 0.4 -0.3 L 1 -0.2 L 0.4 0.2 L 0.5 1 L 0 0.5 L -0.5 1 L -0.4 0.2 L -1 -0.2 L -0.4 -0.3 Z	1.0699	G1	0		36.74	3.0964	False	False	0	0.0	3.00	30.00
4003	-1	1	Astrocyte	701	170	5.8997	M 0 -1 L 0.4 -0.3 L 1 -0.2 L 0.4 0.2 L 0.5 1 L 0 0.5 L -0.5 1 L -0.4 0.2 L -1 -0.2 L -0.4 -0.3 Z	0.9307	G1	0		35.75	2.9693	False	False	0	0.0	3.00	30.00
4004	-1	1	Astrocyte	268	788	3.5810	M 0 -1 L 0.4 -0.3 L 1 -0.2 L 0.4 0.2 L 0.5 1 L 0 0.5 L -0.5 1 L -0.4 0.2 L -1 -0.2 L -0.4 -0.3 Z	1.1491	G1	0		36.43	3.1552	False	False	0	0.0	3.00	30.00
4005	-1	1	Astrocyte	742	753	1.4308	M 0 -1 L 0.4 -0.3 L 1 -0.2 L 0.4 0.2 L 0.5 1 L 0 0.5 L -0.5 1 L -0.4 0.2 L -1 -0.2 L -0.4 -0.3 Z	1.0073	G1	0		36.06	2.8573	False	False	0	0.0	3.00	30.00
4006	-1	1	Astrocyte	900	801	2.6789	M 0 -1 L 0.4 -0.3 L 1 -0.2 L 0.4 0.2 L 0.5 1 L 0 0.5 L -0.5 1 L -0.4 0.2 L -1 -0.2 L -0.4 -0.3 Z	1.0276	G1	0		34.90	2.9562	False	False	0	0.0	3.00	30.00
4007	-1	1	Astrocyte	654	281	1.3176	M 0 -1 L 0.4 -0.3 L 1 -0.2 L 0.4 0.2 L 0.5 1 L 0 0.5 L -0.5 1 L -0.4 0.2 L -1 -0.2 L -0.4 -0.3 Z	0.6115	G1	0		35.82	2.4325	False	False	0	0.0	3.00	30.00
4008	-1	1	Astrocyte	855	905	4.7428	M 0 -1 L 0.4 -0.3 L 1 -0.2 L 0.4 0.2 L 0.5 1 L 0 0.5 L -0.5 1 L -0.4 0.2 L -1 -0.2 L -0.4 -0.3 Z	0.6227	G1	0		36.66	3.8188	False	False	0	0.0	3.00	30.00
4009	-1	1	Astrocyte	136	337	5.8742	M 0 -1 L 0.4 -0.3 L 1 -0.2 L 0.4 0.2 L 0.5 1 L 0 0.5 L -0.5 1 L -0.4 0.2 L -1 -0.2 L -0.4 -0.3 Z	1.0625	G1	0		36.65	3.3926	False	False	0	0.0	3.00	30.00
4010	-1	1	Astrocyte	719	362	4.6483	M 0 -1 L 0.4 -0.3 L 1 -0.2 L 0.4 0.2 L 0.5 1 L 0 0.5 L -0.5 1 L -0.4 0.2 L -1 -0.2 L -0.4 -0.3 Z	0.7675	G1	0		36.33	2.8036	False	False	0	0.0	3.00	30.00
4011	-1	1	Astrocyte	872	244	3.0839	M 0 -1 L 0.4 -0.3 L 1 -0.2 L 0.4 0.2 L 0.5 1 L 0 0.5 L -0.5 1 L -0.4 0.2 L -1 -0.2 L -0.4 -0.3 Z	1.1878	G1	0		36.73	3.6283	False	False	0	0.0	3.00	30.00
4012	-1	1	Astrocyte	154	652	1.3494	M 0 -1 L 0.4 -0.3 L 1 -0.2 L 0.4 0.2 L 0.5 1 L 0 0.5 L -0.5 1 L -0.4 0.2 L -1 -0.2 L -0.4 -0.3 Z	1.0648	G1	0		36.20	3.1037	False	False	0	0.0	3.00	30.00
4013	-1	1	Astrocyte	430	600	0.3224	M 0 -1 L 0.4 -0.3 L 1 -0.2 L 0.4 0.2 L 0.5 1 L 0 0.5 L -0.5 1 L -0.4 0.2 L -1 -0.2 L -0.4 -0.3 Z	0.9825	G1	0		36.02	2.2793	False	False	0	0.0	3.00	30.00
4014	-1	1	Astrocyte	251	49	5.7983	M 0 -1 L 0.4 -0.3 L 1 -0.2 L 0.4 0.2 L 0.5 1 L 0 0.5 L -0.5 1 L -0.4 0.2 L -1 -0.2 L -0.4 -0.3 Z	0.8959	G1	0		36.82	4.0075	False	False	0	0.0	3.00	30.00
4015	-1	1	Astrocyte	348	201	4.2887	M 0 -1 L 0.4 -0.3 L 1 -0.2 L 0.4 0.2 L 0.5 1 L 0 0.5 L -0.5 1 L -0.4 0.2 L -1 -0.2 L -0.4 -0.3 Z	0.9783	G1	0		36.11	2.9624	False	False	0	0.0	3.00	30.00
4016	-1	1	Astrocyte	540	917	1.2313	M 0 -1 L 0.4 -0.3 L 1 -0.2 L 0.4 0.2 L 0.5 1 L 0 0.5 L -0.5 1 L -0.4 0.2 L -1 -0.2 L -0.4 -0.3 Z	1.2274	G1	0		37.08	3.9424	False	False	0	0.0	3.00	30.00
4017	-1	1	Astrocyte	153	642	3.7704	M 0 -1 L 0.4 -0.3 L 1 -0.2 L 0.4 0.2 L 0.5 1 L 0 0.5 L -0.5 1 L -0.4 0.2 L -1 -0.2 L -0.4 -0.3 Z	0.9185	G1	0		35.98	3.0134	False	False	0	0.0	3.00	30.00
4018	-1	1	Astrocyte	32	616	1.2185	M 0 -1 L 0.4 -0.3 L 1 -0.2 L 0.4 0.2 L 0.5 1 L 0 0.5 L -0.5 1 L -0.4 0.2 L -1 -0.2 L -0.4 -0.3 Z	0.9520	G1	0		36.28	3.8232	False	False	0	0.0	3.00	30.00
4019	-1	1	Astrocyte	797	785	5.9061	M 0 -1 L 0.4 -0.3 L 1 -0.2 L 0.4 0.2 L 0.5 1 L 0 0.5 L -0.5 1 L -0.4 0.2 L -1 -0.2 L -0.4 -0.3 Z	1.1641	G1	0		36.43	3.2736	False	False	0	0.0	3.00	30.00
4020	-1	1	Astrocyte	114	858	3.7520	M 0 -1 L 0.4 -0.3 L 1 -0.2 L 0.4 0.2 L 0.5 1 L 0 0.5 L -0.5 1 L -0.4 0.2 L -1 -0.2 L -0.4 -0.3 Z	1.1633	G1	0		36.10	3.5299	False	False	0	0.0	3.00	30.00
4021	-1	1	Astrocyte	942	604	3.5679	M 0 -1 L 0.4 -0.3 L 1 -0.2 L 0.4 0.2 L 0.5 1 L 0 0.5 L -0.5 1 L -0.4 0.2 L -1 -0.2 L -0.4 -0.3 Z	0.9602	G1	0		36.54	3.7341	False	False	0	0.0	3.00	30.00
4022	-1	1	Astrocyte	141	852	5.1277	M 0 -1 L 0.4 -0.3 L 1 -0.2 L 0.4 0.2 L 0.5 1 L 0 0.5 L -0.5 1 L -0.4 0.2 L -1 -0.2 L -0.4 -0.3 Z	0.8883	G1	0		37.13	3.9650	False	False	0	0.0	3.00	30.00
4023	-1	1	Astrocyte	172	903	3.3264	M 0 -1 L 0.4 -0.3 L 1 -0.2 L 0.4 0.2 L 0.5 1 L 0 0.5 L -0.5 1 L -0.4 0.2 L -1 -0.2 L -0.4 -0.3 Z	0.9879	G1	0		36.61	3.8064	False	False	0	0.0	3.00	30.00
4024	-1	1	Astrocyte	122	94	6.0923	M 0 -1 L 0.4 -0.3 L 1 -0.2 L 0.4 0.2 L 0.5 1 L 0 0.5 L -0.5 1 L -0.4 0.2 L -1 -0.2 L -0.4 -0.3 Z	1.0320	G1	0		36.95	4.0686	False	False	0	0.0	3.00	30.00
4025	-1	1	Astrocyte	507	486	2.1346	M 0 -1 L 0.4 -0.3 L 1 -0.2 L 0.4 0.2 L 0.5 1 L 0 0.5 L -0.5 1 L -0.4 0.2 L -1 -0.2 L -0.4 -0.3 Z	0.8351	G1	0		35.59	2.0344	False	False	0	0.0	3.00	30.00
4026	-1	1	Astrocyte	660	933	5.5403	M 0 -1 L 0.4 -0.3 L 1 -0.2 L 0.4 0.2 L 0.5 1 L 0 0.5 L -0.5 1 L -0.4 0.2 L -1 -0.2 L -0.4 -0.3 Z	1.2908	G1	0		36.85	3.9438	False	False	0	0.0	3.00	30.00
4027	-1	1	Astrocyte	430	887	3.7184	M 0 -1 L 0.4 -0.3 L 1 -0.2 L 0.4 0.2 L 0.5 1 L 0 0.5 L -0.5 1 L -0.4 0.2 L -1 -0.2 L -0.4 -0.3 Z	1.2773	G1	0		36.98	3.7343	False	False	0	0.0	3.00	30.00
4028	-1	1	Astrocyte	416	473	2.4735	M 0 -1 L 0.4 -0.3 L 1 -0.2 L 0.4 0.2 L 0.5 1 L 0 0.5 L -0.5 1 L -0.4 0.2 L -1 -0.2 L -0.4 -0.3 Z	0.9019	G1	0		35.87	2.2159	False	False	0	0.0	3.00	30.00
4029	-1	1	Astrocyte	252	312	5.1315	M 0 -1 L 0.4 -0.3 L 1 -0.2 L 0.4 0.2 L 0.5 1 L 0 0.5 L -0.5 1 L -0.4 0.2 L -1 -0.2 L -0.4 -0.3 Z	0.9578	G1	0		35.63	2.5676	False	False	0	0.0	3.00	30.00
4030	-1	1	Astrocyte	252	866	5.9813	M 0 -1 L 0.4 -0.3 L 1 -0.2 L 0.4 0.2 L 0.5 1 L 0 0.5 L -0.5 1 L -0.4 0.2 L -1 -0.2 L -0.4 -0.3 Z	1.1383	G1	0		36.36	3.3508	False	False	0	0.0	3.00	30.00
4031	-1	1	Astrocyte	748	129	5.5190	M 0 -1 L 0.4 -0.3 L 1 -0.2 L 0.4 0.2 L 0.5 1 L 0 0.5 L -0.5 1 L -0.4 0.2 L -1 -0.2 L -0.4 -0.3 Z	0.9941	G1	0		36.74	3.6233	False	False	0	0.0	3.00	30.00
4032	-1	1	Astrocyte	722	938	3.8066	M 0 -1 L 0.4 -0.3 L 1 -0.2 L 0.4 0.2 L 0.5 1 L 0 0.5 L -0.5 1 L -0.4 0.2 L -1 -0.2 L -0.4 -0.3 Z	0.8794	G1	0		35.43	3.2366	False	False	0	0.0	3.00	30.00
4033	-1	1	Astrocyte	334	169	5.0483	M 0 -1 L 0.4 -0.3 L 1 -0.2 L 0.4 0.2 L 0.5 1 L 0 0.5 L -0.5 1 L -0.4 0.2 L -1 -0.2 L -0.4 -0.3 Z	0.8368	G1	0		36.67	3.3593	False	False	0	0.0	3.00	30.00
4034	-1	1	Astrocyte	930	708	4.9399	M 0 -1 L 0.4 -0.3 L 1 -0.2 L 0.4 0.2 L 0.5 1 L 0 0.5 L -0.5 1 L -0.4 0.2 L -1 -0.2 L -0.4 -0.3 Z	1.0839	G1	0		37.17	4.1109	False	False	0	0.0	3.00	30.00
4035	-1	1	Astrocyte	301	446	0.7050	M 0 -1 L 0.4 -0.3 L 1 -0.2 L 0.4 0.2 L 0.5 1 L 0 0.5 L -0.5 1 L -0.4 0.2 L -1 -0.2 L -0.4 -0.3 Z	1.1493	G1	0		35.13	2.0801	False	False	0	0.0	3.00	30.00
4036	-1	1	Astrocyte	970	704	3.9218	M 0 -1 L 0.4 -0.3 L 1 -0.2 L 0.4 0.2 L 0.5 1 L 0 0.5 L -0.5 1 L -0.4 0.2 L -1 -0.2 L -0.4 -0.3 Z	0.8809	G1	0		37.07	4.1168	False	False	0	0.0	3.00	30.00
4037	-1	1	Astrocyte	321	43	2.8300	M 0 -1 L 0.4 -0.3 L 1 -0.2 L 0.4 0.2 L 0.5 1 L 0 0.5 L -0.5 1 L -0.4 0.2 L -1 -0.2 L -0.4 -0.3 Z	1.1636	G1	0		37.15	4.1887	False	False	0	0.0	3.00	30.00
4038	-1	1	Astrocyte	887	61	2.9253	M 0 -1 L 0.4 -0.3 L 1 -0.2 L 0.4 0.2 L 0.5 1 L 0 0.5 L -0.5 1 L -0.4 0.2 L -1 -0.2 L -0.4 -0.3 Z	0.7798	G1	0		36.55	3.8749	False	False	0	0.0	3.00	30.00
4039	-1	1	Astrocyte	94	272	4.9912	M 0 -1 L 0.4 -0.3 L 1 -0.2 L 0.4 0.2 L 0.5 1 L 0 0.5 L -0.5 1 L -0.4 0.2 L -1 -0.2 L -0.4 -0.3 Z	1.3002	G1	0		36.06	3.4222	False	False	0	0.0	3.00	30.00
4040	-1	1	Astrocyte	287	563	0.9629	M 0 -1 L 0.4 -0.3 L 1 -0.2 L 0.4 0.2 L 0.5 1 L 0 0.5 L -0.5 1 L -0.4 0.2 L -1 -0.2 L -0.4 -0.3 Z	0.9583	G1	0		35.79	2.4894	False	False	0	0.0	3.00	30.00
4041	-1	1	Astrocyte	800	853	4.5604	M 0 -1 L 0.4 -0.3 L 1 -0.2 L 0.4 0.2 L 0.5 1 L 0 0.5 L -0.5 1 L -0.4 0.2 L -1 -0.2 L -0.4 -0.3 Z	1.0549	G1	0		36.62	3.6053	False	False	0	0.0	3.00	30.00
4042	-1	1	Astrocyte	309	314	1.4688	M 0 -1 L 0.4 -0.3 L 1 -0.2 L 0.4 0.2 L 0.5 1 L 0 0.5 L -0.5 1 L -0.4 0.2 L -1 -0.2 L -0.4 -0.3 Z	1.0867	G1	0		35.76	2.4608	False	False	0	0.0	3.00	30.00
4043	-1	1	Astrocyte	583	36	1.7941	M 0 -1 L 0.4 -0.3 L 1 -0.2 L 0.4 0.2 L 0.5 1 L 0 0.5 L -0.5 1 L -0.4 0.2 L -1 -0.2 L -0.4 -0.3 Z	1.1145	G1	0		36.91	4.0910	False	False	0	0.0	3.00	30.00
4044	-1	1	Astrocyte	368	319	5.6955	M 0 -1 L 0.4 -0.3 L 1 -0.2 L 0.4 0.2 L 0.5 1 L 0 0.5 L -0.5 1 L -0.4 0.2 L -1 -0.2 L -0.4 -0.3 Z	0.8053	G1	0		36.15	2.5265	False	False	0	0.0	3.00	30.00
4045	-1	1	Astrocyte	802	132	3.6782	M 0 -1 L 0.4 -0.3 L 1 -0.2 L 0.4 0.2 L 0.5 1 L 0 0.5 L -0.5 1 L -0.4 0.2 L -1 -0.2 L -0.4 -0.3 Z	0.9555	G1	0		36.68	3.6848	False	False	0	0.0	3.00	30.00
4046	-1	1	Astrocyte	568	916	5.7439	M 0 -1 L 0.4 -0.3 L 1 -0.2 L 0.4 0.2 L 0.5 1 L 0 0.5 L -0.5 1 L -0.4 0.2 L -1 -0.2 L -0.4 -0.3 Z	1.0664	G1	0		35.94	3.3125	False	False	0	0.0	3.00	30.00
4047	-1	1	Astrocyte	734	376	1.4211	M 0 -1 L 0.4 -0.3 L 1 -0.2 L 0.4 0.2 L 0.5 1 L 0 0.5 L -0.5 1 L -0.4 0.2 L -1 -0.2 L -0.4 -0.3 Z	0.6696	G1	0		36.07	2.5990	False	False	0	0.0	3.00	30.00
4048	-1	1	Astrocyte	10	73	0.8698	M 0 -1 L 0.4 -0.3 L 1 -0.2 L 0.4 0.2 L 0.5 1 L 0 0.5 L -0.5 1 L -0.4 0.2 L -1 -0.2 L -0.4 -0.3 Z	1.2436	G1	0		37.51	4.6638	False	False	0	0.0	3.00	30.00
4049	-1	1	Astrocyte	897	316	5.8269	M 0 -1 L 0.4 -0.3 L 1 -0.2 L 0.4 0.2 L 0.5 1 L 0 0.5 L -0.5 1 L -0.4 0.2 L -1 -0.2 L -0.4 -0.3 Z	0.9695	G1	0		36.44	3.4702	False	False	0	0.0	3.00	30.00
4050	-1	1	Astrocyte	134	119	4.3720	M 0 -1 L 0.4 -0.3 L 1 -0.2 L 0.4 0.2 L 0.5 1 L 0 0.5 L -0.5 1 L -0.4 0.2 L -1 -0.2 L -0.4 -0.3 Z	1.1340	G1	0		36.96	4.0017	False	False	0	0.0	3.00	30.00
4051	-1	1	Astrocyte	198	127	4.1684	M 0 -1 L 0.4 -0.3 L 1 -0.2 L 0.4 0.2 L 0.5 1 L 0 0.5 L -0.5 1 L -0.4 0.2 L -1 -0.2 L -0.4 -0.3 Z	0.9785	G1	0		36.89	3.8110	False	False	0	0.0	3.00	30.00
4052	-1	1	Astrocyte	54	344	1.7403	M 0 -1 L 0.4 -0.3 L 1 -0.2 L 0.4 0.2 L 0.5 1 L 0 0.5 L -0.5 1 L -0.4 0.2 L -1 -0.2 L -0.4 -0.3 Z	1.1030	G1	0		36.44	3.7409	False	False	0	0.0	3.00	30.00
4053	-1	1	Astrocyte	917	791	5.3968	M 0 -1 L 0.4 -0.3 L 1 -0.2 L 0.4 0.2 L 0.5 1 L 0 0.5 L -0.5 1 L -0.4 0.2 L -1 -0.2 L -0.4 -0.3 Z	1.0446	G1	0		36.89	3.9677	False	False	0	0.0	3.00	30.00
4054	-1	1	Astrocyte	250	331	5.8757	M 0 -1 L 0.4 -0.3 L 1 -0.2 L 0.4 0.2 L 0.5 1 L 0 0.5 L -0.5 1 L -0.4 0.2 L -1 -0.2 L -0.4 -0.3 Z	0.7116	G1	0		35.72	2.6012	False	False	0	0.0	3.00	30.00
4055	-1	1	Astrocyte	103	472	4.1481	M 0 -1 L 0.4 -0.3 L 1 -0.2 L 0.4 0.2 L 0.5 1 L 0 0.5 L -0.5 1 L -0.4 0.2 L -1 -0.2 L -0.4 -0.3 Z	1.2666	G1	0		36.81	3.6671	False	False	0	0.0	3.00	30.00
4056	-1	1	Astrocyte	572	762	3.9208	M 0 -1 L 0.4 -0.3 L 1 -0.2 L 0.4 0.2 L 0.5 1 L 0 0.5 L -0.5 1 L -0.4 0.2 L -1 -0.2 L -0.4 -0.3 Z	0.7514	G1	0		35.83	2.6289	False	False	0	0.0	3.00	30.00
4057	-1	1	Astrocyte	654	811	3.2198	M 0 -1 L 0.4 -0.3 L 1 -0.2 L 0.4 0.2 L 0.5 1 L 0 0.5 L -0.5 1 L -0.4 0.2 L -1 -0.2 L -0.4 -0.3 Z	1.3264	G1	0		36.45	3.1609	False	False	0	0.0	3.00	30.00
4058	-1	1	Astrocyte	59	890	4.1707	M 0 -1 L 0.4 -0.3 L 1 -0.2 L 0.4 0.2 L 0.5 1 L 0 0.5 L -0.5 1 L -0.4 0.2 L -1 -0.2 L -0.4 -0.3 Z	0.9529	G1	0		37.75	4.4721	False	False	0	0.0	3.00	30.00
4059	-1	1	Astrocyte	745	969	3.1383	M 0 -1 L 0.4 -0.3 L 1 -0.2 L 0.4 0.2 L 0.5 1 L 0 0.5 L -0.5 1 L -0.4 0.2 L -1 -0.2 L -0.4 -0.3 Z	1.0218	G1	0		37.04	3.9972	False	False	0	0.0	3.00	30.00
4060	-1	1	Astrocyte	351	639	6.1689	M 0 -1 L 0.4 -0.3 L 1 -0.2 L 0.4 0.2 L 0.5 1 L 0 0.5 L -0.5 1 L -0.4 0.2 L -1 -0.2 L -0.4 -0.3 Z	0.9328	G1	0		35.31	2.1770	False	False	0	0.0	3.00	30.00
4061	-1	1	Astrocyte	58	173	1.2538	M 0 -1 L 0.4 -0.3 L 1 -0.2 L 0.4 0.2 L 0.5 1 L 0 0.5 L -0.5 1 L -0.4 0.2 L -1 -0.2 L -0.4 -0.3 Z	1.1432	G1	0		36.59	3.8543	False	False	0	0.0	3.00	30.00
4062	-1	1	Astrocyte	960	927	4.2844	M 0 -1 L 0.4 -0.3 L 1 -0.2 L 0.4 0.2 L 0.5 1 L 0 0.5 L -0.5 1 L -0.4 0.2 L -1 -0.2 L -0.4 -0.3 Z	1.0452	G1	0		37.32	4.4721	False	False	0	0.0	3.00	30.00
4063	-1	1	Astrocyte	641	653	1.4326	M 0 -1 L 0.4 -0.3 L 1 -0.2 L 0.4 0.2 L 0.5 1 L 0 0.5 L -0.5 1 L -0.4 0.2 L -1 -0.2 L -0.4 -0.3 Z	1.3009	G1	0		36.05	2.5525	False	False	0	0.0	3.00	30.00
4064	-1	1	Astrocyte	788	85	3.9162	M 0 -1 L 0.4 -0.3 L 1 -0.2 L 0.4 0.2 L 0.5 1 L 0 0.5 L -0.5 1 L -0.4 0.2 L -1 -0.2 L -0.4 -0.3 Z	0.9233	G1	0		35.82	3.3470	False	False	0	0.0	3.00	30.00
4065	-1	1	Astrocyte	361	245	2.7555	M 0 -1 L 0.4 -0.3 L 1 -0.2 L 0.4 0.2 L 0.5 1 L 0 0.5 L -0.5 1 L -0.4 0.2 L -1 -0.2 L -0.4 -0.3 Z	0.7577	G1	0		36.38	2.9191	False	False	0	0.0	3.00	30.00
4066	-1	1	Astrocyte	846	846	5.4678	M 0 -1 L 0.4 -0.3 L 1 -0.2 L 0.4 0.2 L 0.5 1 L 0 0.5 L -0.5 1 L -0.4 0.2 L -1 -0.2 L -0.4 -0.3 Z	1.1751	G1	0		36.63	3.6402	False	False	0	0.0	3.00	30.00
4067	-1	1	Astrocyte	166	575	5.5655	M 0 -1 L 0.4 -0.3 L 1 -0.2 L 0.4 0.2 L 0.5 1 L 0 0.5 L -0.5 1 L -0.4 0.2 L -1 -0.2 L -0.4 -0.3 Z	0.9209	G1	0		36.19	3.0018	False	False	0	0.0	3.00	30.00
4068	-1	1	Astrocyte	309	723	4.2612	M 0 -1 L 0.4 -0.3 L 1 -0.2 L 0.4 0.2 L 0.5 1 L 0 0.5 L -0.5 1 L -0.4 0.2 L -1 -0.2 L -0.4 -0.3 Z	1.2513	G1	0		36.62	2.9060	False	False	0	0.0	3.00	30.00
4069	-1	1	Astrocyte	683	87	0.4336	M 0 -1 L 0.4 -0.3 L 1 -0.2 L 0.4 0.2 L 0.5 1 L 0 0.5 L -0.5 1 L -0.4 0.2 L -1 -0.2 L -0.4 -0.3 Z	1.1575	G1	0		36.61	3.6168	False	False	0	0.0	3.00	30.00
4070	-1	1	Astrocyte	630	189	2.6949	M 0 -1 L 0.4 -0.3 L 1 -0.2 L 0.4 0.2 L 0.5 1 L 0 0.5 L -0.5 1 L -0.4 0.2 L -1 -0.2 L -0.4 -0.3 Z	0.8765	G1	0		35.94	2.7962	False	False	0	0.0	3.00	30.00
4071	-1	1	Astrocyte	275	780	5.9867	M 0 -1 L 0.4 -0.3 L 1 -0.2 L 0.4 0.2 L 0.5 1 L 0 0.5 L -0.5 1 L -0.4 0.2 L -1 -0.2 L -0.4 -0.3 Z	0.7709	G1	0		36.64	3.2644	False	False	0	0.0	3.00	30.00
4072	-1	1	Astrocyte	161	22	4.5263	M 0 -1 L 0.4 -0.3 L 1 -0.2 L 0.4 0.2 L 0.5 1 L 0 0.5 L -0.5 1 L -0.4 0.2 L -1 -0.2 L -0.4 -0.3 Z	1.0836	G1	0		36.09	3.9180	False	False	0	0.0	3.00	30.00
4073	-1	1	Astrocyte	746	982	1.7100	M 0 -1 L 0.4 -0.3 L 1 -0.2 L 0.4 0.2 L 0.5 1 L 0 0.5 L -0.5 1 L -0.4 0.2 L -1 -0.2 L -0.4 -0.3 Z	0.8267	G1	0		37.12	4.1736	False	False	0	0.0	3.00	30.00
4074	-1	1	Astrocyte	50	849	5.5329	M 0 -1 L 0.4 -0.3 L 1 -0.2 L 0.4 0.2 L 0.5 1 L 0 0.5 L -0.5 1 L -0.4 0.2 L -1 -0.2 L -0.4 -0.3 Z	0.9056	G1	0		37.10	4.2133	False	False	0	0.0	3.00	30.00
4075	-1	1	Astrocyte	23	163	5.4013	M 0 -1 L 0.4 -0.3 L 1 -0.2 L 0.4 0.2 L 0.5 1 L 0 0.5 L -0.5 1 L -0.4 0.2 L -1 -0.2 L -0.4 -0.3 Z	0.9952	G1	0		37.17	4.3779	False	False	0	0.0	3.00	30.00
4076	-1	1	Astrocyte	980	974	3.2601	M 0 -1 L 0.4 -0.3 L 1 -0.2 L 0.4 0.2 L 0.5 1 L 0 0.5 L -0.5 1 L -0.4 0.2 L -1 -0.2 L -0.4 -0.3 Z	1.0387	G1	0		36.97	4.3072	False	False	0	0.0	3.00	30.00
4077	-1	1	Astrocyte	661	886	5.0713	M 0 -1 L 0.4 -0.3 L 1 -0.2 L 0.4 0.2 L 0.5 1 L 0 0.5 L -0.5 1 L -0.4 0.2 L -1 -0.2 L -0.4 -0.3 Z	1.1050	G1	0		36.65	3.5445	False	False	0	0.0	3.00	30.00
4078	-1	1	Astrocyte	96	115	0.9878	M 0 -1 L 0.4 -0.3 L 1 -0.2 L 0.4 0.2 L 0.5 1 L 0 0.5 L -0.5 1 L -0.4 0.2 L -1 -0.2 L -0.4 -0.3 Z	1.0740	G1	0		36.72	3.9098	False	False	0	0.0	3.00	30.00
4079	-1	1	Astrocyte	886	462	5.2399	M 0 -1 L 0.4 -0.3 L 1 -0.2 L 0.4 0.2 L 0.5 1 L 0 0.5 L -0.5 1 L -0.4 0.2 L -1 -0.2 L -0.4 -0.3 Z	1.0194	G1	0		35.87	3.1171	False	False	0	0.0	3.00	30.00
4080	-1	1	Astrocyte	397	767	3.7126	M 0 -1 L 0.4 -0.3 L 1 -0.2 L 0.4 0.2 L 0.5 1 L 0 0.5 L -0.5 1 L -0.4 0.2 L -1 -0.2 L -0.4 -0.3 Z	1.3655	G1	0		36.26	2.8411	False	False	0	0.0	3.00	30.00
4081	-1	1	Astrocyte	712	799	3.7990	M 0 -1 L 0.4 -0.3 L 1 -0.2 L 0.4 0.2 L 0.5 1 L 0 0.5 L -0.5 1 L -0.4 0.2 L -1 -0.2 L -0.4 -0.3 Z	1.0445	G1	0		37.13	3.4045	False	False	0	0.0	3.00	30.00
4082	-1	1	Astrocyte	625	710	1.2842	M 0 -1 L 0.4 -0.3 L 1 -0.2 L 0.4 0.2 L 0.5 1 L 0 0.5 L -0.5 1 L -0.4 0.2 L -1 -0.2 L -0.4 -0.3 Z	1.0974	G1	0		34.88	2.0551	False	False	0	0.0	3.00	30.00
4083	-1	1	Astrocyte	390	556	5.0881	M 0 -1 L 0.4 -0.3 L 1 -0.2 L 0.4 0.2 L 0.5 1 L 0 0.5 L -0.5 1 L -0.4 0.2 L -1 -0.2 L -0.4 -0.3 Z	1.0801	G1	0		34.35	1.5788	False	False	0	0.0	3.00	30.00
4084	-1	1	Astrocyte	489	919	2.9475	M 0 -1 L 0.4 -0.3 L 1 -0.2 L 0.4 0.2 L 0.5 1 L 0 0.5 L -0.5 1 L -0.4 0.2 L -1 -0.2 L -0.4 -0.3 Z	0.9908	G1	0		36.45	3.6473	False	False	0	0.0	3.00	30.00
4085	-1	1	Astrocyte	759	837	3.6724	M 0 -1 L 0.4 -0.3 L 1 -0.2 L 0.4 0.2 L 0.5 1 L 0 0.5 L -0.5 1 L -0.4 0.2 L -1 -0.2 L -0.4 -0.3 Z	1.3177	G1	0		36.62	3.4980	False	False	0	0.0	3.00	30.00
4086	-1	1	Astrocyte	688	104	6.1719	M 0 -1 L 0.4 -0.3 L 1 -0.2 L 0.4 0.2 L 0.5 1 L 0 0.5 L -0.5 1 L -0.4 0.2 L -1 -0.2 L -0.4 -0.3 Z	0.9482	G1	0		36.70	3.6411	False	False	0	0.0	3.00	30.00
4087	-1	1	Astrocyte	123	648	2.6960	M 0 -1 L 0.4 -0.3 L 1 -0.2 L 0.4 0.2 L 0.5 1 L 0 0.5 L -0.5 1 L -0.4 0.2 L -1 -0.2 L -0.4 -0.3 Z	0.9179	G1	0		35.62	3.0041	False	False	0	0.0	3.00	30.00
4088	-1	1	Astrocyte	144	568	3.9031	M 0 -1 L 0.4 -0.3 L 1 -0.2 L 0.4 0.2 L 0.5 1 L 0 0.5 L -0.5 1 L -0.4 0.2 L -1 -0.2 L -0.4 -0.3 Z	1.0359	G1	0		36.44	3.2653	False	False	0	0.0	3.00	30.00
4089	-1	1	Astrocyte	803	766	5.2075	M 0 -1 L 0.4 -0.3 L 1 -0.2 L 0.4 0.2 L 0.5 1 L 0 0.5 L -0.5 1 L -0.4 0.2 L -1 -0.2 L -0.4 -0.3 Z	0.9487	G1	0		35.96	3.0324	False	False	0	0.0	3.00	30.00
4090	-1	1	Astrocyte	365	208	3.1184	M 0 -1 L 0.4 -0.3 L 1 -0.2 L 0.4 0.2 L 0.5 1 L 0 0.5 L -0.5 1 L -0.4 0.2 L -1 -0.2 L -0.4 -0.3 Z	1.1500	G1	0		36.26	2.9402	False	False	0	0.0	3.00	30.00
4091	-1	1	Astrocyte	478	286	1.2022	M 0 -1 L 0.4 -0.3 L 1 -0.2 L 0.4 0.2 L 0.5 1 L 0 0.5 L -0.5 1 L -0.4 0.2 L -1 -0.2 L -0.4 -0.3 Z	0.9718	G1	0		35.46	2.2303	False	False	0	0.0	3.00	30.00
4092	-1	1	Astrocyte	535	407	3.9370	M 0 -1 L 0.4 -0.3 L 1 -0.2 L 0.4 0.2 L 0.5 1 L 0 0.5 L -0.5 1 L -0.4 0.2 L -1 -0.2 L -0.4 -0.3 Z	1.0504	G1	0		36.21	2.3353	False	False	0	0.0	3.00	30.00
4093	-1	1	Astrocyte	559	579	3.2017	M 0 -1 L 0.4 -0.3 L 1 -0.2 L 0.4 0.2 L 0.5 1 L 0 0.5 L -0.5 1 L -0.4 0.2 L -1 -0.2 L -0.4 -0.3 Z	0.9196	G1	0		35.02	1.8394	False	False	0	0.0	3.00	30.00
4094	-1	1	Astrocyte	434	858	4.4198	M 0 -1 L 0.4 -0.3 L 1 -0.2 L 0.4 0.2 L 0.5 1 L 0 0.5 L -0.5 1 L -0.4 0.2 L -1 -0.2 L -0.4 -0.3 Z	1.0416	G1	0		36.14	3.0345	False	False	0	0.0	3.00	30.00
4095	-1	1	Astrocyte	450	549	3.6255	M 0 -1 L 0.4 -0.3 L 1 -0.2 L 0.4 0.2 L 0.5 1 L 0 0.5 L -0.5 1 L -0.4 0.2 L -1 -0.2 L -0.4 -0.3 Z	1.2677	G1	0		35.76	2.2356	False	False	0	0.0	3.00	30.00
4096	-1	1	Astrocyte	245	623	2.4272	M 0 -1 L 0.4 -0.3 L 1 -0.2 L 0.4 0.2 L 0.5 1 L 0 0.5 L -0.5 1 L -0.4 0.2 L -1 -0.2 L -0.4 -0.3 Z	0.8429	G1	0		36.06	2.6973	False	False	0	0.0	3.00	30.00
4097	-1	1	Astrocyte	734	580	0.3196	M 0 -1 L 0.4 -0.3 L 1 -0.2 L 0.4 0.2 L 0.5 1 L 0 0.5 L -0.5 1 L -0.4 0.2 L -1 -0.2 L -0.4 -0.3 Z	0.9520	G1	0		35.57	2.3021	False	False	0	0.0	3.00	30.00
4098	-1	1	Astrocyte	900	409	1.1888	M 0 -1 L 0.4 -0.3 L 1 -0.2 L 0.4 0.2 L 0.5 1 L 0 0.5 L -0.5 1 L -0.4 0.2 L -1 -0.2 L -0.4 -0.3 Z	0.9504	G1	0		37.09	3.7447	False	False	0	0.0	3.00	30.00
4099	-1	1	Astrocyte	964	237	4.1924	M 0 -1 L 0.4 -0.3 L 1 -0.2 L 0.4 0.2 L 0.5 1 L 0 0.5 L -0.5 1 L -0.4 0.2 L -1 -0.2 L -0.4 -0.3 Z	1.0197	G1	0		36.79	4.0342	False	False	0	0.0	3.00	30.00
4100	-1	1	Astrocyte	953	566	5.8801	M 0 -1 L 0.4 -0.3 L 1 -0.2 L 0.4 0.2 L 0.5 1 L 0 0.5 L -0.5 1 L -0.4 0.2 L -1 -0.2 L -0.4 -0.3 Z	1.2635	G1	0		36.63	3.8674	False	False	0	0.0	3.00	30.00
4101	-1	1	Astrocyte	0	404	3.3103	M 0 -1 L 0.4 -0.3 L 1 -0.2 L 0.4 0.2 L 0.5 1 L 0 0.5 L -0.5 1 L -0.4 0.2 L -1 -0.2 L -0.4 -0.3 Z	0.9362	G1	0		37.52	4.7260	False	False	0	0.0	3.00	30.00
4102	-1	1	Astrocyte	741	770	2.8065	M 0 -1 L 0.4 -0.3 L 1 -0.2 L 0.4 0.2 L 0.5 1 L 0 0.5 L -0.5 1 L -0.4 0.2 L -1 -0.2 L -0.4 -0.3 Z	1.0421	G1	0		36.05	2.9811	False	False	0	0.0	3.00	30.00
4103	-1	1	Astrocyte	213	471	2.0462	M 0 -1 L 0.4 -0.3 L 1 -0.2 L 0.4 0.2 L 0.5 1 L 0 0.5 L -0.5 1 L -0.4 0.2 L -1 -0.2 L -0.4 -0.3 Z	0.9368	G1	0		36.03	2.7901	False	False	0	0.0	3.00	30.00
4104	-1	1	Astrocyte	403	269	5.1360	M 0 -1 L 0.4 -0.3 L 1 -0.2 L 0.4 0.2 L 0.5 1 L 0 0.5 L -0.5 1 L -0.4 0.2 L -1 -0.2 L -0.4 -0.3 Z	0.9135	G1	0		35.68	2.4188	False	False	0	0.0	3.00	30.00
4105	-1	1	Astrocyte	346	512	6.1490	M 0 -1 L 0.4 -0.3 L 1 -0.2 L 0.4 0.2 L 0.5 1 L 0 0.5 L -0.5 1 L -0.4 0.2 L -1 -0.2 L -0.4 -0.3 Z	1.1279	G1	0		35.98	2.3877	False	False	0	0.0	3.00	30.00
4106	-1	1	Astrocyte	518	968	3.8661	M 0 -1 L 0.4 -0.3 L 1 -0.2 L 0.4 0.2 L 0.5 1 L 0 0.5 L -0.5 1 L -0.4 0.2 L -1 -0.2 L -0.4 -0.3 Z	1.0671	G1	0		37.43	4.2860	False	False	0	0.0	3.00	30.00
4107	-1	1	Astrocyte	216	956	5.5586	M 0 -1 L 0.4 -0.3 L 1 -0.2 L 0.4 0.2 L 0.5 1 L 0 0.5 L -0.5 1 L -0.4 0.2 L -1 -0.2 L -0.4 -0.3 Z	0.8005	G1	0		37.00	4.1729	False	False	0	0.0	3.00	30.00
4108	-1	1	Astrocyte	349	382	4.2137	M 0 -1 L 0.4 -0.3 L 1 -0.2 L 0.4 0.2 L 0.5 1 L 0 0.5 L -0.5 1 L -0.4 0.2 L -1 -0.2 L -0.4 -0.3 Z	1.0223	G1	0		36.47	2.5897	False	False	0	0.0	3.00	30.00
4109	-1	1	Astrocyte	643	712	1.1422	M 0 -1 L 0.4 -0.3 L 1 -0.2 L 0.4 0.2 L 0.5 1 L 0 0.5 L -0.5 1 L -0.4 0.2 L -1 -0.2 L -0.4 -0.3 Z	0.9823	G1	0		36.18	2.6925	False	False	0	0.0	3.00	30.00
4110	-1	1	Astrocyte	449	307	4.5081	M 0 -1 L 0.4 -0.3 L 1 -0.2 L 0.4 0.2 L 0.5 1 L 0 0.5 L -0.5 1 L -0.4 0.2 L -1 -0.2 L -0.4 -0.3 Z	1.1762	G1	0		35.36	2.1960	False	False	0	0.0	3.00	30.00
4111	-1	1	Astrocyte	103	625	4.9627	M 0 -1 L 0.4 -0.3 L 1 -0.2 L 0.4 0.2 L 0.5 1 L 0 0.5 L -0.5 1 L -0.4 0.2 L -1 -0.2 L -0.4 -0.3 Z	1.0706	G1	0		37.14	3.5628	False	False	0	0.0	3.00	30.00
4112	-1	1	Astrocyte	160	63	1.5032	M 0 -1 L 0.4 -0.3 L 1 -0.2 L 0.4 0.2 L 0.5 1 L 0 0.5 L -0.5 1 L -0.4 0.2 L -1 -0.2 L -0.4 -0.3 Z	1.0481	G1	0		37.08	4.1865	False	False	0	0.0	3.00	30.00
4113	-1	1	Astrocyte	663	447	2.2034	M 0 -1 L 0.4 -0.3 L 1 -0.2 L 0.4 0.2 L 0.5 1 L 0 0.5 L -0.5 1 L -0.4 0.2 L -1 -0.2 L -0.4 -0.3 Z	0.9411	G1	0		35.95	2.3914	False	False	0	0.0	3.00	30.00
4114	-1	1	Astrocyte	419	283	5.2185	M 0 -1 L 0.4 -0.3 L 1 -0.2 L 0.4 0.2 L 0.5 1 L 0 0.5 L -0.5 1 L -0.4 0.2 L -1 -0.2 L -0.4 -0.3 Z	0.9313	G1	0		35.42	2.3030	False	False	0	0.0	3.00	30.00
4115	-1	1	Astrocyte	387	630	5.9650	M 0 -1 L 0.4 -0.3 L 1 -0.2 L 0.4 0.2 L 0.5 1 L 0 0.5 L -0.5 1 L -0.4 0.2 L -1 -0.2 L -0.4 -0.3 Z	1.1619	G1	0		36.06	2.4952	False	False	0	0.0	3.00	30.00
4116	-1	1	Astrocyte	905	550	5.1124	M 0 -1 L 0.4 -0.3 L 1 -0.2 L 0.4 0.2 L 0.5 1 L 0 0.5 L -0.5 1 L -0.4 0.2 L -1 -0.2 L -0.4 -0.3 Z	0.7473	G1	0		36.63	3.5773	False	False	0	0.0	3.00	30.00
4117	-1	1	Astrocyte	178	460	2.8941	M 0 -1 L 0.4 -0.3 L 1 -0.2 L 0.4 0.2 L 0.5 1 L 0 0.5 L -0.5 1 L -0.4 0.2 L -1 -0.2 L -0.4 -0.3 Z	0.8240	G1	0		36.89	3.2052	False	False	0	0.0	3.00	30.00
4118	-1	1	Astrocyte	242	217	1.2547	M 0 -1 L 0.4 -0.3 L 1 -0.2 L 0.4 0.2 L 0.5 1 L 0 0.5 L -0.5 1 L -0.4 0.2 L -1 -0.2 L -0.4 -0.3 Z	1.0566	G1	0		36.77	3.3112	False	False	0	0.0	3.00	30.00
4119	-1	1	Astrocyte	654	660	1.9538	M 0 -1 L 0.4 -0.3 L 1 -0.2 L 0.4 0.2 L 0.5 1 L 0 0.5 L -0.5 1 L -0.4 0.2 L -1 -0.2 L -0.4 -0.3 Z	0.8413	G1	0		34.98	2.0523	False	False	0	0.0	3.00	30.00
4120	-1	1	Astrocyte	363	329	4.6018	M 0 -1 L 0.4 -0.3 L 1 -0.2 L 0.4 0.2 L 0.5 1 L 0 0.5 L -0.5 1 L -0.4 0.2 L -1 -0.2 L -0.4 -0.3 Z	0.9717	G1	0		36.16	2.5955	False	False	0	0.0	3.00	30.00
4121	-1	1	Astrocyte	533	729	4.3497	M 0 -1 L 0.4 -0.3 L 1 -0.2 L 0.4 0.2 L 0.5 1 L 0 0.5 L -0.5 1 L -0.4 0.2 L -1 -0.2 L -0.4 -0.3 Z	0.9481	G1	0		36.46	2.7747	False	False	0	0.0	3.00	30.00
4123	-1	1	Astrocyte	841	769	3.7395	M 0 -1 L 0.4 -0.3 L 1 -0.2 L 0.4 0.2 L 0.5 1 L 0 0.5 L -0.5 1 L -0.4 0.2 L -1 -0.2 L -0.4 -0.3 Z	0.7622	G1	0		36.71	3.5404	False	False	0	0.0	3.00	30.00
4124	-1	1	Astrocyte	358	362	0.3254	M 0 -1 L 0.4 -0.3 L 1 -0.2 L 0.4 0.2 L 0.5 1 L 0 0.5 L -0.5 1 L -0.4 0.2 L -1 -0.2 L -0.4 -0.3 Z	0.9492	G1	0		36.16	2.5543	False	False	0	0.0	3.00	30.00
4125	-1	1	Astrocyte	25	707	2.5438	M 0 -1 L 0.4 -0.3 L 1 -0.2 L 0.4 0.2 L 0.5 1 L 0 0.5 L -0.5 1 L -0.4 0.2 L -1 -0.2 L -0.4 -0.3 Z	0.9293	G1	0		36.94	4.1856	False	False	0	0.0	3.00	30.00
4126	-1	1	Astrocyte	22	307	4.8987	M 0 -1 L 0.4 -0.3 L 1 -0.2 L 0.4 0.2 L 0.5 1 L 0 0.5 L -0.5 1 L -0.4 0.2 L -1 -0.2 L -0.4 -0.3 Z	1.0341	G1	0		37.18	4.3437	False	False	0	0.0	3.00	30.00
4127	-1	1	Astrocyte	404	72	1.6747	M 0 -1 L 0.4 -0.3 L 1 -0.2 L 0.4 0.2 L 0.5 1 L 0 0.5 L -0.5 1 L -0.4 0.2 L -1 -0.2 L -0.4 -0.3 Z	0.9675	G1	0		37.54	3.9111	False	False	0	0.0	3.00	30.00
4128	-1	1	Astrocyte	134	907	0.6433	M 0 -1 L 0.4 -0.3 L 1 -0.2 L 0.4 0.2 L 0.5 1 L 0 0.5 L -0.5 1 L -0.4 0.2 L -1 -0.2 L -0.4 -0.3 Z	1.1241	G1	0		36.84	3.9668	False	False	0	0.0	3.00	30.00
4129	-1	1	Astrocyte	848	469	2.8309	M 0 -1 L 0.4 -0.3 L 1 -0.2 L 0.4 0.2 L 0.5 1 L 0 0.5 L -0.5 1 L -0.4 0.2 L -1 -0.2 L -0.4 -0.3 Z	1.1149	G1	0		36.79	3.4321	False	False	0	0.0	3.00	30.00
4130	-1	1	Astrocyte	825	896	3.8862	M 0 -1 L 0.4 -0.3 L 1 -0.2 L 0.4 0.2 L 0.5 1 L 0 0.5 L -0.5 1 L -0.4 0.2 L -1 -0.2 L -0.4 -0.3 Z	0.7382	G1	0		37.63	4.0059	False	False	0	0.0	3.00	30.00
4131	-1	1	Astrocyte	615	989	2.2304	M 0 -1 L 0.4 -0.3 L 1 -0.2 L 0.4 0.2 L 0.5 1 L 0 0.5 L -0.5 1 L -0.4 0.2 L -1 -0.2 L -0.4 -0.3 Z	1.1439	G1	0		37.25	4.4619	False	False	0	0.0	3.00	30.00
4132	-1	1	Astrocyte	928	433	3.6014	M 0 -1 L 0.4 -0.3 L 1 -0.2 L 0.4 0.2 L 0.5 1 L 0 0.5 L -0.5 1 L -0.4 0.2 L -1 -0.2 L -0.4 -0.3 Z	0.8042	G1	0		37.29	4.1490	False	False	0	0.0	3.00	30.00
4133	-1	1	Astrocyte	386	16	4.7787	M 0 -1 L 0.4 -0.3 L 1 -0.2 L 0.4 0.2 L 0.5 1 L 0 0.5 L -0.5 1 L -0.4 0.2 L -1 -0.2 L -0.4 -0.3 Z	1.2188	G1	0		36.70	4.1085	False	False	0	0.0	3.00	30.00
4134	-1	1	Astrocyte	738	587	2.4807	M 0 -1 L 0.4 -0.3 L 1 -0.2 L 0.4 0.2 L 0.5 1 L 0 0.5 L -0.5 1 L -0.4 0.2 L -1 -0.2 L -0.4 -0.3 Z	0.8201	G1	0		34.41	1.6595	False	False	0	0.0	3.00	30.00
4135	-1	1	Astrocyte	158	290	4.8677	M 0 -1 L 0.4 -0.3 L 1 -0.2 L 0.4 0.2 L 0.5 1 L 0 0.5 L -0.5 1 L -0.4 0.2 L -1 -0.2 L -0.4 -0.3 Z	0.9859	G1	0		36.30	3.2764	False	False	0	0.0	3.00	30.00
4136	-1	1	Astrocyte	19	416	0.3593	M 0 -1 L 0.4 -0.3 L 1 -0.2 L 0.4 0.2 L 0.5 1 L 0 0.5 L -0.5 1 L -0.4 0.2 L -1 -0.2 L -0.4 -0.3 Z	0.8979	G1	0		35.66	3.6209	False	False	0	0.0	3.00	30.00
4137	-1	1	Astrocyte	130	64	6.0263	M 0 -1 L 0.4 -0.3 L 1 -0.2 L 0.4 0.2 L 0.5 1 L 0 0.5 L -0.5 1 L -0.4 0.2 L -1 -0.2 L -0.4 -0.3 Z	1.0651	G1	0		36.74	4.0283	False	False	0	0.0	3.00	30.00
4138	-1	1	Astrocyte	709	23	2.0198	M 0 -1 L 0.4 -0.3 L 1 -0.2 L 0.4 0.2 L 0.5 1 L 0 0.5 L -0.5 1 L -0.4 0.2 L -1 -0.2 L -0.4 -0.3 Z	0.8203	G1	0		36.99	4.2635	False	False	0	0.0	3.00	30.00
4139	-1	1	Astrocyte	291	505	4.3519	M 0 -1 L 0.4 -0.3 L 1 -0.2 L 0.4 0.2 L 0.5 1 L 0 0.5 L -0.5 1 L -0.4 0.2 L -1 -0.2 L -0.4 -0.3 Z	0.9934	G1	0		35.00	2.0314	False	False	0	0.0	3.00	30.00
4140	-1	1	Astrocyte	590	360	5.1997	M 0 -1 L 0.4 -0.3 L 1 -0.2 L 0.4 0.2 L 0.5 1 L 0 0.5 L -0.5 1 L -0.4 0.2 L -1 -0.2 L -0.4 -0.3 Z	0.9494	G1	0		35.71	2.3314	False	False	0	0.0	3.00	30.00
4141	-1	1	Astrocyte	385	170	2.7341	M 0 -1 L 0.4 -0.3 L 1 -0.2 L 0.4 0.2 L 0.5 1 L 0 0.5 L -0.5 1 L -0.4 0.2 L -1 -0.2 L -0.4 -0.3 Z	0.9768	G1	0		36.94	3.2767	False	False	0	0.0	3.00	30.00
4142	-1	1	Astrocyte	946	855	4.8873	M 0 -1 L 0.4 -0.3 L 1 -0.2 L 0.4 0.2 L 0.5 1 L 0 0.5 L -0.5 1 L -0.4 0.2 L -1 -0.2 L -0.4 -0.3 Z	0.9938	G1	0		36.47	3.8568	False	False	0	0.0	3.00	30.00
4143	-1	1	Astrocyte	14	569	1.7217	M 0 -1 L 0.4 -0.3 L 1 -0.2 L 0.4 0.2 L 0.5 1 L 0 0.5 L -0.5 1 L -0.4 0.2 L -1 -0.2 L -0.4 -0.3 Z	1.0241	G1	0		36.22	3.9380	False	False	0	0.0	3.00	30.00
4144	-1	1	Astrocyte	475	466	3.9838	M 0 -1 L 0.4 -0.3 L 1 -0.2 L 0.4 0.2 L 0.5 1 L 0 0.5 L -0.5 1 L -0.4 0.2 L -1 -0.2 L -0.4 -0.3 Z	1.0947	G1	0		35.32	1.8725	False	False	0	0.0	3.00	30.00
4145	-1	1	Astrocyte	349	400	4.6931	M 0 -1 L 0.4 -0.3 L 1 -0.2 L 0.4 0.2 L 0.5 1 L 0 0.5 L -0.5 1 L -0.4 0.2 L -1 -0.2 L -0.4 -0.3 Z	1.0002	G1	0		36.20	2.5553	False	False	0	0.0	3.00	30.00
4146	-1	1	Astrocyte	351	468	1.7948	M 0 -1 L 0.4 -0.3 L 1 -0.2 L 0.4 0.2 L 0.5 1 L 0 0.5 L -0.5 1 L -0.4 0.2 L -1 -0.2 L -0.4 -0.3 Z	0.9147	G1	0		35.93	2.3344	False	False	0	0.0	3.00	30.00
4147	-1	1	Astrocyte	849	676	2.1930	M 0 -1 L 0.4 -0.3 L 1 -0.2 L 0.4 0.2 L 0.5 1 L 0 0.5 L -0.5 1 L -0.4 0.2 L -1 -0.2 L -0.4 -0.3 Z	0.9521	G1	0		37.22	3.4925	False	False	0	0.0	3.00	30.00
4148	-1	1	Astrocyte	490	859	1.9612	M 0 -1 L 0.4 -0.3 L 1 -0.2 L 0.4 0.2 L 0.5 1 L 0 0.5 L -0.5 1 L -0.4 0.2 L -1 -0.2 L -0.4 -0.3 Z	1.1387	G1	0		37.17	3.5115	False	False	0	0.0	3.00	30.00
4149	-1	1	Astrocyte	589	382	5.9518	M 0 -1 L 0.4 -0.3 L 1 -0.2 L 0.4 0.2 L 0.5 1 L 0 0.5 L -0.5 1 L -0.4 0.2 L -1 -0.2 L -0.4 -0.3 Z	0.8922	G1	0		36.20	2.5047	False	False	0	0.0	3.00	30.00
4150	-1	1	Astrocyte	486	146	3.3090	M 0 -1 L 0.4 -0.3 L 1 -0.2 L 0.4 0.2 L 0.5 1 L 0 0.5 L -0.5 1 L -0.4 0.2 L -1 -0.2 L -0.4 -0.3 Z	0.7129	G1	0		36.09	3.0385	False	False	0	0.0	3.00	30.00
4151	-1	1	Astrocyte	42	18	1.8676	M 0 -1 L 0.4 -0.3 L 1 -0.2 L 0.4 0.2 L 0.5 1 L 0 0.5 L -0.5 1 L -0.4 0.2 L -1 -0.2 L -0.4 -0.3 Z	1.0124	G1	0		37.15	4.4136	False	False	0	0.0	3.00	30.00
4152	-1	1	Astrocyte	942	308	0.1950	M 0 -1 L 0.4 -0.3 L 1 -0.2 L 0.4 0.2 L 0.5 1 L 0 0.5 L -0.5 1 L -0.4 0.2 L -1 -0.2 L -0.4 -0.3 Z	1.0492	G1	0		36.31	3.5870	False	False	0	0.0	3.00	30.00
4153	-1	1	Astrocyte	401	348	4.0052	M 0 -1 L 0.4 -0.3 L 1 -0.2 L 0.4 0.2 L 0.5 1 L 0 0.5 L -0.5 1 L -0.4 0.2 L -1 -0.2 L -0.4 -0.3 Z	1.0126	G1	0		35.73	2.3341	False	False	0	0.0	3.00	30.00
4154	-1	1	Astrocyte	723	95	4.8957	M 0 -1 L 0.4 -0.3 L 1 -0.2 L 0.4 0.2 L 0.5 1 L 0 0.5 L -0.5 1 L -0.4 0.2 L -1 -0.2 L -0.4 -0.3 Z	1.1141	G1	0		36.60	3.6282	False	False	0	0.0	3.00	30.00
4155	-1	1	Astrocyte	855	699	4.2797	M 0 -1 L 0.4 -0.3 L 1 -0.2 L 0.4 0.2 L 0.5 1 L 0 0.5 L -0.5 1 L -0.4 0.2 L -1 -0.2 L -0.4 -0.3 Z	1.0635	G1	0		36.70	3.4915	False	False	0	0.0	3.00	30.00
4156	-1	1	Astrocyte	213	847	3.3932	M 0 -1 L 0.4 -0.3 L 1 -0.2 L 0.4 0.2 L 0.5 1 L 0 0.5 L -0.5 1 L -0.4 0.2 L -1 -0.2 L -0.4 -0.3 Z	0.9527	G1	0		36.66	3.5473	False	False	0	0.0	3.00	30.00
4157	-1	1	Astrocyte	186	194	0.9876	M 0 -1 L 0.4 -0.3 L 1 -0.2 L 0.4 0.2 L 0.5 1 L 0 0.5 L -0.5 1 L -0.4 0.2 L -1 -0.2 L -0.4 -0.3 Z	1.0873	G1	0		36.72	3.5632	False	False	0	0.0	3.00	30.00
4158	-1	1	Astrocyte	366	447	2.1728	M 0 -1 L 0.4 -0.3 L 1 -0.2 L 0.4 0.2 L 0.5 1 L 0 0.5 L -0.5 1 L -0.4 0.2 L -1 -0.2 L -0.4 -0.3 Z	1.0808	G1	0		35.97	2.2898	False	False	0	0.0	3.00	30.00
4159	-1	1	Astrocyte	233	551	4.8618	M 0 -1 L 0.4 -0.3 L 1 -0.2 L 0.4 0.2 L 0.5 1 L 0 0.5 L -0.5 1 L -0.4 0.2 L -1 -0.2 L -0.4 -0.3 Z	0.9463	G1	0		36.16	2.6074	False	False	0	0.0	3.00	30.00
4160	-1	1	Astrocyte	126	231	3.1720	M 0 -1 L 0.4 -0.3 L 1 -0.2 L 0.4 0.2 L 0.5 1 L 0 0.5 L -0.5 1 L -0.4 0.2 L -1 -0.2 L -0.4 -0.3 Z	0.8821	G1	0		37.10	3.7007	False	False	0	0.0	3.00	30.00
4161	-1	1	Astrocyte	582	252	3.6539	M 0 -1 L 0.4 -0.3 L 1 -0.2 L 0.4 0.2 L 0.5 1 L 0 0.5 L -0.5 1 L -0.4 0.2 L -1 -0.2 L -0.4 -0.3 Z	0.8631	G1	0		35.79	2.5711	False	False	0	0.0	3.00	30.00
4162	-1	1	Astrocyte	137	150	1.5969	M 0 -1 L 0.4 -0.3 L 1 -0.2 L 0.4 0.2 L 0.5 1 L 0 0.5 L -0.5 1 L -0.4 0.2 L -1 -0.2 L -0.4 -0.3 Z	1.0092	G1	0		36.57	3.6960	False	False	0	0.0	3.00	30.00
4163	-1	1	Astrocyte	585	474	6.2632	M 0 -1 L 0.4 -0.3 L 1 -0.2 L 0.4 0.2 L 0.5 1 L 0 0.5 L -0.5 1 L -0.4 0.2 L -1 -0.2 L -0.4 -0.3 Z	1.0207	G1	0		35.65	2.0646	False	False	0	0.0	3.00	30.00
4164	-1	1	Astrocyte	850	558	4.2221	M 0 -1 L 0.4 -0.3 L 1 -0.2 L 0.4 0.2 L 0.5 1 L 0 0.5 L -0.5 1 L -0.4 0.2 L -1 -0.2 L -0.4 -0.3 Z	0.9073	G1	0		36.71	3.3945	False	False	0	0.0	3.00	30.00
4165	-1	1	Astrocyte	715	544	4.5438	M 0 -1 L 0.4 -0.3 L 1 -0.2 L 0.4 0.2 L 0.5 1 L 0 0.5 L -0.5 1 L -0.4 0.2 L -1 -0.2 L -0.4 -0.3 Z	1.1574	G1	0		35.84	2.4007	False	False	0	0.0	3.00	30.00
4166	-1	1	Astrocyte	243	46	1.1622	M 0 -1 L 0.4 -0.3 L 1 -0.2 L 0.4 0.2 L 0.5 1 L 0 0.5 L -0.5 1 L -0.4 0.2 L -1 -0.2 L -0.4 -0.3 Z	1.0316	G1	0		36.87	4.0497	False	False	0	0.0	3.00	30.00
4167	-1	1	Astrocyte	451	220	0.6778	M 0 -1 L 0.4 -0.3 L 1 -0.2 L 0.4 0.2 L 0.5 1 L 0 0.5 L -0.5 1 L -0.4 0.2 L -1 -0.2 L -0.4 -0.3 Z	1.1132	G1	0		36.97	3.0435	False	False	0	0.0	3.00	30.00
4168	-1	1	Astrocyte	471	448	3.3827	M 0 -1 L 0.4 -0.3 L 1 -0.2 L 0.4 0.2 L 0.5 1 L 0 0.5 L -0.5 1 L -0.4 0.2 L -1 -0.2 L -0.4 -0.3 Z	1.0442	G1	0		35.45	1.9493	False	False	0	0.0	3.00	30.00
4169	-1	1	Astrocyte	258	893	3.8970	M 0 -1 L 0.4 -0.3 L 1 -0.2 L 0.4 0.2 L 0.5 1 L 0 0.5 L -0.5 1 L -0.4 0.2 L -1 -0.2 L -0.4 -0.3 Z	0.9174	G1	0		35.81	3.2535	False	False	0	0.0	3.00	30.00
4170	-1	1	Astrocyte	358	561	2.4396	M 0 -1 L 0.4 -0.3 L 1 -0.2 L 0.4 0.2 L 0.5 1 L 0 0.5 L -0.5 1 L -0.4 0.2 L -1 -0.2 L -0.4 -0.3 Z	1.2233	G1	0		35.44	2.1502	False	False	0	0.0	3.00	30.00
4171	-1	1	Astrocyte	19	936	5.9817	M 0 -1 L 0.4 -0.3 L 1 -0.2 L 0.4 0.2 L 0.5 1 L 0 0.5 L -0.5 1 L -0.4 0.2 L -1 -0.2 L -0.4 -0.3 Z	0.9977	G1	0		37.58	4.5191	False	False	0	0.0	3.00	30.00
4172	-1	1	Astrocyte	552	953	6.1664	M 0 -1 L 0.4 -0.3 L 1 -0.2 L 0.4 0.2 L 0.5 1 L 0 0.5 L -0.5 1 L -0.4 0.2 L -1 -0.2 L -0.4 -0.3 Z	0.9488	G1	0		35.96	3.5750	False	False	0	0.0	3.00	30.00
4173	-1	1	Astrocyte	142	758	2.6498	M 0 -1 L 0.4 -0.3 L 1 -0.2 L 0.4 0.2 L 0.5 1 L 0 0.5 L -0.5 1 L -0.4 0.2 L -1 -0.2 L -0.4 -0.3 Z	1.0666	G1	0		36.91	3.7096	False	False	0	0.0	3.00	30.00
4174	-1	1	Astrocyte	51	206	1.9834	M 0 -1 L 0.4 -0.3 L 1 -0.2 L 0.4 0.2 L 0.5 1 L 0 0.5 L -0.5 1 L -0.4 0.2 L -1 -0.2 L -0.4 -0.3 Z	0.8444	G1	0		35.53	3.4253	False	False	0	0.0	3.00	30.00
4175	-1	1	Astrocyte	264	673	0.8697	M 0 -1 L 0.4 -0.3 L 1 -0.2 L 0.4 0.2 L 0.5 1 L 0 0.5 L -0.5 1 L -0.4 0.2 L -1 -0.2 L -0.4 -0.3 Z	0.9244	G1	0		36.92	2.9975	False	False	0	0.0	3.00	30.00
4176	-1	1	Astrocyte	440	735	3.5144	M 0 -1 L 0.4 -0.3 L 1 -0.2 L 0.4 0.2 L 0.5 1 L 0 0.5 L -0.5 1 L -0.4 0.2 L -1 -0.2 L -0.4 -0.3 Z	1.1041	G1	0		36.37	2.8048	False	False	0	0.0	3.00	30.00
4177	-1	1	Astrocyte	881	218	0.4597	M 0 -1 L 0.4 -0.3 L 1 -0.2 L 0.4 0.2 L 0.5 1 L 0 0.5 L -0.5 1 L -0.4 0.2 L -1 -0.2 L -0.4 -0.3 Z	0.8973	G1	0		36.03	3.2624	False	False	0	0.0	3.00	30.00
4178	-1	1	Astrocyte	9	719	2.7333	M 0 -1 L 0.4 -0.3 L 1 -0.2 L 0.4 0.2 L 0.5 1 L 0 0.5 L -0.5 1 L -0.4 0.2 L -1 -0.2 L -0.4 -0.3 Z	1.0251	G1	0		37.09	4.5238	False	False	0	0.0	3.00	30.00
4179	-1	1	Astrocyte	867	310	3.0275	M 0 -1 L 0.4 -0.3 L 1 -0.2 L 0.4 0.2 L 0.5 1 L 0 0.5 L -0.5 1 L -0.4 0.2 L -1 -0.2 L -0.4 -0.3 Z	1.4320	G1	0		36.84	3.6169	False	False	0	0.0	3.00	30.00
4180	-1	1	Astrocyte	36	653	4.5824	M 0 -1 L 0.4 -0.3 L 1 -0.2 L 0.4 0.2 L 0.5 1 L 0 0.5 L -0.5 1 L -0.4 0.2 L -1 -0.2 L -0.4 -0.3 Z	0.9886	G1	0		36.74	4.0214	False	False	0	0.0	3.00	30.00
4181	-1	1	Astrocyte	686	215	3.7981	M 0 -1 L 0.4 -0.3 L 1 -0.2 L 0.4 0.2 L 0.5 1 L 0 0.5 L -0.5 1 L -0.4 0.2 L -1 -0.2 L -0.4 -0.3 Z	1.1035	G1	0		36.02	2.8079	False	False	0	0.0	3.00	30.00
4182	-1	1	Astrocyte	874	618	3.9132	M 0 -1 L 0.4 -0.3 L 1 -0.2 L 0.4 0.2 L 0.5 1 L 0 0.5 L -0.5 1 L -0.4 0.2 L -1 -0.2 L -0.4 -0.3 Z	1.1235	G1	0		36.59	3.4683	False	False	0	0.0	3.00	30.00
4183	-1	1	Astrocyte	872	397	2.9830	M 0 -1 L 0.4 -0.3 L 1 -0.2 L 0.4 0.2 L 0.5 1 L 0 0.5 L -0.5 1 L -0.4 0.2 L -1 -0.2 L -0.4 -0.3 Z	0.9964	G1	0		36.14	3.2170	False	False	0	0.0	3.00	30.00
4184	-1	1	Astrocyte	458	139	1.2418	M 0 -1 L 0.4 -0.3 L 1 -0.2 L 0.4 0.2 L 0.5 1 L 0 0.5 L -0.5 1 L -0.4 0.2 L -1 -0.2 L -0.4 -0.3 Z	0.8502	G1	0		36.21	3.2257	False	False	0	0.0	3.00	30.00
4185	-1	1	Astrocyte	398	559	0.1922	M 0 -1 L 0.4 -0.3 L 1 -0.2 L 0.4 0.2 L 0.5 1 L 0 0.5 L -0.5 1 L -0.4 0.2 L -1 -0.2 L -0.4 -0.3 Z	0.9325	G1	0		34.50	1.6516	False	False	0	0.0	3.00	30.00
4186	-1	1	Astrocyte	931	305	1.8342	M 0 -1 L 0.4 -0.3 L 1 -0.2 L 0.4 0.2 L 0.5 1 L 0 0.5 L -0.5 1 L -0.4 0.2 L -1 -0.2 L -0.4 -0.3 Z	1.1296	G1	0		36.97	3.9739	False	False	0	0.0	3.00	30.00
4187	-1	1	Astrocyte	941	902	5.3153	M 0 -1 L 0.4 -0.3 L 1 -0.2 L 0.4 0.2 L 0.5 1 L 0 0.5 L -0.5 1 L -0.4 0.2 L -1 -0.2 L -0.4 -0.3 Z	0.9835	G1	0		36.84	4.1742	False	False	0	0.0	3.00	30.00
4188	-1	1	Astrocyte	873	876	1.2897	M 0 -1 L 0.4 -0.3 L 1 -0.2 L 0.4 0.2 L 0.5 1 L 0 0.5 L -0.5 1 L -0.4 0.2 L -1 -0.2 L -0.4 -0.3 Z	1.2325	G1	0		36.85	3.9027	False	False	0	0.0	3.00	30.00
4189	-1	1	Astrocyte	879	293	2.0446	M 0 -1 L 0.4 -0.3 L 1 -0.2 L 0.4 0.2 L 0.5 1 L 0 0.5 L -0.5 1 L -0.4 0.2 L -1 -0.2 L -0.4 -0.3 Z	1.1595	G1	0		35.96	3.2477	False	False	0	0.0	3.00	30.00
4190	-1	1	Astrocyte	711	642	1.6712	M 0 -1 L 0.4 -0.3 L 1 -0.2 L 0.4 0.2 L 0.5 1 L 0 0.5 L -0.5 1 L -0.4 0.2 L -1 -0.2 L -0.4 -0.3 Z	1.0826	G1	0		36.13	2.6563	False	False	0	0.0	3.00	30.00
4191	-1	1	Astrocyte	299	473	5.3715	M 0 -1 L 0.4 -0.3 L 1 -0.2 L 0.4 0.2 L 0.5 1 L 0 0.5 L -0.5 1 L -0.4 0.2 L -1 -0.2 L -0.4 -0.3 Z	1.1493	G1	0		35.95	2.4817	False	False	0	0.0	3.00	30.00
4192	-1	1	Astrocyte	265	715	5.4086	M 0 -1 L 0.4 -0.3 L 1 -0.2 L 0.4 0.2 L 0.5 1 L 0 0.5 L -0.5 1 L -0.4 0.2 L -1 -0.2 L -0.4 -0.3 Z	1.1570	G1	0		35.90	2.7407	False	False	0	0.0	3.00	30.00
4193	-1	1	Astrocyte	692	698	1.3080	M 0 -1 L 0.4 -0.3 L 1 -0.2 L 0.4 0.2 L 0.5 1 L 0 0.5 L -0.5 1 L -0.4 0.2 L -1 -0.2 L -0.4 -0.3 Z	0.8946	G1	0		35.35	2.3685	False	False	0	0.0	3.00	30.00
4194	-1	1	Astrocyte	662	701	2.0811	M 0 -1 L 0.4 -0.3 L 1 -0.2 L 0.4 0.2 L 0.5 1 L 0 0.5 L -0.5 1 L -0.4 0.2 L -1 -0.2 L -0.4 -0.3 Z	0.7281	G1	0		35.58	2.4420	False	False	0	0.0	3.00	30.00
4195	-1	1	Astrocyte	402	432	0.8707	M 0 -1 L 0.4 -0.3 L 1 -0.2 L 0.4 0.2 L 0.5 1 L 0 0.5 L -0.5 1 L -0.4 0.2 L -1 -0.2 L -0.4 -0.3 Z	0.8121	G1	0		35.50	2.0414	False	False	0	0.0	3.00	30.00
4196	-1	1	Astrocyte	559	358	2.3012	M 0 -1 L 0.4 -0.3 L 1 -0.2 L 0.4 0.2 L 0.5 1 L 0 0.5 L -0.5 1 L -0.4 0.2 L -1 -0.2 L -0.4 -0.3 Z	1.0570	G1	0		36.14	2.4711	False	False	0	0.0	3.00	30.00
4197	-1	1	Astrocyte	780	700	5.3344	M 0 -1 L 0.4 -0.3 L 1 -0.2 L 0.4 0.2 L 0.5 1 L 0 0.5 L -0.5 1 L -0.4 0.2 L -1 -0.2 L -0.4 -0.3 Z	0.9125	G1	0		35.41	2.6665	False	False	0	0.0	3.00	30.00
4198	-1	1	Astrocyte	282	686	6.0319	M 0 -1 L 0.4 -0.3 L 1 -0.2 L 0.4 0.2 L 0.5 1 L 0 0.5 L -0.5 1 L -0.4 0.2 L -1 -0.2 L -0.4 -0.3 Z	1.0866	G1	0		36.20	2.7907	False	False	0	0.0	3.00	30.00
4199	-1	1	Astrocyte	469	917	3.5026	M 0 -1 L 0.4 -0.3 L 1 -0.2 L 0.4 0.2 L 0.5 1 L 0 0.5 L -0.5 1 L -0.4 0.2 L -1 -0.2 L -0.4 -0.3 Z	0.6456	G1	0		35.67	3.2215	False	False	0	0.0	3.00	30.00
4200	-1	1	Astrocyte	339	805	1.5143	M 0 -1 L 0.4 -0.3 L 1 -0.2 L 0.4 0.2 L 0.5 1 L 0 0.5 L -0.5 1 L -0.4 0.2 L -1 -0.2 L -0.4 -0.3 Z	0.9714	G1	0		35.23	2.5075	False	False	0	0.0	3.00	30.00
4201	-1	1	Astrocyte	280	39	1.1359	M 0 -1 L 0.4 -0.3 L 1 -0.2 L 0.4 0.2 L 0.5 1 L 0 0.5 L -0.5 1 L -0.4 0.2 L -1 -0.2 L -0.4 -0.3 Z	1.0605	G1	0		37.63	4.4043	False	False	0	0.0	3.00	30.00
4202	-1	1	Astrocyte	956	272	5.1281	M 0 -1 L 0.4 -0.3 L 1 -0.2 L 0.4 0.2 L 0.5 1 L 0 0.5 L -0.5 1 L -0.4 0.2 L -1 -0.2 L -0.4 -0.3 Z	1.0302	G1	0		36.83	4.0074	False	False	0	0.0	3.00	30.00
4203	-1	1	Astrocyte	564	387	4.4612	M 0 -1 L 0.4 -0.3 L 1 -0.2 L 0.4 0.2 L 0.5 1 L 0 0.5 L -0.5 1 L -0.4 0.2 L -1 -0.2 L -0.4 -0.3 Z	1.0735	G1	0		35.90	2.2829	False	False	0	0.0	3.00	30.00
4204	-1	1	Astrocyte	334	684	0.5018	M 0 -1 L 0.4 -0.3 L 1 -0.2 L 0.4 0.2 L 0.5 1 L 0 0.5 L -0.5 1 L -0.4 0.2 L -1 -0.2 L -0.4 -0.3 Z	1.0085	G1	0		36.06	2.5391	False	False	0	0.0	3.00	30.00
4205	-1	1	Astrocyte	791	66	0.0876	M 0 -1 L 0.4 -0.3 L 1 -0.2 L 0.4 0.2 L 0.5 1 L 0 0.5 L -0.5 1 L -0.4 0.2 L -1 -0.2 L -0.4 -0.3 Z	1.1188	G1	0		37.03	4.0517	False	False	0	0.0	3.00	30.00
4206	-1	1	Astrocyte	795	307	2.1119	M 0 -1 L 0.4 -0.3 L 1 -0.2 L 0.4 0.2 L 0.5 1 L 0 0.5 L -0.5 1 L -0.4 0.2 L -1 -0.2 L -0.4 -0.3 Z	1.1959	G1	0		36.27	3.0124	False	False	0	0.0	3.00	30.00
4207	-1	1	Astrocyte	403	896	3.4307	M 0 -1 L 0.4 -0.3 L 1 -0.2 L 0.4 0.2 L 0.5 1 L 0 0.5 L -0.5 1 L -0.4 0.2 L -1 -0.2 L -0.4 -0.3 Z	1.1094	G1	0		35.99	3.2126	False	False	0	0.0	3.00	30.00
4208	-1	1	Astrocyte	34	565	0.0094	M 0 -1 L 0.4 -0.3 L 1 -0.2 L 0.4 0.2 L 0.5 1 L 0 0.5 L -0.5 1 L -0.4 0.2 L -1 -0.2 L -0.4 -0.3 Z	1.0925	G1	0		36.77	4.0008	False	False	0	0.0	3.00	30.00
4209	-1	1	Astrocyte	437	518	0.0737	M 0 -1 L 0.4 -0.3 L 1 -0.2 L 0.4 0.2 L 0.5 1 L 0 0.5 L -0.5 1 L -0.4 0.2 L -1 -0.2 L -0.4 -0.3 Z	0.8480	G1	0		36.04	2.2810	False	False	0	0.0	3.00	30.00
4210	-1	1	Astrocyte	859	616	4.4825	M 0 -1 L 0.4 -0.3 L 1 -0.2 L 0.4 0.2 L 0.5 1 L 0 0.5 L -0.5 1 L -0.4 0.2 L -1 -0.2 L -0.4 -0.3 Z	1.0996	G1	0		36.43	3.2661	False	False	0	0.0	3.00	30.00
4211	-1	1	Astrocyte	286	893	4.7915	M 0 -1 L 0.4 -0.3 L 1 -0.2 L 0.4 0.2 L 0.5 1 L 0 0.5 L -0.5 1 L -0.4 0.2 L -1 -0.2 L -0.4 -0.3 Z	0.9456	G1	0		36.63	3.6060	False	False	0	0.0	3.00	30.00
4212	-1	1	Astrocyte	212	585	5.2662	M 0 -1 L 0.4 -0.3 L 1 -0.2 L 0.4 0.2 L 0.5 1 L 0 0.5 L -0.5 1 L -0.4 0.2 L -1 -0.2 L -0.4 -0.3 Z	1.1130	G1	0		36.31	2.9361	False	False	0	0.0	3.00	30.00
4213	-1	1	Astrocyte	619	195	0.7307	M 0 -1 L 0.4 -0.3 L 1 -0.2 L 0.4 0.2 L 0.5 1 L 0 0.5 L -0.5 1 L -0.4 0.2 L -1 -0.2 L -0.4 -0.3 Z	0.6332	G1	0		36.35	3.0157	False	False	0	0.0	3.00	30.00
4214	-1	1	Astrocyte	804	946	2.2495	M 0 -1 L 0.4 -0.3 L 1 -0.2 L 0.4 0.2 L 0.5 1 L 0 0.5 L -0.5 1 L -0.4 0.2 L -1 -0.2 L -0.4 -0.3 Z	0.7351	G1	0		36.49	3.8301	False	False	0	0.0	3.00	30.00
4215	-1	1	Astrocyte	179	308	3.7986	M 0 -1 L 0.4 -0.3 L 1 -0.2 L 0.4 0.2 L 0.5 1 L 0 0.5 L -0.5 1 L -0.4 0.2 L -1 -0.2 L -0.4 -0.3 Z	1.0742	G1	0		36.90	3.5026	False	False	0	0.0	3.00	30.00
4216	-1	1	Astrocyte	205	139	5.8109	M 0 -1 L 0.4 -0.3 L 1 -0.2 L 0.4 0.2 L 0.5 1 L 0 0.5 L -0.5 1 L -0.4 0.2 L -1 -0.2 L -0.4 -0.3 Z	1.0204	G1	0		36.85	3.7419	False	False	0	0.0	3.00	30.00
4217	-1	1	Astrocyte	291	663	3.1172	M 0 -1 L 0.4 -0.3 L 1 -0.2 L 0.4 0.2 L 0.5 1 L 0 0.5 L -0.5 1 L -0.4 0.2 L -1 -0.2 L -0.4 -0.3 Z	1.0473	G1	0		36.41	2.8646	False	False	0	0.0	3.00	30.00
4218	-1	1	Astrocyte	886	704	5.2401	M 0 -1 L 0.4 -0.3 L 1 -0.2 L 0.4 0.2 L 0.5 1 L 0 0.5 L -0.5 1 L -0.4 0.2 L -1 -0.2 L -0.4 -0.3 Z	1.0647	G1	0		36.85	3.7133	False	False	0	0.0	3.00	30.00
4219	-1	1	Astrocyte	410	29	1.9348	M 0 -1 L 0.4 -0.3 L 1 -0.2 L 0.4 0.2 L 0.5 1 L 0 0.5 L -0.5 1 L -0.4 0.2 L -1 -0.2 L -0.4 -0.3 Z	0.8491	G1	0		36.01	3.7756	False	False	0	0.0	3.00	30.00
4220	-1	1	Astrocyte	570	460	4.7067	M 0 -1 L 0.4 -0.3 L 1 -0.2 L 0.4 0.2 L 0.5 1 L 0 0.5 L -0.5 1 L -0.4 0.2 L -1 -0.2 L -0.4 -0.3 Z	1.2305	G1	0		35.45	2.0512	False	False	0	0.0	3.00	30.00
4221	-1	1	Astrocyte	416	396	1.6833	M 0 -1 L 0.4 -0.3 L 1 -0.2 L 0.4 0.2 L 0.5 1 L 0 0.5 L -0.5 1 L -0.4 0.2 L -1 -0.2 L -0.4 -0.3 Z	0.8403	G1	0		35.77	2.2009	False	False	0	0.0	3.00	30.00
4222	-1	1	Astrocyte	558	247	5.1307	M 0 -1 L 0.4 -0.3 L 1 -0.2 L 0.4 0.2 L 0.5 1 L 0 0.5 L -0.5 1 L -0.4 0.2 L -1 -0.2 L -0.4 -0.3 Z	0.9395	G1	0		36.38	2.8641	False	False	0	0.0	3.00	30.00
4223	-1	1	Astrocyte	490	739	3.5608	M 0 -1 L 0.4 -0.3 L 1 -0.2 L 0.4 0.2 L 0.5 1 L 0 0.5 L -0.5 1 L -0.4 0.2 L -1 -0.2 L -0.4 -0.3 Z	0.8120	G1	0		35.44	2.3347	False	False	0	0.0	3.00	30.00
4224	-1	1	Astrocyte	261	328	5.8702	M 0 -1 L 0.4 -0.3 L 1 -0.2 L 0.4 0.2 L 0.5 1 L 0 0.5 L -0.5 1 L -0.4 0.2 L -1 -0.2 L -0.4 -0.3 Z	1.2248	G1	0		35.56	2.5153	False	False	0	0.0	3.00	30.00
4225	-1	1	Astrocyte	444	191	1.1788	M 0 -1 L 0.4 -0.3 L 1 -0.2 L 0.4 0.2 L 0.5 1 L 0 0.5 L -0.5 1 L -0.4 0.2 L -1 -0.2 L -0.4 -0.3 Z	1.0340	G1	0		36.50	3.1028	False	False	0	0.0	3.00	30.00
4226	-1	1	Astrocyte	960	175	1.2014	M 0 -1 L 0.4 -0.3 L 1 -0.2 L 0.4 0.2 L 0.5 1 L 0 0.5 L -0.5 1 L -0.4 0.2 L -1 -0.2 L -0.4 -0.3 Z	0.7162	G1	0		36.85	4.0890	False	False	0	0.0	3.00	30.00
4227	-1	1	Astrocyte	426	12	4.7410	M 0 -1 L 0.4 -0.3 L 1 -0.2 L 0.4 0.2 L 0.5 1 L 0 0.5 L -0.5 1 L -0.4 0.2 L -1 -0.2 L -0.4 -0.3 Z	1.1223	G1	0		37.68	4.4349	False	False	0	0.0	3.00	30.00
4228	-1	1	Astrocyte	207	186	5.3752	M 0 -1 L 0.4 -0.3 L 1 -0.2 L 0.4 0.2 L 0.5 1 L 0 0.5 L -0.5 1 L -0.4 0.2 L -1 -0.2 L -0.4 -0.3 Z	1.0836	G1	0		36.53	3.3977	False	False	0	0.0	3.00	30.00
4229	-1	1	Astrocyte	745	23	0.0396	M 0 -1 L 0.4 -0.3 L 1 -0.2 L 0.4 0.2 L 0.5 1 L 0 0.5 L -0.5 1 L -0.4 0.2 L -1 -0.2 L -0.4 -0.3 Z	1.0919	G1	0		36.70	4.0245	False	False	0	0.0	3.00	30.00
4230	-1	1	Astrocyte	312	338	4.7845	M 0 -1 L 0.4 -0.3 L 1 -0.2 L 0.4 0.2 L 0.5 1 L 0 0.5 L -0.5 1 L -0.4 0.2 L -1 -0.2 L -0.4 -0.3 Z	0.9157	G1	0		35.50	2.3623	False	False	0	0.0	3.00	30.00
4231	-1	1	Astrocyte	4	746	0.4851	M 0 -1 L 0.4 -0.3 L 1 -0.2 L 0.4 0.2 L 0.5 1 L 0 0.5 L -0.5 1 L -0.4 0.2 L -1 -0.2 L -0.4 -0.3 Z	1.2897	G1	0		37.99	4.9834	False	False	0	0.0	3.00	30.00
4232	-1	1	Astrocyte	821	61	1.4351	M 0 -1 L 0.4 -0.3 L 1 -0.2 L 0.4 0.2 L 0.5 1 L 0 0.5 L -0.5 1 L -0.4 0.2 L -1 -0.2 L -0.4 -0.3 Z	1.2008	G1	0		37.41	4.3127	False	False	0	0.0	3.00	30.00
4233	-1	1	Astrocyte	208	86	1.2883	M 0 -1 L 0.4 -0.3 L 1 -0.2 L 0.4 0.2 L 0.5 1 L 0 0.5 L -0.5 1 L -0.4 0.2 L -1 -0.2 L -0.4 -0.3 Z	1.3222	G1	0		36.88	3.9223	False	False	0	0.0	3.00	30.00
4234	-1	1	Astrocyte	672	411	6.0807	M 0 -1 L 0.4 -0.3 L 1 -0.2 L 0.4 0.2 L 0.5 1 L 0 0.5 L -0.5 1 L -0.4 0.2 L -1 -0.2 L -0.4 -0.3 Z	0.8820	G1	0		36.83	2.6095	False	False	0	0.0	3.00	30.00
4235	-1	1	Astrocyte	290	753	3.7539	M 0 -1 L 0.4 -0.3 L 1 -0.2 L 0.4 0.2 L 0.5 1 L 0 0.5 L -0.5 1 L -0.4 0.2 L -1 -0.2 L -0.4 -0.3 Z	1.1978	G1	0		36.38	3.0517	False	False	0	0.0	3.00	30.00
4236	-1	1	Astrocyte	369	793	1.3529	M 0 -1 L 0.4 -0.3 L 1 -0.2 L 0.4 0.2 L 0.5 1 L 0 0.5 L -0.5 1 L -0.4 0.2 L -1 -0.2 L -0.4 -0.3 Z	1.3392	G1	0		36.46	3.0747	False	False	0	0.0	3.00	30.00
4237	-1	1	Astrocyte	189	135	4.0910	M 0 -1 L 0.4 -0.3 L 1 -0.2 L 0.4 0.2 L 0.5 1 L 0 0.5 L -0.5 1 L -0.4 0.2 L -1 -0.2 L -0.4 -0.3 Z	0.6464	G1	0		36.29	3.5149	False	False	0	0.0	3.00	30.00
4238	-1	1	Astrocyte	297	859	0.6436	M 0 -1 L 0.4 -0.3 L 1 -0.2 L 0.4 0.2 L 0.5 1 L 0 0.5 L -0.5 1 L -0.4 0.2 L -1 -0.2 L -0.4 -0.3 Z	1.0553	G1	0		34.79	2.5463	False	False	0	0.0	3.00	30.00
4239	-1	1	Astrocyte	917	952	1.4754	M 0 -1 L 0.4 -0.3 L 1 -0.2 L 0.4 0.2 L 0.5 1 L 0 0.5 L -0.5 1 L -0.4 0.2 L -1 -0.2 L -0.4 -0.3 Z	0.9509	G1	0		36.82	4.1873	False	False	0	0.0	3.00	30.00
4240	-1	1	Astrocyte	890	439	5.5749	M 0 -1 L 0.4 -0.3 L 1 -0.2 L 0.4 0.2 L 0.5 1 L 0 0.5 L -0.5 1 L -0.4 0.2 L -1 -0.2 L -0.4 -0.3 Z	1.0569	G1	0		35.60	3.0749	False	False	0	0.0	3.00	30.00
4241	-1	1	Astrocyte	413	863	5.7719	M 0 -1 L 0.4 -0.3 L 1 -0.2 L 0.4 0.2 L 0.5 1 L 0 0.5 L -0.5 1 L -0.4 0.2 L -1 -0.2 L -0.4 -0.3 Z	0.9749	G1	0		36.12	3.1460	False	False	0	0.0	3.00	30.00
4242	-1	1	Astrocyte	783	499	3.5202	M 0 -1 L 0.4 -0.3 L 1 -0.2 L 0.4 0.2 L 0.5 1 L 0 0.5 L -0.5 1 L -0.4 0.2 L -1 -0.2 L -0.4 -0.3 Z	0.8953	G1	0		36.14	2.8311	False	False	0	0.0	3.00	30.00
4243	-1	1	Astrocyte	287	166	0.2514	M 0 -1 L 0.4 -0.3 L 1 -0.2 L 0.4 0.2 L 0.5 1 L 0 0.5 L -0.5 1 L -0.4 0.2 L -1 -0.2 L -0.4 -0.3 Z	0.8913	G1	0		36.52	3.3224	False	False	0	0.0	3.00	30.00
4244	-1	1	Astrocyte	59	707	5.2703	M 0 -1 L 0.4 -0.3 L 1 -0.2 L 0.4 0.2 L 0.5 1 L 0 0.5 L -0.5 1 L -0.4 0.2 L -1 -0.2 L -0.4 -0.3 Z	1.1456	G1	0		37.18	4.1750	False	False	0	0.0	3.00	30.00
4245	-1	1	Astrocyte	424	858	0.1551	M 0 -1 L 0.4 -0.3 L 1 -0.2 L 0.4 0.2 L 0.5 1 L 0 0.5 L -0.5 1 L -0.4 0.2 L -1 -0.2 L -0.4 -0.3 Z	0.8621	G1	0		35.75	2.9258	False	False	0	0.0	3.00	30.00
4246	-1	1	Astrocyte	446	743	4.2221	M 0 -1 L 0.4 -0.3 L 1 -0.2 L 0.4 0.2 L 0.5 1 L 0 0.5 L -0.5 1 L -0.4 0.2 L -1 -0.2 L -0.4 -0.3 Z	1.1228	G1	0		35.85	2.4831	False	False	0	0.0	3.00	30.00
4247	-1	1	Astrocyte	591	554	1.7109	M 0 -1 L 0.4 -0.3 L 1 -0.2 L 0.4 0.2 L 0.5 1 L 0 0.5 L -0.5 1 L -0.4 0.2 L -1 -0.2 L -0.4 -0.3 Z	1.1460	G1	0		35.80	2.2383	False	False	0	0.0	3.00	30.00
4248	-1	1	Astrocyte	503	144	3.4436	M 0 -1 L 0.4 -0.3 L 1 -0.2 L 0.4 0.2 L 0.5 1 L 0 0.5 L -0.5 1 L -0.4 0.2 L -1 -0.2 L -0.4 -0.3 Z	1.1095	G1	0		35.94	2.9856	False	False	0	0.0	3.00	30.00
4249	-1	1	Astrocyte	469	497	2.5503	M 0 -1 L 0.4 -0.3 L 1 -0.2 L 0.4 0.2 L 0.5 1 L 0 0.5 L -0.5 1 L -0.4 0.2 L -1 -0.2 L -0.4 -0.3 Z	1.3764	G1	0		36.38	2.3568	False	False	0	0.0	3.00	30.00
4250	-1	1	Astrocyte	255	348	4.9456	M 0 -1 L 0.4 -0.3 L 1 -0.2 L 0.4 0.2 L 0.5 1 L 0 0.5 L -0.5 1 L -0.4 0.2 L -1 -0.2 L -0.4 -0.3 Z	1.0428	G1	0		35.90	2.5893	False	False	0	0.0	3.00	30.00
4251	-1	1	Astrocyte	210	120	1.9952	M 0 -1 L 0.4 -0.3 L 1 -0.2 L 0.4 0.2 L 0.5 1 L 0 0.5 L -0.5 1 L -0.4 0.2 L -1 -0.2 L -0.4 -0.3 Z	0.9493	G1	0		37.52	3.8832	False	False	0	0.0	3.00	30.00
4252	-1	1	Astrocyte	637	473	4.6708	M 0 -1 L 0.4 -0.3 L 1 -0.2 L 0.4 0.2 L 0.5 1 L 0 0.5 L -0.5 1 L -0.4 0.2 L -1 -0.2 L -0.4 -0.3 Z	1.0548	G1	0		35.39	2.0299	False	False	0	0.0	3.00	30.00
4253	-1	1	Astrocyte	91	716	0.5666	M 0 -1 L 0.4 -0.3 L 1 -0.2 L 0.4 0.2 L 0.5 1 L 0 0.5 L -0.5 1 L -0.4 0.2 L -1 -0.2 L -0.4 -0.3 Z	1.0715	G1	0		36.99	3.9081	False	False	0	0.0	3.00	30.00
4254	-1	1	Astrocyte	794	639	1.5830	M 0 -1 L 0.4 -0.3 L 1 -0.2 L 0.4 0.2 L 0.5 1 L 0 0.5 L -0.5 1 L -0.4 0.2 L -1 -0.2 L -0.4 -0.3 Z	0.8176	G1	0		36.24	2.9687	False	False	0	0.0	3.00	30.00
4255	-1	1	Astrocyte	711	758	2.8654	M 0 -1 L 0.4 -0.3 L 1 -0.2 L 0.4 0.2 L 0.5 1 L 0 0.5 L -0.5 1 L -0.4 0.2 L -1 -0.2 L -0.4 -0.3 Z	1.3710	G1	0		36.42	2.9741	False	False	0	0.0	3.00	30.00
4256	-1	1	Astrocyte	578	690	5.8043	M 0 -1 L 0.4 -0.3 L 1 -0.2 L 0.4 0.2 L 0.5 1 L 0 0.5 L -0.5 1 L -0.4 0.2 L -1 -0.2 L -0.4 -0.3 Z	0.9793	G1	0		36.35	2.7154	False	False	0	0.0	3.00	30.00
4257	-1	1	Astrocyte	612	719	2.0988	M 0 -1 L 0.4 -0.3 L 1 -0.2 L 0.4 0.2 L 0.5 1 L 0 0.5 L -0.5 1 L -0.4 0.2 L -1 -0.2 L -0.4 -0.3 Z	0.8868	G1	0		36.00	2.5575	False	False	0	0.0	3.00	30.00
4258	-1	1	Astrocyte	606	785	0.8893	M 0 -1 L 0.4 -0.3 L 1 -0.2 L 0.4 0.2 L 0.5 1 L 0 0.5 L -0.5 1 L -0.4 0.2 L -1 -0.2 L -0.4 -0.3 Z	1.2001	G1	0		35.94	2.6789	False	False	0	0.0	3.00	30.00
4259	-1	1	Astrocyte	109	894	6.0104	M 0 -1 L 0.4 -0.3 L 1 -0.2 L 0.4 0.2 L 0.5 1 L 0 0.5 L -0.5 1 L -0.4 0.2 L -1 -0.2 L -0.4 -0.3 Z	0.8380	G1	0		37.13	4.0138	False	False	0	0.0	3.00	30.00
4260	-1	1	Astrocyte	127	351	0.7876	M 0 -1 L 0.4 -0.3 L 1 -0.2 L 0.4 0.2 L 0.5 1 L 0 0.5 L -0.5 1 L -0.4 0.2 L -1 -0.2 L -0.4 -0.3 Z	0.9932	G1	0		37.04	3.5873	False	False	0	0.0	3.00	30.00
4261	-1	1	Astrocyte	512	587	3.0170	M 0 -1 L 0.4 -0.3 L 1 -0.2 L 0.4 0.2 L 0.5 1 L 0 0.5 L -0.5 1 L -0.4 0.2 L -1 -0.2 L -0.4 -0.3 Z	0.9260	G1	0		35.80	2.2434	False	False	0	0.0	3.00	30.00
4262	-1	1	Astrocyte	35	92	2.0739	M 0 -1 L 0.4 -0.3 L 1 -0.2 L 0.4 0.2 L 0.5 1 L 0 0.5 L -0.5 1 L -0.4 0.2 L -1 -0.2 L -0.4 -0.3 Z	0.7123	G1	0		37.01	4.2666	False	False	0	0.0	3.00	30.00
4263	-1	1	Astrocyte	84	304	4.0017	M 0 -1 L 0.4 -0.3 L 1 -0.2 L 0.4 0.2 L 0.5 1 L 0 0.5 L -0.5 1 L -0.4 0.2 L -1 -0.2 L -0.4 -0.3 Z	1.0040	G1	0		36.74	3.7103	False	False	0	0.0	3.00	30.00
4264	-1	1	Astrocyte	296	140	5.6164	M 0 -1 L 0.4 -0.3 L 1 -0.2 L 0.4 0.2 L 0.5 1 L 0 0.5 L -0.5 1 L -0.4 0.2 L -1 -0.2 L -0.4 -0.3 Z	0.8941	G1	0		35.42	2.9139	False	False	0	0.0	3.00	30.00
4265	-1	1	Astrocyte	491	334	0.4661	M 0 -1 L 0.4 -0.3 L 1 -0.2 L 0.4 0.2 L 0.5 1 L 0 0.5 L -0.5 1 L -0.4 0.2 L -1 -0.2 L -0.4 -0.3 Z	1.2522	G1	0		34.92	1.8938	False	False	0	0.0	3.00	30.00
4266	-1	1	Astrocyte	97	948	3.3524	M 0 -1 L 0.4 -0.3 L 1 -0.2 L 0.4 0.2 L 0.5 1 L 0 0.5 L -0.5 1 L -0.4 0.2 L -1 -0.2 L -0.4 -0.3 Z	1.0904	G1	0		36.09	3.6332	False	False	0	0.0	3.00	30.00
4267	-1	1	Astrocyte	914	904	5.8373	M 0 -1 L 0.4 -0.3 L 1 -0.2 L 0.4 0.2 L 0.5 1 L 0 0.5 L -0.5 1 L -0.4 0.2 L -1 -0.2 L -0.4 -0.3 Z	0.9635	G1	0		36.59	3.9103	False	False	0	0.0	3.00	30.00
4268	-1	1	Astrocyte	817	801	4.4433	M 0 -1 L 0.4 -0.3 L 1 -0.2 L 0.4 0.2 L 0.5 1 L 0 0.5 L -0.5 1 L -0.4 0.2 L -1 -0.2 L -0.4 -0.3 Z	0.7813	G1	0		36.03	3.1776	False	False	0	0.0	3.00	30.00
4269	-1	1	Astrocyte	40	141	0.5804	M 0 -1 L 0.4 -0.3 L 1 -0.2 L 0.4 0.2 L 0.5 1 L 0 0.5 L -0.5 1 L -0.4 0.2 L -1 -0.2 L -0.4 -0.3 Z	0.8945	G1	0		37.48	4.3177	False	False	0	0.0	3.00	30.00
4270	-1	1	Astrocyte	58	800	4.3980	M 0 -1 L 0.4 -0.3 L 1 -0.2 L 0.4 0.2 L 0.5 1 L 0 0.5 L -0.5 1 L -0.4 0.2 L -1 -0.2 L -0.4 -0.3 Z	1.0896	G1	0		36.97	4.0906	False	False	0	0.0	3.00	30.00
4271	-1	1	Astrocyte	539	610	5.0672	M 0 -1 L 0.4 -0.3 L 1 -0.2 L 0.4 0.2 L 0.5 1 L 0 0.5 L -0.5 1 L -0.4 0.2 L -1 -0.2 L -0.4 -0.3 Z	1.2137	G1	0		35.21	1.9065	False	False	0	0.0	3.00	30.00
4272	-1	1	Astrocyte	368	57	3.5258	M 0 -1 L 0.4 -0.3 L 1 -0.2 L 0.4 0.2 L 0.5 1 L 0 0.5 L -0.5 1 L -0.4 0.2 L -1 -0.2 L -0.4 -0.3 Z	0.8148	G1	0		37.24	4.0318	False	False	0	0.0	3.00	30.00
4273	-1	1	Astrocyte	769	474	3.0254	M 0 -1 L 0.4 -0.3 L 1 -0.2 L 0.4 0.2 L 0.5 1 L 0 0.5 L -0.5 1 L -0.4 0.2 L -1 -0.2 L -0.4 -0.3 Z	0.8753	G1	0		34.27	1.7488	False	False	0	0.0	3.00	30.00
4274	-1	1	Astrocyte	160	338	4.7825	M 0 -1 L 0.4 -0.3 L 1 -0.2 L 0.4 0.2 L 0.5 1 L 0 0.5 L -0.5 1 L -0.4 0.2 L -1 -0.2 L -0.4 -0.3 Z	0.9540	G1	0		36.79	3.4776	False	False	0	0.0	3.00	30.00
4275	-1	1	Astrocyte	329	506	4.8612	M 0 -1 L 0.4 -0.3 L 1 -0.2 L 0.4 0.2 L 0.5 1 L 0 0.5 L -0.5 1 L -0.4 0.2 L -1 -0.2 L -0.4 -0.3 Z	0.9034	G1	0		35.12	2.0088	False	False	0	0.0	3.00	30.00
4276	-1	1	Astrocyte	471	121	3.5612	M 0 -1 L 0.4 -0.3 L 1 -0.2 L 0.4 0.2 L 0.5 1 L 0 0.5 L -0.5 1 L -0.4 0.2 L -1 -0.2 L -0.4 -0.3 Z	0.7291	G1	0		35.95	3.0861	False	False	0	0.0	3.00	30.00
4277	-1	1	Astrocyte	451	666	4.8559	M 0 -1 L 0.4 -0.3 L 1 -0.2 L 0.4 0.2 L 0.5 1 L 0 0.5 L -0.5 1 L -0.4 0.2 L -1 -0.2 L -0.4 -0.3 Z	1.0575	G1	0		36.25	2.5254	False	False	0	0.0	3.00	30.00
4278	-1	1	Astrocyte	122	265	3.3845	M 0 -1 L 0.4 -0.3 L 1 -0.2 L 0.4 0.2 L 0.5 1 L 0 0.5 L -0.5 1 L -0.4 0.2 L -1 -0.2 L -0.4 -0.3 Z	0.9912	G1	0		37.15	3.7779	False	False	0	0.0	3.00	30.00
4279	-1	1	Astrocyte	668	319	3.9389	M 0 -1 L 0.4 -0.3 L 1 -0.2 L 0.4 0.2 L 0.5 1 L 0 0.5 L -0.5 1 L -0.4 0.2 L -1 -0.2 L -0.4 -0.3 Z	0.9791	G1	0		36.37	2.7608	False	False	0	0.0	3.00	30.00
4280	-1	1	Astrocyte	640	581	4.5458	M 0 -1 L 0.4 -0.3 L 1 -0.2 L 0.4 0.2 L 0.5 1 L 0 0.5 L -0.5 1 L -0.4 0.2 L -1 -0.2 L -0.4 -0.3 Z	0.8337	G1	0		35.32	2.0878	False	False	0	0.0	3.00	30.00
4281	-1	1	Astrocyte	983	183	2.0141	M 0 -1 L 0.4 -0.3 L 1 -0.2 L 0.4 0.2 L 0.5 1 L 0 0.5 L -0.5 1 L -0.4 0.2 L -1 -0.2 L -0.4 -0.3 Z	0.9832	G1	0		36.87	4.1580	False	False	0	0.0	3.00	30.00
4282	-1	1	Astrocyte	285	328	5.6603	M 0 -1 L 0.4 -0.3 L 1 -0.2 L 0.4 0.2 L 0.5 1 L 0 0.5 L -0.5 1 L -0.4 0.2 L -1 -0.2 L -0.4 -0.3 Z	1.1785	G1	0		36.21	2.7546	False	False	0	0.0	3.00	30.00
4283	-1	1	Astrocyte	658	502	2.5246	M 0 -1 L 0.4 -0.3 L 1 -0.2 L 0.4 0.2 L 0.5 1 L 0 0.5 L -0.5 1 L -0.4 0.2 L -1 -0.2 L -0.4 -0.3 Z	1.2323	G1	0		35.89	2.3614	False	False	0	0.0	3.00	30.00
4284	-1	1	Astrocyte	293	547	2.6749	M 0 -1 L 0.4 -0.3 L 1 -0.2 L 0.4 0.2 L 0.5 1 L 0 0.5 L -0.5 1 L -0.4 0.2 L -1 -0.2 L -0.4 -0.3 Z	1.0106	G1	0		36.16	2.6039	False	False	0	0.0	3.00	30.00
4285	-1	1	Astrocyte	184	47	1.7909	M 0 -1 L 0.4 -0.3 L 1 -0.2 L 0.4 0.2 L 0.5 1 L 0 0.5 L -0.5 1 L -0.4 0.2 L -1 -0.2 L -0.4 -0.3 Z	1.0676	G1	0		36.99	4.1576	False	False	0	0.0	3.00	30.00
4286	-1	1	Astrocyte	136	561	3.8449	M 0 -1 L 0.4 -0.3 L 1 -0.2 L 0.4 0.2 L 0.5 1 L 0 0.5 L -0.5 1 L -0.4 0.2 L -1 -0.2 L -0.4 -0.3 Z	1.0405	G1	0		36.64	3.4175	False	False	0	0.0	3.00	30.00
4287	-1	1	Astrocyte	469	584	1.9798	M 0 -1 L 0.4 -0.3 L 1 -0.2 L 0.4 0.2 L 0.5 1 L 0 0.5 L -0.5 1 L -0.4 0.2 L -1 -0.2 L -0.4 -0.3 Z	0.8779	G1	0		34.83	1.7325	False	False	0	0.0	3.00	30.00
4288	-1	1	Astrocyte	870	461	1.2256	M 0 -1 L 0.4 -0.3 L 1 -0.2 L 0.4 0.2 L 0.5 1 L 0 0.5 L -0.5 1 L -0.4 0.2 L -1 -0.2 L -0.4 -0.3 Z	1.0829	G1	0		36.11	3.2234	False	False	0	0.0	3.00	30.00
4289	-1	1	Astrocyte	703	781	4.6651	M 0 -1 L 0.4 -0.3 L 1 -0.2 L 0.4 0.2 L 0.5 1 L 0 0.5 L -0.5 1 L -0.4 0.2 L -1 -0.2 L -0.4 -0.3 Z	0.9102	G1	0		36.55	3.1743	False	False	0	0.0	3.00	30.00
4290	-1	1	Astrocyte	708	724	1.0099	M 0 -1 L 0.4 -0.3 L 1 -0.2 L 0.4 0.2 L 0.5 1 L 0 0.5 L -0.5 1 L -0.4 0.2 L -1 -0.2 L -0.4 -0.3 Z	1.0271	G1	0		36.21	2.8351	False	False	0	0.0	3.00	30.00
4291	-1	1	Astrocyte	534	102	5.5575	M 0 -1 L 0.4 -0.3 L 1 -0.2 L 0.4 0.2 L 0.5 1 L 0 0.5 L -0.5 1 L -0.4 0.2 L -1 -0.2 L -0.4 -0.3 Z	1.0954	G1	0		36.01	3.2144	False	False	0	0.0	3.00	30.00
4292	-1	1	Astrocyte	274	420	0.5507	M 0 -1 L 0.4 -0.3 L 1 -0.2 L 0.4 0.2 L 0.5 1 L 0 0.5 L -0.5 1 L -0.4 0.2 L -1 -0.2 L -0.4 -0.3 Z	1.0425	G1	0		35.91	2.4920	False	False	0	0.0	3.00	30.00
4293	-1	1	Astrocyte	410	593	3.7180	M 0 -1 L 0.4 -0.3 L 1 -0.2 L 0.4 0.2 L 0.5 1 L 0 0.5 L -0.5 1 L -0.4 0.2 L -1 -0.2 L -0.4 -0.3 Z	1.0858	G1	0		36.82	2.5611	False	False	0	0.0	3.00	30.00
4294	-1	1	Astrocyte	165	168	2.4210	M 0 -1 L 0.4 -0.3 L 1 -0.2 L 0.4 0.2 L 0.5 1 L 0 0.5 L -0.5 1 L -0.4 0.2 L -1 -0.2 L -0.4 -0.3 Z	1.4825	G1	0		36.37	3.4192	False	False	0	0.0	3.00	30.00
4295	-1	1	Astrocyte	105	126	0.5611	M 0 -1 L 0.4 -0.3 L 1 -0.2 L 0.4 0.2 L 0.5 1 L 0 0.5 L -0.5 1 L -0.4 0.2 L -1 -0.2 L -0.4 -0.3 Z	0.7630	G1	0		36.69	3.8473	False	False	0	0.0	3.00	30.00
4296	-1	1	Astrocyte	726	470	1.9080	M 0 -1 L 0.4 -0.3 L 1 -0.2 L 0.4 0.2 L 0.5 1 L 0 0.5 L -0.5 1 L -0.4 0.2 L -1 -0.2 L -0.4 -0.3 Z	1.1196	G1	0		35.84	2.4386	False	False	0	0.0	3.00	30.00
4297	-1	1	Astrocyte	842	837	2.3718	M 0 -1 L 0.4 -0.3 L 1 -0.2 L 0.4 0.2 L 0.5 1 L 0 0.5 L -0.5 1 L -0.4 0.2 L -1 -0.2 L -0.4 -0.3 Z	1.0667	G1	0		36.69	3.6517	False	False	0	0.0	3.00	30.00
4298	-1	1	Astrocyte	369	88	5.9159	M 0 -1 L 0.4 -0.3 L 1 -0.2 L 0.4 0.2 L 0.5 1 L 0 0.5 L -0.5 1 L -0.4 0.2 L -1 -0.2 L -0.4 -0.3 Z	0.8541	G1	0		37.07	3.8593	False	False	0	0.0	3.00	30.00
4299	-1	1	Astrocyte	65	282	1.1246	M 0 -1 L 0.4 -0.3 L 1 -0.2 L 0.4 0.2 L 0.5 1 L 0 0.5 L -0.5 1 L -0.4 0.2 L -1 -0.2 L -0.4 -0.3 Z	1.0426	G1	0		36.64	3.7909	False	False	0	0.0	3.00	30.00
4300	-1	1	Astrocyte	272	380	3.1056	M 0 -1 L 0.4 -0.3 L 1 -0.2 L 0.4 0.2 L 0.5 1 L 0 0.5 L -0.5 1 L -0.4 0.2 L -1 -0.2 L -0.4 -0.3 Z	0.8262	G1	0		36.83	2.7457	False	False	0	0.0	3.00	30.00
4301	-1	1	Astrocyte	798	875	5.1823	M 0 -1 L 0.4 -0.3 L 1 -0.2 L 0.4 0.2 L 0.5 1 L 0 0.5 L -0.5 1 L -0.4 0.2 L -1 -0.2 L -0.4 -0.3 Z	0.7642	G1	0		36.75	3.7076	False	False	0	0.0	3.00	30.00
4302	-1	1	Astrocyte	624	356	1.2430	M 0 -1 L 0.4 -0.3 L 1 -0.2 L 0.4 0.2 L 0.5 1 L 0 0.5 L -0.5 1 L -0.4 0.2 L -1 -0.2 L -0.4 -0.3 Z	1.4976	G1	0		35.87	2.3508	False	False	0	0.0	3.00	30.00
4303	-1	1	Astrocyte	924	42	1.5852	M 0 -1 L 0.4 -0.3 L 1 -0.2 L 0.4 0.2 L 0.5 1 L 0 0.5 L -0.5 1 L -0.4 0.2 L -1 -0.2 L -0.4 -0.3 Z	0.5822	G1	0		37.04	4.1623	False	False	0	0.0	3.00	30.00
4304	-1	1	Astrocyte	238	192	5.0218	M 0 -1 L 0.4 -0.3 L 1 -0.2 L 0.4 0.2 L 0.5 1 L 0 0.5 L -0.5 1 L -0.4 0.2 L -1 -0.2 L -0.4 -0.3 Z	1.0446	G1	0		36.24	3.1839	False	False	0	0.0	3.00	30.00
4305	-1	1	Astrocyte	112	960	1.1980	M 0 -1 L 0.4 -0.3 L 1 -0.2 L 0.4 0.2 L 0.5 1 L 0 0.5 L -0.5 1 L -0.4 0.2 L -1 -0.2 L -0.4 -0.3 Z	0.9091	G1	0		37.19	4.3590	False	False	0	0.0	3.00	30.00
4306	-1	1	Astrocyte	928	394	1.9220	M 0 -1 L 0.4 -0.3 L 1 -0.2 L 0.4 0.2 L 0.5 1 L 0 0.5 L -0.5 1 L -0.4 0.2 L -1 -0.2 L -0.4 -0.3 Z	0.8457	G1	0		37.39	3.8281	False	False	0	0.0	3.00	30.00
4307	-1	1	Astrocyte	93	349	5.2303	M 0 -1 L 0.4 -0.3 L 1 -0.2 L 0.4 0.2 L 0.5 1 L 0 0.5 L -0.5 1 L -0.4 0.2 L -1 -0.2 L -0.4 -0.3 Z	1.0238	G1	0		35.90	3.2946	False	False	0	0.0	3.00	30.00
4308	-1	1	Astrocyte	663	728	1.6488	M 0 -1 L 0.4 -0.3 L 1 -0.2 L 0.4 0.2 L 0.5 1 L 0 0.5 L -0.5 1 L -0.4 0.2 L -1 -0.2 L -0.4 -0.3 Z	0.8193	G1	0		35.95	2.6705	False	False	0	0.0	3.00	30.00
4309	-1	1	Astrocyte	185	208	0.6580	M 0 -1 L 0.4 -0.3 L 1 -0.2 L 0.4 0.2 L 0.5 1 L 0 0.5 L -0.5 1 L -0.4 0.2 L -1 -0.2 L -0.4 -0.3 Z	0.5384	G1	0		33.27	1.7296	False	False	0	0.0	3.00	30.00
4310	-1	1	Astrocyte	256	12	2.4259	M 0 -1 L 0.4 -0.3 L 1 -0.2 L 0.4 0.2 L 0.5 1 L 0 0.5 L -0.5 1 L -0.4 0.2 L -1 -0.2 L -0.4 -0.3 Z	1.1974	G1	0		36.87	4.1974	False	False	0	0.0	3.00	30.00
4311	-1	1	Astrocyte	329	36	1.7071	M 0 -1 L 0.4 -0.3 L 1 -0.2 L 0.4 0.2 L 0.5 1 L 0 0.5 L -0.5 1 L -0.4 0.2 L -1 -0.2 L -0.4 -0.3 Z	1.1990	G1	0		36.65	3.9224	False	False	0	0.0	3.00	30.00
4312	-1	1	Astrocyte	777	301	1.0755	M 0 -1 L 0.4 -0.3 L 1 -0.2 L 0.4 0.2 L 0.5 1 L 0 0.5 L -0.5 1 L -0.4 0.2 L -1 -0.2 L -0.4 -0.3 Z	1.0115	G1	0		36.30	2.9000	False	False	0	0.0	3.00	30.00
4313	-1	1	Astrocyte	176	15	5.6029	M 0 -1 L 0.4 -0.3 L 1 -0.2 L 0.4 0.2 L 0.5 1 L 0 0.5 L -0.5 1 L -0.4 0.2 L -1 -0.2 L -0.4 -0.3 Z	0.9022	G1	0		36.88	4.2134	False	False	0	0.0	3.00	30.00
4314	-1	2	Oligodendrocyte	935	491	1.7833	M 0 -0.8 A 0.8 0.8 0 1 1 0 0.8 A 0.8 0.8 0 1 1 0 -0.8 Z	0.6888	G1	0		36.09	3.5475	False	False	0	0.0	1.00	0.00
4315	-1	2	Oligodendrocyte	541	516	3.4072	M 0 -0.8 A 0.8 0.8 0 1 1 0 0.8 A 0.8 0.8 0 1 1 0 -0.8 Z	1.1015	G1	0		36.47	2.4779	False	False	0	0.0	1.00	0.00
4316	-1	2	Oligodendrocyte	609	193	4.1329	M 0 -0.8 A 0.8 0.8 0 1 1 0 0.8 A 0.8 0.8 0 1 1 0 -0.8 Z	0.8515	G1	0		36.41	3.0596	False	False	0	0.0	1.00	0.00
4317	-1	2	Oligodendrocyte	568	120	6.2094	M 0 -0.8 A 0.8 0.8 0 1 1 0 0.8 A 0.8 0.8 0 1 1 0 -0.8 Z	1.2378	G1	0		36.03	3.2454	False	False	0	0.0	1.00	0.00
4318	-1	2	Oligodendrocyte	845	609	4.4356	M 0 -0.8 A 0.8 0.8 0 1 1 0 0.8 A 0.8 0.8 0 1 1 0 -0.8 Z	1.1352	G1	0		34.84	2.4624	False	False	0	0.0	1.00	0.00
4319	-1	2	Oligodendrocyte	730	748	3.3133	M 0 -0.8 A 0.8 0.8 0 1 1 0 0.8 A 0.8 0.8 0 1 1 0 -0.8 Z	0.8325	G1	0		35.82	2.6873	False	False	0	0.0	1.00	0.00
4320	-1	2	Oligodendrocyte	498	275	0.5189	M 0 -0.8 A 0.8 0.8 0 1 1 0 0.8 A 0.8 0.8 0 1 1 0 -0.8 Z	0.7788	G1	0		35.98	2.5313	False	False	0	0.0	1.00	0.00
4321	-1	2	Oligodendrocyte	929	738	5.2155	M 0 -0.8 A 0.8 0.8 0 1 1 0 0.8 A 0.8 0.8 0 1 1 0 -0.8 Z	1.0836	G1	0		36.31	3.6385	False	False	0	0.0	1.00	0.00
4322	-1	2	Oligodendrocyte	546	704	2.2135	M 0 -0.8 A 0.8 0.8 0 1 1 0 0.8 A 0.8 0.8 0 1 1 0 -0.8 Z	1.0282	G1	0		36.10	2.5555	False	False	0	0.0	1.00	0.00
4323	-1	2	Oligodendrocyte	382	851	4.5159	M 0 -0.8 A 0.8 0.8 0 1 1 0 0.8 A 0.8 0.8 0 1 1 0 -0.8 Z	0.9647	G1	0		36.79	3.4100	False	False	0	0.0	1.00	0.00
4324	-1	2	Oligodendrocyte	894	324	3.0444	M 0 -0.8 A 0.8 0.8 0 1 1 0 0.8 A 0.8 0.8 0 1 1 0 -0.8 Z	1.0770	G1	0		36.41	3.4665	False	False	0	0.0	1.00	0.00
4325	-1	2	Oligodendrocyte	795	267	3.9386	M 0 -0.8 A 0.8 0.8 0 1 1 0 0.8 A 0.8 0.8 0 1 1 0 -0.8 Z	0.9747	G1	0		36.50	3.2471	False	False	0	0.0	1.00	0.00
4326	-1	2	Oligodendrocyte	998	32	4.9863	M 0 -0.8 A 0.8 0.8 0 1 1 0 0.8 A 0.8 0.8 0 1 1 0 -0.8 Z	0.9828	G1	0		37.88	4.9048	False	False	0	0.0	1.00	0.00
4327	-1	2	Oligodendrocyte	499	830	4.2461	M 0 -0.8 A 0.8 0.8 0 1 1 0 0.8 A 0.8 0.8 0 1 1 0 -0.8 Z	0.8194	G1	0		37.21	3.2836	False	False	0	0.0	1.00	0.00
4328	-1	2	Oligodendrocyte	221	67	2.9939	M 0 -0.8 A 0.8 0.8 0 1 1 0 0.8 A 0.8 0.8 0 1 1 0 -0.8 Z	0.8629	G1	0		37.56	4.3245	False	False	0	0.0	1.00	0.00
4329	-1	2	Oligodendrocyte	699	869	4.8751	M 0 -0.8 A 0.8 0.8 0 1 1 0 0.8 A 0.8 0.8 0 1 1 0 -0.8 Z	1.5832	G1	0		36.35	3.4247	False	False	0	0.0	1.00	0.00
4330	-1	2	Oligodendrocyte	38	6	0.4731	M 0 -0.8 A 0.8 0.8 0 1 1 0 0.8 A 0.8 0.8 0 1 1 0 -0.8 Z	1.1933	G1	0		37.95	4.9662	False	False	0	0.0	1.00	0.00
4331	-1	2	Oligodendrocyte	7	287	4.0982	M 0 -0.8 A 0.8 0.8 0 1 1 0 0.8 A 0.8 0.8 0 1 1 0 -0.8 Z	0.9352	G1	0		37.99	4.9739	False	False	0	0.0	1.00	0.00
4332	-1	2	Oligodendrocyte	131	924	2.2313	M 0 -0.8 A 0.8 0.8 0 1 1 0 0.8 A 0.8 0.8 0 1 1 0 -0.8 Z	0.6647	G1	0		37.27	4.2937	False	False	0	0.0	1.00	0.00
4333	-1	2	Oligodendrocyte	647	694	3.1485	M 0 -0.8 A 0.8 0.8 0 1 1 0 0.8 A 0.8 0.8 0 1 1 0 -0.8 Z	0.6514	G1	0		36.39	2.8112	False	False	0	0.0	1.00	0.00
4334	-1	2	Oligodendrocyte	19	797	5.1024	M 0 -0.8 A 0.8 0.8 0 1 1 0 0.8 A 0.8 0.8 0 1 1 0 -0.8 Z	1.0894	G1	0		36.73	4.2279	False	False	0	0.0	1.00	0.00
4335	-1	2	Oligodendrocyte	172	884	2.5508	M 0 -0.8 A 0.8 0.8 0 1 1 0 0.8 A 0.8 0.8 0 1 1 0 -0.8 Z	1.0773	G1	0		36.39	3.6547	False	False	0	0.0	1.00	0.00
4336	-1	2	Oligodendrocyte	713	752	1.6666	M 0 -0.8 A 0.8 0.8 0 1 1 0 0.8 A 0.8 0.8 0 1 1 0 -0.8 Z	0.8262	G1	0		35.44	2.4000	False	False	0	0.0	1.00	0.00
4337	-1	2	Oligodendrocyte	145	559	3.8192	M 0 -0.8 A 0.8 0.8 0 1 1 0 0.8 A 0.8 0.8 0 1 1 0 -0.8 Z	1.2744	G1	0		36.34	3.1817	False	False	0	0.0	1.00	0.00
4338	-1	2	Oligodendrocyte	27	468	4.0845	M 0 -0.8 A 0.8 0.8 0 1 1 0 0.8 A 0.8 0.8 0 1 1 0 -0.8 Z	0.9746	G1	0		37.43	4.4397	False	False	0	0.0	1.00	0.00
4339	-1	2	Oligodendrocyte	196	721	3.8688	M 0 -0.8 A 0.8 0.8 0 1 1 0 0.8 A 0.8 0.8 0 1 1 0 -0.8 Z	0.9859	G1	0		36.57	3.3040	False	False	0	0.0	1.00	0.00
4340	-1	2	Oligodendrocyte	316	666	3.1194	M 0 -0.8 A 0.8 0.8 0 1 1 0 0.8 A 0.8 0.8 0 1 1 0 -0.8 Z	1.0218	G1	0		36.08	2.6042	False	False	0	0.0	1.00	0.00
4341	-1	2	Oligodendrocyte	363	476	6.2383	M 0 -0.8 A 0.8 0.8 0 1 1 0 0.8 A 0.8 0.8 0 1 1 0 -0.8 Z	1.0572	G1	0		36.08	2.4124	False	False	0	0.0	1.00	0.00
4342	-1	2	Oligodendrocyte	454	867	3.3962	M 0 -0.8 A 0.8 0.8 0 1 1 0 0.8 A 0.8 0.8 0 1 1 0 -0.8 Z	1.2634	G1	0		36.63	3.4117	False	False	0	0.0	1.00	0.00
4343	-1	2	Oligodendrocyte	357	841	1.3080	M 0 -0.8 A 0.8 0.8 0 1 1 0 0.8 A 0.8 0.8 0 1 1 0 -0.8 Z	1.0722	G1	0		36.75	3.4299	False	False	0	0.0	1.00	0.00
4344	-1	2	Oligodendrocyte	799	931	5.1625	M 0 -0.8 A 0.8 0.8 0 1 1 0 0.8 A 0.8 0.8 0 1 1 0 -0.8 Z	1.1263	G1	0		36.59	3.9374	False	False	0	0.0	1.00	0.00
4345	-1	2	Oligodendrocyte	878	33	1.4004	M 0 -0.8 A 0.8 0.8 0 1 1 0 0.8 A 0.8 0.8 0 1 1 0 -0.8 Z	1.2851	G1	0		37.20	4.4060	False	False	0	0.0	1.00	0.00
4346	-1	2	Oligodendrocyte	576	630	4.7347	M 0 -0.8 A 0.8 0.8 0 1 1 0 0.8 A 0.8 0.8 0 1 1 0 -0.8 Z	0.9757	G1	0		36.42	2.6401	False	False	0	0.0	1.00	0.00
4347	-1	2	Oligodendrocyte	813	623	3.6424	M 0 -0.8 A 0.8 0.8 0 1 1 0 0.8 A 0.8 0.8 0 1 1 0 -0.8 Z	0.9318	G1	0		36.39	3.1086	False	False	0	0.0	1.00	0.00
4348	-1	2	Oligodendrocyte	408	397	6.0925	M 0 -0.8 A 0.8 0.8 0 1 1 0 0.8 A 0.8 0.8 0 1 1 0 -0.8 Z	1.0375	G1	0		34.15	1.4066	False	False	0	0.0	1.00	0.00
4349	-1	2	Oligodendrocyte	146	612	4.3173	M 0 -0.8 A 0.8 0.8 0 1 1 0 0.8 A 0.8 0.8 0 1 1 0 -0.8 Z	1.1309	G1	0		36.75	3.4660	False	False	0	0.0	1.00	0.00
4350	-1	2	Oligodendrocyte	52	642	4.7997	M 0 -0.8 A 0.8 0.8 0 1 1 0 0.8 A 0.8 0.8 0 1 1 0 -0.8 Z	1.1055	G1	0		36.96	4.0774	False	False	0	0.0	1.00	0.00
4351	-1	2	Oligodendrocyte	475	753	2.1983	M 0 -0.8 A 0.8 0.8 0 1 1 0 0.8 A 0.8 0.8 0 1 1 0 -0.8 Z	1.3419	G1	0		35.63	2.4773	False	False	0	0.0	1.00	0.00
4352	-1	2	Oligodendrocyte	417	633	0.2343	M 0 -0.8 A 0.8 0.8 0 1 1 0 0.8 A 0.8 0.8 0 1 1 0 -0.8 Z	0.7917	G1	0		35.56	2.1919	False	False	0	0.0	1.00	0.00
4353	-1	2	Oligodendrocyte	498	382	1.8463	M 0 -0.8 A 0.8 0.8 0 1 1 0 0.8 A 0.8 0.8 0 1 1 0 -0.8 Z	1.1194	G1	0		36.33	2.5264	False	False	0	0.0	1.00	0.00
4354	-1	2	Oligodendrocyte	803	219	5.8034	M 0 -0.8 A 0.8 0.8 0 1 1 0 0.8 A 0.8 0.8 0 1 1 0 -0.8 Z	0.9395	G1	0		36.44	3.2749	False	False	0	0.0	1.00	0.00
4355	-1	2	Oligodendrocyte	177	266	3.3958	M 0 -0.8 A 0.8 0.8 0 1 1 0 0.8 A 0.8 0.8 0 1 1 0 -0.8 Z	1.1068	G1	0		36.60	3.3583	False	False	0	0.0	1.00	0.00
4356	-1	2	Oligodendrocyte	139	482	4.4915	M 0 -0.8 A 0.8 0.8 0 1 1 0 0.8 A 0.8 0.8 0 1 1 0 -0.8 Z	0.6337	G1	0		36.72	3.4988	False	False	0	0.0	1.00	0.00
4357	-1	2	Oligodendrocyte	148	630	5.7602	M 0 -0.8 A 0.8 0.8 0 1 1 0 0.8 A 0.8 0.8 0 1 1 0 -0.8 Z	0.8808	G1	0		36.05	2.9969	False	False	0	0.0	1.00	0.00
4358	-1	2	Oligodendrocyte	389	34	2.4820	M 0 -0.8 A 0.8 0.8 0 1 1 0 0.8 A 0.8 0.8 0 1 1 0 -0.8 Z	0.8273	G1	0		36.28	3.8598	False	False	0	0.0	1.00	0.00
4359	-1	2	Oligodendrocyte	128	804	3.7930	M 0 -0.8 A 0.8 0.8 0 1 1 0 0.8 A 0.8 0.8 0 1 1 0 -0.8 Z	0.9620	G1	0		36.95	3.8486	False	False	0	0.0	1.00	0.00
4360	-1	2	Oligodendrocyte	357	618	0.1692	M 0 -0.8 A 0.8 0.8 0 1 1 0 0.8 A 0.8 0.8 0 1 1 0 -0.8 Z	1.4429	G1	0		36.17	2.5742	False	False	0	0.0	1.00	0.00
4361	-1	2	Oligodendrocyte	557	859	4.9150	M 0 -0.8 A 0.8 0.8 0 1 1 0 0.8 A 0.8 0.8 0 1 1 0 -0.8 Z	0.7989	G1	0		35.48	2.8544	False	False	0	0.0	1.00	0.00
4362	-1	2	Oligodendrocyte	95	941	5.4736	M 0 -0.8 A 0.8 0.8 0 1 1 0 0.8 A 0.8 0.8 0 1 1 0 -0.8 Z	0.7608	G1	0		36.84	4.0863	False	False	0	0.0	1.00	0.00
4363	-1	2	Oligodendrocyte	206	869	5.1643	M 0 -0.8 A 0.8 0.8 0 1 1 0 0.8 A 0.8 0.8 0 1 1 0 -0.8 Z	0.9586	G1	0		36.95	3.8369	False	False	0	0.0	1.00	0.00
4364	-1	2	Oligodendrocyte	911	105	6.0722	M 0 -0.8 A 0.8 0.8 0 1 1 0 0.8 A 0.8 0.8 0 1 1 0 -0.8 Z	1.1041	G1	0		35.86	3.6065	False	False	0	0.0	1.00	0.00
4365	-1	2	Oligodendrocyte	41	479	2.1148	M 0 -0.8 A 0.8 0.8 0 1 1 0 0.8 A 0.8 0.8 0 1 1 0 -0.8 Z	0.8695	G1	0		36.95	4.0513	False	False	0	0.0	1.00	0.00
4366	-1	2	Oligodendrocyte	49	215	5.8979	M 0 -0.8 A 0.8 0.8 0 1 1 0 0.8 A 0.8 0.8 0 1 1 0 -0.8 Z	1.1349	G1	0		37.18	4.2812	False	False	0	0.0	1.00	0.00
4367	-1	2	Oligodendrocyte	720	585	1.8837	M 0 -0.8 A 0.8 0.8 0 1 1 0 0.8 A 0.8 0.8 0 1 1 0 -0.8 Z	1.4220	G1	0		36.50	2.8714	False	False	0	0.0	1.00	0.00
4368	-1	2	Oligodendrocyte	165	48	5.4262	M 0 -0.8 A 0.8 0.8 0 1 1 0 0.8 A 0.8 0.8 0 1 1 0 -0.8 Z	0.8314	G1	0		36.34	3.8761	False	False	0	0.0	1.00	0.00
4369	-1	2	Oligodendrocyte	740	110	1.3167	M 0 -0.8 A 0.8 0.8 0 1 1 0 0.8 A 0.8 0.8 0 1 1 0 -0.8 Z	1.0861	G1	0		36.17	3.4842	False	False	0	0.0	1.00	0.00
4370	-1	2	Oligodendrocyte	36	516	5.9875	M 0 -0.8 A 0.8 0.8 0 1 1 0 0.8 A 0.8 0.8 0 1 1 0 -0.8 Z	1.5043	G1	0		37.23	4.1837	False	False	0	0.0	1.00	0.00
4371	-1	2	Oligodendrocyte	518	820	0.7000	M 0 -0.8 A 0.8 0.8 0 1 1 0 0.8 A 0.8 0.8 0 1 1 0 -0.8 Z	1.1404	G1	0		37.22	3.2636	False	False	0	0.0	1.00	0.00
4372	-1	2	Oligodendrocyte	575	8	0.8567	M 0 -0.8 A 0.8 0.8 0 1 1 0 0.8 A 0.8 0.8 0 1 1 0 -0.8 Z	1.0605	G1	0		37.98	4.9693	False	False	0	0.0	1.00	0.00
4373	-1	2	Oligodendrocyte	961	55	2.0064	M 0 -0.8 A 0.8 0.8 0 1 1 0 0.8 A 0.8 0.8 0 1 1 0 -0.8 Z	0.9582	G1	0		37.47	4.5956	False	False	0	0.0	1.00	0.00
4374	-1	2	Oligodendrocyte	936	206	0.9238	M 0 -0.8 A 0.8 0.8 0 1 1 0 0.8 A 0.8 0.8 0 1 1 0 -0.8 Z	1.1328	G1	0		37.17	4.1565	False	False	0	0.0	1.00	0.00
4375	-1	2	Oligodendrocyte	782	651	0.3854	M 0 -0.8 A 0.8 0.8 0 1 1 0 0.8 A 0.8 0.8 0 1 1 0 -0.8 Z	1.2564	G1	0		36.71	3.2285	False	False	0	0.0	1.00	0.00
4376	-1	2	Oligodendrocyte	283	121	4.4463	M 0 -0.8 A 0.8 0.8 0 1 1 0 0.8 A 0.8 0.8 0 1 1 0 -0.8 Z	0.9772	G1	0		37.06	3.7085	False	False	0	0.0	1.00	0.00
4377	-1	2	Oligodendrocyte	634	468	2.7526	M 0 -0.8 A 0.8 0.8 0 1 1 0 0.8 A 0.8 0.8 0 1 1 0 -0.8 Z	0.7652	G1	0		34.31	1.5029	False	False	0	0.0	1.00	0.00
4378	-1	2	Oligodendrocyte	213	774	1.0053	M 0 -0.8 A 0.8 0.8 0 1 1 0 0.8 A 0.8 0.8 0 1 1 0 -0.8 Z	1.1246	G1	0		36.03	3.0645	False	False	0	0.0	1.00	0.00
4379	-1	2	Oligodendrocyte	818	613	4.9043	M 0 -0.8 A 0.8 0.8 0 1 1 0 0.8 A 0.8 0.8 0 1 1 0 -0.8 Z	1.2637	G1	0		36.77	3.3101	False	False	0	0.0	1.00	0.00
4380	-1	2	Oligodendrocyte	211	415	1.9888	M 0 -0.8 A 0.8 0.8 0 1 1 0 0.8 A 0.8 0.8 0 1 1 0 -0.8 Z	1.3850	G1	0		35.30	2.4544	False	False	0	0.0	1.00	0.00
4381	-1	2	Oligodendrocyte	97	257	1.0996	M 0 -0.8 A 0.8 0.8 0 1 1 0 0.8 A 0.8 0.8 0 1 1 0 -0.8 Z	1.2326	G1	0		36.47	3.6627	False	False	0	0.0	1.00	0.00
4382	-1	2	Oligodendrocyte	933	456	6.0925	M 0 -0.8 A 0.8 0.8 0 1 1 0 0.8 A 0.8 0.8 0 1 1 0 -0.8 Z	0.9887	G1	0		37.09	4.0206	False	False	0	0.0	1.00	0.00
4383	-1	2	Oligodendrocyte	343	172	1.3330	M 0 -0.8 A 0.8 0.8 0 1 1 0 0.8 A 0.8 0.8 0 1 1 0 -0.8 Z	1.0525	G1	0		36.54	3.2529	False	False	0	0.0	1.00	0.00
4384	-1	2	Oligodendrocyte	965	183	0.5082	M 0 -0.8 A 0.8 0.8 0 1 1 0 0.8 A 0.8 0.8 0 1 1 0 -0.8 Z	0.8926	G1	0		37.11	4.2244	False	False	0	0.0	1.00	0.00
4385	-1	2	Oligodendrocyte	498	212	4.2813	M 0 -0.8 A 0.8 0.8 0 1 1 0 0.8 A 0.8 0.8 0 1 1 0 -0.8 Z	0.6770	G1	0		36.46	2.9537	False	False	0	0.0	1.00	0.00
4386	-1	2	Oligodendrocyte	731	534	3.0337	M 0 -0.8 A 0.8 0.8 0 1 1 0 0.8 A 0.8 0.8 0 1 1 0 -0.8 Z	1.0178	G1	0		36.33	2.7597	False	False	0	0.0	1.00	0.00
4387	-1	2	Oligodendrocyte	891	418	3.8562	M 0 -0.8 A 0.8 0.8 0 1 1 0 0.8 A 0.8 0.8 0 1 1 0 -0.8 Z	0.7682	G1	0		36.26	3.4121	False	False	0	0.0	1.00	0.00
4388	-1	2	Oligodendrocyte	936	583	5.5055	M 0 -0.8 A 0.8 0.8 0 1 1 0 0.8 A 0.8 0.8 0 1 1 0 -0.8 Z	1.1304	G1	0		36.49	3.7377	False	False	0	0.0	1.00	0.00
4389	-1	2	Oligodendrocyte	414	43	4.6474	M 0 -0.8 A 0.8 0.8 0 1 1 0 0.8 A 0.8 0.8 0 1 1 0 -0.8 Z	1.1491	G1	0		36.54	3.8874	False	False	0	0.0	1.00	0.00
4390	-1	2	Oligodendrocyte	355	748	4.0225	M 0 -0.8 A 0.8 0.8 0 1 1 0 0.8 A 0.8 0.8 0 1 1 0 -0.8 Z	0.9747	G1	0		36.44	2.9449	False	False	0	0.0	1.00	0.00
4391	-1	2	Oligodendrocyte	317	432	0.1030	M 0 -0.8 A 0.8 0.8 0 1 1 0 0.8 A 0.8 0.8 0 1 1 0 -0.8 Z	0.6520	G1	0		35.96	2.4945	False	False	0	0.0	1.00	0.00
4392	-1	2	Oligodendrocyte	86	433	3.4204	M 0 -0.8 A 0.8 0.8 0 1 1 0 0.8 A 0.8 0.8 0 1 1 0 -0.8 Z	0.4223	G1	0		36.98	3.8765	False	False	0	0.0	1.00	0.00
4393	-1	2	Oligodendrocyte	399	329	0.4378	M 0 -0.8 A 0.8 0.8 0 1 1 0 0.8 A 0.8 0.8 0 1 1 0 -0.8 Z	1.1395	G1	0		35.98	2.5179	False	False	0	0.0	1.00	0.00
4394	-1	2	Oligodendrocyte	453	344	4.2686	M 0 -0.8 A 0.8 0.8 0 1 1 0 0.8 A 0.8 0.8 0 1 1 0 -0.8 Z	1.0033	G1	0		35.40	2.1292	False	False	0	0.0	1.00	0.00
4395	-1	2	Oligodendrocyte	15	241	4.2141	M 0 -0.8 A 0.8 0.8 0 1 1 0 0.8 A 0.8 0.8 0 1 1 0 -0.8 Z	0.8012	G1	0		37.48	4.6046	False	False	0	0.0	1.00	0.00
4396	-1	2	Oligodendrocyte	294	91	3.0616	M 0 -0.8 A 0.8 0.8 0 1 1 0 0.8 A 0.8 0.8 0 1 1 0 -0.8 Z	1.0874	G1	0		36.98	3.8958	False	False	0	0.0	1.00	0.00
4397	-1	2	Oligodendrocyte	51	12	0.1545	M 0 -0.8 A 0.8 0.8 0 1 1 0 0.8 A 0.8 0.8 0 1 1 0 -0.8 Z	0.8987	G1	0		37.20	4.4531	False	False	0	0.0	1.00	0.00
4398	-1	2	Oligodendrocyte	737	422	3.5487	M 0 -0.8 A 0.8 0.8 0 1 1 0 0.8 A 0.8 0.8 0 1 1 0 -0.8 Z	0.8510	G1	0		35.42	2.3606	False	False	0	0.0	1.00	0.00
4399	-1	2	Oligodendrocyte	281	232	0.6127	M 0 -0.8 A 0.8 0.8 0 1 1 0 0.8 A 0.8 0.8 0 1 1 0 -0.8 Z	1.0853	G1	0		36.98	3.2931	False	False	0	0.0	1.00	0.00
4400	-1	2	Oligodendrocyte	15	174	6.1894	M 0 -0.8 A 0.8 0.8 0 1 1 0 0.8 A 0.8 0.8 0 1 1 0 -0.8 Z	1.1305	G1	0		37.16	4.3947	False	False	0	0.0	1.00	0.00
4401	-1	2	Oligodendrocyte	431	791	5.7538	M 0 -0.8 A 0.8 0.8 0 1 1 0 0.8 A 0.8 0.8 0 1 1 0 -0.8 Z	1.0498	G1	0		35.76	2.7388	False	False	0	0.0	1.00	0.00
4402	-1	2	Oligodendrocyte	846	524	2.0931	M 0 -0.8 A 0.8 0.8 0 1 1 0 0.8 A 0.8 0.8 0 1 1 0 -0.8 Z	1.2166	G1	0		37.30	3.3600	False	False	0	0.0	1.00	0.00
4403	-1	2	Oligodendrocyte	318	807	1.6582	M 0 -0.8 A 0.8 0.8 0 1 1 0 0.8 A 0.8 0.8 0 1 1 0 -0.8 Z	1.2040	G1	0		36.67	3.2956	False	False	0	0.0	1.00	0.00
4404	-1	2	Oligodendrocyte	79	687	1.3773	M 0 -0.8 A 0.8 0.8 0 1 1 0 0.8 A 0.8 0.8 0 1 1 0 -0.8 Z	0.8065	G1	0		37.48	4.1859	False	False	0	0.0	1.00	0.00
4405	-1	2	Oligodendrocyte	905	13	0.3127	M 0 -0.8 A 0.8 0.8 0 1 1 0 0.8 A 0.8 0.8 0 1 1 0 -0.8 Z	0.7778	G1	0		34.86	3.2858	False	False	0	0.0	1.00	0.00
4406	-1	2	Oligodendrocyte	241	160	3.3764	M 0 -0.8 A 0.8 0.8 0 1 1 0 0.8 A 0.8 0.8 0 1 1 0 -0.8 Z	0.9677	G1	0		36.55	3.4171	False	False	0	0.0	1.00	0.00
4407	-1	2	Oligodendrocyte	251	703	1.1746	M 0 -0.8 A 0.8 0.8 0 1 1 0 0.8 A 0.8 0.8 0 1 1 0 -0.8 Z	1.0423	G1	0		36.73	3.0497	False	False	0	0.0	1.00	0.00
4408	-1	2	Oligodendrocyte	414	251	3.7910	M 0 -0.8 A 0.8 0.8 0 1 1 0 0.8 A 0.8 0.8 0 1 1 0 -0.8 Z	1.0072	G1	0		34.70	2.0402	False	False	0	0.0	1.00	0.00
4409	-1	2	Oligodendrocyte	762	32	0.3521	M 0 -0.8 A 0.8 0.8 0 1 1 0 0.8 A 0.8 0.8 0 1 1 0 -0.8 Z	1.3382	G1	0		36.56	4.0084	False	False	0	0.0	1.00	0.00
4410	-1	2	Oligodendrocyte	240	398	4.4338	M 0 -0.8 A 0.8 0.8 0 1 1 0 0.8 A 0.8 0.8 0 1 1 0 -0.8 Z	1.1171	G1	0		36.82	3.0366	False	False	0	0.0	1.00	0.00
4411	-1	2	Oligodendrocyte	312	252	3.2585	M 0 -0.8 A 0.8 0.8 0 1 1 0 0.8 A 0.8 0.8 0 1 1 0 -0.8 Z	1.0326	G1	0		36.07	2.8564	False	False	0	0.0	1.00	0.00
4412	-1	2	Oligodendrocyte	844	449	4.7200	M 0 -0.8 A 0.8 0.8 0 1 1 0 0.8 A 0.8 0.8 0 1 1 0 -0.8 Z	0.8472	G1	0		36.41	3.1660	False	False	0	0.0	1.00	0.00
4413	-1	2	Oligodendrocyte	928	814	1.0115	M 0 -0.8 A 0.8 0.8 0 1 1 0 0.8 A 0.8 0.8 0 1 1 0 -0.8 Z	0.7235	G1	0		37.23	4.2189	False	False	0	0.0	1.00	0.00
4414	-1	2	Oligodendrocyte	878	590	5.7603	M 0 -0.8 A 0.8 0.8 0 1 1 0 0.8 A 0.8 0.8 0 1 1 0 -0.8 Z	0.7794	G1	0		36.20	3.3211	False	False	0	0.0	1.00	0.00
4415	-1	2	Oligodendrocyte	531	468	3.3734	M 0 -0.8 A 0.8 0.8 0 1 1 0 0.8 A 0.8 0.8 0 1 1 0 -0.8 Z	0.8169	G1	0		35.98	2.1618	False	False	0	0.0	1.00	0.00
4416	-1	2	Oligodendrocyte	119	804	4.3634	M 0 -0.8 A 0.8 0.8 0 1 1 0 0.8 A 0.8 0.8 0 1 1 0 -0.8 Z	1.0213	G1	0		36.64	3.6929	False	False	0	0.0	1.00	0.00
4417	-1	2	Oligodendrocyte	649	232	4.8441	M 0 -0.8 A 0.8 0.8 0 1 1 0 0.8 A 0.8 0.8 0 1 1 0 -0.8 Z	0.9112	G1	0		36.95	3.2336	False	False	0	0.0	1.00	0.00
4418	-1	2	Oligodendrocyte	409	48	6.2067	M 0 -0.8 A 0.8 0.8 0 1 1 0 0.8 A 0.8 0.8 0 1 1 0 -0.8 Z	0.8705	G1	0		36.37	3.7706	False	False	0	0.0	1.00	0.00
4419	-1	2	Oligodendrocyte	782	759	4.0824	M 0 -0.8 A 0.8 0.8 0 1 1 0 0.8 A 0.8 0.8 0 1 1 0 -0.8 Z	0.8362	G1	0		37.10	3.5751	False	False	0	0.0	1.00	0.00
4420	-1	2	Oligodendrocyte	982	714	4.3512	M 0 -0.8 A 0.8 0.8 0 1 1 0 0.8 A 0.8 0.8 0 1 1 0 -0.8 Z	1.3772	G1	0		37.62	4.5047	False	False	0	0.0	1.00	0.00
4421	-1	2	Oligodendrocyte	332	139	1.3973	M 0 -0.8 A 0.8 0.8 0 1 1 0 0.8 A 0.8 0.8 0 1 1 0 -0.8 Z	1.1610	G1	0		36.65	3.4950	False	False	0	0.0	1.00	0.00
4422	-1	2	Oligodendrocyte	557	270	5.0226	M 0 -0.8 A 0.8 0.8 0 1 1 0 0.8 A 0.8 0.8 0 1 1 0 -0.8 Z	1.0455	G1	0		36.42	2.8573	False	False	0	0.0	1.00	0.00
4423	-1	2	Oligodendrocyte	727	275	3.0543	M 0 -0.8 A 0.8 0.8 0 1 1 0 0.8 A 0.8 0.8 0 1 1 0 -0.8 Z	0.9547	G1	0		36.02	2.7847	False	False	0	0.0	1.00	0.00
4424	-1	2	Oligodendrocyte	872	847	3.8101	M 0 -0.8 A 0.8 0.8 0 1 1 0 0.8 A 0.8 0.8 0 1 1 0 -0.8 Z	0.8833	G1	0		35.40	3.1611	False	False	0	0.0	1.00	0.00
4425	-1	2	Oligodendrocyte	531	28	3.7446	M 0 -0.8 A 0.8 0.8 0 1 1 0 0.8 A 0.8 0.8 0 1 1 0 -0.8 Z	0.6171	G1	0		37.93	4.4727	False	False	0	0.0	1.00	0.00
4426	-1	2	Oligodendrocyte	364	125	4.8097	M 0 -0.8 A 0.8 0.8 0 1 1 0 0.8 A 0.8 0.8 0 1 1 0 -0.8 Z	1.0364	G1	0		36.56	3.4333	False	False	0	0.0	1.00	0.00
4427	-1	2	Oligodendrocyte	500	153	4.2620	M 0 -0.8 A 0.8 0.8 0 1 1 0 0.8 A 0.8 0.8 0 1 1 0 -0.8 Z	0.9908	G1	0		36.53	3.3061	False	False	0	0.0	1.00	0.00
4428	-1	2	Oligodendrocyte	28	556	4.8162	M 0 -0.8 A 0.8 0.8 0 1 1 0 0.8 A 0.8 0.8 0 1 1 0 -0.8 Z	0.9690	G1	0		37.26	4.3694	False	False	0	0.0	1.00	0.00
4429	-1	2	Oligodendrocyte	768	170	6.2219	M 0 -0.8 A 0.8 0.8 0 1 1 0 0.8 A 0.8 0.8 0 1 1 0 -0.8 Z	1.1527	G1	0		36.93	3.6526	False	False	0	0.0	1.00	0.00
4430	-1	2	Oligodendrocyte	123	36	6.0468	M 0 -0.8 A 0.8 0.8 0 1 1 0 0.8 A 0.8 0.8 0 1 1 0 -0.8 Z	0.7821	G1	0		35.72	3.6572	False	False	0	0.0	1.00	0.00
4431	-1	2	Oligodendrocyte	940	364	2.0476	M 0 -0.8 A 0.8 0.8 0 1 1 0 0.8 A 0.8 0.8 0 1 1 0 -0.8 Z	1.2422	G1	0		35.81	3.4784	False	False	0	0.0	1.00	0.00
4432	-1	2	Oligodendrocyte	585	639	2.4141	M 0 -0.8 A 0.8 0.8 0 1 1 0 0.8 A 0.8 0.8 0 1 1 0 -0.8 Z	1.3063	G1	0		36.38	2.6520	False	False	0	0.0	1.00	0.00
4433	-1	2	Oligodendrocyte	734	757	4.7355	M 0 -0.8 A 0.8 0.8 0 1 1 0 0.8 A 0.8 0.8 0 1 1 0 -0.8 Z	0.9035	G1	0		36.00	2.8961	False	False	0	0.0	1.00	0.00
4434	-1	2	Oligodendrocyte	36	268	5.3043	M 0 -0.8 A 0.8 0.8 0 1 1 0 0.8 A 0.8 0.8 0 1 1 0 -0.8 Z	0.8340	G1	0		37.24	4.3383	False	False	0	0.0	1.00	0.00
4435	-1	2	Oligodendrocyte	646	592	3.7346	M 0 -0.8 A 0.8 0.8 0 1 1 0 0.8 A 0.8 0.8 0 1 1 0 -0.8 Z	0.7360	G1	0		35.74	2.2676	False	False	0	0.0	1.00	0.00
4436	-1	2	Oligodendrocyte	232	611	5.2047	M 0 -0.8 A 0.8 0.8 0 1 1 0 0.8 A 0.8 0.8 0 1 1 0 -0.8 Z	1.0863	G1	0		36.59	3.0384	False	False	0	0.0	1.00	0.00
4437	-1	2	Oligodendrocyte	750	487	0.4721	M 0 -0.8 A 0.8 0.8 0 1 1 0 0.8 A 0.8 0.8 0 1 1 0 -0.8 Z	0.9216	G1	0		35.49	2.4132	False	False	0	0.0	1.00	0.00
4438	-1	2	Oligodendrocyte	847	766	1.3840	M 0 -0.8 A 0.8 0.8 0 1 1 0 0.8 A 0.8 0.8 0 1 1 0 -0.8 Z	0.9461	G1	0		35.38	2.7577	False	False	0	0.0	1.00	0.00
4439	-1	2	Oligodendrocyte	546	811	0.0634	M 0 -0.8 A 0.8 0.8 0 1 1 0 0.8 A 0.8 0.8 0 1 1 0 -0.8 Z	1.1930	G1	0		36.36	3.0511	False	False	0	0.0	1.00	0.00
4440	-1	2	Oligodendrocyte	484	733	4.9369	M 0 -0.8 A 0.8 0.8 0 1 1 0 0.8 A 0.8 0.8 0 1 1 0 -0.8 Z	0.9325	G1	0		36.25	2.7180	False	False	0	0.0	1.00	0.00
4441	-1	2	Oligodendrocyte	691	396	5.8975	M 0 -0.8 A 0.8 0.8 0 1 1 0 0.8 A 0.8 0.8 0 1 1 0 -0.8 Z	0.7824	G1	0		35.01	2.0842	False	False	0	0.0	1.00	0.00
4442	-1	2	Oligodendrocyte	399	295	1.4166	M 0 -0.8 A 0.8 0.8 0 1 1 0 0.8 A 0.8 0.8 0 1 1 0 -0.8 Z	1.1692	G1	0		36.41	2.7896	False	False	0	0.0	1.00	0.00
4443	-1	2	Oligodendrocyte	82	348	5.1351	M 0 -0.8 A 0.8 0.8 0 1 1 0 0.8 A 0.8 0.8 0 1 1 0 -0.8 Z	1.1021	G1	0		37.44	4.0533	False	False	0	0.0	1.00	0.00
4444	-1	2	Oligodendrocyte	550	440	4.8958	M 0 -0.8 A 0.8 0.8 0 1 1 0 0.8 A 0.8 0.8 0 1 1 0 -0.8 Z	1.1309	G1	0		34.95	1.8425	False	False	0	0.0	1.00	0.00
4445	-1	2	Oligodendrocyte	873	734	3.9382	M 0 -0.8 A 0.8 0.8 0 1 1 0 0.8 A 0.8 0.8 0 1 1 0 -0.8 Z	1.1270	G1	0		36.86	3.6944	False	False	0	0.0	1.00	0.00
4446	-1	2	Oligodendrocyte	52	764	5.3295	M 0 -0.8 A 0.8 0.8 0 1 1 0 0.8 A 0.8 0.8 0 1 1 0 -0.8 Z	0.8790	G1	0		36.79	4.0007	False	False	0	0.0	1.00	0.00
4447	-1	2	Oligodendrocyte	758	124	5.7139	M 0 -0.8 A 0.8 0.8 0 1 1 0 0.8 A 0.8 0.8 0 1 1 0 -0.8 Z	0.8348	G1	0		36.91	3.7594	False	False	0	0.0	1.00	0.00
4448	-1	2	Oligodendrocyte	363	482	2.3283	M 0 -0.8 A 0.8 0.8 0 1 1 0 0.8 A 0.8 0.8 0 1 1 0 -0.8 Z	0.8384	G1	0		35.99	2.3497	False	False	0	0.0	1.00	0.00
4449	-1	2	Oligodendrocyte	871	125	1.6774	M 0 -0.8 A 0.8 0.8 0 1 1 0 0.8 A 0.8 0.8 0 1 1 0 -0.8 Z	1.1086	G1	0		35.91	3.4194	False	False	0	0.0	1.00	0.00
4450	-1	2	Oligodendrocyte	878	892	3.4015	M 0 -0.8 A 0.8 0.8 0 1 1 0 0.8 A 0.8 0.8 0 1 1 0 -0.8 Z	1.1113	G1	0		37.30	4.2503	False	False	0	0.0	1.00	0.00
4451	-1	2	Oligodendrocyte	786	937	2.5550	M 0 -0.8 A 0.8 0.8 0 1 1 0 0.8 A 0.8 0.8 0 1 1 0 -0.8 Z	0.8984	G1	0		34.91	3.0392	False	False	0	0.0	1.00	0.00
4452	-1	2	Oligodendrocyte	120	154	2.6128	M 0 -0.8 A 0.8 0.8 0 1 1 0 0.8 A 0.8 0.8 0 1 1 0 -0.8 Z	0.8530	G1	0		35.40	3.1267	False	False	0	0.0	1.00	0.00
4453	-1	2	Oligodendrocyte	872	341	0.3823	M 0 -0.8 A 0.8 0.8 0 1 1 0 0.8 A 0.8 0.8 0 1 1 0 -0.8 Z	1.0261	G1	0		36.52	3.4879	False	False	0	0.0	1.00	0.00
4454	-1	2	Oligodendrocyte	957	614	1.6059	M 0 -0.8 A 0.8 0.8 0 1 1 0 0.8 A 0.8 0.8 0 1 1 0 -0.8 Z	0.8848	G1	0		37.14	4.2083	False	False	0	0.0	1.00	0.00
4455	-1	2	Oligodendrocyte	702	715	3.3105	M 0 -0.8 A 0.8 0.8 0 1 1 0 0.8 A 0.8 0.8 0 1 1 0 -0.8 Z	1.0379	G1	0		36.43	2.9492	False	False	0	0.0	1.00	0.00
4456	-1	2	Oligodendrocyte	351	721	5.1108	M 0 -0.8 A 0.8 0.8 0 1 1 0 0.8 A 0.8 0.8 0 1 1 0 -0.8 Z	1.2134	G1	0		36.75	3.0969	False	False	0	0.0	1.00	0.00
4457	-1	2	Oligodendrocyte	854	183	5.0643	M 0 -0.8 A 0.8 0.8 0 1 1 0 0.8 A 0.8 0.8 0 1 1 0 -0.8 Z	0.7795	G1	0		35.97	3.3329	False	False	0	0.0	1.00	0.00
4458	-1	2	Oligodendrocyte	116	326	5.0658	M 0 -0.8 A 0.8 0.8 0 1 1 0 0.8 A 0.8 0.8 0 1 1 0 -0.8 Z	0.9732	G1	0		36.66	3.5572	False	False	0	0.0	1.00	0.00
4459	-1	2	Oligodendrocyte	137	997	2.6998	M 0 -0.8 A 0.8 0.8 0 1 1 0 0.8 A 0.8 0.8 0 1 1 0 -0.8 Z	0.6205	G1	0		37.78	4.8056	False	False	0	0.0	1.00	0.00
4460	-1	2	Oligodendrocyte	710	483	5.5851	M 0 -0.8 A 0.8 0.8 0 1 1 0 0.8 A 0.8 0.8 0 1 1 0 -0.8 Z	0.9153	G1	0		36.07	2.5972	False	False	0	0.0	1.00	0.00
4461	-1	2	Oligodendrocyte	903	564	0.7797	M 0 -0.8 A 0.8 0.8 0 1 1 0 0.8 A 0.8 0.8 0 1 1 0 -0.8 Z	0.7478	G1	0		36.86	3.7190	False	False	0	0.0	1.00	0.00
4462	-1	2	Oligodendrocyte	990	624	4.9516	M 0 -0.8 A 0.8 0.8 0 1 1 0 0.8 A 0.8 0.8 0 1 1 0 -0.8 Z	0.5611	G1	0		37.93	4.9292	False	False	0	0.0	1.00	0.00
4463	-1	2	Oligodendrocyte	443	212	5.0437	M 0 -0.8 A 0.8 0.8 0 1 1 0 0.8 A 0.8 0.8 0 1 1 0 -0.8 Z	1.5322	G1	0		35.84	2.7167	False	False	0	0.0	1.00	0.00
4464	-1	2	Oligodendrocyte	808	548	5.8058	M 0 -0.8 A 0.8 0.8 0 1 1 0 0.8 A 0.8 0.8 0 1 1 0 -0.8 Z	0.7608	G1	0		35.26	2.5155	False	False	0	0.0	1.00	0.00
4465	-1	2	Oligodendrocyte	725	461	5.7532	M 0 -0.8 A 0.8 0.8 0 1 1 0 0.8 A 0.8 0.8 0 1 1 0 -0.8 Z	1.2149	G1	0		36.39	2.7848	False	False	0	0.0	1.00	0.00
4466	-1	2	Oligodendrocyte	551	883	2.9856	M 0 -0.8 A 0.8 0.8 0 1 1 0 0.8 A 0.8 0.8 0 1 1 0 -0.8 Z	1.3818	G1	0		36.89	3.6863	False	False	0	0.0	1.00	0.00
4467	-1	2	Oligodendrocyte	148	860	5.9812	M 0 -0.8 A 0.8 0.8 0 1 1 0 0.8 A 0.8 0.8 0 1 1 0 -0.8 Z	0.9239	G1	0		36.81	3.8031	False	False	0	0.0	1.00	0.00
4468	-1	2	Oligodendrocyte	203	196	4.0839	M 0 -0.8 A 0.8 0.8 0 1 1 0 0.8 A 0.8 0.8 0 1 1 0 -0.8 Z	1.0460	G1	0		36.54	3.4304	False	False	0	0.0	1.00	0.00
4469	-1	2	Oligodendrocyte	100	302	5.4882	M 0 -0.8 A 0.8 0.8 0 1 1 0 0.8 A 0.8 0.8 0 1 1 0 -0.8 Z	0.9280	G1	0		36.76	3.7827	False	False	0	0.0	1.00	0.00
4470	-1	2	Oligodendrocyte	560	107	4.6678	M 0 -0.8 A 0.8 0.8 0 1 1 0 0.8 A 0.8 0.8 0 1 1 0 -0.8 Z	0.8645	G1	0		36.58	3.5753	False	False	0	0.0	1.00	0.00
4471	-1	2	Oligodendrocyte	414	54	0.8117	M 0 -0.8 A 0.8 0.8 0 1 1 0 0.8 A 0.8 0.8 0 1 1 0 -0.8 Z	1.0883	G1	0		36.85	3.9421	False	False	0	0.0	1.00	0.00
4472	-1	2	Oligodendrocyte	53	918	0.8091	M 0 -0.8 A 0.8 0.8 0 1 1 0 0.8 A 0.8 0.8 0 1 1 0 -0.8 Z	1.4131	G1	0		37.20	4.3899	False	False	0	0.0	1.00	0.00
4473	-1	2	Oligodendrocyte	626	690	0.7453	M 0 -0.8 A 0.8 0.8 0 1 1 0 0.8 A 0.8 0.8 0 1 1 0 -0.8 Z	1.1733	G1	0		36.59	2.9111	False	False	0	0.0	1.00	0.00
4474	-1	2	Oligodendrocyte	316	602	4.1053	M 0 -0.8 A 0.8 0.8 0 1 1 0 0.8 A 0.8 0.8 0 1 1 0 -0.8 Z	1.1500	G1	0		35.68	2.3829	False	False	0	0.0	1.00	0.00
4475	-1	2	Oligodendrocyte	305	745	1.8501	M 0 -0.8 A 0.8 0.8 0 1 1 0 0.8 A 0.8 0.8 0 1 1 0 -0.8 Z	1.0922	G1	0		36.01	2.7616	False	False	0	0.0	1.00	0.00
4476	-1	2	Oligodendrocyte	189	153	5.5223	M 0 -0.8 A 0.8 0.8 0 1 1 0 0.8 A 0.8 0.8 0 1 1 0 -0.8 Z	0.7217	G1	0		36.90	3.8084	False	False	0	0.0	1.00	0.00
4477	-1	2	Oligodendrocyte	961	625	3.8205	M 0 -0.8 A 0.8 0.8 0 1 1 0 0.8 A 0.8 0.8 0 1 1 0 -0.8 Z	1.0820	G1	0		36.76	3.9686	False	False	0	0.0	1.00	0.00
4478	-1	2	Oligodendrocyte	559	587	3.1554	M 0 -0.8 A 0.8 0.8 0 1 1 0 0.8 A 0.8 0.8 0 1 1 0 -0.8 Z	1.1033	G1	0		36.23	2.4756	False	False	0	0.0	1.00	0.00
4479	-1	2	Oligodendrocyte	343	980	2.7629	M 0 -0.8 A 0.8 0.8 0 1 1 0 0.8 A 0.8 0.8 0 1 1 0 -0.8 Z	0.9786	G1	0		37.85	4.5955	False	False	0	0.0	1.00	0.00
4480	-1	2	Oligodendrocyte	695	186	1.2069	M 0 -0.8 A 0.8 0.8 0 1 1 0 0.8 A 0.8 0.8 0 1 1 0 -0.8 Z	0.6099	G1	0		36.49	3.2140	False	False	0	0.0	1.00	0.00
4481	-1	2	Oligodendrocyte	753	47	5.8769	M 0 -0.8 A 0.8 0.8 0 1 1 0 0.8 A 0.8 0.8 0 1 1 0 -0.8 Z	1.1480	G1	0		37.24	4.2855	False	False	0	0.0	1.00	0.00
4482	-1	2	Oligodendrocyte	321	137	2.9784	M 0 -0.8 A 0.8 0.8 0 1 1 0 0.8 A 0.8 0.8 0 1 1 0 -0.8 Z	0.8020	G1	0		36.36	3.3432	False	False	0	0.0	1.00	0.00
4483	-1	2	Oligodendrocyte	359	121	4.3316	M 0 -0.8 A 0.8 0.8 0 1 1 0 0.8 A 0.8 0.8 0 1 1 0 -0.8 Z	0.8779	G1	0		37.00	3.6765	False	False	0	0.0	1.00	0.00
4484	-1	2	Oligodendrocyte	470	615	0.4802	M 0 -0.8 A 0.8 0.8 0 1 1 0 0.8 A 0.8 0.8 0 1 1 0 -0.8 Z	1.1191	G1	0		34.86	1.8190	False	False	0	0.0	1.00	0.00
4485	-1	2	Oligodendrocyte	142	950	3.7319	M 0 -0.8 A 0.8 0.8 0 1 1 0 0.8 A 0.8 0.8 0 1 1 0 -0.8 Z	0.9325	G1	0		37.30	4.3693	False	False	0	0.0	1.00	0.00
4486	-1	2	Oligodendrocyte	709	312	0.1365	M 0 -0.8 A 0.8 0.8 0 1 1 0 0.8 A 0.8 0.8 0 1 1 0 -0.8 Z	1.3353	G1	0		34.10	1.7819	False	False	0	0.0	1.00	0.00
4487	-1	2	Oligodendrocyte	623	797	5.9907	M 0 -0.8 A 0.8 0.8 0 1 1 0 0.8 A 0.8 0.8 0 1 1 0 -0.8 Z	1.1845	G1	0		36.73	3.2049	False	False	0	0.0	1.00	0.00
4488	-1	2	Oligodendrocyte	799	984	1.9011	M 0 -0.8 A 0.8 0.8 0 1 1 0 0.8 A 0.8 0.8 0 1 1 0 -0.8 Z	1.3781	G1	0		37.42	4.5677	False	False	0	0.0	1.00	0.00
4489	-1	2	Oligodendrocyte	591	289	3.1844	M 0 -0.8 A 0.8 0.8 0 1 1 0 0.8 A 0.8 0.8 0 1 1 0 -0.8 Z	1.1733	G1	0		36.51	2.8666	False	False	0	0.0	1.00	0.00
4490	-1	2	Oligodendrocyte	211	434	2.8731	M 0 -0.8 A 0.8 0.8 0 1 1 0 0.8 A 0.8 0.8 0 1 1 0 -0.8 Z	0.6022	G1	0		35.41	2.5302	False	False	0	0.0	1.00	0.00
4491	-1	2	Oligodendrocyte	202	811	1.5437	M 0 -0.8 A 0.8 0.8 0 1 1 0 0.8 A 0.8 0.8 0 1 1 0 -0.8 Z	0.8770	G1	0		37.12	3.7864	False	False	0	0.0	1.00	0.00
4492	-1	2	Oligodendrocyte	853	607	3.5251	M 0 -0.8 A 0.8 0.8 0 1 1 0 0.8 A 0.8 0.8 0 1 1 0 -0.8 Z	1.0764	G1	0		36.00	3.0231	False	False	0	0.0	1.00	0.00
4493	-1	2	Oligodendrocyte	368	636	2.6583	M 0 -0.8 A 0.8 0.8 0 1 1 0 0.8 A 0.8 0.8 0 1 1 0 -0.8 Z	1.3121	G1	0		36.27	2.4848	False	False	0	0.0	1.00	0.00
4494	-1	2	Oligodendrocyte	284	262	2.9687	M 0 -0.8 A 0.8 0.8 0 1 1 0 0.8 A 0.8 0.8 0 1 1 0 -0.8 Z	1.0489	G1	0		36.42	3.0220	False	False	0	0.0	1.00	0.00
4495	-1	2	Oligodendrocyte	244	206	0.8125	M 0 -0.8 A 0.8 0.8 0 1 1 0 0.8 A 0.8 0.8 0 1 1 0 -0.8 Z	1.0831	G1	0		36.56	3.3024	False	False	0	0.0	1.00	0.00
4496	-1	2	Oligodendrocyte	601	922	3.8342	M 0 -0.8 A 0.8 0.8 0 1 1 0 0.8 A 0.8 0.8 0 1 1 0 -0.8 Z	1.0959	G1	0		37.27	4.1042	False	False	0	0.0	1.00	0.00
4497	-1	2	Oligodendrocyte	838	540	2.7986	M 0 -0.8 A 0.8 0.8 0 1 1 0 0.8 A 0.8 0.8 0 1 1 0 -0.8 Z	1.4810	G1	0		36.80	3.4061	False	False	0	0.0	1.00	0.00
4498	-1	2	Oligodendrocyte	604	58	4.2273	M 0 -0.8 A 0.8 0.8 0 1 1 0 0.8 A 0.8 0.8 0 1 1 0 -0.8 Z	1.0075	G1	0		35.13	3.0999	False	False	0	0.0	1.00	0.00
4499	-1	2	Oligodendrocyte	754	720	5.0037	M 0 -0.8 A 0.8 0.8 0 1 1 0 0.8 A 0.8 0.8 0 1 1 0 -0.8 Z	1.2037	G1	0		36.74	3.2661	False	False	0	0.0	1.00	0.00
4500	-1	2	Oligodendrocyte	920	592	1.2264	M 0 -0.8 A 0.8 0.8 0 1 1 0 0.8 A 0.8 0.8 0 1 1 0 -0.8 Z	1.1414	G1	0		36.80	3.8605	False	False	0	0.0	1.00	0.00
4501	-1	2	Oligodendrocyte	412	121	2.7475	M 0 -0.8 A 0.8 0.8 0 1 1 0 0.8 A 0.8 0.8 0 1 1 0 -0.8 Z	1.0280	G1	0		35.66	3.0565	False	False	0	0.0	1.00	0.00
4502	-1	2	Oligodendrocyte	310	460	4.6466	M 0 -0.8 A 0.8 0.8 0 1 1 0 0.8 A 0.8 0.8 0 1 1 0 -0.8 Z	1.1135	G1	0		35.91	2.5197	False	False	0	0.0	1.00	0.00
4503	-1	2	Oligodendrocyte	552	166	0.0286	M 0 -0.8 A 0.8 0.8 0 1 1 0 0.8 A 0.8 0.8 0 1 1 0 -0.8 Z	0.8392	G1	0		34.44	2.1741	False	False	0	0.0	1.00	0.00
4504	-1	2	Oligodendrocyte	411	205	4.4775	M 0 -0.8 A 0.8 0.8 0 1 1 0 0.8 A 0.8 0.8 0 1 1 0 -0.8 Z	1.3102	G1	0		36.87	3.0638	False	False	0	0.0	1.00	0.00
4505	-1	2	Oligodendrocyte	239	376	3.1786	M 0 -0.8 A 0.8 0.8 0 1 1 0 0.8 A 0.8 0.8 0 1 1 0 -0.8 Z	0.9360	G1	0		37.29	3.0351	False	False	0	0.0	1.00	0.00
4506	-1	2	Oligodendrocyte	925	189	2.4009	M 0 -0.8 A 0.8 0.8 0 1 1 0 0.8 A 0.8 0.8 0 1 1 0 -0.8 Z	1.0748	G1	0		36.01	3.5857	False	False	0	0.0	1.00	0.00
4507	-1	2	Oligodendrocyte	52	720	4.2591	M 0 -0.8 A 0.8 0.8 0 1 1 0 0.8 A 0.8 0.8 0 1 1 0 -0.8 Z	1.0192	G1	0		36.67	3.9544	False	False	0	0.0	1.00	0.00
4508	-1	2	Oligodendrocyte	129	637	5.3596	M 0 -0.8 A 0.8 0.8 0 1 1 0 0.8 A 0.8 0.8 0 1 1 0 -0.8 Z	0.9510	G1	0		36.76	3.5544	False	False	0	0.0	1.00	0.00
4509	-1	2	Oligodendrocyte	648	744	4.4574	M 0 -0.8 A 0.8 0.8 0 1 1 0 0.8 A 0.8 0.8 0 1 1 0 -0.8 Z	0.9568	G1	0		36.41	2.9281	False	False	0	0.0	1.00	0.00
4510	-1	2	Oligodendrocyte	516	119	1.5535	M 0 -0.8 A 0.8 0.8 0 1 1 0 0.8 A 0.8 0.8 0 1 1 0 -0.8 Z	1.2104	G1	0		36.05	3.0221	False	False	0	0.0	1.00	0.00
4511	-1	2	Oligodendrocyte	129	559	2.8467	M 0 -0.8 A 0.8 0.8 0 1 1 0 0.8 A 0.8 0.8 0 1 1 0 -0.8 Z	0.9715	G1	0		36.91	3.6249	False	False	0	0.0	1.00	0.00
4512	-1	2	Oligodendrocyte	493	315	2.2208	M 0 -0.8 A 0.8 0.8 0 1 1 0 0.8 A 0.8 0.8 0 1 1 0 -0.8 Z	1.0408	G1	0		36.16	2.5439	False	False	0	0.0	1.00	0.00
4513	-1	2	Oligodendrocyte	192	614	3.1030	M 0 -0.8 A 0.8 0.8 0 1 1 0 0.8 A 0.8 0.8 0 1 1 0 -0.8 Z	1.2168	G1	0		37.08	3.2270	False	False	0	0.0	1.00	0.00
4514	-1	2	Oligodendrocyte	426	187	4.8940	M 0 -0.8 A 0.8 0.8 0 1 1 0 0.8 A 0.8 0.8 0 1 1 0 -0.8 Z	1.1019	G1	0		34.19	1.9478	False	False	0	0.0	1.00	0.00
4515	-1	2	Oligodendrocyte	908	5	0.4958	M 0 -0.8 A 0.8 0.8 0 1 1 0 0.8 A 0.8 0.8 0 1 1 0 -0.8 Z	0.8520	G1	0		37.72	4.8428	False	False	0	0.0	1.00	0.00
4516	-1	2	Oligodendrocyte	931	346	1.0139	M 0 -0.8 A 0.8 0.8 0 1 1 0 0.8 A 0.8 0.8 0 1 1 0 -0.8 Z	1.1768	G1	0		36.90	3.9546	False	False	0	0.0	1.00	0.00
4517	-1	2	Oligodendrocyte	204	465	6.0899	M 0 -0.8 A 0.8 0.8 0 1 1 0 0.8 A 0.8 0.8 0 1 1 0 -0.8 Z	0.9253	G1	0		36.33	2.9169	False	False	0	0.0	1.00	0.00
4518	-1	2	Oligodendrocyte	328	293	5.8365	M 0 -0.8 A 0.8 0.8 0 1 1 0 0.8 A 0.8 0.8 0 1 1 0 -0.8 Z	0.8360	G1	0		36.36	2.8721	False	False	0	0.0	1.00	0.00
4519	-1	2	Oligodendrocyte	480	276	3.1667	M 0 -0.8 A 0.8 0.8 0 1 1 0 0.8 A 0.8 0.8 0 1 1 0 -0.8 Z	0.8732	G1	0		35.15	2.1575	False	False	0	0.0	1.00	0.00
4520	-1	2	Oligodendrocyte	989	331	4.0876	M 0 -0.8 A 0.8 0.8 0 1 1 0 0.8 A 0.8 0.8 0 1 1 0 -0.8 Z	0.9394	G1	0		36.80	4.3139	False	False	0	0.0	1.00	0.00
4521	-1	2	Oligodendrocyte	976	801	5.2556	M 0 -0.8 A 0.8 0.8 0 1 1 0 0.8 A 0.8 0.8 0 1 1 0 -0.8 Z	1.0085	G1	0		37.91	4.4504	False	False	0	0.0	1.00	0.00
4522	-1	2	Oligodendrocyte	906	183	3.9912	M 0 -0.8 A 0.8 0.8 0 1 1 0 0.8 A 0.8 0.8 0 1 1 0 -0.8 Z	0.8983	G1	0		36.59	3.7566	False	False	0	0.0	1.00	0.00
4523	-1	2	Oligodendrocyte	748	863	0.1808	M 0 -0.8 A 0.8 0.8 0 1 1 0 0.8 A 0.8 0.8 0 1 1 0 -0.8 Z	0.7423	G1	0		36.44	3.4697	False	False	0	0.0	1.00	0.00
4524	-1	2	Oligodendrocyte	297	150	2.6206	M 0 -0.8 A 0.8 0.8 0 1 1 0 0.8 A 0.8 0.8 0 1 1 0 -0.8 Z	0.6714	G1	0		36.24	3.2478	False	False	0	0.0	1.00	0.00
4525	-1	2	Oligodendrocyte	863	740	5.4035	M 0 -0.8 A 0.8 0.8 0 1 1 0 0.8 A 0.8 0.8 0 1 1 0 -0.8 Z	1.0133	G1	0		36.07	3.3139	False	False	0	0.0	1.00	0.00
4526	-1	2	Oligodendrocyte	498	467	3.7995	M 0 -0.8 A 0.8 0.8 0 1 1 0 0.8 A 0.8 0.8 0 1 1 0 -0.8 Z	1.0115	G1	0		35.58	2.0485	False	False	0	0.0	1.00	0.00
4527	-1	2	Oligodendrocyte	46	549	4.5480	M 0 -0.8 A 0.8 0.8 0 1 1 0 0.8 A 0.8 0.8 0 1 1 0 -0.8 Z	0.7046	G1	0		35.42	3.1910	False	False	0	0.0	1.00	0.00
4528	-1	2	Oligodendrocyte	559	120	0.6144	M 0 -0.8 A 0.8 0.8 0 1 1 0 0.8 A 0.8 0.8 0 1 1 0 -0.8 Z	1.4263	G1	0		36.39	3.4081	False	False	0	0.0	1.00	0.00
4529	-1	2	Oligodendrocyte	703	19	4.6515	M 0 -0.8 A 0.8 0.8 0 1 1 0 0.8 A 0.8 0.8 0 1 1 0 -0.8 Z	1.5473	G1	0		37.11	4.3293	False	False	0	0.0	1.00	0.00
4530	-1	2	Oligodendrocyte	18	299	1.1651	M 0 -0.8 A 0.8 0.8 0 1 1 0 0.8 A 0.8 0.8 0 1 1 0 -0.8 Z	1.2664	G1	0		37.42	4.5371	False	False	0	0.0	1.00	0.00
4531	-1	2	Oligodendrocyte	425	487	2.8179	M 0 -0.8 A 0.8 0.8 0 1 1 0 0.8 A 0.8 0.8 0 1 1 0 -0.8 Z	0.9273	G1	0		35.78	2.1976	False	False	0	0.0	1.00	0.00
4532	-1	2	Oligodendrocyte	85	921	2.9722	M 0 -0.8 A 0.8 0.8 0 1 1 0 0.8 A 0.8 0.8 0 1 1 0 -0.8 Z	0.7946	G1	0		35.76	3.6146	False	False	0	0.0	1.00	0.00
4533	-1	2	Oligodendrocyte	861	442	5.0981	M 0 -0.8 A 0.8 0.8 0 1 1 0 0.8 A 0.8 0.8 0 1 1 0 -0.8 Z	0.7857	G1	0		35.46	2.8672	False	False	0	0.0	1.00	0.00
4534	-1	2	Oligodendrocyte	507	427	3.3873	M 0 -0.8 A 0.8 0.8 0 1 1 0 0.8 A 0.8 0.8 0 1 1 0 -0.8 Z	0.9860	G1	0		36.00	2.2830	False	False	0	0.0	1.00	0.00
4535	-1	2	Oligodendrocyte	791	813	4.0333	M 0 -0.8 A 0.8 0.8 0 1 1 0 0.8 A 0.8 0.8 0 1 1 0 -0.8 Z	0.8524	G1	0		36.44	3.4015	False	False	0	0.0	1.00	0.00
4536	-1	2	Oligodendrocyte	446	630	0.3222	M 0 -0.8 A 0.8 0.8 0 1 1 0 0.8 A 0.8 0.8 0 1 1 0 -0.8 Z	0.7643	G1	0		36.18	2.4999	False	False	0	0.0	1.00	0.00
4537	-1	2	Oligodendrocyte	357	541	2.6588	M 0 -0.8 A 0.8 0.8 0 1 1 0 0.8 A 0.8 0.8 0 1 1 0 -0.8 Z	0.8319	G1	0		36.26	2.5535	False	False	0	0.0	1.00	0.00
4538	-1	2	Oligodendrocyte	474	948	3.1179	M 0 -0.8 A 0.8 0.8 0 1 1 0 0.8 A 0.8 0.8 0 1 1 0 -0.8 Z	1.2588	G1	0		37.11	4.1244	False	False	0	0.0	1.00	0.00
4539	-1	2	Oligodendrocyte	172	786	4.4246	M 0 -0.8 A 0.8 0.8 0 1 1 0 0.8 A 0.8 0.8 0 1 1 0 -0.8 Z	1.0063	G1	0		34.18	2.3000	False	False	0	0.0	1.00	0.00
4540	-1	2	Oligodendrocyte	749	495	4.0886	M 0 -0.8 A 0.8 0.8 0 1 1 0 0.8 A 0.8 0.8 0 1 1 0 -0.8 Z	1.3181	G1	0		36.45	2.8739	False	False	0	0.0	1.00	0.00
4541	-1	2	Oligodendrocyte	492	533	5.7959	M 0 -0.8 A 0.8 0.8 0 1 1 0 0.8 A 0.8 0.8 0 1 1 0 -0.8 Z	1.1617	G1	0		36.25	2.4191	False	False	0	0.0	1.00	0.00
4542	-1	2	Oligodendrocyte	832	89	4.6673	M 0 -0.8 A 0.8 0.8 0 1 1 0 0.8 A 0.8 0.8 0 1 1 0 -0.8 Z	1.0270	G1	0		37.28	4.1520	False	False	0	0.0	1.00	0.00
4543	-1	2	Oligodendrocyte	756	607	5.0032	M 0 -0.8 A 0.8 0.8 0 1 1 0 0.8 A 0.8 0.8 0 1 1 0 -0.8 Z	1.0485	G1	0		34.50	1.9730	False	False	0	0.0	1.00	0.00
4544	-1	2	Oligodendrocyte	633	67	4.8911	M 0 -0.8 A 0.8 0.8 0 1 1 0 0.8 A 0.8 0.8 0 1 1 0 -0.8 Z	1.3693	G1	0		37.23	4.0255	False	False	0	0.0	1.00	0.00
4545	-1	2	Oligodendrocyte	578	681	1.9543	M 0 -0.8 A 0.8 0.8 0 1 1 0 0.8 A 0.8 0.8 0 1 1 0 -0.8 Z	1.1800	G1	0		36.75	2.7407	False	False	0	0.0	1.00	0.00
4546	-1	2	Oligodendrocyte	682	901	2.5262	M 0 -0.8 A 0.8 0.8 0 1 1 0 0.8 A 0.8 0.8 0 1 1 0 -0.8 Z	1.2001	G1	0		37.36	3.9316	False	False	0	0.0	1.00	0.00
4547	-1	2	Oligodendrocyte	728	704	5.9125	M 0 -0.8 A 0.8 0.8 0 1 1 0 0.8 A 0.8 0.8 0 1 1 0 -0.8 Z	1.5738	G1	0		36.25	2.8989	False	False	0	0.0	1.00	0.00
4548	-1	2	Oligodendrocyte	394	961	5.7891	M 0 -0.8 A 0.8 0.8 0 1 1 0 0.8 A 0.8 0.8 0 1 1 0 -0.8 Z	0.9956	G1	0		37.42	4.4049	False	False	0	0.0	1.00	0.00
4549	-1	2	Oligodendrocyte	351	138	5.6778	M 0 -0.8 A 0.8 0.8 0 1 1 0 0.8 A 0.8 0.8 0 1 1 0 -0.8 Z	1.1104	G1	0		37.09	3.7381	False	False	0	0.0	1.00	0.00
4550	-1	2	Oligodendrocyte	97	368	6.0625	M 0 -0.8 A 0.8 0.8 0 1 1 0 0.8 A 0.8 0.8 0 1 1 0 -0.8 Z	1.3653	G1	0		37.27	3.8661	False	False	0	0.0	1.00	0.00
4551	-1	2	Oligodendrocyte	862	426	1.5005	M 0 -0.8 A 0.8 0.8 0 1 1 0 0.8 A 0.8 0.8 0 1 1 0 -0.8 Z	1.1286	G1	0		36.81	3.5142	False	False	0	0.0	1.00	0.00
4552	-1	2	Oligodendrocyte	536	685	5.2511	M 0 -0.8 A 0.8 0.8 0 1 1 0 0.8 A 0.8 0.8 0 1 1 0 -0.8 Z	1.2332	G1	0		36.12	2.5277	False	False	0	0.0	1.00	0.00
4553	-1	2	Oligodendrocyte	191	842	5.3710	M 0 -0.8 A 0.8 0.8 0 1 1 0 0.8 A 0.8 0.8 0 1 1 0 -0.8 Z	1.1005	G1	0		36.54	3.4976	False	False	0	0.0	1.00	0.00
4554	-1	2	Oligodendrocyte	993	403	4.1888	M 0 -0.8 A 0.8 0.8 0 1 1 0 0.8 A 0.8 0.8 0 1 1 0 -0.8 Z	0.9832	G1	0		37.98	4.9708	False	False	0	0.0	1.00	0.00
4555	-1	2	Oligodendrocyte	951	809	3.4656	M 0 -0.8 A 0.8 0.8 0 1 1 0 0.8 A 0.8 0.8 0 1 1 0 -0.8 Z	1.4823	G1	0		37.22	4.2948	False	False	0	0.0	1.00	0.00
4556	-1	2	Oligodendrocyte	871	606	0.0573	M 0 -0.8 A 0.8 0.8 0 1 1 0 0.8 A 0.8 0.8 0 1 1 0 -0.8 Z	0.4713	G1	0		37.04	3.7120	False	False	0	0.0	1.00	0.00
4557	-1	2	Oligodendrocyte	676	171	0.2672	M 0 -0.8 A 0.8 0.8 0 1 1 0 0.8 A 0.8 0.8 0 1 1 0 -0.8 Z	0.9899	G1	0		37.51	3.4768	False	False	0	0.0	1.00	0.00
4558	-1	2	Oligodendrocyte	198	469	4.8812	M 0 -0.8 A 0.8 0.8 0 1 1 0 0.8 A 0.8 0.8 0 1 1 0 -0.8 Z	1.3189	G1	0		35.73	2.5995	False	False	0	0.0	1.00	0.00
4559	-1	2	Oligodendrocyte	734	154	3.5428	M 0 -0.8 A 0.8 0.8 0 1 1 0 0.8 A 0.8 0.8 0 1 1 0 -0.8 Z	1.1081	G1	0		36.52	3.3762	False	False	0	0.0	1.00	0.00
4560	-1	2	Oligodendrocyte	39	908	4.3552	M 0 -0.8 A 0.8 0.8 0 1 1 0 0.8 A 0.8 0.8 0 1 1 0 -0.8 Z	0.9559	G1	0		37.01	4.1657	False	False	0	0.0	1.00	0.00
4561	-1	2	Oligodendrocyte	368	849	1.0672	M 0 -0.8 A 0.8 0.8 0 1 1 0 0.8 A 0.8 0.8 0 1 1 0 -0.8 Z	0.9743	G1	0		36.99	3.5071	False	False	0	0.0	1.00	0.00
4562	-1	2	Oligodendrocyte	449	446	4.8540	M 0 -0.8 A 0.8 0.8 0 1 1 0 0.8 A 0.8 0.8 0 1 1 0 -0.8 Z	1.2598	G1	0		36.18	2.4127	False	False	0	0.0	1.00	0.00
4563	-1	2	Oligodendrocyte	241	958	1.8663	M 0 -0.8 A 0.8 0.8 0 1 1 0 0.8 A 0.8 0.8 0 1 1 0 -0.8 Z	0.8903	G1	0		36.90	4.0840	False	False	0	0.0	1.00	0.00
4564	-1	2	Oligodendrocyte	687	756	2.5061	M 0 -0.8 A 0.8 0.8 0 1 1 0 0.8 A 0.8 0.8 0 1 1 0 -0.8 Z	0.5895	G1	0		35.66	2.5863	False	False	0	0.0	1.00	0.00
4565	-1	2	Oligodendrocyte	776	991	1.8376	M 0 -0.8 A 0.8 0.8 0 1 1 0 0.8 A 0.8 0.8 0 1 1 0 -0.8 Z	1.0070	G1	0		37.87	4.8932	False	False	0	0.0	1.00	0.00
4566	-1	2	Oligodendrocyte	309	617	5.1599	M 0 -0.8 A 0.8 0.8 0 1 1 0 0.8 A 0.8 0.8 0 1 1 0 -0.8 Z	0.6467	G1	0		35.97	2.5254	False	False	0	0.0	1.00	0.00
4567	-1	2	Oligodendrocyte	965	63	2.2541	M 0 -0.8 A 0.8 0.8 0 1 1 0 0.8 A 0.8 0.8 0 1 1 0 -0.8 Z	1.2319	G1	0		37.21	4.3642	False	False	0	0.0	1.00	0.00
4568	-1	2	Oligodendrocyte	305	639	2.7372	M 0 -0.8 A 0.8 0.8 0 1 1 0 0.8 A 0.8 0.8 0 1 1 0 -0.8 Z	0.8373	G1	0		36.47	2.8489	False	False	0	0.0	1.00	0.00
4569	-1	2	Oligodendrocyte	343	537	5.7712	M 0 -0.8 A 0.8 0.8 0 1 1 0 0.8 A 0.8 0.8 0 1 1 0 -0.8 Z	0.8843	G1	0		36.12	2.5277	False	False	0	0.0	1.00	0.00
4570	-1	2	Oligodendrocyte	733	796	1.1744	M 0 -0.8 A 0.8 0.8 0 1 1 0 0.8 A 0.8 0.8 0 1 1 0 -0.8 Z	0.9290	G1	0		34.41	2.1958	False	False	0	0.0	1.00	0.00
4571	-1	2	Oligodendrocyte	110	799	0.8334	M 0 -0.8 A 0.8 0.8 0 1 1 0 0.8 A 0.8 0.8 0 1 1 0 -0.8 Z	0.9661	G1	0		36.46	3.6899	False	False	0	0.0	1.00	0.00
4572	-1	2	Oligodendrocyte	172	619	3.0019	M 0 -0.8 A 0.8 0.8 0 1 1 0 0.8 A 0.8 0.8 0 1 1 0 -0.8 Z	0.9188	G1	0		36.58	3.3027	False	False	0	0.0	1.00	0.00
4573	-1	2	Oligodendrocyte	337	3	4.0273	M 0 -0.8 A 0.8 0.8 0 1 1 0 0.8 A 0.8 0.8 0 1 1 0 -0.8 Z	0.9218	G1	0		37.95	4.9148	False	False	0	0.0	1.00	0.00
4574	-1	2	Oligodendrocyte	980	205	0.1434	M 0 -0.8 A 0.8 0.8 0 1 1 0 0.8 A 0.8 0.8 0 1 1 0 -0.8 Z	1.0095	G1	0		37.74	4.5387	False	False	0	0.0	1.00	0.00
4575	-1	2	Oligodendrocyte	992	382	3.1626	M 0 -0.8 A 0.8 0.8 0 1 1 0 0.8 A 0.8 0.8 0 1 1 0 -0.8 Z	0.8522	G1	0		37.69	4.7695	False	False	0	0.0	1.00	0.00
4576	-1	2	Oligodendrocyte	223	931	1.0743	M 0 -0.8 A 0.8 0.8 0 1 1 0 0.8 A 0.8 0.8 0 1 1 0 -0.8 Z	1.0530	G1	0		38.04	4.3347	False	False	0	0.0	1.00	0.00
4577	-1	2	Oligodendrocyte	236	855	4.0307	M 0 -0.8 A 0.8 0.8 0 1 1 0 0.8 A 0.8 0.8 0 1 1 0 -0.8 Z	0.8527	G1	0		36.73	3.5868	False	False	0	0.0	1.00	0.00
4578	-1	2	Oligodendrocyte	452	783	2.4796	M 0 -0.8 A 0.8 0.8 0 1 1 0 0.8 A 0.8 0.8 0 1 1 0 -0.8 Z	0.7752	G1	0		36.66	3.1281	False	False	0	0.0	1.00	0.00
4579	-1	2	Oligodendrocyte	741	851	1.4452	M 0 -0.8 A 0.8 0.8 0 1 1 0 0.8 A 0.8 0.8 0 1 1 0 -0.8 Z	1.1195	G1	0		35.28	2.8781	False	False	0	0.0	1.00	0.00
4580	-1	2	Oligodendrocyte	879	749	5.5805	M 0 -0.8 A 0.8 0.8 0 1 1 0 0.8 A 0.8 0.8 0 1 1 0 -0.8 Z	0.7437	G1	0		36.80	3.7519	False	False	0	0.0	1.00	0.00
4581	-1	2	Oligodendrocyte	194	683	5.0272	M 0 -0.8 A 0.8 0.8 0 1 1 0 0.8 A 0.8 0.8 0 1 1 0 -0.8 Z	1.0413	G1	0		36.50	3.1676	False	False	0	0.0	1.00	0.00
4582	-1	2	Oligodendrocyte	651	54	4.9027	M 0 -0.8 A 0.8 0.8 0 1 1 0 0.8 A 0.8 0.8 0 1 1 0 -0.8 Z	0.8457	G1	0		37.33	4.2801	False	False	0	0.0	1.00	0.00
4583	-1	2	Oligodendrocyte	446	945	4.4323	M 0 -0.8 A 0.8 0.8 0 1 1 0 0.8 A 0.8 0.8 0 1 1 0 -0.8 Z	0.6183	G1	0		36.40	3.7372	False	False	0	0.0	1.00	0.00
4584	-1	2	Oligodendrocyte	436	252	1.6628	M 0 -0.8 A 0.8 0.8 0 1 1 0 0.8 A 0.8 0.8 0 1 1 0 -0.8 Z	0.9319	G1	0		36.09	2.6868	False	False	0	0.0	1.00	0.00
4585	-1	2	Oligodendrocyte	413	873	4.1038	M 0 -0.8 A 0.8 0.8 0 1 1 0 0.8 A 0.8 0.8 0 1 1 0 -0.8 Z	1.0735	G1	0		36.56	3.4272	False	False	0	0.0	1.00	0.00
4586	-1	2	Oligodendrocyte	441	401	0.7004	M 0 -0.8 A 0.8 0.8 0 1 1 0 0.8 A 0.8 0.8 0 1 1 0 -0.8 Z	0.9447	G1	0		35.00	1.9126	False	False	0	0.0	1.00	0.00
4587	-1	2	Oligodendrocyte	88	164	5.6117	M 0 -0.8 A 0.8 0.8 0 1 1 0 0.8 A 0.8 0.8 0 1 1 0 -0.8 Z	0.9453	G1	0		37.04	4.0722	False	False	0	0.0	1.00	0.00
4588	-1	2	Oligodendrocyte	792	758	4.6705	M 0 -0.8 A 0.8 0.8 0 1 1 0 0.8 A 0.8 0.8 0 1 1 0 -0.8 Z	0.9887	G1	0		36.30	3.2151	False	False	0	0.0	1.00	0.00
4589	-1	2	Oligodendrocyte	940	32	2.7479	M 0 -0.8 A 0.8 0.8 0 1 1 0 0.8 A 0.8 0.8 0 1 1 0 -0.8 Z	1.0387	G1	0		38.00	4.6535	False	False	0	0.0	1.00	0.00
4590	-1	2	Oligodendrocyte	264	80	4.5075	M 0 -0.8 A 0.8 0.8 0 1 1 0 0.8 A 0.8 0.8 0 1 1 0 -0.8 Z	0.9636	G1	0		37.52	4.1214	False	False	0	0.0	1.00	0.00
4591	-1	2	Oligodendrocyte	626	93	1.8274	M 0 -0.8 A 0.8 0.8 0 1 1 0 0.8 A 0.8 0.8 0 1 1 0 -0.8 Z	0.9253	G1	0		36.90	3.7845	False	False	0	0.0	1.00	0.00
4592	-1	2	Oligodendrocyte	461	667	4.6897	M 0 -0.8 A 0.8 0.8 0 1 1 0 0.8 A 0.8 0.8 0 1 1 0 -0.8 Z	1.1711	G1	0		36.14	2.3952	False	False	0	0.0	1.00	0.00
4593	-1	2	Oligodendrocyte	519	129	1.4284	M 0 -0.8 A 0.8 0.8 0 1 1 0 0.8 A 0.8 0.8 0 1 1 0 -0.8 Z	0.8295	G1	0		37.22	3.6826	False	False	0	0.0	1.00	0.00
4594	-1	2	Oligodendrocyte	782	101	5.1435	M 0 -0.8 A 0.8 0.8 0 1 1 0 0.8 A 0.8 0.8 0 1 1 0 -0.8 Z	1.0415	G1	0		37.08	3.9767	False	False	0	0.0	1.00	0.00
4595	-1	2	Oligodendrocyte	11	133	1.0627	M 0 -0.8 A 0.8 0.8 0 1 1 0 0.8 A 0.8 0.8 0 1 1 0 -0.8 Z	1.0662	G1	0		37.61	4.7160	False	False	0	0.0	1.00	0.00
4596	-1	2	Oligodendrocyte	591	581	1.7453	M 0 -0.8 A 0.8 0.8 0 1 1 0 0.8 A 0.8 0.8 0 1 1 0 -0.8 Z	1.2137	G1	0		36.05	2.3744	False	False	0	0.0	1.00	0.00
4597	-1	2	Oligodendrocyte	710	242	5.1363	M 0 -0.8 A 0.8 0.8 0 1 1 0 0.8 A 0.8 0.8 0 1 1 0 -0.8 Z	0.7738	G1	0		36.78	3.2758	False	False	0	0.0	1.00	0.00
4598	-1	2	Oligodendrocyte	804	671	4.1456	M 0 -0.8 A 0.8 0.8 0 1 1 0 0.8 A 0.8 0.8 0 1 1 0 -0.8 Z	1.1085	G1	0		37.23	3.3569	False	False	0	0.0	1.00	0.00
4599	-1	2	Oligodendrocyte	85	662	5.5240	M 0 -0.8 A 0.8 0.8 0 1 1 0 0.8 A 0.8 0.8 0 1 1 0 -0.8 Z	1.0684	G1	0		37.35	3.9914	False	False	0	0.0	1.00	0.00
4600	-1	2	Oligodendrocyte	181	541	3.6991	M 0 -0.8 A 0.8 0.8 0 1 1 0 0.8 A 0.8 0.8 0 1 1 0 -0.8 Z	1.1371	G1	0		36.88	3.4088	False	False	0	0.0	1.00	0.00
4601	-1	2	Oligodendrocyte	304	796	2.8971	M 0 -0.8 A 0.8 0.8 0 1 1 0 0.8 A 0.8 0.8 0 1 1 0 -0.8 Z	0.8966	G1	0		35.92	2.8888	False	False	0	0.0	1.00	0.00
4602	-1	2	Oligodendrocyte	519	205	0.7519	M 0 -0.8 A 0.8 0.8 0 1 1 0 0.8 A 0.8 0.8 0 1 1 0 -0.8 Z	1.0798	G1	0		36.84	3.0497	False	False	0	0.0	1.00	0.00
4603	-1	2	Oligodendrocyte	90	202	5.0061	M 0 -0.8 A 0.8 0.8 0 1 1 0 0.8 A 0.8 0.8 0 1 1 0 -0.8 Z	0.4198	G1	0		37.40	4.0699	False	False	0	0.0	1.00	0.00
4604	-1	2	Oligodendrocyte	134	38	2.0122	M 0 -0.8 A 0.8 0.8 0 1 1 0 0.8 A 0.8 0.8 0 1 1 0 -0.8 Z	0.9018	G1	0		36.86	4.1997	False	False	0	0.0	1.00	0.00
4605	-1	2	Oligodendrocyte	982	685	0.1392	M 0 -0.8 A 0.8 0.8 0 1 1 0 0.8 A 0.8 0.8 0 1 1 0 -0.8 Z	1.1371	G1	0		37.50	4.4125	False	False	0	0.0	1.00	0.00
4606	-1	2	Oligodendrocyte	422	694	4.5617	M 0 -0.8 A 0.8 0.8 0 1 1 0 0.8 A 0.8 0.8 0 1 1 0 -0.8 Z	1.0955	G1	0		35.40	2.2014	False	False	0	0.0	1.00	0.00
4607	-1	2	Oligodendrocyte	368	656	5.5402	M 0 -0.8 A 0.8 0.8 0 1 1 0 0.8 A 0.8 0.8 0 1 1 0 -0.8 Z	0.9352	G1	0		36.26	2.5297	False	False	0	0.0	1.00	0.00
4608	-1	2	Oligodendrocyte	108	836	1.4800	M 0 -0.8 A 0.8 0.8 0 1 1 0 0.8 A 0.8 0.8 0 1 1 0 -0.8 Z	1.6452	G1	0		37.13	4.0730	False	False	0	0.0	1.00	0.00
4609	-1	2	Oligodendrocyte	231	667	3.7822	M 0 -0.8 A 0.8 0.8 0 1 1 0 0.8 A 0.8 0.8 0 1 1 0 -0.8 Z	1.0612	G1	0		36.75	3.1217	False	False	0	0.0	1.00	0.00
4610	-1	2	Oligodendrocyte	794	890	4.2076	M 0 -0.8 A 0.8 0.8 0 1 1 0 0.8 A 0.8 0.8 0 1 1 0 -0.8 Z	0.5900	G1	0		36.04	3.4570	False	False	0	0.0	1.00	0.00
4611	-1	2	Oligodendrocyte	35	849	0.5041	M 0 -0.8 A 0.8 0.8 0 1 1 0 0.8 A 0.8 0.8 0 1 1 0 -0.8 Z	0.8371	G1	0		37.58	4.3100	False	False	0	0.0	1.00	0.00
4612	-1	2	Oligodendrocyte	276	128	5.2206	M 0 -0.8 A 0.8 0.8 0 1 1 0 0.8 A 0.8 0.8 0 1 1 0 -0.8 Z	0.9069	G1	0		35.99	3.2617	False	False	0	0.0	1.00	0.00
4613	-1	2	Oligodendrocyte	968	362	2.7009	M 0 -0.8 A 0.8 0.8 0 1 1 0 0.8 A 0.8 0.8 0 1 1 0 -0.8 Z	1.2176	G1	0		37.31	4.2102	False	False	0	0.0	1.00	0.00
4614	-1	2	Oligodendrocyte	240	459	5.7792	M 0 -0.8 A 0.8 0.8 0 1 1 0 0.8 A 0.8 0.8 0 1 1 0 -0.8 Z	0.8737	G1	0		36.49	2.9492	False	False	0	0.0	1.00	0.00
4615	-1	2	Oligodendrocyte	947	337	3.1988	M 0 -0.8 A 0.8 0.8 0 1 1 0 0.8 A 0.8 0.8 0 1 1 0 -0.8 Z	1.1636	G1	0		36.71	3.9358	False	False	0	0.0	1.00	0.00
4616	-1	2	Oligodendrocyte	156	789	3.3595	M 0 -0.8 A 0.8 0.8 0 1 1 0 0.8 A 0.8 0.8 0 1 1 0 -0.8 Z	0.9496	G1	0		36.80	3.6685	False	False	0	0.0	1.00	0.00
4617	-1	2	Oligodendrocyte	255	620	5.0143	M 0 -0.8 A 0.8 0.8 0 1 1 0 0.8 A 0.8 0.8 0 1 1 0 -0.8 Z	0.9990	G1	0		36.58	3.0141	False	False	0	0.0	1.00	0.00
4618	-1	2	Oligodendrocyte	870	250	0.4436	M 0 -0.8 A 0.8 0.8 0 1 1 0 0.8 A 0.8 0.8 0 1 1 0 -0.8 Z	0.6860	G1	0		36.10	3.3405	False	False	0	0.0	1.00	0.00
4619	-1	2	Oligodendrocyte	24	858	2.5928	M 0 -0.8 A 0.8 0.8 0 1 1 0 0.8 A 0.8 0.8 0 1 1 0 -0.8 Z	0.7418	G1	0		37.00	4.3063	False	False	0	0.0	1.00	0.00
4620	-1	2	Oligodendrocyte	62	269	0.6828	M 0 -0.8 A 0.8 0.8 0 1 1 0 0.8 A 0.8 0.8 0 1 1 0 -0.8 Z	0.9143	G1	0		37.40	4.3156	False	False	0	0.0	1.00	0.00
4621	-1	2	Oligodendrocyte	577	469	1.3989	M 0 -0.8 A 0.8 0.8 0 1 1 0 0.8 A 0.8 0.8 0 1 1 0 -0.8 Z	0.9719	G1	0		35.49	1.9582	False	False	0	0.0	1.00	0.00
4622	-1	2	Oligodendrocyte	159	234	6.2050	M 0 -0.8 A 0.8 0.8 0 1 1 0 0.8 A 0.8 0.8 0 1 1 0 -0.8 Z	1.1859	G1	0		37.07	3.7288	False	False	0	0.0	1.00	0.00
4623	-1	2	Oligodendrocyte	565	198	0.7235	M 0 -0.8 A 0.8 0.8 0 1 1 0 0.8 A 0.8 0.8 0 1 1 0 -0.8 Z	1.1850	G1	0		36.54	3.1095	False	False	0	0.0	1.00	0.00
4624	-1	2	Oligodendrocyte	583	816	6.1220	M 0 -0.8 A 0.8 0.8 0 1 1 0 0.8 A 0.8 0.8 0 1 1 0 -0.8 Z	1.0663	G1	0		36.41	3.0274	False	False	0	0.0	1.00	0.00
4625	-1	2	Oligodendrocyte	839	139	4.3311	M 0 -0.8 A 0.8 0.8 0 1 1 0 0.8 A 0.8 0.8 0 1 1 0 -0.8 Z	1.1924	G1	0		36.70	3.7505	False	False	0	0.0	1.00	0.00
4626	-1	2	Oligodendrocyte	714	358	1.4893	M 0 -0.8 A 0.8 0.8 0 1 1 0 0.8 A 0.8 0.8 0 1 1 0 -0.8 Z	0.8466	G1	0		35.88	2.5280	False	False	0	0.0	1.00	0.00
4627	-1	2	Oligodendrocyte	655	779	5.4615	M 0 -0.8 A 0.8 0.8 0 1 1 0 0.8 A 0.8 0.8 0 1 1 0 -0.8 Z	1.3297	G1	0		36.62	3.1648	False	False	0	0.0	1.00	0.00
4628	-1	2	Oligodendrocyte	615	502	3.8648	M 0 -0.8 A 0.8 0.8 0 1 1 0 0.8 A 0.8 0.8 0 1 1 0 -0.8 Z	1.3942	G1	0		35.77	2.1709	False	False	0	0.0	1.00	0.00
4629	-1	2	Oligodendrocyte	397	382	2.8996	M 0 -0.8 A 0.8 0.8 0 1 1 0 0.8 A 0.8 0.8 0 1 1 0 -0.8 Z	1.0007	G1	0		36.47	2.5339	False	False	0	0.0	1.00	0.00
4630	-1	2	Oligodendrocyte	188	652	4.2060	M 0 -0.8 A 0.8 0.8 0 1 1 0 0.8 A 0.8 0.8 0 1 1 0 -0.8 Z	0.7039	G1	0		36.81	3.3868	False	False	0	0.0	1.00	0.00
4631	-1	2	Oligodendrocyte	483	410	1.6658	M 0 -0.8 A 0.8 0.8 0 1 1 0 0.8 A 0.8 0.8 0 1 1 0 -0.8 Z	1.0960	G1	0		36.08	2.4141	False	False	0	0.0	1.00	0.00
4632	-1	2	Oligodendrocyte	767	362	2.3660	M 0 -0.8 A 0.8 0.8 0 1 1 0 0.8 A 0.8 0.8 0 1 1 0 -0.8 Z	0.9543	G1	0		36.68	3.1465	False	False	0	0.0	1.00	0.00
4633	-1	2	Oligodendrocyte	860	909	1.1903	M 0 -0.8 A 0.8 0.8 0 1 1 0 0.8 A 0.8 0.8 0 1 1 0 -0.8 Z	1.4316	G1	0		36.53	3.8462	False	False	0	0.0	1.00	0.00
4634	-1	2	Oligodendrocyte	741	893	3.3187	M 0 -0.8 A 0.8 0.8 0 1 1 0 0.8 A 0.8 0.8 0 1 1 0 -0.8 Z	0.8888	G1	0		35.77	3.2725	False	False	0	0.0	1.00	0.00
4635	-1	2	Oligodendrocyte	728	956	2.7115	M 0 -0.8 A 0.8 0.8 0 1 1 0 0.8 A 0.8 0.8 0 1 1 0 -0.8 Z	1.4342	G1	0		37.24	4.2862	False	False	0	0.0	1.00	0.00
4636	-1	2	Oligodendrocyte	323	915	5.3516	M 0 -0.8 A 0.8 0.8 0 1 1 0 0.8 A 0.8 0.8 0 1 1 0 -0.8 Z	0.9046	G1	0		36.89	3.8440	False	False	0	0.0	1.00	0.00
4637	-1	2	Oligodendrocyte	763	62	6.2553	M 0 -0.8 A 0.8 0.8 0 1 1 0 0.8 A 0.8 0.8 0 1 1 0 -0.8 Z	0.9843	G1	0		37.20	4.1977	False	False	0	0.0	1.00	0.00
4638	-1	2	Oligodendrocyte	249	889	1.9654	M 0 -0.8 A 0.8 0.8 0 1 1 0 0.8 A 0.8 0.8 0 1 1 0 -0.8 Z	0.8332	G1	0		35.27	3.0071	False	False	0	0.0	1.00	0.00
4639	-1	2	Oligodendrocyte	620	835	2.4878	M 0 -0.8 A 0.8 0.8 0 1 1 0 0.8 A 0.8 0.8 0 1 1 0 -0.8 Z	1.3477	G1	0		36.85	3.4613	False	False	0	0.0	1.00	0.00
4640	-1	2	Oligodendrocyte	321	89	1.3328	M 0 -0.8 A 0.8 0.8 0 1 1 0 0.8 A 0.8 0.8 0 1 1 0 -0.8 Z	1.1532	G1	0		37.26	4.0742	False	False	0	0.0	1.00	0.00
4641	-1	2	Oligodendrocyte	35	422	4.9856	M 0 -0.8 A 0.8 0.8 0 1 1 0 0.8 A 0.8 0.8 0 1 1 0 -0.8 Z	0.8784	G1	0		37.23	4.3209	False	False	0	0.0	1.00	0.00
4642	-1	2	Oligodendrocyte	384	233	2.1888	M 0 -0.8 A 0.8 0.8 0 1 1 0 0.8 A 0.8 0.8 0 1 1 0 -0.8 Z	0.9950	G1	0		36.88	3.0579	False	False	0	0.0	1.00	0.00
4643	-1	2	Oligodendrocyte	931	832	2.0989	M 0 -0.8 A 0.8 0.8 0 1 1 0 0.8 A 0.8 0.8 0 1 1 0 -0.8 Z	0.9390	G1	0		37.68	4.3745	False	False	0	0.0	1.00	0.00
4644	-1	2	Oligodendrocyte	715	950	1.2740	M 0 -0.8 A 0.8 0.8 0 1 1 0 0.8 A 0.8 0.8 0 1 1 0 -0.8 Z	1.1506	G1	0		35.84	3.5698	False	False	0	0.0	1.00	0.00
4645	-1	2	Oligodendrocyte	517	385	2.0697	M 0 -0.8 A 0.8 0.8 0 1 1 0 0.8 A 0.8 0.8 0 1 1 0 -0.8 Z	1.1713	G1	0		36.06	2.3777	False	False	0	0.0	1.00	0.00
4646	-1	2	Oligodendrocyte	357	734	4.0676	M 0 -0.8 A 0.8 0.8 0 1 1 0 0.8 A 0.8 0.8 0 1 1 0 -0.8 Z	0.7975	G1	0		36.25	2.7994	False	False	0	0.0	1.00	0.00
4647	-1	2	Oligodendrocyte	587	328	6.1138	M 0 -0.8 A 0.8 0.8 0 1 1 0 0.8 A 0.8 0.8 0 1 1 0 -0.8 Z	0.6476	G1	0		36.39	2.7018	False	False	0	0.0	1.00	0.00
4648	-1	2	Oligodendrocyte	482	30	3.6262	M 0 -0.8 A 0.8 0.8 0 1 1 0 0.8 A 0.8 0.8 0 1 1 0 -0.8 Z	1.2470	G1	0		37.10	4.3152	False	False	0	0.0	1.00	0.00
4649	-1	2	Oligodendrocyte	578	460	2.6319	M 0 -0.8 A 0.8 0.8 0 1 1 0 0.8 A 0.8 0.8 0 1 1 0 -0.8 Z	1.1254	G1	0		35.54	2.0693	False	False	0	0.0	1.00	0.00
4650	-1	2	Oligodendrocyte	153	547	4.5024	M 0 -0.8 A 0.8 0.8 0 1 1 0 0.8 A 0.8 0.8 0 1 1 0 -0.8 Z	0.8550	G1	0		36.61	3.3315	False	False	0	0.0	1.00	0.00
4651	-1	2	Oligodendrocyte	316	134	2.0940	M 0 -0.8 A 0.8 0.8 0 1 1 0 0.8 A 0.8 0.8 0 1 1 0 -0.8 Z	1.2731	G1	0		36.71	3.4905	False	False	0	0.0	1.00	0.00
4652	-1	2	Oligodendrocyte	209	14	5.2756	M 0 -0.8 A 0.8 0.8 0 1 1 0 0.8 A 0.8 0.8 0 1 1 0 -0.8 Z	1.0177	G1	0		37.40	4.5560	False	False	0	0.0	1.00	0.00
4653	-1	2	Oligodendrocyte	740	444	6.1207	M 0 -0.8 A 0.8 0.8 0 1 1 0 0.8 A 0.8 0.8 0 1 1 0 -0.8 Z	0.9179	G1	0		36.42	2.8716	False	False	0	0.0	1.00	0.00
4654	-1	2	Oligodendrocyte	565	151	3.2650	M 0 -0.8 A 0.8 0.8 0 1 1 0 0.8 A 0.8 0.8 0 1 1 0 -0.8 Z	0.9067	G1	0		35.58	2.8377	False	False	0	0.0	1.00	0.00
4655	-1	2	Oligodendrocyte	55	728	5.9152	M 0 -0.8 A 0.8 0.8 0 1 1 0 0.8 A 0.8 0.8 0 1 1 0 -0.8 Z	1.1582	G1	0		36.43	3.7337	False	False	0	0.0	1.00	0.00
4656	-1	2	Oligodendrocyte	557	497	2.1761	M 0 -0.8 A 0.8 0.8 0 1 1 0 0.8 A 0.8 0.8 0 1 1 0 -0.8 Z	0.9878	G1	0		35.63	2.1075	False	False	0	0.0	1.00	0.00
4657	-1	2	Oligodendrocyte	479	664	5.4784	M 0 -0.8 A 0.8 0.8 0 1 1 0 0.8 A 0.8 0.8 0 1 1 0 -0.8 Z	0.5608	G1	0		34.64	1.7181	False	False	0	0.0	1.00	0.00
4658	-1	2	Oligodendrocyte	438	659	0.4157	M 0 -0.8 A 0.8 0.8 0 1 1 0 0.8 A 0.8 0.8 0 1 1 0 -0.8 Z	0.9203	G1	0		35.91	2.4158	False	False	0	0.0	1.00	0.00
4659	-1	2	Oligodendrocyte	267	691	3.0551	M 0 -0.8 A 0.8 0.8 0 1 1 0 0.8 A 0.8 0.8 0 1 1 0 -0.8 Z	0.9902	G1	0		35.24	2.4234	False	False	0	0.0	1.00	0.00
4660	-1	2	Oligodendrocyte	188	498	0.3672	M 0 -0.8 A 0.8 0.8 0 1 1 0 0.8 A 0.8 0.8 0 1 1 0 -0.8 Z	1.5075	G1	0		36.73	3.2736	False	False	0	0.0	1.00	0.00
4661	-1	2	Oligodendrocyte	729	127	4.0448	M 0 -0.8 A 0.8 0.8 0 1 1 0 0.8 A 0.8 0.8 0 1 1 0 -0.8 Z	1.0089	G1	0		35.60	3.1051	False	False	0	0.0	1.00	0.00
4662	-1	2	Oligodendrocyte	157	634	3.5413	M 0 -0.8 A 0.8 0.8 0 1 1 0 0.8 A 0.8 0.8 0 1 1 0 -0.8 Z	1.2280	G1	0		36.69	3.4030	False	False	0	0.0	1.00	0.00
4663	-1	2	Oligodendrocyte	204	852	1.2034	M 0 -0.8 A 0.8 0.8 0 1 1 0 0.8 A 0.8 0.8 0 1 1 0 -0.8 Z	1.1897	G1	0		36.87	3.7133	False	False	0	0.0	1.00	0.00
4664	-1	2	Oligodendrocyte	891	737	6.0232	M 0 -0.8 A 0.8 0.8 0 1 1 0 0.8 A 0.8 0.8 0 1 1 0 -0.8 Z	1.1591	G1	0		36.20	3.4951	False	False	0	0.0	1.00	0.00
4665	-1	2	Oligodendrocyte	406	938	1.7000	M 0 -0.8 A 0.8 0.8 0 1 1 0 0.8 A 0.8 0.8 0 1 1 0 -0.8 Z	0.8336	G1	0		37.06	4.0390	False	False	0	0.0	1.00	0.00
4666	-1	2	Oligodendrocyte	439	833	2.0185	M 0 -0.8 A 0.8 0.8 0 1 1 0 0.8 A 0.8 0.8 0 1 1 0 -0.8 Z	0.6667	G1	0		36.96	3.4434	False	False	0	0.0	1.00	0.00
4667	-1	2	Oligodendrocyte	756	132	4.1209	M 0 -0.8 A 0.8 0.8 0 1 1 0 0.8 A 0.8 0.8 0 1 1 0 -0.8 Z	0.9689	G1	0		36.61	3.5285	False	False	0	0.0	1.00	0.00
4668	-1	2	Oligodendrocyte	201	714	1.5365	M 0 -0.8 A 0.8 0.8 0 1 1 0 0.8 A 0.8 0.8 0 1 1 0 -0.8 Z	0.8100	G1	0		35.18	2.5975	False	False	0	0.0	1.00	0.00
4669	-1	2	Oligodendrocyte	468	388	1.9105	M 0 -0.8 A 0.8 0.8 0 1 1 0 0.8 A 0.8 0.8 0 1 1 0 -0.8 Z	0.8206	G1	0		35.39	2.0741	False	False	0	0.0	1.00	0.00
4670	-1	2	Oligodendrocyte	198	636	1.4304	M 0 -0.8 A 0.8 0.8 0 1 1 0 0.8 A 0.8 0.8 0 1 1 0 -0.8 Z	0.8091	G1	0		36.60	3.2061	False	False	0	0.0	1.00	0.00
4671	-1	2	Oligodendrocyte	984	743	2.7164	M 0 -0.8 A 0.8 0.8 0 1 1 0 0.8 A 0.8 0.8 0 1 1 0 -0.8 Z	0.7262	G1	0		37.23	4.4364	False	False	0	0.0	1.00	0.00
4672	-1	2	Oligodendrocyte	719	885	2.0742	M 0 -0.8 A 0.8 0.8 0 1 1 0 0.8 A 0.8 0.8 0 1 1 0 -0.8 Z	1.0102	G1	0		36.98	3.8249	False	False	0	0.0	1.00	0.00
4673	-1	2	Oligodendrocyte	93	149	3.1047	M 0 -0.8 A 0.8 0.8 0 1 1 0 0.8 A 0.8 0.8 0 1 1 0 -0.8 Z	0.9572	G1	0		37.37	4.2955	False	False	0	0.0	1.00	0.00
4674	-1	2	Oligodendrocyte	337	314	1.1653	M 0 -0.8 A 0.8 0.8 0 1 1 0 0.8 A 0.8 0.8 0 1 1 0 -0.8 Z	1.2430	G1	0		35.79	2.4974	False	False	0	0.0	1.00	0.00
4675	-1	2	Oligodendrocyte	201	299	2.3790	M 0 -0.8 A 0.8 0.8 0 1 1 0 0.8 A 0.8 0.8 0 1 1 0 -0.8 Z	0.9537	G1	0		36.52	3.2745	False	False	0	0.0	1.00	0.00
4676	-1	2	Oligodendrocyte	243	794	2.4731	M 0 -0.8 A 0.8 0.8 0 1 1 0 0.8 A 0.8 0.8 0 1 1 0 -0.8 Z	1.1408	G1	0		36.25	3.0905	False	False	0	0.0	1.00	0.00
4677	-1	2	Oligodendrocyte	806	245	3.5603	M 0 -0.8 A 0.8 0.8 0 1 1 0 0.8 A 0.8 0.8 0 1 1 0 -0.8 Z	1.1173	G1	0		36.35	3.2286	False	False	0	0.0	1.00	0.00
4678	-1	2	Oligodendrocyte	659	872	4.7602	M 0 -0.8 A 0.8 0.8 0 1 1 0 0.8 A 0.8 0.8 0 1 1 0 -0.8 Z	1.2918	G1	0		36.53	3.5011	False	False	0	0.0	1.00	0.00
4679	-1	2	Oligodendrocyte	635	717	1.2997	M 0 -0.8 A 0.8 0.8 0 1 1 0 0.8 A 0.8 0.8 0 1 1 0 -0.8 Z	0.9825	G1	0		36.12	2.6460	False	False	0	0.0	1.00	0.00
4680	-1	2	Oligodendrocyte	542	320	5.2931	M 0 -0.8 A 0.8 0.8 0 1 1 0 0.8 A 0.8 0.8 0 1 1 0 -0.8 Z	0.9616	G1	0		35.46	2.2320	False	False	0	0.0	1.00	0.00
4681	-1	2	Oligodendrocyte	968	902	5.5994	M 0 -0.8 A 0.8 0.8 0 1 1 0 0.8 A 0.8 0.8 0 1 1 0 -0.8 Z	1.3163	G1	0		36.18	3.8341	False	False	0	0.0	1.00	0.00
4682	-1	2	Oligodendrocyte	983	787	3.8928	M 0 -0.8 A 0.8 0.8 0 1 1 0 0.8 A 0.8 0.8 0 1 1 0 -0.8 Z	1.1445	G1	0		37.46	4.4954	False	False	0	0.0	1.00	0.00
4683	-1	2	Oligodendrocyte	822	381	3.5566	M 0 -0.8 A 0.8 0.8 0 1 1 0 0.8 A 0.8 0.8 0 1 1 0 -0.8 Z	1.0900	G1	0		36.97	3.3343	False	False	0	0.0	1.00	0.00
4684	-1	2	Oligodendrocyte	66	360	3.0422	M 0 -0.8 A 0.8 0.8 0 1 1 0 0.8 A 0.8 0.8 0 1 1 0 -0.8 Z	1.3863	G1	0		37.37	4.1869	False	False	0	0.0	1.00	0.00
4685	-1	2	Oligodendrocyte	622	260	2.9676	M 0 -0.8 A 0.8 0.8 0 1 1 0 0.8 A 0.8 0.8 0 1 1 0 -0.8 Z	1.0647	G1	0		36.45	2.9142	False	False	0	0.0	1.00	0.00
4686	-1	2	Oligodendrocyte	797	902	0.8342	M 0 -0.8 A 0.8 0.8 0 1 1 0 0.8 A 0.8 0.8 0 1 1 0 -0.8 Z	0.7042	G1	0		36.90	3.8933	False	False	0	0.0	1.00	0.00
4687	-1	2	Oligodendrocyte	764	909	5.4570	M 0 -0.8 A 0.8 0.8 0 1 1 0 0.8 A 0.8 0.8 0 1 1 0 -0.8 Z	1.1795	G1	0		37.05	3.9992	False	False	0	0.0	1.00	0.00
4688	-1	2	Oligodendrocyte	839	475	6.1067	M 0 -0.8 A 0.8 0.8 0 1 1 0 0.8 A 0.8 0.8 0 1 1 0 -0.8 Z	1.1758	G1	0		36.72	3.3517	False	False	0	0.0	1.00	0.00
4689	-1	2	Oligodendrocyte	55	872	6.1885	M 0 -0.8 A 0.8 0.8 0 1 1 0 0.8 A 0.8 0.8 0 1 1 0 -0.8 Z	0.9188	G1	0		37.33	4.3704	False	False	0	0.0	1.00	0.00
4690	-1	2	Oligodendrocyte	717	604	4.1736	M 0 -0.8 A 0.8 0.8 0 1 1 0 0.8 A 0.8 0.8 0 1 1 0 -0.8 Z	1.0811	G1	0		35.77	2.4848	False	False	0	0.0	1.00	0.00
4691	-1	2	Oligodendrocyte	452	263	4.9846	M 0 -0.8 A 0.8 0.8 0 1 1 0 0.8 A 0.8 0.8 0 1 1 0 -0.8 Z	0.8530	G1	0		34.48	1.8589	False	False	0	0.0	1.00	0.00
4692	-1	2	Oligodendrocyte	56	179	0.5059	M 0 -0.8 A 0.8 0.8 0 1 1 0 0.8 A 0.8 0.8 0 1 1 0 -0.8 Z	0.8523	G1	0		36.63	3.8899	False	False	0	0.0	1.00	0.00
4693	-1	2	Oligodendrocyte	481	660	4.4648	M 0 -0.8 A 0.8 0.8 0 1 1 0 0.8 A 0.8 0.8 0 1 1 0 -0.8 Z	1.2060	G1	0		35.51	2.1620	False	False	0	0.0	1.00	0.00
4694	-1	2	Oligodendrocyte	475	328	1.1977	M 0 -0.8 A 0.8 0.8 0 1 1 0 0.8 A 0.8 0.8 0 1 1 0 -0.8 Z	0.9419	G1	0		36.22	2.5645	False	False	0	0.0	1.00	0.00
4695	-1	2	Oligodendrocyte	377	654	1.8641	M 0 -0.8 A 0.8 0.8 0 1 1 0 0.8 A 0.8 0.8 0 1 1 0 -0.8 Z	0.3700	G1	0		36.90	2.6619	False	False	0	0.0	1.00	0.00
4696	-1	2	Oligodendrocyte	772	461	3.6284	M 0 -0.8 A 0.8 0.8 0 1 1 0 0.8 A 0.8 0.8 0 1 1 0 -0.8 Z	0.9138	G1	0		36.15	2.8013	False	False	0	0.0	1.00	0.00
4697	-1	2	Oligodendrocyte	103	176	1.3993	M 0 -0.8 A 0.8 0.8 0 1 1 0 0.8 A 0.8 0.8 0 1 1 0 -0.8 Z	1.2462	G1	0		36.27	3.6281	False	False	0	0.0	1.00	0.00
4698	-1	2	Oligodendrocyte	704	951	2.6381	M 0 -0.8 A 0.8 0.8 0 1 1 0 0.8 A 0.8 0.8 0 1 1 0 -0.8 Z	0.8415	G1	0		37.17	4.2292	False	False	0	0.0	1.00	0.00
4699	-1	2	Oligodendrocyte	860	129	3.9936	M 0 -0.8 A 0.8 0.8 0 1 1 0 0.8 A 0.8 0.8 0 1 1 0 -0.8 Z	1.3412	G1	0		36.15	3.5486	False	False	0	0.0	1.00	0.00
4700	-1	2	Oligodendrocyte	604	590	4.5660	M 0 -0.8 A 0.8 0.8 0 1 1 0 0.8 A 0.8 0.8 0 1 1 0 -0.8 Z	0.9988	G1	0		35.04	1.9212	False	False	0	0.0	1.00	0.00
4701	-1	2	Oligodendrocyte	461	854	0.2076	M 0 -0.8 A 0.8 0.8 0 1 1 0 0.8 A 0.8 0.8 0 1 1 0 -0.8 Z	0.9401	G1	0		36.14	3.0767	False	False	0	0.0	1.00	0.00
4702	-1	2	Oligodendrocyte	661	362	4.6127	M 0 -0.8 A 0.8 0.8 0 1 1 0 0.8 A 0.8 0.8 0 1 1 0 -0.8 Z	1.0920	G1	0		36.11	2.6277	False	False	0	0.0	1.00	0.00
4703	-1	2	Oligodendrocyte	162	280	2.1835	M 0 -0.8 A 0.8 0.8 0 1 1 0 0.8 A 0.8 0.8 0 1 1 0 -0.8 Z	0.7525	G1	0		37.09	3.7251	False	False	0	0.0	1.00	0.00
4704	-1	2	Oligodendrocyte	145	46	4.6941	M 0 -0.8 A 0.8 0.8 0 1 1 0 0.8 A 0.8 0.8 0 1 1 0 -0.8 Z	1.0483	G1	0		37.66	4.1978	False	False	0	0.0	1.00	0.00
4705	-1	2	Oligodendrocyte	153	433	1.5044	M 0 -0.8 A 0.8 0.8 0 1 1 0 0.8 A 0.8 0.8 0 1 1 0 -0.8 Z	0.8382	G1	0		35.97	3.0041	False	False	0	0.0	1.00	0.00
4706	-1	2	Oligodendrocyte	787	150	4.5020	M 0 -0.8 A 0.8 0.8 0 1 1 0 0.8 A 0.8 0.8 0 1 1 0 -0.8 Z	1.0493	G1	0		35.37	2.9125	False	False	0	0.0	1.00	0.00
4707	-1	2	Oligodendrocyte	920	600	2.8148	M 0 -0.8 A 0.8 0.8 0 1 1 0 0.8 A 0.8 0.8 0 1 1 0 -0.8 Z	0.9760	G1	0		37.15	4.0128	False	False	0	0.0	1.00	0.00
4708	-1	2	Oligodendrocyte	354	656	3.2971	M 0 -0.8 A 0.8 0.8 0 1 1 0 0.8 A 0.8 0.8 0 1 1 0 -0.8 Z	1.4505	G1	0		36.11	2.5513	False	False	0	0.0	1.00	0.00
4709	-1	2	Oligodendrocyte	951	539	4.4330	M 0 -0.8 A 0.8 0.8 0 1 1 0 0.8 A 0.8 0.8 0 1 1 0 -0.8 Z	1.0352	G1	0		35.87	3.5736	False	False	0	0.0	1.00	0.00
4710	-1	2	Oligodendrocyte	695	486	1.3326	M 0 -0.8 A 0.8 0.8 0 1 1 0 0.8 A 0.8 0.8 0 1 1 0 -0.8 Z	1.1657	G1	0		35.76	2.3464	False	False	0	0.0	1.00	0.00
4711	-1	2	Oligodendrocyte	436	572	1.6721	M 0 -0.8 A 0.8 0.8 0 1 1 0 0.8 A 0.8 0.8 0 1 1 0 -0.8 Z	1.1336	G1	0		36.16	2.4190	False	False	0	0.0	1.00	0.00
4712	-1	2	Oligodendrocyte	612	321	2.8127	M 0 -0.8 A 0.8 0.8 0 1 1 0 0.8 A 0.8 0.8 0 1 1 0 -0.8 Z	0.6292	G1	0		34.26	1.6668	False	False	0	0.0	1.00	0.00
4713	-1	2	Oligodendrocyte	67	392	0.0191	M 0 -0.8 A 0.8 0.8 0 1 1 0 0.8 A 0.8 0.8 0 1 1 0 -0.8 Z	0.8306	G1	0		37.30	4.0770	False	False	0	0.0	1.00	0.00
4714	-1	2	Oligodendrocyte	282	304	3.9730	M 0 -0.8 A 0.8 0.8 0 1 1 0 0.8 A 0.8 0.8 0 1 1 0 -0.8 Z	1.1441	G1	0		36.38	2.9188	False	False	0	0.0	1.00	0.00
4715	-1	2	Oligodendrocyte	391	721	4.5759	M 0 -0.8 A 0.8 0.8 0 1 1 0 0.8 A 0.8 0.8 0 1 1 0 -0.8 Z	0.5769	G1	0		35.91	2.6027	False	False	0	0.0	1.00	0.00
4716	-1	2	Oligodendrocyte	139	934	1.0368	M 0 -0.8 A 0.8 0.8 0 1 1 0 0.8 A 0.8 0.8 0 1 1 0 -0.8 Z	0.9678	G1	0		34.58	2.9678	False	False	0	0.0	1.00	0.00
4717	-1	2	Oligodendrocyte	564	898	4.0862	M 0 -0.8 A 0.8 0.8 0 1 1 0 0.8 A 0.8 0.8 0 1 1 0 -0.8 Z	1.3886	G1	0		36.94	3.7595	False	False	0	0.0	1.00	0.00
4718	-1	2	Oligodendrocyte	936	278	5.6221	M 0 -0.8 A 0.8 0.8 0 1 1 0 0.8 A 0.8 0.8 0 1 1 0 -0.8 Z	1.1098	G1	0		37.02	4.0528	False	False	0	0.0	1.00	0.00
4719	-1	2	Oligodendrocyte	595	765	0.1521	M 0 -0.8 A 0.8 0.8 0 1 1 0 0.8 A 0.8 0.8 0 1 1 0 -0.8 Z	1.2189	G1	0		36.17	2.7719	False	False	0	0.0	1.00	0.00
4720	-1	2	Oligodendrocyte	716	197	2.7787	M 0 -0.8 A 0.8 0.8 0 1 1 0 0.8 A 0.8 0.8 0 1 1 0 -0.8 Z	1.1061	G1	0		36.71	3.3596	False	False	0	0.0	1.00	0.00
4721	-1	2	Oligodendrocyte	68	448	1.9466	M 0 -0.8 A 0.8 0.8 0 1 1 0 0.8 A 0.8 0.8 0 1 1 0 -0.8 Z	1.0356	G1	0		37.42	4.0804	False	False	0	0.0	1.00	0.00
4722	-1	2	Oligodendrocyte	295	414	3.7139	M 0 -0.8 A 0.8 0.8 0 1 1 0 0.8 A 0.8 0.8 0 1 1 0 -0.8 Z	1.4080	G1	0		35.83	2.4458	False	False	0	0.0	1.00	0.00
4723	-1	2	Oligodendrocyte	318	873	1.2890	M 0 -0.8 A 0.8 0.8 0 1 1 0 0.8 A 0.8 0.8 0 1 1 0 -0.8 Z	0.9017	G1	0		36.94	3.6389	False	False	0	0.0	1.00	0.00
4724	-1	2	Oligodendrocyte	321	363	3.0465	M 0 -0.8 A 0.8 0.8 0 1 1 0 0.8 A 0.8 0.8 0 1 1 0 -0.8 Z	1.1562	G1	0		34.88	1.9939	False	False	0	0.0	1.00	0.00
4725	-1	2	Oligodendrocyte	478	545	4.3115	M 0 -0.8 A 0.8 0.8 0 1 1 0 0.8 A 0.8 0.8 0 1 1 0 -0.8 Z	0.7693	G1	0		35.73	2.1113	False	False	0	0.0	1.00	0.00
4726	-1	2	Oligodendrocyte	946	662	5.5431	M 0 -0.8 A 0.8 0.8 0 1 1 0 0.8 A 0.8 0.8 0 1 1 0 -0.8 Z	1.1944	G1	0		36.42	3.7722	False	False	0	0.0	1.00	0.00
4727	-1	2	Oligodendrocyte	661	818	6.2545	M 0 -0.8 A 0.8 0.8 0 1 1 0 0.8 A 0.8 0.8 0 1 1 0 -0.8 Z	0.8547	G1	0		36.62	3.1725	False	False	0	0.0	1.00	0.00
4728	-1	2	Oligodendrocyte	813	841	4.1159	M 0 -0.8 A 0.8 0.8 0 1 1 0 0.8 A 0.8 0.8 0 1 1 0 -0.8 Z	1.1450	G1	0		36.84	3.7319	False	False	0	0.0	1.00	0.00
4729	-1	2	Oligodendrocyte	712	732	5.2745	M 0 -0.8 A 0.8 0.8 0 1 1 0 0.8 A 0.8 0.8 0 1 1 0 -0.8 Z	1.0210	G1	0		36.52	3.0622	False	False	0	0.0	1.00	0.00
4730	-1	2	Oligodendrocyte	328	63	0.8004	M 0 -0.8 A 0.8 0.8 0 1 1 0 0.8 A 0.8 0.8 0 1 1 0 -0.8 Z	1.0866	G1	0		36.52	3.7699	False	False	0	0.0	1.00	0.00
4731	-1	2	Oligodendrocyte	179	736	4.8736	M 0 -0.8 A 0.8 0.8 0 1 1 0 0.8 A 0.8 0.8 0 1 1 0 -0.8 Z	1.1188	G1	0		36.45	3.2634	False	False	0	0.0	1.00	0.00
4732	-1	2	Oligodendrocyte	898	233	5.6533	M 0 -0.8 A 0.8 0.8 0 1 1 0 0.8 A 0.8 0.8 0 1 1 0 -0.8 Z	1.0249	G1	0		37.12	3.8708	False	False	0	0.0	1.00	0.00
4733	-1	2	Oligodendrocyte	180	708	5.2597	M 0 -0.8 A 0.8 0.8 0 1 1 0 0.8 A 0.8 0.8 0 1 1 0 -0.8 Z	0.7369	G1	0		36.49	3.2529	False	False	0	0.0	1.00	0.00
4734	-1	2	Oligodendrocyte	616	850	3.2681	M 0 -0.8 A 0.8 0.8 0 1 1 0 0.8 A 0.8 0.8 0 1 1 0 -0.8 Z	1.0681	G1	0		35.44	2.8230	False	False	0	0.0	1.00	0.00
4735	-1	2	Oligodendrocyte	359	468	1.6369	M 0 -0.8 A 0.8 0.8 0 1 1 0 0.8 A 0.8 0.8 0 1 1 0 -0.8 Z	1.1798	G1	0		35.81	2.2440	False	False	0	0.0	1.00	0.00
4736	-1	2	Oligodendrocyte	939	775	3.7983	M 0 -0.8 A 0.8 0.8 0 1 1 0 0.8 A 0.8 0.8 0 1 1 0 -0.8 Z	1.0348	G1	0		36.23	3.7111	False	False	0	0.0	1.00	0.00
4737	-1	2	Oligodendrocyte	838	846	1.9443	M 0 -0.8 A 0.8 0.8 0 1 1 0 0.8 A 0.8 0.8 0 1 1 0 -0.8 Z	0.7099	G1	0		36.65	3.6376	False	False	0	0.0	1.00	0.00
4738	-1	2	Oligodendrocyte	852	949	2.7416	M 0 -0.8 A 0.8 0.8 0 1 1 0 0.8 A 0.8 0.8 0 1 1 0 -0.8 Z	1.2154	G1	0		36.60	3.9929	False	False	0	0.0	1.00	0.00
4739	-1	2	Oligodendrocyte	742	310	5.2886	M 0 -0.8 A 0.8 0.8 0 1 1 0 0.8 A 0.8 0.8 0 1 1 0 -0.8 Z	1.7365	G1	0		36.34	2.9942	False	False	0	0.0	1.00	0.00
4740	-1	2	Oligodendrocyte	253	389	4.7691	M 0 -0.8 A 0.8 0.8 0 1 1 0 0.8 A 0.8 0.8 0 1 1 0 -0.8 Z	0.7803	G1	0		36.52	2.9414	False	False	0	0.0	1.00	0.00
4741	-1	2	Oligodendrocyte	213	576	3.6518	M 0 -0.8 A 0.8 0.8 0 1 1 0 0.8 A 0.8 0.8 0 1 1 0 -0.8 Z	0.7525	G1	0		36.52	3.0696	False	False	0	0.0	1.00	0.00
4742	-1	2	Oligodendrocyte	351	964	5.6273	M 0 -0.8 A 0.8 0.8 0 1 1 0 0.8 A 0.8 0.8 0 1 1 0 -0.8 Z	1.1681	G1	0		37.19	4.2794	False	False	0	0.0	1.00	0.00
4743	-1	2	Oligodendrocyte	107	667	1.6898	M 0 -0.8 A 0.8 0.8 0 1 1 0 0.8 A 0.8 0.8 0 1 1 0 -0.8 Z	1.1856	G1	0		36.28	3.2286	False	False	0	0.0	1.00	0.00
4744	-1	2	Oligodendrocyte	739	546	1.6694	M 0 -0.8 A 0.8 0.8 0 1 1 0 0.8 A 0.8 0.8 0 1 1 0 -0.8 Z	0.9475	G1	0		35.23	2.2506	False	False	0	0.0	1.00	0.00
4745	-1	3	Microglia	0	755	2.5273	M 0 -0.6 L 0.3 -0.3 L 0.8 -0.5 L 0.5 0 L 0.8 0.5 L 0.3 0.3 L 0 0.6 L -0.3 0.3 L -0.8 0.5 L -0.5 0 L -0.8 -0.5 L -0.3 -0.3 Z	1.0649	G1	0		37.98	4.9612	False	False	0	0.0	30.00	0.00
4746	-1	3	Microglia	528	664	0.9503	M 0 -0.6 L 0.3 -0.3 L 0.8 -0.5 L 0.5 0 L 0.8 0.5 L 0.3 0.3 L 0 0.6 L -0.3 0.3 L -0.8 0.5 L -0.5 0 L -0.8 -0.5 L -0.3 -0.3 Z	1.1344	G1	0		35.72	2.3130	False	False	0	0.0	30.00	0.00
4747	-1	3	Microglia	740	363	3.6969	M 0 -0.6 L 0.3 -0.3 L 0.8 -0.5 L 0.5 0 L 0.8 0.5 L 0.3 0.3 L 0 0.6 L -0.3 0.3 L -0.8 0.5 L -0.5 0 L -0.8 -0.5 L -0.3 -0.3 Z	1.0040	G1	0		36.50	3.0105	False	False	0	0.0	30.00	0.00
4748	-1	3	Microglia	321	400	4.4598	M 0 -0.6 L 0.3 -0.3 L 0.8 -0.5 L 0.5 0 L 0.8 0.5 L 0.3 0.3 L 0 0.6 L -0.3 0.3 L -0.8 0.5 L -0.5 0 L -0.8 -0.5 L -0.3 -0.3 Z	0.9438	G1	0		35.32	2.1103	False	False	0	0.0	30.00	0.00
4749	-1	3	Microglia	389	917	1.8988	M 0 -0.6 L 0.3 -0.3 L 0.8 -0.5 L 0.5 0 L 0.8 0.5 L 0.3 0.3 L 0 0.6 L -0.3 0.3 L -0.8 0.5 L -0.5 0 L -0.8 -0.5 L -0.3 -0.3 Z	0.7638	G1	0		37.07	3.9875	False	False	0	0.0	30.00	0.00
4750	-1	3	Microglia	509	0	2.4494	M 0 -0.6 L 0.3 -0.3 L 0.8 -0.5 L 0.5 0 L 0.8 0.5 L 0.3 0.3 L 0 0.6 L -0.3 0.3 L -0.8 0.5 L -0.5 0 L -0.8 -0.5 L -0.3 -0.3 Z	0.9914	G1	0		37.07	4.4984	False	False	0	0.0	30.00	0.00
4751	-1	3	Microglia	898	834	1.7715	M 0 -0.6 L 0.3 -0.3 L 0.8 -0.5 L 0.5 0 L 0.8 0.5 L 0.3 0.3 L 0 0.6 L -0.3 0.3 L -0.8 0.5 L -0.5 0 L -0.8 -0.5 L -0.3 -0.3 Z	1.0789	G1	0		37.40	4.2027	False	False	0	0.0	30.00	0.00
4752	-1	3	Microglia	643	0	5.5983	M 0 -0.6 L 0.3 -0.3 L 0.8 -0.5 L 0.5 0 L 0.8 0.5 L 0.3 0.3 L 0 0.6 L -0.3 0.3 L -0.8 0.5 L -0.5 0 L -0.8 -0.5 L -0.3 -0.3 Z	0.8548	G1	0		37.33	4.6185	False	False	0	0.0	30.00	0.00
4753	-1	3	Microglia	380	489	4.3497	M 0 -0.6 L 0.3 -0.3 L 0.8 -0.5 L 0.5 0 L 0.8 0.5 L 0.3 0.3 L 0 0.6 L -0.3 0.3 L -0.8 0.5 L -0.5 0 L -0.8 -0.5 L -0.3 -0.3 Z	0.9366	G1	0		36.29	2.3711	False	False	0	0.0	30.00	0.00
4754	-1	3	Microglia	807	847	3.9601	M 0 -0.6 L 0.3 -0.3 L 0.8 -0.5 L 0.5 0 L 0.8 0.5 L 0.3 0.3 L 0 0.6 L -0.3 0.3 L -0.8 0.5 L -0.5 0 L -0.8 -0.5 L -0.3 -0.3 Z	1.1447	G1	0		34.85	2.6988	False	False	0	0.0	30.00	0.00
4755	-1	3	Microglia	445	230	1.8138	M 0 -0.6 L 0.3 -0.3 L 0.8 -0.5 L 0.5 0 L 0.8 0.5 L 0.3 0.3 L 0 0.6 L -0.3 0.3 L -0.8 0.5 L -0.5 0 L -0.8 -0.5 L -0.3 -0.3 Z	1.1739	G1	0		37.08	3.0945	False	False	0	0.0	30.00	0.00
4756	-1	3	Microglia	909	543	4.2337	M 0 -0.6 L 0.3 -0.3 L 0.8 -0.5 L 0.5 0 L 0.8 0.5 L 0.3 0.3 L 0 0.6 L -0.3 0.3 L -0.8 0.5 L -0.5 0 L -0.8 -0.5 L -0.3 -0.3 Z	1.0582	G1	0		37.23	3.9998	False	False	0	0.0	30.00	0.00
4757	-1	3	Microglia	672	325	3.4046	M 0 -0.6 L 0.3 -0.3 L 0.8 -0.5 L 0.5 0 L 0.8 0.5 L 0.3 0.3 L 0 0.6 L -0.3 0.3 L -0.8 0.5 L -0.5 0 L -0.8 -0.5 L -0.3 -0.3 Z	0.9989	G1	0		37.00	3.1521	False	False	0	0.0	30.00	0.00
4758	-1	3	Microglia	350	348	5.5304	M 0 -0.6 L 0.3 -0.3 L 0.8 -0.5 L 0.5 0 L 0.8 0.5 L 0.3 0.3 L 0 0.6 L -0.3 0.3 L -0.8 0.5 L -0.5 0 L -0.8 -0.5 L -0.3 -0.3 Z	0.9864	G1	0		35.84	2.4430	False	False	0	0.0	30.00	0.00
4759	-1	3	Microglia	551	296	2.2503	M 0 -0.6 L 0.3 -0.3 L 0.8 -0.5 L 0.5 0 L 0.8 0.5 L 0.3 0.3 L 0 0.6 L -0.3 0.3 L -0.8 0.5 L -0.5 0 L -0.8 -0.5 L -0.3 -0.3 Z	1.0591	G1	0		37.16	2.9205	False	False	0	0.0	30.00	0.00
4760	-1	3	Microglia	445	266	3.1588	M 0 -0.6 L 0.3 -0.3 L 0.8 -0.5 L 0.5 0 L 0.8 0.5 L 0.3 0.3 L 0 0.6 L -0.3 0.3 L -0.8 0.5 L -0.5 0 L -0.8 -0.5 L -0.3 -0.3 Z	1.0043	G1	0		36.45	2.8518	False	False	0	0.0	30.00	0.00
4761	-1	3	Microglia	626	999	1.2625	M 0 -0.6 L 0.3 -0.3 L 0.8 -0.5 L 0.5 0 L 0.8 0.5 L 0.3 0.3 L 0 0.6 L -0.3 0.3 L -0.8 0.5 L -0.5 0 L -0.8 -0.5 L -0.3 -0.3 Z	1.0507	G1	0		36.82	4.2938	False	False	0	0.0	30.00	0.00
4762	-1	3	Microglia	512	573	2.8418	M 0 -0.6 L 0.3 -0.3 L 0.8 -0.5 L 0.5 0 L 0.8 0.5 L 0.3 0.3 L 0 0.6 L -0.3 0.3 L -0.8 0.5 L -0.5 0 L -0.8 -0.5 L -0.3 -0.3 Z	0.8869	G1	0		36.52	2.4878	False	False	0	0.0	30.00	0.00
4763	-1	3	Microglia	167	182	2.5543	M 0 -0.6 L 0.3 -0.3 L 0.8 -0.5 L 0.5 0 L 0.8 0.5 L 0.3 0.3 L 0 0.6 L -0.3 0.3 L -0.8 0.5 L -0.5 0 L -0.8 -0.5 L -0.3 -0.3 Z	0.9325	G1	0		36.85	3.7032	False	False	0	0.0	30.00	0.00
4764	-1	3	Microglia	520	505	0.3654	M 0 -0.6 L 0.3 -0.3 L 0.8 -0.5 L 0.5 0 L 0.8 0.5 L 0.3 0.3 L 0 0.6 L -0.3 0.3 L -0.8 0.5 L -0.5 0 L -0.8 -0.5 L -0.3 -0.3 Z	0.9402	G1	0		35.22	1.7238	False	False	0	0.0	30.00	0.00
4765	-1	3	Microglia	174	420	4.9718	M 0 -0.6 L 0.3 -0.3 L 0.8 -0.5 L 0.5 0 L 0.8 0.5 L 0.3 0.3 L 0 0.6 L -0.3 0.3 L -0.8 0.5 L -0.5 0 L -0.8 -0.5 L -0.3 -0.3 Z	0.9921	G1	0		35.62	2.8228	False	False	0	0.0	30.00	0.00
4766	-1	3	Microglia	316	999	0.7966	M 0 -0.6 L 0.3 -0.3 L 0.8 -0.5 L 0.5 0 L 0.8 0.5 L 0.3 0.3 L 0 0.6 L -0.3 0.3 L -0.8 0.5 L -0.5 0 L -0.8 -0.5 L -0.3 -0.3 Z	1.0998	G1	0		37.99	4.9335	False	False	0	0.0	30.00	0.00
4767	-1	3	Microglia	609	402	4.0585	M 0 -0.6 L 0.3 -0.3 L 0.8 -0.5 L 0.5 0 L 0.8 0.5 L 0.3 0.3 L 0 0.6 L -0.3 0.3 L -0.8 0.5 L -0.5 0 L -0.8 -0.5 L -0.3 -0.3 Z	0.9467	G1	0		36.67	2.7365	False	False	0	0.0	30.00	0.00
4768	-1	3	Microglia	195	833	1.8981	M 0 -0.6 L 0.3 -0.3 L 0.8 -0.5 L 0.5 0 L 0.8 0.5 L 0.3 0.3 L 0 0.6 L -0.3 0.3 L -0.8 0.5 L -0.5 0 L -0.8 -0.5 L -0.3 -0.3 Z	1.0113	G1	0		37.03	3.7919	False	False	0	0.0	30.00	0.00
4769	-1	3	Microglia	233	365	0.2159	M 0 -0.6 L 0.3 -0.3 L 0.8 -0.5 L 0.5 0 L 0.8 0.5 L 0.3 0.3 L 0 0.6 L -0.3 0.3 L -0.8 0.5 L -0.5 0 L -0.8 -0.5 L -0.3 -0.3 Z	0.7440	G1	0		37.49	3.2348	False	False	0	0.0	30.00	0.00
4770	-1	3	Microglia	644	189	1.5965	M 0 -0.6 L 0.3 -0.3 L 0.8 -0.5 L 0.5 0 L 0.8 0.5 L 0.3 0.3 L 0 0.6 L -0.3 0.3 L -0.8 0.5 L -0.5 0 L -0.8 -0.5 L -0.3 -0.3 Z	0.8914	G1	0		36.89	3.3934	False	False	0	0.0	30.00	0.00
4771	-1	3	Microglia	302	964	1.7837	M 0 -0.6 L 0.3 -0.3 L 0.8 -0.5 L 0.5 0 L 0.8 0.5 L 0.3 0.3 L 0 0.6 L -0.3 0.3 L -0.8 0.5 L -0.5 0 L -0.8 -0.5 L -0.3 -0.3 Z	1.2292	G1	0		37.38	4.4287	False	False	0	0.0	30.00	0.00
4772	-1	3	Microglia	747	327	0.6684	M 0 -0.6 L 0.3 -0.3 L 0.8 -0.5 L 0.5 0 L 0.8 0.5 L 0.3 0.3 L 0 0.6 L -0.3 0.3 L -0.8 0.5 L -0.5 0 L -0.8 -0.5 L -0.3 -0.3 Z	0.8242	G1	0		36.40	2.9651	False	False	0	0.0	30.00	0.00
4773	-1	3	Microglia	348	162	2.2319	M 0 -0.6 L 0.3 -0.3 L 0.8 -0.5 L 0.5 0 L 0.8 0.5 L 0.3 0.3 L 0 0.6 L -0.3 0.3 L -0.8 0.5 L -0.5 0 L -0.8 -0.5 L -0.3 -0.3 Z	0.8746	G1	0		36.94	3.4519	False	False	0	0.0	30.00	0.00
4774	-1	3	Microglia	0	553	1.1195	M 0 -0.6 L 0.3 -0.3 L 0.8 -0.5 L 0.5 0 L 0.8 0.5 L 0.3 0.3 L 0 0.6 L -0.3 0.3 L -0.8 0.5 L -0.5 0 L -0.8 -0.5 L -0.3 -0.3 Z	0.9011	G1	0		37.10	4.4450	False	False	0	0.0	30.00	0.00
4775	-1	3	Microglia	0	596	3.6760	M 0 -0.6 L 0.3 -0.3 L 0.8 -0.5 L 0.5 0 L 0.8 0.5 L 0.3 0.3 L 0 0.6 L -0.3 0.3 L -0.8 0.5 L -0.5 0 L -0.8 -0.5 L -0.3 -0.3 Z	1.0616	G1	0		37.97	4.9507	False	False	0	0.0	30.00	0.00
4776	-1	3	Microglia	682	0	0.9942	M 0 -0.6 L 0.3 -0.3 L 0.8 -0.5 L 0.5 0 L 0.8 0.5 L 0.3 0.3 L 0 0.6 L -0.3 0.3 L -0.8 0.5 L -0.5 0 L -0.8 -0.5 L -0.3 -0.3 Z	0.9137	G1	0		37.97	4.9531	False	False	0	0.0	30.00	0.00
4777	-1	3	Microglia	691	645	3.0626	M 0 -0.6 L 0.3 -0.3 L 0.8 -0.5 L 0.5 0 L 0.8 0.5 L 0.3 0.3 L 0 0.6 L -0.3 0.3 L -0.8 0.5 L -0.5 0 L -0.8 -0.5 L -0.3 -0.3 Z	0.9610	G1	0		36.76	2.8697	False	False	0	0.0	30.00	0.00
4778	-1	3	Microglia	942	984	4.8545	M 0 -0.6 L 0.3 -0.3 L 0.8 -0.5 L 0.5 0 L 0.8 0.5 L 0.3 0.3 L 0 0.6 L -0.3 0.3 L -0.8 0.5 L -0.5 0 L -0.8 -0.5 L -0.3 -0.3 Z	0.9772	G1	0		37.41	4.5393	False	False	0	0.0	30.00	0.00
4779	-1	3	Microglia	841	820	0.4320	M 0 -0.6 L 0.3 -0.3 L 0.8 -0.5 L 0.5 0 L 0.8 0.5 L 0.3 0.3 L 0 0.6 L -0.3 0.3 L -0.8 0.5 L -0.5 0 L -0.8 -0.5 L -0.3 -0.3 Z	0.9857	G1	0		37.75	4.0431	False	False	0	0.0	30.00	0.00
4780	-1	3	Microglia	763	469	4.2229	M 0 -0.6 L 0.3 -0.3 L 0.8 -0.5 L 0.5 0 L 0.8 0.5 L 0.3 0.3 L 0 0.6 L -0.3 0.3 L -0.8 0.5 L -0.5 0 L -0.8 -0.5 L -0.3 -0.3 Z	0.9874	G1	0		35.03	2.1921	False	False	0	0.0	30.00	0.00
4781	-1	3	Microglia	269	464	6.0899	M 0 -0.6 L 0.3 -0.3 L 0.8 -0.5 L 0.5 0 L 0.8 0.5 L 0.3 0.3 L 0 0.6 L -0.3 0.3 L -0.8 0.5 L -0.5 0 L -0.8 -0.5 L -0.3 -0.3 Z	1.0192	G1	0		36.63	2.9714	False	False	0	0.0	30.00	0.00
4782	-1	3	Microglia	770	288	2.5635	M 0 -0.6 L 0.3 -0.3 L 0.8 -0.5 L 0.5 0 L 0.8 0.5 L 0.3 0.3 L 0 0.6 L -0.3 0.3 L -0.8 0.5 L -0.5 0 L -0.8 -0.5 L -0.3 -0.3 Z	1.0828	G1	0		36.60	3.1999	False	False	0	0.0	30.00	0.00
4783	-1	3	Microglia	829	867	0.1082	M 0 -0.6 L 0.3 -0.3 L 0.8 -0.5 L 0.5 0 L 0.8 0.5 L 0.3 0.3 L 0 0.6 L -0.3 0.3 L -0.8 0.5 L -0.5 0 L -0.8 -0.5 L -0.3 -0.3 Z	1.0667	G1	0		37.69	4.0210	False	False	0	0.0	30.00	0.00
4784	-1	3	Microglia	578	269	1.3273	M 0 -0.6 L 0.3 -0.3 L 0.8 -0.5 L 0.5 0 L 0.8 0.5 L 0.3 0.3 L 0 0.6 L -0.3 0.3 L -0.8 0.5 L -0.5 0 L -0.8 -0.5 L -0.3 -0.3 Z	1.0212	G1	0		36.74	3.0512	False	False	0	0.0	30.00	0.00
4785	-1	3	Microglia	138	770	2.7590	M 0 -0.6 L 0.3 -0.3 L 0.8 -0.5 L 0.5 0 L 0.8 0.5 L 0.3 0.3 L 0 0.6 L -0.3 0.3 L -0.8 0.5 L -0.5 0 L -0.8 -0.5 L -0.3 -0.3 Z	1.2847	G1	0		37.32	4.0095	False	False	0	0.0	30.00	0.00
4786	-1	3	Microglia	999	309	3.5616	M 0 -0.6 L 0.3 -0.3 L 0.8 -0.5 L 0.5 0 L 0.8 0.5 L 0.3 0.3 L 0 0.6 L -0.3 0.3 L -0.8 0.5 L -0.5 0 L -0.8 -0.5 L -0.3 -0.3 Z	0.9594	G1	0		36.33	4.0616	False	False	0	0.0	30.00	0.00
4787	-1	3	Microglia	80	999	0.9242	M 0 -0.6 L 0.3 -0.3 L 0.8 -0.5 L 0.5 0 L 0.8 0.5 L 0.3 0.3 L 0 0.6 L -0.3 0.3 L -0.8 0.5 L -0.5 0 L -0.8 -0.5 L -0.3 -0.3 Z	1.0923	G1	0		37.99	4.9788	False	False	0	0.0	30.00	0.00
4788	-1	3	Microglia	682	777	4.0823	M 0 -0.6 L 0.3 -0.3 L 0.8 -0.5 L 0.5 0 L 0.8 0.5 L 0.3 0.3 L 0 0.6 L -0.3 0.3 L -0.8 0.5 L -0.5 0 L -0.8 -0.5 L -0.3 -0.3 Z	0.9920	G1	0		37.02	3.3699	False	False	0	0.0	30.00	0.00
4789	-1	3	Microglia	115	130	4.3136	M 0 -0.6 L 0.3 -0.3 L 0.8 -0.5 L 0.5 0 L 0.8 0.5 L 0.3 0.3 L 0 0.6 L -0.3 0.3 L -0.8 0.5 L -0.5 0 L -0.8 -0.5 L -0.3 -0.3 Z	0.9293	G1	0		37.10	4.1056	False	False	0	0.0	30.00	0.00
4790	-1	3	Microglia	103	276	5.5291	M 0 -0.6 L 0.3 -0.3 L 0.8 -0.5 L 0.5 0 L 0.8 0.5 L 0.3 0.3 L 0 0.6 L -0.3 0.3 L -0.8 0.5 L -0.5 0 L -0.8 -0.5 L -0.3 -0.3 Z	1.0365	G1	0		37.11	4.0162	False	False	0	0.0	30.00	0.00
4791	-1	3	Microglia	789	338	0.8940	M 0 -0.6 L 0.3 -0.3 L 0.8 -0.5 L 0.5 0 L 0.8 0.5 L 0.3 0.3 L 0 0.6 L -0.3 0.3 L -0.8 0.5 L -0.5 0 L -0.8 -0.5 L -0.3 -0.3 Z	0.8905	G1	0		36.96	3.2880	False	False	0	0.0	30.00	0.00
4792	-1	3	Microglia	645	119	0.5623	M 0 -0.6 L 0.3 -0.3 L 0.8 -0.5 L 0.5 0 L 0.8 0.5 L 0.3 0.3 L 0 0.6 L -0.3 0.3 L -0.8 0.5 L -0.5 0 L -0.8 -0.5 L -0.3 -0.3 Z	0.9668	G1	0		35.92	3.2287	False	False	0	0.0	30.00	0.00
4793	-1	3	Microglia	271	865	3.4835	M 0 -0.6 L 0.3 -0.3 L 0.8 -0.5 L 0.5 0 L 0.8 0.5 L 0.3 0.3 L 0 0.6 L -0.3 0.3 L -0.8 0.5 L -0.5 0 L -0.8 -0.5 L -0.3 -0.3 Z	1.0572	G1	0		37.12	3.8309	False	False	0	0.0	30.00	0.00
4794	-1	3	Microglia	503	823	3.0654	M 0 -0.6 L 0.3 -0.3 L 0.8 -0.5 L 0.5 0 L 0.8 0.5 L 0.3 0.3 L 0 0.6 L -0.3 0.3 L -0.8 0.5 L -0.5 0 L -0.8 -0.5 L -0.3 -0.3 Z	1.1815	G1	0		37.43	3.3460	False	False	0	0.0	30.00	0.00
4795	-1	3	Microglia	656	766	2.6493	M 0 -0.6 L 0.3 -0.3 L 0.8 -0.5 L 0.5 0 L 0.8 0.5 L 0.3 0.3 L 0 0.6 L -0.3 0.3 L -0.8 0.5 L -0.5 0 L -0.8 -0.5 L -0.3 -0.3 Z	0.8155	G1	0		35.99	2.6414	False	False	0	0.0	30.00	0.00
4796	-1	3	Microglia	315	78	3.2849	M 0 -0.6 L 0.3 -0.3 L 0.8 -0.5 L 0.5 0 L 0.8 0.5 L 0.3 0.3 L 0 0.6 L -0.3 0.3 L -0.8 0.5 L -0.5 0 L -0.8 -0.5 L -0.3 -0.3 Z	0.9409	G1	0		37.44	3.9902	False	False	0	0.0	30.00	0.00
4797	-1	3	Microglia	128	967	2.0807	M 0 -0.6 L 0.3 -0.3 L 0.8 -0.5 L 0.5 0 L 0.8 0.5 L 0.3 0.3 L 0 0.6 L -0.3 0.3 L -0.8 0.5 L -0.5 0 L -0.8 -0.5 L -0.3 -0.3 Z	0.8652	G1	0		37.71	4.6311	False	False	0	0.0	30.00	0.00
4798	-1	3	Microglia	323	818	0.1816	M 0 -0.6 L 0.3 -0.3 L 0.8 -0.5 L 0.5 0 L 0.8 0.5 L 0.3 0.3 L 0 0.6 L -0.3 0.3 L -0.8 0.5 L -0.5 0 L -0.8 -0.5 L -0.3 -0.3 Z	0.9771	G1	0		36.34	3.2374	False	False	0	0.0	30.00	0.00
4799	-1	3	Microglia	396	169	4.4890	M 0 -0.6 L 0.3 -0.3 L 0.8 -0.5 L 0.5 0 L 0.8 0.5 L 0.3 0.3 L 0 0.6 L -0.3 0.3 L -0.8 0.5 L -0.5 0 L -0.8 -0.5 L -0.3 -0.3 Z	0.8560	G1	0		35.34	2.7007	False	False	0	0.0	30.00	0.00
4800	-1	3	Microglia	707	58	0.4499	M 0 -0.6 L 0.3 -0.3 L 0.8 -0.5 L 0.5 0 L 0.8 0.5 L 0.3 0.3 L 0 0.6 L -0.3 0.3 L -0.8 0.5 L -0.5 0 L -0.8 -0.5 L -0.3 -0.3 Z	1.3721	G1	0		37.42	4.3337	False	False	0	0.0	30.00	0.00
4801	-1	3	Microglia	734	325	1.6908	M 0 -0.6 L 0.3 -0.3 L 0.8 -0.5 L 0.5 0 L 0.8 0.5 L 0.3 0.3 L 0 0.6 L -0.3 0.3 L -0.8 0.5 L -0.5 0 L -0.8 -0.5 L -0.3 -0.3 Z	0.9648	G1	0		36.23	2.8558	False	False	0	0.0	30.00	0.00
4802	-1	3	Microglia	650	392	4.7701	M 0 -0.6 L 0.3 -0.3 L 0.8 -0.5 L 0.5 0 L 0.8 0.5 L 0.3 0.3 L 0 0.6 L -0.3 0.3 L -0.8 0.5 L -0.5 0 L -0.8 -0.5 L -0.3 -0.3 Z	1.0219	G1	0		36.47	2.7436	False	False	0	0.0	30.00	0.00
4803	-1	3	Microglia	275	880	0.8209	M 0 -0.6 L 0.3 -0.3 L 0.8 -0.5 L 0.5 0 L 0.8 0.5 L 0.3 0.3 L 0 0.6 L -0.3 0.3 L -0.8 0.5 L -0.5 0 L -0.8 -0.5 L -0.3 -0.3 Z	0.8579	G1	0		36.68	3.5869	False	False	0	0.0	30.00	0.00
4804	-1	3	Microglia	458	655	0.3512	M 0 -0.6 L 0.3 -0.3 L 0.8 -0.5 L 0.5 0 L 0.8 0.5 L 0.3 0.3 L 0 0.6 L -0.3 0.3 L -0.8 0.5 L -0.5 0 L -0.8 -0.5 L -0.3 -0.3 Z	1.0814	G1	0		36.40	2.6572	False	False	0	0.0	30.00	0.00
4805	-1	3	Microglia	636	77	1.5637	M 0 -0.6 L 0.3 -0.3 L 0.8 -0.5 L 0.5 0 L 0.8 0.5 L 0.3 0.3 L 0 0.6 L -0.3 0.3 L -0.8 0.5 L -0.5 0 L -0.8 -0.5 L -0.3 -0.3 Z	0.9701	G1	0		37.26	4.0109	False	False	0	0.0	30.00	0.00
4806	-1	3	Microglia	572	596	0.3095	M 0 -0.6 L 0.3 -0.3 L 0.8 -0.5 L 0.5 0 L 0.8 0.5 L 0.3 0.3 L 0 0.6 L -0.3 0.3 L -0.8 0.5 L -0.5 0 L -0.8 -0.5 L -0.3 -0.3 Z	0.8956	G1	0		36.19	2.4772	False	False	0	0.0	30.00	0.00
4807	-1	3	Microglia	242	320	0.9839	M 0 -0.6 L 0.3 -0.3 L 0.8 -0.5 L 0.5 0 L 0.8 0.5 L 0.3 0.3 L 0 0.6 L -0.3 0.3 L -0.8 0.5 L -0.5 0 L -0.8 -0.5 L -0.3 -0.3 Z	0.9422	G1	0		35.43	2.5221	False	False	0	0.0	30.00	0.00
4808	-1	3	Microglia	304	999	3.5391	M 0 -0.6 L 0.3 -0.3 L 0.8 -0.5 L 0.5 0 L 0.8 0.5 L 0.3 0.3 L 0 0.6 L -0.3 0.3 L -0.8 0.5 L -0.5 0 L -0.8 -0.5 L -0.3 -0.3 Z	1.0333	G1	0		37.97	4.9446	False	False	0	0.0	30.00	0.00
4809	-1	3	Microglia	236	473	2.3364	M 0 -0.6 L 0.3 -0.3 L 0.8 -0.5 L 0.5 0 L 0.8 0.5 L 0.3 0.3 L 0 0.6 L -0.3 0.3 L -0.8 0.5 L -0.5 0 L -0.8 -0.5 L -0.3 -0.3 Z	1.0060	G1	0		36.37	2.9197	False	False	0	0.0	30.00	0.00
4810	-1	3	Microglia	100	999	1.0075	M 0 -0.6 L 0.3 -0.3 L 0.8 -0.5 L 0.5 0 L 0.8 0.5 L 0.3 0.3 L 0 0.6 L -0.3 0.3 L -0.8 0.5 L -0.5 0 L -0.8 -0.5 L -0.3 -0.3 Z	1.0515	G1	0		36.37	4.1626	False	False	0	0.0	30.00	0.00
4811	-1	3	Microglia	750	629	1.8071	M 0 -0.6 L 0.3 -0.3 L 0.8 -0.5 L 0.5 0 L 0.8 0.5 L 0.3 0.3 L 0 0.6 L -0.3 0.3 L -0.8 0.5 L -0.5 0 L -0.8 -0.5 L -0.3 -0.3 Z	1.0315	G1	0		35.38	2.4804	False	False	0	0.0	30.00	0.00
4812	-1	3	Microglia	769	907	4.3608	M 0 -0.6 L 0.3 -0.3 L 0.8 -0.5 L 0.5 0 L 0.8 0.5 L 0.3 0.3 L 0 0.6 L -0.3 0.3 L -0.8 0.5 L -0.5 0 L -0.8 -0.5 L -0.3 -0.3 Z	0.8491	G1	0		36.97	3.8936	False	False	0	0.0	30.00	0.00
4813	-1	3	Microglia	686	526	1.5990	M 0 -0.6 L 0.3 -0.3 L 0.8 -0.5 L 0.5 0 L 0.8 0.5 L 0.3 0.3 L 0 0.6 L -0.3 0.3 L -0.8 0.5 L -0.5 0 L -0.8 -0.5 L -0.3 -0.3 Z	1.0355	G1	0		36.25	2.6505	False	False	0	0.0	30.00	0.00
4814	-1	3	Microglia	507	79	0.1950	M 0 -0.6 L 0.3 -0.3 L 0.8 -0.5 L 0.5 0 L 0.8 0.5 L 0.3 0.3 L 0 0.6 L -0.3 0.3 L -0.8 0.5 L -0.5 0 L -0.8 -0.5 L -0.3 -0.3 Z	0.9616	G1	0		37.59	3.9631	False	False	0	0.0	30.00	0.00
4815	-1	3	Microglia	231	833	6.0850	M 0 -0.6 L 0.3 -0.3 L 0.8 -0.5 L 0.5 0 L 0.8 0.5 L 0.3 0.3 L 0 0.6 L -0.3 0.3 L -0.8 0.5 L -0.5 0 L -0.8 -0.5 L -0.3 -0.3 Z	1.0320	G1	0		37.43	3.7039	False	False	0	0.0	30.00	0.00
4816	-1	3	Microglia	30	938	4.1167	M 0 -0.6 L 0.3 -0.3 L 0.8 -0.5 L 0.5 0 L 0.8 0.5 L 0.3 0.3 L 0 0.6 L -0.3 0.3 L -0.8 0.5 L -0.5 0 L -0.8 -0.5 L -0.3 -0.3 Z	0.8860	G1	0		37.10	4.2811	False	False	0	0.0	30.00	0.00
4817	-1	3	Microglia	383	642	4.7697	M 0 -0.6 L 0.3 -0.3 L 0.8 -0.5 L 0.5 0 L 0.8 0.5 L 0.3 0.3 L 0 0.6 L -0.3 0.3 L -0.8 0.5 L -0.5 0 L -0.8 -0.5 L -0.3 -0.3 Z	0.9125	G1	0		36.19	2.4407	False	False	0	0.0	30.00	0.00
4818	-1	3	Microglia	665	923	5.7724	M 0 -0.6 L 0.3 -0.3 L 0.8 -0.5 L 0.5 0 L 0.8 0.5 L 0.3 0.3 L 0 0.6 L -0.3 0.3 L -0.8 0.5 L -0.5 0 L -0.8 -0.5 L -0.3 -0.3 Z	1.0308	G1	0		37.17	4.0599	False	False	0	0.0	30.00	0.00
4819	-1	3	Microglia	151	782	3.3736	M 0 -0.6 L 0.3 -0.3 L 0.8 -0.5 L 0.5 0 L 0.8 0.5 L 0.3 0.3 L 0 0.6 L -0.3 0.3 L -0.8 0.5 L -0.5 0 L -0.8 -0.5 L -0.3 -0.3 Z	1.0445	G1	0		37.03	3.9402	False	False	0	0.0	30.00	0.00
4820	-1	3	Microglia	576	345	1.6765	M 0 -0.6 L 0.3 -0.3 L 0.8 -0.5 L 0.5 0 L 0.8 0.5 L 0.3 0.3 L 0 0.6 L -0.3 0.3 L -0.8 0.5 L -0.5 0 L -0.8 -0.5 L -0.3 -0.3 Z	0.7871	G1	0		33.43	1.2131	False	False	0	0.0	30.00	0.00
4821	-1	3	Microglia	800	655	5.6881	M 0 -0.6 L 0.3 -0.3 L 0.8 -0.5 L 0.5 0 L 0.8 0.5 L 0.3 0.3 L 0 0.6 L -0.3 0.3 L -0.8 0.5 L -0.5 0 L -0.8 -0.5 L -0.3 -0.3 Z	0.9543	G1	0		36.84	3.2839	False	False	0	0.0	30.00	0.00
4822	-1	3	Microglia	733	281	1.1544	M 0 -0.6 L 0.3 -0.3 L 0.8 -0.5 L 0.5 0 L 0.8 0.5 L 0.3 0.3 L 0 0.6 L -0.3 0.3 L -0.8 0.5 L -0.5 0 L -0.8 -0.5 L -0.3 -0.3 Z	1.1690	G1	0		35.81	2.7577	False	False	0	0.0	30.00	0.00
4823	-1	3	Microglia	914	708	1.0920	M 0 -0.6 L 0.3 -0.3 L 0.8 -0.5 L 0.5 0 L 0.8 0.5 L 0.3 0.3 L 0 0.6 L -0.3 0.3 L -0.8 0.5 L -0.5 0 L -0.8 -0.5 L -0.3 -0.3 Z	0.8443	G1	0		36.26	3.7524	False	False	0	0.0	30.00	0.00
4824	-1	3	Microglia	353	56	1.0432	M 0 -0.6 L 0.3 -0.3 L 0.8 -0.5 L 0.5 0 L 0.8 0.5 L 0.3 0.3 L 0 0.6 L -0.3 0.3 L -0.8 0.5 L -0.5 0 L -0.8 -0.5 L -0.3 -0.3 Z	0.9039	G1	0		36.86	3.9968	False	False	0	0.0	30.00	0.00
4825	-1	3	Microglia	344	392	4.0929	M 0 -0.6 L 0.3 -0.3 L 0.8 -0.5 L 0.5 0 L 0.8 0.5 L 0.3 0.3 L 0 0.6 L -0.3 0.3 L -0.8 0.5 L -0.5 0 L -0.8 -0.5 L -0.3 -0.3 Z	0.9924	G1	0		36.08	2.5071	False	False	0	0.0	30.00	0.00
4826	-1	3	Microglia	684	932	4.2889	M 0 -0.6 L 0.3 -0.3 L 0.8 -0.5 L 0.5 0 L 0.8 0.5 L 0.3 0.3 L 0 0.6 L -0.3 0.3 L -0.8 0.5 L -0.5 0 L -0.8 -0.5 L -0.3 -0.3 Z	0.8130	G1	0		37.38	4.1970	False	False	0	0.0	30.00	0.00
4827	-1	3	Microglia	257	721	2.2651	M 0 -0.6 L 0.3 -0.3 L 0.8 -0.5 L 0.5 0 L 0.8 0.5 L 0.3 0.3 L 0 0.6 L -0.3 0.3 L -0.8 0.5 L -0.5 0 L -0.8 -0.5 L -0.3 -0.3 Z	1.0736	G1	0		36.89	3.3139	False	False	0	0.0	30.00	0.00
4828	-1	3	Microglia	620	475	3.6042	M 0 -0.6 L 0.3 -0.3 L 0.8 -0.5 L 0.5 0 L 0.8 0.5 L 0.3 0.3 L 0 0.6 L -0.3 0.3 L -0.8 0.5 L -0.5 0 L -0.8 -0.5 L -0.3 -0.3 Z	0.9578	G1	0		36.27	2.4974	False	False	0	0.0	30.00	0.00
4829	-1	3	Microglia	592	999	2.1940	M 0 -0.6 L 0.3 -0.3 L 0.8 -0.5 L 0.5 0 L 0.8 0.5 L 0.3 0.3 L 0 0.6 L -0.3 0.3 L -0.8 0.5 L -0.5 0 L -0.8 -0.5 L -0.3 -0.3 Z	0.9087	G1	0		37.97	4.9411	False	False	0	0.0	30.00	0.00
4830	-1	3	Microglia	426	991	5.9743	M 0 -0.6 L 0.3 -0.3 L 0.8 -0.5 L 0.5 0 L 0.8 0.5 L 0.3 0.3 L 0 0.6 L -0.3 0.3 L -0.8 0.5 L -0.5 0 L -0.8 -0.5 L -0.3 -0.3 Z	1.2327	G1	0		37.33	4.3171	False	False	0	0.0	30.00	0.00
4831	-1	3	Microglia	193	575	0.4984	M 0 -0.6 L 0.3 -0.3 L 0.8 -0.5 L 0.5 0 L 0.8 0.5 L 0.3 0.3 L 0 0.6 L -0.3 0.3 L -0.8 0.5 L -0.5 0 L -0.8 -0.5 L -0.3 -0.3 Z	1.0647	G1	0		36.13	2.9665	False	False	0	0.0	30.00	0.00
4832	-1	3	Microglia	979	194	1.4776	M 0 -0.6 L 0.3 -0.3 L 0.8 -0.5 L 0.5 0 L 0.8 0.5 L 0.3 0.3 L 0 0.6 L -0.3 0.3 L -0.8 0.5 L -0.5 0 L -0.8 -0.5 L -0.3 -0.3 Z	0.9904	G1	0		37.33	4.3797	False	False	0	0.0	30.00	0.00
4833	-1	3	Microglia	856	779	4.6554	M 0 -0.6 L 0.3 -0.3 L 0.8 -0.5 L 0.5 0 L 0.8 0.5 L 0.3 0.3 L 0 0.6 L -0.3 0.3 L -0.8 0.5 L -0.5 0 L -0.8 -0.5 L -0.3 -0.3 Z	0.9835	G1	0		36.31	3.3453	False	False	0	0.0	30.00	0.00
4834	-1	3	Microglia	879	559	0.0599	M 0 -0.6 L 0.3 -0.3 L 0.8 -0.5 L 0.5 0 L 0.8 0.5 L 0.3 0.3 L 0 0.6 L -0.3 0.3 L -0.8 0.5 L -0.5 0 L -0.8 -0.5 L -0.3 -0.3 Z	1.0738	G1	0		36.48	3.4827	False	False	0	0.0	30.00	0.00
4835	-1	3	Microglia	395	833	2.8342	M 0 -0.6 L 0.3 -0.3 L 0.8 -0.5 L 0.5 0 L 0.8 0.5 L 0.3 0.3 L 0 0.6 L -0.3 0.3 L -0.8 0.5 L -0.5 0 L -0.8 -0.5 L -0.3 -0.3 Z	0.9989	G1	0		36.98	3.4185	False	False	0	0.0	30.00	0.00
4836	-1	3	Microglia	185	673	2.3495	M 0 -0.6 L 0.3 -0.3 L 0.8 -0.5 L 0.5 0 L 0.8 0.5 L 0.3 0.3 L 0 0.6 L -0.3 0.3 L -0.8 0.5 L -0.5 0 L -0.8 -0.5 L -0.3 -0.3 Z	0.9181	G1	0		37.50	3.5816	False	False	0	0.0	30.00	0.00
4837	-1	3	Microglia	314	114	4.7287	M 0 -0.6 L 0.3 -0.3 L 0.8 -0.5 L 0.5 0 L 0.8 0.5 L 0.3 0.3 L 0 0.6 L -0.3 0.3 L -0.8 0.5 L -0.5 0 L -0.8 -0.5 L -0.3 -0.3 Z	1.0582	G1	0		36.67	3.7522	False	False	0	0.0	30.00	0.00
4838	-1	3	Microglia	361	864	0.1774	M 0 -0.6 L 0.3 -0.3 L 0.8 -0.5 L 0.5 0 L 0.8 0.5 L 0.3 0.3 L 0 0.6 L -0.3 0.3 L -0.8 0.5 L -0.5 0 L -0.8 -0.5 L -0.3 -0.3 Z	1.0002	G1	0		36.80	3.5048	False	False	0	0.0	30.00	0.00
4839	-1	3	Microglia	339	630	0.8972	M 0 -0.6 L 0.3 -0.3 L 0.8 -0.5 L 0.5 0 L 0.8 0.5 L 0.3 0.3 L 0 0.6 L -0.3 0.3 L -0.8 0.5 L -0.5 0 L -0.8 -0.5 L -0.3 -0.3 Z	1.0816	G1	0		35.81	2.4928	False	False	0	0.0	30.00	0.00
4840	-1	3	Microglia	680	993	3.6970	M 0 -0.6 L 0.3 -0.3 L 0.8 -0.5 L 0.5 0 L 0.8 0.5 L 0.3 0.3 L 0 0.6 L -0.3 0.3 L -0.8 0.5 L -0.5 0 L -0.8 -0.5 L -0.3 -0.3 Z	0.9870	G1	0		37.99	4.9819	False	False	0	0.0	30.00	0.00
4841	-1	3	Microglia	434	420	1.5548	M 0 -0.6 L 0.3 -0.3 L 0.8 -0.5 L 0.5 0 L 0.8 0.5 L 0.3 0.3 L 0 0.6 L -0.3 0.3 L -0.8 0.5 L -0.5 0 L -0.8 -0.5 L -0.3 -0.3 Z	0.9424	G1	0		34.98	1.8863	False	False	0	0.0	30.00	0.00
4842	-1	3	Microglia	303	0	5.3546	M 0 -0.6 L 0.3 -0.3 L 0.8 -0.5 L 0.5 0 L 0.8 0.5 L 0.3 0.3 L 0 0.6 L -0.3 0.3 L -0.8 0.5 L -0.5 0 L -0.8 -0.5 L -0.3 -0.3 Z	0.8675	G1	0		37.24	4.5656	False	False	0	0.0	30.00	0.00
4843	-1	3	Microglia	239	654	2.9108	M 0 -0.6 L 0.3 -0.3 L 0.8 -0.5 L 0.5 0 L 0.8 0.5 L 0.3 0.3 L 0 0.6 L -0.3 0.3 L -0.8 0.5 L -0.5 0 L -0.8 -0.5 L -0.3 -0.3 Z	1.1905	G1	0		37.04	3.1926	False	False	0	0.0	30.00	0.00
4844	-1	3	Microglia	536	706	2.6213	M 0 -0.6 L 0.3 -0.3 L 0.8 -0.5 L 0.5 0 L 0.8 0.5 L 0.3 0.3 L 0 0.6 L -0.3 0.3 L -0.8 0.5 L -0.5 0 L -0.8 -0.5 L -0.3 -0.3 Z	1.0479	G1	0		36.32	2.7016	False	False	0	0.0	30.00	0.00
4845	-1	3	Microglia	82	231	2.9661	M 0 -0.6 L 0.3 -0.3 L 0.8 -0.5 L 0.5 0 L 0.8 0.5 L 0.3 0.3 L 0 0.6 L -0.3 0.3 L -0.8 0.5 L -0.5 0 L -0.8 -0.5 L -0.3 -0.3 Z	0.9673	G1	0		37.81	4.2791	False	False	0	0.0	30.00	0.00
4846	-1	3	Microglia	860	866	2.5838	M 0 -0.6 L 0.3 -0.3 L 0.8 -0.5 L 0.5 0 L 0.8 0.5 L 0.3 0.3 L 0 0.6 L -0.3 0.3 L -0.8 0.5 L -0.5 0 L -0.8 -0.5 L -0.3 -0.3 Z	1.0332	G1	0		37.98	4.2267	False	False	0	0.0	30.00	0.00
4847	-1	3	Microglia	347	657	5.6969	M 0 -0.6 L 0.3 -0.3 L 0.8 -0.5 L 0.5 0 L 0.8 0.5 L 0.3 0.3 L 0 0.6 L -0.3 0.3 L -0.8 0.5 L -0.5 0 L -0.8 -0.5 L -0.3 -0.3 Z	0.9724	G1	0		36.38	2.7464	False	False	0	0.0	30.00	0.00
4848	-1	3	Microglia	646	473	4.3393	M 0 -0.6 L 0.3 -0.3 L 0.8 -0.5 L 0.5 0 L 0.8 0.5 L 0.3 0.3 L 0 0.6 L -0.3 0.3 L -0.8 0.5 L -0.5 0 L -0.8 -0.5 L -0.3 -0.3 Z	1.0508	G1	0		35.86	2.2854	False	False	0	0.0	30.00	0.00
4849	-1	3	Microglia	803	956	1.4980	M 0 -0.6 L 0.3 -0.3 L 0.8 -0.5 L 0.5 0 L 0.8 0.5 L 0.3 0.3 L 0 0.6 L -0.3 0.3 L -0.8 0.5 L -0.5 0 L -0.8 -0.5 L -0.3 -0.3 Z	1.1430	G1	0		37.74	4.6636	False	False	0	0.0	30.00	0.00
4850	-1	3	Microglia	112	921	0.6968	M 0 -0.6 L 0.3 -0.3 L 0.8 -0.5 L 0.5 0 L 0.8 0.5 L 0.3 0.3 L 0 0.6 L -0.3 0.3 L -0.8 0.5 L -0.5 0 L -0.8 -0.5 L -0.3 -0.3 Z	1.1917	G1	0		36.89	4.1470	False	False	0	0.0	30.00	0.00
4851	-1	3	Microglia	575	238	2.6721	M 0 -0.6 L 0.3 -0.3 L 0.8 -0.5 L 0.5 0 L 0.8 0.5 L 0.3 0.3 L 0 0.6 L -0.3 0.3 L -0.8 0.5 L -0.5 0 L -0.8 -0.5 L -0.3 -0.3 Z	1.3212	G1	0		36.58	3.0223	False	False	0	0.0	30.00	0.00
4852	-1	3	Microglia	923	52	0.1303	M 0 -0.6 L 0.3 -0.3 L 0.8 -0.5 L 0.5 0 L 0.8 0.5 L 0.3 0.3 L 0 0.6 L -0.3 0.3 L -0.8 0.5 L -0.5 0 L -0.8 -0.5 L -0.3 -0.3 Z	1.3033	G1	0		37.29	4.4303	False	False	0	0.0	30.00	0.00
4853	-1	3	Microglia	204	330	0.8182	M 0 -0.6 L 0.3 -0.3 L 0.8 -0.5 L 0.5 0 L 0.8 0.5 L 0.3 0.3 L 0 0.6 L -0.3 0.3 L -0.8 0.5 L -0.5 0 L -0.8 -0.5 L -0.3 -0.3 Z	0.8558	G1	0		36.28	3.0276	False	False	0	0.0	30.00	0.00
4854	-1	3	Microglia	908	311	1.0529	M 0 -0.6 L 0.3 -0.3 L 0.8 -0.5 L 0.5 0 L 0.8 0.5 L 0.3 0.3 L 0 0.6 L -0.3 0.3 L -0.8 0.5 L -0.5 0 L -0.8 -0.5 L -0.3 -0.3 Z	1.1568	G1	0		36.44	3.6599	False	False	0	0.0	30.00	0.00
4855	-1	3	Microglia	376	990	4.8868	M 0 -0.6 L 0.3 -0.3 L 0.8 -0.5 L 0.5 0 L 0.8 0.5 L 0.3 0.3 L 0 0.6 L -0.3 0.3 L -0.8 0.5 L -0.5 0 L -0.8 -0.5 L -0.3 -0.3 Z	1.0402	G1	0		37.96	4.9418	False	False	0	0.0	30.00	0.00
4856	-1	3	Microglia	567	374	2.0323	M 0 -0.6 L 0.3 -0.3 L 0.8 -0.5 L 0.5 0 L 0.8 0.5 L 0.3 0.3 L 0 0.6 L -0.3 0.3 L -0.8 0.5 L -0.5 0 L -0.8 -0.5 L -0.3 -0.3 Z	1.0075	G1	0		36.78	2.3867	False	False	0	0.0	30.00	0.00
4857	-1	3	Microglia	716	116	4.8616	M 0 -0.6 L 0.3 -0.3 L 0.8 -0.5 L 0.5 0 L 0.8 0.5 L 0.3 0.3 L 0 0.6 L -0.3 0.3 L -0.8 0.5 L -0.5 0 L -0.8 -0.5 L -0.3 -0.3 Z	1.0676	G1	0		37.51	3.8084	False	False	0	0.0	30.00	0.00
4858	-1	3	Microglia	174	560	2.0297	M 0 -0.6 L 0.3 -0.3 L 0.8 -0.5 L 0.5 0 L 0.8 0.5 L 0.3 0.3 L 0 0.6 L -0.3 0.3 L -0.8 0.5 L -0.5 0 L -0.8 -0.5 L -0.3 -0.3 Z	1.1308	G1	0		37.31	3.5076	False	False	0	0.0	30.00	0.00
4859	-1	3	Microglia	366	369	3.2094	M 0 -0.6 L 0.3 -0.3 L 0.8 -0.5 L 0.5 0 L 0.8 0.5 L 0.3 0.3 L 0 0.6 L -0.3 0.3 L -0.8 0.5 L -0.5 0 L -0.8 -0.5 L -0.3 -0.3 Z	1.1880	G1	0		37.17	2.7525	False	False	0	0.0	30.00	0.00
4860	-1	3	Microglia	216	32	4.8014	M 0 -0.6 L 0.3 -0.3 L 0.8 -0.5 L 0.5 0 L 0.8 0.5 L 0.3 0.3 L 0 0.6 L -0.3 0.3 L -0.8 0.5 L -0.5 0 L -0.8 -0.5 L -0.3 -0.3 Z	0.8934	G1	0		37.60	4.5544	False	False	0	0.0	30.00	0.00
4861	-1	3	Microglia	610	728	4.5858	M 0 -0.6 L 0.3 -0.3 L 0.8 -0.5 L 0.5 0 L 0.8 0.5 L 0.3 0.3 L 0 0.6 L -0.3 0.3 L -0.8 0.5 L -0.5 0 L -0.8 -0.5 L -0.3 -0.3 Z	1.0078	G1	0		35.42	2.3373	False	False	0	0.0	30.00	0.00
4862	-1	3	Microglia	514	437	3.7325	M 0 -0.6 L 0.3 -0.3 L 0.8 -0.5 L 0.5 0 L 0.8 0.5 L 0.3 0.3 L 0 0.6 L -0.3 0.3 L -0.8 0.5 L -0.5 0 L -0.8 -0.5 L -0.3 -0.3 Z	0.8509	G1	0		36.23	2.4504	False	False	0	0.0	30.00	0.00
4863	-1	3	Microglia	570	703	6.1210	M 0 -0.6 L 0.3 -0.3 L 0.8 -0.5 L 0.5 0 L 0.8 0.5 L 0.3 0.3 L 0 0.6 L -0.3 0.3 L -0.8 0.5 L -0.5 0 L -0.8 -0.5 L -0.3 -0.3 Z	1.0111	G1	0		35.48	2.3474	False	False	0	0.0	30.00	0.00
4864	-1	3	Microglia	484	651	6.2406	M 0 -0.6 L 0.3 -0.3 L 0.8 -0.5 L 0.5 0 L 0.8 0.5 L 0.3 0.3 L 0 0.6 L -0.3 0.3 L -0.8 0.5 L -0.5 0 L -0.8 -0.5 L -0.3 -0.3 Z	1.1302	G1	0		36.49	2.7013	False	False	0	0.0	30.00	0.00
4865	-1	3	Microglia	987	289	1.5469	M 0 -0.6 L 0.3 -0.3 L 0.8 -0.5 L 0.5 0 L 0.8 0.5 L 0.3 0.3 L 0 0.6 L -0.3 0.3 L -0.8 0.5 L -0.5 0 L -0.8 -0.5 L -0.3 -0.3 Z	0.8951	G1	0		37.47	4.4518	False	False	0	0.0	30.00	0.00
4866	-1	3	Microglia	0	999	1.2989	M 0 -0.6 L 0.3 -0.3 L 0.8 -0.5 L 0.5 0 L 0.8 0.5 L 0.3 0.3 L 0 0.6 L -0.3 0.3 L -0.8 0.5 L -0.5 0 L -0.8 -0.5 L -0.3 -0.3 Z	1.0609	G1	0		37.98	4.9803	False	False	0	0.0	30.00	0.00
4867	-1	3	Microglia	659	898	4.6880	M 0 -0.6 L 0.3 -0.3 L 0.8 -0.5 L 0.5 0 L 0.8 0.5 L 0.3 0.3 L 0 0.6 L -0.3 0.3 L -0.8 0.5 L -0.5 0 L -0.8 -0.5 L -0.3 -0.3 Z	1.1499	G1	0		37.43	3.9392	False	False	0	0.0	30.00	0.00
4868	-1	3	Microglia	276	456	1.2912	M 0 -0.6 L 0.3 -0.3 L 0.8 -0.5 L 0.5 0 L 0.8 0.5 L 0.3 0.3 L 0 0.6 L -0.3 0.3 L -0.8 0.5 L -0.5 0 L -0.8 -0.5 L -0.3 -0.3 Z	0.8656	G1	0		36.48	2.8532	False	False	0	0.0	30.00	0.00
4869	-1	3	Microglia	173	648	3.1914	M 0 -0.6 L 0.3 -0.3 L 0.8 -0.5 L 0.5 0 L 0.8 0.5 L 0.3 0.3 L 0 0.6 L -0.3 0.3 L -0.8 0.5 L -0.5 0 L -0.8 -0.5 L -0.3 -0.3 Z	0.9371	G1	0		35.82	2.9058	False	False	0	0.0	30.00	0.00
4870	-1	3	Microglia	669	775	1.0841	M 0 -0.6 L 0.3 -0.3 L 0.8 -0.5 L 0.5 0 L 0.8 0.5 L 0.3 0.3 L 0 0.6 L -0.3 0.3 L -0.8 0.5 L -0.5 0 L -0.8 -0.5 L -0.3 -0.3 Z	0.8132	G1	0		37.05	3.2304	False	False	0	0.0	30.00	0.00
4871	-1	3	Microglia	742	727	1.9001	M 0 -0.6 L 0.3 -0.3 L 0.8 -0.5 L 0.5 0 L 0.8 0.5 L 0.3 0.3 L 0 0.6 L -0.3 0.3 L -0.8 0.5 L -0.5 0 L -0.8 -0.5 L -0.3 -0.3 Z	1.0393	G1	0		36.49	3.1183	False	False	0	0.0	30.00	0.00
4872	-1	3	Microglia	642	862	2.7639	M 0 -0.6 L 0.3 -0.3 L 0.8 -0.5 L 0.5 0 L 0.8 0.5 L 0.3 0.3 L 0 0.6 L -0.3 0.3 L -0.8 0.5 L -0.5 0 L -0.8 -0.5 L -0.3 -0.3 Z	1.0694	G1	0		37.14	3.4872	False	False	0	0.0	30.00	0.00
4873	-1	3	Microglia	0	617	5.3104	M 0 -0.6 L 0.3 -0.3 L 0.8 -0.5 L 0.5 0 L 0.8 0.5 L 0.3 0.3 L 0 0.6 L -0.3 0.3 L -0.8 0.5 L -0.5 0 L -0.8 -0.5 L -0.3 -0.3 Z	0.9442	G1	0		37.47	4.5293	False	False	0	0.0	30.00	0.00
4874	-1	3	Microglia	266	776	4.2502	M 0 -0.6 L 0.3 -0.3 L 0.8 -0.5 L 0.5 0 L 0.8 0.5 L 0.3 0.3 L 0 0.6 L -0.3 0.3 L -0.8 0.5 L -0.5 0 L -0.8 -0.5 L -0.3 -0.3 Z	1.1076	G1	0		36.64	3.2691	False	False	0	0.0	30.00	0.00
4875	-1	3	Microglia	477	87	5.6715	M 0 -0.6 L 0.3 -0.3 L 0.8 -0.5 L 0.5 0 L 0.8 0.5 L 0.3 0.3 L 0 0.6 L -0.3 0.3 L -0.8 0.5 L -0.5 0 L -0.8 -0.5 L -0.3 -0.3 Z	0.8503	G1	0		36.72	3.7620	False	False	0	0.0	30.00	0.00
4876	-1	3	Microglia	599	364	4.5999	M 0 -0.6 L 0.3 -0.3 L 0.8 -0.5 L 0.5 0 L 0.8 0.5 L 0.3 0.3 L 0 0.6 L -0.3 0.3 L -0.8 0.5 L -0.5 0 L -0.8 -0.5 L -0.3 -0.3 Z	0.8769	G1	0		35.51	2.2246	False	False	0	0.0	30.00	0.00
4877	-1	3	Microglia	704	899	3.3257	M 0 -0.6 L 0.3 -0.3 L 0.8 -0.5 L 0.5 0 L 0.8 0.5 L 0.3 0.3 L 0 0.6 L -0.3 0.3 L -0.8 0.5 L -0.5 0 L -0.8 -0.5 L -0.3 -0.3 Z	0.8542	G1	0		35.63	3.2185	False	False	0	0.0	30.00	0.00
4878	-1	3	Microglia	521	643	2.2009	M 0 -0.6 L 0.3 -0.3 L 0.8 -0.5 L 0.5 0 L 0.8 0.5 L 0.3 0.3 L 0 0.6 L -0.3 0.3 L -0.8 0.5 L -0.5 0 L -0.8 -0.5 L -0.3 -0.3 Z	1.2814	G1	0		36.68	2.4934	False	False	0	0.0	30.00	0.00
4879	-1	3	Microglia	469	74	4.6621	M 0 -0.6 L 0.3 -0.3 L 0.8 -0.5 L 0.5 0 L 0.8 0.5 L 0.3 0.3 L 0 0.6 L -0.3 0.3 L -0.8 0.5 L -0.5 0 L -0.8 -0.5 L -0.3 -0.3 Z	0.9757	G1	0		38.01	4.0978	False	False	0	0.0	30.00	0.00
4880	-1	3	Microglia	255	872	4.5454	M 0 -0.6 L 0.3 -0.3 L 0.8 -0.5 L 0.5 0 L 0.8 0.5 L 0.3 0.3 L 0 0.6 L -0.3 0.3 L -0.8 0.5 L -0.5 0 L -0.8 -0.5 L -0.3 -0.3 Z	0.9859	G1	0		36.73	3.6164	False	False	0	0.0	30.00	0.00
4881	-1	3	Microglia	682	719	3.8528	M 0 -0.6 L 0.3 -0.3 L 0.8 -0.5 L 0.5 0 L 0.8 0.5 L 0.3 0.3 L 0 0.6 L -0.3 0.3 L -0.8 0.5 L -0.5 0 L -0.8 -0.5 L -0.3 -0.3 Z	0.9405	G1	0		37.08	3.1988	False	False	0	0.0	30.00	0.00
4882	-1	3	Microglia	999	898	0.3609	M 0 -0.6 L 0.3 -0.3 L 0.8 -0.5 L 0.5 0 L 0.8 0.5 L 0.3 0.3 L 0 0.6 L -0.3 0.3 L -0.8 0.5 L -0.5 0 L -0.8 -0.5 L -0.3 -0.3 Z	0.9379	G1	0		37.45	4.7077	False	False	0	0.0	30.00	0.00
4883	-1	3	Microglia	635	12	1.7425	M 0 -0.6 L 0.3 -0.3 L 0.8 -0.5 L 0.5 0 L 0.8 0.5 L 0.3 0.3 L 0 0.6 L -0.3 0.3 L -0.8 0.5 L -0.5 0 L -0.8 -0.5 L -0.3 -0.3 Z	0.8919	G1	0		37.72	4.8554	False	False	0	0.0	30.00	0.00
4884	-1	3	Microglia	0	490	2.7085	M 0 -0.6 L 0.3 -0.3 L 0.8 -0.5 L 0.5 0 L 0.8 0.5 L 0.3 0.3 L 0 0.6 L -0.3 0.3 L -0.8 0.5 L -0.5 0 L -0.8 -0.5 L -0.3 -0.3 Z	0.8556	G1	0		37.97	4.9499	False	False	0	0.0	30.00	0.00
4885	-1	3	Microglia	974	920	0.3048	M 0 -0.6 L 0.3 -0.3 L 0.8 -0.5 L 0.5 0 L 0.8 0.5 L 0.3 0.3 L 0 0.6 L -0.3 0.3 L -0.8 0.5 L -0.5 0 L -0.8 -0.5 L -0.3 -0.3 Z	1.0037	G1	0		37.99	4.9744	False	False	0	0.0	30.00	0.00
4886	-1	3	Microglia	131	453	0.9297	M 0 -0.6 L 0.3 -0.3 L 0.8 -0.5 L 0.5 0 L 0.8 0.5 L 0.3 0.3 L 0 0.6 L -0.3 0.3 L -0.8 0.5 L -0.5 0 L -0.8 -0.5 L -0.3 -0.3 Z	1.0650	G1	0		37.05	3.5925	False	False	0	0.0	30.00	0.00
4887	-1	3	Microglia	311	97	5.5871	M 0 -0.6 L 0.3 -0.3 L 0.8 -0.5 L 0.5 0 L 0.8 0.5 L 0.3 0.3 L 0 0.6 L -0.3 0.3 L -0.8 0.5 L -0.5 0 L -0.8 -0.5 L -0.3 -0.3 Z	0.9067	G1	0		37.64	4.0851	False	False	0	0.0	30.00	0.00
4888	-1	3	Microglia	864	65	4.8497	M 0 -0.6 L 0.3 -0.3 L 0.8 -0.5 L 0.5 0 L 0.8 0.5 L 0.3 0.3 L 0 0.6 L -0.3 0.3 L -0.8 0.5 L -0.5 0 L -0.8 -0.5 L -0.3 -0.3 Z	1.0866	G1	0		37.45	4.3585	False	False	0	0.0	30.00	0.00
4889	-1	3	Microglia	816	428	4.5719	M 0 -0.6 L 0.3 -0.3 L 0.8 -0.5 L 0.5 0 L 0.8 0.5 L 0.3 0.3 L 0 0.6 L -0.3 0.3 L -0.8 0.5 L -0.5 0 L -0.8 -0.5 L -0.3 -0.3 Z	0.9379	G1	0		36.68	3.2069	False	False	0	0.0	30.00	0.00
4890	-1	3	Microglia	459	816	2.9338	M 0 -0.6 L 0.3 -0.3 L 0.8 -0.5 L 0.5 0 L 0.8 0.5 L 0.3 0.3 L 0 0.6 L -0.3 0.3 L -0.8 0.5 L -0.5 0 L -0.8 -0.5 L -0.3 -0.3 Z	1.0406	G1	0		36.30	2.9369	False	False	0	0.0	30.00	0.00
4891	-1	3	Microglia	437	0	4.3744	M 0 -0.6 L 0.3 -0.3 L 0.8 -0.5 L 0.5 0 L 0.8 0.5 L 0.3 0.3 L 0 0.6 L -0.3 0.3 L -0.8 0.5 L -0.5 0 L -0.8 -0.5 L -0.3 -0.3 Z	1.0533	G1	0		37.07	4.4985	False	False	0	0.0	30.00	0.00
4892	-1	3	Microglia	80	517	4.2532	M 0 -0.6 L 0.3 -0.3 L 0.8 -0.5 L 0.5 0 L 0.8 0.5 L 0.3 0.3 L 0 0.6 L -0.3 0.3 L -0.8 0.5 L -0.5 0 L -0.8 -0.5 L -0.3 -0.3 Z	0.7464	G1	0		34.87	3.0319	False	False	0	0.0	30.00	0.00
4893	-1	3	Microglia	91	731	4.7976	M 0 -0.6 L 0.3 -0.3 L 0.8 -0.5 L 0.5 0 L 0.8 0.5 L 0.3 0.3 L 0 0.6 L -0.3 0.3 L -0.8 0.5 L -0.5 0 L -0.8 -0.5 L -0.3 -0.3 Z	0.9298	G1	0		36.54	3.6348	False	False	0	0.0	30.00	0.00
4894	-1	3	Microglia	165	421	2.5966	M 0 -0.6 L 0.3 -0.3 L 0.8 -0.5 L 0.5 0 L 0.8 0.5 L 0.3 0.3 L 0 0.6 L -0.3 0.3 L -0.8 0.5 L -0.5 0 L -0.8 -0.5 L -0.3 -0.3 Z	0.9372	G1	0		37.45	3.5195	False	False	0	0.0	30.00	0.00
4895	-1	3	Microglia	709	569	0.9318	M 0 -0.6 L 0.3 -0.3 L 0.8 -0.5 L 0.5 0 L 0.8 0.5 L 0.3 0.3 L 0 0.6 L -0.3 0.3 L -0.8 0.5 L -0.5 0 L -0.8 -0.5 L -0.3 -0.3 Z	1.0099	G1	0		34.62	1.8823	False	False	0	0.0	30.00	0.00
4896	-1	3	Microglia	608	184	1.8366	M 0 -0.6 L 0.3 -0.3 L 0.8 -0.5 L 0.5 0 L 0.8 0.5 L 0.3 0.3 L 0 0.6 L -0.3 0.3 L -0.8 0.5 L -0.5 0 L -0.8 -0.5 L -0.3 -0.3 Z	0.9826	G1	0		36.49	3.1091	False	False	0	0.0	30.00	0.00
4897	-1	3	Microglia	610	424	2.7794	M 0 -0.6 L 0.3 -0.3 L 0.8 -0.5 L 0.5 0 L 0.8 0.5 L 0.3 0.3 L 0 0.6 L -0.3 0.3 L -0.8 0.5 L -0.5 0 L -0.8 -0.5 L -0.3 -0.3 Z	1.0480	G1	0		36.21	2.5381	False	False	0	0.0	30.00	0.00
4898	-1	3	Microglia	657	921	3.5686	M 0 -0.6 L 0.3 -0.3 L 0.8 -0.5 L 0.5 0 L 0.8 0.5 L 0.3 0.3 L 0 0.6 L -0.3 0.3 L -0.8 0.5 L -0.5 0 L -0.8 -0.5 L -0.3 -0.3 Z	0.8994	G1	0		37.27	3.9544	False	False	0	0.0	30.00	0.00
4899	-1	3	Microglia	70	778	2.3470	M 0 -0.6 L 0.3 -0.3 L 0.8 -0.5 L 0.5 0 L 0.8 0.5 L 0.3 0.3 L 0 0.6 L -0.3 0.3 L -0.8 0.5 L -0.5 0 L -0.8 -0.5 L -0.3 -0.3 Z	1.0919	G1	0		37.98	4.4206	False	False	0	0.0	30.00	0.00
4900	-1	3	Microglia	362	765	0.7634	M 0 -0.6 L 0.3 -0.3 L 0.8 -0.5 L 0.5 0 L 0.8 0.5 L 0.3 0.3 L 0 0.6 L -0.3 0.3 L -0.8 0.5 L -0.5 0 L -0.8 -0.5 L -0.3 -0.3 Z	1.1922	G1	0		36.47	3.0054	False	False	0	0.0	30.00	0.00
4901	-1	3	Microglia	21	968	4.5221	M 0 -0.6 L 0.3 -0.3 L 0.8 -0.5 L 0.5 0 L 0.8 0.5 L 0.3 0.3 L 0 0.6 L -0.3 0.3 L -0.8 0.5 L -0.5 0 L -0.8 -0.5 L -0.3 -0.3 Z	1.2497	G1	0		37.90	4.9202	False	False	0	0.0	30.00	0.00
4902	-1	3	Microglia	747	273	4.5680	M 0 -0.6 L 0.3 -0.3 L 0.8 -0.5 L 0.5 0 L 0.8 0.5 L 0.3 0.3 L 0 0.6 L -0.3 0.3 L -0.8 0.5 L -0.5 0 L -0.8 -0.5 L -0.3 -0.3 Z	0.8577	G1	0		36.74	3.2600	False	False	0	0.0	30.00	0.00
4903	-1	3	Microglia	718	616	0.5434	M 0 -0.6 L 0.3 -0.3 L 0.8 -0.5 L 0.5 0 L 0.8 0.5 L 0.3 0.3 L 0 0.6 L -0.3 0.3 L -0.8 0.5 L -0.5 0 L -0.8 -0.5 L -0.3 -0.3 Z	0.8329	G1	0		36.62	3.0628	False	False	0	0.0	30.00	0.00
4904	-1	3	Microglia	679	38	4.5480	M 0 -0.6 L 0.3 -0.3 L 0.8 -0.5 L 0.5 0 L 0.8 0.5 L 0.3 0.3 L 0 0.6 L -0.3 0.3 L -0.8 0.5 L -0.5 0 L -0.8 -0.5 L -0.3 -0.3 Z	0.8690	G1	0		37.55	4.1753	False	False	0	0.0	30.00	0.00
4905	-1	3	Microglia	41	399	4.1215	M 0 -0.6 L 0.3 -0.3 L 0.8 -0.5 L 0.5 0 L 0.8 0.5 L 0.3 0.3 L 0 0.6 L -0.3 0.3 L -0.8 0.5 L -0.5 0 L -0.8 -0.5 L -0.3 -0.3 Z	0.9544	G1	0		37.60	4.5212	False	False	0	0.0	30.00	0.00
4906	-1	3	Microglia	0	361	5.6560	M 0 -0.6 L 0.3 -0.3 L 0.8 -0.5 L 0.5 0 L 0.8 0.5 L 0.3 0.3 L 0 0.6 L -0.3 0.3 L -0.8 0.5 L -0.5 0 L -0.8 -0.5 L -0.3 -0.3 Z	0.9343	G1	0		37.97	4.9531	False	False	0	0.0	30.00	0.00
4907	-1	3	Microglia	279	556	3.1606	M 0 -0.6 L 0.3 -0.3 L 0.8 -0.5 L 0.5 0 L 0.8 0.5 L 0.3 0.3 L 0 0.6 L -0.3 0.3 L -0.8 0.5 L -0.5 0 L -0.8 -0.5 L -0.3 -0.3 Z	1.0847	G1	0		34.90	2.0678	False	False	0	0.0	30.00	0.00
4908	-1	3	Microglia	389	841	1.0612	M 0 -0.6 L 0.3 -0.3 L 0.8 -0.5 L 0.5 0 L 0.8 0.5 L 0.3 0.3 L 0 0.6 L -0.3 0.3 L -0.8 0.5 L -0.5 0 L -0.8 -0.5 L -0.3 -0.3 Z	0.8275	G1	0		36.17	3.1443	False	False	0	0.0	30.00	0.00
4909	-1	3	Microglia	235	199	2.2339	M 0 -0.6 L 0.3 -0.3 L 0.8 -0.5 L 0.5 0 L 0.8 0.5 L 0.3 0.3 L 0 0.6 L -0.3 0.3 L -0.8 0.5 L -0.5 0 L -0.8 -0.5 L -0.3 -0.3 Z	0.8570	G1	0		36.19	3.0891	False	False	0	0.0	30.00	0.00
4910	-1	3	Microglia	236	541	5.7017	M 0 -0.6 L 0.3 -0.3 L 0.8 -0.5 L 0.5 0 L 0.8 0.5 L 0.3 0.3 L 0 0.6 L -0.3 0.3 L -0.8 0.5 L -0.5 0 L -0.8 -0.5 L -0.3 -0.3 Z	0.9829	G1	0		36.09	2.7042	False	False	0	0.0	30.00	0.00
4911	-1	3	Microglia	951	463	1.5702	M 0 -0.6 L 0.3 -0.3 L 0.8 -0.5 L 0.5 0 L 0.8 0.5 L 0.3 0.3 L 0 0.6 L -0.3 0.3 L -0.8 0.5 L -0.5 0 L -0.8 -0.5 L -0.3 -0.3 Z	0.9305	G1	0		36.51	3.8978	False	False	0	0.0	30.00	0.00
4912	-1	3	Microglia	701	241	0.9742	M 0 -0.6 L 0.3 -0.3 L 0.8 -0.5 L 0.5 0 L 0.8 0.5 L 0.3 0.3 L 0 0.6 L -0.3 0.3 L -0.8 0.5 L -0.5 0 L -0.8 -0.5 L -0.3 -0.3 Z	0.8581	G1	0		36.12	3.0139	False	False	0	0.0	30.00	0.00
4913	-1	3	Microglia	113	682	4.2718	M 0 -0.6 L 0.3 -0.3 L 0.8 -0.5 L 0.5 0 L 0.8 0.5 L 0.3 0.3 L 0 0.6 L -0.3 0.3 L -0.8 0.5 L -0.5 0 L -0.8 -0.5 L -0.3 -0.3 Z	1.0570	G1	0		37.44	3.9285	False	False	0	0.0	30.00	0.00
4914	-1	3	Microglia	909	261	3.8251	M 0 -0.6 L 0.3 -0.3 L 0.8 -0.5 L 0.5 0 L 0.8 0.5 L 0.3 0.3 L 0 0.6 L -0.3 0.3 L -0.8 0.5 L -0.5 0 L -0.8 -0.5 L -0.3 -0.3 Z	1.1055	G1	0		36.95	3.8875	False	False	0	0.0	30.00	0.00
4915	-1	3	Microglia	999	785	1.3413	M 0 -0.6 L 0.3 -0.3 L 0.8 -0.5 L 0.5 0 L 0.8 0.5 L 0.3 0.3 L 0 0.6 L -0.3 0.3 L -0.8 0.5 L -0.5 0 L -0.8 -0.5 L -0.3 -0.3 Z	0.9036	G1	0		37.91	4.9099	False	False	0	0.0	30.00	0.00
4916	-1	3	Microglia	820	129	5.5425	M 0 -0.6 L 0.3 -0.3 L 0.8 -0.5 L 0.5 0 L 0.8 0.5 L 0.3 0.3 L 0 0.6 L -0.3 0.3 L -0.8 0.5 L -0.5 0 L -0.8 -0.5 L -0.3 -0.3 Z	1.3027	G1	0		36.92	3.7734	False	False	0	0.0	30.00	0.00
4917	-1	3	Microglia	679	265	4.6958	M 0 -0.6 L 0.3 -0.3 L 0.8 -0.5 L 0.5 0 L 0.8 0.5 L 0.3 0.3 L 0 0.6 L -0.3 0.3 L -0.8 0.5 L -0.5 0 L -0.8 -0.5 L -0.3 -0.3 Z	1.0273	G1	0		37.26	3.1789	False	False	0	0.0	30.00	0.00
4918	-1	3	Microglia	0	159	5.8765	M 0 -0.6 L 0.3 -0.3 L 0.8 -0.5 L 0.5 0 L 0.8 0.5 L 0.3 0.3 L 0 0.6 L -0.3 0.3 L -0.8 0.5 L -0.5 0 L -0.8 -0.5 L -0.3 -0.3 Z	0.8219	G1	0		37.98	4.9689	False	False	0	0.0	30.00	0.00
4919	-1	3	Microglia	839	999	6.1132	M 0 -0.6 L 0.3 -0.3 L 0.8 -0.5 L 0.5 0 L 0.8 0.5 L 0.3 0.3 L 0 0.6 L -0.3 0.3 L -0.8 0.5 L -0.5 0 L -0.8 -0.5 L -0.3 -0.3 Z	1.0286	G1	0		37.26	4.6026	False	False	0	0.0	30.00	0.00
4920	-1	3	Microglia	409	102	1.8932	M 0 -0.6 L 0.3 -0.3 L 0.8 -0.5 L 0.5 0 L 0.8 0.5 L 0.3 0.3 L 0 0.6 L -0.3 0.3 L -0.8 0.5 L -0.5 0 L -0.8 -0.5 L -0.3 -0.3 Z	1.0841	G1	0		37.74	4.0065	False	False	0	0.0	30.00	0.00
4921	-1	3	Microglia	267	630	1.6142	M 0 -0.6 L 0.3 -0.3 L 0.8 -0.5 L 0.5 0 L 0.8 0.5 L 0.3 0.3 L 0 0.6 L -0.3 0.3 L -0.8 0.5 L -0.5 0 L -0.8 -0.5 L -0.3 -0.3 Z	0.8822	G1	0		34.39	1.9348	False	False	0	0.0	30.00	0.00
4922	-1	3	Microglia	626	286	5.6070	M 0 -0.6 L 0.3 -0.3 L 0.8 -0.5 L 0.5 0 L 0.8 0.5 L 0.3 0.3 L 0 0.6 L -0.3 0.3 L -0.8 0.5 L -0.5 0 L -0.8 -0.5 L -0.3 -0.3 Z	0.9461	G1	0		34.49	1.8296	False	False	0	0.0	30.00	0.00
4923	-1	3	Microglia	999	515	0.2994	M 0 -0.6 L 0.3 -0.3 L 0.8 -0.5 L 0.5 0 L 0.8 0.5 L 0.3 0.3 L 0 0.6 L -0.3 0.3 L -0.8 0.5 L -0.5 0 L -0.8 -0.5 L -0.3 -0.3 Z	0.8762	G1	0		38.05	4.8929	False	False	0	0.0	30.00	0.00
4924	-1	3	Microglia	737	124	3.3216	M 0 -0.6 L 0.3 -0.3 L 0.8 -0.5 L 0.5 0 L 0.8 0.5 L 0.3 0.3 L 0 0.6 L -0.3 0.3 L -0.8 0.5 L -0.5 0 L -0.8 -0.5 L -0.3 -0.3 Z	1.0081	G1	0		34.72	2.7505	False	False	0	0.0	30.00	0.00
4925	-1	3	Microglia	489	380	4.0464	M 0 -0.6 L 0.3 -0.3 L 0.8 -0.5 L 0.5 0 L 0.8 0.5 L 0.3 0.3 L 0 0.6 L -0.3 0.3 L -0.8 0.5 L -0.5 0 L -0.8 -0.5 L -0.3 -0.3 Z	0.9317	G1	0		36.43	2.6665	False	False	0	0.0	30.00	0.00
4926	-1	3	Microglia	999	143	2.6081	M 0 -0.6 L 0.3 -0.3 L 0.8 -0.5 L 0.5 0 L 0.8 0.5 L 0.3 0.3 L 0 0.6 L -0.3 0.3 L -0.8 0.5 L -0.5 0 L -0.8 -0.5 L -0.3 -0.3 Z	1.0580	G1	0		37.98	4.9668	False	False	0	0.0	30.00	0.00
4927	-1	3	Microglia	369	440	0.2613	M 0 -0.6 L 0.3 -0.3 L 0.8 -0.5 L 0.5 0 L 0.8 0.5 L 0.3 0.3 L 0 0.6 L -0.3 0.3 L -0.8 0.5 L -0.5 0 L -0.8 -0.5 L -0.3 -0.3 Z	1.0356	G1	0		36.56	2.6006	False	False	0	0.0	30.00	0.00
4928	-1	3	Microglia	750	100	3.3970	M 0 -0.6 L 0.3 -0.3 L 0.8 -0.5 L 0.5 0 L 0.8 0.5 L 0.3 0.3 L 0 0.6 L -0.3 0.3 L -0.8 0.5 L -0.5 0 L -0.8 -0.5 L -0.3 -0.3 Z	0.8796	G1	0		36.98	3.7444	False	False	0	0.0	30.00	0.00
4929	-1	3	Microglia	134	677	0.7991	M 0 -0.6 L 0.3 -0.3 L 0.8 -0.5 L 0.5 0 L 0.8 0.5 L 0.3 0.3 L 0 0.6 L -0.3 0.3 L -0.8 0.5 L -0.5 0 L -0.8 -0.5 L -0.3 -0.3 Z	1.0319	G1	0		37.09	3.7333	False	False	0	0.0	30.00	0.00
4930	-1	3	Microglia	91	0	5.1699	M 0 -0.6 L 0.3 -0.3 L 0.8 -0.5 L 0.5 0 L 0.8 0.5 L 0.3 0.3 L 0 0.6 L -0.3 0.3 L -0.8 0.5 L -0.5 0 L -0.8 -0.5 L -0.3 -0.3 Z	0.8346	G1	0		37.24	4.6015	False	False	0	0.0	30.00	0.00
4931	-1	3	Microglia	55	999	1.0833	M 0 -0.6 L 0.3 -0.3 L 0.8 -0.5 L 0.5 0 L 0.8 0.5 L 0.3 0.3 L 0 0.6 L -0.3 0.3 L -0.8 0.5 L -0.5 0 L -0.8 -0.5 L -0.3 -0.3 Z	1.1020	G1	0		37.81	4.8949	False	False	0	0.0	30.00	0.00
4932	-1	3	Microglia	429	972	4.3812	M 0 -0.6 L 0.3 -0.3 L 0.8 -0.5 L 0.5 0 L 0.8 0.5 L 0.3 0.3 L 0 0.6 L -0.3 0.3 L -0.8 0.5 L -0.5 0 L -0.8 -0.5 L -0.3 -0.3 Z	1.2312	G1	0		37.11	4.2112	False	False	0	0.0	30.00	0.00
4933	-1	3	Microglia	830	205	4.4886	M 0 -0.6 L 0.3 -0.3 L 0.8 -0.5 L 0.5 0 L 0.8 0.5 L 0.3 0.3 L 0 0.6 L -0.3 0.3 L -0.8 0.5 L -0.5 0 L -0.8 -0.5 L -0.3 -0.3 Z	1.0584	G1	0		37.46	3.7789	False	False	0	0.0	30.00	0.00
4934	-1	3	Microglia	661	657	0.3489	M 0 -0.6 L 0.3 -0.3 L 0.8 -0.5 L 0.5 0 L 0.8 0.5 L 0.3 0.3 L 0 0.6 L -0.3 0.3 L -0.8 0.5 L -0.5 0 L -0.8 -0.5 L -0.3 -0.3 Z	0.9742	G1	0		35.42	2.2809	False	False	0	0.0	30.00	0.00
4935	-1	3	Microglia	176	629	4.9261	M 0 -0.6 L 0.3 -0.3 L 0.8 -0.5 L 0.5 0 L 0.8 0.5 L 0.3 0.3 L 0 0.6 L -0.3 0.3 L -0.8 0.5 L -0.5 0 L -0.8 -0.5 L -0.3 -0.3 Z	1.1210	G1	0		36.50	3.0807	False	False	0	0.0	30.00	0.00
4936	-1	3	Microglia	419	587	0.0995	M 0 -0.6 L 0.3 -0.3 L 0.8 -0.5 L 0.5 0 L 0.8 0.5 L 0.3 0.3 L 0 0.6 L -0.3 0.3 L -0.8 0.5 L -0.5 0 L -0.8 -0.5 L -0.3 -0.3 Z	1.0076	G1	0		36.50	2.6588	False	False	0	0.0	30.00	0.00
4937	-1	3	Microglia	167	387	3.3249	M 0 -0.6 L 0.3 -0.3 L 0.8 -0.5 L 0.5 0 L 0.8 0.5 L 0.3 0.3 L 0 0.6 L -0.3 0.3 L -0.8 0.5 L -0.5 0 L -0.8 -0.5 L -0.3 -0.3 Z	0.9951	G1	0		36.82	3.4318	False	False	0	0.0	30.00	0.00
4938	-1	3	Microglia	380	539	5.0878	M 0 -0.6 L 0.3 -0.3 L 0.8 -0.5 L 0.5 0 L 0.8 0.5 L 0.3 0.3 L 0 0.6 L -0.3 0.3 L -0.8 0.5 L -0.5 0 L -0.8 -0.5 L -0.3 -0.3 Z	1.0667	G1	0		37.11	2.5619	False	False	0	0.0	30.00	0.00
4939	-1	3	Microglia	942	373	5.5910	M 0 -0.6 L 0.3 -0.3 L 0.8 -0.5 L 0.5 0 L 0.8 0.5 L 0.3 0.3 L 0 0.6 L -0.3 0.3 L -0.8 0.5 L -0.5 0 L -0.8 -0.5 L -0.3 -0.3 Z	0.9655	G1	0		37.71	4.0828	False	False	0	0.0	30.00	0.00
4940	-1	3	Microglia	823	461	1.6390	M 0 -0.6 L 0.3 -0.3 L 0.8 -0.5 L 0.5 0 L 0.8 0.5 L 0.3 0.3 L 0 0.6 L -0.3 0.3 L -0.8 0.5 L -0.5 0 L -0.8 -0.5 L -0.3 -0.3 Z	1.0604	G1	0		36.52	3.2428	False	False	0	0.0	30.00	0.00
4941	-1	3	Microglia	884	238	1.4676	M 0 -0.6 L 0.3 -0.3 L 0.8 -0.5 L 0.5 0 L 0.8 0.5 L 0.3 0.3 L 0 0.6 L -0.3 0.3 L -0.8 0.5 L -0.5 0 L -0.8 -0.5 L -0.3 -0.3 Z	1.0991	G1	0		36.81	3.7274	False	False	0	0.0	30.00	0.00
4942	-1	3	Microglia	564	165	3.2401	M 0 -0.6 L 0.3 -0.3 L 0.8 -0.5 L 0.5 0 L 0.8 0.5 L 0.3 0.3 L 0 0.6 L -0.3 0.3 L -0.8 0.5 L -0.5 0 L -0.8 -0.5 L -0.3 -0.3 Z	1.2048	G1	0		36.34	3.1408	False	False	0	0.0	30.00	0.00
4943	-1	3	Microglia	516	998	5.1949	M 0 -0.6 L 0.3 -0.3 L 0.8 -0.5 L 0.5 0 L 0.8 0.5 L 0.3 0.3 L 0 0.6 L -0.3 0.3 L -0.8 0.5 L -0.5 0 L -0.8 -0.5 L -0.3 -0.3 Z	1.0451	G1	0		37.97	4.9402	False	False	0	0.0	30.00	0.00
4944	-1	3	Microglia	180	126	5.0948	M 0 -0.6 L 0.3 -0.3 L 0.8 -0.5 L 0.5 0 L 0.8 0.5 L 0.3 0.3 L 0 0.6 L -0.3 0.3 L -0.8 0.5 L -0.5 0 L -0.8 -0.5 L -0.3 -0.3 Z	0.8663	G1	0		36.74	3.7200	False	False	0	0.0	30.00	0.00
4945	-1	3	Microglia	999	272	0.8763	M 0 -0.6 L 0.3 -0.3 L 0.8 -0.5 L 0.5 0 L 0.8 0.5 L 0.3 0.3 L 0 0.6 L -0.3 0.3 L -0.8 0.5 L -0.5 0 L -0.8 -0.5 L -0.3 -0.3 Z	0.7979	G1	0		37.92	4.9123	False	False	0	0.0	30.00	0.00
4946	-1	3	Microglia	873	182	6.2158	M 0 -0.6 L 0.3 -0.3 L 0.8 -0.5 L 0.5 0 L 0.8 0.5 L 0.3 0.3 L 0 0.6 L -0.3 0.3 L -0.8 0.5 L -0.5 0 L -0.8 -0.5 L -0.3 -0.3 Z	0.9934	G1	0		37.34	4.1939	False	False	0	0.0	30.00	0.00
4947	-1	3	Microglia	715	304	5.1034	M 0 -0.6 L 0.3 -0.3 L 0.8 -0.5 L 0.5 0 L 0.8 0.5 L 0.3 0.3 L 0 0.6 L -0.3 0.3 L -0.8 0.5 L -0.5 0 L -0.8 -0.5 L -0.3 -0.3 Z	1.0650	G1	0		36.22	2.8472	False	False	0	0.0	30.00	0.00
4948	-1	3	Microglia	817	123	2.2466	M 0 -0.6 L 0.3 -0.3 L 0.8 -0.5 L 0.5 0 L 0.8 0.5 L 0.3 0.3 L 0 0.6 L -0.3 0.3 L -0.8 0.5 L -0.5 0 L -0.8 -0.5 L -0.3 -0.3 Z	1.0030	G1	0		37.32	4.0092	False	False	0	0.0	30.00	0.00
4949	-1	3	Microglia	325	859	2.8592	M 0 -0.6 L 0.3 -0.3 L 0.8 -0.5 L 0.5 0 L 0.8 0.5 L 0.3 0.3 L 0 0.6 L -0.3 0.3 L -0.8 0.5 L -0.5 0 L -0.8 -0.5 L -0.3 -0.3 Z	1.0372	G1	0		36.84	3.4813	False	False	0	0.0	30.00	0.00
4950	-1	3	Microglia	362	148	2.6824	M 0 -0.6 L 0.3 -0.3 L 0.8 -0.5 L 0.5 0 L 0.8 0.5 L 0.3 0.3 L 0 0.6 L -0.3 0.3 L -0.8 0.5 L -0.5 0 L -0.8 -0.5 L -0.3 -0.3 Z	1.1648	G1	0		36.56	3.3875	False	False	0	0.0	30.00	0.00
4951	-1	3	Microglia	216	812	5.2443	M 0 -0.6 L 0.3 -0.3 L 0.8 -0.5 L 0.5 0 L 0.8 0.5 L 0.3 0.3 L 0 0.6 L -0.3 0.3 L -0.8 0.5 L -0.5 0 L -0.8 -0.5 L -0.3 -0.3 Z	1.0530	G1	0		36.28	3.2820	False	False	0	0.0	30.00	0.00
4952	-1	3	Microglia	795	949	1.1658	M 0 -0.6 L 0.3 -0.3 L 0.8 -0.5 L 0.5 0 L 0.8 0.5 L 0.3 0.3 L 0 0.6 L -0.3 0.3 L -0.8 0.5 L -0.5 0 L -0.8 -0.5 L -0.3 -0.3 Z	1.1183	G1	0		36.26	3.8343	False	False	0	0.0	30.00	0.00
4953	-1	3	Microglia	42	283	5.0625	M 0 -0.6 L 0.3 -0.3 L 0.8 -0.5 L 0.5 0 L 0.8 0.5 L 0.3 0.3 L 0 0.6 L -0.3 0.3 L -0.8 0.5 L -0.5 0 L -0.8 -0.5 L -0.3 -0.3 Z	0.9148	G1	0		37.67	4.0602	False	False	0	0.0	30.00	0.00
4954	-1	3	Microglia	687	353	3.9332	M 0 -0.6 L 0.3 -0.3 L 0.8 -0.5 L 0.5 0 L 0.8 0.5 L 0.3 0.3 L 0 0.6 L -0.3 0.3 L -0.8 0.5 L -0.5 0 L -0.8 -0.5 L -0.3 -0.3 Z	1.0921	G1	0		36.57	2.9923	False	False	0	0.0	30.00	0.00
4955	-1	3	Microglia	0	223	5.2131	M 0 -0.6 L 0.3 -0.3 L 0.8 -0.5 L 0.5 0 L 0.8 0.5 L 0.3 0.3 L 0 0.6 L -0.3 0.3 L -0.8 0.5 L -0.5 0 L -0.8 -0.5 L -0.3 -0.3 Z	1.0414	G1	0		37.86	4.8821	False	False	0	0.0	30.00	0.00
4956	-1	3	Microglia	97	198	4.7512	M 0 -0.6 L 0.3 -0.3 L 0.8 -0.5 L 0.5 0 L 0.8 0.5 L 0.3 0.3 L 0 0.6 L -0.3 0.3 L -0.8 0.5 L -0.5 0 L -0.8 -0.5 L -0.3 -0.3 Z	1.0696	G1	0		37.51	4.0782	False	False	0	0.0	30.00	0.00
4957	-1	3	Microglia	367	335	4.5505	M 0 -0.6 L 0.3 -0.3 L 0.8 -0.5 L 0.5 0 L 0.8 0.5 L 0.3 0.3 L 0 0.6 L -0.3 0.3 L -0.8 0.5 L -0.5 0 L -0.8 -0.5 L -0.3 -0.3 Z	1.0691	G1	0		36.55	2.7351	False	False	0	0.0	30.00	0.00
4958	-1	3	Microglia	928	960	2.5434	M 0 -0.6 L 0.3 -0.3 L 0.8 -0.5 L 0.5 0 L 0.8 0.5 L 0.3 0.3 L 0 0.6 L -0.3 0.3 L -0.8 0.5 L -0.5 0 L -0.8 -0.5 L -0.3 -0.3 Z	0.8648	G1	0		36.57	4.1532	False	False	0	0.0	30.00	0.00
4959	-1	3	Microglia	198	535	5.4512	M 0 -0.6 L 0.3 -0.3 L 0.8 -0.5 L 0.5 0 L 0.8 0.5 L 0.3 0.3 L 0 0.6 L -0.3 0.3 L -0.8 0.5 L -0.5 0 L -0.8 -0.5 L -0.3 -0.3 Z	1.1238	G1	0		37.57	3.1690	False	False	0	0.0	30.00	0.00
4960	-1	3	Microglia	985	999	5.5042	M 0 -0.6 L 0.3 -0.3 L 0.8 -0.5 L 0.5 0 L 0.8 0.5 L 0.3 0.3 L 0 0.6 L -0.3 0.3 L -0.8 0.5 L -0.5 0 L -0.8 -0.5 L -0.3 -0.3 Z	0.6922	G1	0		36.05	3.8903	False	False	0	0.0	30.00	0.00
4961	-1	3	Microglia	224	326	3.1304	M 0 -0.6 L 0.3 -0.3 L 0.8 -0.5 L 0.5 0 L 0.8 0.5 L 0.3 0.3 L 0 0.6 L -0.3 0.3 L -0.8 0.5 L -0.5 0 L -0.8 -0.5 L -0.3 -0.3 Z	0.8296	G1	0		37.21	3.1709	False	False	0	0.0	30.00	0.00
4962	-1	3	Microglia	807	311	3.3554	M 0 -0.6 L 0.3 -0.3 L 0.8 -0.5 L 0.5 0 L 0.8 0.5 L 0.3 0.3 L 0 0.6 L -0.3 0.3 L -0.8 0.5 L -0.5 0 L -0.8 -0.5 L -0.3 -0.3 Z	1.0995	G1	0		36.74	3.3891	False	False	0	0.0	30.00	0.00
4963	-1	3	Microglia	627	843	5.5818	M 0 -0.6 L 0.3 -0.3 L 0.8 -0.5 L 0.5 0 L 0.8 0.5 L 0.3 0.3 L 0 0.6 L -0.3 0.3 L -0.8 0.5 L -0.5 0 L -0.8 -0.5 L -0.3 -0.3 Z	0.8600	G1	0		37.02	3.4130	False	False	0	0.0	30.00	0.00
4964	-1	3	Microglia	467	651	4.3917	M 0 -0.6 L 0.3 -0.3 L 0.8 -0.5 L 0.5 0 L 0.8 0.5 L 0.3 0.3 L 0 0.6 L -0.3 0.3 L -0.8 0.5 L -0.5 0 L -0.8 -0.5 L -0.3 -0.3 Z	0.8885	G1	0		36.11	2.4404	False	False	0	0.0	30.00	0.00
4965	-1	3	Microglia	911	717	2.5859	M 0 -0.6 L 0.3 -0.3 L 0.8 -0.5 L 0.5 0 L 0.8 0.5 L 0.3 0.3 L 0 0.6 L -0.3 0.3 L -0.8 0.5 L -0.5 0 L -0.8 -0.5 L -0.3 -0.3 Z	1.0285	G1	0		37.13	4.1337	False	False	0	0.0	30.00	0.00
4966	-1	3	Microglia	634	374	5.9699	M 0 -0.6 L 0.3 -0.3 L 0.8 -0.5 L 0.5 0 L 0.8 0.5 L 0.3 0.3 L 0 0.6 L -0.3 0.3 L -0.8 0.5 L -0.5 0 L -0.8 -0.5 L -0.3 -0.3 Z	1.0067	G1	0		37.16	2.7076	False	False	0	0.0	30.00	0.00
4967	-1	3	Microglia	464	331	5.6802	M 0 -0.6 L 0.3 -0.3 L 0.8 -0.5 L 0.5 0 L 0.8 0.5 L 0.3 0.3 L 0 0.6 L -0.3 0.3 L -0.8 0.5 L -0.5 0 L -0.8 -0.5 L -0.3 -0.3 Z	1.0481	G1	0		35.22	2.1015	False	False	0	0.0	30.00	0.00
4968	-1	3	Microglia	710	859	1.0546	M 0 -0.6 L 0.3 -0.3 L 0.8 -0.5 L 0.5 0 L 0.8 0.5 L 0.3 0.3 L 0 0.6 L -0.3 0.3 L -0.8 0.5 L -0.5 0 L -0.8 -0.5 L -0.3 -0.3 Z	1.1408	G1	0		37.46	3.8997	False	False	0	0.0	30.00	0.00
4969	-1	3	Microglia	572	87	0.5322	M 0 -0.6 L 0.3 -0.3 L 0.8 -0.5 L 0.5 0 L 0.8 0.5 L 0.3 0.3 L 0 0.6 L -0.3 0.3 L -0.8 0.5 L -0.5 0 L -0.8 -0.5 L -0.3 -0.3 Z	0.9277	G1	0		36.11	3.4685	False	False	0	0.0	30.00	0.00
4970	-1	3	Microglia	173	377	5.0711	M 0 -0.6 L 0.3 -0.3 L 0.8 -0.5 L 0.5 0 L 0.8 0.5 L 0.3 0.3 L 0 0.6 L -0.3 0.3 L -0.8 0.5 L -0.5 0 L -0.8 -0.5 L -0.3 -0.3 Z	0.9938	G1	0		36.74	3.2935	False	False	0	0.0	30.00	0.00
4971	-1	3	Microglia	242	252	0.2141	M 0 -0.6 L 0.3 -0.3 L 0.8 -0.5 L 0.5 0 L 0.8 0.5 L 0.3 0.3 L 0 0.6 L -0.3 0.3 L -0.8 0.5 L -0.5 0 L -0.8 -0.5 L -0.3 -0.3 Z	0.7549	G1	0		36.28	3.1276	False	False	0	0.0	30.00	0.00
4972	-1	3	Microglia	338	620	4.6646	M 0 -0.6 L 0.3 -0.3 L 0.8 -0.5 L 0.5 0 L 0.8 0.5 L 0.3 0.3 L 0 0.6 L -0.3 0.3 L -0.8 0.5 L -0.5 0 L -0.8 -0.5 L -0.3 -0.3 Z	0.9074	G1	0		36.54	2.7349	False	False	0	0.0	30.00	0.00
4973	-1	3	Microglia	868	299	3.6811	M 0 -0.6 L 0.3 -0.3 L 0.8 -0.5 L 0.5 0 L 0.8 0.5 L 0.3 0.3 L 0 0.6 L -0.3 0.3 L -0.8 0.5 L -0.5 0 L -0.8 -0.5 L -0.3 -0.3 Z	1.0689	G1	0		36.99	3.7270	False	False	0	0.0	30.00	0.00
4974	-1	3	Microglia	926	639	4.9870	M 0 -0.6 L 0.3 -0.3 L 0.8 -0.5 L 0.5 0 L 0.8 0.5 L 0.3 0.3 L 0 0.6 L -0.3 0.3 L -0.8 0.5 L -0.5 0 L -0.8 -0.5 L -0.3 -0.3 Z	0.9482	G1	0		34.62	2.8164	False	False	0	0.0	30.00	0.00
4975	-1	3	Microglia	492	26	4.3043	M 0 -0.6 L 0.3 -0.3 L 0.8 -0.5 L 0.5 0 L 0.8 0.5 L 0.3 0.3 L 0 0.6 L -0.3 0.3 L -0.8 0.5 L -0.5 0 L -0.8 -0.5 L -0.3 -0.3 Z	0.8864	G1	0		37.27	4.4135	False	False	0	0.0	30.00	0.00
4976	-1	3	Microglia	795	351	0.6065	M 0 -0.6 L 0.3 -0.3 L 0.8 -0.5 L 0.5 0 L 0.8 0.5 L 0.3 0.3 L 0 0.6 L -0.3 0.3 L -0.8 0.5 L -0.5 0 L -0.8 -0.5 L -0.3 -0.3 Z	0.9877	G1	0		36.18	3.0213	False	False	0	0.0	30.00	0.00
4977	-1	3	Microglia	806	819	6.2670	M 0 -0.6 L 0.3 -0.3 L 0.8 -0.5 L 0.5 0 L 0.8 0.5 L 0.3 0.3 L 0 0.6 L -0.3 0.3 L -0.8 0.5 L -0.5 0 L -0.8 -0.5 L -0.3 -0.3 Z	1.1682	G1	0		36.73	3.3399	False	False	0	0.0	30.00	0.00
4978	-1	3	Microglia	497	611	2.2673	M 0 -0.6 L 0.3 -0.3 L 0.8 -0.5 L 0.5 0 L 0.8 0.5 L 0.3 0.3 L 0 0.6 L -0.3 0.3 L -0.8 0.5 L -0.5 0 L -0.8 -0.5 L -0.3 -0.3 Z	0.8749	G1	0		34.63	1.7076	False	False	0	0.0	30.00	0.00
4979	-1	3	Microglia	667	418	0.7401	M 0 -0.6 L 0.3 -0.3 L 0.8 -0.5 L 0.5 0 L 0.8 0.5 L 0.3 0.3 L 0 0.6 L -0.3 0.3 L -0.8 0.5 L -0.5 0 L -0.8 -0.5 L -0.3 -0.3 Z	1.0584	G1	0		36.54	2.6843	False	False	0	0.0	30.00	0.00
4980	-1	3	Microglia	866	230	5.1026	M 0 -0.6 L 0.3 -0.3 L 0.8 -0.5 L 0.5 0 L 0.8 0.5 L 0.3 0.3 L 0 0.6 L -0.3 0.3 L -0.8 0.5 L -0.5 0 L -0.8 -0.5 L -0.3 -0.3 Z	0.8215	G1	0		37.68	3.9791	False	False	0	0.0	30.00	0.00
4981	-1	3	Microglia	283	629	2.1442	M 0 -0.6 L 0.3 -0.3 L 0.8 -0.5 L 0.5 0 L 0.8 0.5 L 0.3 0.3 L 0 0.6 L -0.3 0.3 L -0.8 0.5 L -0.5 0 L -0.8 -0.5 L -0.3 -0.3 Z	0.9198	G1	0		35.75	2.3389	False	False	0	0.0	30.00	0.00
4982	-1	3	Microglia	924	331	4.9483	M 0 -0.6 L 0.3 -0.3 L 0.8 -0.5 L 0.5 0 L 0.8 0.5 L 0.3 0.3 L 0 0.6 L -0.3 0.3 L -0.8 0.5 L -0.5 0 L -0.8 -0.5 L -0.3 -0.3 Z	1.1981	G1	0		36.05	3.5261	False	False	0	0.0	30.00	0.00
4983	-1	3	Microglia	111	494	4.8322	M 0 -0.6 L 0.3 -0.3 L 0.8 -0.5 L 0.5 0 L 0.8 0.5 L 0.3 0.3 L 0 0.6 L -0.3 0.3 L -0.8 0.5 L -0.5 0 L -0.8 -0.5 L -0.3 -0.3 Z	1.1627	G1	0		37.09	3.8204	False	False	0	0.0	30.00	0.00
4984	-1	3	Microglia	892	39	5.8615	M 0 -0.6 L 0.3 -0.3 L 0.8 -0.5 L 0.5 0 L 0.8 0.5 L 0.3 0.3 L 0 0.6 L -0.3 0.3 L -0.8 0.5 L -0.5 0 L -0.8 -0.5 L -0.3 -0.3 Z	0.9065	G1	0		37.67	4.6794	False	False	0	0.0	30.00	0.00
4985	-1	3	Microglia	516	730	2.1875	M 0 -0.6 L 0.3 -0.3 L 0.8 -0.5 L 0.5 0 L 0.8 0.5 L 0.3 0.3 L 0 0.6 L -0.3 0.3 L -0.8 0.5 L -0.5 0 L -0.8 -0.5 L -0.3 -0.3 Z	1.1582	G1	0		37.20	2.9310	False	False	0	0.0	30.00	0.00
4986	-1	3	Microglia	168	844	4.9257	M 0 -0.6 L 0.3 -0.3 L 0.8 -0.5 L 0.5 0 L 0.8 0.5 L 0.3 0.3 L 0 0.6 L -0.3 0.3 L -0.8 0.5 L -0.5 0 L -0.8 -0.5 L -0.3 -0.3 Z	1.0917	G1	0		35.79	3.3774	False	False	0	0.0	30.00	0.00
4987	-1	3	Microglia	514	170	0.5745	M 0 -0.6 L 0.3 -0.3 L 0.8 -0.5 L 0.5 0 L 0.8 0.5 L 0.3 0.3 L 0 0.6 L -0.3 0.3 L -0.8 0.5 L -0.5 0 L -0.8 -0.5 L -0.3 -0.3 Z	0.9874	G1	0		35.47	2.7334	False	False	0	0.0	30.00	0.00
4988	-1	3	Microglia	146	713	1.8069	M 0 -0.6 L 0.3 -0.3 L 0.8 -0.5 L 0.5 0 L 0.8 0.5 L 0.3 0.3 L 0 0.6 L -0.3 0.3 L -0.8 0.5 L -0.5 0 L -0.8 -0.5 L -0.3 -0.3 Z	1.0956	G1	0		36.71	3.5581	False	False	0	0.0	30.00	0.00
4989	-1	3	Microglia	85	966	0.1379	M 0 -0.6 L 0.3 -0.3 L 0.8 -0.5 L 0.5 0 L 0.8 0.5 L 0.3 0.3 L 0 0.6 L -0.3 0.3 L -0.8 0.5 L -0.5 0 L -0.8 -0.5 L -0.3 -0.3 Z	0.9651	G1	0		37.46	4.5149	False	False	0	0.0	30.00	0.00
4990	-1	3	Microglia	0	319	0.0681	M 0 -0.6 L 0.3 -0.3 L 0.8 -0.5 L 0.5 0 L 0.8 0.5 L 0.3 0.3 L 0 0.6 L -0.3 0.3 L -0.8 0.5 L -0.5 0 L -0.8 -0.5 L -0.3 -0.3 Z	0.9844	G1	0		36.48	4.2045	False	False	0	0.0	30.00	0.00
4991	-1	3	Microglia	848	385	1.4956	M 0 -0.6 L 0.3 -0.3 L 0.8 -0.5 L 0.5 0 L 0.8 0.5 L 0.3 0.3 L 0 0.6 L -0.3 0.3 L -0.8 0.5 L -0.5 0 L -0.8 -0.5 L -0.3 -0.3 Z	0.9261	G1	0		36.83	3.5113	False	False	0	0.0	30.00	0.00
4992	-1	3	Microglia	149	66	1.3390	M 0 -0.6 L 0.3 -0.3 L 0.8 -0.5 L 0.5 0 L 0.8 0.5 L 0.3 0.3 L 0 0.6 L -0.3 0.3 L -0.8 0.5 L -0.5 0 L -0.8 -0.5 L -0.3 -0.3 Z	0.9034	G1	0		36.97	4.2767	False	False	0	0.0	30.00	0.00
4993	-1	3	Microglia	999	709	5.2931	M 0 -0.6 L 0.3 -0.3 L 0.8 -0.5 L 0.5 0 L 0.8 0.5 L 0.3 0.3 L 0 0.6 L -0.3 0.3 L -0.8 0.5 L -0.5 0 L -0.8 -0.5 L -0.3 -0.3 Z	1.0831	G1	0		37.51	4.6305	False	False	0	0.0	30.00	0.00
4994	-1	3	Microglia	432	243	3.7190	M 0 -0.6 L 0.3 -0.3 L 0.8 -0.5 L 0.5 0 L 0.8 0.5 L 0.3 0.3 L 0 0.6 L -0.3 0.3 L -0.8 0.5 L -0.5 0 L -0.8 -0.5 L -0.3 -0.3 Z	1.1276	G1	0		35.56	2.5181	False	False	0	0.0	30.00	0.00
4995	-1	3	Microglia	492	57	2.0829	M 0 -0.6 L 0.3 -0.3 L 0.8 -0.5 L 0.5 0 L 0.8 0.5 L 0.3 0.3 L 0 0.6 L -0.3 0.3 L -0.8 0.5 L -0.5 0 L -0.8 -0.5 L -0.3 -0.3 Z	1.2697	G1	0		37.20	4.1582	False	False	0	0.0	30.00	0.00
4996	-1	6	Tumor	500	500	4.2147	M 0 -0.9 C 0.6 -0.9 0.9 -0.4 0.9 0 C 0.9 0.5 0.5 0.9 0 0.9 C -0.5 0.9 -0.9 0.5 -0.9 0 C -0.9 -0.4 -0.6 -0.9 0 -0.9 Z	0.9965	G1	20	EGFR;MYC	33.85	1.4752	False	False	0	0.0	14.00	1200.00
