time_hr	parent_id	parent_ecDNA_before	parent_ecDNA_after	daughter_id	daughter_ecDNA	x	y	generation
7.0	6847	20	22	6848	18	1004	1179	1
9.0	6847	22	21	6849	23	1004	1179	2
13.0	6846	20	19	6850	21	931	857	1
15.0	6847	21	18	6851	23	1004	1179	3
32.0	6848	18	14	6852	22	1095	1219	2
32.0	6846	19	22	6853	15	931	857	2
34.0	6847	18	22	6854	13	1004	1179	4
38.0	6846	22	21	6855	21	908	911	3
40.0	6851	23	25	6856	21	863	1009	4
41.0	6851	25	23	6857	27	863	1009	5
42.0	6849	23	22	6858	22	1024	1014	3
43.0	6850	21	21	6859	18	1033	928	2
43.0	6847	22	24	6860	19	1004	1179	5
44.0	6846	21	18	6861	22	908	911	4
52.0	6849	22	23	6862	21	1024	1014	4
53.0	6853	15	15	6863	14	768	868	3
54.0	6845	20	19	6864	19	1008	945	1
55.0	6852	22	24	6865	20	1118	1247	3
59.0	6847	24	26	6866	21	1055	1313	6
60.0	6848	14	15	6867	12	1095	1219	3
60.0	6851	23	18	6868	27	863	1009	6
62.0	6854	13	10	6869	13	1108	1076	5
63.0	6856	21	17	6870	24	836	1164	5
63.0	6854	10	8	6871	12	1108	1076	6
63.0	6850	21	17	6872	25	1047	914	3
64.0	6856	17	18	6873	16	836	1164	6
64.0	6852	24	21	6874	26	1092	1292	4
64.0	6860	19	22	6875	16	1140	1173	6
65.0	6860	22	26	6876	17	1140	1173	7
65.0	6851	18	13	6877	22	863	1009	7
67.0	6859	18	17	6878	17	1033	947	3
68.0	6846	18	15	6879	20	836	933	5
68.0	6865	20	19	6880	18	1153	1312	4
68.0	6853	15	15	6881	14	748	864	4
69.0	6865	19	22	6882	15	1153	1312	5
69.0	6864	19	21	6883	17	865	936	2
69.0	6852	21	17	6884	24	1092	1292	5
69.0	6858	22	20	6885	23	1046	1170	4
70.0	6855	21	17	6886	25	926	855	4
70.0	6857	27	22	6887	31	879	1009	6
70.0	6864	21	18	6888	24	865	936	3
71.0	6848	15	16	6889	14	1090	1199	4
71.0	6857	22	23	6890	18	879	1009	7
71.0	6861	22	25	6891	17	952	916	5
71.0	6855	17	14	6892	20	926	855	5
72.0	6858	20	17	6893	21	1046	1170	5
72.0	6849	23	18	6894	26	1024	1014	5
73.0	6858	17	11	6895	20	1046	1170	6
73.0	6854	8	9	6896	7	1108	1076	7
74.0	6854	9	8	6897	10	1108	1076	8
74.0	6849	18	16	6898	19	1024	1014	6
74.0	6860	26	26	6899	25	1140	1173	8
75.0	6856	18	14	6900	21	878	1149	7
75.0	6861	25	22	6901	27	952	916	6
75.0	6854	8	11	6902	5	1108	1076	9
76.0	6867	12	9	6903	14	1161	1177	4
77.0	6850	17	17	6904	16	1047	914	4
77.0	6868	27	30	6905	23	878	1096	7
77.0	6877	22	23	6906	20	948	1111	8
78.0	6862	21	27	6907	15	905	1007	5
79.0	6853	15	13	6908	16	748	864	5
80.0	6845	19	14	6909	24	1008	945	2
81.0	6867	9	7	6910	10	1161	1177	5
82.0	6864	18	20	6911	15	865	936	4
82.0	6863	14	14	6912	12	786	604	4
83.0	6847	26	21	6913	30	1090	1693	7
83.0	6862	27	30	6914	22	905	1007	6
84.0	6845	14	15	6915	11	1008	945	3
84.0	6847	21	25	6916	17	1090	1693	8
84.0	6886	25	26	6917	24	926	838	5
85.0	6865	22	14	6918	29	1205	1342	6
85.0	6852	17	16	6919	16	973	1494	6
85.0	6848	16	22	6920	9	1093	1179	5
85.0	6857	23	17	6921	25	879	1009	8
85.0	6881	14	13	6922	13	778	924	5
85.0	6879	20	17	6923	22	872	910	6
85.0	6847	25	25	6924	24	1090	1693	9
86.0	6880	18	19	6925	16	1067	1203	5
86.0	6856	14	12	6926	16	878	1149	8
86.0	6860	26	24	6927	27	1188	1226	9
86.0	6859	17	14	6928	20	1033	947	4
87.0	6874	26	26	6929	26	1166	1343	5
87.0	6905	23	19	6930	26	894	1079	8
87.0	6861	22	20	6931	24	952	916	7
87.0	6880	19	20	6932	16	1067	1203	6
88.0	6858	11	14	6933	8	1046	1170	7
89.0	6871	12	12	6934	11	1074	1076	7
89.0	6855	14	15	6935	12	926	855	6
89.0	6890	18	19	6936	17	876	1054	8
89.0	6848	22	25	6937	17	1093	1179	6
89.0	6862	30	29	6938	31	905	1007	7
89.0	6866	21	20	6939	19	864	1302	7
90.0	6847	25	36	6940	12	1089	1784	10
90.0	6886	26	26	6941	26	926	838	6
90.0	6871	12	12	6942	11	1074	1076	8
90.0	6851	13	14	6943	11	863	1009	8
90.0	6864	20	19	6944	19	809	939	5
90.0	6850	17	18	6945	16	1047	914	5
90.0	6905	19	18	6946	20	894	1079	9
91.0	6854	11	10	6947	11	1108	1076	10
91.0	6892	20	19	6948	21	891	881	6
91.0	6856	12	11	6949	13	878	1149	9
91.0	6878	17	18	6950	15	1033	928	4
91.0	6874	26	24	6951	26	1229	1364	6
91.0	6868	30	23	6952	35	878	1096	8
91.0	6875	16	12	6953	20	1119	1173	7
91.0	6889	14	16	6954	12	1015	1126	5
92.0	6868	23	26	6955	17	878	1096	9
92.0	6892	19	23	6956	15	891	881	7
93.0	6879	17	17	6957	16	872	910	7
93.0	6903	14	15	6958	13	1136	1201	5
93.0	6846	15	19	6959	11	836	933	6
93.0	6894	26	23	6960	29	1119	676	6
94.0	6852	16	20	6961	12	973	1494	7
94.0	6846	19	15	6962	20	836	933	7
94.0	6869	13	10	6963	15	1149	1114	6
94.0	6857	17	15	6964	17	879	1009	9
95.0	6880	20	13	6965	25	1024	1249	7
95.0	6867	7	8	6966	5	1161	1177	6
95.0	6914	22	26	6967	16	936	1027	7
95.0	6879	17	20	6968	13	872	910	8
95.0	6875	12	11	6969	13	1119	1173	8
95.0	6860	24	26	6970	22	1188	1226	10
95.0	6910	10	7	6971	12	1148	1189	6
96.0	6880	13	16	6972	10	1024	1249	8
96.0	6872	25	25	6973	24	1224	846	4
96.0	6859	14	15	6974	13	1033	947	5
96.0	6877	23	19	6975	26	882	1397	9
96.0	6882	15	14	6976	14	1177	1491	6
97.0	6894	23	15	6977	29	1119	676	7
97.0	6853	13	10	6978	16	766	873	6
97.0	6865	14	8	6979	20	1205	1342	7
97.0	6891	17	14	6980	19	912	955	6
97.0	6868	26	28	6981	23	878	1096	10
97.0	6942	11	2	6982	20	1061	1088	9
98.0	6898	19	14	6983	20	962	986	7
98.0	6887	31	30	6984	32	820	1126	7
98.0	6853	10	7	6985	13	766	873	7
98.0	6886	26	29	6986	21	926	838	7
98.0	6895	20	19	6987	20	985	1152	7
98.0	6860	26	29	6988	22	1188	1226	11
98.0	6928	20	18	6989	22	1033	985	5
98.0	6884	24	19	6990	29	1388	1285	6
98.0	6864	19	17	6991	19	809	939	6
98.0	6903	15	14	6992	15	1136	1219	6
98.0	6863	14	10	6993	17	935	611	5
98.0	6845	15	14	6994	16	1008	945	4
99.0	6890	19	18	6995	20	860	1047	9
99.0	6869	10	9	6996	10	1149	1114	7
99.0	6885	23	26	6997	19	1019	1438	5
99.0	6863	10	11	6998	9	935	611	6
99.0	6871	12	14	6999	10	1074	1076	9
99.0	6933	8	3	7000	13	1029	1186	8
99.0	6915	11	12	7001	10	988	925	4
99.0	6845	14	14	7002	13	1008	945	5
99.0	6903	14	11	7003	16	1136	1219	7
99.0	6854	10	13	7004	7	1126	1076	11
99.0	6905	18	19	7005	14	915	1056	10
100.0	6854	13	13	7006	13	1126	1076	12
100.0	6914	26	21	7007	28	936	1027	8
100.0	6881	13	14	7008	12	778	924	6
100.0	6870	24	23	7009	24	734	1410	6
101.0	6878	18	18	7010	17	1033	928	5
101.0	6850	18	20	7011	16	1047	890	6
101.0	6873	16	13	7012	19	853	1114	7
101.0	6941	26	28	7013	23	943	838	7
101.0	6926	16	17	7014	14	797	1159	9
101.0	6897	10	5	7015	15	1265	1031	9
101.0	6891	14	12	7016	13	912	955	7
101.0	6884	19	12	7017	24	1388	1285	7
101.0	6942	2	3	7018	1	1061	1088	10
101.0	6923	22	21	7019	23	849	847	7
102.0	6859	15	11	7020	19	1033	947	6
102.0	6851	14	16	7021	11	814	1049	9
102.0	6849	16	10	7022	21	1024	1014	7
102.0	6965	25	26	7023	24	1004	1357	8
102.0	6883	17	18	7024	16	654	783	3
102.0	6911	15	12	7025	17	857	928	5
102.0	6886	29	33	7026	24	926	838	8
103.0	6882	14	11	7027	15	1159	1532	7
103.0	6896	7	5	7028	8	1107	1091	8
103.0	6932	16	10	7029	22	1093	1150	7
103.0	6886	33	25	7030	39	926	838	9
103.0	6902	5	7	7031	3	1177	1076	10
103.0	6867	8	8	7032	8	1161	1177	7
103.0	6901	27	26	7033	28	925	942	7
103.0	6943	11	13	7034	9	801	1018	9
103.0	6858	14	15	7035	13	1024	1217	8
103.0	6907	15	15	7036	13	936	1046	6
104.0	6856	11	9	7037	13	878	1149	10
104.0	6866	20	16	7038	23	864	1302	8
104.0	6875	11	12	7039	10	1119	1173	9
104.0	6932	10	12	7040	8	1109	1134	8
104.0	6868	28	19	7041	36	878	1096	11
104.0	6895	19	20	7042	16	985	1152	8
104.0	6931	24	23	7043	23	938	929	8
104.0	6855	15	12	7044	18	926	855	7
104.0	6912	12	12	7045	12	785	626	5
104.0	6965	26	25	7046	25	1004	1357	9
105.0	6888	24	24	7047	21	838	889	4
105.0	6846	15	17	7048	12	836	933	8
105.0	6900	21	19	7049	21	837	1160	8
105.0	6883	18	12	7050	23	654	783	4
105.0	6861	20	23	7051	14	952	893	8
105.0	6877	19	18	7052	19	882	1397	10
105.0	6918	29	26	7053	31	1075	1334	7
105.0	6914	21	20	7054	20	968	995	9
105.0	6849	10	12	7055	8	1024	1014	8
106.0	6933	3	3	7056	3	1045	1170	9
106.0	6877	18	19	7057	17	882	1397	11
106.0	6906	20	20	7058	20	934	1118	9
106.0	6857	15	10	7059	18	879	1009	10
106.0	6921	25	26	7060	22	1049	1115	9
106.0	6904	16	17	7061	15	1060	834	5
106.0	6908	16	15	7062	17	644	935	6
106.0	6979	20	24	7063	15	1336	1359	8
106.0	6940	12	12	7064	11	1108	1784	11
106.0	6862	29	38	7065	18	905	984	8
106.0	6946	20	20	7066	19	930	1094	10
106.0	6899	25	25	7067	24	894	1241	9
106.0	6891	12	11	7068	12	912	955	8
107.0	6853	7	8	7069	6	766	873	8
107.0	6865	8	10	7070	5	1205	1342	8
107.0	6852	20	24	7071	13	912	1509	8
107.0	6943	13	11	7072	15	801	1018	10
107.0	6862	38	32	7073	42	905	984	9
107.0	6909	24	29	7074	19	1002	1101	3
108.0	6874	24	26	7075	19	1229	1392	7
108.0	6872	25	26	7076	21	1282	900	5
108.0	6883	12	13	7077	11	654	783	5
108.0	6890	18	14	7078	21	860	1047	10
108.0	6882	11	10	7079	12	1159	1532	8
108.0	6860	29	33	7080	25	1188	1226	12
108.0	6895	20	24	7081	16	985	1152	9
109.0	6940	12	15	7082	9	1108	1784	12
109.0	6939	19	19	7083	18	901	1335	8
109.0	6873	13	16	7084	9	853	1114	8
109.0	6858	15	14	7085	16	1006	1235	9
109.0	6930	26	27	7086	24	966	1080	9
109.0	6897	5	4	7087	5	1274	1064	10
109.0	6850	20	20	7088	20	1047	890	7
109.0	6883	13	12	7089	12	654	783	6
109.0	6942	3	3	7090	2	1061	1088	11
109.0	6869	9	10	7091	7	1149	1114	8
109.0	6905	19	16	7092	22	990	1039	11
109.0	6877	19	18	7093	18	882	1397	12
109.0	6962	20	16	7094	23	803	902	8
110.0	6922	13	11	7095	13	771	955	6
110.0	6969	13	14	7096	10	1077	1173	9
110.0	6862	32	41	7097	22	905	984	10
110.0	6884	12	13	7098	11	1388	1285	8
110.0	6965	25	20	7099	28	1004	1357	10
110.0	6935	12	15	7100	9	979	826	7
110.0	6883	12	11	7101	12	654	783	7
110.0	6928	18	17	7102	16	1046	998	6
110.0	6962	16	11	7103	18	803	902	9
110.0	6952	35	36	7104	32	692	1046	9
110.0	6861	23	20	7105	26	952	893	9
110.0	6898	14	12	7106	15	994	954	8
110.0	6897	4	4	7107	4	1287	1094	11
110.0	6887	30	34	7108	24	820	1126	8
110.0	6899	25	18	7109	30	894	1241	10
110.0	6893	21	19	7110	22	975	948	6
111.0	6984	32	29	7111	32	836	1126	8
111.0	6887	34	26	7112	39	820	1126	9
111.0	6870	23	22	7113	23	726	1475	7
111.0	6881	14	12	7114	16	756	924	7
111.0	7001	10	13	7115	7	1005	925	5
111.0	6965	20	26	7116	13	1004	1357	11
111.0	6951	26	28	7117	24	1047	1373	7
111.0	6880	16	12	7118	18	1024	1249	9
111.0	6893	19	18	7119	19	975	948	7
111.0	6947	11	15	7120	5	1207	981	11
111.0	6963	15	13	7121	16	1238	1003	7
111.0	7020	19	26	7122	12	1035	894	7
111.0	6927	27	21	7123	30	1315	1230	10
112.0	6913	30	24	7124	34	1184	1568	8
112.0	6859	11	7	7125	14	1049	931	7
112.0	7035	13	13	7126	13	1022	1218	9
112.0	6860	33	30	7127	36	1188	1226	13
112.0	6957	16	13	7128	18	874	864	8
112.0	6864	17	18	7129	16	809	939	7
112.0	7006	13	13	7130	13	1177	981	13
112.0	6881	12	11	7131	13	756	924	8
112.0	6940	15	15	7132	14	1108	1784	13
112.0	6892	23	13	7133	30	919	853	8
112.0	6871	14	9	7134	17	1074	1076	10
113.0	7043	23	27	7135	18	938	906	9
113.0	7012	19	18	7136	18	869	1128	8
113.0	6926	17	21	7137	13	765	1191	10
113.0	6907	15	16	7138	14	952	1030	7
113.0	6965	26	22	7139	27	1004	1357	12
113.0	6917	24	20	7140	28	898	766	6
113.0	7053	31	29	7141	32	1129	1243	8
113.0	7030	39	44	7142	32	917	790	10
113.0	6983	20	19	7143	21	1007	985	8
113.0	6927	21	23	7144	19	1315	1230	11
113.0	6851	16	20	7145	12	745	1066	10
113.0	6847	36	37	7146	34	1075	1798	11
113.0	6951	28	26	7147	27	1047	1373	8
113.0	6932	12	8	7148	15	1109	1134	9
114.0	6862	41	40	7149	42	905	984	11
114.0	6924	24	22	7150	25	1108	1634	10
114.0	6908	15	13	7151	16	605	848	7
114.0	6894	15	12	7152	17	1119	676	8
114.0	6896	5	5	7153	5	1107	1091	9
114.0	6943	11	12	7154	9	801	1018	11
114.0	6878	18	19	7155	16	1065	896	6
114.0	6885	26	31	7156	19	1019	1438	6
114.0	6911	12	10	7157	13	871	914	6
114.0	6849	12	15	7158	8	1024	1014	9
114.0	6948	21	19	7159	21	908	897	7
114.0	7002	13	13	7160	13	1024	949	6
114.0	6904	17	15	7161	16	1065	777	6
115.0	6895	24	22	7162	25	985	1152	10
115.0	6939	19	14	7163	23	901	1335	9
115.0	6862	40	44	7164	33	905	984	12
115.0	6887	26	23	7165	28	804	1142	10
115.0	6928	17	17	7166	15	1065	998	7
115.0	6949	13	9	7167	16	856	1170	10
115.0	7027	15	14	7168	15	1186	1521	8
115.0	6867	8	5	7169	11	1126	1194	8
115.0	6922	11	7	7170	15	771	955	7
115.0	6934	11	11	7171	11	1022	1109	8
115.0	6900	19	19	7172	18	837	1183	9
115.0	6902	7	7	7173	7	1177	1076	11
116.0	6862	44	47	7174	39	905	984	13
116.0	6945	16	17	7175	14	1073	863	6
116.0	6887	23	26	7176	18	789	1127	11
116.0	6919	16	17	7177	15	1084	1440	7
116.0	6933	3	4	7178	2	1045	1170	10
116.0	7030	44	49	7179	37	917	790	11
116.0	6879	20	22	7180	17	873	925	9
116.0	6935	15	11	7181	18	979	826	8
116.0	6873	16	12	7182	19	869	1114	9
116.0	6956	15	10	7183	20	892	867	8
116.0	7129	16	10	7184	21	801	931	8
116.0	6910	7	8	7185	6	1148	1189	7
116.0	6960	29	30	7186	28	1109	685	7
116.0	6869	10	8	7187	12	1149	1114	9
116.0	6928	17	18	7188	16	1065	998	8
116.0	6895	22	25	7189	17	985	1152	11
116.0	6850	20	18	7190	20	1058	879	8
117.0	7063	15	14	7191	15	1337	1242	9
117.0	7020	26	22	7192	30	1035	894	8
117.0	6968	13	12	7193	12	874	900	9
117.0	7039	10	7	7194	12	1098	1173	10
117.0	6859	7	8	7195	6	1088	925	8
117.0	6954	12	11	7196	13	1026	1137	6
117.0	6864	18	15	7197	20	770	978	8
117.0	6945	17	18	7198	14	1086	850	7
117.0	7017	24	22	7199	26	1642	1564	8
117.0	6895	25	22	7200	27	985	1152	12
117.0	6862	47	49	7201	41	905	984	14
117.0	6845	14	14	7202	13	1024	929	6
117.0	6934	11	12	7203	10	1022	1109	9
117.0	6874	26	28	7204	23	1229	1392	8
117.0	6931	23	26	7205	17	938	929	9
118.0	6848	25	25	7206	23	1082	1135	7
118.0	6941	28	25	7207	30	971	787	8
118.0	6927	23	22	7208	22	1315	1230	12
118.0	6987	20	16	7209	24	973	1201	8
118.0	7020	22	28	7210	16	1050	833	9
118.0	6897	4	6	7211	2	1287	1094	12
118.0	6854	13	10	7212	16	1126	1076	13
118.0	7006	13	16	7213	9	1177	981	14
118.0	7050	23	24	7214	21	529	409	5
118.0	7162	25	17	7215	32	973	1163	11
118.0	6862	49	39	7216	56	905	984	15
119.0	6914	20	19	7217	21	968	995	10
119.0	6863	11	15	7218	7	852	526	7
119.0	7015	15	15	7219	14	1169	963	10
119.0	6980	19	19	7220	18	947	978	7
119.0	6864	15	14	7221	16	770	978	9
119.0	6990	29	28	7222	28	1688	1217	7
119.0	7023	24	25	7223	22	1018	1405	9
119.0	6938	31	30	7224	31	918	1073	8
119.0	6958	13	14	7225	12	1107	1362	6
119.0	6924	22	19	7226	24	1108	1634	11
119.0	6875	12	13	7227	11	1119	1173	10
119.0	6944	19	17	7228	21	843	956	6
119.0	6934	12	9	7229	15	1022	1109	10
119.0	6894	12	7	7230	16	1119	676	9
119.0	6923	21	22	7231	17	849	847	8
119.0	6878	19	19	7232	17	1065	896	7
119.0	6989	22	20	7233	23	1141	974	6
119.0	7033	28	24	7234	31	912	929	8
120.0	6913	24	26	7235	21	1184	1568	9
120.0	6960	30	36	7236	23	1109	685	8
120.0	6883	11	14	7237	8	610	786	8
120.0	6849	15	16	7238	14	1024	1014	10
120.0	6878	19	19	7239	18	1065	896	8
120.0	6866	16	15	7240	16	738	1242	9
120.0	6919	17	15	7241	19	1084	1440	8
120.0	6850	18	14	7242	22	1058	879	9
120.0	6944	17	19	7243	15	843	956	7
120.0	6914	19	18	7244	18	968	995	11
120.0	6852	24	26	7245	22	912	1509	9
120.0	6979	24	29	7246	18	1336	1359	9
121.0	6886	25	24	7247	24	954	764	10
121.0	6926	21	19	7248	23	640	1195	11
121.0	7018	1	1	7249	1	1016	1079	11
121.0	7041	36	33	7250	38	915	1213	12
121.0	6845	14	16	7251	12	1024	929	7
121.0	6966	5	2	7252	7	1148	1164	7
121.0	6959	11	13	7253	8	813	861	7
121.0	6947	15	16	7254	13	1207	981	12
121.0	6942	3	5	7255	1	1083	1086	12
121.0	6904	15	16	7256	14	1065	777	7
121.0	7094	23	15	7257	29	758	887	9
121.0	6988	22	25	7258	17	1264	1261	12
121.0	6882	10	12	7259	5	1159	1532	9
121.0	6867	5	5	7260	4	1113	1207	9
121.0	6883	14	16	7261	12	610	786	9
121.0	6860	30	36	7262	23	1276	1240	14
121.0	6846	17	14	7263	19	823	946	9
121.0	6957	13	12	7264	13	888	850	9
121.0	7028	8	7	7265	9	1139	1091	9
122.0	6908	13	10	7266	15	650	832	8
122.0	6951	26	28	7267	24	1047	1373	9
122.0	7035	13	12	7268	14	1022	1258	10
122.0	7012	18	18	7269	16	859	1138	9
122.0	6853	8	8	7270	7	723	830	9
122.0	6988	25	27	7271	22	1264	1282	13
122.0	6945	18	19	7272	16	1086	850	8
122.0	6888	24	13	7273	35	827	878	5
122.0	6983	19	22	7274	13	1007	985	9
122.0	6977	29	28	7275	27	1133	635	8
122.0	7010	17	18	7276	16	1232	705	6
122.0	6998	9	10	7277	6	918	611	7
122.0	7142	32	32	7278	30	940	744	11
122.0	6890	14	10	7279	16	860	1047	11
122.0	6867	5	3	7280	7	1113	1207	10
122.0	6898	12	8	7281	14	994	954	9
122.0	6936	17	13	7282	18	913	1088	9
122.0	6985	13	12	7283	14	699	844	8
122.0	6964	17	18	7284	16	830	993	10
122.0	7043	27	19	7285	34	938	883	10
122.0	6971	12	12	7286	11	1149	1276	7
122.0	6972	10	8	7287	12	987	1330	9
122.0	6895	22	18	7288	25	985	1152	13
122.0	6955	17	10	7289	20	861	1079	10
122.0	6962	11	7	7290	14	789	888	10
122.0	6920	9	8	7291	9	1049	1270	6
122.0	6942	5	4	7292	6	1083	1086	13
122.0	6857	10	12	7293	8	863	1012	11
122.0	7041	33	39	7294	26	915	1213	13
122.0	7125	14	14	7295	14	1084	967	8
123.0	6931	26	31	7296	21	953	929	10
123.0	6992	15	15	7297	15	1234	1342	7
123.0	7041	39	33	7298	40	915	1213	14
123.0	6947	16	19	7299	13	1207	981	13
123.0	6877	18	20	7300	16	937	1503	13
123.0	6950	15	17	7301	13	1173	915	5
123.0	6901	26	29	7302	23	925	942	8
123.0	7010	18	18	7303	17	1232	705	7
123.0	6933	4	2	7304	6	1045	1190	11
123.0	6942	4	5	7305	3	1083	1086	14
123.0	6989	20	19	7306	21	1158	991	7
123.0	7202	13	17	7307	7	1024	889	7
123.0	6895	18	18	7308	15	985	1152	14
123.0	6857	12	12	7309	12	863	1012	12
123.0	7162	17	16	7310	17	962	1190	12
123.0	6936	13	14	7311	12	913	1088	10
123.0	7030	49	49	7312	47	917	790	12
123.0	7055	8	8	7313	8	1043	995	9
124.0	6988	27	24	7314	29	1264	1282	14
124.0	7223	22	21	7315	21	1004	1418	10
124.0	6979	29	26	7316	28	1336	1359	10
124.0	6901	29	28	7317	29	925	942	9
124.0	6891	11	8	7318	12	912	955	9
124.0	6954	11	10	7319	12	1026	1177	7
124.0	6928	18	22	7320	14	1078	998	9
124.0	6855	12	8	7321	15	940	818	8
124.0	7004	7	5	7322	8	1141	1035	12
124.0	7001	13	11	7323	14	1005	925	6
124.0	7052	19	12	7324	25	874	1367	11
124.0	6981	23	22	7325	21	910	1145	11
124.0	7057	17	15	7326	19	874	1378	12
124.0	6965	22	24	7327	20	968	1483	13
125.0	7011	16	21	7328	11	1138	862	7
125.0	7026	24	32	7329	15	1211	876	9
125.0	7004	5	5	7330	5	1141	1035	13
125.0	6949	9	10	7331	7	856	1170	11
125.0	7053	29	23	7332	32	1205	1234	9
125.0	6890	10	9	7333	10	860	1047	12
125.0	6935	11	7	7334	14	979	826	9
125.0	6916	17	19	7335	15	1143	1649	9
125.0	6929	26	25	7336	23	955	1397	6
125.0	7034	9	5	7337	13	814	1073	10
125.0	6940	15	14	7338	15	1108	1784	14
125.0	7158	8	12	7339	4	1024	1033	10
125.0	6856	9	7	7340	10	894	1193	11
125.0	6871	9	6	7341	12	1102	1048	11
125.0	7002	13	13	7342	13	1042	949	7
125.0	6961	12	13	7343	10	1096	1594	8
125.0	6899	18	24	7344	10	894	1241	11
125.0	6994	16	12	7345	19	994	969	5
125.0	6880	12	13	7346	11	1024	1301	10
125.0	6892	13	12	7347	13	903	811	9
125.0	6869	8	9	7348	7	1149	1114	10
126.0	6887	26	28	7349	24	774	1112	12
126.0	6994	12	14	7350	10	994	969	6
126.0	6874	28	32	7351	23	1229	1392	9
126.0	7081	16	18	7352	14	985	1226	10
126.0	6949	10	7	7353	13	856	1170	12
126.0	6847	37	29	7354	43	1075	1798	12
126.0	7121	16	10	7355	22	1241	999	8
126.0	6903	11	8	7356	14	1123	1298	8
126.0	6984	29	25	7357	30	827	1116	9
126.0	6932	8	3	7358	12	1131	1134	10
126.0	6922	7	6	7359	8	771	955	8
126.0	6979	26	26	7360	25	1336	1359	11
126.0	6873	12	10	7361	13	869	1114	10
126.0	6938	30	40	7362	20	934	1089	9
126.0	7104	32	35	7363	29	424	840	10
126.0	6927	22	24	7364	20	1315	1230	13
126.0	7168	15	15	7365	14	1198	1533	9
126.0	6880	13	13	7366	12	1024	1301	11
126.0	7033	24	24	7367	22	900	917	9
126.0	6999	10	7	7368	13	1120	1048	10
126.0	6935	7	7	7369	7	979	826	10
126.0	7000	13	15	7370	11	1071	1297	9
126.0	7058	20	16	7371	23	958	1142	10
126.0	6978	16	15	7372	16	432	857	7
126.0	6892	12	13	7373	11	903	811	10
126.0	6867	3	3	7374	3	1152	1232	11
126.0	7135	18	13	7375	22	963	857	10
126.0	7213	9	8	7376	10	1177	965	15
126.0	6981	22	27	7377	17	910	1145	12
127.0	6887	28	24	7378	32	774	1112	13
127.0	6892	13	17	7379	9	903	811	11
127.0	6915	12	12	7380	11	988	925	5
127.0	7067	24	19	7381	28	881	1253	10
127.0	7040	8	6	7382	10	1165	1134	9
127.0	6885	31	32	7383	30	1049	1481	7
127.0	7076	21	17	7384	25	1259	900	6
127.0	6863	15	20	7385	10	760	462	8
127.0	6934	9	8	7386	8	1022	1129	11
127.0	6896	5	4	7387	6	1107	1091	10
127.0	6857	12	14	7388	9	863	1012	13
127.0	7008	12	11	7389	13	731	899	7
127.0	6881	11	11	7390	10	756	924	9
127.0	6925	16	23	7391	9	1047	1305	6
127.0	6924	19	17	7392	20	1108	1634	12
127.0	7051	14	16	7393	11	962	813	9
127.0	6973	24	22	7394	26	1208	682	5
128.0	6845	16	15	7395	15	1024	929	8
128.0	7265	9	9	7396	9	1153	1076	10
128.0	7184	21	19	7397	22	784	890	9
128.0	7073	42	34	7398	47	918	1035	10
128.0	6937	17	15	7399	17	1093	1157	7
128.0	6976	14	14	7400	13	1229	1591	7
128.0	6944	19	17	7401	20	883	956	8
128.0	6952	36	37	7402	34	692	1046	10
128.0	6889	16	16	7403	16	977	1096	6
128.0	7007	28	27	7404	27	984	995	9
128.0	7030	49	44	7405	52	917	790	13
128.0	6997	19	21	7406	17	978	1454	6
128.0	7127	36	29	7407	40	1135	1452	14
128.0	7095	13	10	7408	16	706	1003	7
128.0	7020	28	33	7409	21	1093	772	10
128.0	6854	10	10	7410	10	1126	1076	14
128.0	6868	19	19	7411	18	872	1096	12
128.0	7212	16	9	7412	22	1169	1050	14
128.0	6869	9	7	7413	11	1149	1114	11
128.0	6985	12	14	7414	10	684	829	9
128.0	7043	19	17	7415	19	938	883	11
128.0	6958	14	11	7416	16	1075	1396	7
128.0	7200	27	19	7417	34	1001	1136	13
128.0	6949	7	9	7418	5	856	1193	13
128.0	6861	20	25	7419	14	978	860	10
128.0	6909	29	32	7420	25	929	1114	4
129.0	6970	22	22	7421	22	1158	1272	11
129.0	7047	21	22	7422	18	816	889	5
129.0	6884	13	6	7423	19	1388	1285	9
129.0	6902	7	8	7424	6	1213	1063	12
129.0	7223	21	17	7425	24	1020	1434	11
129.0	6862	39	39	7426	38	905	984	16
129.0	7024	16	9	7427	22	700	893	4
129.0	7019	23	19	7428	26	874	813	8
129.0	7016	13	11	7429	14	900	943	8
129.0	7265	9	10	7430	8	1183	1063	11
129.0	6990	28	20	7431	35	1688	1217	8
129.0	6868	19	20	7432	18	872	1096	13
129.0	6921	26	30	7433	22	1050	1116	10
129.0	6969	14	20	7434	8	1110	1188	10
129.0	6905	16	19	7435	13	990	1039	12
129.0	7065	18	22	7436	13	934	1070	9
129.0	6978	15	15	7437	15	340	833	8
129.0	6924	17	11	7438	22	1118	1687	13
129.0	7060	22	19	7439	24	1013	1154	10
129.0	6866	15	12	7440	18	693	1216	10
129.0	6934	8	7	7441	9	1040	1129	12
129.0	6900	19	21	7442	14	821	1199	10
129.0	6865	10	8	7443	12	1172	1308	9
129.0	6989	19	23	7444	13	1158	991	8
129.0	6898	8	6	7445	9	1024	940	10
130.0	7026	32	27	7446	36	1208	787	10
130.0	6983	22	16	7447	26	1018	996	10
130.0	7078	21	29	7448	12	881	1047	11
130.0	7156	19	19	7449	18	1074	1506	7
130.0	7110	22	18	7450	24	981	957	7
130.0	7022	21	17	7451	25	1024	1052	8
130.0	6958	11	14	7452	8	1075	1396	8
130.0	6941	25	25	7453	21	971	768	9
130.0	7160	13	13	7454	13	1063	970	7
130.0	7028	7	5	7455	8	1168	1078	10
130.0	7443	12	10	7456	14	1159	1320	10
130.0	7015	15	17	7457	13	1153	947	11
130.0	7084	9	11	7458	7	798	1088	9
130.0	6911	10	10	7459	10	805	913	7
130.0	7044	18	25	7460	10	875	693	8
130.0	6971	12	14	7461	10	1175	1333	8
130.0	7117	24	25	7462	23	1210	1347	8
130.0	6935	7	7	7463	7	979	826	11
130.0	6974	13	15	7464	11	1046	979	6
130.0	6953	20	22	7465	18	1082	1259	8
130.0	6969	20	19	7466	21	1110	1188	11
130.0	7074	19	16	7467	21	984	1115	4
130.0	7170	15	19	7468	10	726	983	8
130.0	6872	26	32	7469	20	1299	917	6
131.0	6996	10	11	7470	9	1191	1088	8
131.0	7298	40	43	7471	36	889	1238	15
131.0	7011	21	21	7472	19	1138	862	8
131.0	7015	17	18	7473	16	1153	947	12
131.0	6992	15	18	7474	11	1234	1342	8
131.0	6965	24	27	7475	20	968	1483	14
131.0	6952	37	38	7476	35	692	1046	11
131.0	6945	19	21	7477	17	1086	850	9
131.0	7129	10	12	7478	8	788	916	9
131.0	7101	12	15	7479	9	666	783	8
131.0	6848	25	24	7480	25	1082	1135	8
131.0	6897	6	6	7481	6	1306	1094	13
131.0	6987	16	15	7482	16	973	1237	9
131.0	7175	14	15	7483	13	1118	817	7
131.0	6966	2	3	7484	1	1200	1164	8
131.0	6938	40	41	7485	37	934	1089	10
131.0	7069	6	5	7486	7	733	810	9
131.0	7074	16	17	7487	13	984	1115	5
131.0	7116	13	10	7488	15	1004	1378	12
131.0	6991	19	20	7489	17	794	965	7
131.0	7143	21	17	7490	23	1026	985	9
131.0	7022	17	20	7491	14	1024	1052	9
131.0	7003	16	12	7492	20	1109	1386	8
131.0	7090	2	3	7493	1	1062	1068	12
131.0	7113	23	21	7494	23	625	1593	8
132.0	7013	23	19	7495	24	1082	631	8
132.0	6955	10	12	7496	8	861	1079	11
132.0	6873	10	14	7497	6	869	1114	11
132.0	6903	8	7	7498	8	1123	1298	9
132.0	7283	14	8	7499	20	604	892	9
132.0	7077	11	10	7500	12	725	675	6
132.0	7189	17	19	7501	15	1001	1172	12
132.0	7009	24	30	7502	17	703	1449	7
132.0	7115	7	9	7503	5	1016	811	6
132.0	7094	15	15	7504	15	714	843	10
132.0	7021	11	12	7505	10	784	1051	10
132.0	6859	8	9	7506	5	1131	916	9
132.0	7095	10	9	7507	11	706	1003	8
132.0	6994	14	23	7508	5	1008	955	7
132.0	7175	15	15	7509	14	1118	817	8
132.0	6939	14	14	7510	12	901	1335	10
132.0	7039	7	6	7511	8	1135	1188	11
132.0	6856	7	8	7512	6	894	1193	12
132.0	6851	20	25	7513	14	745	1066	11
132.0	7107	4	3	7514	5	1278	1070	12
132.0	7237	8	5	7515	11	622	786	9
132.0	6886	24	24	7516	21	954	745	11
132.0	7224	31	24	7517	36	903	1073	9
133.0	7145	12	8	7518	15	719	1056	11
133.0	7157	13	14	7519	11	848	863	7
133.0	7067	19	20	7520	15	779	1282	11
133.0	6879	22	24	7521	20	863	933	10
133.0	7105	26	30	7522	19	968	896	10
133.0	7037	13	15	7523	10	882	1144	11
133.0	6859	9	12	7524	5	1131	916	10
133.0	6875	13	12	7525	14	1171	1173	11
133.0	6920	8	9	7526	7	1049	1270	7
133.0	6967	16	17	7527	15	967	1059	8
133.0	7034	5	5	7528	5	817	1073	11
133.0	7389	13	16	7529	8	716	884	8
133.0	7068	12	15	7530	8	944	955	9
133.0	7299	13	15	7531	11	1207	949	14
133.0	7230	16	18	7532	14	1128	685	10
133.0	7042	16	18	7533	14	996	1199	9
133.0	6995	20	23	7534	17	815	1010	10
133.0	7010	18	22	7535	13	1284	694	8
133.0	6851	25	29	7536	21	745	1066	12
133.0	6873	14	13	7537	14	869	1114	12
133.0	7122	12	12	7538	11	1012	749	8
133.0	7254	13	13	7539	13	1237	973	13
133.0	6956	10	9	7540	10	920	839	9
134.0	7182	19	21	7541	17	849	1147	10
134.0	7050	24	27	7542	20	551	305	6
134.0	7192	30	30	7543	30	1023	780	9
134.0	6866	12	15	7544	8	693	1216	11
134.0	7187	12	14	7545	10	1177	1101	10
134.0	7049	21	21	7546	19	751	1276	9
134.0	6895	18	22	7547	12	985	1152	15
134.0	6975	26	25	7548	26	904	1489	10
134.0	7147	27	29	7549	25	1152	1398	9
134.0	7231	17	21	7550	13	846	844	9
134.0	6881	11	12	7551	9	756	924	10
134.0	7168	15	13	7552	17	1198	1533	10
134.0	7260	4	4	7553	4	1132	1241	10
134.0	7004	5	5	7554	5	1141	1035	14
134.0	7061	15	14	7555	13	1127	789	6
134.0	6999	7	6	7556	7	1120	1048	11
134.0	7058	16	15	7557	15	958	1142	11
134.0	7098	11	12	7558	9	1382	1344	9
134.0	7019	19	13	7559	24	874	813	9
134.0	7149	42	38	7560	41	918	997	12
134.0	7018	1	2	7561	0	1016	1079	12
134.0	6899	24	28	7562	18	876	1259	12
134.0	6851	29	30	7563	27	745	1066	13
134.0	7133	30	31	7564	26	942	863	9
134.0	7119	19	21	7565	17	965	938	8
134.0	7157	14	13	7566	15	848	863	8
134.0	7108	24	23	7567	24	758	1301	9
134.0	7154	9	8	7568	10	784	1004	12
134.0	6858	14	18	7569	10	1022	1235	10
134.0	7023	25	19	7570	30	1018	1405	10
134.0	7064	11	9	7571	13	1142	1856	12
134.0	6961	13	9	7572	17	1096	1594	9
135.0	7104	35	32	7573	38	424	840	11
135.0	7443	10	13	7574	7	1159	1320	11
135.0	6973	22	21	7575	22	1208	682	6
135.0	6981	27	27	7576	27	910	1145	13
135.0	7016	11	10	7577	12	900	943	9
135.0	7031	3	2	7578	4	1190	1045	11
135.0	7149	38	35	7579	40	918	997	13
135.0	7231	21	15	7580	25	846	844	10
135.0	6893	18	15	7581	20	991	948	8
135.0	6950	17	16	7582	18	1173	915	6
135.0	6845	15	14	7583	15	1038	915	9
135.0	6932	3	4	7584	2	1119	1146	11
135.0	6948	19	23	7585	12	908	861	8
135.0	7038	23	24	7586	20	953	1315	9
135.0	6914	18	18	7587	17	949	995	12
135.0	7057	15	12	7588	18	874	1378	13
135.0	7190	20	21	7589	19	1071	865	9
135.0	6937	15	17	7590	13	1105	1169	8
135.0	7025	17	13	7591	19	835	904	6
135.0	6880	13	10	7592	16	1024	1301	12
135.0	7058	15	14	7593	14	958	1142	12
135.0	6985	14	15	7594	13	669	814	10
135.0	7019	13	16	7595	10	874	813	10
135.0	7020	33	37	7596	27	1093	772	11
135.0	6901	28	23	7597	28	925	942	10
135.0	6972	8	11	7598	5	974	1343	10
135.0	7070	5	4	7599	5	1192	1354	9
135.0	7091	7	4	7600	9	1193	1132	9
135.0	7112	39	35	7601	43	806	1128	10
136.0	6984	25	22	7602	28	811	1168	10
136.0	6973	21	24	7603	18	1208	682	7
136.0	7272	16	14	7604	18	1115	820	9
136.0	7285	34	29	7605	38	963	883	11
136.0	7041	33	29	7606	33	874	1231	15
136.0	7057	12	14	7607	9	858	1394	14
136.0	7200	19	19	7608	19	1012	1125	14
136.0	6943	12	12	7609	11	761	1034	12
136.0	7019	16	19	7610	13	874	813	11
136.0	7112	35	40	7611	29	806	1128	11
136.0	7003	12	13	7612	11	1109	1386	9
136.0	6939	14	8	7613	19	917	1319	11
136.0	6846	14	18	7614	10	810	959	10
136.0	7110	18	14	7615	21	981	957	8
136.0	7063	14	14	7616	14	1337	1242	10
136.0	6924	11	15	7617	6	1118	1687	14
136.0	6894	7	6	7618	8	1184	695	10
136.0	7056	3	3	7619	2	1058	1225	10
136.0	6938	41	38	7620	44	934	1089	11
136.0	7182	21	20	7621	21	849	1147	11
136.0	6888	13	12	7622	14	814	865	6
136.0	7213	8	7	7623	8	1177	965	16
136.0	6979	26	29	7624	23	1336	1359	12
136.0	7389	16	14	7625	17	716	884	9
136.0	7224	24	22	7626	24	923	1073	10
137.0	7095	9	14	7627	4	706	1003	9
137.0	7272	14	17	7628	10	1115	820	10
137.0	6914	18	13	7629	22	937	1007	13
137.0	7283	8	6	7630	9	604	892	10
137.0	6872	32	27	7631	37	1299	917	7
137.0	7249	1	2	7632	0	1031	1099	12
137.0	6960	36	34	7633	37	816	30	9
137.0	7071	13	15	7634	10	912	1551	9
137.0	7016	10	6	7635	14	883	943	10
137.0	6938	38	35	7636	39	934	1089	12
137.0	7538	11	5	7637	17	998	718	9
137.0	7014	14	15	7638	13	749	1226	10
137.0	6848	24	21	7639	27	1113	1120	9
137.0	7006	16	19	7640	13	1161	965	15
137.0	6967	17	21	7641	12	973	1045	9
137.0	6963	13	10	7642	16	1296	945	8
137.0	7141	32	27	7643	35	1154	1477	9
137.0	7161	16	13	7644	18	932	697	7
137.0	7207	30	30	7645	29	953	768	9
137.0	7085	16	19	7646	12	917	1284	10
137.0	7215	32	27	7647	33	984	1206	12
137.0	6942	5	4	7648	4	1083	1086	15
137.0	6917	20	22	7649	16	914	732	7
137.0	6887	24	21	7650	26	774	1144	14
137.0	7261	12	11	7651	13	579	861	10
137.0	7344	10	7	7652	13	888	1288	12
137.0	6877	20	17	7653	20	952	1624	14
137.0	7046	25	26	7654	24	1020	1338	10
137.0	7205	17	21	7655	11	921	894	10
137.0	7240	16	17	7656	14	832	1305	10
137.0	7286	11	9	7657	12	1245	1284	8
137.0	7099	28	28	7658	25	667	1305	11
137.0	7112	40	35	7659	41	806	1128	12
137.0	6874	32	34	7660	28	1229	1392	10
137.0	6853	8	11	7661	4	693	800	10
137.0	6997	21	18	7662	24	965	1467	7
137.0	6900	21	24	7663	17	821	1239	11
137.0	7238	14	18	7664	8	1043	1014	11
138.0	6886	24	25	7665	23	1000	699	12
138.0	7283	6	6	7666	5	568	889	11
138.0	7000	15	20	7667	10	1089	1297	10
138.0	7167	16	15	7668	16	741	1208	11
138.0	7132	14	12	7669	16	1093	1798	14
138.0	7109	30	36	7670	22	888	1305	11
138.0	7002	13	13	7671	13	1070	935	8
138.0	7032	8	10	7672	6	1251	1189	8
138.0	6860	36	45	7673	24	1276	1240	15
138.0	6946	20	18	7674	22	930	1176	11
138.0	7209	24	24	7675	23	976	1277	9
138.0	6884	6	6	7676	6	1388	1285	10
138.0	7066	19	20	7677	17	917	1163	11
138.0	7113	21	22	7678	20	593	1639	9
138.0	7548	26	18	7679	32	914	1499	11
138.0	6864	14	21	7680	6	731	978	10
138.0	6853	11	8	7681	14	693	800	11
138.0	7362	20	22	7682	18	964	1089	10
138.0	7047	22	18	7683	22	790	863	6
138.0	7159	21	13	7684	28	880	894	8
138.0	7303	17	14	7685	20	1249	705	8
138.0	7010	22	20	7686	24	1284	694	9
138.0	7184	19	20	7687	18	756	862	10
138.0	7112	35	24	7688	42	806	1128	13
138.0	7444	13	11	7689	13	1175	991	9
138.0	7277	6	4	7690	8	893	609	8
138.0	6867	3	2	7691	4	1152	1232	12
138.0	7298	43	40	7692	43	843	1238	16
138.0	6913	26	26	7693	24	1184	1568	10
138.0	7053	23	21	7694	25	1205	1234	10
138.0	6938	35	36	7695	30	934	1089	13
138.0	7125	14	15	7696	13	1097	954	9
138.0	6877	17	17	7697	17	952	1624	15
138.0	6918	26	23	7698	27	1075	1355	8
138.0	7181	18	16	7699	17	1006	797	9
138.0	7006	19	19	7700	18	1161	965	16
138.0	7180	17	20	7701	13	829	912	10
138.0	6872	27	26	7702	28	1299	917	8
139.0	6958	14	13	7703	14	1091	1412	9
139.0	7316	28	24	7704	31	1336	1389	11
139.0	7002	13	16	7705	10	1070	935	9
139.0	6926	19	20	7706	17	586	1177	12
139.0	7252	7	7	7707	7	1257	1224	8
139.0	7150	25	25	7708	23	827	1632	11
139.0	7084	11	9	7709	13	757	1088	10
139.0	6957	12	10	7710	13	888	850	10
139.0	7099	28	28	7711	27	601	1346	12
139.0	6941	25	25	7712	23	986	753	10
139.0	6855	8	6	7713	9	940	818	9
139.0	6882	12	13	7714	11	1159	1532	10
139.0	7170	19	20	7715	18	687	983	9
139.0	7124	34	34	7716	32	1139	1369	9
139.0	7223	17	16	7717	17	1020	1434	12
139.0	7412	22	17	7718	25	1233	1015	15
139.0	6968	12	15	7719	9	863	861	10
139.0	6897	6	6	7720	6	1306	1094	14
139.0	6918	23	19	7721	26	1075	1355	9
139.0	7391	9	10	7722	8	1120	1337	7
139.0	6853	8	9	7723	7	693	800	12
139.0	6860	45	42	7724	47	1276	1240	16
139.0	7088	20	16	7725	23	1027	669	8
139.0	7176	18	12	7726	23	740	1094	12
139.0	6955	12	15	7727	9	861	1079	12
139.0	7118	18	14	7728	20	1053	1303	10
139.0	6856	8	11	7729	5	894	1193	13
139.0	7127	29	28	7730	29	1135	1471	15
139.0	6984	22	25	7731	18	797	1182	11
139.0	7047	18	21	7732	15	790	863	7
139.0	6863	20	19	7733	21	760	462	9
139.0	7017	22	18	7734	25	1636	1670	9
139.0	7100	9	13	7735	5	1028	745	8
139.0	7023	19	20	7736	18	1044	1526	11
139.0	7362	22	20	7737	23	964	1089	11
139.0	6988	24	23	7738	23	1264	1303	15
139.0	6854	10	12	7739	8	1126	1076	15
139.0	7212	9	11	7740	6	1169	1031	15
139.0	6945	21	18	7741	22	1143	837	10
140.0	7194	12	12	7742	12	1100	1236	11
140.0	6863	19	21	7743	16	760	462	10
140.0	7365	14	14	7744	14	1229	1495	10
140.0	7129	12	14	7745	9	788	896	10
140.0	6883	16	17	7746	15	509	632	10
140.0	6941	25	24	7747	25	986	753	11
140.0	7076	17	20	7748	14	1275	884	7
140.0	7050	27	28	7749	24	551	305	7
140.0	7131	13	15	7750	10	674	924	9
140.0	7162	16	16	7751	15	962	1196	13
140.0	7117	25	23	7752	26	1294	1373	9
140.0	7143	17	17	7753	16	1026	985	10
140.0	6902	8	11	7754	5	1213	1063	13
140.0	7384	25	20	7755	29	1275	916	7
140.0	7112	24	20	7756	27	806	1128	14
140.0	6969	19	17	7757	21	1110	1206	12
140.0	6904	16	17	7758	14	1051	763	8
140.0	7299	15	19	7759	11	1237	919	15
140.0	6861	25	22	7760	27	978	860	11
140.0	7023	20	21	7761	18	1051	1597	12
140.0	7216	56	46	7762	54	867	984	16
140.0	7168	13	16	7763	10	1198	1533	11
140.0	7122	12	10	7764	13	1013	720	9
140.0	7007	27	26	7765	28	965	995	10
140.0	7118	14	14	7766	14	1053	1303	11
140.0	6985	15	17	7767	12	669	814	11
140.0	6923	22	18	7768	25	836	755	9
140.0	7152	17	14	7769	19	1128	666	9
141.0	7275	27	27	7770	26	998	574	9
141.0	6995	23	25	7771	20	799	994	11
141.0	7290	14	16	7772	10	753	807	11
141.0	7152	14	12	7773	15	1128	666	10
141.0	7219	14	13	7774	13	1167	947	11
141.0	7173	7	9	7775	4	1228	1029	12
141.0	6902	11	11	7776	11	1213	1063	14
141.0	7116	10	9	7777	9	1004	1378	13
141.0	6890	9	7	7778	11	805	1050	13
141.0	7028	5	4	7779	6	1185	1078	11
141.0	7284	16	17	7780	13	784	980	11
141.0	7035	12	10	7781	14	1022	1258	11
141.0	7105	30	28	7782	28	968	896	11
141.0	7098	12	10	7783	12	1382	1344	10
141.0	7584	2	3	7784	1	1127	1154	12
141.0	7183	20	22	7785	17	906	813	9
141.0	7002	16	14	7786	18	1070	935	10
141.0	7027	14	11	7787	17	1186	1521	9
141.0	7161	13	15	7788	11	932	697	8
141.0	7073	34	30	7789	37	918	1039	11
141.0	7142	32	37	7790	25	1004	679	12
141.0	6891	8	9	7791	7	912	955	10
141.0	7026	27	21	7792	33	1130	734	11
141.0	7042	18	24	7793	12	996	1199	10
141.0	7120	5	5	7794	4	1254	1130	12
141.0	7107	3	4	7795	2	1324	1039	13
141.0	7072	15	13	7796	16	785	1031	11
142.0	6890	7	7	7797	6	805	1050	14
142.0	6925	23	23	7798	21	1089	1347	7
142.0	7410	10	9	7799	10	1160	1076	15
142.0	7351	23	18	7800	28	1399	1691	10
142.0	7034	5	2	7801	7	817	1089	12
142.0	6892	17	15	7802	18	919	777	12
142.0	6991	20	22	7803	17	774	965	8
142.0	7294	26	28	7804	24	922	1223	14
142.0	6927	24	26	7805	22	1364	1271	14
142.0	7101	15	11	7806	16	666	783	9
142.0	7002	14	17	7807	11	1070	935	11
142.0	7174	39	36	7808	39	918	971	14
142.0	7023	21	21	7809	20	1051	1597	13
142.0	7250	38	43	7810	33	902	1235	13
142.0	7419	14	17	7811	11	1008	871	11
142.0	6972	11	16	7812	6	974	1343	11
142.0	7460	10	10	7813	10	899	696	9
142.0	7078	29	28	7814	30	868	1034	12
142.0	6858	18	17	7815	19	1001	1258	11
142.0	7085	19	22	7816	16	917	1305	11
142.0	6845	14	11	7817	17	1038	915	10
142.0	7265	10	9	7818	11	1261	1109	12
142.0	7147	29	30	7819	27	1152	1398	10
142.0	6920	9	7	7820	10	1049	1270	8
142.0	7275	27	31	7821	23	998	574	10
142.0	6948	23	18	7822	28	908	861	9
142.0	7001	11	12	7823	10	985	906	7
142.0	7152	12	12	7824	11	1128	666	11
142.0	7075	19	18	7825	19	1242	1384	8
142.0	7378	32	30	7826	33	714	1160	14
142.0	7081	18	19	7827	15	923	1242	11
142.0	6873	13	10	7828	15	869	1114	13
142.0	7384	20	20	7829	19	1275	916	8
142.0	7029	22	21	7830	22	1110	1154	8
142.0	7222	28	25	7831	27	1649	1316	8
142.0	7237	5	2	7832	7	622	786	10
142.0	7055	8	8	7833	7	1058	995	10
142.0	7096	10	9	7834	11	1077	1299	10
142.0	7316	24	17	7835	30	1343	1526	12
142.0	7258	17	16	7836	17	1249	1261	13
142.0	7254	13	13	7837	13	1237	973	14
143.0	7185	6	6	7838	6	1142	1281	8
143.0	7135	13	15	7839	10	949	843	11
143.0	7269	16	17	7840	15	797	1205	10
143.0	6869	7	6	7841	8	1170	1139	12
143.0	7103	18	21	7842	14	707	864	10
143.0	7074	17	20	7843	14	984	1115	6
143.0	7312	47	56	7844	37	813	569	13
143.0	6845	11	10	7845	11	1038	915	11
143.0	7078	28	19	7846	37	868	1034	13
143.0	7089	12	12	7847	12	625	826	7
143.0	7059	18	20	7848	15	847	963	11
143.0	7692	43	40	7849	44	862	1238	17
143.0	6911	10	8	7850	12	792	859	8
143.0	7076	20	19	7851	21	1275	884	8
143.0	7147	30	28	7852	31	1152	1398	11
143.0	7313	8	12	7853	4	1069	1008	10
143.0	6890	7	8	7854	5	805	1050	15
143.0	6865	8	9	7855	7	1172	1308	10
143.0	7029	21	17	7856	24	1111	1153	9
143.0	7169	11	9	7857	13	1104	1264	9
143.0	7046	26	27	7858	25	1020	1338	11
143.0	7028	4	4	7859	3	1185	1078	12
143.0	7088	16	12	7860	20	1027	669	9
143.0	7163	23	28	7861	17	853	1310	10
143.0	7412	17	16	7862	17	1233	1032	16
143.0	7378	30	24	7863	33	714	1160	15
143.0	7346	11	8	7864	14	997	1327	11
143.0	7094	15	12	7865	18	693	843	11
143.0	6941	24	23	7866	24	986	753	12
143.0	7128	18	19	7867	17	870	866	9
143.0	6991	22	24	7868	20	774	965	9
143.0	7365	14	15	7869	12	1229	1495	11
143.0	7222	25	17	7870	30	1649	1316	9
143.0	7114	16	17	7871	14	659	957	8
143.0	6860	42	43	7872	41	1276	1240	17
143.0	7053	21	16	7873	26	1205	1234	11
144.0	6971	14	14	7874	12	1199	1293	9
144.0	6870	22	21	7875	22	821	1557	8
144.0	7080	25	24	7876	23	1204	1327	13
144.0	7147	28	27	7877	29	1152	1398	12
144.0	7384	20	21	7878	19	1275	916	9
144.0	7359	8	8	7879	7	681	967	9
144.0	7352	14	16	7880	11	957	1226	11
144.0	6861	22	24	7881	20	978	860	12
144.0	7030	44	43	7882	45	936	725	14
144.0	7137	13	11	7883	13	714	1223	11
144.0	6852	26	25	7884	26	937	1534	10
144.0	7142	37	32	7885	38	1004	679	13
144.0	7209	24	28	7886	19	962	1291	10
144.0	7063	14	15	7887	12	1352	1257	11
144.0	6876	17	17	7888	16	1153	1186	8
144.0	6962	7	3	7889	11	764	818	11
144.0	6949	9	8	7890	10	856	1193	14
144.0	7135	15	13	7891	16	936	830	12
144.0	7098	10	7	7892	13	1382	1344	11
144.0	7230	18	14	7893	21	1128	685	11
144.0	6976	14	10	7894	16	1267	1625	8
144.0	7049	21	25	7895	16	702	1386	10
144.0	6886	25	23	7896	25	1000	699	13
144.0	6966	3	2	7897	4	1200	1164	9
144.0	7571	13	5	7898	20	1160	1829	13
144.0	6973	24	21	7899	25	1208	682	8
144.0	6993	17	19	7900	14	813	628	6
144.0	7075	18	13	7901	23	1242	1384	9
144.0	7040	6	6	7902	6	1240	1147	10
144.0	7009	30	34	7903	26	703	1449	8
144.0	7019	19	16	7904	20	874	813	12
144.0	7161	15	9	7905	19	932	651	9
144.0	7078	19	17	7906	20	868	1034	14
144.0	7489	17	14	7907	19	717	965	8
144.0	7276	16	19	7908	12	1347	850	7
144.0	7326	19	21	7909	15	904	1394	13
144.0	6929	25	25	7910	25	955	1397	7
144.0	6879	24	29	7911	19	837	933	11
144.0	7262	23	16	7912	29	1276	1282	15
144.0	6921	30	28	7913	31	1067	1116	11
144.0	7121	10	11	7914	9	1271	969	9
144.0	7386	8	9	7915	6	1065	1176	12
144.0	6951	28	21	7916	34	1031	1389	10
144.0	6941	23	23	7917	22	986	753	13
145.0	7154	8	7	7918	9	760	1028	13
145.0	7327	20	17	7919	23	997	1598	14
145.0	6851	30	33	7920	27	629	1026	14
145.0	6989	23	19	7921	26	1158	991	9
145.0	7139	27	29	7922	25	1009	1399	13
145.0	7096	9	10	7923	8	1077	1299	11
145.0	7280	7	5	7924	9	1177	1219	11
145.0	6973	21	28	7925	14	1208	682	9
145.0	7307	7	8	7926	6	1032	835	8
145.0	6998	10	9	7927	11	792	504	8
145.0	7198	14	12	7928	16	1170	817	8
145.0	6958	13	16	7929	10	1091	1412	10
145.0	7049	25	21	7930	29	702	1386	11
145.0	7108	23	24	7931	20	758	1301	10
145.0	7001	12	12	7932	11	985	906	8
145.0	7101	11	8	7933	13	666	783	10
145.0	7247	24	21	7934	27	963	735	11
145.0	6941	23	22	7935	23	986	753	14
145.0	7144	19	16	7936	21	1297	1307	12
145.0	7064	9	6	7937	12	1181	1857	13
145.0	7253	8	9	7938	7	740	784	8
145.0	6965	27	24	7939	28	968	1483	15
145.0	6984	25	25	7940	24	797	1182	12
145.0	7188	16	15	7941	16	1174	1011	9
145.0	6927	26	27	7942	23	1379	1286	15
145.0	7249	2	3	7943	1	1035	1132	13
145.0	6922	6	5	7944	7	694	955	9
145.0	7350	10	14	7945	6	982	997	7
145.0	6879	29	24	7946	30	837	933	12
145.0	6883	17	17	7947	15	506	462	11
145.0	7015	18	20	7948	16	1173	928	13
145.0	7406	17	14	7949	17	997	1476	7
145.0	6952	38	39	7950	37	652	1046	12
145.0	6947	19	17	7951	20	1235	994	14
145.0	7014	15	14	7952	16	749	1247	11
145.0	6970	22	19	7953	24	1184	1272	12
145.0	7063	15	17	7954	12	1352	1257	12
145.0	6940	14	11	7955	16	1108	1784	15
145.0	6932	4	4	7956	4	1088	1152	12
145.0	7202	17	19	7957	14	1042	849	8
145.0	7514	5	2	7958	8	1288	1099	13
145.0	6916	19	21	7959	16	1143	1649	10
145.0	7004	5	7	7960	2	1141	1035	15
146.0	7069	5	6	7961	4	722	799	10
146.0	7361	13	13	7962	12	859	1137	11
146.0	7403	16	19	7963	13	1008	1096	7
146.0	7189	19	18	7964	18	988	1185	13
146.0	7048	12	10	7965	12	762	943	9
146.0	7045	12	10	7966	13	825	600	6
146.0	7140	28	25	7967	31	543	465	7
146.0	7157	13	16	7968	10	839	802	9
146.0	7087	5	5	7969	5	1299	1214	11
146.0	7566	15	15	7970	13	832	838	9
146.0	6889	16	18	7971	13	992	1096	7
146.0	7634	10	8	7972	11	896	1508	10
146.0	6997	18	16	7973	19	949	1483	8
146.0	7062	17	17	7974	16	535	892	7
146.0	7252	7	2	7975	11	1257	1224	9
146.0	6965	24	21	7976	25	968	1483	16
146.0	7017	18	13	7977	23	1636	1670	10
146.0	7269	17	15	7978	18	797	1205	11
146.0	6989	19	17	7979	19	1158	991	10
146.0	7134	17	16	7980	17	1084	1029	11
146.0	7094	12	11	7981	13	693	843	12
146.0	6947	17	15	7982	18	1252	994	15
146.0	7286	9	8	7983	9	1245	1284	9
146.0	7236	23	24	7984	20	1109	702	9
146.0	7569	10	8	7985	11	939	1251	11
146.0	7024	9	8	7986	10	700	893	5
146.0	7877	29	28	7987	29	1142	1407	13
146.0	6941	22	22	7988	22	986	753	15
146.0	6909	32	35	7989	28	918	1103	5
146.0	7208	22	24	7990	20	1315	1213	13
146.0	7160	13	18	7991	8	1089	940	8
146.0	6919	15	16	7992	14	1084	1440	9
146.0	6866	15	14	7993	15	639	1166	12
146.0	7192	30	33	7994	25	1036	793	10
146.0	7313	12	15	7995	9	1069	1008	11
146.0	7251	12	16	7996	8	1048	865	8
146.0	7282	18	20	7997	16	929	1163	10
146.0	7014	14	14	7998	14	736	1260	12
147.0	7516	21	15	7999	26	916	627	12
147.0	7785	17	15	8000	18	862	765	10
147.0	7231	15	16	8001	12	800	737	11
147.0	6994	23	23	8002	21	1022	955	8
147.0	7370	11	12	8003	9	1144	1350	10
147.0	6901	23	24	8004	22	925	942	11
147.0	7618	8	10	8005	5	1184	681	11
147.0	6979	29	33	8006	22	1302	1408	13
147.0	6882	13	10	8007	15	1156	1683	11
147.0	7242	22	27	8008	17	1079	835	10
147.0	7257	29	32	8009	25	678	828	10
147.0	6888	12	10	8010	11	816	837	7
147.0	6870	21	26	8011	15	821	1557	9
147.0	7301	13	13	8012	12	1168	884	6
147.0	6897	6	6	8013	6	1354	1184	15
147.0	7488	15	15	8014	15	981	1384	13
147.0	7566	15	14	8015	16	832	838	10
147.0	6883	17	19	8016	14	506	462	12
147.0	7444	11	13	8017	6	1209	991	10
147.0	7002	17	15	8018	18	1070	935	12
147.0	7266	15	10	8019	17	455	808	9
147.0	7421	22	25	8020	18	1212	1267	12
147.0	7046	27	21	8021	32	1020	1338	12
147.0	7685	20	22	8022	17	1228	705	9
147.0	7251	16	16	8023	16	1048	865	9
147.0	7160	18	20	8024	15	1104	940	9
147.0	7336	23	17	8025	28	923	1429	7
147.0	6962	3	5	8026	1	764	818	12
147.0	7592	16	16	8027	14	1010	1314	13
147.0	7392	20	17	8028	20	1018	1738	13
147.0	7235	21	22	8029	20	1195	1630	10
147.0	7192	33	30	8030	34	1036	793	11
147.0	6884	6	6	8031	6	1403	1300	11
147.0	7211	2	2	8032	2	1325	1128	13
147.0	7152	12	10	8033	13	1128	666	12
147.0	7351	18	17	8034	18	1416	1707	11
147.0	7229	15	12	8035	17	1081	1107	11
147.0	7100	13	5	8036	21	1028	745	9
147.0	6939	8	6	8037	10	917	1361	12
147.0	7289	20	16	8038	22	828	1081	11
147.0	7067	20	23	8039	17	701	1275	12
147.0	7082	9	9	8040	8	1120	1835	13
147.0	6959	13	11	8041	15	733	740	8
147.0	6935	7	8	8042	6	979	826	12
147.0	7017	13	12	8043	14	1597	1655	11
147.0	7177	15	14	8044	16	1263	1407	8
147.0	7195	6	6	8045	6	1172	899	9
147.0	7580	25	25	8046	25	864	825	11
147.0	7040	6	3	8047	8	1240	1147	11
147.0	7233	23	25	8048	21	1142	974	7
147.0	7455	8	7	8049	9	1199	1062	11
147.0	7407	40	41	8050	36	1135	1516	15
147.0	7286	8	6	8051	8	1245	1284	10
147.0	6885	32	31	8052	31	1075	1563	8
148.0	7211	2	1	8053	3	1325	1128	14
148.0	7362	20	21	8054	17	964	1089	12
148.0	7193	12	15	8055	9	847	890	10
148.0	6850	14	11	8056	16	1105	851	10
148.0	7852	31	31	8057	31	1172	1411	12
148.0	6877	17	21	8058	13	942	1728	16
148.0	7516	15	15	8059	15	916	627	13
148.0	7488	15	16	8060	14	981	1384	14
148.0	7271	22	18	8061	24	1224	1314	14
148.0	7070	4	3	8062	5	1192	1354	10
148.0	7373	11	9	8063	13	867	678	11
148.0	6968	15	13	8064	14	845	861	11
148.0	7453	21	20	8065	22	1012	709	10
148.0	7048	10	9	8066	11	762	943	10
148.0	6909	35	31	8067	38	918	1103	6
148.0	7370	12	14	8068	10	1144	1350	11
148.0	7788	11	11	8069	9	950	674	9
148.0	7366	12	12	8070	12	1056	1342	12
148.0	7067	23	21	8071	23	701	1275	13
148.0	7032	10	10	8072	9	1251	1189	9
148.0	7407	41	42	8073	36	1135	1516	16
148.0	7109	36	33	8074	35	888	1305	12
148.0	7531	11	9	8075	11	1237	915	15
148.0	7643	35	37	8076	32	1166	1485	10
148.0	7145	8	8	8077	7	682	1072	12
148.0	7338	15	15	8078	13	1138	1802	15
148.0	6975	25	23	8079	25	904	1489	11
148.0	6949	8	7	8080	9	843	1223	15
148.0	6924	15	15	8081	15	1116	1744	15
148.0	7186	28	25	8082	29	1064	712	8
148.0	6948	18	15	8083	21	908	861	10
148.0	7381	28	26	8084	29	809	1332	11
148.0	7139	29	32	8085	24	1009	1399	14
148.0	7744	14	12	8086	16	1248	1514	11
148.0	6995	25	25	8087	23	799	994	12
148.0	7192	30	35	8088	24	1036	793	12
148.0	6886	23	22	8089	21	1000	699	14
148.0	7310	17	21	8090	13	946	1190	13
148.0	7066	20	22	8091	18	899	1163	12
148.0	6961	9	11	8092	7	1177	1625	10
148.0	7351	17	14	8093	19	1416	1707	12
148.0	7523	10	6	8094	12	868	1167	12
149.0	7347	13	8	8095	18	892	728	10
149.0	7516	15	12	8096	17	916	627	14
149.0	7176	12	12	8097	12	696	1108	13
149.0	7141	27	25	8098	27	1154	1498	10
149.0	7237	2	1	8099	3	622	786	11
149.0	7464	11	10	8100	12	1085	960	7
149.0	7408	16	12	8101	20	713	1016	8
149.0	7563	27	20	8102	34	207	989	14
149.0	6856	11	16	8103	6	894	1193	14
149.0	7777	9	10	8104	8	991	1413	14
149.0	7192	35	32	8105	36	1036	793	13
149.0	7292	6	5	8106	7	1107	1061	14
149.0	7107	4	5	8107	3	1340	1055	14
149.0	7190	21	17	8108	24	1099	818	10
149.0	7363	29	26	8109	30	348	1089	11
149.0	6881	12	12	8110	12	727	911	11
149.0	6896	4	3	8111	5	1107	1091	11
149.0	6918	19	14	8112	23	1075	1376	10
149.0	7284	17	16	8113	17	784	980	12
149.0	7268	14	16	8114	12	1001	1278	11
149.0	7191	15	14	8115	16	1337	1306	10
149.0	7472	19	22	8116	15	1204	856	9
149.0	7531	9	9	8117	9	1237	915	16
149.0	7378	24	31	8118	17	714	1160	16
149.0	6903	7	4	8119	10	1135	1310	10
149.0	7414	10	17	8120	3	642	888	10
149.0	7344	7	5	8121	9	888	1288	13
149.0	7607	9	12	8122	6	858	1371	15
149.0	6847	29	30	8123	27	1073	1731	13
149.0	7390	10	11	8124	8	708	899	10
149.0	7702	28	26	8125	30	1341	959	9
149.0	7809	20	15	8126	24	1051	1616	14
149.0	7719	9	7	8127	11	832	857	11
149.0	7123	30	34	8128	25	1638	1339	11
149.0	7121	11	11	8129	11	1271	969	10
149.0	6990	20	16	8130	23	1590	1333	9
149.0	6909	31	32	8131	28	918	1103	7
149.0	7384	21	22	8132	19	1345	886	10
149.0	7306	21	22	8133	19	1192	1027	8
149.0	7511	8	4	8134	12	1155	1205	12
149.0	6913	26	20	8135	29	1184	1568	11
149.0	6950	16	16	8136	15	1261	899	7
149.0	6987	15	11	8137	17	911	1274	10
149.0	7003	13	7	8138	18	1109	1386	10
149.0	7042	24	22	8139	24	1009	1186	11
149.0	7483	13	13	8140	11	1131	764	8
149.0	6938	36	40	8141	29	934	1089	14
149.0	7137	11	5	8142	15	714	1223	12
149.0	7315	21	17	8143	22	1082	1504	11
149.0	7010	20	19	8144	19	1406	563	10
149.0	7221	16	14	8145	18	755	1002	10
149.0	7252	2	2	8146	2	1257	1224	10
149.0	6985	17	20	8147	13	669	814	12
149.0	7181	16	21	8148	11	991	788	10
149.0	6894	6	5	8149	7	1184	695	11
149.0	7114	17	13	8150	18	659	957	9
149.0	7658	25	22	8151	26	722	1286	12
149.0	7575	22	19	8152	25	1204	626	7
149.0	6875	12	8	8153	14	1185	1159	12
149.0	7182	20	24	8154	15	831	1164	12
149.0	6977	28	30	8155	25	1133	635	9
149.0	7243	15	13	8156	16	830	955	8
149.0	7127	28	25	8157	29	1216	1440	16
149.0	7217	21	18	8158	23	922	1026	11
149.0	7300	16	18	8159	13	948	1503	14
149.0	7476	35	29	8160	37	574	1027	12
149.0	7303	14	11	8161	16	1249	705	9
150.0	7041	29	26	8162	30	861	1228	16
150.0	7649	16	16	8163	16	918	690	8
150.0	8122	6	7	8164	5	858	1390	16
150.0	7490	23	19	8165	24	1026	970	10
150.0	7442	14	12	8166	14	806	1297	11
150.0	7534	17	21	8167	10	826	1019	11
150.0	7084	9	11	8168	6	727	1111	11
150.0	7743	16	20	8169	12	772	474	11
150.0	7013	19	20	8170	17	1082	631	9
150.0	7083	18	20	8171	15	929	1382	9
150.0	7324	25	24	8172	25	888	1395	12
150.0	7611	29	34	8173	21	738	1156	12
150.0	7349	24	20	8174	28	718	1134	13
150.0	7257	32	29	8175	35	678	828	11
150.0	6903	4	3	8176	4	1135	1310	11
150.0	7266	10	10	8177	9	455	808	10
150.0	7536	21	22	8178	19	630	1077	13
150.0	7168	16	19	8179	13	1198	1533	12
150.0	7038	24	28	8180	20	955	1313	10
150.0	7268	16	14	8181	18	1001	1278	12
150.0	7276	19	18	8182	18	1347	850	8
150.0	7155	16	14	8183	17	1107	914	7
150.0	7475	20	22	8184	17	989	1506	15
150.0	7291	9	7	8185	10	1005	1299	7
150.0	7306	22	23	8186	20	1192	1027	9
150.0	7178	2	3	8187	1	1075	1260	11
150.0	7551	9	8	8188	9	768	911	11
150.0	6874	34	32	8189	35	1249	1392	11
150.0	7298	40	44	8190	34	859	1254	17
150.0	7169	9	10	8191	8	1104	1264	10
150.0	6948	15	16	8192	13	908	861	11
150.0	7344	5	7	8193	3	888	1288	14
150.0	7740	6	10	8194	2	1171	1014	16
150.0	7316	17	16	8195	17	1343	1526	13
150.0	7263	19	21	8196	15	779	924	10
150.0	7374	3	5	8197	1	1178	1249	12
150.0	7062	17	16	8198	16	519	908	8
150.0	7496	8	7	8199	9	829	1066	12
150.0	7373	9	9	8200	9	867	678	12
150.0	7559	24	22	8201	24	824	665	10
150.0	6963	10	6	8202	12	1326	915	9
150.0	7363	26	24	8203	25	348	1089	12
150.0	7046	21	20	8204	22	1020	1338	13
150.0	7502	17	17	8205	17	714	1409	8
150.0	6985	20	18	8206	20	655	800	13
150.0	7543	30	22	8207	37	1032	756	10
150.0	7630	9	7	8208	10	588	892	11
150.0	7044	25	23	8209	25	863	604	9
150.0	7010	19	18	8210	20	1406	563	11
150.0	7093	18	22	8211	14	819	1421	13
150.0	7072	13	17	8212	9	772	1044	12
150.0	6881	12	15	8213	9	712	926	12
151.0	7364	20	19	8214	20	1301	1185	14
151.0	7068	15	17	8215	11	959	955	10
151.0	6989	17	12	8216	19	1158	991	11
151.0	7078	17	17	8217	17	868	1034	15
151.0	7678	20	21	8218	18	547	1647	10
151.0	7984	20	24	8219	14	1108	702	10
151.0	7382	10	9	8220	11	1176	1131	10
151.0	7372	16	16	8221	15	428	866	8
151.0	7536	22	26	8222	17	630	1077	14
151.0	6986	21	16	8223	25	1002	868	8
151.0	7374	5	5	8224	4	1178	1249	13
151.0	7551	8	5	8225	10	768	891	12
151.0	6976	10	5	8226	14	1267	1625	9
151.0	7177	14	14	8227	13	1278	1422	9
151.0	7125	15	15	8228	14	1137	929	10
151.0	7192	32	30	8229	30	1036	793	14
151.0	7600	9	7	8230	11	1276	1175	10
151.0	6885	31	26	8231	32	1075	1563	9
151.0	7256	14	9	8232	18	1081	739	8
151.0	7397	22	23	8233	20	729	841	10
151.0	7337	13	10	8234	14	736	1086	11
151.0	7294	28	30	8235	24	933	1234	15
151.0	7437	15	15	8236	13	388	859	9
151.0	7080	24	23	8237	25	1204	1327	14
151.0	7455	7	8	8238	5	1199	1062	12
151.0	7122	10	11	8239	9	1039	675	10
151.0	7722	8	7	8240	9	1132	1324	8
151.0	7812	6	6	8241	6	974	1366	12
151.0	7124	34	36	8242	29	1139	1411	10
151.0	7252	2	2	8243	2	1257	1224	11
151.0	7289	16	16	8244	13	815	1094	12
151.0	7044	23	22	8245	22	863	604	10
151.0	7008	11	8	8246	13	699	914	8
151.0	7665	23	20	8247	25	975	723	13
151.0	7168	19	11	8248	26	1198	1533	13
151.0	7187	14	13	8249	14	1177	1101	11
151.0	7546	19	15	8250	21	702	1334	10
151.0	7342	13	14	8251	10	1052	959	8
151.0	7019	16	18	8252	14	874	787	13
151.0	7312	56	50	8253	50	813	569	14
152.0	7379	9	8	8254	10	895	706	12
152.0	7090	3	2	8255	4	1062	1068	13
152.0	7242	27	31	8256	22	1079	815	11
152.0	7136	18	14	8257	22	922	1146	9
152.0	7430	8	7	8258	9	1223	1007	12
152.0	7095	14	14	8259	14	680	1029	10
152.0	7026	21	20	8260	20	1130	734	12
152.0	7984	24	21	8261	24	1108	702	11
152.0	7192	30	31	8262	26	1036	793	15
152.0	7039	6	7	8263	5	1124	1199	12
152.0	7596	27	33	8264	21	1109	753	12
152.0	6932	4	4	8265	4	1088	1152	13
152.0	6925	23	18	8266	27	1089	1347	8
152.0	7077	10	10	8267	10	725	675	7
152.0	7692	40	37	8268	43	842	1346	18
152.0	7412	16	16	8269	14	1233	1032	17
152.0	7548	18	14	8270	22	928	1499	12
152.0	7272	17	18	8271	16	1129	806	11
152.0	6919	16	15	8272	17	1069	1455	10
152.0	7240	17	12	8273	22	832	1305	11
152.0	7071	15	19	8274	11	920	1618	10
152.0	6950	16	14	8275	17	1261	899	8
152.0	7237	1	0	8276	2	622	786	12
152.0	6892	15	14	8277	15	908	748	13
152.0	7154	7	8	8278	6	760	1028	14
152.0	7187	13	15	8279	10	1177	1101	12
152.0	7140	25	18	8280	29	487	322	8
152.0	7031	2	3	8281	1	1190	1045	12
152.0	7004	7	9	8282	5	1141	1035	16
152.0	7513	14	15	8283	13	709	1037	12
152.0	7135	13	11	8284	15	936	830	13
152.0	7377	17	8	8285	24	880	1145	13
152.0	7273	35	39	8286	30	798	766	6
152.0	7131	15	15	8287	14	663	935	10
152.0	7432	18	19	8288	16	867	1096	14
152.0	7386	9	6	8289	12	1043	1198	13
152.0	7278	30	34	8290	25	1076	761	12
152.0	7263	21	16	8291	24	761	924	11
152.0	8018	18	11	8292	23	1085	935	13
152.0	6850	11	13	8293	8	1105	851	11
152.0	8120	3	3	8294	3	629	900	11
152.0	7301	13	11	8295	14	1207	884	7
152.0	7361	13	10	8296	16	859	1137	12
152.0	7056	3	3	8297	3	1058	1225	11
152.0	7199	26	25	8298	24	1455	1312	9
152.0	7588	18	24	8299	12	874	1410	14
152.0	7866	24	35	8300	13	1023	755	13
152.0	7001	12	11	8301	12	985	906	9
152.0	6962	5	4	8302	6	764	801	13
152.0	7693	24	19	8303	29	1222	1568	11
152.0	7497	6	6	8304	6	909	1128	12
153.0	7841	8	7	8305	9	1202	1126	13
153.0	6867	2	2	8306	2	1172	1214	13
153.0	7568	10	10	8307	10	772	1015	13
153.0	6942	4	4	8308	3	1083	1086	16
153.0	7239	18	21	8309	13	1155	868	9
153.0	7462	23	27	8310	19	1261	1338	9
153.0	7260	4	4	8311	4	1137	1236	11
153.0	7041	26	26	8312	22	844	1228	17
153.0	6951	21	20	8313	21	1037	1419	11
153.0	7083	20	23	8314	17	929	1382	10
153.0	7314	29	31	8315	27	1307	1352	15
153.0	7693	19	18	8316	19	1222	1568	12
153.0	7419	17	21	8317	13	1008	855	12
153.0	7328	11	9	8318	12	1205	779	8
153.0	7970	13	11	8319	13	852	792	10
153.0	7261	11	11	8320	11	542	877	11
153.0	6945	18	16	8321	19	1143	837	11
153.0	7479	9	12	8322	5	700	729	9
153.0	7166	15	13	8323	17	1137	1001	8
153.0	7152	10	11	8324	8	1128	666	13
153.0	7222	17	17	8325	17	1649	1316	10
153.0	7778	11	12	8326	10	759	1051	14
153.0	7012	18	16	8327	20	803	1208	10
153.0	7578	4	5	8328	3	1222	1045	12
153.0	7482	16	14	8329	17	939	1279	10
153.0	7306	23	20	8330	24	1192	1027	10
153.0	7570	30	24	8331	34	1004	1460	11
153.0	7416	16	13	8332	19	1124	1376	8
153.0	7011	21	22	8333	20	1202	803	9
153.0	7719	7	7	8334	6	832	857	12
153.0	7136	14	17	8335	11	922	1146	10
153.0	7135	11	9	8336	10	936	830	14
153.0	7087	5	5	8337	4	1299	1234	12
153.0	6864	21	20	8338	22	667	978	11
153.0	7299	19	15	8339	21	1273	881	16
153.0	7301	11	11	8340	11	1207	884	8
153.0	6952	39	34	8341	44	599	1059	13
154.0	7204	23	24	8342	21	1226	1415	9
154.0	7326	21	13	8343	28	908	1422	14
154.0	7116	9	11	8344	7	1023	1378	14
154.0	6975	23	26	8345	16	922	1679	12
154.0	6974	15	18	8346	10	1061	979	7
154.0	7381	26	27	8347	23	799	1342	12
154.0	7448	12	13	8348	10	844	1054	12
154.0	7338	15	17	8349	13	1138	1802	16
154.0	6906	20	25	8350	14	954	1138	10
154.0	6978	15	18	8351	11	340	833	9
154.0	7667	10	8	8352	12	1103	1311	11
154.0	8078	13	15	8353	9	1165	1813	16
154.0	7211	1	2	8354	0	1325	1128	15
154.0	7628	10	9	8355	10	1108	769	11
154.0	7132	12	12	8356	11	1093	1798	15
154.0	6921	28	23	8357	32	1067	1116	12
154.0	6899	28	29	8358	25	835	1277	13
154.0	7409	21	22	8359	19	1173	723	11
154.0	7472	22	24	8360	20	1204	838	10
154.0	7232	17	17	8361	16	1137	911	8
154.0	7162	16	10	8362	20	973	1233	14
154.0	7012	16	15	8363	16	803	1208	11
154.0	7075	13	11	8364	13	1262	1384	10
154.0	7559	22	24	8365	19	824	665	11
154.0	6917	22	21	8366	22	768	634	8
154.0	7627	4	5	8367	2	645	1043	10
154.0	7488	16	17	8368	13	992	1395	15
154.0	6970	19	22	8369	16	1184	1272	13
154.0	7117	23	27	8370	18	1339	1373	10
154.0	7026	20	17	8371	21	1130	734	13
154.0	7327	17	10	8372	24	997	1598	15
154.0	7230	14	15	8373	12	1128	685	12
154.0	7904	20	22	8374	18	845	762	13
154.0	6957	10	8	8375	10	857	837	11
154.0	7100	5	2	8376	8	1028	712	10
154.0	7020	37	31	8377	41	1093	772	12
154.0	6872	26	22	8378	29	1392	902	9
154.0	7205	21	19	8379	22	921	894	11
154.0	6849	16	18	8380	13	1024	1014	11
154.0	7568	10	8	8381	10	772	1015	14
154.0	7152	11	14	8382	7	1144	650	14
154.0	6943	12	11	8383	13	695	1058	13
154.0	7484	1	2	8384	0	1235	1201	9
154.0	7156	19	21	8385	17	1087	1545	8
154.0	7570	24	22	8386	25	1004	1498	12
155.0	7266	10	8	8387	11	455	808	11
155.0	7179	37	30	8388	41	648	355	12
155.0	7095	14	13	8389	15	680	1029	11
155.0	6998	9	12	8390	5	828	435	9
155.0	7140	18	15	8391	21	466	276	9
155.0	7290	16	14	8392	18	753	770	12
155.0	6995	25	28	8393	21	799	976	13
155.0	6859	12	14	8394	10	1138	891	11
155.0	7582	18	18	8395	18	1247	880	7
155.0	7877	28	30	8396	26	1142	1449	14
155.0	7449	18	18	8397	17	1121	1633	8
155.0	7796	16	12	8398	20	717	1057	12
155.0	7405	52	58	8399	42	948	790	14
155.0	7791	7	8	8400	5	928	955	11
155.0	7244	18	19	8401	16	965	1011	12
155.0	7062	16	13	8402	19	519	908	9
155.0	7431	35	45	8403	24	1686	1349	9
155.0	7149	35	36	8404	33	902	997	14
155.0	7379	8	6	8405	10	895	706	13
155.0	7226	24	27	8406	21	1142	1739	12
155.0	7472	24	29	8407	18	1204	838	11
155.0	7712	23	20	8408	26	943	724	11
155.0	7548	14	14	8409	14	928	1499	13
155.0	7283	6	2	8410	9	571	905	12
155.0	7910	25	26	8411	22	945	1413	8
155.0	7890	10	9	8412	11	826	1244	15
155.0	7063	17	25	8413	8	1352	1257	13
155.0	7167	15	17	8414	13	697	1208	12
155.0	7618	10	13	8415	7	1184	681	12
155.0	6987	11	9	8416	12	911	1274	11
155.0	6917	21	14	8417	26	768	634	9
155.0	7253	9	10	8418	8	740	784	9
155.0	7123	34	38	8419	29	1970	1295	12
155.0	7047	21	22	8420	19	777	766	8
155.0	7103	21	21	8421	19	655	866	11
155.0	7324	24	23	8422	24	856	1427	13
155.0	7425	24	21	8423	27	1019	1541	12
155.0	7552	17	22	8424	11	1195	1412	11
155.0	7265	9	8	8425	10	1261	1109	13
155.0	6965	21	19	8426	23	968	1483	17
155.0	6923	18	12	8427	23	822	702	10
155.0	6984	25	23	8428	27	781	1166	13
155.0	7433	22	20	8429	23	1019	1113	11
155.0	7297	15	15	8430	14	1276	1352	8
155.0	7143	17	15	8431	16	1026	985	11
155.0	7329	15	14	8432	14	1239	817	10
155.0	7569	8	11	8433	5	952	1264	12
155.0	7188	15	17	8434	12	1345	1035	10
155.0	7685	22	16	8435	25	1228	705	10
155.0	7246	18	25	8436	8	1323	1297	10
155.0	6919	15	14	8437	15	1069	1455	11
155.0	7550	13	11	8438	15	807	682	10
155.0	7057	14	11	8439	16	826	1477	15
155.0	7285	29	26	8440	32	963	883	12
155.0	7111	32	22	8441	41	689	1274	9
155.0	7904	22	18	8442	24	831	729	14
155.0	7170	20	18	8443	21	636	970	10
155.0	7087	5	6	8444	4	1299	1234	13
155.0	7165	28	29	8445	25	775	1127	11
156.0	6863	21	25	8446	16	878	459	11
156.0	7058	14	9	8447	17	986	1142	13
156.0	6956	9	11	8448	6	896	797	10
156.0	7383	30	31	8449	27	1075	1527	8
156.0	7214	21	23	8450	19	645	461	6
156.0	7314	31	24	8451	35	1345	1352	16
156.0	6885	26	30	8452	22	1075	1583	10
156.0	7316	16	15	8453	16	1343	1526	14
156.0	7183	22	22	8454	21	875	776	10
156.0	7721	26	21	8455	30	1111	1368	10
156.0	7405	58	49	8456	51	948	790	15
156.0	7073	30	21	8457	38	918	1053	12
156.0	7284	16	18	8458	13	768	980	13
156.0	6947	15	14	8459	16	1289	994	16
156.0	7734	25	23	8460	26	1693	1494	10
156.0	8081	15	13	8461	17	1093	1744	16
156.0	7674	22	24	8462	19	942	1206	12
156.0	7424	6	4	8463	8	1245	1076	13
156.0	7292	5	7	8464	2	1107	1061	15
156.0	7179	30	23	8465	36	648	355	13
156.0	7351	14	9	8466	16	1416	1707	13
156.0	7516	12	16	8467	7	906	578	15
156.0	7472	29	32	8468	23	1204	838	12
156.0	6935	8	7	8469	8	979	826	13
156.0	7207	30	31	8470	26	935	750	10
156.0	7581	20	24	8471	13	1005	929	9
156.0	7227	11	8	8472	14	1206	1200	11
156.0	7015	20	22	8473	18	1215	943	14
156.0	7894	16	17	8474	15	1206	1769	9
156.0	7144	16	14	8475	17	1315	1364	13
156.0	7095	13	11	8476	15	668	1041	12
156.0	7783	12	10	8477	14	1544	1338	11
156.0	7149	36	35	8478	29	902	997	15
156.0	7870	30	34	8479	25	1566	1310	10
156.0	7403	19	11	8480	27	1008	1096	8
156.0	7669	16	17	8481	14	1121	1826	15
156.0	7514	2	3	8482	1	1284	1115	14
156.0	7541	17	17	8483	17	808	1186	11
156.0	8025	28	22	8484	34	970	1439	8
156.0	7653	20	19	8485	20	952	1646	15
156.0	6932	4	3	8486	5	1088	1152	14
156.0	6985	18	10	8487	26	655	800	14
156.0	7504	15	17	8488	12	618	888	11
156.0	6884	6	6	8489	5	1403	1300	12
156.0	7150	25	27	8490	23	758	1634	12
157.0	6874	32	28	8491	36	1280	1423	12
157.0	7498	8	7	8492	9	1178	1364	10
157.0	7144	14	15	8493	12	1315	1364	14
157.0	7541	17	14	8494	19	808	1186	12
157.0	8138	18	13	8495	20	1107	1413	11
157.0	7780	13	7	8496	17	752	965	12
157.0	7041	26	28	8497	22	844	1228	18
157.0	6887	21	20	8498	19	744	1142	15
157.0	7067	21	23	8499	19	669	1307	14
157.0	6950	14	15	8500	10	1261	917	9
157.0	7403	11	14	8501	8	1008	1096	9
157.0	7876	23	25	8502	21	1238	1368	14
157.0	7412	16	15	8503	16	1254	1032	18
157.0	7496	7	9	8504	4	816	1079	13
157.0	7710	13	9	8505	17	858	821	11
157.0	7303	11	11	8506	10	1266	705	10
157.0	6883	19	18	8507	20	512	403	13
157.0	6985	10	7	8508	12	655	800	15
157.0	7383	31	24	8509	37	1075	1527	9
157.0	6855	6	8	8510	4	927	805	10
157.0	7089	12	12	8511	11	532	749	8
157.0	7182	24	19	8512	28	819	1160	13
157.0	7904	18	21	8513	13	831	729	15
157.0	6947	14	10	8514	18	1289	994	17
157.0	7748	14	17	8515	11	1291	867	8
157.0	6938	40	42	8516	38	934	1089	15
157.0	7829	19	20	8517	18	1362	914	9
157.0	7510	12	13	8518	10	924	1334	11
157.0	7472	32	39	8519	24	1204	838	13
157.0	7407	42	40	8520	43	1139	1546	17
157.0	7431	45	44	8521	43	1686	1349	10
157.0	7428	26	26	8522	26	847	691	9
157.0	7481	6	5	8523	5	1336	1159	14
157.0	7654	24	22	8524	23	1048	1373	11
157.0	7076	19	18	8525	20	1295	884	9
157.0	7119	21	25	8526	17	960	927	9
157.0	6922	5	5	8527	5	694	955	10
157.0	7903	26	27	8528	25	654	1437	9
157.0	7071	19	17	8529	18	920	1618	11
157.0	7355	22	18	8530	25	1251	853	9
157.0	6865	9	11	8531	7	1172	1308	11
157.0	6975	26	28	8532	23	922	1679	13
157.0	7346	8	8	8533	8	985	1339	12
157.0	7166	13	12	8534	13	1137	1001	9
157.0	7589	19	18	8535	20	1136	783	10
157.0	7879	7	6	8536	8	635	962	10
157.0	6996	11	14	8537	8	1275	1148	9
157.0	6860	43	40	8538	43	1275	1268	18
157.0	7385	10	10	8539	10	976	472	9
157.0	6893	15	16	8540	14	1007	948	9
157.0	7262	16	12	8541	19	1276	1282	16
157.0	7621	21	14	8542	25	818	1218	12
157.0	7703	14	14	8543	14	1117	1482	10
157.0	7514	3	3	8544	3	1284	1115	15
157.0	7563	20	21	8545	17	207	989	15
157.0	7090	2	2	8546	2	1062	1068	14
157.0	7468	10	9	8547	11	568	966	9
157.0	7150	27	29	8548	24	758	1634	13
157.0	7146	34	31	8549	36	1196	1999	12
157.0	7581	24	23	8550	25	1005	915	10
157.0	6896	3	2	8551	4	1107	1107	12
158.0	7707	7	7	8552	7	1229	1242	9
158.0	7028	4	5	8553	3	1185	1078	13
158.0	7310	21	20	8554	21	957	1201	14
158.0	7085	22	21	8555	22	905	1335	12
158.0	7367	22	24	8556	19	824	917	10
158.0	7431	44	43	8557	45	1764	1431	11
158.0	7135	9	9	8558	9	936	830	15
158.0	7372	16	18	8559	14	450	866	9
158.0	7399	17	19	8560	15	1080	1169	8
158.0	8128	25	16	8561	32	1562	1307	12
158.0	7156	21	22	8562	20	1087	1562	9
158.0	6929	25	25	8563	24	930	1398	8
158.0	7226	27	32	8564	20	1142	1739	13
158.0	7453	20	20	8565	18	1025	696	11
158.0	6985	7	5	8566	8	655	800	16
158.0	7267	24	18	8567	30	1024	1373	10
158.0	7412	15	17	8568	13	1254	1032	19
158.0	7023	21	24	8569	15	1045	1654	14
158.0	7499	20	23	8570	16	540	929	10
158.0	7428	26	20	8571	29	847	691	10
158.0	6988	23	20	8572	24	1288	1301	16
158.0	7460	10	13	8573	7	870	645	10
158.0	8303	29	34	8574	20	1258	1568	12
158.0	6864	20	17	8575	22	633	978	12
158.0	7277	4	6	8576	1	881	597	9
158.0	7552	22	22	8577	21	1195	1412	12
158.0	7405	49	51	8578	44	948	790	16
158.0	6891	9	14	8579	4	894	955	11
158.0	7332	32	33	8580	29	1338	1234	10
158.0	7376	10	11	8581	9	1264	1019	16
158.0	7081	19	17	8582	20	896	1252	12
158.0	7665	20	20	8583	20	964	716	14
158.0	6990	16	20	8584	12	1629	1551	10
158.0	7287	12	14	8585	10	988	1451	10
158.0	6920	7	3	8586	9	1049	1270	9
158.0	7084	11	13	8587	9	699	1139	12
158.0	7394	26	27	8588	21	1184	840	6
158.0	8234	14	18	8589	10	736	1071	12
158.0	7479	12	10	8590	14	700	729	10
158.0	6975	28	24	8591	29	922	1679	14
158.0	6941	22	27	8592	16	968	735	16
158.0	7710	9	11	8593	7	842	821	12
158.0	7973	19	19	8594	18	886	1449	9
158.0	7192	31	31	8595	30	1036	793	16
158.0	7736	18	22	8596	12	1044	1545	12
158.0	7638	13	7	8597	18	760	1284	11
158.0	7149	35	28	8598	41	902	997	16
158.0	6874	28	27	8599	27	1280	1423	13
158.0	6938	42	37	8600	45	934	1089	16
158.0	7472	39	41	8601	36	1204	838	14
158.0	7844	37	42	8602	29	813	527	14
158.0	7199	25	28	8603	21	1455	1312	10
158.0	7219	13	12	8604	14	1182	975	12
158.0	7651	13	8	8605	16	397	773	11
158.0	7346	8	7	8606	9	974	1350	13
158.0	7071	17	17	8607	17	920	1618	12
159.0	7175	15	15	8608	15	1161	789	9
159.0	7208	24	25	8609	23	1315	1213	14
159.0	7844	42	46	8610	37	813	527	15
159.0	7186	25	24	8611	24	1077	699	9
159.0	7110	14	11	8612	16	979	957	9
159.0	7117	27	28	8613	24	1358	1373	11
159.0	7098	7	7	8614	7	1401	1344	12
159.0	7489	14	14	8615	14	654	978	9
159.0	8403	24	21	8616	26	1686	1336	10
159.0	7378	31	28	8617	31	714	1160	17
159.0	7081	17	18	8618	15	896	1252	13
159.0	8405	10	10	8619	8	893	694	14
159.0	6897	6	5	8620	6	1354	1184	16
159.0	7972	11	10	8621	12	921	1559	11
159.0	7053	16	15	8622	16	1205	1234	12
159.0	7618	13	15	8623	10	1184	681	13
159.0	7094	11	9	8624	11	679	829	13
159.0	7571	5	2	8625	7	1174	1843	14
159.0	7697	17	10	8626	22	1004	1628	16
159.0	7228	21	16	8627	25	796	941	7
159.0	8209	25	25	8628	22	840	626	10
159.0	7905	19	21	8629	15	917	594	10
159.0	7773	15	14	8630	15	1176	634	11
159.0	7180	20	21	8631	18	812	896	11
159.0	7706	17	16	8632	16	241	1128	13
159.0	7523	6	6	8633	5	857	1178	13
159.0	7084	13	12	8634	12	699	1139	13
159.0	7603	18	24	8635	12	1265	670	8
159.0	7353	13	12	8636	12	814	1199	13
159.0	7276	18	18	8637	17	1347	850	9
159.0	7013	20	22	8638	18	1082	631	10
159.0	7223	16	14	8639	18	1034	1471	13
159.0	7131	15	15	8640	13	663	935	11
159.0	7120	5	4	8641	6	1254	1130	13
159.0	7552	22	18	8642	26	1214	1412	13
159.0	7049	21	27	8643	14	686	1370	12
159.0	6935	7	10	8644	4	979	826	14
159.0	7470	9	4	8645	14	1240	1117	9
159.0	8271	16	17	8646	15	1149	806	12
159.0	8420	19	21	8647	17	765	754	9
159.0	6979	33	33	8648	28	1550	1527	14
160.0	6899	29	25	8649	33	835	1277	14
160.0	7959	16	12	8650	19	1079	1660	11
160.0	7037	15	18	8651	11	823	1125	12
160.0	6962	4	3	8652	4	764	801	14
160.0	7100	2	1	8653	3	1028	712	11
160.0	7492	20	19	8654	20	1130	1468	9
160.0	7775	4	5	8655	3	1319	1051	13
160.0	6877	21	17	8656	24	942	1728	17
160.0	6924	15	14	8657	15	1099	1744	16
160.0	7354	43	41	8658	42	884	1999	13
160.0	7423	19	14	8659	22	1403	1318	10
160.0	7708	23	24	8660	22	857	1897	12
160.0	7711	27	27	8661	27	696	1482	13
160.0	7634	8	11	8662	5	880	1524	11
160.0	7848	15	14	8663	16	831	948	12
160.0	7573	38	41	8664	32	503	699	12
160.0	7910	26	23	8665	29	945	1435	9
160.0	6906	25	27	8666	19	938	1138	11
160.0	7544	8	11	8667	5	583	1233	12
160.0	7309	12	10	8668	14	844	972	13
160.0	7431	43	45	8669	37	1861	1444	12
160.0	8403	21	18	8670	23	1686	1336	11
160.0	6900	24	19	8671	27	808	1274	12
160.0	7163	28	28	8672	27	828	1335	11
160.0	7182	19	18	8673	18	819	1147	14
160.0	7181	21	20	8674	21	981	778	11
160.0	7093	22	19	8675	23	738	1523	14
160.0	6869	6	9	8676	2	1177	1126	13
160.0	7991	8	10	8677	6	1101	927	9
160.0	7456	14	15	8678	13	1253	1438	11
160.0	7939	28	23	8679	32	911	1469	16
160.0	7658	22	22	8680	21	706	1302	13
160.0	7908	12	8	8681	16	1327	869	8
160.0	7348	7	7	8682	7	1223	1145	11
160.0	7030	43	48	8683	35	934	679	15
160.0	7603	24	21	8684	24	1265	670	9
160.0	6873	10	13	8685	5	871	1125	14
160.0	7743	20	19	8686	21	715	566	12
160.0	7024	8	9	8687	6	655	900	6
160.0	8183	17	19	8688	14	1123	899	8
160.0	7240	12	11	8689	12	832	1305	12
160.0	8246	13	8	8690	18	689	902	9
160.0	7057	11	15	8691	6	826	1477	16
160.0	8271	17	20	8692	12	1149	806	13
160.0	6882	10	12	8693	8	1156	1683	12
160.0	6960	34	43	8694	24	497	42	10
160.0	7453	20	19	8695	20	1025	696	12
160.0	7350	14	13	8696	13	982	997	8
160.0	7235	22	26	8697	17	1195	1630	11
160.0	7864	14	9	8698	19	946	1361	12
160.0	8036	21	15	8699	27	1040	694	10
160.0	7248	23	24	8700	21	568	1053	12
161.0	7576	27	30	8701	23	895	1145	14
161.0	7831	27	28	8702	23	1523	1486	9
161.0	8043	14	13	8703	14	1543	1646	12
161.0	7414	17	15	8704	19	630	876	11
161.0	7855	7	8	8705	6	1190	1308	11
161.0	7253	10	9	8706	10	740	784	10
161.0	6911	8	9	8707	7	798	859	9
161.0	7423	14	14	8708	14	1403	1318	11
161.0	7360	25	25	8709	25	1386	1361	12
161.0	7278	34	34	8710	32	1076	761	13
161.0	7432	19	20	8711	17	867	1096	15
161.0	7863	33	23	8712	41	668	1178	16
161.0	7358	12	4	8713	18	1189	1176	11
161.0	7127	25	20	8714	28	1216	1440	17
161.0	7776	11	10	8715	11	1279	1055	15
161.0	7451	25	27	8716	23	1038	1052	9
161.0	7254	13	11	8717	14	1258	952	15
161.0	7287	14	12	8718	15	988	1451	11
161.0	7235	26	21	8719	30	1195	1630	12
161.0	7878	19	18	8720	19	1343	914	10
161.0	7356	14	14	8721	12	1163	1267	9
161.0	6997	16	17	8722	15	934	1468	9
161.0	7038	28	26	8723	30	936	1313	11
161.0	8392	18	15	8724	18	768	736	13
161.0	7638	7	5	8725	9	760	1284	12
161.0	7275	31	27	8726	34	645	102	11
161.0	7865	18	19	8727	17	609	850	12
161.0	7958	8	8	8728	7	1298	1061	14
161.0	7383	24	24	8729	23	1075	1527	10
161.0	7474	11	13	8730	8	1265	1363	9
161.0	6886	22	17	8731	24	985	684	15
161.0	7500	12	16	8732	8	671	694	7
161.0	7939	23	28	8733	17	898	1482	17
161.0	8044	16	12	8734	20	1259	1473	9
161.0	7743	19	16	8735	20	715	566	13
161.0	7669	17	11	8736	23	1121	1826	16
161.0	7431	45	39	8737	48	1959	1469	13
161.0	7525	14	15	8738	13	1259	1187	12
161.0	7616	14	12	8739	15	1316	1271	11
161.0	6850	13	11	8740	14	1105	851	12
161.0	7427	22	23	8741	21	646	871	5
161.0	7482	14	15	8742	12	939	1279	11
161.0	7112	20	21	8743	18	800	1107	15
161.0	7568	8	7	8744	8	772	1015	15
161.0	7006	19	21	8745	15	1161	949	17
161.0	7497	6	6	8746	6	909	1128	13
161.0	6960	43	48	8747	38	476	11	11
161.0	8246	8	7	8748	9	689	902	10
161.0	7145	8	9	8749	7	669	1085	13
161.0	8201	24	22	8750	25	797	621	11
161.0	7656	14	21	8751	7	812	1345	11
161.0	7342	14	10	8752	18	1052	959	9
161.0	7057	15	16	8753	13	826	1477	17
161.0	6949	7	9	8754	5	769	1234	16
162.0	7116	11	15	8755	6	1034	1389	15
162.0	7790	25	24	8756	26	989	643	13
162.0	7438	22	27	8757	16	1134	1703	14
162.0	8246	7	8	8758	6	689	902	11
162.0	7831	28	29	8759	26	1523	1486	10
162.0	6963	6	9	8760	3	1326	915	10
162.0	8090	13	10	8761	15	947	1225	14
162.0	8235	24	30	8762	17	906	1244	16
162.0	7244	19	16	8763	22	965	1011	13
162.0	8213	9	10	8764	7	699	938	13
162.0	7287	12	16	8765	8	988	1451	12
162.0	7357	30	24	8766	34	661	1204	10
162.0	7488	17	16	8767	17	992	1395	16
162.0	7231	16	18	8768	14	768	685	12
162.0	7656	21	26	8769	15	812	1345	12
162.0	7107	5	6	8770	4	1384	1055	15
162.0	7744	12	11	8771	12	1248	1514	12
162.0	7322	8	8	8772	8	1154	1013	13
162.0	7284	18	21	8773	15	768	980	14
162.0	7432	20	17	8774	23	867	1096	16
162.0	7477	17	16	8775	18	1138	821	10
162.0	7147	27	29	8776	25	1238	1411	13
162.0	7365	15	15	8777	13	1251	1495	12
162.0	7303	11	11	8778	10	1266	705	11
162.0	7089	12	9	8779	13	532	749	9
162.0	7743	16	18	8780	14	715	566	14
162.0	7108	24	24	8781	24	718	1341	11
162.0	7483	13	12	8782	13	1162	754	9
162.0	7855	8	7	8783	9	1190	1308	12
162.0	7854	5	7	8784	3	765	1087	16
162.0	7749	24	25	8785	23	744	54	8
162.0	7475	22	25	8786	19	989	1506	16
162.0	7052	12	13	8787	10	856	1363	12
162.0	7275	27	27	8788	26	572	85	12
162.0	8078	15	16	8789	14	1165	1813	17
162.0	7280	5	7	8790	3	1200	1218	12
162.0	8208	10	9	8791	11	566	866	12
162.0	7046	20	28	8792	12	1020	1338	14
162.0	7637	17	19	8793	15	1051	599	10
162.0	6927	27	33	8794	19	1608	1320	16
162.0	6926	20	23	8795	17	314	1069	13
162.0	7331	7	8	8796	6	713	1251	12
162.0	7736	22	17	8797	27	1044	1545	13
162.0	7642	16	15	8798	15	1351	978	9
162.0	6853	9	4	8799	13	678	768	13
162.0	8274	11	10	8800	12	952	1618	11
162.0	8373	12	9	8801	15	1143	669	13
162.0	7123	38	32	8802	43	1999	1295	13
162.0	7061	14	18	8803	9	1220	751	7
162.0	7679	32	32	8804	31	956	1581	12
162.0	8126	24	25	8805	21	1118	1698	15
162.0	7712	20	20	8806	19	959	636	12
162.0	7040	3	4	8807	2	1240	1147	12
162.0	7185	6	7	8808	4	1154	1293	9
162.0	7776	10	11	8809	9	1289	1045	16
162.0	7535	13	14	8810	12	1457	816	9
162.0	7435	13	12	8811	12	1017	1028	13
162.0	7567	24	20	8812	27	745	1296	10
162.0	7576	30	35	8813	24	884	1156	15
162.0	7050	28	28	8814	27	793	34	8
162.0	7662	24	23	8815	24	984	1618	8
162.0	7245	22	25	8816	18	912	1597	10
162.0	7236	24	21	8817	25	1127	702	10
162.0	7861	17	15	8818	18	842	1347	11
162.0	7482	15	11	8819	18	939	1279	12
162.0	7057	16	18	8820	13	826	1477	18
162.0	7360	25	23	8821	25	1386	1361	13
162.0	7609	11	14	8822	7	628	1065	13
162.0	7458	7	7	8823	7	747	1119	10
162.0	7526	7	6	8824	8	1059	1280	8
162.0	7601	43	35	8825	50	781	1156	11
163.0	7204	24	24	8826	24	1264	1415	10
163.0	8418	8	4	8827	11	725	748	10
163.0	7774	13	16	8828	9	1235	944	12
163.0	7123	32	36	8829	28	1999	1295	14
163.0	7649	16	15	8830	17	918	670	9
163.0	7151	16	18	8831	14	587	929	8
163.0	7444	13	11	8832	15	1213	979	11
163.0	8029	20	18	8833	22	1208	1616	11
163.0	7706	16	16	8834	15	241	1128	14
163.0	7870	34	36	8835	30	1488	1303	11
163.0	7785	15	13	8836	17	862	744	11
163.0	7264	13	12	8837	13	872	794	10
163.0	7438	27	32	8838	19	1134	1703	15
163.0	7934	27	29	8839	22	964	612	12
163.0	7730	29	25	8840	30	1169	1586	16
163.0	8515	11	14	8841	8	1305	852	9
163.0	7542	20	16	8842	22	622	209	7
163.0	7088	12	15	8843	9	1015	638	10
163.0	8388	41	45	8844	37	727	290	13
163.0	8539	10	8	8845	11	1078	457	10
163.0	6852	25	24	8846	25	965	1602	11
163.0	7246	25	25	8847	24	1323	1297	11
163.0	7744	11	9	8848	13	1248	1514	13
163.0	7558	9	14	8849	4	1355	1317	10
163.0	6961	11	13	8850	8	1177	1625	11
163.0	8339	21	22	8851	19	1289	861	17
163.0	6916	21	20	8852	20	1143	1649	11
163.0	7764	13	11	8853	13	1086	664	10
163.0	7015	22	25	8854	18	1215	943	15
163.0	7236	21	21	8855	20	1127	702	11
163.0	7539	13	8	8856	16	1457	1049	14
163.0	7458	7	8	8857	6	747	1119	11
163.0	7312	50	40	8858	60	677	285	15
163.0	7445	9	10	8859	8	1046	874	11
163.0	8296	16	20	8860	12	836	1159	13
163.0	7832	7	8	8861	5	397	675	11
163.0	7280	7	8	8862	6	1200	1218	13
163.0	6917	14	19	8863	9	768	614	10
163.0	6924	14	18	8864	10	1099	1744	17
163.0	7548	14	20	8865	7	928	1499	14
163.0	7146	31	34	8866	27	1196	1999	13
163.0	7101	8	10	8867	6	666	783	11
163.0	6965	19	18	8868	18	968	1505	18
163.0	7582	18	17	8869	19	1247	880	8
163.0	7365	15	15	8870	13	1251	1495	13
163.0	8233	20	21	8871	17	709	860	11
163.0	7116	15	14	8872	15	1034	1389	16
163.0	6942	4	5	8873	3	1083	1086	17
163.0	7776	11	12	8874	10	1289	1045	17
163.0	7094	9	9	8875	8	664	814	14
163.0	7575	19	20	8876	16	1234	596	8
163.0	7392	17	19	8877	14	1009	1683	14
163.0	7708	24	21	8878	26	857	1897	13
163.0	6847	30	42	8879	15	1044	1719	14
163.0	7770	26	27	8880	22	1036	580	10
163.0	7111	22	21	8881	23	673	1290	10
163.0	7324	23	24	8882	21	856	1427	14
163.0	7679	32	29	8883	33	956	1581	13
163.0	7709	13	15	8884	10	696	1105	11
163.0	6986	16	13	8885	18	988	870	9
163.0	7347	8	7	8886	9	892	728	11
163.0	8617	31	28	8887	31	688	1185	18
163.0	7433	20	16	8888	24	1019	1113	12
163.0	7562	18	21	8889	14	858	1252	13
163.0	7755	29	29	8890	28	1520	725	8
163.0	7984	21	25	8891	16	1095	689	12
163.0	7900	14	13	8892	15	778	576	7
163.0	7166	12	14	8893	10	1137	1001	10
163.0	7502	17	19	8894	15	714	1409	9
163.0	7408	12	12	8895	12	606	1029	9
163.0	7098	7	9	8896	5	1401	1344	13
163.0	7442	12	17	8897	7	773	1331	12
163.0	7334	14	16	8898	11	1035	853	10
163.0	7882	45	38	8899	48	950	596	15
164.0	6959	11	11	8900	9	719	685	9
164.0	6916	20	23	8901	15	1143	1649	12
164.0	7123	36	36	8902	36	1999	1295	15
164.0	7443	13	10	8903	16	1158	1345	12
164.0	7875	22	22	8904	20	801	1628	9
164.0	7494	23	22	8905	22	642	1271	9
164.0	8172	25	24	8906	24	871	1378	13
164.0	7840	15	14	8907	16	690	1268	11
164.0	7399	19	15	8908	22	1080	1169	9
164.0	7390	11	11	8909	10	706	899	11
164.0	7349	20	20	8910	19	601	1168	14
164.0	6965	18	17	8911	18	968	1505	19
164.0	7552	18	17	8912	19	1214	1412	14
164.0	7356	14	16	8913	12	1163	1267	10
164.0	8105	36	36	8914	35	998	783	14
164.0	8012	12	13	8915	11	1231	865	7
164.0	7280	8	6	8916	10	1200	1218	14
164.0	7509	14	13	8917	14	1279	796	9
164.0	7720	6	3	8918	9	1329	1070	15
164.0	7236	21	23	8919	18	1127	702	12
164.0	7027	11	9	8920	11	1186	1521	10
164.0	7045	10	7	8921	13	809	584	7
164.0	7909	15	15	8922	15	839	1376	14
164.0	8744	8	11	8923	4	742	1028	16
164.0	7314	24	26	8924	18	1345	1352	17
164.0	7595	10	9	8925	11	854	728	11
164.0	7422	18	18	8926	16	771	887	6
164.0	7882	38	36	8927	39	950	596	16
164.0	7396	9	13	8928	5	1168	1078	11
164.0	7628	9	7	8929	11	1108	769	12
164.0	7596	33	30	8930	34	1109	730	13
164.0	6932	3	5	8931	1	1088	1152	15
164.0	6923	12	10	8932	14	809	689	11
164.0	7631	37	33	8933	41	1508	965	8
164.0	7423	14	14	8934	14	1403	1318	12
164.0	7884	26	25	8935	26	715	1586	11
164.0	7111	21	25	8936	15	673	1290	11
164.0	8122	7	8	8937	6	789	1431	17
164.0	7336	17	18	8938	16	924	1451	8
164.0	7536	26	24	8939	28	507	1136	15
164.0	8163	16	16	8940	15	907	638	9
164.0	7764	11	12	8941	9	1060	638	11
164.0	7661	4	5	8942	3	601	744	11
164.0	7265	8	6	8943	10	1284	1086	14
164.0	7951	20	19	8944	20	1462	946	15
164.0	6874	27	30	8945	23	1280	1423	14
164.0	7381	27	28	8946	26	777	1504	13
164.0	7718	25	28	8947	21	1381	1077	16
164.0	7690	8	8	8948	6	839	547	9
164.0	7904	21	22	8949	20	831	729	16
164.0	8029	18	18	8950	18	1208	1616	12
164.0	7725	23	20	8951	26	1028	598	9
164.0	7389	14	12	8952	16	665	835	10
164.0	7172	18	18	8953	17	753	1253	10
164.0	7930	29	27	8954	29	718	1386	12
164.0	7582	17	17	8955	17	1247	880	9
164.0	7186	24	22	8956	26	1079	671	10
164.0	8617	28	23	8957	32	688	1185	19
164.0	7883	13	9	8958	16	614	1223	12
164.0	7082	9	10	8959	8	1121	1862	14
164.0	7549	25	18	8960	30	1164	1481	10
164.0	6847	42	41	8961	40	1044	1719	15
164.0	7456	15	15	8962	14	1253	1438	12
164.0	7663	17	12	8963	22	716	1334	12
164.0	7446	36	35	8964	35	1328	739	11
165.0	7828	15	15	8965	13	848	1134	14
165.0	7691	4	5	8966	3	1139	1211	13
165.0	7652	13	6	8967	20	847	1332	13
165.0	7343	10	5	8968	15	978	1768	9
165.0	6881	15	21	8969	8	712	926	13
165.0	7840	14	11	8970	16	671	1268	12
165.0	8286	30	34	8971	26	798	733	7
165.0	7329	14	15	8972	13	1239	798	11
165.0	7869	12	13	8973	11	1257	1481	12
165.0	7706	16	14	8974	17	241	1128	15
165.0	7068	17	19	8975	12	959	955	11
165.0	7441	9	10	8976	7	1048	1182	13
165.0	7275	27	27	8977	26	511	51	13
165.0	7109	33	37	8978	29	875	1318	13
165.0	7044	22	18	8979	23	742	489	11
165.0	8073	36	35	8980	33	1122	1546	17
165.0	7286	6	5	8981	7	1245	1298	11
165.0	7666	5	2	8982	8	515	889	12
165.0	6959	11	11	8983	9	719	685	10
165.0	7151	18	23	8984	13	587	929	9
165.0	6998	12	14	8985	10	859	401	10
165.0	7116	14	11	8986	17	1034	1389	17
165.0	6994	23	28	8987	16	1022	938	9
165.0	7431	39	31	8988	46	1959	1469	14
165.0	7236	23	16	8989	29	1127	702	13
165.0	7001	11	10	8990	10	985	906	10
165.0	7461	10	6	8991	14	1177	1346	9
165.0	7847	12	9	8992	14	574	849	8
165.0	7762	54	50	8993	50	826	970	17
165.0	7152	14	18	8994	10	1157	637	15
165.0	8639	18	14	8995	19	1065	1456	14
165.0	7920	27	27	8996	27	535	1177	15
165.0	7300	18	16	8997	20	965	1563	15
165.0	6960	48	44	8998	47	477	0	12
165.0	7718	28	25	8999	27	1381	1077	17
165.0	7409	22	21	9000	22	1160	736	12
165.0	7824	11	14	9001	8	1117	451	12
165.0	7271	18	17	9002	19	1224	1332	15
165.0	7191	14	8	9003	17	1352	1287	11
165.0	7161	9	11	9004	7	932	613	10
165.0	7218	7	7	9005	7	969	325	8
165.0	7594	13	16	9006	10	493	827	11
165.0	7351	9	8	9007	9	1458	1702	14
165.0	6993	19	17	9008	21	766	564	7
165.0	7013	22	21	9009	20	1069	618	11
165.0	7336	18	24	9010	9	924	1451	9
165.0	7966	13	9	9011	17	843	562	7
165.0	7290	14	12	9012	14	742	738	13
165.0	8060	14	19	9013	9	983	1365	15
165.0	8175	35	37	9014	32	632	793	12
165.0	8392	15	13	9015	15	768	736	14
165.0	6859	14	11	9016	15	1178	893	12
165.0	7631	33	29	9017	34	1592	968	9
165.0	7685	16	17	9018	15	1234	718	11
165.0	7221	14	15	9019	13	726	1014	11
165.0	8328	3	3	9020	3	1243	1045	13
165.0	8124	8	7	9021	9	675	866	11
165.0	7726	23	28	9022	16	632	1143	13
165.0	7123	36	36	9023	35	1999	1299	16
165.0	6978	18	14	9024	21	340	833	10
165.0	7904	22	19	9025	25	831	729	17
165.0	8503	16	18	9026	12	1327	1035	19
165.0	7520	15	11	9027	19	772	1373	12
165.0	6894	5	4	9028	5	1209	689	12
165.0	8128	16	10	9029	20	1440	1228	13
165.0	8116	15	14	9030	16	1218	807	10
165.0	7046	28	27	9031	28	1020	1338	15
165.0	7702	26	29	9032	22	1341	959	10
165.0	7226	32	32	9033	29	1165	1739	14
165.0	7573	41	37	9034	44	417	657	13
165.0	8152	25	23	9035	25	1222	607	8
166.0	8192	13	11	9036	13	895	848	12
166.0	7538	5	6	9037	4	1102	615	10
166.0	7214	23	24	9038	21	645	461	7
166.0	7252	2	4	9039	0	1257	1224	12
166.0	7828	15	14	9040	16	848	1134	15
166.0	6870	26	14	9041	37	821	1557	10
166.0	8056	16	13	9042	19	1105	832	11
166.0	7977	23	20	9043	26	1587	1636	11
166.0	6917	19	20	9044	18	768	614	11
166.0	7748	17	15	9045	18	1308	867	9
166.0	8607	17	14	9046	20	908	1629	13
166.0	6962	3	3	9047	3	764	779	15
166.0	7850	12	11	9048	13	787	829	9
166.0	7132	12	12	9049	12	1093	1798	16
166.0	7729	5	7	9050	2	885	1227	14
166.0	7901	23	25	9051	20	1305	1402	10
166.0	7231	18	19	9052	14	768	685	13
166.0	7407	40	39	9053	39	1139	1568	18
166.0	8234	18	14	9054	21	736	1071	13
166.0	7021	12	8	9055	16	674	1093	11
166.0	7805	22	21	9056	19	1393	1287	15
166.0	7057	18	23	9057	13	826	1477	19
166.0	7165	29	28	9058	28	760	1127	12
166.0	7630	7	8	9059	6	586	892	12
166.0	7518	15	11	9060	19	463	1148	12
166.0	7045	7	4	9061	10	809	584	8
166.0	7647	33	38	9062	27	984	1265	13
166.0	8213	10	9	9063	11	679	938	14
166.0	7990	20	17	9064	22	1315	1199	14
166.0	7811	11	12	9065	10	1029	868	12
166.0	8317	13	9	9066	17	1017	848	13
166.0	7440	18	17	9067	17	552	1216	11
166.0	7818	11	12	9068	8	1304	1129	13
166.0	7328	9	10	9069	7	1236	747	9
166.0	7070	3	3	9070	3	1192	1354	11
166.0	7264	12	11	9071	13	859	781	11
166.0	7550	11	9	9072	13	796	671	11
166.0	7300	16	16	9073	15	965	1563	16
166.0	7803	17	14	9074	18	706	995	9
166.0	7920	27	29	9075	23	535	1177	16
166.0	7862	17	16	9076	18	1367	1047	17
166.0	7235	21	24	9077	17	1195	1630	13
166.0	7316	15	13	9078	16	1267	1669	15
166.0	7257	29	32	9079	26	603	801	12
166.0	7694	25	25	9080	23	1221	1268	11
166.0	7819	27	22	9081	30	1174	1466	11
166.0	7418	5	2	9082	8	774	1255	14
166.0	7046	27	30	9083	24	1020	1338	16
166.0	6950	15	15	9084	14	1274	908	10
166.0	7014	14	17	9085	10	717	1260	13
166.0	7069	6	6	9086	5	707	767	11
166.0	6996	14	14	9087	13	1275	1148	10
166.0	6866	14	17	9088	9	570	1098	13
166.0	7268	14	16	9089	12	977	1307	13
166.0	7177	14	8	9090	19	1327	1471	10
166.0	8230	11	11	9091	10	1286	1164	11
166.0	7594	16	22	9092	10	493	827	12
166.0	6894	4	4	9093	4	1209	689	13
166.0	7516	16	15	9094	17	906	578	16
166.0	7666	2	1	9095	3	515	889	13
166.0	7275	27	22	9096	30	440	19	14
166.0	6911	9	10	9097	8	798	859	10
166.0	7336	24	29	9098	19	924	1451	10
166.0	8617	23	25	9099	21	688	1185	20
166.0	8152	23	26	9100	19	1222	607	9
166.0	7306	20	18	9101	22	1192	1027	11
166.0	8326	10	12	9102	8	759	1053	15
166.0	7788	11	10	9103	12	994	610	10
166.0	7863	23	16	9104	29	668	1178	17
166.0	7337	10	10	9105	9	662	1115	12
166.0	6908	10	14	9106	6	587	823	9
166.0	8005	5	3	9107	7	1212	632	12
166.0	8744	11	8	9108	14	742	1028	17
166.0	7366	12	7	9109	17	1070	1357	13
166.0	7840	11	12	9110	10	659	1280	13
166.0	6940	11	11	9111	9	1108	1784	16
167.0	7446	35	32	9112	36	1328	739	12
167.0	8564	20	21	9113	18	1136	1751	14
167.0	8276	2	3	9114	1	556	712	13
167.0	7335	15	20	9115	10	1228	1736	10
167.0	8059	15	17	9116	13	888	418	14
167.0	8342	21	24	9117	18	1234	1425	10
167.0	6866	17	18	9118	16	570	1098	14
167.0	7064	6	6	9119	6	1195	1871	14
167.0	7427	23	13	9120	27	635	834	6
167.0	7456	15	15	9121	15	1253	1438	13
167.0	7327	10	14	9122	6	1013	1614	16
167.0	7402	34	33	9123	32	520	994	11
167.0	7628	7	5	9124	9	1108	769	13
167.0	7197	20	11	9125	27	615	969	9
167.0	7743	18	15	9126	20	715	566	15
167.0	8082	29	31	9127	26	1054	492	9
167.0	7217	18	19	9128	15	922	1039	12
167.0	7211	2	1	9129	3	1339	1114	16
167.0	7967	31	28	9130	33	543	479	8
167.0	7182	18	20	9131	14	819	1147	15
167.0	8056	13	8	9132	17	1105	832	12
167.0	7071	17	19	9133	15	920	1618	13
167.0	8182	18	19	9134	15	1396	863	9
167.0	7800	28	25	9135	30	1322	1589	11
167.0	6914	13	10	9136	15	937	1007	14
167.0	7099	28	25	9137	31	619	1478	13
167.0	7787	17	14	9138	19	1228	1503	10
167.0	7552	17	17	9139	16	1214	1412	15
167.0	7468	9	9	9140	8	555	979	10
167.0	7058	9	8	9141	9	976	1169	14
167.0	7717	17	17	9142	17	1047	1503	13
167.0	7917	22	24	9143	19	920	716	14
167.0	7763	10	12	9144	8	1293	1565	12
167.0	8166	14	11	9145	16	733	1373	12
167.0	7156	22	17	9146	26	1087	1562	10
167.0	8084	29	28	9147	29	732	1412	12
167.0	6977	30	26	9148	32	1154	600	10
167.0	7679	29	33	9149	25	956	1602	14
167.0	7226	32	33	9150	31	1165	1739	15
167.0	7222	17	15	9151	18	1707	1316	11
167.0	7703	14	13	9152	15	1105	1535	11
167.0	8086	16	18	9153	11	1300	1545	12
167.0	8317	9	9	9154	9	1017	848	14
167.0	7199	28	26	9155	30	1615	1159	11
167.0	6943	11	10	9156	11	649	1085	14
167.0	7809	15	14	9157	15	1051	1616	15
167.0	7176	12	14	9158	10	603	1144	14
167.0	7914	9	6	9159	12	1310	957	10
167.0	8830	17	13	9160	21	915	658	10
167.0	8179	13	8	9161	18	1240	1533	13
167.0	7659	41	38	9162	42	714	1140	13
167.0	7811	12	10	9163	13	1029	868	13
167.0	7965	12	7	9164	16	707	967	10
167.0	8435	25	19	9165	30	1264	706	11
167.0	8463	8	8	9166	6	1259	1084	14
167.0	8183	19	16	9167	22	1123	899	9
167.0	7973	19	14	9168	24	873	1481	10
167.0	7252	4	3	9169	5	1257	1224	13
167.0	8270	22	24	9170	16	945	1534	13
167.0	8747	38	35	9171	41	476	28	12
167.0	8209	25	29	9172	20	840	626	11
167.0	7425	21	16	9173	22	1035	1525	13
167.0	7770	27	26	9174	24	1049	549	11
167.0	7908	8	4	9175	12	1327	869	9
167.0	7899	25	27	9176	23	1245	676	9
167.0	6899	25	21	9177	29	805	1264	15
167.0	8259	14	16	9178	12	583	1054	11
167.0	8080	9	7	9179	11	727	1234	16
167.0	8892	15	16	9180	11	778	563	8
167.0	7013	21	14	9181	27	1069	618	12
167.0	6958	16	16	9182	16	1094	1441	11
167.0	7045	4	3	9183	4	809	584	9
168.0	7555	13	13	9184	12	1181	776	7
168.0	7914	6	8	9185	4	1310	957	11
168.0	7476	29	28	9186	30	554	1027	13
168.0	7976	25	24	9187	26	932	1508	17
168.0	7869	13	15	9188	11	1257	1481	13
168.0	7351	8	7	9189	7	1458	1702	15
168.0	7998	14	11	9190	16	725	1288	13
168.0	7546	15	17	9191	12	642	1334	11
168.0	7724	47	51	9192	40	1385	1313	17
168.0	7907	19	17	9193	20	675	1007	9
168.0	7213	7	8	9194	6	1255	977	17
168.0	7633	37	33	9195	40	861	0	10
168.0	8584	12	9	9196	15	1680	1613	11
168.0	7071	19	21	9197	16	920	1618	14
168.0	6906	27	31	9198	22	938	1138	12
168.0	7651	8	6	9199	10	435	777	12
168.0	7009	34	39	9200	27	606	1459	9
168.0	8564	21	22	9201	20	1136	1751	15
168.0	9010	9	12	9202	6	884	1462	10
168.0	7759	11	13	9203	9	1336	943	16
168.0	7087	6	5	9204	6	1299	1234	14
168.0	7357	24	20	9205	28	648	1217	11
168.0	7187	15	12	9206	18	1188	1112	13
168.0	7758	14	10	9207	18	1066	725	9
168.0	6952	34	33	9208	34	542	1125	14
168.0	7376	11	14	9209	8	1288	1017	17
168.0	7895	16	14	9210	17	739	1496	11
168.0	7131	15	15	9211	15	663	935	12
168.0	8417	26	24	9212	27	768	598	10
168.0	8056	8	8	9213	8	1105	832	13
168.0	7926	6	9	9214	3	1053	797	9
168.0	7152	18	15	9215	20	1157	637	16
168.0	7733	21	24	9216	16	932	533	10
168.0	6976	5	8	9217	2	1267	1625	10
168.0	7676	6	5	9218	7	1453	1287	11
168.0	7588	24	20	9219	26	803	1458	15
168.0	7515	11	12	9220	9	582	872	10
168.0	6881	21	18	9221	23	712	926	14
168.0	7603	21	26	9222	16	1285	670	10
168.0	7217	19	20	9223	18	922	1039	13
168.0	7919	23	27	9224	19	1027	1580	15
168.0	7986	10	6	9225	12	645	886	6
168.0	7077	10	8	9226	10	725	654	8
168.0	7483	12	12	9227	11	1162	754	10
168.0	7472	41	33	9228	47	1215	827	15
168.0	8013	6	5	9229	7	1384	1184	16
168.0	7109	37	43	9230	29	875	1318	14
168.0	7829	20	20	9231	19	1378	898	10
168.0	8502	21	19	9232	19	1238	1368	15
168.0	8507	20	18	9233	22	500	403	14
168.0	6938	37	36	9234	37	934	1089	17
168.0	8040	8	6	9235	10	1136	1866	14
168.0	7775	5	5	9236	5	1319	1051	14
168.0	7283	2	1	9237	3	571	905	13
168.0	7618	15	14	9238	16	1223	681	14
168.0	8090	10	7	9239	13	947	1225	15
168.0	7315	17	17	9240	13	1099	1521	12
168.0	8303	34	21	9241	45	1258	1568	13
168.0	8476	15	17	9242	13	639	1069	13
168.0	7101	10	10	9243	10	651	768	12
168.0	7132	12	13	9244	10	1093	1798	17
168.0	7770	26	25	9245	24	1049	549	12
168.0	7860	20	18	9246	21	1027	630	10
168.0	7428	20	21	9247	19	836	680	11
168.0	7961	4	4	9248	4	693	728	11
168.0	7839	10	8	9249	12	947	818	12
168.0	7872	41	52	9250	28	1320	1167	18
169.0	7087	5	5	9251	4	1299	1234	15
169.0	7526	6	5	9252	7	1059	1280	9
169.0	7338	17	13	9253	21	1125	1789	17
169.0	7743	15	15	9254	14	715	566	16
169.0	8857	6	5	9255	7	728	1119	12
169.0	7081	18	21	9256	15	896	1268	14
169.0	6863	25	26	9257	22	878	459	12
169.0	6997	17	17	9258	16	934	1486	10
169.0	7101	10	9	9259	10	651	768	13
169.0	8271	20	18	9260	22	1149	806	14
169.0	7175	15	12	9261	16	1161	789	10
169.0	8373	9	7	9262	11	1156	656	14
169.0	8425	10	5	9263	15	1328	1074	14
169.0	7186	22	22	9264	20	1079	671	11
169.0	7655	11	11	9265	10	899	894	11
169.0	7208	25	25	9266	21	1341	1239	15
169.0	7085	21	20	9267	20	905	1353	13
169.0	8615	14	14	9268	14	637	994	10
169.0	7418	2	1	9269	2	774	1255	15
169.0	7928	16	19	9270	13	1269	754	9
169.0	8150	18	19	9271	17	604	943	10
169.0	8418	4	3	9272	5	725	744	11
169.0	8423	27	24	9273	28	1035	1593	13
169.0	7515	12	12	9274	12	582	872	11
169.0	7738	23	20	9275	26	1293	1317	16
169.0	7719	7	7	9276	7	814	857	13
169.0	7209	28	25	9277	31	949	1291	11
169.0	7124	36	33	9278	34	1139	1411	11
169.0	7630	8	7	9279	9	586	892	13
169.0	7571	2	3	9280	1	1188	1857	15
169.0	7359	8	6	9281	9	664	967	10
169.0	8144	19	13	9282	24	1119	483	11
169.0	7050	28	29	9283	27	911	120	9
169.0	7362	21	22	9284	18	964	1089	13
169.0	7984	25	21	9285	28	1095	689	13
169.0	6913	20	19	9286	18	1184	1568	12
169.0	7851	21	19	9287	22	1291	786	9
169.0	7469	20	24	9288	15	1421	1129	7
169.0	6979	33	37	9289	27	1719	1537	15
169.0	7096	10	8	9290	12	1077	1299	12
169.0	7839	8	7	9291	6	947	818	13
169.0	7017	12	12	9292	11	1481	1514	12
170.0	7646	12	13	9293	10	875	1363	11
170.0	7506	5	5	9294	4	1219	808	10
170.0	8564	22	26	9295	17	1136	1751	16
170.0	8126	25	22	9296	25	1118	1698	16
170.0	7748	15	15	9297	13	1308	867	10
170.0	7825	19	19	9298	18	1418	1415	9
170.0	8107	3	2	9299	4	1422	1055	15
170.0	7955	16	15	9300	17	1093	1769	16
170.0	7876	25	22	9301	27	1269	1381	15
170.0	6851	33	32	9302	32	336	1075	15
170.0	7966	9	6	9303	11	843	562	8
170.0	7495	24	24	9304	22	1126	567	9
170.0	7711	27	32	9305	21	696	1482	14
170.0	7125	15	13	9306	15	1137	910	11
170.0	6971	14	18	9307	10	1217	1293	10
170.0	7040	4	3	9308	5	1240	1147	13
170.0	7627	5	4	9309	6	593	1075	11
170.0	7363	24	17	9310	29	176	1385	13
170.0	7353	12	9	9311	15	814	1199	14
170.0	7893	21	22	9312	18	1186	669	12
170.0	8557	45	43	9313	45	1720	1643	12
170.0	7047	22	18	9314	26	777	766	9
170.0	8298	24	25	9315	21	1454	1364	10
170.0	7535	14	10	9316	18	1457	816	10
170.0	8984	13	12	9317	14	537	955	10
170.0	7665	20	17	9318	21	964	716	15
170.0	7831	29	31	9319	26	1384	1533	11
170.0	7934	29	30	9320	28	964	612	13
170.0	6961	13	11	9321	14	1177	1625	12
170.0	8267	10	10	9322	10	665	627	8
170.0	8081	13	9	9323	17	1076	1770	17
170.0	8443	21	18	9324	22	585	986	11
170.0	7081	21	24	9325	18	896	1268	15
170.0	7903	27	27	9326	24	654	1461	10
170.0	7996	8	6	9327	10	1078	873	9
170.0	7273	39	38	9328	37	205	649	7
170.0	7900	13	14	9329	11	737	550	8
170.0	8892	16	14	9330	18	765	550	9
170.0	7513	15	18	9331	11	660	1045	13
170.0	7062	13	16	9332	8	479	908	10
170.0	7678	21	19	9333	23	489	1662	11
170.0	7769	19	18	9334	18	1111	598	10
170.0	8906	24	22	9335	26	871	1438	14
170.0	8569	15	16	9336	14	1077	1667	15
170.0	8117	9	7	9337	10	1257	911	17
170.0	8221	15	15	9338	14	365	868	9
170.0	7607	12	14	9339	9	769	1423	16
170.0	7266	8	5	9340	10	455	808	12
170.0	8389	15	14	9341	13	639	1029	12
170.0	7146	34	33	9342	35	1195	1999	14
170.0	7617	6	3	9343	9	1112	1681	15
170.0	7976	24	23	9344	24	919	1521	18
170.0	8109	30	29	9345	29	345	922	12
170.0	8123	27	30	9346	21	1041	1763	14
170.0	7927	11	9	9347	13	865	526	9
170.0	8415	7	10	9348	4	1198	627	13
170.0	7319	12	12	9349	12	1100	1229	8
170.0	6950	15	15	9350	15	1278	894	11
170.0	8076	32	22	9351	39	1209	1483	11
170.0	8429	23	19	9352	26	1008	1140	12
170.0	8584	9	7	9353	11	1680	1613	12
170.0	7394	27	28	9354	25	1195	829	7
170.0	7518	11	12	9355	10	463	1148	13
170.0	8092	7	6	9356	8	1132	1625	11
170.0	7851	19	20	9357	17	1291	786	10
170.0	7440	17	23	9358	11	552	1216	12
170.0	7144	15	17	9359	12	1315	1364	15
170.0	7362	22	25	9360	18	964	1089	14
170.0	8040	6	5	9361	7	1143	1901	15
170.0	7507	11	11	9362	8	558	1026	9
170.0	8410	9	12	9363	5	518	932	13
170.0	7489	14	13	9364	15	654	997	10
170.0	7747	25	28	9365	20	929	686	12
170.0	7096	8	7	9366	9	1077	1299	13
170.0	7406	14	13	9367	14	1013	1511	8
170.0	8095	18	20	9368	16	870	706	11
170.0	7460	13	13	9369	12	870	645	11
170.0	6920	3	1	9370	4	1049	1270	10
170.0	7260	4	7	9371	1	1137	1251	12
170.0	7297	15	15	9372	14	1276	1352	9
170.0	8231	32	32	9373	32	1089	1617	10
170.0	7930	27	26	9374	26	697	1404	13
171.0	8564	26	34	9375	17	1136	1751	17
171.0	7245	25	28	9376	21	912	1597	11
171.0	7093	19	16	9377	22	757	1581	15
171.0	7637	19	24	9378	14	1051	599	11
171.0	8559	14	14	9379	13	433	866	10
171.0	7163	28	28	9380	24	828	1335	12
171.0	7440	23	26	9381	20	552	1216	13
171.0	8189	35	27	9382	40	1312	1455	12
171.0	7711	32	28	9383	35	696	1482	15
171.0	7338	13	14	9384	12	1125	1789	18
171.0	7878	18	23	9385	13	1427	914	11
171.0	7121	11	11	9386	11	1282	998	11
171.0	8315	27	32	9387	22	1320	1346	16
171.0	7649	15	16	9388	14	936	650	10
171.0	7697	10	12	9389	8	1036	1660	17
171.0	6922	5	5	9390	4	677	972	11
171.0	7825	19	16	9391	21	1418	1415	10
171.0	7870	36	32	9392	38	1488	1303	12
171.0	7928	19	17	9393	20	1269	754	10
171.0	8435	19	19	9394	18	1277	673	12
171.0	7617	3	3	9395	2	1112	1681	16
171.0	6993	17	15	9396	17	753	525	8
171.0	8052	31	27	9397	32	1040	1564	9
171.0	7115	9	10	9398	8	1027	785	7
171.0	8780	14	12	9399	15	691	515	15
171.0	7385	10	7	9400	13	988	511	10
171.0	8548	24	20	9401	27	767	1624	14
171.0	6941	27	33	9402	20	979	746	17
171.0	8342	24	20	9403	26	1234	1425	11
171.0	7754	5	4	9404	5	1226	1076	14
171.0	7731	18	18	9405	17	679	1229	12
171.0	7353	9	8	9406	10	814	1199	15
171.0	7071	21	22	9407	19	920	1618	15
171.0	7504	17	19	9408	15	631	894	12
171.0	7532	14	14	9409	13	1165	673	11
171.0	8172	24	28	9410	19	871	1416	14
171.0	9365	20	24	9411	15	929	670	13
171.0	7010	18	14	9412	22	1507	656	12
171.0	8221	15	16	9413	14	365	868	10
171.0	7081	24	25	9414	23	879	1268	16
171.0	7308	15	19	9415	11	959	1177	15
171.0	8007	15	16	9416	12	1167	1694	12
171.0	9180	11	12	9417	10	739	539	9
171.0	9117	18	21	9418	15	1234	1459	11
171.0	8017	6	8	9419	4	1275	948	11
171.0	7539	8	8	9420	8	1522	1045	15
171.0	7379	6	6	9421	6	893	636	14
171.0	7687	18	15	9422	21	739	857	11
171.0	8274	10	12	9423	7	952	1639	12
171.0	7146	33	40	9424	26	1195	1999	15
171.0	7248	24	26	9425	22	518	1083	13
171.0	7328	10	9	9426	11	1255	747	10
171.0	7168	11	10	9427	11	1198	1533	14
171.0	8029	18	20	9428	16	1222	1616	13
171.0	7692	37	39	9429	34	798	1373	19
171.0	7273	38	37	9430	37	134	599	8
171.0	8722	15	13	9431	17	886	1515	10
171.0	8794	19	12	9432	25	1532	1480	17
171.0	8120	3	2	9433	4	629	928	12
171.0	6902	11	10	9434	11	1236	1053	15
171.0	7658	22	22	9435	21	706	1302	14
171.0	6943	10	10	9436	10	649	1103	15
171.0	8339	22	24	9437	19	1289	861	18
171.0	8050	36	38	9438	32	1147	1528	16
171.0	8827	11	12	9439	9	696	715	11
171.0	8443	18	15	9440	21	585	986	12
172.0	7069	6	8	9441	4	707	785	12
172.0	7084	12	7	9442	17	699	1139	14
172.0	8703	14	10	9443	17	1558	1646	13
172.0	8299	12	13	9444	11	830	1445	15
172.0	7958	8	8	9445	8	1298	1061	15
172.0	7658	22	22	9446	22	706	1302	15
172.0	7813	10	15	9447	3	857	614	10
172.0	8450	19	21	9448	16	613	492	7
172.0	8548	20	21	9449	19	767	1624	15
172.0	7942	23	21	9450	22	1402	1195	16
172.0	8435	19	20	9451	17	1277	673	13
172.0	6973	28	36	9452	19	1220	708	10
172.0	8780	12	10	9453	13	691	515	16
172.0	7063	25	21	9454	28	1509	1321	14
172.0	8019	17	13	9455	21	480	807	10
172.0	7422	18	20	9456	16	771	887	7
172.0	7353	8	5	9457	11	814	1199	16
172.0	9105	9	10	9458	6	647	1133	13
172.0	7440	26	23	9459	29	552	1216	14
172.0	8135	29	28	9460	30	1342	1632	12
172.0	8342	20	23	9461	16	1234	1425	12
172.0	7287	16	16	9462	15	971	1468	13
172.0	8815	24	25	9463	23	1003	1665	9
172.0	6886	17	16	9464	18	985	684	16
172.0	8603	21	26	9465	16	1565	1365	11
172.0	8238	5	7	9466	3	1235	1039	13
172.0	7273	37	44	9467	30	134	599	9
172.0	6996	14	8	9468	20	1275	1148	11
172.0	9423	7	5	9469	9	938	1652	13
172.0	8241	6	5	9470	7	950	1397	13
172.0	7359	6	3	9471	6	647	967	11
172.0	8231	32	25	9472	37	1089	1617	11
172.0	8102	34	34	9473	32	402	1445	15
172.0	7443	10	10	9474	10	1158	1345	13
172.0	6892	14	10	9475	17	908	748	14
172.0	8270	24	21	9476	27	958	1547	14
172.0	6893	16	18	9477	14	1007	948	10
172.0	8082	31	31	9478	29	1054	492	10
172.0	6872	22	22	9479	21	1424	870	10
172.0	8218	18	15	9480	20	586	1889	11
172.0	8363	16	20	9481	12	708	1217	12
172.0	8184	17	13	9482	20	1014	1572	16
172.0	7637	24	23	9483	22	1051	599	12
172.0	7520	11	14	9484	7	760	1409	13
172.0	7805	21	23	9485	19	1393	1287	16
172.0	7735	5	3	9486	6	1073	698	9
172.0	8138	13	10	9487	14	1088	1413	12
172.0	6885	30	31	9488	28	1096	1577	11
172.0	6847	41	42	9489	38	1031	1706	16
172.0	7954	12	15	9490	8	1422	1227	13
172.0	8201	22	22	9491	18	838	505	12
172.0	7870	32	39	9492	24	1488	1303	13
172.0	8409	14	11	9493	17	911	1563	14
172.0	8358	25	27	9494	21	792	1317	14
172.0	7634	11	11	9495	10	842	1583	12
172.0	8370	18	17	9496	18	1358	1373	11
172.0	8140	11	11	9497	9	1214	746	9
172.0	8444	4	3	9498	5	1311	1248	14
172.0	9180	12	9	9499	13	739	539	10
172.0	7563	21	23	9500	18	47	902	16
172.0	6993	15	12	9501	16	753	525	9
172.0	8640	13	11	9502	15	650	947	12
172.0	7430	7	7	9503	7	1266	964	13
172.0	7974	16	15	9504	15	487	865	8
172.0	6926	23	26	9505	18	314	1069	14
172.0	7270	7	6	9506	7	662	692	10
172.0	8734	20	21	9507	18	1328	1482	10
172.0	7041	28	22	9508	30	857	1215	19
172.0	7145	9	9	9509	8	626	1113	14
172.0	7498	7	7	9510	7	1202	1388	11
172.0	7993	15	16	9511	12	603	1175	13
172.0	8588	21	20	9512	22	1204	829	7
172.0	8022	17	15	9513	19	1331	738	10
172.0	7132	13	11	9514	13	1093	1798	18
172.0	7950	37	39	9515	35	553	1139	13
172.0	8524	23	29	9516	16	1031	1357	12
172.0	7692	39	35	9517	39	798	1373	20
172.0	8613	24	27	9518	19	1528	1405	12
172.0	6975	24	15	9519	30	861	1707	15
172.0	7265	6	6	9520	6	1301	1086	15
172.0	8303	21	20	9521	21	1258	1568	14
173.0	8043	13	16	9522	9	1543	1646	13
173.0	7084	7	7	9523	6	699	1139	15
173.0	8050	38	33	9524	43	1147	1528	17
173.0	7947	15	15	9525	14	412	346	12
173.0	8200	9	8	9526	9	828	639	13
173.0	8637	17	10	9527	23	1377	834	10
173.0	8834	15	15	9528	14	273	1128	15
173.0	8419	29	22	9529	34	1915	1309	13
173.0	7349	20	14	9530	21	588	1155	15
173.0	7937	12	10	9531	14	1215	1848	14
173.0	7749	25	31	9532	18	800	12	9
173.0	6951	20	20	9533	20	1055	1419	12
173.0	9423	5	4	9534	6	938	1652	14
173.0	7062	16	13	9535	19	479	908	11
173.0	7806	16	15	9536	17	605	717	10
173.0	8489	5	3	9537	7	1453	1287	13
173.0	8311	4	4	9538	3	1148	1262	12
173.0	6897	5	4	9539	5	1367	1197	17
173.0	7630	7	6	9540	8	586	892	14
173.0	8491	36	41	9541	30	1448	1427	13
173.0	8000	18	19	9542	17	874	756	11
173.0	7351	7	5	9543	9	1490	1684	16
173.0	8132	19	13	9544	22	1374	856	11
173.0	7355	18	17	9545	19	1298	840	10
173.0	6908	14	15	9546	12	587	804	10
173.0	6877	17	18	9547	16	928	1742	18
173.0	7542	16	15	9548	17	675	191	8
173.0	7658	22	21	9549	21	706	1302	16
173.0	8563	24	30	9550	17	930	1437	9
173.0	8270	21	18	9551	24	958	1547	15
173.0	7332	33	26	9552	38	1586	1457	11
173.0	8378	29	20	9553	36	1456	837	10
173.0	8006	22	24	9554	16	1373	1433	14
173.0	8515	14	14	9555	14	1356	820	10
173.0	8236	13	10	9556	16	466	830	10
173.0	7283	1	1	9557	1	571	905	14
173.0	7175	12	10	9558	13	1161	789	11
173.0	8511	11	9	9559	12	456	764	9
173.0	7826	33	24	9560	38	599	1213	15
173.0	8882	21	15	9561	24	833	1427	15
173.0	7277	6	4	9562	7	909	546	10
173.0	7879	6	4	9563	8	618	962	11
173.0	6916	23	23	9564	22	1143	1649	13
173.0	7573	37	39	9565	33	417	657	14
173.0	7331	8	9	9566	7	688	1264	13
173.0	9180	9	10	9567	8	739	539	11
173.0	7942	21	19	9568	23	1415	1208	17
173.0	7550	9	11	9569	7	785	682	12
173.0	7123	36	33	9570	38	1999	1299	17
173.0	6870	14	15	9571	12	821	1557	11
173.0	7015	25	28	9572	21	1228	930	16
173.0	8364	13	13	9573	12	1322	1417	11
173.0	8218	15	16	9574	11	586	1889	12
173.0	8867	6	6	9575	6	616	753	12
173.0	8941	9	7	9576	11	1076	638	12
173.0	8075	11	11	9577	11	1321	939	16
173.0	6883	18	21	9578	12	651	235	14
173.0	8881	23	24	9579	20	679	1302	11
173.0	7214	24	26	9580	20	645	461	8
173.0	7662	23	22	9581	21	1000	1634	9
173.0	7596	30	22	9582	36	1109	744	14
173.0	9011	17	15	9583	18	817	536	8
173.0	7104	32	31	9584	31	424	840	12
173.0	7615	21	18	9585	21	950	969	9
173.0	7693	18	17	9586	19	1222	1588	13
173.0	6963	9	9	9587	7	1354	943	11
173.0	8016	14	14	9588	13	412	371	13
173.0	8278	6	6	9589	6	729	1040	15
173.0	8071	23	21	9590	24	667	1346	14
174.0	7712	20	25	9591	15	959	636	13
174.0	6963	9	11	9592	7	1354	943	12
174.0	7157	16	13	9593	19	769	646	10
174.0	8137	17	20	9594	11	899	1338	11
174.0	8205	17	24	9595	10	707	1447	9
174.0	7023	24	26	9596	21	975	1734	15
174.0	7734	23	23	9597	23	1693	1494	11
174.0	7743	15	11	9598	19	703	578	17
174.0	8629	15	14	9599	15	921	559	11
174.0	7049	27	29	9600	25	669	1370	13
174.0	8037	10	10	9601	10	895	1396	13
174.0	7663	12	12	9602	12	697	1349	13
174.0	7427	13	15	9603	11	635	834	7
174.0	8033	13	16	9604	10	1119	625	13
174.0	7544	11	12	9605	9	457	1271	13
174.0	8226	14	17	9606	11	1302	1639	10
174.0	8032	2	3	9607	1	1358	1134	14
174.0	7764	12	14	9608	9	1047	625	12
174.0	7770	25	22	9609	28	1049	549	13
174.0	7076	18	16	9610	20	1329	898	10
174.0	9404	5	6	9611	4	1235	1066	15
174.0	8025	22	23	9612	20	958	1446	9
174.0	7141	25	22	9613	28	1129	1523	11
174.0	8053	3	3	9614	3	1369	1099	15
174.0	8159	13	13	9615	13	994	1571	15
174.0	7570	22	23	9616	21	1004	1498	13
174.0	8218	16	15	9617	16	586	1889	13
174.0	9011	15	9	9618	20	817	536	9
174.0	7800	25	21	9619	29	1322	1589	12
174.0	8378	20	20	9620	20	1456	837	11
174.0	7933	13	15	9621	11	575	744	11
174.0	8882	15	21	9622	8	833	1427	16
174.0	7998	11	10	9623	12	725	1288	14
174.0	7894	17	14	9624	20	1235	1759	10
174.0	8364	13	10	9625	14	1322	1417	12
174.0	8200	8	5	9626	10	828	639	14
174.0	8838	19	20	9627	18	1147	1716	16
174.0	9369	12	11	9628	13	854	611	12
174.0	6922	5	3	9629	7	677	972	12
174.0	7428	21	15	9630	27	836	680	12
174.0	8901	15	14	9631	14	1125	1649	13
174.0	8672	27	30	9632	23	756	1334	12
174.0	8343	28	28	9633	28	909	1422	15
174.0	7731	18	10	9634	25	675	1242	13
174.0	7360	23	25	9635	20	1404	1361	14
174.0	7349	14	15	9636	12	588	1136	16
174.0	8687	6	6	9637	5	660	846	7
174.0	7624	23	18	9638	25	1399	1395	13
174.0	7947	15	12	9639	16	412	346	13
174.0	8472	14	14	9640	14	1178	1189	12
174.0	8115	16	16	9641	16	1337	1349	11
174.0	7679	33	33	9642	33	956	1602	15
174.0	7840	12	13	9643	10	659	1280	14
174.0	8459	16	15	9644	15	1411	999	17
174.0	7536	24	22	9645	22	512	1136	16
174.0	8436	8	6	9646	10	1372	1267	11
174.0	7226	33	27	9647	38	1165	1739	16
174.0	7114	13	12	9648	13	551	956	10
174.0	7899	27	24	9649	28	1259	616	10
174.0	8564	34	37	9650	29	1136	1751	18
174.0	8099	3	3	9651	3	497	741	12
175.0	7539	8	7	9652	9	1561	1053	16
175.0	6894	4	5	9653	3	1209	689	14
175.0	8581	9	11	9654	7	1317	1034	17
175.0	8210	20	14	9655	26	1312	429	12
175.0	8725	9	9	9656	8	760	1317	13
175.0	9014	32	26	9657	36	652	774	13
175.0	8218	15	13	9658	17	586	1889	14
175.0	7729	7	7	9659	7	885	1227	15
175.0	7723	7	7	9660	7	675	746	13
175.0	8227	13	12	9661	13	1373	1517	10
175.0	8211	14	18	9662	10	753	1448	14
175.0	6897	4	2	9663	6	1367	1197	18
175.0	7308	19	16	9664	22	959	1177	16
175.0	7502	19	16	9665	22	714	1409	10
175.0	6924	18	14	9666	20	1099	1744	18
175.0	9095	3	4	9667	2	514	863	14
175.0	7685	17	16	9668	17	1264	703	12
175.0	8108	24	26	9669	22	1116	807	11
175.0	7023	26	17	9670	34	975	1734	16
175.0	9092	10	12	9671	8	502	785	13
175.0	7703	13	15	9672	10	1105	1535	12
175.0	7151	23	25	9673	20	564	929	10
175.0	7475	25	23	9674	25	989	1506	17
175.0	7430	7	8	9675	6	1266	964	14
175.0	8031	6	5	9676	7	1508	1210	12
175.0	8530	25	20	9677	26	1285	819	10
175.0	6963	11	12	9678	10	1354	943	13
175.0	8892	14	15	9679	13	765	550	10
175.0	8098	27	30	9680	22	1175	1498	11
175.0	7894	14	15	9681	13	1251	1759	11
175.0	8168	6	5	9682	7	710	1127	12
175.0	8620	6	4	9683	7	1382	1197	17
175.0	8241	5	8	9684	2	950	1397	14
175.0	6893	18	12	9685	23	1007	948	11
175.0	7889	11	9	9686	12	730	829	12
175.0	8459	15	13	9687	16	1411	999	18
175.0	8081	9	10	9688	7	1044	1802	18
175.0	7146	40	38	9689	41	1195	1999	16
175.0	8953	17	15	9690	18	759	1280	11
175.0	8128	10	10	9691	9	1440	1228	14
175.0	9649	28	32	9692	23	1240	616	11
175.0	8273	22	21	9693	22	809	1301	12
175.0	7141	22	19	9694	24	1129	1523	12
175.0	7103	21	20	9695	19	599	829	12
175.0	7324	24	21	9696	26	856	1446	15
175.0	7725	20	26	9697	13	1028	598	10
175.0	8160	37	32	9698	40	512	1038	13
175.0	8122	8	8	9699	6	789	1431	18
175.0	8033	16	20	9700	12	1119	625	14
175.0	7013	14	13	9701	15	1080	607	13
175.0	7597	28	23	9702	32	885	939	11
175.0	6950	15	11	9703	19	1278	894	12
175.0	8491	41	34	9704	46	1448	1427	14
175.0	7496	9	8	9705	10	816	1079	14
175.0	6960	44	42	9706	44	471	0	13
175.0	7456	15	19	9707	11	1270	1438	14
175.0	9343	9	9	9708	9	1112	1711	16
175.0	7933	15	13	9709	17	575	744	12
175.0	7349	15	16	9710	14	588	1136	17
175.0	7299	15	17	9711	13	1310	881	17
175.0	7653	19	15	9712	23	940	1768	16
175.0	8564	37	27	9713	45	1136	1751	19
175.0	7204	24	26	9714	22	1264	1415	11
175.0	7773	14	13	9715	14	1174	584	12
175.0	8125	30	29	9716	28	1477	909	10
175.0	7408	12	12	9717	10	594	1019	10
175.0	8147	13	16	9718	10	488	759	13
175.0	8838	20	24	9719	16	1147	1716	17
175.0	7532	14	13	9720	14	1165	673	12
175.0	7070	3	3	9721	3	1203	1365	12
175.0	8415	10	11	9722	9	1198	627	14
176.0	8153	14	15	9723	10	1198	1169	13
176.0	6965	17	11	9724	20	968	1522	20
176.0	7507	11	10	9725	11	558	1026	10
176.0	7532	13	13	9726	12	1165	673	13
176.0	7192	31	33	9727	29	1047	766	17
176.0	8506	10	8	9728	11	1345	645	11
176.0	8747	35	29	9729	39	476	28	13
176.0	7475	23	22	9730	24	989	1506	18
176.0	6911	10	10	9731	10	798	859	11
176.0	7870	39	42	9732	35	1488	1303	14
176.0	7103	20	16	9733	23	599	829	13
176.0	7972	10	8	9734	12	921	1577	12
176.0	8069	9	9	9735	9	980	608	10
176.0	8889	14	16	9736	12	809	1267	14
176.0	8453	16	19	9737	13	1343	1545	15
176.0	7356	16	12	9738	20	1163	1267	11
176.0	8079	25	30	9739	20	857	1561	12
176.0	8315	32	35	9740	27	1320	1346	17
176.0	7730	25	26	9741	23	1184	1601	17
176.0	7407	39	36	9742	41	1146	1582	19
176.0	7518	12	11	9743	13	463	1148	14
176.0	8561	32	33	9744	30	1543	1307	13
176.0	7681	14	15	9745	13	688	778	12
176.0	7062	13	12	9746	13	479	908	12
176.0	7892	13	10	9747	16	1368	1330	12
176.0	8529	18	19	9748	17	952	1618	12
176.0	7933	13	15	9749	11	575	744	13
176.0	8126	22	22	9750	21	1105	1741	17
176.0	7096	7	6	9751	8	1077	1299	14
176.0	7685	16	9	9752	22	1264	703	13
176.0	8248	26	29	9753	20	1233	1566	14
176.0	7869	15	18	9754	12	1257	1481	14
176.0	8880	22	23	9755	21	1047	536	11
176.0	7768	25	28	9756	21	796	637	10
176.0	7392	19	15	9757	21	973	1697	15
176.0	7044	18	20	9758	16	742	471	12
176.0	9105	10	10	9759	8	647	1133	14
176.0	8863	9	7	9760	9	716	614	11
176.0	7894	15	13	9761	17	1251	1759	12
176.0	7724	51	63	9762	37	1385	1313	18
176.0	8326	12	11	9763	11	759	1053	16
176.0	8353	9	11	9764	5	1205	1793	17
176.0	8882	21	21	9765	20	833	1427	17
176.0	7723	7	5	9766	9	675	746	14
176.0	7276	18	15	9767	19	1360	837	10
176.0	7167	17	19	9768	15	616	1247	13
176.0	8722	13	18	9769	8	873	1528	11
176.0	8426	23	22	9770	24	948	1502	18
176.0	8303	20	19	9771	20	1286	1596	15
176.0	7472	33	31	9772	35	1249	844	16
176.0	7920	29	27	9773	30	516	1177	17
176.0	6973	36	35	9774	34	1235	693	11
176.0	6882	12	12	9775	12	1156	1700	13
176.0	7934	30	23	9776	36	964	612	14
176.0	8582	20	19	9777	20	851	1279	13
176.0	7211	1	2	9778	0	1356	1114	17
176.0	7222	15	17	9779	13	1703	1465	12
176.0	9014	26	24	9780	25	652	774	14
176.0	8209	29	23	9781	33	825	593	12
176.0	8617	25	29	9782	20	688	1185	21
176.0	8637	10	8	9783	12	1394	817	11
177.0	7430	8	7	9784	8	1266	964	15
177.0	8874	10	7	9785	13	1324	1018	18
177.0	8403	18	21	9786	13	1686	1336	12
177.0	7269	15	19	9787	11	677	1221	12
177.0	7024	9	9	9788	9	619	883	7
177.0	8822	7	8	9789	6	612	1027	14
177.0	7761	18	20	9790	14	1027	1612	13
177.0	7167	19	15	9791	22	616	1247	14
177.0	7642	15	12	9792	18	1406	944	10
177.0	8474	15	16	9793	11	1254	1743	10
177.0	9079	26	24	9794	28	556	798	13
177.0	7559	24	19	9795	26	802	665	12
177.0	8370	17	18	9796	15	1369	1384	12
177.0	8603	26	21	9797	27	1565	1365	12
177.0	8995	19	21	9798	17	1057	1463	15
177.0	7800	21	23	9799	17	1322	1589	13
177.0	8719	30	32	9800	28	1221	1656	13
177.0	7079	12	14	9801	9	1220	1554	9
177.0	8629	14	15	9802	11	921	559	12
177.0	6852	24	17	9803	30	981	1657	12
177.0	8549	36	31	9804	37	1346	1943	13
177.0	8779	13	8	9805	17	248	728	10
177.0	7653	15	13	9806	17	940	1768	17
177.0	8434	12	9	9807	15	1435	943	11
177.0	6998	14	13	9808	15	859	401	11
177.0	9263	15	12	9809	17	1357	1060	15
177.0	9699	6	6	9810	6	773	1446	19
177.0	8078	16	15	9811	12	1165	1813	18
177.0	7563	23	27	9812	18	47	902	17
177.0	7668	16	15	9813	15	628	1305	12
177.0	8951	26	32	9814	20	1023	565	10
177.0	7117	28	28	9815	27	1487	1396	12
177.0	7127	20	22	9816	17	1216	1440	18
177.0	8000	19	18	9817	19	874	756	12
177.0	8071	21	23	9818	18	667	1346	15
177.0	6913	19	16	9819	22	1184	1568	13
177.0	6917	20	18	9820	21	748	614	12
177.0	7402	33	37	9821	28	478	994	12
177.0	8363	20	17	9822	23	708	1217	13
177.0	7812	6	6	9823	6	946	1414	13
177.0	7226	27	27	9824	27	1181	1739	17
177.0	8712	41	35	9825	45	623	1178	17
177.0	7098	9	8	9826	8	1401	1344	14
177.0	7146	38	34	9827	40	1195	1999	17
177.0	8802	43	52	9828	31	1939	1295	14
177.0	7077	8	12	9829	4	725	654	9
177.0	8006	24	21	9830	27	1373	1433	15
177.0	8017	8	6	9831	9	1275	948	12
177.0	8691	6	6	9832	6	810	1516	17
177.0	7895	14	13	9833	15	739	1539	12
177.0	9288	15	11	9834	17	1444	1189	8
177.0	8648	28	30	9835	25	1463	1534	15
177.0	7711	28	29	9836	24	648	1552	16
177.0	7516	15	13	9837	16	948	536	17
177.0	8476	17	17	9838	15	639	1069	14
177.0	6993	12	10	9839	14	753	525	10
177.0	7575	20	19	9840	21	1474	258	9
177.0	8351	11	16	9841	6	328	844	10
177.0	8169	12	9	9842	14	811	428	12
177.0	8978	29	22	9843	36	858	1356	14
177.0	7082	10	8	9844	11	1121	1902	15
177.0	8205	24	23	9845	24	691	1485	10
177.0	9546	12	17	9846	7	546	782	11
177.0	8607	14	13	9847	14	854	1683	14
177.0	7709	15	18	9848	10	685	1076	12
178.0	7563	27	23	9849	29	47	902	18
178.0	7787	14	9	9850	19	1251	1534	11
178.0	9343	9	10	9851	8	1101	1722	17
178.0	7499	23	27	9852	17	479	929	11
178.0	7079	14	13	9853	14	1239	1554	10
178.0	7127	22	17	9854	25	1216	1440	19
178.0	8198	16	13	9855	19	461	894	9
178.0	9472	37	29	9856	42	1076	1629	12
178.0	8638	18	21	9857	12	1074	551	11
178.0	7226	27	25	9858	27	1181	1739	18
178.0	8271	18	13	9859	21	1149	806	15
178.0	7709	18	16	9860	20	685	1076	13
178.0	8778	10	10	9861	8	1313	703	12
178.0	8227	12	11	9862	13	1373	1517	11
178.0	6941	33	26	9863	40	979	746	18
178.0	7847	9	5	9864	13	518	815	9
178.0	8276	3	4	9865	2	540	696	14
178.0	8507	18	14	9866	22	500	403	15
178.0	7046	30	27	9867	29	1020	1338	17
178.0	7489	13	10	9868	16	654	997	11
178.0	7790	24	25	9869	22	989	643	14
178.0	7631	29	25	9870	29	1718	894	10
178.0	7413	11	11	9871	11	1148	1136	12
178.0	7719	7	8	9872	5	814	857	14
178.0	7113	22	25	9873	19	684	1945	10
178.0	7525	15	17	9874	13	1259	1187	13
178.0	7761	20	18	9875	21	1027	1612	14
178.0	8820	13	14	9876	12	787	1493	19
178.0	7338	14	10	9877	17	1125	1789	19
178.0	9599	15	19	9878	11	921	525	12
178.0	8122	8	10	9879	6	789	1431	19
178.0	6962	3	6	9880	0	749	764	16
178.0	9081	30	28	9881	30	1141	1478	12
178.0	9093	4	4	9882	4	1199	698	14
178.0	7437	15	12	9883	18	408	859	10
178.0	7408	12	13	9884	11	571	1019	11
178.0	8245	22	21	9885	20	864	565	11
178.0	8367	2	0	9886	4	536	1090	11
178.0	7697	12	9	9887	15	1012	1720	18
178.0	7730	26	24	9888	26	1184	1601	18
178.0	8409	11	14	9889	7	894	1563	15
178.0	8460	26	21	9890	31	1875	1305	11
178.0	7479	10	13	9891	7	623	681	11
178.0	7832	8	4	9892	12	83	638	12
178.0	8766	34	36	9893	32	585	1218	11
178.0	8046	25	26	9894	24	818	779	12
178.0	8530	20	19	9895	21	1285	819	11
178.0	7718	25	21	9896	29	1381	1077	18
178.0	9046	20	21	9897	18	828	1620	14
178.0	9092	12	9	9898	14	502	785	14
178.0	8170	17	20	9899	13	1185	491	10
178.0	7423	14	14	9900	14	1403	1318	13
178.0	6985	5	4	9901	6	625	770	17
178.0	7884	25	19	9902	30	590	1565	12
178.0	8491	34	39	9903	29	1448	1427	15
178.0	7770	22	29	9904	13	1062	536	14
178.0	8406	21	20	9905	20	1387	1806	13
178.0	8446	16	13	9906	19	929	438	12
178.0	7844	46	48	9907	44	1147	257	16
178.0	8061	24	24	9908	23	1237	1364	15
178.0	8183	16	11	9909	21	1123	899	10
178.0	7544	12	12	9910	12	341	1337	14
178.0	7098	8	10	9911	6	1401	1344	15
178.0	7952	16	17	9912	14	714	1256	12
178.0	8578	44	44	9913	43	948	772	17
178.0	8609	23	27	9914	18	1341	1267	15
178.0	6975	15	16	9915	14	861	1707	16
178.0	9443	17	19	9916	13	1652	1634	14
178.0	7047	18	15	9917	21	777	766	10
178.0	8398	20	17	9918	23	657	1071	13
178.0	8951	32	36	9919	25	1023	565	11
178.0	7637	23	28	9920	18	1051	599	13
178.0	6852	17	16	9921	18	981	1657	13
178.0	7147	29	36	9922	21	1250	1399	14
179.0	7824	14	11	9923	17	1074	427	13
179.0	7898	20	17	9924	22	1363	1979	14
179.0	6978	14	16	9925	12	360	789	11
179.0	9103	12	9	9926	15	1008	595	11
179.0	8697	17	17	9927	17	1181	1643	12
179.0	8205	23	24	9928	21	691	1485	11
179.0	7237	0	0	9929	0	518	746	13
179.0	7948	16	17	9930	14	1179	966	14
179.0	7168	10	8	9931	11	1297	1576	15
179.0	7014	17	18	9932	16	717	1244	14
179.0	8816	18	20	9933	15	803	1672	11
179.0	7261	11	10	9934	10	529	864	12
179.0	8732	8	6	9935	9	613	573	8
179.0	7544	12	14	9936	10	341	1337	15
179.0	7844	48	49	9937	43	1147	257	17
179.0	7896	25	25	9938	22	974	698	14
179.0	8254	10	10	9939	10	910	669	13
179.0	8781	24	19	9940	27	713	1368	12
179.0	8635	12	17	9941	7	1362	591	9
179.0	7214	26	29	9942	22	645	461	9
179.0	7703	15	15	9943	15	1105	1535	13
179.0	8991	14	13	9944	15	1188	1376	10
179.0	7275	22	21	9945	22	428	31	15
179.0	8246	8	9	9946	6	689	902	12
179.0	8096	17	14	9947	19	947	575	15
179.0	7359	3	3	9948	3	647	967	12
179.0	7691	5	7	9949	3	1139	1211	14
179.0	7044	20	18	9950	22	742	471	13
179.0	8208	9	5	9951	13	569	874	13
179.0	7928	17	16	9952	15	1286	754	11
179.0	7338	10	13	9953	6	1125	1789	20
179.0	8479	25	27	9954	23	1618	1672	11
179.0	8500	10	7	9955	13	1327	924	10
179.0	8092	6	7	9956	5	1132	1625	12
179.0	7931	20	17	9957	22	676	1362	11
179.0	7724	63	51	9958	49	1385	1313	19
179.0	7669	11	10	9959	12	1135	1860	17
179.0	9287	22	16	9960	28	1316	760	10
179.0	8039	17	15	9961	18	592	1375	13
179.0	7363	17	12	9962	21	176	1385	14
179.0	7407	36	32	9963	39	1146	1582	20
179.0	7079	13	12	9964	13	1239	1554	11
179.0	6927	33	33	9965	30	1593	1411	17
179.0	8616	26	24	9966	27	1666	1316	11
179.0	7603	26	18	9967	33	1285	624	11
179.0	8132	13	13	9968	12	1391	839	12
179.0	7357	20	17	9969	23	613	1217	12
179.0	8817	25	24	9970	25	1178	689	11
179.0	8559	14	12	9971	15	433	866	11
179.0	9443	19	21	9972	15	1652	1634	15
179.0	7910	23	22	9973	23	957	1435	10
179.0	7067	23	21	9974	25	641	1374	15
179.0	8272	17	18	9975	14	1114	1507	11
179.0	8365	19	18	9976	18	774	615	12
179.0	8221	16	15	9977	17	343	868	11
179.0	8406	20	18	9978	20	1387	1806	14
179.0	8028	20	17	9979	23	1008	1757	14
179.0	7754	4	4	9980	4	1226	1076	15
179.0	8341	44	43	9981	42	586	1335	14
179.0	7752	26	21	9982	26	1409	1674	10
179.0	9043	26	25	9983	26	1637	1586	12
179.0	7045	3	4	9984	2	785	582	10
179.0	7768	28	27	9985	29	796	637	11
179.0	8151	26	21	9986	31	723	1522	13
179.0	8499	19	20	9987	18	684	1325	15
179.0	7761	18	17	9988	17	1027	1612	15
179.0	8841	8	11	9989	5	1305	796	10
179.0	7218	7	5	9990	8	969	325	9
179.0	9189	7	8	9991	6	1445	1702	16
179.0	7188	17	20	9992	12	1444	958	11
179.0	8623	10	8	9993	11	1248	666	14
179.0	7904	19	22	9994	14	831	729	18
180.0	7057	23	19	9995	27	826	1515	20
180.0	9287	16	16	9996	16	1333	743	11
180.0	8683	35	30	9997	38	970	656	16
180.0	7006	21	17	9998	23	1161	949	18
180.0	8040	5	3	9999	7	1162	1932	16
180.0	7275	21	24	10000	15	428	31	16
180.0	9324	22	22	10001	20	481	1027	12
180.0	7708	21	21	10002	19	891	1951	14
180.0	8821	25	23	10003	27	1450	1387	14
180.0	8485	20	15	10004	23	923	1724	16
180.0	8202	12	12	10005	12	1385	929	10
180.0	8839	22	22	10006	21	977	584	13
180.0	8151	21	23	10007	18	723	1522	14
180.0	8568	13	13	10008	13	1452	996	20
180.0	8269	14	11	10009	16	1486	1018	18
180.0	8028	17	15	10010	17	1008	1757	15
180.0	7931	17	19	10011	15	676	1362	12
180.0	8402	19	21	10012	17	498	908	10
180.0	7928	16	13	10013	19	1286	754	12
180.0	8628	22	23	10014	21	837	560	11
180.0	8388	45	40	10015	50	1021	173	14
180.0	8517	18	19	10016	17	1427	867	10
180.0	7179	23	17	10017	28	525	283	14
180.0	7759	13	11	10018	14	1387	957	17
180.0	8435	20	21	10019	18	1331	496	14
180.0	7539	7	6	10020	8	1614	1105	17
180.0	7918	9	10	10021	8	696	1035	14
180.0	7903	27	23	10022	29	639	1446	11
180.0	7365	15	13	10023	16	1291	1495	14
180.0	7864	9	6	10024	12	928	1361	13
180.0	7009	39	31	10025	46	576	1489	10
180.0	8052	27	27	10026	27	1052	1576	10
180.0	8366	22	21	10027	21	759	625	9
180.0	7678	19	17	10028	20	426	1644	12
180.0	7500	16	13	10029	17	643	647	8
180.0	9127	26	21	10030	28	1044	402	10
180.0	8747	29	32	10031	24	476	28	14
180.0	8446	13	15	10032	11	929	438	13
180.0	7747	28	25	10033	30	929	686	13
180.0	8625	7	8	10034	6	1188	1875	15
180.0	7951	19	15	10035	22	1462	946	16
180.0	8467	7	8	10036	5	958	493	16
180.0	9396	17	13	10037	21	803	477	9
180.0	8816	20	19	10038	19	803	1696	12
180.0	8410	12	8	10039	16	499	932	14
180.0	8179	8	8	10040	7	1313	1564	14
180.0	6998	13	13	10041	13	859	401	12
180.0	7099	25	28	10042	21	622	1571	14
180.0	8221	15	9	10043	21	343	868	12
180.0	8626	22	26	10044	17	1002	1741	17
180.0	8998	47	43	10045	49	444	12	13
180.0	8341	43	47	10046	33	564	1335	15
180.0	9056	19	19	10047	16	1458	1288	16
180.0	8982	8	6	10048	10	502	876	13
180.0	7168	8	9	10049	7	1297	1576	16
180.0	7644	18	17	10050	18	1001	661	8
180.0	8719	32	35	10051	29	1221	1656	14
180.0	7952	17	19	10052	14	714	1256	13
180.0	7974	15	16	10053	14	460	876	9
180.0	7328	9	8	10054	10	1255	747	11
180.0	7607	14	14	10055	13	737	1473	17
180.0	8135	28	29	10056	24	1387	1677	13
180.0	7372	18	17	10057	15	455	823	10
180.0	7446	32	38	10058	26	1456	739	13
180.0	8927	39	40	10059	36	1002	543	17
180.0	6978	16	15	10060	17	360	789	12
180.0	7930	26	21	10061	29	697	1404	14
181.0	8093	19	16	10062	21	1429	1707	13
181.0	8569	16	17	10063	15	1077	1688	16
181.0	8613	27	26	10064	27	1528	1405	13
181.0	7107	6	2	10065	9	1415	1042	16
181.0	7954	15	17	10066	12	1422	1227	14
181.0	8528	25	23	10067	25	577	1401	10
181.0	7103	16	18	10068	14	587	817	14
181.0	7692	35	37	10069	32	798	1373	21
181.0	8816	19	24	10070	13	803	1696	13
181.0	7999	26	25	10071	25	903	576	13
181.0	7209	25	28	10072	21	949	1291	12
181.0	7062	12	11	10073	13	455	908	13
181.0	8417	24	25	10074	22	749	576	11
181.0	7111	25	23	10075	23	646	1302	12
181.0	8911	18	21	10076	15	985	1526	20
181.0	8863	7	5	10077	8	705	603	12
181.0	7506	5	4	10078	6	1219	808	11
181.0	9627	18	15	10079	20	1195	1702	17
181.0	7089	9	8	10080	8	479	718	10
181.0	7883	9	10	10081	8	565	1268	13
181.0	8989	29	25	10082	33	1127	683	14
181.0	8123	30	26	10083	31	980	1824	15
181.0	7290	12	10	10084	11	711	727	14
181.0	7535	10	4	10085	16	1541	805	11
181.0	6924	14	13	10086	14	1060	1783	19
181.0	7303	11	5	10087	17	1363	685	12
181.0	7373	9	12	10088	6	855	638	13
181.0	7335	20	18	10089	21	1228	1736	11
181.0	8236	10	9	10090	9	436	800	11
181.0	8626	26	16	10091	35	1002	1741	18
181.0	8702	23	23	10092	22	1546	1511	10
181.0	9479	21	21	10093	20	1512	781	11
181.0	9129	3	3	10094	3	1409	1127	17
181.0	7642	12	9	10095	14	1406	944	11
181.0	8992	14	11	10096	16	485	805	9
181.0	7150	29	29	10097	27	552	1529	14
181.0	7837	13	10	10098	16	1388	995	15
181.0	8298	25	26	10099	24	1454	1364	11
181.0	8876	16	19	10100	12	1309	520	9
181.0	7343	5	4	10101	6	978	1768	10
181.0	7132	11	12	10102	10	1064	1835	19
181.0	7469	24	18	10103	30	1434	1142	8
181.0	9115	10	8	10104	12	1228	1718	11
181.0	7099	28	30	10105	23	622	1571	15
181.0	8423	24	20	10106	27	1035	1593	14
181.0	8061	24	24	10107	24	1237	1364	16
181.0	7818	12	10	10108	14	1304	1129	14
181.0	8584	7	4	10109	9	1617	1649	13
181.0	8830	13	9	10110	16	951	658	11
181.0	7706	14	14	10111	14	241	1128	16
181.0	7349	16	14	10112	18	588	1136	18
181.0	9112	36	35	10113	35	1429	754	13
181.0	7903	23	18	10114	26	639	1446	12
181.0	8917	14	13	10115	15	1421	692	10
181.0	9226	10	12	10116	7	725	631	9
181.0	7974	16	17	10117	15	460	876	10
181.0	7347	7	6	10118	7	892	728	12
181.0	7407	32	32	10119	30	1146	1582	21
181.0	8768	14	18	10120	9	735	671	13
181.0	8617	29	26	10121	30	688	1185	22
181.0	7893	22	15	10122	29	1231	646	13
181.0	9088	9	8	10123	10	527	1113	14
181.0	7835	30	23	10124	33	1333	1904	13
181.0	8296	20	14	10125	25	836	1159	14
181.0	9365	24	20	10126	24	929	670	14
181.0	6897	2	1	10127	3	1367	1197	19
181.0	7759	11	10	10128	12	1387	957	18
181.0	8203	25	33	10129	16	340	1175	13
181.0	6952	33	34	10130	32	542	1125	15
181.0	7769	18	17	10131	19	1139	564	11
181.0	8086	18	17	10132	19	1354	1519	13
181.0	7618	14	7	10133	19	1296	621	15
181.0	8788	26	25	10134	26	461	116	13
181.0	9155	30	28	10135	31	1624	1168	12
181.0	7365	13	10	10136	14	1291	1495	15
181.0	8489	3	3	10137	3	1466	1274	14
181.0	8238	7	9	10138	5	1246	1028	14
181.0	6853	4	5	10139	3	657	719	14
181.0	7908	4	4	10140	4	1358	866	10
181.0	9096	30	29	10141	30	500	0	15
181.0	8137	20	21	10142	17	899	1338	12
181.0	7663	12	12	10143	11	697	1349	14
181.0	8621	12	13	10144	10	857	1602	12
182.0	8801	15	15	10145	15	1176	618	14
182.0	8316	19	21	10146	16	1275	1582	13
182.0	7050	29	26	10147	31	944	257	10
182.0	7818	10	9	10148	10	1304	1129	15
182.0	8184	13	16	10149	10	1003	1583	17
182.0	8937	6	3	10150	9	760	1516	18
182.0	7152	15	16	10151	12	1157	637	17
182.0	10126	24	28	10152	19	918	659	15
182.0	6917	18	18	10153	17	748	614	13
182.0	8703	10	9	10154	11	1573	1646	14
182.0	8044	12	12	10155	12	1299	1473	10
182.0	8218	13	14	10156	12	586	1889	15
182.0	8059	17	15	10157	19	908	364	15
182.0	7332	26	24	10158	27	1586	1457	12
182.0	8161	16	16	10159	15	1264	726	10
182.0	7588	20	10	10160	28	803	1458	16
182.0	8599	27	26	10161	26	1356	1438	14
182.0	8766	36	36	10162	33	585	1218	12
182.0	7976	23	27	10163	18	919	1521	19
182.0	7899	24	21	10164	25	1295	580	11
182.0	7993	16	17	10165	15	603	1175	14
182.0	7316	13	10	10166	16	1267	1669	16
182.0	8201	22	19	10167	22	838	505	13
182.0	7819	22	22	10168	21	1206	1479	12
182.0	8039	15	13	10169	16	592	1375	14
182.0	8137	21	13	10170	27	899	1338	13
182.0	7107	2	2	10171	2	1430	1057	17
182.0	8166	11	12	10172	10	727	1399	13
182.0	9127	21	20	10173	21	1044	402	11
182.0	8900	9	8	10174	10	669	605	10
182.0	9931	11	13	10175	7	1326	1605	16
182.0	8041	15	12	10176	17	607	608	9
182.0	7275	24	22	10177	25	428	31	17
182.0	8852	20	20	10178	19	1107	1649	12
182.0	9017	34	33	10179	31	1660	1132	10
182.0	9001	8	8	10180	8	1133	451	13
182.0	7328	8	10	10181	6	1255	747	12
182.0	8855	20	24	10182	15	1141	688	12
182.0	8483	17	20	10183	13	784	1209	12
182.0	8621	13	9	10184	15	857	1602	13
182.0	7407	32	32	10185	31	1146	1582	22
182.0	8434	9	7	10186	11	1450	928	12
182.0	7161	11	11	10187	11	919	583	11
182.0	8465	36	30	10188	38	708	422	14
182.0	8559	12	15	10189	9	433	866	12
182.0	8985	10	15	10190	4	948	378	11
182.0	8911	21	19	10191	22	985	1526	21
182.0	8547	11	15	10192	7	502	989	10
182.0	8130	23	18	10193	28	1469	1329	10
182.0	7925	14	18	10194	9	1307	640	10
182.0	7609	14	14	10195	13	564	1043	14
182.0	6883	21	22	10196	19	728	131	15
182.0	7063	21	21	10197	21	1509	1321	15
182.0	7573	39	45	10198	32	417	657	15
182.0	7137	5	5	10199	5	629	1264	13
182.0	7905	21	19	10200	21	1089	70	11
182.0	8345	16	13	10201	18	898	1676	13
182.0	9561	24	22	10202	26	833	1465	16
182.0	8058	13	15	10203	10	894	1749	17
182.0	8952	16	15	10204	17	698	807	11
182.0	9321	14	9	10205	17	1176	1625	13
182.0	6952	34	29	10206	38	542	1125	16
182.0	7431	31	31	10207	31	1999	1558	15
182.0	8626	16	14	10208	17	1002	1741	19
182.0	8574	20	17	10209	20	1462	1570	13
182.0	7338	13	15	10210	10	1125	1789	21
182.0	9374	26	29	10211	20	667	1391	14
182.0	8031	5	5	10212	5	1508	1210	13
182.0	7273	44	52	10213	35	136	563	10
182.0	8226	17	14	10214	19	1302	1639	11
182.0	8963	22	22	10215	22	710	1349	13
182.0	7693	17	16	10216	18	1247	1613	14
182.0	9100	19	19	10217	18	1408	535	10
182.0	8196	15	17	10218	13	779	944	11
182.0	8177	9	9	10219	9	557	666	11
182.0	9534	6	5	10220	4	938	1672	15
182.0	7839	7	5	10221	9	947	818	14
182.0	6993	10	9	10222	10	753	502	11
182.0	7871	14	20	10223	8	609	922	9
183.0	8675	23	21	10224	24	674	1630	15
183.0	8806	19	17	10225	20	929	619	13
183.0	7332	24	24	10226	23	1586	1457	13
183.0	7925	18	11	10227	23	1307	640	11
183.0	8337	4	4	10228	4	1426	1259	13
183.0	7407	32	33	10229	29	1146	1582	23
183.0	9103	9	6	10230	10	1008	595	12
183.0	7425	16	16	10231	16	1047	1537	14
183.0	8753	13	16	10232	10	716	1606	18
183.0	7977	20	19	10233	20	1568	1467	12
183.0	7438	32	26	10234	37	1139	1714	16
183.0	7107	2	2	10235	2	1430	1057	18
183.0	8059	15	15	10236	13	908	364	16
183.0	8487	26	26	10237	25	538	760	15
183.0	8846	25	23	10238	27	946	1653	12
183.0	8459	13	15	10239	11	1456	984	19
183.0	7767	12	13	10240	11	518	795	12
183.0	7862	16	15	10241	15	1430	1006	18
183.0	8573	7	10	10242	4	878	611	11
183.0	8325	17	19	10243	13	1588	1338	11
183.0	7261	10	8	10244	12	529	864	13
183.0	8630	15	14	10245	15	1188	583	12
183.0	7101	9	8	10246	9	638	755	14
183.0	8879	15	12	10247	17	1045	1765	15
183.0	7818	9	8	10248	10	1304	1129	16
183.0	6975	16	15	10249	17	861	1707	17
183.0	7373	12	16	10250	8	847	646	14
183.0	8007	16	16	10251	13	1201	1665	13
183.0	9423	4	4	10252	4	917	1652	15
183.0	9775	12	11	10253	12	1160	1728	14
183.0	7901	25	20	10254	30	1348	1402	11
183.0	8359	19	17	10255	19	1223	716	12
183.0	7955	15	18	10256	12	988	1856	17
183.0	8562	20	23	10257	16	1122	1576	10
183.0	9521	21	22	10258	19	1298	1625	15
183.0	7273	52	46	10259	53	121	455	11
183.0	8849	4	4	10260	4	1390	1296	11
183.0	8294	3	3	10261	3	575	915	12
183.0	8376	8	8	10262	8	1044	698	11
183.0	9153	11	7	10263	15	1330	1558	13
183.0	9113	18	20	10264	16	1193	1776	15
183.0	9039	0	0	10265	0	1257	1238	13
183.0	8566	8	12	10266	4	576	768	17
183.0	9469	9	7	10267	11	877	1652	14
183.0	8058	15	13	10268	16	894	1749	18
183.0	8599	26	23	10269	28	1356	1438	15
183.0	7502	16	14	10270	16	714	1426	11
183.0	8827	12	12	10271	12	665	659	12
183.0	7402	37	35	10272	36	478	994	13
183.0	7746	15	15	10273	15	363	444	11
183.0	7959	12	8	10274	15	1061	1658	12
183.0	8963	22	23	10275	18	710	1349	14
183.0	8011	15	17	10276	11	664	1668	10
183.0	8446	15	14	10277	13	929	438	14
183.0	8838	24	33	10278	14	1136	1727	18
183.0	9574	11	6	10279	13	551	1850	13
183.0	8810	12	13	10280	9	1422	784	10
183.0	8439	16	11	10281	20	732	1615	16
183.0	7984	21	20	10282	20	1084	678	14
183.0	9122	6	5	10283	7	1014	1682	17
183.0	9677	26	16	10284	35	1316	832	11
183.0	8919	18	17	10285	18	1157	713	13
183.0	7108	24	24	10286	24	674	1386	12
183.0	9472	29	23	10287	33	1064	1641	13
183.0	7838	6	6	10288	6	1188	1293	9
183.0	9077	17	19	10289	14	1208	1643	14
183.0	9174	24	27	10290	21	1010	488	12
183.0	6926	26	28	10291	24	314	1069	15
183.0	8102	34	40	10292	26	422	1518	16
183.0	9029	20	19	10293	21	1524	1242	14
183.0	8529	19	16	10294	18	933	1618	13
183.0	7328	10	14	10295	6	1255	747	13
183.0	8521	43	40	10296	45	1504	1385	11
183.0	7770	29	31	10297	24	1062	536	15
183.0	8964	35	38	10298	30	1386	770	12
183.0	7518	11	11	10299	11	447	1164	15
183.0	7027	9	10	10300	8	1218	1535	11
183.0	6990	20	18	10301	20	1610	1712	11
183.0	9732	35	27	10302	40	1488	1321	15
183.0	8206	20	22	10303	18	506	758	14
183.0	7811	10	12	10304	7	1029	868	14
183.0	7372	17	18	10305	14	455	823	11
183.0	7326	13	13	10306	13	866	1464	15
183.0	8250	21	16	10307	26	672	1444	11
183.0	7865	19	25	10308	12	565	841	13
184.0	7690	8	7	10309	9	814	522	10
184.0	7942	19	25	10310	12	1415	1208	18
184.0	9858	27	28	10311	25	1207	1765	19
184.0	9425	22	20	10312	22	476	1086	14
184.0	9266	21	21	10313	20	1377	1253	16
184.0	7082	8	7	10314	9	1107	1916	16
184.0	9094	17	20	10315	13	935	548	17
184.0	8935	26	24	10316	27	823	1579	12
184.0	8406	18	17	10317	18	1387	1806	15
184.0	9321	9	8	10318	10	1176	1625	14
184.0	8849	4	5	10319	3	1390	1296	12
184.0	9061	10	7	10320	12	783	537	9
184.0	8964	38	36	10321	39	1386	770	13
184.0	8084	28	24	10322	30	732	1429	13
184.0	9180	10	7	10323	11	698	524	12
184.0	7147	36	36	10324	35	1250	1399	15
184.0	8724	18	22	10325	14	739	707	14
184.0	8539	8	7	10326	9	1106	429	11
184.0	7197	11	10	10327	10	586	973	10
184.0	9027	19	23	10328	14	745	1408	13
184.0	9776	36	27	10329	43	968	622	15
184.0	8639	14	17	10330	11	1065	1456	15
184.0	9499	13	12	10331	12	739	522	11
184.0	7900	14	17	10332	10	667	552	9
184.0	6877	18	19	10333	16	928	1742	19
184.0	7107	2	0	10334	3	1446	1073	19
184.0	9103	6	6	10335	6	1008	595	13
184.0	8602	29	33	10336	24	910	416	15
184.0	9835	25	23	10337	24	1482	1553	16
184.0	8821	23	22	10338	24	1450	1387	15
184.0	8941	7	8	10339	5	1076	638	13
184.0	7783	10	8	10340	12	1668	1365	12
184.0	8699	27	30	10341	23	1069	679	11
184.0	7920	27	32	10342	22	489	1204	18
184.0	8877	14	13	10343	15	972	1709	15
184.0	8835	30	33	10344	26	1462	1194	12
184.0	7821	23	24	10345	21	1016	541	11
184.0	7934	23	21	10346	25	979	612	15
184.0	8206	22	23	10347	19	506	758	15
184.0	8660	22	21	10348	23	613	1847	13
184.0	7446	38	38	10349	34	1456	739	14
184.0	8827	12	16	10350	8	665	659	13
184.0	8170	20	16	10351	22	1185	491	11
184.0	9271	17	8	10352	25	568	956	11
184.0	7770	31	29	10353	32	1062	536	16
184.0	8092	7	7	10354	7	1132	1625	13
184.0	8756	26	25	10355	23	1014	617	14
184.0	7982	18	20	10356	16	1318	982	16
184.0	8794	12	12	10357	11	1566	1543	18
184.0	7389	12	12	10358	12	665	799	11
184.0	9289	27	27	10359	23	1734	1537	16
184.0	9090	19	21	10360	16	1399	1503	11
184.0	8984	12	14	10361	10	501	955	11
184.0	9079	24	25	10362	22	556	798	14
184.0	8669	37	32	10363	41	1859	1524	13
184.0	8195	17	15	10364	18	1495	1471	14
184.0	7390	11	14	10365	8	706	899	12
184.0	8413	8	9	10366	7	1578	1135	14
184.0	8489	3	4	10367	2	1466	1274	15
184.0	7358	4	5	10368	2	1179	1168	12
184.0	7338	15	18	10369	12	1125	1789	22
184.0	8895	12	12	10370	12	527	1059	10
184.0	6979	37	28	10371	37	1732	1442	16
184.0	7852	31	28	10372	34	1159	1424	13
184.0	9023	35	40	10373	28	1884	1180	17
184.0	7769	17	22	10374	12	1139	564	12
184.0	8801	15	14	10375	16	1176	618	15
184.0	9469	7	6	10376	8	877	1673	15
184.0	7406	13	12	10377	13	1039	1523	9
184.0	6847	42	41	10378	41	1031	1725	17
185.0	8254	10	7	10379	13	910	669	14
185.0	8082	31	25	10380	34	1054	448	11
185.0	7423	14	12	10381	15	1414	1318	14
185.0	8320	11	13	10382	8	503	834	12
185.0	7468	9	12	10383	6	513	979	11
185.0	8785	23	22	10384	24	743	159	9
185.0	9425	20	20	10385	19	476	1086	15
185.0	6940	11	11	10386	10	1066	1808	17
185.0	9455	21	20	10387	21	412	717	11
185.0	8132	13	13	10388	13	1412	839	13
185.0	8200	5	4	10389	6	827	614	15
185.0	7548	20	23	10390	17	894	1533	15
185.0	7009	31	30	10391	28	576	1489	11
185.0	9649	32	33	10392	28	1398	403	12
185.0	8686	21	13	10393	28	648	480	13
185.0	8994	10	6	10394	14	1148	600	16
185.0	7563	23	26	10395	20	47	902	19
185.0	8779	8	10	10396	6	248	728	11
185.0	8316	21	16	10397	26	1275	1582	14
185.0	7132	12	14	10398	10	1047	1852	20
185.0	8727	17	15	10399	19	583	849	13
185.0	9802	11	10	10400	12	909	530	13
185.0	6877	19	22	10401	16	928	1742	20
185.0	10069	32	25	10402	38	798	1373	22
185.0	7392	15	17	10403	12	948	1726	16
185.0	8170	16	11	10404	19	1185	468	12
185.0	8226	14	10	10405	17	1337	1652	12
185.0	8679	32	33	10406	30	819	1534	17
185.0	8450	21	16	10407	25	613	492	8
185.0	8964	36	31	10408	40	1386	770	14
185.0	8789	14	12	10409	16	1135	1826	18
185.0	8591	29	29	10410	29	937	1699	15
185.0	8948	6	8	10411	4	814	490	10
185.0	9076	18	15	10412	21	1466	1041	18
185.0	7389	12	9	10413	15	665	799	12
185.0	8848	13	14	10414	11	1315	1542	14
185.0	8474	16	17	10415	15	1363	1755	11
185.0	7651	6	5	10416	7	386	723	13
185.0	9303	11	12	10417	9	841	516	9
185.0	8144	13	16	10418	10	1119	443	12
185.0	7363	12	14	10419	10	217	1405	15
185.0	7312	40	38	10420	41	677	285	16
185.0	8142	15	15	10421	13	573	1303	13
185.0	7364	19	22	10422	15	1331	1198	15
185.0	8747	32	31	10423	32	476	28	15
185.0	8629	15	15	10424	15	910	548	13
185.0	9677	16	15	10425	16	1316	832	12
185.0	8602	33	32	10426	34	910	416	16
185.0	9599	19	12	10427	25	893	497	13
185.0	8881	24	21	10428	26	679	1302	12
185.0	8821	22	23	10429	20	1450	1387	16
185.0	8294	3	5	10430	1	575	915	13
185.0	8791	11	11	10431	10	523	896	13
185.0	7947	12	11	10432	13	412	346	14
185.0	7706	14	17	10433	9	241	1128	17
185.0	8985	15	14	10434	15	948	378	12
185.0	8443	15	17	10435	12	547	1001	13
185.0	7763	12	10	10436	13	1366	1602	13
185.0	8107	2	2	10437	2	1484	1117	16
185.0	9288	11	11	10438	11	1444	1189	9
185.0	9060	19	17	10439	21	483	1148	13
185.0	9835	23	25	10440	21	1482	1553	17
185.0	8625	8	6	10441	10	1188	1875	16
185.0	8354	0	0	10442	0	1327	1113	16
185.0	9218	7	4	10443	9	1503	1276	12
185.0	10018	14	15	10444	10	1396	947	18
185.0	7277	4	2	10445	6	855	458	11
185.0	9931	13	11	10446	15	1326	1605	17
185.0	9023	40	36	10447	43	1884	1180	18
185.0	8209	23	18	10448	27	825	593	13
186.0	8950	18	17	10449	18	1264	1641	13
186.0	7170	18	21	10450	14	516	967	11
186.0	9023	36	33	10451	38	1884	1180	19
186.0	8444	3	3	10452	3	1311	1248	15
186.0	9243	10	10	10453	10	636	733	13
186.0	9709	17	18	10454	15	575	700	13
186.0	8227	11	10	10455	12	1425	1499	12
186.0	7167	15	16	10456	12	616	1247	15
186.0	8789	12	15	10457	9	1135	1826	19
186.0	6863	26	29	10458	23	812	393	13
186.0	8858	60	57	10459	43	933	43	16
186.0	7071	22	18	10460	25	883	1633	16
186.0	8947	21	16	10461	25	1459	1135	17
186.0	9158	10	11	10462	9	545	1147	15
186.0	9835	25	19	10463	30	1482	1553	18
186.0	9090	21	19	10464	23	1399	1503	12
186.0	8125	29	25	10465	32	1511	894	11
186.0	8132	13	14	10466	12	1412	839	14
186.0	8747	31	26	10467	33	476	28	16
186.0	8147	16	17	10468	14	474	745	14
186.0	8436	6	7	10469	4	1410	1267	12
186.0	7392	17	15	10470	18	948	1726	17
186.0	7752	21	19	10471	21	1409	1674	11
186.0	9424	26	28	10472	24	1168	1972	16
186.0	8614	7	3	10473	11	1455	1345	13
186.0	9726	12	16	10474	6	1206	669	14
186.0	9752	22	21	10475	22	1264	686	14
186.0	7844	49	42	10476	51	1147	257	18
186.0	8351	16	15	10477	16	328	844	11
186.0	8082	25	20	10478	28	1054	448	12
186.0	9627	15	14	10479	16	1195	1702	18
186.0	8532	23	23	10480	22	911	1668	14
186.0	7976	27	25	10481	28	919	1521	20
186.0	7498	7	9	10482	5	1202	1388	12
186.0	8994	6	5	10483	6	1148	600	17
186.0	9522	9	7	10484	10	1558	1646	14
186.0	9008	21	21	10485	19	736	411	8
186.0	8806	17	20	10486	14	914	619	14
186.0	7500	13	11	10487	15	617	621	9
186.0	8521	40	44	10488	35	1504	1385	12
186.0	9302	32	35	10489	23	318	1172	16
186.0	8109	29	30	10490	27	345	942	13
186.0	8727	15	16	10491	14	583	849	14
186.0	8294	5	5	10492	5	575	915	14
186.0	8495	20	21	10493	17	1111	1409	12
186.0	7009	30	31	10494	29	576	1489	12
186.0	8226	10	8	10495	12	1337	1652	13
186.0	7132	14	9	10496	19	1047	1852	21
186.0	7878	23	19	10497	25	1474	886	12
186.0	8628	23	29	10498	16	837	560	12
186.0	8254	7	6	10499	8	910	669	15
186.0	8548	21	15	10500	27	767	1624	16
186.0	7678	17	15	10501	18	388	1603	13
186.0	8878	26	22	10502	30	865	1886	14
186.0	8203	33	38	10503	27	340	1175	14
186.0	8625	6	5	10504	7	1188	1875	17
186.0	9560	38	37	10505	36	556	1188	16
186.0	6926	28	27	10506	28	270	1206	16
186.0	8325	19	21	10507	14	1632	1338	12
186.0	7186	22	28	10508	16	1127	661	12
186.0	9147	29	24	10509	31	757	1437	13
186.0	9618	20	24	10510	16	759	413	10
186.0	7231	19	14	10511	24	742	658	14
186.0	9282	24	25	10512	22	1137	421	12
186.0	8034	18	20	10513	14	1267	1708	12
186.0	7468	12	12	10514	12	459	995	12
186.0	8821	23	19	10515	27	1489	1442	17
186.0	7676	5	6	10516	4	1498	1261	12
186.0	7840	13	16	10517	9	659	1280	15
186.0	7084	7	2	10518	9	699	1139	16
186.0	8890	28	26	10519	30	1531	736	9
187.0	7676	6	4	10520	8	1498	1261	13
187.0	9382	40	38	10521	39	1387	1487	13
187.0	8614	3	2	10522	4	1455	1345	14
187.0	7869	18	22	10523	13	1257	1481	15
187.0	7863	16	19	10524	11	668	1178	18
187.0	9417	10	13	10525	7	701	576	10
187.0	8902	36	40	10526	31	1979	1295	16
187.0	9627	14	13	10527	15	1195	1702	19
187.0	8387	11	10	10528	12	125	712	12
187.0	8603	21	19	10529	22	1565	1365	13
187.0	9990	8	9	10530	5	993	321	10
187.0	8890	26	25	10531	25	1531	736	10
187.0	7098	10	11	10532	9	1414	1357	16
187.0	7402	35	26	10533	44	321	1024	14
187.0	7113	25	20	10534	29	684	1945	11
187.0	9061	7	7	10535	7	783	537	10
187.0	7349	14	12	10536	15	588	1155	19
187.0	8834	15	13	10537	17	289	1128	16
187.0	8177	9	11	10538	7	557	666	12
187.0	9394	18	19	10539	16	1333	677	13
187.0	9034	44	40	10540	46	107	532	14
187.0	7338	18	17	10541	16	1125	1789	23
187.0	7903	18	20	10542	14	639	1446	13
187.0	9090	19	17	10543	19	1399	1503	13
187.0	7733	24	27	10544	20	944	461	11
187.0	9182	16	16	10545	15	1107	1437	12
187.0	9084	14	16	10546	11	1309	908	11
187.0	7235	24	23	10547	23	1209	1630	14
187.0	8576	1	2	10548	0	888	534	10
187.0	8009	25	23	10549	26	520	759	11
187.0	9253	21	13	10550	28	1203	1848	18
187.0	8799	13	16	10551	8	620	688	14
187.0	8684	24	18	10552	27	1538	278	10
187.0	9217	2	3	10553	1	1333	1735	11
187.0	9127	20	18	10554	21	1044	402	12
187.0	7024	9	10	10555	7	619	883	8
187.0	9709	18	14	10556	21	575	700	14
187.0	6960	42	39	10557	45	476	0	14
187.0	9005	7	7	10558	7	958	335	9
187.0	8996	27	24	10559	28	515	1203	16
187.0	6852	16	13	10560	17	981	1657	14
187.0	8870	13	15	10561	9	1322	1508	14
187.0	7064	6	8	10562	4	1223	1899	15
187.0	8276	4	4	10563	4	527	661	15
187.0	9029	19	23	10564	15	1524	1242	15
187.0	7708	21	20	10565	21	891	1951	15
187.0	7400	13	8	10566	18	1264	1605	8
187.0	7440	23	22	10567	22	552	1216	15
187.0	8450	16	12	10568	18	613	492	9
187.0	7594	22	29	10569	14	457	843	13
187.0	8616	24	21	10570	27	1684	1381	12
187.0	7895	13	13	10571	12	712	1586	13
187.0	7878	19	19	10572	17	1474	886	13
187.0	7749	31	30	10573	30	800	12	10
187.0	8053	3	3	10574	3	1369	1099	16
187.0	7752	19	18	10575	20	1409	1674	12
187.0	8733	17	18	10576	15	671	1585	18
187.0	8942	3	3	10577	3	548	713	12
187.0	9011	9	9	10578	9	801	456	10
187.0	9199	10	9	10579	9	377	746	13
187.0	7351	5	5	10580	4	1490	1684	17
187.0	8957	32	29	10581	33	688	1217	20
187.0	7678	15	15	10582	14	388	1603	14
187.0	9587	7	7	10583	7	1344	966	12
187.0	8921	13	10	10584	16	802	545	8
187.0	9302	35	29	10585	39	318	1172	17
187.0	8391	21	20	10586	21	466	290	10
187.0	8844	37	39	10587	33	716	339	14
187.0	8511	9	13	10588	5	397	749	10
187.0	8160	32	37	10589	25	416	969	14
187.0	7123	33	35	10590	31	1999	1299	18
187.0	9347	13	11	10591	15	813	411	10
187.0	8910	19	16	10592	21	473	1168	15
187.0	7397	23	20	10593	23	699	824	11
187.0	8963	23	27	10594	17	710	1349	15
187.0	7150	29	30	10595	27	552	1529	15
187.0	6926	27	24	10596	30	270	1206	17
187.0	9008	21	24	10597	18	684	381	9
187.0	9778	0	0	10598	0	1376	1114	18
187.0	7270	6	5	10599	7	642	675	11
187.0	9033	29	27	10600	29	1251	1802	15
187.0	8557	43	42	10601	43	1659	1999	13
188.0	8460	21	21	10602	20	1943	1292	12
188.0	7744	9	5	10603	13	1312	1527	14
188.0	8391	20	17	10604	21	466	290	11
188.0	9382	38	37	10605	39	1407	1487	14
188.0	9024	21	16	10606	25	290	828	11
188.0	8855	24	21	10607	26	1141	688	13
188.0	9592	7	7	10608	7	1355	927	13
188.0	6960	39	36	10609	40	476	0	15
188.0	7835	23	19	10610	26	1333	1904	14
188.0	8826	24	22	10611	24	1318	1461	11
188.0	7900	17	18	10612	14	667	552	10
188.0	9144	8	8	10613	7	1388	1656	13
188.0	8403	21	18	10614	24	1697	1401	13
188.0	7150	30	27	10615	29	552	1529	16
188.0	8614	2	3	10616	0	1455	1345	15
188.0	7023	17	7	10617	25	972	1763	17
188.0	9688	7	5	10618	9	1081	1909	19
188.0	9034	40	33	10619	46	107	532	15
188.0	8829	28	37	10620	18	1858	1804	15
188.0	8658	42	44	10621	36	884	1979	14
188.0	9138	19	20	10622	18	1287	1533	11
188.0	7218	5	2	10623	8	1036	337	10
188.0	9663	6	6	10624	6	1388	1175	19
188.0	8857	5	5	10625	5	728	1119	13
188.0	8436	7	8	10626	6	1410	1267	13
188.0	7678	15	19	10627	11	388	1603	15
188.0	7009	31	31	10628	29	576	1489	13
188.0	7273	46	50	10629	41	236	411	12
188.0	8941	8	9	10630	7	1076	638	14
188.0	8109	30	29	10631	30	345	942	14
188.0	8719	35	40	10632	28	1259	1694	15
188.0	7089	8	8	10633	8	479	701	11
188.0	8033	20	21	10634	18	1134	625	15
188.0	7079	12	12	10635	12	1239	1554	12
188.0	7064	8	8	10636	8	1223	1899	16
188.0	8011	17	17	10637	16	664	1668	11
188.0	8031	5	6	10638	4	1562	1177	14
188.0	8821	19	22	10639	14	1489	1442	18
188.0	8528	23	26	10640	20	529	1449	11
188.0	8623	8	7	10641	9	1248	644	15
188.0	9799	17	12	10642	20	1343	1589	14
188.0	7546	17	18	10643	15	603	1334	12
188.0	8861	5	4	10644	5	328	652	12
188.0	8954	29	26	10645	32	662	1529	13
188.0	7770	29	29	10646	27	1062	536	17
188.0	9670	34	21	10647	44	799	1763	17
188.0	7863	19	21	10648	16	668	1178	19
188.0	8737	48	41	10649	53	1999	1582	14
188.0	9103	6	5	10650	7	1008	580	14
188.0	8128	10	11	10651	8	1457	1228	15
188.0	9821	28	27	10652	28	490	1006	13
188.0	8208	5	2	10653	8	569	874	14
188.0	9423	4	3	10654	5	917	1652	16
188.0	8530	19	19	10655	18	1285	819	12
188.0	7437	12	11	10656	12	408	859	11
188.0	8390	5	6	10657	4	776	367	10
188.0	9649	33	30	10658	35	1373	325	13
188.0	7140	15	13	10659	17	404	183	10
188.0	9388	14	15	10660	12	888	639	11
188.0	8802	52	46	10661	54	1901	1341	15
188.0	8236	9	3	10662	14	436	783	12
188.0	9119	6	6	10663	6	1305	1861	15
188.0	9168	24	19	10664	28	846	1520	11
188.0	8506	8	9	10665	7	1345	645	12
188.0	8800	12	11	10666	13	926	1716	12
188.0	7773	13	12	10667	13	1174	520	13
188.0	9394	19	24	10668	14	1333	677	14
188.0	8603	19	16	10669	21	1565	1365	14
188.0	8078	15	17	10670	13	1165	1813	19
188.0	8001	12	11	10671	13	677	632	12
188.0	8037	10	7	10672	13	884	1407	14
188.0	6993	9	9	10673	9	753	483	12
188.0	8003	9	10	10674	8	1178	1414	11
188.0	8678	13	11	10675	14	1293	1500	12
188.0	8776	25	26	10676	23	1272	1408	14
188.0	8270	18	20	10677	16	958	1547	16
188.0	8844	39	37	10678	38	716	339	15
188.0	8481	14	14	10679	14	1228	1810	16
189.0	8607	13	12	10680	13	800	1697	15
189.0	8086	17	12	10681	18	1374	1519	14
189.0	7617	3	1	10682	5	1133	1681	17
189.0	9633	28	28	10683	27	884	1446	16
189.0	9489	38	35	10684	40	1043	1763	17
189.0	8725	9	8	10685	9	748	1329	14
189.0	8954	26	24	10686	28	662	1529	14
189.0	8169	9	9	10687	8	741	358	13
189.0	8719	40	50	10688	27	1259	1694	16
189.0	7715	18	13	10689	22	609	1010	10
189.0	7226	25	24	10690	26	1195	1753	19
189.0	8852	20	18	10691	22	1107	1649	13
189.0	9559	12	10	10692	12	383	638	10
189.0	7920	32	37	10693	27	489	1204	19
189.0	8435	21	24	10694	17	1374	390	15
189.0	7847	5	3	10695	6	518	815	10
189.0	9599	12	14	10696	9	893	497	14
189.0	7893	15	19	10697	11	1217	616	14
189.0	8904	20	17	10698	23	776	1659	10
189.0	9768	15	16	10699	14	565	1277	14
189.0	8968	15	12	10700	17	919	1811	10
189.0	9096	29	29	10701	28	501	0	16
189.0	8044	12	13	10702	11	1299	1473	11
189.0	8953	15	17	10703	13	759	1280	12
189.0	9032	22	22	10704	21	1379	977	11
189.0	8658	44	53	10705	32	884	1979	15
189.0	10588	5	7	10706	3	417	749	11
189.0	8564	27	36	10707	16	1112	1775	20
189.0	8466	16	11	10708	20	1347	1753	14
189.0	8943	10	9	10709	11	1348	1101	15
189.0	8846	23	19	10710	24	946	1653	13
189.0	8349	13	15	10711	11	1209	1802	17
189.0	7087	5	7	10712	2	1299	1234	16
189.0	7704	31	25	10713	36	1496	1510	12
189.0	8883	33	34	10714	27	994	1615	14
189.0	8804	31	32	10715	30	592	1649	13
189.0	7819	22	24	10716	19	1206	1479	13
189.0	7746	15	16	10717	14	329	345	12
189.0	7892	10	7	10718	13	1368	1330	13
189.0	7248	26	22	10719	30	516	1085	14
189.0	8342	23	33	10720	12	1234	1425	13
189.0	9093	4	3	10721	5	1210	709	15
189.0	9088	8	7	10722	8	527	1113	15
189.0	9324	22	27	10723	16	453	1029	13
189.0	8831	14	9	10724	19	409	952	9
189.0	8039	13	11	10725	15	560	1407	15
189.0	7900	18	15	10726	21	667	552	11
189.0	7930	21	21	10727	20	697	1421	15
189.0	8475	17	19	10728	14	1336	1379	14
189.0	7594	29	27	10729	26	457	843	14
189.0	8359	17	14	10730	19	1223	716	13
189.0	9060	17	18	10731	16	444	1148	14
189.0	9394	24	21	10732	26	1333	677	15
189.0	8866	27	28	10733	23	1263	1999	14
189.0	7283	1	0	10734	2	542	930	15
189.0	10627	11	8	10735	14	402	1603	16
189.0	7669	10	8	10736	12	1135	1860	18
189.0	8378	20	15	10737	24	1528	807	12
189.0	8726	34	31	10738	34	106	211	12
189.0	9590	24	22	10739	25	582	1396	15
189.0	7332	24	25	10740	22	1586	1457	14
189.0	7749	30	29	10741	30	800	12	11
189.0	6872	22	24	10742	18	1612	981	11
189.0	9444	11	10	10743	12	815	1449	16
189.0	9369	11	6	10744	16	866	599	13
189.0	8639	17	14	10745	19	1065	1456	16
189.0	9473	32	26	10746	34	420	1445	16
189.0	7624	18	17	10747	19	1399	1395	14
189.0	7773	12	12	10748	12	1174	520	14
189.0	8675	21	23	10749	19	674	1630	16
189.0	8950	17	15	10750	18	1264	1661	14
189.0	9316	18	19	10751	17	1498	756	11
189.0	8071	23	21	10752	23	617	1362	16
189.0	7360	25	25	10753	25	1430	1387	15
189.0	10401	16	14	10754	18	904	1750	21
189.0	9530	21	27	10755	15	518	1184	16
189.0	7406	12	11	10756	12	1039	1523	10
189.0	9639	16	13	10757	19	431	447	14
189.0	7518	11	9	10758	13	427	1164	16
189.0	8625	5	3	10759	7	1188	1875	18
189.0	8664	32	30	10760	32	592	648	13
189.0	8709	25	22	10761	25	1502	1455	13
189.0	8964	31	33	10762	29	1386	770	15
189.0	7974	17	15	10763	19	448	888	11
189.0	8356	11	10	10764	12	1069	1880	16
189.0	7961	4	6	10765	2	657	697	12
189.0	8648	30	23	10766	32	1429	1557	16
189.0	8603	16	16	10767	16	1565	1365	15
189.0	6884	6	6	10768	6	1482	1315	13
189.0	8635	17	20	10769	14	1602	588	10
190.0	8697	17	12	10770	21	1194	1656	13
190.0	7571	3	6	10771	0	1177	1868	16
190.0	7010	14	16	10772	12	1514	744	13
190.0	8137	13	12	10773	14	899	1338	14
190.0	9713	45	46	10774	42	1069	1792	20
190.0	8662	5	5	10775	5	789	1552	12
190.0	8831	9	7	10776	10	409	952	10
190.0	9983	26	26	10777	26	1655	1586	13
190.0	8269	11	7	10778	15	1486	1018	19
190.0	7402	26	25	10779	26	265	1060	15
190.0	9181	27	31	10780	23	1108	578	13
190.0	7746	16	18	10781	14	329	345	13
190.0	7973	14	11	10782	17	839	1535	11
190.0	8953	17	20	10783	13	759	1280	13
190.0	8610	37	38	10784	34	568	609	16
190.0	7668	15	11	10785	18	598	1317	13
190.0	7431	31	27	10786	35	1999	1558	16
190.0	8632	16	12	10787	17	352	1134	14
190.0	7406	11	10	10788	12	1039	1523	11
190.0	7384	22	21	10789	23	1429	866	11
190.0	8200	4	4	10790	4	827	614	16
190.0	9032	22	24	10791	19	1379	977	12
190.0	8169	9	6	10792	10	741	358	14
190.0	9007	9	5	10793	13	1476	1733	15
190.0	9037	4	2	10794	6	1115	539	11
190.0	9122	5	6	10795	4	1014	1682	18
190.0	8366	21	21	10796	20	759	625	10
190.0	7191	8	10	10797	6	1352	1287	12
190.0	8998	43	43	10798	39	149	102	14
190.0	8370	18	19	10799	16	1369	1384	13
190.0	8267	10	10	10800	10	602	587	9
190.0	7875	22	21	10801	23	801	1628	10
190.0	7261	8	10	10802	6	529	864	14
190.0	9480	20	23	10803	16	365	1969	12
190.0	6998	13	9	10804	15	859	401	13
190.0	7624	17	17	10805	17	1399	1395	15
190.0	9469	6	4	10806	8	877	1673	16
190.0	8466	11	13	10807	9	1347	1753	15
190.0	8877	13	15	10808	11	972	1709	16
190.0	6951	20	22	10809	17	1055	1419	13
190.0	8667	5	5	10810	5	520	1249	13
190.0	8988	46	47	10811	45	1901	1397	15
190.0	9599	14	17	10812	11	893	497	15
190.0	7372	18	20	10813	16	444	817	12
190.0	8624	11	10	10814	12	651	747	14
190.0	7993	17	20	10815	14	584	1175	15
190.0	9479	21	19	10816	20	1525	794	12
190.0	9821	27	20	10817	32	490	1006	14
190.0	9244	10	8	10818	12	1111	1871	18
190.0	6976	8	11	10819	5	1292	1638	11
190.0	8341	47	45	10820	48	509	1334	16
190.0	9150	31	30	10821	29	1253	1779	16
190.0	7093	16	15	10822	15	695	1664	16
190.0	9840	21	16	10823	26	1412	238	10
190.0	8043	16	18	10824	14	1522	1646	14
190.0	8102	40	44	10825	33	422	1518	17
190.0	7208	25	21	10826	28	1362	1239	16
190.0	7146	34	36	10827	32	1195	1999	18
190.0	8160	37	40	10828	31	416	969	15
190.0	7967	28	22	10829	33	286	399	9
190.0	8563	30	24	10830	30	919	1448	10
190.0	9078	16	17	10831	14	1354	1825	16
190.0	9342	35	37	10832	32	1195	1954	15
190.0	7685	9	9	10833	9	1276	715	14
190.0	9034	33	32	10834	33	107	532	16
190.0	7734	23	29	10835	16	1633	1462	12
190.0	8005	3	3	10836	3	1258	566	13
190.0	7831	31	32	10837	29	1438	1661	12
191.0	7570	23	21	10838	23	1004	1498	14
191.0	8039	11	10	10839	10	560	1407	16
191.0	9904	13	14	10840	9	1079	453	15
191.0	7157	13	10	10841	13	757	653	11
191.0	9704	46	48	10842	43	1580	1586	15
191.0	7755	29	25	10843	30	1704	966	9
191.0	6990	18	15	10844	21	1568	1745	12
191.0	7218	2	0	10845	4	1036	337	11
191.0	9186	30	27	10846	32	513	1067	14
191.0	10659	17	17	10847	17	337	192	11
191.0	8780	10	12	10848	8	667	515	17
191.0	8453	19	18	10849	19	1365	1545	16
191.0	9049	12	11	10850	13	869	1818	17
191.0	10111	14	14	10851	14	273	1128	17
191.0	9342	37	39	10852	35	1195	1954	16
191.0	7303	5	5	10853	5	1394	652	13
191.0	7733	27	24	10854	28	944	461	12
191.0	8946	26	22	10855	29	611	1529	14
191.0	7316	10	11	10856	9	1300	1658	17
191.0	9011	9	11	10857	7	801	456	11
191.0	7343	4	3	10858	5	946	1800	11
191.0	8944	20	20	10859	20	1615	817	16
191.0	9388	15	13	10860	15	888	639	12
191.0	9444	10	9	10861	9	815	1449	17
191.0	9069	7	6	10862	5	1369	694	10
191.0	9501	16	16	10863	14	769	491	10
191.0	9746	13	10	10864	15	378	936	13
191.0	9150	30	33	10865	24	1253	1779	17
191.0	8952	15	17	10866	12	698	807	12
191.0	7108	24	27	10867	19	662	1398	13
191.0	9627	13	12	10868	14	1195	1702	20
191.0	8115	16	15	10869	16	1348	1360	12
191.0	8747	26	29	10870	21	476	45	17
191.0	9181	31	27	10871	35	1108	578	14
191.0	8878	22	25	10872	17	922	1887	15
191.0	8160	40	40	10873	36	416	969	16
191.0	7806	15	12	10874	18	605	698	11
191.0	10723	16	16	10875	15	422	1044	14
191.0	8053	3	4	10876	2	1388	1099	17
191.0	9075	23	26	10877	19	466	1427	17
191.0	7544	14	14	10878	13	176	1301	16
191.0	7937	10	6	10879	14	1215	1869	15
191.0	7898	17	18	10880	15	1363	1979	15
191.0	8766	36	37	10881	34	585	1218	13
191.0	7177	8	10	10882	5	1368	1471	11
191.0	8345	13	13	10883	13	887	1687	14
191.0	8958	16	18	10884	14	464	1303	13
191.0	7226	24	24	10885	22	1195	1753	20
191.0	8697	12	12	10886	11	1194	1656	14
191.0	8135	29	26	10887	29	1405	1695	14
191.0	9035	25	27	10888	23	1286	542	9
191.0	8084	24	29	10889	18	732	1429	14
191.0	8843	9	11	10890	7	1028	605	11
191.0	9480	23	27	10891	18	365	1969	13
191.0	8826	22	27	10892	17	1318	1461	12
191.0	8983	9	5	10893	13	653	617	11
191.0	8043	18	16	10894	18	1522	1646	15
191.0	6979	28	26	10895	29	1732	1442	17
191.0	6978	15	13	10896	17	334	763	13
191.0	7354	41	35	10897	46	884	1999	14
191.0	9638	25	23	10898	25	1445	1421	14
191.0	8177	11	8	10899	14	557	666	13
191.0	9399	15	18	10900	11	702	503	16
191.0	8998	43	39	10901	47	149	102	15
191.0	8575	22	18	10902	22	564	988	13
191.0	9153	7	11	10903	3	1330	1558	14
191.0	8877	15	10	10904	20	972	1709	17
191.0	9814	20	22	10905	18	1014	438	11
191.0	8570	16	15	10906	16	392	1124	11
191.0	7832	4	3	10907	4	52	643	13
191.0	6851	32	35	10908	28	336	1053	16
191.0	9465	16	18	10909	13	1609	1347	12
191.0	8814	27	29	10910	23	836	35	9
191.0	9743	13	14	10911	12	402	1149	15
191.0	9236	5	4	10912	5	1351	1019	15
191.0	9552	38	33	10913	43	1576	1433	12
191.0	8736	23	21	10914	24	1084	1865	17
191.0	9615	13	12	10915	12	994	1568	16
191.0	8610	38	31	10916	42	568	609	17
191.0	9667	2	1	10917	3	460	865	15
191.0	7712	25	25	10918	23	956	636	14
192.0	9522	7	10	10919	4	1558	1646	15
192.0	10160	28	32	10920	22	788	1491	17
192.0	9094	20	15	10921	24	954	548	18
192.0	8155	25	30	10922	20	1186	464	10
192.0	9175	12	15	10923	8	1374	848	10
192.0	9240	13	16	10924	9	1089	1530	13
192.0	8934	14	9	10925	17	1418	1376	13
192.0	8177	8	6	10926	9	557	666	14
192.0	8231	25	24	10927	25	1077	1629	12
192.0	8874	7	4	10928	9	1324	1018	19
192.0	8693	8	9	10929	6	1168	1687	13
192.0	9283	27	28	10930	25	869	324	10
192.0	9195	40	42	10931	36	848	12	11
192.0	10373	28	28	10932	27	1910	1206	18
192.0	8406	17	14	10933	18	1402	1821	16
192.0	9329	11	11	10934	9	723	549	9
192.0	7937	6	7	10935	5	1215	1869	16
192.0	7668	11	10	10936	11	598	1317	14
192.0	9399	18	18	10937	18	702	503	17
192.0	9035	27	26	10938	26	1286	542	10
192.0	9196	15	14	10939	16	1743	1652	12
192.0	8845	11	10	10940	11	1054	369	11
192.0	7332	25	25	10941	23	1586	1457	15
192.0	9112	35	34	10942	35	1429	754	14
192.0	9609	28	30	10943	25	975	385	14
192.0	7167	16	14	10944	18	616	1247	16
192.0	8699	30	26	10945	33	1069	679	12
192.0	7137	5	7	10946	2	629	1264	14
192.0	9075	26	23	10947	26	466	1427	18
192.0	8096	14	15	10948	13	936	564	16
192.0	7299	17	13	10949	21	1345	896	18
192.0	8210	14	16	10950	12	1312	429	13
192.0	8437	15	17	10951	13	1097	1468	12
192.0	7389	9	13	10952	5	665	799	13
192.0	9734	12	8	10953	15	906	1589	13
192.0	8561	33	30	10954	33	1585	1307	14
192.0	8967	20	21	10955	16	859	1319	14
192.0	8890	25	27	10956	22	1544	723	11
192.0	7862	15	12	10957	18	1443	1019	19
192.0	7573	45	48	10958	42	417	657	16
192.0	9830	27	26	10959	24	1437	1477	16
192.0	8904	17	18	10960	16	740	1695	11
192.0	9333	23	21	10961	25	489	1648	12
192.0	9345	29	28	10962	29	330	956	13
192.0	7666	1	1	10963	1	499	889	14
192.0	9771	20	18	10964	22	1286	1613	16
192.0	7017	12	8	10965	15	1545	1514	13
192.0	8933	41	46	10966	34	1548	965	9
192.0	6866	18	21	10967	15	557	1127	15
192.0	9986	31	32	10968	29	689	1531	14
192.0	8584	4	3	10969	4	1617	1649	14
192.0	9844	11	14	10970	7	1121	1847	16
192.0	9186	27	28	10971	26	513	1067	15
192.0	9346	21	19	10972	23	909	1854	15
192.0	7894	13	12	10973	13	1300	1769	13
192.0	9570	38	42	10974	32	1970	1327	18
192.0	8034	20	21	10975	19	1293	1734	13
192.0	6979	26	23	10976	28	1732	1442	18
192.0	10529	22	22	10977	22	1547	1347	14
192.0	7544	14	14	10978	13	176	1301	17
192.0	7930	21	17	10979	24	678	1421	16
192.0	9011	11	13	10980	8	801	456	12
192.0	8722	18	17	10981	18	873	1528	12
192.0	7214	29	35	10982	21	645	461	10
192.0	9417	13	15	10983	10	701	576	11
192.0	9707	11	10	10984	11	1273	1438	15
192.0	8660	21	16	10985	25	613	1847	14
192.0	8388	40	49	10986	27	1097	71	15
192.0	10386	10	12	10987	8	1046	1831	18
192.0	9396	13	13	10988	12	785	412	10
192.0	8901	14	12	10989	15	1125	1666	14
192.0	7140	13	12	10990	14	404	183	11
193.0	7476	28	27	10991	28	455	1060	14
193.0	6866	21	18	10992	22	557	1127	16
193.0	9620	20	19	10993	20	1517	826	12
193.0	8876	19	18	10994	20	1309	520	10
193.0	9989	5	4	10995	6	1348	779	11
193.0	7795	2	3	10996	1	1516	937	14
193.0	8489	4	4	10997	4	1466	1274	16
193.0	9707	10	13	10998	7	1273	1438	16
193.0	8451	35	36	10999	33	1406	1380	17
193.0	9075	23	28	11000	18	466	1427	19
193.0	8802	46	42	11001	45	1901	1341	16
193.0	8437	17	19	11002	14	1097	1468	13
193.0	9189	8	8	11003	8	1486	1699	17
193.0	8984	14	12	11004	16	490	966	12
193.0	9716	28	33	11005	22	1564	787	11
193.0	9501	16	12	11006	19	769	491	11
193.0	9734	8	8	11007	8	906	1589	14
193.0	8992	11	11	11008	10	485	805	10
193.0	9376	21	17	11009	24	863	1599	12
193.0	8899	48	48	11010	45	985	507	16
193.0	9080	23	19	11011	24	1236	1268	12
193.0	7706	17	15	11012	19	241	1128	18
193.0	9955	13	13	11013	11	1379	909	11
193.0	8169	6	6	11014	5	703	361	15
193.0	9793	11	12	11015	9	1281	1791	11
193.0	8341	45	44	11016	41	494	1349	17
193.0	9212	27	29	11017	21	737	587	11
193.0	7693	16	18	11018	13	1247	1613	15
193.0	8152	26	24	11019	27	1286	506	10
193.0	9365	20	16	11020	24	929	670	15
193.0	10161	26	26	11021	25	1404	1469	15
193.0	8785	22	21	11022	23	743	159	10
193.0	8845	10	9	11023	11	1054	369	12
193.0	8406	14	12	11024	15	1402	1821	17
193.0	6883	22	19	11025	22	794	63	16
193.0	9006	10	16	11026	4	448	729	12
193.0	7930	17	10	11027	22	678	1421	17
193.0	9320	28	28	11028	28	968	568	14
193.0	10569	14	15	11029	13	457	809	14
193.0	10141	30	31	11030	26	512	25	16
193.0	10366	7	6	11031	8	1641	1022	15
193.0	7363	14	15	11032	11	193	1454	16
193.0	9828	31	33	11033	28	1985	1396	15
193.0	8858	57	57	11034	43	933	43	17
193.0	9321	8	6	11035	9	1189	1638	15
193.0	9449	19	22	11036	15	767	1623	16
193.0	8959	8	7	11037	8	1192	1935	15
193.0	10189	9	11	11038	7	399	872	13
193.0	9046	21	22	11039	19	823	1635	15
193.0	9921	18	21	11040	15	966	1671	14
193.0	6961	11	6	11041	16	1203	1613	13
193.0	9757	21	19	11042	21	1019	1712	16
193.0	7642	9	8	11043	10	1447	903	12
193.0	8910	16	17	11044	15	452	1168	16
193.0	9023	33	24	11045	40	1884	1180	20
193.0	7676	4	4	11046	4	1498	1261	14
193.0	8661	27	26	11047	27	672	1545	14
193.0	9819	22	21	11048	22	1209	1569	14
193.0	9364	15	12	11049	17	654	1029	11
193.0	9235	10	10	11050	9	1137	1944	15
193.0	8737	41	44	11051	38	1963	1581	15
193.0	9576	11	10	11052	10	1098	602	13
193.0	7633	33	33	11053	31	891	0	11
193.0	9328	37	37	11054	34	290	737	8
193.0	7894	12	10	11055	12	1300	1769	14
193.0	9229	7	9	11056	4	1465	1132	17
193.0	7954	17	19	11057	14	1422	1227	15
193.0	8942	3	0	11058	6	548	713	13
193.0	7618	7	8	11059	6	1296	621	16
193.0	9417	15	17	11060	13	701	576	12
193.0	8382	7	7	11061	7	1188	487	15
193.0	8833	22	18	11062	26	1228	1615	12
193.0	9773	30	26	11063	32	445	1230	18
193.0	7079	12	11	11064	13	1239	1554	13
193.0	8724	22	20	11065	21	739	707	15
193.0	10167	22	20	11066	22	833	432	14
193.0	8777	13	9	11067	16	1355	1521	13
193.0	7332	25	27	11068	21	1586	1457	16
193.0	7494	22	22	11069	22	578	1304	10
193.0	7214	35	37	11070	33	645	461	11
193.0	9170	16	20	11071	10	975	1547	14
193.0	8093	16	19	11072	12	1447	1725	14
194.0	8128	11	12	11073	8	1457	1228	16
194.0	9525	14	13	11074	14	523	554	13
194.0	9161	18	20	11075	14	1405	1591	14
194.0	8203	38	37	11076	38	329	1277	15
194.0	9993	11	16	11077	6	1262	629	15
194.0	7312	38	39	11078	36	677	285	17
194.0	9642	33	26	11079	38	921	1615	16
194.0	9218	4	2	11080	6	1503	1276	13
194.0	9491	18	21	11081	15	792	518	13
194.0	10258	19	11	11082	27	1338	1665	16
194.0	9532	18	18	11083	16	775	36	10
194.0	8019	13	11	11084	15	433	743	11
194.0	9056	19	21	11085	15	1458	1288	17
194.0	8298	26	26	11086	24	1469	1380	12
194.0	9483	22	29	11087	15	1065	599	13
194.0	8529	16	18	11088	14	922	1647	14
194.0	9942	22	21	11089	22	615	453	10
194.0	8474	17	15	11090	18	1393	1769	12
194.0	9687	16	14	11091	17	1443	996	19
194.0	7835	19	17	11092	21	1333	1904	15
194.0	9568	23	23	11093	23	1460	1179	18
194.0	9336	14	17	11094	10	1068	1701	16
194.0	8737	44	41	11095	47	1866	1607	16
194.0	8391	17	17	11096	16	466	290	12
194.0	9180	7	5	11097	9	698	524	13
194.0	9565	33	24	11098	39	429	669	15
194.0	8324	8	10	11099	6	1114	596	14
194.0	8419	22	27	11100	16	1915	1309	14
194.0	9389	8	4	11101	10	1040	1714	18
194.0	8218	14	12	11102	14	565	1822	16
194.0	8166	12	9	11103	13	710	1399	14
194.0	9430	37	32	11104	41	24	428	9
194.0	9706	44	32	11105	56	458	12	14
194.0	7951	15	17	11106	12	1462	946	17
194.0	7017	8	11	11107	5	1565	1514	14
194.0	7351	5	5	11108	5	1490	1684	18
194.0	8549	31	25	11109	35	1428	1948	14
194.0	9075	28	33	11110	21	466	1427	20
194.0	7123	35	35	11111	35	1999	1299	19
194.0	6940	11	10	11112	12	1066	1827	18
194.0	10199	5	7	11113	3	604	1288	14
194.0	10290	21	18	11114	24	1010	469	13
194.0	8573	10	10	11115	10	879	611	12
194.0	9760	9	8	11116	9	676	576	12
194.0	8270	20	16	11117	22	958	1547	17
194.0	7870	42	44	11118	36	1520	1308	15
194.0	9345	28	23	11119	30	330	956	14
194.0	7573	48	59	11120	37	417	657	17
194.0	9562	7	8	11121	6	909	461	11
194.0	9832	6	7	11122	5	752	1589	18
194.0	8947	16	14	11123	18	1500	1119	18
194.0	7499	27	35	11124	16	283	1006	12
194.0	9584	31	31	11125	30	386	788	13
194.0	9374	29	35	11126	21	617	1441	15
194.0	8477	14	12	11127	16	1526	1355	12
194.0	8977	26	25	11128	26	855	74	14
194.0	9716	33	35	11129	30	1564	787	12
194.0	8974	17	15	11130	17	20	1349	16
194.0	8939	28	28	11131	26	431	1219	16
194.0	10760	32	30	11132	33	573	619	14
194.0	8910	17	15	11133	18	452	1168	17
194.0	9092	9	8	11134	10	472	754	15
194.0	8221	9	8	11135	10	322	904	13
194.0	9006	16	15	11136	16	448	729	13
194.0	7637	28	18	11137	34	1051	599	14
194.0	8198	13	15	11138	11	399	928	10
194.0	10317	18	20	11139	15	1390	1812	16
194.0	6870	15	20	11140	10	776	1583	12
194.0	10000	15	11	11141	19	410	77	17
194.0	7494	22	22	11142	22	565	1317	11
194.0	8058	13	8	11143	16	846	1797	19
194.0	9150	33	29	11144	34	1253	1779	18
194.0	8161	16	20	11145	11	1264	726	11
194.0	8521	44	35	11146	51	1530	1396	13
194.0	9501	12	12	11147	11	769	470	12
194.0	7214	37	33	11148	39	645	461	12
194.0	8810	13	15	11149	11	1455	798	11
194.0	7942	25	20	11150	30	1430	1176	19
194.0	7800	23	26	11151	20	1401	1648	14
194.0	8564	36	40	11152	30	1112	1775	21
194.0	8349	15	21	11153	9	1209	1802	18
194.0	9513	19	15	11154	20	1412	669	11
194.0	10464	23	18	11155	28	1451	1538	13
194.0	7594	27	28	11156	24	446	832	15
194.0	7884	19	11	11157	24	539	1588	13
194.0	6877	22	26	11158	18	928	1764	21
194.0	9241	45	48	11159	38	1619	1562	14
194.0	9554	16	18	11160	14	1498	1497	15
194.0	7067	21	25	11161	16	626	1389	16
194.0	10065	9	6	11162	12	1484	1073	17
194.0	7821	24	21	11163	26	1031	508	12
194.0	10005	12	12	11164	12	1448	871	11
194.0	8638	21	23	11165	19	1077	554	12
194.0	7114	12	11	11166	11	522	967	11
194.0	9317	14	13	11167	12	482	939	11
195.0	8753	16	20	11168	10	703	1641	19
195.0	8532	23	19	11169	26	900	1679	15
195.0	9548	17	23	11170	11	705	110	9
195.0	9724	20	24	11171	14	958	1533	21
195.0	9706	32	34	11172	29	458	12	15
195.0	8410	8	8	11173	8	481	916	15
195.0	7637	18	25	11174	10	1051	599	15
195.0	7312	39	39	11175	35	677	285	18
195.0	9392	38	35	11176	39	1577	1292	13
195.0	8794	12	15	11177	9	1710	1543	19
195.0	7819	24	18	11178	30	1206	1479	14
195.0	10164	25	23	11179	26	1328	566	12
195.0	7214	33	34	11180	32	645	461	13
195.0	10184	15	13	11181	16	843	1615	14
195.0	9501	12	14	11182	9	769	470	13
195.0	8657	15	13	11183	17	1058	1758	17
195.0	7633	33	36	11184	29	891	0	12
195.0	10309	9	11	11185	7	825	475	11
195.0	8142	15	11	11186	19	535	1341	14
195.0	9416	12	8	11187	15	1269	1735	13
195.0	7974	15	16	11188	14	448	888	12
195.0	8564	40	47	11189	33	1112	1775	22
195.0	9076	15	17	11190	13	1479	1054	19
195.0	9600	25	25	11191	25	569	1435	14
195.0	7363	15	13	11192	16	193	1454	17
195.0	7188	20	20	11193	20	1520	998	12
195.0	9317	13	8	11194	17	482	939	12
195.0	7468	12	11	11195	13	438	995	13
195.0	7406	10	7	11196	12	1039	1523	12
195.0	9767	19	18	11197	19	1369	827	11
195.0	8474	15	19	11198	11	1435	1769	13
195.0	6979	23	23	11199	23	1732	1442	19
195.0	6883	19	21	11200	17	794	63	17
195.0	6872	24	21	11201	25	1612	981	12
195.0	10117	15	13	11202	17	399	815	11
195.0	9592	7	7	11203	6	1355	927	14
195.0	10900	11	11	11204	11	695	462	17
195.0	9985	29	24	11205	33	808	637	12
195.0	11019	27	20	11206	32	1309	506	11
195.0	6877	26	21	11207	29	928	1764	22
195.0	9884	11	11	11208	10	569	1036	12
195.0	7117	28	27	11209	27	1498	1407	13
195.0	9385	13	13	11210	13	1496	882	12
195.0	8316	16	21	11211	10	1275	1582	15
195.0	7634	11	12	11212	10	826	1599	13
195.0	8694	24	24	11213	24	447	165	11
195.0	7338	17	16	11214	17	1125	1810	24
195.0	11092	21	18	11215	23	1333	1927	16
195.0	9521	22	22	11216	21	1347	1639	16
195.0	7237	0	0	11217	0	507	713	14
195.0	7536	22	27	11218	16	449	1116	17
195.0	8805	21	26	11219	16	1039	1776	16
195.0	9547	16	17	11220	14	905	1770	19
195.0	9489	35	33	11221	37	1024	1763	18
195.0	7542	15	14	11222	16	578	55	9
195.0	9847	14	13	11223	15	744	1731	15
195.0	7829	20	28	11224	12	1455	854	11
195.0	8435	24	25	11225	23	1374	390	16
195.0	8892	15	12	11226	17	765	568	11
195.0	7226	24	27	11227	20	1195	1753	21
195.0	9420	8	4	11228	11	1567	1087	16
195.0	10760	30	29	11229	29	573	619	15
195.0	9599	17	15	11230	18	893	497	16
195.0	10792	10	9	11231	10	741	343	15
195.0	9619	29	27	11232	28	1435	1584	13
195.0	10046	33	31	11233	33	517	1312	16
195.0	10632	28	29	11234	25	1294	1684	16
195.0	10025	46	34	11235	56	639	1489	11
195.0	9301	27	26	11236	28	1299	1369	16
195.0	10224	24	24	11237	22	675	1701	16
195.0	7123	35	35	11238	33	1999	1299	20
195.0	9644	15	16	11239	14	1469	1039	18
195.0	10213	35	24	11240	44	483	351	11
195.0	10058	26	22	11241	29	1469	748	14
195.0	10366	6	6	11242	6	1641	1022	16
195.0	10611	24	26	11243	20	1328	1468	12
195.0	9144	8	3	11244	10	1388	1656	14
195.0	8485	15	13	11245	17	869	1756	17
195.0	9241	48	52	11246	41	1619	1562	15
195.0	7575	19	21	11247	15	1379	59	10
195.0	8902	40	43	11248	35	1959	1295	17
195.0	9513	15	12	11249	17	1412	669	12
195.0	7179	17	17	11250	16	553	178	15
195.0	9092	8	6	11251	10	472	754	16
195.0	6863	29	31	11252	26	844	361	14
195.0	10143	11	15	11253	7	673	1386	15
195.0	9041	37	36	11254	36	739	1622	11
195.0	9797	27	27	11255	26	1609	1409	13
195.0	7438	26	28	11256	23	1139	1714	17
195.0	9799	12	12	11257	12	1343	1589	15
195.0	9238	16	14	11258	18	1266	615	15
195.0	8844	37	39	11259	34	716	339	16
195.0	10210	10	12	11260	8	1152	1800	22
195.0	9340	10	9	11261	10	325	604	13
195.0	9114	1	1	11262	0	499	673	14
195.0	8298	26	24	11263	27	1469	1380	13
196.0	9548	23	26	11264	19	705	110	10
196.0	9416	8	12	11265	4	1286	1735	14
196.0	10489	23	24	11266	21	318	1192	17
196.0	7805	23	24	11267	20	1437	1290	17
196.0	7535	4	4	11268	4	1595	803	12
196.0	7634	12	9	11269	14	826	1599	14
196.0	8123	26	22	11270	30	904	1840	16
196.0	9683	7	10	11271	4	1393	1197	18
196.0	10213	24	22	11272	24	483	351	12
196.0	7500	11	10	11273	12	591	595	10
196.0	11092	18	18	11274	18	1333	1927	17
196.0	7214	34	37	11275	31	645	461	14
196.0	9379	13	14	11276	11	370	829	11
196.0	7603	18	18	11277	18	1327	582	12
196.0	8994	5	1	11278	8	1148	600	18
196.0	8605	16	17	11279	14	338	741	12
196.0	10025	34	33	11280	34	639	1489	12
196.0	10445	6	6	11281	6	884	353	12
196.0	8686	13	18	11282	8	648	480	14
196.0	8034	21	23	11283	17	1310	1734	14
196.0	7977	19	17	11284	20	1568	1467	13
196.0	9537	7	6	11285	8	1477	1248	14
196.0	8841	11	11	11286	11	1318	783	11
196.0	8507	14	14	11287	14	500	403	16
196.0	8814	29	25	11288	32	822	49	10
196.0	9397	32	30	11289	34	1019	1565	10
196.0	9288	11	11	11290	11	1493	1157	10
196.0	7824	11	13	11291	7	1025	409	14
196.0	9634	25	24	11292	26	644	1229	14
196.0	8413	9	13	11293	5	1609	1109	15
196.0	8022	15	13	11294	16	1461	574	11
196.0	9697	13	10	11295	16	1036	529	11
196.0	7010	16	18	11296	12	1527	731	14
196.0	9237	3	3	11297	3	536	916	14
196.0	7770	29	29	11298	28	1066	525	18
196.0	9328	37	34	11299	39	290	737	9
196.0	8902	43	43	11300	41	1959	1295	18
196.0	8041	12	14	11301	10	557	528	10
196.0	6872	21	20	11302	20	1612	981	13
196.0	9581	21	18	11303	24	1000	1669	10
196.0	10470	18	16	11304	20	933	1726	18
196.0	9323	17	19	11305	13	963	1983	18
196.0	10003	27	19	11306	34	1509	1386	15
196.0	8661	26	25	11307	27	672	1545	15
196.0	9385	13	11	11308	15	1496	882	13
196.0	9116	13	6	11309	20	907	488	15
196.0	8927	40	45	11310	34	1017	523	18
196.0	9324	27	25	11311	27	427	1053	14
196.0	7113	20	25	11312	14	684	1945	12
196.0	8303	19	18	11313	19	1302	1596	16
196.0	9521	22	22	11314	22	1347	1639	17
196.0	9147	24	21	11315	27	742	1437	14
196.0	9310	29	20	11316	35	346	1199	14
196.0	7275	22	30	11317	14	406	53	18
196.0	9578	12	7	11318	17	642	226	15
196.0	7633	36	40	11319	31	891	0	13
196.0	9008	24	25	11320	21	620	336	10
196.0	7649	16	19	11321	12	896	607	11
196.0	7277	2	3	11322	1	855	419	12
196.0	9200	27	32	11323	22	561	1525	10
196.0	9107	7	4	11324	10	1272	535	13
196.0	9443	21	21	11325	21	1652	1634	16
196.0	9134	15	16	11326	11	1496	814	10
196.0	8946	22	26	11327	17	611	1529	15
196.0	8125	25	21	11328	29	1511	894	12
196.0	7536	27	27	11329	26	449	1116	18
196.0	9864	13	14	11330	11	488	828	10
196.0	9590	22	20	11331	23	582	1396	16
196.0	6927	33	22	11332	43	1593	1411	18
196.0	9454	28	30	11333	26	1584	1334	15
196.0	7266	5	6	11334	4	408	778	13
196.0	8735	20	20	11335	20	608	573	14
196.0	10867	19	19	11336	17	596	1410	14
196.0	8856	16	14	11337	18	1544	997	15
196.0	9708	9	11	11338	7	1112	1695	17
196.0	10177	25	25	11339	24	321	55	18
196.0	9954	23	24	11340	22	1556	1865	12
196.0	8446	14	12	11341	15	929	438	15
196.0	10415	15	17	11342	12	1389	1850	12
196.0	9614	3	1	11343	5	1399	1131	16
196.0	8410	8	6	11344	9	481	933	16
196.0	8941	9	2	11345	15	1076	638	15
196.0	10632	29	20	11346	37	1294	1684	17
196.0	9449	22	24	11347	20	767	1623	17
196.0	8947	14	14	11348	13	1500	1119	19
196.0	9412	22	18	11349	25	1583	386	13
196.0	9280	1	2	11350	0	1175	1844	16
196.0	6883	21	19	11351	22	768	63	18
196.0	8643	14	13	11352	15	586	1481	13
196.0	10495	12	11	11353	13	1345	1695	14
196.0	9353	11	8	11354	14	1699	1613	13
196.0	10760	29	28	11355	29	573	619	16
197.0	9133	15	12	11356	17	812	1685	14
197.0	8795	17	16	11357	16	385	1103	14
197.0	8851	19	18	11358	20	1339	748	18
197.0	9412	18	13	11359	23	1583	386	14
197.0	8979	23	34	11360	12	740	399	12
197.0	8388	49	53	11361	45	1097	71	16
197.0	9746	10	9	11362	10	378	936	14
197.0	8446	12	10	11363	13	929	438	16
197.0	9521	22	27	11364	16	1347	1639	18
197.0	8878	25	20	11365	28	996	1896	16
197.0	8947	14	11	11366	15	1500	1119	20
197.0	10177	25	26	11367	23	321	55	19
197.0	8034	23	17	11368	28	1310	1734	15
197.0	7335	18	21	11369	15	1273	1747	12
197.0	9655	26	25	11370	26	1398	452	13
197.0	8789	15	18	11371	12	1135	1826	20
197.0	8011	17	16	11372	18	664	1668	12
197.0	9126	20	18	11373	21	676	500	16
197.0	7104	31	27	11374	35	288	700	13
197.0	8419	27	27	11375	25	1855	1309	15
197.0	9254	14	11	11376	16	637	531	17
197.0	10245	15	16	11377	14	1189	584	13
197.0	9687	14	16	11378	12	1443	996	20
197.0	8479	27	17	11379	36	1632	1999	12
197.0	10443	9	7	11380	10	1557	1303	13
197.0	9581	18	18	11381	18	1000	1669	11
197.0	9806	17	16	11382	15	910	1793	18
197.0	7423	12	15	11383	9	1414	1318	15
197.0	9539	5	6	11384	4	1416	1164	18
197.0	9921	21	22	11385	18	966	1671	15
197.0	9310	20	20	11386	20	346	1199	15
197.0	8814	25	27	11387	22	822	49	11
197.0	9397	30	28	11388	31	1019	1565	11
197.0	9339	9	7	11389	11	737	1492	17
197.0	9922	21	13	11390	28	1248	1432	15
197.0	8439	11	11	11391	11	704	1643	17
197.0	9595	10	5	11392	15	646	1547	10
197.0	10111	14	14	11393	14	289	1128	18
197.0	9046	22	23	11394	18	835	1647	16
197.0	8753	20	23	11395	16	676	1668	20
197.0	7275	30	31	11396	29	406	53	19
197.0	8628	29	25	11397	32	824	547	13
197.0	8123	22	26	11398	17	904	1840	17
197.0	7829	28	27	11399	28	1455	854	12
197.0	9546	17	16	11400	16	535	755	12
197.0	8016	14	12	11401	16	229	289	14
197.0	9134	16	9	11402	21	1496	814	11
197.0	8353	11	7	11403	15	1273	1966	18
197.0	8656	24	31	11404	17	771	1899	18
197.0	10808	11	11	11405	11	960	1697	17
197.0	10016	17	15	11406	17	1497	867	11
197.0	7161	11	11	11407	11	919	583	12
197.0	8490	23	18	11408	27	703	1729	13
197.0	7381	28	27	11409	27	678	1601	14
197.0	9473	26	28	11410	23	420	1445	17
197.0	8861	4	6	11411	2	276	622	13
197.0	8798	15	16	11412	13	1408	993	10
197.0	7316	11	15	11413	7	1313	1689	18
197.0	7062	11	12	11414	10	408	908	14
197.0	9121	15	15	11415	15	1329	1488	14
197.0	8954	24	18	11416	27	662	1529	15
197.0	10364	18	20	11417	14	1526	1502	15
197.0	7475	22	21	11418	21	989	1506	19
197.0	10045	49	52	11419	45	422	47	14
197.0	9033	27	25	11420	26	1283	1837	16
197.0	7607	14	12	11421	15	737	1473	18
197.0	10994	20	15	11422	25	1385	486	11
197.0	10627	8	10	11423	6	369	1537	17
197.0	10394	14	19	11424	9	1159	626	17
197.0	10102	10	11	11425	9	964	1895	20
197.0	10227	23	21	11426	24	1414	349	12
197.0	9287	16	18	11427	14	1379	723	12
197.0	8757	16	19	11428	12	1217	1740	15
197.0	10203	10	11	11429	9	830	1812	18
197.0	8040	3	4	11430	2	1128	1966	17
197.0	10040	7	7	11431	7	1327	1578	15
197.0	9363	5	2	11432	8	498	932	14
197.0	9630	27	31	11433	23	848	667	13
197.0	9670	21	22	11434	20	799	1789	18
197.0	9261	16	16	11435	16	1178	789	11
197.0	8697	12	13	11436	10	1194	1656	15
197.0	10589	25	27	11437	22	373	1031	15
197.0	9658	17	17	11438	16	733	1977	15
197.0	9365	16	14	11439	18	929	670	16
197.0	9216	16	20	11440	12	851	444	11
197.0	10299	11	6	11441	15	358	1177	16
197.0	10760	28	30	11442	24	573	619	17
197.0	8927	45	49	11443	41	1017	523	19
197.0	10222	10	5	11444	15	668	452	12
197.0	7431	27	24	11445	29	1999	1558	17
197.0	10101	6	5	11446	7	954	1850	11
197.0	8144	16	13	11447	16	1107	431	13
197.0	8856	14	11	11448	16	1544	997	16
197.0	7903	20	21	11449	18	639	1446	14
197.0	10028	20	22	11450	18	416	1653	13
197.0	7023	7	8	11451	6	972	1795	18
197.0	9355	10	11	11452	9	408	1115	14
197.0	8269	7	8	11453	6	1507	1018	20
198.0	9270	13	10	11454	14	1319	711	10
198.0	9334	18	21	11455	12	1127	477	11
198.0	8603	16	20	11456	11	1578	1396	16
198.0	7024	10	11	11457	8	619	883	9
198.0	10151	12	12	11458	11	1179	659	18
198.0	7631	25	26	11459	23	1697	1168	11
198.0	6897	1	1	11460	1	1367	1197	20
198.0	8272	18	17	11461	17	1114	1507	12
198.0	11095	47	41	11462	51	1884	1607	17
198.0	9216	20	23	11463	16	851	444	12
198.0	8927	49	49	11464	47	1017	523	20
198.0	8545	17	16	11465	18	68	746	16
198.0	8686	18	14	11466	21	648	480	15
198.0	9100	19	19	11467	19	1569	529	11
198.0	6866	18	23	11468	11	557	1127	17
198.0	9046	23	23	11469	23	835	1647	17
198.0	9210	17	21	11470	13	698	1558	12
198.0	10894	18	18	11471	17	1532	1656	16
198.0	9133	12	10	11472	13	801	1696	15
198.0	10299	6	3	11473	9	358	1177	17
198.0	10820	48	40	11474	53	502	1327	17
198.0	9595	5	5	11475	5	624	1547	11
198.0	8602	32	33	11476	28	929	397	17
198.0	9803	30	24	11477	36	951	1686	13
198.0	9617	16	14	11478	17	469	1908	14
198.0	10784	34	39	11479	27	371	381	17
198.0	8152	24	23	11480	21	1303	489	11
198.0	10028	22	25	11481	18	416	1653	14
198.0	7132	9	10	11482	8	1036	1909	22
198.0	9974	25	25	11483	25	555	1427	16
198.0	8719	50	52	11484	47	1259	1694	17
198.0	8459	15	14	11485	15	1475	984	20
198.0	7104	27	35	11486	18	288	700	14
198.0	9244	8	7	11487	9	1111	1893	19
198.0	9499	12	14	11488	10	724	507	12
198.0	9728	11	6	11489	14	1573	626	12
198.0	10719	30	35	11490	24	468	1073	15
198.0	7966	6	5	11491	7	839	542	9
198.0	7573	59	48	11492	52	404	644	18
198.0	9885	20	15	11493	25	865	548	12
198.0	9432	25	23	11494	25	1559	1493	18
198.0	7829	27	30	11495	22	1455	854	13
198.0	10450	14	13	11496	15	516	983	12
198.0	8364	10	9	11497	10	1322	1417	13
198.0	8016	12	10	11498	14	229	289	15
198.0	9191	12	14	11499	8	565	1475	12
198.0	8623	7	8	11500	6	1248	644	16
198.0	10659	17	14	11501	20	337	192	12
198.0	9864	14	13	11502	15	488	828	11
198.0	9317	8	10	11503	5	469	969	13
198.0	9966	27	33	11504	20	1607	1134	12
198.0	8406	12	11	11505	12	1417	1874	18
198.0	7642	8	5	11506	11	1447	903	13
198.0	9153	11	12	11507	10	1330	1558	15
198.0	8151	23	20	11508	24	723	1566	15
198.0	8684	18	17	11509	18	1457	23	11
198.0	8341	44	42	11510	44	494	1349	18
198.0	8804	32	29	11511	34	578	1577	14
198.0	9965	30	26	11512	32	1716	1557	18
198.0	9313	45	41	11513	46	1698	1526	13
198.0	9287	18	12	11514	22	1379	723	13
198.0	7893	19	14	11515	22	1236	596	15
198.0	10005	12	12	11516	12	1448	857	12
198.0	10281	20	19	11517	19	719	1602	17
198.0	9655	25	23	11518	24	1398	452	14
198.0	8434	7	10	11519	4	1450	928	13
198.0	10364	20	24	11520	12	1526	1502	16
198.0	8834	13	12	11521	13	286	1089	17
198.0	8724	20	20	11522	18	739	707	16
198.0	7706	15	11	11523	19	241	1128	19
198.0	9815	27	28	11524	25	1487	1414	13
198.0	9378	14	16	11525	11	1107	523	12
198.0	9818	18	18	11526	18	607	1371	16
198.0	7538	6	6	11527	6	1088	567	11
198.0	9773	26	32	11528	20	454	1239	19
198.0	9768	16	17	11529	14	544	1277	15
198.0	9518	19	23	11530	14	1556	1433	13
198.0	7379	6	3	11531	9	879	598	15
198.0	10627	10	14	11532	6	369	1537	18
198.0	10157	19	22	11533	15	924	345	16
198.0	8829	37	35	11534	36	1858	1804	16
198.0	9257	22	23	11535	20	991	345	13
198.0	7335	21	19	11536	20	1273	1747	13
198.0	7372	20	20	11537	19	444	817	13
198.0	9553	36	35	11538	35	1999	951	11
198.0	10960	16	15	11539	17	727	1707	12
198.0	10112	18	21	11540	15	519	1147	19
198.0	9373	32	31	11541	33	1101	1629	11
198.0	9896	29	27	11542	30	1447	1109	19
198.0	10012	17	13	11543	19	451	908	11
198.0	7067	25	26	11544	24	626	1389	17
198.0	9026	12	14	11545	9	1435	1059	20
198.0	9339	7	8	11546	6	737	1511	18
198.0	8034	17	19	11547	14	1310	1753	16
198.0	8614	3	2	11548	4	1455	1345	16
198.0	9286	18	13	11549	22	1228	1569	13
198.0	8842	22	14	11550	30	1093	198	8
198.0	9459	29	32	11551	23	317	1320	15
198.0	7735	3	2	11552	4	1089	698	10
198.0	9011	13	14	11553	9	801	456	13
198.0	8221	8	9	11554	7	322	904	14
198.0	10203	11	9	11555	13	830	1812	19
198.0	10044	17	11	11556	23	977	1833	18
198.0	7570	21	28	11557	13	1004	1498	15
198.0	8388	53	49	11558	51	1097	71	17
199.0	10440	21	25	11559	17	1496	1564	18
199.0	10680	13	13	11560	12	828	1725	16
199.0	9176	23	20	11561	21	1377	574	10
199.0	8574	17	18	11562	15	1463	1569	14
199.0	9689	41	51	11563	30	1283	1930	17
199.0	9925	12	8	11564	16	308	748	12
199.0	10401	14	11	11565	16	904	1750	22
199.0	10305	14	16	11566	11	419	836	12
199.0	9604	10	11	11567	9	1144	579	14
199.0	8643	13	14	11568	11	586	1481	14
199.0	9394	21	25	11569	14	1333	658	16
199.0	7840	16	16	11570	16	659	1280	16
199.0	10157	22	23	11571	21	924	345	17
199.0	9858	28	32	11572	23	1258	1765	20
199.0	9328	34	35	11573	31	290	737	10
199.0	9743	14	16	11574	11	389	1162	16
199.0	9396	13	16	11575	9	785	412	11
199.0	8630	14	17	11576	11	1223	507	13
199.0	7518	9	9	11577	9	411	1164	17
199.0	7343	3	3	11578	3	946	1800	12
199.0	8853	13	5	11579	21	1119	629	11
199.0	10461	25	21	11580	28	1559	1178	18
199.0	7140	12	9	11581	15	404	183	12
199.0	8236	3	3	11582	3	436	766	13
199.0	10037	21	19	11583	23	736	411	10
199.0	7831	32	28	11584	33	1438	1661	13
199.0	8467	8	7	11585	9	958	455	17
199.0	8490	18	18	11586	17	690	1742	14
199.0	9844	14	12	11587	14	1108	1860	17
199.0	7908	4	5	11588	3	1358	866	11
199.0	7050	26	19	11589	33	894	311	11
199.0	9915	14	15	11590	13	881	1720	17
199.0	10198	32	25	11591	39	491	522	16
199.0	9499	14	13	11592	13	724	507	13
199.0	9575	6	4	11593	7	587	732	13
199.0	9469	4	3	11594	4	865	1661	17
199.0	9639	13	12	11595	14	386	457	15
199.0	7624	17	15	11596	16	1411	1407	16
199.0	7832	3	3	11597	2	52	643	14
199.0	9112	34	29	11598	36	1429	754	15
199.0	9222	16	16	11599	15	1327	633	11
199.0	8629	15	17	11600	11	910	548	14
199.0	10784	39	45	11601	31	371	381	18
199.0	9299	4	5	11602	3	1547	1133	16
199.0	9713	46	38	11603	52	1069	1811	21
199.0	8341	42	35	11604	46	494	1349	19
199.0	9455	20	20	11605	19	379	703	12
199.0	8353	7	9	11606	5	1273	1966	19
199.0	9590	20	22	11607	17	582	1396	17
199.0	7385	7	6	11608	8	972	446	11
199.0	8391	17	12	11609	19	466	290	13
199.0	9208	34	32	11610	35	417	1195	15
199.0	8044	13	9	11611	15	1299	1473	12
199.0	8144	13	11	11612	15	1107	431	14
199.0	10627	14	18	11613	9	370	1489	19
199.0	10935	5	4	11614	6	1227	1881	17
199.0	8276	4	3	11615	4	527	661	16
199.0	10012	13	11	11616	14	451	908	12
199.0	9923	17	16	11617	18	1253	114	14
199.0	8294	5	5	11618	5	575	929	15
199.0	8351	15	11	11619	17	283	844	12
199.0	9001	8	10	11620	6	1305	395	14
199.0	8387	10	14	11621	5	125	712	13
199.0	9883	18	19	11622	17	341	859	11
199.0	9361	7	7	11623	7	1145	1999	16
199.0	8613	26	28	11624	24	1561	1405	14
199.0	7312	39	35	11625	39	677	285	19
199.0	8487	26	28	11626	24	516	760	16
199.0	9840	16	21	11627	11	1412	238	11
199.0	9454	30	26	11628	33	1584	1316	16
199.0	8866	28	27	11629	29	1291	1981	15
199.0	9137	31	32	11630	27	638	1617	14
199.0	9008	25	26	11631	23	520	173	11
199.0	7825	16	13	11632	18	1430	1427	11
199.0	9531	14	11	11633	17	1249	1886	15
199.0	8152	23	23	11634	20	1303	489	12
199.0	10241	15	11	11635	17	1428	1004	19
199.0	9392	35	32	11636	38	1577	1292	14
199.0	9931	11	13	11637	9	1361	1605	18
199.0	7402	25	23	11638	27	62	1083	16
199.0	9245	24	21	11639	25	1077	478	13
199.0	8709	22	25	11640	19	1528	1481	14
199.0	11125	30	32	11641	25	333	786	14
199.0	10005	12	9	11642	15	1467	857	13
199.0	8802	42	33	11643	49	1901	1341	17
199.0	10039	16	15	11644	15	425	969	15
199.0	7539	6	3	11645	9	1665	1196	18
199.0	6916	23	18	11646	28	1217	1692	14
199.0	9289	27	22	11647	31	1696	1559	17
199.0	8403	18	19	11648	17	1697	1401	14
199.0	7662	22	22	11649	22	985	1637	10
199.0	10062	21	22	11650	20	1425	1725	14
199.0	10426	34	33	11651	32	908	439	17
199.0	7208	21	22	11652	19	1362	1239	17
199.0	9514	13	15	11653	11	1057	1863	19
199.0	8591	29	26	11654	31	937	1699	16
199.0	9841	6	7	11655	5	225	844	11
199.0	8842	14	15	11656	13	1093	198	9
199.0	10411	4	1	11657	7	816	437	11
199.0	9401	27	23	11658	30	758	1740	15
199.0	9130	33	33	11659	31	142	505	9
199.0	8910	15	15	11660	15	452	1187	18
199.0	9525	13	17	11661	9	477	554	14
199.0	10132	19	15	11662	22	1448	1519	14
199.0	8843	11	9	11663	13	1028	605	12
199.0	9768	17	17	11664	15	544	1277	16
199.0	9530	27	21	11665	30	498	1184	17
199.0	8661	25	20	11666	29	660	1557	16
200.0	9161	20	17	11667	23	1423	1591	15
200.0	9989	4	3	11668	5	1348	779	12
200.0	10124	33	31	11669	34	1369	1831	14
200.0	7354	35	26	11670	42	884	1999	15
200.0	10559	28	23	11671	33	515	1225	17
200.0	10373	28	24	11672	30	1972	1207	19
200.0	10101	5	2	11673	8	954	1850	12
200.0	8591	26	22	11674	26	937	1699	17
200.0	8670	23	26	11675	20	1695	1345	12
200.0	7507	10	7	11676	13	477	1042	11
200.0	8044	9	7	11677	11	1299	1473	13
200.0	7884	11	8	11678	14	539	1588	14
200.0	9779	13	16	11679	9	1718	1465	13
200.0	10510	16	16	11680	16	715	424	11
200.0	8081	10	11	11681	8	936	1892	19
200.0	10268	16	18	11682	14	795	1855	19
200.0	9825	45	41	11683	45	589	1176	18
200.0	8477	12	6	11684	18	1526	1355	13
200.0	9647	38	31	11685	42	1237	1779	17
200.0	10046	31	30	11686	30	504	1299	17
200.0	9555	14	14	11687	14	1386	809	11
200.0	10302	40	37	11688	40	1531	1337	16
200.0	9148	32	32	11689	28	1187	486	11
200.0	7903	21	18	11690	22	639	1446	15
200.0	8198	15	13	11691	17	380	928	11
200.0	7009	31	30	11692	31	576	1508	14
200.0	7044	18	16	11693	18	669	433	14
200.0	8201	19	18	11694	20	795	401	14
200.0	8099	3	2	11695	3	447	679	13
200.0	10489	24	25	11696	23	318	1192	18
200.0	6916	18	20	11697	16	1217	1692	15
200.0	9006	15	17	11698	11	450	705	14
200.0	8948	8	9	11699	7	801	507	11
200.0	7920	37	36	11700	35	452	1240	20
200.0	7826	24	26	11701	19	556	1238	16
200.0	9851	8	7	11702	8	1098	1722	18
200.0	10420	41	43	11703	34	626	314	17
200.0	9758	16	16	11704	16	680	328	13
200.0	9732	27	28	11705	26	1520	1326	16
200.0	9346	19	16	11706	20	875	1868	16
200.0	8843	9	10	11707	8	1028	605	13
200.0	8254	6	3	11708	8	895	669	16
200.0	10401	11	10	11709	12	892	1762	23
200.0	9500	18	18	11710	18	283	1001	17
200.0	9544	22	26	11711	17	1904	715	12
200.0	10214	19	17	11712	19	1370	1715	12
200.0	7894	10	10	11713	9	1348	1819	15
200.0	8613	28	28	11714	27	1561	1405	15
200.0	10351	22	29	11715	15	1168	492	12
200.0	8853	5	4	11716	6	1119	629	12
200.0	9853	14	7	11717	19	1278	1514	11
200.0	9138	20	18	11718	20	1287	1547	12
200.0	10222	5	3	11719	5	655	439	13
200.0	9663	6	5	11720	5	1399	1164	20
200.0	7651	5	3	11721	4	386	723	14
200.0	10132	15	15	11722	15	1448	1519	15
200.0	9121	15	13	11723	16	1329	1488	15
200.0	9233	22	21	11724	21	413	528	15
200.0	8270	16	13	11725	19	958	1547	18
200.0	9320	28	27	11726	26	968	568	15
200.0	8299	13	12	11727	13	817	1496	16
200.0	7516	13	13	11728	12	986	536	18
200.0	9103	5	2	11729	8	997	569	15
200.0	9978	20	23	11730	17	1461	1867	15
200.0	9931	13	10	11731	16	1361	1605	19
200.0	9111	9	6	11732	12	1084	1885	17
200.0	8415	11	10	11733	12	1227	539	15
200.0	9178	12	11	11734	13	476	1085	12
200.0	7697	9	10	11735	8	957	1760	19
200.0	7653	13	7	11736	19	956	1784	18
200.0	8109	29	30	11737	27	345	920	15
200.0	9395	2	2	11738	2	1065	1742	17
200.0	10461	21	22	11739	19	1559	1178	19
200.0	8998	39	38	11740	38	0	235	16
200.0	7103	18	17	11741	17	587	817	15
200.0	7711	29	31	11742	25	592	1607	17
200.0	9271	8	7	11743	9	568	956	12
200.0	8403	19	24	11744	13	1697	1401	15
200.0	10197	21	15	11745	27	1565	1313	16
200.0	7883	10	5	11746	14	529	1283	14
200.0	10543	19	15	11747	23	1493	1539	14
200.0	9130	33	28	11748	34	121	578	10
200.0	8897	7	6	11749	8	741	1369	13
201.0	7017	11	11	11750	10	1624	1525	15
201.0	7894	10	9	11751	11	1348	1819	16
201.0	9902	30	27	11752	32	552	1614	13
201.0	9716	35	29	11753	38	1564	787	13
201.0	10536	15	17	11754	13	557	1157	20
201.0	10111	14	21	11755	7	305	1128	19
201.0	10478	28	25	11756	29	1068	448	13
201.0	10115	15	18	11757	12	1442	584	11
201.0	8280	29	21	11758	35	571	295	9
201.0	10912	5	3	11759	7	1368	1019	16
201.0	10415	17	13	11760	20	1389	1850	13
201.0	7114	11	13	11761	9	522	967	12
201.0	9943	15	11	11762	18	1105	1519	14
201.0	9199	9	7	11763	11	377	746	14
201.0	8842	15	13	11764	15	1093	198	10
201.0	10439	21	17	11765	24	443	1166	14
201.0	9505	18	20	11766	14	356	1296	15
201.0	9296	25	30	11767	18	1092	1753	17
201.0	9892	12	11	11768	11	42	567	13
201.0	9303	12	9	11769	13	841	478	10
201.0	10684	40	34	11770	45	1015	1798	18
201.0	9928	21	22	11771	20	677	1493	12
201.0	9073	15	15	11772	15	946	1577	17
201.0	9803	24	23	11773	24	951	1686	14
201.0	11075	14	12	11774	16	1450	1639	15
201.0	7676	4	4	11775	4	1498	1261	15
201.0	8517	19	14	11776	23	1551	849	11
201.0	7064	8	8	11777	8	1223	1899	17
201.0	9813	15	12	11778	16	507	1321	13
201.0	10802	6	8	11779	4	516	893	15
201.0	9480	27	32	11780	22	365	1969	14
201.0	11092	18	17	11781	19	1333	1927	18
201.0	9144	3	1	11782	5	1388	1656	15
201.0	7708	20	20	11783	20	912	1937	16
201.0	8561	30	21	11784	38	1657	1270	15
201.0	8788	25	27	11785	23	461	116	14
201.0	7937	7	6	11786	8	1207	1861	17
201.0	8254	3	2	11787	4	895	669	17
201.0	9315	21	21	11788	21	1531	1436	11
201.0	10602	20	16	11789	23	1903	1304	13
201.0	8727	16	19	11790	11	583	849	15
201.0	9514	15	14	11791	15	1057	1863	20
201.0	9135	30	24	11792	35	1473	1652	12
201.0	9043	25	22	11793	27	1655	1604	13
201.0	9924	22	18	11794	25	1356	1955	15
201.0	9430	32	24	11795	37	24	428	10
201.0	10167	20	18	11796	21	820	397	15
201.0	8403	24	20	11797	27	1697	1401	16
201.0	9453	13	12	11798	14	617	523	17
201.0	9619	27	22	11799	31	1471	1584	14
201.0	11363	13	12	11800	14	888	377	17
201.0	9379	14	14	11801	13	349	829	12
201.0	10824	14	13	11802	13	1522	1635	15
201.0	7199	26	25	11803	25	1537	980	12
201.0	10268	18	16	11804	19	795	1855	20
201.0	9681	13	14	11805	12	1396	1925	12
201.0	9886	4	4	11806	4	537	1074	12
201.0	9127	18	21	11807	14	1044	402	13
201.0	9655	23	19	11808	27	1504	516	15
201.0	8944	20	18	11809	21	1704	651	17
201.0	7883	5	6	11810	4	529	1283	15
201.0	8198	13	12	11811	11	380	928	12
201.0	7381	27	26	11812	26	666	1613	15
201.0	9559	10	8	11813	12	341	619	11
201.0	10588	7	4	11814	10	404	744	12
201.0	8210	16	14	11815	18	1312	429	14
201.0	10723	16	15	11816	16	143	1068	15
201.0	9605	9	11	11817	7	422	1275	14
201.0	9319	26	22	11818	30	1538	1620	12
201.0	7273	50	48	11819	50	366	359	13
201.0	9706	34	38	11820	30	458	12	16
201.0	6851	35	36	11821	33	322	1039	17
201.0	8667	5	3	11822	6	520	1249	14
201.0	9467	30	27	11823	29	208	469	10
201.0	7222	17	20	11824	14	1700	1669	13
201.0	8994	1	1	11825	1	1187	561	19
201.0	11242	6	6	11826	6	1631	1012	17
201.0	9428	16	12	11827	19	1247	1661	14
201.0	8954	18	18	11828	17	662	1529	16
201.0	8370	19	20	11829	18	1369	1384	14
201.0	9196	14	12	11830	14	1743	1652	13
201.0	10201	18	18	11831	18	866	1715	14
201.0	8170	11	9	11832	10	1206	468	13
201.0	8626	14	16	11833	12	989	1812	20
201.0	10020	8	6	11834	10	1573	1022	18
201.0	10420	43	42	11835	44	626	314	18
201.0	9425	20	21	11836	16	425	1073	16
201.0	10283	7	10	11837	4	1047	1682	18
201.0	7993	20	19	11838	20	584	1159	16
201.0	6894	5	7	11839	3	1226	637	15
201.0	8697	13	13	11840	13	1194	1656	16
201.0	10200	21	15	11841	26	1139	76	12
201.0	9519	30	29	11842	27	774	1765	16
201.0	8460	21	22	11843	20	1949	1364	13
201.0	7354	26	24	11844	27	884	1999	16
201.0	9916	13	14	11845	10	1671	1661	15
201.0	9984	2	3	11846	1	785	556	11
202.0	9773	32	35	11847	28	432	1239	20
202.0	8460	22	21	11848	22	1949	1364	14
202.0	9317	10	9	11849	11	469	969	14
202.0	7199	25	22	11850	26	1537	980	13
202.0	10966	34	35	11851	32	1580	932	10
202.0	8933	46	52	11852	38	1568	945	10
202.0	9565	24	27	11853	21	416	656	16
202.0	10824	13	12	11854	14	1522	1635	16
202.0	9991	6	9	11855	3	1465	1681	17
202.0	9910	12	13	11856	11	259	1317	15
202.0	10097	27	30	11857	22	472	1569	15
202.0	9384	12	12	11858	12	1203	1805	19
202.0	6975	15	20	11859	10	851	1735	18
202.0	10456	12	11	11860	12	574	1247	16
202.0	9315	21	23	11861	17	1531	1436	12
202.0	9588	13	14	11862	12	364	504	14
202.0	9827	40	43	11863	34	1221	1972	18
202.0	9391	21	25	11864	15	1418	1433	11
202.0	10031	24	30	11865	18	498	67	15
202.0	10394	19	20	11866	16	1159	626	18
202.0	11363	12	9	11867	14	888	377	18
202.0	9877	17	18	11868	15	1083	1868	20
202.0	9755	21	17	11869	24	937	418	12
202.0	9528	14	17	11870	11	368	1004	16
202.0	9586	19	21	11871	16	1246	1570	14
202.0	8635	20	25	11872	13	1839	629	11
202.0	10779	26	28	11873	23	76	918	16
202.0	9786	13	11	11874	14	1703	1363	13
202.0	10382	8	9	11875	7	467	847	13
202.0	9449	24	24	11876	23	767	1623	18
202.0	9467	27	30	11877	24	272	444	11
202.0	8979	34	26	11878	40	718	399	13
202.0	11061	7	10	11879	4	1230	517	16
202.0	10200	15	19	11880	11	1139	76	13
202.0	8280	21	22	11881	20	571	295	10
202.0	9130	28	31	11882	23	87	652	11
202.0	7261	10	12	11883	7	529	864	15
202.0	9873	19	18	11884	18	698	1945	11
202.0	6960	36	35	11885	35	476	0	16
202.0	7064	8	8	11886	8	1223	1899	18
202.0	8517	14	13	11887	15	1551	849	12
202.0	9581	18	21	11888	15	1000	1669	12
202.0	8944	18	17	11889	18	1704	651	18
202.0	8817	24	26	11890	21	1194	689	12
202.0	8959	7	8	11891	5	1192	1935	16
202.0	9272	5	6	11892	4	689	707	12
202.0	11125	32	34	11893	29	333	786	15
202.0	10014	21	23	11894	19	840	518	12
202.0	7539	3	4	11895	2	1665	1196	19
202.0	10975	19	14	11896	24	1344	1764	14
202.0	10305	16	18	11897	14	406	849	13
202.0	9713	38	49	11898	27	1069	1811	22
202.0	9892	11	11	11899	11	42	567	14
202.0	9982	26	31	11900	20	1419	1674	11
202.0	11136	16	15	11901	16	423	704	14
202.0	9450	22	22	11902	21	1478	1165	17
202.0	10476	51	57	11903	42	1159	269	19
202.0	7708	20	19	11904	20	912	1937	17
202.0	10528	12	11	11905	11	198	568	13
202.0	8736	21	20	11906	22	1059	1890	18
202.0	9546	16	15	11907	17	548	742	13
202.0	9195	42	34	11908	47	848	12	12
202.0	8325	21	15	11909	25	1632	1338	13
202.0	7955	18	20	11910	16	955	1890	18
202.0	8475	19	19	11911	19	1336	1379	15
202.0	7446	38	35	11912	38	1497	698	15
202.0	9810	6	6	11913	6	756	1479	20
202.0	7276	15	16	11914	13	1414	829	11
202.0	8152	23	24	11915	22	1303	489	13
202.0	10529	22	20	11916	24	1581	1347	15
202.0	10016	15	16	11917	14	1497	867	12
202.0	9505	20	20	11918	17	356	1296	16
202.0	8821	22	23	11919	19	1515	1487	19
202.0	7993	19	17	11920	20	584	1159	17
202.0	10167	18	17	11921	18	820	397	16
202.0	8040	4	3	11922	5	1116	1954	18
202.0	9981	42	36	11923	47	373	1324	15
202.0	9381	20	19	11924	20	413	1344	14
202.0	8656	31	32	11925	28	771	1899	19
202.0	8661	20	23	11926	15	660	1557	17
202.0	9199	7	4	11927	10	377	746	15
202.0	9299	5	5	11928	5	1547	1133	17
202.0	11089	22	21	11929	22	580	465	11
202.0	10201	18	23	11930	13	866	1715	15
202.0	10283	10	8	11931	12	1047	1682	19
202.0	9075	33	36	11932	28	466	1427	21
202.0	7847	3	4	11933	2	518	815	11
202.0	8479	17	18	11934	14	1623	1999	13
202.0	7685	9	7	11935	10	1307	702	15
202.0	7150	27	20	11936	32	522	1559	17
202.0	9568	23	22	11937	23	1460	1179	19
202.0	10268	16	15	11938	17	795	1855	21
202.0	8563	24	22	11939	24	919	1448	11
202.0	10553	1	1	11940	1	1353	1734	12
202.0	8177	6	7	11941	5	557	666	15
202.0	10746	34	42	11942	25	409	1434	17
202.0	9813	12	13	11943	11	520	1334	14
202.0	10000	11	11	11944	10	399	88	18
202.0	8366	21	19	11945	22	759	625	11
202.0	9253	13	14	11946	12	1203	1848	19
203.0	10631	30	25	11947	35	197	985	15
203.0	10401	10	11	11948	9	892	1762	24
203.0	9316	19	21	11949	17	1527	743	12
203.0	9375	17	19	11950	12	1158	1787	18
203.0	7831	28	31	11951	24	1438	1661	14
203.0	9130	31	28	11952	33	87	652	12
203.0	9570	42	36	11953	46	1950	1343	19
203.0	10638	4	5	11954	2	1593	1124	15
203.0	8019	11	12	11955	9	435	719	12
203.0	8280	22	23	11956	20	571	295	11
203.0	11613	9	8	11957	10	370	1474	20
203.0	10201	23	26	11958	18	866	1715	16
203.0	8780	12	13	11959	11	667	515	18
203.0	8511	13	11	11960	15	384	762	11
203.0	10359	23	18	11961	27	1745	1607	17
203.0	9381	19	21	11962	15	413	1344	15
203.0	7768	27	22	11963	30	816	547	12
203.0	9527	23	17	11964	28	1438	804	11
203.0	10762	29	25	11965	32	1404	745	16
203.0	9758	16	13	11966	18	680	328	14
203.0	9665	22	19	11967	22	708	1461	11
203.0	11412	13	12	11968	12	1440	959	11
203.0	9385	11	10	11969	12	1509	895	14
203.0	9037	2	1	11970	3	1133	539	12
203.0	9810	6	4	11971	8	756	1479	21
203.0	8029	20	17	11972	23	1252	1629	14
203.0	10167	17	21	11973	13	820	397	17
203.0	11089	21	17	11974	24	580	465	12
203.0	9565	27	28	11975	23	416	599	17
203.0	9609	30	33	11976	26	975	385	15
203.0	9296	30	29	11977	31	1102	1763	18
203.0	9921	22	16	11978	25	966	1671	16
203.0	10610	26	24	11979	28	1316	1920	15
203.0	9554	18	19	11980	16	1498	1516	16
203.0	10314	9	12	11981	6	1086	1938	17
203.0	11348	13	15	11982	10	1529	1148	20
203.0	10159	15	12	11983	18	1298	713	11
203.0	9580	20	15	11984	24	656	330	9
203.0	8345	13	13	11985	13	870	1687	15
203.0	10496	19	23	11986	15	1007	1955	22
203.0	8635	25	28	11987	20	1839	629	12
203.0	11197	19	15	11988	20	1401	789	12
203.0	8921	10	7	11989	13	794	568	9
203.0	8102	44	40	11990	47	422	1518	18
203.0	9897	18	21	11991	13	784	1695	15
203.0	9910	13	11	11992	14	259	1317	16
203.0	8979	26	27	11993	24	718	399	14
203.0	9919	25	32	11994	15	1024	436	12
203.0	8656	32	36	11995	28	771	1899	20
203.0	10212	5	4	11996	5	1627	1234	14
203.0	10353	32	32	11997	30	1149	481	17
203.0	9027	23	28	11998	18	745	1408	14
203.0	9597	23	25	11999	21	1675	1461	12
203.0	9680	22	27	12000	17	1177	1524	12
203.0	9760	8	7	12001	9	676	576	13
203.0	8406	11	12	12002	9	1417	1874	19
203.0	11179	26	27	12003	22	1368	549	13
203.0	11320	21	21	12004	21	635	335	11
203.0	8028	15	19	12005	10	959	1828	16
203.0	9552	33	36	12006	28	1576	1433	13
203.0	8736	20	21	12007	17	1059	1890	19
203.0	8435	25	25	12008	24	1374	390	17
203.0	8059	15	16	12009	12	896	327	17
203.0	8669	32	28	12010	35	1734	1633	14
203.0	8703	9	9	12011	9	1602	1675	15
203.0	8816	24	23	12012	24	621	1936	14
203.0	10528	11	8	12013	13	198	568	14
203.0	10512	22	25	12014	18	1152	405	13
203.0	8177	7	6	12015	8	557	666	16
203.0	7634	9	10	12016	8	826	1599	15
203.0	10914	24	23	12017	25	1034	1943	18
203.0	9448	16	17	12018	15	586	542	8
203.0	9454	26	29	12019	22	1595	1327	17
203.0	9586	21	20	12020	21	1246	1570	15
203.0	10946	2	2	12021	2	616	1276	15
203.0	10043	21	18	12022	21	0	1065	13
203.0	9907	44	42	12023	46	1079	322	17
203.0	10669	21	24	12024	17	1578	1414	15
203.0	10038	19	18	12025	19	701	1817	13
203.0	8564	47	43	12026	45	1112	1775	23
203.0	10342	22	18	12027	24	376	1400	19
203.0	9174	27	26	12028	26	994	418	13
203.0	8001	11	9	12029	13	677	632	13
203.0	9666	20	18	12030	22	906	1879	19
203.0	10194	9	11	12031	6	1329	617	11
203.0	8184	16	14	12032	17	1017	1583	18
203.0	8973	11	7	12033	15	1249	1521	13
203.0	8985	14	9	12034	18	948	378	13
203.0	10746	42	41	12035	42	409	1434	18
203.0	9400	13	10	12036	16	994	496	11
203.0	9115	8	9	12037	7	1252	1742	12
203.0	9467	30	31	12038	27	356	434	12
203.0	10515	27	26	12039	26	1490	1485	18
203.0	9651	3	2	12040	4	463	653	13
203.0	9655	19	20	12041	17	1504	516	16
203.0	8475	19	18	12042	20	1336	1379	16
203.0	11767	18	17	12043	19	1109	1753	18
203.0	10090	9	6	12044	11	405	775	12
203.0	10642	20	18	12045	21	1396	1589	15
203.0	7708	19	15	12046	23	912	1937	18
203.0	10202	26	20	12047	28	819	1478	17
203.0	9835	19	15	12048	22	1482	1626	19
203.0	9992	12	12	12049	10	1467	953	12
203.0	8770	4	3	12050	5	1508	1079	16
203.0	9708	11	10	12051	12	1112	1695	18
203.0	8450	12	12	12052	12	596	509	10
203.0	9812	18	22	12053	14	30	779	18
203.0	7335	19	16	12054	20	1299	1773	14
203.0	8607	12	11	12055	13	789	1780	16
203.0	11155	28	27	12056	28	1463	1538	14
203.0	7895	13	11	12057	15	678	1598	14
204.0	8974	15	18	12058	12	20	1349	17
204.0	7900	15	15	12059	14	667	552	12
204.0	8691	6	4	12060	7	768	1551	18
204.0	8564	43	33	12061	48	1112	1775	24
204.0	7763	10	10	12062	9	1415	1615	14
204.0	8570	15	10	12063	18	312	1082	12
204.0	10506	28	26	12064	28	385	1218	17
204.0	9812	22	22	12065	21	30	779	19
204.0	9578	7	7	12066	6	605	232	16
204.0	9945	22	21	12067	23	437	56	16
204.0	8879	12	12	12068	12	1056	1795	16
204.0	8059	16	13	12069	17	896	327	18
204.0	8465	30	30	12070	30	633	390	15
204.0	8345	13	16	12071	9	870	1687	16
204.0	10164	23	26	12072	19	1345	549	13
204.0	7831	31	35	12073	27	1438	1661	15
204.0	8675	23	24	12074	18	649	1629	17
204.0	10140	4	4	12075	4	1398	866	11
204.0	9764	5	5	12076	5	1294	1895	18
204.0	9150	29	30	12077	28	1253	1800	19
204.0	8201	18	15	12078	21	795	401	15
204.0	9536	17	22	12079	11	463	601	11
204.0	9377	22	19	12080	24	720	1684	16
204.0	8789	18	20	12081	15	1135	1826	21
204.0	9049	11	15	12082	7	837	1882	18
204.0	10696	9	10	12083	8	869	487	15
204.0	8810	15	16	12084	13	1455	798	12
204.0	10104	12	9	12085	15	1316	1836	12
204.0	10659	14	13	12086	15	337	192	13
204.0	8934	9	9	12087	9	1418	1376	14
204.0	9619	22	24	12088	20	1471	1584	15
204.0	11554	7	8	12089	6	307	939	15
204.0	8947	11	14	12090	7	1500	1119	21
204.0	10004	23	29	12091	17	793	1801	17
204.0	10197	15	13	12092	16	1565	1313	17
204.0	9532	18	15	12093	19	723	36	11
204.0	7275	31	27	12094	32	395	64	20
204.0	8203	37	36	12095	37	379	1372	16
204.0	9334	21	25	12096	17	1127	477	12
204.0	9527	17	22	12097	11	1438	804	12
204.0	10769	14	11	12098	17	1602	604	11
204.0	10541	16	18	12099	13	1084	1811	24
204.0	10512	25	26	12100	23	1152	405	14
204.0	8858	57	60	12101	40	933	43	18
204.0	10366	6	5	12102	6	1641	1022	17
204.0	7049	29	29	12103	28	637	1418	14
204.0	10236	13	11	12104	13	896	349	17
204.0	10258	11	12	12105	10	1338	1665	17
204.0	9153	12	13	12106	9	1330	1558	16
204.0	9302	29	31	12107	27	155	1323	18
204.0	8135	26	27	12108	24	1439	1708	15
204.0	9322	10	7	12109	12	542	485	9
204.0	10404	19	15	12110	21	1198	506	13
204.0	7093	15	19	12111	11	668	1691	17
204.0	10538	7	8	12112	5	488	598	13
204.0	9034	32	30	12113	34	107	532	17
204.0	11055	12	13	12114	10	1378	1814	15
204.0	9588	14	14	12115	12	364	504	15
204.0	8831	7	4	12116	10	396	985	11
204.0	8227	10	10	12117	10	1445	1499	13
204.0	8485	13	14	12118	11	857	1768	18
204.0	6978	13	13	12119	11	334	744	14
204.0	9722	9	11	12120	7	1305	567	15
204.0	9849	29	27	12121	31	36	946	19
204.0	8128	12	11	12122	11	1457	1228	17
204.0	8846	19	17	12123	21	946	1653	14
204.0	8078	17	16	12124	15	1196	1826	20
204.0	7678	19	17	12125	20	388	1603	16
204.0	9454	29	26	12126	32	1606	1338	18
204.0	8529	18	19	12127	17	922	1647	15
204.0	11348	15	10	12128	18	1529	1148	21
204.0	9649	30	31	12129	25	1471	45	14
204.0	11547	14	15	12130	13	1342	1767	17
204.0	7947	11	9	12131	13	393	258	15
204.0	7179	17	18	12132	16	636	26	16
204.0	11136	15	19	12133	11	423	664	15
204.0	7920	36	36	12134	34	465	1253	21
204.0	9346	16	15	12135	16	859	1904	17
204.0	9896	27	23	12136	28	1447	1109	20
204.0	10901	47	45	12137	48	283	96	16
204.0	10497	25	35	12138	14	1569	932	13
204.0	10153	17	15	12139	18	754	518	14
204.0	10611	26	30	12140	21	1328	1468	13
204.0	9554	19	17	12141	19	1498	1516	17
204.0	10640	20	18	12142	20	503	1488	12
204.0	9990	9	12	12143	4	1049	248	11
204.0	10958	42	40	12144	39	429	587	17
204.0	8511	11	11	12145	11	384	762	12
204.0	9011	14	20	12146	8	801	456	14
204.0	8039	10	9	12147	10	543	1407	17
204.0	7539	4	2	12148	6	1665	1196	20
204.0	9937	43	37	12149	47	906	113	18
204.0	9465	18	18	12150	17	1644	1382	13
204.0	9381	21	23	12151	17	413	1344	16
204.0	9903	29	27	12152	31	1488	1502	16
204.0	10834	33	27	12153	36	35	712	17
204.0	10193	28	34	12154	19	1506	1334	11
204.0	10000	11	14	12155	8	399	88	19
204.0	8382	7	4	12156	9	1230	497	16
204.0	9744	30	27	12157	32	1637	1299	14
204.0	10189	11	12	12158	8	384	886	14
204.0	7544	14	14	12159	13	86	1264	18
204.0	10760	30	30	12160	29	573	619	18
204.0	7898	18	14	12161	21	1363	1979	16
204.0	10418	10	15	12162	5	1089	416	13
204.0	8805	26	27	12163	25	1026	1789	17
205.0	10016	16	17	12164	15	1497	867	13
205.0	10850	13	16	12165	9	824	1862	18
205.0	8935	24	22	12166	25	823	1579	13
205.0	10468	14	16	12167	11	424	643	15
205.0	9718	10	11	12168	9	343	654	14
205.0	8584	3	3	12169	3	1591	1637	15
205.0	11553	9	10	12170	8	790	466	14
205.0	9858	32	34	12171	29	1284	1811	21
205.0	10438	11	11	12172	11	1514	1157	10
205.0	8979	27	34	12173	20	718	399	15
205.0	7832	3	1	12174	4	52	643	15
205.0	11059	6	7	12175	5	1301	597	17
205.0	8435	25	31	12176	18	1374	390	18
205.0	9454	26	26	12177	24	1606	1338	19
205.0	10900	11	10	12178	12	682	449	18
205.0	9760	7	8	12179	6	676	576	14
205.0	10737	24	26	12180	19	1577	835	13
205.0	8992	11	10	12181	12	485	805	11
205.0	7676	4	6	12182	2	1498	1261	16
205.0	7385	6	4	12183	8	972	428	12
205.0	8521	35	33	12184	37	1548	1366	14
205.0	8570	10	11	12185	8	312	1082	13
205.0	10679	14	14	12186	13	1258	1865	17
205.0	10972	23	21	12187	25	766	1943	16
205.0	9812	22	18	12188	26	30	779	20
205.0	9511	12	10	12189	14	554	1188	14
205.0	11066	22	30	12190	14	820	416	15
205.0	10416	7	6	12191	8	205	634	14
205.0	9210	21	24	12192	17	686	1570	13
205.0	9112	29	33	12193	23	1457	707	16
205.0	11640	19	25	12194	13	1546	1569	15
205.0	11275	31	23	12195	37	623	415	15
205.0	9768	17	20	12196	14	544	1277	17
205.0	7706	11	13	12197	8	196	1173	20
205.0	10887	29	31	12198	25	1413	1707	15
205.0	9851	7	6	12199	6	1098	1722	19
205.0	11554	8	4	12200	11	307	939	16
205.0	9728	6	8	12201	4	1569	591	13
205.0	9743	16	17	12202	15	375	1148	17
205.0	10158	27	27	12203	27	1701	1414	13
205.0	9324	25	24	12204	26	427	1053	15
205.0	10083	31	23	12205	35	1088	1981	16
205.0	10000	14	13	12206	15	399	88	20
205.0	9704	48	51	12207	45	1580	1586	16
205.0	9340	9	7	12208	11	325	604	14
205.0	11182	9	10	12209	8	753	485	14
205.0	8662	5	3	12210	6	737	1552	13
205.0	9529	34	36	12211	30	1872	1310	14
205.0	9706	38	44	12212	31	458	12	17
205.0	9905	20	20	12213	18	1421	1964	14
205.0	10792	9	7	12214	11	773	321	16
205.0	11293	5	1	12215	9	1635	1096	16
205.0	9531	11	13	12216	8	1249	1886	16
205.0	8968	12	12	12217	11	906	1853	11
205.0	9688	5	6	12218	4	1098	1909	20
205.0	7685	7	6	12219	7	1320	689	16
205.0	10742	18	20	12220	16	1613	1053	12
205.0	8630	17	14	12221	19	1275	504	14
205.0	9420	4	3	12222	3	1567	1087	17
205.0	11613	8	8	12223	8	370	1474	21
205.0	7573	48	50	12224	42	424	474	19
205.0	8661	23	13	12225	32	660	1557	18
205.0	10317	20	21	12226	19	1405	1827	17
205.0	10865	24	18	12227	29	1274	1898	18
205.0	8795	16	14	12228	18	370	1118	15
205.0	9845	24	28	12229	17	710	1538	11
205.0	10582	14	11	12230	17	411	1578	15
205.0	7925	11	8	12231	13	1307	640	12
205.0	6927	22	20	12232	22	1614	1429	19
205.0	10200	19	21	12233	17	1139	76	14
205.0	10914	23	28	12234	16	1034	1943	19
205.0	10613	7	6	12235	7	1376	1699	14
205.0	10565	21	23	12236	16	964	1966	16
205.0	9342	39	38	12237	39	1195	1954	17
205.0	10164	26	31	12238	21	1345	549	14
205.0	9878	11	12	12239	7	870	448	13
205.0	10131	19	19	12240	16	1165	498	12
205.0	10351	29	29	12241	26	1168	449	13
205.0	10516	4	5	12242	2	1523	1190	13
205.0	6926	24	25	12243	23	46	1445	18
205.0	8532	19	23	12244	15	900	1679	16
205.0	10058	22	21	12245	21	1485	748	15
205.0	10467	33	28	12246	35	595	187	17
205.0	10093	20	22	12247	15	1504	768	12
205.0	11199	23	25	12248	20	1761	1452	20
205.0	9532	15	17	12249	12	723	36	12
205.0	9565	28	31	12250	24	416	599	18
205.0	8831	4	4	12251	4	385	974	12
205.0	8656	36	37	12252	34	755	1915	21
205.0	10733	23	27	12253	19	1263	1986	15
205.0	9338	14	19	12254	8	260	994	10
205.0	10693	27	31	12255	22	478	1284	20
205.0	9282	25	25	12256	24	1124	408	13
205.0	7898	14	15	12257	13	1363	1979	17
205.0	10704	21	14	12258	25	1397	1009	12
205.0	10762	25	20	12259	28	1419	730	17
205.0	10302	37	43	12260	30	1531	1337	17
205.0	10489	25	18	12261	29	318	1192	19
205.0	9346	15	15	12262	15	859	1904	18
205.0	9017	33	31	12263	34	1742	1152	11
205.0	8053	4	3	12264	5	1388	1099	18
205.0	10105	23	23	12265	21	598	1636	16
205.0	8904	18	17	12266	18	740	1695	12
205.0	7049	29	33	12267	25	637	1418	15
205.0	7950	39	40	12268	37	513	1157	14
206.0	8318	12	11	12269	12	1525	848	9
206.0	8829	35	37	12270	31	1877	1772	17
206.0	8939	28	25	12271	30	120	1246	17
206.0	10363	41	40	12272	41	1816	1925	14
206.0	9459	32	29	12273	31	237	1307	16
206.0	7507	7	7	12274	7	477	1042	12
206.0	7563	26	24	12275	28	88	771	20
206.0	10737	26	25	12276	26	1577	835	14
206.0	7222	20	20	12277	19	1700	1669	14
206.0	9547	17	14	12278	19	905	1770	20
206.0	10053	14	12	12279	16	335	797	10
206.0	10887	31	31	12280	29	1413	1707	16
206.0	8799	16	20	12281	12	620	688	15
206.0	11464	47	50	12282	43	1040	488	21
206.0	9324	24	25	12283	21	427	1053	16
206.0	10724	19	20	12284	16	369	969	10
206.0	10850	16	17	12285	15	824	1862	19
206.0	10102	11	11	12286	10	964	1892	21
206.0	9322	7	9	12287	5	542	485	10
206.0	10185	31	29	12288	30	1158	1569	23
206.0	11471	17	19	12289	15	1546	1694	17
206.0	10000	13	17	12290	9	377	110	21
206.0	9744	27	25	12291	26	1637	1299	15
206.0	9378	16	13	12292	17	1107	523	13
206.0	9114	1	1	12293	1	499	673	15
206.0	8200	4	5	12294	3	839	626	17
206.0	8878	20	18	12295	21	981	1929	17
206.0	10370	12	16	12296	8	498	1060	11
206.0	10677	16	15	12297	16	933	1588	17
206.0	9075	36	42	12298	29	466	1427	22
206.0	10676	23	21	12299	24	1287	1408	15
206.0	8479	18	17	12300	19	1623	1999	14
206.0	7746	18	22	12301	14	342	235	14
206.0	10310	12	10	12302	13	1448	1192	19
206.0	9851	6	6	12303	6	1098	1722	20
206.0	10164	31	30	12304	29	1345	549	15
206.0	10696	10	10	12305	10	856	474	16
206.0	8413	13	16	12306	10	1609	1109	16
206.0	10504	7	10	12307	4	1174	1909	18
206.0	10016	17	16	12308	18	1497	867	14
206.0	8545	16	18	12309	14	68	746	17
206.0	10423	32	33	12310	31	559	40	16
206.0	9986	32	30	12311	33	677	1543	15
206.0	10458	23	21	12312	24	802	339	14
206.0	10200	21	20	12313	22	1139	76	15
206.0	8539	7	6	12314	8	1097	388	12
206.0	9620	19	17	12315	18	1517	826	13
206.0	8530	19	9	12316	29	1285	819	13
206.0	8016	10	13	12317	7	136	270	16
206.0	9961	18	18	12318	17	515	1448	14
206.0	7594	28	34	12319	21	446	832	16
206.0	9902	27	23	12320	29	552	1614	14
206.0	10349	34	38	12321	28	1517	700	15
206.0	9340	7	4	12322	10	325	604	15
206.0	9046	23	16	12323	25	817	1629	18
206.0	11133	18	15	12324	20	477	1212	18
206.0	9377	19	16	12325	20	720	1684	17
206.0	9302	31	38	12326	23	155	1323	19
206.0	9078	17	14	12327	20	1399	1870	17
206.0	11005	22	23	12328	21	1589	880	12
206.0	8093	19	20	12329	18	1482	1741	15
206.0	10785	18	17	12330	17	550	1390	14
206.0	7825	13	15	12331	10	1441	1438	12
206.0	10083	23	22	12332	21	1088	1981	17
206.0	10557	45	49	12333	41	488	46	15
206.0	10847	17	12	12334	19	359	192	12
206.0	10947	26	26	12335	26	441	1434	19
206.0	9713	49	49	12336	47	1058	1822	23
206.0	11684	18	19	12337	17	1557	1340	14
206.0	9511	10	11	12338	8	554	1188	15
206.0	9531	13	10	12339	15	1249	1886	17
206.0	9007	5	6	12340	4	1533	1749	16
206.0	10277	13	12	12341	13	921	449	15
206.0	7977	17	17	12342	17	1568	1467	14
206.0	9060	18	18	12343	17	415	1147	15
206.0	10872	17	14	12344	19	922	1919	16
206.0	8169	6	7	12345	5	703	361	16
206.0	8732	6	4	12346	7	565	526	9
206.0	10757	19	23	12347	13	488	451	15
206.0	11095	41	34	12348	45	1820	1679	18
206.0	9804	37	33	12349	39	1999	1963	14
206.0	10438	11	13	12350	8	1514	1157	11
206.0	7099	30	30	12351	30	519	1581	16
206.0	7974	16	16	12352	15	448	888	13
206.0	11463	16	15	12353	17	850	374	13
206.0	6990	15	10	12354	19	1568	1745	13
206.0	10901	45	39	12355	49	283	96	17
206.0	8703	9	14	12356	4	1602	1675	16
206.0	10351	29	25	12357	33	1181	436	14
206.0	9559	8	8	12358	8	348	626	12
206.0	10156	12	15	12359	9	395	1887	16
206.0	8661	13	12	12360	13	660	1557	19
206.0	10213	22	23	12361	19	599	212	13
206.0	10820	40	41	12362	38	431	1328	18
206.0	10105	23	27	12363	19	598	1636	17
206.0	10789	23	20	12364	24	1475	825	12
206.0	8439	11	6	12365	16	697	1657	18
206.0	9529	36	40	12366	29	1872	1310	15
206.0	10679	14	16	12367	12	1258	1865	18
207.0	10312	22	26	12368	18	142	973	15
207.0	10336	24	26	12369	22	913	363	16
207.0	8539	6	3	12370	6	1097	388	13
207.0	9982	31	34	12371	26	1419	1674	12
207.0	9803	23	32	12372	13	951	1686	15
207.0	10938	26	19	12373	33	1357	508	11
207.0	6883	19	17	12374	20	801	0	19
207.0	9827	43	46	12375	38	1236	1987	19
207.0	9726	16	12	12376	17	1228	657	15
207.0	9313	41	39	12377	41	1892	1439	14
207.0	10405	17	21	12378	13	1344	1679	13
207.0	11096	16	8	12379	21	466	332	13
207.0	9979	23	20	12380	25	972	1874	15
207.0	9005	7	8	12381	5	972	304	10
207.0	9907	42	32	12382	50	1079	322	18
207.0	10202	20	15	12383	23	819	1478	18
207.0	8766	37	38	12384	36	585	1218	14
207.0	8059	13	9	12385	16	896	306	19
207.0	7571	6	5	12386	7	1166	1879	17
207.0	10001	20	20	12387	18	164	942	13
207.0	9208	32	31	12388	33	404	1208	16
207.0	11154	20	21	12389	19	1427	629	12
207.0	7137	7	6	12390	8	629	1264	15
207.0	7734	29	26	12391	29	1633	1462	13
207.0	9444	9	8	12392	10	833	1449	18
207.0	7538	6	6	12393	6	1088	567	12
207.0	7544	14	16	12394	12	35	1268	19
207.0	8658	53	51	12395	49	898	1965	16
207.0	8557	42	40	12396	42	1577	1999	14
207.0	10818	12	11	12397	13	1121	1878	19
207.0	10224	24	22	12398	26	684	1802	17
207.0	9358	11	9	12399	13	478	1186	13
207.0	10233	20	20	12400	20	1558	1476	13
207.0	8996	24	24	12401	23	478	1275	17
207.0	10039	15	13	12402	15	425	969	16
207.0	9878	12	9	12403	15	870	448	14
207.0	9954	24	21	12404	26	1497	1987	13
207.0	11870	11	9	12405	13	342	1006	17
207.0	9541	30	33	12406	26	1463	1478	14
207.0	10485	19	17	12407	19	736	331	9
207.0	10661	54	50	12408	50	1831	1357	16
207.0	8616	21	22	12409	19	1684	1381	13
207.0	10058	21	20	12410	21	1485	748	16
207.0	7273	48	41	12411	52	457	432	14
207.0	10214	17	15	12412	19	1370	1715	13
207.0	10340	12	12	12413	12	1668	1340	13
207.0	11114	24	25	12414	22	1010	449	14
207.0	10042	21	22	12415	19	583	1673	15
207.0	8434	10	14	12416	6	1450	928	14
207.0	10632	20	17	12417	22	1294	1703	18
207.0	9552	36	37	12418	33	1576	1433	14
207.0	8351	11	9	12419	12	283	844	13
207.0	9459	29	31	12420	27	237	1307	17
207.0	10459	43	46	12421	40	771	263	17
207.0	11912	38	44	12422	31	1529	665	16
207.0	6851	36	29	12423	41	308	1053	18
207.0	8388	49	48	12424	48	1006	92	18
207.0	11486	18	20	12425	16	235	633	15
207.0	8227	10	12	12426	7	1445	1499	14
207.0	11005	23	23	12427	22	1589	880	13
207.0	10519	30	27	12428	32	1531	778	10
207.0	10754	18	26	12429	10	869	1800	22
207.0	10053	12	9	12430	14	335	797	11
207.0	9600	25	27	12431	23	569	1435	15
207.0	11111	35	34	12432	35	1964	1345	20
207.0	11202	17	17	12433	16	368	823	12
207.0	9392	32	35	12434	28	1597	1272	15
207.0	9615	12	12	12435	12	992	1568	17
207.0	10601	43	45	12436	38	1999	1833	14
207.0	8253	50	47	12437	49	988	381	15
207.0	8466	13	17	12438	9	1405	1753	16
207.0	10443	7	6	12439	8	1559	1263	14
207.0	10888	23	20	12440	25	1312	497	10
207.0	8058	8	9	12441	7	833	1843	20
207.0	9529	40	45	12442	32	1872	1310	16
207.0	10535	7	7	12443	7	779	474	11
207.0	9155	28	32	12444	22	1624	1168	13
207.0	10177	26	26	12445	26	321	55	20
207.0	9171	41	41	12446	36	475	180	13
207.0	9024	16	17	12447	11	200	809	12
207.0	10820	41	42	12448	39	415	1344	19
207.0	10351	25	23	12449	27	1181	436	15
207.0	9836	24	25	12450	23	628	1596	17
207.0	11809	21	19	12451	21	1743	586	18
207.0	9241	52	50	12452	50	1619	1562	16
207.0	10144	10	7	12453	13	776	1679	13
207.0	9324	25	22	12454	28	427	1071	17
207.0	8031	6	5	12455	7	1621	1136	15
207.0	10321	39	42	12456	36	1504	654	14
207.0	10700	17	18	12457	16	792	1893	11
207.0	10057	15	15	12458	13	443	756	11
207.0	11230	18	18	12459	17	887	474	17
207.0	8276	3	4	12460	2	527	661	17
207.0	10040	7	8	12461	6	1327	1593	16
207.0	11302	20	20	12462	19	1714	865	14
207.0	9100	19	14	12463	22	1789	592	12
207.0	11064	13	11	12464	15	1248	1544	14
207.0	8529	19	22	12465	15	922	1647	16
207.0	8702	23	22	12466	24	1642	1547	11
207.0	7844	42	43	12467	38	1434	71	19
207.0	9824	27	25	12468	27	1186	1776	18
207.0	7222	20	15	12469	24	1700	1669	15
207.0	10741	30	30	12470	29	667	45	12
207.0	9037	1	0	12471	2	1133	539	13
208.0	11846	1	1	12472	1	773	528	12
208.0	11665	30	23	12473	37	498	1205	18
208.0	9936	10	11	12474	9	353	1349	16
208.0	9126	18	16	12475	18	676	500	17
208.0	8877	10	9	12476	10	972	1728	18
208.0	10619	46	43	12477	48	0	607	16
208.0	7651	3	4	12478	2	372	709	15
208.0	11721	4	6	12479	2	342	696	15
208.0	11805	12	16	12480	7	1424	1916	13
208.0	8702	22	17	12481	24	1642	1547	12
208.0	9544	26	25	12482	26	1956	674	13
208.0	8632	12	16	12483	8	335	1056	15
208.0	8227	12	11	12484	12	1445	1499	15
208.0	7594	34	37	12485	30	446	832	17
208.0	10135	31	24	12486	36	1739	969	13
208.0	10682	5	2	12487	6	1148	1681	18
208.0	12017	25	26	12488	24	1047	1956	19
208.0	10636	8	8	12489	8	1239	1944	17
208.0	11486	20	21	12490	18	235	633	16
208.0	9806	16	9	12491	22	878	1825	19
208.0	10466	12	10	12492	14	1449	825	15
208.0	8954	18	20	12493	14	662	1529	17
208.0	9617	14	16	12494	12	469	1908	15
208.0	9310	20	23	12495	16	335	1210	16
208.0	9324	22	24	12496	19	427	1071	18
208.0	10283	8	6	12497	9	1047	1682	20
208.0	8958	18	23	12498	13	407	1290	14
208.0	9353	8	5	12499	11	1699	1613	14
208.0	9761	17	18	12500	16	1444	1795	13
208.0	10070	13	14	12501	12	724	1823	14
208.0	8391	12	13	12502	10	466	290	14
208.0	7275	27	26	12503	27	395	64	21
208.0	8747	29	31	12504	25	476	62	18
208.0	12184	37	36	12505	37	1574	1365	15
208.0	10025	33	33	12506	32	639	1489	13
208.0	9515	35	27	12507	41	392	1549	14
208.0	7538	6	6	12508	4	1088	567	13
208.0	9134	9	10	12509	7	1496	814	12
208.0	8532	23	24	12510	22	890	1689	17
208.0	8935	22	22	12511	20	823	1579	14
208.0	9624	20	16	12512	24	1368	1901	11
208.0	9979	20	22	12513	16	972	1874	16
208.0	9983	26	29	12514	22	1685	1528	14
208.0	8591	22	23	12515	20	928	1725	18
208.0	11143	16	10	12516	20	861	1852	20
208.0	9543	9	12	12517	6	1503	1671	17
208.0	10827	32	31	12518	33	1208	1985	19
208.0	8876	18	18	12519	17	1366	486	11
208.0	10326	9	9	12520	9	1138	389	12
208.0	10036	5	5	12521	5	984	466	17
208.0	11102	14	15	12522	12	609	1774	17
208.0	8058	9	5	12523	13	807	1869	21
208.0	10273	15	16	12524	14	455	504	12
208.0	8390	6	7	12525	5	792	323	11
208.0	10045	52	44	12526	56	411	58	15
208.0	9676	7	5	12527	9	1607	1233	13
208.0	12204	26	22	12528	29	399	1041	16
208.0	12008	24	30	12529	16	1432	321	18
208.0	11114	25	19	12530	31	1010	449	15
208.0	7062	12	10	12531	14	408	908	15
208.0	7844	43	36	12532	45	1434	71	20
208.0	9428	12	13	12533	11	1245	1674	15
208.0	9522	10	6	12534	14	1558	1646	16
208.0	10784	45	52	12535	36	344	273	19
208.0	9840	21	23	12536	18	1421	112	12
208.0	9597	25	26	12537	24	1675	1461	13
208.0	11072	12	13	12538	11	1468	1721	15
208.0	8890	27	31	12539	22	1699	785	12
208.0	10656	12	9	12540	13	323	889	12
208.0	11377	14	14	12541	13	1209	584	14
208.0	9993	16	16	12542	15	1262	609	16
208.0	10058	20	17	12543	22	1485	748	17
208.0	10816	20	20	12544	20	1561	779	13
208.0	8490	18	16	12545	18	674	1758	15
208.0	8123	26	23	12546	29	875	1901	18
208.0	10370	16	12	12547	20	498	1060	12
208.0	8816	23	21	12548	24	621	1936	15
208.0	9753	20	27	12549	12	1276	1606	15
208.0	10147	31	25	12550	36	1089	15	11
208.0	10222	3	3	12551	3	655	439	14
208.0	10029	17	22	12552	12	515	538	9
208.0	10678	38	41	12553	31	668	237	16
208.0	10960	15	17	12554	12	727	1749	13
208.0	9283	28	30	12555	26	855	284	11
208.0	8441	41	38	12556	41	573	1563	10
208.0	10801	23	17	12557	29	794	1658	11
208.0	10037	19	16	12558	21	747	380	11
208.0	7734	26	27	12559	24	1645	1474	14
209.0	10816	20	19	12560	21	1561	779	14
209.0	7749	29	36	12561	22	875	22	12
209.0	7894	9	12	12562	6	1348	1819	17
209.0	8022	13	15	12563	11	1461	574	12
209.0	9336	17	15	12564	17	1079	1690	17
209.0	10200	20	20	12565	18	1139	76	16
209.0	10495	11	14	12566	8	1345	1695	15
209.0	11291	7	10	12567	4	1054	364	15
209.0	11370	26	29	12568	23	1383	423	14
209.0	7402	23	20	12569	25	62	1083	17
209.0	10847	12	14	12570	9	359	192	13
209.0	10097	30	28	12571	27	472	1569	16
209.0	9119	6	4	12572	7	1320	1876	16
209.0	8403	20	17	12573	22	1757	1401	17
209.0	8177	6	5	12574	7	557	666	17
209.0	12114	10	12	12575	8	1395	1798	16
209.0	8481	14	15	12576	12	1259	1823	17
209.0	10820	42	36	12577	45	415	1344	20
209.0	8123	23	22	12578	24	875	1901	19
209.0	9828	33	26	12579	38	1985	1396	16
209.0	11576	11	7	12580	15	1290	445	14
209.0	10557	49	45	12581	49	488	46	16
209.0	9467	31	33	12582	29	356	434	13
209.0	11377	14	14	12583	13	1209	584	15
209.0	9968	12	13	12584	11	1424	809	13
209.0	9896	23	19	12585	27	1464	1109	21
209.0	8441	38	41	12586	34	573	1563	11
209.0	8356	10	12	12587	8	1056	1929	17
209.0	9621	11	10	12588	12	515	728	12
209.0	8935	22	14	12589	27	823	1579	15
209.0	10395	20	22	12590	18	47	888	20
209.0	12364	24	29	12591	19	1487	798	13
209.0	8370	20	17	12592	23	1369	1384	15
209.0	10552	27	29	12593	24	1575	466	11
209.0	10058	17	20	12594	14	1485	748	18
209.0	10035	22	26	12595	18	1557	959	17
209.0	10916	42	38	12596	42	287	367	18
209.0	8785	21	20	12597	22	1126	152	11
209.0	10291	24	24	12598	24	355	1081	16
209.0	7062	10	12	12599	7	408	908	16
209.0	8759	26	29	12600	21	1619	1538	11
209.0	10041	13	11	12601	15	841	358	13
209.0	8686	14	17	12602	9	648	480	16
209.0	10711	11	13	12603	8	1235	1792	18
209.0	10180	8	5	12604	11	1160	418	14
209.0	9347	11	11	12605	10	815	304	11
209.0	7899	21	19	12606	23	1324	575	12
209.0	9197	16	17	12607	15	827	1706	15
209.0	8779	10	9	12608	11	126	585	12
209.0	9323	19	22	12609	14	963	1983	19
209.0	8267	10	11	12610	9	535	535	10
209.0	11087	15	14	12611	16	1079	584	14
209.0	10769	11	12	12612	10	1602	604	12
209.0	10420	42	38	12613	46	611	299	19
209.0	10347	19	15	12614	22	494	725	16
209.0	9617	16	17	12615	15	469	1908	16
209.0	8082	20	17	12616	23	1054	448	13
209.0	9627	12	14	12617	10	1195	1702	21
209.0	7261	12	13	12618	8	529	864	16
209.0	10534	29	28	12619	30	727	1999	12
209.0	9700	12	11	12620	11	1162	557	15
209.0	8299	12	11	12621	11	817	1496	17
209.0	7752	18	17	12622	18	1422	1687	13
209.0	10141	31	30	12623	29	512	25	17
209.0	8747	31	30	12624	31	476	62	19
209.0	7446	35	33	12625	33	1514	681	16
209.0	9729	39	44	12626	32	736	114	14
209.0	7704	25	29	12627	21	1589	1547	13
209.0	10506	26	26	12628	26	369	1218	18
209.0	10548	0	0	12629	0	885	518	11
209.0	9971	15	12	12630	17	296	909	12
209.0	9443	21	19	12631	21	1652	1634	17
209.0	11824	14	12	12632	16	1678	1690	14
209.0	7099	30	28	12633	30	503	1597	17
209.0	8390	7	8	12634	6	792	323	12
209.0	8648	23	23	12635	20	1429	1565	17
209.0	9979	22	16	12636	25	972	1874	17
209.0	10680	13	16	12637	10	813	1740	17
209.0	10853	5	5	12638	4	1514	599	14
209.0	7844	36	35	12639	34	1434	71	21
209.0	10842	43	49	12640	34	1562	1586	16
209.0	11673	8	9	12641	7	915	1835	13
209.0	10923	8	9	12642	6	1394	848	11
209.0	10445	6	7	12643	5	857	326	13
209.0	10637	16	14	12644	18	651	1675	12
209.0	9649	31	27	12645	34	1471	45	15
209.0	9345	23	23	12646	22	262	1032	15
209.0	8958	23	20	12647	24	407	1290	15
209.0	10833	9	10	12648	7	1288	727	15
209.0	10392	28	28	12649	27	1374	528	13
209.0	9644	16	20	12650	12	1469	1039	19
209.0	9992	12	11	12651	12	1467	953	13
209.0	10100	12	10	12652	14	1491	592	10
209.0	8490	16	18	12653	13	674	1758	16
209.0	9570	36	32	12654	37	1950	1343	20
209.0	10911	12	8	12655	16	346	1119	16
209.0	10411	1	2	12656	0	816	437	12
209.0	10109	9	11	12657	7	1687	1638	14
209.0	9716	29	22	12658	33	1609	742	14
209.0	10101	2	2	12659	2	941	1816	13
209.0	9500	18	18	12660	18	283	1001	18
209.0	9116	6	4	12661	7	918	477	16
210.0	10534	28	23	12662	32	727	1999	13
210.0	10060	17	17	12663	16	271	787	13
210.0	8780	13	17	12664	9	667	515	19
210.0	9896	19	14	12665	21	1464	1109	22
210.0	8950	15	15	12666	14	1262	1648	15
210.0	10600	29	34	12667	22	1343	1856	16
210.0	9413	14	17	12668	10	305	863	11
210.0	9110	10	10	12669	10	588	1317	14
210.0	10658	35	37	12670	31	1147	232	14
210.0	8985	9	8	12671	10	948	378	14
210.0	11001	45	46	12672	41	1939	1496	17
210.0	8450	12	13	12673	11	577	509	11
210.0	9716	22	23	12674	21	1609	742	15
210.0	9842	14	17	12675	11	759	330	13
210.0	11824	12	13	12676	11	1678	1690	15
210.0	7955	20	18	12677	20	942	1875	19
210.0	10166	16	13	12678	19	1332	1737	17
210.0	10690	26	22	12679	29	1272	1779	20
210.0	9968	13	14	12680	12	1424	809	14
210.0	9038	21	20	12681	21	627	598	8
210.0	10507	14	15	12682	13	1701	1306	13
210.0	11887	15	18	12683	11	1565	849	13
210.0	8904	17	15	12684	18	740	1695	13
210.0	8958	20	20	12685	18	407	1290	16
210.0	8528	26	33	12686	19	485	1475	12
210.0	10852	35	35	12687	33	1230	1969	17
210.0	9744	25	22	12688	26	1637	1299	16
210.0	11064	11	9	12689	13	1248	1544	15
210.0	10873	36	35	12690	32	388	1016	17
210.0	10705	32	26	12691	38	898	1927	16
210.0	9347	11	17	12692	4	815	304	12
210.0	9600	27	15	12693	37	558	1424	16
210.0	8218	12	7	12694	15	524	1746	17
210.0	11403	15	15	12695	13	1305	1966	19
210.0	10217	18	22	12696	13	1487	535	11
210.0	11751	11	13	12697	9	1359	1845	17
210.0	8147	17	12	12698	20	478	694	15
210.0	10835	16	19	12699	13	1685	1496	13
210.0	11372	18	17	12700	18	635	1680	13
210.0	10848	8	6	12701	10	644	520	18
210.0	11179	27	23	12702	28	1414	549	14
210.0	9910	11	10	12703	11	259	1317	17
210.0	9189	8	8	12704	8	1499	1712	18
210.0	10156	15	16	12705	12	395	1887	17
210.0	10317	21	24	12706	16	1427	1849	18
210.0	11370	29	31	12707	27	1383	423	15
210.0	9333	21	19	12708	22	473	1664	13
210.0	10935	4	3	12709	4	1227	1881	18
210.0	9197	17	14	12710	19	827	1706	16
210.0	9181	27	27	12711	25	1129	553	15
210.0	10907	4	5	12712	3	85	617	14
210.0	8905	22	22	12713	22	582	1373	10
210.0	8959	8	6	12714	10	1192	1935	17
210.0	9907	32	36	12715	28	1079	322	19
210.0	7123	35	35	12716	33	1999	1293	21
210.0	7708	15	16	12717	14	912	1937	19
210.0	11127	16	17	12718	13	1574	1316	13
210.0	9473	28	22	12719	30	420	1465	18
210.0	9377	16	17	12720	15	720	1684	18
210.0	8759	29	32	12721	25	1619	1538	12
210.0	8702	17	17	12722	16	1642	1547	13
210.0	10940	11	10	12723	12	1046	334	12
210.0	10258	12	13	12724	10	1338	1665	18
210.0	11846	1	1	12725	1	773	528	13
210.0	11232	28	26	12726	29	1427	1587	14
210.0	11193	20	26	12727	13	1528	1006	13
210.0	9655	20	21	12728	19	1504	516	17
210.0	7844	35	34	12729	34	1434	71	22
210.0	10784	52	47	12730	53	344	273	20
210.0	11294	16	19	12731	11	1461	608	12
210.0	8675	24	28	12732	17	649	1646	18
210.0	9313	39	31	12733	43	1892	1439	15
210.0	9126	16	21	12734	11	676	500	18
210.0	9096	29	28	12735	29	495	0	17
210.0	9382	37	39	12736	28	1407	1487	15
210.0	9121	13	15	12737	11	1329	1488	16
210.0	8902	43	42	12738	43	1959	1295	19
210.0	7140	9	12	12739	6	324	169	13
210.0	8390	8	8	12740	7	792	323	13
210.0	9513	12	9	12741	13	1396	653	13
210.0	10134	26	25	12742	25	622	271	14
210.0	10232	10	11	12743	7	714	1626	19
210.0	10609	40	43	12744	35	476	34	16
210.0	9505	20	16	12745	23	296	1300	17
210.0	8125	21	21	12746	18	1611	909	13
210.0	10471	21	23	12747	18	1412	1706	12
210.0	9500	18	19	12748	14	283	1001	19
210.0	10458	21	26	12749	16	802	339	15
210.0	9467	33	32	12750	34	356	434	14
210.0	9866	22	20	12751	23	479	403	16
210.0	7977	17	18	12752	16	1568	1467	15
210.0	7044	16	12	12753	19	669	433	15
210.0	7351	5	8	12754	2	1538	1710	19
211.0	8950	15	13	12755	16	1262	1648	16
211.0	8081	11	12	12756	10	917	1907	20
211.0	10522	4	4	12757	4	1488	1364	15
211.0	10690	22	22	12758	21	1272	1779	21
211.0	11450	18	19	12759	17	416	1695	14
211.0	8670	26	27	12760	23	1763	1325	13
211.0	11704	16	16	12761	16	680	345	14
211.0	8303	18	15	12762	19	1313	1607	17
211.0	11411	2	4	12763	0	276	605	14
211.0	7783	8	9	12764	7	1683	1350	13
211.0	10534	23	18	12765	26	727	1999	14
211.0	11111	34	38	12766	29	1964	1345	21
211.0	7633	40	47	12767	33	891	0	14
211.0	11054	34	32	12768	34	263	654	9
211.0	9513	9	11	12769	7	1396	653	14
211.0	7113	25	18	12770	31	684	1945	13
211.0	8779	9	8	12771	9	126	585	13
211.0	10572	17	16	12772	15	1505	908	14
211.0	10938	19	16	12773	22	1357	508	12
211.0	10212	4	2	12774	5	1662	1228	15
211.0	10017	28	31	12775	23	690	289	15
211.0	9188	11	15	12776	6	1209	1551	14
211.0	11118	36	36	12777	36	1538	1294	16
211.0	9313	31	36	12778	26	1892	1439	16
211.0	10880	15	19	12779	11	1336	1999	16
211.0	9870	29	30	12780	27	1848	1130	11
211.0	10133	19	15	12781	21	1528	622	16
211.0	7920	36	29	12782	38	449	1305	22
211.0	7844	34	35	12783	33	1434	71	23
211.0	10651	8	8	12784	8	1495	1228	16
211.0	10031	30	31	12785	26	524	93	16
211.0	9443	19	16	12786	21	1652	1634	18
211.0	9670	22	22	12787	21	642	1941	19
211.0	8388	48	50	12788	46	1006	92	19
211.0	8988	47	47	12789	44	1957	1692	16
211.0	11344	9	8	12790	10	445	949	17
211.0	9135	24	20	12791	26	1473	1652	13
211.0	8780	17	14	12792	19	667	530	20
211.0	9753	27	29	12793	22	1276	1606	16
211.0	10640	18	16	12794	19	503	1488	13
211.0	9981	36	32	12795	38	373	1324	16
211.0	9197	14	10	12796	18	827	1706	17
211.0	11912	44	48	12797	38	1529	665	17
211.0	10834	27	27	12798	26	35	712	18
211.0	9133	10	9	12799	10	786	1711	16
211.0	9514	14	17	12800	11	1057	1863	21
211.0	8453	18	15	12801	21	1376	1521	17
211.0	8736	21	18	12802	24	1059	1890	20
211.0	9929	0	0	12803	0	467	654	14
211.0	10585	39	40	12804	36	332	1157	18
211.0	9244	7	10	12805	3	1115	1906	20
211.0	10496	23	20	12806	24	1007	1955	23
211.0	8419	27	25	12807	28	1795	1293	16
211.0	8719	52	43	12808	57	1259	1711	18
211.0	10102	11	8	12809	14	964	1910	22
211.0	9126	21	17	12810	25	676	500	19
211.0	10784	47	48	12811	43	344	273	21
211.0	10373	24	20	12812	28	1972	1207	20
211.0	9176	20	16	12813	23	1377	574	11
211.0	11408	27	21	12814	32	638	1825	14
211.0	7117	27	27	12815	26	1498	1407	14
211.0	9473	22	22	12816	19	420	1465	19
211.0	11367	23	20	12817	25	294	28	20
211.0	9492	24	19	12818	28	1507	1355	14
211.0	10481	28	38	12819	18	919	1546	21
211.0	11310	34	32	12820	33	1017	461	19
211.0	10019	18	23	12821	12	1335	386	15
211.0	10531	25	22	12822	26	1576	754	11
211.0	10781	14	13	12823	14	366	260	14
211.0	10568	18	15	12824	18	539	441	10
211.0	11012	19	23	12825	15	258	1143	19
211.0	12645	34	36	12826	32	1379	83	16
211.0	9965	26	22	12827	27	1716	1557	19
211.0	9282	25	27	12828	23	1124	408	14
211.0	10227	21	20	12829	17	1699	214	13
211.0	9287	12	9	12830	15	1379	723	14
211.0	10002	19	22	12831	15	858	1926	15
211.0	10597	18	15	12832	20	685	366	10
211.0	9459	31	39	12833	23	79	1270	18
211.0	9847	13	15	12834	11	716	1801	16
211.0	10733	27	21	12835	32	1296	1986	16
211.0	9638	23	27	12836	19	1470	1437	15
211.0	9479	19	15	12837	20	1549	796	13
211.0	11575	9	8	12838	10	750	377	12
211.0	10507	15	15	12839	14	1701	1306	14
211.0	7544	16	15	12840	16	35	1268	20
211.0	12054	20	20	12841	18	1317	1773	15
211.0	8005	3	4	12842	2	1258	566	14
211.0	10991	28	25	12843	30	443	1027	15
211.0	10936	11	12	12844	10	569	1345	15
211.0	10432	13	11	12845	14	426	287	15
211.0	11609	19	24	12846	13	499	352	14
211.0	10958	40	41	12847	34	429	587	18
211.0	10996	1	2	12848	0	1597	953	15
211.0	8726	31	20	12849	41	31	240	13
211.0	9301	26	26	12850	23	1299	1369	17
211.0	9500	19	16	12851	21	283	1001	20
211.0	11066	30	33	12852	26	820	416	16
211.0	10586	21	20	12853	22	443	485	11
211.0	10935	3	3	12854	3	1227	1881	19
211.0	11387	22	16	12855	27	975	202	12
211.0	9096	28	28	12856	26	495	0	18
211.0	9008	26	28	12857	22	520	173	12
211.0	8795	14	17	12858	10	370	1118	16
211.0	9257	23	25	12859	20	1047	272	14
211.0	7495	24	24	12860	23	1159	419	10
211.0	11794	25	25	12861	25	1400	1927	16
211.0	10993	20	13	12862	27	1783	698	13
211.0	9726	12	13	12863	11	1239	668	16
211.0	8450	13	13	12864	11	577	509	12
211.0	10592	21	20	12865	21	464	1156	16
211.0	10602	16	16	12866	13	1903	1304	14
211.0	9834	17	14	12867	20	1598	1142	9
211.0	11617	18	17	12868	16	1267	114	15
211.0	9060	18	21	12869	14	415	1147	16
211.0	7351	8	8	12870	8	1538	1710	20
212.0	10585	40	44	12871	32	332	1157	19
212.0	9862	13	18	12872	8	1462	1554	12
212.0	11862	12	12	12873	11	364	487	15
212.0	10292	26	31	12874	21	453	1463	17
212.0	7150	20	25	12875	14	522	1559	18
212.0	7499	35	34	12876	34	44	1141	13
212.0	8899	48	41	12877	50	985	507	17
212.0	12016	8	9	12878	7	798	1605	16
212.0	10133	15	13	12879	16	1528	604	17
212.0	11821	33	37	12880	28	236	1064	18
212.0	11310	32	26	12881	33	1017	461	20
212.0	10596	30	32	12882	28	52	1170	18
212.0	9299	5	2	12883	7	1547	1133	18
212.0	10631	25	24	12884	24	24	1127	16
212.0	10207	31	28	12885	32	1982	1880	16
212.0	7266	6	6	12886	6	370	778	14
212.0	9639	12	12	12887	11	386	457	16
212.0	8570	11	10	12888	10	298	1068	14
212.0	10679	16	16	12889	14	1258	1865	19
212.0	10531	22	19	12890	25	1591	739	12
212.0	10387	21	20	12891	22	304	621	12
212.0	7535	4	1	12892	7	1608	816	13
212.0	10407	25	18	12893	28	563	334	9
212.0	10507	15	14	12894	16	1701	1306	15
212.0	10478	25	25	12895	25	1068	448	14
212.0	9375	19	17	12896	20	1158	1787	19
212.0	11003	8	11	12897	4	1521	1726	18
212.0	8958	20	19	12898	19	407	1290	17
212.0	11523	19	21	12899	16	227	1158	20
212.0	10141	30	25	12900	35	512	25	18
212.0	9399	18	13	12901	21	689	473	18
212.0	11233	33	38	12902	25	63	1423	17
212.0	11343	5	7	12903	3	1399	1116	17
212.0	6877	21	21	12904	20	928	1783	23
212.0	10196	19	13	12905	24	564	139	16
212.0	8658	51	47	12906	52	898	1965	17
212.0	8479	17	20	12907	14	1600	1999	15
212.0	10029	22	26	12908	15	504	549	10
212.0	10030	28	31	12909	24	1200	294	11
212.0	10067	25	29	12910	21	498	1459	11
212.0	10579	9	5	12911	12	316	720	14
212.0	11249	17	17	12912	17	1434	663	13
212.0	10534	18	15	12913	21	727	1999	15
212.0	7947	9	11	12914	7	393	258	16
212.0	11254	36	46	12915	26	738	1672	12
212.0	9712	23	28	12916	18	898	1815	17
212.0	11458	11	14	12917	7	1188	668	19
212.0	9500	16	17	12918	15	283	1001	21
212.0	11794	25	29	12919	20	1400	1927	17
212.0	9196	12	12	12920	11	1755	1664	14
212.0	9313	36	43	12921	27	1892	1439	17
212.0	9392	35	27	12922	41	1609	1260	16
212.0	7146	36	36	12923	35	1195	1999	19
212.0	8382	4	3	12924	5	1230	497	17
212.0	11331	23	28	12925	17	531	1398	17
212.0	10868	14	10	12926	18	1194	1725	21
212.0	10117	13	13	12927	13	349	809	12
212.0	6883	17	12	12928	21	801	0	20
212.0	8927	49	55	12929	41	1017	523	21
212.0	10301	20	23	12930	16	1622	1712	12
212.0	10535	7	6	12931	7	779	474	12
212.0	10842	49	50	12932	48	1562	1586	17
212.0	10717	14	15	12933	13	342	358	13
212.0	11475	5	6	12934	4	594	1559	12
212.0	9076	17	24	12935	10	1479	1054	20
212.0	9757	19	18	12936	20	999	1732	17
212.0	11751	13	12	12937	14	1359	1845	18
212.0	11672	30	35	12938	24	1956	1223	20
212.0	7631	26	28	12939	21	1747	1211	12
212.0	8661	12	12	12940	11	660	1557	20
212.0	11296	12	11	12941	13	1646	767	15
212.0	11255	26	32	12942	19	1696	1422	14
212.0	10398	10	13	12943	7	1038	1987	21
212.0	11801	13	13	12944	12	298	826	13
212.0	11380	10	10	12945	10	1596	1278	14
212.0	10497	35	26	12946	42	1639	910	14
212.0	7967	22	22	12947	22	110	402	10
212.0	7832	1	0	12948	2	52	643	16
212.0	10617	25	22	12949	26	985	1776	18
212.0	11640	25	26	12950	24	1546	1569	16
212.0	9841	7	8	12951	5	202	844	12
212.0	11360	12	12	12952	10	721	357	13
212.0	8144	11	10	12953	12	1140	447	15
212.0	8804	29	29	12954	26	582	1724	15
212.0	10670	13	9	12955	15	1231	1861	20
212.0	10169	16	15	12956	16	477	1372	15
212.0	8996	24	20	12957	24	478	1275	18
212.0	9473	22	24	12958	19	420	1465	20
212.0	10933	18	21	12959	15	1443	1865	17
212.0	8638	23	21	12960	25	1088	526	13
212.0	11620	6	6	12961	5	1305	349	15
212.0	10188	38	38	12962	36	545	379	15
212.0	10496	20	19	12963	18	1007	1955	24
212.0	9961	18	19	12964	16	515	1448	15
212.0	8511	11	9	12965	12	384	762	13
212.0	10586	20	21	12966	17	443	485	12
212.0	10573	30	30	12967	28	754	0	11
212.0	10778	15	13	12968	16	1536	1047	20
212.0	9289	22	24	12969	20	1696	1559	18
212.0	10031	31	32	12970	30	524	112	17
212.0	10694	17	16	12971	18	1713	591	16
212.0	11349	25	20	12972	30	1514	413	14
212.0	9658	17	19	12973	14	759	1932	16
212.0	11138	11	9	12974	13	399	967	11
213.0	9217	3	5	12975	1	1382	1762	12
213.0	11296	11	10	12976	10	1646	767	16
213.0	8109	30	33	12977	26	326	920	16
213.0	10030	31	31	12978	30	1200	294	12
213.0	10985	25	19	12979	30	618	1842	15
213.0	10738	34	33	12980	33	348	297	13
213.0	11076	38	34	12981	38	311	1323	16
213.0	11486	21	24	12982	16	230	692	17
213.0	10994	15	17	12983	12	1385	486	12
213.0	10500	27	31	12984	21	759	1672	17
213.0	11586	17	19	12985	13	663	1838	15
213.0	10196	13	14	12986	11	564	139	17
213.0	10681	18	17	12987	18	1414	1519	15
213.0	10503	27	28	12988	25	328	1209	15
213.0	10134	25	22	12989	28	608	257	15
213.0	9924	18	16	12990	18	1356	1955	16
213.0	10530	5	3	12991	6	1072	244	11
213.0	10910	23	21	12992	23	841	43	10
213.0	8474	19	21	12993	15	1558	1847	14
213.0	10916	38	35	12994	38	89	345	19
213.0	9967	33	34	12995	31	1558	572	12
213.0	7402	20	24	12996	15	62	1083	18
213.0	8974	18	21	12997	15	20	1349	18
213.0	9560	37	34	12998	39	529	1215	17
213.0	7431	24	24	12999	20	1999	1558	18
213.0	11465	18	16	13000	19	132	780	17
213.0	7363	13	11	13001	15	193	1454	18
213.0	9921	16	15	13002	16	966	1671	17
213.0	9023	24	29	13003	18	1825	1145	21
213.0	11096	8	5	13004	10	426	329	14
213.0	11105	56	52	13005	48	694	111	15
213.0	11365	28	28	13006	25	999	1929	17
213.0	10419	10	14	13007	5	217	1386	16
213.0	11275	23	21	13008	25	623	415	16
213.0	12151	17	13	13009	19	348	1392	17
213.0	10363	40	33	13010	44	1828	1999	15
213.0	9600	15	11	13011	17	558	1424	17
213.0	10962	29	30	13012	27	299	954	14
213.0	10569	15	14	13013	16	457	785	15
213.0	10725	15	15	13014	14	486	1423	16
213.0	10343	15	14	13015	16	989	1762	16
213.0	9100	14	16	13016	12	1830	606	13
213.0	11380	10	16	13017	3	1596	1278	15
213.0	7947	11	11	13018	11	393	258	17
213.0	9950	22	29	13019	15	617	377	14
213.0	10009	16	16	13020	15	1588	1058	19
213.0	9532	17	13	13021	20	768	62	13
213.0	7734	27	28	13022	26	1645	1457	15
213.0	10844	21	25	13023	15	1588	1753	13
213.0	10662	14	17	13024	11	441	737	13
213.0	9480	32	31	13025	33	365	1969	15
213.0	10640	16	13	13026	17	503	1488	14
213.0	10941	23	25	13027	20	1625	1459	16
213.0	11288	32	32	13028	30	801	45	11
213.0	11751	12	12	13029	12	1359	1845	19
213.0	8861	6	5	13030	7	242	561	14
213.0	7107	0	0	13031	0	1449	1078	20
213.0	8086	12	13	13032	11	1397	1534	15
213.0	10441	10	7	13033	13	1174	1929	17
213.0	9107	4	2	13034	5	1272	515	14
213.0	10723	15	11	13035	16	0	1133	16
213.0	7199	22	20	13036	23	1537	980	14
213.0	11054	32	30	13037	30	250	667	10
213.0	9584	31	39	13038	21	318	762	14
213.0	11191	25	25	13039	24	569	1453	15
213.0	11928	5	4	13040	6	1578	1146	18
213.0	11310	26	22	13041	27	1017	461	21
213.0	10418	15	13	13042	16	1089	399	14
213.0	10779	28	26	13043	30	76	918	17
213.0	10679	16	16	13044	15	1258	1865	20
213.0	11580	28	25	13045	30	1571	1182	19
213.0	11083	16	17	13046	13	707	92	11
213.0	7049	33	36	13047	28	637	1418	16
213.0	11109	35	36	13048	34	1464	1948	15
213.0	7542	14	15	13049	12	578	55	10
213.0	11215	23	23	13050	23	1342	1941	17
213.0	8878	18	14	13051	22	996	1944	18
213.0	10891	18	20	13052	14	390	1943	14
213.0	8602	33	28	13053	36	929	397	18
213.0	12762	19	19	13054	19	1330	1607	18
213.0	12089	6	7	13055	5	240	938	16
213.0	9548	26	20	13056	32	629	105	11
213.0	10451	38	31	13057	44	1902	730	20
213.0	6863	31	35	13058	26	842	307	15
213.0	11037	8	11	13059	4	1181	1945	16
213.0	9155	32	28	13060	36	1711	1165	14
213.0	10154	11	11	13061	11	1622	1635	15
213.0	11475	6	7	13062	5	594	1559	13
213.0	6926	25	29	13063	21	51	1518	19
213.0	9552	37	37	13064	34	1588	1445	15
213.0	7573	50	41	13065	55	424	474	20
213.0	8996	20	23	13066	16	478	1275	19
213.0	10478	25	29	13067	20	1068	448	15
213.0	10989	15	20	13068	10	1144	1666	15
213.0	11473	9	9	13069	9	374	1177	18
213.0	9708	10	12	13070	8	1112	1695	19
213.0	8770	3	4	13071	1	1508	1079	17
213.0	10950	12	15	13072	9	1342	416	14
213.0	10516	5	6	13073	3	1536	1177	14
213.0	12673	11	10	13074	12	560	469	12
213.0	11138	9	9	13075	7	399	967	12
213.0	7381	26	31	13076	21	666	1633	16
213.0	10081	8	6	13077	9	472	1349	14
213.0	9906	19	20	13078	16	989	402	13
213.0	6979	23	21	13079	24	1732	1442	20
213.0	8557	40	41	13080	36	1577	1999	15
213.0	10855	29	28	13081	28	568	1550	15
213.0	11250	16	13	13082	19	564	75	16
214.0	10196	14	16	13083	10	564	139	18
214.0	11870	9	10	13084	8	342	1006	18
214.0	10512	26	22	13085	27	1243	357	15
214.0	10942	35	36	13086	34	1453	696	15
214.0	7332	27	28	13087	25	1612	1483	17
214.0	9296	29	32	13088	24	1102	1763	19
214.0	10181	6	5	13089	6	1289	747	13
214.0	9324	24	25	13090	22	427	1071	19
214.0	12074	18	13	13091	22	618	1641	18
214.0	8474	21	19	13092	23	1558	1847	15
214.0	10820	36	38	13093	33	415	1344	21
214.0	11627	11	13	13094	9	1386	177	12
214.0	9455	20	18	13095	20	365	689	13
214.0	10713	36	43	13096	28	1980	1578	13
214.0	9011	20	16	13097	22	820	456	15
214.0	10104	9	8	13098	10	1316	1836	13
214.0	9374	35	33	13099	37	595	1478	16
214.0	11238	33	31	13100	32	1965	1329	21
214.0	11395	16	14	13101	18	689	1701	21
214.0	10276	11	12	13102	9	623	1733	11
214.0	10371	37	34	13103	38	1816	1329	17
214.0	6998	9	10	13104	8	862	344	14
214.0	10485	17	15	13105	18	736	331	10
214.0	9174	26	26	13106	25	1005	407	14
214.0	11434	20	19	13107	20	742	1846	19
214.0	8660	16	16	13108	15	568	1920	15
214.0	8656	37	37	13109	35	755	1915	22
214.0	11576	7	4	13110	10	1290	445	15
214.0	11155	27	28	13111	25	1463	1526	15
214.0	10891	20	24	13112	16	390	1943	15
214.0	10203	9	13	13113	5	761	1847	20
214.0	8152	24	29	13114	19	1341	489	14
214.0	10822	15	16	13115	14	667	1752	17
214.0	11650	20	24	13116	14	1475	1756	15
214.0	8210	14	17	13117	11	1311	404	15
214.0	10561	9	10	13118	8	1353	1519	15
214.0	12145	11	14	13119	7	351	749	13
214.0	10633	8	7	13120	9	505	616	12
214.0	10178	19	19	13121	18	1110	1669	13
214.0	10045	44	38	13122	47	411	58	16
214.0	12542	15	16	13123	12	1261	608	17
214.0	11359	23	19	13124	26	1435	470	15
214.0	10592	20	23	13125	15	478	1170	17
214.0	11629	29	23	13126	33	1311	1981	16
214.0	6993	9	8	13127	10	726	443	13
214.0	9195	34	29	13128	37	848	12	13
214.0	11938	17	19	13129	14	655	1944	22
214.0	8944	17	23	13130	10	1801	609	19
214.0	9987	18	15	13131	20	659	1328	16
214.0	7542	15	16	13132	14	578	55	11
214.0	10157	23	22	13133	24	937	332	18
214.0	7199	20	17	13134	22	1537	980	15
214.0	11489	14	12	13135	16	1567	633	13
214.0	11311	27	29	13136	23	416	1044	15
214.0	10466	10	10	13137	9	1449	825	16
214.0	12063	18	18	13138	18	312	1126	13
214.0	11767	17	21	13139	12	1109	1753	19
214.0	9334	25	29	13140	20	1127	477	13
214.0	10706	3	4	13141	2	399	704	12
214.0	11630	27	23	13142	31	605	1631	15
214.0	11109	36	40	13143	32	1510	1948	16
214.0	8605	17	11	13144	21	298	682	13
214.0	8574	18	14	13145	21	1495	1532	15
214.0	10889	18	21	13146	15	713	1429	15
214.0	10679	16	16	13147	16	1258	1865	21
214.0	10816	19	18	13148	19	1576	764	15
214.0	9925	8	5	13149	9	259	697	13
214.0	11339	24	26	13150	21	252	24	19
214.0	8439	6	7	13151	5	697	1657	19
214.0	9978	23	20	13152	24	1478	1867	16
214.0	8977	25	29	13153	21	855	74	15
214.0	7783	9	8	13154	10	1683	1350	14
214.0	10233	20	18	13155	20	1558	1476	14
214.0	8507	14	13	13156	14	500	403	17
214.0	10595	27	23	13157	31	497	1585	16
214.0	10990	14	18	13158	9	413	173	12
214.0	9890	31	35	13159	27	1941	1274	12
214.0	11340	22	24	13160	18	1870	1695	13
214.0	12812	28	31	13161	24	1972	1193	21
214.0	9689	51	46	13162	54	1283	1930	18
214.0	9161	17	18	13163	16	1408	1577	16
214.0	9873	18	13	13164	23	698	1968	12
214.0	10615	29	23	13165	34	551	1565	17
214.0	11217	0	0	13166	0	493	699	15
214.0	12076	5	4	13167	5	1312	1931	19
214.0	10803	16	15	13168	17	189	1983	13
214.0	9032	24	28	13169	20	1379	959	13
214.0	11872	13	8	13170	18	1810	823	12
214.0	12135	16	18	13171	14	859	1885	18
214.0	10566	18	16	13172	19	1317	1632	9
214.0	10441	7	3	13173	10	1174	1929	18
214.0	9155	28	21	13174	35	1711	1165	15
214.0	9905	20	22	13175	17	1532	1956	15
214.0	9722	11	9	13176	12	1319	523	16
214.0	8182	19	14	13177	23	1529	780	10
214.0	8670	27	28	13178	25	1743	1325	14
214.0	10649	53	52	13179	48	1961	1999	15
214.0	11072	13	15	13180	11	1468	1721	16
214.0	9814	22	25	13181	18	1027	389	12
214.0	10185	29	35	13182	23	1158	1569	24
214.0	6978	13	12	13183	12	315	744	15
214.0	9151	18	16	13184	20	1790	1313	12
214.0	11480	21	24	13185	17	1342	427	12
214.0	11001	46	50	13186	41	1928	1532	18
214.0	7312	35	26	13187	41	663	250	20
214.0	9358	9	6	13188	10	478	1186	14
214.0	9618	24	25	13189	22	668	381	11
214.0	11455	12	17	13190	7	1236	451	12
214.0	7824	13	13	13191	13	1007	369	15
214.0	10965	15	11	13192	19	1605	1574	14
214.0	10993	13	11	13193	14	1783	698	14
214.0	10897	46	42	13194	47	898	1984	15
214.0	9283	30	25	13195	33	855	268	12
214.0	10010	17	13	13196	21	1021	1882	16
214.0	11525	11	11	13197	11	1133	496	13
214.0	10644	5	4	13198	6	395	664	13
214.0	10113	35	28	13199	40	1482	747	14
214.0	11732	12	15	13200	9	1082	1910	18
214.0	11191	25	19	13201	29	569	1453	16
214.0	10465	32	32	13202	31	1917	889	12
215.0	10829	33	25	13203	38	323	325	10
215.0	7768	22	17	13204	25	816	547	13
215.0	11845	10	12	13205	8	1660	1687	16
215.0	8977	29	24	13206	34	855	74	16
215.0	9253	14	17	13207	11	1203	1848	20
215.0	11037	11	10	13208	11	1181	1945	17
215.0	12190	14	13	13209	15	835	416	16
215.0	10000	17	17	13210	15	377	110	22
215.0	12204	22	23	13211	20	399	1041	17
215.0	7266	6	6	13212	6	370	778	15
215.0	10154	11	11	13213	11	1622	1635	16
215.0	12559	24	24	13214	21	1681	1489	15
215.0	7925	8	4	13215	12	1307	659	13
215.0	10528	8	8	13216	7	169	545	15
215.0	9605	11	10	13217	11	378	1275	15
215.0	11241	29	28	13218	30	1557	712	15
215.0	11801	13	11	13219	15	298	826	14
215.0	11613	8	8	13220	8	368	1437	22
215.0	10778	13	10	13221	15	1536	1047	21
215.0	9460	30	31	13222	29	1372	1664	13
215.0	9877	18	19	13223	17	1083	1868	21
215.0	11083	17	15	13224	19	707	92	12
215.0	10243	13	11	13225	11	1686	1213	12
215.0	11026	4	4	13226	3	435	678	13
215.0	9746	9	13	13227	5	314	984	15
215.0	11334	4	3	13228	4	408	760	14
215.0	8814	27	26	13229	28	808	63	12
215.0	9479	15	14	13230	16	1539	806	14
215.0	9392	27	32	13231	22	1609	1260	17
215.0	9212	29	33	13232	23	737	587	12
215.0	11340	24	21	13233	24	1926	1722	14
215.0	10592	23	18	13234	26	478	1170	18
215.0	10874	18	20	13235	16	589	682	12
215.0	11282	8	9	13236	6	602	506	15
215.0	9340	4	5	13237	3	325	604	16
215.0	10395	22	25	13238	17	47	888	21
215.0	10823	26	21	13239	27	1341	227	11
215.0	10056	24	26	13240	21	1442	1759	14
215.0	10845	4	5	13241	2	1074	277	12
215.0	9245	21	18	13242	23	1077	478	14
215.0	11887	18	16	13243	19	1580	864	14
215.0	8549	25	26	13244	24	1443	1904	15
215.0	10897	42	50	13245	32	898	1984	16
215.0	12283	21	24	13246	18	389	1093	17
215.0	11821	37	32	13247	40	236	1064	19
215.0	8446	10	8	13248	11	928	413	17
215.0	9965	22	16	13249	28	1716	1557	20
215.0	11927	10	11	13250	7	345	733	16
215.0	7113	18	17	13251	18	684	1945	14
215.0	9588	14	14	13252	14	319	517	16
215.0	10441	3	4	13253	1	1174	1914	19
215.0	10875	15	13	13254	17	393	1075	15
215.0	12872	8	7	13255	9	1487	1554	13
215.0	8521	33	38	13256	26	1548	1366	15
215.0	11123	18	14	13257	20	1568	1204	19
215.0	10570	27	31	13258	22	1999	968	13
215.0	10601	45	41	13259	49	1999	1833	15
215.0	9123	32	34	13260	30	355	1081	12
215.0	11647	31	26	13261	36	1720	1583	18
215.0	10001	20	20	13262	19	164	942	14
215.0	10146	16	17	13263	15	1275	1569	14
215.0	9768	20	16	13264	23	544	1277	18
215.0	11121	6	8	13265	4	903	449	12
215.0	7894	12	9	13266	15	1359	1830	18
215.0	11034	43	45	13267	39	922	185	18
215.0	11328	29	36	13268	20	1594	907	13
215.0	9287	9	11	13269	7	1379	723	15
215.0	12694	15	10	13270	19	537	1759	18
215.0	12733	43	45	13271	39	1846	1531	16
215.0	9828	26	23	13272	26	1985	1396	17
215.0	12104	13	17	13273	8	898	314	18
215.0	11755	7	11	13274	3	257	1151	20
215.0	7218	0	0	13275	0	1047	288	12
215.0	12254	8	8	13276	6	246	982	11
215.0	11162	12	6	13277	18	1511	1058	18
215.0	11184	29	24	13278	34	915	41	13
215.0	10766	32	39	13279	25	1427	1557	17
215.0	7044	12	12	13280	12	669	433	16
215.0	10628	29	31	13281	27	516	1527	14
215.0	12434	28	22	13282	31	1579	1227	16
215.0	7518	9	9	13283	8	408	1178	18
215.0	8944	23	20	13284	22	1801	609	20
215.0	11629	23	27	13285	18	1311	1981	17
215.0	9035	26	26	13286	25	1303	509	11
215.0	8135	27	29	13287	25	1456	1708	16
215.0	7277	3	3	13288	2	826	220	13
215.0	11144	34	28	13289	38	1295	1845	19
215.0	10877	19	8	13290	27	435	1488	18
215.0	10228	4	4	13291	2	1456	1248	14
215.0	11408	21	20	13292	21	650	1813	15
215.0	9617	17	17	13293	16	468	1949	17
215.0	10972	21	17	13294	24	779	1930	17
215.0	10639	14	15	13295	11	1518	1455	19
215.0	12433	16	15	13296	17	353	857	13
215.0	9328	35	23	13297	44	246	738	11
215.0	7633	47	51	13298	42	891	0	15
215.0	8607	11	15	13299	6	760	1829	17
215.0	10862	5	4	13300	6	1383	679	11
215.0	10965	11	9	13301	13	1605	1574	15
215.0	10795	4	3	13302	5	1023	1709	19
215.0	7686	24	21	13303	25	1657	639	10
215.0	10821	29	27	13304	29	1328	1816	17
215.0	12145	14	14	13305	13	351	749	14
215.0	9137	32	30	13306	30	638	1617	15
215.0	12074	13	10	13307	16	618	1641	19
215.0	6960	35	30	13308	40	476	0	17
215.0	11012	23	21	13309	25	237	1143	20
215.0	11220	14	14	13310	14	812	1864	20
215.0	12265	21	20	13311	22	568	1630	17
215.0	11682	14	17	13312	11	682	1903	20
215.0	11351	22	23	13313	20	825	128	19
215.0	9779	16	18	13314	14	1758	1465	14
215.0	11676	13	10	13315	15	477	1018	12
215.0	9743	17	16	13316	18	364	1159	18
215.0	12775	23	23	13317	23	693	207	16
215.0	10487	15	10	13318	20	529	570	10
215.0	10548	0	0	13319	0	885	518	12
215.0	10447	43	32	13320	52	1877	1292	19
215.0	8694	24	20	13321	26	447	165	12
216.0	9712	28	25	13322	27	898	1815	18
216.0	10000	17	16	13323	17	377	110	23
216.0	10131	19	20	13324	18	1178	485	13
216.0	11156	24	28	13325	19	416	844	16
216.0	10729	26	23	13326	27	425	794	15
216.0	11275	21	21	13327	21	623	415	17
216.0	10337	24	21	13328	26	1518	1581	17
216.0	13282	31	30	13329	31	1598	1227	17
216.0	10062	22	22	13330	21	1458	1741	15
216.0	9706	44	43	13331	42	458	12	18
216.0	10124	31	28	13332	33	1391	1853	15
216.0	10154	11	16	13333	6	1622	1635	17
216.0	6979	21	15	13334	27	1732	1442	21
216.0	7973	11	10	13335	11	839	1535	12
216.0	6877	21	21	13336	19	928	1783	24
216.0	10035	26	24	13337	26	1577	939	18
216.0	11697	16	13	13338	17	1242	1717	16
216.0	9375	17	15	13339	18	1158	1787	20
216.0	8280	23	22	13340	24	571	295	12
216.0	9715	14	12	13341	16	1217	569	13
216.0	10206	38	35	13342	38	475	1126	17
216.0	9522	6	8	13343	4	1558	1646	17
216.0	10640	13	16	13344	10	485	1488	15
216.0	10831	14	14	13345	11	1347	1891	17
216.0	10906	16	14	13346	18	290	1104	12
216.0	10929	6	4	13347	8	1201	1687	14
216.0	9804	33	36	13348	28	1999	1963	15
216.0	9620	17	20	13349	12	1507	836	14
216.0	10820	38	37	13350	35	415	1344	22
216.0	10177	26	22	13351	28	321	55	21
216.0	10256	12	11	13352	13	986	1902	18
216.0	10447	32	37	13353	23	1877	1292	20
216.0	10563	4	6	13354	2	519	582	16
216.0	11037	10	14	13355	6	1181	1945	18
216.0	10217	22	25	13356	18	1687	535	12
216.0	10441	4	4	13357	3	1174	1914	20
216.0	12601	15	16	13358	13	821	358	14
216.0	11694	20	21	13359	18	764	381	15
216.0	11973	13	14	13360	12	809	367	18
216.0	8988	47	44	13361	46	1957	1692	17
216.0	11293	1	0	13362	2	1652	1096	17
216.0	12872	7	4	13363	10	1487	1554	14
216.0	9793	12	12	13364	11	1294	1864	12
216.0	13138	18	14	13365	22	271	1126	14
216.0	9287	11	13	13366	8	1379	723	16
216.0	11328	36	39	13367	33	1594	907	14
216.0	9954	21	22	13368	19	1499	1999	14
216.0	11264	19	21	13369	17	703	62	11
216.0	9017	31	28	13370	32	1860	1249	12
216.0	7752	17	11	13371	23	1422	1687	14
216.0	10994	17	16	13372	17	1409	486	13
216.0	9553	35	27	13373	40	1999	932	12
216.0	9412	13	13	13374	13	1510	444	15
216.0	9945	21	21	13375	19	439	80	17
216.0	10280	9	8	13376	7	1479	767	11
216.0	9942	21	19	13377	22	546	348	11
216.0	9500	17	16	13378	18	283	1001	22
216.0	7894	9	8	13379	10	1359	1830	19
216.0	12104	17	15	13380	17	898	314	19
216.0	7303	5	6	13381	4	1425	621	14
216.0	9453	12	11	13382	12	617	523	18
216.0	10807	9	9	13383	9	1529	1805	16
216.0	8387	14	14	13384	14	125	712	14
216.0	10194	11	10	13385	12	1346	617	12
216.0	8450	13	13	13386	13	591	495	13
216.0	10434	15	15	13387	15	1004	321	13
216.0	10196	16	17	13388	15	564	139	19
216.0	10905	18	19	13389	17	976	369	12
216.0	10232	11	7	13390	14	714	1626	20
216.0	11712	19	16	13391	21	1438	1745	13
216.0	10409	16	14	13392	18	1171	1826	19
216.0	8834	12	9	13393	14	153	1102	18
216.0	9746	13	10	13394	16	314	984	16
216.0	11184	24	26	13395	20	927	53	14
216.0	9849	27	26	13396	28	36	946	20
216.0	12204	23	26	13397	20	399	1041	18
216.0	12775	23	14	13398	32	693	207	17
216.0	7685	6	5	13399	7	1320	689	17
216.0	11332	43	41	13400	42	1675	1423	19
216.0	10623	8	8	13401	8	1039	305	11
216.0	9180	5	6	13402	4	709	535	14
216.0	11672	35	39	13403	31	1956	1223	21
216.0	10512	22	25	13404	19	1243	357	16
216.0	8034	19	20	13405	17	1310	1737	17
216.0	10228	4	5	13406	3	1456	1248	15
216.0	8732	4	3	13407	5	565	526	10
216.0	10146	17	19	13408	12	1275	1569	15
216.0	9758	13	11	13409	14	661	282	15
216.0	9974	25	26	13410	23	529	1427	17
216.0	12881	33	41	13411	22	1029	448	21
216.0	6975	20	16	13412	22	851	1735	19
216.0	9355	11	11	13413	11	408	1115	15
216.0	11414	10	15	13414	4	408	889	15
216.0	11589	33	32	13415	32	897	209	12
216.0	10962	30	36	13416	22	289	944	15
216.0	9916	14	10	13417	17	1626	1763	16
216.0	10986	27	20	13418	33	1014	36	16
216.0	8788	27	27	13419	26	461	134	15
216.0	9570	32	30	13420	32	1908	1385	21
216.0	12074	10	11	13421	9	618	1641	20
216.0	7634	10	8	13422	11	819	1610	16
216.0	9075	42	41	13423	40	273	1487	23
216.0	8805	27	31	13424	23	1026	1789	18
216.0	10249	17	21	13425	12	787	1776	18
216.0	12288	30	29	13426	30	1169	1580	24
216.0	8643	14	14	13427	12	575	1507	15
216.0	9870	30	22	13428	36	1848	1130	12
216.0	10875	13	14	13429	11	393	1075	16
216.0	10439	17	20	13430	14	426	1166	15
216.0	12540	13	15	13431	11	324	902	13
216.0	10405	21	20	13432	20	1355	1690	14
216.0	11121	8	8	13433	8	903	449	13
216.0	10538	8	6	13434	9	488	598	14
216.0	10173	21	22	13435	19	1076	402	12
216.0	10359	18	18	13436	16	1763	1607	18
216.0	7017	11	12	13437	10	1643	1508	16
216.0	8093	20	20	13438	17	1525	1784	16
216.0	9454	26	24	13439	25	1620	1338	20
216.0	9805	17	15	13440	17	163	795	11
216.0	11019	20	16	13441	22	1403	312	12
216.0	11327	17	16	13442	18	525	1557	16
217.0	11199	25	25	13443	23	1782	1452	21
217.0	12740	7	10	13444	4	792	281	14
217.0	12601	16	14	13445	18	821	358	15
217.0	10359	18	19	13446	14	1763	1607	19
217.0	11865	18	17	13447	19	545	133	16
217.0	10213	23	20	13448	25	728	154	14
217.0	9144	1	1	13449	1	1375	1627	16
217.0	8733	18	18	13450	17	617	1615	19
217.0	8218	7	10	13451	4	524	1746	18
217.0	8934	9	5	13452	13	1418	1376	15
217.0	9806	9	6	13453	11	869	1834	20
217.0	9394	25	28	13454	21	1351	658	17
217.0	8155	30	22	13455	36	1253	414	11
217.0	10201	26	25	13456	27	866	1715	17
217.0	10028	25	23	13457	27	416	1653	15
217.0	7974	16	21	13458	11	448	906	14
217.0	11318	17	15	13459	18	1003	129	16
217.0	10941	25	20	13460	28	1625	1459	17
217.0	9645	22	15	13461	29	290	1184	17
217.0	10281	19	14	13462	22	731	1636	18
217.0	11391	11	12	13463	10	667	1699	18
217.0	9962	21	22	13464	19	162	1398	15
217.0	8460	21	23	13465	18	1957	1449	15
217.0	10236	11	13	13466	8	934	273	18
217.0	12201	4	3	13467	5	1576	603	14
217.0	9991	9	9	13468	9	1478	1668	18
217.0	10085	16	21	13469	11	1752	803	12
217.0	9892	11	7	13470	15	42	567	15
217.0	12027	24	20	13471	27	381	1416	20
217.0	8779	8	6	13472	9	126	585	14
217.0	11363	9	8	13473	9	901	345	19
217.0	8842	13	17	13474	9	1093	198	11
217.0	10963	1	1	13475	1	488	918	15
217.0	10957	18	22	13476	13	1478	1005	20
217.0	10877	8	11	13477	5	435	1488	19
217.0	11159	38	34	13478	40	1680	1587	15
217.0	10609	43	39	13479	46	487	62	17
217.0	11108	5	8	13480	2	1516	1697	19
217.0	10558	7	5	13481	9	1010	293	10
217.0	11406	17	18	13482	16	1547	912	12
217.0	12159	13	14	13483	12	104	1216	19
217.0	10895	29	29	13484	27	1800	1468	18
217.0	6990	10	9	13485	9	1568	1745	14
217.0	11897	14	15	13486	12	378	876	14
217.0	11411	4	5	13487	3	276	605	15
217.0	10317	24	23	13488	25	1427	1849	19
217.0	10092	22	24	13489	19	1659	1540	11
217.0	11170	11	11	13490	11	667	115	10
217.0	10111	21	22	13491	20	245	1128	20
217.0	10348	23	20	13492	24	594	1884	14
217.0	11448	16	15	13493	16	1557	1025	17
217.0	11275	21	22	13494	19	623	415	18
217.0	10526	31	31	13495	31	1927	1306	17
217.0	9606	11	13	13496	7	1489	1790	11
217.0	11270	30	29	13497	29	889	1866	17
217.0	11302	20	18	13498	21	1714	865	15
217.0	11207	29	26	13499	32	903	1775	23
217.0	9333	19	18	13500	18	473	1664	14
217.0	8613	28	28	13501	28	1573	1417	16
217.0	10693	31	32	13502	27	478	1322	21
217.0	11172	29	30	13503	27	357	60	16
217.0	10807	9	8	13504	10	1529	1805	17
217.0	12306	10	11	13505	9	1626	1096	17
217.0	12065	21	25	13506	16	64	779	20
217.0	12134	34	32	13507	35	455	1303	22
217.0	11264	21	16	13508	26	703	62	12
217.0	10907	5	4	13509	6	74	554	15
217.0	8016	13	11	13510	13	44	346	17
217.0	8858	60	42	13511	58	945	55	19
217.0	9870	22	22	13512	21	1848	1130	13
217.0	10733	21	25	13513	16	1296	1986	17
217.0	10933	21	17	13514	24	1454	1876	18
217.0	7831	35	35	13515	34	1451	1648	16
217.0	8658	47	43	13516	47	898	1965	18
217.0	11102	15	12	13517	17	582	1774	18
217.0	8236	3	2	13518	4	423	735	14
217.0	9454	24	21	13519	26	1620	1338	21
217.0	10037	16	15	13520	17	717	349	12
217.0	8669	28	32	13521	24	1746	1645	15
217.0	10602	16	20	13522	11	1903	1304	15
217.0	10813	16	18	13523	13	394	788	13
217.0	11040	15	15	13524	14	966	1626	15
217.0	10416	6	7	13525	4	189	618	15
217.0	10597	15	10	13526	20	668	366	11
217.0	10612	14	14	13527	13	612	569	11
217.0	9658	19	17	13528	21	772	1945	17
217.0	9140	8	6	13529	10	423	1025	11
217.0	10249	21	23	13530	19	787	1776	19
217.0	11571	21	20	13531	17	953	306	18
217.0	7363	11	13	13532	9	193	1454	19
217.0	10780	23	27	13533	18	1149	480	14
217.0	9942	19	14	13534	23	546	348	12
217.0	9196	12	14	13535	10	1755	1664	15
217.0	7010	18	21	13536	15	1631	687	15
217.0	11711	17	20	13537	13	1645	521	13
217.0	8205	24	23	13538	25	669	1483	12
217.0	10905	19	22	13539	15	976	369	13
217.0	10901	39	39	13540	37	283	96	18
217.0	10939	16	22	13541	9	1727	1667	13
217.0	8109	33	33	13542	32	326	920	17
217.0	10587	33	35	13543	28	631	344	15
217.0	11899	11	4	13544	17	70	537	15
217.0	11019	16	13	13545	18	1403	312	13
217.0	12683	11	10	13546	9	1609	879	14
217.0	12899	16	16	13547	15	176	1230	21
217.0	11583	23	20	13548	24	736	410	11
217.0	11368	28	23	13549	33	1295	1748	16
217.0	9845	28	28	13550	25	710	1538	12
217.0	12014	18	11	13551	25	1178	359	14
217.0	11240	44	46	13552	40	442	361	12
217.0	10789	20	15	13553	24	1475	825	13
217.0	10627	18	23	13554	13	342	1451	20
217.0	9861	8	7	13555	8	1337	664	13
217.0	8635	28	22	13556	31	1923	638	13
217.0	11050	9	9	13557	9	1123	1923	16
217.0	10395	25	27	13558	22	47	888	22
217.0	9515	27	28	13559	25	377	1564	15
217.0	8866	27	29	13560	23	1341	1967	16
217.0	10046	30	22	13561	37	419	1340	18
217.0	11160	14	14	13562	13	1549	1529	16
217.0	10574	3	4	13563	2	1425	1099	17
217.0	11377	14	13	13564	15	1209	600	16
217.0	11672	39	29	13565	46	1956	1223	22
218.0	8517	13	12	13566	12	1855	758	13
218.0	9728	8	7	13567	9	1589	591	14
218.0	8844	39	35	13568	40	748	260	17
218.0	9076	24	29	13569	19	1479	1054	21
218.0	11938	19	16	13570	22	655	1944	23
218.0	9459	39	41	13571	36	79	1270	19
218.0	12899	16	13	13572	19	176	1230	22
218.0	11333	26	28	13573	23	1674	1369	16
218.0	9806	6	6	13574	6	869	1853	21
218.0	10638	5	4	13575	6	1593	1124	16
218.0	11672	29	30	13576	27	1956	1223	23
218.0	11627	13	11	13577	14	1386	177	13
218.0	9286	13	12	13578	14	1219	1578	14
218.0	10732	26	24	13579	27	1438	587	16
218.0	10460	25	31	13580	17	839	1632	17
218.0	11934	14	12	13581	16	1613	1975	14
218.0	12451	21	20	13582	21	1796	535	19
218.0	8616	22	21	13583	23	1684	1381	14
218.0	13211	20	14	13584	23	410	1029	18
218.0	8387	14	12	13585	15	129	759	15
218.0	11681	8	10	13586	5	948	1921	20
218.0	10717	15	12	13587	18	342	358	14
218.0	8669	32	34	13588	28	1776	1615	16
218.0	12025	19	15	13589	20	659	1920	14
218.0	12114	12	11	13590	13	1406	1809	17
218.0	9923	16	16	13591	16	1219	72	15
218.0	10053	9	7	13592	11	335	797	12
218.0	8795	17	18	13593	16	343	1129	17
218.0	8529	22	21	13594	23	922	1647	17
218.0	11804	19	17	13595	20	694	1830	21
218.0	12266	18	15	13596	19	727	1728	13
218.0	11320	21	23	13597	16	597	325	12
218.0	11357	16	15	13598	15	286	1084	15
218.0	10958	41	34	13599	47	429	586	19
218.0	10954	33	27	13600	38	1684	1248	15
218.0	12441	7	8	13601	6	798	1845	21
218.0	12054	20	21	13602	18	1317	1773	16
218.0	9620	20	19	13603	21	1507	836	15
218.0	10039	13	15	13604	9	425	969	17
218.0	10844	25	20	13605	30	1580	1822	14
218.0	11323	22	24	13606	19	477	1555	11
218.0	11370	31	23	13607	38	1383	423	16
218.0	9899	13	12	13608	14	1157	438	11
218.0	9652	9	11	13609	7	1718	1082	17
218.0	11270	29	26	13610	29	889	1866	18
218.0	11199	25	21	13611	28	1782	1452	22
218.0	12427	22	17	13612	27	1677	910	14
218.0	9034	30	28	13613	30	107	532	18
218.0	11583	20	19	13614	18	736	410	12
218.0	10381	15	19	13615	11	1444	1318	15
218.0	10349	38	37	13616	37	1517	700	16
218.0	10614	24	28	13617	19	1849	1650	14
218.0	11560	12	9	13618	15	775	1751	17
218.0	12262	15	15	13619	15	840	1904	19
218.0	11561	21	14	13620	24	1418	589	11
218.0	11238	31	36	13621	25	1965	1329	22
218.0	11175	35	39	13622	30	643	242	19
218.0	10789	15	20	13623	9	1475	825	14
218.0	13029	12	11	13624	12	1374	1859	20
218.0	11255	32	31	13625	30	1709	1409	15
218.0	11266	21	17	13626	24	82	1170	18
218.0	7214	37	37	13627	36	598	459	15
218.0	11398	17	13	13628	21	875	1881	18
218.0	11562	15	15	13629	13	1514	1603	15
218.0	11764	15	16	13630	14	1043	192	11
218.0	11191	19	18	13631	19	569	1453	17
218.0	11856	11	14	13632	7	259	1339	16
218.0	11721	6	2	13633	8	323	678	16
218.0	12246	35	29	13634	39	623	174	18
218.0	10907	4	3	13635	5	74	554	16
218.0	11200	17	16	13636	16	783	88	18
218.0	10037	15	20	13637	9	717	349	13
218.0	8218	10	11	13638	8	503	1746	19
218.0	11248	35	36	13639	32	1931	1373	18
218.0	11757	12	8	13640	14	1456	552	12
218.0	10974	32	33	13641	28	1771	1554	19
218.0	11355	29	27	13642	31	556	595	17
218.0	12601	14	12	13643	16	821	358	16
218.0	12023	46	48	13644	40	1115	322	18
218.0	11019	13	11	13645	13	1403	312	14
218.0	8904	15	15	13646	15	740	1695	14
218.0	9134	10	11	13647	9	1496	814	13
218.0	11909	25	27	13648	23	1640	1309	14
218.0	11352	15	19	13649	11	562	1517	14
218.0	11401	16	18	13650	14	264	212	15
218.0	11055	13	13	13651	13	1378	1814	16
218.0	12065	25	24	13652	23	64	779	21
218.0	11045	40	43	13653	36	1804	1236	21
218.0	11128	26	18	13654	32	801	127	15
218.0	8802	33	46	13655	19	1901	1341	18
218.0	11688	40	32	13656	45	1557	1286	17
218.0	10687	8	11	13657	5	728	244	14
218.0	8557	41	32	13658	46	1577	1999	16
218.0	10357	11	9	13659	13	1602	1645	19
218.0	7603	18	20	13660	16	1359	594	13
218.0	11521	13	10	13661	15	179	1045	18
218.0	12134	32	29	13662	33	455	1303	23
218.0	12024	17	19	13663	13	1611	1444	16
218.0	10085	21	16	13664	24	1752	803	13
218.0	10533	44	48	13665	38	319	1028	15
218.0	10056	26	25	13666	26	1455	1772	15
218.0	10778	10	10	13667	8	1556	1047	22
218.0	10296	45	47	13668	39	1609	1378	12
218.0	11162	6	6	13669	6	1524	1058	19
218.0	10299	3	2	13670	4	311	1204	18
218.0	12804	36	36	13671	35	268	1195	19
218.0	10880	19	17	13672	20	1336	1999	17
218.0	10628	31	30	13673	30	516	1527	15
218.0	10563	6	7	13674	5	519	582	17
218.0	7895	11	5	13675	16	678	1615	15
218.0	11808	27	21	13676	33	1607	536	16
218.0	7099	28	29	13677	25	503	1639	18
218.0	12690	32	34	13678	29	363	1017	18
218.0	9983	29	31	13679	26	1705	1528	15
218.0	9890	35	32	13680	36	1957	1258	13
218.0	10977	22	23	13681	20	1625	1416	15
218.0	10911	8	6	13682	10	302	1143	17
218.0	9525	17	14	13683	18	457	554	15
218.0	8946	26	30	13684	22	611	1529	16
218.0	12594	14	12	13685	14	1545	744	19
218.0	10177	22	18	13686	26	321	55	22
218.0	10506	26	29	13687	20	369	1218	19
218.0	8561	21	17	13688	24	1686	1166	16
218.0	8858	42	41	13689	40	945	55	20
218.0	11744	13	12	13690	14	1762	1425	16
218.0	8998	38	41	13691	35	0	261	17
219.0	11135	10	11	13692	7	243	972	14
219.0	11379	36	37	13693	34	1831	1922	13
219.0	11504	20	17	13694	22	1613	1009	13
219.0	10528	8	8	13695	8	162	433	16
219.0	10647	44	42	13696	41	804	1989	18
219.0	10099	24	25	13697	21	1504	1378	12
219.0	10604	21	19	13698	21	480	305	12
219.0	9007	6	4	13699	8	1544	1760	17
219.0	11032	11	10	13700	12	122	1429	17
219.0	9100	16	17	13701	14	1830	606	14
219.0	11523	21	20	13702	21	206	1158	21
219.0	7050	19	17	13703	19	781	124	12
219.0	11521	10	8	13704	12	179	1045	19
219.0	11180	32	29	13705	34	523	439	14
219.0	11024	15	20	13706	9	1444	1847	18
219.0	11229	29	25	13707	32	528	623	16
219.0	11669	34	36	13708	30	1381	1843	15
219.0	10844	20	23	13709	16	1580	1822	15
219.0	9670	22	21	13710	22	553	1960	20
219.0	6975	16	12	13711	20	851	1735	20
219.0	11177	9	10	13712	8	1744	1543	20
219.0	11852	38	31	13713	43	1915	924	11
219.0	9786	11	9	13714	12	1747	1363	14
219.0	12568	23	25	13715	20	1415	390	15
219.0	10687	11	10	13716	12	728	244	15
219.0	12457	16	12	13717	19	792	1908	12
219.0	10540	46	56	13718	34	80	37	15
219.0	12718	13	14	13719	10	1589	1319	14
219.0	12740	10	6	13720	14	792	281	15
219.0	9076	29	26	13721	32	1479	1054	22
219.0	11025	22	18	13722	24	730	95	17
219.0	12328	21	19	13723	22	1711	923	13
219.0	11625	39	47	13724	31	540	155	20
219.0	12041	17	20	13725	14	1834	413	17
219.0	10713	43	40	13726	45	1980	1578	14
219.0	11129	30	31	13727	26	1615	815	13
219.0	7895	5	3	13728	7	678	1615	16
219.0	10441	4	2	13729	6	1174	1914	21
219.0	11462	51	36	13730	64	1901	1624	18
219.0	10277	12	10	13731	13	921	449	16
219.0	10589	27	24	13732	29	347	1031	16
219.0	8737	41	48	13733	33	1889	1964	17
219.0	10631	24	23	13734	23	24	1127	17
219.0	9532	13	10	13735	16	755	75	14
219.0	11583	19	19	13736	19	736	410	13
219.0	11673	9	10	13737	8	915	1835	14
219.0	9806	6	6	13738	6	857	1841	22
219.0	10692	12	9	13739	15	368	668	11
219.0	11317	14	13	13740	14	359	86	19
219.0	11809	19	17	13741	19	1470	285	19
219.0	11019	11	14	13742	8	1403	312	15
219.0	11434	19	15	13743	22	706	1846	20
219.0	10129	16	20	13744	10	327	1309	14
219.0	12230	17	12	13745	21	421	1588	16
219.0	9624	16	15	13746	17	1381	1914	12
219.0	11732	15	16	13747	13	1082	1910	19
219.0	9465	18	17	13748	19	1644	1382	14
219.0	11337	18	15	13749	19	1573	986	16
219.0	10423	33	34	13750	29	559	40	17
219.0	9310	23	26	13751	19	335	1233	17
219.0	10533	48	54	13752	42	319	1028	16
219.0	10943	25	27	13753	22	935	137	15
219.0	11981	6	7	13754	5	1062	1943	18
219.0	10032	11	11	13755	10	881	408	14
219.0	9580	15	9	13756	20	639	302	10
219.0	9034	28	22	13757	34	107	532	19
219.0	8810	16	15	13758	16	1455	766	13
219.0	12690	34	35	13759	33	363	1017	19
219.0	11533	15	14	13760	14	928	233	17
219.0	9541	33	33	13761	31	1463	1478	15
219.0	10501	18	20	13762	16	395	1628	14
219.0	9316	21	24	13763	17	1608	686	13
219.0	10657	4	4	13764	4	757	211	11
219.0	13349	12	15	13765	9	1536	806	15
219.0	10698	23	23	13766	20	752	1706	11
219.0	12121	31	33	13767	28	127	1170	20
219.0	10302	43	41	13768	44	1543	1308	18
219.0	9432	23	24	13769	21	1595	1505	19
219.0	11591	39	37	13770	39	478	509	17
219.0	13195	33	26	13771	36	859	281	13
219.0	9804	36	37	13772	32	1999	1963	16
219.0	8998	41	43	13773	37	0	261	18
219.0	11755	11	15	13774	7	257	1151	21
219.0	11347	20	15	13775	23	764	1644	18
219.0	10620	18	14	13776	22	1966	1956	16
219.0	11794	29	29	13777	28	1462	1927	18
219.0	8946	30	29	13778	31	611	1529	17
219.0	11518	24	19	13779	28	1449	375	15
219.0	11947	35	35	13780	35	183	1082	16
219.0	11934	12	15	13781	9	1613	1975	15
219.0	10777	26	30	13782	21	1703	1598	14
219.0	12247	15	9	13783	21	1581	726	13
219.0	9134	11	9	13784	13	1496	814	14
219.0	9338	19	18	13785	20	206	980	11
219.0	7044	12	13	13786	10	669	433	17
219.0	10601	41	34	13787	43	1999	1833	16
219.0	10661	50	44	13788	53	1831	1357	17
219.0	8802	46	35	13789	57	1901	1341	19
219.0	7275	26	22	13790	29	348	75	22
219.0	10959	24	22	13791	24	1450	1469	17
219.0	9287	13	10	13792	16	1379	723	17
219.0	11283	17	16	13793	17	1367	1777	15
219.0	11401	18	14	13794	21	264	212	16
219.0	9649	27	27	13795	26	1471	45	16
219.0	9443	16	14	13796	17	1652	1634	19
219.0	7746	22	27	13797	15	342	235	15
219.0	8902	42	40	13798	41	1975	1279	20
219.0	10875	14	12	13799	15	393	1075	17
219.0	10419	14	15	13800	13	206	1337	17
219.0	12754	2	1	13801	3	1560	1719	20
219.0	8459	14	15	13802	13	1475	971	21
219.0	8890	31	26	13803	33	1906	688	13
219.0	11126	21	15	13804	25	617	1438	16
219.0	10459	46	47	13805	43	771	263	18
219.0	11142	22	19	13806	24	552	1329	12
219.0	11393	14	13	13807	15	167	1120	19
219.0	10673	9	12	13808	6	735	445	13
219.0	12451	20	17	13809	23	1796	535	20
219.0	11284	20	15	13810	24	1558	1443	14
219.0	11300	41	40	13811	39	1945	1325	19
219.0	10531	19	18	13812	20	1631	739	13
219.0	10715	30	30	13813	30	572	1746	14
219.0	10087	17	13	13814	20	1473	575	13
220.0	10631	23	25	13815	19	24	1127	18
220.0	8946	29	28	13816	29	611	1529	18
220.0	10301	23	24	13817	21	1622	1712	13
220.0	11328	39	40	13818	37	1585	817	15
220.0	10847	14	13	13819	14	359	192	14
220.0	11229	25	21	13820	27	528	623	17
220.0	12197	8	5	13821	10	237	1205	21
220.0	7275	22	25	13822	16	348	75	23
220.0	10298	30	26	13823	30	1428	738	13
220.0	11794	29	30	13824	26	1462	1927	19
220.0	11995	28	31	13825	25	728	1901	21
220.0	11019	14	13	13826	14	1403	312	16
220.0	11750	10	10	13827	8	1690	1536	16
220.0	10974	33	40	13828	26	1771	1554	20
220.0	10700	18	16	13829	19	755	1893	12
220.0	11852	31	29	13830	31	1915	924	12
220.0	9578	7	8	13831	5	605	188	17
220.0	10497	26	28	13832	24	1587	907	15
220.0	10384	24	23	13833	24	1051	119	10
220.0	11947	35	30	13834	39	183	1082	17
220.0	10178	19	16	13835	22	1110	1669	14
220.0	9937	37	38	13836	36	906	113	19
220.0	10135	24	19	13837	29	1940	915	14
220.0	10614	28	19	13838	34	1849	1650	15
220.0	12136	28	34	13839	21	1457	1118	21
220.0	12868	16	18	13840	12	1298	61	16
220.0	10690	22	18	13841	24	1261	1806	22
220.0	12413	12	7	13842	17	1676	1297	14
220.0	11634	20	22	13843	17	1510	111	13
220.0	9302	38	40	13844	35	155	1323	20
220.0	10537	17	15	13845	18	278	986	17
220.0	11813	12	11	13846	13	346	673	12
220.0	11533	14	18	13847	10	928	233	18
220.0	10009	16	11	13848	21	1638	1071	20
220.0	11169	26	30	13849	22	857	1677	16
220.0	11903	42	32	13850	50	1174	256	20
220.0	8218	11	8	13851	14	503	1700	20
220.0	11581	15	8	13852	22	359	154	13
220.0	9604	11	12	13853	10	1159	520	15
220.0	8391	13	10	13854	13	466	266	15
220.0	9805	15	13	13855	17	163	795	12
220.0	10420	38	39	13856	37	521	265	20
220.0	10459	47	42	13857	49	771	263	19
220.0	7947	11	10	13858	12	393	258	18
220.0	9024	17	16	13859	16	111	749	13
220.0	10859	20	19	13860	19	1906	810	17
220.0	10865	18	12	13861	23	1278	1908	19
220.0	9649	27	19	13862	34	1471	45	17
220.0	9619	24	22	13863	25	1484	1597	16
220.0	11755	15	16	13864	12	257	1151	22
220.0	12186	13	15	13865	11	1294	1901	18
220.0	11012	21	20	13866	22	237	1143	21
220.0	11419	45	41	13867	47	404	13	15
220.0	12213	18	19	13868	17	1464	1980	15
220.0	12812	31	36	13869	26	1972	1193	22
220.0	11884	18	19	13870	17	719	1932	12
220.0	8810	15	12	13871	15	1455	766	14
220.0	9171	41	31	13872	49	475	180	14
220.0	9001	10	10	13873	10	1292	382	15
220.0	12645	36	33	13874	35	1351	89	17
220.0	11563	30	23	13875	33	1332	1941	18
220.0	10476	57	56	13876	44	1147	229	20
220.0	6975	12	14	13877	9	851	1735	21
220.0	11187	15	15	13878	15	1331	1782	14
220.0	7894	8	5	13879	10	1359	1846	20
220.0	8998	43	48	13880	38	0	261	19
220.0	12361	19	20	13881	17	561	184	14
220.0	10197	13	15	13882	10	1577	1282	18
220.0	7711	31	29	13883	29	528	1671	18
220.0	7631	28	30	13884	25	1747	1211	13
220.0	12153	36	33	13885	37	20	697	18
220.0	11929	22	21	13886	21	559	409	12
220.0	11201	25	30	13887	18	1595	997	13
220.0	10936	12	9	13888	15	569	1345	16
220.0	12804	36	26	13889	45	268	1195	20
220.0	10620	14	17	13890	11	1966	1956	17
220.0	12474	9	9	13891	9	357	1365	17
220.0	12041	20	20	13892	19	1834	413	18
220.0	12520	9	8	13893	10	1165	361	13
220.0	11691	17	14	13894	19	347	942	12
220.0	7824	13	17	13895	9	1019	357	16
220.0	10194	10	7	13896	13	1346	617	13
220.0	10407	18	14	13897	22	563	334	10
220.0	11337	15	15	13898	14	1573	986	17
220.0	7826	26	33	13899	17	545	1249	17
220.0	9835	15	17	13900	12	1495	1613	20
220.0	8549	26	30	13901	21	1443	1921	16
220.0	7844	35	34	13902	33	1434	71	24
220.0	9645	15	20	13903	9	290	1184	18
220.0	11880	11	10	13904	11	1193	75	14
220.0	10060	17	16	13905	18	271	787	14
220.0	8403	17	13	13906	21	1790	1359	18
220.0	10045	38	38	13907	36	393	58	17
220.0	9432	24	20	13908	26	1595	1505	20
220.0	7104	35	30	13909	39	45	731	15
220.0	11198	11	8	13910	14	1451	1812	14
220.0	12016	9	9	13911	9	785	1618	17
220.0	12593	24	21	13912	24	1575	445	12
220.0	9905	22	27	13913	15	1557	1981	16
220.0	12321	28	16	13914	37	1522	727	16
220.0	9199	4	6	13915	1	377	746	16
220.0	10489	18	20	13916	16	274	1259	20
220.0	8675	28	25	13917	30	622	1673	19
220.0	11374	35	39	13918	31	184	697	14
220.0	11056	4	1	13919	6	1479	1146	18
220.0	10552	29	31	13920	26	1575	466	12
220.0	8135	29	33	13921	25	1456	1708	17
220.0	10989	20	20	13922	18	1144	1666	16
220.0	11025	18	21	13923	15	730	95	18
220.0	8532	24	27	13924	20	890	1689	18
220.0	12775	14	12	13925	16	693	207	18
220.0	10575	20	18	13926	20	1442	1687	13
220.0	7575	21	17	13927	23	1355	68	11
220.0	9531	10	9	13928	11	1249	1886	18
220.0	9559	8	11	13929	5	348	610	13
220.0	10481	38	34	13930	39	919	1546	22
220.0	10678	41	47	13931	35	654	202	17
220.0	10670	9	8	13932	9	1231	1861	21
220.0	10870	21	19	13933	22	451	86	18
220.0	9536	22	23	13934	20	410	614	12
221.0	7631	30	32	13935	28	1747	1211	14
221.0	11513	46	41	13936	51	1725	1643	14
221.0	10490	27	30	13937	22	206	1092	14
221.0	10070	14	17	13938	11	665	1840	15
221.0	10895	29	27	13939	30	1800	1468	19
221.0	11776	23	20	13940	26	1709	828	12
221.0	10481	34	43	13941	23	919	1546	23
221.0	10035	24	22	13942	26	1577	939	19
221.0	10961	25	24	13943	22	462	1653	13
221.0	11885	35	28	13944	38	476	34	17
221.0	10340	12	13	13945	10	1668	1322	14
221.0	10146	19	21	13946	16	1275	1569	16
221.0	11351	23	24	13947	21	786	185	20
221.0	11359	19	19	13948	19	1435	470	16
221.0	11075	12	9	13949	14	1477	1626	16
221.0	11733	12	10	13950	13	1250	539	16
221.0	10045	38	37	13951	37	393	58	18
221.0	9412	13	15	13952	10	1510	444	16
221.0	12270	31	36	13953	24	1940	1836	18
221.0	8829	37	35	13954	38	1999	1610	18
221.0	9130	28	28	13955	27	87	652	13
221.0	11110	21	28	13956	14	459	1440	21
221.0	11624	24	24	13957	24	1593	1359	15
221.0	8031	5	4	13958	6	1621	1136	16
221.0	9883	19	17	13959	19	244	892	12
221.0	10001	20	18	13960	22	122	891	15
221.0	7844	34	30	13961	35	1434	71	25
221.0	10177	18	16	13962	19	310	44	23
221.0	11354	14	16	13963	12	1686	1608	14
221.0	11192	16	16	13964	15	57	1547	18
221.0	11449	18	18	13965	18	605	1457	15
221.0	11225	23	22	13966	24	1396	344	17
221.0	10897	50	48	13967	48	898	1984	17
221.0	12233	17	19	13968	15	1189	126	15
221.0	13493	16	15	13969	17	1573	1025	18
221.0	11379	37	34	13970	39	1831	1922	14
221.0	8081	12	12	13971	12	928	1918	21
221.0	11132	33	34	13972	30	489	563	15
221.0	12137	48	50	13973	43	266	79	17
221.0	12198	25	26	13974	22	1446	1723	16
221.0	9346	15	12	13975	17	813	1953	19
221.0	10344	26	23	13976	27	1634	1195	13
221.0	9907	36	39	13977	33	1079	322	20
221.0	10870	19	18	13978	17	451	86	19
221.0	8959	6	5	13979	7	1206	1935	18
221.0	9529	45	49	13980	40	1859	870	17
221.0	10606	25	18	13981	32	168	837	12
221.0	11169	30	29	13982	31	857	1677	17
221.0	11659	31	29	13983	29	184	429	10
221.0	12674	21	23	13984	18	1730	742	16
221.0	10537	15	15	13985	14	278	986	18
221.0	10968	29	30	13986	24	689	1511	15
221.0	11691	14	15	13987	12	347	942	13
221.0	9977	17	17	13988	16	160	855	12
221.0	12645	33	32	13989	34	1351	89	18
221.0	12030	22	18	13990	24	905	1903	20
221.0	12070	30	25	13991	32	639	331	16
221.0	12646	22	21	13992	21	225	1017	16
221.0	8643	14	10	13993	17	575	1507	16
221.0	8474	19	23	13994	14	1541	1864	16
221.0	10901	39	43	13995	30	283	96	19
221.0	11686	30	24	13996	35	405	1404	18
221.0	10396	6	7	13997	5	201	747	12
221.0	7832	0	0	13998	0	52	643	17
221.0	10009	11	9	13999	13	1638	1071	21
221.0	13636	16	16	14000	16	791	96	19
221.0	11299	39	36	14001	40	112	616	10
221.0	12436	38	40	14002	35	1965	1819	15
221.0	10990	18	19	14003	16	413	173	13
221.0	10757	23	24	14004	21	476	460	16
221.0	8861	5	5	14005	5	242	561	15
221.0	10595	23	31	14006	13	484	1598	17
221.0	10519	27	29	14007	23	1575	752	11
221.0	10649	52	52	14008	44	1961	1999	16
221.0	9489	33	29	14009	35	1024	1763	19
221.0	8570	10	11	14010	8	268	1070	15
221.0	11558	51	55	14011	42	1130	28	18
221.0	11471	19	17	14012	20	1564	1694	18
221.0	8802	35	35	14013	33	1901	1341	20
221.0	12129	25	22	14014	27	1407	87	15
221.0	12350	8	8	14015	7	1529	1157	12
221.0	11563	23	22	14016	21	1332	1941	19
221.0	9007	4	5	14017	3	1544	1760	18
221.0	10291	24	24	14018	24	321	1077	17
221.0	9428	13	18	14019	8	1245	1674	16
221.0	8804	29	25	14020	32	569	1737	16
221.0	10134	22	18	14021	25	608	235	16
221.0	9395	2	2	14022	2	1074	1764	18
221.0	10590	31	31	14023	30	1871	1201	19
221.0	12273	31	33	14024	27	158	1368	17
221.0	11353	13	13	14025	13	1356	1722	15
221.0	10510	16	17	14026	13	715	406	12
221.0	10737	25	22	14027	26	1607	865	15
221.0	12167	11	10	14028	11	369	605	16
221.0	10497	28	26	14029	28	1587	907	16
221.0	11265	4	5	14030	3	1304	1724	15
221.0	7678	17	17	14031	16	388	1603	17
221.0	10015	50	41	14032	57	617	83	15
221.0	9967	34	33	14033	32	1558	572	13
221.0	9096	28	34	14034	21	495	0	19
221.0	10751	17	18	14035	14	1615	683	12
221.0	10004	29	30	14036	27	793	1801	18
221.0	10224	22	25	14037	19	527	1876	18
221.0	10557	45	50	14038	38	506	65	17
221.0	10217	25	29	14039	21	1759	553	13
221.0	11111	38	38	14040	38	1964	1345	22
221.0	10166	13	11	14041	15	1321	1726	18
221.0	9815	28	24	14042	31	1487	1414	14
222.0	8198	12	13	14043	9	380	928	13
222.0	11100	16	15	14044	17	1926	1356	15
222.0	9706	43	34	14045	50	458	12	19
222.0	12328	19	15	14046	22	1711	923	14
222.0	12190	13	9	14047	16	835	416	17
222.0	8413	16	17	14048	15	1609	1109	17
222.0	9473	24	26	14049	22	420	1465	21
222.0	11374	39	38	14050	35	184	697	15
222.0	12910	21	17	14051	25	470	1529	12
222.0	10893	13	15	14052	10	627	628	12
222.0	11786	8	9	14053	7	1208	1887	18
222.0	11968	12	12	14054	11	1429	969	12
222.0	12350	8	11	14055	5	1529	1157	13
222.0	11154	21	17	14056	25	1458	598	13
222.0	11354	16	16	14057	16	1686	1608	15
222.0	7686	21	20	14058	21	1673	623	11
222.0	11957	10	14	14059	6	350	1517	21
222.0	9430	24	23	14060	25	24	428	11
222.0	13493	15	18	14061	12	1573	1025	19
222.0	11053	31	28	14062	34	889	84	12
222.0	10908	28	29	14063	23	279	1164	17
222.0	12626	32	29	14064	34	706	124	15
222.0	10317	23	27	14065	19	1427	1849	20
222.0	8964	33	23	14066	40	1473	685	16
222.0	11367	20	21	14067	19	275	28	21
222.0	12899	13	9	14068	17	176	1230	23
222.0	11005	23	27	14069	19	1589	880	14
222.0	8737	48	48	14070	47	1889	1964	18
222.0	11710	18	19	14071	16	182	948	18
222.0	10896	17	15	14072	18	226	714	14
222.0	10179	31	34	14073	25	1569	1074	11
222.0	10340	13	15	14074	11	1668	1322	15
222.0	10476	56	45	14075	55	1147	229	21
222.0	10080	8	10	14076	6	447	593	11
222.0	10177	16	18	14077	13	310	44	24
222.0	10575	18	16	14078	18	1442	1687	14
222.0	11678	14	7	14079	18	486	1657	15
222.0	11563	22	16	14080	26	1332	1941	20
222.0	11426	24	19	14081	26	1359	276	13
222.0	7967	22	28	14082	16	155	360	11
222.0	8726	20	23	14083	15	16	293	14
222.0	9384	12	12	14084	12	1203	1805	20
222.0	8789	20	20	14085	20	1119	1842	22
222.0	12436	40	30	14086	50	1965	1819	16
222.0	10732	24	23	14087	25	1438	587	17
222.0	12073	27	25	14088	28	1435	1648	16
222.0	9722	9	7	14089	11	1319	523	17
222.0	10537	15	18	14090	11	278	986	19
222.0	11555	13	13	14091	11	761	1846	20
222.0	11123	14	16	14092	12	1568	1204	20
222.0	11423	6	6	14093	6	339	1575	18
222.0	7884	8	10	14094	6	522	1641	15
222.0	12545	18	16	14095	20	686	1792	16
222.0	13210	15	13	14096	17	333	110	23
222.0	9570	30	21	14097	37	1891	1385	22
222.0	8910	15	12	14098	18	447	1218	19
222.0	13518	4	4	14099	4	407	735	15
222.0	11386	20	20	14100	19	360	1199	16
222.0	13102	9	9	14101	9	617	1733	12
222.0	6872	20	24	14102	16	1648	968	14
222.0	11234	25	25	14103	24	1294	1669	17
222.0	13536	15	16	14104	14	1663	638	16
222.0	10741	30	31	14105	29	667	45	13
222.0	10987	8	12	14106	4	1030	1866	19
222.0	10878	13	13	14107	13	240	1285	17
222.0	9323	22	23	14108	21	963	1983	20
222.0	12072	19	23	14109	15	1381	526	14
222.0	10259	53	47	14110	53	418	396	12
222.0	11643	49	41	14111	54	1799	1650	18
222.0	11561	14	12	14112	15	1418	589	12
222.0	10693	32	36	14113	28	478	1322	22
222.0	12690	35	33	14114	35	363	1017	20
222.0	12349	39	41	14115	33	1979	1982	15
222.0	10293	21	19	14116	22	1542	1208	15
222.0	11092	17	18	14117	14	1406	1953	19
222.0	8939	25	32	14118	17	57	1232	18
222.0	9560	34	36	14119	31	529	1215	18
222.0	10596	32	30	14120	33	52	1170	19
222.0	11800	14	11	14121	17	884	354	18
222.0	10279	13	9	14122	16	543	1995	14
222.0	8998	48	42	14123	51	0	261	20
222.0	11441	15	16	14124	14	214	1227	17
222.0	10779	26	17	14125	33	43	844	18
222.0	6978	12	7	14126	17	285	731	16
222.0	11794	30	28	14127	30	1476	1941	20
222.0	11679	9	9	14128	8	1740	1465	14
222.0	8435	31	32	14129	29	1483	340	19
222.0	9779	18	23	14130	13	1771	1452	15
222.0	11036	15	13	14131	17	768	1621	17
222.0	11411	5	7	14132	2	276	605	16
222.0	12580	15	15	14133	15	1331	384	15
222.0	8005	4	5	14134	3	1258	566	15
222.0	9924	16	17	14135	14	1366	1945	17
222.0	12145	14	15	14136	8	333	749	15
222.0	10025	33	21	14137	43	628	1500	14
222.0	10637	14	17	14138	11	639	1687	13
222.0	11512	32	32	14139	31	1753	1578	19
222.0	11497	10	9	14140	11	1339	1417	14
222.0	8177	5	5	14141	5	557	666	18
222.0	10443	6	10	14142	2	1559	1263	15
222.0	10467	28	24	14143	31	595	165	18
222.0	11348	10	12	14144	7	1544	1148	22
222.0	9245	18	17	14145	17	1077	478	15
222.0	10851	14	17	14146	10	182	1193	18
222.0	9847	15	16	14147	14	716	1801	17
222.0	10793	13	11	14148	14	1600	1835	16
222.0	10757	24	23	14149	24	476	460	17
222.0	12544	20	21	14150	17	1589	835	14
222.0	10684	34	29	14151	37	1015	1798	19
222.0	11379	34	33	14152	31	1831	1922	15
222.0	13282	30	33	14153	24	1598	1227	18
222.0	10935	3	3	14154	3	1227	1881	20
222.0	11422	25	25	14155	22	1389	379	12
222.0	9315	23	23	14156	22	1541	1426	13
222.0	10943	27	31	14157	22	935	137	16
222.0	8490	18	15	14158	19	620	1785	17
222.0	11130	17	16	14159	18	62	1316	17
222.0	10767	16	22	14160	10	1704	1390	16
222.0	10396	7	6	14161	8	201	747	13
222.0	7010	21	24	14162	17	1647	671	16
222.0	10111	22	21	14163	23	245	1128	21
222.0	12871	32	27	14164	33	293	1257	20
222.0	9845	28	28	14165	27	710	1538	13
222.0	9319	22	22	14166	20	1551	1633	13
222.0	12655	16	17	14167	13	294	1154	17
222.0	10523	13	11	14168	14	1269	1468	16
222.0	7385	4	0	14169	7	972	428	13
222.0	9328	23	14	14170	30	246	738	12
222.0	7140	12	14	14171	10	324	169	14
222.0	11465	16	15	14172	15	132	780	18
222.0	10166	11	14	14173	8	1321	1726	19
223.0	10154	16	11	14174	21	1622	1635	18
223.0	11645	9	10	14175	8	1679	1165	19
223.0	11575	8	10	14176	5	748	344	13
223.0	12018	15	16	14177	14	586	522	9
223.0	11823	29	25	14178	33	186	469	11
223.0	8950	13	15	14179	11	1262	1648	17
223.0	12595	18	13	14180	23	1604	927	18
223.0	10487	10	8	14181	11	529	570	11
223.0	11676	10	4	14182	16	477	1018	13
223.0	9413	17	19	14183	15	305	863	12
223.0	11811	11	14	14184	7	346	913	13
223.0	11340	21	20	14185	21	1985	1699	15
223.0	8910	12	12	14186	10	447	1218	20
223.0	13493	18	17	14187	19	1573	1025	20
223.0	11324	10	6	14188	14	1284	547	14
223.0	8779	6	8	14189	4	139	598	15
223.0	9189	8	7	14190	9	1515	1712	19
223.0	10392	28	25	14191	30	1302	527	14
223.0	10433	9	11	14192	7	189	1112	18
223.0	11337	15	15	14193	15	1573	986	18
223.0	8152	29	26	14194	32	1341	489	15
223.0	11882	23	22	14195	21	171	621	12
223.0	11240	46	52	14196	38	402	361	13
223.0	12225	32	33	14197	30	647	1569	19
223.0	11123	16	13	14198	18	1587	1204	21
223.0	11222	16	19	14199	12	632	71	10
223.0	9639	12	11	14200	12	386	457	17
223.0	8557	32	29	14201	33	1577	1999	17
223.0	10740	22	24	14202	17	1671	1522	15
223.0	11881	20	24	14203	16	571	275	11
223.0	11032	10	13	14204	7	134	1265	18
223.0	11247	15	18	14205	11	1430	0	11
223.0	9761	18	26	14206	10	1468	1795	14
223.0	8419	25	24	14207	26	1795	1293	17
223.0	8876	18	17	14208	17	1382	470	12
223.0	11797	27	23	14209	30	1766	1392	17
223.0	8031	4	6	14210	1	1621	1136	17
223.0	11784	38	37	14211	38	1723	1188	16
223.0	11396	29	29	14212	27	321	64	20
223.0	12652	14	18	14213	9	1517	576	11
223.0	10568	15	17	14214	11	523	379	11
223.0	11675	20	13	14215	25	1718	1319	13
223.0	9459	41	40	14216	41	79	1270	20
223.0	9535	19	21	14217	17	285	1022	12
223.0	11605	19	22	14218	16	308	638	13
223.0	10279	9	6	14219	11	543	1995	15
223.0	12450	23	22	14220	23	648	1596	18
223.0	10451	31	37	14221	25	1902	730	21
223.0	10853	5	7	14222	3	1514	599	15
223.0	10813	18	18	14223	17	394	788	14
223.0	9544	25	21	14224	25	1901	636	14
223.0	9134	9	9	14225	9	1496	814	15
223.0	8954	20	15	14226	25	671	1538	18
223.0	10633	7	5	14227	9	505	594	13
223.0	11619	17	19	14228	13	208	873	13
223.0	11704	16	12	14229	20	671	287	15
223.0	9726	13	8	14230	16	1239	668	17
223.0	10601	34	37	14231	28	1999	1833	17
223.0	9467	32	28	14232	35	356	434	15
223.0	10798	39	36	14233	40	66	412	15
223.0	11489	12	14	14234	10	1567	633	14
223.0	9866	20	19	14235	19	464	388	17
223.0	12250	24	30	14236	18	361	555	19
223.0	12054	21	16	14237	23	1317	1773	17
223.0	10941	20	23	14238	15	1648	1482	18
223.0	10649	52	54	14239	46	1961	1999	17
223.0	7010	24	27	14240	20	1647	671	17
223.0	11034	45	40	14241	48	1222	213	19
223.0	12560	21	21	14242	21	1614	789	15
223.0	11505	12	13	14243	10	1444	1902	19
223.0	7050	17	12	14244	21	781	124	13
223.0	10855	28	21	14245	33	537	1563	16
223.0	10477	16	14	14246	18	226	866	12
223.0	7603	20	18	14247	21	1359	594	14
223.0	10825	33	35	14248	26	359	1563	18
223.0	8545	18	21	14249	14	68	746	18
223.0	10259	47	43	14250	45	418	396	13
223.0	12647	24	23	14251	24	375	1323	16
223.0	11231	10	9	14252	10	731	278	16
223.0	12448	39	40	14253	37	431	1378	20
223.0	10317	27	31	14254	22	1443	1849	21
223.0	11135	11	12	14255	10	228	957	15
223.0	8511	9	9	14256	9	365	762	14
223.0	6926	29	28	14257	28	51	1518	20
223.0	13203	38	36	14258	39	50	289	11
223.0	10196	17	16	14259	17	587	139	20
223.0	9253	17	14	14260	19	1195	1840	21
223.0	11554	4	4	14261	4	241	922	17
223.0	7575	17	18	14262	15	1361	48	12
223.0	9454	21	20	14263	22	1620	1338	22
223.0	12829	17	17	14264	16	1681	114	14
223.0	10757	23	23	14265	23	476	460	18
223.0	9257	25	26	14266	23	1019	261	15
223.0	10787	17	12	14267	22	223	1111	15
223.0	9847	16	17	14268	14	716	1801	18
223.0	11793	27	27	14269	26	1757	1654	14
223.0	12535	36	42	14270	28	293	273	20
223.0	10935	3	4	14271	1	1227	1881	21
223.0	8934	5	5	14272	5	1418	1376	16
223.0	11040	15	16	14273	14	966	1626	16
223.0	13526	20	24	14274	13	663	353	12
223.0	9892	7	7	14275	7	42	567	16
223.0	9075	41	47	14276	32	273	1487	24
223.0	9322	9	8	14277	9	542	485	11
223.0	8942	0	0	14278	0	548	698	14
223.0	11148	39	35	14279	38	247	412	13
223.0	11636	38	39	14280	37	1630	1259	15
223.0	11288	32	33	14281	30	801	45	12
223.0	11308	15	14	14282	16	1486	887	14
223.0	11414	15	15	14283	12	408	889	16
223.0	11130	16	20	14284	10	62	1316	18
223.0	11610	35	38	14285	29	404	1208	16
223.0	11957	14	17	14286	10	350	1499	22
223.0	11223	15	14	14287	15	589	1844	16
223.0	10202	15	17	14288	11	819	1478	19
223.0	11802	13	16	14289	10	1541	1605	16
223.0	10735	14	16	14290	11	402	1588	17
223.0	8878	14	12	14291	15	996	1944	19
223.0	9840	23	23	14292	21	1540	162	13
223.0	9196	14	17	14293	11	1794	1703	16
223.0	10896	15	11	14294	19	226	714	15
223.0	10659	13	8	14295	17	337	192	14
223.0	9233	21	24	14296	15	401	516	16
223.0	12690	33	31	14297	34	363	1017	21
223.0	10268	15	18	14298	11	694	1911	22
223.0	10073	13	10	14299	16	432	930	14
223.0	13120	9	8	14300	8	465	617	13
223.0	9347	17	22	14301	12	815	304	13
223.0	12676	11	8	14302	14	1663	1704	16
224.0	10969	4	6	14303	2	1639	1661	15
224.0	13906	21	16	14304	24	1799	1368	19
224.0	11148	35	31	14305	38	247	412	14
224.0	7653	7	10	14306	4	956	1784	19
224.0	11184	26	18	14307	34	927	53	15
224.0	10798	36	43	14308	29	66	412	16
224.0	10115	18	16	14309	20	1490	536	12
224.0	9597	26	32	14310	19	1728	1493	14
224.0	11758	35	42	14311	26	571	255	10
224.0	9761	26	23	14312	26	1468	1795	15
224.0	7277	3	2	14313	4	826	220	14
224.0	7749	36	29	14314	43	1046	19	13
224.0	11477	36	35	14315	34	966	1701	14
224.0	8684	17	15	14316	19	1305	10	12
224.0	10609	39	33	14317	44	487	75	18
224.0	11395	14	12	14318	15	662	1748	22
224.0	9933	15	16	14319	12	740	1769	12
224.0	10359	19	23	14320	14	1806	1608	20
224.0	9655	21	23	14321	19	1583	514	18
224.0	10938	16	15	14322	17	1372	508	13
224.0	11312	14	13	14323	15	663	1982	13
224.0	12089	7	8	14324	6	196	938	17
224.0	11031	8	8	14325	7	1660	986	16
224.0	12829	17	17	14326	17	1681	114	15
224.0	13080	36	39	14327	31	1577	1954	16
224.0	10647	42	40	14328	43	804	1989	19
224.0	10085	16	19	14329	13	1752	803	14
224.0	11124	16	15	14330	16	180	1004	13
224.0	11051	38	35	14331	41	1963	1599	16
224.0	10468	16	14	14332	16	409	645	16
224.0	10506	29	27	14333	29	369	1218	20
224.0	12787	21	25	14334	17	610	1989	20
224.0	9960	28	26	14335	28	1294	134	11
224.0	12535	42	40	14336	44	293	273	21
224.0	9581	21	24	14337	17	1000	1669	13
224.0	12074	11	12	14338	9	605	1654	21
224.0	10600	34	37	14339	29	1323	1876	17
224.0	9401	23	27	14340	19	731	1808	16
224.0	11030	26	30	14341	21	562	78	17
224.0	10896	11	9	14342	12	226	714	16
224.0	11217	0	0	14343	0	493	699	16
224.0	11851	32	21	14344	41	1679	857	11
224.0	10649	54	42	14345	58	1961	1999	18
224.0	10213	20	19	14346	21	728	134	15
224.0	10326	9	4	14347	14	1153	374	13
224.0	9670	21	23	14348	19	490	1970	21
224.0	12459	17	19	14349	12	887	488	18
224.0	9978	20	22	14350	18	1500	1889	17
224.0	11231	9	12	14351	6	731	278	17
224.0	9289	24	19	14352	29	1681	1559	19
224.0	8866	29	20	14353	35	1341	1967	17
224.0	11923	47	49	14354	45	56	1062	16
224.0	9130	28	25	14355	30	87	652	14
224.0	8988	44	43	14356	43	1939	1692	18
224.0	8904	15	13	14357	17	740	1695	15
224.0	10203	13	7	14358	18	731	1858	21
224.0	10568	17	16	14359	16	523	379	12
224.0	12347	13	11	14360	15	449	433	16
224.0	11509	18	21	14361	15	1457	13	12
224.0	11279	14	10	14362	18	294	656	13
224.0	11962	15	18	14363	11	369	1399	16
224.0	12301	14	16	14364	11	361	235	15
224.0	12746	18	18	14365	16	1778	912	14
224.0	10907	3	3	14366	2	74	554	17
224.0	13170	18	21	14367	15	1828	764	13
224.0	12676	8	6	14368	10	1663	1704	17
224.0	7678	17	15	14369	18	304	1639	18
224.0	10373	20	17	14370	22	1999	1178	21
224.0	11083	15	11	14371	19	707	92	13
224.0	10337	21	26	14372	16	1518	1581	18
224.0	10996	2	2	14373	2	1650	938	16
224.0	11022	23	26	14374	20	883	169	11
224.0	11609	24	26	14375	21	459	352	15
224.0	10900	10	10	14376	9	666	465	19
224.0	11889	18	21	14377	15	1728	651	19
224.0	12868	18	19	14378	15	1298	61	17
224.0	10807	8	5	14379	8	1529	1805	18
224.0	12135	18	14	14380	21	859	1885	19
224.0	8351	9	10	14381	8	244	866	14
224.0	11899	4	3	14382	5	70	537	16
224.0	10661	44	53	14383	31	1831	1357	18
224.0	13655	19	16	14384	21	1901	1297	19
224.0	11938	16	14	14385	17	622	1930	24
224.0	13107	20	19	14386	20	672	1873	20
224.0	12277	19	22	14387	15	1689	1679	15
224.0	10080	10	10	14388	9	447	593	12
224.0	10053	7	5	14389	8	309	823	13
224.0	8210	17	11	14390	23	1324	417	16
224.0	8318	11	12	14391	8	1525	848	10
224.0	9729	44	43	14392	45	736	114	15
224.0	10853	7	8	14393	6	1514	599	16
224.0	11627	11	15	14394	7	1354	141	14
224.0	11675	13	13	14395	10	1718	1319	14
224.0	11268	4	4	14396	4	1696	879	13
224.0	12082	7	5	14397	8	819	1904	19
224.0	10845	5	3	14398	6	1074	277	13
224.0	9923	16	16	14399	16	1219	72	16
224.0	11228	11	8	14400	13	1595	1056	17
224.0	9056	21	22	14401	19	1458	1288	18
224.0	12861	25	25	14402	25	1514	1963	17
224.0	10888	20	19	14403	21	1283	467	11
224.0	11538	35	40	14404	26	1973	955	12
224.0	9480	31	36	14405	24	365	1969	16
224.0	13431	11	8	14406	14	276	871	14
224.0	12699	13	14	14407	12	1769	1524	14
224.0	11692	31	33	14408	29	508	1555	15
224.0	10043	18	12	14409	23	0	1048	14
224.0	10908	29	30	14410	27	279	1164	18
224.0	13860	19	21	14411	17	1894	864	18
224.0	11797	23	21	14412	24	1766	1392	18
224.0	8570	11	15	14413	7	268	1070	16
224.0	10445	7	9	14414	5	857	310	14
224.0	13110	10	10	14415	10	1302	414	16
224.0	10030	31	31	14416	31	1200	266	13
224.0	8406	12	9	14417	14	1433	1893	20
224.0	9253	14	14	14418	12	1195	1840	22
224.0	10196	16	14	14419	16	587	139	21
224.0	10371	34	27	14420	40	1816	1329	18
224.0	9347	22	17	14421	26	815	304	14
224.0	10268	18	18	14422	18	694	1911	23
224.0	10573	30	29	14423	31	754	0	12
224.0	8093	20	22	14424	18	1525	1784	17
224.0	11897	15	13	14425	16	378	876	15
224.0	10629	41	36	14426	41	341	402	13
224.0	12451	17	12	14427	21	1845	535	21
224.0	10104	8	10	14428	5	1316	1836	14
224.0	11319	31	25	14429	37	915	41	14
224.0	7651	4	5	14430	3	372	709	16
225.0	11090	18	20	14431	15	1473	1831	13
225.0	10019	23	25	14432	19	1335	317	16
225.0	11325	21	21	14433	19	1684	1634	17
225.0	12408	50	41	14434	57	1811	1357	17
225.0	12676	6	6	14435	6	1663	1704	18
225.0	10822	16	7	14436	24	620	1779	18
225.0	10387	20	15	14437	25	285	621	13
225.0	11694	21	24	14438	18	779	381	16
225.0	10609	33	26	14439	38	487	75	19
225.0	7431	24	22	14440	23	1999	1558	19
225.0	10373	17	11	14441	22	1999	1178	22
225.0	9704	51	48	14442	50	1595	1623	17
225.0	10552	31	34	14443	26	1575	466	13
225.0	12626	29	24	14444	31	706	124	16
225.0	11264	16	15	14445	16	703	62	13
225.0	8182	14	11	14446	16	1579	787	11
225.0	13116	14	13	14447	14	1509	1772	16
225.0	10965	9	8	14448	10	1605	1574	16
225.0	10894	18	16	14449	20	1564	1716	17
225.0	11672	30	29	14450	28	1956	1223	24
225.0	7402	24	30	14451	18	0	1085	19
225.0	13554	13	12	14452	13	316	1476	21
225.0	10864	15	16	14453	13	287	936	14
225.0	11622	17	17	14454	17	254	877	12
225.0	11266	17	23	14455	11	30	1181	19
225.0	13164	23	30	14456	16	691	1982	13
225.0	13421	9	8	14457	10	592	1666	21
225.0	10158	27	23	14458	30	1737	1414	14
225.0	9841	8	9	14459	5	202	806	13
225.0	12861	25	23	14460	26	1514	1963	18
225.0	12662	32	33	14461	29	706	1966	14
225.0	10988	12	6	14462	17	750	327	11
225.0	11547	15	11	14463	19	1364	1789	18
225.0	14410	27	25	14464	28	266	1176	19
225.0	11112	12	12	14465	11	1034	1837	19
225.0	12079	11	8	14466	13	435	613	12
225.0	10700	16	11	14467	21	755	1893	13
225.0	12226	19	23	14468	14	1436	1822	18
225.0	12874	21	25	14469	17	453	1505	18
225.0	11426	19	23	14470	13	1359	276	14
225.0	12017	26	33	14471	18	1047	1956	20
225.0	10956	22	23	14472	19	1572	665	12
225.0	12645	32	26	14473	37	1275	97	19
225.0	12946	42	51	14474	30	1693	927	15
225.0	8474	23	26	14475	20	1541	1864	17
225.0	9929	0	0	14476	0	467	654	15
225.0	10156	16	10	14477	20	395	1887	18
225.0	13268	20	23	14478	16	1663	894	14
225.0	12449	27	24	14479	28	1213	385	16
225.0	8602	28	25	14480	29	929	378	19
225.0	14010	8	7	14481	9	282	1055	16
225.0	12479	2	1	14482	3	295	683	16
225.0	12769	7	8	14483	6	1411	668	15
225.0	11375	25	23	14484	24	1839	1311	16
225.0	9655	23	25	14485	20	1583	514	19
225.0	9412	15	14	14486	16	1510	444	17
225.0	7831	35	32	14487	38	1451	1648	17
225.0	11254	46	50	14488	40	738	1654	13
225.0	10807	5	5	14489	4	1541	1817	19
225.0	11675	13	12	14490	14	1718	1319	15
225.0	12241	26	31	14491	20	1248	390	14
225.0	11780	22	22	14492	20	395	1956	15
225.0	10698	23	26	14493	19	752	1706	12
225.0	12535	40	43	14494	32	293	273	22
225.0	10853	8	8	14495	8	1514	599	17
225.0	12550	36	32	14496	38	1069	112	12
225.0	8318	12	13	14497	11	1525	848	11
225.0	9729	43	44	14498	40	749	127	16
225.0	9996	16	14	14499	18	1408	709	12
225.0	9757	18	15	14500	20	999	1732	18
225.0	8605	11	15	14501	7	285	669	14
225.0	9619	22	25	14502	19	1484	1597	17
225.0	7179	18	15	14503	20	636	26	17
225.0	9718	11	12	14504	10	343	638	15
225.0	11394	18	20	14505	16	848	1646	17
225.0	13158	9	9	14506	9	430	173	13
225.0	12773	22	23	14507	20	1356	508	13
225.0	11924	20	22	14508	18	288	1494	15
225.0	11141	19	26	14509	12	412	88	18
225.0	9670	23	23	14510	23	490	1970	22
225.0	11159	34	37	14511	30	1693	1574	16
225.0	12114	11	11	14512	10	1417	1820	18
225.0	10432	11	11	14513	8	333	277	16
225.0	13105	18	15	14514	20	716	295	11
225.0	9666	18	18	14515	18	876	1907	20
225.0	11613	8	10	14516	6	332	1452	23
225.0	11923	49	41	14517	56	56	1062	17
225.0	11096	5	4	14518	5	394	323	15
225.0	12379	21	24	14519	18	447	332	14
225.0	11597	2	0	14520	4	56	606	15
225.0	11272	24	25	14521	23	534	196	13
225.0	12812	36	39	14522	31	1984	1106	23
225.0	12746	18	17	14523	17	1778	912	15
225.0	11875	7	5	14524	8	467	846	14
225.0	11452	9	8	14525	10	368	1113	15
225.0	12223	8	7	14526	9	337	1529	22
225.0	11294	19	19	14527	19	1492	577	13
225.0	9681	14	14	14528	14	1509	1900	13
225.0	10996	2	2	14529	2	1650	938	17
225.0	10737	22	23	14530	20	1607	865	16
225.0	8387	12	12	14531	11	129	759	16
225.0	12396	42	44	14532	37	1577	1914	15
225.0	7634	8	11	14533	4	819	1610	17
225.0	10701	28	32	14534	20	409	150	17
225.0	11704	12	8	14535	15	671	287	16
225.0	12388	33	27	14536	37	377	1197	17
225.0	9865	2	1	14537	3	526	677	15
225.0	11486	24	29	14538	19	190	692	18
225.0	11438	16	15	14539	16	751	1964	16
225.0	9870	22	20	14540	24	1848	1130	14
225.0	6927	20	20	14541	19	1630	1429	20
225.0	8856	11	13	14542	7	1544	997	17
225.0	10489	20	23	14543	16	274	1259	21
225.0	11851	21	22	14544	18	1696	857	12
225.0	13272	26	31	14545	21	1972	1383	18
225.0	9873	13	15	14546	11	677	1968	13
225.0	12948	2	4	14547	0	70	684	17
225.0	10835	19	13	14548	23	1753	1524	14
225.0	11199	21	16	14549	22	1795	1439	23
225.0	11921	18	14	14550	20	788	371	17
225.0	10919	4	3	14551	5	1587	1696	16
225.0	11640	26	27	14552	24	1558	1585	17
225.0	13701	14	14	14553	12	1820	615	15
225.0	10207	28	29	14554	24	1999	1906	17
225.0	9078	14	13	14555	14	1415	1894	18
225.0	12121	33	36	14556	29	144	1170	21
225.0	9544	21	19	14557	22	1901	636	15
225.0	8816	21	22	14558	17	599	1959	16
225.0	11571	20	18	14559	21	953	306	19
226.0	11836	16	16	14560	16	348	1107	17
226.0	9394	28	29	14561	25	1338	645	18
226.0	11008	10	8	14562	11	429	812	11
226.0	7563	24	22	14563	25	85	704	21
226.0	10507	14	11	14564	17	1707	1280	16
226.0	11684	19	13	14565	23	1571	1328	15
226.0	12034	18	21	14566	14	949	331	14
226.0	11104	41	45	14567	36	27	480	10
226.0	11956	20	22	14568	15	536	282	12
226.0	11371	12	13	14569	11	1137	1826	21
226.0	12073	25	31	14570	19	1424	1659	17
226.0	13680	36	35	14571	37	1947	1248	14
226.0	11796	21	15	14572	25	833	323	16
226.0	8479	20	15	14573	24	1600	1999	16
226.0	12746	17	13	14574	19	1778	912	16
226.0	11348	12	11	14575	13	1544	1148	23
226.0	10843	30	32	14576	26	1928	662	10
226.0	10829	25	24	14577	25	323	325	11
226.0	10619	43	40	14578	42	0	607	17
226.0	10832	32	31	14579	32	1166	1967	16
226.0	11238	36	35	14580	33	1965	1329	23
226.0	9971	12	15	14581	8	264	895	13
226.0	13020	15	14	14582	15	1674	1065	20
226.0	12381	5	5	14583	5	973	276	11
226.0	13193	14	11	14584	16	1817	656	15
226.0	12536	18	14	14585	21	1421	134	13
226.0	12027	20	20	14586	20	381	1416	21
226.0	11638	27	24	14587	27	139	1022	17
226.0	11492	52	43	14588	57	337	569	19
226.0	12374	20	16	14589	23	801	24	20
226.0	12223	7	5	14590	9	337	1529	23
226.0	13112	16	11	14591	21	428	1943	16
226.0	11402	21	24	14592	18	1558	770	12
226.0	11237	22	24	14593	18	587	1755	17
226.0	13607	38	40	14594	35	1376	423	17
226.0	7218	0	0	14595	0	1047	288	13
226.0	11063	32	34	14596	28	387	1260	19
226.0	10035	22	16	14597	27	1577	939	20
226.0	11024	20	22	14598	18	1484	1847	19
226.0	10423	34	37	14599	28	559	40	18
226.0	7947	10	13	14600	7	393	258	19
226.0	10156	10	7	14601	13	395	1887	19
226.0	9532	10	10	14602	10	755	75	15
226.0	11054	30	36	14603	23	230	649	11
226.0	8539	3	3	14604	3	1097	350	14
226.0	11617	17	16	14605	18	1267	114	16
226.0	9217	5	4	14606	6	1401	1745	13
226.0	8667	3	4	14607	2	510	1239	15
226.0	9313	43	42	14608	42	1892	1439	18
226.0	10227	20	18	14609	20	1783	148	14
226.0	9649	19	22	14610	14	1471	45	18
226.0	11586	19	23	14611	15	644	1857	16
226.0	11661	9	9	14612	9	428	511	15
226.0	10701	32	29	14613	34	409	150	18
226.0	11312	13	15	14614	11	645	1982	14
226.0	10659	8	6	14615	10	315	192	15
226.0	9812	18	21	14616	15	30	779	21
226.0	12753	19	21	14617	15	658	406	16
226.0	10978	13	15	14618	10	189	1408	18
226.0	9005	8	6	14619	10	992	304	11
226.0	10820	37	43	14620	28	404	1355	23
226.0	12309	14	12	14621	13	96	727	18
226.0	8747	30	31	14622	28	450	105	20
226.0	7222	15	19	14623	9	1731	1682	16
226.0	12545	16	14	14624	18	666	1792	17
226.0	12923	35	37	14625	31	1164	1985	20
226.0	12069	17	14	14626	19	950	289	19
226.0	11339	26	21	14627	31	58	61	20
226.0	12153	33	29	14628	36	20	697	19
226.0	13904	11	8	14629	14	1180	62	15
226.0	11228	8	9	14630	6	1595	1056	18
226.0	12781	21	16	14631	25	1548	622	17
226.0	11809	17	12	14632	21	1512	142	20
226.0	11375	23	19	14633	25	1839	1311	17
226.0	12719	30	32	14634	23	382	1502	19
226.0	10500	31	28	14635	32	749	1682	18
226.0	10373	11	10	14636	12	1999	1187	23
226.0	12321	16	15	14637	15	1522	727	17
226.0	10099	25	20	14638	29	1504	1378	13
226.0	10597	10	13	14639	6	651	366	12
226.0	12554	12	11	14640	12	689	1779	14
226.0	8684	15	11	14641	18	1305	10	13
226.0	11177	10	9	14642	11	1823	1582	21
226.0	12788	46	44	14643	44	1021	183	20
226.0	9334	29	32	14644	26	1127	477	14
226.0	11512	32	31	14645	32	1753	1578	20
226.0	12907	14	10	14646	16	1590	1989	16
226.0	11767	21	19	14647	19	1109	1753	20
226.0	12467	38	43	14648	32	1394	59	20
226.0	12079	8	9	14649	7	435	613	13
226.0	12152	31	29	14650	32	1501	1488	17
226.0	12158	8	8	14651	8	323	889	15
226.0	12325	20	19	14652	21	675	1758	18
226.0	11533	18	18	14653	15	928	233	19
226.0	10019	25	24	14654	25	1335	317	17
226.0	11655	5	4	14655	6	199	839	12
226.0	12703	11	6	14656	16	237	1339	18
226.0	11808	21	19	14657	23	1867	362	17
226.0	11006	19	16	14658	21	723	389	12
226.0	9008	28	29	14659	26	508	185	13
226.0	13655	16	16	14660	15	1916	1297	20
226.0	12250	30	25	14661	34	361	555	20
226.0	12571	27	30	14662	22	428	1612	17
226.0	12626	24	24	14663	20	706	124	17
226.0	10259	43	38	14664	44	418	396	14
226.0	9716	23	20	14665	24	1751	711	16
226.0	7179	15	16	14666	14	636	26	18
226.0	9355	11	8	14667	14	408	1131	16
226.0	12024	19	13	14668	24	1627	1444	17
226.0	8605	15	11	14669	17	285	669	15
226.0	10637	17	17	14670	17	639	1687	14
226.0	12983	12	12	14671	12	1412	457	13
226.0	8387	12	9	14672	14	129	759	17
226.0	12436	30	35	14673	23	1965	1819	17
226.0	10312	26	24	14674	28	66	969	16
226.0	10579	5	7	14675	3	286	707	15
226.0	10905	22	23	14676	16	995	369	14
226.0	10188	38	40	14677	36	545	379	16
226.0	12927	13	14	14678	12	346	809	13
226.0	12664	9	10	14679	8	644	499	20
226.0	9453	11	13	14680	9	617	523	19
226.0	10387	15	10	14681	18	285	621	14
226.0	11474	53	48	14682	52	502	1339	18
226.0	8660	16	13	14683	18	472	1911	16
226.0	8616	21	19	14684	22	1684	1381	15
226.0	12169	3	4	14685	2	1636	1680	16
226.0	10780	27	24	14686	28	1149	480	15
226.0	10771	0	0	14687	0	1159	1868	17
226.0	11587	14	12	14688	16	1105	1871	18
226.0	10124	28	27	14689	28	1435	1865	16
226.0	13437	10	11	14690	8	1654	1519	17
226.0	10133	13	8	14691	17	1566	604	18
226.0	10746	41	44	14692	36	374	1448	19
226.0	11272	25	20	14693	27	534	196	14
226.0	10207	29	26	14694	30	1999	1906	18
226.0	11368	23	19	14695	26	1295	1748	17
226.0	11112	12	13	14696	10	1034	1837	20
227.0	11881	24	27	14697	21	571	275	12
227.0	11107	5	5	14698	4	1627	1525	15
227.0	11830	14	19	14699	9	1742	1613	14
227.0	12789	44	51	14700	36	1924	1651	17
227.0	13170	21	25	14701	16	1828	764	14
227.0	11272	20	21	14702	19	534	196	15
227.0	11180	29	35	14703	23	523	439	15
227.0	12644	18	13	14704	20	666	1676	13
227.0	8506	9	10	14705	8	1389	604	13
227.0	10236	13	9	14706	16	955	255	19
227.0	10954	27	23	14707	30	1684	1248	16
227.0	10701	29	33	14708	23	409	150	19
227.0	11095	34	37	14709	29	1862	1841	19
227.0	10590	31	27	14710	33	1796	1194	20
227.0	11362	10	12	14711	7	319	953	15
227.0	13107	19	13	14712	24	672	1873	21
227.0	11008	8	7	14713	8	429	812	12
227.0	10129	20	17	14714	20	327	1309	15
227.0	9107	2	4	14715	0	1291	498	15
227.0	11659	29	25	14716	30	184	429	11
227.0	11620	6	5	14717	5	1305	280	16
227.0	12153	29	23	14718	34	0	629	20
227.0	11281	6	6	14719	6	878	287	13
227.0	11832	10	2	14720	18	1256	454	14
227.0	9847	17	14	14721	18	698	1801	19
227.0	8011	16	15	14722	17	628	1724	13
227.0	9896	14	15	14723	12	1498	1109	23
227.0	10617	22	20	14724	24	999	1776	19
227.0	11956	22	26	14725	18	536	282	13
227.0	7563	22	14	14726	27	85	704	22
227.0	12703	6	6	14727	6	237	1339	19
227.0	10019	24	23	14728	21	1335	317	18
227.0	10891	24	20	14729	23	408	1943	16
227.0	12634	6	7	14730	4	826	237	13
227.0	10506	27	25	14731	27	369	1235	21
227.0	8559	15	13	14732	17	379	859	13
227.0	10990	19	22	14733	16	413	173	14
227.0	8280	22	22	14734	19	571	315	13
227.0	12761	16	17	14735	14	684	231	15
227.0	11815	18	19	14736	17	1365	389	15
227.0	12089	8	7	14737	9	175	959	18
227.0	11558	55	54	14738	46	1130	28	19
227.0	11401	14	9	14739	19	264	212	17
227.0	11023	11	13	14740	6	1067	335	13
227.0	11129	31	33	14741	26	1669	800	14
227.0	11492	43	43	14742	43	337	569	20
227.0	9379	14	17	14743	10	292	848	13
227.0	12649	27	22	14744	32	1391	522	14
227.0	12046	23	25	14745	19	923	1964	19
227.0	11513	41	46	14746	34	1743	1643	15
227.0	10769	12	9	14747	14	1678	604	13
227.0	11097	9	9	14748	8	698	507	14
227.0	8934	5	5	14749	5	1418	1376	17
227.0	11784	37	34	14750	34	1723	1188	17
227.0	13142	31	33	14751	29	577	1632	16
227.0	10798	43	49	14752	35	66	412	17
227.0	10619	40	42	14753	36	0	607	18
227.0	11824	13	12	14754	14	1678	1690	16
227.0	12355	49	47	14755	50	42	188	18
227.0	11206	32	29	14756	34	1858	202	12
227.0	8703	14	13	14757	13	1620	1675	17
227.0	9866	19	15	14758	22	464	388	18
227.0	12413	7	7	14759	7	1676	1297	15
227.0	11393	13	13	14760	13	156	1131	20
227.0	11147	11	12	14761	10	777	436	13
227.0	11367	21	18	14762	24	275	28	22
227.0	12214	11	15	14763	6	785	189	17
227.0	11012	20	26	14764	12	237	1143	22
227.0	10500	28	31	14765	22	749	1682	19
227.0	11862	12	10	14766	12	341	487	16
227.0	10359	23	23	14767	23	1806	1608	21
227.0	12145	15	11	14768	17	333	749	16
227.0	11375	19	18	14769	19	1839	1311	18
227.0	12535	43	46	14770	37	293	273	23
227.0	12070	25	23	14771	25	626	318	17
227.0	10693	36	30	14772	39	478	1322	23
227.0	12927	14	17	14773	11	346	809	14
227.0	11372	17	19	14774	14	612	1703	14
227.0	9758	11	10	14775	10	677	266	16
227.0	10321	42	43	14776	40	1488	638	15
227.0	13272	31	33	14777	28	1972	1383	19
227.0	10441	2	1	14778	3	1174	1914	22
227.0	13349	15	17	14779	13	1536	806	16
227.0	10733	25	25	14780	23	1296	1986	18
227.0	12436	35	30	14781	38	1965	1819	18
227.0	11428	12	17	14782	7	1189	1744	16
227.0	9008	29	25	14783	33	508	162	14
227.0	13356	18	19	14784	17	1734	598	13
227.0	9965	16	18	14785	13	1716	1557	21
227.0	10604	19	22	14786	15	457	284	13
227.0	11404	17	14	14787	20	616	1944	19
227.0	11859	10	13	14788	7	829	1756	19
227.0	12948	4	3	14789	5	70	684	18
227.0	13141	2	2	14790	1	396	684	13
227.0	8221	9	7	14791	9	230	904	15
227.0	12746	13	10	14792	16	1778	912	17
227.0	12503	27	25	14793	28	351	22	22
227.0	10131	20	24	14794	15	1220	459	14
227.0	10097	28	26	14795	29	443	1598	17
227.0	8022	15	12	14796	15	1515	520	13
227.0	10301	24	23	14797	24	1622	1712	14
227.0	10694	16	16	14798	16	1758	620	17
227.0	11349	20	20	14799	18	1623	466	15
227.0	10936	9	10	14800	8	569	1345	17
227.0	10610	24	24	14801	23	1345	1933	16
227.0	12467	43	46	14802	38	1394	59	21
227.0	11595	14	17	14803	11	402	473	16
227.0	11445	29	34	14804	24	1959	1515	18
227.0	12377	41	45	14805	33	1936	1483	15
227.0	12158	8	9	14806	7	323	889	16
227.0	7706	13	11	14807	13	160	1316	21
227.0	9849	26	27	14808	24	38	1021	21
227.0	8814	26	27	14809	24	808	63	13
227.0	7603	18	20	14810	14	1359	594	15
227.0	12381	5	2	14811	8	973	276	12
227.0	11419	41	35	14812	44	404	13	16
227.0	11302	18	19	14813	16	1735	865	16
227.0	8413	17	16	14814	17	1609	1109	18
227.0	10602	20	21	14815	19	1935	1272	16
227.0	10147	25	23	14816	26	1089	15	12
227.0	8733	18	15	14817	21	617	1615	20
227.0	11538	40	41	14818	38	1973	955	13
227.0	12174	4	3	14819	5	39	630	16
227.0	13343	4	4	14820	4	1566	1659	18
227.0	12350	11	15	14821	7	1529	1157	14
227.0	8998	42	41	14822	41	0	261	21
227.0	11535	20	22	14823	16	982	242	14
227.0	13229	28	22	14824	33	808	89	13
227.0	12663	16	13	14825	17	211	757	14
227.0	7633	51	53	14826	47	891	0	16
227.0	14659	26	21	14827	31	509	185	14
227.0	10627	23	24	14828	21	277	1451	21
227.0	12309	12	11	14829	13	96	727	19
227.0	11653	11	10	14830	12	1002	1889	20
227.0	9345	23	26	14831	19	206	1052	16
227.0	9990	12	15	14832	7	1049	248	12
227.0	12798	26	21	14833	31	20	712	19
227.0	11319	25	25	14834	22	927	53	15
227.0	14357	17	16	14835	15	727	1707	16
228.0	13039	24	24	14836	21	558	1479	16
228.0	12507	41	39	14837	42	62	1664	15
228.0	10792	7	5	14838	7	788	246	17
228.0	11206	29	32	14839	26	1858	202	13
228.0	10602	21	15	14840	25	1935	1272	17
228.0	8182	11	12	14841	9	1579	787	12
228.0	10056	25	25	14842	22	1455	1788	16
228.0	11855	3	3	14843	2	1511	1686	18
228.0	11462	36	35	14844	37	1901	1624	19
228.0	12038	27	29	14845	25	416	435	13
228.0	10158	23	27	14846	19	1737	1414	15
228.0	11233	38	34	14847	42	0	1351	18
228.0	13863	25	26	14848	22	1508	1613	17
228.0	11494	25	17	14849	30	1618	1504	19
228.0	12418	33	38	14850	25	1587	1420	15
228.0	11854	14	14	14851	14	1547	1621	17
228.0	11740	38	36	14852	35	211	86	17
228.0	9353	5	6	14853	4	1725	1624	15
228.0	10742	20	23	14854	17	1723	1066	13
228.0	12291	26	23	14855	28	1716	1259	16
228.0	11534	36	41	14856	31	1999	1631	17
228.0	11410	23	22	14857	23	420	1497	18
228.0	8998	41	34	14858	46	0	261	22
228.0	12201	3	5	14859	1	1614	603	15
228.0	10845	3	3	14860	3	1095	277	14
228.0	12455	7	9	14861	5	1673	1143	16
228.0	12174	3	1	14862	5	39	630	17
228.0	12985	13	14	14863	12	560	1822	16
228.0	10786	35	30	14864	39	1956	1565	17
228.0	12654	37	42	14865	30	1919	1396	21
228.0	12550	32	31	14866	31	1069	112	13
228.0	7832	0	0	14867	0	52	643	18
228.0	12626	24	26	14868	21	706	124	18
228.0	10363	33	35	14869	30	1828	1999	16
228.0	9008	25	25	14870	22	508	162	15
228.0	10994	16	18	14871	13	1409	486	14
228.0	9455	18	19	14872	16	365	689	14
228.0	8059	9	11	14873	7	896	247	20
228.0	8779	8	3	14874	11	139	598	16
228.0	11824	12	10	14875	13	1678	1690	17
228.0	11001	50	46	14876	52	1914	1751	19
228.0	12887	11	13	14877	9	367	434	17
228.0	10535	6	5	14878	6	768	485	13
228.0	10060	16	24	14879	8	241	785	15
228.0	12374	16	13	14880	15	801	24	21
228.0	12580	15	12	14881	18	1314	384	16
228.0	11815	19	19	14882	18	1365	389	16
228.0	12125	20	19	14883	19	351	1603	17
228.0	12185	8	5	14884	10	248	1067	14
228.0	13477	5	7	14885	3	420	1517	20
228.0	11751	12	10	14886	13	1376	1861	20
228.0	12251	4	3	14887	5	355	977	13
228.0	11213	24	20	14888	26	507	142	12
228.0	9588	14	17	14889	10	303	501	17
228.0	12188	26	23	14890	26	115	874	21
228.0	10690	18	17	14891	18	1261	1806	23
228.0	11478	17	15	14892	18	723	1885	15
228.0	10476	45	44	14893	46	1130	212	22
228.0	10628	30	27	14894	32	516	1527	16
228.0	13268	23	27	14895	19	1622	827	15
228.0	11319	25	29	14896	21	927	53	16
228.0	11670	42	45	14897	37	826	1983	16
228.0	13416	22	19	14898	24	154	905	16
228.0	12838	10	11	14899	9	750	376	13
228.0	11459	23	23	14900	23	1803	1083	12
228.0	12958	19	24	14901	12	409	1454	21
228.0	11706	20	19	14902	20	784	1955	17
228.0	12787	25	27	14903	20	610	1989	21
228.0	10371	27	26	14904	27	1827	1318	19
228.0	12718	14	15	14905	13	1589	1319	15
228.0	12890	25	21	14906	29	1665	753	13
228.0	7542	16	15	14907	17	578	55	12
228.0	11903	32	30	14908	32	1178	239	21
228.0	11583	19	20	14909	16	724	407	14
228.0	12272	41	42	14910	40	1958	1876	15
228.0	11942	25	26	14911	24	377	1486	18
228.0	11766	14	19	14912	9	325	1331	16
228.0	8011	15	15	14913	15	628	1724	14
228.0	11785	23	20	14914	25	461	119	15
228.0	10131	24	26	14915	22	1220	459	15
228.0	10349	37	37	14916	33	1517	700	17
228.0	11776	20	25	14917	13	1709	828	13
228.0	12131	13	8	14918	17	406	309	16
228.0	11589	32	27	14919	35	882	194	13
228.0	13869	26	25	14920	22	1897	1196	23
228.0	10604	22	25	14921	17	457	284	14
228.0	8388	50	50	14922	48	1006	92	20
228.0	12855	27	26	14923	26	985	190	13
228.0	11768	11	9	14924	13	119	587	14
228.0	9038	20	26	14925	14	627	598	9
228.0	9559	11	12	14926	10	335	623	14
228.0	10464	18	20	14927	16	1451	1538	14
228.0	9565	31	32	14928	30	367	525	19
228.0	10822	7	3	14929	11	620	1779	19
228.0	10224	25	25	14930	22	467	1862	19
228.0	11255	31	26	14931	33	1709	1409	16
228.0	11619	19	22	14932	15	190	873	14
228.0	12939	21	21	14933	21	1791	1239	13
228.0	13116	13	13	14934	12	1509	1772	17
228.0	11422	25	23	14935	27	1389	379	13
228.0	13165	34	30	14936	37	538	1598	18
228.0	12563	11	14	14937	8	1553	510	13
228.0	11878	40	39	14938	41	666	384	14
228.0	11450	19	14	14939	24	416	1695	15
228.0	11944	10	9	14940	10	445	51	19
228.0	12313	22	20	14941	21	1172	109	16
228.0	10922	20	22	14942	17	1231	288	11
228.0	11681	10	9	14943	11	948	1921	21
228.0	11679	9	8	14944	10	1740	1465	15
228.0	11688	32	28	14945	31	1557	1286	18
228.0	10606	18	16	14946	19	168	837	13
228.0	12345	5	3	14947	7	686	378	17
228.0	9847	14	7	14948	20	698	1801	20
228.0	13349	17	8	14949	25	1536	806	17
228.0	12512	24	21	14950	25	1404	1914	12
228.0	10554	21	25	14951	16	1065	376	13
228.0	9941	7	8	14952	6	1398	568	10
228.0	9715	12	11	14953	12	1217	569	14
228.0	11479	27	31	14954	23	286	537	18
228.0	13514	24	26	14955	22	1485	1905	19
228.0	9253	14	16	14956	12	1195	1840	23
228.0	13308	40	43	14957	36	476	17	18
228.0	10105	27	31	14958	23	524	1713	18
228.0	10811	45	45	14959	39	1907	1305	16
228.0	12232	22	23	14960	20	1647	1429	20
228.0	12682	13	14	14961	11	1732	1253	14
228.0	12355	47	42	14962	48	42	188	19
228.0	7363	13	12	14963	13	102	1430	20
228.0	13251	18	17	14964	17	598	1897	15
228.0	11850	26	26	14965	26	1579	937	14
228.0	10895	27	25	14966	29	1818	1468	20
228.0	7044	13	13	14967	13	669	433	18
228.0	11328	40	40	14968	38	1585	832	16
228.0	8858	41	43	14969	36	988	153	21
228.0	11287	14	17	14970	10	487	411	17
228.0	8517	12	12	14971	11	1855	758	14
228.0	8005	5	4	14972	5	1258	566	16
228.0	12467	46	38	14973	54	1394	59	22
229.0	9713	49	49	14974	45	1058	1837	24
229.0	9757	15	14	14975	16	999	1732	19
229.0	11241	28	29	14976	25	1589	680	16
229.0	9035	26	20	14977	31	1320	509	12
229.0	9553	27	22	14978	31	1999	932	13
229.0	9333	18	15	14979	19	416	1679	15
229.0	11501	20	20	14980	19	124	72	13
229.0	13641	28	30	14981	24	1794	1574	20
229.0	10950	15	12	14982	16	1376	336	15
229.0	13779	28	23	14983	32	1469	375	16
229.0	11462	35	32	14984	38	1901	1624	20
229.0	11423	6	6	14985	6	307	1607	19
229.0	8102	40	38	14986	42	392	1567	19
229.0	12706	16	19	14987	12	1450	1837	19
229.0	13463	10	13	14988	6	667	1719	19
229.0	9017	28	25	14989	31	1860	1227	13
229.0	10658	37	34	14990	40	1163	160	15
229.0	10009	9	8	14991	9	1658	1071	22
229.0	8591	23	27	14992	19	928	1725	19
229.0	11703	34	33	14993	34	528	319	18
229.0	13866	22	20	14994	23	215	1164	22
229.0	13094	9	9	14995	9	1428	237	13
229.0	12395	49	50	14996	47	898	1946	17
229.0	12846	13	15	14997	9	470	319	15
229.0	12368	18	18	14998	18	134	938	16
229.0	12333	41	32	14999	49	551	91	16
229.0	13857	49	45	15000	52	798	274	20
229.0	11740	36	37	15001	35	211	86	18
229.0	10855	21	21	15002	18	524	1568	17
229.0	13351	28	27	15003	26	315	58	22
229.0	12270	36	43	15004	28	1924	1852	19
229.0	12540	15	10	15005	18	289	884	14
229.0	8435	32	37	15006	26	1483	340	20
229.0	9828	23	26	15007	20	1985	1396	18
229.0	10030	31	29	15008	32	1200	266	14
229.0	12306	11	10	15009	12	1626	1096	18
229.0	11248	36	42	15010	29	1877	1387	19
229.0	11912	48	42	15011	52	1529	665	18
229.0	10340	15	13	15012	17	1668	1322	16
229.0	10824	12	11	15013	13	1535	1687	17
229.0	12415	19	14	15014	23	538	1722	16
229.0	11274	18	14	15015	21	1445	1943	18
229.0	11721	2	1	15016	3	323	678	17
229.0	10117	13	11	15017	15	337	821	13
229.0	12769	8	10	15018	6	1411	668	16
229.0	12155	8	8	15019	8	342	89	20
229.0	12144	39	31	15020	44	398	520	18
229.0	10725	15	11	15021	18	468	1423	17
229.0	11284	15	16	15022	14	1569	1454	15
229.0	7017	12	15	15023	9	1655	1496	17
229.0	11843	20	22	15024	17	1944	1424	14
229.0	13568	40	33	15025	46	762	226	18
229.0	8082	17	19	15026	15	1072	448	14
229.0	11268	4	4	15027	4	1696	879	14
229.0	11327	16	18	15028	14	473	1609	17
229.0	9746	10	12	15029	8	297	984	17
229.0	9413	19	18	15030	18	319	863	13
229.0	9942	14	16	15031	12	526	348	13
229.0	12470	29	29	15032	29	663	59	13
229.0	10157	22	27	15033	17	937	313	19
229.0	12320	29	33	15034	25	569	1614	15
229.0	12453	13	15	15035	10	790	1698	14
229.0	12838	11	10	15036	12	750	376	14
229.0	10916	35	37	15037	31	69	229	20
229.0	10017	31	25	15038	32	708	243	16
229.0	12313	20	20	15039	19	1172	109	17
229.0	10779	17	17	15040	13	28	859	19
229.0	13536	16	14	15041	16	1663	638	17
229.0	10109	11	12	15042	9	1721	1656	15
229.0	10363	35	36	15043	33	1828	1999	17
229.0	12159	14	11	15044	17	104	1216	20
229.0	12514	22	22	15045	20	1805	1554	15
229.0	12135	14	10	15046	18	859	1885	20
229.0	12466	24	27	15047	19	1666	1587	12
229.0	12355	42	40	15048	44	42	188	20
229.0	11604	46	44	15049	45	448	1380	20
229.0	10724	20	18	15050	21	295	969	11
229.0	13367	33	30	15051	36	1631	907	15
229.0	10713	40	39	15052	39	1980	1578	15
229.0	6851	29	27	15053	28	44	1091	19
229.0	11696	23	25	15054	21	199	1285	19
229.0	10922	22	19	15055	25	1231	288	12
229.0	10396	6	6	15056	6	183	770	14
229.0	12366	29	31	15057	26	1872	1346	16
229.0	10985	19	22	15058	15	535	1876	16
229.0	10087	13	10	15059	14	1488	560	14
229.0	14357	16	9	15060	23	707	1707	17
229.0	14037	19	19	15061	18	526	1902	19
229.0	10349	37	41	15062	30	1517	700	18
229.0	12682	14	17	15063	10	1732	1253	15
229.0	10420	39	39	15064	39	482	249	21
229.0	11850	26	20	15065	28	1579	937	15
229.0	11550	30	33	15066	25	1755	160	9
229.0	11259	34	31	15067	32	719	204	17
229.0	11016	41	43	15068	37	314	1376	18
229.0	12596	42	38	15069	41	283	395	19
229.0	12224	42	45	15070	38	294	483	20
229.0	9681	14	14	15071	13	1509	1900	14
229.0	9535	21	12	15072	29	285	1022	13
229.0	10526	31	35	15073	24	1943	1290	18
229.0	11455	17	12	15074	20	1248	439	13
229.0	11942	26	26	15075	26	377	1486	19
229.0	12035	42	38	15076	44	395	1428	19
229.0	12973	14	14	15077	12	721	1946	17
229.0	13573	23	28	15078	16	1686	1344	17
229.0	12215	9	9	15079	9	1672	1092	17
229.0	12191	8	8	15080	7	165	763	15
229.0	10692	9	8	15081	9	368	668	12
229.0	14413	7	7	15082	7	268	1091	17
229.0	13582	21	17	15083	24	1723	622	20
229.0	11177	9	7	15084	11	1843	1582	22
229.0	11340	20	19	15085	21	1985	1699	16
229.0	9038	26	19	15086	32	627	598	10
229.0	9968	14	14	15087	12	1424	809	15
229.0	10930	25	26	15088	23	1114	79	11
229.0	13375	19	22	15089	14	437	64	18
230.0	13370	32	28	15090	36	1832	1204	13
230.0	11448	15	17	15091	13	1557	1025	18
230.0	13654	32	24	15092	37	800	153	16
230.0	12596	38	40	15093	34	283	395	20
230.0	9967	33	32	15094	33	1590	518	14
230.0	13303	25	21	15095	28	1754	640	11
230.0	10526	35	30	15096	37	1943	1290	19
230.0	13037	30	34	15097	23	148	668	11
230.0	10416	7	5	15098	9	204	618	16
230.0	12129	22	21	15099	21	1407	87	16
230.0	11252	26	20	15100	29	851	59	15
230.0	13961	35	31	15101	38	1446	83	26
230.0	12217	11	11	15102	11	871	1837	12
230.0	11748	34	24	15103	41	191	576	11
230.0	14445	16	14	15104	16	685	62	14
230.0	12321	15	18	15105	10	1522	727	18
230.0	8795	18	14	15106	21	343	1129	18
230.0	12890	21	18	15107	23	1665	753	14
230.0	7634	11	11	15108	10	819	1610	18
230.0	12782	38	42	15109	32	438	1334	23
230.0	10985	22	17	15110	27	535	1876	17
230.0	11444	15	14	15111	15	607	389	13
230.0	12118	11	11	15112	11	831	1788	19
230.0	10823	21	21	15113	21	1341	227	12
230.0	10092	24	26	15114	21	1659	1540	12
230.0	9945	21	22	15115	20	426	93	18
230.0	10751	18	15	15116	18	1615	683	13
230.0	11881	27	28	15117	24	571	275	13
230.0	12956	16	17	15118	13	489	1372	16
230.0	11248	42	35	15119	45	1877	1387	20
230.0	8944	20	27	15120	12	1801	609	21
230.0	10117	11	10	15121	11	337	821	14
230.0	12733	45	47	15122	42	1859	1518	17
230.0	9467	28	22	15123	33	337	434	16
230.0	12499	11	14	15124	7	1779	1637	15
230.0	11482	8	8	15125	6	1019	1981	23
230.0	12719	32	32	15126	32	382	1502	20
230.0	12256	24	21	15127	27	1699	311	14
230.0	13536	14	11	15128	17	1663	638	18
230.0	11481	18	18	15129	18	189	1741	15
230.0	10087	10	9	15130	11	1488	560	15
230.0	12503	25	23	15131	23	334	22	23
230.0	12639	34	37	15132	30	1458	30	22
230.0	8318	13	15	15133	11	1525	848	12
230.0	9925	5	8	15134	2	211	665	14
230.0	10179	34	25	15135	41	1557	1086	12
230.0	11843	22	24	15136	19	1944	1424	15
230.0	12694	10	5	15137	15	497	1759	19
230.0	13600	38	47	15138	28	1681	1279	16
230.0	12113	34	39	15139	27	105	533	18
230.0	11625	47	46	15140	47	556	155	21
230.0	7275	25	25	15141	23	348	75	24
230.0	13100	32	29	15142	34	1954	1329	22
230.0	8669	34	32	15143	36	1776	1615	17
230.0	9176	16	12	15144	20	1414	541	12
230.0	12344	19	16	15145	20	947	1944	17
230.0	12887	13	16	15146	8	367	434	18
230.0	8737	48	40	15147	51	1889	1964	19
230.0	10501	20	20	15148	20	348	1675	15
230.0	8933	52	49	15149	51	1676	838	11
230.0	12395	50	55	15150	44	898	1946	18
230.0	10000	16	23	15151	8	390	123	24
230.0	10966	35	35	15152	33	1692	934	11
230.0	11535	22	20	15153	23	982	242	15
230.0	12676	6	9	15154	3	1663	1725	19
230.0	13550	25	22	15155	27	709	1571	13
230.0	9096	34	38	15156	28	495	0	20
230.0	12142	20	20	15157	17	503	1496	13
230.0	11333	28	20	15158	36	1674	1369	17
230.0	8702	17	18	15159	14	1642	1547	14
230.0	11025	21	17	15160	25	743	108	19
230.0	11551	23	18	15161	27	239	1246	16
230.0	9866	15	22	15162	7	464	388	19
230.0	11797	21	22	15163	19	1766	1392	19
230.0	7544	15	14	15164	16	35	1268	21
230.0	14210	1	2	15165	0	1648	1146	18
230.0	9529	49	50	15166	48	1892	773	18
230.0	11261	10	8	15167	11	324	582	14
230.0	13187	41	40	15168	42	663	229	21
230.0	9639	11	11	15169	11	340	457	18
230.0	12750	34	31	15170	34	371	418	15
230.0	11233	34	27	15171	39	0	1351	19
230.0	12983	12	10	15172	13	1412	457	14
230.0	10793	11	11	15173	10	1600	1835	17
230.0	10510	17	14	15174	19	711	418	13
230.0	13595	20	24	15175	15	576	1816	22
230.0	11631	23	25	15176	17	497	204	12
230.0	11172	30	35	15177	23	368	49	17
230.0	13635	5	4	15178	6	108	564	17
230.0	12169	4	6	15179	2	1636	1680	17
230.0	12982	16	18	15180	14	227	609	18
230.0	9430	23	24	15181	22	24	428	12
230.0	10987	12	13	15182	10	1030	1866	20
230.0	8227	11	12	15183	8	1445	1499	16
230.0	12658	33	39	15184	25	1765	742	15
230.0	11561	12	10	15185	14	1418	589	13
230.0	10725	11	13	15186	9	468	1423	18
230.0	8125	21	19	15187	21	1770	966	14
230.0	12200	11	12	15188	10	191	922	17
230.0	10384	23	21	15189	25	1116	137	11
230.0	14399	16	14	15190	18	1248	33	17
230.0	13351	27	30	15191	23	315	58	23
230.0	12250	25	22	15192	26	361	555	21
230.0	9399	13	10	15193	15	676	486	19
230.0	9937	38	35	15194	38	906	113	20
230.0	12979	30	25	15195	32	510	1857	16
230.0	12224	45	41	15196	47	294	483	21
230.0	12394	12	8	15197	14	64	1280	20
230.0	12191	8	7	15198	8	165	763	16
230.0	9902	23	26	15199	20	539	1687	15
230.0	12107	27	23	15200	30	20	1248	19
230.0	12540	10	7	15201	12	289	884	15
230.0	9155	21	24	15202	16	1732	1165	16
230.0	11311	29	30	15203	28	429	1057	16
230.0	10887	31	35	15204	24	1448	1739	17
230.0	11176	39	38	15205	39	1733	1220	14
230.0	13850	50	48	15206	51	1144	226	21
230.0	7824	17	15	15207	17	1019	357	17
230.0	6851	27	26	15208	27	44	1091	20
230.0	7752	11	13	15209	8	1400	1709	15
230.0	14459	5	6	15210	4	155	803	14
230.0	9459	40	32	15211	47	0	1297	21
230.0	10724	18	17	15212	19	295	969	12
230.0	11354	16	18	15213	13	1686	1608	16
230.0	13081	28	28	15214	26	568	1549	16
230.0	13162	54	42	15215	58	1309	1936	19
230.0	13655	16	16	15216	16	1931	1297	21
231.0	13322	27	32	15217	21	888	1824	19
231.0	11889	21	14	15218	27	1728	651	20
231.0	9840	23	21	15219	23	1540	162	14
231.0	12321	18	17	15220	19	1522	727	19
231.0	12438	9	9	15221	8	1434	1782	17
231.0	13672	20	26	15222	14	1361	1989	18
231.0	12767	33	30	15223	36	894	41	15
231.0	10004	30	23	15224	34	793	1801	19
231.0	13020	14	11	15225	15	1674	1065	21
231.0	11275	22	27	15226	17	623	415	19
231.0	7222	19	20	15227	15	1823	1684	17
231.0	9480	36	33	15228	38	365	1969	17
231.0	11521	8	5	15229	11	146	1030	20
231.0	10146	21	26	15230	15	1275	1569	17
231.0	11448	17	21	15231	12	1557	1025	19
231.0	11316	35	36	15232	31	363	1188	15
231.0	10141	25	26	15233	24	512	25	19
231.0	12878	7	7	15234	6	807	1595	17
231.0	12261	29	27	15235	30	269	1239	20
231.0	9355	8	9	15236	6	408	1131	17
231.0	12082	5	4	15237	6	819	1904	20
231.0	12490	18	17	15238	18	197	596	17
231.0	8016	11	12	15239	9	44	346	18
231.0	7499	34	31	15240	35	44	1141	14
231.0	11054	36	38	15241	32	243	636	12
231.0	11361	45	45	15242	41	1236	325	17
231.0	7113	17	11	15243	21	684	1945	15
231.0	10537	18	16	15244	20	248	998	20
231.0	11855	3	4	15245	2	1524	1699	19
231.0	12151	13	14	15246	12	296	1407	18
231.0	11130	20	18	15247	21	62	1316	19
231.0	12227	29	24	15248	33	1288	1915	19
231.0	11550	33	30	15249	34	1755	160	10
231.0	12921	27	26	15250	27	1903	1467	18
231.0	11102	12	11	15251	13	582	1795	19
231.0	12093	19	19	15252	19	759	36	12
231.0	12780	27	32	15253	21	1869	1151	12
231.0	10835	13	12	15254	14	1753	1524	15
231.0	12891	22	26	15255	17	279	591	13
231.0	11396	29	38	15256	16	307	78	21
231.0	10847	13	15	15257	11	359	192	15
231.0	14105	29	33	15258	25	667	24	14
231.0	12861	23	19	15259	25	1514	1963	19
231.0	8829	35	35	15260	34	1999	1647	19
231.0	12596	40	43	15261	36	283	395	21
231.0	8557	29	27	15262	29	1577	1999	18
231.0	12023	48	51	15263	40	1150	288	19
231.0	10931	36	31	15264	37	819	40	12
231.0	12744	35	33	15265	35	477	60	17
231.0	9548	20	18	15266	20	629	105	12
231.0	11872	8	6	15267	10	1782	846	13
231.0	14552	24	16	15268	30	1567	1594	18
231.0	12477	48	41	15269	54	22	607	17
231.0	8406	9	9	15270	6	1433	1893	21
231.0	7706	11	12	15271	9	160	1316	22
231.0	12197	5	4	15272	6	237	1205	22
231.0	11124	15	10	15273	19	164	1008	14
231.0	13244	24	30	15274	17	1513	1916	16
231.0	12012	24	22	15275	25	554	1909	15
231.0	11928	4	5	15276	3	1578	1131	19
231.0	11372	19	14	15277	24	612	1703	15
231.0	12038	29	26	15278	31	416	435	14
231.0	10043	12	16	15279	8	0	1048	15
231.0	12328	15	15	15280	15	1732	923	15
231.0	10419	15	13	15281	15	186	1337	18
231.0	10391	28	27	15282	29	518	1512	12
231.0	11108	8	9	15283	7	1559	1728	20
231.0	9375	15	9	15284	21	1158	1772	21
231.0	10811	45	42	15285	45	1907	1305	17
231.0	13609	7	7	15286	7	1795	1082	18
231.0	8227	12	14	15287	10	1445	1499	17
231.0	12345	3	4	15288	2	686	378	18
231.0	13356	19	21	15289	16	1734	576	14
231.0	9652	11	10	15290	12	1772	1096	18
231.0	12892	7	7	15291	7	1712	821	14
231.0	10993	11	10	15292	11	1783	698	15
231.0	13680	35	35	15293	33	1958	1237	15
231.0	9130	25	23	15294	27	87	652	15
231.0	14038	38	35	15295	39	541	65	18
231.0	11119	30	23	15296	34	222	1189	15
231.0	13912	24	25	15297	22	1663	426	13
231.0	13375	22	17	15298	26	437	64	19
231.0	12733	47	54	15299	37	1875	1518	18
231.0	13010	44	39	15300	49	1837	1963	16
231.0	11924	22	27	15301	16	288	1494	16
231.0	7150	25	20	15302	27	413	1650	19
231.0	8977	24	21	15303	23	829	100	17
231.0	12243	23	20	15304	24	59	1458	19
231.0	9910	10	11	15305	8	238	1317	18
231.0	10268	18	16	15306	19	647	1916	24
231.0	13488	25	29	15307	21	1469	1871	20
231.0	11938	14	10	15308	17	577	1927	25
231.0	12098	17	17	15309	17	1640	604	12
231.0	12301	16	13	15310	19	361	235	16
231.0	11857	22	24	15311	19	398	1642	16
231.0	8998	34	32	15312	34	0	261	23
231.0	9473	26	25	15313	25	388	1472	22
231.0	14438	18	17	15314	17	765	406	17
231.0	10053	5	6	15315	4	309	823	14
231.0	8419	24	23	15316	22	1795	1273	18
231.0	12008	30	31	15317	28	1737	31	19
231.0	13154	10	9	15318	11	1721	1337	15
231.0	12109	12	18	15319	6	514	469	10
231.0	11566	11	12	15320	10	390	808	13
231.0	11656	13	12	15321	14	1100	159	10
231.0	11083	11	15	15322	7	707	92	14
231.0	11841	26	22	15323	30	1061	75	13
231.0	11775	4	3	15324	5	1531	1229	16
231.0	12686	19	21	15325	15	457	1559	13
231.0	13548	24	22	15326	26	757	446	12
231.0	11511	34	36	15327	29	492	1739	15
231.0	11868	15	13	15328	14	1058	1892	21
231.0	12494	12	14	15329	10	491	1896	16
231.0	15161	27	33	15330	21	223	1246	17
231.0	8467	7	4	15331	9	946	425	18
231.0	10029	26	30	15332	22	488	535	11
231.0	13323	17	19	15333	14	364	123	24
231.0	13969	17	17	15334	17	1631	1024	19
231.0	10395	27	30	15335	22	47	888	23
231.0	11942	26	24	15336	28	377	1486	20
231.0	12326	23	24	15337	21	57	1405	20
231.0	14254	22	17	15338	25	1467	1860	22
231.0	9024	16	16	15339	16	90	749	14
231.0	11793	27	27	15340	25	1859	1671	15
231.0	12535	46	55	15341	33	293	273	24
231.0	12394	8	4	15342	12	64	1280	21
231.0	11927	11	6	15343	16	356	733	17
231.0	12639	37	31	15344	38	1458	30	23
231.0	8933	49	42	15345	51	1676	838	12
231.0	13078	16	18	15346	13	976	389	14
231.0	12200	12	11	15347	13	191	922	18
231.0	7947	13	11	15348	15	393	258	20
231.0	12423	41	37	15349	44	208	1061	19
231.0	13140	20	24	15350	15	1129	446	14
231.0	10497	26	21	15351	30	1587	907	17
231.0	12799	10	12	15352	8	771	1725	17
231.0	11096	4	4	15353	4	378	339	16
231.0	9570	21	21	15354	19	1851	1429	23
231.0	10188	40	40	15355	37	545	379	17
231.0	11387	16	17	15356	15	1187	198	13
231.0	12265	20	20	15357	19	555	1662	18
231.0	12573	22	19	15358	22	1826	1416	18
231.0	10409	14	17	15359	11	1171	1826	20
231.0	8460	23	17	15360	27	1957	1467	16
231.0	8403	13	11	15361	15	1776	1358	19
231.0	14553	12	15	15362	8	1808	626	16
231.0	11003	11	10	15363	11	1533	1756	19
231.0	12750	31	33	15364	28	371	418	16
231.0	12545	14	15	15365	12	666	1792	18
231.0	14075	55	44	15366	56	1146	128	22
231.0	7573	41	32	15367	49	230	476	21
231.0	11317	13	13	15368	12	375	86	20
231.0	12256	21	22	15369	19	1699	311	15
231.0	10859	19	12	15370	23	1906	810	18
231.0	10533	54	48	15371	52	319	1028	17
231.0	10582	11	10	15372	11	411	1563	16
231.0	10458	26	20	15373	32	777	314	16
231.0	12763	0	0	15374	0	252	549	15
231.0	11817	7	6	15375	6	391	1307	15
231.0	9283	25	24	15376	24	859	229	13
231.0	13148	19	19	15377	18	1616	758	16
231.0	8351	10	8	15378	12	232	834	15
231.0	8670	28	26	15379	28	1743	1325	15
231.0	9960	26	23	15380	29	1294	134	12
231.0	8974	21	20	15381	20	48	1349	19
231.0	11481	18	21	15382	14	189	1741	16
231.0	9302	40	35	15383	43	153	1231	21
232.0	8144	10	8	15384	12	1140	429	16
232.0	12750	33	32	15385	34	371	418	17
232.0	9617	17	15	15386	19	468	1949	18
232.0	12427	17	17	15387	17	1696	910	15
232.0	13692	7	4	15388	10	209	956	15
232.0	12516	20	21	15389	18	823	1852	21
232.0	10277	10	11	15390	8	921	449	17
232.0	11961	27	30	15391	21	1735	1597	18
232.0	9619	25	26	15392	23	1484	1597	18
232.0	13115	14	15	15393	13	633	1807	18
232.0	7113	11	12	15394	10	684	1945	16
232.0	12781	16	15	15395	17	1548	622	18
232.0	10419	13	13	15396	13	186	1337	19
232.0	9340	5	2	15397	8	328	515	17
232.0	13539	15	17	15398	11	976	340	14
232.0	12557	29	28	15399	28	747	1640	12
232.0	12789	51	48	15400	51	1924	1651	18
232.0	12424	48	43	15401	51	1006	75	19
232.0	10227	18	20	15402	15	1727	123	15
232.0	10656	9	9	15403	8	280	907	13
232.0	11481	21	22	15404	19	189	1741	17
232.0	12560	21	19	15405	22	1601	776	16
232.0	10631	25	26	15406	21	24	1127	19
232.0	12857	22	19	15407	22	524	185	13
232.0	13093	33	32	15408	32	373	1363	22
232.0	12804	26	25	15409	22	255	1208	21
232.0	10213	19	26	15410	12	748	180	16
232.0	10811	42	45	15411	37	1907	1305	18
232.0	10038	18	13	15412	22	644	1897	14
232.0	11223	14	12	15413	16	514	1845	17
232.0	13477	7	4	15414	9	420	1517	21
232.0	12733	54	51	15415	49	1875	1518	19
232.0	10816	18	16	15416	19	1642	734	16
232.0	13471	27	23	15417	30	354	1431	21
232.0	12003	22	20	15418	21	1566	488	14
232.0	10019	23	18	15419	26	1335	317	19
232.0	10847	15	14	15420	15	345	178	16
232.0	12044	11	12	15421	8	423	757	13
232.0	11169	29	35	15422	22	857	1677	18
232.0	12561	22	23	15423	19	862	34	13
232.0	13159	27	22	15424	31	1979	1223	13
232.0	12770	31	32	15425	28	698	1945	14
232.0	11816	16	15	15426	16	118	1100	16
232.0	13243	19	15	15427	21	1603	868	15
232.0	11001	46	50	15428	41	1709	1805	20
232.0	11255	26	21	15429	29	1709	1409	17
232.0	10637	17	17	15430	16	639	1687	15
232.0	10080	10	6	15431	14	446	566	13
232.0	12798	21	21	15432	21	20	712	20
232.0	7634	11	10	15433	12	819	1610	19
232.0	10956	23	22	15434	21	1586	651	13
232.0	9328	14	14	15435	14	246	738	13
232.0	12675	11	12	15436	9	777	281	14
232.0	9317	9	9	15437	9	469	969	15
232.0	9401	27	27	15438	26	712	1808	17
232.0	13442	18	17	15439	16	506	1597	17
232.0	13902	33	35	15440	30	1433	71	25
232.0	8977	21	21	15441	21	829	100	18
232.0	12742	25	22	15442	27	574	220	15
232.0	13001	15	14	15443	15	155	1717	19
232.0	10337	26	24	15444	26	1518	1581	19
232.0	12507	39	43	15445	33	62	1664	16
232.0	10029	30	27	15446	31	488	535	12
232.0	13781	9	7	15447	11	1701	1966	16
232.0	13290	27	23	15448	28	405	1536	19
232.0	7050	12	8	15449	15	806	169	14
232.0	11237	24	26	15450	22	587	1755	18
232.0	11936	32	21	15451	42	435	1627	18
232.0	13991	32	33	15452	30	643	298	17
232.0	10589	24	26	15453	19	347	1031	17
232.0	10366	5	4	15454	5	1703	1022	18
232.0	10994	18	17	15455	19	1409	486	15
232.0	11990	47	44	15456	48	379	1536	19
232.0	10141	26	21	15457	31	512	25	20
232.0	9916	10	11	15458	9	1682	1819	17
232.0	12529	16	14	15459	15	1504	286	19
232.0	7977	18	18	15460	18	1568	1467	16
232.0	9375	9	7	15461	11	1158	1772	22
232.0	14007	23	24	15462	19	1603	749	12
232.0	8227	14	13	15463	14	1445	1499	18
232.0	12462	19	14	15464	21	1876	911	15
232.0	12976	10	11	15465	8	1689	795	17
232.0	11627	15	20	15466	7	1354	141	15
232.0	11293	0	0	15467	0	1684	1109	18
232.0	15161	33	26	15468	39	223	1246	18
232.0	12109	18	21	15469	15	514	469	11
232.0	10484	10	9	15470	9	1619	1788	15
232.0	10844	23	22	15471	23	1748	1930	16
232.0	13891	9	12	15472	5	316	1400	18
232.0	12419	12	11	15473	13	193	900	14
232.0	11108	9	7	15474	10	1559	1728	21
232.0	12038	26	28	15475	24	416	435	15
232.0	13094	9	8	15476	10	1428	237	14
232.0	11177	7	7	15477	7	1843	1582	23
232.0	11003	10	11	15478	9	1533	1756	20
232.0	12555	26	26	15479	26	882	217	12
232.0	11234	25	25	15480	24	1306	1657	18
232.0	11154	17	16	15481	16	1458	598	14
232.0	12093	19	23	15482	13	759	36	13
232.0	10070	17	15	15483	19	645	1859	16
232.0	11923	41	40	15484	39	56	1062	18
232.0	10447	37	36	15485	34	1865	1230	21
232.0	8561	17	16	15486	18	1729	1138	17
232.0	12811	43	46	15487	36	313	287	22
232.0	10978	15	18	15488	10	189	1408	19
232.0	11918	17	10	15489	23	267	1312	17
232.0	10342	18	18	15490	17	304	1453	20
232.0	10715	30	25	15491	32	364	1784	15
232.0	12261	27	31	15492	22	269	1239	21
232.0	11789	23	25	15493	19	1885	1252	14
232.0	13323	19	22	15494	16	364	123	25
232.0	12067	23	18	15495	26	419	40	17
232.0	11445	34	30	15496	36	1972	1528	19
232.0	11842	27	28	15497	24	752	1815	17
232.0	11523	20	26	15498	14	179	1169	22
232.0	13912	25	29	15499	18	1663	426	14
232.0	13415	32	23	15500	38	876	177	13
232.0	12814	32	24	15501	38	607	1835	15
232.0	11764	16	14	15502	17	1043	192	12
232.0	9467	22	22	15503	20	316	434	17
232.0	12748	14	13	15504	13	85	994	20
232.0	9008	25	24	15505	24	508	162	16
232.0	10045	37	39	15506	35	404	47	19
232.0	13378	18	18	15507	17	245	1021	23
232.0	12817	25	18	15508	32	231	28	21
232.0	12064	28	27	15509	27	327	1279	18
233.0	11170	11	11	15510	9	667	115	11
233.0	12149	47	46	15511	42	925	163	19
233.0	9548	18	19	15512	14	629	105	13
233.0	10001	18	19	15513	16	102	937	16
233.0	13395	20	20	15514	20	892	82	15
233.0	13898	14	14	15515	12	1663	1008	18
233.0	7967	28	29	15516	26	179	281	12
233.0	12427	17	19	15517	14	1696	910	16
233.0	8203	36	32	15518	38	256	1436	17
233.0	11279	10	13	15519	7	294	656	14
233.0	12582	29	30	15520	26	377	395	14
233.0	8545	21	17	15521	23	68	746	19
233.0	10387	10	9	15522	11	285	621	15
233.0	10200	20	23	15523	17	1139	76	17
233.0	13718	34	32	15524	33	125	290	16
233.0	11329	26	33	15525	19	397	1146	19
233.0	13609	7	11	15526	3	1795	1082	19
233.0	13852	22	26	15527	18	326	168	14
233.0	14121	17	17	15528	15	897	367	19
233.0	11987	20	22	15529	17	1846	692	13
233.0	12507	43	41	15530	44	62	1664	17
233.0	8842	17	16	15531	18	1093	198	12
233.0	11513	46	51	15532	40	1743	1643	16
233.0	13544	17	15	15533	19	59	511	16
233.0	10217	29	29	15534	25	1831	443	14
233.0	11804	17	17	15535	15	579	1857	22
233.0	12261	31	36	15536	26	269	1239	22
233.0	10419	13	11	15537	15	186	1337	20
233.0	11952	33	25	15538	40	0	633	13
233.0	11301	10	13	15539	7	500	448	11
233.0	12137	50	48	15540	50	221	291	18
233.0	13573	28	31	15541	25	1686	1344	18
233.0	8561	16	17	15542	14	1729	1138	18
233.0	6990	9	7	15543	10	1618	1832	15
233.0	10629	36	28	15544	43	288	402	14
233.0	9333	15	12	15545	18	416	1679	16
233.0	8528	33	34	15546	29	429	1554	13
233.0	12660	18	14	15547	19	214	1002	19
233.0	10135	19	15	15548	20	1940	915	15
233.0	12439	8	8	15549	8	1548	1246	15
233.0	14931	33	32	15550	31	1709	1433	17
233.0	10590	27	24	15551	29	1796	1194	21
233.0	11573	31	29	15552	32	210	738	11
233.0	12101	40	38	15553	40	944	99	19
233.0	11643	41	46	15554	34	1772	1837	19
233.0	11375	18	18	15555	17	1839	1311	19
233.0	9340	2	3	15556	1	328	515	18
233.0	7575	18	14	15557	20	1361	48	13
233.0	10620	17	17	15558	17	1951	1941	18
233.0	11740	37	27	15559	45	211	86	19
233.0	13536	11	13	15560	8	1663	638	19
233.0	10976	28	33	15561	23	1811	1442	19
233.0	13762	16	20	15562	12	336	1686	15
233.0	11444	14	18	15563	10	607	389	14
233.0	14303	2	3	15564	1	1657	1661	16
233.0	6883	12	10	15565	13	801	0	21
233.0	10807	5	3	15566	7	1541	1817	20
233.0	10038	13	10	15567	16	644	1897	15
233.0	11877	24	26	15568	22	205	362	12
233.0	8988	43	44	15569	41	1921	1692	19
233.0	8977	21	23	15570	19	829	100	19
233.0	14614	11	10	15571	12	630	1985	15
233.0	10589	26	26	15572	25	347	1031	18
233.0	14885	3	3	15573	3	420	1489	21
233.0	7099	29	31	15574	26	487	1639	19
233.0	10179	25	23	15575	26	1557	1086	13
233.0	10443	10	9	15576	9	1559	1263	16
233.0	12527	9	7	15577	11	1665	1196	14
233.0	12720	15	14	15578	16	695	1711	19
233.0	13323	22	23	15579	20	364	123	26
233.0	12835	32	30	15580	33	1283	1973	17
233.0	13293	16	14	15581	17	488	1917	18
233.0	12880	28	24	15582	31	91	1043	19
233.0	10196	14	16	15583	12	606	139	22
233.0	11299	36	31	15584	40	123	627	11
233.0	13181	18	18	15585	16	1027	371	13
233.0	11222	19	18	15586	20	643	72	11
233.0	11880	10	13	15587	7	1214	37	15
233.0	10738	33	37	15588	27	348	297	14
233.0	13292	21	19	15589	21	468	1820	16
233.0	14411	17	17	15590	17	1876	864	19
233.0	11953	46	47	15591	43	1933	1385	20
233.0	14209	30	29	15592	31	1780	1377	18
233.0	11001	50	54	15593	44	1709	1805	21
233.0	11781	19	15	15594	22	1437	1956	19
233.0	12483	8	6	15595	10	238	1036	16
233.0	13571	36	27	15596	41	97	1270	20
233.0	12557	28	24	15597	32	747	1640	13
233.0	10767	22	21	15598	21	1704	1390	17
233.0	9974	26	25	15599	24	529	1427	18
233.0	13176	12	11	15600	13	1369	523	17
233.0	8439	7	8	15601	6	696	1684	20
233.0	10627	24	23	15602	25	277	1451	22
233.0	10554	25	25	15603	23	1065	376	14
233.0	11147	12	12	15604	12	777	436	14
233.0	9580	9	9	15605	8	639	282	11
233.0	12857	19	23	15606	15	524	185	14
233.0	13243	15	13	15607	17	1603	868	16
233.0	10843	32	36	15608	26	1928	662	11
233.0	11072	15	12	15609	18	1496	1709	17
233.0	9347	17	17	15610	15	814	303	15
233.0	13777	28	23	15611	33	1524	1928	19
233.0	12905	24	25	15612	23	643	155	17
233.0	13854	13	16	15613	10	412	264	16
233.0	12326	24	22	15614	26	25	1437	21
233.0	13758	16	14	15615	17	1438	749	14
233.0	13161	24	23	15616	24	1933	1047	22
233.0	10418	13	10	15617	16	1089	399	15
233.0	10816	16	18	15618	14	1642	734	17
233.0	13488	29	24	15619	32	1469	1871	21
233.0	10640	16	17	15620	13	485	1488	16
233.0	10113	28	22	15621	30	1516	747	15
233.0	10359	23	23	15622	22	1870	1744	22
233.0	12230	12	9	15623	14	405	1619	17
233.0	7678	15	19	15624	10	180	1708	19
233.0	10895	25	22	15625	27	1818	1486	21
233.0	8910	12	9	15626	15	447	1218	21
233.0	13568	33	37	15627	28	762	226	19
233.0	11750	10	9	15628	10	1732	1502	17
233.0	13410	23	24	15629	21	498	1440	18
233.0	12448	40	40	15630	39	412	1378	21
233.0	13159	22	22	15631	22	1979	1223	14
233.0	12884	24	29	15632	17	101	1179	17
233.0	13857	45	51	15633	38	786	262	21
233.0	13773	37	36	15634	36	140	332	19
233.0	12013	13	11	15635	13	253	482	15
233.0	8267	11	16	15636	6	519	518	11
233.0	9001	10	8	15637	12	1304	370	16
233.0	13241	2	3	15638	1	1045	265	13
233.0	8844	35	34	15639	33	731	260	18
233.0	11228	9	9	15640	8	1595	1056	19
233.0	13694	22	18	15641	25	1645	1037	14
233.0	10201	25	20	15642	30	866	1715	18
233.0	13640	14	14	15643	13	1471	518	13
233.0	10784	48	45	15644	49	29	156	22
233.0	8102	38	43	15645	32	383	1576	20
233.0	14445	14	12	15646	15	685	62	15
233.0	10901	43	42	15647	41	147	62	20
233.0	10465	32	32	15648	31	1947	875	13
233.0	12573	19	13	15649	25	1826	1416	19
233.0	13904	8	9	15650	7	1180	62	16
233.0	15161	26	32	15651	18	223	1246	19
233.0	12462	14	13	15652	14	1876	911	16
233.0	11889	14	14	15653	14	1728	651	21
233.0	11078	36	33	15654	37	615	251	18
233.0	12624	31	33	15655	29	438	116	20
233.0	10017	25	23	15656	25	708	243	17
233.0	12396	44	40	15657	45	1873	1889	16
233.0	13377	22	17	15658	26	497	315	12
233.0	14444	31	35	15659	26	726	144	17
233.0	10609	26	21	15660	30	503	94	20
233.0	9112	33	34	15661	31	1486	664	17
233.0	13699	8	11	15662	5	1608	1805	18
233.0	13577	14	14	15663	14	1286	168	14
233.0	8747	31	33	15664	28	450	105	21
234.0	14464	28	30	15665	25	252	1189	20
234.0	12820	33	29	15666	34	1004	448	20
234.0	12422	31	31	15667	27	1529	609	17
234.0	12462	13	14	15668	12	1876	911	17
234.0	10373	10	11	15669	8	1999	1187	24
234.0	9144	1	1	15670	1	1375	1627	17
234.0	7755	25	28	15671	22	1810	1017	10
234.0	12571	30	27	15672	30	428	1612	18
234.0	12138	14	14	15673	14	1685	900	14
234.0	7402	30	26	15674	32	0	1085	20
234.0	8182	12	18	15675	6	1579	787	13
234.0	12534	14	18	15676	10	1571	1717	17
234.0	7977	18	14	15677	22	1568	1467	17
234.0	13571	27	20	15678	33	97	1270	21
234.0	14983	32	35	15679	27	1488	375	17
234.0	11835	44	47	15680	40	611	277	19
234.0	13545	18	19	15681	17	1463	310	14
234.0	13408	12	13	15682	9	1247	1569	16
234.0	13606	19	19	15683	18	435	1575	12
234.0	13159	22	23	15684	20	1979	1223	15
234.0	10100	10	7	15685	13	1504	619	11
234.0	9606	13	15	15686	11	1505	1823	12
234.0	12474	9	6	15687	12	235	1457	18
234.0	12396	40	41	15688	37	1873	1889	17
234.0	12708	22	25	15689	18	460	1713	14
234.0	11078	33	36	15690	30	602	264	19
234.0	11757	8	7	15691	6	1456	508	13
234.0	12201	5	7	15692	3	1614	603	16
234.0	11823	25	23	15693	26	148	469	12
234.0	10099	20	17	15694	22	1504	1378	14
234.0	11965	32	28	15695	36	1439	694	17
234.0	13271	39	42	15696	33	1861	1568	17
234.0	11481	22	20	15697	23	189	1741	18
234.0	10661	53	48	15698	52	1831	1357	19
234.0	13934	20	15	15699	25	385	551	13
234.0	11672	29	28	15700	29	1887	1121	25
234.0	13779	23	29	15701	17	1469	375	17
234.0	11845	12	14	15702	9	1660	1687	17
234.0	11019	13	17	15703	8	1403	312	17
234.0	8902	40	36	15704	43	1975	1279	21
234.0	12300	19	18	15705	18	1917	1541	15
234.0	12971	18	19	15706	16	1930	583	17
234.0	11455	12	12	15707	12	1248	439	14
234.0	11375	18	18	15708	18	1839	1311	20
234.0	8988	44	46	15709	42	1921	1692	20
234.0	12198	26	26	15710	26	1465	1739	17
234.0	12880	24	22	15711	24	91	1043	20
234.0	13850	48	49	15712	46	1144	226	22
234.0	12774	5	7	15713	3	1764	1258	16
234.0	11223	12	15	15714	9	494	1845	18
234.0	10045	39	35	15715	39	404	47	20
234.0	12867	20	16	15716	22	1646	1162	10
234.0	10627	23	22	15717	21	277	1451	23
234.0	12334	19	23	15718	13	345	208	13
234.0	10587	35	35	15719	34	588	328	16
234.0	11104	45	43	15720	42	27	480	11
234.0	7010	27	28	15721	23	1647	671	18
234.0	11053	28	27	15722	27	889	100	13
234.0	13292	19	20	15723	17	468	1820	17
234.0	11537	19	17	15724	19	372	826	14
234.0	11512	31	30	15725	29	1753	1578	21
234.0	11513	51	44	15726	56	1743	1643	17
234.0	12113	39	33	15727	43	105	533	19
234.0	13516	47	43	15728	44	879	1965	19
234.0	13370	28	29	15729	26	1832	1204	14
234.0	8210	11	10	15730	12	1340	417	17
234.0	11794	28	32	15731	23	1492	1959	21
234.0	10280	8	8	15732	8	1479	767	12
234.0	10387	9	12	15733	6	285	621	16
234.0	12204	26	24	15734	26	399	1041	19
234.0	13677	25	23	15735	25	429	1662	19
234.0	12188	23	17	15736	27	97	873	22
234.0	12115	12	10	15737	14	358	504	16
234.0	13964	15	8	15738	20	72	1547	19
234.0	7179	16	19	15739	13	622	12	19
234.0	13636	16	13	15740	18	791	96	20
234.0	12795	38	37	15741	35	353	1348	17
234.0	11532	6	7	15742	4	268	1653	19
234.0	11715	15	9	15743	20	1232	429	13
234.0	8694	20	15	15744	25	449	195	13
234.0	14432	19	24	15745	14	1306	327	17
234.0	12227	24	21	15746	26	1288	1915	20
234.0	8939	32	29	15747	34	57	1232	19
234.0	11241	29	24	15748	33	1589	680	17
234.0	7332	28	30	15749	25	1612	1467	18
234.0	12535	55	56	15750	44	293	273	25
234.0	14526	9	13	15751	4	214	1623	23
234.0	10986	20	20	15752	20	1014	36	17
234.0	13245	32	33	15753	28	882	1984	17
234.0	11991	13	11	15754	14	755	1741	16
234.0	12958	24	22	15755	23	409	1440	22
234.0	10554	25	32	15756	17	1065	376	15
234.0	11877	26	24	15757	27	189	378	13
234.0	13425	12	10	15758	13	765	1769	19
234.0	11887	16	16	15759	16	1580	879	15
234.0	11857	24	23	15760	24	398	1660	17
234.0	10141	21	21	15761	18	512	25	21
234.0	7844	30	33	15762	25	1446	43	26
234.0	11689	28	31	15763	25	1274	389	12
234.0	11947	30	31	15764	28	105	1148	18
234.0	14023	30	37	15765	21	1873	1187	20
234.0	10684	29	27	15766	31	1015	1798	20
234.0	11033	28	34	15767	20	1976	1447	16
234.0	12565	18	16	15768	19	1155	92	17
234.0	9758	10	10	15769	9	677	266	17
234.0	12247	9	6	15770	12	1617	710	14
234.0	13086	34	38	15771	29	1463	668	16
234.0	10419	11	9	15772	11	186	1337	21
234.0	11394	20	19	15773	19	848	1646	18
234.0	9890	32	28	15774	34	1968	1247	14
234.0	12766	29	29	15775	28	1907	1384	22
234.0	9812	21	24	15776	18	30	779	22
234.0	12133	11	10	15777	12	373	626	16
234.0	13102	9	8	15778	10	544	1720	13
234.0	13510	13	17	15779	9	140	404	18
234.0	13872	49	50	15780	44	471	195	15
234.0	11100	15	19	15781	9	1932	1367	16
234.0	13268	27	21	15782	31	1642	827	16
234.0	9505	16	14	15783	18	276	1346	18
234.0	13519	26	29	15784	23	1638	1337	22
234.0	11591	37	41	15785	29	467	476	18
234.0	12785	26	28	15786	23	566	112	17
234.0	12252	34	33	15787	32	708	1922	22
234.0	13825	25	27	15788	21	719	1906	22
234.0	10601	37	33	15789	40	1999	1833	18
234.0	12427	19	23	15790	14	1696	910	17
234.0	10644	4	3	15791	5	395	647	14
234.0	11944	9	7	15792	10	445	51	20
234.0	13916	16	12	15793	20	242	1286	21
234.0	14245	33	35	15794	31	537	1594	17
234.0	12254	8	6	15795	10	218	984	12
234.0	13243	13	19	15796	7	1603	868	17
234.0	12715	28	27	15797	29	1048	309	20
234.0	13105	15	13	15798	15	716	295	12
234.0	10259	38	38	15799	37	431	364	15
234.0	13108	15	13	15800	17	506	1957	16
234.0	9381	23	23	15801	23	322	1384	17
234.0	13156	14	13	15802	13	485	365	18
234.0	12149	46	41	15803	47	925	163	20
234.0	12827	27	29	15804	25	1726	1567	20
234.0	12248	20	20	15805	20	1836	1467	21
234.0	12944	12	15	15806	9	190	785	14
234.0	8977	23	22	15807	24	829	100	20
234.0	13081	28	33	15808	23	568	1549	17
234.0	9847	7	6	15809	8	698	1801	21
234.0	9151	16	11	15810	20	1776	1299	13
234.0	13500	18	13	15811	15	450	1786	15
234.0	13288	2	3	15812	1	844	176	14
235.0	13608	14	17	15813	11	1172	419	12
235.0	14432	24	26	15814	20	1306	327	18
235.0	10824	11	8	15815	14	1535	1687	18
235.0	12882	28	32	15816	24	72	1020	19
235.0	12073	31	24	15817	37	1424	1659	18
235.0	13023	15	14	15818	15	1753	1763	14
235.0	12849	41	30	15819	48	104	417	14
235.0	6975	14	18	15820	10	851	1735	22
235.0	11459	23	20	15821	26	1874	1088	13
235.0	14202	17	20	15822	14	1703	1520	16
235.0	10259	38	37	15823	37	431	364	16
235.0	7832	0	0	15824	0	52	643	19
235.0	11706	19	19	15825	19	784	1955	18
235.0	13026	17	18	15826	13	496	1465	15
235.0	13391	21	23	15827	19	1478	1763	14
235.0	12502	10	11	15828	9	435	269	15
235.0	7631	32	38	15829	25	1792	1239	15
235.0	13734	23	21	15830	23	34	1103	18
235.0	12703	6	6	15831	5	221	1355	20
235.0	11241	24	27	15832	20	1589	680	18
235.0	11248	35	32	15833	37	1877	1387	21
235.0	11786	9	8	15834	9	1208	1887	19
235.0	9804	37	35	15835	38	1999	1963	17
235.0	12643	5	4	15836	6	879	319	14
235.0	12252	33	36	15837	28	708	1922	23
235.0	13900	12	5	15838	17	1499	1637	21
235.0	11467	19	18	15839	20	1602	555	12
235.0	11543	19	18	15840	19	459	917	12
235.0	12213	19	15	15841	23	1480	1980	16
235.0	14983	35	32	15842	37	1507	375	18
235.0	9655	25	27	15843	23	1792	446	20
235.0	14495	8	8	15844	8	1530	549	18
235.0	11322	1	0	15845	2	677	168	13
235.0	12462	14	20	15846	7	1876	911	18
235.0	9966	33	29	15847	36	1629	1130	13
235.0	13779	29	30	15848	26	1469	375	18
235.0	13081	33	35	15849	30	568	1549	18
235.0	13830	31	32	15850	29	1822	913	13
235.0	13203	36	40	15851	30	50	289	12
235.0	12359	9	11	15852	7	431	1887	17
235.0	12647	23	22	15853	24	375	1323	17
235.0	11947	31	30	15854	31	105	1148	19
235.0	12112	5	3	15855	6	478	569	14
235.0	8227	13	15	15856	11	1445	1499	19
235.0	13160	18	22	15857	13	1888	1695	14
235.0	13658	46	46	15858	44	1617	1954	17
235.0	13552	40	44	15859	33	404	343	13
235.0	11551	18	15	15860	20	239	1246	17
235.0	11238	35	37	15861	32	1998	1329	24
235.0	11440	12	7	15862	17	839	364	12
235.0	11001	54	56	15863	44	1747	1805	22
235.0	12532	45	49	15864	39	1438	169	21
235.0	10141	21	19	15865	23	512	25	22
235.0	12971	19	12	15866	24	1930	583	18
235.0	11558	54	56	15867	44	1130	28	20
235.0	13079	24	23	15868	25	1731	1472	21
235.0	12766	29	29	15869	28	1907	1384	23
235.0	10754	26	28	15870	21	843	1800	23
235.0	11318	15	11	15871	17	1046	209	17
235.0	11127	17	14	15872	20	1618	1312	14
235.0	10614	19	13	15873	22	1869	1650	16
235.0	12354	19	19	15874	18	1662	1836	14
235.0	12357	33	32	15875	33	1214	241	15
235.0	11563	16	16	15876	15	1344	1927	21
235.0	7633	53	42	15877	58	891	0	17
235.0	9924	17	16	15878	15	1366	1945	18
235.0	12385	16	18	15879	12	894	263	20
235.0	13165	30	35	15880	24	552	1598	19
235.0	10373	11	8	15881	13	1999	1187	25
235.0	13537	13	18	15882	8	1657	533	14
235.0	13174	35	29	15883	39	1758	1110	16
235.0	10276	12	11	15884	12	624	1745	12
235.0	13060	36	36	15885	35	1769	1165	15
235.0	10910	21	19	15886	23	841	43	11
235.0	12155	8	7	15887	8	272	114	21
235.0	12326	22	19	15888	24	25	1437	22
235.0	13498	21	23	15889	17	1779	865	16
235.0	14067	19	18	15890	16	287	15	22
235.0	7266	6	6	15891	6	327	804	16
235.0	8684	11	9	15892	12	1305	10	14
235.0	10447	36	39	15893	32	1865	1230	22
235.0	14325	7	12	15894	2	1669	976	17
235.0	9008	24	21	15895	25	508	162	17
235.0	13132	14	14	15896	14	594	55	12
235.0	12125	19	22	15897	12	321	1633	18
235.0	11768	9	9	15898	8	119	587	15
235.0	12377	45	38	15899	52	1936	1483	16
235.0	11841	22	23	15900	20	1061	75	14
235.0	12396	41	30	15901	46	1873	1889	18
235.0	11250	13	14	15902	12	600	92	17
235.0	9588	17	15	15903	17	303	501	18
235.0	13092	23	11	15904	33	1787	1942	16
235.0	12800	11	10	15905	12	1044	1850	22
235.0	11609	26	29	15906	21	437	312	16
235.0	9310	26	24	15907	27	319	1255	18
235.0	12774	7	4	15908	10	1764	1258	17
235.0	11724	21	19	15909	22	416	454	16
235.0	12344	16	21	15910	11	947	1944	18
235.0	10134	18	18	15911	17	608	235	17
235.0	11991	11	10	15912	12	755	1741	17
235.0	13852	26	19	15913	32	312	154	15
235.0	8474	26	26	15914	24	1541	1864	18
235.0	7017	15	13	15915	17	1655	1496	18
235.0	11590	13	9	15916	16	866	1734	18
235.0	12224	41	37	15917	45	294	483	22
235.0	11012	26	32	15918	18	237	1143	23
235.0	11812	26	28	15919	23	680	1647	16
235.0	13129	14	16	15920	12	585	1943	23
235.0	13826	14	13	15921	15	1432	324	17
235.0	13307	16	18	15922	14	566	1692	20
235.0	12022	21	23	15923	18	111	1057	14
235.0	10996	2	2	15924	1	1650	938	18
235.0	8670	26	18	15925	31	1743	1325	16
235.0	12944	15	11	15926	18	190	785	15
235.0	12373	33	31	15927	35	1328	496	12
235.0	11200	16	15	15928	17	765	88	19
235.0	12708	25	26	15929	23	460	1713	15
235.0	13170	25	21	15930	28	1828	764	15
235.0	6978	7	8	15931	6	285	731	17
235.0	13372	17	21	15932	13	1445	486	14
235.0	14623	9	14	15933	4	1720	1704	17
235.0	11272	21	18	15934	23	534	196	16
235.0	12867	16	14	15935	18	1646	1162	11
235.0	12094	32	41	15936	21	365	19	21
235.0	12554	11	8	15937	14	689	1779	15
235.0	12469	24	27	15938	21	1729	1751	16
235.0	11423	6	5	15939	7	291	1623	20
235.0	9962	22	18	15940	26	146	1436	16
235.0	13646	15	17	15941	12	714	1738	15
235.0	8043	16	10	15942	22	1551	1703	16
235.0	11428	17	13	15943	21	1189	1744	17
235.0	7010	28	22	15944	32	1647	671	19
235.0	13500	13	17	15945	9	450	1786	16
235.0	11826	6	7	15946	5	1775	1061	18
235.0	11281	6	7	15947	5	878	287	14
235.0	13825	27	29	15948	22	723	1910	23
235.0	11489	14	11	15949	16	1567	653	15
235.0	10947	26	26	15950	26	402	1409	20
235.0	14798	16	18	15951	13	1792	595	18
235.0	8829	35	30	15952	40	1999	1647	20
235.0	12162	5	5	15953	5	1098	425	14
235.0	7468	11	12	15954	9	390	999	14
235.0	11033	34	40	15955	26	1976	1447	17
235.0	12633	30	33	15956	26	281	1943	18
235.0	12010	35	36	15957	33	1898	1868	15
235.0	9432	20	21	15958	18	1595	1505	21
236.0	10395	30	39	15959	21	28	905	24
236.0	13867	47	45	15960	45	416	25	16
236.0	13617	19	17	15961	21	1849	1635	15
236.0	11755	16	13	15962	19	257	1151	23
236.0	13740	14	10	15963	15	389	104	20
236.0	13284	22	21	15964	23	1800	552	21
236.0	10931	31	33	15965	27	819	40	13
236.0	12131	8	9	15966	7	384	309	17
236.0	14854	17	20	15967	13	1768	1043	14
236.0	11850	20	22	15968	17	1579	937	16
236.0	12325	19	20	15969	16	675	1758	19
236.0	12724	10	12	15970	8	1348	1675	19
236.0	10501	20	23	15971	17	348	1675	16
236.0	8804	25	24	15972	25	530	1795	17
236.0	11884	19	22	15973	15	719	1932	13
236.0	10100	7	6	15974	7	1504	619	12
236.0	9655	27	30	15975	18	1792	446	21
236.0	10787	12	10	15976	14	223	1111	16
236.0	12766	29	26	15977	30	1907	1384	24
236.0	13862	34	32	15978	35	1473	47	18
236.0	11130	18	16	15979	20	62	1316	20
236.0	15427	21	23	15980	18	1654	868	16
236.0	12009	12	11	15981	13	915	213	18
236.0	13570	22	17	15982	26	556	1927	24
236.0	7832	0	0	15983	0	52	643	20
236.0	12633	33	30	15984	34	281	1943	19
236.0	9805	13	19	15985	7	130	808	13
236.0	13692	4	7	15986	1	209	956	16
236.0	11019	17	11	15987	23	1403	312	18
236.0	10105	31	21	15988	38	490	1728	19
236.0	11573	29	29	15989	28	210	738	12
236.0	9890	28	24	15990	31	1968	1247	15
236.0	10733	25	27	15991	20	1296	1986	19
236.0	13605	30	26	15992	34	1896	1807	15
236.0	8954	15	17	15993	13	671	1538	19
236.0	13160	22	26	15994	17	1888	1695	15
236.0	13528	21	23	15995	17	756	1945	18
236.0	11322	0	0	15996	0	677	168	14
236.0	10042	22	19	15997	23	542	1714	16
236.0	11252	20	16	15998	23	866	74	16
236.0	12275	28	27	15999	28	0	1065	21
236.0	8227	15	18	16000	11	1445	1499	20
236.0	11318	11	12	16001	10	1046	209	18
236.0	8684	9	13	16002	5	1305	10	15
236.0	13186	41	42	16003	38	1935	1517	19
236.0	10834	27	28	16004	26	45	722	19
236.0	13267	39	37	16005	40	1122	216	19
236.0	12415	14	13	16006	14	506	1735	17
236.0	12395	55	46	16007	54	910	1958	19
236.0	12474	6	6	16008	6	235	1457	19
236.0	13057	44	41	16009	42	1803	753	21
236.0	13746	17	14	16010	19	1407	1956	13
236.0	12466	27	25	16011	27	1666	1587	13
236.0	12759	17	16	16012	17	297	1824	15
236.0	14341	21	22	16013	17	593	120	18
236.0	12624	33	35	16014	28	438	116	21
236.0	13356	21	20	16015	22	1734	576	15
236.0	11856	14	14	16016	13	244	1342	17
236.0	8043	10	7	16017	12	1551	1703	17
236.0	12373	31	35	16018	27	1328	496	13
236.0	13049	12	12	16019	11	599	73	11
236.0	9962	18	18	16020	18	146	1436	17
236.0	10932	27	24	16021	27	1978	1113	19
236.0	11905	11	12	16022	10	197	531	14
236.0	7633	42	36	16023	47	891	0	18
236.0	10476	44	35	16024	52	1130	189	23
236.0	7894	5	4	16025	6	1359	1846	21
236.0	14068	17	16	16026	18	155	1232	24
236.0	13869	25	20	16027	28	1897	1196	24
236.0	11848	22	22	16028	20	1926	1472	15
236.0	12381	2	2	16029	2	973	276	13
236.0	12674	23	25	16030	20	1744	689	17
236.0	14520	4	2	16031	6	83	594	16
236.0	12022	23	18	16032	27	111	1057	15
236.0	12223	5	4	16033	6	239	1609	24
236.0	10986	20	18	16034	22	1014	36	18
236.0	13471	23	30	16035	15	354	1431	22
236.0	12608	11	11	16036	10	139	566	13
236.0	12845	14	17	16037	10	418	313	16
236.0	11802	16	14	16038	17	1553	1605	17
236.0	13092	11	14	16039	8	1787	1942	17
236.0	13689	40	41	16040	38	1006	55	21
236.0	10907	3	5	16041	1	74	554	18
236.0	13431	8	12	16042	4	261	859	15
236.0	12553	31	32	16043	30	846	129	17
236.0	14203	16	16	16044	16	541	277	12
236.0	11994	15	16	16045	13	1093	365	13
236.0	10956	22	30	16046	13	1586	651	14
236.0	13565	46	46	16047	44	1918	1141	23
236.0	11241	27	21	16048	31	1589	680	19
236.0	12411	52	48	16049	52	469	394	15
236.0	11821	32	24	16050	40	204	1078	20
236.0	10870	18	17	16051	19	483	104	20
236.0	11730	17	10	16052	22	1563	1845	16
236.0	14529	2	2	16053	2	1686	953	18
236.0	11492	43	45	16054	39	337	569	21
236.0	8460	17	17	16055	15	1979	1467	17
236.0	12596	43	53	16056	31	233	395	22
236.0	9649	22	24	16057	19	1485	78	19
236.0	11641	25	25	16058	24	270	765	15
236.0	9008	21	24	16059	18	508	162	18
236.0	13194	47	48	16060	41	851	1984	16
236.0	10451	37	39	16061	34	1982	681	22
236.0	11225	22	18	16062	25	1421	347	18
236.0	7631	38	35	16063	38	1792	1239	16
236.0	8933	42	52	16064	32	1676	838	13
236.0	7678	19	19	16065	19	180	1708	20
236.0	11678	7	8	16066	6	486	1657	16
236.0	10649	42	40	16067	42	1961	1999	19
236.0	13018	11	9	16068	13	368	218	18
236.0	11207	26	26	16069	23	903	1775	24
236.0	11428	13	11	16070	15	1189	1744	18
236.0	7711	29	29	16071	27	482	1682	19
236.0	11622	17	20	16072	13	242	845	13
236.0	12523	13	16	16073	9	765	1869	22
236.0	11750	9	9	16074	9	1732	1502	18
236.0	8834	9	8	16075	9	127	1089	19
236.0	11934	15	18	16076	12	1646	1962	16
236.0	11744	12	12	16077	12	1805	1423	17
236.0	11639	25	25	16078	23	1109	448	14
236.0	13340	24	18	16079	30	578	238	13
236.0	11659	25	24	16080	25	255	427	12
236.0	12639	31	25	16081	35	1458	30	24
236.0	12840	16	16	16082	14	47	1280	21
236.0	13239	27	34	16083	18	1352	215	12
236.0	12469	27	28	16084	23	1729	1751	17
236.0	12539	22	20	16085	23	1760	785	13
236.0	9525	14	13	16086	15	457	538	16
236.0	9981	32	33	16087	29	318	1356	17
236.0	10793	11	12	16088	10	1600	1835	18
236.0	13273	8	8	16089	8	901	278	19
236.0	12638	4	4	16090	3	1549	565	15
236.0	11031	8	6	16091	9	1660	986	17
236.0	10851	17	13	16092	20	135	1198	19
236.0	10028	23	20	16093	23	364	1702	16
236.0	15208	27	22	16094	31	65	1079	21
236.0	9967	32	27	16095	37	1590	518	15
237.0	10687	10	9	16096	11	728	244	16
237.0	13837	29	27	16097	29	1921	1071	15
237.0	11095	37	36	16098	37	1898	1899	20
237.0	13018	9	10	16099	7	368	218	19
237.0	11459	20	20	16100	18	1874	1088	14
237.0	12143	4	3	16101	5	1054	231	12
237.0	13537	18	19	16102	16	1657	533	15
237.0	11318	12	10	16103	14	1046	209	19
237.0	10793	12	14	16104	10	1600	1835	19
237.0	11100	19	25	16105	13	1949	1367	17
237.0	10824	8	8	16106	8	1535	1687	19
237.0	11339	21	22	16107	19	58	61	21
237.0	12289	15	11	16108	18	1632	1764	18
237.0	10803	15	17	16109	12	189	1983	14
237.0	8866	20	25	16110	15	1341	1967	18
237.0	7755	28	26	16111	30	1810	1017	11
237.0	11874	14	14	16112	14	1740	1377	14
237.0	14292	21	21	16113	20	1605	297	14
237.0	13867	45	46	16114	40	416	25	17
237.0	12897	4	4	16115	4	1571	1812	19
237.0	14797	24	16	16116	29	1664	1761	15
237.0	12102	6	7	16117	5	1673	1049	18
237.0	7275	25	23	16118	24	309	114	25
237.0	11755	13	15	16119	11	257	1151	24
237.0	12178	12	11	16120	10	687	439	19
237.0	13760	14	22	16121	6	960	167	18
237.0	6851	26	19	16122	33	49	1079	21
237.0	12900	35	33	16123	35	542	38	19
237.0	13122	47	50	16124	40	406	70	17
237.0	11678	8	9	16125	7	486	1657	17
237.0	7495	24	22	16126	26	1172	387	11
237.0	13838	34	33	16127	33	1953	1645	16
237.0	13717	19	21	16128	17	792	1890	13
237.0	10870	17	20	16129	14	483	104	21
237.0	12285	15	18	16130	11	752	1866	20
237.0	12539	20	20	16131	19	1760	785	14
237.0	12663	13	13	16132	11	211	757	15
237.0	11361	45	47	16133	42	1249	312	18
237.0	11878	39	40	16134	38	666	368	15
237.0	8218	8	9	16135	6	485	1700	21
237.0	13800	13	14	16136	10	138	1406	18
237.0	11689	31	29	16137	31	1274	389	13
237.0	12855	26	20	16138	29	985	190	14
237.0	13826	13	14	16139	12	1449	324	18
237.0	8125	19	16	16140	21	1770	966	15
237.0	13330	21	18	16141	22	1511	1734	16
237.0	13120	8	11	16142	5	465	617	14
237.0	13963	12	13	16143	11	1712	1619	15
237.0	11311	30	27	16144	32	429	1057	17
237.0	8861	5	5	16145	4	207	525	16
237.0	13156	13	13	16146	13	485	365	19
237.0	8635	22	19	16147	23	1983	648	14
237.0	13703	19	20	16148	18	761	143	13
237.0	10713	39	42	16149	34	1980	1578	16
237.0	13517	17	19	16150	14	512	1822	19
237.0	9392	32	30	16151	34	1609	1260	18
237.0	11634	22	16	16152	27	1439	139	14
237.0	8910	9	8	16153	10	447	1218	22
237.0	10533	48	49	16154	45	319	1028	18
237.0	13380	17	21	16155	13	913	287	20
237.0	10636	8	8	16156	7	1253	1944	18
237.0	13699	11	12	16157	10	1608	1805	19
237.0	10343	14	15	16158	11	989	1762	17
237.0	9758	10	12	16159	8	677	266	18
237.0	9151	11	14	16160	8	1776	1299	14
237.0	12520	8	5	16161	11	1212	335	14
237.0	11891	5	2	16162	8	1246	1954	17
237.0	13605	26	27	16163	23	1896	1807	16
237.0	12270	43	43	16164	42	1924	1852	20
237.0	12446	36	39	16165	31	427	215	14
237.0	13356	20	25	16166	12	1734	576	16
237.0	12411	48	38	16167	51	469	394	16
237.0	11031	6	7	16168	4	1660	986	18
237.0	10792	5	4	16169	6	800	234	18
237.0	10395	39	38	16170	40	28	905	25
237.0	9035	20	19	16171	18	1320	509	13
237.0	12145	11	15	16172	7	333	749	17
237.0	15195	32	32	16173	28	497	1869	17
237.0	13981	32	30	16174	33	100	852	13
237.0	12788	44	43	16175	43	1021	183	21
237.0	13527	13	18	16176	8	595	569	12
237.0	14130	13	15	16177	11	1789	1470	16
237.0	12760	23	22	16178	23	1773	1325	14
237.0	13142	33	32	16179	33	577	1632	17
237.0	14115	33	32	16180	33	1967	1883	16
237.0	13676	33	34	16181	32	1623	536	17
237.0	9316	24	27	16182	21	1637	638	14
237.0	11319	29	27	16183	30	927	53	17
237.0	9670	23	28	16184	18	429	1979	23
237.0	9609	33	32	16185	32	1005	318	16
237.0	11929	21	14	16186	24	539	409	13
237.0	12389	19	17	16187	20	1427	647	13
237.0	12766	26	25	16188	25	1907	1384	25
237.0	13186	42	45	16189	36	1935	1536	20
237.0	10030	29	27	16190	30	1200	266	15
237.0	12993	15	14	16191	15	1706	1803	15
237.0	9954	22	23	16192	21	1499	1999	15
237.0	12100	23	24	16193	20	1192	310	15
237.0	13412	22	22	16194	20	829	1756	20
237.0	11408	20	19	16195	20	569	1819	16
237.0	12773	23	26	16196	20	1369	495	14
237.0	9100	17	21	16197	13	1979	279	15
237.0	10489	23	27	16198	18	264	1305	22
237.0	15059	14	11	16199	16	1514	533	15
237.0	12746	10	8	16200	11	1797	912	18
237.0	13547	15	10	16201	19	176	1265	22
237.0	12670	31	31	16202	28	1133	97	15
237.0	14239	46	42	16203	47	1961	1965	18
237.0	9907	39	39	16204	37	1113	285	21
237.0	11513	44	46	16205	38	1743	1643	18
237.0	10742	23	18	16206	27	1760	1027	14
237.0	10931	33	29	16207	37	819	40	14
237.0	10694	16	17	16208	15	1787	617	18
237.0	14200	12	16	16209	8	293	455	18
237.0	13000	19	21	16210	16	66	861	18
237.0	10606	16	13	16211	18	168	837	14
237.0	10432	11	10	16212	12	333	277	17
237.0	10416	5	4	16213	6	204	618	17
237.0	13267	37	41	16214	32	1122	216	20
237.0	10512	25	28	16215	20	1259	269	17
237.0	11785	20	18	16216	19	461	119	16
237.0	11675	12	10	16217	13	1718	1319	16
237.0	11586	23	21	16218	22	629	1842	17
237.0	11481	20	22	16219	18	189	1741	19
237.0	12249	12	12	16220	11	745	0	13
237.0	11016	43	51	16221	32	294	1353	19
237.0	13444	4	4	16222	4	799	269	15
237.0	12959	15	12	16223	18	1482	1887	18
237.0	14178	33	35	16224	29	177	481	12
237.0	14717	5	6	16225	4	1285	280	17
237.0	11659	24	22	16226	25	255	427	13
237.0	12596	53	54	16227	46	233	395	23
237.0	8785	20	21	16228	16	1294	206	12
237.0	15904	33	37	16229	28	1760	1915	17
237.0	13239	34	32	16230	34	1352	215	13
237.0	9712	25	24	16231	26	898	1815	19
237.0	12553	32	32	16232	31	846	129	18
237.0	12214	15	17	16233	12	785	206	18
237.0	12273	33	32	16234	31	75	1377	18
237.0	10623	8	7	16235	9	1101	305	12
237.0	11647	26	27	16236	23	1720	1583	19
237.0	12404	26	30	16237	22	1501	1975	14
237.0	14854	20	17	16238	21	1768	1043	15
237.0	11824	10	12	16239	8	1678	1720	18
237.0	11270	26	30	16240	20	889	1866	19
237.0	11581	8	8	16241	8	359	154	14
237.0	11276	11	7	16242	12	227	766	12
237.0	9024	16	14	16243	18	69	749	15
237.0	12095	37	37	16244	34	246	1514	17
237.0	10887	35	36	16245	34	1437	1750	18
238.0	15223	36	31	16246	38	908	71	16
238.0	13742	8	6	16247	10	1390	324	16
238.0	13332	33	26	16248	39	1406	1840	16
238.0	12526	56	53	16249	47	333	13	16
238.0	12754	1	1	16250	1	1627	1754	21
238.0	9786	9	8	16251	10	1745	1363	15
238.0	8785	21	18	16252	22	1294	206	13
238.0	12849	30	27	16253	31	104	417	15
238.0	13052	14	11	16254	16	462	1929	15
238.0	12851	21	24	16255	18	222	967	21
238.0	10597	13	16	16256	10	651	366	13
238.0	12423	37	35	16257	39	208	1061	20
238.0	12707	27	19	16258	34	1399	406	16
238.0	13943	22	23	16259	19	429	1688	14
238.0	15904	37	34	16260	39	1760	1915	18
238.0	14963	13	12	16261	14	121	1452	21
238.0	11959	11	8	16262	13	626	478	19
238.0	13600	47	51	16263	42	1681	1279	17
238.0	13149	9	10	16264	8	226	692	14
238.0	13205	8	7	16265	9	1637	1708	17
238.0	9257	26	27	16266	24	1030	229	16
238.0	8561	17	21	16267	13	1729	1138	19
238.0	12174	1	2	16268	0	39	630	18
238.0	9035	19	19	16269	17	1320	509	14
238.0	10156	7	7	16270	7	382	1874	20
238.0	10537	16	15	16271	17	248	982	21
238.0	11504	17	19	16272	13	1676	1033	14
238.0	12347	11	14	16273	8	449	454	17
238.0	14692	36	30	16274	40	343	1505	20
238.0	12952	10	12	16275	7	654	313	14
238.0	7603	20	23	16276	16	1359	594	16
238.0	11370	23	18	16277	25	1450	411	17
238.0	14008	44	46	16278	38	1934	1986	17
238.0	10639	15	21	16279	9	1518	1455	20
238.0	11024	22	22	16280	19	1484	1847	20
238.0	7755	26	29	16281	22	1830	1017	12
238.0	12301	13	10	16282	15	352	244	17
238.0	14073	25	24	16283	26	1568	1042	12
238.0	12535	56	49	16284	51	293	273	26
238.0	12686	21	25	16285	13	457	1559	14
238.0	13037	34	35	16286	33	135	655	12
238.0	11706	19	11	16287	27	784	1955	19
238.0	12263	34	35	16288	32	1924	731	12
238.0	13796	17	17	16289	16	1668	1634	20
238.0	14388	9	8	16290	7	417	580	13
238.0	10832	31	32	16291	29	1155	1962	17
238.0	12012	22	20	16292	23	536	1909	16
238.0	11329	33	32	16293	34	397	1146	20
238.0	14249	14	9	16294	18	55	778	19
238.0	10950	12	8	16295	15	1376	336	16
238.0	10870	20	14	16296	24	483	104	22
238.0	10396	6	6	16297	6	183	744	15
238.0	12249	12	14	16298	10	745	0	14
238.0	12848	0	0	16299	0	1687	925	16
238.0	10512	28	28	16300	26	1259	269	18
238.0	12150	17	13	16301	19	1709	1354	14
238.0	12788	43	43	16302	42	1021	165	22
238.0	11789	25	24	16303	24	1885	1230	15
238.0	12404	30	23	16304	35	1501	1975	15
238.0	13453	11	13	16305	9	849	1833	21
238.0	11473	9	8	16306	9	336	1222	19
238.0	11575	10	11	16307	6	736	348	14
238.0	14040	38	34	16308	39	1966	1359	23
238.0	14244	21	20	16309	21	772	158	14
238.0	12746	8	5	16310	11	1797	912	19
238.0	10746	44	41	16311	44	374	1448	20
238.0	12220	16	14	16312	17	1797	1111	13
238.0	13948	19	22	16313	16	1449	455	17
238.0	15383	43	46	16314	39	153	1275	22
238.0	14767	23	21	16315	25	1793	1608	22
238.0	11999	21	20	16316	22	1883	1576	13
238.0	15688	37	42	16317	32	1783	1897	18
238.0	13782	21	22	16318	20	1730	1626	15
238.0	11688	28	27	16319	29	1557	1286	19
238.0	12158	9	11	16320	7	323	889	17
238.0	12348	45	44	16321	44	1675	1999	19
238.0	13120	11	7	16322	15	476	628	15
238.0	13982	31	33	16323	27	857	1689	18
238.0	12101	38	31	16324	43	990	85	20
238.0	7535	1	0	16325	2	1683	825	14
238.0	11408	19	15	16326	23	569	1819	17
238.0	11147	12	10	16327	14	777	436	15
238.0	12833	23	24	16328	22	91	1257	19
238.0	10104	10	10	16329	9	1316	1836	15
238.0	6926	28	24	16330	31	51	1518	21
238.0	14213	9	6	16331	12	1566	530	12
238.0	11221	37	32	16332	40	1069	1752	19
238.0	12532	49	48	16333	50	1438	169	22
238.0	10987	13	12	16334	14	1030	1866	21
238.0	14086	50	52	16335	45	1949	1834	17
238.0	13043	30	27	16336	32	66	959	18
238.0	10930	26	26	16337	25	1114	79	12
238.0	12675	12	12	16338	12	777	281	15
238.0	12211	30	40	16339	20	1898	1507	15
238.0	8733	15	17	16340	11	617	1615	21
238.0	13953	24	23	16341	24	1924	1795	19
238.0	12612	10	8	16342	12	1726	578	13
238.0	12855	20	21	16343	18	985	208	15
238.0	11034	40	43	16344	35	1222	213	20
238.0	13046	13	10	16345	15	733	64	12
238.0	11426	23	25	16346	21	1359	276	15
238.0	14736	17	15	16347	16	1336	401	16
238.0	13144	21	20	16348	21	251	683	14
238.0	12561	23	18	16349	25	862	34	14
238.0	13994	14	14	16350	14	1576	1900	17
238.0	13807	15	12	16351	18	144	1143	20
238.0	13973	43	39	16352	45	227	212	18
238.0	8532	27	27	16353	24	890	1689	19
238.0	11107	5	5	16354	5	1627	1525	16
238.0	11555	13	10	16355	16	770	1837	21
238.0	12317	7	10	16356	4	236	268	17
238.0	12095	37	41	16357	30	246	1514	18
238.0	11912	42	33	16358	49	1529	645	19
238.0	13521	24	26	16359	19	1887	1781	16
238.0	11658	30	29	16360	29	727	1780	16
238.0	13587	18	24	16361	12	289	365	15
238.0	8022	12	12	16362	11	1545	466	14
238.0	12490	17	23	16363	10	210	583	18
238.0	10203	7	7	16364	7	720	1847	22
238.0	11095	36	45	16365	26	1898	1899	21
238.0	11302	19	17	16366	19	1748	878	17
238.0	8890	26	35	16367	16	1915	621	14
238.0	9196	17	17	16368	17	1840	1917	17
238.0	12606	23	17	16369	27	1339	556	13
238.0	13470	15	14	16370	16	92	569	16
238.0	14486	16	14	16371	16	1564	336	18
238.0	12705	12	12	16372	11	418	1874	18
238.0	7222	20	17	16373	21	1823	1684	18
238.0	12786	21	18	16374	23	1699	1691	19
238.0	12688	26	25	16375	27	1766	1283	17
238.0	10628	27	23	16376	31	490	1527	17
238.0	13292	20	20	16377	20	468	1820	18
238.0	12144	31	38	16378	23	398	520	19
238.0	14912	9	7	16379	11	325	1328	17
238.0	11681	9	12	16380	5	948	1904	22
238.0	10467	24	21	16381	24	627	165	19
238.0	6990	7	6	16382	8	1663	1877	16
238.0	9896	15	22	16383	8	1498	1109	24
238.0	14521	23	26	16384	20	511	228	14
238.0	7431	22	22	16385	22	1999	1558	20
238.0	14874	11	12	16386	9	127	609	17
238.0	11374	38	37	16387	39	132	703	16
238.0	9758	12	12	16388	12	677	266	19
238.0	11872	6	5	16389	7	1795	770	14
238.0	9718	12	16	16390	8	343	638	16
238.0	8703	13	11	16391	14	1620	1675	18
238.0	12467	38	32	16392	42	1394	59	23
238.0	12449	24	25	16393	20	1209	369	17
238.0	11852	29	26	16394	32	1915	924	13
238.0	15269	54	51	16395	49	22	625	18
238.0	14853	4	4	16396	4	1796	1672	16
238.0	10395	38	40	16397	33	28	905	26
238.0	12933	13	16	16398	9	341	375	14
238.0	13247	40	41	16399	38	136	1032	20
238.0	14531	11	12	16400	10	101	807	17
238.0	11631	25	26	16401	22	448	215	13
238.0	13214	21	23	16402	19	1774	1489	16
238.0	10004	23	23	16403	20	793	1801	20
238.0	12098	17	19	16404	13	1692	552	13
238.0	11367	18	14	16405	22	242	15	23
238.0	11121	8	9	16406	6	903	449	14
238.0	13030	7	7	16407	5	212	502	15
238.0	9323	23	21	16408	23	949	1983	21
239.0	13772	32	33	16409	29	1975	1972	17
239.0	12894	16	12	16410	19	1735	1297	16
239.0	10396	6	4	16411	7	183	744	16
239.0	7140	14	16	16412	12	251	181	15
239.0	14788	7	4	16413	9	798	1769	20
239.0	8561	21	19	16414	21	1729	1138	20
239.0	13140	24	20	16415	28	1129	446	15
239.0	15048	44	37	16416	49	32	178	21
239.0	9078	13	16	16417	10	1415	1894	19
239.0	13270	19	14	16418	22	517	1759	19
239.0	11809	12	13	16419	10	1613	51	21
239.0	14110	53	58	16420	42	368	384	13
239.0	10822	3	3	16421	3	620	1779	20
239.0	14426	41	40	16422	38	252	402	14
239.0	12676	9	7	16423	10	1675	1737	20
239.0	13609	11	8	16424	13	1795	1082	20
239.0	13797	15	12	16425	16	298	246	16
239.0	14008	46	52	16426	37	1934	1986	18
239.0	13378	18	13	16427	22	245	1039	24
239.0	13451	4	4	16428	4	389	1780	19
239.0	11426	25	27	16429	23	1359	276	16
239.0	13916	12	11	16430	13	242	1286	22
239.0	14656	16	17	16431	14	217	1384	19
239.0	11638	24	28	16432	19	86	995	18
239.0	13156	13	11	16433	13	485	365	20
239.0	12785	28	34	16434	21	566	112	18
239.0	14235	19	22	16435	16	422	349	18
239.0	13701	14	11	16436	17	1859	654	16
239.0	7542	15	19	16437	10	552	43	13
239.0	11899	3	3	16438	3	44	511	17
239.0	15059	11	12	16439	9	1514	533	16
239.0	7947	11	9	16440	13	393	258	21
239.0	13518	4	5	16441	3	407	735	16
239.0	9847	6	2	16442	9	698	1801	22
239.0	14629	14	17	16443	11	1180	49	16
239.0	14335	28	26	16444	29	1326	134	12
239.0	8933	52	51	16445	49	1676	838	14
239.0	12794	19	18	16446	20	476	1503	14
239.0	11317	13	13	16447	13	362	99	21
239.0	11539	17	14	16448	19	670	1826	13
239.0	14557	22	27	16449	14	1847	403	16
239.0	12875	14	14	16450	14	499	1621	19
239.0	14327	31	31	16451	30	1577	1914	17
239.0	12235	7	7	16452	7	1386	1693	15
239.0	13803	33	29	16453	35	1922	827	14
239.0	11241	21	24	16454	18	1589	680	20
239.0	12634	7	10	16455	3	838	225	14
239.0	15194	38	36	16456	34	945	99	21
239.0	12716	33	27	16457	36	1984	1290	22
239.0	13567	9	7	16458	11	1718	539	15
239.0	9757	14	17	16459	11	999	1719	20
239.0	9034	22	24	16460	19	131	468	20
239.0	11401	9	11	16461	7	264	212	18
239.0	11160	14	15	16462	13	1549	1515	17
239.0	13055	5	5	16463	5	186	974	17
239.0	11074	14	16	16464	11	502	488	14
239.0	10227	20	19	16465	21	1727	123	16
239.0	12771	9	6	16466	12	150	609	14
239.0	11034	43	39	16467	45	1222	213	21
239.0	12612	8	6	16468	9	1726	578	14
239.0	9718	16	16	16469	14	343	638	17
239.0	12966	17	17	16470	16	434	529	13
239.0	12532	48	55	16471	38	1438	169	23
239.0	13375	17	16	16472	16	437	64	20
239.0	13091	22	23	16473	20	576	1702	19
239.0	13637	9	2	16474	16	700	349	14
239.0	14730	4	4	16475	4	838	259	14
239.0	12770	32	28	16476	33	687	1956	15
239.0	12950	24	25	16477	22	1548	1580	17
239.0	7539	2	1	16478	3	1710	1168	21
239.0	10109	12	13	16479	10	1787	1700	16
239.0	13238	17	14	16480	17	83	924	22
239.0	15904	34	32	16481	36	1760	1915	19
239.0	7706	12	13	16482	11	160	1316	23
239.0	13751	19	17	16483	21	286	1233	18
239.0	11518	19	19	16484	19	1449	375	16
239.0	10894	16	14	16485	15	1588	1775	18
239.0	13501	28	31	16486	24	1571	1437	17
239.0	12408	41	44	16487	37	1837	1346	18
239.0	12826	32	33	16488	29	1406	28	17
239.0	14559	21	21	16489	20	967	291	20
239.0	12834	11	10	16490	12	678	1853	17
239.0	12486	36	39	16491	31	1999	992	14
239.0	13088	24	21	16492	24	1096	1774	20
239.0	10353	32	33	16493	31	1209	435	18
239.0	10085	19	22	16494	16	1822	784	15
239.0	10443	9	9	16495	8	1559	1263	17
239.0	14007	24	24	16496	23	1603	749	13
239.0	12188	17	19	16497	15	97	873	23
239.0	12326	19	20	16498	18	25	1437	23
239.0	11450	14	19	16499	9	416	1695	16
239.0	11852	26	29	16500	21	1915	924	14
239.0	13796	17	14	16501	17	1668	1634	21
239.0	13100	29	30	16502	27	1954	1329	23
239.0	13987	12	13	16503	11	347	957	14
239.0	13981	30	34	16504	25	100	852	14
239.0	11597	0	0	16505	0	50	577	16
239.0	13895	9	5	16506	12	1051	357	17
239.0	11987	22	21	16507	22	1860	678	14
239.0	14486	14	16	16508	12	1564	336	19
239.0	12632	16	17	16509	11	1660	1797	15
239.0	13311	22	20	16510	21	525	1692	18
239.0	10570	31	28	16511	32	1999	968	14
239.0	11938	10	10	16512	10	568	1918	26
239.0	13018	10	14	16513	5	368	218	20
239.0	11724	19	21	16514	17	416	454	17
239.0	10029	27	26	16515	25	488	535	13
239.0	12997	15	13	16516	17	46	1361	19
239.0	11302	17	15	16517	19	1761	891	18
239.0	13963	13	13	16518	12	1712	1619	16
239.0	12578	24	25	16519	23	835	1961	20
239.0	11624	24	25	16520	21	1593	1359	16
239.0	11992	14	14	16521	11	72	1409	17
239.0	14248	26	25	16522	27	311	1593	19
239.0	14963	12	7	16523	17	121	1452	22
239.0	10939	22	20	16524	23	1765	1745	14
239.0	13842	17	16	16525	16	1705	1232	15
239.0	14980	19	19	16526	18	106	7	14
239.0	11130	16	17	16527	15	48	1330	21
239.0	14355	30	28	16528	31	115	652	15
239.0	8737	40	45	16529	35	1889	1964	20
239.0	11438	15	17	16530	12	735	1964	17
239.0	8170	9	11	16531	7	1295	393	14
239.0	12271	30	27	16532	33	107	1246	18
239.0	10501	23	18	16533	27	348	1675	17
239.0	11585	9	11	16534	7	968	447	18
239.0	9698	40	35	16535	40	315	1127	14
239.0	12723	12	15	16536	8	1096	329	13
239.0	14809	24	21	16537	22	967	87	14
239.0	12821	12	12	16538	11	1414	346	16
239.0	10787	10	9	16539	11	223	1111	17
239.0	9313	42	38	16540	42	1899	1452	19
239.0	14873	7	6	16541	7	913	231	21
239.0	13029	11	6	16542	13	1390	1844	21
239.0	10441	1	2	16543	0	1174	1914	23
239.0	15223	31	28	16544	34	908	71	17
239.0	14234	10	11	16545	7	1576	623	15
239.0	11119	23	18	16546	26	202	1189	16
239.0	11903	30	34	16547	26	1178	239	22
239.0	11022	26	29	16548	21	868	154	12
239.0	15240	35	28	16549	40	59	1141	15
239.0	12197	4	4	16550	4	237	1205	23
239.0	7844	33	31	16551	30	1433	56	27
239.0	13795	26	21	16552	30	1424	112	17
240.0	11845	14	15	16553	11	1672	1699	18
240.0	10029	26	19	16554	32	488	535	14
240.0	12783	33	20	16555	41	1466	83	24
240.0	11119	18	16	16556	20	202	1189	17
240.0	14730	4	2	16557	5	838	259	15
240.0	10939	20	23	16558	15	1765	1745	15
240.0	12876	34	33	16559	34	113	1082	14
240.0	13983	29	26	16560	30	200	445	11
240.0	13478	40	35	16561	43	1684	1626	16
240.0	8561	19	23	16562	15	1729	1138	21
240.0	11821	24	21	16563	26	193	1067	21
240.0	9075	47	46	16564	47	213	1401	25
240.0	12729	34	36	16565	31	1472	109	23
240.0	10798	49	53	16566	42	66	412	18
240.0	11318	10	13	16567	7	1046	209	20
240.0	14332	16	18	16568	14	396	604	17
240.0	12859	20	21	16569	18	1011	209	15
240.0	12739	6	5	16570	6	205	259	14
240.0	13809	23	13	16571	32	1691	441	21
240.0	14086	52	51	16572	49	1949	1834	18
240.0	13694	18	18	16573	17	1645	1037	15
240.0	11653	10	13	16574	7	1002	1889	21
240.0	11876	23	23	16575	23	756	1667	19
240.0	10459	42	49	16576	33	754	263	20
240.0	12065	24	22	16577	24	38	815	22
240.0	8726	23	23	16578	20	16	293	15
240.0	8933	51	54	16579	46	1676	838	15
240.0	13582	17	17	16580	16	1806	610	21
240.0	14205	11	10	16581	12	1415	14	12
240.0	9233	24	22	16582	25	370	515	17
240.0	10985	17	14	16583	17	535	1876	18
240.0	13936	51	49	16584	51	1815	1716	15
240.0	14545	21	22	16585	17	1989	1366	19
240.0	11045	43	44	16586	39	1816	1208	22
240.0	10694	17	18	16587	16	1787	617	19
240.0	10060	24	30	16588	15	226	800	16
240.0	9847	2	2	16589	2	698	1801	23
240.0	12826	33	33	16590	31	1406	28	18
240.0	13522	11	11	16591	10	1922	1224	16
240.0	13734	21	21	16592	21	34	1103	19
240.0	13443	23	20	16593	25	1818	1532	22
240.0	10614	13	15	16594	10	1896	1662	17
240.0	11823	23	26	16595	19	148	451	13
240.0	11445	30	29	16596	26	1972	1528	20
240.0	7977	14	18	16597	9	1568	1467	18
240.0	14276	32	40	16598	22	194	1579	25
240.0	10684	27	27	16599	27	1015	1798	21
240.0	14127	30	31	16600	29	1503	1930	21
240.0	13193	11	13	16601	9	1817	656	16
240.0	9289	19	19	16602	19	1681	1559	20
240.0	13725	14	19	16603	9	1713	466	18
240.0	12561	18	18	16604	17	862	34	15
240.0	12291	23	18	16605	26	1704	1247	17
240.0	11362	12	12	16606	11	319	953	16
240.0	13829	19	20	16607	15	765	1882	13
240.0	14399	14	19	16608	8	1248	33	18
240.0	13933	22	19	16609	24	478	134	19
240.0	9353	6	6	16610	5	1736	1651	16
240.0	12829	17	12	16611	20	1693	51	16
240.0	9473	25	27	16612	23	388	1472	23
240.0	13762	20	18	16613	21	336	1686	16
240.0	15630	39	32	16614	43	416	1365	22
240.0	9870	20	10	16615	30	1833	1115	15
240.0	14837	42	53	16616	29	171	1862	16
240.0	11789	24	24	16617	24	1885	1230	16
240.0	13112	11	11	16618	10	448	1943	17
240.0	13884	25	28	16619	21	1771	1166	14
240.0	10821	27	29	16620	22	1328	1816	18
240.0	13613	30	30	16621	27	145	492	19
240.0	11411	7	10	16622	4	283	576	17
240.0	10131	26	19	16623	30	1220	459	16
240.0	13796	14	12	16624	15	1668	1634	22
240.0	12705	12	13	16625	11	418	1874	19
240.0	12261	36	42	16626	30	279	1249	23
240.0	12058	12	11	16627	11	83	1362	18
240.0	12823	14	11	16628	16	362	282	15
240.0	12785	34	37	16629	30	566	112	19
240.0	12067	18	19	16630	16	381	30	18
240.0	10690	17	13	16631	19	1261	1806	24
240.0	14030	3	1	16632	4	1304	1708	16
240.0	14510	23	22	16633	23	506	1989	23
240.0	12866	13	16	16634	10	1875	1261	15
240.0	13966	24	21	16635	26	1498	342	18
240.0	12328	15	16	16636	14	1777	949	16
240.0	13573	31	32	16637	30	1686	1344	19
240.0	13247	41	41	16638	39	125	1021	21
240.0	12581	49	51	16639	43	538	78	17
240.0	12200	11	10	16640	11	191	922	19
240.0	13985	14	16	16641	11	267	997	19
240.0	14869	30	36	16642	23	1828	1973	17
240.0	15784	23	20	16643	25	1636	1335	23
240.0	9544	19	22	16644	15	1921	459	16
240.0	9977	17	14	16645	18	149	866	13
240.0	12868	19	14	16646	22	1298	61	18
240.0	13132	14	11	16647	16	594	55	13
240.0	13962	19	20	16648	18	284	51	24
240.0	14124	14	14	16649	13	185	1278	18
240.0	13229	22	25	16650	17	797	117	14
240.0	14445	12	10	16651	13	685	62	16
240.0	15053	28	29	16652	25	83	1084	20
240.0	11987	21	17	16653	23	1860	678	15
240.0	10610	24	24	16654	23	1357	1933	17
240.0	13057	41	45	16655	35	1817	739	22
240.0	12885	32	32	16656	30	1956	1922	17
240.0	14436	24	27	16657	20	601	1803	19
240.0	10070	15	17	16658	13	645	1859	17
240.0	14039	21	24	16659	17	1956	471	14
240.0	12624	35	31	16660	36	438	116	22
240.0	13285	18	15	16661	21	1346	1981	18
240.0	12862	27	28	16662	26	1717	706	14
240.0	12811	46	45	16663	43	313	287	23
240.0	13977	33	32	16664	33	1130	309	21
240.0	10896	9	11	16665	7	226	714	17
240.0	13813	30	34	16666	23	501	1786	15
240.0	13764	4	4	16667	4	730	184	12
240.0	8804	24	30	16668	17	512	1816	18
240.0	12408	44	38	16669	48	1837	1346	19
240.0	12615	15	17	16670	12	519	1957	17
240.0	13887	18	16	16671	19	1693	1008	14
240.0	12770	28	21	16672	35	671	1956	16
240.0	13023	14	12	16673	16	1825	1776	15
240.0	11393	13	11	16674	14	126	1120	21
240.0	12981	38	39	16675	36	152	1305	17
240.0	11157	24	24	16676	23	568	1607	14
240.0	12290	9	7	16677	11	237	131	22
240.0	10969	6	8	16678	4	1639	1661	16
240.0	13217	11	13	16679	9	351	1289	16
240.0	13561	37	38	16680	33	388	1334	19
240.0	13531	17	19	16681	15	986	319	19
240.0	12767	30	27	16682	33	913	41	16
240.0	12753	21	22	16683	18	658	406	17
240.0	12436	30	31	16684	29	1985	1819	19
240.0	10353	33	30	16685	34	1209	435	19
240.0	8788	27	24	16686	28	461	149	16
240.0	9257	27	30	16687	22	1030	229	17
240.0	11696	25	25	16688	23	186	1298	20
240.0	11999	20	19	16689	18	1883	1595	14
240.0	14327	31	40	16690	21	1577	1914	18
240.0	13607	40	39	16691	39	1388	435	18
240.0	12631	21	22	16692	19	1689	1683	18
240.0	12812	39	34	16693	43	1984	1085	24
240.0	12950	25	23	16694	25	1548	1580	18
240.0	13777	23	17	16695	29	1538	1928	20
240.0	9828	26	26	16696	25	1985	1396	19
240.0	11368	19	19	16697	18	1295	1748	18
240.0	10901	42	34	16698	49	147	62	21
240.0	9609	32	33	16699	30	1005	318	17
240.0	14930	22	21	16700	23	445	1861	20
240.0	14557	27	28	16701	26	1847	403	17
240.0	12404	23	27	16702	18	1501	1975	16
240.0	13029	6	6	16703	6	1390	1844	22
240.0	13130	10	11	16704	9	1823	721	20
240.0	13780	35	33	16705	35	156	1106	17
240.0	13821	10	9	16706	10	184	1223	22
240.0	12008	31	37	16707	24	1737	31	20
240.0	9333	12	9	16708	15	416	1679	17
240.0	12238	21	23	16709	18	1439	510	15
