time_hr	parent_id	parent_ecDNA_before	parent_ecDNA_after	daughter_id	daughter_ecDNA	x	y	generation
15.0	63363	20	17	63364	23	3100	3100	1
20.0	63361	20	22	63365	18	3009	2956	1
21.0	63363	17	15	63366	18	3100	3100	2
26.0	63363	15	15	63367	15	3100	3100	3
34.0	63364	23	23	63368	21	3114	3268	2
36.0	63361	22	18	63369	25	3017	2911	2
37.0	63362	20	17	63370	23	3313	3129	1
38.0	63364	23	25	63371	19	3114	3268	3
42.0	63366	18	20	63372	16	3131	3147	3
42.0	63367	15	8	63373	22	3149	3121	4
43.0	63363	15	9	63374	20	3100	3100	4
43.0	63361	18	16	63375	20	3017	2911	3
44.0	63365	18	19	63376	15	3002	2848	2
47.0	63371	19	16	63377	22	3145	3252	4
47.0	63364	25	29	63378	21	3080	3228	4
48.0	63369	25	24	63379	25	3019	3031	3
48.0	63371	16	17	63380	14	3145	3252	5
48.0	63363	9	9	63381	9	3100	3100	5
50.0	63370	23	23	63382	22	3399	3173	2
50.0	63365	19	20	63383	17	3002	2848	3
52.0	63363	9	11	63384	7	3100	3100	6
54.0	63362	17	13	63385	20	3193	3186	2
55.0	63366	20	21	63386	16	3131	3147	4
57.0	63367	8	8	63387	7	3149	3121	5
59.0	63364	29	32	63388	22	3080	3228	5
60.0	63372	16	13	63389	18	3117	3244	4
61.0	63371	17	15	63390	19	3145	3252	6
61.0	63367	8	6	63391	8	3149	3121	6
62.0	63380	14	15	63392	11	3155	3262	6
62.0	63367	6	7	63393	5	3149	3121	7
62.0	63365	20	14	63394	26	2995	2942	4
64.0	63365	14	11	63395	17	2995	2942	5
64.0	63368	21	21	63396	21	3279	3332	3
65.0	63368	21	18	63397	23	3279	3332	4
66.0	63362	13	11	63398	15	3080	3183	3
67.0	63366	21	18	63399	24	3131	3147	5
67.0	63363	11	16	63400	6	3100	3100	7
69.0	63369	24	27	63401	21	3071	3047	4
70.0	63372	13	11	63402	15	3138	3215	5
70.0	63374	20	16	63403	22	3133	3133	5
70.0	63378	21	19	63404	21	3080	3245	5
70.0	63370	23	31	63405	13	3399	3173	3
71.0	63362	11	10	63406	12	3080	3183	4
71.0	63381	9	12	63407	6	3122	3106	6
72.0	63362	10	10	63408	10	3080	3183	5
72.0	63382	22	19	63409	21	3299	3112	3
72.0	63367	7	8	63410	6	3169	3121	8
73.0	63370	31	22	63411	40	3399	3173	4
73.0	63390	19	18	63412	20	3161	3355	7
74.0	63386	16	16	63413	13	3116	3161	5
74.0	63363	16	14	63414	18	3110	3059	8
75.0	63381	12	9	63415	15	3122	3106	7
76.0	63362	10	9	63416	11	3080	3183	6
76.0	63369	27	22	63417	31	3071	3047	5
76.0	63376	15	13	63418	15	3020	2749	3
77.0	63366	18	20	63419	16	3131	3210	6
78.0	63371	15	14	63420	13	3145	3252	7
78.0	63386	16	16	63421	16	3116	3161	6
78.0	63384	7	6	63422	8	3111	3095	7
78.0	63374	16	14	63423	18	3133	3153	6
79.0	63386	16	21	63424	11	3116	3161	7
79.0	63369	22	25	63425	18	3071	3047	6
79.0	63375	20	14	63426	25	2911	3106	4
79.0	63389	18	20	63427	16	2989	3283	5
80.0	63383	17	15	63428	18	3055	2728	4
80.0	63375	14	10	63429	16	2911	3106	5
81.0	63387	7	5	63430	8	3225	3121	6
81.0	63377	22	18	63431	26	2839	3358	5
81.0	63388	22	20	63432	24	3063	3228	6
81.0	63396	21	19	63433	21	3201	3318	4
81.0	63380	15	11	63434	17	3155	3262	7
82.0	63393	5	5	63435	5	3149	3139	8
82.0	63400	6	5	63436	7	3100	3063	8
83.0	63372	11	11	63437	11	3138	3235	6
83.0	63371	14	13	63438	15	3125	3252	8
84.0	63419	16	13	63439	19	3100	3224	7
84.0	63370	22	26	63440	17	3395	3220	5
84.0	63383	15	18	63441	10	3055	2728	5
84.0	63381	9	11	63442	5	3122	3106	8
84.0	63362	9	13	63443	5	3080	3183	7
85.0	63386	21	15	63444	26	3116	3161	8
85.0	63375	10	9	63445	11	2911	3106	6
85.0	63388	20	13	63446	24	3063	3228	7
86.0	63378	19	22	63447	15	3080	3245	6
86.0	63377	18	14	63448	21	2721	3230	6
86.0	63390	18	16	63449	17	3136	3482	8
87.0	63401	21	19	63450	23	3113	3009	5
87.0	63421	16	15	63451	16	3116	3197	7
87.0	63396	19	27	63452	11	3201	3318	5
88.0	63383	18	18	63453	18	3055	2728	6
88.0	63385	20	19	63454	20	3182	3175	3
89.0	63379	25	23	63455	27	2916	2951	4
89.0	63418	15	16	63456	14	3041	2770	4
89.0	63413	13	14	63457	12	3134	3181	6
89.0	63397	23	15	63458	27	3260	3279	5
90.0	63400	5	6	63459	4	3100	3063	9
90.0	63419	13	15	63460	10	3100	3224	8
90.0	63373	22	25	63461	18	3368	3230	5
91.0	63363	14	13	63462	13	3145	3038	9
91.0	63418	16	17	63463	13	3041	2770	5
91.0	63400	6	6	63464	6	3100	3063	10
91.0	63405	13	16	63465	10	3496	3280	4
91.0	63417	31	37	63466	24	2965	2939	6
91.0	63412	20	14	63467	25	3023	3399	8
92.0	63367	8	7	63468	8	3209	3121	9
92.0	63405	16	12	63469	20	3496	3280	5
92.0	63387	5	7	63470	3	3249	3096	7
92.0	63369	25	29	63471	20	3071	3047	7
92.0	63406	12	14	63472	10	3080	3205	5
92.0	63404	21	20	63473	20	2964	3378	6
93.0	63410	6	6	63474	6	3221	3082	9
93.0	63380	11	6	63475	16	3155	3262	8
93.0	63369	29	26	63476	30	3071	3047	8
93.0	63364	32	22	63477	40	2962	3230	6
93.0	63367	7	8	63478	5	3209	3121	10
93.0	63454	20	20	63479	18	3243	3154	4
93.0	63395	17	14	63480	20	2997	2794	6
94.0	63395	14	13	63481	13	2997	2794	7
94.0	63454	20	20	63482	20	3243	3154	5
94.0	63398	15	13	63483	16	3066	3230	4
94.0	63382	19	19	63484	18	3220	3146	4
94.0	63424	11	9	63485	13	3116	3179	8
95.0	63424	9	11	63486	6	3116	3179	9
95.0	63403	22	17	63487	27	3193	3117	6
95.0	63387	7	8	63488	6	3249	3096	8
95.0	63388	13	13	63489	13	3049	3242	8
95.0	63394	26	29	63490	22	3049	2967	5
96.0	63376	13	10	63491	15	3020	2749	4
96.0	63370	26	19	63492	32	3395	3220	6
97.0	63392	11	12	63493	9	3034	3278	7
97.0	63404	20	21	63494	18	2964	3378	7
97.0	63415	15	10	63495	19	3122	3126	8
97.0	63433	21	19	63496	23	3201	3299	5
97.0	63372	11	11	63497	10	3138	3235	7
98.0	63420	13	13	63498	12	3246	3449	8
99.0	63414	18	16	63499	19	3209	2931	9
99.0	63364	22	17	63500	25	2962	3230	7
99.0	63367	8	5	63501	10	3275	3121	11
99.0	63404	21	21	63502	21	2910	3372	8
99.0	63373	25	25	63503	25	3406	3270	6
99.0	63363	13	15	63504	10	3183	3034	10
100.0	63431	26	31	63505	21	2802	3284	6
100.0	63364	17	15	63506	19	2962	3230	8
100.0	63378	22	25	63507	17	3093	3258	7
100.0	63451	16	19	63508	12	3116	3233	8
101.0	63471	20	18	63509	22	3042	3018	8
101.0	63397	15	9	63510	21	3260	3279	6
101.0	63375	9	9	63511	9	2911	3106	7
101.0	63465	10	8	63512	12	3654	3200	5
101.0	63384	6	3	63513	9	3111	3095	8
101.0	63406	14	15	63514	12	3080	3205	6
101.0	63386	15	13	63515	17	3116	3161	9
101.0	63402	15	17	63516	12	2997	3372	6
101.0	63379	23	23	63517	21	2916	2951	5
101.0	63366	20	21	63518	18	3131	3210	7
101.0	63382	19	22	63519	16	3220	3146	5
102.0	63410	6	5	63520	7	3221	3082	10
102.0	63366	21	19	63521	20	3131	3210	8
102.0	63395	13	13	63522	13	2997	2794	8
102.0	63380	6	4	63523	8	3155	3262	9
102.0	63419	15	11	63524	17	3100	3224	9
103.0	63436	7	4	63525	9	3118	3026	9
103.0	63383	18	17	63526	19	3055	2728	7
103.0	63389	20	21	63527	19	2989	3283	6
103.0	63417	37	42	63528	30	2670	2778	7
103.0	63399	24	25	63529	22	3163	3210	6
103.0	63388	13	16	63530	10	3049	3242	9
103.0	63439	19	23	63531	14	3028	3252	8
103.0	63423	18	14	63532	21	3149	3174	7
103.0	63426	25	37	63533	13	2872	3128	5
103.0	63395	13	9	63534	17	2997	2794	9
104.0	63375	9	9	63535	8	2911	3106	8
104.0	63428	18	11	63536	25	3046	2662	5
104.0	63493	9	8	63537	8	3034	3311	8
104.0	63413	14	19	63538	8	3134	3181	7
104.0	63397	9	10	63539	8	3260	3279	7
104.0	63368	18	22	63540	14	3600	3584	5
104.0	63373	25	33	63541	17	3406	3270	7
104.0	63422	8	8	63542	7	3126	3059	8
104.0	63423	14	13	63543	15	3162	3174	8
104.0	63454	20	18	63544	20	3261	3154	6
105.0	63425	18	19	63545	17	3028	3004	7
105.0	63431	31	28	63546	33	2802	3284	7
105.0	63408	10	11	63547	9	3022	3156	6
105.0	63444	26	26	63548	24	3128	3122	9
105.0	63378	25	27	63549	22	3093	3258	8
105.0	63420	13	14	63550	12	3278	3461	9
105.0	63455	27	26	63551	25	2948	3006	5
105.0	63421	15	11	63552	18	3130	3214	8
105.0	63440	17	24	63553	10	3356	3128	6
105.0	63424	11	12	63554	10	3116	3179	10
105.0	63478	5	5	63555	4	3312	3150	11
105.0	63454	18	16	63556	19	3261	3154	7
105.0	63388	16	12	63557	18	3037	3254	10
105.0	63434	17	22	63558	12	3230	3349	8
106.0	63425	19	23	63559	15	3028	3004	8
106.0	63456	14	15	63560	12	3041	2806	5
106.0	63409	21	23	63561	18	3581	3012	4
106.0	63420	14	10	63562	15	3278	3461	10
106.0	63364	15	13	63563	16	2962	3230	9
106.0	63492	32	31	63564	31	3314	3241	7
106.0	63429	16	19	63565	12	2741	3005	6
106.0	63446	24	22	63566	25	3062	3293	8
107.0	63377	14	15	63567	12	2649	3211	7
107.0	63491	15	13	63568	17	3020	2728	5
107.0	63385	19	18	63569	17	3201	3175	4
107.0	63382	22	21	63570	22	3220	3146	6
107.0	63452	11	13	63571	8	3100	3397	6
107.0	63448	21	16	63572	26	2638	3237	7
108.0	63436	4	1	63573	7	3118	3026	10
108.0	63442	5	6	63574	4	3142	3106	9
108.0	63412	14	11	63575	17	3023	3399	9
108.0	63366	19	23	63576	15	3145	3210	9
108.0	63428	11	14	63577	8	3046	2662	6
108.0	63393	5	3	63578	7	3210	3103	9
108.0	63551	25	26	63579	22	2896	3031	6
109.0	63412	11	9	63580	13	3023	3399	10
109.0	63515	17	15	63581	18	3083	3167	10
109.0	63496	23	22	63582	24	3220	3299	6
109.0	63398	13	12	63583	14	3066	3230	5
109.0	63400	6	6	63584	6	3100	3063	11
109.0	63362	13	9	63585	17	3029	3211	8
109.0	63391	8	10	63586	5	3269	3200	7
109.0	63437	11	14	63587	7	3122	3337	7
109.0	63371	13	14	63588	11	3115	3368	9
110.0	63412	9	7	63589	10	3023	3399	11
110.0	63430	8	7	63590	9	3327	2997	7
110.0	63368	22	24	63591	20	3581	3624	6
110.0	63465	8	5	63592	11	3654	3200	6
110.0	63480	20	23	63593	17	3037	2869	7
110.0	63496	22	21	63594	22	3220	3299	7
110.0	63487	27	24	63595	30	3280	3099	7
110.0	63391	10	10	63596	9	3269	3200	8
110.0	63461	18	16	63597	17	3319	3195	6
110.0	63498	12	9	63598	15	3246	3431	9
110.0	63415	10	14	63599	6	3093	3129	9
110.0	63389	21	20	63600	20	2989	3283	7
110.0	63433	19	18	63601	19	3168	3356	6
110.0	63460	10	10	63602	8	3119	3238	9
110.0	63437	14	16	63603	12	3122	3337	8
110.0	63490	22	21	63604	22	3034	2981	6
111.0	63445	11	7	63605	14	2783	3024	7
111.0	63386	13	12	63606	14	3116	3161	10
111.0	63366	23	22	63607	24	3145	3210	10
111.0	63480	23	19	63608	26	3037	2869	8
111.0	63407	6	4	63609	8	3169	3063	7
111.0	63498	9	10	63610	8	3246	3431	10
111.0	63391	10	9	63611	11	3269	3200	9
112.0	63480	19	13	63612	24	3037	2869	9
112.0	63385	18	19	63613	16	3201	3175	5
112.0	63458	27	19	63614	34	3243	3320	6
112.0	63441	10	11	63615	9	3042	2750	6
112.0	63363	15	15	63616	14	3202	2997	11
112.0	63503	25	23	63617	26	3422	3350	7
112.0	63479	18	20	63618	16	3232	3196	5
113.0	63387	8	7	63619	8	3349	3096	9
113.0	63469	20	21	63620	17	3417	3328	6
113.0	63404	21	19	63621	20	2813	3374	9
113.0	63432	24	27	63622	20	3031	3342	7
113.0	63512	12	8	63623	15	3637	3216	6
113.0	63373	33	37	63624	28	3406	3270	8
113.0	63369	26	27	63625	25	3060	3056	9
113.0	63441	11	10	63626	12	3042	2750	7
113.0	63401	19	23	63627	14	3128	2964	6
113.0	63443	5	5	63628	5	3044	3162	8
113.0	63458	19	12	63629	24	3243	3320	7
113.0	63409	23	21	63630	22	3491	2962	5
113.0	63391	9	8	63631	8	3269	3200	10
114.0	63449	17	16	63632	18	3170	3430	9
114.0	63493	8	5	63633	9	3034	3311	9
114.0	63396	27	19	63634	34	3140	3411	6
114.0	63528	30	32	63635	27	2722	2656	8
114.0	63405	12	7	63636	17	3496	3318	6
114.0	63468	8	8	63637	7	3320	3074	10
114.0	63492	31	25	63638	37	3314	3241	8
114.0	63479	20	22	63639	16	3232	3196	6
114.0	63400	6	5	63640	7	3100	3063	12
114.0	63454	16	16	63641	15	3261	3154	8
114.0	63459	4	5	63642	3	3078	3011	10
114.0	63474	6	5	63643	6	3230	3036	10
115.0	63463	13	14	63644	12	2935	2901	6
115.0	63382	21	20	63645	21	3235	3129	7
115.0	63424	12	13	63646	9	3116	3179	11
115.0	63487	24	23	63647	24	3280	3099	8
115.0	63408	11	14	63648	7	2989	3165	7
115.0	63464	6	7	63649	5	3078	3026	11
115.0	63405	7	8	63650	4	3496	3318	7
115.0	63486	6	5	63651	6	3103	3191	10
115.0	63414	16	17	63652	14	3334	2917	10
115.0	63475	16	14	63653	18	3170	3317	9
115.0	63403	17	18	63654	15	3241	3099	7
115.0	63417	42	34	63655	49	2677	2704	8
115.0	63445	7	10	63656	4	2783	3024	8
115.0	63418	17	25	63657	8	3041	2804	6
115.0	63366	22	23	63658	19	3145	3210	11
115.0	63420	10	9	63659	11	3278	3461	11
115.0	63454	16	17	63660	13	3261	3154	9
116.0	63466	24	23	63661	23	2902	2898	7
116.0	63487	23	22	63662	22	3280	3099	9
116.0	63402	17	17	63663	17	2987	3458	7
116.0	63422	8	10	63664	6	3126	3059	9
116.0	63394	29	35	63665	22	3049	2947	6
116.0	63441	10	9	63666	11	3042	2750	8
116.0	63570	22	26	63667	18	3222	3098	7
116.0	63471	18	19	63668	16	3031	3007	9
116.0	63491	13	12	63669	12	3020	2728	6
116.0	63455	26	15	63670	35	2912	3047	6
117.0	63404	19	20	63671	14	2813	3374	10
117.0	63466	23	27	63672	19	2902	2898	8
117.0	63467	25	24	63673	24	2994	3428	9
117.0	63415	14	13	63674	14	3093	3129	10
117.0	63495	19	16	63675	21	3160	3061	9
117.0	63394	35	32	63676	37	3049	2947	7
117.0	63410	5	1	63677	9	3208	3069	11
117.0	63362	9	7	63678	11	3029	3211	9
117.0	63516	12	14	63679	8	3009	3359	7
117.0	63512	8	4	63680	12	3637	3216	7
117.0	63477	40	38	63681	38	2724	3228	7
117.0	63529	22	23	63682	20	3192	3180	7
117.0	63469	21	17	63683	24	3417	3328	7
117.0	63445	10	11	63684	9	2783	3024	9
118.0	63397	10	8	63685	10	3260	3279	8
118.0	63416	11	11	63686	10	3049	3180	7
118.0	63440	24	22	63687	26	3392	3208	7
118.0	63441	9	7	63688	11	3042	2750	9
118.0	63466	27	28	63689	23	2902	2898	9
118.0	63413	19	23	63690	14	3134	3160	8
118.0	63556	19	16	63691	21	3300	3193	8
118.0	63370	19	18	63692	19	3368	3250	7
118.0	63394	32	30	63693	32	3049	2947	8
118.0	63435	5	7	63694	3	3162	3121	9
118.0	63421	11	13	63695	9	3130	3214	9
118.0	63415	13	10	63696	16	3093	3129	11
119.0	63394	30	31	63697	28	3049	2947	9
119.0	63439	23	19	63698	23	3021	3276	9
119.0	63564	31	33	63699	29	3353	3212	8
119.0	63456	15	15	63700	14	3041	2857	6
119.0	63370	18	13	63701	22	3368	3250	8
119.0	63452	13	18	63702	8	3100	3397	7
119.0	63556	16	11	63703	20	3300	3193	9
119.0	63369	27	23	63704	30	3060	3076	10
119.0	63429	19	18	63705	20	2741	3005	7
119.0	63529	23	25	63706	19	3192	3180	8
119.0	63379	23	20	63707	25	2930	3000	6
119.0	63688	11	13	63708	9	3042	2767	10
119.0	63466	28	27	63709	27	2902	2898	10
119.0	63376	10	12	63710	7	3020	2749	5
120.0	63460	10	6	63711	12	3119	3238	10
120.0	63419	11	9	63712	12	3085	3239	10
120.0	63431	28	20	63713	35	2802	3284	8
120.0	63381	11	12	63714	10	3109	3093	9
120.0	63429	18	15	63715	18	2741	3005	8
120.0	63452	18	24	63716	12	3100	3397	8
120.0	63472	10	10	63717	10	3053	3231	6
120.0	63500	25	22	63718	27	2962	3247	8
120.0	63391	8	7	63719	9	3269	3200	11
120.0	63502	21	20	63720	20	2921	3313	9
120.0	63547	9	5	63721	13	2989	3040	7
120.0	63499	19	18	63722	20	3167	2972	10
120.0	63564	33	36	63723	28	3353	3212	9
120.0	63524	17	16	63724	18	3148	3298	10
121.0	63541	17	21	63725	12	3392	3303	8
121.0	63415	10	9	63726	11	3093	3129	12
121.0	63447	15	20	63727	9	3059	3318	7
121.0	63538	8	9	63728	6	3147	3181	8
121.0	63433	18	17	63729	18	3168	3400	7
121.0	63475	14	11	63730	17	3170	3317	10
122.0	63392	12	12	63731	12	3019	3310	8
122.0	63484	18	19	63732	17	3251	3133	5
122.0	63453	18	18	63733	18	3069	2688	7
122.0	63432	27	30	63734	23	3031	3342	8
122.0	63448	16	14	63735	17	2638	3237	8
122.0	63369	23	20	63736	24	3060	3076	11
122.0	63405	8	8	63737	8	3496	3318	8
122.0	63540	14	13	63738	13	3664	3733	6
122.0	63384	3	3	63739	3	3084	3068	9
122.0	63513	9	11	63740	7	3125	3080	9
122.0	63446	22	22	63741	20	2982	3294	9
122.0	63482	20	17	63742	20	3233	3161	6
122.0	63377	15	12	63743	17	2602	3149	8
122.0	63424	13	11	63744	14	3116	3179	12
122.0	63530	10	11	63745	8	3066	3270	10
122.0	63486	5	4	63746	6	3103	3191	11
122.0	63471	19	17	63747	21	3031	3027	10
122.0	63480	13	14	63748	12	3037	2903	10
123.0	63424	11	11	63749	9	3116	3179	13
123.0	63505	21	14	63750	26	2879	3312	7
123.0	63641	15	13	63751	15	3287	3180	9
123.0	63370	13	11	63752	14	3368	3250	9
123.0	63432	30	33	63753	27	3031	3342	9
123.0	63546	33	35	63754	29	2610	3382	8
123.0	63543	15	12	63755	16	3180	3143	9
123.0	63437	16	17	63756	15	3122	3358	9
123.0	63469	17	13	63757	21	3417	3328	8
123.0	63481	13	13	63758	13	2998	2841	8
123.0	63493	5	3	63759	7	3019	3326	10
123.0	63418	25	26	63760	21	3041	2838	7
123.0	63434	22	23	63761	19	3194	3378	9
124.0	63399	25	22	63762	27	3192	3209	7
124.0	63371	14	14	63763	12	3119	3525	10
124.0	63487	22	25	63764	19	3280	3099	10
124.0	63518	18	13	63765	21	3146	3349	8
124.0	63516	14	13	63766	15	3009	3359	8
124.0	63406	15	12	63767	16	3080	3205	7
124.0	63723	28	30	63768	26	3446	3221	10
124.0	63408	14	15	63769	13	2974	3150	8
124.0	63492	25	29	63770	21	3314	3241	9
124.0	63703	20	20	63771	18	3379	3193	10
124.0	63641	13	12	63772	13	3287	3180	10
124.0	63544	20	20	63773	20	3355	3206	7
124.0	63647	24	23	63774	25	3297	3099	9
125.0	63440	22	23	63775	20	3476	3208	8
125.0	63409	21	20	63776	21	3468	2818	6
125.0	63473	20	18	63777	20	2976	3390	7
125.0	63485	13	8	63778	18	3101	3243	9
125.0	63517	21	17	63779	24	2982	2919	6
125.0	63455	15	14	63780	16	2912	3047	7
125.0	63613	16	17	63781	15	3217	3191	6
125.0	63500	22	25	63782	17	2962	3247	9
125.0	63503	23	26	63783	18	3422	3350	8
125.0	63362	7	10	63784	4	3009	3211	10
126.0	63637	7	8	63785	6	3320	3058	11
126.0	63406	12	13	63786	11	3080	3205	8
126.0	63416	11	7	63787	13	3029	3180	8
126.0	63376	12	10	63788	13	3020	2749	6
126.0	63454	17	10	63789	22	3261	3154	10
126.0	63478	5	5	63790	4	3312	3150	12
126.0	63529	25	26	63791	24	3192	3180	9
126.0	63597	17	14	63792	20	3388	3172	7
126.0	63489	13	16	63793	9	3047	3289	9
126.0	63653	18	19	63794	16	3189	3361	10
126.0	63579	22	23	63795	19	2816	3148	7
126.0	63450	23	22	63796	22	3081	2956	6
127.0	63458	12	11	63797	12	3243	3320	8
127.0	63435	7	8	63798	6	3162	3121	10
127.0	63461	16	20	63799	12	3411	3208	7
127.0	63364	13	8	63800	17	2949	3217	10
127.0	63431	20	26	63801	12	2802	3284	9
127.0	63641	12	9	63802	14	3300	3193	11
127.0	63373	37	33	63803	36	3423	3287	9
127.0	63678	11	12	63804	10	2981	3203	10
127.0	63428	14	13	63805	15	3046	2662	7
128.0	63551	26	29	63806	23	2921	3070	7
128.0	63500	25	28	63807	22	2939	3247	10
128.0	63383	17	13	63808	20	3070	2713	8
128.0	63378	27	29	63809	24	3112	3279	9
128.0	63468	8	7	63810	9	3322	3040	11
128.0	63477	38	36	63811	38	2724	3228	8
128.0	63471	17	20	63812	14	3031	3027	11
128.0	63415	9	8	63813	10	3093	3129	13
128.0	63568	17	18	63814	16	2871	2710	6
128.0	63387	7	7	63815	7	3349	3096	10
128.0	63594	22	28	63816	16	3191	3299	8
128.0	63440	23	22	63817	23	3476	3208	9
128.0	63455	14	10	63818	16	2891	3105	8
129.0	63449	16	15	63819	16	3168	3450	10
129.0	63796	22	21	63820	22	3131	2920	7
129.0	63495	16	18	63821	14	3160	3061	10
129.0	63473	18	17	63822	18	2976	3390	8
129.0	63502	20	19	63823	21	2921	3313	10
129.0	63688	13	11	63824	14	3042	2767	11
129.0	63403	18	16	63825	19	3241	3099	8
129.0	63406	13	12	63826	14	3080	3205	9
129.0	63452	24	18	63827	29	3100	3397	9
129.0	63629	24	19	63828	28	3270	3305	8
129.0	63515	15	12	63829	18	3070	3154	11
129.0	63441	7	8	63830	6	3058	2734	10
129.0	63524	16	16	63831	15	3148	3298	11
129.0	63656	4	4	63832	4	2811	2907	9
129.0	63723	30	27	63833	32	3446	3221	11
129.0	63518	13	14	63834	10	3133	3362	9
129.0	63666	11	12	63835	10	3042	2784	9
129.0	63444	26	27	63836	25	3112	3121	10
129.0	63546	35	37	63837	32	2546	3479	9
130.0	63692	19	20	63838	17	3482	3143	8
130.0	63570	26	13	63839	38	3222	3098	8
130.0	63644	12	10	63840	13	2944	2891	7
130.0	63404	20	22	63841	18	2791	3327	11
130.0	63402	17	20	63842	14	3070	3487	8
130.0	63546	37	31	63843	43	2542	3545	10
130.0	63562	15	19	63844	11	3341	3581	11
130.0	63615	9	12	63845	6	3055	2831	7
130.0	63515	12	14	63846	9	3070	3154	12
130.0	63487	25	28	63847	22	3280	3099	11
130.0	63510	21	19	63848	19	3183	3281	7
130.0	63535	8	10	63849	6	2771	3213	9
130.0	63416	7	7	63850	7	3029	3180	9
130.0	63660	13	11	63851	15	3287	3180	10
130.0	63386	12	10	63852	14	3140	3144	11
130.0	63534	17	16	63853	16	2962	2839	10
130.0	63370	11	11	63854	11	3368	3250	10
130.0	63647	23	26	63855	20	3309	3111	10
131.0	63619	8	7	63856	9	3318	3083	10
131.0	63692	20	16	63857	23	3482	3143	9
131.0	63499	18	6	63858	29	3167	2972	11
131.0	63615	12	12	63859	11	3055	2831	8
131.0	63469	13	8	63860	17	3417	3328	9
131.0	63370	11	7	63861	14	3368	3250	11
131.0	63363	15	13	63862	16	3202	2997	12
131.0	63754	29	24	63863	31	2640	3457	9
131.0	63562	19	20	63864	18	3341	3581	12
131.0	63521	20	21	63865	16	3150	3271	9
132.0	63492	29	18	63866	37	3314	3241	10
132.0	63610	8	4	63867	11	3231	3416	11
132.0	63803	36	37	63868	34	3491	3287	10
132.0	63498	10	9	63869	11	3246	3431	11
132.0	63420	9	9	63870	9	3278	3461	12
132.0	63540	13	15	63871	11	3664	3733	7
132.0	63619	7	7	63872	7	3318	3083	11
132.0	63528	32	36	63873	26	2856	2741	9
132.0	63429	15	13	63874	17	2741	3005	9
132.0	63583	14	6	63875	22	3029	3209	6
132.0	63598	15	12	63876	17	3195	3401	10
133.0	63439	19	17	63877	20	2984	3290	10
133.0	63465	5	4	63878	5	3654	3200	7
133.0	63456	15	16	63879	13	3041	2857	7
133.0	63662	22	22	63880	22	3292	3053	10
133.0	63502	19	18	63881	18	2921	3313	11
133.0	63381	12	10	63882	12	3109	3076	10
133.0	63514	12	13	63883	11	3045	3190	7
133.0	63659	11	13	63884	9	3290	3473	12
133.0	63584	6	8	63885	4	3089	3037	12
133.0	63377	12	11	63886	13	2603	3110	9
133.0	63673	24	17	63887	28	2980	3465	10
134.0	63612	24	19	63888	26	2993	2818	10
134.0	63565	12	12	63889	12	2730	2979	7
134.0	63677	9	7	63890	10	3221	3069	12
134.0	63485	8	8	63891	8	3101	3243	10
134.0	63665	22	24	63892	20	3109	2947	7
134.0	63560	12	13	63893	11	2980	2876	6
134.0	63409	20	18	63894	21	3461	2772	7
134.0	63512	4	3	63895	5	3629	3224	8
134.0	63590	9	8	63896	9	3310	2977	8
134.0	63653	19	18	63897	18	3189	3361	11
134.0	63405	8	10	63898	5	3496	3318	9
134.0	63756	15	9	63899	21	3098	3381	10
134.0	63478	5	4	63900	5	3312	3150	13
134.0	63513	11	11	63901	11	3125	3080	10
134.0	63584	8	7	63902	8	3089	3037	13
134.0	63396	19	19	63903	18	3140	3432	7
134.0	63601	19	14	63904	24	3168	3381	7
134.0	63437	17	15	63905	17	3109	3371	10
134.0	63843	43	42	63906	41	2522	3525	11
134.0	63707	25	28	63907	21	2930	2980	7
134.0	63652	14	14	63908	13	3241	2685	11
134.0	63439	17	18	63909	15	2984	3290	11
134.0	63553	10	13	63910	6	3379	3150	7
134.0	63475	11	8	63911	13	3170	3317	11
134.0	63578	7	9	63912	5	3211	3088	10
135.0	63475	8	7	63913	9	3170	3317	12
135.0	63620	17	21	63914	12	3404	3592	7
135.0	63625	25	28	63915	22	3060	3056	10
135.0	63463	14	15	63916	13	2935	2901	7
135.0	63562	20	17	63917	23	3359	3624	13
135.0	63400	5	4	63918	6	3100	3063	13
135.0	63397	8	10	63919	5	3281	3279	9
135.0	63512	3	4	63920	2	3629	3224	9
135.0	63394	31	26	63921	35	3049	2926	10
135.0	63417	34	39	63922	26	2554	2710	9
135.0	63515	14	13	63923	14	3070	3154	13
135.0	63617	26	29	63924	23	3452	3350	8
135.0	63708	9	6	63925	12	3108	2773	11
135.0	63688	11	8	63926	14	3030	2779	12
135.0	63517	17	10	63927	23	2982	2919	7
135.0	63432	33	23	63928	40	3031	3342	10
135.0	63553	13	9	63929	14	3379	3150	8
135.0	63500	28	25	63930	31	2939	3247	11
135.0	63631	8	9	63931	7	3240	3215	11
135.0	63516	13	8	63932	18	3009	3359	9
135.0	63593	17	17	63933	15	2957	2868	8
135.0	63450	22	21	63934	22	3090	2904	7
135.0	63588	11	13	63935	7	3153	3438	10
135.0	63730	17	16	63936	18	3211	3317	11
135.0	63396	19	21	63937	16	3140	3454	8
136.0	63688	8	10	63938	6	3030	2779	13
136.0	63491	12	15	63939	9	3050	2698	7
136.0	63432	23	23	63940	22	3031	3342	11
136.0	63379	20	22	63941	17	2878	3013	7
136.0	63466	27	24	63942	29	2879	2898	11
136.0	63526	19	17	63943	21	3119	2681	8
136.0	63456	16	7	63944	24	3041	2857	8
136.0	63464	7	5	63945	8	3042	3011	12
136.0	63604	22	21	63946	22	2987	2949	7
136.0	63515	13	16	63947	9	3070	3154	14
136.0	63553	9	7	63948	11	3379	3150	9
137.0	63448	14	10	63949	17	2670	3163	9
137.0	63587	7	7	63950	7	3105	3470	8
137.0	63523	8	6	63951	10	3159	3308	10
137.0	63633	9	6	63952	12	3050	3336	10
137.0	63639	16	18	63953	14	3232	3180	7
137.0	63623	15	15	63954	13	3718	3261	7
137.0	63604	21	21	63955	21	2987	2949	8
137.0	63582	24	18	63956	26	3283	3338	7
137.0	63570	13	7	63957	18	3240	3098	9
137.0	63543	12	13	63958	10	3180	3143	10
137.0	63577	8	8	63959	8	3046	2648	7
137.0	63475	7	7	63960	5	3191	3317	13
137.0	63512	4	5	63961	3	3629	3224	10
137.0	63481	13	13	63962	12	2998	2841	9
137.0	63850	7	6	63963	8	3014	3180	10
137.0	63458	11	10	63964	11	3285	3386	9
137.0	63534	16	12	63965	20	2962	2839	11
138.0	63663	17	12	63966	22	3042	3430	8
138.0	63461	20	25	63967	15	3411	3208	8
138.0	63417	39	45	63968	31	2478	2716	10
138.0	63706	19	14	63969	24	3249	3251	9
138.0	63811	38	37	63970	33	2614	3318	9
138.0	63596	9	8	63971	9	3310	3210	9
138.0	63710	7	7	63972	7	3037	2731	6
138.0	63550	12	11	63973	13	3271	3412	10
138.0	63474	5	3	63974	7	3230	3036	11
138.0	63599	6	8	63975	3	2968	3129	10
138.0	63764	19	20	63976	18	3328	3069	11
138.0	63621	20	19	63977	21	2841	3380	10
138.0	63727	9	9	63978	9	3090	3345	8
139.0	63414	17	15	63979	19	3390	2830	11
139.0	63843	42	53	63980	30	2522	3525	12
139.0	63404	22	20	63981	23	2791	3327	12
139.0	63389	20	24	63982	14	2928	3266	8
139.0	63811	37	33	63983	40	2614	3318	10
139.0	63647	26	28	63984	23	3309	3111	11
139.0	63616	14	17	63985	8	3234	2979	12
139.0	63663	12	13	63986	11	3042	3430	9
139.0	63572	26	24	63987	27	2509	3476	8
139.0	63372	11	11	63988	9	3221	3280	8
139.0	63413	23	15	63989	31	3171	3171	9
139.0	63655	49	44	63990	51	2833	2800	9
139.0	63713	35	30	63991	39	2680	3381	9
139.0	63444	27	27	63992	25	3099	3108	11
139.0	63456	7	11	63993	3	3041	2857	9
139.0	63403	16	16	63994	15	3259	3099	9
139.0	63370	7	6	63995	8	3368	3250	12
139.0	63450	21	17	63996	25	3090	2904	8
140.0	63649	5	7	63997	3	3029	2980	12
140.0	63600	20	19	63998	20	2969	3297	8
140.0	63673	17	20	63999	13	2890	3457	11
140.0	63433	17	16	64000	16	3168	3400	8
140.0	63381	10	10	64001	10	3109	3076	11
140.0	63803	37	34	64002	38	3491	3287	11
140.0	63663	13	14	64003	12	3042	3430	10
140.0	63376	10	12	64004	7	3008	2761	7
140.0	63436	1	2	64005	0	3105	2973	11
140.0	63368	24	23	64006	24	3509	3434	7
140.0	63453	18	17	64007	19	3120	2658	8
140.0	63394	26	25	64008	26	3049	2926	11
140.0	63543	13	8	64009	18	3180	3143	11
141.0	63488	6	7	64010	5	3279	3010	9
141.0	63528	36	36	64011	32	2856	2741	10
141.0	63771	18	11	64012	25	3380	3221	11
141.0	63637	8	6	64013	10	3320	3018	12
141.0	63782	17	15	64014	18	2870	3214	10
141.0	63453	17	17	64015	17	3120	2658	9
141.0	63691	21	25	64016	17	3371	3163	9
141.0	63632	18	19	64017	17	3187	3510	10
141.0	63471	20	19	64018	20	3010	3027	12
141.0	63697	28	23	64019	31	3089	2926	10
141.0	63433	16	16	64020	16	3168	3400	9
141.0	63652	14	16	64021	12	3241	2685	12
141.0	63770	21	23	64022	18	3332	3241	10
141.0	63441	8	4	64023	12	3073	2719	11
141.0	63541	21	24	64024	18	3439	3318	9
141.0	63683	24	19	64025	27	3551	3373	8
141.0	63600	19	15	64026	21	2969	3297	9
141.0	63841	18	15	64027	21	2773	3327	12
142.0	63553	7	8	64028	6	3379	3150	10
142.0	63580	13	13	64029	13	3010	3435	11
142.0	63364	8	6	64030	10	2949	3181	11
142.0	63528	36	39	64031	31	2856	2741	11
142.0	63372	11	9	64032	13	3221	3280	9
142.0	63522	13	16	64033	10	3060	2876	9
142.0	63492	18	17	64034	18	3314	3241	11
142.0	63383	13	15	64035	10	3101	2682	9
142.0	63583	6	7	64036	5	3029	3209	7
142.0	63610	4	4	64037	4	3222	3428	12
142.0	63433	16	15	64038	17	3168	3400	10
142.0	63782	15	15	64039	15	2870	3214	11
142.0	63743	17	18	64040	15	2487	3140	9
142.0	63717	10	11	64041	9	2981	3242	7
143.0	63733	18	18	64042	16	3249	2651	8
143.0	63495	18	14	64043	21	3160	3061	11
143.0	63437	15	15	64044	15	3109	3371	11
143.0	63568	18	16	64045	19	2697	2670	7
143.0	63401	23	26	64046	18	3140	2952	7
143.0	63990	51	59	64047	41	2811	2699	10
143.0	63628	5	6	64048	4	2991	3149	9
143.0	63611	11	13	64049	9	3287	3231	10
143.0	63406	12	11	64050	13	3080	3222	10
143.0	63905	17	17	64051	16	3098	3360	11
143.0	63640	7	8	64052	6	3087	2980	13
143.0	63528	39	43	64053	34	2856	2741	12
143.0	63553	8	7	64054	8	3379	3150	11
143.0	63803	34	33	64055	34	3491	3287	12
144.0	63910	6	4	64056	8	3358	3120	8
144.0	63575	17	18	64057	14	3091	3433	10
144.0	63663	14	15	64058	13	3042	3430	11
144.0	63637	6	4	64059	8	3320	3018	13
144.0	63626	12	9	64060	11	3122	2821	8
144.0	63564	36	28	64061	43	3432	3212	10
144.0	63522	16	13	64062	17	3060	2876	10
144.0	63714	10	11	64063	9	3080	3092	10
144.0	63370	6	5	64064	7	3368	3271	13
144.0	63590	8	5	64065	11	3310	2977	9
144.0	63659	13	15	64066	11	3290	3473	13
144.0	63716	12	12	64067	12	3100	3413	9
144.0	63738	13	13	64068	13	3790	3694	7
144.0	63857	23	19	64069	27	3540	2741	10
145.0	64065	11	9	64070	12	3293	2960	10
145.0	63449	15	16	64071	13	3168	3507	11
145.0	63521	21	21	64072	19	3150	3271	10
145.0	63844	11	13	64073	8	3301	3522	12
145.0	63370	5	3	64074	6	3368	3271	14
145.0	63441	4	6	64075	2	3073	2719	12
145.0	63605	14	14	64076	13	2807	2817	8
145.0	63477	36	38	64077	31	2667	3213	9
145.0	63402	20	18	64078	22	3083	3500	9
145.0	63681	38	45	64079	25	2552	3493	8
145.0	63540	15	16	64080	13	3664	3733	8
145.0	63766	15	18	64081	11	2964	3419	9
145.0	63620	21	21	64082	19	3404	3592	8
145.0	63720	20	14	64083	24	2870	3447	10
145.0	63429	13	11	64084	15	2741	3005	10
145.0	63559	15	15	64085	14	2880	3133	9
145.0	63652	16	11	64086	20	3282	2691	13
145.0	63564	28	29	64087	25	3449	3195	11
145.0	63624	28	29	64088	26	3449	3289	9
146.0	63804	10	11	64089	6	2991	3192	11
146.0	63617	29	26	64090	32	3452	3350	9
146.0	63630	22	18	64091	26	3529	3090	6
146.0	63681	45	47	64092	41	2552	3493	9
146.0	63390	16	16	64093	15	3108	3558	9
146.0	63788	13	11	64094	14	3037	2731	7
146.0	63455	10	6	64095	14	2911	3133	9
146.0	63729	18	19	64096	17	3120	3423	8
146.0	63559	15	19	64097	10	2880	3133	10
146.0	63362	10	9	64098	11	3009	3211	11
146.0	63898	5	1	64099	9	3509	3304	10
146.0	63452	18	18	64100	17	3100	3397	10
146.0	63404	20	21	64101	18	2791	3327	13
146.0	63370	3	1	64102	5	3368	3271	15
146.0	63927	23	22	64103	21	2959	2919	8
146.0	63550	11	12	64104	10	3271	3412	11
147.0	63688	10	8	64105	12	3030	2779	14
147.0	63906	41	40	64106	42	2527	3593	12
147.0	63390	16	15	64107	15	3108	3558	10
147.0	63401	26	26	64108	25	3160	2952	8
147.0	63681	47	41	64109	53	2480	3527	10
147.0	63908	13	14	64110	12	3243	2721	12
147.0	63575	18	16	64111	20	3091	3450	11
147.0	63579	23	21	64112	25	2799	3148	8
147.0	63702	8	8	64113	8	3130	3500	8
147.0	63608	26	23	64114	28	3020	2856	9
147.0	63794	16	12	64115	20	3189	3339	11
147.0	63420	9	8	64116	8	3278	3461	13
147.0	63584	7	7	64117	7	3089	2962	14
147.0	63375	9	6	64118	11	2846	3144	9
147.0	63590	5	4	64119	5	3310	2977	10
148.0	63611	13	18	64120	8	3287	3231	11
148.0	64066	11	15	64121	7	3301	3502	14
148.0	63635	27	18	64122	32	2819	2580	9
148.0	63735	17	15	64123	18	2710	3163	9
148.0	63543	8	6	64124	8	3180	3143	12
148.0	63420	8	9	64125	7	3278	3461	14
148.0	63763	12	9	64126	15	3134	3540	11
148.0	64002	38	38	64127	35	3552	3308	12
148.0	63990	59	51	64128	49	2778	2618	11
148.0	63688	8	7	64129	9	3030	2779	15
148.0	63723	27	33	64130	19	3446	3221	12
148.0	63779	24	20	64131	28	2936	2919	7
148.0	63546	31	32	64132	29	2384	3600	11
148.0	63892	20	19	64133	21	3176	2919	8
148.0	63697	23	22	64134	23	3089	2926	11
148.0	63565	12	13	64135	10	2730	2979	8
148.0	63507	17	14	64136	19	3080	3309	8
149.0	63827	29	28	64137	29	3020	3507	10
149.0	63372	9	9	64138	9	3221	3280	10
149.0	63487	28	32	64139	23	3280	3099	12
149.0	63414	15	18	64140	12	3390	2830	12
149.0	64000	16	15	64141	17	3168	3478	9
149.0	63773	20	20	64142	19	3371	3188	8
149.0	63449	16	16	64143	16	3179	3496	12
149.0	63671	14	17	64144	11	2829	3272	11
149.0	63617	26	29	64145	23	3452	3350	10
149.0	63650	4	7	64146	1	3490	3372	8
149.0	63764	20	18	64147	22	3328	3069	12
149.0	63892	19	22	64148	15	3176	2919	9
149.0	63980	30	24	64149	35	2454	3391	13
149.0	63872	7	2	64150	12	3370	3047	12
149.0	63754	24	21	64151	26	2684	3489	10
149.0	63601	14	12	64152	16	3168	3381	8
149.0	63623	15	19	64153	10	3756	3279	8
150.0	63720	14	14	64154	14	2870	3447	11
150.0	63717	11	9	64155	11	2981	3242	8
150.0	63656	4	3	64156	4	2832	2810	10
150.0	63534	12	6	64157	16	2962	2821	12
150.0	63705	20	22	64158	17	2478	3054	8
150.0	63649	7	4	64159	9	3029	2980	13
150.0	63623	19	20	64160	17	3756	3279	9
150.0	63409	18	16	64161	19	3320	2675	8
150.0	63692	16	17	64162	15	3704	3002	10
150.0	63796	21	24	64163	16	3231	2925	8
150.0	63371	14	12	64164	14	3065	3550	11
150.0	63379	22	23	64165	19	2878	3013	8
150.0	64074	6	8	64166	4	3351	3312	15
150.0	63910	4	3	64167	5	3358	3120	9
150.0	63647	28	23	64168	32	3309	3111	12
150.0	63697	22	27	64169	17	3089	2926	12
151.0	63771	11	7	64170	14	3380	3221	12
151.0	63628	6	5	64171	7	2991	3149	10
151.0	63715	18	19	64172	15	2664	2902	9
151.0	63949	17	22	64173	12	2670	3182	10
151.0	63456	11	10	64174	10	3041	2857	10
151.0	63624	29	32	64175	24	3449	3289	10
151.0	63673	20	26	64176	14	2770	3490	12
151.0	63402	18	17	64177	18	3083	3500	10
151.0	63630	18	20	64178	16	3529	3090	7
151.0	63463	15	12	64179	17	2929	2939	8
151.0	63396	21	22	64180	19	3140	3475	9
151.0	63631	9	11	64181	7	3240	3232	12
151.0	63465	4	3	64182	5	3654	3200	8
151.0	63553	7	7	64183	7	3379	3150	12
151.0	63927	22	19	64184	25	2959	2919	9
151.0	63647	23	26	64185	20	3309	3111	13
151.0	63474	3	1	64186	4	3230	3036	12
152.0	63949	22	25	64187	19	2670	3182	11
152.0	63986	11	16	64188	6	3017	3481	10
152.0	63775	20	18	64189	20	3520	3208	9
152.0	63843	53	50	64190	50	2432	3765	13
152.0	63456	10	11	64191	9	3041	2857	11
152.0	63893	11	14	64192	8	3013	2890	7
152.0	63551	29	28	64193	29	2958	3080	8
152.0	63725	12	11	64194	11	3377	3351	9
152.0	63590	4	3	64195	5	3336	2930	11
152.0	63793	9	7	64196	10	3010	3303	10
152.0	63553	7	8	64197	5	3379	3150	13
152.0	63689	23	30	64198	16	2872	2868	10
152.0	63371	12	13	64199	11	3065	3550	12
152.0	63630	20	16	64200	21	3529	3090	8
152.0	63481	13	13	64201	12	2998	2841	10
152.0	63842	14	14	64202	14	3089	3527	9
153.0	64131	28	23	64203	32	2948	2888	8
153.0	63528	43	42	64204	42	2876	2811	13
153.0	63729	19	18	64205	20	3132	3411	9
153.0	63758	13	13	64206	10	2969	2817	9
153.0	63907	21	21	64207	21	2952	2980	8
153.0	64074	8	6	64208	9	3351	3312	16
153.0	63368	23	17	64209	29	3509	3434	8
153.0	63707	28	28	64210	27	2930	2980	8
153.0	63430	7	8	64211	5	3339	2844	8
153.0	63502	18	23	64212	13	2921	3313	12
153.0	63845	6	7	64213	5	3116	2850	8
153.0	63555	4	3	64214	4	3329	3161	12
153.0	63550	12	9	64215	15	3271	3412	12
153.0	63409	16	20	64216	12	3320	2675	9
153.0	63773	20	24	64217	16	3371	3209	9
153.0	63440	22	18	64218	24	3519	3179	10
153.0	63984	23	21	64219	24	3321	3082	12
153.0	64077	31	25	64220	35	2700	3226	10
153.0	63697	27	19	64221	32	3089	2926	13
153.0	63481	13	15	64222	10	2998	2841	11
154.0	63448	10	7	64223	13	2670	3163	10
154.0	63721	13	10	64224	15	2932	3028	8
154.0	63617	29	32	64225	26	3452	3350	11
154.0	63993	3	4	64226	2	3060	2878	10
154.0	63555	3	3	64227	3	3329	3161	13
154.0	63733	18	21	64228	14	3249	2651	9
154.0	63502	23	21	64229	23	2921	3313	13
154.0	63417	45	43	64230	45	2411	2676	11
154.0	63626	9	8	64231	10	3122	2821	9
154.0	63961	3	3	64232	3	3609	3224	11
154.0	63390	15	13	64233	16	3108	3558	11
154.0	63562	17	16	64234	18	3599	3633	14
154.0	63773	24	28	64235	17	3371	3209	10
154.0	64077	25	23	64236	26	2700	3226	11
154.0	64220	35	38	64237	30	2728	3226	11
154.0	63767	16	17	64238	14	3040	3241	8
154.0	63600	15	18	64239	12	2927	3339	10
155.0	63600	18	17	64240	19	2927	3339	11
155.0	63427	16	14	64241	17	2859	3584	6
155.0	63540	16	19	64242	12	3664	3733	9
155.0	63383	15	20	64243	9	3101	2682	10
155.0	63733	21	22	64244	20	3249	2651	10
155.0	63417	43	48	64245	37	2411	2676	12
155.0	63853	16	18	64246	14	2923	2800	11
155.0	63517	10	10	64247	10	2982	2919	8
155.0	63591	20	22	64248	16	3752	3546	7
155.0	63679	8	2	64249	14	2937	3450	8
155.0	63929	14	18	64250	10	3424	3150	9
155.0	63561	18	15	64251	18	3444	2772	5
155.0	63526	17	24	64252	9	3140	2681	9
155.0	63888	26	25	64253	24	2969	2744	11
155.0	63906	40	37	64254	40	2527	3593	13
155.0	63689	30	33	64255	27	2872	2868	11
155.0	63898	1	2	64256	0	3509	3304	11
155.0	63782	15	12	64257	16	2870	3214	12
156.0	63822	18	19	64258	17	2958	3452	9
156.0	63977	21	15	64259	27	2841	3401	11
156.0	63930	31	31	64260	28	2939	3228	12
156.0	63927	19	19	64261	19	2924	2931	10
156.0	63858	29	28	64262	29	3179	2959	12
156.0	63905	17	21	64263	11	3098	3360	12
156.0	63526	24	25	64264	20	3140	2681	10
156.0	63720	14	9	64265	18	2870	3447	12
156.0	63428	13	15	64266	11	3007	2662	8
156.0	63591	22	20	64267	20	3752	3546	8
156.0	63702	8	9	64268	7	3130	3500	9
156.0	63622	20	13	64269	26	3039	3382	8
156.0	63818	16	15	64270	17	2853	3039	9
156.0	63888	25	32	64271	17	2969	2744	12
156.0	64067	12	15	64272	9	3100	3430	10
157.0	64101	18	22	64273	14	2803	3339	14
157.0	63663	15	14	64274	16	3042	3430	12
157.0	63986	16	17	64275	13	3017	3481	11
157.0	63775	18	20	64276	16	3520	3208	10
157.0	63860	17	24	64277	10	3410	3296	10
157.0	63417	48	47	64278	48	2411	2676	13
157.0	63799	12	10	64279	13	3422	3240	8
157.0	63892	22	18	64280	26	3176	2919	10
157.0	63478	4	3	64281	4	3291	3150	14
157.0	63849	6	5	64282	7	2783	3200	10
157.0	63452	18	15	64283	19	3100	3397	11
157.0	63426	37	32	64284	39	2820	3151	6
157.0	63710	7	4	64285	9	3067	2701	7
157.0	63702	9	14	64286	4	3130	3500	10
157.0	63910	3	2	64287	4	3358	3099	10
157.0	63679	2	2	64288	2	2937	3450	9
157.0	64072	19	19	64289	18	3140	3280	11
158.0	63568	16	13	64290	18	2697	2670	8
158.0	63920	2	2	64291	2	3643	3238	10
158.0	63632	19	24	64292	13	3187	3510	11
158.0	63572	24	20	64293	28	2364	3507	9
158.0	63733	22	25	64294	19	3249	2651	11
158.0	63965	20	21	64295	19	2910	2857	12
158.0	63817	23	19	64296	23	3498	3208	10
158.0	63771	7	4	64297	10	3380	3263	13
158.0	63715	19	22	64298	16	2620	2898	10
158.0	64077	23	18	64299	28	2700	3226	12
158.0	63971	9	12	64300	6	3301	3218	10
158.0	63977	15	11	64301	19	2841	3401	12
158.0	63929	18	20	64302	15	3424	3150	10
158.0	63845	7	9	64303	5	3116	2850	9
159.0	63673	26	21	64304	30	2744	3441	13
159.0	63621	19	14	64305	24	2841	3380	11
159.0	63843	50	44	64306	55	2432	3765	14
159.0	63715	22	19	64307	25	2620	2898	11
159.0	63954	13	10	64308	16	3698	3276	8
159.0	63572	20	27	64309	11	2364	3507	10
159.0	63597	14	13	64310	15	3490	3155	8
159.0	63656	3	3	64311	3	2832	2810	11
159.0	63788	11	13	64312	9	3037	2731	8
159.0	63972	7	6	64313	8	3050	2738	7
159.0	63914	12	11	64314	13	3384	3429	8
159.0	64110	12	10	64315	12	3274	2790	13
159.0	63980	24	23	64316	23	2354	3409	14
159.0	63825	19	16	64317	21	3258	3060	9
160.0	63593	17	14	64318	20	2957	2809	9
160.0	63420	9	8	64319	9	3278	3461	15
160.0	63853	18	20	64320	16	2923	2800	12
160.0	63914	11	8	64321	14	3384	3429	9
160.0	63437	15	15	64322	15	3109	3371	12
160.0	64086	20	22	64323	17	3333	2720	14
160.0	63512	5	6	64324	4	3629	3224	11
160.0	63631	11	13	64325	8	3240	3232	13
160.0	64046	18	12	64326	23	3140	2930	8
161.0	63679	2	1	64327	2	2937	3450	10
161.0	63590	3	2	64328	3	3361	2925	12
161.0	63683	19	11	64329	27	3551	3373	9
161.0	63656	3	2	64330	4	2832	2810	12
161.0	63827	28	27	64331	28	2943	3659	11
161.0	63404	21	25	64332	17	2791	3327	14
161.0	64156	4	7	64333	1	2822	2819	11
161.0	63864	18	22	64334	11	3383	3708	13
161.0	63372	9	10	64335	8	3221	3280	11
161.0	63959	8	7	64336	9	3067	2648	8
161.0	63681	41	45	64337	33	2239	3422	11
161.0	64101	22	21	64338	23	2701	3327	15
161.0	63620	21	22	64339	20	3330	3558	9
161.0	63754	21	25	64340	16	2684	3489	11
161.0	63965	21	25	64341	17	2910	2857	13
161.0	63707	28	34	64342	20	2930	2998	9
161.0	63593	14	15	64343	12	2957	2809	10
161.0	64153	10	15	64344	5	3760	3370	9
162.0	63673	21	14	64345	27	2744	3441	14
162.0	63705	22	24	64346	19	2478	3054	9
162.0	63551	28	29	64347	26	2958	3080	9
162.0	63743	18	18	64348	16	2487	3140	10
162.0	63526	25	22	64349	27	3162	2681	11
162.0	63637	4	4	64350	4	3320	2996	14
162.0	63650	7	9	64351	5	3490	3372	9
162.0	63811	33	39	64352	26	2387	3302	11
162.0	64002	38	35	64353	37	3552	3308	13
162.0	63738	13	9	64354	17	3790	3694	8
162.0	63672	19	18	64355	19	2708	2840	9
162.0	63837	32	28	64356	34	2331	3461	10
162.0	63702	14	12	64357	15	3130	3500	11
162.0	63577	8	6	64358	10	3030	2632	8
162.0	63805	15	16	64359	14	3095	2616	8
163.0	63526	22	25	64360	18	3162	2681	12
163.0	64006	24	22	64361	25	3418	3431	8
163.0	64109	53	53	64362	47	2066	3458	11
163.0	63990	51	57	64363	43	2483	2579	12
163.0	63630	16	14	64364	18	3529	3090	9
163.0	63723	33	25	64365	39	3478	3221	13
163.0	64121	7	5	64366	8	3344	3510	15
163.0	63368	17	19	64367	14	3509	3434	9
163.0	63881	18	16	64368	19	2890	3366	12
163.0	63562	16	18	64369	13	3641	3402	15
163.0	63705	24	25	64370	23	2478	3054	10
163.0	63682	20	15	64371	25	3213	3157	8
163.0	63659	15	14	64372	15	3290	3491	14
163.0	64002	35	30	64373	38	3552	3308	14
163.0	63987	27	30	64374	24	2482	3514	9
163.0	63600	17	19	64375	12	2927	3339	12
164.0	64070	12	14	64376	10	3350	2889	11
164.0	63579	21	24	64377	16	2799	3148	9
164.0	63788	13	12	64378	12	3037	2731	9
164.0	63623	20	21	64379	15	3756	3279	10
164.0	63370	1	0	64380	2	3368	3292	16
164.0	64065	9	13	64381	5	3230	2883	11
164.0	63605	14	10	64382	17	2764	2811	9
164.0	64074	6	7	64383	5	3351	3360	17
165.0	64065	13	16	64384	9	3230	2883	12
165.0	63624	32	28	64385	34	3449	3289	11
165.0	63679	1	0	64386	2	2937	3450	11
165.0	64025	27	30	64387	24	3540	3347	9
165.0	63949	25	20	64388	29	2670	3182	12
165.0	63383	20	19	64389	20	3101	2682	11
165.0	63737	8	5	64390	11	3613	3231	9
165.0	64079	25	21	64391	29	2550	3584	9
165.0	63925	12	11	64392	13	3341	2885	12
165.0	64086	22	16	64393	28	3333	2720	15
165.0	64055	34	32	64394	36	3481	3287	13
165.0	63967	15	19	64395	10	3441	3218	9
165.0	64074	7	8	64396	6	3351	3360	18
165.0	64308	16	13	64397	19	3711	3289	9
165.0	64145	23	17	64398	28	3399	3548	11
165.0	63441	6	4	64399	8	3073	2719	13
166.0	64254	40	45	64400	31	2591	3590	14
166.0	63624	28	22	64401	33	3449	3289	12
166.0	63679	0	0	64402	0	2937	3450	12
166.0	64079	21	22	64403	19	2550	3584	10
166.0	63710	4	2	64404	6	3067	2701	8
166.0	63503	26	27	64405	24	3394	3348	9
166.0	64216	12	8	64406	14	3321	2640	10
166.0	64187	19	22	64407	14	2643	3172	12
166.0	63626	8	6	64408	10	3122	2821	10
166.0	64148	15	9	64409	19	3212	2919	10
166.0	64220	38	44	64410	32	2544	3319	12
166.0	64074	8	6	64411	10	3351	3360	19
167.0	63663	14	17	64412	10	3042	3430	13
167.0	63723	25	18	64413	28	3478	3221	14
167.0	63409	20	20	64414	20	3368	2454	10
167.0	63371	13	16	64415	9	3065	3550	13
167.0	63716	12	13	64416	11	3100	3429	10
167.0	63843	44	45	64417	41	2358	3780	15
167.0	63465	3	4	64418	2	3654	3200	9
167.0	63481	15	11	64419	18	2970	2790	12
167.0	64354	17	13	64420	21	3770	3632	9
167.0	63977	11	8	64421	13	2841	3401	13
167.0	63426	32	30	64422	32	2820	3151	7
167.0	64046	12	11	64423	13	3140	2930	9
167.0	64257	16	15	64424	17	2857	3201	13
167.0	64068	13	14	64425	12	3720	3673	8
167.0	64132	29	28	64426	27	2505	3659	12
167.0	63873	26	27	64427	25	2608	2738	10
167.0	64249	14	16	64428	11	2900	3413	9
167.0	64220	44	40	64429	46	2544	3319	13
167.0	63390	13	18	64430	7	3108	3558	12
167.0	63526	25	24	64431	24	3162	2681	13
167.0	64290	18	16	64432	17	2708	2681	9
167.0	64308	13	10	64433	16	3711	3289	10
168.0	64035	10	10	64434	10	3169	2657	10
168.0	63779	20	12	64435	27	2890	2919	8
168.0	64316	23	14	64436	31	2401	3443	15
168.0	63553	8	9	64437	6	3379	3150	14
168.0	64047	41	36	64438	44	2801	2708	11
168.0	63624	22	21	64439	21	3449	3289	13
168.0	64073	8	10	64440	6	3361	3559	13
168.0	63775	20	20	64441	18	3537	3191	11
168.0	63517	10	7	64442	13	2982	2919	9
168.0	63961	3	2	64443	4	3621	3212	12
168.0	64290	16	15	64444	16	2708	2681	10
168.0	64176	14	16	64445	11	2758	3478	13
168.0	63792	20	22	64446	16	3433	3172	8
168.0	63776	21	24	64447	17	3488	3070	7
168.0	64031	31	29	64448	31	2856	2760	12
168.0	63526	24	22	64449	25	3162	2681	14
168.0	63507	14	16	64450	12	3080	3309	9
168.0	63827	27	23	64451	29	2943	3659	12
168.0	63688	7	5	64452	8	3030	2799	16
168.0	63461	25	16	64453	33	3416	3203	9
169.0	63671	17	19	64454	14	2829	3272	12
169.0	63943	21	20	64455	20	3218	2643	9
169.0	64082	19	16	64456	22	3390	3494	9
169.0	63857	19	14	64457	24	3540	2741	11
169.0	63856	9	9	64458	9	3318	3021	11
169.0	63707	34	33	64459	31	2930	2998	10
169.0	63551	29	31	64460	25	2958	3080	10
169.0	64114	28	27	64461	29	3020	2870	10
169.0	63748	12	9	64462	13	2908	2907	11
169.0	64172	15	13	64463	15	2821	2917	10
169.0	64354	13	14	64464	12	3770	3632	10
169.0	63481	11	13	64465	9	2955	2775	13
169.0	63617	32	34	64466	29	3452	3368	12
169.0	63990	57	42	64467	58	2457	2671	13
169.0	64006	22	23	64468	21	3418	3431	9
169.0	63838	17	15	64469	18	3498	3100	9
169.0	63620	22	23	64470	20	3330	3558	10
170.0	64431	24	22	64471	25	3129	2648	14
170.0	64295	19	23	64472	14	2868	2830	13
170.0	64106	42	40	64473	42	2414	3780	13
170.0	63448	7	7	64474	7	2670	3163	11
170.0	64070	14	14	64475	14	3390	2889	12
170.0	63771	4	3	64476	5	3380	3263	14
170.0	63857	14	16	64477	12	3540	2741	12
170.0	63572	27	26	64478	25	2310	3502	11
170.0	63811	39	31	64479	46	2387	3302	12
170.0	63873	27	24	64480	30	2608	2738	11
170.0	63630	14	17	64481	11	3529	3090	10
170.0	64007	19	17	64482	20	3192	2642	9
170.0	63864	22	24	64483	19	3480	3715	14
170.0	64110	10	10	64484	10	3274	2790	14
170.0	64254	45	43	64485	45	2591	3590	15
170.0	63553	9	5	64486	10	3379	3150	15
170.0	64349	27	26	64487	26	3113	2632	12
170.0	63779	12	14	64488	8	2890	2919	9
171.0	63811	31	35	64489	26	2387	3302	13
171.0	64178	16	17	64490	14	3762	2924	8
171.0	64373	38	40	64491	33	3578	3281	15
171.0	64025	30	35	64492	24	3540	3347	10
171.0	64290	15	13	64493	16	2708	2681	11
171.0	63980	23	20	64494	25	2354	3409	15
171.0	63970	33	35	64495	31	2473	3292	10
171.0	63920	2	0	64496	4	3657	3252	11
171.0	64246	14	16	64497	12	2910	2812	12
171.0	63681	45	41	64498	45	2239	3422	12
171.0	63562	18	16	64499	19	3678	3323	16
171.0	63477	38	42	64500	33	2536	3170	10
171.0	64125	7	7	64501	7	3290	3448	15
171.0	63630	17	17	64502	17	3529	3090	11
172.0	64250	10	9	64503	9	3483	3150	10
172.0	64254	43	45	64504	39	2591	3590	16
172.0	63623	21	20	64505	22	3768	3226	11
172.0	64127	35	34	64506	30	3578	3310	13
172.0	64082	16	14	64507	18	3370	3458	10
172.0	64025	35	35	64508	33	3540	3347	11
172.0	63965	25	19	64509	31	2910	2857	14
172.0	64230	45	41	64510	47	2312	2987	12
172.0	64160	17	17	64511	16	3572	3617	10
172.0	64091	26	30	64512	21	3710	3023	7
172.0	64248	16	17	64513	13	3736	3530	8
173.0	64306	55	54	64514	46	2064	3909	15
173.0	64349	26	19	64515	33	3113	2632	13
173.0	64065	16	19	64516	13	3230	2883	13
173.0	64256	0	0	64517	0	3523	3289	12
173.0	64127	34	34	64518	33	3578	3310	14
173.0	64313	8	7	64519	9	3050	2758	8
173.0	64431	22	22	64520	20	3142	2661	15
173.0	63743	18	21	64521	15	2487	3140	11
173.0	63417	47	58	64522	36	2382	2509	14
173.0	64241	17	12	64523	22	2868	3593	7
174.0	64336	9	3	64524	11	3041	2600	9
174.0	63959	7	7	64525	6	3002	2583	9
174.0	63372	10	9	64526	11	3221	3280	12
174.0	63670	35	35	64527	34	2677	2950	7
174.0	63799	10	14	64528	6	3422	3240	9
174.0	64065	19	21	64529	17	3230	2883	14
174.0	63713	30	28	64530	30	2568	3224	10
174.0	64357	15	12	64531	16	3149	3521	12
174.0	63743	21	24	64532	15	2487	3140	12
175.0	64253	24	18	64533	29	2969	2721	12
175.0	64431	22	24	64534	18	3142	2661	16
175.0	63709	27	27	64535	26	2798	2601	11
175.0	64292	13	11	64536	15	3223	3510	12
175.0	64357	12	15	64537	9	3149	3521	13
175.0	64076	13	11	64538	14	2809	2839	9
175.0	63857	16	13	64539	18	3540	2741	13
175.0	63705	25	25	64540	24	2478	3054	11
175.0	63972	6	7	64541	5	3050	2738	8
175.0	63754	25	21	64542	28	2684	3489	12
175.0	63713	28	36	64543	18	2568	3224	11
175.0	64137	29	34	64544	22	2862	3667	11
175.0	63630	17	20	64545	13	3529	3090	12
175.0	64045	19	24	64546	12	2663	2719	8
175.0	63679	0	0	64547	0	2937	3450	13
176.0	64070	14	11	64548	16	3390	2889	13
176.0	64129	9	11	64549	7	3030	2821	16
176.0	64276	16	16	64550	16	3559	3208	11
176.0	64252	9	11	64551	7	3119	2535	10
176.0	63906	37	37	64552	35	2891	3751	14
176.0	64264	20	22	64553	18	3200	2664	11
176.0	64234	18	20	64554	14	3696	3479	15
176.0	63853	20	15	64555	24	2923	2800	13
176.0	64358	10	5	64556	15	3030	2653	9
176.0	64082	14	11	64557	17	3370	3458	11
176.0	64006	23	22	64558	21	3418	3431	10
176.0	63680	12	15	64559	9	3620	3278	8
176.0	63776	24	30	64560	17	3488	3049	8
176.0	64140	12	13	64561	11	3378	2841	13
176.0	63657	8	8	64562	8	3062	2825	7
176.0	64306	54	51	64563	49	1986	3951	16
176.0	63621	14	14	64564	14	2841	3380	12
176.0	63738	9	12	64565	5	3790	3694	9
177.0	63683	11	12	64566	9	3551	3373	10
177.0	64256	0	0	64567	0	3523	3289	13
177.0	63878	5	6	64568	4	3687	3208	8
177.0	64336	3	2	64569	4	3028	2587	10
177.0	63857	13	11	64570	14	3540	2741	14
177.0	63906	37	40	64571	33	2939	3789	15
177.0	64123	18	18	64572	16	2710	3147	10
177.0	64348	16	15	64573	17	2508	3140	11
177.0	64091	30	26	64574	33	3737	2971	8
177.0	64398	28	25	64575	27	3480	3617	12
177.0	64432	17	18	64576	16	2701	2749	10
177.0	64187	22	25	64577	19	2641	3127	13
177.0	63427	14	15	64578	13	2859	3584	7
177.0	64306	51	51	64579	49	1928	4010	17
177.0	64457	24	23	64580	24	3530	2833	12
178.0	63768	26	17	64581	35	3512	3221	11
178.0	64267	20	23	64582	17	3638	3571	9
178.0	64079	22	20	64583	23	2359	3621	11
178.0	64457	23	27	64584	17	3530	2833	13
178.0	63427	15	15	64585	14	2859	3584	8
178.0	64015	17	15	64586	17	3211	2711	10
178.0	64305	24	23	64587	22	2811	3409	12
178.0	63383	19	24	64588	14	3101	2682	12
178.0	63849	5	5	64589	5	2783	3200	11
179.0	63453	17	19	64590	14	3180	2634	10
179.0	63541	24	23	64591	25	3484	3370	10
179.0	64334	11	9	64592	12	3370	3695	14
179.0	63970	35	34	64593	32	2473	3292	11
179.0	64015	15	15	64594	14	3211	2711	11
179.0	63837	28	25	64595	31	2322	3665	11
179.0	63980	20	18	64596	22	2354	3409	16
179.0	64480	30	19	64597	38	2502	2704	12
180.0	64477	12	12	64598	12	3479	2801	13
180.0	63827	23	23	64599	22	2943	3659	13
180.0	64544	22	24	64600	20	2825	3711	12
180.0	64343	12	14	64601	9	2960	2811	11
180.0	63591	20	20	64602	20	3752	3546	9
180.0	63409	20	25	64603	14	3348	2413	11
180.0	63562	16	11	64604	20	3678	3323	17
180.0	64253	18	16	64605	20	2969	2721	13
180.0	64007	17	15	64606	16	3210	2642	10
181.0	63843	45	36	64607	52	2358	3780	16
181.0	64481	11	13	64608	9	3598	3112	11
181.0	64480	19	18	64609	16	2460	2690	13
181.0	64267	23	22	64610	23	3599	3601	10
181.0	64367	14	7	64611	21	3509	3450	10
181.0	64231	10	7	64612	13	3140	2777	10
181.0	64436	31	22	64613	37	2488	3522	16
181.0	63672	18	17	64614	19	2708	2840	10
181.0	64392	13	13	64615	11	3341	2899	13
181.0	63743	24	26	64616	20	2440	3114	13
182.0	64244	20	21	64617	17	3249	2689	11
182.0	64357	15	14	64618	16	3149	3521	14
182.0	64407	14	12	64619	15	2659	3191	13
182.0	64294	19	29	64620	9	3252	2620	12
182.0	63659	14	10	64621	16	3290	3491	15
182.0	64429	46	48	64622	43	2599	3244	14
182.0	63713	36	30	64623	41	2568	3224	12
182.0	63811	35	30	64624	39	2369	3442	14
182.0	64433	16	15	64625	17	3721	3299	11
182.0	64354	14	16	64626	11	3719	3630	11
182.0	63681	41	45	64627	36	2239	3422	13
182.0	63999	13	14	64628	12	2890	3473	12
182.0	64349	19	20	64629	18	3100	2619	14
182.0	63562	11	13	64630	8	3678	3323	18
182.0	64109	53	54	64631	46	2066	3458	12
182.0	63977	8	8	64632	7	2841	3401	14
182.0	63983	40	44	64633	35	2358	3528	11
183.0	63864	24	23	64634	24	3581	3839	15
183.0	64073	10	12	64635	8	3342	3631	14
183.0	63623	20	18	64636	21	3768	3226	12
183.0	64477	12	8	64637	16	3479	2801	14
183.0	64015	15	16	64638	13	3211	2711	12
183.0	64467	58	51	64639	49	2512	2761	14
183.0	64541	5	6	64640	3	3030	2738	9
183.0	64379	15	18	64641	11	3767	3331	11
183.0	63681	45	43	64642	44	2239	3422	14
183.0	64220	40	41	64643	35	2481	3446	14
183.0	64176	16	12	64644	19	2758	3478	14
183.0	64436	22	18	64645	24	2531	3501	17
184.0	64393	28	29	64646	26	3351	2720	16
184.0	63980	18	22	64647	14	2354	3409	17
184.0	64500	33	40	64648	25	2556	3190	11
184.0	64290	13	11	64649	15	2708	2681	12
184.0	63779	14	17	64650	11	2890	2919	10
184.0	64254	45	37	64651	48	2591	3590	17
184.0	64053	34	27	64652	38	2922	2609	13
184.0	64485	45	51	64653	38	2395	3920	16
184.0	63672	17	19	64654	11	2708	2840	11
184.0	64337	33	25	64655	40	2391	3513	12
184.0	64293	28	33	64656	22	2397	3351	10
184.0	64344	5	4	64657	6	3824	3310	10
184.0	64220	41	41	64658	39	2481	3446	15
184.0	64017	17	14	64659	19	3222	3600	11
185.0	64449	25	26	64660	24	3171	2690	15
185.0	63465	4	4	64661	4	3717	3200	10
185.0	63990	42	43	64662	38	2457	2671	14
185.0	64307	25	24	64663	25	2620	2883	12
185.0	63961	2	3	64664	1	3621	3212	13
185.0	64077	18	17	64665	18	2639	3452	13
185.0	63630	20	19	64666	21	3529	3090	13
185.0	64068	14	12	64667	15	3723	3710	9
185.0	64311	3	3	64668	3	2820	2842	12
185.0	64359	14	16	64669	12	3100	2575	9
185.0	64082	11	10	64670	11	3370	3458	12
185.0	64393	29	30	64671	26	3351	2720	17
185.0	63843	36	33	64672	36	2358	3780	17
185.0	64123	18	17	64673	18	2710	3147	11
185.0	64291	2	3	64674	1	3670	3265	11
186.0	64077	17	16	64675	17	2639	3452	14
186.0	64425	12	13	64676	10	3720	3691	9
186.0	64602	20	23	64677	15	3609	3494	10
186.0	63743	26	23	64678	26	2440	3114	14
186.0	64498	45	41	64679	46	2053	3412	13
186.0	63990	43	43	64680	39	2457	2671	15
186.0	63417	58	50	64681	50	2468	2514	15
186.0	64627	36	43	64682	29	2278	3433	14
186.0	63709	27	30	64683	23	2798	2601	12
186.0	64114	27	29	64684	24	3020	2870	11
186.0	64308	10	12	64685	8	3698	3439	11
186.0	64417	41	33	64686	45	2358	3759	16
186.0	64149	35	35	64687	32	2029	3444	14
186.0	64080	13	17	64688	9	3683	3752	9
187.0	64101	21	21	64689	20	2659	3249	16
187.0	64053	27	26	64690	27	2922	2609	14
187.0	64349	20	19	64691	18	3100	2619	15
187.0	64362	47	45	64692	49	2156	3419	12
187.0	63983	44	43	64693	43	2358	3528	12
187.0	64355	19	21	64694	17	2652	2757	10
187.0	63954	10	10	64695	10	3712	3290	9
187.0	63546	32	35	64696	28	2191	3446	12
187.0	64417	33	34	64697	29	2358	3759	17
187.0	64069	27	30	64698	23	3459	2850	11
187.0	64363	43	53	64699	32	2652	2801	13
187.0	64156	7	11	64700	3	2810	2807	12
187.0	64507	18	13	64701	23	3449	3540	11
187.0	64327	2	1	64702	3	2920	3450	11
187.0	64425	13	15	64703	10	3720	3691	10
187.0	64077	16	17	64704	14	2639	3452	15
187.0	63805	16	20	64705	12	3050	2571	9
187.0	64522	36	34	64706	38	2323	2466	15
187.0	64267	22	26	64707	17	3599	3601	11
188.0	64338	23	23	64708	21	2700	3440	16
188.0	63811	30	37	64709	23	2332	3554	15
188.0	64053	26	25	64710	27	2922	2609	15
188.0	64127	34	43	64711	25	3578	3310	15
188.0	64482	20	23	64712	17	3192	2569	10
188.0	64132	28	27	64713	29	2651	3966	13
188.0	64234	20	23	64714	16	3696	3479	16
188.0	64086	16	14	64715	16	3320	2707	16
188.0	63477	42	39	64716	44	2536	3170	11
188.0	63546	35	26	64717	42	2191	3446	13
188.0	64583	23	23	64718	22	2287	3648	12
188.0	64436	18	20	64719	15	2531	3501	18
188.0	63954	10	12	64720	8	3760	3290	10
189.0	64101	21	27	64721	13	2659	3249	17
189.0	63546	26	24	64722	28	2191	3446	14
189.0	63672	19	13	64723	21	2708	2840	12
189.0	64354	16	13	64724	17	3621	3698	12
189.0	64234	23	18	64725	28	3696	3479	17
189.0	63743	23	23	64726	22	2440	3114	15
189.0	64490	14	17	64727	11	3701	2969	9
190.0	63621	14	14	64728	13	2841	3380	13
190.0	63906	40	40	64729	37	2977	3852	16
190.0	63702	12	18	64730	6	3130	3521	12
190.0	64490	17	15	64731	18	3701	2969	10
190.0	63453	19	18	64732	18	3180	2609	11
190.0	64327	1	0	64733	2	2920	3450	12
190.0	63886	13	12	64734	13	2579	3139	10
190.0	64374	24	21	64735	26	2157	3450	10
190.0	64610	23	30	64736	15	3679	3674	11
190.0	64390	11	16	64737	6	3600	3231	10
190.0	63572	26	19	64738	28	2298	3608	12
190.0	64294	29	33	64739	24	3187	2480	13
190.0	63546	24	24	64740	24	2191	3446	15
190.0	63449	16	17	64741	15	3211	3483	13
190.0	63970	34	25	64742	40	2472	3348	12
191.0	64490	15	17	64743	13	3701	2969	11
191.0	63864	23	21	64744	25	3622	3870	16
191.0	64160	17	20	64745	13	3572	3617	11
191.0	63743	23	20	64746	25	2440	3114	16
191.0	64359	16	11	64747	21	3100	2575	10
191.0	64575	27	23	64748	30	3480	3600	13
191.0	63635	18	18	64749	18	2868	2499	10
191.0	64432	18	18	64750	17	2701	2749	11
191.0	64379	18	23	64751	13	3770	3373	12
191.0	63906	40	39	64752	39	2977	3852	17
192.0	63635	18	18	64753	16	2868	2499	11
192.0	64073	12	10	64754	14	3342	3631	15
192.0	64045	24	26	64755	20	2663	2719	9
192.0	63990	43	34	64756	49	2457	2671	16
192.0	64290	11	11	64757	10	2708	2681	13
192.0	63886	12	13	64758	11	2579	3139	11
192.0	64625	17	20	64759	13	3749	3332	12
192.0	64367	7	8	64760	6	3509	3450	11
192.0	64414	20	17	64761	21	3368	2468	11
192.0	64403	19	19	64762	18	2598	3562	11
192.0	63983	43	46	64763	39	2230	3477	13
192.0	64053	25	23	64764	25	2922	2609	16
193.0	64455	20	21	64765	18	3272	2628	10
193.0	64053	23	24	64766	21	2922	2609	17
193.0	64627	43	42	64767	41	2278	3433	15
193.0	64552	35	31	64768	37	3071	3711	15
193.0	64512	21	22	64769	19	3658	3101	8
193.0	63873	24	28	64770	19	2566	2769	12
193.0	64449	26	22	64771	28	3171	2690	16
193.0	64642	44	46	64772	41	2227	3433	15
193.0	64670	11	10	64773	12	3370	3479	13
193.0	64457	27	30	64774	22	3530	2833	14
193.0	64344	4	6	64775	2	3843	3291	11
194.0	64390	16	16	64776	16	3600	3231	11
194.0	64538	14	18	64777	10	2809	2860	10
194.0	64339	20	21	64778	17	3318	3659	10
194.0	64358	5	5	64779	5	3030	2629	10
194.0	64294	33	38	64780	27	3139	2366	14
194.0	63906	39	50	64781	25	2977	3852	18
194.0	64649	15	17	64782	13	2689	2554	13
194.0	64248	17	15	64783	16	3736	3530	9
194.0	64190	50	42	64784	51	2378	3187	14
194.0	64552	31	22	64785	38	3071	3711	16
194.0	64362	45	55	64786	32	2156	3419	13
195.0	64752	39	41	64787	36	2919	3869	18
195.0	63568	13	12	64788	12	2659	2636	9
195.0	63873	28	32	64789	23	2566	2769	13
195.0	64512	22	20	64790	24	3658	3101	9
195.0	63683	12	14	64791	10	3540	3410	11
195.0	64420	21	15	64792	23	3758	3693	10
195.0	64552	22	18	64793	25	3071	3711	17
195.0	64574	33	32	64794	33	3922	3087	9
195.0	63477	39	37	64795	39	2508	3238	12
195.0	63670	35	24	64796	43	2569	2883	8
195.0	63630	19	18	64797	15	3529	3090	14
195.0	64514	46	41	64798	51	2070	3712	16
195.0	64502	17	16	64799	17	3586	3090	12
195.0	63811	37	34	64800	38	2332	3554	16
195.0	64403	19	17	64801	20	2598	3562	12
196.0	64514	41	38	64802	43	2070	3712	17
196.0	64485	51	54	64803	46	2306	4052	17
196.0	64552	18	20	64804	15	3071	3711	18
196.0	64510	47	41	64805	51	2053	2819	13
196.0	64752	41	37	64806	45	2919	3869	19
196.0	63709	30	33	64807	26	2798	2601	13
196.0	64137	34	34	64808	32	2690	3844	12
196.0	64254	37	33	64809	39	2591	3590	18
196.0	64069	30	38	64810	21	3459	2850	12
196.0	64309	11	10	64811	12	2188	3579	11
196.0	64362	55	56	64812	44	2156	3419	14
196.0	64398	25	22	64813	25	3463	3732	13
196.0	63681	43	41	64814	43	2260	3342	15
196.0	63572	19	24	64815	13	2298	3608	13
196.0	64610	30	28	64816	32	3679	3674	12
196.0	64352	26	23	64817	28	2439	3329	12
196.0	64403	17	19	64818	15	2598	3562	13
196.0	63954	12	9	64819	14	3760	3290	11
196.0	63546	24	22	64820	25	2191	3446	16
196.0	63540	19	16	64821	21	3558	3918	10
196.0	64425	15	11	64822	18	3720	3691	11
197.0	64406	14	15	64823	11	3250	2580	11
197.0	64122	32	29	64824	30	2921	2410	10
197.0	64369	13	14	64825	11	3651	3391	16
197.0	63635	18	17	64826	18	2868	2499	12
197.0	64354	13	11	64827	14	3541	3689	13
197.0	64293	33	31	64828	32	2397	3351	11
197.0	64080	17	16	64829	16	3683	3752	10
197.0	64625	20	19	64830	19	3749	3351	13
197.0	64398	22	16	64831	25	3420	3744	14
197.0	63954	9	6	64832	12	3760	3290	12
197.0	64132	27	29	64833	24	2523	4142	14
197.0	64309	10	11	64834	8	2188	3579	12
198.0	63591	20	18	64835	22	3752	3568	10
198.0	64489	26	26	64836	24	2368	3302	14
198.0	64457	30	26	64837	33	3530	2833	15
198.0	64348	15	15	64838	15	2508	3140	12
198.0	64539	18	14	64839	21	3529	2802	14
198.0	64308	12	12	64840	12	3698	3439	12
198.0	64354	11	10	64841	11	3541	3689	14
198.0	64653	38	33	64842	43	2156	3908	17
198.0	63987	30	27	64843	32	2161	3590	10
198.0	63453	18	19	64844	16	3180	2609	12
198.0	64514	38	36	64845	40	2070	3712	18
198.0	64069	38	29	64846	44	3459	2850	13
198.0	63970	25	27	64847	21	2439	3389	13
199.0	64607	52	43	64848	57	2258	3913	17
199.0	63970	27	28	64849	25	2439	3389	14
199.0	64521	15	15	64850	15	2469	3207	12
199.0	63417	50	43	64851	53	2449	2603	16
199.0	64493	16	18	64852	12	2720	2693	12
199.0	64693	43	40	64853	42	2364	3540	13
199.0	64609	16	18	64854	14	2501	2709	14
199.0	64626	11	14	64855	8	3791	3606	12
199.0	64678	26	31	64856	20	2381	3138	15
199.0	64522	34	25	64857	40	2323	2466	16
199.0	64793	25	22	64858	27	3029	3721	18
200.0	64106	40	38	64859	39	1961	3884	14
200.0	64367	8	11	64860	5	3509	3450	12
200.0	64356	34	33	64861	34	2270	3514	11
200.0	64665	18	24	64862	11	2619	3471	14
200.0	64676	10	10	64863	10	3705	3691	10
200.0	64645	24	25	64864	22	2520	3462	18
200.0	63886	13	15	64865	11	2579	3139	12
200.0	63980	22	22	64866	21	2354	3409	18
200.0	64752	37	34	64867	36	2919	3869	20
200.0	64607	43	39	64868	46	2258	3913	18
200.0	63417	43	43	64869	42	2449	2603	17
200.0	64540	24	20	64870	28	2478	3040	12
200.0	64600	20	20	64871	20	2782	3752	13
200.0	64557	17	15	64872	17	3370	3500	12
200.0	64290	11	11	64873	9	2708	2681	14
200.0	64682	29	27	64874	29	2287	3318	15
200.0	63738	12	11	64875	12	3790	3694	10
200.0	63970	28	30	64876	25	2439	3389	15
200.0	64316	14	22	64877	5	2440	3438	16
200.0	64379	23	25	64878	21	3770	3373	13
200.0	64267	26	29	64879	22	3462	3651	12
201.0	64109	54	50	64880	50	1917	3552	13
201.0	64390	16	18	64881	14	3600	3231	12
201.0	64369	14	17	64882	11	3651	3391	17
201.0	64682	27	18	64883	34	2287	3318	16
201.0	64467	51	50	64884	50	2582	2729	15
201.0	64432	18	16	64885	19	2701	2749	12
201.0	64436	20	25	64886	15	2531	3501	19
201.0	64485	54	52	64887	48	2306	4052	18
201.0	64633	35	36	64888	33	2389	3540	12
202.0	63692	17	17	64889	17	4090	2916	11
202.0	64539	14	14	64890	14	3529	2802	15
202.0	64593	32	39	64891	23	2257	3200	12
202.0	64569	4	5	64892	1	3011	2570	11
202.0	64731	18	23	64893	13	3871	3089	11
202.0	64426	27	31	64894	23	2553	3631	13
202.0	63546	22	18	64895	24	2191	3446	17
202.0	64294	38	37	64896	37	3184	2312	15
202.0	63417	43	38	64897	42	2449	2603	18
202.0	64570	14	17	64898	11	3523	2741	15
202.0	64855	8	9	64899	6	3764	3609	13
202.0	64606	16	14	64900	17	3230	2642	11
202.0	63857	11	17	64901	5	3540	2741	15
202.0	63540	16	15	64902	17	3501	3979	11
202.0	64432	16	16	64903	16	2701	2749	13
202.0	64456	22	23	64904	21	3561	3956	10
203.0	63681	41	41	64905	40	2260	3342	16
203.0	64425	11	12	64906	10	3720	3691	12
203.0	64726	22	21	64907	22	2440	3156	16
203.0	63683	14	14	64908	14	3540	3410	12
203.0	64149	35	36	64909	33	1911	3294	15
203.0	64679	46	45	64910	46	1724	3399	14
203.0	64204	42	38	64911	45	2810	2145	14
203.0	64554	14	10	64912	18	3751	3520	16
203.0	64489	26	22	64913	29	2368	3302	15
203.0	64743	13	17	64914	9	3701	2989	12
203.0	64524	11	16	64915	5	3027	2282	10
203.0	64583	23	24	64916	22	2287	3648	13
204.0	63805	20	16	64917	23	3050	2571	10
204.0	64358	5	4	64918	4	3030	2629	11
204.0	64106	38	23	64919	52	1961	3884	15
204.0	64149	36	39	64920	31	1911	3294	16
204.0	64877	5	4	64921	6	2439	3477	17
204.0	63864	21	24	64922	18	3622	3870	17
204.0	63743	20	18	64923	21	2440	3114	17
204.0	64306	51	50	64924	50	1382	4059	18
204.0	64406	15	14	64925	15	3250	2580	12
204.0	64679	45	46	64926	43	1724	3399	15
204.0	64590	14	12	64927	16	3270	2490	11
204.0	64080	16	14	64928	16	3683	3752	11
204.0	64204	38	40	64929	32	2810	2145	15
205.0	64498	41	31	64930	45	2053	3412	14
205.0	64308	12	12	64931	12	3698	3439	13
205.0	64393	30	31	64932	26	3351	2720	18
205.0	64293	31	33	64933	29	2397	3351	12
205.0	64597	38	39	64934	36	2321	2854	13
205.0	64420	15	15	64935	15	3758	3693	11
205.0	64338	23	24	64936	21	2700	3440	17
206.0	64794	33	37	64937	28	3920	3033	10
206.0	63743	18	19	64938	17	2440	3114	18
206.0	64610	28	23	64939	32	3679	3674	13
206.0	64510	41	25	64940	57	1861	2733	14
206.0	64639	49	52	64941	43	2522	2750	15
206.0	64490	17	15	64942	16	3701	2969	12
206.0	64877	4	5	64943	2	2439	3477	18
206.0	64600	20	25	64944	15	2782	3752	14
206.0	64582	17	13	64945	19	3581	3570	10
206.0	63705	25	27	64946	22	2302	3240	12
206.0	64436	25	24	64947	25	2531	3501	20
206.0	64532	15	12	64948	18	2432	3191	13
207.0	64600	25	24	64949	26	2782	3752	15
207.0	63871	11	15	64950	6	3621	3621	8
207.0	64309	11	12	64951	9	2166	3550	13
207.0	64883	34	33	64952	35	2257	3391	17
207.0	64414	17	24	64953	10	3384	2262	12
207.0	64568	4	3	64954	5	3699	3220	9
207.0	64686	45	40	64955	48	2390	3772	17
207.0	64552	20	13	64956	24	3071	3711	19
207.0	64681	50	44	64957	53	2565	1978	16
207.0	64631	46	43	64958	45	1798	3425	13
207.0	64606	14	12	64959	15	3230	2642	12
207.0	64417	34	39	64960	27	2358	3759	18
207.0	63743	19	12	64961	24	2440	3114	19
208.0	64352	23	14	64962	32	2439	3329	13
208.0	63873	32	36	64963	27	2435	2760	14
208.0	64092	41	45	64964	36	2508	3280	10
208.0	64604	20	18	64965	22	3669	3420	18
208.0	64653	33	40	64966	25	2028	3922	18
208.0	64774	22	22	64967	22	3498	2760	15
208.0	63681	41	46	64968	35	2260	3342	17
208.0	64390	18	13	64969	22	3600	3231	13
208.0	64414	24	25	64970	23	3384	2262	13
208.0	63970	30	40	64971	20	2439	3389	16
208.0	64688	9	8	64972	10	3654	3780	10
208.0	64204	40	41	64973	39	2810	2145	16
208.0	64337	25	26	64974	23	2442	3520	13
208.0	64406	14	17	64975	11	3250	2580	13
208.0	64369	17	21	64976	12	3651	3391	18
209.0	64565	5	1	64977	9	3766	3718	10
209.0	64337	26	24	64978	26	2442	3520	14
209.0	64665	24	19	64979	28	2619	3471	15
209.0	64406	17	18	64980	14	3250	2580	14
209.0	63843	33	37	64981	28	2371	3793	18
209.0	64761	21	23	64982	19	3323	2282	12
209.0	64334	9	9	64983	9	3413	3789	15
209.0	64204	41	39	64984	41	2810	2145	17
209.0	63983	46	54	64985	35	2230	3477	14
209.0	64248	15	18	64986	11	3702	3559	10
209.0	64540	20	22	64987	18	2478	3040	13
209.0	63857	17	13	64988	20	3540	2741	16
209.0	64607	39	35	64989	39	1837	3569	19
210.0	64309	12	13	64990	11	2166	3550	14
210.0	64839	21	18	64991	24	3519	2778	15
210.0	64596	22	23	64992	20	2177	3391	17
210.0	64109	50	44	64993	54	1983	3583	14
210.0	64680	39	35	64994	39	2476	2481	16
210.0	64316	22	15	64995	26	2440	3438	17
210.0	64348	15	15	64996	15	2508	3140	13
210.0	63738	11	9	64997	13	3790	3694	11
210.0	63572	24	18	64998	29	2298	3608	14
210.0	64338	24	26	64999	18	2700	3440	18
211.0	64596	23	18	65000	27	2177	3391	18
211.0	64822	18	12	65001	22	3741	3712	12
211.0	64839	18	15	65002	18	3519	2778	16
211.0	64579	49	41	65003	53	1268	4082	18
211.0	64911	45	45	65004	44	2739	2208	15
211.0	64338	26	26	65005	26	2700	3440	19
211.0	63681	46	39	65006	50	2260	3342	18
211.0	64820	25	24	65007	25	2176	3460	17
211.0	64688	8	8	65008	8	3654	3780	11
211.0	64510	25	27	65009	23	1708	2692	15
211.0	63754	21	18	65010	24	2734	3493	13
211.0	64571	33	30	65011	36	2588	3728	16
212.0	63453	19	19	65012	18	3180	2609	13
212.0	64821	21	19	65013	23	3607	3841	11
212.0	64349	19	16	65014	18	3100	2619	16
212.0	64812	44	46	65015	38	2151	3518	15
212.0	64792	23	27	65016	16	3758	3651	11
212.0	64984	41	40	65017	40	2872	2260	18
212.0	64631	43	50	65018	34	1798	3425	14
212.0	64524	16	17	65019	14	3027	2282	11
212.0	64845	40	44	65020	34	1848	3871	19
212.0	64436	24	25	65021	21	2531	3501	21
213.0	64812	46	47	65022	40	2151	3518	16
213.0	64739	24	20	65023	26	3159	2530	14
213.0	64844	16	17	65024	15	3180	2538	13
213.0	64766	21	20	65025	21	2909	2621	18
213.0	64569	5	2	65026	8	3011	2570	12
213.0	64683	23	22	65027	23	2890	2408	13
213.0	64667	15	11	65028	16	3828	3819	10
213.0	64984	40	40	65029	38	2872	2260	19
213.0	63990	34	34	65030	31	2418	2971	17
213.0	63623	18	18	65031	16	3809	3232	13
213.0	64554	10	8	65032	12	3751	3520	17
213.0	64149	39	41	65033	35	1911	3294	17
213.0	64354	10	7	65034	12	3541	3689	15
213.0	64679	46	40	65035	49	1620	3289	16
213.0	64593	39	40	65036	38	2052	3226	13
213.0	64744	25	24	65037	25	3562	4127	17
213.0	64720	8	10	65038	6	3760	3328	11
214.0	64190	42	38	65039	45	1987	3018	15
214.0	63990	34	37	65040	31	2418	2971	18
214.0	63987	27	27	65041	27	2161	3607	11
214.0	64805	51	45	65042	55	1887	2843	14
214.0	64844	17	18	65043	15	3180	2538	14
214.0	64494	25	26	65044	24	2392	3431	16
214.0	64149	41	39	65045	41	1911	3294	18
214.0	64230	41	40	65046	41	2219	2698	13
214.0	64851	53	46	65047	54	2413	2809	17
214.0	64794	37	36	65048	35	3920	3033	11
214.0	63591	18	13	65049	23	3752	3568	11
215.0	64841	11	10	65050	12	3528	3701	15
215.0	64334	9	9	65051	8	3413	3789	16
215.0	64811	12	9	65052	14	2208	3587	12
215.0	64735	26	21	65053	31	2059	3569	11
215.0	64834	8	8	65054	8	2199	3649	13
215.0	64853	42	37	65055	44	2370	3684	14
215.0	64374	21	24	65056	17	1783	3479	11
215.0	64857	40	42	65057	35	2336	2479	17
215.0	64190	38	39	65058	35	1987	3018	16
215.0	64254	33	34	65059	32	2591	3590	19
215.0	64861	34	34	65060	31	2291	3514	12
215.0	64132	29	25	65061	32	2523	4142	15
215.0	64483	19	17	65062	21	3484	3712	15
215.0	64514	36	35	65063	32	2070	3712	19
215.0	64882	11	13	65064	9	3691	3391	18
215.0	64883	33	32	65065	33	2257	3391	18
215.0	63568	12	10	65066	13	2660	2598	10
215.0	64805	45	42	65067	42	1887	2843	15
215.0	64697	29	29	65068	29	2470	3849	18
216.0	64834	8	9	65069	7	2199	3649	14
216.0	63546	18	18	65070	18	2191	3446	18
216.0	64603	14	17	65071	10	3299	2399	12
216.0	64551	7	5	65072	8	3100	2469	11
216.0	64498	31	30	65073	30	2053	3412	15
216.0	64254	34	41	65074	26	2591	3590	20
216.0	64857	42	35	65075	46	2336	2479	18
216.0	64808	32	30	65076	29	2588	3887	13
216.0	63871	15	13	65077	15	3621	3621	9
217.0	64784	51	52	65078	48	2288	3131	15
217.0	64490	15	18	65079	11	3701	2969	13
217.0	64937	28	22	65080	33	4023	3180	11
217.0	64540	22	26	65081	15	2478	3040	14
217.0	64603	17	18	65082	15	3299	2399	13
217.0	64753	16	14	65083	18	2938	2448	12
217.0	64485	52	43	65084	57	2311	4223	19
217.0	64735	21	23	65085	19	2059	3569	12
217.0	64337	24	20	65086	27	2442	3520	15
217.0	64122	29	32	65087	25	2922	2238	11
217.0	64362	56	44	65088	56	2136	3419	15
217.0	64864	22	17	65089	26	2520	3441	19
217.0	63983	54	48	65090	52	2230	3477	15
217.0	64106	23	25	65091	21	1962	3934	16
217.0	65042	55	54	65092	46	1848	2770	15
217.0	64813	25	27	65093	23	3490	3941	14
217.0	64582	13	9	65094	16	3581	3570	11
218.0	64681	44	42	65095	45	2565	1978	17
218.0	64793	22	22	65096	19	3040	3769	19
218.0	64653	40	41	65097	37	2028	3922	19
218.0	64490	18	12	65098	22	3701	2969	14
218.0	64814	43	42	65099	40	2260	3310	16
218.0	64687	32	34	65100	27	2058	3517	15
218.0	63857	13	16	65101	9	3540	2741	17
218.0	64609	18	16	65102	19	2520	2542	15
218.0	64943	2	3	65103	0	2451	3489	19
218.0	64752	34	27	65104	38	2799	3869	21
218.0	64745	13	8	65105	18	3463	4009	12
218.0	64688	8	5	65106	11	3654	3780	12
218.0	63864	24	28	65107	18	3596	3969	18
218.0	64109	44	41	65108	46	1983	3583	15
218.0	64904	21	19	65109	22	3599	3761	11
218.0	64593	40	31	65110	48	1982	3204	14
218.0	64960	27	27	65111	27	2358	3740	19
219.0	64190	39	34	65112	43	1987	3018	17
219.0	64379	25	25	65113	23	3770	3373	14
219.0	64984	40	43	65114	36	2872	2260	20
219.0	64782	13	13	65115	12	2701	2541	14
219.0	63540	15	14	65116	14	3460	3981	12
219.0	64832	12	12	65117	12	3779	3290	13
219.0	64457	26	18	65118	32	3530	2851	16
219.0	63864	28	26	65119	30	3596	3969	19
219.0	64122	32	35	65120	29	2922	2238	12
219.0	64609	16	12	65121	20	2520	2542	16
219.0	63970	40	38	65122	42	2439	3389	17
220.0	64643	35	34	65123	34	2419	3630	15
220.0	64597	39	37	65124	40	2040	2854	14
220.0	64904	19	16	65125	21	3599	3761	12
220.0	64893	13	17	65126	9	3890	3041	12
220.0	64706	38	46	65127	30	2363	2322	16
220.0	64952	35	35	65128	34	2257	3421	18
220.0	65012	18	17	65129	18	3180	2581	14
220.0	65064	9	11	65130	6	3772	3409	19
221.0	64787	36	28	65131	42	2851	3883	19
221.0	64149	39	33	65132	44	1911	3294	19
221.0	64911	45	40	65133	47	2583	1801	16
221.0	64579	41	40	65134	40	1268	4082	19
221.0	63623	18	17	65135	17	3850	3232	14
221.0	64842	43	43	65136	42	1817	3539	18
221.0	65109	22	19	65137	24	3538	3780	12
221.0	63843	37	36	65138	37	2371	3793	19
221.0	64792	27	27	65139	26	3758	3651	12
221.0	64794	36	30	65140	41	3857	3010	12
221.0	64356	33	28	65141	38	2208	3522	12
221.0	64590	12	12	65142	11	3381	2490	12
221.0	64937	22	23	65143	20	4067	3199	12
221.0	64761	23	26	65144	20	3323	2282	13
222.0	64356	28	24	65145	30	2208	3522	13
222.0	64631	50	53	65146	46	1660	3351	15
222.0	64414	25	24	65147	23	3384	2262	14
222.0	64792	27	34	65148	14	3758	3651	13
222.0	64579	40	36	65149	41	1268	4082	20
222.0	64761	26	29	65150	22	3323	2282	14
222.0	63738	9	11	65151	7	3790	3694	12
222.0	64937	23	15	65152	31	4067	3199	13
222.0	64680	35	41	65153	27	2476	2481	17
222.0	63983	48	47	65154	46	2230	3477	16
222.0	64845	44	43	65155	45	1693	3932	20
222.0	64641	11	11	65156	11	3907	3608	12
222.0	64812	47	53	65157	39	2130	3518	17
222.0	64178	17	15	65158	19	3673	2769	9
222.0	63843	36	39	65159	30	2371	3793	20
222.0	64568	3	4	65160	2	3699	3220	10
222.0	64604	18	18	65161	18	3631	3420	19
222.0	65011	36	33	65162	38	2632	3998	17
222.0	64514	35	39	65163	30	1829	3661	20
223.0	64833	24	27	65164	21	2544	4120	15
223.0	64985	35	39	65165	29	2259	3489	15
223.0	63987	27	32	65166	22	2161	3607	12
223.0	63681	39	32	65167	43	2260	3342	19
223.0	64752	27	26	65168	28	2799	3869	22
223.0	64887	48	50	65169	45	2563	4407	19
223.0	64688	5	6	65170	4	3654	3780	13
223.0	64204	39	42	65171	32	2620	2147	18
223.0	64922	18	19	65172	16	3625	3900	18
223.0	65020	34	43	65173	24	1830	3871	20
223.0	64457	18	17	65174	19	3530	2851	17
223.0	64316	15	14	65175	16	2440	3438	18
223.0	64356	24	18	65176	28	2208	3522	14
223.0	64607	35	40	65177	30	1771	3384	20
223.0	64379	25	18	65178	29	3770	3373	15
223.0	63692	17	19	65179	13	4130	2906	12
223.0	65009	23	19	65180	26	1678	2651	16
223.0	63983	47	38	65181	50	2230	3477	17
223.0	63635	17	17	65182	16	2641	2391	13
223.0	64802	43	51	65183	34	1863	3843	18
223.0	64579	36	31	65184	40	1268	4082	21
224.0	64989	39	35	65185	39	2016	3759	20
224.0	64190	34	32	65186	36	1987	3018	18
224.0	64848	57	51	65187	49	1957	3772	18
224.0	64735	23	22	65188	24	2059	3569	13
224.0	64653	41	40	65189	42	2028	3922	20
224.0	65042	54	52	65190	48	1820	2687	16
224.0	64643	34	31	65191	36	2419	3630	16
224.0	64768	37	42	65192	30	2828	4159	16
224.0	64636	21	20	65193	21	3861	3369	13
224.0	64631	53	47	65194	53	1660	3351	16
224.0	64551	5	7	65195	3	3100	2469	12
224.0	64697	29	27	65196	31	2511	3810	19
224.0	64940	57	55	65197	45	1878	2733	15
224.0	64784	52	45	65198	55	2288	3131	16
224.0	64808	30	27	65199	30	2588	3887	14
224.0	64905	40	42	65200	34	2260	3326	17
224.0	64552	13	9	65201	17	3090	3679	20
224.0	64887	50	49	65202	49	2563	4407	20
224.0	64627	42	28	65203	55	2180	3089	16
224.0	64132	25	22	65204	26	2523	4142	16
224.0	64680	41	33	65205	48	2476	2481	18
224.0	63681	32	30	65206	32	2260	3342	20
225.0	64122	35	36	65207	33	2922	2238	13
225.0	65013	23	28	65208	18	3526	3899	12
225.0	64627	28	34	65209	21	2180	3089	17
225.0	64973	39	36	65210	40	2810	2162	17
225.0	64834	9	10	65211	8	2186	3679	15
225.0	64662	38	41	65212	33	2383	2450	15
225.0	64636	20	15	65213	24	3861	3369	14
225.0	64641	11	11	65214	11	3907	3608	13
225.0	64574	32	36	65215	27	4041	3062	10
225.0	64713	29	25	65216	31	2701	4099	14
225.0	64603	18	18	65217	17	3299	2399	14
225.0	64406	18	14	65218	22	3250	2580	15
225.0	65015	38	34	65219	40	2151	3501	16
225.0	63987	32	36	65220	26	2161	3607	13
225.0	64848	51	44	65221	55	1957	3772	19
225.0	63540	14	16	65222	9	3460	3981	13
225.0	64798	51	45	65223	54	2153	3702	17
225.0	63871	13	15	65224	10	3621	3621	10
225.0	64784	45	49	65225	39	2288	3131	17
225.0	64683	22	22	65226	22	2890	2408	14
225.0	64993	54	56	65227	44	1933	3738	15
225.0	63954	6	4	65228	8	3760	3290	13
225.0	63591	13	10	65229	15	3752	3550	12
226.0	64848	44	51	65230	37	1957	3772	20
226.0	64902	17	18	65231	15	3568	4011	12
226.0	65020	43	44	65232	39	1802	3802	21
226.0	63540	16	12	65233	19	3460	3981	14
226.0	64697	27	24	65234	27	2511	3810	20
226.0	64356	18	16	65235	18	2208	3522	15
226.0	64917	23	24	65236	20	3050	2550	11
226.0	64679	40	42	65237	37	1555	3288	17
226.0	63864	26	28	65238	23	3596	3969	20
226.0	64884	50	41	65239	57	2490	2749	16
226.0	64803	46	42	65240	48	2270	3798	18
226.0	64805	42	39	65241	45	2171	2891	16
226.0	64686	40	37	65242	40	2390	3772	18
226.0	64857	35	28	65243	41	2268	2457	19
226.0	63811	34	40	65244	26	2281	3531	17
226.0	63591	10	12	65245	8	3752	3550	13
226.0	64939	32	24	65246	37	3679	3660	14
226.0	64662	41	39	65247	42	2383	2450	16
227.0	64706	46	49	65248	42	2436	2200	17
227.0	64926	43	45	65249	41	2008	3418	16
227.0	64922	19	17	65250	19	3625	3900	19
227.0	64813	27	25	65251	28	3490	3941	15
227.0	64957	53	47	65252	53	2576	1978	17
227.0	64939	24	26	65253	22	3679	3660	15
227.0	63681	30	28	65254	31	2260	3342	21
227.0	63591	12	8	65255	15	3752	3550	14
227.0	64510	27	23	65256	26	1622	2950	16
227.0	64853	37	40	65257	34	2370	3684	15
228.0	64190	32	32	65258	31	1937	3047	19
228.0	65033	35	34	65259	34	1873	3590	18
228.0	64807	26	26	65260	23	2832	2530	14
228.0	64514	39	51	65261	26	1829	3661	21
228.0	64845	43	42	65262	41	1579	4008	21
228.0	64926	45	41	65263	45	2032	3351	17
228.0	63540	12	15	65264	9	3460	3981	15
228.0	63705	27	29	65265	25	2302	3240	13
228.0	64744	24	30	65266	17	3646	4187	18
228.0	64842	43	44	65267	41	1817	3539	19
228.0	64930	45	44	65268	45	2091	3463	15
228.0	63843	39	37	65269	39	2371	3793	21
228.0	64880	50	44	65270	55	1988	3548	14
228.0	64874	29	29	65271	28	2021	3109	16
228.0	65058	35	41	65272	29	1981	3088	17
229.0	65028	16	15	65273	17	3810	3819	11
229.0	64984	43	38	65274	47	2900	2322	21
229.0	63776	30	26	65275	32	3890	3087	9
229.0	63864	28	28	65276	25	3596	3969	21
229.0	65018	34	26	65277	41	1780	3425	15
229.0	65011	33	38	65278	27	2632	3998	18
229.0	63623	17	18	65279	15	3850	3232	15
229.0	65086	27	26	65280	27	2370	3531	16
230.0	64960	27	26	65281	27	2358	3740	20
230.0	64306	50	54	65282	46	1357	4095	19
230.0	64106	25	26	65283	23	1962	3934	17
230.0	64904	16	7	65284	24	3599	3761	13
230.0	64880	44	36	65285	50	1988	3548	15
230.0	64842	44	46	65286	40	1817	3539	20
230.0	63738	11	15	65287	7	3790	3694	13
230.0	64920	31	27	65288	32	1886	3138	17
230.0	64687	34	32	65289	34	2058	3517	16
230.0	65241	45	52	65290	36	2260	2867	17
230.0	65015	34	37	65291	29	2151	3501	17
230.0	64832	12	6	65292	17	3779	3290	14
230.0	64875	12	8	65293	15	3790	3646	11
230.0	64662	39	37	65294	41	2383	2450	17
230.0	64480	18	19	65295	17	2197	2682	14
230.0	64894	23	20	65296	25	2481	3720	14
230.0	64794	30	23	65297	36	3857	3010	13
231.0	64768	42	45	65298	37	2828	4159	17
231.0	64149	33	31	65299	32	1911	3294	20
231.0	64821	19	14	65300	24	3607	3841	12
231.0	65015	37	37	65301	33	2151	3501	18
231.0	64514	51	45	65302	54	1829	3661	22
231.0	64596	18	15	65303	20	2177	3391	19
231.0	64132	22	13	65304	30	2523	4142	17
231.0	64079	20	22	65305	17	2330	3650	12
231.0	64792	34	26	65306	37	3758	3651	14
231.0	64603	18	22	65307	13	3299	2399	15
231.0	64902	18	21	65308	14	3568	4011	13
231.0	64554	8	5	65309	10	3751	3520	18
231.0	63954	4	4	65310	3	3760	3290	14
231.0	64626	14	9	65311	18	4111	3278	13
231.0	64306	54	56	65312	44	1357	4095	20
231.0	64294	37	33	65313	40	3250	2308	16
231.0	64406	14	10	65314	18	3250	2580	16
231.0	64579	31	36	65315	25	1265	4207	22
231.0	64859	39	34	65316	41	1982	3905	15
232.0	64751	13	13	65317	10	3913	3330	13
232.0	64761	29	29	65318	28	3362	2239	15
232.0	64806	45	42	65319	46	3183	4218	20
232.0	64425	12	7	65320	15	3720	3691	13
232.0	64122	36	28	65321	41	2922	2238	14
232.0	64597	37	38	65322	34	2040	2854	15
232.0	64911	40	42	65323	35	2553	1667	17
232.0	64735	22	23	65324	20	2059	3569	14
232.0	64631	47	48	65325	44	1660	3351	17
232.0	64456	23	19	65326	27	3654	4173	11
232.0	64812	53	54	65327	46	2130	3518	18
232.0	64514	45	49	65328	39	1829	3661	23
232.0	63692	19	19	65329	19	4130	2906	13
232.0	63857	16	18	65330	13	3540	2741	18
232.0	64813	25	27	65331	22	3490	3941	16
232.0	64822	12	10	65332	14	3756	3712	13
233.0	64820	24	22	65333	24	2156	3460	18
233.0	63843	37	34	65334	38	2371	3793	22
233.0	64834	10	9	65335	11	2186	3679	16
233.0	64930	44	36	65336	49	2091	3463	16
233.0	64958	45	42	65337	43	1860	3337	14
233.0	64960	26	26	65338	25	2358	3740	21
233.0	64937	15	17	65339	13	4089	3274	14
233.0	64597	38	37	65340	39	2040	2854	16
233.0	64935	15	18	65341	12	3758	3672	12
233.0	64805	39	49	65342	29	2171	2891	17
233.0	65018	26	20	65343	31	1780	3425	16
233.0	64204	42	43	65344	41	2616	2289	19
233.0	64833	27	21	65345	32	2544	4120	16
233.0	65058	41	41	65346	40	1981	3088	18
233.0	64909	33	34	65347	30	2078	3042	16
234.0	64924	50	52	65348	46	1136	4311	19
234.0	65095	45	40	65349	49	2349	1995	18
234.0	65301	33	33	65350	32	2077	3501	19
234.0	64966	25	23	65351	27	1998	3935	19
234.0	65107	18	21	65352	14	3581	3933	19
234.0	65180	26	25	65353	27	1673	2848	17
234.0	65076	29	26	65354	32	2553	3900	14
234.0	65142	11	12	65355	9	3300	2481	13
234.0	65133	47	44	65356	48	2428	1823	17
234.0	64230	40	31	65357	47	2219	2698	14
234.0	64710	27	24	65358	28	2919	2442	16
234.0	64204	43	38	65359	46	2649	2353	20
234.0	64919	52	57	65360	43	2000	3736	16
234.0	64787	28	23	65361	32	2822	3988	20
235.0	64079	22	21	65362	20	2330	3650	13
235.0	63843	34	35	65363	31	2371	3793	23
235.0	65225	39	40	65364	33	2240	2793	18
235.0	65142	12	10	65365	13	3300	2481	14
235.0	65056	17	15	65366	17	1789	3485	12
235.0	65017	40	37	65367	42	2718	1615	19
235.0	65054	8	7	65368	9	2159	3649	14
235.0	64527	34	34	65369	33	2233	2900	8
236.0	65092	46	52	65370	35	1848	2756	16
236.0	65334	38	39	65371	35	2341	3822	23
236.0	65099	40	46	65372	31	2169	3298	17
236.0	64643	31	31	65373	30	2419	3630	17
236.0	65106	11	10	65374	10	3707	3828	13
236.0	65182	16	15	65375	17	2743	2410	14
236.0	64309	13	12	65376	14	2141	3539	15
236.0	65310	3	3	65377	3	3779	3290	15
236.0	65056	15	15	65378	15	1789	3485	13
236.0	65053	31	34	65379	25	2059	3550	12
236.0	65071	10	8	65380	12	3401	2337	13
236.0	64068	12	17	65381	6	3855	3791	10
236.0	63811	40	46	65382	32	2281	3531	18
236.0	64575	23	22	65383	22	3410	3710	14
236.0	64579	36	33	65384	35	1276	4331	23
236.0	64880	36	37	65385	34	2004	3609	16
236.0	64679	42	44	65386	40	1537	3206	18
237.0	64607	40	40	65387	37	1771	3384	21
237.0	65107	21	27	65388	15	3581	3933	20
237.0	65334	39	40	65389	36	2341	3822	24
237.0	65071	8	9	65390	7	3401	2337	14
237.0	65004	44	40	65391	48	2746	2118	16
237.0	65137	24	19	65392	26	3550	3792	13
237.0	64636	15	14	65393	15	3861	3369	15
237.0	65187	49	44	65394	51	2110	3694	19
237.0	64679	44	50	65395	34	1537	3206	19
237.0	64806	42	39	65396	44	3183	4218	21
237.0	65102	19	15	65397	22	2520	2562	16
237.0	65099	46	43	65398	49	2169	3298	18
237.0	65015	37	43	65399	27	2151	3501	19
237.0	64812	54	47	65400	53	2130	3518	19
237.0	64425	7	10	65401	4	3720	3691	14
237.0	65153	27	19	65402	34	2423	2270	18
237.0	64975	11	12	65403	10	3340	2550	14
237.0	64696	28	26	65404	29	1832	3412	13
237.0	64893	17	16	65405	18	3890	3041	13
237.0	64068	17	19	65406	15	3855	3791	11
238.0	63540	15	15	65407	14	3460	3981	16
238.0	65204	26	26	65408	22	2538	4142	17
238.0	64510	23	25	65409	18	1622	2950	17
238.0	65058	41	36	65410	44	1981	3088	19
238.0	65035	49	45	65411	50	1538	3018	17
238.0	64456	19	12	65412	25	3654	4173	12
238.0	64230	31	27	65413	33	2219	2698	15
238.0	64683	22	18	65414	24	2890	2408	15
238.0	64806	39	32	65415	45	3183	4218	22
238.0	64679	50	34	65416	62	1537	3206	20
238.0	65240	48	50	65417	43	2270	3816	19
238.0	64636	14	13	65418	15	3861	3369	16
238.0	65095	40	35	65419	43	2209	1953	19
239.0	65240	50	47	65420	52	2270	3816	20
239.0	64990	11	9	65421	11	2178	3550	15
239.0	65003	53	51	65422	49	420	3971	19
239.0	65366	17	16	65423	17	1829	3485	13
239.0	64683	18	16	65424	18	2890	2408	16
239.0	65097	37	38	65425	36	2047	3922	20
239.0	65164	21	20	65426	21	2562	4027	16
239.0	63864	28	28	65427	27	3596	3969	22
239.0	64109	41	47	65428	35	1981	3279	16
239.0	64662	37	36	65429	36	2383	2450	18
239.0	65108	46	48	65430	43	1664	3599	16
240.0	64927	16	17	65431	14	3140	2449	12
240.0	63864	28	32	65432	24	3596	3969	23
240.0	64789	23	28	65433	17	2451	2711	14
240.0	64485	43	42	65434	43	2260	4196	20
240.0	65116	14	9	65435	19	3517	3981	13
240.0	64510	25	23	65436	26	1622	2950	18
240.0	64603	22	27	65437	16	3299	2399	16
240.0	65197	45	44	65438	43	1772	2606	16
240.0	65211	8	11	65439	5	2171	3693	16
240.0	64697	24	17	65440	31	2511	3810	21
240.0	64957	47	48	65441	43	2620	1847	18
240.0	65108	48	49	65442	47	1664	3599	17
240.0	65163	30	30	65443	29	1793	3549	21
240.0	65195	3	3	65444	3	3120	2469	13
240.0	65233	19	20	65445	17	3561	4120	15
241.0	65179	13	10	65446	15	4198	3004	13
241.0	65073	30	22	65447	35	2032	3412	16
241.0	64887	49	51	65448	45	2351	4445	21
241.0	64713	25	27	65449	22	2692	4151	15
241.0	64958	42	45	65450	38	1860	3337	15
241.0	65137	19	13	65451	23	3550	3792	14
241.0	65293	15	18	65452	9	3790	3627	12
241.0	64789	28	25	65453	27	2451	2711	15
241.0	64696	26	26	65454	24	1832	3412	14
241.0	65311	18	15	65455	19	4117	3278	14
241.0	64697	17	14	65456	20	2511	3810	22
242.0	65092	52	53	65457	47	1786	2698	17
242.0	65248	42	44	65458	37	2436	2219	18
242.0	64485	42	39	65459	45	2260	4196	21
242.0	65301	33	27	65460	38	1882	3650	20
242.0	65076	26	24	65461	24	2553	3900	15
242.0	64937	17	13	65462	21	4073	3258	15
242.0	65334	40	45	65463	34	2341	3822	25
242.0	65246	37	40	65464	31	3679	3630	15
242.0	65009	19	23	65465	15	1678	2651	17
242.0	64609	12	10	65466	13	2550	2522	17
242.0	65095	35	36	65467	27	2209	1953	20
242.0	64803	42	39	65468	44	2270	3798	19
242.0	64848	51	48	65469	52	1780	3799	21
243.0	65177	30	32	65470	25	1728	3439	21
243.0	64230	27	25	65471	26	2219	2698	16
243.0	65209	21	22	65472	18	2077	3089	18
243.0	64893	16	17	65473	15	3890	3041	14
243.0	65248	44	53	65474	35	2436	2219	19
243.0	65011	38	44	65475	32	2699	4020	19
243.0	65334	45	39	65476	51	2341	3822	26
243.0	64803	39	40	65477	34	2270	3798	20
243.0	65035	45	46	65478	41	1552	2936	18
243.0	64922	17	19	65479	15	3712	3882	20
243.0	65107	27	29	65480	25	3581	3933	21
243.0	64806	32	38	65481	23	3183	4218	23
243.0	65269	39	37	65482	40	2410	3933	22
243.0	65095	36	40	65483	30	2209	1953	21
243.0	64132	13	15	65484	10	2510	4129	18
243.0	65155	45	40	65485	47	1789	3832	21
244.0	64939	26	21	65486	31	3679	3660	16
244.0	64079	21	20	65487	21	2330	3650	14
244.0	65177	32	27	65488	34	1728	3439	22
244.0	64909	34	28	65489	35	2078	3042	17
244.0	64940	55	41	65490	59	1878	2733	16
244.0	65155	40	36	65491	43	1789	3832	22
244.0	65267	41	31	65492	47	1952	3589	20
244.0	65042	52	54	65493	46	2089	2605	17
244.0	65402	34	40	65494	28	2622	2317	19
244.0	65053	34	35	65495	33	2059	3550	13
244.0	65143	20	24	65496	16	4131	3099	13
244.0	64993	56	50	65497	50	2120	3865	16
244.0	64910	46	47	65498	42	1585	3292	15
245.0	63635	17	19	65499	15	2723	2420	14
245.0	64653	40	38	65500	40	2028	3922	21
245.0	64845	42	37	65501	45	1286	4021	22
245.0	65163	30	34	65502	24	1793	3549	22
245.0	65301	27	21	65503	31	1882	3650	21
245.0	64768	45	47	65504	42	2839	4452	18
245.0	64681	42	46	65505	35	2526	1227	18
245.0	65111	27	30	65506	23	2322	3781	20
245.0	65408	22	25	65507	19	2539	4128	18
245.0	65263	45	42	65508	44	2041	3341	18
245.0	64787	23	22	65509	23	2740	4050	21
245.0	65222	9	7	65510	10	3498	3981	14
245.0	65193	21	25	65511	16	3841	3349	14
245.0	65219	40	29	65512	50	2179	3529	17
245.0	64939	21	24	65513	17	3679	3660	17
245.0	64957	48	46	65514	48	2627	1668	19
245.0	64374	24	19	65515	27	1562	3542	12
245.0	65182	15	13	65516	17	2758	2332	15
245.0	65155	36	35	65517	35	1789	3832	23
245.0	64887	51	50	65518	45	2351	4445	22
245.0	65192	30	34	65519	25	2828	4179	17
246.0	65249	41	43	65520	38	1989	3482	17
246.0	65344	41	44	65521	37	2721	2177	20
246.0	65204	26	27	65522	24	2538	4142	18
246.0	65045	41	44	65523	36	2099	2938	19
246.0	65301	21	16	65524	24	1840	3673	22
246.0	65028	15	15	65525	14	3810	3819	12
246.0	65017	37	35	65526	35	2743	1482	20
246.0	65151	7	8	65527	5	3790	3670	13
246.0	64653	38	44	65528	32	2028	3922	22
246.0	64122	28	24	65529	29	2922	2238	15
246.0	65071	9	7	65530	10	3401	2337	15
246.0	65334	39	37	65531	39	2341	3822	27
246.0	65180	25	23	65532	26	1534	2853	18
246.0	65131	42	46	65533	36	3201	4020	20
246.0	64306	56	50	65534	50	1551	4408	21
246.0	65108	49	53	65535	42	1664	3599	18
246.0	65186	36	31	65536	39	1967	3191	19
247.0	64894	20	19	65537	20	2481	3720	15
247.0	65127	30	28	65538	32	2629	2261	17
247.0	64653	44	39	65539	45	2028	3922	23
247.0	65137	13	11	65540	15	3550	3792	15
247.0	65153	19	20	65541	18	2423	2270	19
247.0	65004	40	42	65542	37	2746	2118	17
247.0	64897	42	38	65543	45	2332	2289	19
247.0	64911	42	41	65544	43	2368	1512	18
247.0	64697	14	12	65545	16	2511	3810	23
247.0	64245	37	38	65546	36	2422	2540	13
247.0	64848	48	44	65547	50	1780	3799	22
247.0	65240	47	49	65548	45	2270	3834	21
247.0	65076	24	28	65549	19	2510	3920	16
247.0	64902	21	21	65550	21	3614	4011	14
247.0	64926	41	35	65551	43	1982	2758	18
247.0	65009	23	25	65552	17	1678	2651	18
248.0	64805	49	45	65553	47	2171	2891	18
248.0	65062	21	20	65554	21	3480	3870	16
248.0	65290	36	30	65555	41	2260	2793	18
248.0	64761	29	26	65556	30	3362	2239	16
248.0	64880	37	37	65557	35	1900	3692	17
248.0	65133	44	46	65558	42	2060	1743	18
248.0	64505	22	17	65559	27	3819	3229	12
248.0	65271	28	26	65560	25	1999	3162	17
248.0	65194	53	46	65561	54	1951	3441	17
248.0	65210	40	45	65562	34	2870	2159	18
248.0	65084	57	38	65563	62	2532	4221	20
248.0	64894	19	18	65564	20	2481	3720	16
248.0	65230	37	37	65565	36	2109	3822	21
248.0	65146	46	35	65566	56	1741	3608	16
248.0	64812	47	40	65567	53	2130	3518	20
248.0	65311	15	8	65568	22	4117	3278	15
248.0	64911	41	29	65569	49	2368	1512	19
248.0	65127	28	23	65570	33	2668	2221	18
248.0	64106	26	29	65571	23	1962	3934	18
248.0	64456	12	13	65572	9	3668	4137	13
248.0	65040	31	29	65573	33	2289	2850	19
249.0	64833	21	21	65574	21	2601	4094	17
249.0	65177	27	27	65575	23	1728	3439	23
249.0	64842	46	41	65576	48	1817	3539	21
249.0	65180	23	22	65577	21	1432	2864	19
249.0	65386	40	40	65578	39	1642	3054	19
249.0	64510	23	21	65579	24	1622	2950	19
249.0	65246	40	39	65580	39	3679	3630	16
249.0	65134	40	35	65581	42	1236	3940	20
249.0	64880	37	36	65582	37	1900	3692	18
249.0	65159	30	35	65583	24	2288	3973	21
249.0	65146	35	32	65584	37	1741	3608	17
249.0	65192	34	34	65585	34	2828	4179	18
250.0	65149	41	44	65586	36	1461	4375	21
250.0	64842	41	40	65587	42	1817	3539	22
250.0	64485	39	44	65588	33	2260	4196	22
250.0	64897	38	32	65589	42	2332	2289	20
250.0	65095	40	41	65590	36	2155	1900	22
250.0	65406	15	16	65591	13	3708	3800	12
250.0	64924	52	54	65592	46	994	4242	20
250.0	65277	41	42	65593	36	1812	3340	16
250.0	65458	37	33	65594	36	2451	2234	19
250.0	64880	36	32	65595	38	1900	3692	19
250.0	64122	24	24	65596	22	2922	2238	16
250.0	65274	47	44	65597	47	2919	2322	22
250.0	65415	45	47	65598	41	3339	4657	23
250.0	65177	27	25	65599	29	1728	3439	24
251.0	64692	49	51	65600	44	1851	3189	13
251.0	65169	45	38	65601	52	2570	4348	20
251.0	65282	46	48	65602	41	1310	4050	20
251.0	65183	34	37	65603	29	1989	3853	19
251.0	65056	15	13	65604	15	1789	3485	14
251.0	64106	29	24	65605	33	1962	3934	19
251.0	65261	26	22	65606	28	1992	3350	22
251.0	64627	34	32	65607	36	1893	3629	18
251.0	65194	46	44	65608	45	1951	3441	18
251.0	65256	26	20	65609	30	1541	2874	17
251.0	65085	19	17	65610	19	1856	3681	13
252.0	65262	41	35	65611	47	1527	4212	22
252.0	65368	9	6	65612	11	2048	3840	15
252.0	65173	24	20	65613	27	1723	3803	21
252.0	65169	38	38	65614	35	2570	4348	21
252.0	65323	35	32	65615	38	2262	1610	18
252.0	65448	45	39	65616	50	2366	4648	22
252.0	65216	31	35	65617	26	2658	4152	15
252.0	64106	24	28	65618	18	1962	3934	20
252.0	65193	25	27	65619	22	3841	3349	15
252.0	65266	17	19	65620	15	3502	4022	19
252.0	65351	27	28	65621	24	2012	3949	20
252.0	64662	36	35	65622	36	2383	2450	19
252.0	65426	21	16	65623	26	2451	4062	17
252.0	65183	37	29	65624	43	1989	3853	20
253.0	65136	42	39	65625	39	2005	2900	19
253.0	65301	16	13	65626	19	1840	3673	23
253.0	64554	5	5	65627	5	3751	3520	19
253.0	65329	19	17	65628	20	4057	2939	14
253.0	64919	57	54	65629	46	2076	3770	17
253.0	65323	32	28	65630	32	2262	1610	19
253.0	65102	15	11	65631	17	2520	2562	17
253.0	64927	17	17	65632	17	3140	2449	13
253.0	64939	24	26	65633	22	3679	3660	18
253.0	65259	34	37	65634	31	1938	3389	19
253.0	64973	36	38	65635	33	2810	2162	18
253.0	64122	24	28	65636	18	2922	2238	17
253.0	65146	32	28	65637	34	1796	3621	18
253.0	65396	44	44	65638	42	3314	4248	22
253.0	65193	27	22	65639	30	3841	3349	16
254.0	64122	28	28	65640	27	2922	2238	18
254.0	65249	43	49	65641	35	1989	3482	18
254.0	65138	37	29	65642	45	2419	3820	20
254.0	64993	50	52	65643	46	2120	3865	17
254.0	65285	50	48	65644	49	1972	3751	16
254.0	65259	37	35	65645	38	1938	3389	20
254.0	65282	48	48	65646	45	1310	4050	21
254.0	65134	35	36	65647	34	1236	3940	21
254.0	65009	25	24	65648	24	1678	2651	19
254.0	64132	15	17	65649	12	2510	4129	19
254.0	65197	44	39	65650	46	1606	2349	17
254.0	64626	9	11	65651	6	4392	3322	14
254.0	65334	37	36	65652	37	2341	3822	28
254.0	65274	44	34	65653	47	2778	2260	23
254.0	65412	25	24	65654	26	3641	4185	13
254.0	64848	44	40	65655	48	1780	3799	23
254.0	64306	50	46	65656	52	1620	4454	22
255.0	65190	48	42	65657	52	1602	2733	17
255.0	65274	34	27	65658	39	2778	2260	24
255.0	65275	32	35	65659	28	4050	3168	10
255.0	64751	13	15	65660	11	3913	3330	14
255.0	65522	24	22	65661	25	2544	4070	19
255.0	65249	49	46	65662	45	1989	3482	19
255.0	65071	7	9	65663	5	3420	2364	16
255.0	64869	42	38	65664	46	2263	2670	18
255.0	65237	37	36	65665	36	1475	3492	18
255.0	65138	29	29	65666	28	2419	3820	21
255.0	65483	30	31	65667	29	2044	1740	22
255.0	65063	32	34	65668	28	2020	4253	20
255.0	64626	11	16	65669	6	4426	3321	15
255.0	64910	47	40	65670	52	1585	3292	16
255.0	64957	46	48	65671	40	2595	1519	20
255.0	65412	24	20	65672	28	3641	4185	14
255.0	65519	25	28	65673	21	2822	4217	18
255.0	64374	19	21	65674	15	1513	3671	13
255.0	64510	21	24	65675	16	1622	2950	20
256.0	65594	36	32	65676	38	2461	2298	20
256.0	64230	25	18	65677	31	2219	2698	17
256.0	65425	36	36	65678	34	2134	4140	21
256.0	64679	34	30	65679	37	1761	3094	21
256.0	65298	37	36	65680	35	2877	4210	18
256.0	63692	19	17	65681	20	4242	2765	14
256.0	65319	46	38	65682	52	3008	4301	21
256.0	64697	12	7	65683	17	2511	3810	24
256.0	64479	46	39	65684	50	2070	3161	13
256.0	65177	25	30	65685	20	1589	3532	25
256.0	65465	15	16	65686	12	1678	2693	18
256.0	65290	30	27	65687	31	2250	2740	19
256.0	65274	27	24	65688	27	2737	2219	25
256.0	65190	42	40	65689	44	1602	2733	18
257.0	65312	44	46	65690	42	1368	4083	21
257.0	65298	36	32	65691	37	2877	4210	19
257.0	64597	37	35	65692	35	2141	2659	17
257.0	65435	19	22	65693	14	3475	4241	14
257.0	64981	28	30	65694	23	2449	3850	19
257.0	65003	51	41	65695	59	0	3483	20
257.0	64846	44	32	65696	51	3651	2578	14
257.0	65659	28	26	65697	26	4049	3209	11
257.0	65327	46	44	65698	48	1878	3522	19
257.0	65119	30	26	65699	33	3562	3969	20
257.0	65194	44	39	65700	47	1951	3441	19
257.0	65179	10	8	65701	11	4198	3004	14
257.0	64607	40	37	65702	40	1688	3378	22
257.0	65307	13	10	65703	15	3310	2410	16
257.0	65248	53	51	65704	49	2436	2219	20
257.0	65465	16	16	65705	16	1678	2693	19
258.0	65084	38	35	65706	39	2532	4221	21
258.0	65458	33	29	65707	36	2467	2250	20
258.0	65371	35	39	65708	30	2403	4041	24
258.0	64579	33	24	65709	38	1518	4348	24
258.0	65190	40	37	65710	42	1602	2733	19
258.0	65164	20	17	65711	23	2440	3990	17
258.0	65327	44	53	65712	33	1878	3522	20
258.0	64910	40	41	65713	35	1585	3292	17
258.0	65298	32	30	65714	33	2877	4210	20
258.0	65028	15	13	65715	16	3810	3819	13
258.0	65283	23	28	65716	17	1839	3835	18
258.0	64510	24	23	65717	24	1622	2950	21
258.0	65312	46	37	65718	50	1368	4083	22
258.0	64880	32	34	65719	26	1900	3692	20
258.0	65153	20	16	65720	24	2423	2270	20
258.0	64079	20	19	65721	20	2330	3650	15
258.0	65108	53	46	65722	54	1664	3599	19
258.0	65269	37	33	65723	37	2241	4242	23
258.0	64981	30	32	65724	26	2449	3850	20
258.0	65169	38	48	65725	26	2570	4348	22
258.0	64696	26	25	65726	27	1828	3370	15
258.0	65061	32	30	65727	32	2385	4278	16
259.0	65233	20	22	65728	16	3561	4120	16
259.0	63540	15	14	65729	12	3460	3981	17
259.0	65432	24	20	65730	26	3608	3981	24
259.0	65315	25	18	65731	32	1260	4142	23
259.0	65349	49	51	65732	44	2402	1446	19
259.0	65092	53	50	65733	50	1635	2649	18
259.0	65601	52	56	65734	44	2562	4307	21
259.0	64079	19	19	65735	19	2330	3650	16
259.0	65169	48	39	65736	55	2570	4348	23
259.0	65017	35	31	65737	37	2779	1368	21
259.0	64706	49	47	65738	49	2646	2068	18
259.0	64149	31	34	65739	27	1860	3631	21
259.0	65474	35	41	65740	28	2420	2203	20
260.0	65149	44	45	65741	42	1480	4450	22
260.0	64958	45	42	65742	44	1860	3337	16
260.0	65085	17	14	65743	19	1856	3681	14
260.0	65398	49	50	65744	48	2023	2728	19
260.0	65445	17	17	65745	16	3543	4081	16
260.0	65135	17	18	65746	16	3978	3250	15
260.0	64924	54	56	65747	44	639	4173	21
260.0	65040	29	30	65748	27	2289	2850	20
260.0	65367	42	37	65749	46	2630	1679	20
260.0	64893	17	17	65750	15	3890	3041	15
260.0	65349	51	45	65751	55	2402	1446	20
260.0	64662	35	40	65752	26	2383	2450	20
260.0	65347	30	34	65753	25	1941	2867	17
260.0	65353	27	26	65754	26	1585	2839	18
260.0	64744	30	35	65755	25	3931	4409	19
260.0	64835	22	16	65756	23	3830	3578	11
260.0	65344	44	32	65757	54	2922	2270	21
260.0	65301	13	15	65758	11	1840	3673	24
260.0	64745	8	8	65759	7	3359	4305	13
261.0	65216	35	39	65760	28	2658	4152	16
261.0	65063	34	33	65761	32	2020	4253	21
261.0	64662	40	46	65762	30	2383	2450	21
261.0	65356	48	52	65763	43	2261	1564	18
261.0	65351	28	24	65764	30	2012	3949	21
261.0	64374	21	14	65765	27	1513	3671	14
261.0	65274	24	25	65766	22	2622	2189	26
261.0	65467	27	23	65767	28	1967	1962	21
261.0	65009	24	22	65768	26	1678	2651	20
261.0	65528	32	28	65769	32	2079	3828	23
261.0	65155	35	33	65770	36	1789	3853	24
261.0	65445	17	18	65771	15	3543	4081	17
261.0	65504	42	42	65772	42	3094	4602	19
261.0	65222	7	5	65773	9	3498	3981	15
261.0	65204	27	31	65774	21	2538	4142	19
261.0	65436	26	27	65775	23	1562	2914	19
261.0	65460	38	34	65776	42	1962	3770	21
261.0	65416	62	52	65777	48	1549	3197	21
261.0	65367	37	36	65778	36	2630	1679	21
262.0	65274	25	23	65779	24	2622	2189	27
262.0	65348	46	46	65780	42	1075	4313	20
262.0	65501	45	42	65781	45	1312	3958	23
262.0	65474	41	40	65782	39	2420	2203	21
262.0	65216	39	42	65783	36	2658	4152	17
262.0	65153	16	15	65784	15	2423	2292	21
262.0	64910	41	35	65785	45	1585	3292	18
262.0	64374	14	16	65786	12	1513	3671	15
262.0	65256	20	19	65787	21	1541	2874	18
262.0	65700	47	43	65788	47	1890	3437	20
262.0	65223	54	49	65789	51	2158	4080	18
262.0	64868	46	45	65790	44	2499	3910	19
262.0	65295	17	18	65791	15	2179	2682	15
262.0	64667	11	11	65792	10	3877	3780	11
262.0	65304	30	29	65793	28	2497	4101	18
262.0	65509	23	28	65794	17	2720	4159	22
262.0	65526	35	35	65795	31	2731	1493	21
262.0	64692	51	46	65796	53	1851	3189	14
262.0	64897	32	28	65797	36	2332	2289	21
263.0	65184	40	43	65798	37	1693	4016	22
263.0	64425	10	9	65799	11	3720	3691	15
263.0	65242	40	37	65800	42	2311	3860	19
263.0	65329	17	13	65801	20	4057	2939	15
263.0	65216	42	42	65802	40	2658	4152	18
263.0	65173	20	21	65803	18	1723	3803	22
263.0	65108	46	43	65804	47	1664	3599	20
263.0	65391	48	48	65805	46	2778	2131	17
263.0	65501	42	42	65806	40	1312	3958	24
263.0	65136	39	45	65807	30	1937	2901	20
263.0	64845	37	36	65808	38	1286	4021	23
263.0	65669	6	6	65809	6	4441	3297	16
263.0	65575	23	28	65810	18	1733	3378	24
263.0	65565	36	38	65811	34	1823	3860	22
263.0	65621	24	20	65812	28	2271	3901	21
263.0	65275	35	35	65813	32	4082	3222	11
263.0	65601	56	42	65814	58	2690	4180	22
263.0	65274	23	20	65815	26	2622	2189	28
263.0	64897	28	29	65816	26	2332	2289	22
263.0	65406	16	11	65817	20	3708	3800	13
263.0	65295	18	20	65818	14	2179	2682	16
263.0	65485	47	42	65819	49	1764	3779	22
263.0	65460	34	34	65820	33	1962	3770	22
264.0	65442	47	51	65821	42	1681	3599	18
264.0	65386	40	38	65822	40	1642	3054	20
264.0	64639	52	46	65823	53	1462	2499	16
264.0	65494	28	28	65824	27	2581	2470	20
264.0	65455	19	14	65825	23	4100	3261	15
264.0	65312	37	46	65826	28	1368	4083	23
264.0	65491	43	47	65827	36	1680	3986	23
264.0	65370	35	34	65828	35	1652	2802	17
264.0	65295	20	22	65829	16	2179	2682	17
264.0	65117	12	11	65830	12	3900	3191	14
264.0	65422	49	49	65831	47	826	3934	20
264.0	64845	36	30	65832	39	1286	4021	24
264.0	64897	29	31	65833	27	2332	2289	23
264.0	65105	18	15	65834	21	3559	4058	13
264.0	64957	48	49	65835	45	2595	1519	21
264.0	64425	9	10	65836	7	3720	3691	16
265.0	65003	41	49	65837	32	0	3483	21
265.0	64787	22	24	65838	20	2740	4050	22
265.0	65474	40	36	65839	40	2420	2203	22
265.0	65478	41	42	65840	38	1373	2862	19
265.0	64889	17	16	65841	18	4186	2968	12
265.0	64857	28	28	65842	26	2324	2440	20
265.0	65465	16	17	65843	14	1678	2693	20
265.0	64132	17	14	65844	18	2510	4129	20
265.0	65155	33	35	65845	31	1789	3853	25
265.0	65494	28	26	65846	30	2581	2470	21
265.0	64712	17	13	65847	19	3290	2449	11
265.0	65351	24	28	65848	20	2012	3949	22
265.0	64597	35	29	65849	41	2141	2659	18
265.0	65183	29	31	65850	25	1989	3853	21
265.0	65442	51	45	65851	54	1681	3599	19
265.0	65091	21	25	65852	17	2211	4121	17
266.0	65428	35	27	65853	41	1981	3260	17
266.0	65436	27	21	65854	30	1562	2914	20
266.0	65764	30	28	65855	29	2041	3978	22
266.0	65155	35	30	65856	39	1789	3853	26
266.0	65442	45	39	65857	49	1681	3599	20
266.0	64597	29	36	65858	20	2141	2659	19
266.0	65772	42	50	65859	33	3081	4614	20
266.0	65243	41	36	65860	43	2319	2330	20
266.0	65402	40	35	65861	42	2663	2199	20
266.0	65237	36	41	65862	31	1475	3492	19
266.0	65588	33	34	65863	31	2259	4108	23
266.0	65084	35	35	65864	34	2532	4221	22
266.0	65572	9	8	65865	9	3672	4118	14
266.0	65190	37	31	65866	42	1591	2674	20
266.0	65326	27	31	65867	23	3688	4264	12
266.0	65667	29	27	65868	28	2329	1802	23
266.0	65578	39	39	65869	36	1383	3021	20
266.0	65448	39	41	65870	36	2397	4964	23
267.0	65406	11	14	65871	8	3708	3800	14
267.0	65455	14	15	65872	13	4100	3261	16
267.0	65484	10	10	65873	10	2540	4110	19
267.0	65819	49	59	65874	39	1851	3729	23
267.0	64597	36	33	65875	39	2141	2659	20
267.0	64485	44	45	65876	38	2260	4196	23
267.0	65290	27	28	65877	24	2250	2740	20
267.0	65659	26	22	65878	29	4049	3209	12
267.0	64106	28	27	65879	28	1940	3822	21
267.0	64848	40	37	65880	42	1780	3799	24
267.0	65552	17	15	65881	17	1678	2672	19
267.0	65282	48	52	65882	39	1310	4050	22
267.0	64911	29	31	65883	27	2349	1465	20
267.0	65409	18	19	65884	17	1750	2890	18
267.0	64653	39	43	65885	32	2028	3922	24
267.0	65395	34	36	65886	32	1562	3210	20
267.0	63540	14	14	65887	14	3460	3981	18
267.0	65307	10	10	65888	10	3310	2410	17
267.0	65657	52	41	65889	59	1628	2759	18
267.0	64973	38	39	65890	36	2810	2162	19
267.0	64744	35	40	65891	28	3969	4360	20
267.0	65190	31	34	65892	27	1591	2674	21
267.0	64887	50	46	65893	52	2351	4445	23
267.0	65426	16	20	65894	12	2340	3999	18
267.0	65772	50	53	65895	44	3081	4614	21
267.0	65243	36	40	65896	30	2319	2330	21
267.0	64768	47	41	65897	50	2804	4767	19
267.0	65133	46	48	65898	42	1622	1697	19
268.0	65348	46	47	65899	39	970	4219	21
268.0	65282	52	39	65900	61	1310	4050	23
268.0	65558	42	48	65901	34	1968	1809	19
268.0	65095	41	50	65902	30	1791	1628	23
268.0	65391	48	58	65903	37	2778	2131	18
268.0	64653	43	42	65904	43	2028	3922	25
268.0	65319	38	42	65905	31	3008	4301	22
268.0	65622	36	42	65906	29	2330	2502	20
268.0	65503	31	37	65907	23	1961	3570	22
268.0	65675	16	12	65908	18	1588	2950	21
268.0	63540	14	16	65909	12	3460	3981	19
268.0	65277	42	35	65910	44	1812	3340	17
268.0	65820	33	31	65911	34	1872	3839	23
268.0	65430	43	40	65912	44	1698	3599	17
268.0	64306	46	39	65913	52	1620	4454	23
268.0	64768	41	44	65914	36	2804	4767	20
268.0	65329	13	13	65915	12	4057	2939	16
268.0	65584	37	41	65916	30	1729	3608	18
268.0	65169	39	38	65917	39	2570	4348	24
268.0	65435	22	22	65918	21	3457	4330	15
268.0	64149	34	27	65919	40	1860	3631	22
268.0	64848	37	43	65920	29	1780	3799	25
268.0	65718	50	43	65921	50	1456	4332	23
268.0	64696	25	25	65922	25	1828	3370	16
268.0	65498	42	43	65923	39	1570	3235	16
268.0	65152	31	33	65924	28	4129	3076	14
268.0	65415	47	43	65925	49	2776	4874	24
268.0	64485	45	47	65926	39	2260	4196	24
268.0	65610	19	18	65927	19	1872	3681	14
269.0	65498	43	43	65928	42	1570	3235	17
269.0	65233	22	26	65929	18	3561	4120	17
269.0	65152	33	27	65930	39	4129	3076	15
269.0	65432	20	20	65931	20	3608	3981	25
269.0	65483	31	28	65932	31	2029	1552	23
269.0	65510	10	12	65933	8	3529	4012	15
269.0	64924	56	49	65934	51	591	4095	22
269.0	64667	11	8	65935	14	3877	3780	12
269.0	65319	42	42	65936	41	3008	4301	23
269.0	65534	50	50	65937	48	1511	4678	22
269.0	65367	36	37	65938	35	2632	1873	22
269.0	65329	13	15	65939	9	4057	2939	17
269.0	65197	39	37	65940	41	1542	2336	18
269.0	65133	48	48	65941	47	1549	1683	20
269.0	65422	49	46	65942	48	826	3934	21
269.0	65092	50	46	65943	52	1635	2649	19
269.0	65028	13	7	65944	18	3810	3819	14
269.0	65295	22	23	65945	20	2179	2682	18
269.0	65095	50	57	65946	38	1791	1628	24
269.0	65423	17	19	65947	14	1860	3583	14
269.0	65312	46	48	65948	40	1368	4083	24
269.0	65608	45	42	65949	45	1920	3409	19
270.0	65459	45	39	65950	48	2258	4253	22
270.0	64653	42	35	65951	46	2028	3922	26
270.0	65419	43	39	65952	41	2357	2063	20
270.0	64744	40	34	65953	46	3969	4360	21
270.0	65108	43	45	65954	39	1650	3585	21
270.0	64761	26	30	65955	19	3362	2239	17
270.0	65411	50	49	65956	49	1209	3137	18
270.0	65500	40	38	65957	40	2050	3829	22
270.0	65323	28	30	65958	24	2117	1759	20
270.0	65267	31	30	65959	31	1970	3721	21
270.0	64713	27	26	65960	28	2530	4368	16
270.0	65558	48	53	65961	37	1968	1809	20
270.0	65478	42	41	65962	43	1373	2862	20
270.0	65818	14	15	65963	12	2120	2879	17
270.0	65356	52	38	65964	62	2261	1564	19
270.0	65438	43	41	65965	44	2027	2347	17
270.0	65620	15	18	65966	11	3531	4038	20
271.0	65356	38	34	65967	38	2261	1564	20
271.0	65544	43	40	65968	45	2260	1847	19
271.0	65509	28	23	65969	32	2720	4159	23
271.0	65323	30	29	65970	26	2117	1759	21
271.0	65491	47	44	65971	45	1597	3983	24
271.0	65398	50	44	65972	54	2023	2650	20
271.0	64703	10	9	65973	10	3811	3770	11
271.0	65348	47	49	65974	40	970	4219	22
271.0	65347	34	35	65975	30	1920	2923	18
271.0	65795	31	30	65976	32	2817	1422	22
271.0	65045	44	36	65977	48	1795	2900	20
271.0	65443	29	33	65978	21	1820	3593	22
271.0	65577	21	25	65979	16	1388	2933	20
271.0	65650	46	41	65980	48	1620	2525	18
271.0	65680	35	36	65981	32	2592	4376	19
271.0	64681	46	45	65982	43	1882	1030	19
271.0	65667	27	28	65983	24	2329	1802	24
271.0	65063	33	33	65984	30	2020	4253	22
271.0	65283	28	28	65985	25	1797	3839	19
271.0	64761	30	25	65986	35	3362	2239	18
271.0	65519	28	30	65987	25	2836	4270	19
272.0	65903	37	37	65988	37	2790	2221	19
272.0	65180	22	20	65989	24	1435	3130	20
272.0	64761	25	24	65990	25	3362	2239	19
272.0	64745	8	6	65991	10	3341	4333	14
272.0	64639	46	42	65992	49	1462	2499	17
272.0	65344	32	32	65993	31	2922	2270	22
272.0	65728	16	17	65994	15	3383	4190	17
272.0	65497	50	51	65995	46	2100	3958	17
272.0	65806	40	44	65996	35	1584	4081	25
272.0	65411	49	45	65997	53	1209	3137	19
272.0	65431	14	12	65998	14	3231	2400	13
272.0	64132	14	15	65999	11	2510	4129	21
272.0	65478	41	34	66000	46	1373	2862	21
272.0	65526	35	35	66001	33	2786	1499	22
272.0	65315	18	19	66002	16	1260	4142	24
272.0	65556	30	29	66003	29	3418	2228	17
272.0	65282	39	39	66004	39	1310	4050	24
273.0	65678	34	30	66005	37	1846	4160	22
273.0	64785	38	36	66006	37	3010	4278	17
273.0	65478	34	34	66007	32	1373	2862	22
273.0	65153	15	11	66008	18	2500	2293	22
273.0	65697	26	27	66009	25	4080	3120	12
273.0	64835	16	20	66010	11	3830	3578	12
273.0	65238	23	17	66011	28	3579	3969	21
273.0	65290	28	24	66012	32	2250	2740	21
273.0	65526	35	29	66013	40	2786	1499	23
273.0	64149	27	23	66014	30	1860	3631	23
273.0	65725	26	20	66015	29	2720	4456	23
273.0	65269	33	29	66016	36	2241	4242	24
273.0	65136	45	35	66017	52	1866	2910	21
273.0	65761	32	27	66018	35	2015	4371	22
273.0	65223	49	46	66019	48	2158	4080	19
273.0	65384	35	36	66020	32	1266	4321	24
273.0	65349	45	50	66021	39	2402	1446	21
273.0	65613	27	31	66022	21	1741	3858	22
273.0	65646	45	40	66023	47	1466	3941	22
274.0	64579	24	22	66024	25	1518	4348	25
274.0	65136	35	33	66025	35	1866	2910	22
274.0	65290	24	31	66026	16	2250	2740	22
274.0	65467	23	27	66027	18	1817	1998	22
274.0	65117	11	16	66028	6	3900	3191	15
274.0	65767	28	23	66029	32	1984	1962	22
274.0	64149	23	22	66030	23	1860	3631	24
274.0	65307	10	11	66031	9	3310	2410	18
274.0	65409	19	20	66032	17	1782	2920	19
274.0	65754	26	25	66033	27	1600	2854	19
274.0	65820	31	28	66034	33	1872	3839	24
274.0	65438	41	45	66035	36	2027	2347	18
274.0	64692	46	46	66036	45	1851	3189	15
274.0	65646	40	28	66037	48	1474	3868	23
274.0	65370	34	39	66038	28	1652	2802	18
275.0	65307	11	9	66039	11	3310	2410	19
275.0	65004	42	46	66040	35	2751	2047	18
275.0	65581	42	35	66041	47	889	3920	21
275.0	65395	36	39	66042	33	1562	3210	21
275.0	64957	49	42	66043	53	2595	1519	22
275.0	65646	28	24	66044	30	1474	3868	24
275.0	65091	25	23	66045	27	2211	4121	18
275.0	64607	37	36	66046	36	1507	3437	23
275.0	65586	36	36	66047	34	1262	4208	22
275.0	65177	30	29	66048	31	1531	3524	26
275.0	65505	35	25	66049	43	2470	1247	19
275.0	65691	37	38	66050	35	2820	4470	20
275.0	65290	31	34	66051	24	2250	2740	23
275.0	65857	49	48	66052	46	1681	3619	21
275.0	65319	42	37	66053	46	3008	4301	24
275.0	65780	42	45	66054	38	1033	4152	21
275.0	65190	34	34	66055	34	1591	2674	22
275.0	64874	29	24	66056	32	1887	2940	17
275.0	65458	29	27	66057	30	2490	2218	21
275.0	63692	17	16	66058	16	4242	2765	15
276.0	65609	30	16	66059	40	1541	2892	18
276.0	65686	12	14	66060	10	1753	2680	19
276.0	65697	27	29	66061	25	4080	3120	13
276.0	65780	45	38	66062	49	1033	4152	22
276.0	65497	51	52	66063	48	2100	3958	18
276.0	65765	27	19	66064	32	1513	3680	15
276.0	64957	42	39	66065	40	2595	1519	23
276.0	65177	29	25	66066	32	1531	3524	27
276.0	65646	24	22	66067	26	1480	3818	25
276.0	65593	36	47	66068	24	1751	3342	17
276.0	65095	57	42	66069	58	1655	1528	25
276.0	65655	48	38	66070	55	1782	3900	24
276.0	65586	36	36	66071	34	1262	4208	23
276.0	64889	16	15	66072	16	4186	2968	13
276.0	65565	38	32	66073	44	1823	3860	23
276.0	64713	26	17	66074	34	2530	4368	17
276.0	65315	19	23	66075	15	1260	4142	25
276.0	65091	23	24	66076	21	2211	4121	19
276.0	65569	49	44	66077	53	2319	1607	20
276.0	65348	49	47	66078	48	970	4219	23
276.0	65500	38	38	66079	37	2050	3829	23
276.0	65173	21	19	66080	23	1649	3903	23
276.0	65481	23	25	66081	19	3210	4169	24
277.0	65831	47	42	66082	47	616	4103	21
277.0	65766	22	18	66083	24	2640	2182	27
277.0	65899	39	35	66084	42	963	4170	22
277.0	65481	25	22	66085	26	3210	4169	25
277.0	65728	17	14	66086	20	3383	4190	18
277.0	65806	44	39	66087	46	1610	4156	26
277.0	65616	50	56	66088	39	2550	4639	23
277.0	64924	49	45	66089	51	474	4196	23
277.0	64639	42	40	66090	40	1462	2499	18
277.0	65022	40	37	66091	40	1789	4219	17
277.0	65588	34	35	66092	29	2259	4108	24
277.0	65256	19	18	66093	17	1541	2874	19
277.0	64713	17	16	66094	17	2530	4368	18
277.0	65474	36	37	66095	32	2420	2203	23
277.0	64579	22	19	66096	23	1518	4348	26
277.0	65282	39	29	66097	47	1310	4050	25
277.0	65615	38	47	66098	27	2279	2199	19
277.0	65017	31	33	66099	28	2823	1251	22
277.0	65329	15	14	66100	14	4057	2939	18
277.0	65965	44	43	66101	43	1687	2523	18
277.0	65798	37	42	66102	30	1660	4081	23
277.0	64911	31	26	66103	34	2360	1295	21
277.0	65348	47	57	66104	37	970	4219	24
277.0	64768	44	40	66105	46	2804	4767	21
277.0	64806	38	49	66106	23	3379	4294	24
277.0	65862	31	34	66107	27	1623	3470	20
277.0	65127	23	21	66108	25	2541	2129	19
277.0	64958	42	34	66109	49	1659	3109	17
277.0	65455	15	14	66110	15	4100	3261	17
277.0	65003	49	50	66111	47	0	3483	22
277.0	65370	39	38	66112	39	1652	2802	19
277.0	65737	37	42	66113	30	2923	1323	22
278.0	65674	15	18	66114	12	1539	3671	14
278.0	65897	50	56	66115	43	2980	4597	20
278.0	65009	22	23	66116	19	1678	2651	21
278.0	65772	53	42	66117	58	2991	4633	22
278.0	65747	44	43	66118	43	729	3930	22
278.0	65312	48	46	66119	47	1368	4083	25
278.0	65630	32	30	66120	31	2127	2059	20
278.0	65033	34	32	66121	34	1661	3668	19
278.0	65917	39	43	66122	33	2592	4348	25
278.0	65570	33	32	66123	33	2676	2049	19
278.0	65095	42	36	66124	48	1591	1496	26
278.0	65544	40	41	66125	36	2140	2002	20
278.0	65484	10	10	66126	10	2540	4110	20
278.0	65275	35	38	66127	32	4082	3222	12
278.0	65686	14	15	66128	13	1753	2680	20
278.0	65448	41	39	66129	42	2310	5136	24
278.0	64893	17	19	66130	15	3890	3041	16
278.0	65483	28	34	66131	22	2029	1552	24
278.0	65180	20	20	66132	18	1435	3130	21
278.0	65386	38	37	66133	39	1573	3052	21
278.0	65913	52	55	66134	45	1759	4284	24
278.0	65723	37	33	66135	39	2249	4250	24
278.0	65832	39	39	66136	35	1353	3992	25
278.0	65775	23	18	66137	27	1546	2932	20
278.0	65611	47	42	66138	49	1659	3831	23
278.0	65717	24	25	66139	23	1605	2950	22
278.0	65590	36	42	66140	29	2140	1732	23
278.0	65169	38	40	66141	35	2570	4348	25
278.0	65022	37	40	66142	32	1789	4219	18
278.0	65718	43	44	66143	42	1456	4332	24
278.0	65826	28	26	66144	28	1382	4208	24
278.0	65615	47	49	66145	43	2279	2199	20
278.0	65532	26	26	66146	25	1543	2862	19
279.0	65527	5	4	66147	6	3780	3679	14
279.0	64744	34	28	66148	35	3969	4360	22
279.0	65411	45	49	66149	38	1129	3155	20
279.0	64845	30	26	66150	33	1286	4021	25
279.0	65820	28	37	66151	17	1872	3839	25
279.0	64785	36	38	66152	30	3010	4278	18
279.0	65462	21	21	66153	20	4039	3288	16
279.0	65496	16	19	66154	11	4000	3256	14
279.0	65651	6	9	66155	3	4208	3359	15
279.0	65534	50	55	66156	44	1511	4678	23
279.0	65928	42	37	66157	45	1584	3220	18
279.0	65572	8	7	66158	8	3630	4152	15
279.0	65737	42	41	66159	42	2923	1323	23
279.0	65960	28	31	66160	25	2645	4501	17
279.0	65275	38	43	66161	30	4082	3222	13
279.0	65243	40	36	66162	44	2319	2330	22
279.0	65084	35	35	66163	34	2532	4221	23
279.0	65749	46	48	66164	44	2434	1502	21
279.0	65398	44	42	66165	44	1949	2623	21
279.0	65519	30	23	66166	33	2853	4451	20
279.0	65678	30	30	66167	29	1846	4160	23
279.0	65819	59	45	66168	55	1851	3729	24
279.0	65669	6	6	66169	6	4447	3268	17
279.0	65133	48	46	66170	48	1468	1677	21
279.0	65484	10	13	66171	7	2540	4110	21
279.0	65223	46	38	66172	53	2092	4029	20
279.0	65415	43	35	66173	47	2503	4768	25
280.0	65319	37	39	66174	35	3008	4301	25
280.0	65592	46	47	66175	41	837	4456	21
280.0	65993	31	28	66176	33	2931	2279	23
280.0	64845	26	24	66177	26	1286	4021	26
280.0	65127	21	17	66178	25	2541	2129	20
280.0	64887	46	50	66179	42	2351	4445	24
280.0	64957	39	44	66180	31	2595	1519	24
280.0	65504	42	41	66181	42	3370	4597	20
280.0	65777	48	51	66182	40	1409	2979	22
280.0	65772	42	42	66183	41	2991	4633	23
280.0	65458	27	18	66184	34	2490	2218	22
280.0	65084	35	38	66185	30	2532	4221	24
280.0	65579	24	23	66186	23	1553	2950	20
280.0	65880	42	49	66187	31	1780	3778	25
280.0	65797	36	35	66188	35	2172	2123	22
280.0	65505	25	23	66189	27	2470	1247	20
280.0	65865	9	6	66190	12	3692	4130	15
280.0	65656	52	43	66191	57	1670	4374	23
280.0	66029	32	30	66192	31	2018	2152	23
280.0	65981	32	34	66193	30	2708	4282	20
280.0	65082	15	14	66194	14	3440	2481	14
280.0	65960	31	26	66195	34	2645	4501	18
280.0	63692	16	16	66196	16	4242	2765	16
281.0	65870	36	37	66197	33	2313	5056	24
281.0	65527	4	4	66198	4	3780	3679	15
281.0	65159	35	34	66199	34	2368	4219	22
281.0	65714	33	31	66200	34	2950	4295	21
281.0	64603	27	14	66201	36	3140	2231	17
281.0	65328	39	36	66202	38	1708	3621	24
281.0	65764	28	31	66203	23	2059	4191	23
281.0	65682	52	52	66204	48	3152	4190	22
281.0	65307	9	8	66205	10	3310	2410	20
281.0	65082	14	11	66206	16	3440	2481	15
281.0	65017	33	27	66207	38	2823	1251	23
281.0	64306	39	40	66208	35	1620	4454	24
281.0	65526	29	26	66209	31	2786	1499	24
281.0	65177	25	23	66210	26	1549	3571	28
281.0	65584	41	46	66211	35	1729	3608	19
281.0	65273	17	22	66212	12	3839	3789	12
281.0	65654	26	25	66213	25	3710	4171	14
281.0	65781	45	42	66214	46	1632	3891	24
281.0	64132	15	17	66215	11	2510	4129	22
281.0	65609	16	22	66216	10	1541	2910	19
281.0	66050	35	39	66217	28	2662	4319	21
281.0	65655	38	36	66218	37	1782	3900	25
281.0	65323	29	22	66219	36	2117	1759	22
281.0	65854	30	29	66220	31	1571	2902	21
281.0	65095	36	42	66221	29	1591	1496	27
282.0	65770	36	41	66222	30	1522	3856	25
282.0	65411	49	52	66223	44	1129	3155	21
282.0	66022	21	17	66224	23	1731	3830	23
282.0	65562	34	28	66225	38	2870	2180	19
282.0	65733	50	45	66226	52	1620	2700	19
282.0	64806	49	54	66227	44	3608	4308	25
282.0	65307	8	6	66228	9	3310	2410	21
282.0	64331	28	30	66229	25	3123	4270	12
282.0	65823	53	48	66230	52	1454	2519	17
282.0	65312	46	39	66231	50	1368	4083	26
282.0	65820	37	38	66232	31	1872	3839	26
282.0	65891	28	26	66233	28	4003	4360	21
282.0	64603	14	15	66234	13	3140	2231	18
282.0	65837	32	28	66235	36	56	3430	22
282.0	64897	31	34	66236	24	2166	2220	24
282.0	65586	36	35	66237	36	1262	4208	24
282.0	65326	31	37	66238	25	3850	4232	13
282.0	65465	17	13	66239	20	1678	2712	21
282.0	65737	41	49	66240	31	2923	1323	24
282.0	64510	23	16	66241	30	1622	2950	22
282.0	65616	56	53	66242	47	2550	4639	24
282.0	66054	38	38	66243	36	1097	4207	22
282.0	65033	32	31	66244	30	1661	3668	20
282.0	65285	48	44	66245	47	1881	4187	17
282.0	64929	32	31	66246	30	2790	2049	16
282.0	65903	37	29	66247	44	2790	2221	20
283.0	65323	22	18	66248	26	2117	1759	23
283.0	65590	42	47	66249	35	2140	1732	24
283.0	65501	42	28	66250	53	1312	3958	25
283.0	64374	16	17	66251	15	1711	3649	16
283.0	65615	49	43	66252	55	2279	2199	21
283.0	65542	37	42	66253	30	2759	2131	18
283.0	65754	25	30	66254	18	1752	2840	20
283.0	65869	36	22	66255	47	1202	2990	21
283.0	65577	25	19	66256	29	1388	2933	21
283.0	65307	6	8	66257	4	3310	2410	22
283.0	65798	42	48	66258	31	1660	4081	24
283.0	65840	38	34	66259	40	1213	2544	20
283.0	65823	48	53	66260	43	1454	2519	18
283.0	65832	39	36	66261	40	1353	3992	26
283.0	64949	26	22	66262	30	2948	4170	16
283.0	64929	31	35	66263	24	2790	2049	17
283.0	65733	45	47	66264	38	1620	2700	20
283.0	65386	37	39	66265	33	1438	3084	22
283.0	65442	39	39	66266	36	1681	3599	21
283.0	65866	42	37	66267	46	1699	2683	21
283.0	65519	23	21	66268	24	2853	4451	21
283.0	65682	52	54	66269	46	3152	4190	23
283.0	65356	34	30	66270	38	2246	1549	21
283.0	65917	43	49	66271	35	2592	4348	26
284.0	64761	24	23	66272	25	3300	2118	20
284.0	64485	47	44	66273	48	2260	4196	25
284.0	64713	16	16	66274	16	2530	4368	19
284.0	65899	35	37	66275	33	963	4170	23
284.0	65960	26	19	66276	31	2660	4604	19
284.0	65781	42	40	66277	42	1632	3891	25
284.0	65630	30	29	66278	31	2127	2059	21
284.0	65349	50	46	66279	52	2402	1446	22
284.0	65677	31	26	66280	35	1971	2780	18
284.0	65578	39	40	66281	36	1166	2910	21
284.0	65686	15	15	66282	13	1753	2680	21
284.0	66027	18	14	66283	22	1829	2010	23
284.0	65278	27	25	66284	28	2772	4110	19
284.0	65509	23	24	66285	22	2720	4159	24
284.0	65857	48	44	66286	50	1681	3619	22
284.0	65474	37	38	66287	34	2420	2203	24
284.0	65789	51	52	66288	48	1868	4108	19
284.0	65409	20	20	66289	20	1782	2920	20
284.0	65806	39	44	66290	31	1457	4284	27
284.0	65615	43	36	66291	47	2279	2199	22
284.0	66193	30	38	66292	21	2687	4472	21
284.0	65613	31	25	66293	35	1701	3842	23
284.0	65732	44	43	66294	43	2537	1406	20
284.0	65501	28	23	66295	30	1312	3958	26
285.0	65674	18	16	66296	19	1539	3671	15
285.0	65976	32	37	66297	27	2850	1325	23
285.0	65980	48	54	66298	40	1598	2547	19
285.0	65190	34	37	66299	30	1591	2674	23
285.0	65615	36	39	66300	32	2279	2199	23
285.0	65772	42	37	66301	46	2991	4633	24
285.0	65611	42	29	66302	55	1659	3831	24
285.0	66005	37	36	66303	36	1781	4180	23
285.0	66177	26	26	66304	26	1273	4033	27
285.0	65152	27	32	66305	20	4129	3076	16
285.0	65075	46	36	66306	50	2579	1984	19
285.0	65938	35	40	66307	29	2791	1721	23
285.0	65701	11	13	66308	9	4182	2988	15
285.0	65285	44	46	66309	40	1960	4323	18
285.0	65488	34	27	66310	41	1195	3571	23
285.0	65881	17	17	66311	16	1801	2720	20
285.0	65901	34	33	66312	32	2268	1697	20
285.0	66022	17	22	66313	12	1731	3830	24
285.0	64806	54	51	66314	49	3701	4283	26
285.0	65474	38	37	66315	32	2420	2203	25
285.0	65826	26	29	66316	22	1359	4254	25
285.0	65448	39	40	66317	37	2310	5136	25
285.0	65315	23	23	66318	21	1260	4142	26
285.0	65713	35	37	66319	33	1585	3250	18
285.0	65918	21	20	66320	21	3335	4320	16
285.0	65565	32	35	66321	29	1769	3841	24
285.0	65671	40	42	66322	37	2686	1430	21
285.0	64893	19	18	66323	20	3890	3041	17
285.0	64957	44	48	66324	40	2595	1519	25
285.0	65134	36	40	66325	32	1577	3729	22
285.0	65552	15	14	66326	15	1641	2726	20
285.0	65307	8	6	66327	9	3310	2410	23
286.0	65061	30	26	66328	33	2431	4384	17
286.0	65435	22	15	66329	27	3551	4440	16
286.0	65319	39	46	66330	28	3008	4301	26
286.0	64768	40	36	66331	43	2792	4838	22
286.0	65370	38	39	66332	34	1652	2802	20
286.0	65558	53	48	66333	52	2103	1823	21
286.0	65285	46	49	66334	43	1960	4323	19
286.0	65827	36	39	66335	33	1541	4030	24
286.0	65135	18	18	66336	16	4159	3121	16
286.0	65718	44	45	66337	43	1456	4332	25
286.0	66101	43	45	66338	41	1522	2494	19
286.0	64745	6	6	66339	5	3278	4398	15
286.0	65670	52	50	66340	50	1630	3077	17
286.0	65152	32	35	66341	28	4129	3076	17
286.0	65003	50	44	66342	53	0	3479	23
286.0	64893	18	22	66343	14	3890	3041	18
286.0	65693	14	14	66344	14	3522	4371	15
286.0	66074	34	43	66345	23	2687	4500	18
286.0	66022	22	23	66346	20	1731	3830	25
286.0	65134	40	37	66347	41	1577	3729	23
286.0	65035	46	50	66348	40	1388	2874	19
286.0	65651	9	4	66349	13	4208	3359	16
286.0	65780	38	43	66350	31	1033	4152	23
286.0	64785	38	35	66351	37	3010	4257	19
286.0	66008	18	15	66352	21	2510	2248	23
286.0	65613	25	27	66353	23	1684	3842	24
287.0	64306	40	35	66354	43	1620	4454	25
287.0	66073	44	52	66355	35	1832	3850	24
287.0	65075	36	35	66356	37	2579	1984	20
287.0	65326	37	39	66357	33	3982	4251	14
287.0	66074	43	41	66358	40	2687	4500	19
287.0	65092	46	59	66359	31	1535	2551	20
287.0	65677	26	23	66360	29	1971	2780	19
287.0	66294	43	43	66361	40	2382	1359	21
287.0	65035	50	53	66362	43	1388	2874	20
287.0	65737	49	45	66363	51	2923	1323	25
287.0	65491	44	40	66364	46	1509	3771	25
287.0	65519	21	17	66365	25	2853	4451	22
287.0	65370	39	35	66366	43	1652	2802	21
287.0	65572	7	6	66367	8	3630	4152	16
287.0	65455	14	12	66368	15	4100	3261	18
287.0	65713	37	37	66369	35	1585	3250	19
287.0	65651	4	4	66370	4	4208	3359	17
287.0	66133	39	35	66371	42	1558	3140	22
287.0	64132	17	13	66372	19	2510	4129	23
287.0	65134	37	42	66373	29	1577	3729	24
287.0	65329	14	13	66374	15	4057	2939	19
287.0	65749	48	48	66375	48	2434	1502	22
287.0	65095	42	41	66376	41	1591	1496	28
287.0	65657	41	42	66377	38	1628	2759	19
287.0	65731	32	32	66378	31	1388	4317	24
287.0	65755	25	20	66379	30	4037	4523	20
287.0	65780	43	44	66380	41	1033	4152	24
288.0	66074	41	36	66381	44	2687	4500	20
288.0	64667	8	9	66382	7	3877	3780	13
288.0	65416	52	44	66383	56	1549	3197	22
288.0	65749	48	54	66384	42	2434	1502	23
288.0	66000	46	41	66385	47	1217	2509	22
288.0	65579	23	27	66386	18	1553	2950	21
288.0	66214	46	43	66387	45	1727	3970	25
288.0	65831	42	42	66388	38	558	4060	22
288.0	65484	13	14	66389	12	2540	4110	22
288.0	65731	32	33	66390	30	1388	4317	25
288.0	65681	20	22	66391	17	4378	2479	15
288.0	65504	41	38	66392	44	3370	4597	21
288.0	65965	43	40	66393	42	1562	2611	19
288.0	65884	17	14	66394	20	1820	2968	19
288.0	66325	32	28	66395	30	1577	3801	23
288.0	65134	42	35	66396	47	1577	3729	25
288.0	65678	30	35	66397	23	1846	4160	24
288.0	64887	50	59	66398	41	2271	4494	25
288.0	65474	37	42	66399	31	2420	2203	26
288.0	65149	45	39	66400	47	1428	4101	23
288.0	65657	42	40	66401	44	1628	2759	20
288.0	65370	35	26	66402	40	1652	2802	22
288.0	65952	41	43	66403	39	2339	2132	21
288.0	65755	20	17	66404	23	4081	4538	21
289.0	66074	36	34	66405	37	2687	4500	21
289.0	65931	20	15	66406	23	3591	3981	26
289.0	65971	45	46	66407	42	1619	3983	25
289.0	65474	42	35	66408	48	2420	2203	27
289.0	65411	52	45	66409	55	1129	3155	22
289.0	65611	29	20	66410	37	1659	3831	25
289.0	65438	45	43	66411	43	2063	2281	19
289.0	64510	16	22	66412	8	1622	2950	23
289.0	64768	36	35	66413	34	2792	4838	23
289.0	65777	51	50	66414	50	1234	3049	23
289.0	65895	44	48	66415	38	3096	4689	22
289.0	65952	43	45	66416	38	2339	2132	22
289.0	65737	45	46	66417	42	2923	1323	26
289.0	65504	38	43	66418	32	3370	4597	22
289.0	65323	18	14	66419	22	2117	1759	24
289.0	65901	33	40	66420	23	2456	1677	21
289.0	65534	55	55	66421	45	1511	4678	24
289.0	65889	59	54	66422	46	1652	2851	19
289.0	65422	46	38	66423	53	467	4320	22
289.0	66347	41	34	66424	45	1600	3864	24
289.0	65282	29	32	66425	25	1310	4050	26
289.0	65681	22	18	66426	25	4378	2479	16
289.0	65731	33	37	66427	28	1388	4317	26
290.0	63692	16	18	66428	11	4106	2680	17
290.0	65727	32	26	66429	36	2492	4289	17
290.0	66294	43	34	66430	48	2332	1300	22
290.0	65586	35	25	66431	43	1262	4208	25
290.0	65307	6	6	66432	6	3310	2410	24
290.0	65823	53	52	66433	48	1454	2519	19
290.0	65581	35	28	66434	40	853	3813	22
290.0	65940	41	45	66435	36	1492	2337	19
290.0	66162	44	44	66436	42	2351	2380	23
290.0	65747	43	40	66437	40	729	3930	23
290.0	63540	16	17	66438	15	3460	3981	20
290.0	66047	34	32	66439	32	1357	4182	23
290.0	66134	45	52	66440	37	1831	4338	25
290.0	66161	30	27	66441	31	4081	3149	14
290.0	65967	38	24	66442	51	2298	1548	21
290.0	65216	42	40	66443	44	2630	4310	19
290.0	65797	35	40	66444	30	2172	2123	23
290.0	65282	32	29	66445	34	1310	4050	27
290.0	65899	37	43	66446	30	842	4094	24
290.0	65411	45	44	66447	43	1129	3155	23
290.0	66117	58	48	66448	52	3064	4717	23
290.0	65544	41	36	66449	43	2140	2002	21
290.0	65168	28	28	66450	25	3079	4263	23
290.0	65939	9	7	66451	10	4099	2939	18
290.0	66074	34	34	66452	32	2687	4500	22
290.0	65895	48	45	66453	51	3096	4689	23
291.0	65940	45	52	66454	33	1492	2337	20
291.0	65448	40	40	66455	39	2310	5136	26
291.0	66439	32	27	66456	32	1342	4182	24
291.0	65586	25	26	66457	22	1262	4208	26
291.0	65478	34	33	66458	34	1480	3003	23
291.0	65889	54	50	66459	50	1652	2851	20
291.0	65832	36	44	66460	27	1482	3966	27
291.0	66107	27	22	66461	29	1622	3521	21
291.0	65761	27	31	66462	23	2015	4371	23
291.0	65315	23	21	66463	24	1260	4142	27
291.0	66188	35	37	66464	32	2247	2121	23
291.0	64929	35	39	66465	31	2790	2049	18
291.0	65312	39	40	66466	32	1368	4083	27
291.0	64845	24	22	66467	25	1286	4021	27
291.0	65348	57	49	66468	51	970	4219	25
291.0	66101	45	41	66469	46	1522	2494	20
291.0	65659	22	20	66470	24	4049	3209	13
291.0	64713	16	21	66471	11	2490	4356	20
291.0	65579	27	30	66472	22	1553	2950	22
291.0	65133	46	46	66473	43	1468	1677	22
291.0	66002	16	18	66474	13	1336	4309	25
291.0	65908	18	17	66475	17	1570	2950	22
291.0	65983	24	27	66476	19	2331	1624	25
292.0	65009	23	20	66477	24	1771	2621	22
292.0	65675	12	11	66478	13	1588	2950	22
292.0	65467	27	31	66479	23	1817	1998	23
292.0	65953	46	40	66480	51	3982	4639	22
292.0	65691	38	37	66481	37	2820	4470	21
292.0	65976	37	44	66482	29	2850	1325	24
292.0	65022	40	40	66483	38	1717	4099	19
292.0	65745	16	17	66484	15	3612	4090	17
292.0	65960	19	14	66485	22	2685	4722	20
292.0	66277	42	41	66486	41	1671	3978	26
292.0	66240	31	26	66487	34	3019	1271	25
292.0	65761	31	31	66488	30	2015	4371	24
292.0	65832	44	47	66489	39	1482	3966	28
292.0	66325	28	26	66490	29	1560	3818	24
292.0	65701	13	14	66491	12	4182	2988	16
292.0	65538	32	32	66492	30	2650	2054	18
292.0	65326	39	37	66493	41	4081	4163	15
292.0	66118	43	49	66494	35	731	3872	23
292.0	66002	18	23	66495	12	1336	4309	26
292.0	65682	54	53	66496	47	3152	4190	24
292.0	65307	6	7	66497	5	3310	2410	25
292.0	65202	49	52	66498	44	2221	4638	21
292.0	65918	20	19	66499	21	3344	4492	17
292.0	64579	19	15	66500	23	1635	4410	27
292.0	65501	23	23	66501	21	1312	3958	27
292.0	64911	26	33	66502	19	2496	1381	22
292.0	66177	26	24	66503	26	1260	3976	28
292.0	65686	15	16	66504	14	1753	2680	22
292.0	65709	38	35	66505	40	1518	4362	25
292.0	65095	41	40	66506	42	1591	1496	29
292.0	65322	34	28	66507	39	1737	2619	16
293.0	65386	39	36	66508	40	1224	3103	23
293.0	65747	40	39	66509	40	771	3884	24
293.0	65544	36	32	66510	39	2140	2002	22
293.0	64681	45	46	66511	42	1712	1180	20
293.0	65538	32	31	66512	30	2650	2054	19
293.0	66295	30	26	66513	33	1324	3970	27
293.0	66102	30	29	66514	31	1633	4070	24
293.0	65690	42	43	66515	35	1437	4223	22
293.0	65795	30	26	66516	29	2850	1379	23
293.0	66101	41	32	66517	48	1522	2494	21
293.0	66298	40	37	66518	39	1752	2417	20
293.0	64485	44	44	66519	42	2188	4210	26
293.0	65686	16	14	66520	18	1753	2680	23
293.0	65786	12	10	66521	14	1504	3671	16
293.0	65675	11	12	66522	10	1588	2950	23
293.0	66000	41	41	66523	39	1217	2509	23
293.0	66107	22	24	66524	19	1622	3521	22
293.0	66294	34	33	66525	34	2287	1261	23
293.0	65835	45	47	66526	41	2665	1501	22
293.0	65728	14	16	66527	10	3421	4259	19
293.0	65754	30	33	66528	24	1752	2840	21
293.0	65282	29	32	66529	24	1310	4050	28
293.0	65063	33	31	66530	33	1768	4237	23
293.0	65961	37	36	66531	35	2036	1422	21
294.0	66105	46	44	66532	45	2753	4823	22
294.0	66067	26	24	66533	27	1488	3749	26
294.0	65772	37	35	66534	37	2848	4639	25
294.0	66294	33	30	66535	33	2287	1261	24
294.0	65491	40	44	66536	33	1509	3771	26
294.0	65672	28	29	66537	27	3559	4110	15
294.0	65654	25	24	66538	24	3710	4171	15
294.0	66058	16	11	66539	19	4242	2777	16
294.0	65870	37	31	66540	41	2313	5056	25
294.0	64957	48	51	66541	41	2595	1519	26
294.0	66080	23	13	66542	33	1618	3973	24
294.0	66177	24	21	66543	27	1260	3976	29
294.0	65483	34	30	66544	35	2029	1552	25
294.0	65312	40	35	66545	44	1368	4083	28
294.0	65322	28	33	66546	22	1737	2619	17
294.0	65544	32	36	66547	26	2140	2002	23
294.0	65538	31	34	66548	24	2650	2054	20
294.0	65674	16	14	66549	17	1539	3671	16
295.0	64306	35	31	66550	39	1620	4454	26
295.0	66067	24	28	66551	19	1488	3749	27
295.0	66027	14	8	66552	18	1829	2010	24
295.0	66310	41	43	66553	36	1064	3460	24
295.0	65312	35	43	66554	25	1368	4083	29
295.0	66021	39	34	66555	42	2437	1273	22
295.0	65590	47	46	66556	46	2140	1732	25
295.0	65650	41	42	66557	38	1620	2525	19
295.0	66501	21	19	66558	23	1299	3970	28
295.0	65282	32	27	66559	37	1310	4050	29
295.0	65970	26	30	66560	19	2147	1759	22
295.0	65778	36	32	66561	36	2508	1968	22
295.0	65870	31	30	66562	30	2313	5056	26
295.0	66379	30	27	66563	32	3991	4474	21
295.0	65674	14	8	66564	19	1539	3671	17
295.0	66049	43	47	66565	39	2809	1174	20
295.0	63540	17	13	66566	21	3460	3981	21
295.0	65826	29	26	66567	29	1362	4346	26
295.0	66005	36	42	66568	29	1781	4180	24
295.0	64957	51	50	66569	46	2595	1519	27
295.0	66007	32	32	66570	31	1234	2598	23
296.0	66240	26	25	66571	24	3092	1205	26
296.0	66020	32	24	66572	38	1288	4321	25
296.0	65891	26	26	66573	25	4003	4360	22
296.0	65749	54	50	66574	50	2434	1502	24
296.0	65478	33	34	66575	30	1451	3122	24
296.0	66135	39	38	66576	38	2269	4250	25
296.0	65519	17	18	66577	16	2853	4451	23
296.0	65913	55	55	66578	45	1759	4284	25
296.0	65908	17	15	66579	19	1570	2950	23
296.0	64887	59	54	66580	46	2271	4494	26
296.0	66021	34	40	66581	27	2437	1273	23
296.0	65755	17	18	66582	13	4108	4571	22
296.0	66424	45	49	66583	39	1521	3882	25
296.0	65656	43	44	66584	40	1670	4374	24
296.0	65569	44	51	66585	36	2143	1851	21
296.0	65501	23	23	66586	22	1312	3958	28
296.0	65197	37	28	66587	41	1589	2291	19
296.0	65982	43	43	66588	43	1937	804	20
296.0	65152	35	29	66589	39	4129	3076	18
296.0	65841	18	20	66590	15	3921	2761	13
296.0	64603	15	12	66591	17	3140	2231	19
296.0	64806	51	42	66592	57	3701	4283	27
296.0	65671	42	40	66593	43	2686	1430	22
296.0	65669	6	5	66594	6	4447	3268	18
296.0	65900	61	56	66595	44	1259	4063	24
296.0	65348	49	43	66596	54	970	4219	26
296.0	65997	53	48	66597	52	1374	3040	20
296.0	66197	33	33	66598	30	2318	5110	25
296.0	65967	24	28	66599	18	2298	1548	22
296.0	64744	28	27	66600	28	3969	4360	23
296.0	66007	32	38	66601	25	1234	2598	24
296.0	65243	36	34	66602	36	2319	2330	23
297.0	65859	33	37	66603	28	2748	4706	21
297.0	66101	32	34	66604	28	1522	2494	22
297.0	65667	28	16	66605	39	2541	1842	25
297.0	66342	53	59	66606	41	90	3499	24
297.0	64122	28	30	66607	24	2961	2190	19
297.0	65897	56	45	66608	55	3018	4511	21
297.0	65992	49	53	66609	43	1474	2499	18
297.0	65934	51	48	66610	51	878	4474	23
297.0	66044	30	28	66611	32	1510	3943	25
297.0	65285	49	49	66612	45	2130	4327	20
297.0	65831	42	48	66613	34	539	3990	23
297.0	64603	12	9	66614	14	3140	2231	20
297.0	66265	33	36	66615	30	1253	3027	23
297.0	65902	30	32	66616	28	1856	1752	24
297.0	66325	26	22	66617	29	1560	3818	25
297.0	65956	49	51	66618	44	1129	3375	19
297.0	65262	35	37	66619	32	1698	4170	23
297.0	66424	49	42	66620	55	1521	3882	26
297.0	66242	47	45	66621	48	2567	4622	25
297.0	66062	49	46	66622	50	1093	4230	23
297.0	65840	34	31	66623	35	1213	2544	21
297.0	65395	39	43	66624	35	1562	3210	22
297.0	65936	41	46	66625	35	3029	4322	24
297.0	66137	27	28	66626	24	1461	2869	21
297.0	65651	4	3	66627	5	4208	3359	18
297.0	64957	50	49	66628	48	2595	1519	28
297.0	64745	6	8	66629	4	3222	4441	16
297.0	65488	27	28	66630	26	1341	3638	24
298.0	66368	15	10	66631	20	4059	3279	19
298.0	66308	9	9	66632	8	4153	2959	16
298.0	65918	19	18	66633	19	3389	4566	18
298.0	65984	30	24	66634	34	2042	4428	23
298.0	66076	21	19	66635	23	2220	4130	20
298.0	65837	28	27	66636	28	303	3477	23
298.0	66379	27	23	66637	29	3991	4474	22
298.0	66374	15	12	66638	16	4084	2691	20
298.0	65827	39	37	66639	41	1486	4061	25
298.0	65854	29	33	66640	25	1571	2902	22
298.0	65562	28	25	66641	31	2870	2180	20
298.0	66047	32	35	66642	28	1478	4233	24
298.0	65814	58	47	66643	53	2870	4252	23
298.0	65586	26	29	66644	21	1313	4206	27
298.0	65488	28	24	66645	32	1341	3638	25
298.0	66021	40	43	66646	35	2437	1273	24
298.0	65168	28	22	66647	32	3129	4290	24
298.0	66105	44	34	66648	51	2753	4823	23
298.0	66137	28	30	66649	26	1461	2869	22
298.0	65921	50	46	66650	53	1232	4262	24
298.0	65902	32	37	66651	26	1856	1752	25
298.0	64845	22	15	66652	28	1286	4021	28
298.0	65725	20	23	66653	16	2722	4501	24
298.0	65778	32	31	66654	32	2508	1968	23
298.0	65217	17	18	66655	16	3310	2240	15
298.0	65925	49	50	66656	46	2812	5116	25
298.0	66504	14	11	66657	16	1759	2751	23
299.0	65900	56	51	66658	49	1259	4063	25
299.0	66294	30	30	66659	28	2187	1242	25
299.0	64639	40	43	66660	32	1462	2499	19
299.0	65961	36	34	66661	35	2036	1422	22
299.0	66368	10	13	66662	7	4059	3279	20
299.0	65996	35	39	66663	30	1621	4204	26
299.0	65615	39	32	66664	45	2279	2199	24
299.0	65422	38	42	66665	34	259	4293	23
299.0	66082	47	53	66666	40	616	4084	22
299.0	66054	38	31	66667	42	878	4429	23
299.0	65787	21	17	66668	23	1592	2861	19
299.0	66125	36	30	66669	41	2621	1579	21
299.0	66191	57	53	66670	47	1539	4411	24
299.0	66335	33	30	66671	35	1406	4138	25
299.0	66193	38	27	66672	48	2941	4424	22
299.0	65882	39	34	66673	42	1114	4012	23
299.0	65826	26	30	66674	21	1362	4346	27
299.0	66384	42	40	66675	44	2397	1582	24
299.0	65827	37	33	66676	37	1486	4061	26
299.0	66255	47	34	66677	57	1019	2957	22
299.0	65048	35	33	66678	36	3960	3050	12
299.0	65678	35	24	66679	42	1846	4160	25
299.0	65562	25	19	66680	30	2870	2180	21
299.0	65505	23	19	66681	25	2560	1129	21
300.0	65693	14	12	66682	13	3531	4410	16
300.0	66214	43	49	66683	34	1727	3970	26
300.0	65384	36	38	66684	33	1266	4321	25
300.0	65787	17	12	66685	22	1592	2861	20
300.0	66170	48	48	66686	46	1468	1696	22
300.0	65455	12	14	66687	9	4100	3261	19
300.0	66158	8	4	66688	11	3699	4040	16
300.0	66207	38	33	66689	40	2814	1528	24
300.0	65932	31	26	66690	35	1769	1429	24
300.0	65216	40	43	66691	36	2751	4398	20
300.0	66018	35	42	66692	24	1866	5028	23
300.0	66221	29	28	66693	28	1760	1166	28
300.0	65615	32	34	66694	29	2279	2199	25
300.0	66309	40	39	66695	40	2031	4328	19
300.0	65168	22	21	66696	21	3129	4290	25
300.0	66009	25	30	66697	18	4110	3100	13
300.0	65823	52	54	66698	46	1454	2519	20
300.0	66276	31	27	66699	35	2660	4593	20
300.0	66191	53	51	66700	49	1539	4411	25
300.0	65764	31	32	66701	27	2059	4191	24
300.0	65918	18	18	66702	17	3389	4566	19
