time_hr	parent_id	parent_ecDNA_before	parent_ecDNA_after	daughter_id	daughter_ecDNA	x	y	generation
26.0	6866	20	21	6868	18	900	900	1
29.0	6865	20	16	6869	24	1000	1000	1
30.0	6867	20	19	6870	18	1112	1029	1
39.0	6865	16	13	6871	18	1000	1000	2
40.0	6865	13	15	6872	11	1000	1000	3
46.0	6871	18	13	6873	23	966	943	3
47.0	6868	18	20	6874	14	920	900	2
49.0	6866	21	19	6875	22	900	900	2
52.0	6867	19	16	6876	21	1070	1017	2
55.0	6865	15	14	6877	15	1000	1000	4
55.0	6866	19	21	6878	17	900	900	3
59.0	6868	20	24	6879	13	934	886	3
61.0	6867	16	12	6880	19	1070	1017	3
62.0	6870	18	15	6881	19	1028	978	2
63.0	6869	24	20	6882	28	1133	1126	2
64.0	6872	11	9	6883	13	1082	904	4
64.0	6866	21	22	6884	19	900	900	4
65.0	6876	21	22	6885	20	1090	1077	3
65.0	6868	24	23	6886	25	954	886	4
66.0	6868	23	24	6887	21	954	886	5
66.0	6874	14	16	6888	12	936	916	3
67.0	6869	20	12	6889	28	1133	1126	3
70.0	6866	22	19	6890	24	900	900	5
71.0	6867	12	12	6891	12	1070	1017	4
74.0	6870	15	13	6892	14	1028	978	3
74.0	6872	9	11	6893	7	1082	904	5
74.0	6865	14	15	6894	13	1000	1000	5
75.0	6870	13	13	6895	12	1028	978	4
75.0	6865	15	20	6896	10	1000	1000	6
76.0	6874	16	12	6897	19	936	916	4
76.0	6875	22	30	6898	13	982	834	3
77.0	6875	30	30	6899	28	982	834	4
77.0	6879	13	11	6900	14	990	869	4
77.0	6874	12	13	6901	9	936	916	5
78.0	6874	13	10	6902	16	936	916	6
78.0	6868	24	21	6903	23	954	886	6
79.0	6885	20	21	6904	18	1037	1044	4
79.0	6873	23	17	6905	29	966	960	4
80.0	6886	25	20	6906	30	1019	846	5
81.0	6871	13	12	6907	13	973	941	4
81.0	6883	13	10	6908	16	1046	936	5
82.0	6866	19	16	6909	21	900	900	6
82.0	6871	12	9	6910	13	973	941	5
82.0	6884	19	19	6911	18	934	886	5
83.0	6881	19	15	6912	23	1020	929	3
83.0	6882	28	32	6913	24	1084	980	3
84.0	6912	23	25	6914	20	1031	917	4
84.0	6881	15	17	6915	13	1020	929	4
84.0	6873	17	19	6916	15	942	984	5
85.0	6878	17	16	6917	17	948	848	4
85.0	6893	7	6	6918	8	1035	892	6
85.0	6912	25	24	6919	26	1016	932	5
85.0	6887	21	18	6920	21	954	909	6
85.0	6875	30	29	6921	30	1054	868	5
85.0	6865	20	16	6922	23	1000	1000	7
86.0	6883	10	12	6923	8	1046	936	6
86.0	6890	24	27	6924	20	915	858	6
86.0	6867	12	8	6925	16	1070	1017	5
87.0	6877	15	16	6926	12	1062	1042	5
88.0	6879	11	9	6927	12	990	869	5
88.0	6877	16	16	6928	15	1062	1042	6
89.0	6869	12	9	6929	14	1133	1126	4
89.0	6889	28	29	6930	24	1133	1103	4
89.0	6870	13	9	6931	16	1028	978	5
89.0	6865	16	21	6932	11	1000	1000	8
90.0	6871	9	7	6933	11	973	941	6
90.0	6919	26	21	6934	29	1016	916	6
91.0	6886	20	20	6935	19	1019	846	6
91.0	6919	21	17	6936	23	1016	916	7
91.0	6877	16	12	6937	19	1076	1056	7
92.0	6876	22	22	6938	22	939	1165	4
92.0	6895	12	17	6939	7	1036	959	5
94.0	6880	19	14	6940	24	998	921	4
94.0	6874	10	9	6941	11	920	916	7
94.0	6872	11	12	6942	10	1153	910	6
94.0	6888	12	13	6943	11	938	1117	4
94.0	6896	10	10	6944	10	1048	1028	7
95.0	6907	13	13	6945	13	936	977	5
95.0	6875	29	29	6946	27	1054	851	6
95.0	6866	16	17	6947	15	900	900	7
95.0	6885	21	18	6948	23	1037	1066	5
95.0	6868	21	23	6949	19	954	886	7
95.0	6873	19	23	6950	12	930	996	6
96.0	6867	8	9	6951	7	1070	1017	6
96.0	6868	23	21	6952	24	954	886	8
96.0	6903	23	21	6953	25	868	799	7
96.0	6904	18	18	6954	18	1022	1102	5
96.0	6884	19	18	6955	19	902	854	6
96.0	6875	29	28	6956	27	1054	851	7
97.0	6887	18	14	6957	22	954	909	7
97.0	6912	24	19	6958	26	1032	932	6
97.0	6865	21	20	6959	20	1000	1000	9
97.0	6890	27	31	6960	22	851	794	7
97.0	6918	8	9	6961	7	1020	890	7
97.0	6901	9	11	6962	7	948	962	6
98.0	6890	31	28	6963	34	851	794	8
99.0	6894	13	10	6964	15	1055	1201	6
99.0	6875	28	23	6965	33	1054	851	8
99.0	6890	28	23	6966	30	851	794	9
99.0	6921	30	29	6967	29	1082	871	6
100.0	6915	13	9	6968	17	1075	912	5
101.0	6887	14	10	6969	17	954	909	8
101.0	6911	18	19	6970	17	867	883	6
101.0	6878	16	16	6971	15	900	800	5
101.0	6882	32	26	6972	36	1084	980	4
102.0	6889	29	28	6973	29	1071	1100	5
102.0	6882	26	28	6974	23	1084	980	5
102.0	6959	20	18	6975	21	999	1000	10
102.0	6915	9	7	6976	11	1075	912	6
102.0	6928	15	14	6977	16	1086	1042	7
103.0	6898	13	14	6978	12	967	819	4
103.0	6889	28	30	6979	26	1071	1100	6
103.0	6869	9	10	6980	8	1133	1126	5
103.0	6887	10	6	6981	14	954	909	9
103.0	6909	21	16	6982	26	786	787	7
103.0	6896	10	10	6983	10	1048	1028	8
103.0	6883	12	12	6984	10	1117	907	7
104.0	6886	20	14	6985	25	980	846	7
104.0	6929	14	13	6986	13	1244	1111	5
104.0	6887	6	3	6987	9	954	909	10
104.0	6897	19	19	6988	18	995	1069	5
105.0	6922	23	22	6989	21	1028	1028	8
105.0	6885	18	16	6990	18	1037	1066	6
105.0	6868	21	24	6991	16	954	886	9
105.0	6900	14	13	6992	14	992	869	5
105.0	6873	23	23	6993	20	915	1011	7
105.0	6931	16	19	6994	12	1034	971	6
106.0	6904	18	17	6995	18	1022	1102	6
106.0	6929	13	10	6996	16	1244	1111	6
106.0	6895	17	20	6997	14	1049	925	6
106.0	6871	7	10	6998	4	973	941	7
106.0	6925	16	14	6999	17	1138	1043	6
107.0	6875	23	20	7000	24	1054	830	9
107.0	6870	9	12	7001	5	1027	979	6
107.0	6879	9	7	7002	10	952	869	6
108.0	6892	14	12	7003	16	1020	1000	4
108.0	6886	14	12	7004	16	980	846	8
108.0	6953	25	25	7005	25	855	853	8
108.0	6866	17	14	7006	18	900	900	8
108.0	6877	12	10	7007	13	1113	1072	8
108.0	6929	10	14	7008	6	1244	1111	7
109.0	6930	24	27	7009	21	1154	1084	5
109.0	6955	19	18	7010	18	888	822	7
109.0	6916	15	19	7011	10	973	983	6
109.0	6919	17	16	7012	17	1032	916	8
109.0	6953	25	25	7013	24	855	853	9
109.0	6894	10	11	7014	9	1055	1201	7
109.0	6872	12	9	7015	14	1153	910	7
109.0	6890	23	20	7016	24	835	778	10
109.0	6917	17	16	7017	18	960	835	5
110.0	6891	12	8	7018	14	1111	1103	5
110.0	6930	27	29	7019	24	1154	1084	6
110.0	6888	13	11	7020	15	967	1148	5
110.0	6905	29	23	7021	34	872	1013	5
110.0	6955	18	19	7022	17	888	822	8
110.0	6884	18	18	7023	18	870	822	7
110.0	6890	20	21	7024	18	835	778	11
111.0	6899	28	28	7025	27	988	820	5
111.0	6888	11	15	7026	7	967	1148	6
111.0	6912	19	15	7027	23	1032	932	7
111.0	6907	13	5	7028	20	822	1009	6
111.0	6942	10	5	7029	15	1178	935	7
111.0	6931	19	23	7030	15	1034	989	7
111.0	6893	6	7	7031	4	1035	833	7
111.0	6933	11	11	7032	11	948	965	7
111.0	6898	14	13	7033	14	978	808	5
111.0	6902	16	16	7034	15	913	996	7
111.0	6955	19	19	7035	17	888	822	9
112.0	6884	18	14	7036	19	852	822	8
112.0	6902	16	15	7037	17	913	996	8
112.0	6906	30	32	7038	28	1033	860	6
113.0	6897	19	18	7039	19	995	1069	6
113.0	6961	7	9	7040	4	1045	889	8
113.0	6906	32	36	7041	27	1033	860	7
114.0	6878	16	17	7042	15	868	768	6
114.0	6935	19	19	7043	18	1069	780	7
114.0	6920	21	26	7044	16	927	898	7
114.0	6867	9	8	7045	10	1070	1017	7
114.0	6922	22	20	7046	24	1028	1046	9
114.0	6894	11	9	7047	11	1034	1339	8
114.0	6924	20	18	7048	21	756	640	7
115.0	6923	8	8	7049	8	1144	877	7
115.0	6955	19	20	7050	18	888	822	10
115.0	6988	18	17	7051	18	970	1093	6
115.0	6874	9	7	7052	11	920	916	8
115.0	6904	17	18	7053	16	1022	1102	7
116.0	6903	21	19	7054	19	759	899	8
116.0	6901	11	17	7055	4	936	990	7
116.0	6960	22	16	7056	26	836	850	8
116.0	6927	12	14	7057	9	868	789	6
116.0	6902	15	19	7058	10	913	996	9
117.0	6876	22	25	7059	18	691	1178	5
117.0	6971	15	15	7060	15	881	737	6
117.0	6868	24	30	7061	17	954	886	10
117.0	6880	14	16	7062	11	982	921	5
117.0	6867	8	7	7063	9	1070	1017	8
117.0	6950	12	10	7064	13	915	1031	7
117.0	6896	10	10	7065	10	1048	1028	9
117.0	6870	12	14	7066	10	1027	997	7
117.0	6927	14	15	7067	13	868	789	7
118.0	6881	17	15	7068	18	990	959	5
118.0	6920	26	25	7069	25	927	898	8
118.0	6913	24	17	7070	31	1171	993	4
118.0	6866	14	10	7071	18	900	900	9
118.0	6885	16	17	7072	12	1037	1066	7
118.0	6868	30	32	7073	27	954	886	11
118.0	6879	7	6	7074	8	952	800	7
119.0	6931	23	23	7075	21	1034	989	8
119.0	6909	16	12	7076	18	729	729	8
119.0	6921	29	29	7077	26	1156	832	7
119.0	6947	15	16	7078	13	814	821	8
119.0	7008	6	5	7079	6	1216	1138	8
119.0	6871	10	7	7080	11	973	941	8
119.0	6908	16	16	7081	16	1074	883	6
119.0	6928	14	11	7082	15	1086	1042	8
120.0	6929	14	15	7083	13	1244	1111	8
120.0	6877	10	11	7084	9	1129	1088	9
120.0	6952	24	23	7085	23	899	853	9
120.0	6897	18	19	7086	16	995	1069	7
120.0	6956	27	27	7087	26	1108	783	8
120.0	6918	9	6	7088	11	1020	890	8
120.0	6957	22	21	7089	22	942	897	8
120.0	6922	20	20	7090	20	1028	1046	10
120.0	6959	18	15	7091	20	999	1000	11
120.0	6947	16	9	7092	23	814	821	9
120.0	6916	19	20	7093	18	973	983	7
120.0	6898	13	14	7094	12	978	716	6
120.0	6919	16	18	7095	13	1032	916	9
120.0	6976	11	10	7096	10	1107	858	7
121.0	7008	5	3	7097	6	1216	1138	9
121.0	6879	6	9	7098	3	952	800	8
121.0	6917	16	13	7099	18	929	765	6
121.0	6998	4	4	7100	4	948	965	8
121.0	6929	15	19	7101	11	1244	1111	9
121.0	6925	14	13	7102	13	1161	1043	7
121.0	6877	11	10	7103	12	1129	1088	10
121.0	6882	28	24	7104	30	1105	980	6
121.0	6975	21	24	7105	18	1024	974	11
121.0	6933	11	9	7106	12	924	989	8
122.0	6912	15	10	7107	18	1020	944	8
122.0	6966	30	37	7108	21	781	685	10
122.0	6881	15	19	7109	10	990	959	6
122.0	6905	23	27	7110	19	834	1051	6
122.0	6895	20	20	7111	17	1074	924	7
122.0	6907	5	5	7112	4	647	1092	7
122.0	6887	3	4	7113	2	954	909	11
122.0	6937	19	16	7114	21	1075	1088	8
122.0	6894	9	7	7115	11	1107	1402	9
122.0	6983	10	8	7116	12	1100	1059	9
122.0	6932	11	10	7117	11	999	1047	9
122.0	6872	9	12	7118	6	1153	910	8
122.0	6949	19	19	7119	19	946	690	8
123.0	6876	25	25	7120	25	646	1208	6
123.0	6948	23	23	7121	20	1022	1080	6
123.0	6970	17	15	7122	19	743	1027	7
123.0	7029	15	14	7123	16	1257	1059	8
123.0	6966	37	38	7124	33	781	685	11
123.0	6937	16	16	7125	15	1075	1088	9
123.0	7000	24	24	7126	23	1101	784	10
123.0	7017	18	21	7127	14	956	746	6
123.0	6940	24	21	7128	26	1014	921	5
123.0	6869	10	9	7129	11	1133	1126	6
123.0	6977	16	17	7130	13	1132	1042	8
123.0	6881	19	18	7131	18	990	959	7
123.0	6938	22	17	7132	26	897	1300	5
123.0	6878	17	13	7133	20	868	768	7
123.0	6930	29	31	7134	26	1170	1100	7
123.0	6904	18	16	7135	19	1022	1102	8
123.0	6986	13	12	7136	14	1227	1195	6
123.0	6952	23	23	7137	21	899	853	10
124.0	6886	12	15	7138	9	980	846	9
124.0	6941	11	10	7139	11	921	956	8
124.0	7044	16	13	7140	18	915	870	8
124.0	6935	19	20	7141	18	1069	780	8
124.0	6943	11	12	7142	10	1050	1378	5
124.0	6900	13	14	7143	12	1010	869	6
124.0	6920	25	23	7144	26	927	898	9
124.0	6901	17	15	7145	17	912	1014	8
124.0	6923	8	5	7146	10	1144	877	8
124.0	6873	23	20	7147	25	891	1035	8
124.0	6992	14	15	7148	13	992	869	6
124.0	7004	16	19	7149	12	1031	859	9
124.0	6950	10	12	7150	8	935	1031	8
124.0	6948	23	33	7151	12	1022	1080	7
124.0	6909	12	11	7152	11	696	714	9
124.0	6958	26	31	7153	18	1001	947	7
124.0	6880	16	18	7154	12	982	921	6
125.0	6939	7	5	7155	9	1106	932	6
125.0	6889	30	29	7156	30	1027	1171	7
125.0	6956	27	18	7157	34	1108	741	9
125.0	6951	7	8	7158	6	1159	1017	7
125.0	6942	5	4	7159	5	1223	980	8
125.0	6921	29	30	7160	28	1156	832	8
125.0	7047	11	14	7161	8	997	1321	9
125.0	6910	13	10	7162	16	960	993	6
125.0	6936	23	23	7163	21	1133	833	8
125.0	6880	18	22	7164	14	982	921	7
125.0	6884	14	19	7165	8	837	837	9
125.0	7004	19	14	7166	23	1031	859	10
125.0	6977	17	18	7167	16	1132	1042	9
125.0	6894	7	4	7168	8	1107	1402	10
126.0	6984	10	8	7169	10	1129	894	8
126.0	6925	13	8	7170	18	1161	1043	8
126.0	6891	8	9	7171	7	1103	1163	6
126.0	6954	18	18	7172	18	1009	1133	6
126.0	6910	10	11	7173	9	960	993	7
126.0	6988	17	17	7174	15	940	1106	7
126.0	7035	17	19	7175	15	870	822	10
126.0	6934	29	31	7176	27	1124	860	7
126.0	6980	8	6	7177	10	1054	1186	6
126.0	6880	22	24	7178	20	982	921	8
126.0	6994	12	7	7179	16	1083	970	7
126.0	6973	29	26	7180	30	1065	1132	6
126.0	6874	7	4	7181	10	920	916	9
126.0	6991	16	15	7182	16	915	853	10
126.0	6969	17	18	7183	13	943	968	9
126.0	6951	8	3	7184	13	1159	1017	8
126.0	6915	7	4	7185	8	1108	906	7
127.0	7001	5	8	7186	2	1080	986	7
127.0	6961	9	9	7187	9	1058	902	9
127.0	6940	21	23	7188	18	1030	937	6
127.0	6922	20	20	7189	19	1028	1046	11
127.0	6884	19	20	7190	17	837	837	10
127.0	6988	17	11	7191	22	940	1106	8
127.0	6963	34	33	7192	34	763	887	9
127.0	6908	16	21	7193	9	1074	883	7
127.0	7037	17	16	7194	17	843	1019	9
127.0	6897	19	19	7195	18	982	1082	8
127.0	6974	23	24	7196	21	1141	1016	6
127.0	6868	32	31	7197	32	983	857	12
127.0	6909	11	8	7198	14	696	714	10
127.0	6881	18	16	7199	18	990	959	8
128.0	7013	24	27	7200	20	843	864	10
128.0	6973	26	30	7201	21	1065	1132	7
128.0	7063	9	7	7202	11	1107	1033	9
128.0	6903	19	14	7203	22	744	914	9
128.0	6977	18	20	7204	15	1148	1058	10
128.0	7020	15	10	7205	17	994	1122	6
128.0	7037	16	16	7206	13	843	1019	10
129.0	6981	14	16	7207	12	943	952	10
129.0	6916	20	19	7208	21	973	999	8
129.0	7022	17	16	7209	18	883	766	9
129.0	7030	15	18	7210	12	1055	989	8
129.0	7029	14	19	7211	9	1257	1059	9
129.0	7172	18	15	7212	21	994	1163	7
129.0	6875	20	19	7213	18	1095	810	10
129.0	6902	19	18	7214	18	860	1006	10
129.0	7044	13	11	7215	15	915	870	9
129.0	6924	18	17	7216	19	746	592	8
129.0	7020	10	8	7217	12	994	1122	7
130.0	6995	18	10	7218	26	1009	1114	7
130.0	7172	15	17	7219	13	994	1163	8
130.0	6913	17	18	7220	16	1171	993	5
130.0	6974	24	24	7221	23	1141	1016	7
130.0	7005	25	25	7222	23	788	919	9
130.0	6950	12	11	7223	12	923	1019	9
130.0	7138	9	11	7224	7	965	808	10
130.0	6972	36	32	7225	39	1477	983	5
130.0	7016	24	21	7226	26	835	799	11
130.0	7029	19	17	7227	19	1257	1059	10
130.0	6871	7	10	7228	4	951	935	9
130.0	6957	21	18	7229	24	953	886	9
130.0	6993	20	17	7230	23	895	1078	8
130.0	6968	17	17	7231	17	1090	917	6
130.0	6961	9	5	7232	12	1058	902	10
130.0	7038	28	29	7233	26	1020	892	7
130.0	7003	16	8	7234	22	1078	1012	5
130.0	6951	3	2	7235	4	1174	1017	9
130.0	6959	15	17	7236	11	999	1018	12
130.0	6930	31	37	7237	23	1186	1116	8
130.0	6896	10	6	7238	14	1048	1028	10
130.0	6999	17	16	7239	18	1213	1043	7
131.0	6908	21	24	7240	17	1074	883	8
131.0	7150	8	8	7241	8	912	1046	9
131.0	6941	10	10	7242	10	908	943	9
131.0	7000	24	21	7243	27	1101	764	11
131.0	6920	23	20	7244	22	927	898	10
131.0	6884	20	19	7245	19	837	837	11
131.0	6949	19	20	7246	18	946	690	9
131.0	6925	8	12	7247	4	1161	1043	9
131.0	6882	24	25	7248	23	1116	991	7
131.0	6904	16	12	7249	19	1022	1102	9
131.0	7138	11	9	7250	12	965	808	11
131.0	6883	12	10	7251	12	1153	922	8
131.0	6879	9	8	7252	9	928	776	9
131.0	7086	16	18	7253	14	953	1070	8
131.0	6961	5	8	7254	2	1058	902	11
131.0	6944	10	8	7255	11	1101	1082	8
131.0	7167	16	19	7256	13	1180	1071	10
131.0	7196	21	25	7257	16	1152	1004	7
132.0	7044	11	9	7258	11	915	870	10
132.0	7039	19	23	7259	14	950	1124	7
132.0	6869	9	7	7260	10	1133	1126	7
132.0	6925	12	9	7261	14	1161	1043	10
132.0	7196	25	20	7262	28	1152	1004	8
132.0	6948	33	34	7263	30	1022	1080	8
132.0	7167	19	21	7264	16	1216	1107	11
132.0	7036	19	15	7265	19	798	875	9
132.0	7189	19	16	7266	21	1002	1062	12
132.0	6866	10	5	7267	15	900	918	10
132.0	6978	12	10	7268	14	952	712	5
132.0	6904	12	12	7269	12	1022	1102	10
132.0	7007	13	13	7270	13	1063	1176	9
132.0	7042	15	15	7271	14	850	725	7
132.0	6993	17	14	7272	20	895	1078	9
132.0	6894	4	2	7273	5	1107	1402	11
132.0	6958	31	34	7274	27	1001	947	8
132.0	6990	18	14	7275	20	1079	1066	7
133.0	7048	21	18	7276	24	738	640	8
133.0	6939	5	3	7277	6	1106	932	7
133.0	6926	12	10	7278	13	1167	1116	6
133.0	6899	28	24	7279	32	1001	761	6
133.0	6997	14	15	7280	13	1070	959	7
133.0	6910	11	7	7281	15	960	993	8
133.0	6891	9	6	7282	11	1123	1186	7
133.0	6936	23	26	7283	20	1187	779	9
133.0	7015	14	19	7284	9	1232	1006	8
133.0	6865	20	22	7285	16	969	1049	10
133.0	6927	15	16	7286	12	852	773	8
133.0	6921	30	32	7287	25	1232	843	9
133.0	7009	21	24	7288	18	1305	981	6
133.0	7057	9	13	7289	4	851	805	7
133.0	6905	27	23	7290	30	768	1051	7
133.0	6972	32	34	7291	26	1477	983	6
133.0	7004	14	17	7292	10	1031	859	11
133.0	6901	15	16	7293	13	885	1002	9
133.0	6960	16	17	7294	15	793	893	9
133.0	7007	13	12	7295	13	1063	1176	10
133.0	6947	9	10	7296	8	792	821	10
134.0	7007	12	13	7297	10	1063	1176	11
134.0	6917	13	9	7298	12	905	719	7
134.0	6963	33	39	7299	26	763	887	10
134.0	7062	11	12	7300	10	1030	921	6
134.0	6868	31	28	7301	34	983	857	13
134.0	6966	38	40	7302	31	781	685	12
134.0	7003	8	8	7303	8	1078	1012	6
134.0	6906	36	31	7304	41	1051	860	8
134.0	7014	9	10	7305	7	1032	1241	8
134.0	6957	18	18	7306	16	953	886	10
134.0	6939	3	3	7307	2	1106	932	8
134.0	6943	12	12	7308	12	1150	1568	6
134.0	6946	27	22	7309	31	1053	666	7
134.0	7047	14	17	7310	8	969	1296	10
134.0	7057	13	17	7311	9	851	805	8
135.0	7044	9	6	7312	11	915	870	11
135.0	6942	4	3	7313	5	1223	980	9
135.0	7024	18	16	7314	20	744	814	12
135.0	7074	8	8	7315	7	912	738	8
135.0	6917	9	11	7316	7	905	719	8
135.0	7056	26	22	7317	29	778	907	9
135.0	7007	13	10	7318	15	1063	1176	12
135.0	6960	17	14	7319	19	793	893	10
135.0	6893	7	10	7320	3	1048	801	8
135.0	6889	29	27	7321	30	1047	1189	8
135.0	7081	16	13	7322	17	1098	858	7
135.0	7123	16	15	7323	17	1258	968	9
135.0	6971	15	16	7324	14	851	707	7
135.0	6872	12	13	7325	10	1190	926	9
135.0	7104	30	31	7326	27	1114	1003	7
135.0	6988	11	16	7327	6	910	1136	9
135.0	7047	17	20	7328	14	969	1296	11
135.0	6998	4	5	7329	3	948	981	9
135.0	6955	20	20	7330	18	888	822	11
136.0	7108	21	23	7331	17	784	552	11
136.0	6988	16	17	7332	14	910	1136	10
136.0	7124	33	28	7333	36	711	794	12
136.0	6890	21	24	7334	18	787	730	12
136.0	6873	20	22	7335	18	869	1035	9
136.0	6993	14	12	7336	16	895	1078	10
136.0	6885	17	15	7337	17	1037	1066	8
136.0	7063	7	9	7338	4	1128	1057	10
136.0	7023	18	19	7339	15	746	846	8
136.0	6880	24	23	7340	24	982	921	9
136.0	6938	17	11	7341	22	895	1223	6
136.0	6919	18	18	7342	17	1061	916	10
136.0	7037	16	16	7343	14	799	1019	11
136.0	6998	5	6	7344	4	948	981	10
136.0	6902	18	22	7345	13	823	1006	11
137.0	6999	16	22	7346	10	1283	1061	8
137.0	7126	23	23	7347	22	1127	765	11
137.0	6886	15	20	7348	10	1004	799	10
137.0	7013	27	24	7349	25	843	864	11
137.0	7135	19	15	7350	22	1034	1132	9
137.0	6919	18	20	7351	15	1061	916	11
137.0	6890	24	24	7352	24	787	730	13
137.0	7094	12	14	7353	10	1008	701	7
137.0	6880	23	20	7354	25	982	921	10
137.0	7198	14	17	7355	11	658	731	11
137.0	7003	8	7	7356	8	1078	1012	7
137.0	7196	20	25	7357	15	1152	1004	9
137.0	6922	20	17	7358	23	1028	1046	12
137.0	7270	13	15	7359	10	1115	1228	10
137.0	6888	15	15	7360	15	967	1148	7
137.0	6988	17	20	7361	13	910	1136	11
138.0	7076	18	15	7362	19	816	712	9
138.0	6982	26	25	7363	25	766	541	8
138.0	7054	19	17	7364	19	744	932	9
138.0	6987	9	7	7365	10	903	913	11
138.0	6934	31	30	7366	31	1178	806	8
138.0	7196	25	18	7367	31	1152	1004	10
138.0	7032	11	10	7368	11	852	990	8
138.0	7270	15	8	7369	21	1115	1228	11
138.0	6929	19	12	7370	25	1262	1129	10
138.0	7124	28	26	7371	29	711	794	13
138.0	6888	15	20	7372	9	967	1148	8
138.0	6898	14	17	7373	11	1010	716	7
138.0	6953	25	28	7374	22	855	869	10
138.0	6937	16	16	7375	15	1075	1088	10
138.0	7066	10	10	7376	9	1027	1008	8
139.0	7014	10	11	7377	9	1032	1241	9
139.0	7043	18	16	7378	17	1268	680	8
139.0	7015	19	24	7379	14	1257	1031	9
139.0	6909	8	7	7380	9	777	587	11
139.0	6881	16	15	7381	16	990	959	9
139.0	6950	11	8	7382	13	923	1019	10
139.0	7214	18	18	7383	17	801	1040	11
139.0	6958	34	32	7384	36	1001	947	9
139.0	7044	6	4	7385	8	915	870	12
139.0	7018	14	14	7386	14	1154	1193	6
139.0	6947	10	6	7387	13	792	801	11
139.0	7091	20	16	7388	23	998	992	12
139.0	7031	4	5	7389	3	1069	820	8
139.0	6952	23	24	7390	21	899	853	11
139.0	7012	17	17	7391	17	1100	889	9
139.0	6969	18	23	7392	13	932	979	10
139.0	6937	16	14	7393	18	1075	1088	11
139.0	6932	10	7	7394	12	970	1068	10
139.0	7080	11	13	7395	9	944	969	9
139.0	7172	17	10	7396	20	978	1179	9
139.0	7104	31	37	7397	25	1114	1003	8
139.0	7232	12	7	7398	17	1055	892	11
139.0	7132	26	17	7399	33	1152	1330	6
139.0	7032	10	8	7400	12	852	990	9
140.0	6937	14	15	7401	13	1075	1088	12
140.0	6876	25	20	7402	29	646	1208	7
140.0	6946	22	23	7403	20	1053	666	8
140.0	7109	10	12	7404	8	929	958	7
140.0	7130	13	15	7405	9	1160	1028	9
140.0	6997	15	14	7406	15	1070	959	8
140.0	7042	15	13	7407	16	850	725	8
140.0	7189	16	18	7408	14	1002	1062	13
140.0	7135	15	16	7409	13	1034	1132	10
140.0	7252	9	8	7410	10	921	767	10
140.0	7067	13	13	7411	13	866	790	8
140.0	6954	18	18	7412	16	997	1183	7
140.0	6875	19	17	7413	19	1141	684	11
140.0	7055	4	5	7414	3	956	1028	8
140.0	7328	14	10	7415	18	965	1240	12
140.0	7018	14	14	7416	13	1175	1193	7
140.0	6934	30	35	7417	25	1178	806	9
140.0	6949	20	27	7418	13	962	674	10
141.0	6967	29	29	7419	27	1151	848	7
141.0	6936	26	21	7420	31	1187	759	10
141.0	6983	8	5	7421	11	1113	1090	10
141.0	6915	4	4	7422	4	1144	870	8
141.0	6995	10	8	7423	12	996	1119	8
141.0	7022	16	13	7424	18	883	730	10
141.0	7194	17	9	7425	23	771	1021	10
141.0	7264	16	17	7426	13	1232	1107	12
141.0	7036	15	16	7427	13	798	875	10
141.0	6962	7	7	7428	6	827	1016	7
141.0	7029	17	16	7429	18	1352	1103	11
141.0	6935	20	25	7430	15	888	615	9
141.0	6955	20	24	7431	16	888	802	12
141.0	7009	24	23	7432	25	1305	981	7
141.0	6985	25	19	7433	31	1012	740	8
141.0	6916	19	25	7434	12	973	999	9
141.0	6921	32	25	7435	38	1232	843	10
141.0	7130	15	12	7436	16	1173	1041	10
141.0	6887	4	4	7437	4	971	909	12
141.0	7119	19	19	7438	19	972	696	9
141.0	7028	20	25	7439	14	654	983	7
141.0	6914	20	16	7440	24	1087	842	5
141.0	7010	18	19	7441	17	880	701	8
141.0	7200	20	13	7442	27	820	886	11
142.0	7085	23	18	7443	25	879	853	10
142.0	6921	25	21	7444	27	1232	843	11
142.0	7005	25	26	7445	23	772	935	10
142.0	7059	18	21	7446	14	710	1178	6
142.0	6983	5	5	7447	4	1113	1090	11
142.0	7049	8	7	7448	9	1198	800	8
142.0	7114	21	18	7449	22	1144	1191	9
142.0	7194	9	11	7450	7	771	1021	11
142.0	7171	7	4	7451	10	1191	1217	7
142.0	7091	16	22	7452	9	998	992	13
142.0	6912	10	11	7453	8	1032	960	9
142.0	6938	11	9	7454	12	880	1238	7
142.0	6945	13	9	7455	17	932	1053	6
142.0	7087	26	32	7456	19	1063	722	9
142.0	7048	18	16	7457	16	738	640	9
142.0	6882	25	28	7458	20	1129	978	8
142.0	6978	10	8	7459	11	984	712	6
142.0	7060	15	18	7460	12	913	631	7
142.0	7013	24	27	7461	19	832	853	12
142.0	7004	17	20	7462	14	1018	828	12
142.0	7080	13	8	7463	18	944	969	10
142.0	6977	20	19	7464	21	1193	1084	11
143.0	7364	19	18	7465	19	740	960	10
143.0	7280	13	15	7466	11	1059	969	8
143.0	6890	24	22	7467	26	787	730	14
143.0	7046	24	20	7468	28	1002	1093	10
143.0	7114	18	22	7469	14	1144	1191	10
143.0	7016	21	19	7470	23	835	780	12
143.0	7247	4	5	7471	3	1245	1061	10
143.0	7098	3	2	7472	4	922	783	9
143.0	7160	28	23	7473	31	1232	728	9
143.0	7139	11	13	7474	9	801	977	9
143.0	7133	20	17	7475	22	789	707	8
143.0	6962	7	6	7476	8	827	1016	8
143.0	6976	10	9	7477	10	1135	809	8
143.0	6902	22	25	7478	19	808	1021	12
143.0	6926	10	9	7479	10	1167	1116	7
143.0	6964	15	14	7480	15	1068	1242	7
143.0	7130	12	12	7481	12	1173	1041	11
143.0	6953	28	30	7482	23	855	869	11
143.0	7055	5	5	7483	5	956	1028	9
144.0	7114	22	20	7484	22	1144	1191	11
144.0	6878	13	11	7485	14	852	730	8
144.0	7007	10	11	7486	9	1063	1176	13
144.0	7033	14	17	7487	11	979	730	6
144.0	6909	7	5	7488	8	777	587	12
144.0	7200	13	8	7489	17	820	902	12
144.0	7021	34	29	7490	38	669	1123	6
144.0	7035	19	19	7491	16	870	822	11
144.0	7076	15	11	7492	19	819	696	10
144.0	6934	35	39	7493	30	1178	806	10
144.0	7026	7	7	7494	7	919	1183	7
144.0	7251	12	9	7495	15	1178	921	9
144.0	7169	10	9	7496	11	1185	908	9
144.0	7098	2	2	7497	2	922	783	10
144.0	7038	29	27	7498	29	1020	892	8
144.0	7115	11	14	7499	8	1088	1420	10
144.0	7143	12	10	7500	14	978	838	7
144.0	6910	7	5	7501	9	982	1032	9
144.0	7175	15	16	7502	13	855	852	11
144.0	7046	20	21	7503	19	1002	1093	11
144.0	7082	15	15	7504	13	1212	1084	9
144.0	7060	18	18	7505	16	913	631	8
144.0	7167	21	23	7506	18	1216	1107	12
144.0	6972	34	35	7507	33	1539	982	7
144.0	6956	18	22	7508	12	1108	699	10
145.0	6974	24	23	7509	24	1154	1029	8
145.0	7051	18	17	7510	18	857	1121	7
145.0	7362	19	19	7511	17	757	695	10
145.0	7204	15	16	7512	14	1227	1076	11
145.0	7006	18	15	7513	19	806	960	9
145.0	7078	13	13	7514	12	702	846	9
145.0	7107	18	19	7515	16	1057	953	9
145.0	6882	28	33	7516	21	1129	978	9
145.0	6920	20	19	7517	21	927	881	11
145.0	7046	21	19	7518	21	1002	1093	12
145.0	7025	27	35	7519	17	1024	790	6
145.0	6866	5	4	7520	6	834	889	11
145.0	7159	5	2	7521	7	1269	985	9
145.0	6918	6	5	7522	7	983	901	9
145.0	7249	19	18	7523	20	1022	1120	10
145.0	6986	12	10	7524	14	1240	1182	7
145.0	7355	11	13	7525	9	467	821	12
145.0	6908	24	17	7526	29	1090	883	9
145.0	7064	13	9	7527	17	904	1058	8
145.0	7217	12	14	7528	9	919	1214	8
145.0	6933	9	12	7529	6	885	1027	9
145.0	7264	17	12	7530	22	1232	1107	13
145.0	7282	11	11	7531	10	1149	1219	8
145.0	7195	18	19	7532	16	942	1096	9
145.0	7065	10	12	7533	8	1063	1043	10
145.0	6972	35	38	7534	30	1539	982	8
145.0	7218	26	30	7535	20	962	1197	8
145.0	7152	11	12	7536	10	762	758	10
145.0	7205	17	20	7537	14	994	1164	7
145.0	6907	5	6	7538	4	599	1108	8
145.0	7002	10	13	7539	7	931	844	7
145.0	6943	12	7	7540	16	1186	1559	7
146.0	6993	12	13	7541	11	883	1109	11
146.0	6974	23	22	7542	23	1154	1029	9
146.0	7362	19	14	7543	24	757	695	11
146.0	7185	8	6	7544	10	1165	870	8
146.0	7054	17	13	7545	19	712	964	10
146.0	7122	19	18	7546	19	762	977	8
146.0	6988	20	24	7547	16	887	1136	12
146.0	7156	30	31	7548	27	1008	1211	8
146.0	7032	8	10	7549	6	852	990	10
146.0	7129	11	6	7550	16	1149	1165	7
146.0	7083	13	12	7551	14	1335	1202	9
146.0	7058	10	11	7552	9	780	1071	10
146.0	7124	26	22	7553	28	711	794	14
146.0	6942	3	3	7554	3	1223	980	10
146.0	6951	2	2	7555	2	1305	1100	10
146.0	7198	17	14	7556	20	619	704	12
146.0	6889	27	26	7557	26	1028	1211	9
146.0	7177	10	12	7558	8	1060	1216	7
146.0	7070	31	28	7559	34	1328	1048	5
146.0	7264	12	11	7560	12	1232	1107	14
147.0	7070	28	28	7561	27	1328	1048	6
147.0	7264	11	8	7562	14	1232	1107	15
147.0	6988	24	27	7563	20	887	1136	13
147.0	6921	21	21	7564	20	1232	843	12
147.0	6994	7	8	7565	6	1094	981	8
147.0	7019	24	19	7566	27	1278	1178	7
147.0	6904	12	10	7567	14	1033	1113	11
147.0	7045	10	10	7568	9	1167	1057	8
147.0	7270	8	6	7569	10	1163	1378	12
147.0	7258	11	10	7570	12	914	808	11
147.0	7362	14	13	7571	14	757	695	12
147.0	7254	2	1	7572	3	1023	867	12
147.0	7136	14	16	7573	11	1257	1200	7
147.0	6898	17	13	7574	19	1010	716	8
147.0	7041	27	22	7575	30	1074	780	8
147.0	7040	4	3	7576	4	1019	850	9
147.0	6981	16	18	7577	14	897	963	11
147.0	6922	17	17	7578	17	1028	1046	13
147.0	7054	13	11	7579	14	712	964	11
147.0	6996	16	13	7580	19	1301	1202	7
147.0	6942	3	5	7581	1	1223	980	11
147.0	7259	14	21	7582	6	911	1139	8
147.0	7164	14	14	7583	13	943	929	8
147.0	7014	11	13	7584	9	1032	1263	10
147.0	7087	32	28	7585	34	1070	708	10
147.0	7056	22	26	7586	18	724	939	10
148.0	7191	22	25	7587	19	898	1120	9
148.0	6949	27	29	7588	25	951	621	11
148.0	6922	17	21	7589	12	1028	1046	14
148.0	7120	25	25	7590	24	672	1229	7
148.0	7110	19	14	7591	23	594	1024	7
148.0	6872	13	15	7592	11	1203	913	10
148.0	6985	19	21	7593	15	1012	740	9
148.0	7364	18	15	7594	21	740	960	11
148.0	6934	39	31	7595	43	1178	806	11
148.0	7116	12	12	7596	12	1145	1088	10
148.0	7008	3	4	7597	2	1209	1164	10
148.0	7014	13	13	7598	13	1032	1263	11
148.0	7406	15	13	7599	17	1080	969	9
148.0	7283	20	24	7600	16	1168	698	10
148.0	7221	23	21	7601	24	1142	1040	8
148.0	6983	5	5	7602	5	1113	1090	12
148.0	7015	24	30	7603	17	1305	1031	10
148.0	7327	6	9	7604	3	882	1191	10
148.0	7013	27	24	7605	28	814	853	13
148.0	7192	34	36	7606	31	671	815	10
148.0	7230	23	22	7607	23	823	1059	9
149.0	7047	20	25	7608	15	934	1260	12
149.0	6977	19	16	7609	22	1174	1102	12
149.0	7096	10	10	7610	10	1139	785	8
149.0	7306	16	15	7611	17	953	861	11
149.0	7142	10	10	7612	8	1050	1393	6
149.0	7048	16	19	7613	13	722	726	10
149.0	7115	14	16	7614	11	1088	1420	11
149.0	6991	15	18	7615	12	942	790	11
149.0	7111	17	14	7616	17	1125	901	8
149.0	7213	18	18	7617	18	1095	790	11
149.0	7203	22	24	7618	19	722	896	10
149.0	7256	13	12	7619	12	1294	1091	11
149.0	6940	23	22	7620	21	1040	927	7
149.0	6894	2	3	7621	1	1107	1402	12
149.0	7209	18	21	7622	13	862	688	10
149.0	7194	11	13	7623	9	771	1021	12
149.0	7364	15	14	7624	15	740	960	12
149.0	7103	12	6	7625	16	1112	1166	11
149.0	7138	9	9	7626	9	979	782	12
149.0	7140	18	17	7627	18	863	889	9
149.0	7019	19	20	7628	17	1278	1178	8
149.0	6924	17	18	7629	15	746	592	9
149.0	7032	10	13	7630	5	852	990	11
149.0	7064	9	9	7631	8	889	1073	9
149.0	6984	8	8	7632	8	1199	845	9
149.0	6975	24	23	7633	23	1024	987	12
150.0	7063	9	9	7634	9	1139	1064	11
150.0	7103	6	5	7635	6	1112	1166	12
150.0	7102	13	15	7636	9	1343	946	8
150.0	7245	19	17	7637	20	810	791	12
150.0	7111	14	15	7638	13	1125	901	9
150.0	7070	28	29	7639	24	1328	1048	7
150.0	7271	14	9	7640	16	792	724	8
150.0	7180	30	31	7641	28	1106	1192	7
150.0	7155	9	9	7642	9	1123	949	7
150.0	6966	40	39	7643	39	811	457	13
150.0	6989	21	23	7644	19	966	1133	9
150.0	7284	9	6	7645	12	1262	1029	9
150.0	7254	1	1	7646	1	1023	867	13
150.0	7085	18	21	7647	14	879	853	11
150.0	7252	8	7	7648	9	904	731	11
150.0	7098	2	2	7649	2	922	764	11
150.0	6869	7	7	7650	7	1133	1160	8
150.0	7186	2	2	7651	2	1136	984	8
150.0	7099	18	18	7652	17	909	673	7
150.0	7330	18	17	7653	17	868	784	12
150.0	7177	12	13	7654	10	1034	1242	8
150.0	6999	22	21	7655	23	1462	1059	9
150.0	6952	24	25	7656	21	899	853	12
150.0	7100	4	4	7657	4	869	979	9
150.0	6880	20	25	7658	15	982	921	11
150.0	6879	8	8	7659	8	891	722	10
150.0	7074	8	7	7660	9	911	686	9
150.0	7051	17	20	7661	14	836	1121	8
150.0	6916	25	28	7662	21	963	1009	10
151.0	7649	2	1	7663	2	922	778	12
151.0	7036	16	17	7664	14	740	859	11
151.0	7062	12	18	7665	6	1056	911	7
151.0	7108	23	21	7666	24	729	546	12
151.0	6906	31	28	7667	33	1081	831	9
151.0	7406	13	11	7668	15	1080	969	10
151.0	7101	11	8	7669	14	1344	1159	10
151.0	6899	24	27	7670	19	1001	761	7
151.0	6971	16	15	7671	15	801	635	8
151.0	6969	23	25	7672	20	932	979	11
151.0	7084	9	5	7673	13	1131	1200	10
151.0	7033	17	17	7674	17	979	730	7
151.0	7148	13	10	7675	16	1012	829	7
151.0	7219	13	9	7676	17	988	1275	9
151.0	7112	4	2	7677	6	707	1095	8
151.0	7002	13	15	7678	10	931	844	8
151.0	7069	25	22	7679	27	907	750	9
151.0	7161	8	9	7680	6	1014	1368	10
151.0	7129	6	4	7681	7	1149	1165	8
151.0	7496	11	13	7682	8	1221	923	10
151.0	7153	18	18	7683	18	1023	937	8
151.0	7288	18	16	7684	19	1415	981	7
151.0	7085	21	18	7685	24	879	853	12
151.0	7044	4	4	7686	4	915	870	13
151.0	7246	18	18	7687	16	964	612	10
151.0	6972	38	36	7688	37	1539	982	9
151.0	6958	32	32	7689	32	1001	947	10
151.0	7154	12	13	7690	11	1030	921	7
151.0	6966	39	37	7691	35	748	433	14
151.0	7196	18	15	7692	21	1152	1004	11
151.0	7003	7	6	7693	8	1089	1023	8
151.0	6995	8	10	7694	5	983	1132	9
151.0	7092	23	24	7695	20	778	756	10
151.0	6953	30	26	7696	34	855	869	12
151.0	7243	27	27	7697	22	1087	703	12
151.0	7097	6	7	7698	4	1283	1203	10
151.0	6913	18	9	7699	25	1205	971	6
152.0	7350	22	25	7700	19	982	1206	10
152.0	7286	12	15	7701	8	802	744	9
152.0	6873	22	18	7702	25	858	1067	10
152.0	6969	25	28	7703	20	932	979	12
152.0	7000	21	21	7704	19	1098	727	12
152.0	6866	4	4	7705	4	834	889	12
152.0	7028	25	24	7706	25	654	983	8
152.0	7225	39	35	7707	39	1513	1413	6
152.0	7022	13	12	7708	14	852	699	11
152.0	7033	17	17	7709	17	993	716	8
152.0	7256	12	15	7710	9	1294	1091	12
152.0	6889	26	28	7711	21	1028	1211	10
152.0	7174	15	15	7712	13	781	1308	8
152.0	7146	10	10	7713	10	1216	881	9
152.0	6953	26	26	7714	25	855	869	13
152.0	7136	16	13	7715	17	1257	1200	8
152.0	6924	18	17	7716	18	746	592	10
152.0	7101	8	10	7717	6	1344	1159	11
152.0	7123	15	14	7718	15	1330	968	10
152.0	7036	17	17	7719	17	740	859	12
152.0	7034	15	15	7720	15	809	1171	8
152.0	6884	19	17	7721	19	781	801	12
152.0	7127	14	12	7722	16	970	676	7
152.0	7029	16	15	7723	17	1417	1170	12
152.0	7219	9	11	7724	7	988	1275	10
153.0	7114	20	20	7725	19	1144	1237	12
153.0	7059	21	20	7726	19	710	1178	7
153.0	7214	18	18	7727	18	801	1040	12
153.0	6947	6	3	7728	9	746	823	12
153.0	7384	36	34	7729	37	989	964	10
153.0	6980	6	5	7730	7	1047	1230	7
153.0	7163	21	19	7731	23	1074	600	9
153.0	7198	14	14	7732	12	605	670	13
153.0	7184	13	11	7733	13	1336	1118	9
153.0	6898	13	13	7734	13	1025	701	9
153.0	7094	14	13	7735	14	1038	671	8
153.0	7298	12	11	7736	12	938	688	8
153.0	6963	39	35	7737	40	719	867	11
153.0	7262	28	29	7738	27	1267	918	9
153.0	7424	18	20	7739	16	829	630	11
153.0	7195	19	26	7740	11	942	1096	10
153.0	6982	25	23	7741	25	766	541	9
153.0	7360	15	17	7742	12	936	1197	8
153.0	7004	20	22	7743	18	1032	814	13
153.0	7077	26	26	7744	25	1247	796	8
153.0	7237	23	22	7745	21	1199	1169	9
153.0	7060	18	24	7746	12	945	599	9
153.0	7252	7	7	7747	7	918	717	12
153.0	7401	13	10	7748	15	1087	1118	13
153.0	7201	21	21	7749	20	1064	1203	8
153.0	7371	29	26	7750	31	698	689	14
153.0	7242	10	9	7751	11	812	924	10
153.0	7376	9	6	7752	12	994	1021	9
154.0	6883	10	12	7753	6	1189	922	9
154.0	6996	13	12	7754	13	1301	1223	8
154.0	7305	7	7	7755	6	1084	1350	9
154.0	7268	14	12	7756	15	994	680	6
154.0	7372	9	7	7757	10	921	1162	9
154.0	6908	17	12	7758	19	1090	883	10
154.0	7205	20	23	7759	16	980	1178	8
154.0	6961	8	8	7760	7	1101	892	12
154.0	7024	16	13	7761	18	691	776	13
154.0	7178	20	18	7762	20	998	921	9
154.0	7315	7	4	7763	10	926	683	9
154.0	6891	6	4	7764	7	1139	1295	8
154.0	7425	23	23	7765	23	620	1049	11
154.0	7006	15	14	7766	14	784	938	10
154.0	7016	19	21	7767	16	835	780	13
154.0	7040	3	3	7768	3	1019	850	10
154.0	7058	11	12	7769	10	744	1069	11
154.0	7134	26	23	7770	27	1232	1222	8
154.0	7418	13	9	7771	15	1013	581	11
154.0	7235	4	5	7772	3	1197	1007	10
154.0	7255	11	13	7773	7	1124	1139	9
154.0	7517	21	22	7774	19	943	881	12
154.0	7437	4	5	7775	3	955	909	13
154.0	7279	32	21	7776	41	1111	673	7
154.0	7034	15	18	7777	10	809	1171	9
154.0	7177	13	18	7778	6	1034	1261	9
154.0	7198	14	13	7779	15	591	630	14
154.0	7335	18	22	7780	14	790	1111	10
154.0	7236	11	11	7781	10	1011	1030	13
154.0	7144	26	29	7782	23	930	877	10
154.0	7132	17	22	7783	11	1306	1382	7
155.0	7443	25	25	7784	25	866	822	11
155.0	6949	29	29	7785	28	1037	588	12
155.0	7012	17	15	7786	19	1117	871	10
155.0	7106	12	10	7787	13	959	1056	9
155.0	7194	13	12	7788	13	771	1021	13
155.0	7359	10	11	7789	9	1132	1314	11
155.0	7047	25	26	7790	22	934	1280	13
155.0	6948	34	37	7791	30	1022	1074	9
155.0	7168	8	9	7792	7	1143	1349	11
155.0	7353	10	8	7793	12	1057	652	8
155.0	6988	27	28	7794	26	856	1149	14
155.0	7325	10	10	7795	10	1299	894	10
155.0	7700	19	21	7796	16	991	1236	11
155.0	7133	17	18	7797	16	772	707	9
155.0	6969	28	28	7798	28	932	979	13
155.0	7363	25	26	7799	23	704	562	9
155.0	6876	20	23	7800	16	646	1208	8
155.0	7098	2	3	7801	1	922	748	12
155.0	7623	9	11	7802	7	752	1039	13
155.0	7212	21	21	7803	20	946	1319	8
155.0	7018	14	16	7804	12	1189	1207	8
155.0	6893	10	8	7805	12	1048	782	9
155.0	7563	20	18	7806	22	874	1168	14
155.0	7352	24	22	7807	26	740	770	14
155.0	6973	30	34	7808	25	1065	1132	8
156.0	7154	13	12	7809	13	1030	921	8
156.0	7139	13	11	7810	14	801	977	10
156.0	7117	11	11	7811	11	910	1134	10
156.0	7328	10	9	7812	11	965	1262	13
156.0	7057	17	16	7813	18	851	787	9
156.0	7049	7	8	7814	6	1218	800	9
156.0	7343	14	15	7815	12	784	1052	12
156.0	7419	27	25	7816	29	1180	835	8
156.0	6902	25	20	7817	29	808	1021	13
156.0	6937	15	15	7818	14	1075	1071	13
156.0	6917	11	9	7819	11	923	622	9
156.0	6985	21	21	7820	20	1012	740	10
156.0	6888	20	19	7821	20	952	1185	9
156.0	7180	31	27	7822	34	1106	1232	8
156.0	7179	16	13	7823	17	1121	991	8
156.0	7268	12	12	7824	12	994	680	7
156.0	6938	9	9	7825	9	817	1301	8
156.0	7015	30	33	7826	25	1305	1031	11
156.0	7306	15	14	7827	16	953	861	12
156.0	7136	13	12	7828	13	1257	1200	9
156.0	7124	22	18	7829	26	711	794	15
156.0	6951	2	2	7830	1	1324	1100	11
156.0	7323	17	21	7831	13	1350	968	10
156.0	6978	8	6	7832	9	984	691	7
156.0	7118	6	6	7833	5	1267	956	9
156.0	7216	19	22	7834	16	773	644	9
156.0	7259	21	18	7835	23	880	1152	9
156.0	6874	4	4	7836	4	879	896	10
156.0	7422	4	2	7837	6	1160	849	9
156.0	6954	18	19	7838	17	997	1267	8
156.0	7201	21	19	7839	22	1064	1219	9
157.0	7133	18	18	7840	18	772	707	10
157.0	7839	22	23	7841	21	1051	1231	10
157.0	7226	26	25	7842	27	803	767	12
157.0	7294	15	19	7843	11	707	829	10
157.0	7458	20	17	7844	23	1159	965	9
157.0	7268	12	13	7845	10	994	680	8
157.0	7165	8	5	7846	8	752	778	10
157.0	6997	14	9	7847	18	1082	947	9
157.0	7343	15	13	7848	16	784	1052	13
157.0	7295	13	11	7849	15	1119	1255	11
157.0	7405	9	10	7850	8	1240	1041	10
157.0	7432	25	25	7851	24	1373	981	8
157.0	7246	18	17	7852	19	980	612	11
157.0	6973	34	29	7853	37	1065	1132	9
157.0	7028	24	20	7854	27	513	985	9
157.0	7074	7	9	7855	5	881	656	10
157.0	7280	15	15	7856	15	1082	968	9
157.0	7119	19	16	7857	20	1011	611	10
157.0	7227	19	20	7858	18	1392	1167	11
157.0	6879	8	6	7859	9	877	708	11
157.0	7017	21	16	7860	23	941	711	7
157.0	7076	11	10	7861	12	802	679	11
157.0	6914	16	14	7862	16	1120	842	6
157.0	6932	7	7	7863	7	970	1084	11
157.0	7025	35	33	7864	35	1024	790	7
157.0	7404	8	4	7865	12	899	969	8
157.0	7160	23	26	7866	19	1232	728	10
157.0	7419	25	25	7867	24	1180	835	9
157.0	6955	24	19	7868	28	889	783	13
157.0	7201	19	20	7869	17	1064	1219	10
157.0	7086	18	18	7870	17	912	1111	9
158.0	7083	12	18	7871	6	1335	1202	10
158.0	7125	15	16	7872	13	1103	1172	10
158.0	7103	5	5	7873	5	1112	1201	13
158.0	6954	19	18	7874	17	973	1291	9
158.0	7446	14	18	7875	9	728	1178	7
158.0	7362	13	13	7876	12	731	669	13
158.0	7225	35	25	7877	43	1528	1481	7
158.0	7212	21	20	7878	21	934	1331	9
158.0	7540	16	12	7879	20	1175	1548	8
158.0	7344	4	4	7880	3	970	1020	11
158.0	7239	18	23	7881	13	1363	1130	8
158.0	7028	20	14	7882	24	513	985	10
158.0	7009	23	26	7883	19	1329	865	8
158.0	7203	24	22	7884	24	687	930	11
158.0	7494	7	11	7885	3	904	1168	8
158.0	7319	19	19	7886	18	778	880	11
158.0	7062	18	20	7887	16	1056	911	8
158.0	7479	10	7	7888	13	1190	1158	8
158.0	7521	7	11	7889	3	1309	985	10
158.0	7377	9	10	7890	7	1077	1337	10
158.0	7349	25	26	7891	20	783	861	12
158.0	7192	36	39	7892	29	671	815	11
158.0	6953	26	30	7893	22	855	869	14
158.0	7156	31	26	7894	36	991	1211	9
158.0	7322	17	16	7895	15	1134	830	8
158.0	6907	6	6	7896	6	599	1108	9
158.0	7327	9	10	7897	8	882	1191	11
158.0	7430	15	13	7898	16	961	567	10
158.0	7294	19	19	7899	18	707	829	11
158.0	7170	18	17	7900	17	1323	1079	9
158.0	7407	16	15	7901	17	808	712	9
158.0	7579	14	13	7902	14	712	982	12
158.0	7754	13	9	7903	17	1368	1340	9
159.0	7430	13	13	7904	13	961	567	11
159.0	6970	15	10	7905	19	701	1087	8
159.0	7156	26	30	7906	20	991	1211	10
159.0	7177	18	15	7907	20	1070	1292	10
159.0	7201	20	18	7908	19	1064	1219	11
159.0	7328	9	12	7909	6	965	1262	14
159.0	7050	18	17	7910	18	857	728	11
159.0	7047	26	30	7911	21	900	1293	14
159.0	7020	8	9	7912	4	970	1164	8
159.0	6880	25	25	7913	25	982	921	12
159.0	6937	15	19	7914	11	1075	1071	14
159.0	7446	18	13	7915	20	728	1178	8
159.0	7442	27	37	7916	17	745	888	12
159.0	7225	25	31	7917	17	1528	1481	8
159.0	6943	7	6	7918	7	1232	1521	8
159.0	7010	19	15	7919	22	811	651	9
159.0	6934	31	31	7920	31	1210	774	12
159.0	6905	23	16	7921	29	729	1017	8
159.0	6873	18	16	7922	19	858	1067	11
159.0	7350	25	22	7923	26	982	1246	11
159.0	6960	14	13	7924	15	777	909	11
159.0	7353	8	8	7925	8	1043	638	9
159.0	7111	15	16	7926	13	1125	901	10
159.0	7018	16	18	7927	14	1189	1207	9
159.0	7325	10	8	7928	12	1299	894	11
159.0	7504	13	12	7929	13	1193	1110	10
159.0	6899	27	26	7930	27	1001	761	8
159.0	6965	33	31	7931	34	1141	781	9
159.0	7419	25	29	7932	21	1193	822	10
159.0	7399	33	32	7933	33	1298	1295	7
159.0	7006	14	6	7934	22	771	925	11
159.0	7042	13	9	7935	15	820	673	9
159.0	7172	10	12	7936	8	928	1230	10
159.0	6924	17	17	7937	17	746	592	11
160.0	7455	17	13	7938	17	921	1092	7
160.0	6916	28	22	7939	32	963	1009	11
160.0	7157	34	26	7940	41	1235	609	10
160.0	7733	13	11	7941	14	1336	1133	10
160.0	6921	21	22	7942	19	1272	843	13
160.0	7048	19	17	7943	21	722	706	11
160.0	7761	18	19	7944	16	620	783	14
160.0	6889	28	28	7945	27	1011	1211	11
160.0	7217	14	13	7946	14	824	1245	9
160.0	6967	29	33	7947	25	1155	799	8
160.0	6915	4	3	7948	4	1157	857	9
160.0	7247	5	4	7949	6	1273	1033	11
160.0	7370	25	27	7950	22	1314	1172	11
160.0	7047	30	26	7951	33	900	1293	15
160.0	7366	31	32	7952	27	1212	732	9
160.0	7006	6	6	7953	6	771	925	12
160.0	7056	26	24	7954	25	709	939	11
160.0	7456	19	19	7955	18	1076	669	10
160.0	7034	18	20	7956	16	755	1155	10
160.0	6899	26	29	7957	22	1001	761	9
160.0	7214	18	14	7958	22	801	1040	13
160.0	7180	27	24	7959	29	1106	1232	9
160.0	7606	31	30	7960	29	627	801	11
160.0	7241	8	7	7961	7	879	1057	10
160.0	7140	17	15	7962	19	863	889	10
160.0	7201	18	17	7963	18	1064	1219	12
160.0	7350	22	20	7964	24	982	1246	12
160.0	7238	14	17	7965	11	1061	1019	11
160.0	7080	8	6	7966	10	944	969	11
160.0	7053	16	15	7967	14	1060	1157	8
160.0	7018	18	19	7968	17	1189	1207	10
160.0	7378	17	14	7969	19	1268	660	9
160.0	7393	18	21	7970	13	1062	1100	12
160.0	7302	31	36	7971	25	680	630	13
160.0	6961	8	7	7972	8	1101	892	13
160.0	7558	8	10	7973	4	1019	1269	8
160.0	7129	4	6	7974	2	1149	1165	9
160.0	6993	13	12	7975	14	862	1109	12
160.0	7130	12	11	7976	13	1189	1041	12
160.0	7243	27	29	7977	24	1073	689	13
161.0	6981	18	17	7978	18	871	974	12
161.0	7316	7	8	7979	5	950	653	9
161.0	6993	12	12	7980	12	862	1109	13
161.0	7735	14	13	7981	15	1031	659	9
161.0	7040	3	1	7982	5	1031	838	11
161.0	7041	22	18	7983	26	1094	780	9
161.0	6983	5	4	7984	6	1113	1090	13
161.0	7403	20	21	7985	17	1089	562	9
161.0	7024	13	15	7986	10	641	764	14
161.0	7383	17	15	7987	17	784	1091	12
161.0	7761	19	19	7988	18	575	760	15
161.0	7606	30	30	7989	30	627	801	12
161.0	6873	16	21	7990	9	832	1069	12
161.0	7047	26	28	7991	22	900	1293	16
161.0	7558	10	10	7992	10	1019	1269	9
161.0	7477	10	11	7993	8	1166	778	9
161.0	7185	6	5	7994	7	1165	870	9
161.0	7272	20	19	7995	19	825	1110	10
161.0	7108	21	21	7996	20	729	546	13
161.0	7569	10	14	7997	6	1121	1390	13
161.0	7089	22	21	7998	23	958	824	9
161.0	7744	25	25	7999	24	1261	781	9
161.0	7070	29	32	8000	26	1328	1048	8
161.0	7338	4	3	8001	5	1128	1108	11
161.0	7097	7	6	8002	8	1328	1269	11
161.0	7310	8	6	8003	10	1039	1346	11
161.0	7418	9	10	8004	7	1013	560	12
161.0	7367	31	26	8005	34	1206	1002	11
161.0	7290	30	33	8006	24	284	1334	8
161.0	6994	8	6	8007	9	1111	981	9
161.0	7643	39	38	8008	39	949	527	14
162.0	7252	7	6	8009	8	906	729	13
162.0	7141	18	14	8010	21	1084	730	9
162.0	7099	18	21	8011	14	941	641	8
162.0	7167	23	24	8012	22	1236	1107	13
162.0	7042	9	10	8013	8	820	673	10
162.0	7571	14	14	8014	14	744	700	13
162.0	7355	13	12	8015	13	360	1092	13
162.0	7242	9	7	8016	10	812	924	11
162.0	7558	10	11	8017	9	1019	1269	10
162.0	7253	14	11	8018	16	868	1141	9
162.0	7467	26	25	8019	26	555	889	15
162.0	7508	12	13	8020	10	1162	617	11
162.0	7047	28	25	8021	28	900	1293	17
162.0	7026	7	8	8022	6	928	1192	8
162.0	7510	18	24	8023	12	789	1155	8
162.0	7569	14	16	8024	11	1121	1390	14
162.0	6909	5	5	8025	5	913	529	13
162.0	7338	3	2	8026	3	1128	1108	12
162.0	7761	19	11	8027	25	575	760	16
162.0	7031	5	2	8028	7	1069	820	9
162.0	6991	18	23	8029	11	942	773	12
162.0	7324	14	15	8030	13	771	576	8
162.0	7138	9	9	8031	8	979	782	13
162.0	7282	11	10	8032	10	1219	1370	9
162.0	7480	15	12	8033	15	1051	1274	8
162.0	7766	14	12	8034	15	781	935	11
162.0	7224	7	7	8035	7	984	749	11
163.0	7459	11	14	8036	8	987	628	7
163.0	6972	36	40	8037	30	1496	1110	10
163.0	6876	23	30	8038	16	600	1184	9
163.0	7402	29	34	8039	24	665	1208	8
163.0	7147	25	28	8040	21	849	1047	9
163.0	7287	25	21	8041	28	1377	747	10
163.0	7656	21	17	8042	24	899	833	13
163.0	7085	18	21	8043	13	879	853	13
163.0	7569	16	17	8044	15	1121	1390	15
163.0	7432	25	22	8045	26	1373	981	9
163.0	6936	21	19	8046	21	1221	705	11
163.0	7078	13	11	8047	13	689	833	10
163.0	7205	23	22	8048	23	980	1178	9
163.0	7028	14	11	8049	17	478	1056	11
163.0	6923	5	3	8050	7	1267	868	9
163.0	7345	13	14	8051	10	778	1013	12
163.0	7134	23	16	8052	28	1266	1222	9
163.0	7361	13	12	8053	13	759	1193	12
163.0	7457	16	19	8054	13	712	565	10
163.0	6946	23	20	8055	25	1023	422	9
163.0	7721	19	18	8056	17	768	813	13
163.0	7580	19	18	8057	18	1331	1188	8
163.0	7355	12	12	8058	10	360	1092	14
163.0	7232	7	7	8059	7	1070	857	12
163.0	7220	16	14	8060	18	1249	949	6
163.0	7555	2	1	8061	2	1280	1154	11
163.0	7495	15	17	8062	12	1179	953	10
163.0	7271	9	9	8063	9	792	706	9
163.0	7288	16	20	8064	11	1415	981	8
163.0	6890	22	18	8065	25	721	738	15
163.0	7510	24	25	8066	22	789	1155	9
164.0	7184	11	8	8067	13	1336	1118	10
164.0	6883	12	10	8068	14	1189	922	10
164.0	7596	12	13	8069	11	1169	1074	11
164.0	7556	20	18	8070	22	619	723	13
164.0	7534	30	34	8071	25	1420	1055	9
164.0	7295	11	10	8072	12	1119	1273	12
164.0	7360	17	16	8073	18	886	1228	9
164.0	7206	13	15	8074	11	714	1057	11
164.0	7460	12	8	8075	15	996	559	8
164.0	7285	16	20	8076	12	939	1093	11
164.0	7299	26	20	8077	32	667	903	11
164.0	7127	12	14	8078	10	953	676	8
164.0	7078	11	12	8079	8	673	849	11
164.0	7049	8	8	8080	7	1250	768	10
164.0	7457	19	16	8081	21	712	565	11
164.0	7788	13	14	8082	10	750	1041	14
164.0	7416	13	13	8083	12	1200	1193	8
164.0	6979	26	32	8084	19	724	1183	7
164.0	7240	17	16	8085	18	1103	870	9
164.0	7142	10	12	8086	7	1050	1435	7
164.0	7195	26	29	8087	22	942	1111	11
164.0	7429	18	16	8088	18	1361	1093	12
164.0	7264	8	6	8089	10	1263	1118	16
164.0	7038	27	30	8090	24	1021	855	9
164.0	7171	4	5	8091	2	1191	1243	8
164.0	7496	13	12	8092	12	1241	923	11
164.0	6882	33	40	8093	25	1181	978	10
164.0	6894	3	4	8094	2	1107	1402	13
164.0	7194	12	14	8095	10	760	1032	14
164.0	7230	22	26	8096	16	790	1072	10
164.0	6978	6	5	8097	7	967	691	8
164.0	6949	29	29	8098	27	1053	572	13
164.0	7402	34	38	8099	29	665	1208	9
164.0	7256	15	12	8100	17	1294	1091	13
164.0	6950	8	6	8101	9	923	1049	11
165.0	7023	19	19	8102	18	670	878	9
165.0	7141	14	8	8103	20	1084	730	10
165.0	6880	25	24	8104	22	982	921	13
165.0	7170	17	13	8105	21	1323	1079	10
165.0	7386	14	18	8106	10	1203	1229	7
165.0	7288	20	19	8107	19	1415	981	9
165.0	7308	12	11	8108	12	1253	1548	7
165.0	7759	16	20	8109	11	961	1218	9
165.0	7419	29	25	8110	32	1193	822	11
165.0	7484	22	29	8111	15	1219	1290	12
165.0	7074	9	9	8112	8	867	620	11
165.0	7896	6	4	8113	8	591	1100	10
165.0	7216	22	22	8114	20	727	598	10
165.0	6934	31	28	8115	34	1210	774	13
165.0	7130	11	9	8116	11	1189	1041	13
165.0	7669	14	14	8117	14	1378	1159	11
165.0	7285	20	19	8118	20	939	1093	12
165.0	7305	7	6	8119	7	1099	1365	10
165.0	7456	19	19	8120	18	1064	609	11
165.0	7548	27	27	8121	25	1001	1335	9
165.0	6967	33	31	8122	34	1153	816	9
165.0	7096	10	5	8123	15	1194	723	9
165.0	7014	13	16	8124	10	1047	1336	12
165.0	7247	4	4	8125	4	1273	1033	12
165.0	7360	16	12	8126	20	886	1228	10
165.0	7371	26	23	8127	27	640	673	15
165.0	7192	39	39	8128	38	644	788	12
165.0	7391	17	19	8129	14	1172	889	10
165.0	7574	19	15	8130	23	1046	701	9
165.0	7461	19	24	8131	11	768	862	13
165.0	7152	12	14	8132	9	753	759	11
165.0	6945	9	10	8133	8	920	1080	7
165.0	7621	1	1	8134	1	1120	1425	13
165.0	7700	21	23	8135	18	991	1296	12
165.0	7397	25	26	8136	20	1114	1021	9
165.0	7160	26	31	8137	21	1253	728	11
165.0	7056	24	27	8138	20	697	927	12
165.0	7680	6	2	8139	10	1025	1352	11
165.0	6969	28	28	8140	27	922	989	14
165.0	7403	21	25	8141	16	1089	562	10
166.0	7652	17	17	8142	14	904	472	8
166.0	7612	8	7	8143	8	1049	1482	7
166.0	7540	12	11	8144	13	1175	1548	9
166.0	7096	5	6	8145	3	1194	723	10
166.0	7279	21	27	8146	15	1128	632	8
166.0	7399	32	28	8147	36	1298	1295	8
166.0	6934	28	26	8148	28	1210	774	14
166.0	7359	11	9	8149	12	1132	1314	12
166.0	7388	23	29	8150	17	988	982	13
166.0	7566	27	29	8151	24	1283	1178	8
166.0	7788	14	11	8152	16	750	1041	15
166.0	7564	20	19	8153	20	1298	869	13
166.0	7209	21	18	8154	24	829	635	11
166.0	8002	8	8	8155	7	1328	1286	12
166.0	7726	19	19	8156	19	680	1190	8
166.0	7305	6	5	8157	7	1099	1365	11
166.0	7225	31	29	8158	32	1528	1481	9
166.0	7369	21	19	8159	20	1121	1354	12
166.0	6984	8	8	8160	8	1231	858	10
166.0	7315	4	3	8161	5	894	668	10
166.0	7126	23	25	8162	21	1187	683	12
166.0	7243	29	26	8163	30	1103	689	14
166.0	7273	5	5	8164	5	1097	1434	12
166.0	7372	7	10	8165	4	921	1178	10
166.0	7174	15	14	8166	15	782	1416	9
166.0	7290	33	29	8167	37	310	1435	9
166.0	7356	8	6	8168	10	1076	1010	8
166.0	6895	20	16	8169	23	1103	954	8
166.0	6932	7	6	8170	8	970	1084	12
166.0	6905	16	11	8171	21	729	1017	9
166.0	7285	19	22	8172	15	939	1093	13
166.0	7276	24	24	8173	24	701	457	9
166.0	7573	11	8	8174	14	1272	1257	8
166.0	6998	6	9	8175	3	959	992	11
166.0	7193	9	3	8176	15	1100	833	8
166.0	7291	26	34	8177	17	1441	992	7
166.0	7180	24	23	8178	24	1123	1232	10
166.0	7383	15	13	8179	16	784	1091	13
166.0	6899	29	21	8180	32	1001	761	10
166.0	7346	10	14	8181	6	1349	1077	9
166.0	7294	19	15	8182	21	707	829	12
166.0	7136	12	11	8183	13	1319	1228	10
166.0	7192	39	47	8184	30	644	788	13
166.0	7278	13	12	8185	13	1152	1142	7
166.0	7771	15	13	8186	16	1027	524	12
166.0	7341	22	19	8187	24	788	1287	7
167.0	7176	27	24	8188	28	1260	825	8
167.0	7570	12	16	8189	7	874	749	12
167.0	7139	11	14	8190	8	801	977	11
167.0	7403	25	21	8191	28	1089	562	11
167.0	7320	3	3	8192	3	1065	740	9
167.0	7043	16	13	8193	18	1385	642	9
167.0	7448	9	10	8194	8	1242	764	9
167.0	7401	10	8	8195	12	1079	1143	14
167.0	7366	32	33	8196	29	1233	732	10
167.0	7133	18	14	8197	22	735	691	11
167.0	7544	10	9	8198	11	1211	873	9
167.0	7416	13	16	8199	10	1200	1193	9
167.0	7405	10	9	8200	10	1226	1041	11
167.0	7022	12	12	8201	10	839	686	12
167.0	7236	11	9	8202	12	1011	1030	14
167.0	7276	24	27	8203	19	748	472	10
167.0	7058	12	11	8204	13	718	1095	12
167.0	7000	21	18	8205	22	1129	698	13
167.0	6934	26	24	8206	25	1210	774	15
167.0	7132	22	21	8207	23	1357	1381	8
167.0	6941	10	13	8208	7	815	959	10
167.0	7243	26	25	8209	27	1103	689	15
167.0	6907	6	6	8210	6	608	1136	10
167.0	7129	6	6	8211	5	1149	1165	10
167.0	7086	18	23	8212	12	900	1145	10
167.0	7331	17	15	8213	18	619	629	12
167.0	7550	16	18	8214	14	1180	1178	8
167.0	7413	19	16	8215	18	1127	600	12
167.0	7755	6	5	8216	7	1071	1404	10
167.0	7737	40	45	8217	31	701	884	12
167.0	7273	5	2	8218	8	1097	1434	13
167.0	7369	19	16	8219	19	1121	1354	13
167.0	7754	9	9	8220	8	1361	1467	10
167.0	7289	4	6	8221	2	795	801	8
167.0	7335	22	19	8222	24	763	1138	11
167.0	7339	15	20	8223	10	661	801	9
167.0	7184	8	7	8224	9	1336	1118	11
167.0	6986	10	11	8225	8	1274	1200	8
167.0	7285	22	20	8226	23	939	1093	14
167.0	7750	31	26	8227	34	674	742	15
168.0	6971	15	14	8228	15	787	601	9
168.0	7017	16	20	8229	11	941	711	8
168.0	7335	19	16	8230	20	763	1138	12
168.0	7168	9	10	8231	8	1183	1349	12
168.0	6890	18	16	8232	20	705	722	16
168.0	7309	31	29	8233	32	881	621	8
168.0	7273	2	3	8234	1	1097	1434	14
168.0	7795	10	9	8235	11	1357	920	11
168.0	6923	3	3	8236	3	1267	868	10
168.0	7253	11	14	8237	6	868	1141	10
168.0	7133	14	18	8238	10	735	691	12
168.0	7649	1	1	8239	1	922	778	13
168.0	7013	24	23	8240	24	811	853	14
168.0	6936	19	14	8241	23	1221	705	12
168.0	7276	27	32	8242	21	748	472	11
168.0	7139	14	10	8243	17	801	977	12
168.0	7323	21	29	8244	13	1350	968	11
168.0	7206	15	10	8245	17	676	1073	12
168.0	7041	18	18	8246	16	1122	752	10
168.0	7213	18	15	8247	20	1147	720	12
168.0	7347	22	20	8248	21	1141	707	12
168.0	7449	22	22	8249	22	1189	1282	10
168.0	7227	20	20	8250	20	1435	1270	12
168.0	6898	13	7	8251	17	1025	701	10
168.0	7538	4	6	8252	2	583	1092	9
168.0	7313	5	4	8253	6	1242	991	10
168.0	7469	14	13	8254	15	1171	1303	11
168.0	7379	14	16	8255	10	1298	1051	10
168.0	7087	28	29	8256	24	1085	619	11
168.0	7579	13	15	8257	11	689	982	13
168.0	7126	25	28	8258	22	1223	647	13
168.0	7336	16	19	8259	12	889	1101	11
168.0	8002	8	7	8260	8	1328	1286	13
168.0	6904	10	12	8261	7	1032	1158	12
168.0	6934	24	25	8262	23	1210	774	16
168.0	7219	11	12	8263	10	917	1437	11
169.0	7140	15	14	8264	15	863	889	11
169.0	7383	13	15	8265	10	784	1091	14
169.0	7123	14	14	8266	14	1330	968	11
169.0	7032	13	12	8267	13	839	1003	12
169.0	6971	14	15	8268	12	787	601	10
169.0	7047	25	24	8269	22	900	1293	18
169.0	7335	16	13	8270	19	763	1138	13
169.0	7835	23	27	8271	17	849	1206	10
169.0	7543	24	30	8272	18	675	668	12
169.0	7822	34	34	8273	33	1148	1250	9
169.0	7184	7	7	8274	7	1336	1118	12
169.0	7610	10	9	8275	10	1140	759	9
169.0	7407	15	17	8276	13	808	712	10
169.0	7276	32	29	8277	33	748	472	12
169.0	7126	28	20	8278	36	1223	647	14
169.0	7497	2	1	8279	3	941	710	11
169.0	7613	13	11	8280	13	645	670	11
169.0	7009	26	27	8281	25	1329	865	9
169.0	6921	22	23	8282	21	1307	804	14
169.0	6943	6	9	8283	3	1214	1497	9
169.0	7438	19	21	8284	17	1052	591	10
169.0	7157	26	25	8285	27	1235	609	11
169.0	7479	7	9	8286	5	1190	1158	9
169.0	7977	24	20	8287	24	1102	659	14
169.0	7116	12	11	8288	13	1174	1101	11
169.0	7101	10	10	8289	9	1344	1174	12
169.0	7083	18	20	8290	15	1346	1228	11
169.0	7316	8	9	8291	7	969	616	10
169.0	7629	15	12	8292	17	708	534	10
169.0	7724	7	6	8293	7	977	1380	11
169.0	6955	19	19	8294	17	903	769	14
169.0	7302	36	41	8295	29	680	630	14
169.0	7133	18	14	8296	21	735	691	13
169.0	7617	18	20	8297	16	1143	741	12
169.0	7728	9	7	8298	10	760	823	13
169.0	7508	13	8	8299	17	1178	601	12
169.0	7614	11	13	8300	8	1077	1473	12
169.0	7712	13	8	8301	17	720	1296	9
169.0	7270	6	7	8302	4	1191	1369	13
169.0	7691	35	31	8303	37	705	432	15
169.0	7245	17	17	8304	16	810	791	13
169.0	7534	34	34	8305	33	1420	1055	10
169.0	7211	9	8	8306	10	1397	1026	10
169.0	7556	18	23	8307	12	619	723	14
169.0	7323	29	32	8308	26	1350	968	12
169.0	7017	20	20	8309	19	941	678	9
170.0	7473	31	34	8310	28	1379	673	10
170.0	7147	28	28	8311	27	849	1047	10
170.0	7245	17	16	8312	18	810	791	14
170.0	7796	16	13	8313	19	981	1356	12
170.0	7059	20	20	8314	18	709	1178	8
170.0	7482	23	27	8315	18	839	887	12
170.0	8222	24	22	8316	24	787	1179	12
170.0	7457	16	17	8317	15	712	565	12
170.0	7314	20	17	8318	20	691	791	13
170.0	7348	10	9	8319	10	1038	738	11
170.0	7165	5	7	8320	3	739	784	11
170.0	7109	12	11	8321	13	929	958	8
170.0	7771	13	13	8322	13	1027	524	13
170.0	7273	3	3	8323	3	1097	1434	15
170.0	7551	14	15	8324	11	1389	1224	10
170.0	7042	10	12	8325	8	820	673	11
170.0	7742	12	11	8326	12	904	1249	9
170.0	7556	23	29	8327	17	619	723	15
170.0	7534	34	39	8328	29	1420	1055	11
170.0	7333	36	41	8329	29	436	727	13
170.0	7129	6	9	8330	3	1149	1165	11
170.0	7569	17	14	8331	19	1121	1390	16
170.0	7287	21	15	8332	27	1377	747	11
170.0	6951	2	2	8333	1	1324	1128	12
170.0	7283	24	22	8334	25	1224	613	11
170.0	7826	25	25	8335	25	1312	1018	12
170.0	7792	7	6	8336	8	1200	1349	12
170.0	7303	8	9	8337	6	1110	1061	7
170.0	7566	29	27	8338	27	1283	1178	9
170.0	7451	10	12	8339	7	1273	1238	8
170.0	7499	8	10	8340	6	992	1468	11
170.0	7540	11	11	8341	11	1212	1546	10
170.0	7438	21	19	8342	22	1052	591	11
170.0	7470	23	26	8343	19	821	766	13
170.0	7872	13	8	8344	17	1101	1189	11
171.0	7569	14	16	8345	12	1121	1390	17
171.0	7771	13	17	8346	9	1027	524	14
171.0	7086	23	27	8347	18	900	1145	11
171.0	7768	3	4	8348	2	1035	850	11
171.0	7290	29	29	8349	27	347	1473	10
171.0	7126	20	20	8350	19	1223	647	15
171.0	7264	6	6	8351	6	1283	1118	17
171.0	7019	20	18	8352	22	1310	1213	9
171.0	7450	7	6	8353	8	744	1011	12
171.0	7718	15	17	8354	13	1390	879	11
171.0	7235	5	4	8355	6	1172	1018	11
171.0	7092	24	18	8356	29	738	716	11
171.0	7254	1	1	8357	1	1013	841	14
171.0	6966	37	32	8358	40	678	409	15
171.0	7868	28	23	8359	33	876	770	14
171.0	7946	14	9	8360	18	801	1261	10
171.0	7297	10	10	8361	10	1070	1273	12
171.0	7510	25	23	8362	26	801	1167	10
171.0	7471	3	4	8363	2	1278	1061	11
171.0	7747	7	8	8364	6	888	686	13
171.0	7766	12	13	8365	10	781	935	12
171.0	7415	18	21	8366	12	918	1311	13
171.0	7505	16	21	8367	11	944	558	9
171.0	7238	17	13	8368	21	1061	1019	12
171.0	6936	14	14	8369	13	1221	705	13
171.0	7239	23	20	8370	24	1584	1142	9
171.0	7585	34	30	8371	36	1108	431	11
171.0	7556	29	30	8372	26	619	723	16
171.0	7226	25	21	8373	27	803	749	13
171.0	7530	22	19	8374	23	1230	1149	14
171.0	7587	19	21	8375	17	831	1190	10
171.0	7701	8	4	8376	11	775	744	10
171.0	7854	27	25	8377	26	512	1102	10
171.0	7459	14	15	8378	12	998	639	8
171.0	7220	14	9	8379	18	1249	949	7
171.0	7284	6	5	8380	7	1289	1002	10
171.0	7535	20	21	8381	16	962	1281	9
171.0	7302	41	46	8382	34	680	630	15
172.0	7487	11	10	8383	11	947	661	7
172.0	7089	21	19	8384	23	941	824	10
172.0	7259	18	22	8385	13	850	1182	10
172.0	7911	21	20	8386	20	832	1304	15
172.0	7732	12	13	8387	11	591	656	14
172.0	7114	20	19	8388	20	1157	1268	13
172.0	6955	19	16	8389	21	903	769	15
172.0	7054	11	12	8390	10	712	964	12
172.0	7238	13	13	8391	13	1061	1019	13
172.0	7180	23	29	8392	15	1123	1232	11
172.0	7866	19	14	8393	22	1259	682	11
172.0	7332	14	13	8394	14	838	1280	11
172.0	7446	13	11	8395	15	712	1162	9
172.0	7456	19	22	8396	16	1064	609	12
172.0	6891	4	5	8397	3	1230	1334	9
172.0	7658	15	17	8398	13	970	909	12
172.0	7161	9	9	8399	8	996	1390	11
172.0	7253	14	15	8400	12	868	1141	11
172.0	7761	11	12	8401	9	538	762	17
172.0	7637	20	18	8402	20	762	768	13
172.0	7425	23	24	8403	22	620	1049	12
172.0	6920	19	20	8404	16	898	911	12
172.0	7642	9	8	8405	10	1149	922	8
172.0	7505	21	23	8406	17	944	558	10
172.0	7124	18	16	8407	18	657	758	16
172.0	7524	14	16	8408	11	1260	1288	8
172.0	7349	26	28	8409	24	798	861	13
172.0	7177	15	15	8410	15	1044	1318	11
172.0	6913	9	8	8411	10	1224	971	7
172.0	7875	9	10	8412	8	731	1242	8
172.0	6894	4	6	8413	2	1107	1402	14
172.0	7262	29	28	8414	29	1267	918	10
172.0	7525	9	7	8415	11	267	835	13
172.0	7669	14	10	8416	16	1378	1159	12
172.0	7218	30	30	8417	29	940	1240	9
172.0	7509	24	22	8418	22	1181	1058	9
172.0	7814	6	6	8419	6	1248	811	10
172.0	7424	20	26	8420	13	882	571	12
172.0	7146	10	10	8421	8	1250	897	10
172.0	7822	34	27	8422	38	1148	1250	10
172.0	7088	11	9	8423	13	1017	870	9
172.0	7585	30	34	8424	24	1108	431	12
172.0	7112	2	2	8425	1	648	1154	9
172.0	6872	15	13	8426	17	1320	903	11
172.0	7069	22	21	8427	22	907	722	10
172.0	6898	7	9	8428	4	1025	701	11
172.0	7420	31	26	8429	35	1260	630	11
172.0	6994	6	7	8430	5	1111	981	10
172.0	7018	19	19	8431	18	1205	1239	11
172.0	6960	13	12	8432	14	759	906	12
172.0	7617	20	21	8433	19	1143	741	13
172.0	8002	7	4	8434	10	1328	1286	14
172.0	7082	15	21	8435	8	1261	1105	10
172.0	7120	25	32	8436	18	709	1269	8
172.0	7623	11	10	8437	12	719	1072	14
172.0	6963	35	41	8438	28	690	870	12
172.0	7707	39	37	8439	38	1380	1464	7
173.0	6996	12	5	8440	19	1346	1268	9
173.0	7511	17	21	8441	13	649	638	11
173.0	7036	17	18	8442	15	724	859	13
173.0	7505	23	17	8443	23	944	558	11
173.0	7795	9	7	8444	11	1357	878	12
173.0	7807	26	26	8445	24	689	750	15
173.0	7606	30	29	8446	30	604	801	13
173.0	7029	15	8	8447	22	1495	1200	13
173.0	7755	5	7	8448	3	1071	1404	11
173.0	7927	14	15	8449	13	1245	1229	10
173.0	7350	20	17	8450	23	999	1268	13
173.0	7585	34	40	8451	26	1108	431	13
173.0	7237	22	23	8452	20	1210	1180	10
173.0	7236	9	5	8453	13	1011	1030	15
173.0	6974	22	17	8454	26	1190	993	10
173.0	7547	16	17	8455	13	872	1189	13
173.0	7555	1	0	8456	2	1280	1154	12
173.0	7432	22	19	8457	23	1341	997	10
173.0	7120	32	29	8458	34	709	1269	9
173.0	8153	20	25	8459	15	1310	881	14
173.0	7057	16	15	8460	16	851	767	10
173.0	7416	16	8	8461	22	1200	1193	10
173.0	8006	24	23	8462	25	330	1322	9
173.0	7438	19	21	8463	17	1052	591	12
173.0	7076	10	11	8464	9	782	641	12
173.0	7288	19	17	8465	21	1463	1029	10
173.0	7477	11	12	8466	10	1184	778	10
173.0	8214	14	19	8467	9	1180	1216	9
173.0	8004	7	7	8468	7	1013	539	13
173.0	7319	19	22	8469	16	778	880	12
173.0	7628	17	22	8470	12	1341	1240	9
173.0	7895	15	15	8471	15	1163	800	9
173.0	7021	29	25	8472	32	437	1039	7
173.0	6983	4	4	8473	3	1113	1090	14
174.0	7446	11	8	8474	13	712	1162	10
174.0	7198	13	14	8475	11	553	638	15
174.0	6949	29	28	8476	30	1053	542	14
174.0	8214	19	24	8477	13	1180	1216	10
174.0	7716	18	20	8478	14	733	577	11
174.0	6946	20	23	8479	17	1064	341	10
174.0	7531	10	8	8480	12	1259	1379	9
174.0	7551	15	15	8481	15	1402	1211	11
174.0	7214	14	16	8482	12	801	1040	14
174.0	7796	13	11	8483	15	968	1369	13
174.0	7346	14	9	8484	16	1349	1077	10
174.0	7735	13	9	8485	16	1031	659	10
174.0	7171	5	5	8486	5	1191	1243	9
174.0	7636	9	9	8487	9	1403	970	9
174.0	7272	19	17	8488	19	825	1110	11
174.0	7492	19	22	8489	15	731	656	11
174.0	7290	29	33	8490	23	432	1609	11
174.0	7036	18	18	8491	17	724	859	14
174.0	7608	15	14	8492	16	916	1289	13
174.0	7849	15	13	8493	15	1151	1287	12
174.0	7661	14	14	8494	14	798	1140	9
174.0	7425	24	26	8495	21	620	1049	13
174.0	6966	32	29	8496	33	678	409	16
174.0	7671	15	15	8497	13	762	612	9
174.0	7010	15	12	8498	16	797	617	10
174.0	7102	15	19	8499	11	1369	822	9
174.0	7499	10	11	8500	8	986	1501	12
174.0	7353	8	9	8501	6	1043	638	10
174.0	7276	29	26	8502	31	858	488	13
174.0	7664	14	15	8503	13	670	845	12
174.0	7270	7	9	8504	5	1191	1369	14
174.0	6956	22	25	8505	18	1139	571	11
174.0	7618	19	21	8506	15	651	963	11
174.0	6999	21	23	8507	15	1561	1069	10
174.0	7904	13	14	8508	12	961	552	12
174.0	7997	6	6	8509	6	1170	1403	14
174.0	7563	18	12	8510	23	846	1260	15
174.0	7804	12	10	8511	14	1262	1229	9
174.0	7545	19	17	8512	21	666	1010	11
174.0	7761	12	6	8513	18	538	762	18
174.0	7588	25	30	8514	20	897	510	12
174.0	7595	43	38	8515	45	1211	732	12
174.0	7625	16	17	8516	15	1102	1229	12
174.0	7120	29	31	8517	27	709	1269	10
175.0	7480	12	9	8518	15	1051	1300	9
175.0	7896	4	3	8519	5	591	1100	11
175.0	6882	40	34	8520	45	1211	967	11
175.0	7399	28	23	8521	32	1298	1295	9
175.0	7372	10	8	8522	12	921	1178	11
175.0	7276	26	19	8523	31	858	488	14
175.0	7553	28	32	8524	23	654	717	15
175.0	7478	19	23	8525	15	821	1034	13
175.0	8217	31	30	8526	31	660	924	13
175.0	7375	15	12	8527	17	1078	1182	11
175.0	7345	14	14	8528	14	778	1013	13
175.0	7059	20	15	8529	25	709	1178	9
175.0	7641	28	26	8530	30	1118	1296	8
175.0	7240	16	22	8531	10	1103	870	10
175.0	7457	17	15	8532	15	696	549	13
175.0	6954	18	19	8533	15	940	1388	10
175.0	6875	17	16	8534	17	1300	634	12
175.0	7040	1	0	8535	2	1031	838	12
175.0	7407	17	15	8536	19	808	712	11
175.0	7846	8	9	8537	7	718	763	11
175.0	7609	22	19	8538	24	1174	1121	13
175.0	8222	22	24	8539	18	787	1179	13
175.0	7562	14	10	8540	18	1218	1111	16
175.0	7664	15	16	8541	14	670	845	13
175.0	7718	17	17	8542	15	1390	879	12
175.0	7310	6	5	8543	7	1034	1410	12
175.0	6970	10	8	8544	10	674	1092	9
175.0	7745	21	18	8545	23	1241	1194	10
175.0	7545	17	22	8546	12	666	1010	12
175.0	6997	9	10	8547	8	1070	935	10
175.0	7655	23	19	8548	24	1396	1061	10
175.0	7797	16	20	8549	12	712	623	10
175.0	7640	16	14	8550	16	800	656	9
175.0	7736	12	12	8551	12	900	632	9
175.0	7441	17	16	8552	18	943	451	9
175.0	6956	25	21	8553	28	1139	571	12
175.0	7097	6	8	8554	4	1328	1269	12
175.0	7041	18	18	8555	17	1122	752	11
175.0	6984	8	11	8556	5	1231	858	11
175.0	7644	19	18	8557	20	948	1171	10
175.0	8141	16	22	8558	10	1097	550	11
175.0	7726	19	17	8559	19	680	1190	9
176.0	7746	12	14	8560	10	944	493	10
176.0	7600	16	11	8561	20	1180	665	11
176.0	7559	34	30	8562	38	1378	1036	6
176.0	8307	12	14	8563	9	575	748	15
176.0	6884	17	11	8564	23	762	801	13
176.0	7424	26	30	8565	21	882	571	13
176.0	7654	10	12	8566	8	1083	1307	9
176.0	7782	23	22	8567	22	913	840	11
176.0	7407	15	12	8568	17	808	712	12
176.0	7903	17	13	8569	21	1379	1351	10
176.0	7857	20	16	8570	22	1027	574	11
176.0	8263	10	8	8571	12	917	1427	12
176.0	7136	11	12	8572	10	1319	1228	11
176.0	7664	16	14	8573	17	670	845	14
176.0	7744	25	23	8574	27	1293	793	10
176.0	7475	22	21	8575	21	772	669	9
176.0	7777	10	6	8576	12	707	1139	10
176.0	7404	4	5	8577	3	880	969	9
176.0	7023	19	18	8578	19	626	878	10
176.0	7800	16	12	8579	20	632	1175	9
176.0	7819	11	11	8580	11	924	567	10
176.0	7498	29	26	8581	31	1020	894	9
176.0	7115	16	16	8582	15	1088	1463	12
176.0	7240	22	19	8583	24	1103	870	11
176.0	7209	18	12	8584	22	829	599	12
176.0	7216	22	23	8585	20	754	597	11
176.0	7134	16	17	8586	14	1288	1244	10
176.0	8052	28	25	8587	30	1248	1350	10
176.0	8038	16	17	8588	15	613	1170	10
176.0	7268	13	9	8589	16	994	680	9
176.0	7212	20	15	8590	24	904	1361	10
176.0	7715	17	15	8591	19	1320	1271	9
176.0	8025	5	4	8592	6	885	481	14
176.0	7425	26	25	8593	26	620	1049	14
176.0	8253	6	5	8594	6	1242	1009	11
176.0	6871	10	9	8595	11	900	970	10
176.0	6926	9	6	8596	11	1167	1151	8
177.0	7130	9	10	8597	8	1189	1041	14
177.0	7960	29	34	8598	22	548	837	12
177.0	6935	25	19	8599	31	807	519	10
177.0	7746	14	14	8600	14	944	493	11
177.0	7561	27	29	8601	20	1347	1048	7
177.0	7813	18	14	8602	21	839	798	10
177.0	7815	12	13	8603	9	709	1106	13
177.0	7473	34	35	8604	31	1379	673	11
177.0	7142	12	8	8605	16	973	1432	8
177.0	8237	6	7	8606	5	832	1141	11
177.0	7708	14	16	8607	10	825	618	12
177.0	7556	30	32	8608	27	619	723	17
177.0	8148	28	23	8609	31	1210	794	15
177.0	7681	7	8	8610	6	1161	1210	9
177.0	7259	22	21	8611	21	850	1182	11
177.0	7522	7	9	8612	4	970	888	10
177.0	7564	19	16	8613	18	1298	869	14
177.0	8112	8	6	8614	9	841	505	12
177.0	7508	8	6	8615	10	1178	601	13
177.0	7448	10	6	8616	13	1261	764	10
177.0	7449	22	24	8617	20	1189	1282	11
177.0	7293	13	12	8618	13	868	1040	10
177.0	7308	11	12	8619	9	1253	1548	8
177.0	7284	5	4	8620	5	1289	1002	11
177.0	7078	12	8	8621	16	655	849	12
177.0	7861	12	14	8622	8	714	610	12
177.0	7380	9	8	8623	10	629	615	12
177.0	7347	20	19	8624	21	1141	707	13
177.0	7474	9	7	8625	10	778	999	10
177.0	7743	18	19	8626	16	1020	825	14
177.0	7086	27	32	8627	22	900	1145	12
177.0	7779	15	16	8628	13	577	616	15
177.0	7098	3	3	8629	3	911	737	13
177.0	6982	23	22	8630	21	766	541	10
177.0	7731	23	30	8631	16	1104	580	10
177.0	8098	27	22	8632	29	1053	529	14
177.0	7471	4	2	8633	6	1278	1061	12
177.0	7413	16	19	8634	13	1127	600	13
177.0	8157	7	7	8635	7	1094	1378	12
177.0	7331	15	15	8636	13	619	629	13
177.0	7891	20	23	8637	16	809	888	13
177.0	7429	16	24	8638	8	1379	1093	13
177.0	7660	9	8	8639	9	898	568	10
177.0	7965	11	10	8640	11	1070	1041	12
177.0	7386	18	20	8641	15	1244	1292	8
178.0	7060	24	19	8642	29	826	432	10
178.0	7911	20	22	8643	16	832	1304	16
178.0	7176	24	24	8644	22	1271	836	9
178.0	7088	9	7	8645	9	1017	870	10
178.0	7246	17	18	8646	15	950	582	12
178.0	7163	19	21	8647	17	1081	584	10
178.0	7904	14	14	8648	13	961	552	13
178.0	8187	24	21	8649	27	695	1433	8
178.0	8305	33	36	8650	28	1450	1068	11
178.0	7897	8	5	8651	11	867	1220	12
178.0	7361	12	8	8652	15	779	1193	13
178.0	7910	18	19	8653	17	877	728	12
178.0	7825	9	6	8654	12	800	1340	9
178.0	7813	14	11	8655	16	839	798	11
178.0	6891	5	5	8656	5	1230	1400	10
178.0	7439	14	17	8657	11	603	918	8
178.0	7335	13	11	8658	15	750	1125	14
178.0	7685	24	21	8659	26	853	809	13
178.0	7172	12	9	8660	15	903	1256	11
178.0	7142	8	8	8661	7	973	1432	9
178.0	7429	24	24	8662	23	1379	1093	14
178.0	8233	32	28	8663	34	888	587	9
178.0	8063	9	10	8664	8	752	683	10
178.0	7987	17	13	8665	21	712	1120	13
178.0	7749	20	27	8666	12	1078	1250	9
178.0	8474	13	16	8667	10	683	1174	11
178.0	7632	8	8	8668	6	1251	858	10
178.0	8406	17	18	8669	16	918	514	11
178.0	7660	8	8	8670	8	898	568	11
178.0	7418	10	6	8671	13	1013	560	13
178.0	7806	22	24	8672	19	779	1228	15
178.0	7308	12	15	8673	8	1253	1548	9
178.0	7099	21	17	8674	24	941	621	9
178.0	6876	30	29	8675	29	584	1200	10
178.0	7559	30	29	8676	31	1378	1036	7
178.0	6984	11	10	8677	12	1231	858	12
178.0	7417	25	23	8678	24	1194	760	10
178.0	7799	23	24	8679	19	704	477	10
178.0	8143	8	5	8680	11	1129	1507	8
178.0	7960	34	31	8681	32	548	837	13
178.0	7359	9	6	8682	12	1101	1315	13
178.0	7048	17	20	8683	13	645	690	12
178.0	8308	26	23	8684	26	1350	947	13
178.0	7299	20	18	8685	21	548	893	12
178.0	7710	9	9	8686	8	1314	1112	13
179.0	8049	17	15	8687	19	488	1066	12
179.0	7734	13	8	8688	17	1051	696	10
179.0	7037	16	12	8689	20	771	1047	12
179.0	7765	23	26	8690	20	639	1049	12
179.0	8183	13	11	8691	13	1298	1228	11
179.0	7721	18	21	8692	15	736	800	14
179.0	7552	9	12	8693	6	810	1120	11
179.0	7168	10	7	8694	13	1233	1353	13
179.0	7901	17	11	8695	23	819	755	10
179.0	7564	16	16	8696	16	1298	869	15
179.0	7056	27	29	8697	20	677	927	13
179.0	7456	22	11	8698	31	1064	609	13
179.0	7622	13	11	8699	14	805	509	11
179.0	7510	23	27	8700	19	801	1184	11
179.0	8003	10	9	8701	10	1048	1439	12
179.0	8050	7	5	8702	8	1304	829	10
179.0	7083	20	22	8703	16	1462	1278	12
179.0	7201	17	15	8704	17	1046	1219	13
179.0	7009	27	24	8705	29	1345	849	10
179.0	8146	15	11	8706	18	1115	619	9
179.0	7525	7	10	8707	4	267	835	14
179.0	7585	40	37	8708	39	1134	368	14
179.0	7676	17	17	8709	17	866	1362	10
179.0	7573	8	3	8710	13	1273	1304	9
179.0	7429	24	23	8711	23	1379	1093	15
179.0	7584	9	9	8712	8	1019	1421	11
179.0	7252	6	8	8713	4	919	688	14
179.0	7496	12	8	8714	16	1241	923	12
179.0	7872	8	8	8715	8	1101	1189	12
179.0	7911	22	18	8716	23	832	1304	17
179.0	7895	15	17	8717	11	1163	800	10
179.0	8327	17	19	8718	14	588	735	16
179.0	7036	18	20	8719	15	724	859	15
179.0	7737	45	45	8720	43	662	923	13
179.0	7379	16	17	8721	15	1311	1042	11
179.0	7415	21	26	8722	15	932	1346	14
179.0	7739	16	14	8723	17	831	526	12
179.0	7324	15	10	8724	18	793	530	9
179.0	7783	11	9	8725	13	1304	1398	8
179.0	7725	19	16	8726	21	1170	1260	13
180.0	7020	9	8	8727	10	970	1183	9
180.0	7778	6	7	8728	5	1069	1301	10
180.0	7738	27	21	8729	32	1290	929	10
180.0	7371	23	16	8730	27	621	673	16
180.0	7272	17	17	8731	17	825	1110	12
180.0	7644	18	19	8732	17	948	1171	11
180.0	7797	20	13	8733	26	679	608	11
180.0	7944	16	18	8734	10	565	811	15
180.0	7614	13	16	8735	10	1077	1473	13
180.0	7648	9	11	8736	7	853	622	12
180.0	8003	9	11	8737	7	1048	1439	13
180.0	7268	9	7	8738	10	994	680	10
180.0	7916	17	16	8739	17	659	889	13
180.0	7059	15	17	8740	13	709	1178	10
180.0	7165	7	8	8741	5	739	766	12
180.0	7336	19	14	8742	24	889	1101	12
180.0	7015	33	30	8743	34	1325	1031	12
180.0	7655	19	16	8744	21	1409	1074	11
180.0	7750	26	25	8745	27	661	729	16
180.0	8203	19	14	8746	23	681	446	11
180.0	7698	4	3	8747	5	1296	1301	11
180.0	7903	13	17	8748	9	1379	1351	11
180.0	7941	14	12	8749	14	1374	1133	11
180.0	7869	17	17	8750	16	1029	1219	11
180.0	7933	33	33	8751	31	1355	1361	8
180.0	7168	7	9	8752	5	1220	1366	14
180.0	7077	26	24	8753	26	1338	768	9
180.0	7078	8	7	8754	9	632	849	13
180.0	7613	11	11	8755	9	645	670	12
180.0	7019	18	19	8756	17	1310	1213	10
180.0	7482	27	29	8757	23	840	888	13
180.0	8135	18	15	8758	21	976	1311	13
180.0	7412	16	18	8759	14	951	1319	8
180.0	8102	18	15	8760	20	570	878	10
180.0	8078	10	11	8761	9	940	646	9
180.0	7430	13	12	8762	14	961	567	12
180.0	7597	2	3	8763	1	1240	1147	11
180.0	8431	18	19	8764	15	1230	1264	12
181.0	7877	43	41	8765	42	1613	1999	8
181.0	7821	20	22	8766	18	936	1221	10
181.0	7339	20	22	8767	18	661	801	10
181.0	8053	13	17	8768	9	763	1193	13
181.0	8261	7	8	8769	6	1019	1170	13
181.0	7043	13	10	8770	14	1385	642	10
181.0	7426	13	11	8771	13	1319	1198	13
181.0	7789	9	7	8772	10	1118	1314	12
181.0	8431	19	21	8773	17	1230	1264	13
181.0	7741	25	25	8774	24	902	569	10
181.0	8142	14	16	8775	12	952	521	9
181.0	7059	17	18	8776	16	709	1178	11
181.0	7840	18	17	8777	19	724	659	11
181.0	8207	23	33	8778	12	1386	1410	9
181.0	7669	10	9	8779	9	1378	1159	13
181.0	7702	25	25	8780	23	830	1075	11
181.0	7771	17	19	8781	15	989	486	15
181.0	8388	20	22	8782	16	1166	1292	14
181.0	7655	16	17	8783	15	1409	1074	12
181.0	7276	19	21	8784	16	843	427	15
181.0	7441	16	18	8785	12	943	451	10
181.0	6894	6	6	8786	6	1107	1402	15
181.0	8641	15	14	8787	15	1244	1318	9
181.0	7628	22	23	8788	20	1341	1240	10
181.0	7403	21	21	8789	21	1089	518	12
181.0	7765	26	22	8790	26	639	1049	13
181.0	7931	34	33	8791	34	1180	813	10
181.0	7070	32	40	8792	23	1328	1048	9
181.0	7510	27	27	8793	24	801	1184	12
181.0	7534	39	35	8794	38	1468	1003	12
181.0	8378	12	10	8795	14	1001	572	9
181.0	7558	11	15	8796	7	1019	1269	11
181.0	7993	8	6	8797	10	1158	778	10
181.0	7666	24	15	8798	30	711	458	13
181.0	8070	22	21	8799	22	619	759	14
181.0	8151	24	23	8800	23	1297	1163	9
181.0	7132	21	16	8801	23	1368	1392	9
181.0	7308	15	21	8802	9	1253	1548	10
181.0	7871	6	6	8803	5	1386	1211	11
181.0	7372	8	7	8804	9	921	1178	12
181.0	7738	21	25	8805	16	1290	929	11
181.0	7412	18	14	8806	21	951	1319	9
181.0	7796	11	7	8807	13	968	1369	14
181.0	7123	14	16	8808	12	1330	968	12
181.0	7214	16	18	8809	14	789	1028	15
182.0	7094	13	17	8810	7	1079	660	9
182.0	7510	27	27	8811	25	801	1184	13
182.0	7177	15	13	8812	15	1044	1348	12
182.0	7716	20	18	8813	21	747	563	12
182.0	7852	19	20	8814	18	972	586	12
182.0	7695	20	19	8815	21	733	732	11
182.0	7192	47	50	8816	44	631	815	14
182.0	7297	10	14	8817	5	1070	1273	13
182.0	7884	24	31	8818	16	598	965	12
182.0	8070	21	26	8819	16	619	759	15
182.0	7123	16	18	8820	14	1330	968	13
182.0	7548	27	28	8821	22	988	1370	10
182.0	7854	25	22	8822	28	512	1102	11
182.0	7362	13	13	8823	13	661	575	14
182.0	7184	7	7	8824	6	1354	1118	13
182.0	8392	15	14	8825	15	1110	1244	12
182.0	8008	39	36	8826	41	863	470	15
182.0	7413	19	17	8827	20	1127	600	14
182.0	8052	25	26	8828	22	1248	1350	11
182.0	7077	24	23	8829	25	1338	768	10
182.0	7946	9	9	8830	9	801	1261	11
182.0	7350	17	18	8831	16	999	1268	14
182.0	7310	5	6	8832	4	1034	1389	13
182.0	7287	15	15	8833	15	1352	714	12
182.0	6956	21	19	8834	23	1171	539	13
182.0	7142	8	7	8835	9	973	1432	10
182.0	7591	23	22	8836	22	595	1021	8
182.0	8307	14	10	8837	18	524	697	16
182.0	7320	3	3	8838	3	1065	740	10
182.0	7616	17	15	8839	18	1161	901	9
182.0	7804	10	14	8840	6	1262	1229	10
182.0	7942	19	20	8841	17	1322	821	14
182.0	7741	25	21	8842	28	892	579	11
182.0	8142	16	13	8843	18	952	521	10
182.0	6966	29	26	8844	28	662	393	17
182.0	7276	21	20	8845	22	843	427	16
182.0	7426	11	13	8846	9	1319	1198	14
182.0	6921	23	21	8847	24	1370	804	15
182.0	7833	5	4	8848	6	1291	952	10
182.0	7573	3	5	8849	1	1298	1317	10
182.0	8521	32	31	8850	31	1305	1342	10
182.0	8144	13	15	8851	11	1157	1548	10
182.0	7511	21	18	8852	24	630	638	12
182.0	7118	6	4	8853	8	1362	942	10
182.0	7270	9	11	8854	7	1189	1393	15
182.0	7219	12	9	8855	14	820	1491	12
182.0	7334	18	21	8856	15	537	786	13
182.0	7425	25	26	8857	24	576	1049	15
182.0	7339	22	26	8858	17	661	801	11
183.0	7314	17	17	8859	15	680	802	14
183.0	7898	16	11	8860	19	976	512	11
183.0	6949	28	28	8861	27	1053	542	15
183.0	6996	5	4	8862	6	1346	1268	10
183.0	8631	16	13	8863	18	1117	581	11
183.0	7763	10	8	8864	10	878	637	10
183.0	7625	17	14	8865	19	1102	1229	13
183.0	7024	15	15	8866	14	585	742	15
183.0	7014	16	13	8867	19	1060	1370	13
183.0	6936	14	12	8868	15	1221	667	14
183.0	6943	9	6	8869	11	1214	1497	10
183.0	8242	21	18	8870	23	751	427	12
183.0	7907	20	18	8871	21	1076	1359	11
183.0	8342	22	23	8872	20	1076	582	12
183.0	6999	23	27	8873	18	1561	1069	11
183.0	7449	24	25	8874	21	1189	1282	12
183.0	7737	45	44	8875	42	662	923	14
183.0	7951	33	35	8876	29	634	1500	16
183.0	8079	8	7	8877	9	584	888	12
183.0	7812	11	7	8878	15	939	1303	14
183.0	7882	24	23	8879	24	520	923	11
183.0	7284	4	5	8880	3	1289	1002	12
183.0	8278	36	42	8881	27	1211	622	15
183.0	7290	33	33	8882	32	470	1732	12
183.0	8075	15	17	8883	12	962	457	9
183.0	8268	12	8	8884	15	809	562	11
183.0	7270	11	11	8885	11	1189	1393	16
183.0	7493	30	30	8886	28	1230	774	11
183.0	8019	26	24	8887	28	502	891	16
183.0	7245	16	15	8888	17	810	807	15
183.0	7950	22	16	8889	26	1318	1172	12
183.0	8142	13	10	8890	15	952	521	11
183.0	7416	8	8	8891	8	1200	1193	11
183.0	7021	25	27	8892	22	437	1039	8
183.0	7969	19	21	8893	17	1361	592	10
183.0	8480	12	12	8894	12	1289	1398	10
183.0	7884	31	31	8895	30	598	965	13
183.0	6971	15	15	8896	14	787	558	11
183.0	7108	21	17	8897	25	729	500	14
183.0	7707	37	30	8898	42	1380	1464	8
183.0	7858	18	15	8899	21	1423	1180	12
183.0	7507	33	25	8900	39	1444	1018	8
183.0	7712	8	8	8901	8	691	1320	10
183.0	8182	21	22	8902	19	724	820	13
183.0	7124	16	19	8903	13	657	758	17
183.0	8177	17	11	8904	23	1461	1134	8
183.0	7297	14	17	8905	10	1070	1273	14
183.0	7487	10	12	8906	8	947	661	8
184.0	7755	7	8	8907	6	1071	1423	12
184.0	8020	10	11	8908	9	1203	568	12
184.0	8322	13	10	8909	15	1001	457	14
184.0	7225	29	28	8910	30	1528	1481	10
184.0	8235	11	10	8911	12	1427	934	12
184.0	7029	8	7	8912	9	1522	1217	14
184.0	7882	23	22	8913	22	520	923	12
184.0	7792	6	5	8914	7	1200	1349	13
184.0	7858	15	12	8915	17	1423	1180	13
184.0	7041	18	14	8916	20	1111	741	12
184.0	7723	17	16	8917	17	1438	1110	13
184.0	6936	12	14	8918	10	1221	667	15
184.0	7843	11	13	8919	9	667	821	11
184.0	7547	17	16	8920	17	862	1199	14
184.0	7942	20	17	8921	21	1322	821	15
184.0	7610	9	8	8922	10	1129	748	10
184.0	8142	10	6	8923	11	952	521	12
184.0	8086	7	8	8924	6	1008	1436	8
184.0	8113	8	5	8925	11	607	1100	11
184.0	8005	34	33	8926	32	1219	988	12
184.0	7112	2	2	8927	2	648	1154	10
184.0	8224	9	9	8928	9	1336	1148	12
184.0	7606	29	32	8929	24	574	831	14
184.0	7706	25	21	8930	27	640	1031	9
184.0	6917	9	11	8931	6	908	586	10
184.0	7211	8	10	8932	6	1420	1026	11
184.0	7460	8	8	8933	8	1013	519	9
184.0	8006	23	29	8934	15	330	1322	10
184.0	8135	15	14	8935	16	993	1311	14
184.0	8570	22	18	8936	26	1027	588	12
184.0	7861	14	12	8937	15	714	610	13
184.0	8657	11	14	8938	8	561	928	9
184.0	7161	9	10	8939	8	999	1471	12
184.0	8641	14	17	8940	11	1244	1318	10
184.0	7203	22	20	8941	23	651	1002	12
184.0	7192	50	52	8942	46	575	797	15
184.0	7580	18	17	8943	19	1389	1191	9
184.0	7467	25	21	8944	28	451	1094	16
184.0	7643	38	43	8945	30	949	471	15
184.0	8077	32	38	8946	26	602	908	12
184.0	7862	16	21	8947	11	1122	822	7
184.0	8872	20	25	8948	13	1094	582	13
184.0	7950	16	15	8949	17	1318	1172	13
184.0	8092	12	11	8950	11	1280	900	12
184.0	7403	21	23	8951	19	1089	518	13
184.0	7652	17	17	8952	17	943	389	9
185.0	7669	9	13	8953	5	1378	1159	14
185.0	7079	6	5	8954	6	1259	1174	9
185.0	8366	12	13	8955	11	888	1360	14
185.0	8141	22	24	8956	19	1097	550	12
185.0	7917	17	15	8957	19	1565	1591	9
185.0	7355	12	12	8958	10	349	1132	15
185.0	7346	9	7	8959	11	1349	1077	11
185.0	7023	18	19	8960	16	612	864	11
185.0	7807	26	22	8961	30	689	750	16
185.0	8767	18	20	8962	15	592	813	11
185.0	8514	20	17	8963	23	869	488	13
185.0	7629	12	10	8964	14	708	496	11
185.0	7584	9	10	8965	8	1019	1421	12
185.0	8162	21	16	8966	25	1231	605	13
185.0	8657	14	9	8967	19	561	928	10
185.0	7029	7	6	8968	7	1522	1217	15
185.0	8204	13	13	8969	12	642	1114	13
185.0	7212	15	16	8970	13	904	1391	11
185.0	7838	17	15	8971	19	1012	1405	9
185.0	7302	46	42	8972	47	680	630	16
185.0	8110	32	31	8973	31	1229	822	12
185.0	7560	12	12	8974	12	1244	1120	15
185.0	7415	26	24	8975	28	932	1346	15
185.0	7402	38	40	8976	32	646	1227	10
185.0	7531	8	8	8977	8	1267	1421	10
185.0	7591	22	22	8978	21	595	1021	9
185.0	8314	18	15	8979	20	722	1227	9
185.0	7488	8	9	8980	7	782	437	13
185.0	7034	20	21	8981	19	736	1190	11
185.0	8565	21	27	8982	14	853	542	14
185.0	7899	18	16	8983	20	609	830	12
185.0	8729	32	30	8984	32	1332	929	11
185.0	7964	24	28	8985	18	999	1338	13
185.0	8381	16	12	8986	19	961	1281	10
185.0	8193	18	25	8987	10	1385	602	10
185.0	7047	24	22	8988	25	900	1313	19
185.0	7514	12	11	8989	13	491	850	10
185.0	8350	19	19	8990	18	1212	598	16
185.0	7688	37	29	8991	42	1833	943	10
185.0	8046	21	19	8992	23	1272	661	12
185.0	7161	10	13	8993	7	999	1489	13
185.0	7739	14	12	8994	16	831	526	13
185.0	7728	7	5	8995	9	742	821	14
185.0	7097	8	11	8996	5	1366	1309	13
186.0	7621	1	2	8997	0	1120	1425	14
186.0	7911	18	17	8998	17	832	1324	18
186.0	8530	30	29	8999	29	1129	1307	9
186.0	7048	20	20	9000	19	645	690	13
186.0	7174	14	13	9001	14	782	1416	10
186.0	7724	6	6	9002	5	947	1410	12
186.0	8318	20	19	9003	21	628	788	14
186.0	7903	17	11	9004	21	1397	1308	12
186.0	7415	24	14	9005	32	932	1346	16
186.0	7655	17	22	9006	12	1409	1074	13
186.0	7636	9	12	9007	5	1419	954	10
186.0	8671	13	16	9008	9	1013	539	14
186.0	7302	42	42	9009	40	680	630	17
186.0	7971	25	27	9010	22	643	564	14
186.0	7877	41	39	9011	41	1610	1999	9
186.0	8519	5	4	9012	6	558	1100	12
186.0	7120	31	35	9013	25	730	1328	11
186.0	8117	14	13	9014	14	1436	1198	12
186.0	8230	20	22	9015	16	730	1167	13
186.0	8138	20	22	9016	17	570	962	13
186.0	7735	9	10	9017	7	1031	659	11
186.0	7163	21	16	9018	24	1108	575	11
186.0	8917	17	19	9019	14	1452	1124	14
186.0	7545	22	21	9020	22	666	1010	13
186.0	7771	19	14	9021	24	989	486	16
186.0	8657	9	7	9022	11	561	928	11
186.0	8672	19	19	9023	18	765	1241	16
186.0	7402	40	38	9024	40	646	1227	11
186.0	7800	12	12	9025	11	632	1175	10
186.0	6988	28	30	9026	25	822	1231	15
186.0	7429	23	18	9027	27	1379	1093	16
186.0	7034	21	22	9028	18	736	1190	12
186.0	8420	13	12	9029	14	867	509	13
186.0	8223	10	14	9030	6	660	775	10
186.0	7718	17	13	9031	20	1390	879	13
186.0	6909	5	3	9032	7	898	468	14
186.0	7579	15	14	9033	16	670	982	14
186.0	7469	13	14	9034	10	1187	1319	12
186.0	7525	10	7	9035	13	256	868	15
186.0	7099	17	16	9036	16	941	621	10
186.0	7315	3	2	9037	4	827	638	11
186.0	7419	25	21	9038	28	1210	822	12
187.0	7184	7	8	9039	6	1354	1118	14
187.0	7276	20	15	9040	24	843	381	17
187.0	7363	26	28	9041	23	539	510	10
187.0	7102	19	19	9042	19	1428	797	10
187.0	7163	16	14	9043	17	1108	575	12
187.0	8159	20	16	9044	23	1181	1409	13
187.0	7728	5	8	9045	2	742	821	15
187.0	8607	10	6	9046	13	812	582	13
187.0	8392	14	16	9047	11	1110	1244	13
187.0	7872	8	7	9048	9	1101	1189	13
187.0	8473	3	1	9049	5	1129	1090	15
187.0	9012	6	4	9050	8	544	1113	13
187.0	8495	21	22	9051	20	474	1027	14
187.0	8138	22	22	9052	21	570	962	14
187.0	7551	15	14	9053	16	1432	1222	12
187.0	8588	15	13	9054	16	577	1186	11
187.0	7937	17	19	9055	13	717	522	12
187.0	8671	16	17	9056	14	1013	539	15
187.0	6872	13	12	9057	14	1355	869	12
187.0	7294	15	12	9058	17	687	829	13
187.0	7160	31	26	9059	36	1269	693	12
187.0	7911	17	13	9060	20	832	1324	19
187.0	8191	28	34	9061	21	1111	498	12
187.0	6971	15	19	9062	11	787	558	12
187.0	7287	15	17	9063	12	1352	714	13
187.0	7815	13	16	9064	10	709	1106	14
187.0	7134	17	21	9065	13	1299	1255	11
187.0	7190	17	18	9066	15	701	791	11
187.0	7996	20	20	9067	18	742	449	14
187.0	7718	13	13	9068	13	1390	879	14
187.0	7771	14	10	9069	17	989	486	17
187.0	7310	6	7	9070	5	1034	1389	14
187.0	8047	13	10	9071	14	540	861	11
187.0	7540	11	9	9072	13	1164	1590	11
187.0	7866	14	17	9073	10	1298	676	12
188.0	8054	13	13	9074	13	662	553	11
188.0	7438	21	23	9075	17	1039	578	13
188.0	7635	6	8	9076	4	1119	1212	13
188.0	7273	3	2	9077	4	1112	1449	16
188.0	7723	16	21	9078	9	1438	1110	14
188.0	8017	9	11	9079	7	1040	1286	11
188.0	6972	40	43	9080	36	1462	1253	11
188.0	8387	11	12	9081	10	525	668	15
188.0	7204	16	17	9082	14	1260	1062	12
188.0	7460	8	8	9083	8	1044	488	10
188.0	7551	14	16	9084	11	1432	1222	13
188.0	7363	28	23	9085	32	487	495	11
188.0	7797	13	4	9086	22	627	604	12
188.0	8372	26	30	9087	22	588	685	17
188.0	7168	9	10	9088	7	1220	1379	15
188.0	8431	21	20	9089	20	1230	1264	14
188.0	8030	13	12	9090	14	733	577	9
188.0	7070	40	35	9091	45	1328	1048	10
188.0	7726	17	17	9092	17	642	1190	10
188.0	7617	21	21	9093	21	1161	741	14
188.0	6938	9	9	9094	7	768	1377	9
188.0	8074	11	13	9095	9	636	1100	12
188.0	7534	35	32	9096	36	1491	1003	13
188.0	7728	8	9	9097	6	742	821	16
188.0	7291	34	36	9098	32	1532	904	8
188.0	7511	18	20	9099	15	630	638	13
188.0	8623	10	8	9100	12	544	563	13
188.0	8006	29	23	9101	30	330	1322	11
188.0	7076	11	13	9102	9	786	628	13
188.0	8191	34	41	9103	26	1129	498	13
188.0	8785	12	10	9104	14	915	377	11
188.0	6894	6	8	9105	4	1107	1402	16
188.0	7563	12	12	9106	11	846	1260	16
188.0	7473	35	35	9107	33	1379	673	12
189.0	8256	24	24	9108	23	1127	597	12
189.0	7331	15	17	9109	13	580	590	14
189.0	8228	15	15	9110	15	799	599	10
189.0	7871	6	6	9111	6	1386	1211	12
189.0	7745	18	17	9112	19	1230	1183	11
189.0	8000	26	26	9113	24	1354	1021	9
189.0	7769	10	10	9114	10	670	1124	12
189.0	7299	18	18	9115	18	473	893	13
189.0	7957	22	20	9116	23	1019	761	10
189.0	7553	32	25	9117	34	641	718	16
189.0	6876	29	23	9118	35	552	1213	11
189.0	8559	19	21	9119	16	661	1206	10
189.0	7170	13	12	9120	12	1323	1079	11
189.0	8299	17	22	9121	10	1218	582	13
189.0	8406	18	14	9122	21	918	514	12
189.0	7460	8	5	9123	11	1044	488	11
189.0	7270	11	8	9124	13	1189	1432	17
189.0	6982	22	26	9125	16	766	541	11
189.0	8505	18	18	9126	17	1310	415	12
189.0	8209	27	25	9127	25	1151	728	16
189.0	8431	20	16	9128	22	1230	1264	15
189.0	7070	35	32	9129	35	1328	1048	11
189.0	8252	2	2	9130	2	513	1092	10
189.0	7779	16	14	9131	17	564	603	16
189.0	8599	31	29	9132	33	805	422	11
189.0	7349	28	20	9133	35	780	861	14
189.0	8235	10	9	9134	11	1441	920	13
189.0	7771	10	7	9135	11	989	486	18
189.0	8167	37	37	9136	36	193	1612	10
189.0	7643	43	41	9137	40	949	471	16
189.0	8181	6	7	9138	5	1373	1052	10
189.0	7831	13	15	9139	11	1455	968	11
189.0	7014	13	12	9140	14	1060	1370	14
189.0	8860	19	24	9141	14	993	512	12
189.0	8514	17	19	9142	15	869	439	14
189.0	7378	14	16	9143	11	1356	612	10
189.0	8806	21	17	9144	24	934	1319	10
189.0	8681	32	31	9145	30	421	864	14
189.0	8064	11	15	9146	7	1519	839	9
189.0	7676	17	16	9147	17	866	1382	11
190.0	8419	6	5	9148	7	1321	779	11
190.0	8861	27	28	9149	24	1079	541	16
190.0	7399	23	16	9150	27	1322	1337	10
190.0	7793	12	14	9151	10	1100	622	9
190.0	8582	15	12	9152	18	1101	1534	13
190.0	7595	38	39	9153	37	1247	732	13
190.0	8218	8	5	9154	11	977	1517	14
190.0	7643	41	32	9155	46	949	471	17
190.0	8081	21	15	9156	26	678	577	12
190.0	8703	16	12	9157	19	1540	1444	13
190.0	7987	13	11	9158	13	712	1120	14
190.0	8569	21	20	9159	22	1391	1382	11
190.0	8191	41	37	9160	43	1129	498	14
190.0	8479	17	18	9161	16	976	292	11
190.0	8088	18	23	9162	12	1555	1160	13
190.0	7460	5	5	9163	5	1057	501	12
190.0	8063	10	10	9164	10	752	683	11
190.0	8164	5	5	9165	4	1112	1489	13
190.0	7991	22	25	9166	18	860	1349	17
190.0	8256	24	22	9167	26	1127	597	13
190.0	7511	20	21	9168	18	630	638	14
190.0	7896	3	3	9169	2	574	1100	12
190.0	7957	20	23	9170	17	1019	761	11
190.0	7750	25	24	9171	25	661	709	17
190.0	8387	12	15	9172	9	525	668	16
190.0	7879	20	18	9173	20	1178	1491	9
190.0	7833	4	3	9174	5	1291	952	11
190.0	8002	4	3	9175	4	1358	1356	15
190.0	8290	15	14	9176	16	1413	1267	12
190.0	8205	22	22	9177	22	1179	668	14
190.0	8599	29	32	9178	24	805	422	12
190.0	7198	14	14	9179	14	487	633	16
190.0	8268	8	6	9180	10	809	562	12
190.0	6970	8	3	9181	12	689	1077	10
190.0	8295	29	29	9182	26	607	609	15
190.0	7203	20	22	9183	17	632	1002	13
190.0	8263	8	12	9184	4	872	1472	13
190.0	7854	22	22	9185	20	478	1102	12
190.0	7561	29	28	9186	26	1360	1061	8
190.0	7894	36	33	9187	38	991	1230	10
191.0	8231	8	10	9188	6	1181	1387	13
191.0	8110	31	31	9189	28	1229	822	13
191.0	7198	14	12	9190	14	487	633	17
191.0	7439	17	15	9191	19	531	965	9
191.0	7755	8	8	9192	8	1071	1442	13
191.0	8465	21	22	9193	19	1578	1062	11
191.0	7029	6	8	9194	3	1522	1217	16
191.0	8998	17	11	9195	20	771	1335	19
191.0	7917	15	15	9196	15	1565	1591	10
191.0	8144	15	15	9197	14	1157	1548	11
191.0	8278	42	44	9198	38	1211	622	16
191.0	7986	10	11	9199	9	483	801	15
191.0	9085	32	21	9200	42	419	458	12
191.0	7203	22	14	9201	29	632	1002	14
191.0	7586	18	12	9202	23	512	990	11
191.0	7944	18	17	9203	18	423	811	16
191.0	8794	38	35	9204	40	1468	1041	13
191.0	7741	21	17	9205	25	892	579	12
191.0	7671	15	15	9206	15	762	628	10
191.0	7209	12	12	9207	12	844	561	13
191.0	7883	19	24	9208	12	1402	830	9
191.0	8646	15	17	9209	13	922	569	13
191.0	8377	26	23	9210	28	491	1102	11
191.0	7049	8	8	9211	8	1251	769	11
191.0	7288	17	17	9212	17	1509	1046	11
191.0	7058	11	6	9213	16	670	1143	13
191.0	8431	16	21	9214	11	1230	1264	16
191.0	8761	9	9	9215	9	940	631	10
191.0	7435	38	35	9216	39	1332	740	11
191.0	7677	6	5	9217	6	612	1081	9
191.0	8227	34	27	9218	41	661	751	16
191.0	8089	10	8	9219	10	1280	1163	17
191.0	8003	11	15	9220	7	1048	1458	14
191.0	8098	22	20	9221	23	1079	529	15
191.0	8310	28	24	9222	29	1369	737	11
191.0	8047	10	10	9223	10	540	861	12
191.0	7746	14	10	9224	15	944	493	12
191.0	7942	17	19	9225	14	1341	821	16
191.0	8572	10	12	9226	8	1337	1249	12
191.0	8213	18	17	9227	19	569	630	13
191.0	8307	10	11	9228	8	524	697	17
191.0	7951	35	37	9229	32	634	1500	17
191.0	8397	3	4	9230	1	1261	1395	10
191.0	7545	21	20	9231	21	666	1010	14
191.0	8024	11	12	9232	9	1152	1455	15
191.0	8111	15	13	9233	17	1239	1406	13
191.0	7833	3	4	9234	2	1291	952	12
191.0	8128	38	39	9235	36	525	812	13
191.0	7707	30	35	9236	24	1380	1464	9
191.0	7497	1	2	9237	0	941	710	12
191.0	7918	7	9	9238	5	1308	1490	9
191.0	7829	26	28	9239	20	583	782	16
191.0	7507	25	24	9240	24	1444	1018	9
191.0	7770	27	26	9241	27	1300	1274	9
191.0	8767	20	18	9242	21	590	813	12
191.0	7525	7	7	9243	6	256	868	16
191.0	7056	29	30	9244	28	661	963	14
191.0	7548	28	30	9245	23	988	1370	11
191.0	8181	7	5	9246	9	1385	1040	11
191.0	8262	23	28	9247	18	1280	738	17
191.0	7528	9	10	9248	7	803	1299	9
191.0	7996	20	19	9249	21	742	449	15
191.0	8607	6	7	9250	5	827	567	14
191.0	8324	11	8	9251	13	1462	1235	11
191.0	7021	27	32	9252	20	385	1022	9
191.0	8599	32	37	9253	25	805	422	13
191.0	7457	15	19	9254	11	681	534	14
191.0	7882	22	31	9255	11	520	923	13
192.0	8041	28	28	9256	27	1391	747	11
192.0	8426	17	17	9257	16	1461	903	12
192.0	7618	21	21	9258	19	600	995	12
192.0	8270	19	15	9259	22	731	1142	14
192.0	7308	21	18	9260	24	1296	1531	11
192.0	8366	13	13	9261	13	888	1360	15
192.0	8117	13	12	9262	13	1447	1209	13
192.0	7157	25	20	9263	28	1275	590	12
192.0	7954	25	24	9264	25	631	942	12
192.0	7246	18	17	9265	17	950	582	13
192.0	7909	6	5	9266	7	950	1358	15
192.0	7992	10	12	9267	8	1021	1331	10
192.0	8799	22	19	9268	24	531	770	15
192.0	8071	25	30	9269	19	1604	1068	10
192.0	8523	31	35	9270	27	784	242	15
192.0	7795	7	4	9271	10	1372	863	13
192.0	7732	13	17	9272	9	591	656	15
192.0	7499	11	11	9273	11	925	1618	13
192.0	8744	21	20	9274	20	1544	1111	12
192.0	7430	12	12	9275	12	961	567	13
192.0	7986	11	9	9276	13	483	801	16
192.0	8080	7	9	9277	5	1283	769	11
192.0	7543	30	29	9278	29	656	668	13
192.0	8268	6	7	9279	5	809	562	13
192.0	8907	6	4	9280	7	1100	1492	13
192.0	7717	6	5	9281	7	1361	1159	12
192.0	8280	13	13	9282	13	542	656	12
192.0	8323	3	3	9283	3	1092	1525	16
192.0	7341	19	20	9284	17	730	1345	8
192.0	7227	20	19	9285	20	1608	1467	13
192.0	7507	24	20	9286	28	1444	1018	10
192.0	7467	21	20	9287	21	438	1081	17
192.0	8381	12	10	9288	14	961	1281	11
192.0	8504	5	6	9289	4	1161	1436	15
192.0	7871	6	7	9290	5	1386	1211	13
192.0	8349	27	23	9291	31	351	1421	11
192.0	8519	4	3	9292	5	542	1100	13
192.0	8447	22	25	9293	18	1543	1249	14
192.0	7097	11	12	9294	10	1380	1323	14
192.0	8058	10	12	9295	8	412	1060	15
192.0	7288	17	15	9296	17	1532	1046	12
192.0	8301	17	19	9297	13	732	1400	10
192.0	8194	8	7	9298	8	1312	750	10
192.0	7333	41	41	9299	40	459	276	14
192.0	7952	27	22	9300	30	1262	709	10
192.0	7960	31	33	9301	29	324	873	14
192.0	8254	15	12	9302	17	1207	1319	12
192.0	8794	35	36	9303	33	1480	1053	14
192.0	8431	21	22	9304	19	1230	1264	17
192.0	7359	6	7	9305	5	1113	1347	14
192.0	7707	35	34	9306	35	1380	1464	10
193.0	8341	11	8	9307	14	1212	1564	11
193.0	7761	6	6	9308	6	521	745	19
193.0	8050	5	3	9309	7	1282	851	11
193.0	8678	24	21	9310	23	1192	760	11
193.0	8247	20	19	9311	19	1198	649	13
193.0	7198	12	13	9312	11	487	633	18
193.0	8333	1	1	9313	1	1311	1128	13
193.0	8366	13	10	9314	15	888	1360	16
193.0	8121	25	22	9315	27	1005	1370	10
193.0	7876	12	9	9316	14	649	651	14
193.0	8990	18	20	9317	16	1237	599	17
193.0	8074	13	13	9318	13	636	1100	13
193.0	8015	13	16	9319	10	286	1029	14
193.0	7785	28	25	9320	30	1042	268	13
193.0	8554	4	1	9321	7	1361	1340	13
193.0	8313	19	14	9322	23	914	1501	13
193.0	7432	19	22	9323	15	1401	982	11
193.0	6894	8	8	9324	8	1107	1402	17
193.0	8138	22	24	9325	18	570	962	15
193.0	8499	11	12	9326	10	1424	791	10
193.0	8372	30	35	9327	25	552	685	18
193.0	8323	3	3	9328	3	1092	1525	17
193.0	8306	10	11	9329	9	1543	1077	11
193.0	7060	19	17	9330	19	837	443	11
193.0	8441	13	15	9331	11	627	600	12
193.0	7287	17	20	9332	13	1352	714	14
193.0	8102	15	19	9333	11	520	893	11
193.0	7989	30	22	9334	37	509	1064	13
193.0	7969	21	21	9335	20	1378	545	11
193.0	8468	7	8	9336	5	1081	442	14
193.0	8039	24	20	9337	26	599	1206	9
193.0	8792	23	20	9338	23	1341	1061	10
193.0	8913	22	26	9339	18	511	931	13
193.0	8186	16	16	9340	15	1334	467	13
193.0	6875	16	14	9341	18	1332	602	13
193.0	8094	2	4	9342	0	1079	1429	14
193.0	7623	10	13	9343	7	674	1101	15
193.0	8709	17	16	9344	17	821	1438	11
193.0	8487	9	9	9345	8	1474	970	10
193.0	8301	19	25	9346	11	732	1400	11
193.0	7426	13	12	9347	13	1330	1209	15
193.0	7660	8	9	9348	6	858	521	12
193.0	6921	21	18	9349	22	1385	789	16
193.0	8154	24	17	9350	29	1015	33	12
193.0	8360	18	19	9351	16	769	1292	11
193.0	7118	4	5	9352	3	1362	942	11
193.0	7905	19	20	9353	16	588	1117	9
193.0	7341	20	16	9354	21	730	1345	9
193.0	8220	8	9	9355	7	1349	1478	11
193.0	8755	9	10	9356	8	612	656	13
193.0	8290	14	19	9357	9	1413	1267	13
193.0	7552	12	15	9358	8	810	1120	12
193.0	7110	14	14	9359	12	499	1019	8
193.0	8899	21	25	9360	17	1501	1140	13
193.0	8004	7	7	9361	7	1042	502	14
193.0	7102	19	22	9362	15	1454	771	11
193.0	6935	19	19	9363	18	779	469	11
193.0	8282	21	14	9364	27	1384	770	15
193.0	7531	8	5	9365	11	1285	1460	11
193.0	7227	19	23	9366	15	1608	1467	14
193.0	8336	8	3	9367	12	1193	1399	13
193.0	8111	13	17	9368	9	1257	1424	14
194.0	8964	14	14	9369	14	722	481	12
194.0	7878	21	26	9370	16	857	1450	10
194.0	7898	11	10	9371	11	976	512	12
194.0	7892	29	32	9372	23	405	1028	12
194.0	9081	10	10	9373	10	478	696	16
194.0	8657	7	5	9374	9	561	928	12
194.0	7803	20	19	9375	19	973	1412	9
194.0	8636	13	9	9376	15	585	588	14
194.0	8837	18	16	9377	19	451	692	17
194.0	7211	10	11	9378	9	1420	1026	12
194.0	8308	23	24	9379	21	1421	918	14
194.0	8086	8	6	9380	9	1008	1454	9
194.0	8598	22	23	9381	20	498	877	13
194.0	8582	12	7	9382	17	1116	1549	14
194.0	7115	16	18	9383	13	1053	1516	13
194.0	9245	23	24	9384	21	961	1396	12
194.0	8070	26	31	9385	20	581	759	16
194.0	7538	6	6	9386	6	533	1070	10
194.0	8329	29	30	9387	28	470	665	14
194.0	9022	11	8	9388	13	582	928	12
194.0	8372	35	41	9389	28	552	685	19
194.0	8052	26	23	9390	26	1266	1350	12
194.0	7425	26	27	9391	24	561	1064	16
194.0	7919	22	20	9392	24	681	592	10
194.0	8336	3	4	9393	1	1193	1399	14
194.0	8407	18	20	9394	16	532	770	17
194.0	8108	12	12	9395	12	1348	1524	8
194.0	7771	7	8	9396	6	989	486	19
194.0	8484	16	19	9397	11	1391	1077	11
194.0	8258	22	27	9398	16	1276	641	14
194.0	8480	12	11	9399	13	1304	1413	11
194.0	8373	27	26	9400	26	790	749	14
194.0	8554	1	1	9401	1	1361	1340	14
194.0	8623	8	6	9402	9	544	563	14
194.0	6936	14	18	9403	10	1221	667	16
194.0	7932	21	21	9404	18	1288	802	11
194.0	8313	14	17	9405	10	914	1501	14
194.0	8370	24	28	9406	18	1532	963	10
194.0	6894	8	7	9407	7	1107	1402	18
194.0	7796	7	5	9408	9	945	1442	15
194.0	8149	12	11	9409	12	1171	1340	13
194.0	7412	14	16	9410	12	962	1330	10
194.0	8621	16	14	9411	17	561	848	13
194.0	7991	25	27	9412	21	860	1349	18
194.0	8242	18	14	9413	21	751	383	13
194.0	8478	14	15	9414	13	717	541	12
194.0	8300	8	8	9415	8	1045	1551	13
194.0	8155	7	11	9416	3	1346	1423	13
194.0	7726	17	19	9417	15	629	1193	11
194.0	7283	22	29	9418	14	1257	607	12
195.0	6999	27	25	9419	27	1670	1053	12
195.0	7290	33	35	9420	30	470	1732	13
195.0	8929	24	23	9421	22	536	842	15
195.0	7580	17	17	9422	14	1389	1191	10
195.0	7877	39	32	9423	43	1610	1999	10
195.0	7985	17	16	9424	17	1162	536	10
195.0	8630	21	24	9425	17	732	507	11
195.0	8292	17	12	9426	22	640	517	11
195.0	7669	13	11	9427	15	1391	1159	15
195.0	6935	19	19	9428	18	779	447	12
195.0	8889	26	29	9429	23	1340	1194	13
195.0	8027	25	21	9430	25	448	726	17
195.0	8156	19	20	9431	16	677	1190	9
195.0	7514	11	12	9432	9	491	850	11
195.0	7879	18	14	9433	21	1178	1491	10
195.0	6966	26	24	9434	28	662	393	18
195.0	7588	30	35	9435	24	791	211	13
195.0	7059	18	15	9436	20	709	1178	12
195.0	7892	32	40	9437	23	405	1028	13
195.0	8837	16	16	9438	15	433	692	18
195.0	8108	12	8	9439	16	1348	1566	9
195.0	7508	6	8	9440	4	1178	601	14
195.0	8634	13	12	9441	13	1182	564	14
195.0	7684	19	19	9442	19	1509	968	8
195.0	8490	23	21	9443	25	475	1281	12
195.0	7712	8	7	9444	9	668	1320	11
195.0	8899	25	25	9445	23	1501	1140	14
195.0	7858	12	14	9446	9	1442	1180	14
195.0	8327	19	21	9447	17	554	701	17
195.0	8372	41	49	9448	32	552	685	20
195.0	7219	9	6	9449	11	728	1460	13
195.0	8498	16	16	9450	16	753	571	11
195.0	8733	26	27	9451	25	594	523	12
195.0	8701	10	9	9452	10	1018	1468	13
195.0	8055	25	22	9453	27	1147	49	10
195.0	8917	19	19	9454	19	1473	1124	15
195.0	8266	14	16	9455	12	1450	870	12
195.0	7334	21	17	9456	25	498	786	14
195.0	9245	24	28	9457	20	961	1396	13
195.0	7726	19	22	9458	15	629	1193	12
195.0	7593	15	11	9459	18	1059	680	10
195.0	8220	9	9	9460	9	1349	1499	12
195.0	6875	14	14	9461	13	1332	602	14
195.0	9139	11	11	9462	10	1455	989	12
195.0	7636	12	13	9463	10	1419	954	11
195.0	7928	12	16	9464	8	1431	865	12
195.0	7363	23	21	9465	23	323	451	12
195.0	7898	10	11	9466	9	976	512	13
196.0	8038	17	16	9467	18	581	1205	11
196.0	7986	9	9	9468	8	483	801	17
196.0	8268	7	10	9469	4	809	562	14
196.0	8250	20	18	9470	20	1423	1321	13
196.0	8193	25	23	9471	26	1385	602	11
196.0	8507	15	21	9472	9	1505	1090	11
196.0	8822	28	33	9473	22	461	1115	12
196.0	8497	13	16	9474	10	741	623	10
196.0	8112	6	5	9475	7	842	478	13
196.0	8358	40	32	9476	47	753	261	16
196.0	7917	15	10	9477	19	1565	1591	11
196.0	6875	14	11	9478	17	1332	602	15
196.0	8047	10	11	9479	9	540	861	13
196.0	8142	6	6	9480	6	952	521	13
196.0	7684	19	18	9481	19	1509	968	9
196.0	8188	28	27	9482	29	1356	810	9
196.0	8855	14	14	9483	13	827	1498	13
196.0	8907	4	2	9484	5	1100	1492	14
196.0	7161	13	13	9485	12	1039	1490	14
196.0	7580	17	18	9486	16	1389	1191	11
196.0	7444	27	22	9487	30	1388	908	12
196.0	9245	28	28	9488	26	961	1396	14
196.0	7985	16	22	9489	8	1162	536	11
196.0	7126	20	17	9490	23	1263	631	16
196.0	8436	18	23	9491	12	709	1301	9
196.0	8324	8	9	9492	6	1507	1261	12
196.0	7308	18	18	9493	17	1296	1531	12
196.0	8439	38	35	9494	38	1380	1477	8
196.0	8283	3	3	9495	3	1229	1497	10
196.0	8444	11	12	9496	10	1480	896	13
196.0	7059	15	14	9497	14	709	1178	13
196.0	8565	27	27	9498	27	853	542	15
196.0	8266	16	16	9499	15	1466	870	13
196.0	8401	9	11	9500	7	413	771	18
196.0	9021	24	21	9501	26	1028	430	17
196.0	7528	10	10	9502	10	803	1299	10
196.0	7628	23	19	9503	25	1359	1240	11
196.0	8119	7	6	9504	8	1050	1424	11
196.0	7614	16	16	9505	15	1022	1526	14
196.0	7361	8	9	9506	7	779	1211	14
196.0	8045	26	27	9507	23	1448	953	10
196.0	6946	23	29	9508	15	963	10	11
196.0	8370	28	24	9509	29	1532	963	11
196.0	8141	24	29	9510	19	1097	550	13
196.0	7735	10	11	9511	8	1031	659	12
196.0	8889	29	33	9512	25	1340	1194	14
196.0	8158	32	28	9513	35	1490	1513	10
196.0	7879	14	12	9514	16	1178	1491	11
196.0	8039	20	16	9515	22	599	1206	10
197.0	8387	15	16	9516	13	509	668	17
197.0	9065	13	12	9517	12	1332	1270	12
197.0	6946	29	29	9518	28	963	10	12
197.0	8439	35	30	9519	36	1380	1477	9
197.0	8142	6	6	9520	5	952	521	14
197.0	6894	7	8	9521	6	1107	1420	19
197.0	7731	30	29	9522	30	1146	538	11
197.0	9094	7	7	9523	7	779	1404	10
197.0	8883	12	15	9524	9	934	429	10
197.0	9195	20	23	9525	14	761	1341	20
197.0	8424	24	22	9526	24	1088	422	13
197.0	7028	11	8	9527	12	371	1141	12
197.0	8599	37	38	9528	35	710	262	14
197.0	8144	15	16	9529	14	1157	1548	12
197.0	9051	20	20	9530	18	474	1039	15
197.0	7661	14	11	9531	16	769	1151	10
197.0	9408	9	13	9532	5	945	1480	16
197.0	8726	21	20	9533	21	1170	1291	14
197.0	7308	18	21	9534	15	1296	1531	13
197.0	7556	32	38	9535	25	606	710	18
197.0	7083	22	19	9536	25	1479	1314	13
197.0	8872	25	26	9537	22	1079	582	14
197.0	9383	13	10	9538	13	1068	1516	14
197.0	7954	24	22	9539	25	631	942	13
197.0	8191	37	34	9540	39	1129	498	15
197.0	8613	18	19	9541	16	1360	832	15
197.0	8855	14	14	9542	12	827	1498	14
197.0	8252	2	1	9543	3	513	1092	11
197.0	8358	32	31	9544	33	753	261	17
197.0	7021	32	29	9545	33	375	1012	10
197.0	7946	9	10	9546	8	801	1261	12
197.0	8579	20	18	9547	19	619	1280	10
197.0	7160	26	26	9548	26	1283	679	13
197.0	8894	12	10	9549	14	1309	1435	11
197.0	6956	19	17	9550	21	1187	503	14
197.0	8015	16	19	9551	13	286	1029	15
197.0	7386	20	19	9552	20	1260	1275	9
197.0	8989	13	11	9553	15	436	847	11
197.0	7989	22	18	9554	25	509	1046	14
198.0	7621	2	1	9555	3	1120	1443	15
198.0	7688	29	26	9556	31	1951	949	11
198.0	7288	15	15	9557	14	1580	998	13
198.0	8489	15	16	9558	12	721	629	12
198.0	8481	15	15	9559	15	1444	1271	12
198.0	8696	16	19	9560	13	1280	869	16
198.0	6938	9	10	9561	7	768	1393	10
198.0	8805	16	18	9562	13	1311	929	12
198.0	7454	12	9	9563	15	769	1367	8
198.0	7273	2	1	9564	3	1093	1449	17
198.0	8213	17	16	9565	16	556	617	14
198.0	8911	12	12	9566	12	1504	930	13
198.0	6956	17	12	9567	21	1187	503	15
198.0	8448	3	3	9568	3	1071	1494	12
198.0	8492	16	17	9569	13	878	1339	14
198.0	7123	18	21	9570	15	1330	968	14
198.0	7861	12	10	9571	14	714	610	14
198.0	8746	23	20	9572	22	629	464	12
198.0	7551	16	18	9573	13	1496	1248	14
198.0	9145	30	32	9574	27	257	759	15
198.0	8350	19	15	9575	22	1212	598	17
198.0	8972	47	43	9576	46	697	630	17
198.0	8479	18	19	9577	16	957	331	12
198.0	8794	36	38	9578	32	1480	1053	15
198.0	8377	23	21	9579	25	491	1102	12
198.0	8216	7	8	9580	6	1091	1611	11
198.0	6946	29	27	9581	31	963	10	13
198.0	8371	36	39	9582	30	1101	454	12
198.0	7355	12	7	9583	16	383	1204	16
198.0	8803	5	6	9584	4	1479	1248	12
198.0	8378	10	10	9585	8	997	561	10
198.0	8235	9	11	9586	7	1460	920	14
198.0	9021	21	20	9587	20	1028	430	18
198.0	7378	16	15	9588	16	1370	598	11
198.0	8600	14	16	9589	12	931	505	12
198.0	8513	18	22	9590	14	460	747	19
198.0	7903	11	8	9591	14	1411	1294	13
199.0	8504	6	7	9592	5	1161	1436	16
199.0	8856	15	10	9593	19	457	783	14
199.0	8117	12	9	9594	15	1485	1209	14
199.0	8703	12	10	9595	13	1592	1496	14
199.0	8582	7	7	9596	7	1116	1583	15
199.0	9195	23	24	9597	21	761	1341	21
199.0	8037	30	36	9598	24	1598	1005	11
199.0	8506	15	18	9599	12	359	954	12
199.0	8439	30	25	9600	32	1380	1477	10
199.0	8866	14	10	9601	17	482	685	16
199.0	9222	29	26	9602	27	1399	725	12
199.0	8751	31	32	9603	28	1377	1398	9
199.0	8041	28	29	9604	26	1419	719	12
199.0	8252	1	1	9605	1	513	1092	12
199.0	7380	8	8	9606	8	568	543	13
199.0	8661	7	8	9607	6	940	1531	10
199.0	8628	13	10	9608	15	523	562	16
199.0	8451	26	30	9609	20	1145	432	14
199.0	8213	16	17	9610	15	556	617	15
199.0	8004	7	6	9611	8	1071	490	15
199.0	8632	29	27	9612	29	1102	474	15
199.0	9360	17	18	9613	15	1527	1166	14
199.0	7227	23	21	9614	24	1608	1467	15
199.0	8998	11	8	9615	14	771	1351	20
199.0	7439	15	14	9616	15	531	965	10
199.0	9493	17	18	9617	15	1296	1579	13
199.0	8671	17	13	9618	20	1049	503	16
199.0	7666	15	16	9619	13	692	441	14
199.0	7783	9	10	9620	8	1322	1416	9
199.0	7579	14	13	9621	14	670	982	15
199.0	7643	32	38	9622	26	949	420	18
199.0	9136	36	40	9623	32	90	1651	11
199.0	7553	25	31	9624	18	641	718	17
199.0	6946	27	26	9625	27	963	10	14
199.0	7363	21	21	9626	20	323	451	13
199.0	7511	21	13	9627	28	630	638	15
199.0	7028	8	7	9628	9	371	1141	13
199.0	8350	15	14	9629	16	1212	598	18
199.0	7877	32	33	9630	30	1603	1999	11
199.0	9021	20	22	9631	16	1028	430	19
199.0	8155	11	9	9632	13	1346	1423	14
199.0	8513	22	21	9633	21	460	747	20
199.0	7157	20	16	9634	24	1275	590	13
200.0	8818	16	12	9635	20	538	1000	13
200.0	8205	22	26	9636	18	1179	668	15
200.0	8299	22	18	9637	25	1218	563	14
200.0	7622	11	10	9638	11	781	463	12
200.0	6954	19	20	9639	16	856	1493	11
200.0	8041	29	29	9640	28	1419	719	13
200.0	9296	17	15	9641	18	1552	1025	13
200.0	8798	30	22	9642	37	654	442	14
200.0	8991	42	44	9643	36	1847	799	11
200.0	9256	27	29	9644	22	1476	719	12
200.0	8842	28	32	9645	23	872	531	12
200.0	9113	24	17	9646	27	1368	990	10
200.0	7028	7	6	9647	8	371	1141	14
200.0	8914	7	7	9648	6	1228	1349	14
200.0	8228	15	21	9649	9	787	611	11
200.0	7227	21	18	9650	24	1608	1467	16
200.0	8143	5	7	9651	3	1144	1522	9
200.0	7534	32	27	9652	37	1491	1003	14
200.0	8661	8	6	9653	8	940	1531	11
200.0	7553	31	32	9654	29	641	718	18
200.0	8866	10	9	9655	11	482	685	17
200.0	8074	13	12	9656	13	636	1100	14
200.0	7029	8	7	9657	8	1528	1226	17
200.0	8836	22	18	9658	25	564	989	9
200.0	7282	10	10	9659	10	1228	1478	10
200.0	8241	23	30	9660	16	1330	643	13
200.0	7754	9	9	9661	8	1368	1549	11
200.0	8639	9	6	9662	10	893	491	11
200.0	9406	18	20	9663	16	1627	938	11
200.0	7308	21	16	9664	25	1296	1531	14
200.0	7302	42	43	9665	39	680	630	18
200.0	7942	19	23	9666	14	1341	821	17
200.0	9191	19	19	9667	18	466	987	10
200.0	7102	22	20	9668	24	1454	771	12
200.0	8284	17	13	9669	20	1052	561	11
200.0	8295	29	28	9670	28	589	565	16
200.0	8861	28	26	9671	29	1079	541	17
201.0	9353	16	15	9672	14	575	1129	10
201.0	8019	24	29	9673	18	427	891	17
201.0	8285	27	30	9674	22	1313	400	12
201.0	7467	20	22	9675	18	322	1042	18
201.0	8748	9	13	9676	5	1433	1341	12
201.0	7441	18	18	9677	18	920	356	11
201.0	8227	27	27	9678	25	661	751	17
201.0	8679	19	17	9679	21	687	474	11
201.0	7688	26	21	9680	30	1951	949	12
201.0	7712	7	7	9681	7	668	1320	12
201.0	7299	18	22	9682	12	473	893	14
201.0	7246	17	20	9683	14	950	582	14
201.0	9004	21	20	9684	21	1480	1328	13
201.0	8475	11	10	9685	12	499	624	16
201.0	8903	13	13	9686	13	600	767	18
201.0	9226	8	8	9687	8	1370	1282	13
201.0	8102	19	17	9688	21	520	893	12
201.0	9024	40	39	9689	39	613	1240	12
201.0	8032	10	10	9690	10	1292	1400	10
201.0	8755	10	9	9691	10	596	672	14
201.0	8143	7	6	9692	7	1144	1522	10
201.0	7553	32	38	9693	26	641	718	19
201.0	7078	7	8	9694	6	599	842	14
201.0	9429	23	21	9695	24	1352	1181	14
201.0	8965	8	8	9696	7	1030	1450	13
201.0	8295	28	33	9697	22	589	565	17
201.0	7174	13	8	9698	18	782	1432	11
201.0	7370	27	26	9699	27	1376	1163	12
201.0	8837	16	12	9700	19	382	678	19
201.0	7879	12	10	9701	14	1178	1491	12
201.0	8207	33	34	9702	31	1386	1429	10
201.0	8790	26	27	9703	25	591	1053	14
201.0	6996	4	4	9704	4	1361	1301	11
201.0	7290	35	35	9705	34	470	1732	14
201.0	8987	10	6	9706	14	1431	602	11
201.0	8818	12	7	9707	17	538	1000	14
201.0	9260	24	20	9708	27	1296	1620	12
201.0	7800	12	8	9709	16	619	1162	11
201.0	8677	12	12	9710	12	1268	830	13
201.0	9016	17	15	9711	17	422	1005	14
201.0	8203	14	15	9712	12	429	510	12
201.0	7108	17	14	9713	20	707	483	15
201.0	7341	16	22	9714	10	730	1345	10
201.0	7858	14	19	9715	9	1457	1180	15
201.0	8524	23	25	9716	19	618	740	16
202.0	8382	34	35	9717	31	662	613	16
202.0	7879	10	12	9718	6	1178	1491	13
202.0	9373	10	13	9719	7	479	713	17
202.0	7985	22	19	9720	22	1149	523	12
202.0	8317	15	15	9721	14	659	498	13
202.0	8045	27	29	9722	24	1448	953	11
202.0	8980	7	10	9723	4	780	416	14
202.0	6876	23	25	9724	20	509	1213	12
202.0	9443	25	21	9725	28	498	1405	13
202.0	9024	39	41	9726	36	613	1240	13
202.0	7718	13	10	9727	16	1389	880	15
202.0	8857	24	24	9728	24	562	1032	16
202.0	8765	42	46	9729	36	1706	1780	9
202.0	7580	18	18	9730	18	1389	1191	12
202.0	8813	21	21	9731	21	719	551	13
202.0	8308	24	24	9732	23	1421	918	15
202.0	8790	27	29	9733	25	591	1053	15
202.0	8887	28	25	9734	31	389	715	17
202.0	8216	8	4	9735	12	1091	1611	12
202.0	8049	15	11	9736	18	460	1081	13
202.0	8590	24	20	9737	25	832	1453	11
202.0	7288	15	14	9738	15	1580	998	14
202.0	9103	26	20	9739	31	1185	461	14
202.0	8025	4	5	9740	3	902	415	15
202.0	8360	19	18	9741	18	751	1292	12
202.0	8519	3	4	9742	2	542	1100	14
202.0	9004	20	16	9743	24	1480	1328	14
202.0	8250	18	16	9744	20	1423	1321	14
202.0	8619	9	8	9745	10	1276	1649	9
202.0	7988	18	16	9746	19	422	644	16
202.0	7854	22	21	9747	23	412	1104	13
202.0	7110	14	14	9748	14	467	994	9
202.0	8972	43	36	9749	45	697	630	18
202.0	7553	38	40	9750	34	641	718	20
202.0	8643	16	17	9751	13	737	1393	17
202.0	7078	8	11	9752	5	599	842	15
203.0	9372	23	23	9753	21	371	971	13
203.0	8827	20	18	9754	21	1160	584	15
203.0	8821	22	26	9755	18	924	1450	11
203.0	9117	34	39	9756	29	613	729	17
203.0	7403	23	21	9757	25	1089	497	14
203.0	7402	38	38	9758	37	650	1240	12
203.0	8649	27	22	9759	31	658	1453	9
203.0	7331	17	23	9760	10	580	530	15
203.0	7362	13	14	9761	12	605	501	15
203.0	8173	24	23	9762	25	622	439	10
203.0	8167	37	36	9763	37	26	1833	11
203.0	8794	38	36	9764	36	1480	1053	16
203.0	7718	10	9	9765	10	1389	880	16
203.0	6876	25	25	9766	24	509	1213	13
203.0	8740	13	11	9767	14	677	1209	11
203.0	8415	11	9	9768	13	403	943	14
203.0	7584	10	7	9769	12	1019	1439	13
203.0	8709	16	13	9770	18	821	1438	12
203.0	8191	34	30	9771	30	1129	498	16
203.0	6946	26	25	9772	27	963	10	15
203.0	8244	13	10	9773	16	1400	923	12
203.0	7556	38	37	9774	38	606	693	19
203.0	8646	17	17	9775	17	922	569	14
203.0	7946	10	9	9776	11	801	1261	13
203.0	9327	25	32	9777	18	498	705	19
203.0	8425	1	2	9778	0	631	1152	10
203.0	8041	29	29	9779	28	1419	719	14
203.0	9226	8	8	9780	8	1370	1282	14
203.0	8112	5	8	9781	2	842	478	14
203.0	8472	32	33	9782	29	425	1207	8
203.0	8559	21	17	9783	23	648	1257	11
203.0	7677	5	5	9784	5	612	1081	10
203.0	8977	8	4	9785	12	1299	1494	11
203.0	6924	17	15	9786	18	758	483	12
203.0	8193	23	23	9787	23	1385	602	12
203.0	8514	19	17	9788	21	869	416	15
203.0	7971	27	22	9789	31	564	463	15
203.0	8654	12	13	9790	11	800	1383	10
203.0	8220	9	13	9791	5	1349	1520	13
203.0	7225	28	19	9792	37	1494	1442	11
203.0	9303	33	26	9793	39	1528	1053	15
203.0	9428	18	15	9794	20	795	429	13
203.0	7460	5	6	9795	4	1068	400	13
203.0	7505	17	20	9796	13	910	544	12
203.0	8360	18	18	9797	18	751	1292	13
203.0	8952	17	16	9798	18	941	224	10
203.0	8408	11	11	9799	9	1333	1399	9
203.0	8869	11	16	9800	6	1214	1512	11
204.0	9132	33	37	9801	27	817	451	12
204.0	9094	7	6	9802	8	779	1404	11
204.0	8551	12	12	9803	11	888	620	10
204.0	7332	13	12	9804	13	841	1309	12
204.0	8401	11	14	9805	8	413	771	19
204.0	9224	15	13	9806	16	931	429	13
204.0	7157	16	13	9807	18	1275	590	14
204.0	9760	10	12	9808	8	570	530	16
204.0	8987	6	7	9809	4	1454	602	12
204.0	7078	11	11	9810	11	599	842	16
204.0	7499	11	12	9811	9	925	1618	14
204.0	7418	6	5	9812	7	1011	510	14
204.0	8002	3	3	9813	2	1370	1359	16
204.0	7540	9	9	9814	9	1164	1590	12
204.0	8827	18	16	9815	20	1160	584	16
204.0	7707	34	38	9816	28	1380	1464	11
204.0	6946	25	26	9817	23	963	10	16
204.0	9113	17	15	9818	18	1368	990	11
204.0	8327	21	17	9819	25	543	690	18
204.0	8534	17	15	9820	18	1379	640	13
204.0	8244	10	10	9821	8	1400	923	13
204.0	8367	11	11	9822	10	913	469	10
204.0	8571	12	10	9823	13	830	1506	13
204.0	8468	8	6	9824	9	1122	401	15
204.0	8560	10	14	9825	4	974	437	11
204.0	7525	7	4	9826	9	192	860	17
204.0	7606	32	32	9827	30	510	860	15
204.0	8476	30	29	9828	30	1021	529	15
204.0	8505	18	14	9829	22	1286	373	13
204.0	8735	10	11	9830	8	1091	1585	14
204.0	7331	23	22	9831	22	580	530	16
204.0	8340	6	6	9832	4	962	1558	12
204.0	8752	5	7	9833	3	1251	1399	15
204.0	8623	6	7	9834	5	537	536	15
204.0	9232	9	7	9835	10	1152	1488	16
204.0	9284	17	16	9836	18	702	1399	9
204.0	8983	20	15	9837	25	601	798	13
204.0	7882	31	36	9838	24	499	923	14
204.0	9272	9	8	9839	10	560	643	16
204.0	7629	10	7	9840	13	670	480	12
204.0	7559	29	28	9841	29	1421	1023	8
204.0	9372	23	20	9842	24	371	971	14
204.0	8734	10	11	9843	9	414	821	16
204.0	8020	11	11	9844	10	1220	522	13
204.0	7877	33	31	9845	33	1603	1999	12
204.0	8898	42	44	9846	38	1419	1464	9
204.0	8138	24	17	9847	31	570	962	16
204.0	8142	6	8	9848	4	952	503	15
204.0	9428	15	16	9849	14	780	414	14
205.0	6946	26	31	9850	18	963	10	17
205.0	7331	22	23	9851	21	580	530	17
205.0	9166	18	17	9852	19	828	1412	18
205.0	8440	19	21	9853	16	1412	1333	10
205.0	8829	25	22	9854	27	1368	760	11
205.0	8227	27	30	9855	20	661	751	18
205.0	7043	10	7	9856	13	1460	642	11
205.0	8765	46	43	9857	45	1706	1780	10
205.0	8281	25	23	9858	25	1580	859	10
205.0	7613	11	11	9859	10	590	632	13
205.0	9373	13	16	9860	9	479	713	18
205.0	8898	44	49	9861	37	1419	1464	10
205.0	7174	8	11	9862	5	761	1432	12
205.0	8127	27	26	9863	25	557	660	16
205.0	7531	5	8	9864	2	1285	1460	12
205.0	9670	28	25	9865	29	589	549	17
205.0	7291	36	42	9866	29	1742	759	9
205.0	7825	6	5	9867	7	710	1452	10
205.0	7424	30	20	9868	39	800	489	14
205.0	8887	25	24	9869	24	389	715	18
205.0	8162	16	16	9870	15	1233	650	14
205.0	7425	27	21	9871	30	561	1082	17
205.0	7551	18	22	9872	13	1496	1248	15
205.0	8242	14	11	9873	17	721	353	14
205.0	8277	33	26	9874	39	741	346	13
205.0	9051	20	17	9875	21	474	1021	16
205.0	8879	24	20	9876	26	471	954	12
205.0	8862	6	10	9877	2	1360	1319	11
205.0	8295	33	31	9878	35	589	565	18
205.0	9081	10	10	9879	9	423	696	17
205.0	8987	7	8	9880	6	1454	602	13
205.0	8964	14	11	9881	16	722	481	13
205.0	9161	16	21	9882	11	873	215	12
205.0	8424	22	22	9883	21	1088	362	14
205.0	7799	24	23	9884	22	691	447	11
205.0	7308	16	12	9885	19	1277	1531	15
205.0	9191	19	18	9886	17	463	987	11
205.0	7585	37	40	9887	33	1306	312	15
205.0	8075	17	14	9888	17	958	381	10
205.0	8058	12	12	9889	12	412	1060	16
205.0	8446	30	24	9890	35	502	828	14
205.0	7559	28	25	9891	31	1421	1023	9
205.0	8046	19	21	9892	16	1272	661	13
205.0	9136	40	38	9893	41	21	1630	12
205.0	8258	27	27	9894	26	1276	641	15
206.0	9268	24	26	9895	19	519	730	16
206.0	8322	10	12	9896	8	999	408	15
206.0	8305	36	32	9897	39	1543	1084	12
206.0	8213	17	15	9898	18	542	603	16
206.0	7712	7	7	9899	7	668	1320	13
206.0	9067	18	13	9900	23	704	432	15
206.0	8873	18	17	9901	18	1572	1101	12
206.0	7960	33	32	9902	33	324	873	15
206.0	8184	30	32	9903	26	414	802	14
206.0	8951	19	15	9904	22	1122	518	14
206.0	7441	18	14	9905	20	902	356	12
206.0	8592	6	5	9906	7	842	327	15
206.0	9080	36	35	9907	35	1462	1272	12
206.0	8788	20	26	9908	14	1400	1263	11
206.0	8563	9	5	9909	9	530	704	16
206.0	9092	17	16	9910	17	600	1209	11
206.0	7881	13	11	9911	15	1426	1130	9
206.0	7432	22	22	9912	22	1401	982	12
206.0	9088	7	6	9913	8	1223	1399	16
206.0	9121	10	12	9914	8	1257	569	14
206.0	8614	9	8	9915	10	849	442	13
206.0	8465	22	23	9916	18	1638	1046	12
206.0	8802	9	10	9917	8	1239	1544	11
206.0	8215	18	17	9918	19	1184	498	13
206.0	7132	16	14	9919	17	1368	1426	10
206.0	8837	12	10	9920	13	382	678	20
206.0	9210	28	30	9921	24	442	1103	12
206.0	9594	15	11	9922	18	1496	1179	15
206.0	8898	49	54	9923	40	1419	1464	11
206.0	8998	8	7	9924	8	771	1351	21
206.0	8855	14	13	9925	14	797	1514	15
206.0	7584	7	6	9926	8	1019	1439	14
206.0	6972	43	40	9927	44	1462	1253	12
206.0	8735	11	9	9928	12	1091	1585	15
206.0	8913	26	28	9929	22	439	961	14
206.0	7362	14	11	9930	17	605	501	16
206.0	8829	22	24	9931	20	1368	760	12
206.0	8730	27	23	9932	30	584	670	17
206.0	8590	20	20	9933	19	832	1453	12
206.0	8177	11	9	9934	13	1476	1149	9
206.0	9719	7	5	9935	9	454	737	18
206.0	8781	15	14	9936	16	1043	398	16
206.0	7291	42	47	9937	35	1742	759	10
206.0	8112	8	5	9938	11	842	478	15
206.0	8487	9	11	9939	7	1489	955	11
206.0	9276	13	17	9940	9	426	814	17
206.0	9191	18	19	9941	16	463	987	12
206.0	8327	17	13	9942	19	543	690	19
206.0	8317	15	13	9943	17	659	498	14
206.0	7415	14	12	9944	15	919	1379	17
206.0	9019	14	13	9945	15	1521	1106	15
206.0	7723	21	20	9946	22	1450	1098	15
206.0	7878	26	29	9947	22	857	1450	11
206.0	8440	21	26	9948	15	1412	1333	11
207.0	9051	17	16	9949	17	474	1021	17
207.0	8416	16	14	9950	16	1447	1209	13
207.0	7473	35	42	9951	26	1379	673	13
207.0	9510	19	14	9952	22	1119	550	14
207.0	7988	16	14	9953	18	408	630	17
207.0	8925	11	10	9954	12	590	1100	12
207.0	7986	9	7	9955	11	483	801	18
207.0	7652	17	19	9956	15	925	369	10
207.0	8548	24	23	9957	22	1629	1154	11
207.0	7115	18	17	9958	19	1038	1547	14
207.0	9394	16	17	9959	14	547	770	18
207.0	8280	13	12	9960	13	529	643	13
207.0	8783	15	17	9961	13	1534	1041	13
207.0	8634	12	12	9962	12	1185	531	15
207.0	9109	13	12	9963	14	526	542	15
207.0	6946	31	27	9964	35	963	10	18
207.0	7108	14	14	9965	14	707	483	16
207.0	9499	15	15	9966	15	1516	840	14
207.0	8908	9	12	9967	6	1204	539	13
207.0	8958	10	11	9968	8	341	1124	16
207.0	7126	17	17	9969	17	1263	631	17
207.0	9188	6	7	9970	5	1168	1390	14
207.0	8346	9	10	9971	7	1108	209	15
207.0	8349	23	17	9972	28	351	1421	12
207.0	8784	16	14	9973	17	830	289	16
207.0	8154	17	20	9974	14	1015	33	13
207.0	7270	8	7	9975	9	1189	1432	18
207.0	8781	14	10	9976	17	1043	398	17
207.0	8303	37	36	9977	37	644	377	16
207.0	7538	6	8	9978	4	515	1070	11
207.0	8487	11	10	9979	11	1489	955	12
207.0	8735	9	10	9980	8	1091	1585	16
207.0	8241	30	40	9981	18	1363	629	14
207.0	8997	0	0	9982	0	1132	1472	15
207.0	9412	21	21	9983	16	860	1371	19
207.0	8039	16	12	9984	19	571	1234	11
207.0	8788	26	24	9985	26	1400	1263	12
207.0	9220	7	8	9986	5	1062	1472	15
207.0	8218	5	5	9987	4	957	1538	15
207.0	8885	11	11	9988	11	1232	1450	17
207.0	9210	30	33	9989	27	414	1131	13
207.0	7754	9	11	9990	6	1382	1563	12
207.0	9121	12	9	9991	13	1257	569	15
207.0	7209	12	8	9992	15	833	550	14
207.0	7896	3	3	9993	3	561	1113	13
207.0	8285	30	30	9994	27	1341	350	13
207.0	8177	9	11	9995	6	1476	1149	10
207.0	9243	6	5	9996	6	266	878	17
207.0	8203	15	12	9997	18	429	510	13
208.0	8847	24	29	9998	18	1433	760	16
208.0	9543	3	3	9999	3	512	1117	12
208.0	8957	19	24	10000	14	1576	1746	10
208.0	7985	19	14	10001	23	1149	503	13
208.0	8306	11	13	10002	8	1580	1061	12
208.0	8370	24	19	10003	28	1532	963	12
208.0	8579	18	15	10004	21	619	1319	11
208.0	8047	11	9	10005	13	540	861	14
208.0	8310	24	23	10006	22	1369	737	12
208.0	8258	27	26	10007	25	1276	641	16
208.0	8071	30	33	10008	25	1625	1068	11
208.0	8958	11	9	10009	13	341	1124	17
208.0	9414	13	13	10010	12	689	520	13
208.0	8173	23	22	10011	24	594	341	11
208.0	8856	10	9	10012	10	437	783	15
208.0	8334	25	29	10013	20	1270	551	12
208.0	9193	19	18	10014	20	1602	1058	12
208.0	9004	16	15	10015	16	1480	1328	15
208.0	9412	21	21	10016	20	860	1371	20
208.0	8317	13	16	10017	10	659	498	15
208.0	8801	23	24	10018	21	1410	1416	10
208.0	9115	18	17	10019	18	447	918	14
208.0	8167	36	33	10020	37	111	1922	12
208.0	8650	28	27	10021	27	1659	1082	12
208.0	7652	19	16	10022	21	925	369	11
208.0	8263	12	14	10023	10	848	1517	14
208.0	8328	29	22	10024	33	1983	1049	12
208.0	7473	42	35	10025	45	1397	691	14
208.0	9706	14	12	10026	15	1496	559	12
208.0	7905	20	18	10027	20	575	1130	10
208.0	8898	54	45	10028	55	1419	1464	12
208.0	8303	36	35	10029	35	644	377	17
208.0	8037	36	37	10030	35	1598	1005	12
208.0	9194	3	4	10031	2	1554	1239	17
208.0	9051	16	19	10032	13	474	1021	18
208.0	8299	18	13	10033	22	1250	556	15
208.0	8673	8	10	10034	5	1269	1612	10
208.0	8826	41	34	10035	47	848	409	16
208.0	7514	12	16	10036	8	491	850	12
208.0	9256	29	29	10037	27	1495	719	13
208.0	9394	17	17	10038	15	547	770	19
208.0	8386	20	21	10039	17	721	1318	16
208.0	7585	40	32	10040	45	1306	312	16
209.0	8623	7	9	10041	5	519	518	16
209.0	8684	26	28	10042	23	1458	861	14
209.0	9594	11	11	10043	10	1506	1189	16
209.0	8588	13	12	10044	12	563	1200	12
209.0	8794	36	35	10045	34	1480	1053	17
209.0	8329	30	34	10046	26	364	614	15
209.0	9443	21	16	10047	26	498	1405	14
209.0	8108	8	9	10048	7	1348	1587	10
209.0	6999	25	22	10049	28	1779	1049	13
209.0	8235	11	8	10050	13	1460	920	15
209.0	6966	24	23	10051	23	496	304	19
209.0	9021	22	22	10052	21	1046	430	20
209.0	9163	5	5	10053	5	1056	372	13
209.0	8341	8	10	10054	6	1212	1564	12
209.0	7097	12	12	10055	10	1380	1323	15
209.0	7276	15	11	10056	19	795	333	18
209.0	9307	14	17	10057	10	1224	1551	12
209.0	7507	20	19	10058	21	1462	1018	11
209.0	7892	40	36	10059	42	384	1028	14
209.0	8903	13	11	10060	14	589	778	19
209.0	7951	37	27	10061	44	426	1580	18
209.0	8980	10	10	10062	10	778	388	15
209.0	7302	43	39	10063	45	680	630	19
209.0	8509	6	5	10064	6	1197	1488	15
209.0	8443	23	27	10065	17	893	521	12
209.0	7531	8	9	10066	7	1285	1460	13
209.0	9096	36	44	10067	28	1568	936	14
209.0	8657	5	6	10068	4	561	928	13
209.0	8186	16	19	10069	13	1334	467	14
209.0	9202	23	26	10070	19	450	1016	12
209.0	9240	24	24	10071	23	1502	1030	10
209.0	8071	33	41	10072	24	1643	1068	12
209.0	8751	32	32	10073	31	1377	1398	10
209.0	8490	21	13	10074	28	475	1281	13
209.0	9060	20	18	10075	21	799	1359	20
209.0	8019	29	31	10076	25	427	891	18
209.0	9136	38	38	10077	35	21	1630	13
209.0	8957	24	20	10078	27	1576	1746	11
209.0	7991	27	26	10079	27	860	1349	19
209.0	8901	8	10	10080	5	722	1544	11
209.0	9725	28	25	10081	27	531	1369	14
209.0	9632	13	11	10082	15	1333	1457	15
209.0	8441	15	14	10083	14	627	600	13
209.0	8770	14	14	10084	12	1460	622	11
210.0	9484	5	6	10085	4	1111	1537	15
210.0	8393	22	26	10086	17	1350	581	12
210.0	8408	11	7	10087	15	1333	1399	10
210.0	8266	16	17	10088	15	1479	835	14
210.0	8137	21	18	10089	22	1358	690	12
210.0	7684	18	16	10090	20	1509	968	10
210.0	8599	38	48	10091	25	477	22	15
210.0	7380	8	10	10092	6	568	543	14
210.0	8523	35	32	10093	37	784	242	16
210.0	8371	39	49	10094	29	1101	454	13
210.0	7534	27	16	10095	36	1527	1003	15
210.0	8882	32	25	10096	38	684	1791	13
210.0	8709	13	14	10097	12	821	1438	13
210.0	8687	19	19	10098	18	378	1094	13
210.0	8851	11	7	10099	14	1133	1572	11
210.0	7029	7	9	10100	5	1528	1226	18
210.0	8502	31	29	10101	32	716	299	14
210.0	8850	31	33	10102	28	1307	1369	11
210.0	9184	4	4	10103	4	884	1523	14
210.0	9274	20	25	10104	13	1572	1158	13
210.0	8876	29	32	10105	25	647	1500	17
210.0	8830	9	10	10106	8	738	1311	12
210.0	8844	28	29	10107	27	654	332	18
210.0	7783	10	11	10108	8	1310	1446	10
210.0	9655	11	8	10109	13	449	671	18
210.0	8945	30	32	10110	27	902	402	16
210.0	9448	32	32	10111	31	497	648	21
210.0	8295	31	38	10112	22	589	565	19
210.0	8302	4	4	10113	4	1191	1371	14
210.0	9483	13	17	10114	8	740	1514	14
210.0	8976	32	25	10115	38	581	1292	11
210.0	9791	5	5	10116	5	1358	1548	14
210.0	9435	24	21	10117	25	775	211	14
210.0	7797	4	2	10118	4	609	582	13
210.0	9977	37	38	10119	36	680	377	17
210.0	8521	31	24	10120	36	1294	1335	11
210.0	9010	22	21	10121	20	565	369	15
210.0	8008	36	32	10122	38	831	312	16
210.0	8680	11	13	10123	9	1162	1522	9
210.0	6943	6	9	10124	3	1229	1497	11
211.0	9438	15	14	10125	15	332	697	19
211.0	9166	17	17	10126	17	828	1412	19
211.0	8604	31	31	10127	29	1348	660	12
211.0	7712	7	7	10128	7	668	1320	14
211.0	9642	37	31	10129	43	638	426	15
211.0	9342	0	0	10130	0	1086	1450	15
211.0	8187	21	17	10131	24	834	1648	9
211.0	9977	38	37	10132	36	680	377	18
211.0	9067	13	13	10133	13	704	432	16
211.0	7580	18	19	10134	17	1389	1191	13
211.0	8934	15	11	10135	19	372	1314	11
211.0	7726	22	18	10136	25	629	1212	13
211.0	8188	27	24	10137	27	1370	824	10
211.0	9085	21	18	10138	24	388	311	13
211.0	8500	8	4	10139	12	971	1599	13
211.0	10072	24	22	10140	25	1658	1083	13
211.0	8685	21	21	10141	20	511	903	13
211.0	8952	16	17	10142	15	1058	113	11
211.0	8324	9	6	10143	12	1507	1261	13
211.0	8725	13	15	10144	11	1319	1495	9
211.0	8447	25	24	10145	25	1543	1271	15
211.0	8184	32	32	10146	31	339	802	15
211.0	8327	13	12	10147	14	543	690	20
211.0	8643	17	19	10148	14	737	1412	18
211.0	9441	13	13	10149	13	1242	483	15
211.0	8968	7	8	10150	5	1544	1287	16
211.0	7614	16	18	10151	14	992	1556	15
211.0	9582	30	31	10152	25	1120	378	13
211.0	8481	15	13	10153	16	1444	1271	13
211.0	8154	20	20	10154	18	1015	33	14
211.0	9292	5	6	10155	3	528	1139	14
211.0	8266	17	16	10156	17	1479	835	15
211.0	7858	19	16	10157	22	1457	1180	16
211.0	9243	5	5	10158	5	266	878	18
211.0	9329	9	10	10159	8	1583	1127	12
211.0	9011	41	40	10160	40	1621	1972	10
211.0	8599	48	44	10161	52	477	22	16
211.0	9083	8	4	10162	12	1078	338	11
211.0	7761	6	3	10163	9	500	745	20
211.0	9586	7	5	10164	8	1487	870	15
211.0	8295	38	41	10165	35	589	565	20
211.0	8687	19	15	10166	22	378	1094	14
211.0	9435	21	24	10167	18	775	211	15
211.0	7290	35	35	10168	32	470	1732	15
212.0	8015	19	18	10169	19	286	1029	16
212.0	8803	6	5	10170	6	1479	1248	13
212.0	9345	8	8	10171	8	1502	998	11
212.0	8834	23	28	10172	17	1373	421	14
212.0	8542	15	15	10173	15	1409	860	13
212.0	6943	9	5	10174	12	1229	1497	12
212.0	8372	49	39	10175	58	530	663	21
212.0	8822	33	27	10176	38	461	1153	13
212.0	8901	10	10	10177	10	722	1544	12
212.0	8887	24	27	10178	21	389	715	19
212.0	8481	13	17	10179	8	1444	1271	14
212.0	9156	26	32	10180	20	619	540	13
212.0	8451	30	30	10181	28	1145	432	15
212.0	7225	19	20	10182	18	1494	1442	12
212.0	9378	9	8	10183	10	1448	1060	13
212.0	9016	15	16	10184	14	422	1005	15
212.0	9268	26	23	10185	28	519	730	17
212.0	9143	11	11	10186	11	1419	625	11
212.0	8358	31	28	10187	33	747	26	18
212.0	8978	21	26	10188	14	421	979	10
212.0	7917	10	13	10189	7	1565	1591	12
212.0	8879	20	18	10190	22	471	954	13
212.0	8193	23	21	10191	25	1413	522	13
212.0	7227	18	15	10192	20	1608	1467	17
212.0	8598	23	16	10193	30	483	910	14
212.0	9319	10	13	10194	7	343	1066	15
212.0	7944	17	15	10195	19	380	887	17
212.0	8788	24	21	10196	27	1400	1263	13
212.0	9365	11	10	10197	12	1300	1517	12
212.0	9118	35	38	10198	31	396	1173	12
212.0	7971	22	14	10199	27	532	431	16
212.0	9650	24	28	10200	18	1546	1456	17
212.0	8207	34	34	10201	30	1386	1429	11
212.0	8064	15	22	10202	7	1844	1061	10
212.0	8760	20	16	10203	23	456	878	11
212.0	9199	9	7	10204	8	430	838	16
212.0	8532	15	15	10205	13	558	394	14
212.0	8426	17	15	10206	19	1530	853	13
212.0	9387	28	26	10207	27	386	652	15
212.0	7676	16	16	10208	15	852	1428	12
212.0	9448	32	31	10209	32	484	635	22
212.0	9364	27	23	10210	29	1399	728	16
212.0	8506	18	15	10211	20	345	968	13
212.0	8661	6	5	10212	7	940	1531	12
212.0	8725	15	15	10213	15	1319	1495	10
212.0	9001	14	14	10214	14	713	1655	11
212.0	8173	22	24	10215	18	594	341	12
212.0	9295	8	4	10216	11	378	1060	16
212.0	9166	17	17	10217	17	828	1412	20
212.0	9035	13	11	10218	15	266	840	16
213.0	7333	41	47	10219	34	70	126	15
213.0	8822	27	23	10220	29	461	1153	14
213.0	9085	18	24	10221	10	388	311	14
213.0	9260	20	20	10222	20	1296	1620	13
213.0	9016	16	13	10223	18	422	1005	16
213.0	9355	7	10	10224	4	1391	1581	12
213.0	9394	17	25	10225	9	547	770	20
213.0	9406	20	21	10226	18	1627	938	12
213.0	8426	15	19	10227	11	1530	853	14
213.0	9590	14	11	10228	17	427	760	20
213.0	9748	14	14	10229	13	501	977	10
213.0	9428	16	13	10230	18	793	401	15
213.0	9227	19	27	10231	11	492	616	14
213.0	8370	19	23	10232	14	1549	963	13
213.0	9493	18	22	10233	14	1296	1579	14
213.0	7960	32	27	10234	37	324	873	16
213.0	9634	24	19	10235	27	1290	421	14
213.0	8037	37	43	10236	30	1618	1005	13
213.0	9273	11	10	10237	12	885	1590	14
213.0	9286	28	26	10238	27	1480	1022	11
213.0	9253	25	19	10239	28	744	300	14
213.0	8372	39	36	10240	40	530	663	22
213.0	7969	21	19	10241	21	1431	457	12
213.0	8403	22	23	10242	21	538	1029	13
213.0	8835	9	10	10243	8	959	1512	11
213.0	9513	35	41	10244	29	1489	1527	11
213.0	8532	15	18	10245	10	558	394	15
213.0	9874	39	36	10246	38	741	326	14
213.0	8542	15	14	10247	16	1409	860	14
213.0	9233	17	17	10248	17	1259	1494	14
213.0	8027	21	24	10249	16	421	725	18
213.0	8933	8	5	10250	11	1123	407	10
213.0	9035	11	6	10251	14	266	840	17
213.0	7198	13	12	10252	13	441	633	19
213.0	8323	3	3	10253	3	1083	1568	18
213.0	7362	11	12	10254	8	605	501	17
213.0	9319	13	15	10255	10	343	1066	16
213.0	9081	10	8	10256	12	408	681	18
213.0	9143	11	7	10257	15	1419	625	12
213.0	9010	21	21	10258	20	565	369	16
213.0	9363	18	19	10259	17	763	432	12
214.0	7028	6	5	10260	7	299	1141	15
214.0	7969	19	16	10261	21	1431	431	13
214.0	9126	17	18	10262	13	1260	448	13
214.0	9501	26	21	10263	30	1057	320	18
214.0	9530	18	18	10264	15	434	1039	16
214.0	9625	27	29	10265	25	1018	65	15
214.0	9667	18	17	10266	17	451	975	11
214.0	9670	25	26	10267	23	578	522	18
214.0	7785	25	29	10268	20	1045	55	14
214.0	9173	20	16	10269	21	1178	1518	10
214.0	6946	27	21	10270	29	963	10	19
214.0	8166	15	18	10271	11	779	1446	10
214.0	9320	30	28	10272	32	1178	73	14
214.0	9297	13	8	10273	18	689	1463	11
214.0	8681	31	27	10274	35	377	920	15
214.0	9282	13	11	10275	15	446	617	13
214.0	6966	23	24	10276	21	454	282	20
214.0	8662	23	21	10277	25	1448	1125	15
214.0	8799	19	23	10278	15	490	770	16
214.0	8980	10	10	10279	9	778	388	16
214.0	8822	23	21	10280	24	461	1153	15
214.0	7892	36	41	10281	29	384	1028	15
214.0	8998	7	7	10282	7	771	1351	22
214.0	9299	40	35	10283	43	794	50	15
214.0	8912	9	12	10284	6	1544	1193	15
214.0	9260	20	21	10285	18	1296	1637	14
214.0	8532	18	19	10286	15	558	394	16
214.0	8866	9	7	10287	11	468	671	18
214.0	9748	14	21	10288	7	501	977	11
214.0	9793	39	44	10289	32	1563	1067	16
214.0	9996	6	6	10290	6	283	878	18
214.0	8854	7	9	10291	5	1227	1481	16
214.0	9273	10	11	10292	8	885	1590	15
214.0	8649	22	20	10293	24	658	1453	10
214.0	9163	5	7	10294	3	1056	372	14
214.0	8144	16	12	10295	20	1157	1548	13
214.0	8393	26	21	10296	30	1350	581	13
214.0	7688	21	20	10297	21	1951	949	13
214.0	7883	24	27	10298	16	1451	820	10
214.0	9346	11	11	10299	10	642	1436	12
214.0	8444	12	9	10300	15	1575	890	14
214.0	8055	22	24	10301	19	1103	32	11
214.0	8679	17	13	10302	20	658	445	12
214.0	8614	8	5	10303	11	849	442	14
214.0	9107	33	35	10304	30	1422	673	13
214.0	9362	15	11	10305	17	1469	738	12
214.0	7606	32	31	10306	32	510	860	16
215.0	7785	29	28	10307	30	1045	55	15
215.0	8058	12	12	10308	12	412	1060	17
215.0	9165	4	5	10309	3	1123	1529	14
215.0	8401	14	12	10310	14	393	771	20
215.0	9768	13	15	10311	11	376	960	15
215.0	8746	20	16	10312	23	577	432	13
215.0	8371	49	57	10313	38	1101	454	14
215.0	9691	10	8	10314	12	580	687	15
215.0	7083	19	20	10315	17	1517	1314	14
215.0	9472	9	9	10316	8	1571	1109	12
215.0	8387	16	15	10317	16	452	653	18
215.0	9573	13	12	10318	14	1508	1217	15
215.0	8730	23	24	10319	21	584	670	18
215.0	7102	20	23	10320	15	1469	756	13
215.0	8744	20	22	10321	15	1567	1177	13
215.0	7831	15	15	10322	15	1492	952	12
215.0	9530	18	21	10323	15	434	1039	17
215.0	9811	9	7	10324	9	915	1608	15
215.0	8679	13	11	10325	15	658	445	13
215.0	9337	26	24	10326	27	599	1284	10
215.0	7308	12	7	10327	17	1302	1556	16
215.0	9140	14	14	10328	13	1060	1389	15
215.0	9155	46	47	10329	43	1011	424	18
215.0	9284	16	16	10330	16	702	1399	10
215.0	9152	18	15	10331	21	1131	1738	14
215.0	8579	15	15	10332	12	619	1319	12
215.0	8462	25	20	10333	28	313	1169	10
215.0	7940	41	40	10334	38	1290	526	11
215.0	8416	14	16	10335	11	1469	1209	14
215.0	8235	8	9	10336	6	1460	920	16
215.0	8944	28	29	10337	27	416	1038	17
215.0	9608	15	18	10338	10	507	528	17
215.0	8439	25	23	10339	26	1380	1477	11
215.0	8277	26	26	10340	26	741	346	14
215.0	9396	6	7	10341	5	1048	418	20
215.0	8377	21	17	10342	24	490	1129	13
215.0	9551	13	11	10343	15	311	1054	16
215.0	7029	9	9	10344	8	1541	1213	19
215.0	9555	3	2	10345	4	1120	1460	16
215.0	8075	14	15	10346	12	958	381	11
215.0	8778	12	16	10347	8	1352	1496	10
215.0	7985	14	9	10348	18	1149	503	14
215.0	9631	16	12	10349	18	1078	417	20
215.0	6875	11	13	10350	9	1332	602	16
215.0	7378	15	20	10351	9	1370	573	12
215.0	9534	15	14	10352	16	1309	1568	14
215.0	9252	20	16	10353	22	334	1020	10
215.0	8207	34	38	10354	26	1386	1429	12
215.0	8468	6	7	10355	5	1143	378	16
215.0	7021	29	30	10356	28	346	983	11
215.0	9438	14	12	10357	16	182	700	20
215.0	9107	35	35	10358	32	1422	673	14
215.0	8429	35	37	10359	29	1345	560	12
215.0	6966	24	24	10360	24	454	282	21
216.0	8856	9	10	10361	7	421	815	16
216.0	9433	21	18	10362	24	1207	1577	11
216.0	8911	12	16	10363	8	1536	898	14
216.0	7854	21	23	10364	18	412	1104	14
216.0	9350	29	28	10365	29	960	51	13
216.0	7157	13	11	10366	15	1275	590	15
216.0	9811	7	7	10367	7	915	1608	16
216.0	9608	18	20	10368	14	507	528	18
216.0	7380	10	8	10369	12	547	542	15
216.0	9630	30	28	10370	27	1515	1959	12
216.0	8513	21	21	10371	21	448	759	21
216.0	9276	17	16	10372	17	394	846	18
216.0	9143	7	4	10373	10	1419	625	13
216.0	7467	22	22	10374	22	322	1042	19
216.0	8548	23	26	10375	20	1689	1199	12
216.0	8191	30	27	10376	31	1129	498	17
216.0	9761	12	13	10377	11	567	467	16
216.0	9408	13	16	10378	10	945	1480	17
216.0	8925	10	10	10379	10	590	1100	13
216.0	8991	44	57	10380	29	1928	590	12
216.0	9306	35	28	10381	42	1419	1438	11
216.0	9221	23	22	10382	22	1079	508	16
216.0	9159	22	22	10383	19	1401	1371	12
216.0	7488	9	8	10384	10	817	383	14
216.0	8186	19	16	10385	19	1334	467	15
216.0	9228	8	6	10386	9	410	709	18
216.0	9238	5	8	10387	2	1369	1613	10
216.0	9614	24	21	10388	27	1582	1441	16
216.0	8305	32	26	10389	37	1603	1124	13
216.0	8560	14	14	10390	13	958	437	12
216.0	9274	25	17	10391	32	1638	1150	14
216.0	8533	15	11	10392	19	901	1478	11
216.0	8047	9	10	10393	8	540	861	15
216.0	9355	10	11	10394	9	1415	1581	13
216.0	8025	5	3	10395	6	870	383	16
216.0	9462	10	8	10396	11	1482	968	13
216.0	9254	11	6	10397	16	659	516	15
216.0	9725	25	27	10398	22	531	1369	15
216.0	8752	7	3	10399	10	1270	1399	16
216.0	8475	10	11	10400	7	473	598	17
216.0	9155	47	53	10401	39	994	398	19
216.0	9706	12	14	10402	10	1496	559	13
216.0	9040	24	22	10403	25	1162	277	18
216.0	8370	23	22	10404	22	1570	963	14
216.0	8679	11	8	10405	13	658	445	14
216.0	9063	12	12	10406	12	1367	710	14
216.0	8207	38	39	10407	36	1386	1429	13
216.0	8861	26	26	10408	23	1079	541	18
216.0	7881	11	10	10409	11	1426	1130	10
216.0	9387	26	27	10410	23	346	652	16
216.0	9768	15	11	10411	17	376	960	16
216.0	9446	9	7	10412	11	1501	1172	15
216.0	9453	27	23	10413	31	1399	81	11
216.0	9676	5	4	10414	5	1468	1363	13
216.0	8976	25	29	10415	20	581	1292	12
216.0	9542	12	9	10416	15	759	1514	15
216.0	9534	14	12	10417	16	1309	1568	15
216.0	9659	10	11	10418	9	1251	1516	11
216.0	6894	8	7	10419	8	1107	1420	20
216.0	8898	45	45	10420	42	1458	1425	13
216.0	7551	22	22	10421	20	1513	1248	16
217.0	9365	10	9	10422	11	1289	1554	13
217.0	7132	14	14	10423	14	1368	1426	11
217.0	9204	40	41	10424	36	1500	1085	14
217.0	9659	11	5	10425	16	1251	1516	12
217.0	8801	24	25	10426	23	1410	1416	11
217.0	9672	14	11	10427	17	588	1180	11
217.0	9355	11	11	10428	11	1415	1581	14
217.0	8913	28	30	10429	26	439	961	15
217.0	8049	11	9	10430	11	432	1128	14
217.0	9054	16	13	10431	19	521	1198	12
217.0	10072	22	20	10432	23	1668	1029	14
217.0	9466	9	12	10433	6	1000	478	14
217.0	7877	31	37	10434	22	1596	1999	13
217.0	10100	5	6	10435	4	1541	1226	19
217.0	9159	22	21	10436	22	1401	1371	13
217.0	8911	16	17	10437	15	1536	898	15
217.0	9596	7	10	10438	4	1103	1579	16
217.0	9433	18	17	10439	18	1229	1577	12
217.0	9883	21	19	10440	21	1173	300	15
217.0	8907	2	3	10441	1	1095	1520	15
217.0	9962	12	10	10442	14	1194	521	16
217.0	9202	26	30	10443	21	450	1016	13
217.0	9025	11	11	10444	10	589	1201	11
217.0	8305	26	21	10445	29	1603	1124	14
217.0	9628	9	10	10446	8	371	1171	14
217.0	8781	10	10	10447	10	1048	387	18
217.0	9839	10	8	10448	12	499	601	17
217.0	9297	8	8	10449	8	689	1463	12
217.0	9542	9	7	10450	11	759	1514	16
217.0	9630	28	28	10451	27	1515	1959	13
217.0	9559	15	14	10452	15	1457	1300	13
217.0	9063	12	11	10453	12	1367	710	15
217.0	8475	11	7	10454	15	457	582	18
217.0	9291	31	34	10455	26	427	1390	12
217.0	8328	22	17	10456	25	1999	1098	13
217.0	9499	15	22	10457	8	1529	827	15
217.0	8910	30	32	10458	28	1767	1458	11
217.0	9625	29	30	10459	26	1018	65	16
217.0	9795	4	3	10460	5	1107	397	14
217.0	10008	25	26	10461	23	1640	1083	12
217.0	9251	13	13	10462	13	1558	1319	12
217.0	8680	13	20	10463	6	1162	1522	10
217.0	8898	45	47	10464	42	1471	1438	14
217.0	8844	29	29	10465	27	654	332	19
217.0	8426	19	25	10466	12	1530	853	15
217.0	9019	13	12	10467	14	1542	1124	16
217.0	9303	26	20	10468	31	1551	1094	16
217.0	9382	17	13	10469	19	1128	1692	15
217.0	8765	43	40	10470	42	1706	1780	11
217.0	8218	5	3	10471	7	957	1538	16
217.0	8915	17	14	10472	20	1531	1139	14
217.0	9316	14	15	10473	12	659	640	15
217.0	9619	13	15	10474	11	650	399	15
217.0	7157	11	11	10475	11	1275	590	16
217.0	7588	35	32	10476	35	807	195	14
217.0	8308	24	20	10477	26	1477	890	16
217.0	7021	30	32	10478	25	346	983	12
217.0	9476	47	48	10479	44	740	225	17
217.0	9412	21	21	10480	20	860	1371	21
217.0	9618	20	15	10481	23	1061	490	17
217.0	9178	24	27	10482	20	821	402	13
217.0	8798	22	18	10483	25	602	413	15
218.0	6876	25	25	10484	21	479	1243	14
218.0	9041	23	24	10485	21	553	480	11
218.0	8588	12	12	10486	12	533	1230	13
218.0	8465	23	23	10487	22	1638	1046	13
218.0	7363	21	24	10488	17	323	451	14
218.0	8807	13	11	10489	15	901	1451	15
218.0	9545	33	34	10490	30	394	1029	11
218.0	9253	19	18	10491	17	760	261	15
218.0	9226	8	8	10492	7	1370	1282	15
218.0	9464	8	10	10493	6	1492	798	13
218.0	9508	15	14	10494	14	991	85	12
218.0	8049	9	8	10495	8	432	1128	15
218.0	7951	27	25	10496	28	213	1578	19
218.0	7944	15	15	10497	15	380	887	18
218.0	10027	20	17	10498	22	562	1161	11
218.0	9905	20	17	10499	23	938	335	13
218.0	7460	6	5	10500	7	1068	385	14
218.0	9594	11	14	10501	7	1506	1189	17
218.0	8681	27	26	10502	27	377	920	16
218.0	8071	41	38	10503	43	1643	1068	13
218.0	7157	11	11	10504	10	1275	590	17
218.0	7584	6	4	10505	8	1019	1439	15
218.0	9746	19	23	10506	15	380	644	17
218.0	7441	14	16	10507	11	902	356	13
218.0	8446	24	26	10508	22	502	828	15
218.0	9365	9	6	10509	11	1289	1554	14
218.0	10090	20	18	10510	21	1547	968	11
218.0	9372	20	18	10511	19	381	997	15
218.0	8019	31	26	10512	33	427	891	19
218.0	9718	6	5	10513	6	1204	1552	14
218.0	9042	19	14	10514	23	1469	792	11
218.0	7282	10	7	10515	13	1240	1490	11
218.0	8476	29	28	10516	28	1021	529	16
218.0	9622	26	27	10517	23	949	412	19
218.0	9121	9	12	10518	5	1257	569	16
218.0	9675	18	16	10519	18	322	1067	19
218.0	9376	15	15	10520	15	569	588	15
218.0	9136	38	27	10521	47	0	1586	14
218.0	8642	29	32	10522	25	776	331	11
218.0	8801	25	27	10523	22	1410	1416	12
218.0	8441	14	13	10524	15	627	600	14
218.0	9460	9	9	10525	8	1368	1499	13
218.0	10001	23	14	10526	29	1149	471	14
218.0	9738	15	17	10527	13	1650	960	15
218.0	9286	26	22	10528	29	1480	1022	12
218.0	9465	23	24	10529	20	369	397	13
218.0	9643	36	30	10530	39	1711	900	12
218.0	9157	19	21	10531	16	1494	1489	14
218.0	9672	11	8	10532	13	588	1180	12
218.0	7083	20	17	10533	22	1517	1332	15
218.0	7643	38	36	10534	35	988	363	19
218.0	8479	19	22	10535	14	970	331	13
218.0	9639	16	15	10536	17	870	1507	12
218.0	9559	14	14	10537	12	1457	1300	14
218.0	9509	29	33	10538	25	1605	868	12
218.0	8415	9	6	10539	12	403	926	15
218.0	9476	48	54	10540	40	740	225	18
218.0	7612	7	8	10541	6	1011	1540	8
218.0	9238	8	11	10542	5	1369	1613	11
218.0	8280	12	13	10543	9	529	622	14
218.0	8851	7	5	10544	9	1150	1641	12
218.0	9604	26	25	10545	26	1492	703	13
218.0	8915	14	10	10546	17	1531	1139	15
218.0	9614	21	20	10547	20	1582	1441	17
218.0	9848	4	2	10548	6	951	464	16
218.0	9285	20	16	10549	21	1692	1681	14
218.0	8203	12	9	10550	13	376	483	14
218.0	10093	37	40	10551	32	818	276	17
218.0	8307	11	10	10552	11	436	708	18
218.0	9280	7	6	10553	7	1091	1552	14
218.0	8798	18	17	10554	19	602	413	16
218.0	8883	15	8	10555	20	891	346	11
218.0	8963	23	25	10556	21	881	452	14
218.0	8933	5	5	10557	5	1123	407	11
218.0	9336	5	2	10558	8	1096	303	15
218.0	8220	13	14	10559	12	1425	1548	14
218.0	9232	7	10	10560	3	1151	1502	17
219.0	8744	22	22	10561	21	1567	1177	14
219.0	6876	25	22	10562	26	479	1243	15
219.0	8283	3	2	10563	3	1264	1591	11
219.0	9104	14	19	10564	9	650	360	12
219.0	9580	6	5	10565	7	1091	1641	12
219.0	8933	5	4	10566	6	1123	407	12
219.0	8605	16	18	10567	13	907	1563	9
219.0	8748	13	16	10568	10	1460	1414	13
219.0	8958	9	9	10569	9	290	1096	18
219.0	8468	7	5	10570	9	1143	356	17
219.0	8876	32	35	10571	26	647	1500	18
219.0	8944	29	29	10572	27	416	1038	18
219.0	7551	22	23	10573	21	1513	1248	17
219.0	8980	10	10	10574	8	778	388	17
219.0	8173	24	26	10575	21	598	201	13
219.0	9161	21	21	10576	19	873	215	13
219.0	9638	11	7	10577	15	795	450	13
219.0	10224	4	7	10578	0	1453	1566	13
219.0	9142	15	9	10579	19	847	270	15
219.0	9446	7	9	10580	5	1501	1172	16
219.0	9199	7	5	10581	9	412	838	17
219.0	9743	24	24	10582	23	1642	1357	15
219.0	9307	17	17	10583	17	1237	1538	13
219.0	7499	12	11	10584	12	925	1618	15
219.0	7622	10	11	10585	9	781	463	13
219.0	8479	22	22	10586	22	970	331	14
219.0	7643	36	33	10587	38	988	363	20
219.0	8216	4	3	10588	5	1052	1623	13
219.0	8967	19	14	10589	23	561	949	11
219.0	8429	37	33	10590	37	1345	560	13
219.0	8963	25	26	10591	24	881	452	15
219.0	9042	14	11	10592	14	1469	792	12
219.0	9807	18	21	10593	12	1341	537	15
219.0	8784	14	12	10594	15	879	275	17
219.0	8661	5	5	10595	5	921	1531	13
219.0	8563	5	6	10596	4	530	704	17
219.0	8552	18	16	10597	19	877	316	10
219.0	8681	26	22	10598	27	377	920	17
220.0	9402	9	8	10599	10	389	460	15
220.0	8038	16	16	10600	15	518	1248	12
220.0	9640	28	23	10601	33	1473	703	14
220.0	8167	33	30	10602	33	155	1966	13
220.0	9307	17	20	10603	13	1237	1538	14
220.0	9846	38	34	10604	40	1458	1513	10
220.0	10327	17	12	10605	22	1358	1588	17
220.0	10031	2	3	10606	1	1616	1201	18
220.0	9252	16	16	10607	16	316	1020	11
220.0	8901	10	13	10608	7	732	1615	13
220.0	8650	27	26	10609	27	1700	1098	13
220.0	7878	29	30	10610	27	857	1450	12
220.0	9283	3	2	10611	4	1028	1611	17
220.0	7302	39	36	10612	42	680	630	20
220.0	9297	8	7	10613	8	689	1463	13
220.0	10366	15	14	10614	13	1314	550	16
220.0	8991	57	53	10615	47	1986	533	13
220.0	8329	34	27	10616	40	317	556	16
220.0	9451	25	27	10617	21	511	476	13
220.0	9193	18	11	10618	23	1602	1058	13
220.0	9607	6	8	10619	4	826	1600	11
220.0	9860	9	10	10620	8	451	710	19
220.0	10300	15	17	10621	12	1639	890	15
220.0	8873	17	17	10622	17	1689	1117	13
220.0	9853	16	22	10623	9	1439	1406	11
220.0	8579	15	18	10624	12	619	1319	13
220.0	7799	23	25	10625	20	678	434	12
220.0	8439	23	23	10626	21	1380	1477	12
220.0	7331	23	15	10627	28	537	508	18
220.0	8944	29	27	10628	30	416	1038	19
220.0	9197	14	14	10629	14	1195	1620	12
220.0	9103	20	21	10630	17	1217	397	15
220.0	8993	7	5	10631	9	1027	1538	14
220.0	9505	15	11	10632	19	1003	1593	15
220.0	10565	7	5	10633	9	1091	1662	13
220.0	9670	26	26	10634	23	565	509	19
220.0	7540	9	9	10635	9	1163	1616	13
220.0	9132	37	33	10636	37	817	430	13
220.0	8173	26	26	10637	25	641	165	14
220.0	9807	21	19	10638	22	1341	537	16
220.0	9734	31	29	10639	29	341	737	18
220.0	8862	10	9	10640	10	1360	1319	12
220.0	10077	35	39	10641	30	131	1870	14
220.0	8748	16	16	10642	15	1471	1425	14
220.0	9296	15	19	10643	11	1600	1025	14
220.0	9914	8	9	10644	7	1324	530	15
220.0	9493	22	21	10645	22	1366	1706	15
220.0	9330	19	19	10646	17	870	436	12
220.0	9598	24	24	10647	22	1712	1032	12
220.0	9516	13	10	10648	15	483	662	18
220.0	9850	18	18	10649	17	996	43	18
220.0	8154	20	16	10650	24	1015	33	15
220.0	8346	10	8	10651	12	1123	175	16
220.0	10020	37	40	10652	32	60	1916	13
220.0	8733	27	32	10653	18	595	510	13
221.0	7771	8	7	10654	9	989	447	20
221.0	9136	27	30	10655	23	0	1586	15
221.0	9734	29	30	10656	24	341	737	19
221.0	9355	11	11	10657	11	1415	1581	15
221.0	8215	17	16	10658	15	1220	465	14
221.0	9283	2	2	10659	2	1028	1630	18
221.0	10053	5	5	10660	5	1061	367	14
221.0	9492	6	6	10661	5	1494	1290	13
221.0	10464	42	34	10662	45	1538	1391	15
221.0	7918	9	10	10663	8	1389	1603	10
221.0	9737	25	25	10664	24	818	1509	12
221.0	9456	25	24	10665	25	422	790	15
221.0	9287	21	16	10666	24	387	1094	18
221.0	9101	30	28	10667	30	320	1312	12
221.0	8582	7	8	10668	6	1133	1648	16
221.0	9567	21	20	10669	21	1132	73	16
221.0	10545	26	24	10670	28	1564	703	14
221.0	10268	20	22	10671	18	1189	56	15
221.0	8167	30	23	10672	33	155	1966	14
221.0	9608	20	20	10673	19	507	528	19
221.0	9874	36	34	10674	37	755	312	15
221.0	8407	20	25	10675	15	515	783	18
221.0	8684	28	29	10676	26	1458	840	15
221.0	9582	31	36	10677	25	1120	359	14
221.0	9574	27	24	10678	30	56	910	16
221.0	9185	20	20	10679	18	450	1074	13
221.0	7684	16	13	10680	19	1530	968	11
221.0	8847	29	30	10681	24	1433	760	17
221.0	7021	32	32	10682	31	320	957	13
221.0	7892	41	44	10683	36	354	1033	16
221.0	9365	6	5	10684	7	1305	1570	15
221.0	9494	38	35	10685	40	1406	1522	9
221.0	8789	21	25	10686	16	1112	437	13
221.0	9098	32	31	10687	32	1640	917	9
221.0	8173	26	25	10688	24	641	165	15
221.0	10245	10	6	10689	14	573	394	16
221.0	9701	14	17	10690	11	1158	1573	13
221.0	10002	8	8	10691	8	1600	1083	13
221.0	9684	21	17	10692	24	1501	1349	14
221.0	9107	35	35	10693	33	1422	673	15
221.0	8502	29	25	10694	33	622	235	15
221.0	10019	18	24	10695	12	418	908	15
221.0	8242	11	10	10696	12	721	353	15
221.0	9830	8	5	10697	9	1068	1607	15
221.0	9328	3	5	10698	1	1065	1535	18
221.0	9232	10	8	10699	12	1151	1502	18
221.0	9505	11	10	10700	12	1003	1593	16
221.0	10084	12	13	10701	11	1480	606	12
221.0	8513	21	24	10702	17	448	759	22
221.0	9631	12	9	10703	15	1110	416	21
221.0	9523	7	7	10704	7	751	1448	11
221.0	8915	10	4	10705	16	1531	1139	16
222.0	9173	16	21	10706	10	1178	1518	11
222.0	9455	12	13	10707	11	1550	789	13
222.0	10036	8	4	10708	11	482	822	13
222.0	9423	43	39	10709	45	1615	1999	11
222.0	6935	19	20	10710	17	768	410	13
222.0	8346	8	11	10711	5	1139	146	17
222.0	9856	13	13	10712	12	1499	627	12
222.0	9339	18	18	10713	18	437	941	14
222.0	7878	30	27	10714	32	857	1450	13
222.0	8707	4	4	10715	4	134	841	15
222.0	9684	17	18	10716	16	1501	1349	15
222.0	9581	31	30	10717	28	942	0	14
222.0	8137	18	17	10718	18	1358	690	13
222.0	9536	25	26	10719	23	1532	1325	14
222.0	9185	20	19	10720	20	450	1074	14
222.0	9092	16	15	10721	15	600	1209	12
222.0	9500	7	7	10722	7	259	638	19
222.0	7996	19	18	10723	19	729	436	16
222.0	7585	32	29	10724	31	1239	153	17
222.0	9433	17	10	10725	23	1235	1590	13
222.0	9874	34	31	10726	33	755	312	16
222.0	9887	33	34	10727	27	1511	272	16
222.0	8220	14	11	10728	16	1425	1548	15
222.0	7854	23	24	10729	22	412	1104	15
222.0	9109	12	10	10730	10	526	542	16
222.0	9964	35	34	10731	34	997	44	19
222.0	9660	16	13	10732	17	1392	661	14
222.0	8854	9	10	10733	8	1227	1481	17
222.0	9498	27	22	10734	32	841	530	16
222.0	10139	12	10	10735	13	988	1623	14
222.0	9330	19	20	10736	17	870	436	13
222.0	8964	11	10	10737	11	722	481	14
222.0	9737	25	26	10738	22	818	1509	13
222.0	8873	17	15	10739	18	1689	1117	14
222.0	9901	18	15	10740	21	1660	1113	13
222.0	9004	15	18	10741	11	1480	1328	16
222.0	10266	17	13	10742	20	482	987	12
222.0	9918	19	15	10743	23	1228	481	14
222.0	8519	4	4	10744	4	531	1071	15
222.0	9664	25	26	10745	22	1254	1668	15
222.0	8447	24	19	10746	27	1543	1271	16
222.0	8300	8	10	10747	6	1031	1610	14
222.0	9505	10	12	10748	8	1003	1593	17
222.0	8039	12	9	10749	15	556	1249	12
222.0	8803	5	3	10750	7	1479	1248	14
222.0	8847	30	28	10751	29	1433	760	18
222.0	9673	18	20	10752	16	396	908	18
222.0	9263	28	23	10753	32	1352	441	13
222.0	7937	19	19	10754	18	717	543	13
222.0	9329	10	12	10755	5	1619	1163	13
222.0	8252	1	1	10756	1	488	1121	13
222.0	9100	12	11	10757	11	477	560	14
222.0	10035	47	49	10758	44	864	392	17
222.0	9483	17	15	10759	19	740	1514	15
222.0	7239	20	25	10760	15	1684	1277	10
222.0	9805	8	6	10761	9	309	840	20
223.0	9885	19	18	10762	19	1278	1646	16
223.0	8313	17	16	10763	16	871	1620	15
223.0	9212	17	20	10764	14	1613	1007	12
223.0	7441	16	16	10765	13	902	356	14
223.0	8770	14	14	10766	13	1460	622	12
223.0	10442	14	12	10767	16	1208	488	17
223.0	9968	8	11	10768	5	299	1263	17
223.0	9293	18	18	10769	17	1590	1327	15
223.0	9458	15	12	10770	17	640	1242	13
223.0	10637	25	27	10771	21	676	210	15
223.0	9346	11	10	10772	11	642	1436	13
223.0	8746	16	12	10773	19	553	416	14
223.0	9577	16	11	10774	20	958	286	13
223.0	8735	10	9	10775	11	1091	1585	17
223.0	9406	21	27	10776	14	1673	938	13
223.0	9581	30	30	10777	27	942	0	15
223.0	9137	40	42	10778	35	1003	363	17
223.0	9050	8	9	10779	7	502	1179	14
223.0	9922	18	20	10780	16	1530	1164	16
223.0	9178	27	22	10781	32	819	387	14
223.0	8307	10	10	10782	10	436	708	19
223.0	9415	8	9	10783	6	1003	1642	14
223.0	9657	8	12	10784	4	1533	1240	18
223.0	9200	42	41	10785	37	508	198	13
223.0	7652	16	18	10786	14	937	357	12
223.0	7614	18	20	10787	14	956	1572	16
223.0	9377	19	18	10788	19	132	724	18
223.0	8358	28	28	10789	27	747	26	19
223.0	9536	26	28	10790	24	1532	1325	15
223.0	9483	15	13	10791	14	740	1514	16
223.0	9123	11	12	10792	10	1188	152	12
223.0	10122	38	36	10793	37	880	238	17
223.0	9424	17	16	10794	17	1192	502	11
223.0	7944	15	15	10795	15	380	887	19
223.0	8870	23	22	10796	22	719	377	13
223.0	8193	21	22	10797	19	1413	470	14
223.0	9827	30	34	10798	25	510	878	16
223.0	10096	38	37	10799	37	752	1936	14
223.0	8300	10	9	10800	10	1031	1610	15
223.0	9673	20	20	10801	19	396	908	19
223.0	10144	11	9	10802	12	1321	1508	10
223.0	7892	44	44	10803	41	354	1033	17
223.0	8860	24	29	10804	19	1064	460	13
223.0	8826	34	33	10805	35	848	409	17
223.0	8794	35	33	10806	36	1480	1053	18
223.0	9918	15	15	10807	15	1228	481	15
223.0	8088	23	24	10808	21	1655	1268	14
223.0	8218	3	2	10809	4	957	1538	17
223.0	9540	39	34	10810	41	1177	419	16
224.0	7355	7	9	10811	5	390	1236	17
224.0	8599	44	44	10812	38	477	22	17
224.0	9712	12	5	10813	19	427	494	13
224.0	8064	22	21	10814	22	1950	1060	11
224.0	8628	10	9	10815	10	457	556	17
224.0	9746	23	25	10816	20	380	644	18
224.0	9513	41	37	10817	44	1752	1649	12
224.0	7643	33	35	10818	31	988	363	21
224.0	8598	16	19	10819	12	483	910	15
224.0	8505	14	14	10820	13	1286	373	14
224.0	9725	27	24	10821	29	539	1316	16
224.0	9561	7	6	10822	8	731	1454	11
224.0	9145	32	27	10823	37	206	472	16
224.0	9455	13	12	10824	13	1550	789	14
224.0	7219	6	4	10825	8	682	1479	14
224.0	9761	13	9	10826	16	567	467	17
224.0	8502	25	27	10827	21	622	235	16
224.0	9768	11	13	10828	9	331	957	17
224.0	9500	7	6	10829	7	259	638	20
224.0	9295	4	4	10830	4	340	1091	17
224.0	8703	10	13	10831	7	1626	1496	15
224.0	8047	10	11	10832	9	540	861	16
224.0	8187	17	17	10833	15	834	1648	10
224.0	9461	13	17	10834	8	1390	466	15
224.0	9146	7	9	10835	5	1601	881	10
224.0	8295	41	37	10836	44	589	551	21
224.0	9319	15	9	10837	19	343	1066	17
224.0	9501	21	19	10838	23	1057	302	19
224.0	9107	35	25	10839	43	1468	673	16
224.0	9011	40	34	10840	44	1401	1795	11
224.0	8322	12	13	10841	11	1029	376	16
224.0	9137	42	41	10842	40	1016	350	18
224.0	9939	7	7	10843	6	1582	876	12
224.0	9763	37	35	10844	37	28	1889	12
224.0	10470	42	38	10845	43	1683	1780	12
224.0	9529	14	10	10846	18	1180	1601	13
224.0	9426	22	27	10847	16	461	466	12
224.0	9387	27	29	10848	21	332	666	17
224.0	9791	5	4	10849	6	1406	1547	15
224.0	9716	19	20	10850	18	591	750	17
224.0	9312	11	15	10851	7	408	505	19
224.0	7739	12	13	10852	11	808	420	14
224.0	8673	10	12	10853	7	1317	1684	11
224.0	8963	26	27	10854	25	881	452	16
224.0	9439	16	12	10855	17	1438	1708	10
224.0	8912	12	8	10856	15	1561	1193	16
224.0	7940	40	36	10857	43	1329	487	12
224.0	9643	30	24	10858	33	1711	900	13
224.0	9111	6	5	10859	7	1468	1211	13
224.0	9249	21	20	10860	21	682	390	16
224.0	8323	3	3	10861	3	1083	1568	19
224.0	9917	8	9	10862	6	1270	1623	12
224.0	8560	14	14	10863	12	971	429	13
224.0	8340	6	7	10864	3	942	1558	13
224.0	9898	18	20	10865	16	519	592	17
224.0	9920	13	12	10866	13	314	678	21
224.0	8681	22	21	10867	22	357	940	18
224.0	8250	16	13	10868	17	1440	1353	15
224.0	9586	5	5	10869	4	1487	870	16
224.0	9577	11	12	10870	10	958	286	14
224.0	8292	12	10	10871	13	586	432	12
225.0	9196	15	14	10872	16	1590	1565	11
225.0	9455	12	15	10873	8	1550	789	15
225.0	8991	53	61	10874	39	1972	443	14
225.0	8241	40	37	10875	42	1397	592	15
225.0	9785	12	14	10876	10	1383	1539	12
225.0	8709	14	16	10877	11	821	1438	14
225.0	9010	21	21	10878	21	536	152	17
225.0	7225	20	17	10879	21	1526	1410	13
225.0	9335	20	11	10880	28	1529	612	12
225.0	7986	7	6	10881	7	499	801	19
225.0	10015	16	18	10882	12	1501	1349	16
225.0	10107	27	25	10883	27	669	311	19
225.0	9320	28	20	10884	36	1228	85	15
225.0	8184	32	35	10885	28	324	787	16
225.0	9757	25	24	10886	25	1080	488	15
225.0	9747	23	20	10887	24	380	1142	14
225.0	9577	12	15	10888	9	958	286	15
225.0	9702	31	31	10889	30	1352	1462	11
225.0	8837	10	11	10890	8	382	678	21
225.0	9303	20	18	10891	21	1563	1082	17
225.0	9381	20	18	10892	20	472	851	14
225.0	8882	25	12	10893	34	735	1800	14
225.0	9572	22	24	10894	19	378	356	13
225.0	8281	23	27	10895	19	1701	844	11
225.0	8835	10	7	10896	12	959	1512	12
225.0	9301	29	26	10897	31	362	874	15
225.0	10101	32	34	10898	28	722	260	15
225.0	7227	15	13	10899	17	1608	1467	18
225.0	9203	18	11	10900	23	359	853	17
225.0	9574	24	24	10901	23	83	955	17
225.0	9162	12	12	10902	12	1679	1244	14
225.0	9755	18	19	10903	16	922	1470	12
225.0	9942	19	24	10904	14	531	662	20
225.0	9623	32	36	10905	28	91	1999	12
225.0	9285	16	12	10906	19	1691	1597	15
225.0	8207	39	30	10907	46	1399	1442	14
225.0	9269	19	15	10908	21	1990	1289	11
225.0	10191	25	28	10909	21	1480	456	14
225.0	9395	12	12	10910	12	1390	1584	9
225.0	10278	15	17	10911	12	441	772	17
225.0	7276	11	9	10912	12	839	307	19
225.0	7174	11	8	10913	13	740	1417	13
225.0	8263	14	11	10914	15	835	1530	15
225.0	9601	17	17	10915	15	419	684	17
225.0	9001	14	14	10916	14	691	1689	12
225.0	9251	13	11	10917	14	1570	1331	13
225.0	9735	12	11	10918	12	1059	1846	13
225.0	10474	11	10	10919	10	627	399	16
225.0	8349	17	14	10920	20	343	1378	13
225.0	8401	12	11	10921	13	337	768	21
225.0	8957	20	19	10922	21	1720	1978	12
226.0	8901	13	16	10923	9	733	1691	14
226.0	7917	13	8	10924	18	1565	1591	13
226.0	10008	26	34	10925	15	1662	1083	13
226.0	9243	5	5	10926	5	253	865	19
226.0	7291	47	49	10927	42	1833	887	11
226.0	9588	16	17	10928	15	1383	518	12
226.0	7198	12	12	10929	12	419	613	20
226.0	9420	30	31	10930	29	457	1745	14
226.0	9589	12	11	10931	11	931	441	13
226.0	10091	25	21	10932	25	477	39	16
226.0	9874	31	26	10933	35	755	312	17
226.0	9001	14	14	10934	13	691	1689	13
226.0	9592	5	4	10935	6	1200	1468	17
226.0	9284	16	9	10936	21	702	1399	11
226.0	9761	9	5	10937	13	567	467	18
226.0	6876	22	18	10938	25	479	1243	16
226.0	8571	10	4	10939	15	817	1561	14
226.0	9574	24	24	10940	24	83	955	18
226.0	10096	37	40	10941	33	752	1936	15
226.0	9280	6	6	10942	6	1091	1552	15
226.0	10206	19	21	10943	16	1572	846	14
226.0	7021	32	27	10944	34	298	957	14
226.0	9518	28	27	10945	29	930	34	13
226.0	9997	18	19	10946	16	381	340	14
226.0	8303	35	38	10947	31	629	362	18
226.0	9606	8	9	10948	7	479	477	14
226.0	8978	26	27	10949	23	421	979	11
226.0	9886	17	21	10950	13	492	1000	12
226.0	9320	20	16	10951	21	1228	85	16
226.0	10101	34	33	10952	34	722	260	16
226.0	10224	7	7	10953	7	1473	1566	14
226.0	7363	24	29	10954	19	323	451	15
226.0	9634	19	16	10955	20	1290	421	15
226.0	9035	6	4	10956	8	266	840	18
226.0	10233	14	12	10957	15	1316	1661	15
226.0	10325	15	14	10958	16	618	426	14
226.0	9172	9	9	10959	8	423	668	17
226.0	8305	21	20	10960	20	1620	1124	15
226.0	9593	19	18	10961	18	366	787	15
226.0	9630	28	24	10962	28	1515	1959	14
226.0	8285	30	28	10963	31	1439	200	14
226.0	8533	11	10	10964	10	901	1478	12
226.0	8490	13	7	10965	19	475	1319	14
226.0	10363	8	13	10966	3	1578	898	15
226.0	9600	32	25	10967	38	1393	1509	11
226.0	8054	13	12	10968	13	646	520	12
226.0	9724	20	19	10969	20	441	1243	13
226.0	10089	22	21	10970	23	1370	661	13
226.0	7588	32	25	10971	38	776	134	15
226.0	10494	14	10	10972	18	991	102	13
226.0	9613	15	13	10973	17	1652	1194	15
226.0	9866	29	32	10974	24	1826	540	10
226.0	10276	21	21	10975	21	396	317	21
226.0	9435	24	24	10976	20	810	246	16
226.0	8709	16	24	10977	8	821	1438	15
226.0	10015	18	18	10978	17	1501	1349	17
226.0	9738	17	16	10979	17	1650	960	16
227.0	9723	4	3	10980	5	750	368	15
227.0	10688	24	18	10981	30	682	59	16
227.0	8137	17	20	10982	13	1358	690	14
227.0	9771	30	32	10983	28	1210	421	17
227.0	10245	6	6	10984	5	539	380	17
227.0	6938	10	8	10985	12	680	1426	11
227.0	9607	8	12	10986	4	826	1600	12
227.0	9823	13	13	10987	13	803	1582	14
227.0	7132	14	11	10988	15	1351	1426	12
227.0	9162	12	12	10989	11	1679	1244	15
227.0	8748	16	20	10990	12	1471	1425	15
227.0	7499	11	8	10991	14	925	1618	16
227.0	10062	10	9	10992	11	762	354	16
227.0	9465	24	21	10993	26	369	397	14
227.0	9553	15	12	10994	16	59	603	12
227.0	8241	37	32	10995	41	1397	592	16
227.0	8015	18	14	10996	21	143	1087	17
227.0	9366	15	15	10997	14	1593	1410	15
227.0	9501	19	16	10998	21	1057	302	20
227.0	10648	15	17	10999	12	470	674	19
227.0	9598	24	21	11000	26	1738	981	13
227.0	9843	9	11	11001	5	330	838	17
227.0	8465	23	19	11002	26	1678	1046	14
227.0	8507	21	19	11003	21	1526	1110	12
227.0	9514	16	19	11004	13	1178	1580	12
227.0	8807	11	13	11005	8	901	1451	16
227.0	9130	2	2	11006	2	487	1090	11
227.0	8216	3	2	11007	4	1067	1663	14
227.0	10000	14	16	11008	12	1626	1599	11
227.0	9590	11	10	11009	12	362	759	21
227.0	8037	43	45	11010	40	1963	831	14
227.0	8071	38	40	11011	35	1683	1068	14
227.0	9679	21	25	11012	16	641	468	12
227.0	7467	22	23	11013	18	304	1042	20
227.0	8305	20	20	11014	19	1620	1124	16
227.0	9538	13	9	11015	16	1053	1530	15
227.0	8913	30	29	11016	30	439	961	16
227.0	9831	22	20	11017	20	510	478	17
227.0	8847	28	33	11018	22	1433	760	19
227.0	8910	32	28	11019	35	1818	1485	12
227.0	9751	13	13	11020	12	651	1432	18
227.0	9736	18	18	11021	17	446	1122	14
227.0	10339	26	23	11022	27	1419	1489	12
227.0	9471	26	27	11023	24	1449	506	12
227.0	10420	42	49	11024	34	1565	1352	14
227.0	9808	8	10	11025	4	537	530	17
227.0	10371	21	21	11026	20	393	773	22
227.0	9653	8	8	11027	7	859	1591	12
227.0	9661	8	6	11028	9	1503	1579	12
227.0	8334	29	33	11029	24	1270	532	13
227.0	10573	21	23	11030	18	1500	1235	18
227.0	7239	25	26	11031	21	1684	1277	11
227.0	9889	12	10	11032	14	357	1091	17
227.0	9534	12	10	11033	14	1341	1600	16
227.0	9940	9	13	11034	5	323	854	18
227.0	9680	30	30	11035	27	1921	872	13
227.0	8158	28	28	11036	27	1524	1492	11
227.0	9705	34	30	11037	35	732	1968	15
227.0	9830	5	6	11038	4	1068	1647	16
227.0	9331	11	13	11039	9	610	563	13
227.0	8901	16	12	11040	19	740	1736	15
227.0	9613	13	13	11041	12	1652	1194	16
227.0	8401	11	8	11042	14	337	768	22
227.0	9468	8	7	11043	7	421	796	18
227.0	10145	25	31	11044	18	1530	1258	16
227.0	9518	27	33	11045	19	930	34	14
227.0	8532	19	19	11046	19	494	336	17
227.0	9676	4	3	11047	5	1468	1363	14
227.0	9485	12	9	11048	14	1017	1519	15
227.0	10177	10	8	11049	10	721	1590	13
227.0	9270	27	30	11050	23	691	252	16
227.0	8108	9	7	11051	11	1382	1621	11
227.0	8709	24	19	11052	26	821	1438	16
227.0	8429	33	34	11053	32	1345	560	14
227.0	9868	39	39	11054	37	788	480	15
227.0	9549	14	14	11055	14	1312	1502	12
227.0	9543	3	3	11056	2	470	1192	13
227.0	9811	7	4	11057	8	915	1608	17
227.0	10175	58	50	11058	50	504	619	22
228.0	8893	17	18	11059	16	1387	498	11
228.0	9768	13	18	11060	8	331	957	18
228.0	10300	17	16	11061	18	1639	890	16
228.0	9363	19	11	11062	25	776	419	13
228.0	9473	22	24	11063	19	290	1189	13
228.0	9856	13	12	11064	14	1499	627	13
228.0	10256	12	14	11065	9	352	692	19
228.0	10205	13	12	11066	14	584	361	15
228.0	9465	21	21	11067	18	369	397	15
228.0	9829	22	19	11068	24	1286	389	14
228.0	9446	9	6	11069	12	1501	1172	17
228.0	9433	10	11	11070	9	1220	1627	14
228.0	9178	22	23	11071	19	819	387	15
228.0	9882	11	12	11072	10	855	233	13
228.0	9527	12	12	11073	10	360	1260	13
228.0	8734	11	8	11074	14	365	822	17
228.0	10669	21	24	11075	17	1103	230	17
228.0	9893	41	38	11076	39	19	1557	13
228.0	7115	17	19	11077	14	1013	1581	15
228.0	7333	47	46	11078	47	35	42	16
228.0	9161	21	25	11079	16	828	208	14
228.0	9269	15	13	11080	17	1980	1308	12
228.0	9945	15	13	11081	16	1570	1135	16
228.0	8241	32	27	11082	34	1397	592	17
228.0	8328	17	18	11083	15	1999	1098	14
228.0	9468	7	9	11084	5	421	796	19
228.0	10012	10	14	11085	6	371	807	16
228.0	10139	10	10	11086	8	988	1623	15
228.0	10826	16	13	11087	19	520	444	18
228.0	8801	27	30	11088	22	1410	1416	13
228.0	9930	17	20	11089	13	587	450	17
228.0	9251	11	8	11090	13	1570	1331	14
228.0	10278	17	16	11091	18	441	772	18
228.0	9484	6	5	11092	6	1142	1594	16
228.0	7525	4	3	11093	5	166	853	18
228.0	10057	10	9	11094	9	1239	1654	13
228.0	8748	20	20	11095	19	1471	1425	16
228.0	9844	10	11	11096	8	1219	521	14
228.0	8324	6	6	11097	6	1519	1291	14
228.0	10013	20	19	11098	21	1309	497	13
228.0	9793	44	46	11099	40	1589	1022	17
228.0	8349	14	12	11100	16	343	1378	14
228.0	7883	27	25	11101	29	1451	820	11
228.0	6935	20	18	11102	21	781	397	14
228.0	8623	9	4	11103	14	519	518	17
228.0	7877	37	30	11104	41	1596	1999	14
228.0	10857	43	33	11105	51	1329	487	13
228.0	9820	18	17	11106	18	1433	581	14
228.0	9849	14	12	11107	15	819	337	15
228.0	9663	16	14	11108	17	1654	879	12
228.0	10201	30	28	11109	30	1363	1451	12
228.0	9438	12	7	11110	17	182	700	21
228.0	10227	11	11	11111	11	1559	865	15
228.0	8598	19	26	11112	11	483	910	16
228.0	8295	37	40	11113	32	589	551	22
228.0	9501	16	15	11114	15	1057	302	21
228.0	10143	12	17	11115	7	1519	1309	14
228.0	9534	10	6	11116	14	1341	1600	17
228.0	9618	15	12	11117	17	1061	490	18
229.0	9210	33	30	11118	35	321	1203	14
229.0	10093	40	38	11119	41	818	276	18
229.0	9509	33	28	11120	36	1606	837	13
229.0	9879	9	6	11121	11	391	660	18
229.0	9269	13	13	11122	12	1980	1308	13
229.0	9867	7	7	11123	7	710	1494	11
229.0	8855	13	15	11124	10	782	1529	16
229.0	8479	22	17	11125	26	957	318	15
229.0	9643	24	26	11126	22	1711	900	14
229.0	9443	16	17	11127	14	498	1405	15
229.0	10195	19	16	11128	21	380	902	18
229.0	9814	9	11	11129	6	1183	1653	13
229.0	7302	36	37	11130	34	680	630	21
229.0	9041	24	22	11131	25	553	480	12
229.0	9297	7	8	11132	6	689	1463	14
229.0	9734	30	33	11133	27	276	752	20
229.0	8976	29	26	11134	31	581	1313	13
229.0	9126	18	19	11135	16	1260	428	14
229.0	9260	21	18	11136	23	1205	1702	15
229.0	10420	49	47	11137	47	1565	1352	15
229.0	9706	14	16	11138	10	1532	523	14
229.0	6999	22	23	11139	17	1779	1049	14
229.0	9864	2	1	11140	3	1261	1555	13
229.0	9971	7	7	11141	7	1159	121	16
229.0	9251	8	7	11142	9	1570	1331	15
229.0	9788	21	19	11143	22	847	287	16
229.0	7028	5	6	11144	3	288	1225	16
229.0	9118	38	45	11145	30	379	1208	13
229.0	9256	29	31	11146	26	1563	644	14
229.0	10807	15	16	11147	13	1228	462	16
229.0	9299	35	39	11148	31	794	50	16
229.0	9274	17	17	11149	16	1656	1150	15
229.0	7940	36	31	11150	38	1342	500	13
229.0	8444	9	8	11151	10	1648	826	15
229.0	9293	18	12	11152	23	1609	1327	16
229.0	9434	28	38	11153	17	630	344	19
229.0	10099	14	14	11154	12	1120	1682	12
229.0	8748	20	19	11155	20	1471	1425	17
229.0	9477	19	22	11156	15	1472	1716	12
229.0	10114	8	7	11157	8	702	1535	15
229.0	10826	13	13	11158	13	520	444	19
229.0	10206	21	21	11159	19	1572	846	15
229.0	7282	7	6	11160	8	1240	1490	12
229.0	9937	35	40	11161	29	1516	671	11
229.0	9161	25	22	11162	28	828	188	15
229.0	8802	10	6	11163	13	1239	1632	12
229.0	10366	14	14	11164	13	1311	532	17
229.0	8650	26	25	11165	26	1836	1073	14
229.0	9805	6	6	11166	5	277	854	21
230.0	8341	10	6	11167	12	1228	1668	13
230.0	8876	35	34	11168	32	647	1500	19
230.0	9637	25	22	11169	26	1251	511	15
230.0	10346	12	12	11170	11	958	378	12
230.0	9700	19	20	11171	18	276	612	20
230.0	9428	13	7	11172	16	793	343	16
230.0	8500	4	4	11173	4	957	1653	14
230.0	9050	9	6	11174	11	502	1179	15
230.0	10100	6	6	11175	6	1591	1258	20
230.0	10283	43	45	11176	38	794	78	16
230.0	9498	22	19	11177	24	841	530	17
230.0	9559	14	12	11178	15	1457	1300	15
230.0	8424	22	21	11179	23	1119	309	15
230.0	9160	43	40	11180	44	1205	348	15
230.0	6966	24	24	11181	23	361	276	22
230.0	9664	26	26	11182	26	1263	1677	16
230.0	9641	18	12	11183	23	1571	1040	14
230.0	9625	30	38	11184	22	1018	85	17
230.0	10117	25	23	11185	26	775	214	15
230.0	8765	40	42	11186	38	1706	1780	12
230.0	10191	28	26	11187	27	1480	456	15
230.0	9515	22	29	11188	15	547	1260	11
230.0	10780	16	14	11189	16	1520	1154	17
230.0	8784	12	7	11190	14	879	275	18
230.0	10582	23	27	11191	18	1717	1366	16
230.0	10084	13	15	11192	11	1480	606	13
230.0	9185	19	19	11193	19	450	1074	15
230.0	9639	15	14	11194	16	870	1507	13
230.0	9453	23	27	11195	18	1593	17	12
230.0	9210	30	33	11196	23	321	1203	15
230.0	9729	36	31	11197	37	1754	1337	10
230.0	10110	27	26	11198	27	887	367	17
230.0	8862	9	10	11199	8	1360	1319	13
230.0	9334	37	34	11200	37	470	1087	14
230.0	8978	27	34	11201	19	421	979	12
230.0	8855	15	17	11202	12	782	1529	17
230.0	8957	19	19	11203	19	1720	1978	13
230.0	8008	32	31	11204	29	1007	165	17
230.0	10327	12	9	11205	14	1358	1608	18
230.0	8523	32	28	11206	36	806	245	17
230.0	7174	8	12	11207	4	740	1417	14
230.0	8963	27	26	11208	27	881	452	17
230.0	9867	7	6	11209	8	710	1494	12
230.0	10195	16	15	11210	16	380	902	19
230.0	10360	24	21	11211	27	391	467	22
230.0	9708	27	27	11212	26	1570	1739	13
230.0	9362	11	12	11213	10	1536	730	13
230.0	9545	34	36	11214	31	382	1017	12
230.0	7488	8	2	11215	14	830	351	15
230.0	8554	1	0	11216	2	1361	1370	15
230.0	10658	15	14	11217	14	1252	431	15
230.0	10555	20	15	11218	24	880	336	12
230.0	10132	36	32	11219	36	680	324	19
230.0	8619	8	6	11220	9	1237	1740	10
230.0	8075	15	14	11221	16	958	360	12
230.0	10221	10	10	11222	10	369	304	15
230.0	8615	10	9	11223	10	1230	411	14
230.0	7585	29	28	11224	28	1239	153	18
230.0	9260	18	19	11225	16	1205	1702	16
230.0	10077	39	41	11226	35	138	1934	15
230.0	7969	16	14	11227	17	1431	431	14
230.0	9350	28	34	11228	19	960	51	14
230.0	8203	9	6	11229	12	321	517	15
231.0	10487	22	22	11230	20	1761	1046	14
231.0	9451	27	25	11231	29	500	465	14
231.0	10003	28	28	11232	26	1544	950	13
231.0	10169	19	13	11233	23	263	1041	17
231.0	8623	4	6	11234	2	519	518	18
231.0	9813	2	0	11235	4	1390	1359	17
231.0	9675	16	17	11236	14	322	1067	20
231.0	9528	35	36	11237	33	385	0	15
231.0	9592	4	3	11238	5	1200	1468	18
231.0	9519	36	30	11239	40	1361	1513	10
231.0	9595	13	12	11240	14	1591	1496	15
231.0	8292	10	7	11241	13	565	432	13
231.0	9921	24	27	11242	21	426	1110	13
231.0	9869	24	28	11243	17	295	729	19
231.0	8008	31	34	11244	26	1007	165	18
231.0	9527	12	12	11245	12	360	1260	14
231.0	8552	16	17	11246	14	877	296	11
231.0	9159	21	19	11247	20	1421	1371	14
231.0	9461	17	16	11248	16	1390	466	16
231.0	10462	13	14	11249	10	1647	1387	13
231.0	9566	12	12	11250	12	1610	961	14
231.0	8876	34	36	11251	31	647	1500	20
231.0	9285	12	12	11252	12	1670	1525	16
231.0	9249	20	15	11253	24	682	390	17
231.0	8887	27	33	11254	20	309	711	20
231.0	9625	38	29	11255	46	1018	85	18
231.0	9050	6	5	11256	7	502	1179	16
231.0	7643	35	36	11257	34	988	363	22
231.0	9734	33	32	11258	31	276	752	21
231.0	8186	16	15	11259	16	1348	453	16
231.0	10601	33	35	11260	31	1511	690	15
231.0	9072	13	18	11261	8	1196	1658	12
231.0	10507	11	11	11262	9	948	278	14
231.0	10029	35	35	11263	35	650	333	18
231.0	8167	23	17	11264	28	155	1966	15
231.0	9922	20	22	11265	18	1530	1178	17
231.0	8277	26	21	11266	30	725	330	15
231.0	9362	12	6	11267	18	1536	730	14
231.0	10100	6	6	11268	5	1591	1258	21
231.0	8913	29	26	11269	29	439	961	17
231.0	8346	11	10	11270	12	1139	146	18
231.0	9706	16	8	11271	21	1532	523	15
231.0	10107	25	20	11272	29	652	268	20
231.0	9817	23	26	11273	19	1008	24	17
231.0	7290	35	38	11274	31	402	1851	16
231.0	9700	20	18	11275	22	276	612	21
231.0	10565	5	5	11276	4	1091	1662	14
231.0	9372	18	13	11277	20	381	997	16
231.0	8615	9	7	11278	11	1230	411	15
231.0	9953	18	12	11279	24	363	601	18
231.0	10206	21	22	11280	20	1572	846	16
231.0	8370	22	23	11281	19	1583	950	15
231.0	9925	14	14	11282	13	775	1541	16
231.0	9179	14	9	11283	18	421	521	17
232.0	10681	24	28	11284	20	1469	729	18
232.0	10972	18	18	11285	16	1005	138	14
232.0	10270	29	37	11286	20	986	33	20
232.0	10601	35	36	11287	33	1511	690	16
232.0	8323	3	4	11288	2	1083	1568	20
232.0	10031	3	2	11289	4	1632	1217	19
232.0	10822	8	7	11290	9	742	1481	12
232.0	10403	25	29	11291	18	1144	291	19
232.0	9382	13	15	11292	11	1102	1718	16
232.0	8462	20	16	11293	21	313	1169	11
232.0	10198	31	30	11294	31	379	1226	13
232.0	7707	38	35	11295	40	1424	1480	12
232.0	10239	28	28	11296	25	780	286	15
232.0	9544	33	36	11297	28	685	248	18
232.0	10187	33	34	11298	30	729	44	19
232.0	9609	20	18	11299	21	1215	318	15
232.0	9787	23	21	11300	25	1422	484	13
232.0	10335	11	14	11301	7	1450	1209	15
232.0	10029	35	40	11302	26	650	333	19
232.0	10325	14	16	11303	12	597	407	15
232.0	9268	23	19	11304	26	519	730	18
232.0	8897	25	21	11305	27	730	454	15
232.0	8008	34	37	11306	30	1007	185	19
232.0	9505	12	11	11307	13	963	1613	18
232.0	8041	29	31	11308	27	1518	730	15
232.0	10268	22	22	11309	21	1189	56	16
232.0	9798	18	19	11310	17	1067	200	11
232.0	10559	12	10	11311	14	1451	1521	15
232.0	10719	23	23	11312	21	1540	1333	15
232.0	9453	27	32	11313	21	1642	31	13
232.0	9739	31	23	11314	38	1260	391	15
232.0	9680	30	30	11315	26	1921	872	14
232.0	9916	18	21	11316	15	1757	977	13
232.0	8447	19	19	11317	19	1543	1271	17
232.0	9984	19	20	11318	17	567	1280	12
232.0	9651	3	4	11319	2	1119	1616	10
232.0	9991	13	9	11320	17	1271	550	16
232.0	9592	3	3	11321	3	1200	1468	19
232.0	9072	18	20	11322	15	1196	1658	13
232.0	7652	18	19	11323	16	921	341	13
232.0	10048	7	3	11324	11	1420	1682	11
232.0	10235	27	32	11325	21	1291	440	15
232.0	7643	36	26	11326	44	988	363	23
232.0	9914	9	9	11327	9	1339	530	16
232.0	10843	6	7	11328	5	1598	859	13
232.0	9857	45	49	11329	40	1604	1790	11
232.0	10334	38	38	11330	36	1322	449	12
232.0	8346	10	10	11331	10	1139	146	19
232.0	8844	29	31	11332	25	625	281	20
232.0	8968	8	10	11333	6	1571	1314	17
232.0	9519	30	19	11334	38	1361	1513	11
232.0	10471	7	7	11335	7	938	1538	17
232.0	8958	9	7	11336	9	275	1111	19
232.0	7355	9	9	11337	9	390	1236	18
232.0	9809	4	3	11338	4	1465	522	13
232.0	9282	11	15	11339	7	399	541	14
232.0	9626	20	21	11340	17	346	402	14
232.0	9772	27	28	11341	24	1110	22	16
232.0	10283	45	57	11342	31	794	78	17
232.0	9439	12	12	11343	12	1438	1708	11
232.0	9623	36	34	11344	37	105	1969	13
232.0	10100	6	5	11345	7	1591	1258	22
232.0	9556	31	25	11346	37	1732	935	12
232.0	9449	11	9	11347	11	750	1508	14
232.0	8277	21	29	11348	13	725	330	16
232.0	10168	32	31	11349	31	479	1741	16
232.0	9762	25	25	11350	21	443	389	11
232.0	8599	44	46	11351	40	424	0	18
233.0	8592	5	5	11352	4	860	327	16
233.0	10178	21	22	11353	19	161	623	20
233.0	10719	23	17	11354	25	1540	1333	16
233.0	9885	18	15	11355	20	1278	1646	17
233.0	9604	25	23	11356	27	1540	703	14
233.0	9674	22	29	11357	14	1313	417	13
233.0	7684	13	16	11358	8	1530	968	12
233.0	9473	24	25	11359	23	194	1211	14
233.0	8968	10	14	11360	6	1571	1314	18
233.0	7940	31	28	11361	31	1342	500	14
233.0	9587	20	25	11362	14	1014	278	19
233.0	10343	15	13	11363	16	262	1084	17
233.0	9886	21	23	11364	16	492	1000	13
233.0	10456	25	23	11365	24	1976	1107	14
233.0	7043	7	6	11366	8	1460	642	12
233.0	8506	15	15	11367	14	277	939	14
233.0	10114	7	7	11368	7	732	1584	16
233.0	9283	2	0	11369	4	1007	1785	19
233.0	10403	29	31	11370	26	1144	291	20
233.0	8313	16	19	11371	13	871	1620	16
233.0	7688	20	20	11372	20	1951	949	14
233.0	9930	20	23	11373	16	587	450	18
233.0	9155	53	42	11374	58	1021	304	20
233.0	10284	6	4	11375	8	1628	1241	16
233.0	8851	5	4	11376	5	1150	1667	13
233.0	9801	27	28	11377	26	789	365	13
233.0	10009	13	13	11378	13	255	1108	18
233.0	9680	30	28	11379	31	1921	872	15
233.0	10020	40	35	11380	44	18	1780	14
233.0	10743	23	28	11381	17	1247	461	15
233.0	10959	8	7	11382	9	409	654	18
233.0	10116	5	6	11383	3	1369	1574	15
233.0	8064	21	22	11384	20	1996	1053	12
233.0	8447	19	13	11385	25	1543	1271	18
233.0	9830	6	7	11386	4	1068	1647	17
233.0	8748	19	22	11387	16	1471	1425	18
233.0	9735	11	10	11388	12	1065	1881	14
233.0	10866	13	13	11389	12	299	692	22
233.0	10478	25	26	11390	24	324	979	13
233.0	9273	11	12	11391	10	885	1590	16
233.0	9861	37	39	11392	32	1509	1700	11
233.0	9888	17	16	11393	18	940	381	11
233.0	9922	22	22	11394	22	1530	1178	18
233.0	10390	13	11	11395	15	970	403	13
233.0	10034	5	5	11396	4	1284	1701	11
233.0	9917	9	11	11397	6	1270	1623	13
233.0	8548	26	25	11398	27	1999	1237	13
233.0	6943	5	7	11399	3	1211	1533	13
233.0	10400	7	8	11400	6	369	550	18
233.0	10244	29	32	11401	25	1473	1548	12
233.0	10146	31	29	11402	31	254	712	16
233.0	9365	5	5	11403	5	1285	1570	16
233.0	10334	38	40	11404	33	1322	432	13
233.0	7378	20	18	11405	21	1370	550	13
233.0	9130	2	2	11406	2	487	1103	12
233.0	7951	25	33	11407	17	120	1528	20
233.0	10582	27	24	11408	26	1717	1366	17
233.0	10093	38	36	11409	37	818	276	19
233.0	10048	3	2	11410	4	1420	1682	12
233.0	10103	4	2	11411	6	866	1540	15
233.0	7988	14	16	11412	12	380	602	18
233.0	9269	13	11	11413	14	1984	1348	14
233.0	9306	28	23	11414	32	1450	1451	12
233.0	9599	12	10	11415	13	317	924	13
233.0	9252	16	16	11416	15	298	1020	12
233.0	9495	3	3	11417	3	1236	1581	11
233.0	9104	19	16	11418	21	650	360	13
233.0	10074	28	23	11419	31	475	1342	14
233.0	10019	24	30	11420	17	418	908	16
233.0	8108	7	7	11421	7	1382	1621	12
233.0	7540	9	8	11422	9	1150	1629	14
233.0	8801	30	23	11423	36	1410	1416	14
233.0	10195	15	12	11424	15	380	902	20
234.0	10437	15	13	11425	16	1552	881	16
234.0	9580	5	2	11426	7	1123	1641	13
234.0	10989	11	9	11427	12	1693	1229	16
234.0	10104	13	10	11428	16	1664	1230	14
234.0	10641	30	27	11429	31	0	1739	15
234.0	9249	15	16	11430	14	682	390	18
234.0	9923	40	44	11431	33	1573	1491	12
234.0	9413	21	22	11432	19	721	370	14
234.0	10009	13	14	11433	10	255	1108	19
234.0	9193	11	13	11434	9	1602	1058	14
234.0	10160	40	39	11435	39	1609	1960	11
234.0	9501	15	13	11436	16	1073	266	22
234.0	9355	11	9	11437	11	1415	1581	16
234.0	7707	35	39	11438	30	1424	1480	13
234.0	9550	21	18	11439	23	1180	370	15
234.0	7969	14	11	11440	15	1431	431	15
234.0	8855	17	15	11441	16	794	1541	18
234.0	10219	34	35	11442	29	122	0	16
234.0	9340	15	14	11443	16	1489	500	14
234.0	9334	34	30	11444	33	470	1087	15
234.0	9011	34	35	11445	32	1401	1795	12
234.0	6946	21	21	11446	21	975	22	20
234.0	9456	24	22	11447	26	368	790	16
234.0	10962	28	22	11448	33	1479	1940	15
234.0	7877	30	30	11449	27	1596	1999	15
234.0	10791	14	15	11450	12	738	1542	17
234.0	11334	38	26	11451	48	1379	1513	12
234.0	8851	4	4	11452	4	1165	1700	14
234.0	9453	32	38	11453	20	1642	31	14
234.0	11257	34	32	11454	35	975	332	23
234.0	10204	8	7	11455	9	398	851	17
234.0	7712	7	6	11456	8	668	1320	15
234.0	9451	25	26	11457	24	500	465	15
234.0	10383	19	22	11458	15	1470	1384	13
234.0	9553	12	12	11459	10	59	603	13
234.0	9061	21	21	11460	21	1164	450	13
234.0	10331	21	19	11461	23	1070	1688	15
234.0	8968	14	14	11462	13	1571	1331	19
234.0	9567	20	23	11463	17	1132	73	17
234.0	10793	37	42	11464	31	1038	121	18
234.0	10655	23	26	11465	19	15	1586	16
234.0	10719	17	14	11466	20	1540	1333	17
234.0	8770	14	14	11467	14	1460	622	13
234.0	8154	16	10	11468	19	1035	33	16
234.0	8426	25	25	11469	24	1530	853	16
234.0	10656	24	24	11470	24	281	789	20
234.0	10019	30	31	11471	28	418	908	17
234.0	9499	22	22	11472	21	1529	827	16
234.0	10207	27	27	11473	25	299	635	16
234.0	9500	6	6	11474	6	246	651	21
234.0	9253	18	21	11475	14	760	198	16
234.0	10334	40	39	11476	37	1322	432	14
234.0	9312	15	16	11477	14	394	491	20
234.0	9508	14	10	11478	18	1007	121	13
234.0	10803	41	35	11479	45	354	1019	18
234.0	8802	6	7	11480	5	1239	1632	13
234.0	9653	8	9	11481	6	859	1612	13
234.0	7684	16	15	11482	15	1530	968	13
234.0	9199	5	6	11483	4	431	838	18
234.0	10535	14	15	11484	13	979	305	14
234.0	10605	22	23	11485	19	1371	1594	18
234.0	10093	36	37	11486	34	818	276	20
234.0	9883	19	13	11487	25	1113	126	16
234.0	9966	15	19	11488	10	1587	774	15
234.0	10659	2	1	11489	3	1043	1662	19
234.0	10284	4	5	11490	3	1628	1241	17
234.0	9252	16	15	11491	17	276	1020	13
235.0	9334	30	34	11492	26	470	1087	16
235.0	9640	23	21	11493	25	1486	690	15
235.0	9798	19	20	11494	16	1067	200	12
235.0	9901	15	19	11495	11	1751	1113	14
235.0	10484	21	22	11496	19	479	1300	15
235.0	8444	8	8	11497	8	1648	826	16
235.0	8049	8	9	11498	7	421	1139	16
235.0	10625	20	23	11499	16	681	430	13
235.0	8203	6	6	11500	6	321	517	16
235.0	7499	8	9	11501	7	933	1687	17
235.0	8234	1	1	11502	1	994	1540	15
235.0	10458	28	30	11503	26	1641	1409	12
235.0	9595	12	14	11504	9	1591	1496	16
235.0	10774	20	21	11505	19	1027	215	14
235.0	9977	37	28	11506	44	681	346	19
235.0	7825	5	6	11507	3	697	1439	11
235.0	8837	11	9	11508	11	382	678	22
235.0	9641	12	10	11509	13	1571	1040	15
235.0	10324	9	12	11510	6	903	1695	16
235.0	8844	31	30	11511	30	625	281	21
235.0	10015	18	19	11512	16	1501	1349	18
235.0	9845	33	34	11513	30	1563	1901	13
235.0	10707	11	8	11514	13	1656	701	14
235.0	10470	38	32	11515	42	1660	1780	13
235.0	8784	7	8	11516	5	892	262	19
235.0	10220	29	27	11517	29	420	1170	15
235.0	7028	6	2	11518	10	288	1225	17
235.0	10381	42	48	11519	32	1479	1480	12
235.0	10117	23	22	11520	22	775	172	16
235.0	9438	7	9	11521	5	182	700	22
235.0	10636	37	43	11522	29	817	409	14
235.0	10267	23	24	11523	22	568	531	19
235.0	10759	19	17	11524	21	709	1564	16
235.0	10330	16	15	11525	15	624	1431	11
235.0	8037	45	50	11526	36	1963	831	15
235.0	9210	33	37	11527	29	299	1203	16
235.0	9729	31	41	11528	21	1754	1337	11
235.0	10292	8	5	11529	10	919	1590	16
235.0	9677	18	16	11530	19	875	320	12
235.0	8505	14	13	11531	13	1289	346	15
235.0	9826	9	9	11532	9	207	860	18
235.0	10049	28	26	11533	28	1673	1363	14
235.0	10333	28	23	11534	32	289	1076	11
235.0	6946	21	25	11535	17	975	22	21
235.0	9081	8	10	11536	6	364	637	19
235.0	9702	31	32	11537	28	1370	1480	12
235.0	10284	5	4	11538	5	1628	1241	18
235.0	10256	14	19	11539	8	325	691	20
235.0	10021	27	32	11540	21	1787	1116	13
235.0	8987	8	6	11541	10	1464	560	14
235.0	10251	14	13	11542	14	233	779	18
235.0	11046	19	15	11543	22	443	270	18
235.0	10803	35	35	11544	31	354	1019	19
235.0	9040	22	23	11545	19	1193	264	19
235.0	10506	15	16	11546	14	294	596	18
235.0	10700	12	13	11547	11	971	1627	17
235.0	10090	18	14	11548	21	1559	960	12
235.0	10862	6	6	11549	5	1299	1635	13
235.0	8277	29	29	11550	29	725	330	17
235.0	10641	27	23	11551	30	0	1739	16
235.0	10334	39	40	11552	37	1322	432	15
235.0	8898	47	39	11553	54	1532	1512	15
235.0	9743	24	24	11554	24	1647	1308	16
235.0	10575	21	22	11555	19	598	216	14
235.0	9142	9	8	11556	9	861	236	16
235.0	9997	19	18	11557	20	342	317	15
236.0	9228	6	5	11558	6	388	709	19
236.0	10144	9	8	11559	9	1308	1539	11
236.0	11282	13	12	11560	14	787	1572	17
236.0	10581	9	6	11561	11	412	818	18
236.0	9745	10	11	11562	9	1260	1778	10
236.0	10438	4	3	11563	5	1157	1677	17
236.0	8901	12	16	11564	8	740	1736	16
236.0	10046	26	25	11565	26	149	657	16
236.0	10101	33	37	11566	27	722	220	17
236.0	9232	8	7	11567	7	1140	1491	19
236.0	9542	7	9	11568	5	770	1573	17
236.0	10507	11	11	11569	11	948	278	15
236.0	6966	24	23	11570	24	361	252	23
236.0	9614	20	18	11571	22	1603	1441	18
236.0	10009	14	14	11572	12	255	1108	20
236.0	9613	13	12	11573	14	1665	1181	17
236.0	10285	18	15	11574	19	1309	1770	15
236.0	9528	36	40	11575	28	385	0	16
236.0	9939	7	6	11576	7	1609	875	13
236.0	10645	22	18	11577	26	1378	1718	16
236.0	10030	35	31	11578	38	1663	1029	13
236.0	9644	22	15	11579	29	1626	719	13
236.0	8401	8	6	11580	9	320	751	23
236.0	10502	27	22	11581	31	388	947	17
236.0	9910	17	20	11582	14	570	1238	12
236.0	9004	18	10	11583	25	1480	1328	17
236.0	9518	33	29	11584	34	930	34	15
236.0	10236	30	27	11585	32	1651	1017	14
236.0	9743	24	20	11586	27	1647	1308	17
236.0	9655	8	8	11587	8	430	654	19
236.0	9698	18	22	11588	14	769	1503	12
236.0	8708	39	38	11589	37	1158	321	15
236.0	10652	32	30	11590	33	140	1730	14
236.0	10563	3	3	11591	3	1321	1648	12
236.0	9906	7	5	11592	8	914	267	16
236.0	10575	22	19	11593	22	598	216	15
236.0	10122	36	33	11594	38	897	238	18
236.0	9270	30	32	11595	26	687	219	17
236.0	10545	24	23	11596	24	1668	589	15
236.0	9455	15	16	11597	13	1550	771	16
236.0	9161	22	24	11598	19	828	188	16
236.0	10107	20	15	11599	24	652	247	21
236.0	7960	27	28	11600	25	243	909	17
236.0	8203	6	5	11601	6	321	517	17
236.0	10550	13	16	11602	10	359	452	15
236.0	10091	21	22	11603	19	477	39	17
236.0	8426	25	31	11604	19	1530	853	17
236.0	9980	8	8	11605	8	1079	1600	17
236.0	10202	7	2	11606	12	1830	1039	11
236.0	8167	17	18	11607	16	155	1966	16
236.0	10439	18	17	11608	17	1207	1592	13
236.0	8490	7	9	11609	5	463	1331	15
236.0	9972	28	26	11610	28	406	1689	13
236.0	9650	28	31	11611	22	1618	1479	18
236.0	8844	30	30	11612	30	625	281	22
236.0	9085	24	22	11613	25	565	263	15
236.0	9853	22	18	11614	25	1469	1419	12
236.0	9903	26	19	11615	29	220	732	15
236.0	10791	15	15	11616	14	738	1542	18
236.0	10755	5	4	11617	6	1637	1163	14
236.0	9824	9	8	11618	10	1193	401	16
236.0	9789	31	32	11619	28	497	247	16
236.0	10061	44	42	11620	44	622	1692	19
236.0	7588	25	26	11621	19	735	101	16
236.0	10619	4	4	11622	4	812	1683	12
236.0	10464	34	34	11623	33	1572	1443	16
236.0	7363	29	25	11624	31	303	451	16
236.0	10430	11	8	11625	14	373	1164	15
236.0	10252	13	9	11626	16	357	571	20
236.0	9846	34	36	11627	31	1500	1520	11
236.0	8193	22	22	11628	19	1428	455	15
236.0	7219	4	6	11629	2	682	1479	15
236.0	8283	2	1	11630	3	1313	1623	12
236.0	10062	9	11	11631	7	762	354	17
236.0	9098	31	32	11632	30	1676	904	10
236.0	9880	6	7	11633	5	1508	587	14
236.0	9402	8	6	11634	9	372	395	16
236.0	9968	11	11	11635	10	271	1291	18
236.0	9583	16	18	11636	14	394	1222	17
237.0	9426	27	32	11637	21	440	466	13
237.0	8306	13	12	11638	13	1694	1039	13
237.0	8500	4	3	11639	5	957	1653	15
237.0	8465	19	20	11640	16	1722	1046	15
237.0	10105	25	29	11641	20	719	1640	18
237.0	9856	12	7	11642	16	1499	627	14
237.0	9857	49	40	11643	55	1529	1741	12
237.0	10212	7	3	11644	9	889	1543	13
237.0	8509	5	3	11645	7	1169	1501	16
237.0	10067	28	32	11646	23	1619	932	15
237.0	8934	11	10	11647	11	372	1314	12
237.0	9471	27	24	11648	30	1449	506	13
237.0	7499	9	13	11649	5	945	1719	18
237.0	9625	29	29	11650	27	1018	104	19
237.0	10735	13	11	11651	14	988	1699	15
237.0	10488	17	16	11652	18	317	465	15
237.0	10617	21	21	11653	18	465	478	14
237.0	11282	12	13	11654	11	787	1572	18
237.0	10310	14	11	11655	17	312	853	21
237.0	9897	39	35	11656	41	1681	1070	13
237.0	9566	12	12	11657	10	1610	961	15
237.0	10103	2	1	11658	3	866	1540	16
237.0	9613	12	9	11659	15	1665	1181	18
237.0	9501	13	10	11660	16	1073	266	23
237.0	10795	15	10	11661	18	341	863	20
237.0	9212	20	21	11662	17	1627	993	13
237.0	9137	41	39	11663	39	1016	350	19
237.0	10056	19	23	11664	14	821	321	19
237.0	9270	32	29	11665	32	687	219	18
237.0	10290	6	7	11666	5	227	930	19
237.0	10268	22	25	11667	19	1189	56	17
237.0	7021	27	25	11668	28	281	957	15
237.0	9453	38	32	11669	43	1642	31	15
237.0	10099	14	13	11670	15	1120	1682	13
237.0	10154	18	13	11671	23	1113	59	15
237.0	8475	7	9	11672	5	438	560	19
237.0	8882	12	10	11673	14	735	1800	15
237.0	10512	33	32	11674	33	439	859	20
237.0	8980	10	12	11675	8	778	346	18
237.0	7198	12	10	11676	13	403	597	21
237.0	10824	13	10	11677	15	1616	762	15
237.0	9820	17	20	11678	14	1433	581	15
237.0	10410	23	18	11679	26	333	630	17
237.0	10552	11	13	11680	8	422	688	19
237.0	9476	54	45	11681	55	740	162	19
237.0	9834	5	6	11682	4	448	497	16
237.0	7363	25	25	11683	23	303	451	17
237.0	10398	22	17	11684	26	581	1410	16
237.0	9923	44	44	11685	43	1573	1491	13
237.0	9256	31	31	11686	30	1616	543	15
237.0	10581	6	5	11687	7	412	818	19
237.0	9869	28	26	11688	29	295	729	20
237.0	10479	44	44	11689	43	752	174	18
237.0	9794	20	24	11690	15	765	380	14
237.0	9751	13	13	11691	12	596	1419	19
237.0	8708	38	39	11692	35	1158	321	16
237.0	10081	27	30	11693	24	580	1365	15
237.0	9631	9	8	11694	9	1110	416	22
237.0	10150	5	5	11695	5	1622	1299	17
237.0	10540	40	42	11696	35	688	168	19
237.0	10413	31	35	11697	24	1434	34	12
237.0	10140	25	28	11698	22	1765	1083	14
237.0	10023	10	11	11699	9	844	1571	15
237.0	10979	17	16	11700	17	1671	921	17
237.0	10226	18	20	11701	15	1881	931	13
237.0	9974	14	13	11702	15	1092	33	14
237.0	10972	18	19	11703	17	992	162	15
237.0	9199	6	7	11704	4	431	838	19
237.0	8553	28	27	11705	28	1231	380	13
237.0	10709	45	44	11706	45	1615	1988	12
237.0	10139	10	9	11707	11	988	1623	16
238.0	10697	9	10	11708	8	1068	1631	16
238.0	9650	31	36	11709	25	1618	1479	19
238.0	8893	18	17	11710	19	1402	483	12
238.0	10660	5	4	11711	5	1089	333	15
238.0	9291	34	27	11712	37	440	1520	13
238.0	10231	11	6	11713	16	451	599	15
238.0	10824	10	9	11714	11	1616	762	16
238.0	8834	28	27	11715	29	1463	340	15
238.0	11001	5	6	11716	4	229	856	18
238.0	7239	26	28	11717	23	1684	1277	12
238.0	10139	9	8	11718	10	988	1623	17
238.0	8870	22	20	11719	23	704	341	14
238.0	11213	10	10	11720	9	1570	730	14
238.0	8909	15	16	11721	14	1096	156	15
238.0	10979	16	13	11722	19	1671	921	18
238.0	10784	4	2	11723	6	1567	1230	19
238.0	9762	25	22	11724	27	443	341	12
238.0	10494	10	11	11725	8	1007	155	14
238.0	10055	10	5	11726	13	1380	1340	16
238.0	10611	4	1	11727	7	1017	1600	18
238.0	10637	27	30	11728	20	650	163	16
238.0	9920	12	6	11729	16	300	664	22
238.0	10299	10	8	11730	12	597	1480	13
238.0	10446	8	5	11731	10	335	1242	15
238.0	8283	1	1	11732	1	1313	1623	13
238.0	10020	35	36	11733	33	18	1780	15
238.0	9820	20	16	11734	22	1433	581	16
238.0	10688	18	17	11735	19	675	13	17
238.0	9614	18	16	11736	20	1624	1441	19
238.0	10028	55	51	11737	49	1450	1497	13
238.0	10709	44	34	11738	50	1615	1988	13
238.0	9653	9	6	11739	12	859	1612	14
238.0	8008	37	37	11740	36	981	176	20
238.0	10054	6	6	11741	6	1230	1716	13
238.0	10261	21	21	11742	19	1459	483	14
238.0	10255	10	9	11743	11	352	1056	17
238.0	8349	12	13	11744	11	343	1378	15
238.0	10246	38	30	11745	44	702	247	15
238.0	10377	11	11	11746	11	477	420	17
238.0	9832	4	3	11747	4	940	1608	13
238.0	10290	7	2	11748	12	227	930	20
238.0	9280	6	7	11749	5	1091	1552	16
238.0	7225	17	15	11750	17	1547	1448	14
238.0	8707	4	3	11751	5	134	841	16
238.0	9631	8	6	11752	9	1110	416	23
238.0	10570	9	6	11753	12	1160	356	18
238.0	11064	14	10	11754	17	1549	664	14
238.0	10256	19	20	11755	18	325	671	21
238.0	8300	9	9	11756	7	1031	1610	16
238.0	10455	26	27	11757	23	245	1571	13
238.0	9514	19	17	11758	20	1178	1580	13
238.0	10789	27	27	11759	26	765	82	20
238.0	11204	29	30	11760	27	949	181	18
238.0	9873	17	15	11761	18	668	289	15
238.0	9747	20	20	11762	19	380	1142	15
238.0	8303	38	39	11763	37	592	302	19
238.0	8015	14	13	11764	14	65	1093	18
238.0	11249	10	11	11765	9	1678	1401	14
238.0	9628	10	11	11766	8	307	1203	15
238.0	9857	40	35	11767	43	1529	1741	13
238.0	10327	9	9	11768	9	1358	1608	19
238.0	9019	12	12	11769	9	1590	1112	17
238.0	9623	34	33	11770	33	105	1969	14
238.0	10226	20	18	11771	21	1881	931	14
238.0	9850	18	19	11772	15	1028	74	19
238.0	8173	25	31	11773	18	692	133	16
238.0	10815	10	13	11774	6	473	518	18
238.0	10451	27	27	11775	27	1551	1959	14
238.0	10374	22	19	11776	23	287	1042	20
238.0	10059	42	38	11777	44	296	1012	15
238.0	9746	25	19	11778	29	321	591	19
238.0	10156	17	13	11779	21	1493	820	16
238.0	10066	7	8	11780	6	1288	1480	14
238.0	10413	35	35	11781	33	1434	34	13
238.0	10307	30	28	11782	29	1059	88	16
238.0	11187	27	30	11783	23	1501	439	16
238.0	7333	46	49	11784	40	35	42	17
239.0	9083	4	3	11785	5	1093	303	12
239.0	11251	31	32	11786	29	661	1514	21
239.0	9606	9	6	11787	11	412	479	15
239.0	10246	30	30	11788	30	702	247	16
239.0	9299	39	41	11789	34	794	50	17
239.0	9227	27	22	11790	31	470	599	15
239.0	9860	10	12	11791	7	451	710	20
239.0	10413	35	29	11792	40	1434	34	14
239.0	11428	16	18	11793	14	1840	1192	15
239.0	7291	49	49	11794	44	1885	808	12
239.0	10078	27	27	11795	25	1514	1822	12
239.0	7785	28	34	11796	22	1045	74	16
239.0	10374	19	26	11797	11	287	1042	21
239.0	10014	20	19	11798	20	1704	1058	13
239.0	6999	23	20	11799	25	1800	1049	15
239.0	11314	38	38	11800	38	1262	348	16
239.0	9423	39	42	11801	36	1615	1999	12
239.0	11099	40	38	11802	40	1633	1048	18
239.0	9879	6	6	11803	6	391	660	19
239.0	9675	17	15	11804	19	322	1067	21
239.0	8642	32	27	11805	35	764	277	12
239.0	10237	12	5	11806	19	858	1637	15
239.0	9588	17	14	11807	18	1398	503	13
239.0	10301	19	21	11808	15	1257	42	12
239.0	10327	9	9	11809	9	1358	1608	20
239.0	11090	13	12	11810	13	1650	1354	15
239.0	8358	28	26	11811	28	806	22	20
239.0	8505	13	13	11812	12	1343	292	16
239.0	7940	28	22	11813	32	1342	500	15
239.0	10815	13	8	11814	17	473	518	19
239.0	9631	6	9	11815	3	1110	416	24
239.0	10678	30	23	11816	36	157	986	17
239.0	10008	34	32	11817	35	1702	1101	14
239.0	8910	28	25	11818	28	1818	1485	13
239.0	7363	25	26	11819	24	303	451	18
239.0	11017	20	18	11820	22	482	479	18
239.0	11031	21	25	11821	14	1726	1277	12
239.0	9103	21	20	11822	22	1217	336	16
239.0	9101	28	27	11823	28	320	1312	13
239.0	10260	7	8	11824	5	238	1233	16
239.0	9989	27	26	11825	27	285	1166	14
239.0	10709	34	37	11826	31	1615	1977	14
239.0	10404	22	23	11827	21	1578	919	15
239.0	9657	12	15	11828	8	1580	1243	19
239.0	10138	24	21	11829	27	225	228	14
239.0	11213	10	11	11830	9	1570	730	15
239.0	10051	23	21	11831	25	538	292	20
239.0	10241	21	16	11832	26	1493	470	13
239.0	9957	22	24	11833	19	1672	1159	12
239.0	7290	38	41	11834	35	388	1975	17
239.0	10602	33	31	11835	32	106	1675	14
239.0	11179	23	21	11836	24	1137	309	16
239.0	9787	21	11	11837	31	1457	484	14
239.0	10635	9	7	11838	11	1190	1695	14
239.0	10469	19	11	11839	26	1276	1798	16
239.0	8301	25	17	11840	33	720	1503	12
239.0	9634	16	15	11841	17	1278	390	16
239.0	9791	4	3	11842	5	1419	1560	16
239.0	9637	22	20	11843	24	1251	511	16
239.0	10297	21	21	11844	19	1809	879	14
239.0	9035	4	4	11845	4	195	789	19
239.0	8075	14	12	11846	16	958	360	13
239.0	10261	21	24	11847	17	1467	492	15
239.0	10910	12	10	11848	14	1404	1598	10
239.0	10494	11	9	11849	13	1007	155	15
239.0	10356	28	29	11850	26	350	971	12
239.0	10263	30	32	11851	26	987	259	19
239.0	11063	19	16	11852	20	231	1190	14
239.0	9964	34	35	11853	33	977	80	20
239.0	11202	12	12	11854	10	793	1540	18
239.0	8873	15	13	11855	17	1741	1119	15
239.0	7239	28	25	11856	29	1684	1277	13
239.0	9762	22	24	11857	20	443	341	13
239.0	10623	9	7	11858	11	1496	1430	12
239.0	9100	11	9	11859	12	466	552	15
239.0	9274	17	14	11860	19	1668	1138	16
239.0	10919	10	12	11861	7	542	331	17
239.0	9291	27	24	11862	29	440	1520	14
240.0	10411	17	11	11863	22	288	936	17
240.0	10815	8	5	11864	10	473	518	20
240.0	9902	33	28	11865	35	277	883	16
240.0	10973	17	19	11866	14	1740	1194	16
240.0	10340	26	31	11867	19	744	342	15
240.0	8552	17	18	11868	16	877	296	12
240.0	9406	27	21	11869	33	1673	938	14
240.0	9274	14	10	11870	17	1668	1138	17
240.0	10067	32	33	11871	27	1619	932	16
240.0	10715	4	4	11872	3	66	859	16
240.0	10191	26	29	11873	23	1480	431	16
240.0	10273	18	16	11874	20	718	1479	12
240.0	10135	19	17	11875	20	437	1320	12
240.0	11842	5	6	11876	4	1431	1547	17
240.0	9420	31	27	11877	34	457	1745	15
240.0	9402	6	6	11878	6	357	380	17
240.0	8913	26	21	11879	30	439	961	18
240.0	11179	21	23	11880	15	1137	309	17
240.0	10460	5	5	11881	5	1107	378	15
240.0	9647	8	5	11882	10	278	1252	15
240.0	10222	20	13	11883	23	1326	1934	14
240.0	8301	17	18	11884	15	720	1503	13
240.0	8703	13	15	11885	10	1656	1526	16
240.0	6938	8	4	11886	12	659	1426	12
240.0	9493	21	16	11887	26	1370	1796	16
240.0	9738	16	18	11888	14	1650	960	17
240.0	10634	23	18	11889	28	579	509	20
240.0	9545	36	42	11890	28	371	1028	13
240.0	10160	39	36	11891	39	1543	1981	12
240.0	11031	25	35	11892	14	1747	1277	13
240.0	10198	30	32	11893	27	379	1226	14
240.0	9644	15	16	11894	14	1643	719	14
240.0	8058	12	14	11895	10	430	1095	18
240.0	10910	10	9	11896	10	1404	1618	11
240.0	9146	9	6	11897	11	1614	876	11
240.0	10527	13	12	11898	14	1674	960	16
240.0	10855	17	16	11899	17	1475	1829	11
240.0	11099	38	41	11900	31	1633	1048	19
240.0	7276	9	12	11901	6	839	307	20
240.0	10138	21	22	11902	19	225	228	15
240.0	7282	6	8	11903	3	1240	1490	13
240.0	10202	2	3	11904	1	1830	1039	12
240.0	9336	2	2	11905	2	1111	288	16
240.0	9377	18	20	11906	15	115	641	19
240.0	8220	11	12	11907	10	1456	1561	16
240.0	6966	23	21	11908	22	361	252	24
240.0	10364	18	21	11909	14	363	1159	15
240.0	10391	32	36	11910	27	1707	1169	15
240.0	7355	9	10	11911	8	390	1253	19
240.0	9301	26	22	11912	28	338	850	16
240.0	10799	37	32	11913	40	667	1999	15
240.0	10096	40	38	11914	39	716	1999	16
240.0	8505	13	8	11915	18	1369	266	17
240.0	9922	22	20	11916	24	1530	1178	19
240.0	9299	41	38	11917	43	794	50	18
240.0	10906	19	20	11918	18	1682	1647	16
240.0	10455	27	24	11919	28	245	1571	14
240.0	10199	27	32	11920	21	455	412	17
240.0	9869	26	26	11921	25	295	729	21
240.0	9606	6	6	11922	6	412	479	16
240.0	9291	24	25	11923	23	440	1520	15
240.0	9553	12	14	11924	9	59	603	14
240.0	10377	11	9	11925	13	477	420	18
240.0	10565	5	6	11926	4	1091	1662	15
240.0	9613	9	7	11927	11	1665	1181	19
240.0	9200	41	39	11928	39	508	198	14
240.0	9971	7	7	11929	6	1180	142	17
240.0	8734	8	7	11930	9	318	822	18
240.0	9567	23	23	11931	22	1115	73	18
