time_hr	parent_id	parent_ecDNA_before	parent_ecDNA_after	daughter_id	daughter_ecDNA	x	y	generation
15.0	63363	20	27	63364	13	3103	2974	1
18.0	63363	27	30	63365	24	3103	2974	2
20.0	63361	20	10	63366	28	3010	2944	1
21.0	63361	10	12	63367	7	3010	2944	2
22.0	63361	12	14	63368	10	3010	2944	3
26.0	63365	24	21	63369	27	3041	2943	3
28.0	63362	20	16	63370	22	3373	2694	1
33.0	63365	21	23	63371	19	2981	2921	4
35.0	63370	22	25	63372	18	3446	2699	2
39.0	63361	14	13	63373	15	3046	2907	4
40.0	63362	16	17	63374	15	3373	2694	2
40.0	63361	13	14	63375	10	3046	2907	5
42.0	63364	13	12	63376	14	3052	3059	2
42.0	63365	23	21	63377	23	2981	2921	5
43.0	63367	7	8	63378	6	3027	2923	3
45.0	63363	30	29	63379	29	3551	2914	3
45.0	63370	25	22	63380	26	3568	2637	3
47.0	63362	17	16	63381	18	3532	2725	3
48.0	63362	16	14	63382	17	3532	2725	4
48.0	63368	10	11	63383	9	2989	2944	4
48.0	63374	15	14	63384	16	3239	2674	3
49.0	63377	23	24	63385	20	2977	3113	6
50.0	63368	11	11	63386	11	2989	2944	5
50.0	63361	14	6	63387	22	3046	2907	6
52.0	63367	8	7	63388	9	3027	2923	4
52.0	63365	21	20	63389	21	2958	2921	6
53.0	63362	14	14	63390	14	3573	2701	5
54.0	63366	28	30	63391	26	2523	2640	2
54.0	63378	6	2	63392	7	2988	2907	4
54.0	63365	20	20	63393	18	2958	2921	7
55.0	63374	14	15	63394	13	3192	2674	4
56.0	63368	11	9	63395	13	3001	2956	6
57.0	63362	14	12	63396	12	3599	2662	6
57.0	63377	24	24	63397	24	3055	3312	7
57.0	63363	29	32	63398	26	3620	2926	4
59.0	63367	7	5	63399	7	3027	2923	5
59.0	63388	9	9	63400	9	3010	2906	5
59.0	63362	12	10	63401	14	3618	2620	7
60.0	63374	15	12	63402	18	3143	2657	5
60.0	63364	12	9	63403	13	3052	3059	3
61.0	63362	10	10	63404	10	3663	2550	8
61.0	63386	11	16	63405	5	2989	2926	6
63.0	63370	22	18	63406	24	3563	2573	4
64.0	63380	26	27	63407	23	3672	2411	4
64.0	63362	10	8	63408	11	3737	2449	9
65.0	63369	27	31	63409	22	3319	2530	4
67.0	63369	31	36	63410	26	3319	2530	5
67.0	63361	6	8	63411	4	3062	2891	7
67.0	63390	14	12	63412	15	3564	2748	6
68.0	63386	16	19	63413	11	2989	2926	7
68.0	63374	12	15	63414	8	3143	2657	6
68.0	63363	32	35	63415	26	3808	2677	5
69.0	63382	17	16	63416	16	3484	2730	5
70.0	63377	24	23	63417	24	3237	3391	8
70.0	63381	18	13	63418	22	3512	2684	4
70.0	63387	22	21	63419	23	3062	2870	7
70.0	63371	19	19	63420	19	3057	2792	5
70.0	63383	9	6	63421	12	2975	2981	5
71.0	63388	9	10	63422	8	3010	2906	6
71.0	63374	15	15	63423	15	3156	2707	7
71.0	63387	21	25	63424	16	3062	2870	8
71.0	63383	6	8	63425	4	2975	2981	6
71.0	63372	18	15	63426	20	3709	2935	3
72.0	63394	13	10	63427	14	3176	2658	5
72.0	63387	25	23	63428	26	3062	2870	9
73.0	63389	21	21	63429	18	2968	2959	7
73.0	63363	35	33	63430	36	3871	2624	6
73.0	63379	29	37	63431	20	3200	3127	4
74.0	63406	24	23	63432	24	3749	2675	5
74.0	63378	2	2	63433	1	2988	2907	5
74.0	63375	10	12	63434	8	3031	2871	6
74.0	63379	37	33	63435	37	3200	3127	5
75.0	63413	11	12	63436	9	3009	2926	8
75.0	63412	15	17	63437	12	3510	2737	7
75.0	63367	5	4	63438	6	3043	2939	6
75.0	63375	12	12	63439	11	3031	2871	7
76.0	63397	24	17	63440	28	2968	3395	8
76.0	63388	10	8	63441	11	3010	2906	7
76.0	63390	12	12	63442	12	3574	2983	7
76.0	63395	13	13	63443	11	2988	2968	7
77.0	63395	13	11	63444	15	2988	2968	8
77.0	63391	26	20	63445	29	2400	2649	3
77.0	63397	17	16	63446	17	2968	3395	9
77.0	63379	33	31	63447	35	3118	3134	6
78.0	63392	7	7	63448	7	2988	2869	5
78.0	63361	8	10	63449	6	3106	2891	8
79.0	63361	10	12	63450	7	3106	2891	9
79.0	63394	10	6	63451	13	3176	2658	6
79.0	63375	12	13	63452	11	3031	2871	8
80.0	63381	13	13	63453	11	3512	2684	5
80.0	63374	15	13	63454	16	3183	2777	8
80.0	63399	7	4	63455	10	3087	2906	6
80.0	63368	9	5	63456	13	3001	2938	7
81.0	63365	20	24	63457	15	2993	3151	8
81.0	63380	27	21	63458	31	3713	2232	5
81.0	63372	15	10	63459	18	3761	2937	4
82.0	63370	18	19	63460	16	3563	2573	5
82.0	63389	21	17	63461	23	2968	2959	8
82.0	63380	21	21	63462	19	3713	2232	6
82.0	63420	19	20	63463	17	2793	2662	6
82.0	63413	12	12	63464	12	3022	2913	9
82.0	63386	19	15	63465	20	2957	2746	8
83.0	63373	15	11	63466	19	2878	2889	5
83.0	63413	12	5	63467	17	3022	2913	10
83.0	63419	23	25	63468	21	3026	2807	8
83.0	63409	22	17	63469	26	3263	2724	5
83.0	63395	11	12	63470	10	2946	3010	9
83.0	63367	4	5	63471	3	3043	2939	7
84.0	63391	20	24	63472	16	2400	2649	4
84.0	63361	12	15	63473	8	3106	2891	10
84.0	63435	37	37	63474	35	3206	3241	6
84.0	63398	26	25	63475	25	3738	3033	5
85.0	63387	23	24	63476	20	3082	2870	10
85.0	63416	16	17	63477	13	3499	2714	6
85.0	63377	23	21	63478	24	3299	3495	9
85.0	63382	16	20	63479	11	3382	2704	6
85.0	63364	9	9	63480	9	2981	3041	4
85.0	63393	18	23	63481	11	2956	2947	8
85.0	63397	16	17	63482	15	2968	3395	10
86.0	63363	33	25	63483	40	3907	2466	7
86.0	63379	31	29	63484	33	3037	3100	7
86.0	63392	7	9	63485	5	2988	2869	6
86.0	63369	36	35	63486	36	3137	2417	6
86.0	63364	9	10	63487	8	2981	3041	5
87.0	63420	20	23	63488	16	2793	2662	7
87.0	63423	15	13	63489	12	3167	2741	8
87.0	63408	11	9	63490	11	3667	2537	10
87.0	63380	21	21	63491	21	3768	2204	7
87.0	63365	24	24	63492	21	2993	3151	9
87.0	63371	19	21	63493	16	3107	2767	6
87.0	63379	29	31	63494	24	3037	3100	8
87.0	63456	13	12	63495	13	2971	2967	8
87.0	63419	25	22	63496	28	2955	2798	9
88.0	63420	23	23	63497	21	2793	2662	8
88.0	63423	13	13	63498	11	3167	2741	9
88.0	63426	20	20	63499	19	3819	2940	4
88.0	63430	36	32	63500	37	3846	2723	7
88.0	63379	31	34	63501	28	3037	3100	9
88.0	63405	5	5	63502	5	2974	2940	7
88.0	63365	24	22	63503	24	2993	3151	10
88.0	63364	10	8	63504	11	2981	3041	6
88.0	63409	17	19	63505	14	3263	2724	6
88.0	63400	9	10	63506	8	3069	2921	6
89.0	63371	21	21	63507	21	3107	2767	7
89.0	63418	22	25	63508	18	3466	2543	5
89.0	63409	19	17	63509	21	3263	2724	7
89.0	63366	30	25	63510	33	1748	2746	3
89.0	63437	12	10	63511	13	3523	2723	8
90.0	63388	8	8	63512	7	3023	2893	8
90.0	63442	12	10	63513	14	3672	2990	8
90.0	63389	17	14	63514	19	2942	3052	9
91.0	63452	11	12	63515	10	3031	2841	9
91.0	63391	24	19	63516	29	2400	2649	5
91.0	63434	8	5	63517	10	3017	2805	7
91.0	63500	37	44	63518	27	3928	2805	8
91.0	63396	12	13	63519	10	3632	2541	7
91.0	63425	4	3	63520	4	2985	3010	7
91.0	63378	2	0	63521	3	2988	2907	6
91.0	63372	10	9	63522	11	3761	2937	5
92.0	63383	8	11	63523	5	2975	3019	7
92.0	63391	19	16	63524	21	2400	2649	6
92.0	63460	16	21	63525	11	3542	2573	6
92.0	63363	25	28	63526	20	3869	2397	8
92.0	63452	12	14	63527	10	3031	2841	10
93.0	63473	8	7	63528	7	3127	2891	11
93.0	63383	11	12	63529	10	2975	3019	8
93.0	63440	28	29	63530	27	3048	3611	9
93.0	63387	24	24	63531	23	3082	2870	11
93.0	63374	13	12	63532	14	3183	2777	9
93.0	63446	17	15	63533	19	2788	3440	10
93.0	63363	28	23	63534	33	3795	2390	9
93.0	63367	5	6	63535	4	3043	2939	8
93.0	63480	9	8	63536	9	3035	3041	5
94.0	63430	32	32	63537	32	3678	2749	8
94.0	63412	17	15	63538	17	3510	2737	8
94.0	63364	8	5	63539	10	2981	3060	7
95.0	63386	15	14	63540	13	2957	2746	9
95.0	63363	23	24	63541	21	3730	2379	10
95.0	63385	20	19	63542	21	3040	3424	7
95.0	63435	37	41	63543	32	3137	3396	7
95.0	63452	14	12	63544	15	3031	2841	11
95.0	63436	9	6	63545	12	3023	2940	9
95.0	63379	34	29	63546	37	3037	3100	10
95.0	63429	18	18	63547	16	2922	3041	8
95.0	63394	6	4	63548	8	3176	2658	7
96.0	63413	5	4	63549	6	3022	2913	11
96.0	63396	13	13	63550	12	3632	2541	8
96.0	63375	13	14	63551	11	3031	2871	9
96.0	63394	4	2	63552	6	3176	2658	8
96.0	63447	35	31	63553	37	2953	3166	7
96.0	63446	15	15	63554	14	2788	3440	11
96.0	63426	20	13	63555	27	3819	2940	5
96.0	63452	12	7	63556	16	3031	2841	12
96.0	63385	19	15	63557	23	2982	3435	8
96.0	63482	15	14	63558	15	3100	3562	11
96.0	63368	5	4	63559	6	2959	2999	8
96.0	63371	21	23	63560	19	3107	2767	8
96.0	63409	17	22	63561	11	3305	2762	8
97.0	63390	12	13	63562	11	3615	3000	8
97.0	63482	14	10	63563	16	3100	3562	12
97.0	63465	20	24	63564	15	2937	2800	9
97.0	63394	2	0	63565	4	3176	2658	9
97.0	63366	25	20	63566	30	1687	2776	4
97.0	63413	4	3	63567	4	3022	2913	12
97.0	63396	13	12	63568	14	3632	2541	9
97.0	63385	15	14	63569	16	2982	3435	9
97.0	63388	8	7	63570	8	3023	2893	9
97.0	63512	7	3	63571	11	3007	2877	9
98.0	63473	7	6	63572	8	3149	2891	12
98.0	63418	25	28	63573	22	3201	2581	6
98.0	63406	23	31	63574	14	3731	2734	6
98.0	63416	17	14	63575	20	3499	2714	7
98.0	63387	24	29	63576	17	3082	2870	12
98.0	63456	12	11	63577	13	2971	2986	9
98.0	63428	26	28	63578	24	3120	2854	10
98.0	63385	14	13	63579	15	2982	3435	10
99.0	63361	15	13	63580	15	3110	2891	11
99.0	63488	16	16	63581	15	2805	2870	8
99.0	63433	1	0	63582	2	2988	2888	6
99.0	63436	6	6	63583	6	3023	2960	10
100.0	63434	5	6	63584	4	2985	2752	8
100.0	63531	23	29	63585	16	3113	2817	12
100.0	63421	12	14	63586	9	2978	3089	6
100.0	63473	6	8	63587	4	3149	2891	13
100.0	63443	11	9	63588	12	3000	2980	8
101.0	63382	20	20	63589	18	3382	2704	7
101.0	63392	9	10	63590	8	2988	2848	7
101.0	63510	33	35	63591	29	1607	2819	4
101.0	63448	7	7	63592	7	2921	2820	6
101.0	63417	24	24	63593	22	3281	3345	9
101.0	63389	14	14	63594	14	2942	3052	10
102.0	63404	10	10	63595	10	3670	2557	9
102.0	63374	12	15	63596	9	3183	2777	10
102.0	63392	10	10	63597	10	2988	2848	8
102.0	63424	16	18	63598	13	3217	2914	9
102.0	63501	28	35	63599	19	3114	2980	10
102.0	63498	11	8	63600	14	3150	2741	10
102.0	63420	23	19	63601	26	2793	2662	9
102.0	63510	35	31	63602	38	1607	2819	5
102.0	63379	29	29	63603	27	3037	3100	11
102.0	63410	26	30	63604	22	3299	2378	6
103.0	63401	14	16	63605	11	3639	2522	8
103.0	63404	10	10	63606	10	3670	2557	10
103.0	63414	8	7	63607	8	3154	2668	7
103.0	63442	10	6	63608	14	3699	3018	9
103.0	63457	15	10	63609	17	2993	3168	9
104.0	63469	26	22	63610	29	3260	2588	6
104.0	63371	23	23	63611	22	3107	2767	9
104.0	63418	28	23	63612	30	3201	2581	7
104.0	63377	21	24	63613	18	3299	3495	10
104.0	63401	16	20	63614	12	3639	2522	9
104.0	63415	26	21	63615	30	3776	2869	6
104.0	63391	16	16	63616	15	2400	2649	7
104.0	63474	35	34	63617	35	3663	2647	7
104.0	63476	20	20	63618	19	3129	2801	11
104.0	63419	22	19	63619	23	2842	2756	10
104.0	63394	0	0	63620	0	3191	2643	10
104.0	63491	21	22	63621	19	3706	2242	8
104.0	63375	14	12	63622	15	3031	2871	10
105.0	63469	22	21	63623	21	3260	2588	7
105.0	63460	21	12	63624	27	3542	2573	7
105.0	63443	9	8	63625	9	3000	2980	9
105.0	63472	16	15	63626	16	2353	2731	5
105.0	63413	3	4	63627	2	3038	2950	13
105.0	63456	11	13	63628	6	2971	2986	10
105.0	63493	16	14	63629	17	3062	2811	7
105.0	63430	32	33	63630	28	3678	2749	9
105.0	63482	10	7	63631	12	3100	3562	13
105.0	63437	10	12	63632	7	3523	2723	9
105.0	63514	19	15	63633	22	2968	3078	10
105.0	63364	5	4	63634	5	2981	3060	8
106.0	63488	16	16	63635	14	2790	2929	9
106.0	63371	23	21	63636	25	3107	2767	10
106.0	63422	8	7	63637	6	3070	2922	7
106.0	63545	12	14	63638	10	3051	3009	10
106.0	63597	10	12	63639	7	2988	2827	9
106.0	63385	13	12	63640	13	2949	3466	11
106.0	63441	11	11	63641	10	3067	2893	8
106.0	63445	29	25	63642	33	2186	2852	4
107.0	63478	24	20	63643	26	3222	3469	10
107.0	63403	13	13	63644	13	2937	3118	4
107.0	63380	21	23	63645	18	3808	2398	8
107.0	63557	23	24	63646	22	2972	3425	9
107.0	63386	14	12	63647	16	2941	2730	10
107.0	63361	13	9	63648	17	3110	2891	12
107.0	63466	19	12	63649	25	2639	2844	6
107.0	63412	15	14	63650	16	3510	2737	9
107.0	63518	27	24	63651	29	3854	2800	9
107.0	63395	12	11	63652	13	2946	3010	10
107.0	63409	22	15	63653	27	3372	2754	9
107.0	63480	8	9	63654	6	3049	3055	6
108.0	63504	11	8	63655	13	3047	3071	7
108.0	63363	24	27	63656	20	3400	2358	11
108.0	63536	9	9	63657	8	3213	3030	6
108.0	63454	16	16	63658	15	3154	2810	9
108.0	63394	0	0	63659	0	3191	2643	11
108.0	63452	7	5	63660	9	3031	2841	13
108.0	63537	32	27	63661	34	3699	2728	9
108.0	63364	4	6	63662	2	2981	3060	9
108.0	63381	13	13	63663	12	3510	2632	6
108.0	63383	12	12	63664	12	2975	3019	9
108.0	63396	12	13	63665	10	3621	2552	10
108.0	63365	22	23	63666	20	2993	3151	11
109.0	63391	16	14	63667	17	2400	2649	8
109.0	63515	10	13	63668	6	3015	2760	10
109.0	63428	28	31	63669	24	3157	2870	11
109.0	63362	8	5	63670	11	3772	2328	10
109.0	63449	6	9	63671	3	3212	3079	9
109.0	63373	11	15	63672	7	2878	2889	6
109.0	63429	18	20	63673	15	2898	3103	9
109.0	63479	11	8	63674	13	3450	2824	7
109.0	63461	23	22	63675	24	2912	3034	9
109.0	63506	8	6	63676	10	3150	2975	7
109.0	63370	19	11	63677	23	3507	2569	6
109.0	63453	11	8	63678	13	3557	2697	6
109.0	63406	31	28	63679	30	3731	2734	7
109.0	63489	12	14	63680	10	3118	2726	9
109.0	63465	24	24	63681	24	2937	2800	10
109.0	63564	15	17	63682	12	2903	2798	10
109.0	63439	11	13	63683	9	3084	2858	8
110.0	63522	11	14	63684	8	3761	2953	6
110.0	63514	15	14	63685	15	2968	3078	11
110.0	63440	29	37	63686	20	3048	3611	10
110.0	63486	36	35	63687	36	3149	2429	7
110.0	63488	16	16	63688	15	2790	2929	10
110.0	63545	14	13	63689	15	3051	3009	11
110.0	63415	21	19	63690	23	3740	2820	7
110.0	63483	40	42	63691	35	3801	2187	8
110.0	63588	12	8	63692	15	3028	3008	9
110.0	63465	24	25	63693	23	2937	2800	11
110.0	63484	33	33	63694	33	3030	3220	8
110.0	63604	22	23	63695	19	3284	2392	7
111.0	63363	27	27	63696	23	3400	2358	12
111.0	63543	32	36	63697	27	3192	3412	8
111.0	63517	10	10	63698	10	2927	2759	8
111.0	63562	11	9	63699	12	3381	2848	9
111.0	63397	17	15	63700	18	2986	3552	11
111.0	63467	17	15	63701	19	2993	2941	11
111.0	63385	12	10	63702	13	2949	3466	12
111.0	63607	8	9	63703	6	3168	2653	8
111.0	63522	14	13	63704	13	3761	2953	7
111.0	63403	13	9	63705	17	2937	3118	5
111.0	63460	12	10	63706	13	3542	2573	8
111.0	63468	21	11	63707	31	2907	2769	9
112.0	63397	15	20	63708	9	2986	3552	12
112.0	63375	12	15	63709	8	3031	2871	11
112.0	63589	18	21	63710	15	3382	2726	8
112.0	63476	20	21	63711	18	3116	2788	12
112.0	63547	16	12	63712	20	2870	3069	9
112.0	63522	13	7	63713	17	3761	2953	8
112.0	63682	12	10	63714	14	2872	2859	11
112.0	63560	19	18	63715	19	3070	2676	9
112.0	63426	13	16	63716	10	3843	3028	6
112.0	63569	16	20	63717	11	3027	3543	10
112.0	63502	5	8	63718	2	2928	2974	8
112.0	63475	25	28	63719	20	3832	3046	6
112.0	63462	19	15	63720	21	3837	2270	7
112.0	63495	13	12	63721	14	2911	2980	9
112.0	63457	10	8	63722	11	2993	3168	10
113.0	63398	25	25	63723	25	3808	3036	6
113.0	63589	21	20	63724	21	3382	2726	9
113.0	63446	15	15	63725	15	2622	3615	12
113.0	63390	13	13	63726	13	3615	3000	9
113.0	63424	18	13	63727	22	3236	2972	10
113.0	63373	15	15	63728	15	2878	2889	7
113.0	63423	13	8	63729	17	3167	2741	10
113.0	63555	27	27	63730	24	3826	2947	6
113.0	63646	22	20	63731	24	3001	3494	10
113.0	63387	29	30	63732	26	3102	2870	13
113.0	63456	13	9	63733	15	2969	3010	11
113.0	63532	14	11	63734	17	3171	2788	10
113.0	63436	6	4	63735	8	3023	2960	11
113.0	63375	15	17	63736	11	3031	2871	12
113.0	63585	16	15	63737	15	3131	2825	13
114.0	63421	14	13	63738	15	2991	3102	7
114.0	63577	13	15	63739	11	3010	3010	10
114.0	63428	31	25	63740	36	3157	2870	12
114.0	63425	3	3	63741	3	3023	3052	8
114.0	63468	11	4	63742	18	2907	2769	10
114.0	63377	24	23	63743	24	3299	3495	11
114.0	63476	21	19	63744	23	3116	2788	13
114.0	63537	27	28	63745	25	3636	2842	10
114.0	63383	12	9	63746	14	2986	3030	10
114.0	63404	10	10	63747	9	3670	2557	11
114.0	63395	11	11	63748	11	2887	3002	11
114.0	63490	11	11	63749	11	3737	2528	11
114.0	63684	8	9	63750	6	3799	2991	7
114.0	63372	9	8	63751	6	3761	2937	6
114.0	63389	14	17	63752	9	2911	3065	11
114.0	63437	12	11	63753	13	3523	2723	10
114.0	63486	35	34	63754	33	3149	2429	8
115.0	63540	13	11	63755	15	2941	2710	10
115.0	63560	18	15	63756	20	3070	2676	10
115.0	63588	8	7	63757	8	3066	2992	10
115.0	63439	13	10	63758	16	3032	2891	9
115.0	63511	13	8	63759	17	3536	2691	9
115.0	63430	33	32	63760	34	3678	2749	10
115.0	63536	9	9	63761	8	3328	3069	7
115.0	63594	14	10	63762	18	2921	3081	11
115.0	63467	15	13	63763	17	2978	2926	12
115.0	63520	4	2	63764	6	3024	3068	8
115.0	63469	21	22	63765	19	3294	2472	8
115.0	63361	9	11	63766	7	3110	2891	13
115.0	63454	16	14	63767	18	3154	2810	10
115.0	63410	30	28	63768	29	3299	2378	7
115.0	63528	7	6	63769	8	3160	2930	12
115.0	63510	31	28	63770	33	1307	2956	6
115.0	63421	13	12	63771	14	2991	3102	8
116.0	63390	13	14	63772	12	3615	3000	10
116.0	63541	21	30	63773	12	3741	2490	11
116.0	63543	36	36	63774	35	3192	3412	9
116.0	63499	19	18	63775	20	3826	2932	5
116.0	63458	31	34	63776	27	3898	2247	6
116.0	63448	7	4	63777	10	2908	2833	7
116.0	63642	33	34	63778	31	1906	2718	5
116.0	63492	21	18	63779	23	2963	3138	10
116.0	63467	13	13	63780	13	2978	2926	13
116.0	63538	17	18	63781	15	3261	2934	9
116.0	63461	22	21	63782	20	2886	3060	10
116.0	63429	20	21	63783	18	2898	3103	10
116.0	63397	20	19	63784	20	2986	3552	13
116.0	63433	0	0	63785	0	2969	2888	7
117.0	63366	20	17	63786	19	1676	2893	5
117.0	63548	8	11	63787	4	3329	2718	8
117.0	63396	13	11	63788	14	3621	2552	11
117.0	63541	30	28	63789	30	3725	2559	12
117.0	63459	18	16	63790	19	3734	2910	5
117.0	63480	9	9	63791	9	3049	3055	7
117.0	63624	27	24	63792	30	3522	2614	8
117.0	63551	11	9	63793	13	2988	2828	10
117.0	63524	21	21	63794	19	2337	2702	7
117.0	63587	4	4	63795	4	3161	2903	14
117.0	63473	8	10	63796	6	3149	2891	14
117.0	63714	14	9	63797	18	2813	2859	12
117.0	63511	8	11	63798	5	3536	2691	10
117.0	63579	15	13	63799	15	2968	3496	11
117.0	63492	18	18	63800	18	2963	3138	11
117.0	63512	3	2	63801	4	2988	2877	10
117.0	63445	25	20	63802	28	2194	2921	5
118.0	63565	4	2	63803	6	3176	2681	10
118.0	63558	15	11	63804	19	3100	3546	12
118.0	63534	33	33	63805	32	3852	2399	10
118.0	63522	7	7	63806	7	3761	2953	9
118.0	63501	35	38	63807	31	3158	3000	11
118.0	63498	8	12	63808	4	3133	2741	11
118.0	63485	5	5	63809	5	2988	2777	7
118.0	63492	18	20	63810	16	2963	3138	12
118.0	63552	6	8	63811	3	3180	2499	9
118.0	63519	10	9	63812	9	3539	2504	8
118.0	63493	14	14	63813	14	3062	2811	8
118.0	63516	29	33	63814	25	2368	2704	6
118.0	63402	18	16	63815	19	3140	2470	6
118.0	63400	10	9	63816	10	3120	2958	7
118.0	63377	23	25	63817	18	3299	3495	12
118.0	63445	20	16	63818	24	2194	2921	6
118.0	63439	10	8	63819	12	3032	2891	10
119.0	63387	30	28	63820	31	3074	2868	14
119.0	63519	9	9	63821	9	3539	2504	9
119.0	63431	20	22	63822	18	3275	3250	5
119.0	63398	25	23	63823	25	3808	3036	7
119.0	63554	14	15	63824	12	2818	3547	12
119.0	63532	11	9	63825	12	3171	2788	11
119.0	63512	2	2	63826	2	2988	2877	11
119.0	63393	23	26	63827	20	2943	2960	9
119.0	63381	13	13	63828	13	3510	2653	7
119.0	63605	11	12	63829	9	3615	2581	9
119.0	63445	16	16	63830	15	2194	2921	7
119.0	63418	23	26	63831	19	3201	2581	8
119.0	63400	9	7	63832	11	3120	2958	8
119.0	63420	19	15	63833	21	2771	2609	10
119.0	63503	24	24	63834	22	2976	3170	11
120.0	63391	14	15	63835	11	2400	2649	9
120.0	63454	14	13	63836	14	3176	2810	11
120.0	63603	27	27	63837	25	3080	3124	12
120.0	63468	4	4	63838	4	2907	2769	11
120.0	63520	2	2	63839	2	3024	3068	9
120.0	63554	15	18	63840	11	2818	3547	13
120.0	63378	0	0	63841	0	2988	2907	7
120.0	63508	18	22	63842	14	3480	2557	6
120.0	63519	9	6	63843	12	3539	2504	10
120.0	63572	8	7	63844	9	3131	2891	13
120.0	63532	9	10	63845	8	3171	2788	12
120.0	63596	9	9	63846	7	3234	2803	11
120.0	63667	17	17	63847	17	2474	2611	9
120.0	63564	17	13	63848	21	2903	2798	11
120.0	63398	23	20	63849	25	3808	3036	8
120.0	63385	10	9	63850	9	2949	3466	13
120.0	63620	0	0	63851	0	3167	2593	11
120.0	63585	15	12	63852	17	3140	2838	14
120.0	63552	8	9	63853	7	3188	2466	10
120.0	63381	13	16	63854	9	3510	2653	8
120.0	63461	21	24	63855	17	2886	3060	11
120.0	63445	16	14	63856	18	2194	2921	8
121.0	63694	33	28	63857	35	3092	3197	9
121.0	63738	15	13	63858	16	3008	3102	8
121.0	63382	20	20	63859	20	3382	2704	8
121.0	63595	10	12	63860	8	3670	2593	10
121.0	63558	11	8	63861	13	3100	3546	13
121.0	63381	16	20	63862	11	3510	2653	9
121.0	63525	11	11	63863	11	3531	2644	7
121.0	63511	11	8	63864	14	3536	2691	11
121.0	63568	14	14	63865	12	3648	2541	10
121.0	63468	4	4	63866	4	2907	2769	12
121.0	63380	23	24	63867	22	3683	2428	9
121.0	63434	6	5	63868	7	2971	2717	9
122.0	63382	20	23	63869	17	3382	2704	9
122.0	63394	0	0	63870	0	3240	2639	12
122.0	63417	24	26	63871	21	3340	3473	10
122.0	63495	12	15	63872	8	2911	2980	10
122.0	63591	29	27	63873	28	1524	2952	5
122.0	63778	31	29	63874	31	1901	2554	6
122.0	63534	33	29	63875	36	3852	2399	11
122.0	63583	6	4	63876	8	3050	2987	11
122.0	63559	6	4	63877	8	2903	2999	9
122.0	63515	13	13	63878	13	3049	2760	11
123.0	63446	15	10	63879	18	2613	3661	13
123.0	63698	10	11	63880	9	2914	2729	9
123.0	63460	10	12	63881	8	3542	2573	9
123.0	63517	10	7	63882	13	2961	2759	9
123.0	63452	5	7	63883	3	3031	2841	14
123.0	63518	24	24	63884	24	3854	2800	10
123.0	63468	4	1	63885	6	2907	2769	13
123.0	63589	20	24	63886	16	3382	2748	10
123.0	63459	16	18	63887	13	3734	2910	6
123.0	63485	5	1	63888	8	3006	2739	8
123.0	63466	12	6	63889	17	2639	2844	7
123.0	63553	37	36	63890	37	2792	3204	8
123.0	63514	14	11	63891	17	2968	3078	12
123.0	63527	10	3	63892	16	3081	2820	11
124.0	63459	18	22	63893	14	3734	2910	7
124.0	63406	28	22	63894	32	3731	2734	8
124.0	63542	21	20	63895	21	2974	3522	8
124.0	63413	4	4	63896	4	3038	2950	14
124.0	63584	4	5	63897	3	3010	2645	9
124.0	63470	10	12	63898	7	2931	3033	10
124.0	63857	35	32	63899	35	3157	3112	10
124.0	63601	26	28	63900	23	2808	2751	10
124.0	63594	10	8	63901	11	2921	3081	12
124.0	63370	11	8	63902	14	3507	2569	7
124.0	63563	16	25	63903	5	3160	3595	13
124.0	63607	9	7	63904	10	3202	2609	9
124.0	63466	6	5	63905	6	2639	2844	8
124.0	63365	23	25	63906	20	3012	3151	12
125.0	63602	38	41	63907	30	1733	2672	6
125.0	63381	20	17	63908	23	3510	2653	10
125.0	63484	33	29	63909	35	3042	3298	9
125.0	63509	21	18	63910	22	3240	2418	8
125.0	63471	3	3	63911	3	3129	2982	8
125.0	63363	27	28	63912	25	3400	2358	13
125.0	63415	19	20	63913	18	3740	2820	8
125.0	63629	17	20	63914	12	3019	2774	8
125.0	63622	15	23	63915	7	3032	2859	11
125.0	63412	14	12	63916	15	3510	2737	10
125.0	63457	8	7	63917	9	3008	3168	11
125.0	63646	20	16	63918	22	3001	3494	11
125.0	63594	8	12	63919	4	2921	3081	13
125.0	63761	8	12	63920	4	3421	3137	8
125.0	63601	28	22	63921	33	2808	2751	11
125.0	63563	25	23	63922	22	3160	3595	14
125.0	63606	10	12	63923	8	3670	2575	11
125.0	63667	17	18	63924	16	2579	2578	10
126.0	63570	8	10	63925	6	3038	2909	10
126.0	63555	27	22	63926	31	3837	2958	7
126.0	63598	13	13	63927	12	3229	2926	10
126.0	63457	7	5	63928	8	3008	3168	12
126.0	63854	9	9	63929	9	3492	2653	9
126.0	63667	18	12	63930	23	2637	2582	11
126.0	63475	28	25	63931	31	3832	3046	7
126.0	63535	4	4	63932	3	3090	2954	9
126.0	63410	28	24	63933	30	3299	2378	8
126.0	63532	10	9	63934	11	3171	2788	13
126.0	63491	22	21	63935	21	3830	2249	9
126.0	63594	12	12	63936	12	2921	3081	14
126.0	63466	5	3	63937	6	2610	2833	9
126.0	63715	19	20	63938	17	3041	2649	10
126.0	63679	30	34	63939	25	3718	2746	8
126.0	63577	15	14	63940	16	3010	3010	11
126.0	63403	9	11	63941	5	2937	3118	6
126.0	63632	7	8	63942	6	3538	2738	10
126.0	63515	13	10	63943	14	3049	2760	12
126.0	63586	9	7	63944	11	2991	3119	7
127.0	63462	15	21	63945	9	3971	2224	8
127.0	63604	23	24	63946	20	3284	2392	8
127.0	63416	14	11	63947	17	3421	2748	8
127.0	63650	16	14	63948	17	3587	2760	10
127.0	63495	15	15	63949	15	2911	2980	11
127.0	63546	37	33	63950	40	3040	3113	11
127.0	63536	9	9	63951	9	3398	3111	8
127.0	63483	42	30	63952	52	3753	1989	9
127.0	63493	14	14	63953	13	3062	2811	9
127.0	63488	16	19	63954	13	2790	2929	11
127.0	63400	7	6	63955	8	3120	2934	9
127.0	63430	32	28	63956	36	3678	2749	11
127.0	63601	22	22	63957	22	2808	2751	12
127.0	63772	12	13	63958	11	3631	3025	11
127.0	63566	30	27	63959	32	1697	2786	5
127.0	63478	20	17	63960	18	3222	3469	11
127.0	63501	38	39	63961	35	3216	3014	12
127.0	63549	6	7	63962	5	3069	2969	12
127.0	63603	27	24	63963	29	3080	3124	13
127.0	63526	20	25	63964	14	4237	2067	9
127.0	63659	0	0	63965	0	3248	2579	12
127.0	63461	24	27	63966	19	2886	3060	12
127.0	63684	9	10	63967	8	3799	2991	8
127.0	63404	10	13	63968	7	3691	2557	12
127.0	63387	28	31	63969	22	3089	2853	15
127.0	63594	12	12	63970	11	2932	3092	15
128.0	63472	15	14	63971	15	2187	3162	6
128.0	63652	13	16	63972	10	2903	3011	11
128.0	63552	9	8	63973	10	3188	2466	11
128.0	63392	10	7	63974	12	2933	2819	9
128.0	63610	29	30	63975	27	3239	2463	7
128.0	63375	17	21	63976	13	3012	2871	13
128.0	63604	24	20	63977	27	3284	2392	9
128.0	63603	24	30	63978	17	3080	3124	14
128.0	63473	10	12	63979	8	3171	2891	15
128.0	63624	24	22	63980	23	3522	2614	9
128.0	63570	10	9	63981	10	3038	2909	11
128.0	63440	37	37	63982	35	3048	3611	11
128.0	63503	24	22	63983	25	2960	3228	12
128.0	63554	18	19	63984	16	2818	3547	14
128.0	63502	8	7	63985	9	2940	2974	9
128.0	63571	11	13	63986	8	2972	2912	10
128.0	63731	24	20	63987	27	3018	3494	11
128.0	63400	6	4	63988	8	3120	2934	10
128.0	63680	10	10	63989	8	3131	2712	10
128.0	63465	25	25	63990	23	2865	2769	12
128.0	63495	15	13	63991	16	2911	2980	12
128.0	63720	21	16	63992	25	3850	2389	8
128.0	63690	23	20	63993	25	3740	2784	8
128.0	63573	22	22	63994	22	3043	2437	7
128.0	63459	22	20	63995	24	3762	2849	8
128.0	63797	18	23	63996	12	2828	2859	13
128.0	63663	12	8	63997	16	3510	2635	7
129.0	63616	15	11	63998	18	2384	2688	8
129.0	63568	14	12	63999	14	3648	2541	11
129.0	63526	25	21	64000	29	4237	2067	10
129.0	63541	28	32	64001	23	3595	2640	13
129.0	63518	24	28	64002	18	3854	2800	11
129.0	63645	18	16	64003	19	3820	2222	9
129.0	63499	18	15	64004	20	3826	2932	6
129.0	63646	16	19	64005	13	3001	3494	12
129.0	63422	7	9	64006	5	3070	2922	8
129.0	63466	3	3	64007	3	2610	2833	10
129.0	63626	16	16	64008	15	2558	2608	6
129.0	63650	14	13	64009	15	3587	2760	11
129.0	63474	34	33	64010	32	3819	2545	8
129.0	63611	22	17	64011	27	3072	2759	10
129.0	63761	12	7	64012	17	3421	3137	9
129.0	63668	6	4	64013	7	3023	2679	11
129.0	63465	25	27	64014	21	2865	2769	13
129.0	63543	36	35	64015	34	3192	3412	10
129.0	63795	4	4	64016	4	3230	2949	15
129.0	63694	28	27	64017	29	3173	3209	10
129.0	63554	19	18	64018	17	2818	3547	15
129.0	63623	21	19	64019	22	3336	2729	8
129.0	63555	22	25	64020	17	3837	2958	8
129.0	63386	12	9	64021	15	2920	2669	11
129.0	63530	27	23	64022	31	3067	3630	10
129.0	63603	30	23	64023	33	3080	3124	15
129.0	63363	28	31	64024	23	3400	2358	14
129.0	63608	14	13	64025	14	3723	2928	10
129.0	63419	19	19	64026	18	2680	2781	11
129.0	63578	24	20	64027	26	3248	2888	11
129.0	63731	20	25	64028	15	3035	3494	12
129.0	63887	13	16	64029	10	3732	2842	7
129.0	63605	12	14	64030	10	3615	2581	10
129.0	63369	35	32	64031	37	2582	2859	7
130.0	63664	12	13	64032	11	3016	3030	10
130.0	63552	8	9	64033	6	3188	2466	12
130.0	63389	17	18	64034	15	2900	3054	12
130.0	63599	19	16	64035	21	3234	2990	11
130.0	63696	23	20	64036	26	3442	2228	13
130.0	63845	8	9	64037	7	3199	2788	13
130.0	63542	20	23	64038	16	2974	3522	9
130.0	63383	9	12	64039	4	2986	3030	11
130.0	63799	15	18	64040	11	2980	3508	12
130.0	63493	14	17	64041	11	3062	2811	10
130.0	63634	5	6	64042	4	2979	3060	9
130.0	63653	27	25	64043	26	3419	2721	10
130.0	63474	33	36	64044	27	3748	2499	9
130.0	63621	19	21	64045	17	3799	2063	9
130.0	63854	9	12	64046	6	3492	2653	10
130.0	63685	15	16	64047	14	2983	3135	12
130.0	63642	34	35	64048	33	1811	2711	6
130.0	63645	16	16	64049	16	3820	2222	10
130.0	63682	10	9	64050	11	2839	2888	12
130.0	63412	12	14	64051	8	3510	2737	11
131.0	63424	13	12	64052	13	3297	3071	11
131.0	63849	25	24	64053	25	3816	3289	9
131.0	63575	20	19	64054	19	3486	2701	8
131.0	63513	14	10	64055	16	3690	2990	9
131.0	63750	6	7	64056	5	3799	3009	8
131.0	63653	25	29	64057	20	3419	2721	11
131.0	63656	20	17	64058	23	3413	2307	12
131.0	63520	2	2	64059	2	3042	3068	10
131.0	63709	8	4	64060	12	2989	2829	12
131.0	63665	10	8	64061	11	3609	2563	11
131.0	63812	9	7	64062	11	3539	2470	9
131.0	63610	30	25	64063	34	3239	2463	8
131.0	63483	30	27	64064	31	3753	1989	10
131.0	63522	7	5	64065	8	3761	2953	10
131.0	63839	2	3	64066	1	3022	3068	10
131.0	63845	9	9	64067	9	3199	2788	14
131.0	63852	17	16	64068	15	3140	2853	15
131.0	63657	8	8	64069	7	3210	3112	7
131.0	63670	11	9	64070	12	3688	2456	11
131.0	63729	17	11	64071	23	3150	2741	11
131.0	63453	8	6	64072	10	3591	2697	7
132.0	63769	8	9	64073	7	3260	2964	13
132.0	63421	12	15	64074	8	2991	3102	9
132.0	63670	9	7	64075	10	3688	2456	12
132.0	63510	28	29	64076	25	1237	3246	7
132.0	63430	28	29	64077	25	3678	2749	12
132.0	63725	15	15	64078	15	2542	3613	13
132.0	63453	6	5	64079	7	3591	2697	8
132.0	63690	20	22	64080	17	3740	2784	9
132.0	63471	3	2	64081	4	3201	3010	9
132.0	63482	7	8	64082	5	3025	3580	14
132.0	63689	15	12	64083	17	3080	3035	12
132.0	63522	5	4	64084	6	3761	2953	11
132.0	63759	17	13	64085	19	3709	2607	10
132.0	63457	5	6	64086	3	2992	3202	13
132.0	63547	12	9	64087	15	2833	3069	10
132.0	63445	14	11	64088	16	2194	2921	9
132.0	63483	27	30	64089	23	3753	1989	11
132.0	63481	11	12	64090	10	2912	2960	9
132.0	63758	16	16	64091	16	3032	2879	10
132.0	63764	6	5	64092	7	3038	3082	9
132.0	63424	12	14	64093	10	3310	3114	12
132.0	63839	3	5	64094	1	3022	3068	11
132.0	63458	34	38	64095	30	4111	2115	7
132.0	63633	22	23	64096	20	2989	3078	11
133.0	63567	4	5	64097	3	3000	2940	13
133.0	63383	12	14	64098	10	2986	3030	12
133.0	63572	7	5	64099	9	3131	2910	14
133.0	63781	15	15	64100	15	3251	3074	10
133.0	63506	6	7	64101	3	3298	2991	8
133.0	63481	12	11	64102	11	2912	2960	10
133.0	63448	4	4	64103	4	2895	2827	8
133.0	63515	10	9	64104	10	3049	2760	13
133.0	63372	8	7	64105	9	3735	2911	7
133.0	63490	11	14	64106	8	3737	2528	12
133.0	63778	29	27	64107	30	1901	2554	7
133.0	63369	32	29	64108	32	2582	2859	8
133.0	63418	26	25	64109	26	3201	2581	9
133.0	63792	30	23	64110	34	3539	2614	9
133.0	63539	10	12	64111	8	3088	3132	8
133.0	63758	16	13	64112	19	3032	2879	11
133.0	63546	33	33	64113	33	3040	3113	12
133.0	63423	8	7	64114	9	3167	2741	11
133.0	63764	5	3	64115	7	3038	3082	10
133.0	63604	20	22	64116	17	3284	2392	10
133.0	63606	12	11	64117	13	3670	2575	12
133.0	63706	13	12	64118	14	3570	2601	9
133.0	63393	26	27	64119	22	2943	2960	10
133.0	63424	14	12	64120	16	3310	3114	13
133.0	63483	30	30	64121	28	3753	1989	12
133.0	63431	22	27	64122	17	3333	3280	6
133.0	63471	2	2	64123	2	3201	3010	10
134.0	63385	9	10	64124	8	2958	3381	14
134.0	63558	8	6	64125	8	3100	3546	14
134.0	63379	29	27	64126	30	3110	3221	12
134.0	63663	8	10	64127	6	3510	2635	8
134.0	63604	22	24	64128	20	3284	2392	11
134.0	63469	22	19	64129	24	3452	2393	9
134.0	63784	20	17	64130	22	3004	3552	14
134.0	63516	33	34	64131	31	2368	2704	7
134.0	63704	13	15	64132	11	3786	2978	8
134.0	63858	16	16	64133	15	3025	3150	9
134.0	63460	12	13	64134	11	3542	2573	10
134.0	63787	4	5	64135	3	3252	2742	9
134.0	64109	26	27	64136	21	3201	2561	10
134.0	63711	18	18	64137	17	3101	2781	13
134.0	63496	28	28	64138	25	2932	2798	10
134.0	63778	27	25	64139	29	1901	2554	8
134.0	63445	11	7	64140	14	2194	2921	10
134.0	64028	15	13	64141	17	3052	3494	13
134.0	63606	11	15	64142	7	3670	2575	13
134.0	63847	17	16	64143	16	2488	2611	10
134.0	63525	11	13	64144	9	3531	2644	8
134.0	63491	21	22	64145	18	3830	2249	10
134.0	63610	25	28	64146	20	3239	2463	9
134.0	63411	4	4	64147	3	3200	2830	8
134.0	63532	9	14	64148	4	3171	2788	14
135.0	63445	7	8	64149	6	2194	2921	11
135.0	63914	12	13	64150	11	3008	2801	9
135.0	63715	20	18	64151	22	3041	2649	11
135.0	63694	27	21	64152	30	3173	3209	11
135.0	63396	11	11	64153	11	3621	2552	12
135.0	63782	20	22	64154	18	2848	3022	11
135.0	63632	8	7	64155	9	3538	2738	11
135.0	63699	12	12	64156	11	3373	2840	10
135.0	63496	28	27	64157	28	2932	2798	11
135.0	63554	18	14	64158	20	2865	3571	16
135.0	63661	34	33	64159	32	3767	2578	10
135.0	63415	20	23	64160	17	3740	2820	9
135.0	63781	15	19	64161	11	3251	3074	11
135.0	63373	15	17	64162	13	2878	2889	8
135.0	63379	27	25	64163	27	3110	3221	13
135.0	63491	22	23	64164	21	3830	2249	11
135.0	63819	12	11	64165	11	3020	2891	11
135.0	63451	13	17	64166	9	3219	2293	7
135.0	63664	13	14	64167	10	3031	3030	11
135.0	63479	8	7	64168	9	3561	2849	8
135.0	63922	22	21	64169	21	3149	3605	15
135.0	63510	29	25	64170	33	1191	3396	8
135.0	63537	28	25	64171	29	3449	3060	11
135.0	63607	7	6	64172	8	3202	2609	10
135.0	63615	30	31	64173	27	3763	2881	7
136.0	64166	9	10	64174	5	3209	2302	8
136.0	63470	12	16	64175	7	2931	3033	11
136.0	63774	35	33	64176	36	3003	3448	10
136.0	63379	25	25	64177	24	3110	3221	14
136.0	63694	21	21	64178	21	3173	3209	12
136.0	63472	14	9	64179	19	2236	3178	7
136.0	63819	11	10	64180	12	3020	2891	12
136.0	63630	28	32	64181	24	3776	2760	10
136.0	63440	37	38	64182	35	3021	3611	12
136.0	63500	44	35	64183	51	4045	3620	9
136.0	63615	31	33	64184	29	3763	2881	8
136.0	63725	15	13	64185	16	2542	3613	14
136.0	63591	27	23	64186	28	1451	2984	6
136.0	63406	22	15	64187	27	3764	2719	9
136.0	63428	25	26	64188	24	3201	2870	13
136.0	63474	36	44	64189	27	3748	2499	10
136.0	63708	9	9	64190	9	3022	3552	13
136.0	63549	7	10	64191	4	3099	2999	13
137.0	63626	16	20	64192	11	2558	2608	7
137.0	63686	20	20	64193	20	2918	3617	11
137.0	64044	27	19	64194	34	3740	2479	10
137.0	63812	7	8	64195	6	3539	2470	10
137.0	63751	6	7	64196	5	3723	2899	7
137.0	63392	7	10	64197	3	2933	2819	10
137.0	63524	21	16	64198	25	2337	2702	8
137.0	63593	22	23	64199	20	2967	3278	10
137.0	63643	26	23	64200	28	3222	3449	11
137.0	63486	34	32	64201	35	2988	2470	9
137.0	63490	14	11	64202	17	3737	2528	13
137.0	63865	12	14	64203	10	3692	2528	11
137.0	63525	13	14	64204	11	3531	2644	9
137.0	63696	20	21	64205	19	3442	2228	14
137.0	63566	27	25	64206	29	1723	2727	6
137.0	63726	13	14	64207	12	3736	3012	10
137.0	63783	18	13	64208	22	2869	3098	11
137.0	63519	6	6	64209	6	3573	2511	11
137.0	63361	11	12	64210	8	3110	2891	14
137.0	63717	11	8	64211	14	3100	3307	11
137.0	63749	11	8	64212	14	3742	2606	12
137.0	64145	18	18	64213	18	3845	2321	11
137.0	63819	10	9	64214	10	3020	2891	13
137.0	63544	15	21	64215	8	2940	2767	12
137.0	63366	17	18	64216	13	1772	2931	6
137.0	63798	5	5	64217	5	3610	2644	11
137.0	63398	20	24	64218	16	3783	3039	9
137.0	63807	31	36	64219	25	3178	3150	12
137.0	63537	25	28	64220	22	3399	3101	12
137.0	63708	9	9	64221	7	3022	3552	14
138.0	63419	19	19	64222	17	2621	2806	12
138.0	63397	19	17	64223	17	2952	3538	14
138.0	63926	31	39	64224	22	3824	2970	8
138.0	63547	9	6	64225	11	2833	3069	11
138.0	63363	31	32	64226	27	3400	2358	15
138.0	63839	5	5	64227	5	3022	3068	12
138.0	63370	8	10	64228	6	3507	2569	8
138.0	63398	24	23	64229	23	3783	3039	10
138.0	63607	6	4	64230	8	3202	2609	11
138.0	63807	36	28	64231	43	3178	3150	13
138.0	63474	44	39	64232	47	3748	2499	11
138.0	63666	20	22	64233	17	3070	3190	12
138.0	63684	10	11	64234	9	3799	2991	9
138.0	63391	15	17	64235	13	2400	2649	10
138.0	63417	26	27	64236	22	3340	3473	11
138.0	63491	23	25	64237	19	3830	2249	12
138.0	63402	16	10	64238	22	3083	2339	7
138.0	63939	25	23	64239	26	3751	2731	9
138.0	63643	23	20	64240	25	3222	3449	12
138.0	63723	25	22	64241	26	3753	3277	7
138.0	63401	20	16	64242	22	3498	2471	10
139.0	63579	13	14	64243	12	2940	3468	12
139.0	63596	9	6	64244	12	3250	2803	12
139.0	63823	25	23	64245	26	3763	3062	8
139.0	63700	18	18	64246	17	3061	3545	12
139.0	63710	15	16	64247	13	3331	2948	9
139.0	63850	9	8	64248	10	2907	3438	14
139.0	63648	17	14	64249	20	3161	2910	13
139.0	63380	24	22	64250	25	3683	2428	10
139.0	63482	8	6	64251	10	3025	3580	15
139.0	63922	21	20	64252	21	3272	3588	16
139.0	63520	2	3	64253	0	3042	3068	11
139.0	63835	11	13	64254	9	2446	2649	10
139.0	63546	33	24	64255	42	3040	3137	13
139.0	64171	29	32	64256	22	3560	3165	12
139.0	63398	23	26	64257	18	3783	3039	11
139.0	63703	6	6	64258	6	3168	2611	9
139.0	63474	39	41	64259	35	3748	2499	12
139.0	63396	11	13	64260	7	3621	2552	13
139.0	63364	6	6	64261	5	2961	3060	10
139.0	63657	8	7	64262	9	3163	3120	8
139.0	63984	16	13	64263	18	2840	3524	15
140.0	63433	0	0	64264	0	2920	2869	8
140.0	63954	13	15	64265	8	2802	2929	12
140.0	63518	28	23	64266	33	3854	2800	12
140.0	63509	18	17	64267	18	3240	2418	9
140.0	63478	17	15	64268	19	3222	3469	12
140.0	63579	14	10	64269	16	2940	3468	13
140.0	63474	41	43	64270	37	3748	2499	13
140.0	63905	6	8	64271	4	2670	2879	9
140.0	63626	20	22	64272	17	2558	2608	8
140.0	63568	12	12	64273	11	3648	2541	12
140.0	63924	16	18	64274	13	2480	2678	11
140.0	64088	16	19	64275	13	2214	2941	10
140.0	63756	20	24	64276	15	3070	2698	11
140.0	63648	14	18	64277	10	3161	2910	14
140.0	63790	19	16	64278	20	3688	2850	6
140.0	63431	27	30	64279	21	3399	3280	7
140.0	63981	10	11	64280	8	3000	2909	12
140.0	63396	13	14	64281	12	3621	2552	14
140.0	63666	22	21	64282	21	3070	3190	13
140.0	63596	6	9	64283	3	3250	2803	13
140.0	63606	15	13	64284	16	3670	2575	14
141.0	63589	24	23	64285	25	3382	2748	11
141.0	63458	38	32	64286	43	4111	2115	8
141.0	63761	7	5	64287	9	3448	3077	10
141.0	64145	18	13	64288	22	3950	2390	12
141.0	63970	11	11	64289	10	2888	3139	16
141.0	63666	21	21	64290	19	3070	3190	14
141.0	64182	35	38	64291	31	3021	3630	13
141.0	63682	9	9	64292	9	2839	2888	13
141.0	63391	17	14	64293	19	2400	2649	11
141.0	63606	13	13	64294	13	3670	2575	15
141.0	63540	11	16	64295	5	2941	2710	11
141.0	63543	35	31	64296	37	3192	3412	11
141.0	63560	15	13	64297	16	3070	2676	11
141.0	63849	24	25	64298	21	3938	3373	10
141.0	63757	8	9	64299	6	3211	3082	11
141.0	64023	33	33	64300	31	3165	3080	16
141.0	63461	27	20	64301	32	2849	3060	13
142.0	63408	9	9	64302	8	3781	2637	11
142.0	63404	13	12	64303	13	3739	2557	13
142.0	63534	29	26	64304	29	4069	2626	12
142.0	64037	7	8	64305	5	3231	2788	14
142.0	63975	27	31	64306	23	3285	2550	8
142.0	63526	21	15	64307	21	4347	2057	11
142.0	63551	9	12	64308	5	2960	2801	11
142.0	63465	27	31	64309	22	2865	2769	14
142.0	64017	29	28	64310	28	3160	3196	11
142.0	63800	18	17	64311	19	2969	3188	12
142.0	63762	18	25	64312	10	2819	3217	12
142.0	63495	13	10	64313	15	2911	2980	13
142.0	63392	10	10	64314	10	2933	2819	11
142.0	63475	25	22	64315	27	3832	3046	8
142.0	63591	23	21	64316	24	1424	3047	7
142.0	64186	28	35	64317	21	1451	2965	7
142.0	63473	12	13	64318	11	3171	2891	16
142.0	63823	23	21	64319	23	3763	3062	9
142.0	63640	13	10	64320	16	2893	3479	12
143.0	64172	8	10	64321	6	3231	2638	11
143.0	63527	3	2	64322	4	3081	2820	12
143.0	63789	30	39	64323	20	3766	2579	13
143.0	63831	19	16	64324	22	3320	2578	9
143.0	63587	4	3	64325	5	3209	2929	15
143.0	63418	25	20	64326	27	3201	2581	10
143.0	63466	3	1	64327	5	2610	2833	11
143.0	63773	12	14	64328	9	3712	2502	12
143.0	64036	26	21	64329	31	3242	1939	14
143.0	63381	17	14	64330	19	3510	2653	11
143.0	64186	35	31	64331	37	1451	2965	8
143.0	63473	13	15	64332	10	3171	2891	17
143.0	63873	28	27	64333	29	1510	2965	6
143.0	63999	14	18	64334	10	3648	2562	12
143.0	63608	13	9	64335	16	3684	2889	11
143.0	64017	28	25	64336	30	3160	3196	12
143.0	63720	16	12	64337	20	3733	2393	9
143.0	63499	15	7	64338	23	3826	2932	7
143.0	63723	22	18	64339	23	3753	3277	8
143.0	63661	33	40	64340	24	3791	2578	11
143.0	63794	19	15	64341	21	2337	2658	8
144.0	63799	18	20	64342	15	2980	3563	13
144.0	64146	20	18	64343	21	3361	2491	10
144.0	63651	29	26	64344	30	3898	2597	10
144.0	63369	29	35	64345	21	2582	2859	9
144.0	64166	10	10	64346	10	3206	2339	9
144.0	63877	8	6	64347	10	2840	2997	10
144.0	64145	13	8	64348	15	3952	2436	13
144.0	63959	32	27	64349	37	1753	2823	6
144.0	63553	36	33	64350	39	2642	3119	9
144.0	63907	30	26	64351	29	1512	2641	7
144.0	64186	31	29	64352	32	1451	2965	9
144.0	64000	29	27	64353	30	4348	1961	11
144.0	63869	17	18	64354	16	3331	2612	10
144.0	63499	7	8	64355	5	3826	2932	8
144.0	63602	41	37	64356	44	1733	2672	7
144.0	63710	16	14	64357	18	3331	2948	10
144.0	64044	19	16	64358	22	3740	2479	11
144.0	63430	29	23	64359	33	3678	2749	13
144.0	63784	17	17	64360	17	2988	3538	15
145.0	64044	16	14	64361	16	3740	2479	12
145.0	63770	33	33	64362	31	861	2631	7
145.0	63522	4	4	64363	4	3761	2953	12
145.0	64158	20	20	64364	20	2876	3582	17
145.0	64229	23	23	64365	22	3747	3039	11
145.0	63442	6	3	64366	9	3774	3050	10
145.0	63939	23	22	64367	22	3772	2731	10
145.0	63411	4	7	64368	1	3200	2830	9
145.0	63912	25	24	64369	25	3400	2342	14
145.0	63646	19	21	64370	16	2988	3481	13
145.0	63482	6	6	64371	6	3025	3580	16
145.0	63874	31	30	64372	28	1893	2649	7
145.0	63469	19	20	64373	16	3511	2370	10
145.0	64171	32	32	64374	30	3584	3311	13
145.0	63574	14	17	64375	11	3868	2737	7
145.0	63563	23	28	64376	17	3297	3610	15
145.0	63830	15	13	64377	17	2528	2820	8
145.0	63651	26	24	64378	25	3898	2597	11
145.0	63404	12	11	64379	13	3739	2557	14
145.0	63907	26	26	64380	24	1512	2641	8
145.0	63415	23	22	64381	22	3740	2820	10
145.0	64107	30	30	64382	29	1642	2438	8
145.0	63804	19	18	64383	19	3056	3280	13
145.0	63833	21	18	64384	22	2833	2451	11
145.0	64174	5	5	64385	5	3208	2300	9
146.0	64109	27	21	64386	31	3098	2459	11
146.0	63459	20	22	64387	18	3762	2849	9
146.0	63677	23	18	64388	26	3507	2590	7
146.0	63700	18	15	64389	19	3061	3545	13
146.0	63786	19	25	64390	13	1686	2903	6
146.0	64232	47	38	64391	51	3703	2289	12
146.0	63416	11	11	64392	10	3420	2807	9
146.0	63566	25	19	64393	30	1723	2727	7
146.0	63924	18	15	64394	20	2434	2711	12
146.0	63826	2	2	64395	2	2939	2878	12
146.0	63522	4	3	64396	5	3761	2953	13
146.0	63666	21	23	64397	18	3070	3190	15
146.0	63642	35	34	64398	33	1811	2711	7
146.0	63607	4	3	64399	4	3202	2609	12
146.0	63689	12	18	64400	6	3080	3035	13
146.0	63858	16	18	64401	13	3025	3150	10
146.0	63509	17	18	64402	14	3240	2418	10
146.0	63616	11	11	64403	11	2384	2688	9
146.0	63696	21	15	64404	26	3542	2181	15
146.0	63830	13	13	64405	11	2528	2820	9
146.0	63610	28	26	64406	27	3239	2463	10
146.0	63412	14	13	64407	15	3510	2737	12
146.0	63948	17	15	64408	19	3587	2779	11
146.0	63999	18	13	64409	21	3648	2562	13
146.0	64076	25	23	64410	25	827	3140	8
146.0	63730	24	26	64411	22	3837	2992	7
146.0	63362	5	3	64412	7	3511	2398	11
146.0	63992	25	25	64413	23	3737	2370	9
146.0	63515	9	7	64414	9	3032	2760	14
146.0	64003	19	24	64415	14	3791	2250	10
147.0	63897	3	4	64416	1	3010	2619	10
147.0	63862	11	11	64417	11	3548	2691	10
147.0	64303	13	15	64418	11	3702	2622	14
147.0	63530	23	26	64419	20	3067	3630	11
147.0	63694	21	22	64420	19	3191	3209	13
147.0	63666	23	21	64421	23	3070	3190	16
147.0	63948	15	15	64422	15	3587	2779	12
147.0	63416	11	10	64423	11	3420	2807	10
147.0	64125	8	8	64424	6	3080	3526	15
147.0	64023	33	29	64425	36	3165	3080	17
147.0	63398	26	19	64426	32	3783	3039	12
147.0	63519	6	6	64427	6	3608	2518	12
147.0	63459	22	17	64428	26	3762	2849	10
147.0	63543	31	29	64429	32	3192	3412	12
147.0	63830	13	13	64430	13	2528	2820	10
147.0	63374	15	16	64431	13	3319	2920	11
147.0	64010	32	33	64432	29	3831	2545	9
147.0	63863	11	11	64433	11	3598	2660	8
147.0	63428	26	26	64434	26	3201	2870	14
147.0	63544	21	21	64435	19	2940	2767	13
147.0	64045	17	21	64436	13	3676	2088	10
148.0	63364	6	7	64437	4	2961	3060	11
148.0	63821	9	6	64438	12	3558	2462	10
148.0	63446	10	8	64439	12	2490	3896	14
148.0	63680	10	10	64440	10	3131	2712	11
148.0	63615	33	27	64441	37	3763	2881	9
148.0	63849	25	19	64442	31	4092	3365	11
148.0	63468	1	1	64443	1	2907	2769	14
148.0	63483	30	29	64444	30	3753	1989	13
148.0	63431	30	23	64445	36	3399	3280	8
148.0	63751	7	9	64446	5	3710	2886	8
148.0	63516	34	32	64447	33	2023	2754	8
148.0	64291	31	35	64448	26	2952	3644	14
148.0	64107	30	33	64449	24	1642	2438	9
148.0	63714	9	8	64450	10	2760	2753	13
148.0	63416	10	7	64451	12	3420	2807	11
148.0	63646	21	18	64452	22	2988	3481	14
148.0	63898	7	6	64453	7	2931	3050	11
148.0	63757	9	8	64454	10	3211	3082	12
148.0	63818	24	20	64455	27	2233	2630	7
148.0	63725	13	10	64456	16	2542	3613	15
148.0	63424	12	12	64457	12	3354	3130	14
148.0	63752	9	7	64458	10	2902	3063	12
148.0	63786	25	17	64459	28	1686	2903	7
148.0	63775	20	20	64460	18	3872	2943	6
148.0	63517	7	7	64461	7	2980	2759	10
148.0	64089	23	20	64462	25	3765	2001	12
149.0	63875	36	38	64463	32	3645	2171	12
149.0	64291	35	25	64464	43	2952	3644	15
149.0	63537	28	30	64465	26	3399	3101	13
149.0	63510	25	21	64466	29	1191	3396	9
149.0	63644	13	14	64467	11	2910	3111	5
149.0	63945	9	7	64468	11	4002	2216	9
149.0	63865	14	12	64469	15	3692	2528	12
149.0	64271	4	3	64470	5	2710	3034	10
149.0	64004	20	19	64471	21	3842	2932	7
149.0	63903	5	6	64472	4	3177	3511	14
149.0	63558	6	6	64473	6	3100	3546	15
149.0	63516	32	32	64474	28	2034	2842	9
149.0	63410	24	16	64475	31	3299	2378	9
149.0	63401	16	16	64476	15	3492	2420	11
149.0	63757	8	13	64477	3	3211	3082	13
149.0	63630	32	38	64478	25	3776	2760	11
149.0	63416	7	12	64479	2	3420	2807	12
149.0	64104	10	8	64480	10	3060	2731	14
149.0	63961	35	35	64481	33	3408	2909	13
149.0	63517	7	7	64482	7	2980	2759	11
149.0	63615	27	23	64483	30	3763	2881	10
149.0	63503	22	24	64484	18	2960	3228	13
149.0	63621	21	22	64485	20	3848	2099	10
149.0	64229	23	31	64486	14	3729	3039	12
149.0	64121	28	32	64487	23	3721	2055	13
149.0	63784	17	17	64488	15	2988	3538	16
149.0	63643	20	19	64489	21	3222	3449	13
150.0	63770	33	27	64490	33	861	2631	8
150.0	63649	25	21	64491	29	2540	2689	7
150.0	63905	8	6	64492	9	2670	2879	10
150.0	63757	13	17	64493	9	3211	3082	14
150.0	63814	25	24	64494	26	2404	2740	7
150.0	63959	27	26	64495	27	1753	2823	7
150.0	63913	18	19	64496	16	3740	2766	9
150.0	63477	13	15	64497	10	3390	2681	7
150.0	64186	29	27	64498	31	1451	2965	10
150.0	63551	12	15	64499	9	2960	2801	12
150.0	63755	15	13	64500	17	2909	2678	11
150.0	64291	25	23	64501	25	2952	3644	16
150.0	63690	22	28	64502	15	3692	2773	10
150.0	63500	35	35	64503	33	3801	3798	10
150.0	64217	5	5	64504	5	3610	2628	12
150.0	63853	7	6	64505	8	3188	2502	11
150.0	63706	12	14	64506	10	3570	2601	10
150.0	63708	9	8	64507	9	3022	3552	15
150.0	63877	6	4	64508	8	2840	2997	11
150.0	63626	22	19	64509	24	2558	2608	9
150.0	63859	20	16	64510	22	3280	2659	9
150.0	63995	24	27	64511	20	3776	2849	9
150.0	63624	22	22	64512	21	3538	2630	10
150.0	63589	23	17	64513	29	3382	2748	12
150.0	64211	14	15	64514	12	3059	3313	12
150.0	63410	16	16	64515	15	3299	2378	10
150.0	63471	2	3	64516	1	3201	3010	11
150.0	63491	25	27	64517	19	3696	2238	13
150.0	63395	11	9	64518	13	2449	2982	12
150.0	64118	14	17	64519	10	3602	2599	10
150.0	63731	25	22	64520	28	3039	3481	13
150.0	63372	7	4	64521	9	3722	2898	8
151.0	63633	23	29	64522	15	2989	3078	12
151.0	63706	14	13	64523	15	3570	2601	11
151.0	63702	13	13	64524	12	2979	3358	13
151.0	64206	29	24	64525	32	1638	2589	7
151.0	64186	27	25	64526	28	1451	2965	11
151.0	63462	21	19	64527	23	3952	1937	9
151.0	64138	25	27	64528	21	2921	2771	11
151.0	63526	15	13	64529	17	4471	2238	12
151.0	63898	6	5	64530	7	2931	3050	12
151.0	63817	18	18	64531	18	3280	3495	13
151.0	63649	21	18	64532	22	2540	2689	8
151.0	64217	5	4	64533	6	3610	2628	13
151.0	63428	26	27	64534	22	3201	2870	15
151.0	63795	4	6	64535	2	3230	2949	16
151.0	63490	11	10	64536	11	3758	2528	14
151.0	64232	38	38	64537	35	3662	2108	13
151.0	63833	18	21	64538	13	2833	2451	12
151.0	63731	22	21	64539	21	3039	3481	14
151.0	63656	17	22	64540	12	3462	2101	13
151.0	64238	22	24	64541	19	3363	1959	8
151.0	63461	20	19	64542	19	2849	3060	14
151.0	63959	26	27	64543	25	1753	2823	8
152.0	63812	8	10	64544	6	3638	2423	11
152.0	63650	13	16	64545	8	3587	2760	12
152.0	64036	21	20	64546	21	3113	1788	15
152.0	63807	28	31	64547	24	3178	3150	14
152.0	64010	33	34	64548	29	3831	2545	10
152.0	63526	13	18	64549	7	4471	2238	13
152.0	63542	23	22	64550	23	2932	3480	10
152.0	64012	17	18	64551	16	3439	3137	10
152.0	64123	2	1	64552	3	3190	3052	11
152.0	64160	17	18	64553	15	3740	2784	10
152.0	63958	11	10	64554	11	3631	3008	12
152.0	63508	22	20	64555	22	3480	2557	7
152.0	63817	18	19	64556	17	3280	3495	14
152.0	63755	13	13	64557	11	2909	2678	12
152.0	63943	14	10	64558	16	3010	2750	13
152.0	64213	18	20	64559	15	3934	2270	12
152.0	63959	27	23	64560	30	1753	2823	9
152.0	63410	16	12	64561	19	3299	2378	11
152.0	63882	13	11	64562	15	3011	2772	10
152.0	63716	10	7	64563	13	3835	3020	7
152.0	63499	8	8	64564	8	3826	2932	9
152.0	64063	34	34	64565	34	3223	2500	9
152.0	64193	20	24	64566	15	2900	3635	12
152.0	63861	13	5	64567	20	3080	3426	14
152.0	63666	21	20	64568	22	3070	3190	17
152.0	63778	25	23	64569	27	1984	2360	9
152.0	63815	19	16	64570	22	3157	2470	7
152.0	63461	19	19	64571	16	2849	3060	15
152.0	64086	3	2	64572	4	2992	3220	14
152.0	63366	18	17	64573	18	1808	2823	7
152.0	64049	16	13	64574	18	3783	2398	11
153.0	63775	20	16	64575	22	3872	2943	7
153.0	63385	10	11	64576	9	2958	3381	15
153.0	64194	34	30	64577	34	3727	2491	11
153.0	64193	24	28	64578	20	2900	3635	13
153.0	63807	31	36	64579	26	3178	3150	15
153.0	63508	20	21	64580	18	3480	2557	8
153.0	64129	24	27	64581	20	3518	2421	10
153.0	63649	18	13	64582	23	2540	2689	9
153.0	64063	34	37	64583	29	3223	2500	10
153.0	63879	18	20	64584	15	2763	3469	14
153.0	63847	16	16	64585	14	2588	2637	11
153.0	64008	15	11	64586	18	2473	2719	7
153.0	64384	22	17	64587	25	2993	2351	12
153.0	63524	16	17	64588	15	2337	2702	9
153.0	64170	33	29	64589	36	1529	3262	9
153.0	64158	20	20	64590	19	2876	3582	18
153.0	63516	32	38	64591	24	2034	2842	10
153.0	64271	3	4	64592	2	2710	3034	11
153.0	63527	2	2	64593	2	3081	2820	13
153.0	63863	11	15	64594	7	3598	2660	9
153.0	64012	18	23	64595	13	3439	3137	11
153.0	63542	22	21	64596	23	2932	3480	11
153.0	63873	27	26	64597	26	1510	2965	7
153.0	63534	26	26	64598	26	4069	2626	13
153.0	63461	19	24	64599	14	2849	3060	16
153.0	63802	28	24	64600	29	2071	2904	6
153.0	63967	8	10	64601	6	3817	2991	9
153.0	63366	17	16	64602	18	1808	2823	8
154.0	63835	13	11	64603	14	2462	2633	11
154.0	64466	29	21	64604	35	1421	3342	10
154.0	63563	28	30	64605	26	3297	3610	16
154.0	63938	17	24	64606	10	3031	2639	11
154.0	63874	30	30	64607	29	1889	2724	8
154.0	63646	18	14	64608	21	2988	3481	15
154.0	64187	27	24	64609	30	3854	2731	10
154.0	63466	1	1	64610	1	2610	2833	12
154.0	64200	28	28	64611	25	3237	3449	12
154.0	63406	15	17	64612	11	3824	2719	10
154.0	63684	11	13	64613	9	3799	2991	10
154.0	64229	31	35	64614	25	3729	3039	13
154.0	63661	40	42	64615	36	3791	2578	12
154.0	63958	10	11	64616	9	3631	3008	13
154.0	63770	27	21	64617	32	747	2713	9
154.0	64377	17	17	64618	16	2374	3019	9
154.0	64263	18	14	64619	21	2851	3512	16
154.0	64405	11	12	64620	9	2278	2873	10
154.0	63508	21	21	64621	21	3480	2557	9
154.0	63873	26	28	64622	24	1510	2965	8
154.0	64143	16	19	64623	12	2509	2611	11
154.0	63542	21	24	64624	18	2932	3480	12
154.0	63524	17	16	64625	18	2337	2702	10
154.0	64088	19	19	64626	19	2132	2865	11
154.0	64384	17	15	64627	18	2993	2351	13
155.0	64129	27	26	64628	25	3518	2421	11
155.0	64304	29	26	64629	32	4022	2359	13
155.0	63369	35	35	64630	35	2425	2900	10
155.0	63417	27	22	64631	30	3340	3473	12
155.0	64546	21	20	64632	20	3072	1833	16
155.0	63673	15	13	64633	16	2629	3136	10
155.0	64213	20	16	64634	24	3934	2270	13
155.0	64466	21	19	64635	22	1477	3327	11
155.0	63540	16	14	64636	17	2941	2710	12
155.0	63610	26	21	64637	31	3239	2463	11
155.0	63542	24	26	64638	19	2932	3480	13
155.0	64003	24	26	64639	18	3791	2250	11
155.0	63939	22	22	64640	21	3772	2731	11
155.0	64131	31	23	64641	37	2382	2718	8
155.0	64170	29	28	64642	28	1529	3262	10
155.0	63814	24	27	64643	19	2404	2740	8
155.0	63677	18	20	64644	14	3507	2590	8
155.0	63867	22	20	64645	24	3349	2452	10
155.0	64229	35	37	64646	32	3729	3039	14
155.0	63715	18	14	64647	22	3041	2649	12
155.0	63501	39	45	64648	33	3590	2988	13
155.0	63884	24	23	64649	23	3841	2830	11
155.0	64491	29	22	64650	36	2646	2589	8
155.0	63954	15	20	64651	10	2802	2929	13
155.0	64026	18	22	64652	13	2345	2849	12
155.0	63385	11	14	64653	8	2958	3381	16
155.0	64526	28	26	64654	30	1232	2922	12
156.0	64048	33	29	64655	35	1158	2677	7
156.0	63731	21	21	64656	20	3039	3481	15
156.0	64138	27	21	64657	30	2921	2771	12
156.0	63645	16	17	64658	13	3820	2222	11
156.0	63691	35	35	64659	34	3538	1682	9
156.0	63396	14	17	64660	11	3621	2552	15
156.0	63924	15	13	64661	16	2461	2887	13
156.0	64169	21	18	64662	24	3161	3592	16
156.0	63696	15	16	64663	14	3542	2181	16
156.0	64094	1	1	64664	1	3022	3080	12
156.0	63773	14	15	64665	9	3701	2513	13
156.0	63907	26	26	64666	25	1282	2653	9
156.0	63563	30	33	64667	27	3297	3610	17
156.0	64383	19	18	64668	19	3109	3387	14
156.0	64183	51	52	64669	45	4328	3442	10
156.0	63930	23	24	64670	21	2716	2571	12
156.0	63649	13	7	64671	19	2540	2689	10
156.0	63856	18	20	64672	16	2301	2898	9
156.0	63402	10	8	64673	12	3008	2180	8
156.0	64466	19	21	64674	16	1477	3327	12
156.0	63554	14	17	64675	11	2865	3571	17
156.0	64000	27	27	64676	26	4261	1765	12
156.0	63445	8	8	64677	7	2194	2921	12
156.0	64241	26	24	64678	28	3718	3308	8
156.0	63374	16	17	64679	15	3327	3070	12
156.0	63716	7	8	64680	5	3835	3020	8
156.0	63863	15	14	64681	16	3598	2660	10
156.0	64056	5	7	64682	3	3758	3012	9
157.0	63380	22	15	64683	26	3683	2428	11
157.0	64004	19	19	64684	18	3842	2932	8
157.0	64117	13	8	64685	18	3692	2561	13
157.0	63500	35	26	64686	41	3820	4137	11
157.0	63530	26	26	64687	25	3067	3630	12
157.0	64209	6	3	64688	8	3562	2500	12
157.0	64014	21	28	64689	13	2811	2782	14
157.0	63994	22	20	64690	22	2960	2561	8
157.0	64337	20	22	64691	17	3733	2412	10
157.0	64179	19	15	64692	22	2236	3192	8
157.0	63440	38	38	64693	37	2994	3611	13
157.0	63725	10	6	64694	14	2501	3610	16
157.0	64206	24	26	64695	20	1638	2589	8
157.0	64539	21	24	64696	17	3073	3481	15
157.0	63563	33	40	64697	26	3297	3610	18
157.0	64031	37	38	64698	35	2269	2981	8
157.0	63959	23	22	64699	23	1753	2823	10
157.0	64362	31	26	64700	34	1159	2548	8
157.0	64300	31	25	64701	37	3178	3080	17
157.0	63619	23	23	64702	21	2811	2552	11
157.0	63642	34	33	64703	35	1811	2711	8
157.0	64235	13	15	64704	11	2439	2633	11
157.0	63362	3	2	64705	3	3489	2346	12
157.0	63691	35	27	64706	41	3538	1682	10
157.0	63503	24	19	64707	26	2960	3228	14
157.0	63630	38	35	64708	38	3799	2760	12
158.0	63380	15	18	64709	9	3683	2428	12
158.0	63795	6	5	64710	7	3230	2949	17
158.0	64398	33	36	64711	27	2069	2511	8
158.0	64642	28	33	64712	20	1451	3241	11
158.0	64411	22	15	64713	27	3858	2992	8
158.0	63537	30	23	64714	35	3399	3101	14
158.0	64539	24	24	64715	23	3073	3481	16
158.0	63509	18	12	64716	23	3240	2418	11
158.0	63541	32	32	64717	31	3690	2670	14
158.0	63574	17	23	64718	10	3868	2737	8
158.0	63799	20	18	64719	21	2980	3563	14
158.0	63838	4	3	64720	5	2890	2711	12
158.0	64362	26	24	64721	26	1159	2548	9
158.0	64286	43	44	64722	40	4112	1898	9
158.0	64149	6	4	64723	8	2214	2901	12
158.0	63857	32	32	64724	31	3549	3309	11
158.0	64339	23	23	64725	23	3883	3201	9
158.0	63490	10	11	64726	8	3771	2541	15
158.0	63818	20	23	64727	17	2231	2440	8
158.0	63868	7	6	64728	7	2981	2590	10
158.0	63503	19	17	64729	17	2960	3228	15
158.0	63922	20	18	64730	20	3272	3588	17
158.0	63773	15	11	64731	18	3701	2513	14
158.0	64348	15	13	64732	16	3913	2461	14
158.0	63694	22	23	64733	17	3191	3209	14
158.0	63863	14	15	64734	11	3598	2660	11
159.0	64089	20	24	64735	15	3765	2001	13
159.0	63959	22	23	64736	20	1753	2823	11
159.0	63433	0	0	64737	0	2920	2869	9
159.0	63926	39	37	64738	39	3824	2970	9
159.0	64655	35	35	64739	34	1168	2757	8
159.0	63835	11	12	64740	9	2462	2633	12
159.0	64063	37	33	64741	38	3223	2500	11
159.0	63716	8	7	64742	9	3835	3020	9
159.0	64192	11	11	64743	10	2732	2599	8
159.0	63516	38	39	64744	33	2034	2842	11
159.0	64526	26	23	64745	26	1121	2974	13
159.0	63530	26	27	64746	25	3067	3630	13
159.0	64563	13	16	64747	10	3809	3030	8
159.0	64238	24	26	64748	20	3288	1771	9
159.0	63522	3	3	64749	3	3761	2953	14
159.0	64271	4	4	64750	4	2710	3034	12
159.0	64182	38	31	64751	42	2967	3630	14
159.0	64488	15	16	64752	14	2991	3524	17
159.0	63524	16	11	64753	21	2337	2702	11
159.0	64160	18	10	64754	25	3740	2784	11
159.0	64146	18	17	64755	19	3361	2491	11
159.0	64609	30	26	64756	32	3868	2700	11
159.0	64248	10	10	64757	9	2866	3480	15
159.0	63640	10	10	64758	10	2893	3479	13
160.0	63984	13	10	64759	15	2840	3524	16
160.0	64268	19	18	64760	17	3242	3490	13
160.0	63568	12	10	64761	14	3648	2541	13
160.0	64089	24	27	64762	21	3740	1942	14
160.0	64307	21	17	64763	24	4410	2235	12
160.0	64488	16	20	64764	12	2991	3524	18
160.0	63418	20	13	64765	27	3201	2581	11
160.0	63482	6	7	64766	5	3025	3580	17
160.0	63998	18	16	64767	20	2415	2701	9
160.0	64058	23	20	64768	24	3447	2361	13
160.0	64609	26	23	64769	28	3868	2700	12
160.0	63402	8	8	64770	7	3008	2180	9
160.0	64194	30	31	64771	26	3611	2380	12
160.0	63694	23	22	64772	24	3191	3209	15
160.0	64212	14	17	64773	8	3788	2619	13
160.0	64129	26	30	64774	19	3518	2421	12
160.0	64671	19	14	64775	24	2596	2739	11
160.0	63814	27	23	64776	29	2404	2740	9
160.0	64005	13	12	64777	14	3022	3481	13
160.0	63706	13	10	64778	15	3570	2601	12
160.0	64292	9	12	64779	6	2850	2899	14
160.0	64142	7	8	64780	6	3758	2609	14
160.0	64582	23	18	64781	24	2539	2802	10
160.0	64333	29	32	64782	26	1661	2772	7
161.0	64323	20	21	64783	19	3871	2650	14
161.0	64356	44	36	64784	52	1716	2672	8
161.0	64259	35	31	64785	36	3748	2511	13
161.0	64486	14	16	64786	11	3651	3050	13
161.0	64312	10	9	64787	11	2819	3230	13
161.0	64609	23	16	64788	29	3868	2700	13
161.0	64222	17	16	64789	18	2617	2761	13
161.0	64218	16	19	64790	13	4028	3221	10
161.0	64371	6	5	64791	7	3002	3602	17
161.0	63833	21	19	64792	23	2872	2402	13
161.0	64357	18	19	64793	16	3373	3060	11
161.0	64170	28	24	64794	29	1505	3111	11
161.0	63874	30	26	64795	33	1889	2724	9
161.0	64291	23	19	64796	27	2937	3659	17
161.0	63687	36	37	64797	34	3153	2318	8
161.0	63815	16	15	64798	17	3157	2470	8
161.0	64036	20	23	64799	16	3113	1788	16
161.0	64169	18	16	64800	18	3161	3592	17
161.0	63516	39	33	64801	44	2034	2842	12
161.0	64194	31	33	64802	28	3611	2380	13
161.0	64690	22	23	64803	19	3039	2570	9
161.0	63937	6	8	64804	4	2632	2871	10
161.0	64166	10	10	64805	9	3227	2378	10
161.0	63624	22	21	64806	23	3538	2630	11
161.0	64390	13	10	64807	14	1771	3047	7
162.0	63907	26	25	64808	26	1282	2653	10
162.0	63602	37	36	64809	37	1559	2610	8
162.0	64194	33	33	64810	33	3611	2380	14
162.0	63931	31	31	64811	31	3809	3060	8
162.0	63815	15	13	64812	17	3157	2470	9
162.0	64146	17	19	64813	15	3361	2491	12
162.0	63483	29	35	64814	22	3739	1919	14
162.0	64596	23	25	64815	21	2951	3480	12
162.0	63566	19	17	64816	19	1723	2727	8
162.0	64427	6	4	64817	8	3580	2507	13
162.0	64323	21	21	64818	19	3871	2650	15
162.0	64432	29	28	64819	30	3880	2487	10
162.0	64304	26	24	64820	27	4022	2359	14
162.0	64230	8	7	64821	7	3278	2620	12
162.0	64106	8	3	64822	12	3751	2541	13
162.0	63861	5	5	64823	4	3080	3426	15
162.0	63684	13	16	64824	10	3799	2991	11
162.0	64171	32	33	64825	30	3460	3521	14
162.0	64155	9	9	64826	8	3550	2750	12
162.0	64192	11	15	64827	7	2732	2599	9
162.0	63716	7	8	64828	6	3885	3020	10
162.0	64286	44	43	64829	45	4073	1699	10
162.0	63595	12	17	64830	7	3866	2611	11
162.0	64242	22	20	64831	21	3508	2481	11
162.0	63501	45	43	64832	43	3590	2988	14
162.0	63952	52	48	64833	52	4180	2424	10
162.0	63730	26	31	64834	20	3850	3005	8
162.0	63982	35	23	64835	45	2827	3918	12
162.0	64159	32	28	64836	35	3830	2578	11
163.0	63651	24	24	64837	23	3898	2597	12
163.0	64200	28	27	64838	28	3237	3449	13
163.0	63518	23	26	64839	18	3854	2800	13
163.0	64498	31	29	64840	31	1274	2943	11
163.0	64444	30	26	64841	33	4008	2021	14
163.0	64241	24	24	64842	24	3718	3308	9
163.0	64432	28	24	64843	31	3880	2487	11
163.0	63631	12	12	64844	12	3209	3558	14
163.0	63458	32	28	64845	35	4176	2071	9
163.0	64026	22	20	64846	20	2282	2851	13
163.0	64687	25	22	64847	24	3120	3736	13
163.0	63922	18	15	64848	19	3272	3588	18
163.0	64171	33	34	64849	30	3460	3521	15
163.0	64279	21	24	64850	16	3461	3320	8
163.0	64194	33	32	64851	33	3611	2380	15
163.0	63935	21	15	64852	25	4281	2250	10
163.0	64182	31	28	64853	34	2967	3630	15
163.0	63730	31	31	64854	30	3850	3005	9
163.0	64474	28	29	64855	26	2070	2827	10
163.0	64245	26	28	64856	23	3939	3313	9
163.0	63442	3	2	64857	4	3729	3131	11
163.0	64538	13	14	64858	10	2697	2458	13
164.0	64444	26	27	64859	24	4008	2021	15
164.0	64186	25	22	64860	28	1451	2965	12
164.0	64384	15	17	64861	13	2993	2351	14
164.0	63369	35	39	64862	30	2183	2859	11
164.0	63402	8	6	64863	8	3008	2180	10
164.0	63563	40	34	64864	46	3389	3603	19
164.0	63509	12	8	64865	15	3240	2418	12
164.0	63510	21	17	64866	24	1324	3517	10
164.0	64655	35	37	64867	32	1187	2831	9
164.0	64589	36	37	64868	35	1406	3150	10
164.0	64109	21	18	64869	23	2990	2387	12
164.0	63856	20	15	64870	23	2301	2898	10
164.0	64538	14	20	64871	7	2697	2458	14
164.0	64007	3	1	64872	5	2598	2860	11
164.0	64048	29	27	64873	30	940	2868	8
164.0	63789	39	36	64874	42	4021	2317	14
164.0	64216	13	11	64875	14	1757	2931	7
164.0	64298	21	19	64876	20	3810	3581	11
164.0	64272	17	18	64877	15	2533	2477	9
164.0	64131	23	26	64878	20	2382	2718	9
164.0	64462	25	20	64879	29	3808	2058	13
164.0	64279	24	28	64880	18	3461	3320	9
164.0	63956	36	30	64881	40	3679	2699	12
164.0	63410	12	16	64882	8	3299	2378	12
164.0	63786	17	18	64883	13	1794	2889	8
164.0	63957	22	23	64884	20	2609	2603	13
164.0	64076	23	27	64885	19	376	3006	9
164.0	64085	19	17	64886	19	3790	2730	11
164.0	63558	6	3	64887	9	3109	3580	16
164.0	64539	24	26	64888	22	3073	3481	17
164.0	63446	8	6	64889	10	2540	4075	15
164.0	64241	24	19	64890	29	3718	3308	10
164.0	64319	23	21	64891	25	3763	3140	10
164.0	64619	21	22	64892	17	2829	3448	17
164.0	63797	23	27	64893	18	2610	3039	14
164.0	63945	7	5	64894	9	4011	2103	10
164.0	63626	19	18	64895	20	2558	2608	10
164.0	64366	9	9	64896	8	3729	3149	11
164.0	64361	16	11	64897	20	3727	2441	13
164.0	63579	10	10	64898	10	2912	3440	14
164.0	64699	23	23	64899	21	1778	2848	11
165.0	64751	42	45	64900	37	2937	3659	15
165.0	63391	14	15	64901	12	2400	2649	12
165.0	64298	19	18	64902	19	3810	3581	12
165.0	64642	33	31	64903	32	1280	3313	12
165.0	64834	20	23	64904	17	3886	3020	9
165.0	63579	10	14	64905	5	2912	3440	15
165.0	64213	16	16	64906	16	3947	2218	14
165.0	64317	21	18	64907	23	1477	2819	8
165.0	64757	9	9	64908	9	2802	3469	16
165.0	64139	29	27	64909	29	1582	2262	9
165.0	63730	31	30	64910	30	3850	3005	10
165.0	63426	16	19	64911	11	4188	3094	7
165.0	64671	14	19	64912	9	2640	2758	12
165.0	63984	10	6	64913	14	2840	3524	17
165.0	64320	16	18	64914	14	2869	3469	13
165.0	64216	11	10	64915	12	1757	2931	8
165.0	63775	16	20	64916	12	3902	2913	8
165.0	64575	22	21	64917	22	4019	2919	8
166.0	64463	32	32	64918	32	3633	2182	13
166.0	64273	11	4	64919	18	3669	2541	13
166.0	64338	23	22	64920	24	3799	2921	8
166.0	63998	16	16	64921	16	2415	2701	10
166.0	64064	31	35	64922	27	3751	2149	11
166.0	64351	29	17	64923	39	1538	2641	8
166.0	64666	25	20	64924	26	1333	2708	10
166.0	64179	15	13	64925	16	2236	3192	9
166.0	64846	20	24	64926	15	2180	2839	14
166.0	63602	36	29	64927	39	1559	2610	9
166.0	63802	24	27	64928	20	2071	2904	7
166.0	63849	19	20	64929	17	4335	3438	12
166.0	64045	21	23	64930	19	3620	2107	11
166.0	63967	10	5	64931	15	3830	3004	10
166.0	64403	11	10	64932	12	2396	2700	10
166.0	64121	32	30	64933	32	3727	2139	14
167.0	64131	26	26	64934	26	2382	2718	10
167.0	63516	33	25	64935	36	2034	2842	13
167.0	64460	18	17	64936	19	3929	2878	7
167.0	64356	36	34	64937	37	1716	2672	9
167.0	63526	18	19	64938	17	4504	2287	14
167.0	64464	43	40	64939	42	2999	3706	16
167.0	64274	13	12	64940	14	2480	2663	12
167.0	64884	20	18	64941	19	2648	2670	14
167.0	64121	30	39	64942	21	3727	2139	15
167.0	64526	23	21	64943	24	1086	3032	14
167.0	64833	52	44	64944	55	4250	2347	11
167.0	63500	26	29	64945	22	3693	4174	12
167.0	63631	12	15	64946	8	3209	3558	15
167.0	64364	20	26	64947	14	2849	3616	18
167.0	64455	27	26	64948	28	2327	2522	8
167.0	64430	13	8	64949	17	2372	2809	11
167.0	64003	26	29	64950	23	3791	2250	12
167.0	64179	13	9	64951	17	2236	3192	10
167.0	64489	21	25	64952	16	3279	3348	14
167.0	64403	10	11	64953	9	2396	2700	11
167.0	64695	20	19	64954	20	1544	2568	9
167.0	64076	27	28	64955	25	376	3006	10
167.0	63591	21	22	64956	19	1359	3046	8
167.0	63646	14	14	64957	12	2988	3481	16
168.0	63513	10	12	64958	8	3690	2990	10
168.0	63879	20	19	64959	20	2763	3469	15
168.0	64272	18	14	64960	19	2494	2430	10
168.0	64286	43	44	64961	42	4073	1699	11
168.0	64372	28	26	64962	28	2196	2638	8
168.0	64298	18	17	64963	18	3810	3581	13
168.0	64143	19	19	64964	19	2509	2611	12
168.0	64256	22	24	64965	19	3838	3297	13
168.0	64836	35	32	64966	34	3851	2578	12
168.0	64000	27	24	64967	28	4048	1732	13
168.0	63982	23	27	64968	19	2827	3918	13
168.0	64254	9	12	64969	6	2459	2662	11
168.0	63445	8	7	64970	9	2194	2921	13
168.0	63731	21	17	64971	22	3039	3481	16
168.0	63420	15	15	64972	15	2590	2567	11
168.0	64031	38	44	64973	31	2279	3065	9
168.0	64403	11	11	64974	11	2396	2700	12
168.0	64794	29	38	64975	20	1525	3091	12
168.0	64364	26	28	64976	24	2849	3616	19
168.0	63686	20	22	64977	18	2929	3868	12
168.0	64356	34	37	64978	28	1716	2672	10
168.0	64213	16	9	64979	19	3947	2218	15
168.0	63959	23	20	64980	25	1753	2823	12
168.0	63446	6	3	64981	9	2540	4075	16
168.0	64464	40	46	64982	32	3093	3711	17
168.0	63649	7	10	64983	3	2644	2689	11
168.0	64560	30	30	64984	28	2279	2490	10
168.0	63630	35	31	64985	37	3799	2760	13
168.0	63818	23	20	64986	25	2231	2440	9
169.0	63818	20	18	64987	21	2231	2440	10
169.0	64002	18	22	64988	14	3919	2828	12
169.0	64298	17	18	64989	14	3810	3581	14
169.0	64125	8	6	64990	10	3080	3526	16
169.0	64546	20	18	64991	21	2903	1847	17
169.0	63875	38	37	64992	33	4015	2460	13
169.0	64687	22	25	64993	19	3126	3851	14
169.0	64356	37	32	64994	40	1716	2672	11
169.0	63931	31	28	64995	32	3809	3060	9
169.0	64141	17	18	64996	15	3151	3479	14
169.0	63642	33	44	64997	22	1811	2711	9
169.0	64518	13	16	64998	10	2472	2951	13
169.0	64582	18	18	64999	17	2449	2868	11
169.0	64541	19	18	65000	19	3284	1859	9
169.0	64842	24	23	65001	24	3718	3342	10
169.0	64377	17	16	65002	15	2390	3231	10
169.0	64413	23	24	65003	21	3759	2370	10
169.0	63500	29	39	65004	18	3693	4174	13
169.0	63982	27	20	65005	34	2827	3918	14
169.0	64655	37	34	65006	37	1187	2831	10
169.0	64623	12	14	65007	10	2527	2611	12
169.0	64460	17	19	65008	13	3929	2878	8
169.0	64748	20	14	65009	24	3303	1771	10
170.0	63558	3	3	65010	3	3109	3580	17
170.0	64045	23	23	65011	23	3620	2107	12
170.0	64338	22	23	65012	21	3799	2921	9
170.0	64131	26	32	65013	20	2382	2718	11
170.0	64818	19	20	65014	17	3881	2660	16
170.0	64349	37	36	65015	37	1474	2257	7
170.0	63874	26	27	65016	22	1889	2724	10
170.0	63696	16	16	65017	15	3542	2181	17
170.0	64107	33	33	65018	32	1532	2062	10
170.0	64456	16	12	65019	19	2661	3640	16
170.0	64342	15	11	65020	19	2980	3579	14
170.0	64498	29	29	65021	29	1243	3008	12
170.0	64801	44	48	65022	36	2008	2330	13
170.0	63922	15	11	65023	19	3272	3588	19
170.0	64398	36	33	65024	36	2265	2539	9
170.0	64639	18	16	65025	18	3680	2275	12
170.0	63984	6	3	65026	8	2840	3524	18
170.0	63415	22	18	65027	24	3740	2820	11
170.0	63884	23	22	65028	23	3841	2848	12
170.0	63541	32	29	65029	34	3690	2670	15
171.0	64356	32	34	65030	30	1716	2672	12
171.0	64235	15	15	65031	13	2439	2633	12
171.0	63417	22	19	65032	24	3340	3473	13
171.0	64234	9	8	65033	10	3770	3060	10
171.0	64809	37	38	65034	35	1487	2564	9
171.0	64194	32	35	65035	28	3611	2380	16
171.0	64089	27	21	65036	30	3693	1877	15
171.0	64455	26	22	65037	28	2313	2449	9
171.0	64169	16	14	65038	17	3161	3592	18
171.0	63952	48	52	65039	41	4180	2424	11
171.0	64655	34	35	65040	32	1187	2831	11
171.0	64904	17	19	65041	15	3896	3030	10
171.0	64315	27	25	65042	28	3809	3082	9
171.0	64333	32	27	65043	33	1746	2750	8
171.0	63814	23	26	65044	20	2404	2740	10
171.0	63458	28	31	65045	21	4176	2071	10
171.0	64666	20	18	65046	22	1333	2708	11
171.0	63542	26	19	65047	29	2932	3480	14
171.0	64527	23	21	65048	21	4092	2176	10
171.0	64801	48	41	65049	53	2019	2226	14
171.0	64639	16	15	65050	16	3680	2275	13
171.0	64757	9	9	65051	9	2802	3469	17
171.0	64045	23	25	65052	21	3620	2107	13
171.0	63873	28	34	65053	22	1342	2922	9
171.0	64445	36	39	65054	31	3471	3420	9
171.0	64107	33	32	65055	32	1532	2062	11
171.0	63377	25	22	65056	28	3379	3510	13
171.0	64485	20	17	65057	21	3829	2099	11
171.0	64502	15	17	65058	13	3680	2761	11
171.0	64358	22	18	65059	24	3746	2271	12
172.0	64272	14	16	65060	12	2494	2430	11
172.0	64320	18	21	65061	14	2869	3469	14
172.0	63621	22	27	65062	17	4021	2069	11
172.0	63814	26	25	65063	26	2404	2740	11
172.0	64447	33	27	65064	37	2261	2890	9
172.0	64268	18	15	65065	19	3242	3490	14
172.0	64353	30	23	65066	35	4535	1713	12
172.0	64676	26	25	65067	25	4271	1775	13
172.0	63873	34	36	65068	31	1270	2869	10
172.0	64342	11	11	65069	11	2980	3579	15
172.0	64612	11	11	65070	11	3841	2719	11
172.0	64445	39	30	65071	46	3471	3420	10
172.0	64917	22	18	65072	25	4019	2940	9
172.0	64291	19	18	65073	19	2960	3705	18
172.0	64659	34	31	65074	33	3611	1733	10
172.0	64183	52	43	65075	57	4550	3368	11
172.0	63491	27	26	65076	26	3691	2178	14
172.0	63725	6	7	65077	4	2582	3576	17
172.0	64953	9	9	65078	9	2420	2700	12
172.0	63645	17	16	65079	18	3820	2222	12
172.0	63558	3	1	65080	5	3109	3580	18
172.0	63802	27	31	65081	22	2071	2904	8
172.0	63691	27	25	65082	28	3742	1489	11
172.0	64194	35	36	65083	31	3611	2380	17
172.0	64298	18	20	65084	16	3810	3581	15
172.0	63614	12	9	65085	14	3732	2409	10
172.0	64541	18	17	65086	18	3284	1859	10
172.0	64464	46	39	65087	53	3093	3711	18
172.0	64777	14	12	65088	15	3009	3450	14
172.0	64089	21	19	65089	22	3693	1877	16
172.0	63469	20	21	65090	18	3511	2370	11
172.0	64439	12	7	65091	15	2486	4063	15
172.0	63912	24	25	65092	23	3447	2078	15
172.0	64462	20	21	65093	19	3808	2058	14
172.0	64860	28	26	65094	30	1368	2739	13
173.0	63778	23	17	65095	29	2019	2167	10
173.0	64159	28	29	65096	27	3830	2578	12
173.0	64626	19	25	65097	12	2270	2986	12
173.0	64642	31	32	65098	29	1249	3395	13
173.0	63797	27	30	65099	23	2610	3039	15
173.0	63472	9	9	65100	6	2236	3178	8
173.0	63879	19	10	65101	27	2748	3469	16
173.0	64107	32	32	65102	32	1532	2062	12
173.0	64320	21	20	65103	21	2869	3469	15
173.0	64953	9	10	65104	8	2420	2700	13
173.0	64174	5	4	65105	5	3208	2300	10
173.0	63814	25	20	65106	28	2404	2740	12
173.0	64145	8	9	65107	7	3916	2480	14
173.0	63691	25	25	65108	23	3771	1434	12
173.0	64315	25	21	65109	26	3809	3082	10
173.0	64194	36	30	65110	40	3611	2380	18
173.0	64620	9	10	65111	7	2281	2832	11
173.0	64722	40	37	65112	39	4181	1990	10
173.0	64818	20	19	65113	19	3881	2660	17
173.0	63945	5	5	65114	4	4011	2103	11
173.0	64543	25	23	65115	23	1727	2797	9
173.0	64860	26	26	65116	26	1368	2739	14
173.0	64374	30	31	65117	28	3602	3329	14
173.0	64430	8	6	65118	10	2372	2809	12
173.0	64464	39	32	65119	44	3093	3711	19
174.0	64693	37	40	65120	31	2973	3740	14
174.0	63770	21	21	65121	17	603	2831	10
174.0	64307	17	17	65122	17	4410	2235	13
174.0	64462	21	16	65123	25	3808	2058	15
174.0	64620	10	9	65124	11	2284	2790	12
174.0	64185	16	14	65125	17	2740	3321	15
174.0	63516	25	24	65126	25	2034	2842	14
174.0	64635	22	23	65127	21	1498	3376	12
174.0	64464	32	34	65128	29	3093	3711	20
174.0	64182	28	27	65129	27	2967	3630	16
174.0	64604	35	34	65130	33	1502	3078	11
174.0	64695	19	26	65131	12	1544	2568	10
174.0	64732	16	12	65132	20	4073	2327	15
174.0	64174	4	3	65133	5	3208	2300	11
174.0	64908	9	8	65134	10	2772	3469	17
174.0	63856	15	16	65135	12	2301	2898	11
174.0	64539	26	18	65136	34	3090	3481	18
174.0	63426	19	15	65137	23	4175	3210	8
174.0	64342	11	8	65138	12	2980	3579	16
175.0	63530	27	24	65139	28	3067	3630	14
175.0	64455	22	23	65140	20	2313	2449	10
175.0	64436	13	14	65141	11	3779	2207	11
175.0	64182	27	24	65142	28	2967	3630	17
175.0	64140	14	18	65143	9	2179	2906	11
175.0	64380	24	20	65144	26	1646	2611	9
175.0	64661	16	19	65145	12	2449	2940	14
175.0	63391	15	14	65146	15	2400	2649	13
175.0	64602	18	18	65147	16	1808	2838	9
175.0	64372	26	23	65148	28	2266	2601	9
175.0	64917	18	16	65149	19	4019	2940	10
175.0	64382	29	36	65150	21	1598	2208	9
175.0	63542	19	19	65151	15	2932	3480	15
175.0	64419	20	17	65152	23	3040	3630	12
175.0	63602	29	30	65153	27	1385	2480	10
175.0	64053	25	27	65154	22	3627	3320	10
175.0	64795	33	33	65155	31	1869	2494	10
175.0	64674	16	15	65156	16	1526	3328	13
175.0	64048	27	25	65157	26	943	3197	9
175.0	64442	31	34	65158	25	4174	3348	12
176.0	63491	26	25	65159	26	3691	2178	15
176.0	64573	18	12	65160	24	1824	2869	8
176.0	64589	37	44	65161	29	1406	3150	11
176.0	64466	21	22	65162	19	1641	3329	13
176.0	63483	35	35	65163	34	3763	1749	15
176.0	64703	35	33	65164	34	1960	2465	9
176.0	64036	23	21	65165	22	3113	1788	17
176.0	65005	34	35	65166	32	2649	3896	15
176.0	64317	18	14	65167	21	1477	2819	9
176.0	64053	27	25	65168	28	3627	3320	11
176.0	64517	19	18	65169	17	3955	1961	14
176.0	64699	23	25	65170	18	1756	2848	12
176.0	63377	22	17	65171	23	3379	3510	14
176.0	64442	34	31	65172	37	4174	3348	13
176.0	64569	27	26	65173	27	1758	2216	10
176.0	64784	52	45	65174	54	2149	2717	9
176.0	64171	34	33	65175	35	3375	3540	16
176.0	64635	23	23	65176	23	1498	3376	13
176.0	64843	31	33	65177	28	4027	2201	12
177.0	64744	33	29	65178	35	2002	2434	12
177.0	64846	24	24	65179	22	2180	2839	15
177.0	64349	36	37	65180	33	1471	2182	8
177.0	64045	25	29	65181	21	3620	2107	14
177.0	63483	35	32	65182	33	3763	1749	16
177.0	64182	24	24	65183	23	2967	3630	18
177.0	64939	42	37	65184	45	2871	3764	17
177.0	64703	33	32	65185	32	1960	2465	10
177.0	64064	35	30	65186	40	3751	2149	12
177.0	64944	55	64	65187	36	4350	1962	12
177.0	64382	36	41	65188	27	1598	2208	10
177.0	63873	36	23	65189	48	1270	2869	11
177.0	64304	24	26	65190	21	4080	2229	15
177.0	64942	21	23	65191	18	3750	2116	16
177.0	64610	1	1	65192	1	2610	2849	13
177.0	64725	23	19	65193	25	4144	3230	10
177.0	64589	44	42	65194	43	1290	3138	12
177.0	63856	16	14	65195	18	2301	2898	12
177.0	64372	23	24	65196	21	2266	2601	10
177.0	64487	23	25	65197	21	3746	2190	14
177.0	64663	14	15	65198	13	3560	2181	17
177.0	64736	20	22	65199	17	1743	2812	12
177.0	65038	17	17	65200	17	3189	3722	19
177.0	64840	31	34	65201	26	1257	2943	12
177.0	64790	13	14	65202	11	3929	3029	11
178.0	64304	26	24	65203	26	4080	2229	16
178.0	64744	29	34	65204	24	2002	2434	13
178.0	63510	17	17	65205	17	1324	3517	11
178.0	64474	29	28	65206	28	2070	2827	11
178.0	63566	17	13	65207	19	1723	2727	9
178.0	64752	14	13	65208	14	2991	3540	18
178.0	64877	15	13	65209	17	2481	2492	10
178.0	64634	24	23	65210	25	4171	2449	14
178.0	64537	35	39	65211	31	3528	1956	14
178.0	63500	39	38	65212	40	3693	4174	14
178.0	63824	12	10	65213	13	2731	3420	13
178.0	63873	23	20	65214	25	1270	2869	12
178.0	64899	21	18	65215	23	1772	2864	12
178.0	64607	29	24	65216	33	1951	2646	9
178.0	63558	1	0	65217	2	3109	3580	19
179.0	64254	12	9	65218	14	2459	2662	12
179.0	63426	15	17	65219	12	4175	3210	9
179.0	64784	45	42	65220	47	2149	2717	10
179.0	63907	25	24	65221	26	815	2580	11
179.0	64432	24	29	65222	17	3948	2451	12
179.0	64245	28	33	65223	22	3939	3313	10
179.0	64787	11	12	65224	10	2581	3298	14
179.0	64745	26	29	65225	21	1193	2986	14
179.0	64404	26	23	65226	29	3529	2212	16
179.0	64232	38	30	65227	45	3660	1911	14
179.0	64353	23	20	65228	26	4439	1620	13
179.0	64319	21	23	65229	19	3819	3178	11
179.0	64846	24	21	65230	24	2180	2839	16
179.0	64617	32	35	65231	27	557	2736	10
179.0	64607	24	32	65232	14	2012	2674	10
179.0	64659	31	32	65233	28	3611	1733	11
179.0	65087	53	44	65234	56	2997	3709	19
179.0	64186	22	19	65235	23	1415	3021	13
179.0	64693	40	36	65236	43	2899	3790	15
180.0	64598	26	28	65237	24	4088	2573	14
180.0	63446	3	4	65238	2	2540	4075	17
180.0	64814	22	19	65239	24	3722	1919	15
180.0	63818	18	15	65240	20	2231	2440	11
180.0	63824	10	12	65241	8	2731	3420	14
180.0	64655	35	29	65242	38	1187	2831	12
180.0	64816	19	19	65243	17	1707	2742	9
180.0	64719	21	24	65244	17	2980	3529	15
180.0	64762	21	12	65245	25	3757	1942	15
180.0	64575	21	21	65246	20	4019	2919	9
180.0	64170	24	28	65247	20	1284	3381	12
180.0	64464	34	31	65248	34	3141	3790	21
180.0	64589	42	42	65249	41	1290	3138	13
180.0	64654	30	32	65250	26	1232	2911	13
180.0	64899	18	15	65251	19	1772	2864	13
180.0	64812	17	18	65252	14	3170	2470	10
180.0	64617	35	33	65253	37	557	2736	11
180.0	64159	29	31	65254	26	3830	2578	13
180.0	64485	17	13	65255	20	3829	2099	12
180.0	64605	26	27	65256	24	3540	3442	17
180.0	64692	22	17	65257	26	1982	3156	9
180.0	64833	44	45	65258	41	4250	2347	12
180.0	63553	33	27	65259	36	2340	3124	10
180.0	64419	17	15	65260	18	3040	3630	13
180.0	64232	30	36	65261	23	3660	1911	15
181.0	65011	23	27	65262	19	3490	1947	13
181.0	64464	31	31	65263	27	3141	3790	22
181.0	64617	33	28	65264	34	557	2736	12
181.0	64206	26	25	65265	27	1173	2527	9
181.0	63426	17	13	65266	21	4175	3210	10
181.0	63462	19	20	65267	18	3775	1920	10
181.0	64468	11	13	65268	8	3999	2320	10
181.0	63830	13	14	65269	12	2400	2917	11
181.0	64000	24	25	65270	21	3932	1795	14
181.0	63366	16	15	65271	17	1939	2546	9
181.0	63856	14	12	65272	15	2301	2898	13
181.0	64439	7	7	65273	7	2486	4063	16
181.0	63614	9	11	65274	7	3771	2411	11
181.0	64286	44	37	65275	51	3744	1342	12
181.0	63691	25	25	65276	24	3949	1396	13
181.0	63849	20	19	65277	19	4469	3266	13
181.0	64906	16	15	65278	16	3947	2170	15
181.0	64170	28	17	65279	38	1281	3456	13
181.0	64588	15	14	65280	15	2217	2829	10
181.0	65009	24	27	65281	20	3319	1771	11
181.0	64809	38	32	65282	42	1399	2548	10
181.0	64752	13	16	65283	10	2991	3540	19
181.0	64833	45	47	65284	40	4250	2347	13
181.0	64498	29	26	65285	31	1243	3008	13
181.0	65064	37	41	65286	28	2382	3129	10
181.0	64900	37	35	65287	36	2950	3803	16
181.0	64591	24	17	65288	30	1939	2708	11
181.0	64843	33	25	65289	40	4027	2201	13
182.0	64736	22	20	65290	23	1743	2812	13
182.0	64216	10	13	65291	5	1757	2931	9
182.0	64753	21	25	65292	15	2337	2680	12
182.0	63935	15	17	65293	13	4159	2389	11
182.0	65079	18	12	65294	24	3820	2242	13
182.0	64695	26	19	65295	29	1430	2489	11
182.0	64036	21	21	65296	21	3113	1788	18
182.0	64663	15	16	65297	13	3508	2178	18
182.0	64846	21	26	65298	16	2180	2839	17
182.0	65095	29	21	65299	36	1971	1902	11
182.0	64498	26	23	65300	29	1243	3008	14
182.0	63377	17	14	65301	20	3379	3510	15
182.0	64743	10	11	65302	7	2720	2610	9
182.0	65063	26	29	65303	22	2470	2792	12
182.0	64723	8	9	65304	7	2231	2901	13
182.0	63445	7	6	65305	8	2194	2921	14
182.0	64323	21	21	65306	20	3930	2624	16
182.0	64076	28	31	65307	24	376	3006	11
182.0	64942	23	23	65308	23	3750	2116	17
182.0	64968	19	18	65309	18	2723	4233	14
182.0	64732	12	12	65310	10	4163	2229	16
182.0	64449	24	22	65311	24	1649	2445	10
182.0	64342	8	7	65312	9	2980	3579	17
182.0	64369	25	25	65313	23	3550	2150	15
182.0	64809	32	23	65314	40	1322	2558	11
182.0	64149	4	5	65315	3	2200	2887	13
182.0	64591	17	15	65316	18	1892	2731	12
182.0	64900	35	33	65317	37	2950	3803	17
182.0	63621	27	30	65318	24	4091	2065	12
182.0	64238	26	28	65319	24	3281	1696	10
183.0	64695	19	19	65320	17	1430	2489	12
183.0	64694	14	13	65321	14	2409	3655	17
183.0	64874	42	43	65322	38	3978	2499	15
183.0	64900	33	31	65323	34	2950	3803	18
183.0	64902	19	13	65324	24	3678	3478	13
183.0	64143	19	18	65325	20	2509	2611	13
183.0	65079	12	12	65326	12	3820	2242	14
183.0	64993	19	22	65327	15	3231	4100	15
183.0	64944	64	50	65328	50	4479	1892	13
183.0	64794	38	41	65329	35	1427	3081	13
183.0	63686	22	21	65330	23	2929	3868	13
183.0	64216	13	14	65331	11	1757	2931	10
183.0	63945	5	4	65332	6	4011	2103	12
183.0	64846	26	24	65333	26	2180	2839	18
183.0	65127	21	21	65334	20	1402	3278	13
183.0	63398	19	20	65335	18	3912	3378	13
183.0	64238	28	34	65336	20	3281	1696	11
183.0	64968	18	14	65337	21	2723	4233	15
183.0	63982	20	20	65338	19	3038	3968	15
183.0	64036	21	23	65339	17	3113	1788	19
183.0	64686	41	34	65340	46	3941	4285	12
183.0	64661	19	20	65341	17	2449	2940	15
183.0	65166	32	33	65342	30	2539	3987	16
183.0	64809	23	22	65343	22	1322	2558	12
183.0	64722	37	30	65344	43	4181	1990	11
183.0	65045	21	17	65345	22	4123	2147	11
183.0	63959	20	25	65346	15	1719	2771	13
183.0	64390	10	11	65347	6	1750	3109	8
184.0	64604	34	43	65348	25	1502	3078	12
184.0	64036	23	22	65349	22	3113	1788	20
184.0	64045	29	26	65350	32	3698	2122	15
184.0	64597	26	26	65351	23	1572	2903	8
184.0	64390	11	13	65352	9	1750	3109	9
184.0	65003	21	20	65353	22	3772	2229	11
184.0	64763	24	26	65354	19	4589	2417	13
184.0	64739	34	32	65355	35	1161	2466	9
184.0	63833	19	18	65356	17	2811	2169	14
184.0	64712	20	21	65357	17	878	3326	12
184.0	65006	37	34	65358	39	1151	2866	11
184.0	64899	15	20	65359	10	1772	2864	14
184.0	64706	41	41	65360	39	3907	1409	11
184.0	65199	17	21	65361	13	1731	2783	13
184.0	64589	42	42	65362	41	1290	3138	14
184.0	64722	30	23	65363	34	4223	1932	12
184.0	64695	19	26	65364	11	1430	2489	13
184.0	65064	41	34	65365	45	2382	3129	11
184.0	65037	28	34	65366	22	2301	2539	10
184.0	64687	25	19	65367	30	3190	3948	15
184.0	64541	17	13	65368	20	3284	1859	11
185.0	64617	28	31	65369	23	557	2736	13
185.0	64801	41	45	65370	37	2008	2020	15
185.0	64674	15	13	65371	15	1526	3328	14
185.0	64634	23	22	65372	24	4171	2449	15
185.0	63645	16	12	65373	20	3820	2222	13
185.0	64876	20	19	65374	21	3967	3650	12
185.0	65257	26	27	65375	25	1989	2942	10
185.0	64877	13	14	65376	12	2481	2492	11
185.0	64727	17	19	65377	14	2260	2452	9
185.0	64393	30	23	65378	35	1853	2769	8
185.0	64351	17	15	65379	19	1538	2641	9
185.0	64589	42	40	65380	42	1290	3138	15
185.0	64962	28	23	65381	32	2180	2622	9
185.0	65037	34	34	65382	34	2301	2539	11
185.0	64559	15	13	65383	14	4166	1947	13
185.0	64462	16	14	65384	18	3808	2058	16
185.0	63500	38	32	65385	42	3671	4267	15
185.0	64573	12	11	65386	13	1824	2869	9
185.0	64981	9	7	65387	10	2552	4044	17
185.0	64382	41	41	65388	38	1598	2208	11
185.0	64218	19	18	65389	20	4061	2773	11
185.0	64907	23	18	65390	27	1346	2831	9
185.0	63451	17	15	65391	18	3179	1706	8
185.0	65158	25	24	65392	25	4259	3517	13
185.0	63789	36	26	65393	44	4220	2204	15
185.0	64743	11	7	65394	15	2720	2610	10
185.0	64885	19	18	65395	18	394	3006	10
185.0	64894	9	10	65396	8	3977	2069	11
185.0	64604	43	39	65397	42	1502	3078	13
185.0	64629	32	30	65398	34	4429	2430	14
185.0	64948	28	27	65399	25	2100	2773	9
185.0	63873	20	18	65400	20	1270	2869	13
185.0	64549	7	8	65401	6	4461	2247	14
185.0	64819	30	21	65402	38	4120	3008	11
186.0	64447	27	19	65403	32	2261	2890	10
186.0	65011	27	29	65404	24	3377	1852	14
186.0	64725	19	16	65405	20	4191	3275	11
186.0	64676	25	21	65406	26	4271	1775	14
186.0	63420	15	11	65407	17	2540	2569	12
186.0	65320	17	16	65408	18	1403	2462	13
186.0	64349	37	42	65409	31	1497	2087	9
186.0	64739	32	36	65410	26	1237	2477	10
186.0	65067	25	22	65411	25	4192	1773	14
186.0	64634	22	21	65412	22	4171	2449	16
186.0	64455	23	23	65413	21	2258	2402	11
186.0	64526	21	17	65414	24	1086	3032	15
186.0	64466	22	18	65415	25	1641	3329	14
186.0	64183	43	44	65416	41	4692	3611	12
186.0	64700	34	29	65417	38	1139	2472	9
186.0	65081	22	12	65418	32	2058	2891	9
186.0	63786	18	17	65419	18	1794	2889	9
186.0	64873	30	29	65420	28	1077	2790	9
186.0	63369	39	38	65421	39	1834	2752	12
186.0	64877	14	17	65422	11	2481	2492	12
186.0	64977	18	20	65423	16	3001	4046	13
186.0	64048	25	26	65424	23	968	3533	10
186.0	63566	13	12	65425	13	1723	2727	10
186.0	64364	28	23	65426	29	2621	3630	20
186.0	64449	22	17	65427	27	1712	2488	11
187.0	64529	17	14	65428	20	4471	2252	13
187.0	64883	13	13	65429	12	1813	2889	9
187.0	64238	34	38	65430	27	3121	1738	12
187.0	63945	4	2	65431	5	4011	2103	13
187.0	64468	13	9	65432	17	4096	2300	11
187.0	65023	19	20	65433	17	3259	3600	20
187.0	64442	31	30	65434	31	4174	3348	14
187.0	64569	26	23	65435	26	1758	2216	11
187.0	65331	11	15	65436	6	1741	2946	11
187.0	65257	27	22	65437	31	1989	2942	11
187.0	64687	19	15	65438	23	3190	3948	16
187.0	65067	22	24	65439	19	4192	1773	15
187.0	65021	29	37	65440	20	1142	3005	13
187.0	64364	23	26	65441	20	2621	3630	21
187.0	65187	36	39	65442	32	4364	1962	13
187.0	64924	26	22	65443	29	1181	2680	11
187.0	64048	26	24	65444	26	1023	3592	11
187.0	63574	23	21	65445	23	4119	2939	9
187.0	64693	36	34	65446	37	2899	3790	16
187.0	64272	16	10	65447	22	2520	2117	12
187.0	65190	21	31	65448	11	4285	2239	16
187.0	63446	4	4	65449	4	2540	4075	18
187.0	65006	34	29	65450	36	1151	2866	12
188.0	63483	32	33	65451	30	3763	1749	17
188.0	64238	38	25	65452	49	3121	1738	13
188.0	64744	34	43	65453	24	2002	2434	14
188.0	64272	10	10	65454	10	2526	2078	13
188.0	63907	24	21	65455	25	684	2584	12
188.0	64351	15	11	65456	17	1538	2641	10
188.0	65212	40	33	65457	45	3847	4237	15
188.0	65190	31	27	65458	32	4285	2239	17
188.0	64866	24	27	65459	21	1585	3811	11
188.0	63601	22	20	65460	23	2421	3298	13
188.0	64333	27	28	65461	25	1746	2750	9
188.0	65066	35	39	65462	29	4753	1418	13
188.0	64855	26	26	65463	24	1987	2789	11
188.0	64020	17	20	65464	12	3901	2930	9
188.0	65258	41	35	65465	45	4279	2264	13
188.0	63770	21	23	65466	19	483	2833	11
188.0	64987	21	17	65467	25	2172	2729	11
188.0	65023	20	14	65468	24	3259	3600	21
188.0	63366	15	14	65469	15	2061	2447	10
188.0	65034	35	31	65470	36	2360	2437	10
188.0	65296	21	22	65471	19	3139	1788	19
188.0	64463	32	31	65472	33	3657	2120	14
188.0	64809	22	21	65473	21	1322	2558	13
188.0	64393	23	20	65474	22	1853	2769	9
188.0	65076	26	26	65475	25	3711	2178	15
188.0	64525	32	26	65476	34	1680	2589	8
188.0	64986	25	23	65477	26	2393	2310	10
189.0	63491	25	28	65478	20	3696	2100	16
189.0	64732	12	9	65479	15	4163	2229	17
189.0	64442	30	24	65480	34	4174	3348	15
189.0	64762	12	13	65481	10	3757	1942	16
189.0	64799	16	14	65482	18	3113	1762	17
189.0	64501	25	23	65483	26	2508	4016	17
189.0	64840	34	32	65484	33	1257	2943	13
189.0	64139	27	23	65485	30	1496	2239	10
189.0	64843	25	26	65486	22	4027	2201	14
189.0	64986	23	21	65487	24	2393	2310	11
189.0	63602	30	28	65488	30	1444	2343	11
189.0	65266	21	21	65489	21	4131	3161	11
189.0	64666	18	22	65490	14	1304	2907	12
189.0	64852	25	21	65491	29	3889	2410	11
189.0	64814	19	19	65492	19	3717	1858	16
189.0	64655	29	24	65493	31	1187	2831	13
189.0	65066	39	25	65494	49	4753	1418	14
189.0	63458	31	33	65495	26	4176	2071	11
189.0	64020	20	22	65496	17	3901	2930	10
189.0	65320	16	20	65497	12	1403	2462	14
189.0	64693	34	35	65498	31	2899	3790	17
190.0	64962	23	21	65499	23	2188	2561	10
190.0	65034	31	29	65500	32	2360	2437	11
190.0	64617	31	32	65501	29	557	2736	14
190.0	65094	30	27	65502	32	1312	2615	14
190.0	64945	22	20	65503	23	3998	3829	13
190.0	65123	25	22	65504	27	3806	1951	16
190.0	64546	18	21	65505	14	2862	1898	18
190.0	64597	26	25	65506	24	1621	2840	9
190.0	64635	23	21	65507	23	1498	3376	14
190.0	63778	17	16	65508	17	2068	2145	11
190.0	63856	12	11	65509	12	2308	2850	14
190.0	64883	13	14	65510	12	1813	2889	10
190.0	63377	14	13	65511	15	3379	3510	16
190.0	64353	20	13	65512	25	4389	1604	14
190.0	65156	16	18	65513	11	1246	3108	14
190.0	63642	44	42	65514	46	1833	2711	10
190.0	64903	32	28	65515	34	1197	3570	13
190.0	65196	21	19	65516	21	2260	2536	11
190.0	65114	4	4	65517	3	3976	2088	12
190.0	65045	17	15	65518	19	4123	2147	12
190.0	64874	43	45	65519	39	3978	2499	16
191.0	64432	29	21	65520	33	4234	2108	13
191.0	65009	27	24	65521	29	3242	1780	12
191.0	64490	33	36	65522	29	1106	2583	9
191.0	65077	4	2	65523	6	2489	3632	18
191.0	64654	32	36	65524	26	1232	2911	14
191.0	65021	37	31	65525	42	1142	3005	14
191.0	65446	37	35	65526	39	2930	3758	17
191.0	63500	32	23	65527	40	3596	4501	16
191.0	64369	25	25	65528	25	3550	2150	16
191.0	64955	25	24	65529	22	340	3006	11
191.0	65379	19	18	65530	19	1527	2651	10
191.0	65336	20	18	65531	22	3333	1722	12
191.0	64238	25	18	65532	29	3121	1721	14
191.0	64076	31	27	65533	33	376	3006	12
191.0	64186	19	19	65534	17	1415	3021	14
191.0	64928	20	23	65535	16	1785	3071	8
191.0	64569	23	19	65536	27	1758	2216	12
191.0	65100	6	2	65537	10	2250	3178	9
191.0	65503	23	27	65538	17	3998	3849	14
191.0	64961	42	37	65539	46	4112	1906	12
191.0	65038	17	17	65540	17	3189	3722	20
191.0	64107	32	34	65541	27	1616	2070	13
192.0	64076	27	22	65542	31	376	3006	13
192.0	65009	24	27	65543	20	3242	1780	13
192.0	64725	16	13	65544	18	4191	3275	12
192.0	64466	18	24	65545	12	1641	3329	15
192.0	64444	27	30	65546	24	4008	2021	16
192.0	64712	21	16	65547	24	878	3326	13
192.0	65093	19	21	65548	15	4004	1978	15
192.0	65095	21	15	65549	24	1987	1603	12
192.0	65006	29	27	65550	29	1151	2866	13
192.0	64432	21	24	65551	15	4234	2108	14
192.0	64855	26	28	65552	22	1987	2789	12
192.0	65021	31	33	65553	28	1142	3005	15
192.0	63805	32	30	65554	33	3758	2049	11
192.0	64853	34	30	65555	37	2937	3680	16
192.0	64232	36	35	65556	36	3660	1911	16
192.0	65167	21	17	65557	23	1390	2872	10
192.0	64909	29	37	65558	21	1838	2333	10
192.0	64459	28	27	65559	27	1371	2844	8
192.0	64978	28	22	65560	30	1749	2498	11
192.0	64870	23	21	65561	23	2083	2641	11
192.0	64380	20	17	65562	22	1646	2611	10
192.0	65084	16	11	65563	21	3709	3652	16
192.0	65053	22	22	65564	20	1542	2947	10
192.0	64833	47	51	65565	42	4611	2592	14
192.0	65295	29	33	65566	23	1407	2433	12
192.0	64674	13	12	65567	12	1526	3328	15
192.0	64089	19	19	65568	18	3693	1877	17
192.0	65206	28	24	65569	30	2081	2543	12
192.0	64885	18	13	65570	22	425	3019	11
192.0	64873	29	31	65571	27	1050	2583	10
192.0	64540	12	16	65572	8	3528	1869	14
192.0	64676	21	22	65573	18	4271	1775	15
193.0	64833	51	48	65574	52	4611	2592	15
193.0	65167	17	15	65575	17	1390	2872	11
193.0	64216	14	14	65576	12	1757	2931	11
193.0	65037	34	33	65577	35	2301	2539	12
193.0	64356	34	35	65578	31	1716	2672	13
193.0	65173	27	27	65579	26	1640	2532	11
193.0	65288	30	26	65580	33	2026	2710	12
193.0	64316	24	24	65581	23	1519	3102	8
193.0	65053	22	24	65582	19	1542	2947	11
193.0	64459	27	24	65583	29	1371	2844	9
193.0	64711	27	27	65584	24	2501	2260	9
193.0	64997	22	22	65585	21	1842	2563	10
193.0	64723	9	7	65586	10	2231	2901	14
193.0	64456	12	12	65587	12	2494	3839	17
193.0	64939	37	41	65588	32	2782	3779	18
193.0	65451	30	34	65589	24	3780	1732	18
193.0	65116	26	29	65590	22	1316	2740	15
193.0	65160	24	21	65591	25	1924	2890	9
193.0	64466	24	22	65592	23	1641	3329	16
193.0	63366	14	16	65593	12	2061	2447	11
193.0	63472	9	10	65594	8	2201	3159	9
193.0	65023	14	19	65595	9	3259	3600	22
193.0	64745	29	22	65596	33	1193	2986	15
193.0	65178	35	39	65597	28	2029	2604	13
193.0	63805	30	30	65598	29	3758	2049	12
193.0	64937	37	41	65599	31	1690	3007	10
193.0	64935	36	33	65600	36	2130	2832	14
193.0	65257	22	27	65601	16	1989	2942	12
193.0	64362	24	21	65602	26	1025	2601	10
193.0	64794	41	30	65603	51	1427	3081	14
193.0	63786	17	21	65604	12	1794	2889	10
193.0	64819	21	24	65605	18	4102	3071	12
193.0	65030	30	20	65606	37	1296	2690	13
193.0	64444	30	28	65607	28	4008	2021	17
193.0	64984	28	24	65608	31	2259	2490	11
193.0	64721	26	27	65609	25	822	2354	10
194.0	65123	22	23	65610	19	3806	1951	17
194.0	64703	32	32	65611	29	1824	2208	11
194.0	64526	17	17	65612	16	1086	3032	16
194.0	65166	33	25	65613	39	2694	4058	17
194.0	65153	27	22	65614	29	957	2634	11
194.0	65102	32	32	65615	32	1453	2070	13
194.0	64000	25	28	65616	22	3799	1832	15
194.0	64745	22	21	65617	20	1193	2986	16
194.0	64369	25	28	65618	20	3550	2150	17
194.0	64742	9	8	65619	9	4066	3190	10
194.0	64604	39	31	65620	44	1502	3078	14
194.0	64444	28	22	65621	32	4008	2021	18
194.0	64711	27	32	65622	21	2501	2260	10
194.0	64183	44	47	65623	37	4692	3611	13
194.0	64927	39	37	65624	40	1312	3969	10
194.0	63645	12	6	65625	18	3820	2222	14
194.0	65345	22	23	65626	21	4163	2142	12
194.0	64356	35	33	65627	37	1716	2672	14
194.0	63935	17	20	65628	12	4159	2389	12
194.0	64216	14	17	65629	11	1757	2931	12
194.0	65291	5	3	65630	6	1680	3007	10
194.0	65458	32	30	65631	33	4262	2239	18
194.0	64380	17	12	65632	22	1646	2611	11
194.0	65335	18	19	65633	17	3930	3378	14
194.0	65331	15	17	65634	9	1709	2978	12
194.0	65505	14	18	65635	10	2874	1898	19
194.0	64866	27	27	65636	25	1585	3811	12
195.0	65093	21	23	65637	17	4004	1978	16
195.0	65156	18	17	65638	19	1246	3108	15
195.0	65349	22	23	65639	20	3023	1526	21
195.0	65164	34	31	65640	37	1993	2631	10
195.0	65300	29	22	65641	36	1230	2995	15
195.0	65084	11	8	65642	14	3689	3690	17
195.0	64206	25	27	65643	23	1173	2527	10
195.0	64216	17	16	65644	16	1757	2931	13
195.0	64859	24	23	65645	22	4283	1987	16
195.0	64917	16	13	65646	19	4019	2940	11
195.0	64642	32	26	65647	34	1528	3443	14
195.0	65184	45	42	65648	47	2643	3600	18
195.0	64498	23	20	65649	26	1243	3008	15
195.0	64501	23	24	65650	21	2508	4016	18
195.0	65073	19	15	65651	19	2939	3841	19
195.0	63873	18	15	65652	20	1270	2869	14
195.0	63849	19	18	65653	18	4466	3209	14
195.0	64944	50	55	65654	43	4614	1469	14
195.0	65072	25	25	65655	23	3998	2940	10
195.0	64927	37	43	65656	30	1310	4054	11
195.0	65212	33	30	65657	33	3930	4253	16
195.0	63462	20	16	65658	23	3722	1959	11
195.0	64307	17	18	65659	14	4410	2235	14
195.0	64331	37	42	65660	32	1573	2860	9
195.0	64317	14	16	65661	12	1418	2736	10
196.0	64748	14	15	65662	13	3151	1630	11
196.0	65330	23	17	65663	29	3099	3981	14
196.0	64364	26	22	65664	29	2598	3570	22
196.0	65215	23	19	65665	25	1773	2831	13
196.0	65416	41	47	65666	33	4662	3640	13
196.0	65046	22	24	65667	18	1221	2683	12
196.0	65187	39	37	65668	40	4343	2142	14
196.0	63959	25	21	65669	28	1719	2771	14
196.0	64944	55	46	65670	54	4614	1469	15
196.0	65072	25	22	65671	27	3998	2940	11
196.0	64894	10	12	65672	7	3961	2053	12
196.0	64498	20	20	65673	20	1243	3008	16
196.0	65299	36	31	65674	40	1794	1698	12
196.0	65452	49	43	65675	49	2909	1817	14
196.0	63907	21	20	65676	21	684	2584	13
196.0	64635	21	18	65677	23	1565	3380	15
196.0	65354	19	14	65678	24	4579	2352	14
196.0	65275	51	43	65679	57	3640	1602	13
196.0	65378	35	34	65680	34	1871	2769	9
196.0	64410	25	27	65681	23	328	3074	9
196.0	64816	19	16	65682	22	1681	2787	10
196.0	64659	32	31	65683	31	3611	1733	12
196.0	64676	22	28	65684	16	4271	1775	16
196.0	64238	18	17	65685	18	3121	1721	15
196.0	65349	23	24	65686	21	3023	1526	22
196.0	65199	21	19	65687	21	1731	2783	14
196.0	64307	18	16	65688	18	4410	2235	15
196.0	64525	26	22	65689	29	1611	2548	9
196.0	64206	27	27	65690	27	1173	2527	11
197.0	64867	32	31	65691	32	957	2669	10
197.0	65356	17	17	65692	17	2820	2178	15
197.0	65450	36	36	65693	35	1335	2651	13
197.0	65442	32	27	65694	35	4442	2106	14
197.0	64629	30	35	65695	23	4471	2162	15
197.0	64944	46	45	65696	42	4614	1469	16
197.0	63483	33	31	65697	34	3803	1410	18
197.0	64736	20	20	65698	17	1743	2812	14
197.0	65194	43	39	65699	46	1367	3093	13
197.0	65075	57	41	65700	59	4506	4102	12
197.0	65338	19	24	65701	13	3109	3959	16
197.0	64981	7	8	65702	6	2587	4038	18
197.0	64659	31	27	65703	34	3611	1733	13
197.0	64852	21	18	65704	24	3889	2410	12
197.0	65349	24	15	65705	30	3023	1526	23
197.0	65172	37	36	65706	36	4257	3418	14
197.0	64286	37	37	65707	35	3506	1241	13
197.0	65144	26	28	65708	24	1566	2639	10
197.0	65072	22	19	65709	22	3998	2940	12
197.0	64635	18	20	65710	16	1565	3380	16
197.0	65167	15	11	65711	18	1390	2872	12
197.0	64687	15	15	65712	14	3190	3948	17
197.0	65330	17	16	65713	16	3099	3981	15
197.0	64809	21	23	65714	18	1322	2558	14
197.0	65378	34	37	65715	28	1871	2769	10
197.0	65147	16	16	65716	14	1801	2790	10
197.0	64814	19	19	65717	16	3717	1858	17
198.0	64782	26	23	65718	27	1702	2911	8
198.0	63526	19	15	65719	23	4943	2458	15
198.0	65442	27	25	65720	27	4442	2106	15
198.0	65233	28	30	65721	25	3566	1648	12
198.0	65212	30	25	65722	35	4001	4282	17
198.0	64955	24	28	65723	19	268	3020	12
198.0	64987	17	16	65724	18	2140	2772	12
198.0	64183	47	43	65725	47	4692	3611	14
198.0	65158	24	19	65726	28	4259	3517	14
198.0	65084	8	10	65727	6	3671	3771	18
198.0	65022	36	40	65728	28	1987	2330	14
198.0	64597	25	23	65729	22	1621	2840	10
198.0	65477	26	25	65730	27	2531	2279	11
198.0	64977	20	21	65731	18	3001	4046	14
198.0	64712	16	16	65732	15	878	3326	14
198.0	64036	22	21	65733	22	3113	1788	21
198.0	64333	28	27	65734	27	1746	2750	10
198.0	64170	17	15	65735	19	1281	3456	14
198.0	65172	36	35	65736	35	4292	3506	15
198.0	64840	32	25	65737	35	1257	2943	14
198.0	64466	22	25	65738	18	1641	3329	17
199.0	65030	20	18	65739	22	1296	2690	14
199.0	64517	18	20	65740	16	3986	1919	15
199.0	65040	32	36	65741	25	610	2820	12
199.0	64419	15	16	65742	13	3040	3630	14
199.0	64808	26	29	65743	23	1420	2577	11
199.0	65309	18	17	65744	18	2587	4364	15
199.0	64485	13	16	65745	9	3829	2099	13
199.0	65194	39	38	65746	37	1367	3093	14
199.0	65571	27	23	65747	30	854	2318	11
199.0	64967	28	21	65748	33	4136	1828	14
199.0	63824	12	11	65749	12	2741	3671	15
199.0	63510	17	13	65750	19	1487	3478	12
199.0	64795	33	34	65751	32	1869	2494	11
199.0	64868	35	31	65752	36	1648	3027	11
199.0	64885	13	10	65753	15	392	3047	12
199.0	63591	22	26	65754	16	1379	2989	9
199.0	65201	26	23	65755	26	1241	2958	13
199.0	64676	28	24	65756	28	4271	1775	17
199.0	65249	41	37	65757	43	1290	3174	14
199.0	65629	11	9	65758	13	1719	2946	13
199.0	65158	19	17	65759	21	4259	3517	15
199.0	64876	19	18	65760	19	4157	3630	13
199.0	63602	28	21	65761	35	1389	2195	12
199.0	64903	28	36	65762	20	1012	3476	14
199.0	65349	15	15	65763	14	3023	1526	24
199.0	64352	32	30	65764	33	1175	2708	10
199.0	64923	39	45	65765	33	1498	2662	9
199.0	65299	31	37	65766	24	1794	1698	13
199.0	65335	19	19	65767	16	3930	3378	15
200.0	64945	20	16	65768	23	3998	3829	14
200.0	65250	26	25	65769	26	1365	2939	14
200.0	65381	32	32	65770	32	2200	2622	10
200.0	65055	32	26	65771	37	1524	2069	12
200.0	63805	30	31	65772	28	3758	2049	13
200.0	65094	27	19	65773	32	1312	2615	15
200.0	65667	18	20	65774	16	1275	2730	13
200.0	63451	15	17	65775	13	3138	1609	9
200.0	64349	42	44	65776	37	1407	1903	10
200.0	64809	23	24	65777	22	1322	2558	15
200.0	65067	24	23	65778	23	3928	1803	16
200.0	65267	18	24	65779	11	3791	1920	11
200.0	64485	16	14	65780	18	3829	2099	14
200.0	64968	14	12	65781	15	2676	4222	16
200.0	64903	36	40	65782	32	1012	3476	15
200.0	64807	14	13	65783	13	1789	3047	8
200.0	64799	14	18	65784	8	3113	1762	18
200.0	65153	22	19	65785	24	905	2690	12
200.0	65116	29	27	65786	29	1316	2740	16
200.0	65000	19	15	65787	21	3266	1800	10
200.0	64391	51	42	65788	58	4106	1832	13
200.0	64238	17	12	65789	20	3121	1721	16
200.0	65472	33	30	65790	34	3678	2120	15
200.0	64935	33	38	65791	27	2130	2832	15
200.0	65018	32	36	65792	28	1435	1930	11
200.0	64390	13	9	65793	17	1719	3147	10
200.0	65296	22	25	65794	18	3139	1788	20
200.0	65174	54	56	65795	44	1971	2438	10
200.0	65396	8	10	65796	6	3936	1940	12
200.0	65402	38	45	65797	28	4316	3018	12
200.0	63982	20	23	65798	14	3217	4030	16
201.0	64956	19	20	65799	17	1378	3046	9
201.0	65402	45	45	65800	43	4316	3018	13
201.0	65235	23	15	65801	29	1427	3050	14
201.0	65210	25	32	65802	18	4051	2362	15
201.0	64410	27	33	65803	19	328	3074	10
201.0	65479	15	13	65804	14	4185	2340	18
201.0	65092	23	27	65805	18	3459	2090	16
201.0	65277	19	12	65806	26	4454	3281	14
201.0	65354	14	12	65807	15	4625	2358	15
201.0	63935	20	20	65808	19	4159	2389	13
201.0	64975	20	15	65809	25	1608	3069	13
201.0	65056	28	26	65810	28	3913	3717	14
201.0	64466	25	27	65811	21	1708	3306	18
201.0	64669	45	46	65812	42	4360	3784	11
201.0	64909	37	37	65813	37	1838	2333	11
201.0	63770	23	20	65814	25	418	2817	12
201.0	65581	23	21	65815	24	1449	3163	9
201.0	64529	14	12	65816	16	4471	2252	14
201.0	65005	35	35	65817	34	2432	4010	16
201.0	64807	13	8	65818	18	1789	3047	9
201.0	64894	12	14	65819	10	3961	2053	13
201.0	64238	12	11	65820	13	3121	1721	17
201.0	64503	33	37	65821	27	3960	4117	11
201.0	65024	36	36	65822	36	1969	2396	10
201.0	64942	23	22	65823	23	3730	2040	18
201.0	64846	24	27	65824	19	2180	2839	19
201.0	65561	23	17	65825	29	1891	2592	12
201.0	65194	38	37	65826	39	1367	3093	15
201.0	65079	12	10	65827	13	3820	2262	15
201.0	63824	11	11	65828	10	2741	3671	16
201.0	65116	27	23	65829	30	1316	2740	17
202.0	65478	20	23	65830	16	3810	2200	17
202.0	65284	40	42	65831	36	4341	2155	14
202.0	65408	18	19	65832	17	1391	2450	14
202.0	65150	21	16	65833	26	1447	2280	10
202.0	64903	40	37	65834	40	1012	3476	16
202.0	65000	15	16	65835	14	3266	1800	11
202.0	65415	25	29	65836	20	1881	3329	15
202.0	65268	8	2	65837	13	4120	2326	11
202.0	64382	41	44	65838	37	1598	2208	12
202.0	64944	45	43	65839	47	4570	1163	17
202.0	63472	10	10	65840	10	2120	3109	10
202.0	65225	21	22	65841	19	1118	2999	15
202.0	65436	6	4	65842	7	1674	2990	12
202.0	65307	24	19	65843	29	358	3006	12
202.0	64529	12	12	65844	10	4471	2252	15
202.0	65406	26	21	65845	30	4523	1994	15
202.0	64655	24	27	65846	20	1187	2831	14
202.0	65423	16	15	65847	16	3000	3879	14
202.0	65266	21	23	65848	19	4131	3161	12
202.0	64961	37	28	65849	44	4122	2193	13
202.0	65522	29	29	65850	29	1154	2783	10
202.0	64669	46	47	65851	44	4356	3898	12
202.0	64794	30	37	65852	22	1297	3241	15
202.0	65022	40	39	65853	40	1987	2330	15
202.0	65075	41	37	65854	43	4511	4391	13
202.0	65747	30	27	65855	29	845	2309	12
202.0	64331	42	38	65856	44	1573	2860	10
202.0	64216	16	20	65857	12	1757	2931	14
202.0	65215	19	13	65858	24	1773	2831	14
202.0	64351	11	9	65859	12	1538	2641	11
202.0	64694	13	13	65860	13	2302	3501	18
202.0	64232	35	37	65861	30	3660	1911	17
203.0	65212	25	24	65862	26	4001	4282	18
203.0	65015	37	41	65863	32	1425	1833	8
203.0	65703	34	24	65864	42	3433	1630	14
203.0	65281	20	19	65865	21	3299	1771	12
203.0	65571	23	21	65866	25	791	2306	12
203.0	64393	20	25	65867	14	1853	2769	10
203.0	64963	18	20	65868	15	3991	3791	14
203.0	64390	9	9	65869	8	1719	3147	11
203.0	65082	28	28	65870	27	3651	1714	12
203.0	64549	8	5	65871	11	4461	2247	15
203.0	65348	25	26	65872	22	1557	3329	13
203.0	63621	30	27	65873	32	4196	1959	13
203.0	65264	34	30	65874	38	174	2629	13
203.0	65667	20	21	65875	19	1275	2730	14
203.0	63483	31	27	65876	35	3710	1284	19
203.0	65436	4	5	65877	3	1674	2990	13
203.0	64993	22	17	65878	26	3276	4200	16
203.0	65177	28	27	65879	27	4012	2201	13
203.0	65423	15	12	65880	17	3000	3879	15
203.0	65284	42	45	65881	38	4341	2155	15
203.0	65453	24	21	65882	27	2079	2250	15
203.0	64808	29	28	65883	25	1420	2577	12
203.0	64816	16	16	65884	16	1673	2840	11
203.0	65415	29	31	65885	27	1881	3329	16
203.0	64866	27	29	65886	25	1553	3884	13
203.0	65379	18	21	65887	14	1421	2603	11
203.0	64529	12	12	65888	12	4471	2252	16
203.0	63642	42	44	65889	38	1920	2777	11
203.0	65022	39	41	65890	37	1987	2330	16
203.0	65450	36	37	65891	31	1367	2572	14
204.0	65121	17	19	65892	14	789	2794	11
204.0	65744	18	15	65893	20	2478	4386	16
204.0	65327	15	14	65894	15	3200	4220	16
204.0	64906	15	15	65895	14	3947	2170	16
204.0	65144	28	26	65896	30	1566	2639	11
204.0	65162	19	23	65897	14	1618	3299	14
204.0	65156	17	13	65898	21	1246	3108	16
204.0	65062	17	18	65899	16	4002	2069	12
204.0	63982	23	23	65900	22	3217	4030	17
204.0	65082	28	27	65901	29	3651	1714	13
204.0	64686	34	35	65902	29	3941	4285	13
204.0	65022	41	43	65903	39	1987	2330	17
204.0	65733	22	25	65904	18	3081	1959	22
204.0	64866	29	25	65905	31	1489	3939	14
204.0	65207	19	17	65906	21	1793	2701	10
204.0	65423	12	11	65907	13	3000	3879	16
204.0	64617	32	28	65908	36	439	2819	15
204.0	64525	22	23	65909	21	1611	2548	10
204.0	65782	32	29	65910	35	1102	3522	16
204.0	64629	35	35	65911	34	4348	2024	16
204.0	64943	24	23	65912	23	1078	3039	15
204.0	65157	26	19	65913	31	893	3254	10
204.0	65497	12	10	65914	14	1543	2278	15
204.0	65415	31	35	65915	25	1881	3329	17
204.0	65201	23	18	65916	28	1241	2958	14
204.0	64604	31	31	65917	30	1502	3078	15
204.0	64742	8	9	65918	7	4127	3241	11
204.0	65295	33	33	65919	32	1407	2433	13
204.0	63907	20	24	65920	15	665	2639	14
204.0	65221	26	26	65921	24	721	2764	12
204.0	65472	30	29	65922	30	3678	2120	16
204.0	65112	39	33	65923	42	3981	2121	11
204.0	65264	30	27	65924	33	174	2629	14
204.0	65053	24	22	65925	24	1542	2947	12
205.0	64216	20	26	65926	12	1757	2931	15
205.0	65288	26	25	65927	21	2041	2510	13
205.0	64352	30	26	65928	34	1175	2708	11
205.0	64942	22	22	65929	22	3730	2040	19
205.0	63770	20	28	65930	11	418	2817	13
205.0	65167	11	13	65931	9	1390	2872	13
205.0	63952	52	59	65932	41	4101	2540	12
205.0	65448	11	7	65933	14	4239	2239	17
205.0	64859	23	21	65934	24	4514	1918	17
205.0	64186	19	19	65935	19	1415	3021	15
205.0	65166	25	22	65936	27	2694	4058	18
205.0	65547	24	24	65937	23	860	3290	14
205.0	65398	34	30	65938	38	4379	2361	15
205.0	65022	43	38	65939	44	1987	2330	18
205.0	64906	15	15	65940	12	3947	2170	17
205.0	64939	41	36	65941	45	2782	3779	19
205.0	65732	15	14	65942	16	858	3326	15
205.0	64183	43	43	65943	43	4692	3611	15
205.0	64498	20	19	65944	19	1243	3008	17
205.0	64742	9	8	65945	10	4127	3241	12
205.0	64706	41	41	65946	39	3907	1409	12
205.0	64968	12	9	65947	15	2586	4241	17
205.0	65126	25	24	65948	26	2130	2560	15
205.0	65455	25	19	65949	29	702	2651	13
205.0	65077	2	2	65950	2	2519	3719	19
205.0	64978	22	21	65951	22	1692	2479	12
205.0	65161	29	31	65952	27	1741	3174	12
205.0	64929	17	17	65953	16	5095	3513	13
205.0	65306	20	20	65954	20	4239	2559	17
205.0	65343	22	27	65955	17	1378	2792	13
205.0	64232	37	37	65956	36	3660	1911	18
205.0	63849	18	10	65957	26	4509	3170	15
205.0	65812	42	45	65958	39	4197	3838	12
205.0	65385	42	40	65959	39	3356	4082	16
205.0	65447	22	20	65960	24	2507	2130	13
205.0	65264	27	25	65961	29	174	2629	15
205.0	65357	17	14	65962	20	937	3284	13
205.0	63510	13	13	65963	13	1487	3478	13
205.0	65205	17	19	65964	15	1349	3342	12
205.0	64466	27	33	65965	20	1708	3306	19
205.0	64642	26	28	65966	24	1658	3389	15
205.0	65456	17	17	65967	16	1600	2447	11
205.0	65782	29	26	65968	29	1102	3522	17
205.0	65400	20	20	65969	19	1290	2869	14
205.0	65162	23	17	65970	29	1618	3299	15
206.0	65219	12	10	65971	14	4050	3138	10
206.0	64841	33	32	65972	34	3871	2001	15
206.0	64859	21	22	65973	20	4568	1941	18
206.0	65231	27	27	65974	27	533	2629	11
206.0	63510	13	15	65975	10	1487	3478	14
206.0	65193	25	23	65976	26	4475	2570	11
206.0	65461	25	24	65977	25	1820	2664	10
206.0	65747	27	24	65978	27	845	2309	13
206.0	65395	18	17	65979	19	441	3019	11
206.0	65008	13	11	65980	14	4138	2919	9
206.0	65342	30	35	65981	22	2619	4048	17
206.0	65855	29	28	65982	30	968	2252	13
206.0	65454	10	12	65983	7	2521	2028	14
206.0	65456	17	21	65984	12	1600	2447	12
206.0	65515	34	30	65985	37	1162	3634	14
206.0	64885	10	12	65986	8	392	3047	13
206.0	65307	19	19	65987	17	358	3006	13
206.0	65299	37	41	65988	33	1794	1698	14
206.0	64560	30	37	65989	22	2340	2320	11
206.0	64604	31	27	65990	33	1502	3078	16
206.0	65951	22	17	65991	26	1704	2491	13
206.0	63907	24	30	65992	18	665	2639	15
206.0	65173	27	27	65993	27	1531	2584	12
206.0	64456	12	11	65994	10	2494	3839	18
206.0	65149	19	20	65995	17	4269	2851	11
206.0	64906	15	18	65996	12	3947	2170	18
206.0	65398	30	29	65997	29	4379	2361	16
206.0	65205	19	19	65998	19	1349	3342	13
206.0	65578	31	31	65999	29	1672	2672	14
206.0	64799	18	20	66000	15	3113	1762	19
206.0	64763	26	25	66001	26	4718	2485	14
206.0	65543	20	23	66002	15	3050	1660	14
206.0	65527	40	36	66003	43	3698	4217	17
206.0	65591	25	23	66004	25	2040	3170	10
206.0	65813	37	33	66005	39	1838	2352	12
206.0	65389	20	17	66006	22	4070	2782	12
206.0	64048	24	29	66007	19	1350	3707	12
206.0	64206	27	25	66008	27	1173	2527	12
206.0	65225	22	19	66009	24	1118	2999	16
207.0	65188	27	34	66010	18	1672	2152	11
207.0	64000	28	19	66011	35	3739	1776	16
207.0	65444	26	23	66012	26	806	3427	12
207.0	64333	27	26	66013	27	1746	2750	11
207.0	63510	15	11	66014	19	1487	3478	15
207.0	64304	24	24	66015	24	4080	2102	17
207.0	64703	32	29	66016	33	1824	2208	12
207.0	64206	25	23	66017	25	1173	2527	13
207.0	64444	22	20	66018	23	3889	1962	19
207.0	65009	27	21	66019	30	3242	1780	14
207.0	64841	32	45	66020	19	3871	2001	16
207.0	65563	21	19	66021	23	3893	3662	17
207.0	65122	17	18	66022	16	4481	2299	14
207.0	64722	23	16	66023	29	4223	1932	13
207.0	65173	27	20	66024	33	1531	2584	13
207.0	65855	28	32	66025	21	968	2252	14
207.0	65318	24	25	66026	22	4190	1932	13
207.0	65172	35	42	66027	26	4668	3431	16
207.0	63458	33	34	66028	30	4176	2071	12
207.0	65807	15	10	66029	20	4610	2330	16
207.0	64981	8	8	66030	8	2587	4038	19
207.0	65535	16	18	66031	13	2091	3288	9
207.0	65679	57	44	66032	56	3631	1610	14
207.0	63686	21	21	66033	19	2929	3868	14
207.0	65153	19	14	66034	21	858	2644	13
207.0	65231	27	22	66035	28	535	2563	12
207.0	65112	33	39	66036	27	3908	2130	12
207.0	64742	8	9	66037	7	4127	3241	13
207.0	65193	23	19	66038	27	4475	2570	12
207.0	65818	18	13	66039	21	1802	3060	10
207.0	65163	34	40	66040	27	3746	1749	16
207.0	64945	16	12	66041	19	4038	3862	15
207.0	65484	33	30	66042	36	1225	2911	14
207.0	64867	31	30	66043	30	1036	2360	11
207.0	64659	27	31	66044	21	3611	1733	14
207.0	65744	15	10	66045	20	2324	4359	17
207.0	65501	29	31	66046	27	286	2858	15
207.0	64801	45	38	66047	48	2083	1949	16
208.0	65378	37	36	66048	35	1871	2769	11
208.0	63686	21	22	66049	18	2929	3868	15
208.0	64503	37	31	66050	40	3960	4117	12
208.0	64695	26	32	66051	19	1209	2439	14
208.0	63952	59	51	66052	49	4101	2540	13
208.0	65153	14	17	66053	11	858	2644	14
208.0	65122	18	19	66054	16	4481	2299	15
208.0	65562	22	20	66055	22	1629	2659	11
208.0	65219	10	8	66056	12	4050	3138	11
208.0	64170	15	10	66057	19	1380	3439	15
208.0	65362	41	32	66058	47	1272	3120	15
208.0	65679	44	32	66059	55	3631	1610	15
208.0	65261	23	23	66060	23	3340	1852	16
208.0	65173	20	17	66061	21	1531	2584	14
208.0	64711	32	37	66062	24	2501	2260	11
208.0	65518	19	15	66063	21	4159	2017	13
208.0	65855	32	26	66064	35	968	2252	15
208.0	65559	27	27	66065	26	1318	2802	9
208.0	64978	21	13	66066	28	1692	2479	13
208.0	64866	25	26	66067	23	1393	4129	15
208.0	65723	19	25	66068	12	289	3020	13
208.0	65807	10	8	66069	12	4610	2330	17
208.0	65343	27	27	66070	26	1511	2881	14
208.0	65190	27	30	66071	24	4350	2193	18
208.0	65556	36	33	66072	36	3660	1928	17
208.0	65322	38	32	66073	43	4222	2540	16
208.0	64981	8	10	66074	6	2587	4038	20
208.0	65744	10	8	66075	12	2289	4343	18
208.0	65756	28	31	66076	23	4373	1920	18
208.0	65030	18	13	66077	21	1296	2690	15
208.0	65430	27	28	66078	24	3151	1738	13
208.0	65451	34	24	66079	42	3681	1746	19
208.0	64687	15	17	66080	13	3190	3948	18
208.0	64569	19	15	66081	22	1821	2312	13
208.0	65444	23	26	66082	20	806	3427	13
209.0	65546	24	26	66083	21	3993	2021	17
209.0	65762	20	22	66084	17	1067	3436	15
209.0	65127	21	23	66085	19	1311	3062	14
209.0	65679	32	33	66086	28	3631	1610	16
209.0	65547	24	17	66087	30	860	3290	15
209.0	65490	14	19	66088	9	1320	2907	13
209.0	64541	13	15	66089	10	3410	1892	12
209.0	65219	8	7	66090	9	4050	3138	12
209.0	64808	28	32	66091	24	1420	2577	13
209.0	65378	36	38	66092	33	1871	2769	12
209.0	65176	23	22	66093	22	1298	3769	14
209.0	64907	18	17	66094	19	1346	2831	10
209.0	65149	20	18	66095	21	4269	2851	12
209.0	65228	26	26	66096	26	4228	1761	14
209.0	65201	18	25	66097	11	1241	2958	15
209.0	65416	47	43	66098	49	4662	3640	14
209.0	65903	39	40	66099	37	1810	2283	18
209.0	64889	10	12	66100	8	2918	4058	16
209.0	65510	12	12	66101	12	1839	2841	11
209.0	64923	45	39	66102	47	1612	2681	10
209.0	64721	27	27	66103	25	822	2354	11
209.0	65813	33	27	66104	37	1838	2352	13
209.0	63686	22	22	66105	19	2929	3868	16
209.0	65683	31	27	66106	31	3611	1710	13
209.0	65189	48	47	66107	45	1090	2853	12
209.0	65205	19	26	66108	12	1349	3342	14
209.0	65121	19	21	66109	15	789	2794	12
209.0	65570	22	23	66110	19	361	3051	12
209.0	65556	33	33	66111	32	3660	1928	18
209.0	65190	30	31	66112	29	4350	2193	19
210.0	65247	20	15	66113	23	1500	3177	13
210.0	65564	20	20	66114	17	1542	2929	11
210.0	65683	27	28	66115	24	3611	1710	14
210.0	65311	24	17	66116	30	1429	2470	11
210.0	64317	16	15	66117	17	1418	2736	11
210.0	64351	9	9	66118	8	1538	2641	12
210.0	65466	19	15	66119	21	495	2913	12
210.0	65276	24	29	66120	17	4152	1298	14
210.0	65344	43	49	66121	36	4164	1990	12
210.0	65091	15	18	66122	12	2439	4289	16
210.0	65346	15	12	66123	16	1577	2771	14
210.0	65263	27	29	66124	21	3069	3927	23
210.0	65614	29	33	66125	24	1020	2652	12
210.0	64739	36	35	66126	34	1237	2477	11
210.0	65547	17	13	66127	20	860	3290	16
210.0	65228	26	20	66128	31	4228	1761	15
210.0	65102	32	27	66129	36	1377	2060	14
210.0	64589	40	40	66130	38	1105	3098	16
210.0	65167	13	13	66131	13	1390	2872	14
210.0	64873	31	34	66132	28	742	2424	11
210.0	63833	18	14	66133	22	2630	2300	15
210.0	65490	19	19	66134	18	1320	2907	14
210.0	65336	18	15	66135	20	3346	1669	13
210.0	65290	23	31	66136	14	1692	2849	14
210.0	65335	19	21	66137	17	3930	3378	16
210.0	63446	4	4	66138	4	2540	4075	19
210.0	64923	39	33	66139	44	1612	2681	11
210.0	65396	10	11	66140	9	3936	1940	13
210.0	65162	17	20	66141	13	1618	3299	16
210.0	64833	48	47	66142	47	4711	2780	16
210.0	65510	12	11	66143	13	1839	2841	12
210.0	64498	19	22	66144	14	1300	3016	18
210.0	65454	12	11	66145	12	2521	2028	15
210.0	65137	23	29	66146	17	4324	2961	9
210.0	65082	27	24	66147	28	3651	1714	14
210.0	65108	23	18	66148	26	3595	1570	13
210.0	64700	29	26	66149	32	1139	2472	10
210.0	64331	38	37	66150	37	1573	2860	11
211.0	65810	28	23	66151	28	3934	3659	15
211.0	64635	20	16	66152	22	1630	3377	17
211.0	65265	27	20	66153	34	1219	2321	10
211.0	64819	24	24	66154	20	4189	3361	13
211.0	65440	20	20	66155	19	1130	3016	14
211.0	65188	34	27	66156	40	1644	2069	12
211.0	64748	15	16	66157	14	2898	1604	12
211.0	65066	25	27	66158	22	4635	1351	15
211.0	65201	25	22	66159	25	1241	2958	16
211.0	65314	40	38	66160	41	1528	2601	12
211.0	65650	21	23	66161	19	2580	3862	19
211.0	65416	43	42	66162	43	4662	3640	15
211.0	64353	13	12	66163	13	4436	1830	15
211.0	65336	15	15	66164	14	3346	1669	14
211.0	65091	18	22	66165	14	2439	4289	17
211.0	65355	35	36	66166	32	792	2630	10
211.0	64589	40	31	66167	47	1105	3098	17
211.0	65506	24	28	66168	19	1621	2798	10
211.0	65530	19	29	66169	8	1509	2651	11
211.0	65442	25	28	66170	21	4516	2123	16
211.0	65606	37	40	66171	33	1447	2343	14
211.0	64076	22	23	66172	18	320	2977	14
211.0	65602	26	25	66173	27	1094	2669	11
211.0	65401	6	7	66174	5	4456	2159	15
211.0	64967	21	20	66175	21	4123	1767	15
211.0	65300	22	19	66176	25	1230	2995	16
211.0	65247	15	15	66177	13	1500	3177	14
211.0	64674	12	14	66178	10	1526	3328	16
211.0	63770	28	26	66179	30	341	2823	14
212.0	65866	25	23	66180	25	854	2353	13
212.0	65521	29	29	66181	28	3242	1800	13
212.0	65000	16	20	66182	12	3266	1800	12
212.0	65267	24	21	66183	27	3791	1920	12
212.0	64617	28	25	66184	29	440	2891	16
212.0	65147	16	20	66185	12	1801	2790	11
212.0	65161	31	28	66186	33	1800	3221	13
212.0	65511	15	11	66187	19	3520	3589	17
212.0	65907	13	13	66188	12	3019	3879	17
212.0	65408	19	19	66189	19	1391	2450	15
212.0	65077	2	2	66190	2	2519	3719	20
212.0	64206	23	24	66191	22	1173	2527	14
212.0	64687	17	20	66192	14	3190	3948	19
212.0	65163	40	39	66193	41	3746	1749	17
212.0	65264	25	26	66194	23	108	2505	16
212.0	65466	15	15	66195	14	495	2913	13
212.0	65485	30	30	66196	29	1562	2398	11
212.0	65299	41	40	66197	40	1794	1698	15
212.0	64722	16	13	66198	18	4223	1932	14
212.0	64859	22	20	66199	24	4596	1993	19
212.0	65679	33	33	66200	31	3631	1610	17
212.0	63849	10	8	66201	11	4509	3170	16
212.0	65364	11	10	66202	12	1488	2578	14
212.0	65410	26	21	66203	30	1189	2556	11
212.0	65566	23	25	66204	19	1392	2486	13
212.0	65573	18	23	66205	12	4124	1872	16
212.0	65784	8	7	66206	9	3130	1762	19
212.0	65512	25	28	66207	22	4402	1617	15
212.0	64841	45	50	66208	37	3871	2001	17
212.0	65493	31	37	66209	23	991	2597	14
212.0	65531	22	30	66210	12	3370	1659	13
212.0	65522	29	29	66211	27	1230	2802	11
212.0	64525	23	31	66212	14	1611	2548	11
212.0	65497	10	12	66213	7	1529	2198	16
212.0	65414	24	22	66214	26	927	2936	16
212.0	64742	9	9	66215	9	4127	3241	14
212.0	65409	31	27	66216	29	1338	2158	10
212.0	65508	17	18	66217	15	2007	2179	12
212.0	65530	29	34	66218	22	1509	2651	12
212.0	65123	23	15	66219	31	3901	1797	18
212.0	65086	18	17	66220	17	3188	1819	11
212.0	65549	24	22	66221	25	1932	1577	13
212.0	65180	33	30	66222	35	1306	2148	9
212.0	65602	25	30	66223	17	1094	2669	12
213.0	65747	24	24	66224	22	773	2293	14
213.0	65400	20	14	66225	24	1290	2869	15
213.0	65266	23	23	66226	22	4131	3161	13
213.0	65839	47	51	66227	42	4379	1080	18
213.0	65539	46	44	66228	47	4096	1921	13
213.0	65466	15	12	66229	15	495	2913	14
213.0	65410	21	21	66230	21	1189	2556	12
213.0	65563	19	18	66231	17	4052	3623	18
213.0	65455	19	16	66232	17	709	2709	14
213.0	63483	27	29	66233	23	3633	1279	20
213.0	65214	25	21	66234	29	1358	2601	13
213.0	65612	16	18	66235	14	1107	3240	17
213.0	65566	25	24	66236	25	1392	2486	14
213.0	64942	22	27	66237	17	3730	2040	20
213.0	64459	24	26	66238	21	1371	2844	10
213.0	65337	21	16	66239	25	2707	4233	16
213.0	64316	24	22	66240	24	1519	3102	9
213.0	65030	13	13	66241	13	1296	2690	16
213.0	65678	24	17	66242	29	4579	2333	15
213.0	65253	37	33	66243	40	477	2585	12
213.0	65426	29	35	66244	23	2499	3989	21
213.0	65685	18	23	66245	13	3068	1708	16
213.0	65490	19	16	66246	21	1320	2907	15
213.0	65583	29	30	66247	26	1390	2844	10
213.0	65267	21	16	66248	26	3791	1920	13
213.0	64183	43	41	66249	42	4692	3611	16
213.0	65462	29	26	66250	32	4920	1400	14
213.0	65820	13	8	66251	17	3159	1696	18
213.0	65193	19	23	66252	13	4475	2570	13
213.0	63500	23	25	66253	21	3330	4355	17
213.0	64859	20	19	66254	21	4596	1993	20
214.0	65193	23	15	66255	31	4475	2570	14
214.0	65603	51	50	66256	48	1570	2987	15
214.0	65522	29	29	66257	29	1230	2802	12
214.0	65266	23	21	66258	25	4131	3161	14
214.0	65476	34	24	66259	37	1492	2497	9
214.0	64943	23	25	66260	20	1078	3039	16
214.0	65570	23	22	66261	20	361	3051	13
214.0	65309	17	16	66262	17	2551	4581	16
214.0	65806	26	25	66263	27	4418	3766	15
214.0	64712	16	14	66264	18	840	3280	15
214.0	65277	12	10	66265	14	4454	3281	15
214.0	65360	39	46	66266	30	3784	1200	12
214.0	65415	35	38	66267	29	1930	3569	18
214.0	65711	18	16	66268	20	1419	2888	13
214.0	65282	42	40	66269	42	1344	2641	11
214.0	65614	33	31	66270	34	1020	2652	13
214.0	64763	25	22	66271	28	4734	2832	15
214.0	65295	33	34	66272	31	1119	2260	14
214.0	65706	36	36	66273	35	4267	3428	15
214.0	65336	15	15	66274	15	3346	1669	15
214.0	65314	38	36	66275	36	1528	2561	13
214.0	65187	37	41	66276	32	4460	2461	15
214.0	66029	20	13	66277	26	4636	2268	17
214.0	64459	26	22	66278	29	1371	2844	11
214.0	65558	21	27	66279	13	1920	2104	11
214.0	64183	41	46	66280	36	4692	3611	17
214.0	66016	33	29	66281	33	1891	2081	13
214.0	65757	43	49	66282	37	1208	3137	15
214.0	65338	24	27	66283	21	3242	4134	17
214.0	65021	33	35	66284	30	929	3107	16
214.0	64923	33	30	66285	36	1612	2681	12
214.0	63483	29	35	66286	22	3633	1279	21
214.0	65583	30	26	66287	31	1390	2844	11
214.0	65300	19	15	66288	22	1230	2995	17
214.0	65559	27	29	66289	24	1388	2673	10
214.0	65966	24	21	66290	26	1680	3342	16
214.0	65046	24	21	66291	26	1119	2696	13
214.0	65507	23	20	66292	25	1307	3192	15
214.0	65898	21	29	66293	13	1261	3108	17
214.0	65771	37	33	66294	35	1487	2014	13
214.0	64604	27	28	66295	25	1502	3078	17
214.0	65994	10	9	66296	10	2509	3823	19
215.0	65571	21	18	66297	23	726	2294	13
215.0	65531	30	27	66298	30	3370	1659	14
215.0	66147	28	31	66299	23	3652	1653	15
215.0	65522	29	32	66300	26	1230	2802	13
215.0	65720	27	28	66301	25	4382	2048	16
215.0	65022	38	35	66302	38	1987	2330	19
215.0	65116	23	19	66303	27	1316	2740	18
215.0	66059	55	41	66304	59	3631	1587	16
215.0	65908	36	36	66305	35	61	2397	16
215.0	65454	11	7	66306	14	2521	2028	16
215.0	65868	15	15	66307	13	4173	3757	15
215.0	65741	25	25	66308	24	620	2830	13
215.0	65075	37	41	66309	29	4267	4488	14
215.0	65928	34	35	66310	32	1150	2551	12
215.0	65324	24	19	66311	29	3930	3859	14
215.0	65854	43	41	66312	43	4660	4652	14
215.0	64748	16	17	66313	13	2699	1683	13
215.0	65570	22	21	66314	23	361	3051	14
215.0	65084	10	12	66315	7	3716	3969	19
215.0	63483	35	38	66316	31	3633	1279	22
215.0	65848	19	16	66317	22	4240	2951	13
215.0	65900	22	20	66318	23	3013	4280	18
215.0	65455	16	16	66319	16	709	2709	15
215.0	65683	28	28	66320	25	3611	1710	15
215.0	65300	15	14	66321	15	1230	2995	18
215.0	64929	17	19	66322	14	5134	3552	14
215.0	65349	15	15	66323	13	3079	1516	25
215.0	65809	25	25	66324	23	1619	3149	14
215.0	65363	34	33	66325	33	4306	1910	13
215.0	65281	19	14	66326	22	3299	1771	13
215.0	64687	20	19	66327	21	3190	3948	20
215.0	65844	10	10	66328	10	4442	2280	16
215.0	65212	24	25	66329	22	4001	4282	19
215.0	64993	17	12	66330	21	3276	4200	17
215.0	63602	21	19	66331	21	1383	2130	13
216.0	65918	7	6	66332	8	4101	3230	12
216.0	63602	19	25	66333	13	1383	2130	14
216.0	64655	27	26	66334	28	1187	2831	15
216.0	65349	15	15	66335	15	3079	1516	26
216.0	65314	36	33	66336	36	1528	2561	14
216.0	64955	28	37	66337	19	233	3020	13
216.0	65733	25	30	66338	18	3081	1959	23
216.0	65414	22	20	66339	23	927	2936	17
216.0	64183	46	55	66340	33	4692	3611	18
216.0	65161	28	21	66341	34	1800	3221	14
216.0	65522	32	28	66342	35	1230	2802	14
216.0	65541	27	26	66343	25	1683	2052	14
216.0	65320	20	20	66344	20	1421	2433	15
216.0	65300	14	15	66345	12	1230	2995	19
216.0	64286	37	32	66346	39	3037	1609	14
216.0	65970	29	25	66347	32	1629	3287	16
216.0	64859	19	19	66348	18	4596	1993	21
216.0	65354	12	14	66349	10	4650	2393	16
216.0	65676	21	24	66350	17	336	2659	14
216.0	65741	25	31	66351	18	620	2830	14
216.0	65086	17	19	66352	14	3188	1819	12
216.0	65677	23	18	66353	27	1502	3433	16
216.0	65792	28	27	66354	27	1656	1951	12
216.0	64654	36	35	66355	33	1041	2945	15
216.0	64597	23	26	66356	20	1621	2840	11
216.0	65886	25	32	66357	18	1592	3849	14
216.0	65547	13	13	66358	11	860	3290	17
216.0	65158	17	17	66359	14	4259	3517	16
216.0	66252	13	16	66360	10	4517	2560	14
217.0	65494	49	43	66361	53	4962	763	15
217.0	65624	40	38	66362	41	1237	4226	11
217.0	65456	21	17	66363	24	1600	2447	13
217.0	65654	43	40	66364	46	4139	1448	15
217.0	65453	21	22	66365	20	2079	2250	16
217.0	65265	20	17	66366	23	1237	2209	11
217.0	65839	51	48	66367	51	4379	1080	19
217.0	65852	22	22	66368	21	1283	3191	16
217.0	65473	21	24	66369	17	1348	2569	14
217.0	65513	11	10	66370	12	1290	3330	15
217.0	65444	26	26	66371	25	841	3359	14
217.0	64706	41	37	66372	42	4005	1409	13
217.0	65194	37	33	66373	38	1388	3356	16
217.0	65446	35	34	66374	35	3122	4042	18
217.0	64655	26	21	66375	29	1187	2831	16
217.0	65541	26	24	66376	27	1683	2052	15
217.0	66019	30	32	66377	27	3262	1780	15
217.0	65574	52	40	66378	60	4747	2561	16
217.0	65253	33	32	66379	33	477	2585	13
217.0	65581	21	19	66380	20	1419	3420	10
217.0	65894	15	10	66381	19	3200	4238	17
217.0	65878	26	22	66382	27	3276	4218	17
217.0	65418	32	36	66383	27	1880	3020	10
217.0	65231	22	25	66384	19	535	2563	13
217.0	65508	18	20	66385	15	2007	2179	13
217.0	65503	27	23	66386	29	4051	4042	15
217.0	64686	35	37	66387	31	3909	4379	14
217.0	64410	33	35	66388	28	328	3074	11
217.0	65488	30	37	66389	20	1651	2300	12
217.0	64635	16	18	66390	13	1630	3377	18
217.0	64695	32	27	66391	35	1209	2439	15
217.0	63691	25	28	66392	18	4049	1521	14
217.0	65757	49	46	66393	50	1208	3137	16
217.0	65091	22	23	66394	21	2347	4590	18
218.0	65970	25	20	66395	29	1629	3287	17
218.0	64889	12	5	66396	18	2918	4058	17
218.0	64307	16	16	66397	16	4410	2235	16
218.0	64442	24	22	66398	25	4204	3439	16
218.0	65878	22	23	66399	20	3276	4218	18
218.0	64353	12	14	66400	9	4508	1872	16
218.0	63907	30	31	66401	27	771	2845	16
218.0	65439	19	24	66402	14	4197	1781	16
218.0	65485	30	28	66403	30	1562	2398	12
218.0	65652	20	22	66404	17	1241	2840	15
218.0	65420	28	27	66405	28	1053	2561	10
218.0	63526	15	12	66406	18	5172	2395	16
218.0	65310	10	8	66407	11	4179	2229	17
218.0	65194	33	36	66408	28	1388	3356	17
218.0	65712	14	12	66409	16	3180	3913	18
218.0	65553	28	30	66410	25	1162	2926	16
218.0	64549	5	3	66411	6	4461	2247	16
218.0	65488	37	37	66412	35	1651	2300	13
218.0	64382	44	39	66413	45	1598	2208	13
218.0	65022	35	30	66414	36	1987	2330	20
218.0	66033	19	21	66415	16	2960	3881	15
218.0	65894	10	7	66416	13	3200	4238	18
218.0	65565	42	36	66417	45	5008	2590	15
218.0	65812	45	44	66418	45	3837	4102	13
218.0	65654	40	40	66419	38	4139	1448	16
218.0	65668	40	42	66420	33	4380	1686	15
218.0	64963	20	17	66421	21	4046	3801	15
218.0	65723	25	22	66422	27	270	3020	14
218.0	66300	26	27	66423	25	1230	2733	14
218.0	66012	26	28	66424	22	780	3452	13
218.0	65839	48	39	66425	57	4379	1080	20
218.0	65533	33	36	66426	28	291	2830	13
218.0	65282	40	44	66427	34	1344	2641	12
218.0	64706	37	39	66428	31	4005	1409	14
218.0	65757	46	46	66429	44	1208	3137	17
218.0	64907	17	18	66430	14	1346	2831	11
218.0	65150	16	12	66431	20	1447	2280	11
218.0	65418	36	35	66432	36	1880	3020	11
218.0	65574	40	36	66433	40	4747	2561	17
218.0	65231	25	27	66434	21	535	2563	14
218.0	65416	42	48	66435	33	4648	3736	16
218.0	65928	35	34	66436	35	1203	2493	13
218.0	65357	14	14	66437	14	937	3284	14
218.0	64503	31	33	66438	26	3960	4117	13
218.0	65886	32	31	66439	32	1592	3849	15
219.0	65657	33	30	66440	35	3913	4357	17
219.0	65696	42	41	66441	39	4623	1478	17
219.0	66255	31	37	66442	25	4348	2450	15
219.0	65395	17	15	66443	17	456	2967	12
219.0	65357	14	13	66444	14	937	3284	15
219.0	66167	47	45	66445	46	1087	3098	18
219.0	64669	47	37	66446	53	4329	4226	13
219.0	66078	24	31	66447	16	3211	1682	14
219.0	65851	44	47	66448	39	4517	4229	13
219.0	65299	40	42	66449	36	1794	1698	16
219.0	64549	3	2	66450	4	4461	2247	17
219.0	65156	13	10	66451	15	1246	3108	17
219.0	65570	21	28	66452	13	361	3051	15
219.0	66067	23	22	66453	22	1577	4158	16
219.0	66249	42	38	66454	43	4634	3509	17
219.0	65994	9	11	66455	6	2509	3823	20
219.0	65435	26	21	66456	30	1599	2502	12
219.0	65904	18	16	66457	18	3080	1839	23
219.0	65490	16	15	66458	17	1320	2907	16
219.0	65402	45	51	66459	37	4783	3076	14
219.0	65760	19	16	66460	22	4110	3353	14
219.0	65964	15	11	66461	19	1319	3422	13
219.0	64876	18	11	66462	25	4213	3639	14
219.0	64924	22	28	66463	14	926	2808	12
219.0	65281	14	11	66464	16	3299	1771	14
219.0	65340	46	42	66465	48	4006	4858	13
219.0	65617	20	20	66466	18	1132	2862	17
219.0	65414	20	18	66467	22	927	2936	18
219.0	65649	26	23	66468	27	1230	3020	16
219.0	64349	44	45	66469	41	1265	1601	11
219.0	65363	33	30	66470	35	4306	1910	14
219.0	65320	20	17	66471	21	1421	2433	16
219.0	65928	34	37	66472	30	1260	2434	14
219.0	65095	15	18	66473	12	1839	1542	13
219.0	65565	36	30	66474	40	5008	2590	16
219.0	65584	24	28	66475	19	2260	2092	10
219.0	65307	19	24	66476	14	331	2952	14
219.0	64833	47	54	66477	38	4650	3422	17
219.0	65358	39	41	66478	37	977	2949	12
219.0	65799	17	18	66479	15	1360	3028	10
219.0	65231	27	17	66480	35	535	2563	15
220.0	65700	59	58	66481	42	4087	3839	13
220.0	64232	37	34	66482	39	3649	1900	19
220.0	65435	21	23	66483	19	1599	2502	13
220.0	64748	17	17	66484	16	2699	1683	14
220.0	65746	37	29	66485	44	1437	3149	15
220.0	65379	21	25	66486	15	1431	2550	12
220.0	64866	26	25	66487	26	1071	4217	16
220.0	65056	26	26	66488	26	4358	3651	15
220.0	64873	34	27	66489	40	742	2424	12
220.0	65340	42	41	66490	42	3915	4833	14
220.0	65563	18	14	66491	20	4208	3664	19
220.0	65542	31	28	66492	32	387	3177	14
220.0	64833	54	55	66493	45	4670	3548	18
220.0	65754	16	15	66494	12	1380	2990	10
220.0	65327	14	12	66495	14	3178	4179	17
220.0	64107	34	33	66496	33	1847	2071	14
220.0	65866	23	23	66497	22	935	2438	14
220.0	65214	21	22	66498	19	1358	2601	14
220.0	65014	17	13	66499	19	4140	2500	17
220.0	66381	19	19	66500	18	3171	4266	18
220.0	66200	31	36	66501	26	3658	1363	18
220.0	64597	26	19	66502	31	1621	2840	12
220.0	64669	37	33	66503	37	4374	4298	14
220.0	65267	16	13	66504	17	3791	1920	14
220.0	65954	20	19	66505	19	4140	2639	18
220.0	64943	25	24	66506	25	1078	3039	17
220.0	65524	26	28	66507	24	1148	2891	15
220.0	66203	30	28	66508	29	1189	2571	12
220.0	65760	16	17	66509	13	4110	3353	15
220.0	65174	56	51	66510	49	1727	2310	11
220.0	65634	9	10	66511	8	1721	2990	13
220.0	66056	12	15	66512	8	3992	3330	12
220.0	65775	13	13	66513	13	3152	1609	10
220.0	65357	13	15	66514	11	937	3284	16
220.0	65401	7	8	66515	6	4494	2159	16
220.0	65402	51	49	66516	50	4783	3076	15
220.0	65415	38	40	66517	34	1961	3947	19
220.0	65696	41	38	66518	42	4623	1478	18
220.0	64654	35	31	66519	37	1041	2945	16
220.0	65903	40	39	66520	39	1810	2283	19
220.0	65242	38	30	66521	44	1118	2898	13
220.0	65657	30	31	66522	28	3913	4357	18
221.0	65453	22	23	66523	21	2079	2250	17
221.0	65872	22	22	66524	22	1557	3349	14
221.0	65750	19	19	66525	18	1466	3361	13
221.0	65214	22	23	66526	20	1358	2601	15
221.0	66076	23	23	66527	23	4338	1892	19
221.0	65443	29	30	66528	28	1070	2692	12
221.0	64794	37	33	66529	40	1250	3310	16
221.0	65634	10	11	66530	8	1721	2990	14
221.0	66203	28	28	66531	27	1189	2571	13
221.0	65695	23	27	66532	18	4371	2134	16
221.0	65841	19	19	66533	19	1089	2927	16
221.0	65521	29	25	66534	32	3242	1800	14
221.0	64721	27	29	66535	23	822	2354	12
221.0	65018	36	26	66536	46	1568	1680	12
221.0	65723	22	27	66537	16	270	3020	15
221.0	64526	17	16	66538	16	936	3303	17
221.0	65960	24	20	66539	27	2406	2020	14
221.0	65488	37	31	66540	41	1651	2300	14
221.0	65190	31	41	66541	21	4350	2193	20
221.0	64232	34	36	66542	31	3649	1900	20
221.0	65446	34	32	66543	33	3060	4194	19
221.0	65567	12	13	66544	11	1497	3299	16
221.0	64885	12	12	66545	10	392	3047	14
221.0	65515	30	34	66546	25	1162	3634	15
221.0	65700	58	55	66547	45	4087	3839	14
221.0	65009	21	16	66548	26	3242	1780	15
221.0	64943	24	24	66549	23	1078	3039	18
221.0	65242	30	22	66550	37	1118	2898	14
221.0	65974	27	30	66551	23	621	2498	12
221.0	65276	29	27	66552	29	4152	1298	15
221.0	65249	37	39	66553	33	1462	3399	15
221.0	63451	17	17	66554	15	3284	1571	10
221.0	65806	25	22	66555	26	4418	3766	16
221.0	65571	18	16	66556	19	726	2294	14
222.0	64183	55	53	66557	47	4692	3611	19
222.0	65711	16	15	66558	17	1419	2888	14
222.0	65882	27	21	66559	29	2019	2300	16
222.0	65806	22	25	66560	17	4409	3836	17
222.0	63691	28	22	66561	30	4049	1521	15
222.0	65763	14	13	66562	15	3041	1526	25
222.0	64232	36	42	66563	27	3649	1900	21
222.0	66054	16	16	66564	16	4410	2283	16
222.0	65914	14	17	66565	10	1488	2478	16
222.0	65579	26	29	66566	23	1640	2459	12
222.0	64968	9	9	66567	9	2545	4161	18
222.0	65414	18	23	66568	12	932	2998	19
222.0	65756	31	34	66569	27	4441	2063	19
222.0	63451	17	16	66570	16	3284	1571	11
222.0	65737	35	32	66571	37	1241	2927	15
222.0	65153	17	17	66572	17	817	2683	15
222.0	65736	35	38	66573	30	4272	3307	16
222.0	65848	16	17	66574	15	4240	2951	14
222.0	65453	23	20	66575	25	2079	2250	18
222.0	65066	27	23	66576	29	4523	1514	16
222.0	66029	13	13	66577	13	4636	2268	18
222.0	64362	21	22	66578	18	890	2881	11
222.0	65700	55	42	66579	58	4087	3839	15
222.0	65988	33	29	66580	33	1859	1752	15
222.0	66078	31	26	66581	33	3294	1660	15
222.0	65642	14	8	66582	18	3679	3550	18
222.0	65855	26	24	66583	25	1107	2187	16
222.0	66274	15	11	66584	19	3317	1639	16
222.0	65589	24	24	66585	21	3872	1890	19
222.0	66407	11	10	66586	11	4232	2221	18
222.0	66359	14	11	66587	16	4168	3471	17
222.0	65757	46	39	66588	51	1190	3258	18
222.0	64569	15	16	66589	14	1729	2340	14
222.0	65408	19	19	66590	19	1391	2450	16
222.0	65656	30	29	66591	28	1297	3940	12
222.0	65438	23	18	66592	27	3049	4068	17
222.0	64885	12	10	66593	13	392	3047	15
223.0	65763	13	16	66594	10	3041	1526	26
223.0	65943	43	49	66595	36	4449	3813	16
223.0	65587	12	12	66596	12	2472	3839	18
223.0	65513	10	10	66597	9	1290	3330	16
223.0	66291	26	28	66598	24	1064	2721	14
223.0	65512	28	25	66599	30	4552	1470	16
223.0	65287	36	35	66600	35	2858	4296	17
223.0	64944	43	41	66601	42	4369	777	18
223.0	65589	24	23	66602	24	3872	1890	20
223.0	65643	23	24	66603	22	1128	2526	11
223.0	65221	26	23	66604	28	757	3236	13
223.0	65335	21	20	66605	22	3930	3378	17
223.0	65455	16	20	66606	10	697	2762	16
223.0	65344	49	53	66607	43	4164	1990	13
223.0	65693	35	37	66608	33	1351	2380	14
223.0	65920	15	12	66609	18	723	2602	15
223.0	65446	32	27	66610	37	3060	4194	20
223.0	65176	22	19	66611	25	1298	3769	15
223.0	65678	17	16	66612	17	4579	2333	16
223.0	65362	32	37	66613	27	1291	3120	16
223.0	63602	25	25	66614	23	1383	2130	15
223.0	65075	41	40	66615	40	4180	4529	15
223.0	66110	19	19	66616	18	320	3090	13
223.0	65617	20	23	66617	16	1132	2862	18
223.0	65544	18	22	66618	14	4122	3299	13
223.0	65850	29	28	66619	27	933	2589	11
223.0	64929	19	16	66620	21	5134	3552	15
223.0	65367	30	32	66621	27	3137	4000	16
223.0	65642	8	5	66622	9	3679	3550	19
223.0	65355	36	27	66623	43	704	2662	11
223.0	65276	27	30	66624	21	4152	1298	16
223.0	64945	12	9	66625	14	4149	3730	16
223.0	66381	19	18	66626	19	3171	4266	19
224.0	65379	25	24	66627	25	1431	2550	13
224.0	65719	23	24	66628	22	4558	2612	16
224.0	65707	35	33	66629	37	3269	1527	14
224.0	66033	21	21	66630	18	2960	3881	16
224.0	65778	23	19	66631	25	3930	1629	17
224.0	63602	25	22	66632	28	1383	2130	16
224.0	65732	14	18	66633	10	761	3287	16
224.0	65723	27	25	66634	28	270	3020	16
224.0	64891	25	27	66635	22	4124	3400	11
224.0	65284	45	41	66636	45	4454	2179	16
224.0	65666	33	37	66637	28	3607	4039	14
224.0	63907	31	27	66638	34	771	2845	17
224.0	65212	25	22	66639	27	4001	4282	20
224.0	65979	19	16	66640	21	418	3119	12
224.0	65645	22	23	66641	20	4491	1576	17
224.0	65530	34	33	66642	34	1509	2651	13
224.0	64993	12	13	66643	11	3319	4216	18
224.0	65452	43	33	66644	50	2649	1251	15
224.0	65021	35	31	66645	38	688	3073	17
224.0	64739	35	38	66646	31	1268	2208	12
224.0	64944	41	34	66647	42	4369	777	19
224.0	66208	37	44	66648	30	3890	1919	18
224.0	65285	31	31	66649	30	1153	2950	14
224.0	65602	30	29	66650	29	1094	2669	13
224.0	65685	23	26	66651	18	2972	1781	17
224.0	65276	30	26	66652	33	4152	1298	17
224.0	66128	31	33	66653	29	4360	1684	16
224.0	64955	37	32	66654	42	0	3028	14
224.0	65158	17	15	66655	19	4259	3517	17
224.0	65439	24	22	66656	25	4197	1781	17
224.0	64617	25	24	66657	26	440	2891	17
224.0	66218	22	21	66658	23	1509	2611	13
224.0	65367	32	29	66659	31	3137	4000	17
224.0	65942	16	15	66660	16	738	3277	16
224.0	65529	22	24	66661	19	202	2969	12
224.0	66059	41	31	66662	45	3631	1587	17
224.0	65281	11	11	66663	11	3319	1771	15
224.0	65430	28	24	66664	30	3184	1670	14
224.0	66243	40	43	66665	36	300	2784	13
224.0	65903	39	41	66666	33	1810	2283	20
224.0	64706	39	40	66667	38	4185	1342	15
224.0	65189	47	43	66668	48	899	2781	13
224.0	65388	38	33	66669	41	1611	2240	12
224.0	66178	10	7	66670	12	1511	3313	17
224.0	64695	27	25	66671	28	1209	2439	16
224.0	65988	29	38	66672	20	1859	1752	16
225.0	66176	25	28	66673	22	1161	2980	17
225.0	65310	8	7	66674	8	4179	2229	18
225.0	66016	29	26	66675	31	2089	1498	14
225.0	65338	27	23	66676	30	3655	4030	18
225.0	65782	26	28	66677	23	1129	3593	18
225.0	65123	15	16	66678	14	4014	1691	19
225.0	65212	22	15	66679	28	4001	4282	21
225.0	65707	33	30	66680	33	3269	1527	15
225.0	65799	18	19	66681	16	1360	3028	11
225.0	65719	24	27	66682	21	4558	2612	17
225.0	64955	32	34	66683	29	0	3028	15
225.0	64868	31	33	66684	29	1611	3100	12
225.0	65778	19	22	66685	16	3930	1629	18
225.0	65398	29	28	66686	29	4379	2361	17
225.0	65501	31	35	66687	27	280	3003	16
225.0	65550	29	31	66688	27	1110	3046	14
225.0	66243	43	41	66689	41	300	2784	14
225.0	66329	22	23	66690	20	4021	4343	20
225.0	65328	50	60	66691	37	4619	1685	14
225.0	65775	13	10	66692	14	3152	1609	11
225.0	65756	34	34	66693	33	4441	2063	20
225.0	65666	37	37	66694	35	3607	4039	15
225.0	65893	20	22	66695	16	2898	4534	17
225.0	65706	36	35	66696	35	4267	3428	16
225.0	65916	28	25	66697	31	1069	2900	15
225.0	65703	24	20	66698	27	3433	1630	15
225.0	63849	8	8	66699	5	4500	3055	17
225.0	63770	26	25	66700	27	189	2836	15
226.0	65174	51	57	66701	42	1727	2310	12
226.0	65417	38	43	66702	31	1229	1736	10
226.0	65462	26	22	66703	29	4933	1469	15
226.0	65541	24	24	66704	23	1683	2052	16
226.0	65123	16	20	66705	11	4059	1667	20
226.0	63952	51	56	66706	43	4510	2541	14
226.0	65754	15	15	66707	13	1380	2990	11
226.0	66100	8	7	66708	9	2892	4069	17
226.0	65581	19	15	66709	18	1419	3420	11
226.0	65095	18	22	66710	14	1839	1542	14
226.0	65700	42	38	66711	44	4087	3839	16
226.0	64410	35	32	66712	35	349	2833	12
226.0	65578	31	29	66713	31	1619	2213	15
226.0	65190	41	45	66714	37	4350	2193	21
226.0	65263	29	28	66715	29	2957	4381	24
226.0	66058	47	44	66716	48	1333	3120	16
226.0	65834	40	39	66717	41	919	3835	17
226.0	65691	32	34	66718	27	1109	2641	11
226.0	65553	30	34	66719	25	1147	2911	17
226.0	65771	33	34	66720	29	1388	1881	14
226.0	66621	27	29	66721	24	3093	4000	17
226.0	65814	25	22	66722	26	528	2816	13
226.0	65894	7	9	66723	5	3208	4272	19
226.0	65870	27	32	66724	21	3639	1702	13
226.0	65488	31	32	66725	29	1651	2300	15
226.0	65986	8	9	66726	7	466	3240	14
226.0	65524	28	31	66727	25	1148	2891	16
226.0	65904	16	18	66728	14	3080	1839	24
226.0	65291	3	3	66729	3	1690	3090	11
226.0	65455	20	22	66730	18	697	2762	17
226.0	65212	15	18	66731	12	4001	4282	22
226.0	65533	36	36	66732	31	207	2856	14
226.0	65893	22	19	66733	22	2898	4534	18
226.0	65753	15	16	66734	13	430	2954	13
226.0	64654	31	36	66735	25	1041	2945	17
227.0	65986	9	8	66736	9	466	3240	15
227.0	66194	23	25	66737	20	264	2480	17
227.0	65696	38	48	66738	27	4623	1478	19
227.0	65457	45	43	66739	44	3822	4212	16
227.0	63446	4	3	66740	5	2540	4075	20
227.0	66211	27	27	66741	26	1260	2802	12
227.0	66695	16	18	66742	13	2884	4501	18
227.0	65300	15	14	66743	14	1230	2995	20
227.0	65833	26	27	66744	25	1532	2167	11
227.0	65128	29	27	66745	30	3129	4097	21
227.0	65782	28	22	66746	34	1129	3593	19
227.0	65845	30	20	66747	39	4603	1902	16
227.0	66086	28	27	66748	27	3813	1517	17
227.0	65040	36	43	66749	26	83	2681	13
227.0	65212	18	18	66750	18	4001	4282	23
227.0	65091	23	20	66751	24	2294	4638	19
227.0	65684	16	16	66752	16	4282	1811	17
227.0	66025	21	14	66753	26	982	2252	15
227.0	66108	12	16	66754	8	1262	3392	15
227.0	66380	20	17	66755	23	1461	3428	11
227.0	65108	18	19	66756	17	3537	1568	14
227.0	65488	32	27	66757	35	1651	2300	16
227.0	65656	29	36	66758	19	1297	3940	13
227.0	65581	15	9	66759	20	1419	3420	12
227.0	66100	7	5	66760	9	2892	4069	18
227.0	65549	22	25	66761	16	1932	1577	14
227.0	63510	11	13	66762	9	1487	3478	16
227.0	65932	41	43	66763	34	4389	2672	13
227.0	65266	21	19	66764	22	4190	3197	15
227.0	65904	18	15	66765	21	3080	1839	25
227.0	64867	30	31	66766	28	982	2051	12
227.0	65775	10	7	66767	13	3152	1609	12
227.0	65688	18	17	66768	18	4379	2222	16
227.0	64503	33	28	66769	36	3960	4117	14
227.0	65553	34	41	66770	24	1147	2911	18
227.0	65193	15	14	66771	14	4482	2519	15
227.0	66078	26	22	66772	30	3294	1660	16
227.0	65973	20	17	66773	21	4383	1922	19
227.0	65180	30	28	66774	28	1249	2210	10
227.0	65529	24	22	66775	24	202	2969	13
227.0	66148	26	25	66776	26	3615	1570	14
228.0	65654	40	42	66777	36	4139	1448	17
228.0	66166	32	32	66778	31	781	2640	11
228.0	66282	37	38	66779	34	716	3472	16
228.0	65815	24	25	66780	21	1038	3213	10
228.0	65755	26	26	66781	25	1081	2996	14
228.0	66583	25	25	66782	25	1242	2172	17
228.0	64763	22	23	66783	20	4525	2749	16
228.0	65428	20	17	66784	23	4460	2344	14
228.0	65844	10	10	66785	10	4439	2233	17
228.0	66012	28	28	66786	26	780	3452	14
228.0	64048	29	31	66787	27	1580	3741	13
228.0	66165	14	14	66788	14	2592	4308	18
228.0	65235	15	16	66789	13	1427	3050	15
228.0	65400	14	11	66790	15	1290	2869	16
228.0	65309	16	14	66791	17	2503	4598	17
228.0	65066	23	23	66792	19	4537	1658	17
228.0	65612	18	9	66793	23	982	3318	18
228.0	65360	46	52	66794	39	3592	1145	13
228.0	65833	27	25	66795	28	1532	2167	12
228.0	65688	17	17	66796	15	4379	2222	17
228.0	66109	15	16	66797	13	674	2828	13
228.0	65829	30	24	66798	32	1298	2830	18
228.0	66321	15	20	66799	9	1210	2993	19
228.0	63691	22	25	66800	18	4049	1521	16
228.0	64867	31	30	66801	30	982	2051	13
228.0	64655	21	21	66802	20	1187	2831	17
228.0	66682	21	12	66803	27	4545	2559	18
228.0	63770	25	25	66804	25	189	2836	16
228.0	66045	20	20	66805	20	2547	4584	18
228.0	66695	18	19	66806	16	2884	4501	19
228.0	64686	37	41	66807	32	3815	4401	15
228.0	65930	11	7	66808	14	590	2699	14
228.0	65276	26	30	66809	22	4152	1298	18
228.0	65046	21	22	66810	17	699	2711	14
228.0	66267	29	25	66811	33	1930	3553	19
228.0	64307	16	14	66812	17	4410	2235	17
228.0	65490	15	11	66813	18	1320	2907	17
228.0	65961	29	32	66814	23	191	2629	16
228.0	66067	22	22	66815	22	1625	4108	17
228.0	65964	11	11	66816	10	1319	3422	14
228.0	66076	23	19	66817	26	4301	1836	20
228.0	66200	36	34	66818	35	3631	1270	19
228.0	65172	42	43	66819	40	4946	3383	17
229.0	65570	28	33	66820	22	361	3051	16
229.0	65868	15	17	66821	11	4328	3624	16
229.0	65843	29	30	66822	28	629	3035	13
229.0	65416	48	55	66823	39	4728	3947	17
229.0	66583	25	28	66824	21	1242	2172	18
229.0	66330	21	26	66825	16	3291	4039	18
229.0	65024	36	41	66826	29	1900	2330	11
229.0	66323	13	14	66827	12	2870	1591	26
229.0	66354	27	26	66828	28	1711	1694	13
229.0	65851	47	50	66829	42	4522	4323	14
229.0	65961	32	28	66830	35	191	2629	17
229.0	66249	38	39	66831	36	4349	3272	18
229.0	64635	18	19	66832	17	1630	3377	19
229.0	64945	9	8	66833	10	4149	3730	17
229.0	65992	18	19	66834	17	732	2548	16
229.0	65693	37	33	66835	40	1071	2369	15
229.0	66294	35	30	66836	37	1562	2269	14
229.0	66128	33	37	66837	27	4360	1684	17
229.0	65988	38	33	66838	41	1950	1783	17
229.0	64549	2	0	66839	4	4461	2247	18
229.0	65910	35	35	66840	33	990	3282	17
229.0	65515	34	36	66841	31	1000	3580	16
229.0	65055	26	26	66842	25	1482	1949	13
229.0	64629	35	33	66843	37	4281	1957	17
229.0	66203	28	32	66844	23	1189	2571	14
229.0	65084	12	11	66845	13	3719	4060	20
229.0	64929	16	12	66846	20	5134	3552	16
229.0	65833	25	26	66847	23	1532	2167	13
229.0	65908	36	33	66848	37	0	2376	17
229.0	65501	35	36	66849	32	280	3003	17
229.0	65721	25	27	66850	22	3551	1662	13
229.0	65863	32	30	66851	31	1605	1961	9
229.0	65617	23	22	66852	23	1132	2862	19
229.0	65547	13	8	66853	18	860	3290	18
229.0	65369	23	22	66854	23	652	2681	14
229.0	65380	42	40	66855	43	1290	3156	16
229.0	65265	17	15	66856	18	1287	2183	12
229.0	66197	40	40	66857	38	1487	1271	16
229.0	65066	23	23	66858	20	4586	1712	18
229.0	65318	25	23	66859	26	4190	1932	14
229.0	65493	37	31	66860	39	991	2597	15
229.0	63526	12	12	66861	11	5172	2395	17
229.0	65398	28	29	66862	26	4379	2361	18
229.0	64687	19	19	66863	17	3190	3948	21
229.0	65829	24	22	66864	24	1298	2830	19
229.0	66392	18	15	66865	19	4207	1477	15
229.0	66029	13	10	66866	15	4636	2268	19
229.0	65276	30	31	66867	29	4152	1298	19
229.0	65755	26	22	66868	30	1081	2996	15
230.0	65493	31	33	66869	27	991	2597	16
230.0	65494	43	38	66870	45	4980	650	16
230.0	65357	15	13	66871	16	937	3284	17
230.0	66480	35	31	66872	38	591	2499	16
230.0	66491	20	17	66873	21	4277	3698	20
230.0	66277	26	28	66874	24	4661	2421	18
230.0	65398	29	30	66875	27	4379	2361	19
230.0	64963	17	20	66876	13	4186	3859	16
230.0	65647	34	41	66877	25	1431	3463	15
230.0	66057	19	20	66878	17	1380	3459	16
230.0	65084	11	13	66879	8	3719	4060	21
230.0	65354	14	13	66880	15	4685	2430	17
230.0	65846	20	16	66881	24	1212	2831	15
230.0	65725	47	48	66882	46	4692	3653	15
230.0	66444	14	12	66883	15	1081	3348	16
230.0	64866	25	29	66884	21	1071	4217	17
230.0	63778	16	19	66885	13	2461	1920	12
230.0	66407	10	8	66886	12	4242	2180	19
230.0	64945	8	6	66887	9	4149	3730	18
230.0	66082	20	19	66888	20	716	3521	14
230.0	65696	48	45	66889	47	4623	1478	20
230.0	65910	35	38	66890	32	990	3282	18
230.0	64349	45	48	66891	42	1265	1601	12
230.0	65943	49	52	66892	46	4369	3611	17
230.0	64353	14	11	66893	16	4528	1921	17
230.0	65127	23	26	66894	20	1311	3062	15
230.0	65666	37	36	66895	36	3449	3942	16
230.0	65444	26	21	66896	29	757	3478	15
230.0	65021	31	31	66897	29	552	3129	18
230.0	65324	19	20	66898	17	4067	4011	15
230.0	65782	22	26	66899	18	1129	3593	20
230.0	65771	34	32	66900	35	1388	1881	15
230.0	65263	28	27	66901	26	2957	4381	25
230.0	65121	21	19	66902	23	896	2740	13
230.0	65134	10	12	66903	8	2298	3901	18
230.0	65277	10	7	66904	13	4454	3281	16
230.0	65844	10	9	66905	11	4439	2233	18
230.0	65924	33	31	66906	34	327	2104	15
230.0	66007	19	24	66907	14	1338	3707	13
230.0	65776	37	37	66908	35	1449	1821	11
230.0	66291	28	26	66909	30	1064	2721	15
230.0	65056	26	22	66910	28	4503	3822	16
230.0	65670	54	49	66911	51	4530	1115	16
230.0	66568	12	14	66912	10	987	2979	20
231.0	65703	20	16	66913	24	3433	1630	16
231.0	65354	13	10	66914	16	4685	2430	18
231.0	64503	28	30	66915	25	3960	4117	15
231.0	65623	37	32	66916	41	5137	3824	14
231.0	65533	36	34	66917	36	207	2856	15
231.0	65910	38	38	66918	36	990	3282	19
231.0	65668	42	43	66919	36	4531	1418	16
231.0	65947	15	16	66920	13	2521	4252	18
231.0	65299	42	47	66921	33	1794	1698	17
231.0	66219	31	29	66922	30	4030	1812	19
231.0	66709	18	23	66923	13	1352	3412	12
231.0	64362	22	18	66924	25	890	2881	12
231.0	66252	16	19	66925	13	4567	2538	15
231.0	64876	11	10	66926	12	4436	3661	15
231.0	66513	13	15	66927	11	3208	1681	11
231.0	65493	33	35	66928	28	991	2597	17
231.0	65656	36	37	66929	31	1297	3940	14
231.0	65324	20	16	66930	23	4067	4011	16
231.0	66002	15	7	66931	21	2938	1498	15
231.0	63526	12	9	66932	15	5172	2395	18
231.0	65055	26	24	66933	25	1500	1882	14
231.0	64700	26	24	66934	27	1073	2497	11
231.0	65798	14	14	66935	14	3251	4189	17
231.0	63483	38	39	66936	34	3166	1311	23
231.0	65122	19	10	66937	26	4507	2350	16
231.0	64629	33	33	66938	31	4281	1957	18
231.0	65943	52	46	66939	54	4369	3611	18
231.0	65636	25	24	66940	24	1729	3871	13
231.0	66243	41	43	66941	39	300	2784	15
231.0	65134	12	12	66942	11	2298	3901	19
231.0	66297	23	20	66943	26	821	2394	14
231.0	66028	30	27	66944	31	4082	2030	13
231.0	65747	24	24	66945	23	773	2293	15
231.0	65814	22	29	66946	15	528	2816	14
231.0	64526	16	15	66947	16	899	3350	18
231.0	65513	10	9	66948	10	1290	3330	17
231.0	66255	37	29	66949	41	4348	2450	16
231.0	66027	26	28	66950	24	5017	3547	17
231.0	64272	10	9	66951	10	2400	2059	14
231.0	66261	20	19	66952	17	331	3024	14
231.0	65157	19	14	66953	23	894	3431	11
231.0	66053	11	10	66954	10	865	2460	15
232.0	63526	9	9	66955	8	5172	2395	19
232.0	65666	36	34	66956	36	3370	3882	17
232.0	65697	34	33	66957	33	4011	1617	19
232.0	64170	10	11	66958	9	1450	3341	16
232.0	65647	41	47	66959	35	1431	3463	16
232.0	64955	34	28	66960	35	0	3028	16
232.0	66513	15	14	66961	15	3208	1681	12
232.0	66250	32	38	66962	25	5013	1376	15
232.0	65792	27	22	66963	30	1656	1951	13
232.0	65401	8	5	66964	10	4494	2159	17
232.0	63849	8	7	66965	9	4500	3055	18
232.0	65190	45	48	66966	41	4350	2193	22
232.0	65799	19	23	66967	15	1360	3028	12
232.0	65417	43	47	66968	36	1294	1663	11
232.0	66255	29	29	66969	27	4348	2450	17
232.0	65299	47	35	66970	56	1794	1698	18
232.0	65949	29	30	66971	25	731	2704	14
232.0	65636	24	32	66972	16	1729	3871	14
232.0	66715	29	26	66973	31	2957	4417	25
232.0	66453	22	19	66974	24	1630	4134	17
232.0	66014	19	20	66975	18	1449	3814	16
232.0	65747	24	19	66976	26	773	2293	16
232.0	65915	25	24	66977	23	1869	3340	18
232.0	65264	26	27	66978	25	19	2344	17
232.0	66693	33	23	66979	42	4379	1738	21
232.0	65722	35	34	66980	33	4246	4632	18
232.0	64739	38	43	66981	32	1330	1936	13
232.0	66248	26	24	66982	27	3829	1920	14
232.0	65440	20	21	66983	17	1130	3016	15
232.0	63483	39	34	66984	44	3090	1278	24
232.0	66227	42	39	66985	43	4386	990	19
232.0	66127	20	17	66986	22	486	3192	17
232.0	66478	37	36	66987	36	872	3097	13
232.0	66008	27	32	66988	22	1279	2477	13
232.0	65814	29	23	66989	32	528	2816	15
232.0	65524	31	31	66990	30	1148	2891	17
232.0	65930	7	11	66991	3	590	2699	15
232.0	66489	40	33	66992	46	662	2464	13
232.0	65668	43	42	66993	43	4531	1418	17
232.0	65121	19	17	66994	21	896	2740	14
232.0	66128	37	43	66995	30	4360	1684	18
232.0	65150	12	16	66996	8	1447	2280	12
232.0	66420	33	33	66997	32	4341	1769	16
232.0	66043	30	28	66998	32	1165	2041	12
232.0	66614	23	22	66999	24	1422	2023	16
233.0	66323	14	13	67000	15	2870	1591	27
233.0	65570	33	23	67001	39	461	3168	17
233.0	66043	28	19	67002	35	1087	2033	13
233.0	65722	34	29	67003	37	4246	4632	19
233.0	65866	23	21	67004	25	1056	2408	15
233.0	64927	43	39	67005	44	1196	5187	12
233.0	65501	36	29	67006	40	280	3003	18
233.0	66103	25	30	67007	20	737	2354	12
233.0	65792	22	19	67008	25	1656	1951	14
233.0	65807	8	5	67009	10	4630	2308	18
233.0	66541	21	21	67010	21	4301	2241	21
233.0	65713	16	15	67011	16	3107	4179	16
233.0	65905	31	30	67012	29	1551	3976	15
233.0	65937	23	16	67013	30	700	3203	15
233.0	66127	17	15	67014	18	486	3192	18
233.0	66349	10	15	67015	5	4702	2390	17
233.0	65854	41	33	67016	46	4803	4493	15
233.0	66519	37	37	67017	36	1010	2958	17
233.0	65710	16	15	67018	16	1649	3613	17
233.0	64833	55	59	67019	41	4449	3577	19
233.0	66568	14	13	67020	14	987	2979	21
233.0	65018	26	23	67021	27	1584	1603	13
233.0	66638	34	37	67022	30	651	3180	18
233.0	65987	17	18	67023	16	373	3006	14
233.0	65362	37	39	67024	32	1291	3120	17
233.0	66064	35	36	67025	33	908	1677	16
233.0	65565	30	32	67026	26	5008	2590	17
233.0	65440	21	25	67027	17	1130	3016	16
233.0	65894	9	8	67028	10	3208	4272	20
233.0	63483	34	29	67029	37	3016	1271	25
233.0	65959	39	42	67030	34	3439	4154	17
233.0	64706	40	36	67031	44	4185	1342	16
233.0	65855	24	19	67032	27	954	1971	17
233.0	65614	31	33	67033	27	988	2876	14
233.0	64410	32	32	67034	31	527	2716	13
233.0	65908	33	36	67035	28	0	2376	18
233.0	65676	24	20	67036	28	31	2595	15
233.0	66134	18	16	67037	19	1359	2890	15
233.0	65985	37	36	67038	38	1469	3667	15
233.0	66877	25	25	67039	24	1401	3433	16
233.0	66096	26	23	67040	27	4240	1773	15
233.0	65553	41	48	67041	31	1147	2911	19
233.0	65902	29	33	67042	24	3941	4307	14
233.0	65834	39	33	67043	42	919	3835	18
233.0	65668	42	44	67044	37	4531	1418	18
233.0	65962	20	22	67045	14	895	3231	14
233.0	65753	16	14	67046	18	430	2954	14
233.0	65979	16	15	67047	16	407	3168	13
233.0	66392	15	17	67048	13	4245	1439	16
234.0	65979	15	17	67049	12	407	3168	14
234.0	65744	8	8	67050	8	2141	4000	19
234.0	65091	20	18	67051	22	2294	4638	20
234.0	66075	12	12	67052	11	2304	4343	19
234.0	66480	31	34	67053	27	591	2499	17
234.0	65905	30	33	67054	26	1617	4006	16
234.0	64967	20	21	67055	18	4188	1552	16
234.0	65936	27	25	67056	28	2832	4307	19
234.0	66500	18	14	67057	21	3171	4249	19
234.0	66726	7	10	67058	4	488	3231	15
234.0	65513	9	11	67059	7	1290	3330	18
234.0	65563	14	11	67060	17	4121	3888	20
234.0	65349	15	16	67061	14	3079	1516	27
234.0	66387	31	32	67062	30	3676	4278	15
234.0	65617	22	19	67063	24	1132	2800	20
234.0	66638	37	37	67064	33	651	3180	19
234.0	66740	5	3	67065	7	2540	4057	21
234.0	66470	35	31	67066	37	4419	2163	15
234.0	66562	15	14	67067	15	3029	1678	26
234.0	64076	23	20	67068	23	264	2926	15
234.0	66392	17	18	67069	15	4245	1439	17
234.0	66349	15	15	67070	14	4702	2390	18
234.0	65806	25	20	67071	29	4292	3908	18
234.0	66472	30	33	67072	27	1260	2447	15
234.0	65434	31	32	67073	28	4239	3658	15
234.0	66384	19	15	67074	23	669	2588	14
234.0	65242	22	24	67075	18	1098	2898	15
234.0	66596	12	13	67076	11	2478	3881	19
234.0	64686	41	41	67077	40	3774	4500	16
234.0	65683	28	18	67078	36	3611	1710	16
234.0	65225	19	15	67079	21	961	2868	17
234.0	66519	37	32	67080	41	1010	2958	18
234.0	66223	17	19	67081	14	944	2622	13
234.0	64876	10	9	67082	11	4478	3659	16
234.0	65932	43	50	67083	34	4389	2672	14
234.0	65854	33	33	67084	32	4803	4493	16
234.0	65959	42	34	67085	48	3439	4154	18
234.0	65921	24	25	67086	23	372	3289	13
234.0	66103	30	28	67087	32	737	2354	13
234.0	65570	23	20	67088	26	461	3168	18
234.0	65040	43	39	67089	44	43	2494	14
234.0	66583	28	30	67090	25	1242	2172	19
234.0	65953	16	14	67091	15	5108	3526	14
234.0	66575	25	20	67092	27	1878	1972	19
234.0	64503	30	33	67093	27	3960	4117	16
234.0	66527	23	24	67094	22	4420	2086	20
234.0	66767	13	14	67095	12	3191	1632	13
234.0	66311	29	25	67096	30	3837	3968	15
234.0	65531	27	27	67097	26	3370	1659	15
234.0	65851	50	47	67098	49	4416	4353	15
234.0	65974	30	27	67099	32	621	2498	13
234.0	65462	22	23	67100	21	4920	1529	16
235.0	66233	23	24	67101	21	3657	1491	21
235.0	64885	10	11	67102	9	386	3088	16
235.0	64669	33	31	67103	34	4682	4401	15
235.0	65979	17	18	67104	16	407	3168	15
235.0	66030	8	11	67105	5	2609	4038	20
235.0	65264	27	26	67106	27	19	2344	18
235.0	65527	36	37	67107	35	3251	4143	18
235.0	66127	15	14	67108	15	486	3192	19
235.0	66467	22	22	67109	20	942	2936	19
235.0	66310	32	30	67110	32	1140	2541	13
235.0	65649	23	19	67111	27	1230	3038	17
235.0	65363	30	30	67112	29	4306	1910	15
235.0	65074	33	32	67113	32	3650	841	11
235.0	65636	32	22	67114	41	1729	3871	15
235.0	66174	5	5	67115	5	4466	2169	16
235.0	65852	22	19	67116	24	1251	3259	17
235.0	66726	10	9	67117	11	488	3231	16
235.0	65253	32	31	67118	33	477	2585	14
235.0	64801	38	36	67119	38	2611	1880	17
235.0	66029	10	9	67120	10	4636	2268	20
235.0	65654	42	42	67121	38	3931	1472	18
235.0	65584	28	24	67122	31	2400	1556	11
235.0	65295	34	32	67123	35	830	2067	15
235.0	66107	45	45	67124	44	943	2710	13
235.0	66583	30	26	67125	34	1242	2172	20
235.0	64353	11	9	67126	13	4528	1921	18
235.0	64676	24	25	67127	23	4334	1739	18
235.0	66122	12	10	67128	12	2413	4369	17
235.0	66462	25	28	67129	22	4100	3527	15
235.0	65349	16	18	67130	14	3079	1516	28
235.0	66767	14	13	67131	10	3191	1632	14
235.0	65719	27	25	67132	28	4558	2612	18
235.0	66614	22	20	67133	23	1422	2023	17
235.0	65982	30	27	67134	31	1198	2320	14
235.0	65415	40	38	67135	40	1961	3947	20
235.0	63602	22	26	67136	18	1383	2130	17
235.0	65778	22	15	67137	26	3931	1572	19
235.0	65355	27	23	67138	31	704	2662	12
235.0	66038	27	30	67139	23	4496	2621	13
235.0	65697	33	29	67140	35	4011	1617	20
235.0	66384	15	13	67141	17	669	2588	15
235.0	66641	20	19	67142	20	4481	1773	18
235.0	65249	39	32	67143	42	1462	3399	16
235.0	65340	41	39	67144	41	3675	4912	15
235.0	65720	28	28	67145	27	4259	1922	17
235.0	66239	25	22	67146	27	2694	4220	17
235.0	66774	28	34	67147	20	1103	2257	11
235.0	66457	18	12	67148	22	3080	1871	24
235.0	65681	23	17	67149	29	301	3063	10
236.0	65946	39	35	67150	42	3831	1394	13
236.0	65686	21	22	67151	20	3010	1388	23
236.0	66733	22	24	67152	19	2898	4515	19
236.0	66282	38	45	67153	30	595	3599	17
236.0	66476	14	14	67154	14	331	2937	15
236.0	65402	49	34	67155	61	4783	3076	16
236.0	64362	18	18	67156	18	890	2881	13
236.0	65264	26	19	67157	29	19	2344	19
236.0	65444	21	20	67158	18	757	3478	16
236.0	65937	16	15	67159	16	700	3203	16
236.0	66244	23	31	67160	13	2490	3980	22
236.0	66367	51	48	67161	50	4389	1305	20
236.0	66316	31	24	67162	35	3862	1401	23
236.0	65030	13	13	67163	11	1168	2729	17
236.0	66260	20	22	67164	18	1109	3070	17
236.0	66439	32	25	67165	36	1845	4270	16
236.0	66895	36	38	67166	34	3430	4019	17
236.0	66012	28	22	67167	33	780	3452	15
236.0	66084	17	15	67168	18	1079	3448	16
236.0	66313	13	13	67169	13	2560	1509	14
236.0	66125	24	27	67170	20	1054	2629	13
236.0	66239	22	20	67171	23	2694	4220	18
236.0	65741	31	33	67172	26	497	2802	15
236.0	65775	7	9	67173	4	3152	1609	13
236.0	65792	19	20	67174	16	1699	1920	15
236.0	65358	41	38	67175	43	830	3106	13
236.0	66122	10	6	67176	14	2413	4369	18
236.0	64139	23	28	67177	18	1040	2375	11
236.0	66277	28	30	67178	25	4648	2408	19
236.0	65253	31	35	67179	25	477	2585	15
236.0	65448	7	9	67180	5	4301	2200	18
236.0	65121	17	17	67181	16	938	2774	15
236.0	65918	6	5	67182	7	4101	3230	13
236.0	65968	29	34	67183	22	975	3410	18
236.0	64943	24	24	67184	22	1078	3039	19
236.0	65814	23	22	67185	23	528	2816	16
236.0	65969	19	17	67186	21	1261	2840	15
236.0	66601	42	37	67187	44	4405	1009	19
236.0	65913	31	33	67188	28	579	3286	11
237.0	66262	17	23	67189	10	2512	4569	17
237.0	65172	43	43	67190	42	4997	3558	18
237.0	66184	29	27	67191	30	448	2880	17
237.0	66158	22	19	67192	24	4633	1303	16
237.0	65681	17	16	67193	16	301	3063	11
237.0	65263	27	17	67194	36	2957	4381	26
237.0	65969	17	17	67195	16	1261	2840	16
237.0	66364	46	45	67196	43	4179	1448	16
237.0	65998	19	18	67197	16	1372	3400	14
237.0	65900	20	24	67198	15	2952	4277	19
237.0	66084	15	13	67199	16	1127	3471	17
237.0	66556	19	17	67200	20	738	2294	15
237.0	65194	36	34	67201	37	1272	3477	18
237.0	67095	12	13	67202	11	3161	1661	14
237.0	66162	43	44	67203	40	4662	3653	16
237.0	63602	26	29	67204	22	1383	2130	18
237.0	66239	20	25	67205	15	2694	4220	19
237.0	66325	33	32	67206	32	4568	1934	14
237.0	65964	11	13	67207	9	1319	3422	15
237.0	66513	14	15	67208	13	3208	1730	13
237.0	65762	22	16	67209	28	1021	3668	16
237.0	65786	29	33	67210	24	1460	2630	17
237.0	65771	32	34	67211	30	1388	1881	16
237.0	66616	18	10	67212	24	363	3133	14
237.0	65958	39	37	67213	36	4197	3822	13
237.0	66578	18	15	67214	20	932	2880	12
237.0	66068	12	10	67215	14	241	3033	14
237.0	66077	21	16	67216	24	1269	2641	16
237.0	66351	18	17	67217	19	631	2841	15
237.0	65004	18	17	67218	17	3801	4040	14
237.0	65329	35	37	67219	32	1291	3451	14
237.0	66367	48	50	67220	45	4389	1305	21
237.0	66310	30	27	67221	30	1140	2541	14
237.0	66110	19	20	67222	18	348	3118	14
237.0	65420	27	25	67223	27	1129	2205	11
237.0	65691	34	31	67224	37	1109	2641	12
237.0	65221	23	25	67225	19	757	3236	14
237.0	66800	18	19	67226	16	4031	1521	17
237.0	66680	33	31	67227	35	3350	1477	16
238.0	65426	35	32	67228	37	2268	4344	22
238.0	65958	37	43	67229	30	4197	3822	14
238.0	65850	28	24	67230	29	839	2506	12
238.0	66380	17	14	67231	20	1532	3601	12
238.0	65190	48	44	67232	50	4350	2193	23
238.0	65985	36	33	67233	38	1469	3667	16
238.0	66638	37	32	67234	40	651	3180	20
238.0	65609	25	23	67235	27	613	2116	11
238.0	66423	25	28	67236	21	1170	2772	15
238.0	65617	19	24	67237	13	1132	2800	21
238.0	65379	24	25	67238	21	1431	2550	14
238.0	65900	24	21	67239	25	2952	4277	20
238.0	65747	19	18	67240	19	773	2293	17
238.0	65457	43	43	67241	41	3822	4212	17
238.0	64739	43	44	67242	41	1351	1834	14
238.0	65732	18	21	67243	15	761	3287	17
238.0	65091	18	21	67244	15	2294	4638	21
238.0	65892	14	12	67245	14	756	2807	12
238.0	65624	38	39	67246	36	1374	4337	12
238.0	65452	33	26	67247	38	2649	1251	16
238.0	64955	28	24	67248	30	0	3028	17
238.0	66329	23	26	67249	19	4122	4558	21
238.0	65102	27	32	67250	21	1377	2060	15
238.0	65512	25	25	67251	24	4552	1470	17
238.0	65934	24	21	67252	25	4665	1982	18
238.0	66731	12	12	67253	11	4130	4238	23
238.0	65654	42	44	67254	37	3733	1439	19
238.0	65524	31	34	67255	27	1148	2891	18
238.0	65681	16	12	67256	20	301	3063	12
238.0	66683	29	30	67257	25	154	3186	16
238.0	65908	36	39	67258	32	0	2376	19
238.0	66620	21	20	67259	22	5172	3552	16
238.0	65961	28	28	67260	28	191	2629	18
238.0	65018	23	20	67261	25	1657	1591	14
238.0	66491	17	15	67262	18	4277	3698	21
238.0	66381	18	18	67263	18	3217	4050	20
238.0	66264	18	16	67264	20	820	3280	16
238.0	65803	19	21	67265	15	307	3021	11
238.0	65657	31	29	67266	30	3913	4357	19
238.0	66364	45	45	67267	42	4291	1494	17
238.0	66305	35	26	67268	43	326	2379	17
238.0	65918	5	6	67269	3	4101	3230	14
238.0	66286	22	24	67270	20	3823	1470	22
238.0	66110	20	12	67271	25	376	3146	15
238.0	65928	37	35	67272	36	1303	2260	15
238.0	66312	43	41	67273	42	4571	4949	15
238.0	65095	22	17	67274	26	1525	1790	15
238.0	66947	16	20	67275	12	910	3350	19
238.0	64927	39	46	67276	29	1196	5187	13
238.0	66172	18	16	67277	18	307	2964	15
238.0	66284	30	32	67278	25	965	3191	17
239.0	65720	28	28	67279	26	4259	1922	18
239.0	66103	28	32	67280	21	737	2354	14
239.0	65684	16	17	67281	15	4282	1811	18
239.0	66388	28	21	67282	32	372	3118	12
239.0	66280	36	29	67283	42	4677	3596	18
239.0	66293	13	13	67284	12	1280	3108	18
239.0	65187	41	37	67285	43	4452	2560	16
239.0	65753	14	17	67286	10	430	2954	15
239.0	66693	23	29	67287	17	4265	1679	22
239.0	64076	20	13	67288	26	264	2926	16
239.0	66087	30	31	67289	28	892	3290	16
239.0	65806	20	24	67290	16	4269	3964	19
239.0	66638	32	23	67291	38	568	3180	21
239.0	64503	33	30	67292	35	3960	4117	17
239.0	65645	23	15	67293	30	4477	1462	18
239.0	65920	12	14	67294	9	723	2602	16
239.0	65150	16	12	67295	20	1447	2280	13
239.0	65318	23	25	67296	21	4190	1932	15
239.0	65606	40	36	67297	42	1433	1861	15
239.0	65962	22	27	67298	16	895	3231	15
239.0	66408	28	24	67299	31	1231	3282	18
239.0	65547	8	10	67300	6	841	3290	19
239.0	65636	22	26	67301	18	1729	3871	16
239.0	66593	13	16	67302	10	403	3058	16
239.0	65683	18	20	67303	15	3611	1710	17
239.0	66357	18	18	67304	18	2072	4191	15
239.0	66420	33	34	67305	29	4341	1769	17
239.0	63500	25	24	67306	25	3127	4539	18
239.0	65328	60	54	67307	46	4655	1541	15
239.0	66329	26	29	67308	22	4178	4603	22
239.0	67032	27	30	67309	21	1209	1807	18
239.0	65679	33	21	67310	43	3801	1610	18
239.0	64526	15	14	67311	15	800	3346	19
239.0	65657	29	18	67312	39	3913	4357	20
239.0	66170	21	18	67313	23	4567	2110	17
239.0	66086	27	21	67314	33	3812	1434	18
239.0	65719	25	21	67315	27	4558	2612	19
239.0	65958	43	38	67316	45	4197	3822	15
239.0	65934	21	18	67317	24	4665	1982	19
239.0	66142	47	42	67318	47	4964	2618	17
239.0	65766	24	20	67319	27	2006	1760	14
239.0	65928	35	40	67320	29	1303	2260	16
239.0	65563	11	12	67321	9	4121	3888	21
239.0	64955	24	22	67322	26	0	3028	18
239.0	65015	41	38	67323	42	1662	1639	9
239.0	66406	18	18	67324	16	5158	2381	17
239.0	65918	6	9	67325	3	4101	3230	15
239.0	66807	32	33	67326	29	3743	4551	16
239.0	66350	17	14	67327	20	347	2659	15
240.0	63907	27	24	67328	27	830	2733	18
240.0	64745	21	21	67329	21	1091	2940	17
240.0	65821	27	23	67330	30	3781	4161	12
240.0	66748	27	19	67331	30	3679	1553	18
240.0	65920	14	12	67332	16	723	2602	17
240.0	66593	16	17	67333	14	403	3058	17
240.0	66034	21	18	67334	24	852	2591	14
240.0	66400	9	7	67335	11	4441	1825	17
240.0	65532	29	30	67336	28	3540	1547	15
240.0	66679	28	22	67337	34	4043	4264	22
240.0	66195	14	17	67338	11	487	2902	14
240.0	65986	8	8	67339	8	463	3199	16
240.0	66035	28	30	67340	25	563	2539	13
240.0	66406	18	22	67341	13	5158	2381	18
240.0	64526	14	13	67342	14	752	3355	20
240.0	65446	27	21	67343	32	2858	4263	21
240.0	66266	30	30	67344	29	3881	1339	13
240.0	65187	37	35	67345	36	4452	2560	17
240.0	65874	38	34	67346	40	70	2528	14
240.0	65992	19	16	67347	21	732	2548	17
240.0	65678	16	13	67348	18	4589	2391	17
240.0	65807	5	4	67349	6	4630	2308	19
240.0	65570	20	23	67350	16	461	3168	19
240.0	66045	20	22	67351	17	2547	4584	19
240.0	66043	19	26	67352	12	973	2043	14
240.0	65766	20	21	67353	17	2006	1760	15
240.0	66536	46	46	67354	44	1655	950	13
240.0	65426	32	27	67355	36	2268	4344	23
240.0	66272	31	33	67356	28	1086	2002	15
240.0	65694	35	27	67357	41	4448	1858	15
240.0	65645	15	14	67358	16	4477	1462	19
240.0	66243	43	48	67359	38	300	2784	16
240.0	65924	31	27	67360	32	404	2098	16
240.0	66408	24	17	67361	30	1231	3282	19
240.0	63952	56	50	67362	50	4510	2541	15
240.0	66282	45	50	67363	38	551	3709	18
240.0	66554	15	16	67364	14	3320	1288	11
240.0	66082	19	19	67365	19	677	3477	15
240.0	66484	16	15	67366	17	2722	1312	15
240.0	65855	19	21	67367	16	954	1971	18
240.0	66453	19	17	67368	21	1630	4134	18
240.0	66308	24	17	67369	31	768	2877	14
240.0	66322	14	14	67370	14	5339	3389	15
240.0	65910	38	41	67371	34	990	3282	20
240.0	67066	37	40	67372	33	4410	1944	16
240.0	66992	46	41	67373	48	744	2408	14
240.0	66153	34	26	67374	41	1313	2211	11
240.0	65581	9	5	67375	13	1419	3420	13
240.0	66249	39	39	67376	38	4349	3272	19
240.0	66964	10	10	67377	10	4483	2169	18
241.0	66322	14	13	67378	14	5388	3373	16
241.0	65501	29	32	67379	25	280	3003	19
241.0	65369	22	20	67380	23	652	2681	15
241.0	66203	32	32	67381	32	1189	2571	15
241.0	65324	16	8	67382	23	4119	4019	17
241.0	65912	23	22	67383	24	1138	3099	16
241.0	65075	40	53	67384	26	4180	4529	16
241.0	66153	26	31	67385	19	1313	2211	12
241.0	64993	13	17	67386	9	3363	4200	19
241.0	66064	36	29	67387	43	1070	1636	17
241.0	66148	25	23	67388	24	3620	1638	15
241.0	65532	30	26	67389	33	3540	1547	16
241.0	65542	28	33	67390	22	387	3177	15
241.0	66583	26	22	67391	28	1242	2172	21
241.0	66266	30	21	67392	39	3881	1339	14
241.0	66165	14	13	67393	15	2592	4308	19
241.0	65157	14	14	67394	14	850	3460	12
241.0	63770	25	28	67395	22	89	3012	17
241.0	66678	14	13	67396	15	4010	1658	20
241.0	66223	19	17	67397	20	930	2451	14
241.0	66637	28	24	67398	28	3661	4166	15
241.0	64876	9	8	67399	10	4593	3668	17
241.0	66973	31	29	67400	31	2972	4417	26
241.0	63952	50	54	67401	45	4510	2541	16
241.0	66463	14	12	67402	16	926	2831	13
241.0	65122	10	11	67403	8	4507	2350	17
241.0	67042	24	28	67404	20	3924	4290	15
241.0	66964	10	7	67405	12	4483	2169	19
241.0	66316	24	19	67406	29	3926	1430	24
241.0	66959	35	36	67407	33	1492	3499	17
241.0	66067	22	25	67408	18	1625	4108	18
241.0	66774	34	38	67409	28	1106	2341	12
241.0	66229	15	13	67410	17	516	2887	15
241.0	66794	39	44	67411	32	3603	1133	14
241.0	66417	45	39	67412	49	5162	2477	16
241.0	66436	35	31	67413	38	1203	2480	14
241.0	65675	49	55	67414	41	3599	1541	15
241.0	66379	33	32	67415	33	477	2642	14
241.0	65905	33	27	67416	37	1783	4051	17
241.0	65953	14	7	67417	21	5108	3526	15
241.0	64873	27	33	67418	16	597	2359	13
241.0	66462	28	25	67419	28	4100	3527	16
241.0	66509	13	10	67420	12	4090	3462	16
241.0	66082	19	20	67421	17	650	3422	16
241.0	66392	18	19	67422	17	4245	1439	18
241.0	65744	8	9	67423	6	2141	4000	20
241.0	66357	18	20	67424	16	2072	4191	16
241.0	65409	27	22	67425	31	1338	2158	11
241.0	66731	12	15	67426	8	4131	4192	24
241.0	66351	17	16	67427	18	631	2841	16
241.0	65678	13	14	67428	12	4589	2391	18
241.0	66149	32	27	67429	36	882	2319	11
242.0	65547	10	8	67430	11	841	3290	20
242.0	66328	10	4	67431	15	4426	2280	17
242.0	65723	25	19	67432	30	0	3267	17
242.0	66691	37	37	67433	34	5021	1579	15
242.0	66386	29	26	67434	32	4158	3780	16
242.0	66339	23	19	67435	27	722	3154	18
242.0	65424	23	20	67436	25	822	3472	11
242.0	66766	28	29	67437	25	1205	2011	13
242.0	64866	29	28	67438	29	939	4310	18
242.0	64944	34	41	67439	26	4061	44	20
242.0	66007	24	18	67440	28	1338	3707	14
242.0	65878	23	21	67441	24	3283	4552	19
242.0	65565	32	32	67442	30	5185	2750	18
242.0	65696	45	48	67443	41	4263	1483	21
242.0	66222	35	36	67444	32	1237	2148	10
242.0	67042	28	26	67445	28	3859	4266	16
242.0	66346	39	36	67446	37	3261	1550	15
242.0	64706	36	43	67447	26	4203	1251	17
242.0	66964	7	7	67448	7	4483	2169	20
242.0	65985	33	35	67449	30	1597	3761	17
242.0	65409	22	24	67450	19	1338	2158	12
242.0	65905	27	21	67451	32	1783	4051	18
242.0	65705	30	31	67452	28	2750	1732	24
242.0	66087	31	27	67453	34	892	3290	17
242.0	65157	14	16	67454	12	850	3460	13
242.0	66371	25	25	67455	24	859	3359	15
242.0	65549	25	29	67456	21	1765	1349	15
242.0	66153	31	34	67457	27	1313	2211	13
242.0	66462	25	23	67458	24	4100	3527	17
242.0	66678	13	14	67459	10	4010	1658	21
242.0	66667	38	36	67460	38	4287	1346	16
242.0	66351	16	13	67461	19	631	2841	17
242.0	66436	31	31	67462	29	1203	2480	15
242.0	66608	33	33	67463	32	1341	2389	15
242.0	65434	32	29	67464	34	4311	3696	16
242.0	65121	17	11	67465	23	988	2778	16
242.0	66418	45	42	67466	46	3870	4397	14
242.0	64546	21	16	67467	24	2284	1317	19
242.0	65623	32	33	67468	31	5248	3710	15
242.0	65074	32	25	67469	35	3650	841	12
242.0	66025	14	14	67470	11	982	2252	16
242.0	65766	21	25	67471	16	2006	1760	16
242.0	64989	14	10	67472	18	3740	3812	15
242.0	66360	10	8	67473	12	4500	2560	15
242.0	64183	53	46	67474	54	4692	3611	20
242.0	66423	28	26	67475	30	1170	2772	16
242.0	65369	20	24	67476	15	652	2681	16
242.0	66045	22	29	67477	14	2547	4584	20
242.0	65987	18	15	67478	19	547	2971	15
242.0	67124	44	44	67479	42	961	2710	14
242.0	65947	16	15	67480	14	2521	4252	19
242.0	66392	19	14	67481	24	4245	1439	19
242.0	64873	33	32	67482	31	597	2359	14
243.0	63849	7	10	67483	4	4539	2882	19
243.0	66227	39	40	67484	36	4392	1098	20
243.0	66907	14	16	67485	12	1320	3746	14
243.0	65696	48	48	67486	46	4263	1483	22
243.0	66678	14	15	67487	12	4010	1658	22
243.0	64867	30	30	67488	30	894	1611	14
243.0	63526	9	8	67489	10	5178	2548	20
243.0	65409	24	26	67490	22	1338	2158	13
243.0	66462	23	22	67491	22	4100	3527	18
243.0	66429	44	45	67492	43	1220	3149	18
243.0	64139	28	24	67493	30	1040	2375	12
243.0	65947	15	14	67494	16	2521	4252	20
243.0	65018	20	18	67495	20	1657	1591	15
243.0	66578	15	17	67496	12	932	2880	13
243.0	66250	38	37	67497	37	5045	1471	16
243.0	65617	24	13	67498	30	1132	2800	22
243.0	66476	14	14	67499	14	331	2937	16
243.0	66046	27	25	67500	26	471	2770	16
243.0	65395	15	13	67501	14	456	2967	13
243.0	65814	22	15	67502	29	576	2858	17
243.0	66469	41	40	67503	42	1332	1698	12
243.0	66166	32	28	67504	34	781	2640	12
243.0	65584	24	27	67505	20	2467	1558	12
243.0	65503	23	19	67506	25	4051	4042	16
243.0	66740	3	3	67507	3	2540	4057	22
243.0	66448	39	31	67508	44	4526	4238	14
243.0	66780	21	19	67509	21	1048	3262	11
243.0	65295	32	32	67510	32	600	2225	16
243.0	64526	13	13	67511	12	662	3316	21
243.0	65771	34	24	67512	43	1388	1881	17
243.0	66436	31	32	67513	26	1203	2480	16
243.0	66109	16	14	67514	17	674	2828	14
243.0	67257	25	16	67515	31	154	3170	17
243.0	65416	55	55	67516	45	4751	4199	18
243.0	65839	39	43	67517	34	4455	877	21
243.0	67120	10	13	67518	7	4617	2268	21
243.0	66200	34	35	67519	32	3582	1101	20
243.0	66904	13	14	67520	12	4638	3327	17
243.0	66940	24	22	67521	25	1716	3901	14
243.0	66219	29	25	67522	32	4030	1812	20
243.0	65570	23	16	67523	29	461	3168	20
243.0	65937	15	17	67524	12	700	3203	17
243.0	66736	9	11	67525	7	530	3205	16
243.0	65676	20	22	67526	17	31	2595	16
243.0	66001	26	22	67527	30	5123	2312	15
243.0	65623	33	37	67528	27	5248	3710	16
243.0	64686	41	41	67529	40	3774	4500	17
243.0	66957	33	29	67530	35	3998	1649	20
243.0	64362	18	12	67531	23	890	2881	14
243.0	64706	43	46	67532	37	4203	1251	18
243.0	65902	33	39	67533	26	3957	4323	15
243.0	65309	14	17	67534	11	2503	4598	18
243.0	66343	25	17	67535	29	1669	2038	15
243.0	65930	11	11	67536	11	459	2680	16
243.0	66253	21	16	67537	24	3462	4360	18
243.0	66734	13	10	67538	16	441	2965	14
243.0	66337	19	13	67539	23	174	2994	14
243.0	66702	31	26	67540	34	1372	1666	11
243.0	65388	33	38	67541	26	1611	2240	13
243.0	66446	53	45	67542	55	4577	4523	14
243.0	65021	31	26	67543	35	518	3276	19
243.0	66346	36	32	67544	37	3261	1550	16
243.0	66199	24	21	67545	26	4487	1990	20
243.0	66425	57	45	67546	55	5155	83	21
243.0	66096	23	24	67547	19	4240	1773	16
243.0	65574	36	32	67548	36	5391	2225	18
244.0	65982	27	26	67549	27	1198	2320	15
244.0	64362	12	11	67550	12	890	2881	15
244.0	66763	34	31	67551	36	4360	2799	14
244.0	66991	3	1	67552	5	590	2715	16
244.0	67035	28	30	67553	25	270	2461	19
244.0	66535	23	23	67554	21	806	2278	13
244.0	66454	43	36	67555	46	4559	3098	18
244.0	65656	37	36	67556	34	1297	3940	15
244.0	66426	28	24	67557	32	97	2351	14
244.0	65978	27	30	67558	24	840	2014	14
244.0	65762	16	13	67559	17	1021	3668	17
244.0	66820	22	23	67560	18	361	3070	17
244.0	66857	38	32	67561	40	1487	1255	17
244.0	66578	17	20	67562	12	932	2880	14
244.0	66555	26	26	67563	24	4450	3849	17
244.0	64967	21	23	67564	18	4196	1491	17
244.0	66560	17	16	67565	18	4303	3812	18
244.0	66128	43	41	67566	41	4360	1684	19
244.0	66445	46	43	67567	49	573	3083	19
244.0	66421	21	23	67568	19	4133	3781	16
244.0	66027	28	26	67569	29	5044	3867	18
244.0	66904	14	19	67570	9	4638	3327	18
244.0	63500	24	20	67571	28	3038	4613	19
244.0	66221	25	29	67572	20	1877	1579	14
244.0	65533	34	32	67573	33	38	2889	16
244.0	64546	16	17	67574	14	2250	1277	20
244.0	64139	24	19	67575	28	987	2418	13
244.0	65834	33	36	67576	29	919	3835	19
244.0	65894	8	4	67577	12	3169	4278	21
244.0	66592	27	24	67578	29	3070	4068	18
244.0	66444	12	14	67579	8	1084	3391	17
244.0	67033	27	26	67580	28	1041	2748	15
244.0	66614	20	23	67581	16	1422	2023	18
244.0	65340	39	33	67582	45	3580	4937	16
244.0	65937	17	16	67583	17	700	3203	18
244.0	65529	22	22	67584	21	136	2954	14
244.0	66200	35	29	67585	41	3582	1101	21
244.0	66166	28	33	67586	22	781	2640	13
244.0	65503	19	17	67587	21	4051	4042	17
244.0	65693	33	31	67588	30	1071	2369	16
244.0	65307	24	16	67589	32	350	2787	15
244.0	65452	26	21	67590	30	2649	1251	17
244.0	65329	37	42	67591	31	1291	3451	15
245.0	66093	22	20	67592	23	1534	4078	15
245.0	67223	27	20	67593	32	987	2217	12
245.0	66082	20	13	67594	26	650	3422	17
245.0	66884	21	21	67595	20	1298	4181	18
245.0	66805	20	22	67596	16	2530	4527	19
245.0	66128	41	47	67597	33	4360	1684	20
245.0	66158	19	15	67598	22	4633	1303	17
245.0	66002	7	5	67599	6	2938	1498	16
245.0	66893	16	17	67600	13	4547	1921	18
245.0	65005	35	37	67601	32	2079	4061	17
245.0	65978	30	31	67602	29	840	2014	15
245.0	66426	24	24	67603	24	97	2351	15
245.0	65503	17	23	67604	10	4051	4042	18
245.0	66035	30	35	67605	24	563	2539	14
245.0	66476	14	11	67606	16	331	2937	17
245.0	66490	42	40	67607	39	3776	4591	15
245.0	66609	18	20	67608	15	790	2398	16
245.0	66560	16	19	67609	13	4303	3812	19
245.0	65533	32	32	67610	29	38	2889	17
245.0	64967	23	24	67611	21	4196	1491	18
245.0	65654	44	50	67612	35	3461	1292	20
245.0	66822	28	24	67613	32	472	3063	14
245.0	66452	13	12	67614	13	361	3051	16
245.0	64170	11	12	67615	8	1450	3341	17
245.0	66108	16	12	67616	18	1138	3239	16
245.0	65402	34	38	67617	27	4783	3076	17
245.0	66775	24	18	67618	29	0	2930	14
245.0	65095	17	12	67619	21	1471	1819	16
245.0	66510	49	50	67620	45	1821	2019	12
245.0	65040	39	37	67621	39	0	2402	15
245.0	66611	25	24	67622	26	1259	3593	16
245.0	66795	28	26	67623	30	1398	2230	13
245.0	66897	29	29	67624	28	592	2978	19
245.0	66515	6	8	67625	4	4509	2159	17
245.0	66514	11	14	67626	7	922	3269	17
245.0	67282	32	43	67627	19	387	3118	13
245.0	65307	16	15	67628	16	350	2787	16
245.0	65631	33	38	67629	28	4270	2261	19
245.0	64959	20	24	67630	16	2170	3852	16
245.0	66887	9	12	67631	5	4250	3804	19
245.0	66429	45	40	67632	48	1220	3149	19
245.0	66730	18	18	67633	16	690	2734	18
245.0	67220	45	40	67634	47	4389	1325	22
246.0	65943	46	49	67635	38	4570	3267	19
246.0	65084	13	11	67636	15	3650	4130	22
246.0	66309	29	26	67637	31	4367	4484	15
246.0	64503	30	30	67638	27	3960	4117	18
246.0	67409	28	31	67639	25	1160	2309	13
246.0	67293	30	29	67640	29	4387	1442	19
246.0	67032	30	36	67641	20	1209	1807	19
246.0	64617	24	30	67642	18	440	2891	18
246.0	67271	25	27	67643	22	389	3216	16
246.0	66050	40	39	67644	39	3880	4037	13
246.0	65762	13	13	67645	13	1021	3668	18
246.0	66490	40	33	67646	42	3776	4591	16
246.0	66452	12	9	67647	13	361	3051	17
246.0	66057	20	22	67648	18	1380	3459	17
246.0	66480	34	33	67649	35	591	2499	18
246.0	66476	11	10	67650	11	331	2937	18
246.0	65459	21	19	67651	22	1518	3799	12
246.0	65725	48	49	67652	41	4692	3653	16
246.0	65263	17	16	67653	18	2957	4381	27
246.0	65766	25	26	67654	23	2006	1760	17
246.0	66158	15	19	67655	9	4633	1303	18
246.0	67220	40	40	67656	36	4389	1325	23
246.0	65722	29	30	67657	28	4355	4948	20
246.0	66560	19	16	67658	20	4303	3812	20
246.0	66775	18	16	67659	19	0	2930	15
246.0	66702	26	27	67660	24	1372	1666	12
246.0	66319	16	14	67661	18	739	2659	16
246.0	66465	48	54	67662	37	3766	5886	14
246.0	65908	39	31	67663	41	0	2376	20
246.0	67021	27	27	67664	24	1401	1521	14
246.0	66604	28	25	67665	27	721	3001	14
246.0	66087	27	27	67666	27	892	3290	18
246.0	63952	54	52	67667	48	4510	2541	17
246.0	66510	50	48	67668	49	1821	2019	13
246.0	65040	37	41	67669	30	0	2402	16
246.0	66612	17	13	67670	20	4579	2353	17
246.0	64967	24	22	67671	26	4196	1491	19
246.0	66993	43	36	67672	47	4518	1430	18
246.0	65529	22	19	67673	25	110	2885	15
246.0	66893	17	11	67674	21	4547	1921	19
246.0	66580	33	36	67675	27	1772	1781	16
246.0	64349	48	49	67676	45	1265	1601	13
246.0	66197	40	43	67677	33	1489	1172	17
246.0	66014	20	24	67678	16	1449	3814	17
246.0	66598	24	24	67679	23	1050	2768	15
246.0	65986	8	7	67680	9	463	3199	17
246.0	66429	40	31	67681	47	1220	3149	20
246.0	65542	33	30	67682	32	387	3177	16
246.0	66276	32	33	67683	30	4440	2598	16
246.0	65694	27	29	67684	24	4561	1763	16
246.0	66025	14	15	67685	13	982	2252	17
247.0	65040	41	41	67686	38	0	2402	17
247.0	67021	27	29	67687	24	1401	1521	15
247.0	64700	24	26	67688	22	820	2365	12
247.0	67062	30	24	67689	36	3628	4407	16
247.0	66993	36	35	67690	36	4518	1430	19
247.0	65725	49	48	67691	47	4692	3653	17
247.0	65876	35	33	67692	34	3638	1015	20
247.0	63952	52	51	67693	49	4510	2541	18
247.0	65515	36	38	67694	32	915	3578	17
247.0	65696	48	46	67695	50	4263	1483	23
247.0	65549	29	30	67696	27	1634	1280	16
247.0	66950	24	18	67697	29	5063	3572	18
247.0	66245	13	13	67698	12	3082	1670	17
247.0	66888	20	22	67699	18	666	3388	15
247.0	65299	35	31	67700	36	2086	1591	19
247.0	66610	37	42	67701	32	3071	4182	21
247.0	66098	49	54	67702	43	4422	3403	15
247.0	66276	33	38	67703	27	4440	2598	17
247.0	67246	36	42	67704	28	1298	4310	13
247.0	66214	26	36	67705	16	747	2947	17
247.0	66142	42	42	67706	41	4964	2618	18
247.0	66429	31	32	67707	28	1220	3149	21
247.0	65741	33	29	67708	34	431	2840	16
247.0	66801	30	29	67709	30	1133	1918	14
247.0	66943	26	24	67710	27	900	2510	15
247.0	67138	31	27	67711	34	662	2984	13
247.0	66551	23	19	67712	26	566	2443	13
247.0	63500	20	17	67713	22	3038	4613	20
247.0	65985	35	32	67714	36	1650	3848	18
247.0	65691	31	30	67715	29	1109	2641	13
247.0	66838	41	37	67716	40	1931	1711	18
247.0	66775	16	17	67717	15	0	2930	16
247.0	67165	36	32	67718	38	1857	4257	17
247.0	66800	19	19	67719	19	3868	1572	18
247.0	66194	25	22	67720	28	231	2665	18
247.0	67223	20	14	67721	24	987	2217	13
247.0	66779	34	34	67722	31	649	3253	17
247.0	66158	19	17	67723	20	4633	1303	19
247.0	66491	15	10	67724	19	4320	3669	22
247.0	66987	36	38	67725	33	961	3123	14
247.0	66510	48	43	67726	53	1821	2019	14
247.0	66501	26	29	67727	21	3548	831	19
247.0	66928	28	25	67728	29	961	2550	18
247.0	65908	31	32	67729	29	0	2376	21
247.0	66244	31	25	67730	36	2379	4092	23
247.0	66636	45	45	67731	42	4508	2300	17
247.0	66941	39	33	67732	43	298	2626	16
247.0	65959	34	36	67733	32	3548	4310	19
247.0	66639	27	30	67734	22	4061	4246	21
248.0	65188	27	27	67735	26	1512	1848	13
248.0	64700	26	31	67736	21	820	2365	13
248.0	65766	26	31	67737	19	1979	1679	18
248.0	65852	19	17	67738	21	1241	3320	18
248.0	66172	16	22	67739	9	293	2863	16
248.0	66440	35	36	67740	34	3932	4357	18
248.0	65457	43	40	67741	45	3822	4212	18
248.0	65172	43	41	67742	43	5099	3597	19
248.0	66414	36	38	67743	33	1852	1841	21
248.0	67330	30	22	67744	37	3826	4409	13
248.0	66068	10	7	67745	11	241	3033	15
248.0	66916	41	44	67746	37	5249	4107	15
248.0	66680	31	37	67747	23	3324	1242	17
248.0	65747	18	16	67748	19	773	2293	18
248.0	65452	21	24	67749	18	2707	1223	18
248.0	65670	49	40	67750	55	4530	1115	17
248.0	64076	13	16	67751	9	230	2892	17
248.0	65893	19	18	67752	19	2915	4590	19
248.0	64885	11	8	67753	13	386	3088	17
248.0	65307	15	13	67754	16	350	2787	17
248.0	66578	20	19	67755	21	932	2880	15
248.0	66620	20	20	67756	19	5172	3552	17
248.0	67159	16	21	67757	9	803	3169	17
248.0	66950	18	16	67758	20	5063	3572	19
248.0	65803	21	22	67759	20	290	3004	12
248.0	66807	33	34	67760	31	3743	4551	17
248.0	67062	24	23	67761	23	3628	4407	17
248.0	66752	16	14	67762	17	4300	1811	18
248.0	65974	27	28	67763	25	767	2607	14
248.0	67366	17	18	67764	15	2644	1350	16
248.0	66761	16	19	67765	13	1949	1523	15
248.0	65732	21	22	67766	19	700	3304	18
248.0	65723	19	16	67767	21	0	3267	18
248.0	65512	25	26	67768	23	4552	1470	18
248.0	66689	41	34	67769	47	319	2875	15
248.0	66557	47	46	67770	47	4662	3640	20
248.0	67382	23	23	67771	22	4157	3971	18
248.0	66905	11	7	67772	15	4450	2221	19
248.0	66197	43	30	67773	54	1489	1172	18
248.0	67025	33	36	67774	28	757	1406	17
248.0	66501	29	28	67775	30	3498	762	20
248.0	65645	14	15	67776	13	4477	1462	20
248.0	65212	18	17	67777	18	4001	4282	24
248.0	67406	29	31	67778	26	3867	1490	25
248.0	66207	22	22	67779	22	4435	1440	16
248.0	66233	24	19	67780	29	3657	1491	22
248.0	66227	40	47	67781	32	4392	1098	21
248.0	65503	23	26	67782	20	4110	4019	19
248.0	66359	11	9	67783	12	4181	3600	18
248.0	65455	22	19	67784	24	697	2762	18
248.0	66179	30	26	67785	34	416	2747	15
248.0	66800	19	22	67786	14	3868	1572	19
248.0	65563	12	10	67787	14	4121	3888	22
248.0	63451	16	19	67788	12	3478	1470	12
248.0	65920	12	11	67789	12	723	2602	18
248.0	65581	5	5	67790	5	1419	3420	14
248.0	67007	20	16	67791	24	708	2354	13
248.0	66480	33	29	67792	36	591	2499	19
249.0	66758	19	20	67793	17	1439	4326	14
249.0	66261	19	9	67794	27	314	3007	15
249.0	66184	27	26	67795	25	448	2861	18
249.0	65385	40	44	67796	36	2940	4361	17
249.0	65782	26	27	67797	24	1129	3593	21
249.0	66350	14	16	67798	12	431	2615	16
249.0	66216	29	29	67799	29	551	2004	11
249.0	67056	28	24	67800	31	2904	4250	20
249.0	66446	45	47	67801	40	4577	4523	15
249.0	65988	33	29	67802	35	2031	1760	18
249.0	66737	20	24	67803	15	252	2562	18
249.0	66687	27	24	67804	30	216	2939	17
249.0	66761	19	25	67805	12	1949	1523	16
249.0	66420	34	35	67806	32	4341	1769	18
249.0	66905	7	7	67807	5	4450	2221	20
249.0	66401	27	30	67808	23	778	2367	17
249.0	66310	27	29	67809	24	1140	2541	15
249.0	65874	34	37	67810	31	74	2434	15
249.0	67005	44	49	67811	36	1005	5063	13
249.0	66893	11	9	67812	13	4547	1921	20
249.0	66915	25	23	67813	26	3912	4069	16
249.0	66282	50	40	67814	55	454	3751	19
249.0	67330	22	28	67815	16	3826	4409	14
249.0	65753	17	13	67816	21	430	2954	16
249.0	66329	29	25	67817	32	4429	4745	23
249.0	65172	41	41	67818	41	5099	3597	20
249.0	66177	13	11	67819	14	1080	3257	15
249.0	65961	28	36	67820	18	126	2746	19
249.0	65462	23	20	67821	26	4773	1641	17
249.0	66484	15	14	67822	16	2690	1122	16
249.0	65986	7	7	67823	7	463	3199	18
249.0	67635	38	37	67824	38	4590	3267	20
249.0	64501	24	17	67825	30	2371	4153	19
249.0	66359	9	9	67826	9	4181	3600	19
249.0	66660	16	21	67827	10	699	3186	17
249.0	66349	15	17	67828	13	4621	2337	19
249.0	65532	26	27	67829	25	3540	1547	17
249.0	64873	32	33	67830	30	597	2359	15
249.0	67215	14	19	67831	8	241	3016	15
249.0	67200	20	20	67832	19	878	2299	16
249.0	64076	16	13	67833	18	230	2892	18
249.0	66162	44	38	67834	49	4647	3668	17
249.0	66314	23	25	67835	19	302	3035	15
249.0	65188	27	30	67836	23	1512	1848	14
249.0	67159	21	23	67837	19	803	3169	18
249.0	67214	20	20	67838	20	992	2759	13
249.0	66576	29	23	67839	32	4523	1500	17
249.0	66974	24	21	67840	26	1601	4062	18
249.0	65992	16	14	67841	18	732	2548	18
249.0	67270	20	18	67842	21	3833	1368	23
249.0	65670	40	47	67843	33	4530	1115	18
249.0	66419	38	38	67844	37	3644	1158	17
249.0	65855	21	19	67845	23	954	1971	19
249.0	65645	15	15	67846	14	4477	1462	21
249.0	66837	27	33	67847	17	4513	1546	18
249.0	65676	22	24	67848	19	0	2560	17
249.0	66638	23	21	67849	24	568	3180	22
249.0	66107	45	34	67850	52	841	2719	14
249.0	66679	22	20	67851	24	4035	4201	23
249.0	66014	24	28	67852	20	1449	3814	18
249.0	64700	31	26	67853	33	820	2365	14
249.0	67003	37	36	67854	35	4291	4352	20
249.0	66552	29	25	67855	31	4595	1311	16
249.0	66489	33	37	67856	29	662	2464	14
249.0	66979	42	45	67857	35	4374	1727	22
249.0	66480	29	33	67858	25	591	2499	20
250.0	66272	33	34	67859	32	1022	1691	16
250.0	65452	24	19	67860	28	2772	1220	19
250.0	65416	55	46	67861	54	4672	4287	19
250.0	66200	29	24	67862	32	3582	1101	22
250.0	65276	31	25	67863	34	4152	1298	20
250.0	66687	24	26	67864	21	216	2939	18
250.0	67088	26	25	67865	27	447	3181	19
250.0	67203	40	41	67866	37	4557	3683	17
250.0	66491	10	10	67867	9	4320	3669	23
250.0	66634	28	29	67868	27	289	3003	17
250.0	66358	11	7	67869	14	857	3290	18
250.0	67266	30	24	67870	35	3913	4338	20
250.0	66016	26	26	67871	24	2514	1257	15
250.0	66899	18	18	67872	18	947	3450	21
250.0	66250	37	29	67873	43	5045	1471	17
250.0	65910	41	34	67874	48	1032	3282	21
250.0	66510	43	38	67875	47	1821	2019	15
250.0	67291	38	39	67876	34	758	3204	22
250.0	66416	13	13	67877	13	3159	4208	19
250.0	64076	13	10	67878	15	230	2892	19
250.0	65916	25	30	67879	20	958	2890	16
250.0	66087	27	23	67880	27	934	3290	19
250.0	66929	31	35	67881	27	1059	4400	15
250.0	66989	32	30	67882	32	509	2714	16
250.0	66034	18	16	67883	19	852	2591	15
250.0	66532	18	19	67884	15	4461	1607	17
250.0	66310	29	25	67885	33	1140	2541	16
250.0	65414	23	23	67886	21	1037	3140	20
250.0	66911	51	55	67887	42	4344	1219	17
250.0	65986	7	3	67888	9	463	3199	19
250.0	67150	42	39	67889	43	3962	1429	14
250.0	66559	29	34	67890	22	2238	1540	17
250.0	67073	28	24	67891	31	4399	3633	16
250.0	67032	36	30	67892	39	1248	1716	20
250.0	65654	50	51	67893	48	3461	1292	21
250.0	67188	28	30	67894	25	593	3286	12
250.0	65905	21	24	67895	18	1841	4061	19
250.0	65657	18	16	67896	20	3897	4373	21
250.0	66668	48	53	67897	40	803	2762	14
250.0	64745	21	23	67898	17	1091	2940	18
250.0	66819	40	39	67899	40	4831	4020	18
250.0	66227	47	38	67900	53	4392	1098	22
250.0	67432	30	29	67901	30	20	3325	18
250.0	66941	33	35	67902	30	298	2626	17
250.0	65806	24	22	67903	23	4370	3972	20
250.0	65609	23	25	67904	19	563	2074	12
250.0	65778	15	17	67905	13	3877	1388	20
250.0	66046	25	22	67906	27	471	2770	17
250.0	65075	53	44	67907	56	4246	4750	17
250.0	65676	24	20	67908	28	0	2560	18
250.0	66616	10	10	67909	10	391	3161	15
250.0	66308	17	19	67910	15	768	2877	15
250.0	67274	26	20	67911	32	1662	1848	16
250.0	66639	30	27	67912	32	4061	4246	22
250.0	67633	16	14	67913	17	723	2718	19
250.0	67510	32	30	67914	31	576	2128	17
250.0	66794	44	47	67915	40	3603	1133	15
250.0	66149	27	21	67916	32	882	2319	12
250.0	66980	33	31	67917	35	4216	4602	19
250.0	66910	28	29	67918	26	4522	3822	17
250.0	64885	8	9	67919	6	386	3088	18
250.0	66465	54	52	67920	48	3766	5886	15
250.0	65417	47	44	67921	46	1294	1663	12
250.0	66691	37	41	67922	30	5021	1579	16
250.0	66163	13	11	67923	15	4737	1686	16
250.0	66459	37	34	67924	40	5159	3029	15
250.0	66264	16	18	67925	14	776	3423	17
250.0	66973	29	31	67926	27	2999	4268	27
250.0	66490	33	25	67927	35	3776	4591	17
250.0	66761	25	26	67928	24	1949	1523	17
250.0	66216	29	30	67929	25	471	1994	12
251.0	65803	22	16	67930	28	310	3004	13
251.0	65705	31	33	67931	25	2750	1732	25
251.0	66737	24	26	67932	22	252	2562	19
251.0	66441	39	48	67933	29	4984	1071	18
251.0	66120	17	19	67934	15	4231	1047	15
251.0	66360	8	9	67935	7	4500	2560	16
251.0	66976	26	25	67936	26	989	1977	17
251.0	65021	26	20	67937	32	518	3276	20
251.0	64885	9	9	67938	8	386	3088	19
251.0	66402	14	19	67939	8	4062	1730	17
251.0	67246	42	42	67940	38	1222	4379	14
251.0	66661	19	24	67941	14	25	2917	13
251.0	65444	20	18	67942	21	543	3534	17
251.0	66384	13	12	67943	13	669	2588	16
251.0	66264	18	11	67944	25	776	3423	18
251.0	66319	14	12	67945	16	739	2659	17
251.0	66555	26	24	67946	27	4450	3849	18
251.0	66870	45	43	67947	44	4688	354	17
251.0	64927	46	44	67948	47	1196	5187	14
251.0	66981	32	25	67949	36	1261	2007	14
251.0	66634	29	28	67950	27	289	3003	18
251.0	67419	28	24	67951	31	4257	3480	17
251.0	66999	24	28	67952	18	1489	2059	17
251.0	66777	36	35	67953	35	4221	1791	18
251.0	66263	27	27	67954	23	4163	3861	16
251.0	65798	14	14	67955	14	3251	4189	18
251.0	66043	26	21	67956	28	973	2043	15
251.0	67123	35	27	67957	41	1268	2210	16
251.0	66221	29	29	67958	29	1877	1579	15
251.0	66947	20	23	67959	16	910	3369	20
251.0	65513	11	9	67960	13	1290	3330	19
251.0	64748	17	16	67961	17	2556	1630	15
251.0	66941	35	34	67962	36	298	2626	18
251.0	65766	31	32	67963	28	1979	1679	19
251.0	66921	33	39	67964	26	1864	1760	18
251.0	65806	22	23	67965	21	4370	3972	21
251.0	67073	24	24	67966	22	4399	3633	17
251.0	66035	35	32	67967	36	479	2550	15
251.0	65459	19	16	67968	22	1518	3799	13
251.0	67124	44	46	67969	41	961	2710	15
251.0	64794	33	34	67970	31	1028	3593	17
251.0	66939	54	46	67971	54	4344	3930	19
251.0	66928	25	20	67972	27	961	2550	19
251.0	65227	45	44	67973	44	4620	3148	15
251.0	66929	35	35	67974	34	1059	4400	16
251.0	66297	20	18	67975	20	918	2519	15
251.0	67391	28	29	67976	26	1298	2027	22
251.0	66452	9	10	67977	8	361	3051	18
251.0	64503	30	30	67978	29	3960	4117	19
251.0	67510	30	30	67979	28	576	2128	18
251.0	66227	38	42	67980	33	4392	1098	23
251.0	65328	54	47	67981	53	4655	1541	16
251.0	66609	20	17	67982	23	730	2375	17
251.0	66280	29	24	67983	30	4677	3596	19
251.0	66016	26	25	67984	24	2572	1208	16
251.0	65659	14	11	67985	17	4577	1922	15
251.0	66653	29	30	67986	27	4536	1702	17
251.0	66887	12	15	67987	9	4250	3804	20
251.0	66200	24	24	67988	24	3582	1101	23
251.0	65643	24	20	67989	27	1102	2500	12
251.0	66572	17	16	67990	17	826	2692	16
251.0	66445	43	40	67991	46	573	3083	20
251.0	65668	44	39	67992	49	4531	1418	19
251.0	66433	40	43	67993	35	4570	2388	18
251.0	66747	39	37	67994	39	4603	1921	17
252.0	66595	36	38	67995	32	4469	3813	17
252.0	65074	25	25	67996	25	3650	841	13
252.0	66624	21	21	67997	20	4208	1296	17
252.0	66750	18	21	67998	15	4026	4282	24
252.0	65188	30	27	67999	29	1512	1848	15
252.0	67025	36	30	68000	40	757	1406	18
252.0	66555	24	25	68001	22	4450	3849	19
252.0	66262	23	25	68002	21	2512	4569	18
252.0	66699	5	2	68003	8	4752	3098	18
252.0	67288	26	24	68004	25	276	2913	17
252.0	65363	30	34	68005	25	4459	1898	16
252.0	66645	38	40	68006	33	542	3173	18
252.0	67469	35	27	68007	42	3815	1071	13
252.0	66109	14	13	68008	12	674	2828	15
252.0	67042	26	23	68009	29	3859	4266	17
252.0	67571	28	29	68010	26	3048	4835	20
252.0	65681	12	10	68011	13	301	3063	13
252.0	66712	35	36	68012	33	415	2791	13
252.0	66445	40	37	68013	41	573	3083	21
252.0	66736	11	11	68014	11	530	3205	17
252.0	65091	21	19	68015	22	2294	4638	22
252.0	66564	16	15	68016	17	4410	2301	17
252.0	67230	29	32	68017	23	819	2506	13
252.0	67053	27	21	68018	32	621	2455	18
252.0	65806	23	20	68019	26	4370	3972	22
252.0	66981	25	24	68020	25	1261	2007	15
252.0	65982	26	20	68021	31	1198	2320	16
252.0	66243	48	53	68022	42	300	2784	17
252.0	66647	42	43	68023	40	4555	1270	20
252.0	66702	27	30	68024	21	1372	1666	13
252.0	66703	29	26	68025	31	5080	1697	16
252.0	66474	40	41	68026	38	5301	2715	17
252.0	66691	41	40	68027	38	5021	1579	17
252.0	66446	47	54	68028	39	4577	4523	16
252.0	65821	23	22	68029	21	3858	4243	13
252.0	66889	47	47	68030	43	4687	1747	21
252.0	66016	25	26	68031	24	2572	1208	17
252.0	67124	46	46	68032	44	961	2710	16
252.0	66806	16	14	68033	17	2623	4481	20
252.0	67127	23	21	68034	24	4664	1638	19
252.0	66870	43	43	68035	42	4688	354	18
252.0	65852	17	18	68036	16	1241	3320	19
252.0	65812	44	38	68037	47	3580	4658	14
252.0	66891	42	43	68038	38	1190	1635	13
252.0	66221	29	34	68039	23	1877	1579	16
252.0	66747	37	31	68040	43	4603	1921	18
252.0	67050	8	9	68041	7	2129	4213	20
252.0	66200	24	20	68042	27	3582	1101	24
252.0	66732	31	24	68043	38	236	2910	15
252.0	65921	25	26	68044	23	283	3374	14
252.0	66901	26	19	68045	27	2957	4399	26
252.0	66737	26	29	68046	22	252	2562	20
252.0	67949	36	31	68047	36	1236	2031	15
252.0	65570	16	12	68048	18	461	3145	21
252.0	65021	20	23	68049	15	518	3276	21
252.0	65854	33	32	68050	34	4473	4220	17
252.0	67594	26	24	68051	27	726	3381	18
252.0	63500	17	11	68052	23	2988	4705	21
252.0	66746	34	36	68053	31	1279	3593	20
252.0	67511	12	9	68054	15	660	3329	22
252.0	66435	33	29	68055	35	5011	3781	17
252.0	65920	11	14	68056	6	723	2602	19
252.0	67510	30	32	68057	26	576	2128	19
253.0	67013	30	28	68058	28	583	3252	16
253.0	66901	19	20	68059	18	2957	4399	27
253.0	66312	41	35	68060	42	4326	4856	16
253.0	67102	9	5	68061	13	434	3088	17
253.0	67365	19	19	68062	19	852	3555	16
253.0	66537	16	16	68063	16	348	2970	16
253.0	64706	46	45	68064	43	4203	1251	19
253.0	67314	33	31	68065	32	3699	1448	19
253.0	66583	22	19	68066	24	1242	2172	22
253.0	66109	13	13	68067	12	674	2828	16
253.0	66165	13	16	68068	10	2592	4308	20
253.0	66325	32	39	68069	24	4560	2019	15
253.0	66599	30	29	68070	31	4571	1470	17
253.0	67246	42	37	68071	44	1142	4435	15
253.0	66595	38	37	68072	37	4469	3813	18
253.0	67117	11	10	68073	12	456	3248	17
253.0	65018	18	19	68074	17	1657	1591	16
253.0	67270	18	16	68075	19	3833	1368	24
253.0	66687	26	20	68076	31	216	2939	19
253.0	66731	15	11	68077	18	4088	4160	25
253.0	66207	22	18	68078	26	4435	1440	17
253.0	65902	39	48	68079	27	3957	4323	16
253.0	67393	15	13	68080	17	2598	4270	20
253.0	66386	26	20	68081	31	4192	3711	17
253.0	66555	25	22	68082	26	4450	3849	20
253.0	66655	19	14	68083	24	4342	3700	18
253.0	66419	38	48	68084	25	3644	1158	18
253.0	66064	29	26	68085	32	968	1849	18
253.0	67014	18	16	68086	19	475	3260	19
253.0	66448	31	22	68087	38	4458	4374	15
253.0	65930	11	11	68088	11	430	2751	17
253.0	65021	23	17	68089	28	518	3276	22
253.0	67511	9	11	68090	7	660	3329	23
253.0	66433	43	40	68091	45	4570	2388	19
253.0	65606	36	41	68092	28	1433	1861	16
253.0	65979	18	23	68093	13	421	3182	16
253.0	66425	45	44	68094	45	5243	78	22
253.0	67321	9	8	68095	9	4131	3839	22
253.0	66084	13	12	68096	13	1220	3461	18
253.0	67106	27	30	68097	22	461	2304	19
253.0	63483	29	28	68098	28	2947	1260	26
253.0	65913	33	34	68099	31	579	3286	12
253.0	63770	28	19	68100	37	36	3152	18
253.0	66749	26	31	68101	21	61	2761	14
253.0	65157	16	17	68102	14	850	3460	14
253.0	67561	40	38	68103	40	1578	1312	18
253.0	66087	23	23	68104	23	934	3290	20
253.0	66841	31	29	68105	31	1000	3598	17
253.0	66941	34	26	68106	39	298	2626	19
253.0	67324	16	17	68107	14	5133	2356	18
253.0	66641	19	17	68108	21	4428	1798	19
253.0	66127	14	13	68109	14	486	3192	20
253.0	67242	41	34	68110	46	1350	1753	15
253.0	66016	26	20	68111	31	2629	1174	18
253.0	67594	24	22	68112	23	791	3381	19
253.0	66057	22	25	68113	17	1380	3459	18
253.0	66631	25	23	68114	25	3930	1593	18
253.0	66564	15	13	68115	17	4410	2301	18
253.0	66350	16	17	68116	15	431	2615	17
253.0	64617	30	30	68117	29	440	2891	19
253.0	66623	43	50	68118	35	689	2662	12
253.0	66888	22	20	68119	24	666	3388	16
253.0	66465	52	55	68120	45	3766	5886	16
253.0	65424	20	15	68121	24	822	3472	12
253.0	66737	29	22	68122	33	252	2562	21
254.0	64183	46	45	68123	45	4692	3611	21
254.0	66122	6	6	68124	6	2380	4361	19
254.0	65834	36	36	68125	33	919	3835	20
254.0	66532	19	17	68126	20	4428	1560	18
254.0	67002	35	27	68127	41	1300	1860	14
254.0	63691	25	21	68128	28	4049	1521	17
254.0	67049	12	11	68129	13	425	3148	15
254.0	66480	33	34	68130	29	591	2499	21
254.0	67352	12	13	68131	10	969	2179	15
254.0	64866	28	32	68132	23	586	4267	19
254.0	67822	16	16	68133	16	2728	1015	17
254.0	66387	32	24	68134	39	3570	4465	16
254.0	66206	9	12	68135	6	2926	1550	20
254.0	65771	24	27	68136	17	1388	1881	18
254.0	65953	7	4	68137	10	5108	3526	16
254.0	65018	19	16	68138	22	1657	1591	17
254.0	67324	17	13	68139	21	5133	2356	19
254.0	64617	30	34	68140	24	440	2891	20
254.0	65992	14	11	68141	15	732	2548	19
254.0	66126	34	32	68142	35	1149	1887	12
254.0	66340	33	30	68143	35	4692	3632	19
254.0	66500	14	9	68144	19	3171	4249	20
254.0	66312	35	31	68145	34	4326	4856	17
254.0	67713	22	27	68146	17	3005	4651	21
254.0	66599	29	29	68147	25	4571	1470	18
254.0	65102	32	29	68148	32	1377	2060	16
254.0	67106	30	38	68149	21	461	2304	20
254.0	67689	36	23	68150	45	3560	4334	17
254.0	65814	15	16	68151	14	576	2858	18
254.0	66785	10	12	68152	8	4461	2210	18
254.0	66685	16	16	68153	14	3930	1611	19
254.0	64739	44	42	68154	42	1351	1834	15
254.0	67144	41	36	68155	43	3536	5033	16
254.0	65979	23	17	68156	26	421	3182	17
254.0	65947	14	16	68157	12	2521	4252	21
254.0	67594	22	24	68158	19	791	3381	20
254.0	66555	22	24	68159	19	4450	3849	21
254.0	65943	49	45	68160	51	4652	3183	20
254.0	67945	16	17	68161	15	759	2679	18
254.0	65549	30	28	68162	30	1634	1280	17
254.0	66253	16	18	68163	14	3462	4360	19
254.0	66045	29	32	68164	26	2547	4584	21
254.0	65753	13	9	68165	17	430	2954	17
254.0	66514	14	12	68166	15	866	3269	18
254.0	65040	41	32	68167	45	0	2402	18
254.0	66998	32	28	68168	34	697	1790	13
254.0	65307	13	15	68169	11	380	2644	18
254.0	66297	18	19	68170	17	918	2519	16
254.0	67070	14	13	68171	15	4685	2390	19
254.0	67165	32	31	68172	32	1857	4257	18
254.0	66406	22	19	68173	23	5158	2381	19
254.0	67511	11	10	68174	12	660	3329	24
254.0	66873	21	17	68175	24	4467	3701	21
254.0	66476	10	9	68176	11	318	2924	19
254.0	66489	37	43	68177	29	662	2464	15
254.0	65231	17	18	68178	16	595	2559	16
254.0	66093	20	21	68179	16	1537	4267	16
254.0	67058	4	2	68180	6	502	3216	16
254.0	67308	22	17	68181	26	4107	4580	23
254.0	67266	24	25	68182	22	3913	4338	21
255.0	67006	40	41	68183	39	250	2998	19
255.0	66620	20	18	68184	20	5198	3501	18
255.0	66887	15	11	68185	19	4250	3804	21
255.0	67035	30	26	68186	31	403	2478	20
255.0	67019	41	41	68187	39	4347	3570	20
255.0	67017	36	39	68188	33	749	3065	18
255.0	65942	15	20	68189	9	685	3279	17
255.0	64833	59	53	68190	47	4379	3462	20
255.0	66842	25	25	68191	24	1471	2031	14
255.0	66274	11	11	68192	11	3311	1427	17
255.0	67023	16	15	68193	15	364	2997	15
255.0	67895	18	17	68194	17	1800	4105	20
255.0	67158	18	20	68195	15	813	3536	17
255.0	66142	42	46	68196	38	4964	2618	19
255.0	66685	16	16	68197	14	3930	1611	20
255.0	66814	23	26	68198	20	221	2922	17
255.0	67187	44	41	68199	44	4562	882	20
255.0	67266	25	26	68200	21	3913	4338	22
255.0	66904	19	20	68201	17	4701	3031	19
255.0	66500	9	9	68202	9	3171	4249	21
255.0	66227	42	43	68203	39	4488	1085	24
255.0	66991	1	1	68204	1	590	2715	17
255.0	65574	32	35	68205	28	5419	2133	19
255.0	66229	13	13	68206	12	516	2887	16
255.0	67293	29	27	68207	28	4329	1397	20
255.0	66893	9	7	68208	10	4547	1921	21
255.0	64183	45	45	68209	43	4692	3596	22
255.0	65355	23	25	68210	18	595	2591	13
255.0	67047	16	19	68211	12	402	3078	14
255.0	66223	17	18	68212	14	868	2369	15
255.0	64700	26	22	68213	28	820	2365	15
255.0	67012	29	26	68214	30	1278	4024	16
255.0	66726	9	4	68215	14	526	3249	17
255.0	67264	20	17	68216	23	819	3280	17
255.0	66439	25	22	68217	27	1845	4270	17
255.0	65753	9	11	68218	7	430	2954	18
255.0	67937	32	37	68219	26	508	3240	21
255.0	67699	18	21	68220	15	682	3388	16
255.0	67352	13	11	68221	14	969	2179	16
255.0	67267	42	45	68222	36	4305	1479	18
255.0	66941	26	17	68223	34	298	2626	20
255.0	66207	18	10	68224	24	4435	1440	18
255.0	67713	27	24	68225	29	3005	4651	22
255.0	66340	30	28	68226	30	4692	3632	20
255.0	67217	19	21	68227	13	631	2803	16
255.0	63451	19	18	68228	20	3478	1470	13
255.0	66998	28	29	68229	27	697	1790	14
255.0	66514	12	10	68230	14	866	3269	19
255.0	66501	28	26	68231	28	3477	543	21
255.0	66518	42	40	68232	37	4588	1409	19
255.0	65678	14	15	68233	13	4602	2391	19
255.0	67356	28	24	68234	31	1008	1650	16
255.0	65354	10	9	68235	11	4727	2418	19
255.0	66921	39	40	68236	33	1864	1760	19
255.0	64944	41	45	68237	34	4061	44	21
255.0	67469	27	25	68238	29	3880	1285	14
255.0	65943	45	44	68239	43	4722	3090	21
255.0	66910	29	20	68240	38	4522	3822	18
255.0	66379	32	34	68241	28	435	2571	15
255.0	64669	31	34	68242	27	4628	4341	16
256.0	67177	18	15	68243	21	1040	2391	12
256.0	66722	26	31	68244	20	552	2840	14
256.0	66822	24	25	68245	22	427	3020	15
256.0	65894	4	4	68246	4	3169	4328	22
256.0	67035	26	23	68247	24	403	2478	21
256.0	66107	34	26	68248	40	756	2730	15
256.0	64669	34	34	68249	32	4628	4341	17
256.0	65678	15	17	68250	13	4602	2391	20
256.0	66842	25	26	68251	24	1471	2031	15
256.0	65782	27	30	68252	24	1129	3593	22
256.0	67258	32	33	68253	30	30	2298	20
256.0	66818	35	38	68254	31	3173	1108	20
256.0	68044	23	20	68255	26	338	3392	15
256.0	67273	42	34	68256	47	4515	4630	16
256.0	65354	9	12	68257	6	4727	2418	20
256.0	67089	44	44	68258	41	436	2661	15
256.0	67064	33	37	68259	28	651	3196	20
256.0	66545	10	8	68260	11	568	3141	15
256.0	65874	37	33	68261	40	86	2355	16
256.0	64876	8	12	68262	4	4593	3668	18
256.0	66027	26	27	68263	24	5191	3965	19
256.0	66488	26	27	68264	24	4471	3750	16
256.0	66305	26	28	68265	24	377	2317	18
256.0	66109	13	10	68266	15	674	2828	17
256.0	63526	8	6	68267	10	5130	2607	21
256.0	66162	38	37	68268	35	4632	3683	18
256.0	67539	23	26	68269	17	191	2977	15
256.0	67302	10	9	68270	11	543	3130	17
256.0	67270	16	10	68271	21	3881	1373	25
256.0	67602	29	22	68272	35	692	2003	16
256.0	66392	14	16	68273	11	4245	1439	20
256.0	65992	11	11	68274	9	732	2548	20
256.0	66417	39	39	68275	33	5090	2414	17
256.0	67341	13	13	68276	12	5179	2176	19
256.0	67099	32	27	68277	35	611	2507	14
256.0	63451	18	19	68278	17	3478	1470	14
256.0	66911	55	46	68279	54	4249	1117	18
256.0	67770	47	44	68280	44	4568	3460	21
256.0	66339	19	18	68281	20	722	3154	19
256.0	67091	15	14	68282	15	5232	3497	15
256.0	66733	24	28	68283	17	2762	4811	20
256.0	66788	14	13	68284	15	2499	4432	19
256.0	67477	14	15	68285	12	2547	4618	21
256.0	67264	17	18	68286	16	819	3280	18
256.0	67484	36	31	68287	40	4248	1139	21
256.0	64349	49	57	68288	37	1265	1601	14
256.0	66599	29	30	68289	26	4571	1470	19
256.0	67327	20	21	68290	18	287	2641	16
256.0	67937	37	41	68291	30	508	3240	22
256.0	65753	11	14	68292	8	430	2954	19
256.0	65725	48	50	68293	44	4692	3668	18
256.0	65961	36	32	68294	38	99	2829	20
256.0	67338	11	13	68295	8	493	2947	15
256.0	66683	30	33	68296	25	470	3559	17
256.0	66767	13	12	68297	13	3191	1610	15
256.0	66172	22	24	68298	18	280	2850	17
256.0	65395	13	19	68299	7	470	2981	14
256.0	64526	13	12	68300	13	612	3310	22
256.0	66962	25	23	68301	25	4711	1253	16
256.0	67355	36	38	68302	34	2370	4241	24
256.0	67363	38	34	68303	40	781	3582	19
257.0	66986	22	24	68304	18	649	2943	18
257.0	66170	18	15	68305	21	4567	2110	18
257.0	66222	36	35	68306	36	1049	2151	11
257.0	65360	52	58	68307	42	3139	494	14
257.0	66103	32	34	68308	29	763	2437	15
257.0	67547	19	13	68309	23	4058	1700	17
257.0	66953	23	26	68310	16	944	3431	12
257.0	66200	20	20	68311	19	3664	819	25
257.0	66426	24	18	68312	28	134	2217	16
257.0	65462	20	26	68313	13	4773	1641	18
257.0	67918	26	30	68314	22	4492	3851	18
257.0	65782	30	26	68315	30	1129	3593	23
257.0	68075	19	19	68316	18	3850	1385	25
257.0	66848	37	30	68317	42	353	2362	18
257.0	66751	24	24	68318	24	2476	4320	20
257.0	65415	38	37	68319	36	1754	4090	21
257.0	67307	46	57	68320	33	5124	1344	16
257.0	66282	40	40	68321	40	454	3751	20
257.0	67161	50	49	68322	50	4373	1361	21
257.0	67524	12	15	68323	9	682	3203	18
257.0	66109	10	12	68324	8	674	2828	18
257.0	67643	22	26	68325	17	376	3247	17
257.0	67379	25	25	68326	22	241	2939	20
257.0	67773	54	53	68327	47	1610	1126	19
257.0	66683	33	23	68328	41	470	3559	18
257.0	65357	13	10	68329	16	931	3233	18
257.0	66835	40	36	68330	43	1101	2339	16
257.0	66600	35	36	68331	33	2949	4759	18
257.0	66652	33	35	68332	30	4051	1303	18
257.0	66746	36	32	68333	39	1279	3593	21
257.0	65354	12	12	68334	12	4727	2418	21
257.0	66545	8	6	68335	9	579	3130	16
257.0	67035	23	17	68336	27	403	2478	22
257.0	67098	49	51	68337	46	4495	4402	16
257.0	67815	16	17	68338	15	3720	4357	15
257.0	67260	28	30	68339	25	398	2316	19
257.0	67797	24	27	68340	20	1089	3553	22
257.0	66788	13	8	68341	17	2499	4432	20
257.0	66846	20	13	68342	25	5153	3552	17
257.0	66197	30	30	68343	28	1489	1172	19
257.0	66866	15	12	68344	16	4683	2310	20
257.0	67200	20	25	68345	13	878	2299	17
257.0	67048	13	12	68346	13	4208	1402	17
257.0	67404	20	19	68347	20	3923	4289	16
257.0	66082	13	16	68348	9	650	3422	18
257.0	66478	36	27	68349	45	639	3242	14
257.0	67242	34	24	68350	42	1350	1753	16
257.0	66166	33	24	68351	39	781	2640	14
257.0	66242	29	29	68352	28	4770	2620	16
257.0	67895	17	16	68353	15	1800	4105	21
257.0	67559	17	17	68354	15	1079	3483	18
257.0	66599	30	25	68355	35	4571	1470	20
257.0	67521	25	31	68356	18	1716	3920	15
257.0	67394	14	18	68357	10	898	3502	13
257.0	67074	23	23	68358	22	653	2588	15
257.0	66163	11	8	68359	13	4831	1640	17
257.0	66401	30	23	68360	34	778	2367	18
257.0	67142	20	14	68361	25	4327	1369	19
257.0	65725	50	47	68362	53	4692	3668	19
257.0	66059	31	33	68363	29	3801	1437	18
257.0	65406	21	26	68364	16	4531	1999	16
257.0	66453	17	15	68365	18	1630	4134	19
257.0	64955	22	22	68366	21	0	3042	19
257.0	67571	29	29	68367	28	3048	4835	21
257.0	65102	29	27	68368	29	1377	2060	17
257.0	64794	34	27	68369	39	1028	3593	18
257.0	67315	27	28	68370	25	4558	2629	20
257.0	67358	16	19	68371	13	4413	1478	20
257.0	66654	42	47	68372	34	188	3718	15
258.0	66351	13	16	68373	10	631	2841	18
258.0	66615	40	41	68374	38	4370	4229	16
258.0	67034	31	34	68375	28	582	2754	14
258.0	67289	28	32	68376	24	894	3290	17
258.0	67302	9	10	68377	7	543	3130	18
258.0	66440	36	37	68378	34	3932	4357	19
258.0	67649	35	36	68379	31	620	2469	19
258.0	66830	35	35	68380	34	202	2809	18
258.0	63952	51	51	68381	46	4510	2541	19
258.0	67394	18	21	68382	14	898	3502	14
258.0	66337	13	12	68383	13	174	2994	15
258.0	67443	41	44	68384	36	4439	1514	22
258.0	67497	37	42	68385	32	4733	1889	17
258.0	67157	29	28	68386	30	31	2331	20
258.0	66801	29	36	68387	22	1126	1768	15
258.0	66027	27	31	68388	23	5191	3965	20
258.0	67193	16	16	68389	15	329	3091	12
258.0	67484	31	29	68390	30	4248	1139	22
258.0	67005	49	51	68391	41	1052	4740	14
258.0	67688	22	19	68392	23	857	2259	13
258.0	67260	30	26	68393	30	398	2316	20
258.0	65542	30	29	68394	31	387	3177	17
258.0	66122	6	5	68395	7	2380	4361	20
258.0	66978	25	20	68396	29	140	2075	18
258.0	65654	51	50	68397	50	3342	1302	22
258.0	67088	25	26	68398	22	436	3170	20
258.0	66730	18	18	68399	16	690	2734	19
258.0	67013	28	29	68400	25	583	3252	17
258.0	67659	19	15	68401	22	184	3157	16
258.0	65227	44	44	68402	41	4777	3057	16
258.0	64353	9	6	68403	11	4450	1921	19
258.0	67231	20	19	68404	19	1540	3609	13
258.0	67439	26	26	68405	25	3850	148	21
258.0	66419	48	51	68406	45	3644	1158	19
258.0	67704	28	29	68407	24	1307	4319	14
258.0	67300	6	9	68408	3	841	3258	20
258.0	66354	26	20	68409	29	1693	1334	14
258.0	67859	32	28	68410	30	1082	1587	17
258.0	65854	32	30	68411	32	4391	4250	18
258.0	65231	18	16	68412	19	595	2559	17
258.0	65494	38	34	68413	41	4835	347	17
258.0	65434	29	30	68414	26	4529	3632	17
258.0	67276	29	26	68415	31	1307	5382	14
258.0	63526	6	5	68416	7	5130	2607	22
258.0	68009	29	24	68417	32	3803	4281	18
258.0	67577	12	9	68418	15	3140	4356	22
258.0	65874	33	37	68419	26	86	2355	17
258.0	66647	43	44	68420	39	4555	1270	21
258.0	66433	40	36	68421	41	4570	2388	20
258.0	67599	6	6	68422	5	2961	1491	17
258.0	66425	44	45	68423	40	5363	118	23
258.0	65462	26	24	68424	27	4773	1641	19
258.0	67548	36	36	68425	34	5437	2333	19
258.0	66908	35	36	68426	33	1610	1857	12
258.0	65681	10	14	68427	5	301	3063	14
258.0	63907	24	24	68428	24	730	2697	19
258.0	66898	17	15	68429	19	4050	4011	16
258.0	67200	25	23	68430	26	878	2299	18
258.0	66329	25	22	68431	27	4429	4745	24
258.0	66606	10	12	68432	8	659	2778	17
258.0	67344	29	30	68433	24	3896	1339	14
258.0	65807	4	3	68434	5	4658	2280	20
258.0	67799	29	30	68435	25	570	1827	12
258.0	66960	35	27	68436	40	103	3428	17
258.0	65624	39	42	68437	33	1703	4290	13
259.0	67918	30	34	68438	24	4492	3851	19
259.0	66329	22	22	68439	21	4429	4745	25
259.0	65563	10	10	68440	10	4121	3888	23
259.0	67339	8	8	68441	8	436	3247	17
259.0	68002	21	17	68442	21	2499	4581	19
259.0	66820	23	24	68443	21	361	3070	18
259.0	66867	29	33	68444	24	4114	1282	20
259.0	66322	13	15	68445	11	5527	3328	17
259.0	66737	22	28	68446	16	252	2562	22
259.0	66349	17	23	68447	11	4649	2309	20
259.0	66120	19	19	68448	19	4231	1047	16
259.0	67040	27	24	68449	27	4209	1760	16
259.0	66435	29	39	68450	18	5083	3789	18
259.0	66601	37	34	68451	40	4405	1009	20
259.0	67121	38	44	68452	32	3989	941	19
259.0	66805	22	21	68453	23	2530	4527	20
259.0	66896	29	25	68454	30	652	3567	16
259.0	66792	19	18	68455	20	4598	1827	18
259.0	66452	10	6	68456	14	361	3051	19
259.0	68007	42	43	68457	39	3875	999	14
259.0	65157	17	16	68458	17	850	3460	15
259.0	65806	20	19	68459	18	4370	3972	23
259.0	65659	11	7	68460	14	4577	1922	16
259.0	65512	26	19	68461	31	4629	1471	19
259.0	67271	27	26	68462	26	389	3235	17
259.0	66997	32	33	68463	29	4371	1599	17
259.0	67489	10	13	68464	7	5160	2636	21
259.0	65434	30	28	68465	32	4529	3632	18
259.0	67153	30	32	68466	26	820	3592	18
259.0	66773	21	22	68467	20	4525	1810	20
259.0	67374	41	40	68468	39	962	2058	12
259.0	67449	30	29	68469	29	1481	3828	18
259.0	66359	9	12	68470	6	4181	3600	20
259.0	67405	12	12	68471	12	4460	2169	20
259.0	67579	8	9	68472	7	1071	3391	18
259.0	66224	22	21	68473	23	618	2219	15
259.0	68242	27	31	68474	22	4634	4278	17
259.0	66873	17	16	68475	18	4467	3701	22
259.0	65084	11	12	68476	9	3650	4130	23
259.0	63526	5	4	68477	6	5130	2607	23
259.0	66660	21	21	68478	21	480	3046	18
259.0	65402	38	40	68479	32	4754	2989	18
259.0	66384	12	12	68480	11	680	2599	17
259.0	67181	16	14	68481	18	951	2760	16
259.0	65670	47	49	68482	40	4728	1180	19
259.0	66283	21	22	68483	18	3853	4180	18
259.0	65549	28	26	68484	28	1634	1280	18
259.0	67408	18	21	68485	15	1697	4109	19
259.0	65834	36	37	68486	32	919	3835	21
259.0	67484	29	32	68487	24	4248	1139	23
259.0	67834	49	46	68488	52	4647	3693	18
259.0	65075	44	48	68489	37	4498	4959	18
259.0	65657	16	12	68490	17	3881	4389	22
259.0	66419	51	51	68491	49	3644	1158	20
259.0	66683	23	24	68492	21	470	3559	19
259.0	65812	38	34	68493	37	3580	4658	15
259.0	66319	12	15	68494	9	739	2659	18
259.0	65452	19	16	68495	19	2772	1220	20
259.0	66823	39	42	68496	32	4645	3962	18
259.0	67043	42	42	68497	41	451	3985	19
259.0	65066	23	21	68498	24	4834	1662	19
259.0	66537	16	10	68499	22	348	2970	17
259.0	66425	45	44	68500	43	5363	118	24
259.0	67260	26	24	68501	28	398	2316	21
259.0	67369	31	24	68502	38	702	3101	15
259.0	64617	34	35	68503	33	440	2891	21
259.0	66465	55	54	68504	46	3791	5999	17
259.0	64963	20	25	68505	15	4482	3921	17
259.0	66545	6	4	68506	8	579	3130	17
260.0	66491	10	11	68507	8	4320	3669	24
260.0	66158	17	17	68508	16	4633	1303	20
260.0	66555	24	25	68509	22	4450	3849	22
260.0	67387	43	41	68510	44	746	1868	18
260.0	67557	32	34	68511	29	41	2375	15
260.0	66379	34	40	68512	26	435	2571	16
260.0	68037	47	37	68513	55	3983	4824	15
260.0	66556	17	13	68514	20	738	2294	16
260.0	67177	15	10	68515	20	1040	2391	13
260.0	67399	10	12	68516	8	4613	3668	18
260.0	63526	4	3	68517	5	5130	2607	24
260.0	66975	18	20	68518	14	1527	3940	17
260.0	65876	33	32	68519	32	3638	1015	21
260.0	67729	29	25	68520	31	148	2313	22
260.0	67612	35	28	68521	42	3672	1053	21
260.0	66446	54	42	68522	58	4721	4854	17
260.0	66640	21	23	68523	19	493	3162	13
260.0	67374	40	33	68524	44	962	2058	13
260.0	66439	22	23	68525	20	1845	4270	18
260.0	66736	11	11	68526	10	552	3183	18
260.0	67161	49	49	68527	46	4373	1361	22
260.0	66689	34	33	68528	35	306	2843	16
260.0	65850	24	20	68529	25	773	2530	13
260.0	66575	20	20	68530	19	1951	1561	20
260.0	66126	32	29	68531	33	1171	1811	13
260.0	66561	30	25	68532	29	4116	1450	16
260.0	67356	24	21	68533	23	814	1680	17
260.0	66223	18	22	68534	14	868	2369	16
260.0	67438	29	30	68535	26	963	4605	19
260.0	67019	41	39	68536	38	4347	3570	21
260.0	65459	16	16	68537	16	1518	3799	14
260.0	67046	18	19	68538	17	419	2927	15
260.0	66989	30	32	68539	27	509	2714	17
260.0	66068	7	5	68540	7	241	3033	16
260.0	64617	35	34	68541	33	440	2891	22
260.0	65574	35	39	68542	29	5442	2064	20
260.0	64410	32	27	68543	34	543	2639	14
260.0	66537	10	11	68544	8	348	2970	18
260.0	67918	34	36	68545	31	4492	3851	20
260.0	68142	35	37	68546	30	1148	1971	13
260.0	67069	15	13	68547	16	4381	1497	18
260.0	66779	34	34	68548	33	633	3269	18
260.0	66532	17	12	68549	21	4428	1560	19
260.0	66660	21	19	68550	22	480	3046	19
260.0	67288	24	29	68551	18	276	2913	18
260.0	68153	14	16	68552	11	3910	1640	20
260.0	65874	37	32	68553	41	86	2355	18
260.0	65834	37	34	68554	38	919	3835	22
260.0	66361	53	44	68555	56	5527	414	16
260.0	65854	30	25	68556	35	4311	4267	19
260.0	65722	30	31	68557	26	4525	5237	21
260.0	66985	43	47	68558	37	4616	801	20
260.0	66691	40	43	68559	33	5021	1579	18
260.0	65018	16	21	68560	11	1657	1591	18
260.0	64944	45	48	68561	40	4130	0	22
260.0	65529	19	16	68562	22	147	2730	16
260.0	67138	27	20	68563	31	467	3086	14
260.0	66359	12	9	68564	15	4181	3600	21
260.0	67706	41	39	68565	37	5409	2862	19
260.0	67889	43	44	68566	40	3548	1361	15
260.0	67373	48	43	68567	48	732	2396	15
260.0	68456	14	10	68568	16	385	3051	20
260.0	65771	27	30	68569	23	1388	1881	19
260.0	65075	48	49	68570	45	4498	4959	19
260.0	65939	44	52	68571	34	2090	1227	19
260.0	65212	17	13	68572	20	4001	4282	25
260.0	66794	47	47	68573	44	3603	1133	16
260.0	65157	16	17	68574	15	850	3460	16
260.0	66916	44	43	68575	43	5877	4113	16
260.0	65979	17	15	68576	18	421	3182	18
260.0	66781	25	20	68577	29	659	3020	15
260.0	67043	42	42	68578	42	451	3985	20
260.0	67275	12	13	68579	9	941	3350	20
261.0	66034	16	19	68580	12	852	2591	16
261.0	66459	34	34	68581	32	5464	3199	16
261.0	67514	17	16	68582	17	737	2859	15
261.0	66007	18	16	68583	20	1230	3738	15
261.0	66907	16	16	68584	16	1320	3746	15
261.0	67032	30	30	68585	25	1230	1643	21
261.0	66872	38	35	68586	39	588	2534	17
261.0	68012	33	29	68587	35	415	2748	14
261.0	68456	10	8	68588	12	385	3051	21
261.0	66162	37	33	68589	39	4632	3683	19
261.0	66805	21	25	68590	17	2530	4527	21
261.0	64867	30	32	68591	24	743	1205	15
261.0	67612	28	19	68592	35	3672	1053	22
261.0	67415	33	37	68593	28	478	2656	15
261.0	65656	36	45	68594	25	1297	3940	16
261.0	65299	31	25	68595	37	2018	1353	20
261.0	66358	7	8	68596	6	801	3346	19
261.0	67199	16	16	68597	15	921	3560	18
261.0	66474	41	34	68598	45	5301	2715	18
261.0	66314	25	23	68599	24	302	3035	16
261.0	66911	46	43	68600	46	4171	1047	19
261.0	67256	20	20	68601	20	209	3125	13
261.0	65212	13	6	68602	20	4001	4282	26
261.0	67014	16	19	68603	12	475	3260	20
261.0	66660	19	21	68604	16	480	3046	20
261.0	67293	27	23	68605	30	4222	1371	21
261.0	66791	17	20	68606	14	2269	4471	18
261.0	65778	17	12	68607	22	3818	1388	21
261.0	67882	32	32	68608	31	541	2714	17
261.0	67346	40	37	68609	41	84	2248	15
261.0	65959	36	33	68610	39	3399	4536	20
261.0	66449	36	32	68611	39	1821	1641	17
261.0	67737	19	18	68612	20	1989	1689	19
261.0	66985	47	42	68613	50	4616	801	21
261.0	66170	15	16	68614	13	4567	2110	19
261.0	65091	19	20	68615	17	2294	4638	23
261.0	66555	25	24	68616	25	4450	3849	23
261.0	66179	26	26	68617	25	389	2810	16
261.0	67399	12	12	68618	12	4613	3668	19
261.0	67727	21	24	68619	18	3155	670	20
261.0	65939	52	54	68620	46	2090	1227	20
261.0	67883	19	22	68621	16	852	2549	16
261.0	65987	15	12	68622	17	568	3118	16
261.0	67223	14	16	68623	10	939	2207	14
261.0	66126	29	24	68624	32	1173	1739	14
261.0	65657	12	14	68625	9	3881	4389	23
261.0	67730	36	37	68626	34	1958	4189	24
261.0	65157	17	12	68627	21	850	3460	17
261.0	65686	22	20	68628	23	2870	1328	24
261.0	67764	15	13	68629	13	2749	1334	17
261.0	67341	13	9	68630	16	5179	2130	20
261.0	67179	25	15	68631	32	488	2679	16
261.0	66305	28	23	68632	32	356	2244	19
261.0	67318	47	55	68633	39	5298	2687	18
261.0	66979	45	47	68634	42	4209	1611	23
261.0	68098	28	28	68635	27	2959	1272	27
261.0	67192	24	30	68636	17	4582	1290	17
261.0	65946	35	28	68637	41	3333	1330	14
261.0	66098	54	56	68638	44	4737	3228	16
261.0	67234	40	34	68639	41	530	2993	21
261.0	65854	25	28	68640	21	4246	4248	20
261.0	67006	41	44	68641	36	232	2981	20
261.0	67074	23	32	68642	14	653	2588	16
261.0	68424	27	27	68643	26	4836	1779	20
261.0	67302	10	8	68644	12	543	3130	19
261.0	67438	30	34	68645	25	963	4605	20
261.0	65624	42	32	68646	50	1703	4290	14
261.0	66309	26	23	68647	29	4367	4484	16
261.0	65459	16	16	68648	15	1518	3799	15
261.0	65444	18	17	68649	17	387	3603	18
262.0	66848	30	32	68650	27	353	2362	19
262.0	67215	19	25	68651	13	241	2999	16
262.0	68002	17	18	68652	14	2499	4581	20
262.0	65943	44	46	68653	39	4722	3090	22
262.0	64873	33	34	68654	31	561	2196	16
262.0	63526	3	2	68655	4	5130	2607	25
262.0	68012	29	28	68656	27	415	2748	15
262.0	65939	54	51	68657	49	2073	1104	21
262.0	67244	15	19	68658	11	2267	4502	22
262.0	66361	44	44	68659	43	5527	414	17
262.0	67185	23	21	68660	24	521	2828	17
262.0	64617	34	25	68661	41	440	2891	23
262.0	67484	32	30	68662	30	4248	1139	24
262.0	65959	33	29	68663	35	3317	4567	21
262.0	66325	39	33	68664	42	4560	2019	16
262.0	64669	34	26	68665	42	4628	4341	18
262.0	67379	25	23	68666	26	241	2939	21
262.0	66305	23	23	68667	23	356	2244	20
262.0	65942	20	17	68668	21	685	3279	18
262.0	66979	47	49	68669	41	4209	1611	24
262.0	67369	24	26	68670	19	702	3101	16
262.0	66638	21	18	68671	22	590	3180	23
262.0	65670	49	48	68672	48	4728	1180	20
262.0	65455	19	21	68673	16	697	2779	19
262.0	67438	34	39	68674	24	963	4605	21
262.0	67430	11	6	68675	16	757	3281	21
262.0	67144	36	33	68676	37	3283	5091	17
262.0	67226	16	10	68677	21	4048	1380	18
262.0	66050	39	35	68678	40	3969	4041	14
262.0	67196	43	45	68679	38	4510	1261	17
262.0	68239	43	40	68680	46	4652	3020	22
262.0	67321	8	8	68681	7	4131	3839	23
262.0	67663	41	39	68682	42	27	2471	21
262.0	66712	36	37	68683	33	415	2772	14
262.0	66804	25	31	68684	18	99	2741	17
262.0	65986	3	4	68685	2	463	3199	20
262.0	67399	12	12	68686	12	4613	3668	20
262.0	66007	16	20	68687	10	1230	3738	16
262.0	64546	17	17	68688	17	2257	825	21
262.0	66314	23	26	68689	20	302	3035	17
262.0	65785	24	26	68690	22	629	2587	13
262.0	67318	55	49	68691	51	5298	2687	19
262.0	66484	14	18	68692	10	2748	835	17
262.0	67277	18	17	68693	19	256	2949	16
262.0	64876	12	11	68694	13	4593	3668	19
262.0	67697	29	25	68695	31	4740	3384	19
262.0	67435	27	25	68696	29	710	3165	19
262.0	64763	23	19	68697	26	4946	2519	17
262.0	66179	26	27	68698	23	389	2810	17
262.0	67599	6	8	68699	4	2991	1471	18
262.0	66084	12	5	68700	16	1220	3461	19
262.0	65501	32	26	68701	34	228	2952	20
262.0	66194	22	20	68702	22	166	2653	19
262.0	66593	17	16	68703	18	427	3058	18
262.0	66873	16	15	68704	17	4467	3701	23
262.0	67015	5	7	68705	3	4719	2390	18
262.0	66752	14	11	68706	17	4300	1811	19
262.0	64867	32	28	68707	35	743	1205	16
262.0	66893	7	2	68708	10	4531	1921	22
262.0	65574	39	45	68709	31	5442	2064	21
262.0	68240	38	42	68710	33	4521	3822	19
262.0	67410	17	14	68711	20	491	2911	16
262.0	65015	38	39	68712	36	1796	1310	10
262.0	67099	27	24	68713	29	611	2507	15
262.0	67896	20	23	68714	17	3851	4418	22
262.0	67026	26	24	68715	28	4983	2668	18
262.0	65309	17	26	68716	8	2490	4611	19
262.0	66441	48	47	68717	45	5082	1027	19
262.0	67021	29	24	68718	34	1401	1521	16
262.0	67797	27	29	68719	22	1062	3620	23
262.0	66516	50	38	68720	61	4952	2977	16
262.0	65172	41	39	68721	42	5574	3933	21
262.0	67665	27	18	68722	34	554	2969	15
262.0	66722	31	29	68723	33	542	2766	15
262.0	66872	35	37	68724	32	576	2546	18
262.0	66312	31	24	68725	36	4293	4701	18
262.0	67090	25	19	68726	28	1085	1931	20
262.0	66925	13	13	68727	12	4601	2649	16
263.0	66414	38	33	68728	39	1488	1593	22
263.0	67924	40	33	68729	45	5560	2815	16
263.0	66322	15	14	68730	14	5569	3303	18
263.0	65565	32	31	68731	32	5553	2626	19
263.0	66003	43	40	68732	45	3908	4273	18
263.0	67242	24	23	68733	24	1350	1753	17
263.0	67646	42	44	68734	37	3776	4608	17
263.0	66488	27	24	68735	28	4539	3724	17
263.0	67121	44	49	68736	38	4132	792	20
263.0	66314	26	17	68737	33	302	3035	18
263.0	66440	37	36	68738	36	3932	4357	20
263.0	65939	51	49	68739	50	2041	984	22
263.0	68043	38	31	68740	42	280	2880	16
263.0	66888	20	17	68741	21	666	3388	17
263.0	66848	32	27	68742	37	353	2362	20
263.0	65417	44	55	68743	32	1298	1553	13
263.0	67564	18	20	68744	14	4267	1459	18
263.0	67443	44	46	68745	40	4439	1514	23
263.0	66950	16	21	68746	11	5119	3572	20
263.0	66761	26	32	68747	18	2202	1461	18
263.0	65913	34	34	68748	33	547	3318	13
263.0	66871	16	14	68749	18	989	3331	18
263.0	66925	13	15	68750	10	4601	2649	17
263.0	65654	50	50	68751	44	3342	1302	23
263.0	67524	15	14	68752	15	682	3203	19
263.0	65434	28	31	68753	25	4529	3632	19
263.0	67196	45	51	68754	39	4510	1261	18
263.0	65978	31	33	68755	28	840	2014	16
263.0	66172	24	29	68756	19	349	2840	18
263.0	68123	45	39	68757	49	4676	3400	22
263.0	67899	40	44	68758	33	5152	4153	19
263.0	67321	8	6	68759	10	4131	3839	24
263.0	66870	43	43	68760	43	4563	197	19
263.0	67429	36	40	68761	32	848	2070	12
263.0	67599	8	9	68762	7	2991	1471	19
263.0	66732	24	19	68763	28	139	2826	16
263.0	68427	5	4	68764	6	286	3077	15
263.0	67576	29	34	68765	24	1096	3590	20
263.0	65723	16	14	68766	18	0	3267	19
263.0	67113	32	35	68767	29	3702	771	12
263.0	64076	10	9	68768	11	185	2897	20
263.0	66027	31	33	68769	27	5191	3965	21
263.0	66387	24	24	68770	23	3598	4581	17
263.0	67895	16	14	68771	18	1800	4105	22
263.0	66680	37	31	68772	42	3298	1159	18
263.0	63691	21	18	68773	22	4049	1521	18
263.0	67278	25	26	68774	24	614	3161	18
263.0	64183	45	38	68775	49	4768	3679	23
263.0	68142	37	37	68776	35	1148	1971	14
263.0	67460	38	39	68777	35	4343	1172	17
263.0	68240	42	47	68778	36	4521	3822	20
263.0	67297	42	50	68779	32	1401	1861	16
263.0	68305	21	24	68780	18	4579	2139	19
263.0	66954	10	10	68781	7	879	2541	16
263.0	67215	25	23	68782	27	241	2999	17
263.0	67390	22	24	68783	18	223	3399	16
263.0	67014	19	18	68784	20	475	3260	21
263.0	67980	33	30	68785	32	4333	1153	24
263.0	66454	36	45	68786	26	4559	3098	19
263.0	67558	24	26	68787	22	840	2050	15
263.0	65295	32	25	68788	36	391	2124	17
263.0	65328	47	48	68789	43	4655	1541	17
263.0	66661	24	24	68790	23	25	2917	14
263.0	66687	20	21	68791	18	216	2939	20
263.0	66050	35	36	68792	32	3969	4041	15
263.0	68349	45	54	68793	33	623	3244	15
263.0	67888	9	8	68794	10	440	3176	20
263.0	67286	10	11	68795	9	418	2942	16
263.0	67539	26	26	68796	24	107	3086	16
263.0	65455	21	20	68797	21	697	2779	20
263.0	66978	20	19	68798	21	172	1959	19
263.0	65172	39	36	68799	39	5574	3933	22
263.0	66861	11	11	68800	10	5206	2527	18
263.0	65959	29	29	68801	29	3237	4572	22
263.0	67190	42	43	68802	38	5012	3558	19
263.0	66312	24	21	68803	27	4293	4701	19
263.0	66979	49	60	68804	36	4209	1611	25
263.0	66001	22	23	68805	20	5251	2293	16
263.0	64617	25	22	68806	28	440	2891	24
263.0	65369	24	23	68807	24	652	2681	17
263.0	63500	11	13	68808	7	2972	4840	22
263.0	67248	30	29	68809	30	173	2747	18
263.0	64503	30	29	68810	29	3960	4117	20
263.0	66536	46	47	68811	42	1658	848	14
263.0	67318	49	50	68812	43	5419	2692	20
264.0	66822	25	27	68813	23	427	3020	16
264.0	66119	21	22	68814	18	176	2718	13
264.0	67278	26	27	68815	24	614	3161	19
264.0	65654	50	49	68816	48	3342	1302	24
264.0	68812	43	37	68817	45	5399	2692	21
264.0	67922	30	28	68818	31	4792	1891	17
264.0	67534	11	6	68819	15	2490	4593	19
264.0	67012	26	25	68820	23	1207	4059	17
264.0	67103	34	41	68821	26	4792	4555	16
264.0	66616	10	12	68822	8	391	3161	16
264.0	64963	25	21	68823	27	4482	3921	18
264.0	66441	47	50	68824	41	5082	1027	20
264.0	67417	21	19	68825	22	5138	3538	16
264.0	66653	30	29	68826	28	4618	1779	18
264.0	67157	28	32	68827	21	31	2331	21
264.0	66194	20	25	68828	14	166	2653	20
264.0	67051	22	24	68829	19	2216	5360	21
264.0	67991	46	37	68830	53	611	3083	21
264.0	68583	20	22	68831	17	1260	3738	16
264.0	68123	39	32	68832	43	4676	3400	23
264.0	66312	21	20	68833	21	4267	4648	20
264.0	67687	24	20	68834	25	1394	1380	16
264.0	68229	27	30	68835	23	610	1774	15
264.0	68030	43	51	68836	35	4712	1549	22
264.0	66689	33	34	68837	31	300	2828	17
264.0	66925	15	14	68838	15	4601	2649	18
264.0	68305	24	26	68839	20	4579	2139	20
264.0	67720	28	30	68840	24	249	2665	19
264.0	67418	16	17	68841	15	585	2370	14
264.0	67327	21	20	68842	22	220	2665	17
264.0	66556	13	7	68843	18	738	2294	17
264.0	63907	24	23	68844	24	730	2697	20
264.0	65924	27	23	68845	30	404	2098	17
264.0	68400	25	29	68846	20	563	3296	18
264.0	66366	23	25	68847	21	1080	2339	12
264.0	67007	16	17	68848	15	708	2354	14
264.0	68085	32	36	68849	26	1042	1867	19
264.0	67142	14	15	68850	12	4283	1369	20
264.0	67910	15	14	68851	16	663	2921	16
264.0	67932	22	17	68852	26	189	2562	20
264.0	67113	35	33	68853	32	3702	771	13
264.0	67068	23	20	68854	24	340	2816	16
264.0	66819	39	39	68855	35	4768	4199	19
264.0	67561	38	38	68856	37	1578	1312	19
264.0	67432	29	29	68857	28	20	3325	19
264.0	67449	29	20	68858	37	1481	3828	19
264.0	66046	22	27	68859	17	442	2712	18
264.0	66805	25	24	68860	26	2530	4527	22
264.0	66490	25	26	68861	21	3750	4335	18
264.0	65939	49	52	68862	44	2014	888	23
264.0	66662	45	37	68863	49	4183	1162	18
264.0	65814	16	16	68864	16	576	2858	19
264.0	67246	37	34	68865	39	1142	4435	16
264.0	65494	34	39	68866	28	4904	221	18
264.0	65893	18	13	68867	23	2873	4690	20
264.0	67089	44	46	68868	39	436	2661	16
264.0	67196	51	48	68869	49	4510	1261	19
264.0	68242	31	34	68870	28	4706	4132	18
264.0	66897	29	26	68871	31	592	2978	20
264.0	67718	38	38	68872	38	1869	4226	18
264.0	67053	21	22	68873	20	608	2442	19
264.0	67508	44	40	68874	48	4441	3912	15
264.0	66426	18	18	68875	17	227	2072	17
264.0	66973	31	30	68876	31	3080	4267	28
264.0	66750	21	17	68877	25	4011	4230	25
264.0	66545	4	1	68878	7	579	3130	18
264.0	65295	25	19	68879	30	391	2124	18
264.0	67257	16	17	68880	15	80	3097	18
264.0	65609	25	30	68881	20	572	1945	13
264.0	68001	22	23	68882	20	4480	3960	20
264.0	67046	19	15	68883	22	433	2913	16
265.0	67508	40	36	68884	44	4441	3912	16
265.0	67374	33	36	68885	29	906	2012	14
265.0	67378	14	17	68886	10	5275	3268	17
265.0	67235	27	29	68887	25	703	1834	12
265.0	66620	18	20	68888	16	5193	3447	19
265.0	66689	34	33	68889	34	300	2828	18
265.0	66655	14	11	68890	15	4342	3700	19
265.0	68187	39	32	68891	44	4470	3429	21
265.0	68701	34	30	68892	37	201	2950	21
265.0	66545	1	1	68893	1	579	3130	19
265.0	66998	29	36	68894	21	697	1790	15
265.0	66216	30	27	68895	30	398	1966	13
265.0	67732	43	44	68896	38	398	2671	17
265.0	67359	38	46	68897	28	202	2081	17
265.0	66776	26	23	68898	29	3372	1080	15
265.0	66600	36	32	68899	36	2838	4896	19
265.0	67244	19	22	68900	11	2267	4502	23
265.0	66906	34	34	68901	30	0	2014	16
265.0	67789	12	11	68902	13	699	2627	19
265.0	67422	17	23	68903	10	4220	1432	19
265.0	68085	36	36	68904	34	1042	1867	20
265.0	67967	36	38	68905	33	464	2550	16
265.0	65066	21	25	68906	17	4834	1662	20
265.0	66786	26	21	68907	30	43	3706	15
265.0	66556	7	7	68908	6	738	2294	18
265.0	67970	31	31	68909	31	967	3589	18
265.0	64183	38	38	68910	38	4768	3679	24
265.0	67242	23	21	68911	25	1350	1753	18
265.0	67225	19	23	68912	14	769	3248	15
265.0	68363	29	30	68913	28	3759	1379	19
265.0	67297	50	47	68914	51	1401	1861	17
265.0	66733	28	23	68915	31	2762	4811	21
265.0	67773	53	54	68916	46	1610	1126	20
265.0	67510	32	33	68917	30	404	2174	20
265.0	66775	17	15	68918	17	0	2930	17
265.0	66773	22	19	68919	22	4692	1697	21
265.0	67621	39	37	68920	40	388	1717	16
265.0	68543	34	33	68921	33	531	2650	15
265.0	67519	32	27	68922	35	3539	1084	21
265.0	64876	11	12	68923	10	4593	3668	20
265.0	66346	32	25	68924	38	3361	1253	17
265.0	68326	22	22	68925	21	270	2909	21
265.0	68101	21	23	68926	19	48	2748	15
265.0	66891	43	44	68927	41	1123	1558	14
265.0	67051	24	30	68928	18	2216	5360	22
265.0	65741	29	29	68929	29	431	2802	17
265.0	66316	19	19	68930	19	4150	1431	25
265.0	68528	35	33	68931	34	284	2844	17
265.0	65959	29	25	68932	30	3158	4571	23
265.0	65307	15	15	68933	15	386	2598	19
265.0	67449	20	11	68934	28	1481	3828	20
265.0	67421	17	13	68935	21	663	3654	17
265.0	66501	26	21	68936	30	3497	327	22
265.0	68192	11	10	68937	11	3430	1301	18
265.0	65624	32	32	68938	31	1703	4290	15
265.0	65939	52	52	68939	48	2014	888	24
265.0	67246	34	32	68940	35	1142	4435	17
265.0	64963	21	21	68941	20	4482	3921	19
265.0	67888	8	9	68942	7	440	3176	21
265.0	67687	20	20	68943	20	1394	1380	17
265.0	67927	35	35	68944	34	3961	4615	18
265.0	66360	9	8	68945	9	4500	2560	17
265.0	67128	12	12	68946	11	2372	4582	18
265.0	67034	34	34	68947	34	597	2769	15
265.0	68442	21	18	68948	24	2499	4568	20
265.0	67179	15	12	68949	17	488	2679	17
265.0	68001	23	17	68950	27	4480	3960	21
265.0	67894	25	31	68951	18	651	3312	13
265.0	66968	36	35	68952	34	1241	1828	12
265.0	67631	5	6	68953	4	4250	3823	20
265.0	66929	35	35	68954	29	882	4462	17
266.0	66758	20	19	68955	21	1497	4356	15
266.0	67438	39	42	68956	34	963	4605	22
266.0	66379	40	35	68957	45	435	2571	17
266.0	67899	44	35	68958	51	5237	4219	20
266.0	67048	12	13	68959	10	4208	1402	18
266.0	67034	34	28	68960	38	597	2769	16
266.0	66806	14	11	68961	15	2623	4481	21
266.0	66043	21	18	68962	24	914	1948	16
266.0	67387	41	47	68963	31	556	1922	19
266.0	67612	19	22	68964	14	3672	1053	23
266.0	66781	20	14	68965	26	529	3041	16
266.0	66615	41	42	68966	36	4370	4229	17
266.0	67036	28	23	68967	31	169	2596	16
266.0	66122	5	6	68968	4	2380	4361	21
266.0	66699	2	2	68969	2	4752	3098	19
266.0	66929	35	29	68970	40	882	4462	18
266.0	66419	51	57	68971	43	3644	1158	21
266.0	67834	46	53	68972	35	4690	3615	19
266.0	67422	23	28	68973	18	4220	1432	20
266.0	67583	17	11	68974	21	700	3221	19
266.0	67265	15	20	68975	10	282	2975	12
266.0	64700	22	27	68976	17	820	2365	16
266.0	65340	33	29	68977	33	3577	5345	17
266.0	67366	18	19	68978	15	2551	1478	17
266.0	65503	26	27	68979	23	4110	4019	20
266.0	66660	21	21	68980	21	480	3046	21
266.0	66487	26	20	68981	31	1360	4220	17
266.0	67495	20	18	68982	21	1768	1347	16
266.0	67561	38	36	68983	38	1578	1312	20
266.0	67330	28	28	68984	28	3825	4792	15
266.0	66027	33	29	68985	35	5191	3965	22
266.0	65074	25	27	68986	22	3650	841	14
266.0	67324	13	11	68987	13	5112	2498	20
266.0	67709	30	28	68988	29	1023	1713	15
266.0	66222	35	28	68989	41	900	2075	12
266.0	65939	52	51	68990	49	2007	768	25
266.0	67691	47	42	68991	52	4820	3795	18
266.0	67021	24	28	68992	18	1349	1478	17
266.0	65264	19	23	68993	14	290	2368	20
266.0	66810	17	20	68994	13	732	2741	15
266.0	67421	13	18	68995	7	663	3654	18
266.0	67967	38	37	68996	37	464	2550	17
266.0	66998	36	39	68997	32	697	1790	16
266.0	66980	31	27	68998	31	4140	4462	20
266.0	68142	37	36	68999	35	1148	1971	15
266.0	66916	43	42	69000	43	5976	4106	17
266.0	65812	34	32	69001	35	3580	4658	16
266.0	67117	10	11	69002	8	456	3248	18
266.0	67519	27	28	69003	24	3539	1084	22
266.0	67017	39	44	69004	32	702	2980	19
266.0	68573	44	40	69005	43	3889	1036	17
266.0	66262	25	22	69006	28	2512	4569	19
266.0	67394	21	21	69007	21	898	3502	15
266.0	67378	17	18	69008	16	5275	3268	18
266.0	65075	49	39	69009	56	4498	4959	20
266.0	67821	26	31	69010	21	4792	1458	18
266.0	67042	23	22	69011	22	3840	4203	18
266.0	67927	35	34	69012	34	3961	4615	19
266.0	66986	24	25	69013	22	649	2943	19
266.0	67240	19	22	69014	15	801	2321	18
266.0	67013	29	33	69015	24	583	3252	18
266.0	68187	32	24	69016	37	4470	3429	22
266.0	66732	19	20	69017	18	148	2759	17
266.0	64885	9	11	69018	6	370	3104	20
266.0	66723	5	7	69019	3	3210	4362	20
266.0	67865	27	28	69020	24	480	3147	20
266.0	67589	32	34	69021	29	444	2758	16
266.0	63526	2	3	69022	1	5130	2607	26
266.0	67427	18	18	69023	18	650	2841	17
266.0	66264	11	11	69024	10	645	3582	19
266.0	64944	48	48	69025	47	4140	0	23
266.0	68343	28	28	69026	26	1505	1172	20
266.0	68221	14	16	69027	12	979	2122	17
266.0	66253	18	21	69028	15	3462	4360	20
266.0	65416	46	45	69029	44	4639	4383	20
266.0	66446	42	42	69030	39	4663	5147	18
266.0	67222	18	18	69031	18	335	3137	15
266.0	67621	37	38	69032	34	388	1717	17
266.0	66690	20	14	69033	23	4062	4433	21
266.0	66346	25	23	69034	25	3337	1189	18
266.0	68071	44	44	69035	41	1109	4138	16
266.0	67742	43	52	69036	33	4787	3430	20
266.0	67660	24	25	69037	21	1320	1890	13
266.0	66016	20	18	69038	20	2735	1229	19
266.0	66425	44	44	69039	39	5537	224	25
266.0	65609	30	31	69040	29	560	1796	14
267.0	65276	25	25	69041	23	4152	1298	21
267.0	67017	44	34	69042	51	702	2980	20
267.0	66027	29	28	69043	27	5191	3965	23
267.0	66804	31	22	69044	40	44	2686	18
267.0	66075	12	11	69045	13	2191	4386	20
267.0	65876	32	27	69046	35	3638	1015	22
267.0	67495	18	21	69047	15	1768	1347	17
267.0	66465	54	55	69048	45	3791	5999	18
267.0	65231	16	15	69049	15	595	2559	18
267.0	67506	25	18	69050	31	3930	4128	17
267.0	65939	51	50	69051	49	2007	768	26
267.0	67090	19	19	69052	17	1091	1870	21
267.0	65055	24	21	69053	24	1741	1672	15
267.0	66142	46	49	69054	43	4964	2618	20
267.0	67601	32	30	69055	33	2220	4275	18
267.0	68238	29	27	69056	30	3951	1143	15
267.0	68538	17	15	69057	19	401	2927	16
267.0	67427	18	15	69058	21	650	2841	18
267.0	65194	34	34	69059	33	1248	3900	19
267.0	68484	28	27	69060	29	1621	1292	19
267.0	66261	9	10	69061	8	348	3021	16
267.0	67497	42	45	69062	38	4698	2180	18
267.0	68048	18	15	69063	18	473	3130	22
267.0	68038	38	34	69064	39	1228	1710	14
267.0	67696	27	33	69065	19	1621	1309	17
267.0	66379	35	34	69066	32	435	2571	18
267.0	65056	22	25	69067	19	4439	4094	17
267.0	66262	22	17	69068	26	2512	4569	20
267.0	67326	29	20	69069	32	3780	4778	17
267.0	67042	22	19	69070	21	3840	4203	19
267.0	65015	39	32	69071	43	1796	1310	11
267.0	66162	33	26	69072	38	4648	3699	20
267.0	66012	22	26	69073	17	749	3376	16
267.0	67902	30	32	69074	25	259	2383	18
267.0	67477	15	19	69075	10	2547	4618	22
267.0	68242	34	33	69076	32	4706	4132	19
267.0	66014	28	28	69077	25	1427	3880	19
267.0	66609	17	21	69078	11	730	2375	18
267.0	65645	15	15	69079	13	4477	1462	22
267.0	65722	31	27	69080	35	4525	5237	22
267.0	65609	31	36	69081	24	560	1796	15
267.0	66384	12	11	69082	12	697	2599	18
267.0	66354	20	24	69083	15	1693	1334	15
267.0	68898	29	31	69084	24	3361	1090	16
267.0	66424	22	24	69085	20	617	3208	14
267.0	66469	40	36	69086	43	1332	1698	13
267.0	66518	40	34	69087	42	4588	1409	20
267.0	67034	28	30	69088	26	597	2769	17
267.0	67585	41	39	69089	40	3611	1089	22
267.0	67158	20	18	69090	19	801	3588	18
267.0	67713	24	23	69091	23	2889	4658	23
267.0	66810	20	18	69092	22	732	2741	16
267.0	68714	17	13	69093	21	3798	4554	23
267.0	67258	33	33	69094	31	30	2298	21
267.0	65946	28	22	69095	32	3280	1282	15
267.0	66634	28	30	69096	25	289	3003	19
267.0	66426	18	18	69097	17	265	2033	18
267.0	66239	25	22	69098	27	2370	4320	20
267.0	67910	14	15	69099	10	663	2921	17
267.0	66433	36	36	69100	35	4570	2388	21
267.0	67565	18	19	69101	16	4351	3840	19
267.0	67340	25	26	69102	24	586	2611	14
267.0	67418	17	16	69103	18	585	2370	15
267.0	67384	26	26	69104	24	4061	4333	17
267.0	67557	34	29	69105	37	41	2375	16
267.0	67831	8	12	69106	4	261	3068	16
267.0	66749	31	27	69107	34	61	2761	15
267.0	66476	9	9	69108	9	348	2937	20
267.0	68424	27	24	69109	29	4836	1779	21
267.0	68689	20	24	69110	16	311	3044	18
267.0	67533	26	28	69111	20	3981	4348	16
267.0	65905	24	26	69112	20	1899	4040	20
267.0	65172	36	40	69113	31	5685	4069	23
267.0	64686	41	33	69114	49	3774	4500	18
267.0	68018	32	25	69115	38	378	2424	19
267.0	67516	45	49	69116	38	5149	4027	19
267.0	67174	16	13	69117	18	1541	1879	16
267.0	67662	37	37	69118	36	3768	5965	15
267.0	67558	26	26	69119	25	840	2050	16
267.0	67222	18	19	69120	16	335	3137	16
267.0	68071	44	39	69121	49	1109	4138	17
267.0	67916	32	24	69122	39	481	1841	13
267.0	67964	26	16	69123	36	1870	1719	19
267.0	67687	20	22	69124	17	1394	1380	18
267.0	67330	28	35	69125	19	3825	4792	16
267.0	65466	12	11	69126	11	498	2937	15
267.0	68663	35	24	69127	44	3141	4628	22
267.0	68098	28	24	69128	28	2959	1272	28
268.0	67745	11	10	69129	10	258	3111	16
268.0	66654	47	47	69130	42	279	4290	16
268.0	67882	32	31	69131	31	541	2714	18
268.0	67973	44	43	69132	43	4739	2959	16
268.0	67044	37	30	69133	44	4548	1418	19
268.0	65355	25	22	69134	28	607	2659	14
268.0	66319	15	10	69135	19	739	2659	19
268.0	64927	44	44	69136	41	1278	5233	15
268.0	67409	31	36	69137	23	1041	2041	14
268.0	69024	10	10	69138	9	632	3594	20
268.0	67713	23	23	69139	23	2812	4658	24
268.0	67988	24	28	69140	19	3594	1088	24
268.0	66968	35	30	69141	36	1241	1828	13
268.0	67540	34	29	69142	35	1559	1672	12
268.0	68393	30	34	69143	25	363	2164	21
268.0	65424	15	13	69144	16	794	3500	13
268.0	67699	21	20	69145	21	682	3388	17
268.0	65188	27	25	69146	28	1502	1769	16
268.0	66035	32	36	69147	28	224	2049	16
268.0	67758	20	19	69148	20	5051	3583	20
268.0	67259	22	21	69149	21	5172	3516	17
268.0	67655	9	9	69150	8	4568	1276	19
268.0	66329	22	19	69151	23	4395	4930	26
268.0	67393	13	12	69152	14	2598	4270	21
268.0	67104	16	14	69153	18	642	2981	16
268.0	65174	57	48	69154	52	1991	1519	13
268.0	68005	25	24	69155	23	4480	1877	17
268.0	66700	27	31	69156	22	123	2709	16
268.0	67073	24	17	69157	30	4460	3631	18
268.0	67002	27	22	69158	30	1300	1860	15
268.0	64866	32	23	69159	40	509	4238	20
268.0	68179	16	20	69160	12	1732	4319	17
268.0	65908	32	20	69161	42	0	2374	22
268.0	67026	24	20	69162	25	4983	2668	19
268.0	66014	28	31	69163	25	1427	3880	20
268.0	65309	26	34	69164	17	2520	4698	20
268.0	66899	18	19	69165	17	839	3439	22
268.0	67508	36	37	69166	34	4441	3912	17
268.0	67795	25	32	69167	18	468	2861	19
268.0	67029	37	36	69168	34	2958	1338	26
268.0	67282	43	45	69169	39	346	3223	14
268.0	67785	34	32	69170	36	367	2704	16
268.0	67908	28	25	69171	30	11	2560	19
268.0	66997	33	37	69172	29	4371	1599	18
268.0	66487	20	19	69173	21	1360	4220	18
268.0	68639	41	34	69174	47	547	3010	22
268.0	65434	31	32	69175	29	4529	3632	20
268.0	66810	18	21	69176	15	732	2741	17
268.0	66904	20	21	69177	18	4701	3031	20
268.0	68057	26	23	69178	28	445	2132	20
268.0	66221	34	32	69179	35	1877	1579	17
268.0	66661	24	19	69180	28	25	2917	15
268.0	67330	35	35	69181	35	3825	4792	17
268.0	65056	25	29	69182	20	4439	4094	18
268.0	68424	24	29	69183	17	4836	1779	22
268.0	67349	6	6	69184	6	4672	2280	20
268.0	66870	43	44	69185	39	4594	93	20
268.0	66939	46	51	69186	40	4344	3930	20
268.0	68217	27	37	69187	17	1832	4257	18
268.0	66703	26	32	69188	19	5119	1835	17
268.0	67190	43	55	69189	28	5012	3558	20
268.0	67553	25	20	69190	26	274	1884	20
268.0	67932	17	19	69191	14	189	2562	21
268.0	66652	35	32	69192	36	4051	1303	19
268.0	67288	29	33	69193	23	311	2898	19
268.0	67933	29	35	69194	21	4748	1092	19
268.0	65725	47	48	69195	45	4692	3668	20
268.0	67337	34	39	69196	27	3950	4249	23
268.0	68165	17	18	69197	16	461	2942	18
268.0	67643	26	29	69198	21	359	3247	18
268.0	66418	42	38	69199	43	3806	4461	15
268.0	66917	36	32	69200	39	81	2971	16
268.0	67340	26	29	69201	23	586	2611	15
268.0	67922	28	26	69202	30	4792	1891	18
268.0	67064	37	36	69203	35	651	3196	21
268.0	65821	22	22	69204	21	3912	4209	14
268.0	67432	29	30	69205	28	20	3325	20
268.0	67355	38	40	69206	34	2370	4241	25
268.0	65839	43	39	69207	45	4426	686	22
268.0	67614	13	16	69208	10	337	3034	17
268.0	67360	32	35	69209	28	424	2232	17
268.0	66417	39	40	69210	37	4951	2173	18
268.0	68491	49	46	69211	51	4151	960	21
268.0	68890	15	14	69212	13	4352	3710	20
268.0	65360	58	44	69213	56	2241	154	15
269.0	65812	32	27	69214	34	3580	4658	17
269.0	66158	17	20	69215	12	4669	1353	21
269.0	66946	15	18	69216	9	508	2647	15
269.0	68263	24	19	69217	29	5197	4059	20
269.0	66043	18	17	69218	19	914	1948	17
269.0	67034	30	25	69219	33	597	2769	18
269.0	68155	43	53	69220	32	3608	4825	17
269.0	66492	32	32	69221	31	428	3516	15
269.0	66807	34	29	69222	37	3782	4633	18
269.0	66781	14	17	69223	11	529	3041	17
269.0	66414	33	28	69224	37	1488	1593	23
269.0	67843	33	37	69225	27	4590	767	19
269.0	68718	34	40	69226	27	1347	1338	17
269.0	67118	33	31	69227	35	477	2623	15
269.0	65309	34	41	69228	26	2523	4781	21
269.0	67610	29	29	69229	29	0	2912	18
269.0	66616	12	13	69230	10	391	3161	17
269.0	68336	27	31	69231	17	380	2555	23
269.0	68326	22	17	69232	26	270	2909	22
269.0	67754	16	18	69233	14	349	2771	18
269.0	67346	37	43	69234	29	84	2248	16
269.0	65369	23	26	69235	19	652	2681	18
269.0	65806	19	15	69236	20	4370	3972	24
269.0	67104	14	11	69237	17	642	2981	17
269.0	67191	30	32	69238	26	223	2738	18
269.0	66638	18	26	69239	9	590	3180	24
269.0	66874	24	20	69240	26	4642	2440	19
269.0	65943	46	45	69241	43	4722	3090	23
269.0	65686	20	17	69242	21	2870	1328	25
269.0	67758	19	24	69243	14	5051	3583	21
269.0	66712	37	37	69244	37	367	2724	15
269.0	66834	17	19	69245	14	710	2530	17
269.0	68665	42	45	69246	37	4793	4261	19
269.0	64706	45	47	69247	41	4203	1251	20
269.0	68116	15	17	69248	13	448	2615	18
269.0	67603	24	23	69249	25	350	2306	16
269.0	67932	19	25	69250	11	189	2562	22
269.0	67355	40	31	69251	48	2370	4241	26
269.0	66266	21	20	69252	21	4093	1420	15
269.0	66406	19	13	69253	23	5158	2381	20
269.0	67569	29	21	69254	35	5359	3713	19
269.0	68539	27	30	69255	22	511	2700	18
269.0	67922	26	25	69256	26	4792	1891	19
269.0	67307	57	42	69257	58	5491	1384	17
269.0	65803	16	13	69258	18	310	3004	14
269.0	68646	50	47	69259	49	1854	4700	15
269.0	65878	21	21	69260	17	3012	4630	20
269.0	65426	27	25	69261	26	2051	4623	24
269.0	68219	26	26	69262	25	530	3217	22
269.0	66179	27	31	69263	23	389	2810	18
269.0	67704	29	28	69264	28	1368	4360	15
269.0	66552	25	27	69265	23	4704	1400	17
269.0	67745	10	8	69266	11	258	3111	17
269.0	65623	37	38	69267	35	5943	3042	17
269.0	66654	47	54	69268	38	279	4290	17
269.0	66814	26	27	69269	24	90	2851	18
269.0	66794	47	46	69270	46	3612	905	17
269.0	68234	31	30	69271	31	993	1650	17
269.0	65988	29	32	69272	24	2031	1760	19
269.0	67477	19	25	69273	13	2547	4618	23
269.0	68063	16	17	69274	15	299	2937	17
269.0	68205	28	23	69275	33	5238	1730	20
269.0	67511	10	7	69276	12	671	3340	25
269.0	68638	44	42	69277	43	4620	3504	17
269.0	68922	35	29	69278	40	3458	998	22
269.0	66487	19	21	69279	17	1360	4220	19
269.0	67154	14	13	69280	14	298	2904	16
269.0	67002	22	24	69281	17	1300	1860	16
269.0	66362	41	48	69282	32	1800	4401	12
269.0	67742	52	48	69283	52	4787	3430	21
269.0	66418	38	27	69284	48	3806	4461	16
269.0	69024	10	7	69285	13	632	3594	21
269.0	66127	13	14	69286	10	486	3192	21
269.0	67058	2	2	69287	2	502	3216	17
269.0	67540	29	30	69288	28	1559	1672	13
269.0	67144	33	29	69289	36	3122	5142	18
269.0	64410	27	31	69290	22	543	2639	15
269.0	67937	41	38	69291	43	508	3240	23
269.0	66035	36	39	69292	31	224	2049	17
269.0	66599	25	18	69293	32	4571	1470	21
269.0	66975	20	20	69294	19	1527	3940	18
269.0	67573	33	35	69295	31	55	2889	17
269.0	67190	55	49	69296	51	5012	3558	21
269.0	69171	30	30	69297	28	25	2545	20
269.0	68058	28	32	69298	22	582	3297	17
269.0	67246	32	32	69299	26	1142	4435	18
269.0	68224	24	25	69300	22	4422	1452	19
269.0	67661	18	13	69301	23	739	2639	17
269.0	66652	32	28	69302	33	4051	1303	20
270.0	66574	15	13	69303	17	4737	3059	15
270.0	68225	29	25	69304	30	3143	4764	23
270.0	66487	21	24	69305	18	1360	4220	20
270.0	68874	48	40	69306	53	4409	3912	16
270.0	67930	28	16	69307	39	324	3018	14
270.0	67378	18	16	69308	20	5275	3268	19
270.0	67857	35	37	69309	31	4339	1639	23
270.0	66794	46	43	69310	42	3612	905	18
270.0	67324	11	10	69311	11	5112	2498	21
270.0	66580	36	39	69312	29	1773	1600	17
270.0	68801	29	21	69313	36	3278	4617	23
270.0	67759	20	17	69314	22	317	2956	13
270.0	65807	3	5	69315	1	4658	2280	21
270.0	67903	23	21	69316	23	4497	4190	21
270.0	67390	24	26	69317	21	223	3399	17
270.0	65961	32	27	69318	36	99	2829	21
270.0	67408	21	17	69319	23	1697	4109	20
270.0	67014	18	19	69320	16	475	3260	22
270.0	68410	30	29	69321	29	1091	1577	18
270.0	67603	23	24	69322	20	350	2306	17
270.0	68296	25	22	69323	28	446	3478	18
270.0	67526	17	16	69324	16	249	2600	17
270.0	67556	34	35	69325	31	1028	3751	16
270.0	67418	16	10	69326	21	585	2370	16
270.0	66387	24	21	69327	25	3598	4581	18
270.0	68046	22	21	69328	22	275	2557	21
270.0	65542	29	19	69329	38	318	3419	18
270.0	67108	15	11	69330	19	510	3202	20
270.0	67047	19	24	69331	14	402	3078	15
270.0	67878	15	10	69332	20	242	2879	20
270.0	67539	26	26	69333	26	88	3288	17
270.0	68263	19	18	69334	19	5197	4059	21
270.0	68116	17	11	69335	23	448	2615	19
270.0	67437	25	25	69336	24	1379	1759	14
270.0	65623	38	38	69337	36	5943	3042	18
270.0	67021	28	28	69338	26	1280	1448	18
270.0	68168	34	31	69339	34	598	2035	14
270.0	67573	35	37	69340	31	55	2889	18
270.0	64867	28	26	69341	29	743	1205	17
270.0	68463	29	34	69342	24	4401	1611	18
270.0	67859	28	23	69343	31	1082	1587	18
270.0	66962	23	23	69344	22	4574	1221	17
270.0	67346	43	39	69345	44	98	2146	17
270.0	66371	25	16	69346	33	859	3359	16
270.0	68162	30	34	69347	23	1541	1470	18
270.0	65676	20	21	69348	18	0	2560	19
270.0	67932	25	21	69349	26	189	2562	23
270.0	67193	16	20	69350	11	303	3117	13
270.0	69028	15	19	69351	11	3409	4409	21
270.0	67051	30	28	69352	31	2216	5360	23
270.0	67497	45	47	69353	41	4698	2180	19
270.0	65943	45	54	69354	36	4722	3090	24
270.0	67118	31	33	69355	27	477	2623	16
270.0	67720	30	28	69356	32	249	2665	20
270.0	67209	28	26	69357	29	1069	3549	17
270.0	67536	11	9	69358	13	422	2680	17
270.0	67005	51	47	69359	53	1072	4627	15
270.0	68646	47	48	69360	45	1854	4700	16
270.0	64866	23	25	69361	19	509	4238	21
270.0	67937	38	37	69362	37	508	3240	24
270.0	67828	13	8	69363	18	4661	2321	20
270.0	68224	25	28	69364	20	4422	1452	20
270.0	67482	31	34	69365	28	670	2362	15
270.0	66880	15	14	69366	16	4918	2576	18
270.0	68488	52	56	69367	44	4572	3778	19
270.0	67249	19	24	69368	14	4168	4575	22
270.0	66874	20	20	69369	19	4642	2440	20
270.0	66955	8	5	69370	11	5430	2330	20
270.0	67495	21	20	69371	20	1768	1347	18
270.0	66978	19	19	69372	18	172	1834	20
270.0	67525	7	10	69373	4	539	3151	17
271.0	67645	13	16	69374	10	1021	3651	19
271.0	67088	26	34	69375	16	425	3159	21
271.0	66250	29	31	69376	24	5045	1471	18
271.0	68177	29	32	69377	26	649	2476	16
271.0	68086	19	18	69378	18	487	3247	20
271.0	65212	6	7	69379	5	4001	4282	27
271.0	67539	26	22	69380	29	88	3288	18
271.0	67598	22	14	69381	29	4613	1139	18
271.0	67573	37	32	69382	38	55	2889	19
271.0	67484	30	30	69383	26	4248	1139	25
271.0	67012	25	30	69384	18	1225	4202	18
271.0	67927	34	39	69385	28	3961	4615	20
271.0	67273	34	30	69386	38	4521	4454	17
271.0	67249	24	19	69387	26	4168	4575	23
271.0	66896	25	24	69388	24	517	3572	17
271.0	68030	51	52	69389	48	4712	1549	23
271.0	68966	36	39	69390	31	4305	4401	18
271.0	67859	23	23	69391	22	1082	1587	19
271.0	68063	17	17	69392	17	299	2937	18
271.0	66448	22	23	69393	21	4269	4365	16
271.0	68184	20	18	69394	22	5198	3483	19
271.0	66830	35	33	69395	36	202	2809	19
271.0	67014	19	22	69396	14	475	3260	23
271.0	66919	36	38	69397	32	5352	1478	17
271.0	66349	23	20	69398	25	4630	2309	21
271.0	67051	28	34	69399	17	2216	5360	24
271.0	66371	16	12	69400	19	859	3359	17
271.0	68788	36	42	69401	27	238	2133	18
271.0	64546	17	15	69402	16	2261	684	22
271.0	67390	26	21	69403	29	223	3399	18
271.0	65529	16	9	69404	21	201	2635	17
271.0	65462	24	31	69405	17	4866	1532	20
271.0	66683	24	20	69406	28	470	3559	20
271.0	67395	22	20	69407	21	89	3028	18
271.0	67415	37	40	69408	32	478	2656	16
271.0	67894	31	25	69409	34	669	3312	14
271.0	67196	48	50	69410	44	4510	1261	20
271.0	67932	21	17	69411	25	189	2562	24
271.0	68017	23	21	69412	24	730	2477	14
271.0	65878	21	20	69413	21	3012	4630	21
271.0	68969	2	1	69414	3	4761	3193	20
271.0	66272	34	34	69415	32	376	1701	17
271.0	67497	47	37	69416	55	4698	2180	20
271.0	68249	32	34	69417	30	4807	4367	18
271.0	66736	11	12	69418	10	563	3172	19
271.0	67118	33	33	69419	33	477	2623	17
271.0	67258	33	30	69420	32	30	2298	22
271.0	67546	55	52	69421	48	5296	111	22
271.0	65874	32	28	69422	33	86	2355	19
271.0	66489	43	39	69423	44	682	2464	16
271.0	66978	19	23	69424	14	172	1834	21
271.0	65913	34	33	69425	33	531	3334	14
271.0	67068	20	21	69426	18	340	2816	17
271.0	66379	34	38	69427	29	409	2545	19
271.0	67864	21	16	69428	25	170	2772	19
271.0	65681	14	11	69429	17	289	3075	15
271.0	67264	18	17	69430	19	838	3280	19
271.0	68076	31	31	69431	28	142	2855	20
271.0	67499	14	9	69432	18	343	2918	17
271.0	68168	31	46	69433	15	598	2035	15
271.0	68120	45	39	69434	49	4269	5404	17
271.0	65542	19	20	69435	18	318	3419	19
271.0	67519	28	24	69436	29	3349	958	23
272.0	68966	39	33	69437	43	4305	4401	19
272.0	67309	21	20	69438	20	1132	1702	19
272.0	68395	7	7	69439	5	2360	4452	21
272.0	66465	55	54	69440	46	3791	5999	19
272.0	66861	11	15	69441	7	5173	2561	19
272.0	68853	32	29	69442	33	3714	771	14
272.0	67215	23	28	69443	16	223	3017	18
272.0	66312	20	20	69444	20	4243	4593	21
272.0	63770	19	16	69445	22	36	3152	19
272.0	67888	9	7	69446	10	440	3176	22
272.0	64617	22	20	69447	23	440	2869	25
272.0	66243	53	37	69448	63	200	2723	18
272.0	65953	4	4	69449	4	5108	3526	17
272.0	67605	24	17	69450	31	420	2515	15
272.0	67899	35	27	69451	42	5388	4307	21
272.0	68177	32	33	69452	31	649	2476	17
272.0	67323	42	43	69453	39	2404	1480	10
272.0	66559	34	36	69454	28	1908	1293	18
272.0	66322	14	12	69455	16	5677	3387	19
272.0	65501	26	30	69456	22	228	2952	21
272.0	67026	20	17	69457	23	4983	2668	20
272.0	67894	25	20	69458	29	669	3312	15
272.0	67652	41	45	69459	35	4738	3831	17
272.0	67025	30	29	69460	28	532	1012	19
272.0	68022	42	43	69461	39	300	2783	18
272.0	66501	21	11	69462	28	3497	327	23
272.0	66282	40	36	69463	42	51	4160	21
272.0	68361	25	16	69464	33	4316	1380	20
272.0	68456	8	3	69465	12	402	3051	22
272.0	66545	1	0	69466	2	579	3130	20
272.0	67187	41	44	69467	37	4654	847	21
272.0	67544	37	35	69468	37	3180	838	17
272.0	68342	25	17	69469	33	5302	3591	18
272.0	66808	14	17	69470	10	533	2681	15
272.0	68898	31	31	69471	30	3361	1090	17
272.0	66272	34	35	69472	32	376	1701	18
272.0	67395	20	22	69473	18	89	3028	19
272.0	67058	2	2	69474	2	502	3216	18
272.0	67258	30	20	69475	36	30	2298	23
272.0	67921	46	32	69476	57	799	1751	13
272.0	67858	25	25	69477	21	600	2489	21
272.0	67288	33	31	69478	33	331	2898	20
272.0	65416	45	41	69479	49	4639	4383	21
272.0	68578	42	40	69480	41	463	3997	21
272.0	63500	13	17	69481	7	2972	4840	23
272.0	68063	17	20	69482	12	299	2937	19
272.0	67497	37	37	69483	36	4698	2180	21
272.0	66262	17	15	69484	19	2512	4569	21
272.0	64873	34	37	69485	30	561	2196	17
272.0	65913	33	28	69486	36	531	3334	15
272.0	68543	33	32	69487	33	531	2650	16
272.0	68691	51	59	69488	41	5312	2701	20
272.0	67339	8	9	69489	6	423	3281	18
272.0	67635	37	34	69490	35	4692	3120	21
272.0	67859	23	22	69491	24	1082	1587	20
272.0	68076	31	21	69492	39	142	2855	21
272.0	66702	30	29	69493	30	1437	1671	14
272.0	68179	20	20	69494	19	1778	4431	18
272.0	67706	39	36	69495	40	5646	2838	20
272.0	66216	27	23	69496	31	398	1966	14
272.0	65807	5	4	69497	6	4658	2280	22
272.0	66474	34	29	69498	38	5546	2644	19
272.0	67583	11	12	69499	9	700	3221	20
272.0	65494	39	35	69500	41	4919	0	19
272.0	65785	26	18	69501	31	629	2587	14
272.0	67645	16	15	69502	17	1021	3651	20
272.0	64955	22	20	69503	23	0	3041	20
272.0	66779	34	30	69504	37	619	3301	19
272.0	68824	41	38	69505	41	5072	1017	21
272.0	67259	21	28	69506	14	5172	3516	18
272.0	68240	47	48	69507	42	4632	3830	21
272.0	66064	26	22	69508	29	724	1722	19
272.0	67861	54	47	69509	53	5373	4521	20
272.0	67220	40	35	69510	43	4434	1069	24
272.0	67927	39	43	69511	34	3961	4615	21
272.0	68530	19	24	69512	14	2020	1669	21
272.0	67242	21	18	69513	22	1350	1753	19
272.0	67322	26	24	69514	27	0	3180	19
272.0	67342	14	14	69515	13	780	3551	21
272.0	67035	17	17	69516	17	403	2478	23
272.0	67500	26	22	69517	30	528	2736	17
272.0	67393	12	14	69518	8	2598	4270	22
273.0	66962	23	24	69519	19	4574	1221	18
273.0	65416	41	40	69520	41	4639	4383	22
273.0	65494	35	33	69521	32	4919	0	20
273.0	67795	32	36	69522	28	468	2839	20
273.0	67833	18	19	69523	17	55	2928	19
273.0	67699	20	20	69524	19	682	3388	18
273.0	67436	25	29	69525	21	761	3513	12
273.0	68701	30	35	69526	25	201	2950	22
273.0	66222	28	30	69527	25	900	2075	13
273.0	68260	11	13	69528	8	611	3130	16
273.0	67708	34	24	69529	42	388	2759	17
273.0	65893	13	13	69530	12	2790	4798	21
273.0	64669	26	22	69531	29	4628	4341	19
273.0	65722	27	20	69532	33	4525	5237	23
273.0	67533	28	30	69533	26	3981	4348	17
273.0	68043	31	33	69534	27	280	2842	17
273.0	68504	46	49	69535	42	4033	5836	18
273.0	68725	36	34	69536	35	4160	4929	19
273.0	68416	7	8	69537	6	5158	2607	23
273.0	68801	21	23	69538	19	3311	4669	24
273.0	66615	42	40	69539	41	4370	4229	18
273.0	68164	26	26	69540	26	2547	4601	22
273.0	67333	14	12	69541	14	481	3013	18
273.0	67706	36	35	69542	36	5646	2838	21
273.0	68493	37	45	69543	25	3569	4631	16
273.0	65921	26	30	69544	21	70	3553	15
273.0	65613	39	35	69545	42	2669	4498	18
273.0	68343	28	22	69546	33	1533	1106	21
273.0	66452	6	9	69547	3	378	3051	20
273.0	69010	21	24	69548	16	4806	1458	19
273.0	66453	15	17	69549	11	1630	4134	20
273.0	67590	30	34	69550	25	2457	588	18
273.0	68044	20	16	69551	22	338	3392	16
273.0	63500	17	16	69552	17	2972	4840	24
273.0	67747	23	17	69553	28	2948	1150	18
273.0	67439	26	26	69554	26	3788	143	22
273.0	67259	28	26	69555	27	5172	3516	19
273.0	68247	24	24	69556	22	271	2624	22
273.0	67309	20	18	69557	21	1132	1702	20
273.0	68796	24	17	69558	30	107	3102	17
273.0	66516	38	36	69559	38	4952	2977	17
273.0	68022	43	42	69560	39	300	2783	19
273.0	67023	15	13	69561	16	379	2982	16
273.0	67893	48	45	69562	48	3429	1204	22
273.0	64706	47	53	69563	38	4203	1251	21
273.0	66731	11	12	69564	10	4088	4160	26
273.0	68176	11	10	69565	12	398	2905	20
273.0	67323	43	40	69566	41	2404	1480	11
273.0	67429	40	36	69567	42	848	2070	13
273.0	68320	33	29	69568	35	5241	1763	17
273.0	66435	39	39	69569	35	5079	4355	19
273.0	66537	11	10	69570	11	400	2970	19
273.0	68291	30	29	69571	29	530	3217	23
273.0	68037	37	30	69572	42	4171	4664	16
273.0	67694	32	35	69573	27	846	3530	18
273.0	67727	24	19	69574	29	3084	664	21
273.0	65565	31	35	69575	25	5647	2393	20
273.0	68966	33	30	69576	32	4305	4401	20
273.0	66184	26	22	69577	28	470	2785	19
273.0	68691	59	49	69578	51	5312	2701	21
273.0	68097	22	21	69579	22	505	2132	20
273.0	68229	30	33	69580	23	610	1774	16
273.0	67354	44	50	69581	36	2417	892	14
273.0	66480	34	27	69582	37	591	2499	22
273.0	66441	50	50	69583	49	4915	731	21
273.0	68456	3	1	69584	4	402	3051	23
273.0	67515	31	28	69585	34	53	3046	18
273.0	68240	48	32	69586	62	4632	3830	22
273.0	68405	25	25	69587	23	3531	41	22
273.0	68590	17	20	69588	13	2559	4498	22
273.0	66804	22	16	69589	27	44	2686	19
273.0	66425	44	47	69590	40	5299	393	26
273.0	68124	6	5	69591	7	2458	4430	20
273.0	67026	17	18	69592	16	4983	2668	21
273.0	67673	25	21	69593	26	156	3006	16
273.0	68336	31	30	69594	32	359	2555	24
273.0	68177	33	25	69595	41	649	2476	18
273.0	67595	20	15	69596	22	1150	4289	19
273.0	66653	29	27	69597	31	4618	1779	19
273.0	67864	16	16	69598	15	170	2772	20
273.0	67370	14	12	69599	16	5560	3154	16
273.0	67791	24	24	69600	22	750	2340	14
273.0	66849	32	24	69601	38	21	2877	18
273.0	68593	28	25	69602	29	478	2639	16
273.0	66750	17	15	69603	18	4011	4230	26
274.0	68244	20	21	69604	16	533	2840	15
274.0	68748	33	34	69605	30	501	3371	14
274.0	68240	32	35	69606	27	4632	3830	23
274.0	67252	25	21	69607	29	4676	1970	19
274.0	67582	45	47	69608	42	3928	5071	17
274.0	68491	46	46	69609	45	4151	960	22
274.0	67542	55	53	69610	47	4673	5020	15
274.0	67878	10	12	69611	8	242	2879	21
274.0	65943	54	53	69612	47	4722	3090	25
274.0	66126	24	22	69613	26	1173	1739	15
274.0	69010	24	23	69614	22	4806	1458	20
274.0	66680	31	33	69615	28	3290	1083	19
274.0	66950	21	22	69616	18	5119	3572	21
274.0	68764	6	8	69617	4	286	3097	16
274.0	66435	39	38	69618	39	5079	4355	20
274.0	67634	47	45	69619	48	4589	572	23
274.0	66559	36	32	69620	38	1908	1293	19
274.0	66093	21	25	69621	17	1519	4383	17
274.0	65893	13	8	69622	15	2790	4798	22
274.0	67192	30	36	69623	23	4582	1290	18
274.0	65040	32	34	69624	29	0	2402	19
274.0	63500	16	18	69625	12	2972	4840	25
274.0	68107	14	14	69626	13	5157	2331	19
274.0	65452	16	12	69627	20	2772	1220	21
274.0	68438	24	22	69628	23	4492	3851	20
274.0	67835	19	24	69629	12	278	3025	16
274.0	66120	19	19	69630	18	3934	738	17
274.0	66197	30	27	69631	31	1290	1104	20
274.0	69435	18	13	69632	21	248	3427	20
274.0	67916	24	20	69633	24	481	1841	14
274.0	67858	25	30	69634	20	600	2489	22
274.0	67436	29	28	69635	30	761	3513	13
274.0	67713	23	21	69636	20	2761	4699	25
274.0	66870	44	41	69637	46	4594	93	21
274.0	67456	21	16	69638	25	1855	1311	16
274.0	65385	44	36	69639	46	2354	4888	18
274.0	68006	33	30	69640	34	561	3148	19
274.0	68663	24	22	69641	23	3141	4628	23
274.0	68037	30	31	69642	28	4171	4664	17
274.0	66946	18	13	69643	22	508	2647	16
274.0	66634	30	27	69644	33	289	2984	20
274.0	67090	19	18	69645	18	1091	1870	22
274.0	66960	27	31	69646	23	176	3422	18
274.0	67618	29	36	69647	21	0	2977	15
274.0	68488	56	44	69648	56	4572	3778	20
274.0	65624	32	35	69649	27	1673	4373	16
274.0	66184	22	19	69650	24	470	2785	20
274.0	68826	28	27	69651	28	5039	1745	19
274.0	66781	17	15	69652	19	529	3041	18
274.0	67602	22	20	69653	24	562	1981	17
274.0	66554	16	15	69654	16	3424	963	12
274.0	66822	27	30	69655	23	444	3038	17
274.0	68277	35	34	69656	35	586	2531	15
274.0	67395	22	18	69657	25	89	3028	20
274.0	67686	38	43	69658	32	45	2402	18
274.0	66001	23	22	69659	21	5251	2293	17
274.0	68707	35	31	69660	37	688	1487	17
274.0	65905	26	23	69661	29	1930	4102	21
274.0	67147	20	20	69662	19	1011	2111	12
274.0	66779	30	33	69663	25	619	3301	20
274.0	64410	31	26	69664	36	543	2639	16
274.0	66872	37	40	69665	32	659	2551	19
274.0	65839	39	37	69666	39	4426	686	23
274.0	68493	45	41	69667	44	3569	4631	17
274.0	68405	25	20	69668	30	3531	41	23
274.0	66737	28	33	69669	23	252	2562	23
274.0	68177	25	25	69670	23	649	2476	19
274.0	66035	39	36	69671	41	264	1969	18
274.0	66222	30	35	69672	25	900	2075	14
274.0	66362	48	44	69673	48	1901	4394	13
274.0	67053	22	20	69674	22	608	2442	20
274.0	67515	28	26	69675	28	53	3046	19
274.0	68540	7	9	69676	5	205	3052	17
274.0	66807	29	34	69677	23	3811	4778	19
274.0	66989	32	29	69678	35	483	2712	18
274.0	69598	15	15	69679	15	181	2760	21
274.0	66459	34	32	69680	33	5160	3389	17
274.0	67032	30	23	69681	35	1230	1643	22
274.0	69241	43	44	69682	39	4589	3271	24
274.0	66068	5	4	69683	6	205	3069	17
274.0	68372	34	37	69684	30	254	3599	16
274.0	67642	18	21	69685	13	506	2799	19
274.0	67754	18	18	69686	17	349	2771	19
274.0	67220	35	33	69687	35	4481	1006	25
274.0	65295	19	17	69688	21	391	2124	19
274.0	66599	18	19	69689	15	4571	1470	22
274.0	65416	40	34	69690	44	4639	4383	23
274.0	67415	40	29	69691	50	478	2656	17
274.0	67565	19	19	69692	19	4351	3840	20
275.0	67657	28	25	69693	29	4617	5204	21
275.0	66068	4	1	69694	7	205	3069	18
275.0	68853	29	25	69695	32	3714	771	15
275.0	67544	35	34	69696	36	3124	677	18
275.0	67582	47	48	69697	42	3928	5071	18
275.0	67187	44	39	69698	47	4654	847	22
275.0	69113	31	27	69699	32	5911	4140	24
275.0	68035	42	34	69700	48	4868	487	19
275.0	67537	24	26	69701	20	3507	4629	19
275.0	68006	30	36	69702	24	561	3148	20
275.0	68107	14	14	69703	12	5157	2331	20
275.0	67258	20	26	69704	14	30	2298	24
275.0	66207	10	9	69705	11	4435	1440	19
275.0	68263	18	12	69706	22	5196	4116	22
275.0	68826	27	26	69707	25	5039	1745	20
275.0	68001	17	18	69708	16	4480	3960	22
275.0	67100	21	29	69709	11	4598	1719	17
275.0	66683	20	21	69710	19	471	3690	21
275.0	67638	27	31	69711	22	4020	4101	19
275.0	67962	36	27	69712	40	320	2635	19
275.0	65855	19	16	69713	21	789	1817	20
275.0	66703	32	36	69714	28	5153	1919	18
275.0	68249	34	36	69715	28	4880	4329	19
275.0	69227	35	29	69716	39	451	2648	16
275.0	68205	23	20	69717	25	5274	1478	21
275.0	67089	46	42	69718	46	435	2701	17
275.0	68346	13	11	69719	15	4208	1420	18
275.0	66960	31	29	69720	32	176	3422	19
275.0	68785	32	27	69721	33	4268	985	25
275.0	65834	34	31	69722	35	919	3835	23
275.0	66222	35	38	69723	32	900	2075	15
275.0	67754	18	19	69724	15	349	2771	20
275.0	66807	34	39	69725	27	3811	4778	20
275.0	65979	15	14	69726	15	421	3205	19
275.0	66601	34	28	69727	40	4405	1009	21
275.0	69031	18	23	69728	13	312	3177	16
275.0	67090	18	13	69729	21	1091	1870	23
275.0	64349	57	51	69730	49	1132	1548	15
275.0	67753	13	12	69731	14	402	3122	18
275.0	64885	11	8	69732	13	389	3104	21
275.0	69021	29	33	69733	24	481	2745	17
275.0	68272	35	36	69734	31	501	1866	17
275.0	66035	36	33	69735	38	264	1969	19
275.0	66422	27	23	69736	28	244	3147	15
275.0	67488	30	26	69737	31	621	1287	15
275.0	65574	45	47	69738	42	5439	1966	22
275.0	68292	8	12	69739	4	430	2988	20
275.0	67046	15	16	69740	14	433	2913	17
275.0	67917	35	40	69741	28	4570	4240	20
275.0	67799	30	30	69742	29	570	1827	13
275.0	68769	27	25	69743	27	5087	3997	22
275.0	68605	30	33	69744	23	4209	1358	22
275.0	67051	34	31	69745	35	2216	5360	25
275.0	68395	7	10	69746	3	2360	4452	22
275.0	67881	27	29	69747	24	1138	4316	16
275.0	67612	22	21	69748	23	3634	1001	24
275.0	67528	27	26	69749	26	5439	3719	17
275.0	67517	34	37	69750	28	4655	582	22
275.0	67191	32	32	69751	32	223	2738	19
275.0	66801	36	41	69752	29	1065	1690	16
275.0	69598	15	14	69753	16	181	2760	22
275.0	66773	19	22	69754	13	4692	1697	22
275.0	65533	32	28	69755	35	38	2889	18
275.0	67260	24	30	69756	18	412	2251	22
275.0	69452	31	29	69757	31	703	2490	18
275.0	66690	14	14	69758	13	4068	4529	22
275.0	67351	17	17	69759	16	2601	4567	20
275.0	67410	14	16	69760	11	533	2911	17
275.0	66985	42	37	69761	45	4253	475	22
275.0	68651	13	13	69762	12	212	2970	17
275.0	68240	35	32	69763	37	4632	3830	24
275.0	66593	16	10	69764	20	444	3058	19
275.0	68967	31	35	69765	27	138	2609	17
275.0	66819	39	39	69766	37	4802	4566	20
275.0	68239	40	43	69767	37	4610	2931	23
275.0	68473	23	23	69768	21	580	2272	16
275.0	66820	24	28	69769	19	361	3070	19
275.0	67795	36	27	69770	43	468	2839	21
275.0	66476	9	6	69771	12	348	2937	21
275.0	66126	22	27	69772	16	1173	1739	16
275.0	68023	40	37	69773	43	4530	1284	21
275.0	66435	38	34	69774	38	5079	4355	21
275.0	66950	22	16	69775	28	5119	3572	22
275.0	66559	32	24	69776	36	1908	1293	20
275.0	67797	29	28	69777	28	1051	3700	24
275.0	67610	29	24	69778	31	0	2912	19
275.0	67750	55	43	69779	57	4804	1090	18
275.0	64183	38	44	69780	29	4768	3679	25
275.0	67426	8	6	69781	9	4128	4302	25
275.0	67634	45	54	69782	34	4589	572	24
275.0	67950	27	26	69783	27	252	3001	19
275.0	67474	54	49	69784	51	4549	3439	21
275.0	65360	44	40	69785	46	1926	182	16
275.0	66325	33	30	69786	34	4560	2019	17
275.0	67527	30	30	69787	27	4830	2275	16
275.0	66522	28	29	69788	26	3937	4779	19
276.0	68393	34	35	69789	32	257	2025	22
276.0	67967	37	35	69790	36	277	2361	18
276.0	66675	31	33	69791	28	1863	602	15
276.0	64686	33	38	69792	27	3774	4500	19
276.0	67103	41	36	69793	45	5063	4693	17
276.0	68837	31	33	69794	28	316	2793	18
276.0	67360	35	27	69795	42	424	2232	18
276.0	68966	30	22	69796	36	4305	4401	21
276.0	68801	23	21	69797	23	3311	4669	25
276.0	68321	40	30	69798	49	344	3572	21
276.0	66900	35	27	69799	43	1813	1359	16
276.0	68253	30	33	69800	26	202	2055	21
276.0	67717	15	16	69801	14	0	3003	17
276.0	66575	20	25	69802	14	1951	1561	21
276.0	67906	27	24	69803	28	500	2765	18
276.0	67277	17	15	69804	19	243	2962	17
276.0	64929	12	12	69805	12	5081	3739	17
276.0	68728	39	49	69806	27	1488	1579	23
276.0	68608	31	25	69807	37	571	2712	18
276.0	67257	17	11	69808	23	80	3097	19
276.0	68386	30	27	69809	30	74	2004	21
276.0	67692	34	29	69810	38	4028	930	21
276.0	69595	41	41	69811	38	683	2490	19
276.0	68301	25	27	69812	23	4781	1287	17
276.0	67561	36	35	69813	36	1578	1312	21
276.0	67974	34	40	69814	28	1068	4409	17
276.0	68261	40	36	69815	40	240	2778	17
276.0	66522	29	27	69816	30	4014	4798	20
276.0	65075	39	45	69817	32	4498	4959	21
276.0	67659	15	15	69818	13	208	3197	17
276.0	66243	37	40	69819	31	200	2723	19
276.0	67553	20	22	69820	16	266	1820	21
276.0	66616	13	11	69821	14	353	3194	18
276.0	67873	43	41	69822	42	5349	1512	18
276.0	68539	30	30	69823	29	511	2700	19
276.0	68094	45	43	69824	47	5331	371	23
276.0	68583	22	20	69825	18	1260	3738	17
276.0	66941	17	16	69826	16	298	2626	21
276.0	65725	48	45	69827	48	4692	3668	21
276.0	67235	29	29	69828	27	707	1757	13
276.0	69097	17	18	69829	16	291	2186	19
276.0	67053	20	27	69830	12	608	2442	21
276.0	67682	32	30	69831	33	428	3318	17
276.0	67548	36	38	69832	33	5462	2737	20
276.0	68192	10	7	69833	13	3549	1260	19
276.0	68487	24	17	69834	29	4272	1098	24
276.0	65174	48	47	69835	47	2000	1391	14
276.0	67965	21	26	69836	14	4561	4013	22
276.0	67113	33	36	69837	29	3702	771	14
276.0	67709	28	35	69838	21	1023	1713	16
276.0	66098	56	47	69839	53	4731	3131	17
276.0	67447	26	29	69840	22	4090	1264	18
276.0	67716	40	34	69841	44	1558	1679	19
276.0	68573	40	41	69842	36	4220	901	18
276.0	64349	51	52	69843	46	1132	1548	16
276.0	67592	23	22	69844	23	1362	4169	16
276.0	65946	22	18	69845	26	3280	1282	16
276.0	68043	33	38	69846	28	280	2842	18
276.0	66737	33	36	69847	29	252	2562	24
276.0	68570	45	46	69848	43	4502	5269	20
276.0	68805	20	18	69849	20	5264	2260	17
276.0	68098	24	28	69850	18	3011	1332	29
276.0	68127	41	50	69851	31	1311	1871	15
276.0	67418	10	11	69852	8	585	2370	17
276.0	66691	43	43	69853	42	4910	1736	19
276.0	68826	26	27	69854	23	5039	1745	21
276.0	66465	54	56	69855	44	3791	5999	20
276.0	67311	15	16	69856	13	657	3339	20
276.0	69202	30	29	69857	30	4792	1907	19
276.0	65839	37	35	69858	35	4426	686	24
276.0	68395	10	7	69859	13	2360	4452	23
276.0	67822	16	20	69860	11	2715	812	18
276.0	65908	20	20	69861	18	0	2374	23
276.0	67521	31	30	69862	29	1479	3973	16
276.0	68280	44	55	69863	29	5019	3179	22
276.0	66820	28	33	69864	20	361	3070	20
276.0	67839	32	33	69865	31	4501	1500	18
276.0	66806	11	13	69866	9	2623	4481	22
276.0	67794	27	24	69867	29	372	3019	16
276.0	66314	17	19	69868	14	302	3035	19
276.0	68754	39	36	69869	42	4493	1261	19
276.0	68886	10	11	69870	9	5374	3082	18
276.0	66350	17	12	69871	22	404	2588	18
276.0	67713	21	16	69872	25	2700	4716	26
276.0	67190	49	46	69873	50	5012	3558	22
276.0	65905	23	20	69874	25	1930	4102	22
276.0	67012	30	27	69875	33	1225	4202	19
276.0	67920	48	41	69876	52	3878	5678	16
276.0	67753	12	13	69877	11	413	3133	19
276.0	67732	44	45	69878	41	371	2698	18
276.0	66776	23	26	69879	19	3349	1025	16
276.0	67132	28	24	69880	31	4956	2839	19
276.0	67823	7	9	69881	4	451	3210	19
276.0	64866	25	26	69882	23	509	4238	22
276.0	68383	13	11	69883	15	133	3034	16
276.0	67820	18	22	69884	12	79	2717	20
276.0	68474	22	25	69885	18	4711	4384	18
276.0	68062	19	22	69886	15	838	3581	17
276.0	67669	30	25	69887	32	141	2385	17
276.0	68388	23	18	69888	27	5210	3789	21
276.0	67234	34	33	69889	33	530	2993	22
276.0	66536	47	53	69890	41	1728	756	15
276.0	67574	14	12	69891	16	2403	1260	21
276.0	68435	25	21	69892	25	466	1872	13
276.0	66899	19	16	69893	21	839	3439	23
277.0	69171	30	35	69894	24	25	2545	21
277.0	65725	45	51	69895	39	4692	3668	22
277.0	66325	30	26	69896	30	4560	2019	18
277.0	67319	27	33	69897	21	1840	1489	15
277.0	69431	28	31	69898	24	160	2855	21
277.0	68523	19	19	69899	18	520	3171	14
277.0	66742	13	13	69900	13	2707	4540	19
277.0	69595	41	42	69901	39	683	2490	20
277.0	67536	9	7	69902	9	422	2680	18
277.0	66917	32	33	69903	31	81	2971	17
277.0	66888	17	13	69904	20	562	3419	18
277.0	67282	45	44	69905	44	379	3317	15
277.0	68498	24	25	69906	23	4640	1625	20
277.0	68636	17	17	69907	15	4609	1301	18
277.0	68728	49	55	69908	43	1488	1579	24
277.0	67652	45	38	69909	49	4738	3831	18
277.0	67687	22	16	69910	27	1152	1338	19
277.0	67753	13	8	69911	16	413	3133	20
277.0	67433	34	28	69912	38	4939	1923	16
277.0	66691	43	37	69913	48	4910	1736	20
277.0	67767	21	24	69914	18	32	3267	19
277.0	66465	56	53	69915	47	3791	5999	21
277.0	67992	49	42	69916	54	4518	1422	20
277.0	68026	38	41	69917	34	5329	2714	18
277.0	65986	4	4	69918	4	463	3199	21
277.0	67979	28	28	69919	25	527	2250	19
277.0	69542	36	26	69920	44	5663	2838	22
277.0	68608	25	27	69921	22	571	2712	19
277.0	67571	29	23	69922	33	2453	4778	22
277.0	68183	39	41	69923	37	147	2953	20
277.0	69138	9	6	69924	10	695	3599	21
277.0	68372	37	35	69925	37	322	3549	17
277.0	68386	27	21	69926	32	74	2004	22
277.0	66194	25	22	69927	26	166	2653	21
277.0	65762	13	13	69928	13	879	3887	19
277.0	68709	31	28	69929	33	5297	2107	22
277.0	66110	12	9	69930	14	323	3194	16
277.0	66806	13	18	69931	8	2623	4481	23
277.0	66849	24	21	69932	27	21	2877	19
277.0	65426	25	17	69933	32	2051	4623	25
277.0	65893	8	9	69934	4	2790	4798	23
277.0	68101	23	29	69935	16	48	2748	16
277.0	66163	8	9	69936	7	4927	1707	18
277.0	66758	19	20	69937	17	1609	4329	16
277.0	69227	29	34	69938	24	451	2648	17
277.0	67222	19	19	69939	17	312	3157	17
277.0	66791	20	19	69940	20	2269	4471	19
277.0	68070	31	28	69941	33	4469	1501	18
277.0	68689	24	26	69942	22	311	3044	19
277.0	65444	17	17	69943	16	318	3524	19
277.0	68899	36	33	69944	39	2982	4659	20
277.0	67810	31	32	69945	27	32	2505	16
277.0	67723	20	18	69946	21	4616	1289	20
277.0	67276	26	28	69947	19	1326	5517	15
277.0	66974	21	22	69948	19	1421	4039	19
277.0	68009	24	29	69949	15	3218	4603	19
277.0	68401	22	18	69950	26	98	3244	17
277.0	68606	14	11	69951	17	2281	4458	19
277.0	68805	18	20	69952	16	5264	2260	18
277.0	66446	42	39	69953	45	4622	5231	19
277.0	68120	39	37	69954	38	4368	5366	18
277.0	67919	6	4	69955	8	331	3156	19
277.0	67967	35	38	69956	30	277	2361	19
277.0	69509	53	45	69957	55	5390	4521	21
277.0	67556	35	31	69958	37	1028	3751	17
277.0	68383	11	11	69959	11	133	3034	17
277.0	69113	27	30	69960	20	5911	4140	25
277.0	69118	36	41	69961	30	3731	5999	16
277.0	67196	50	44	69962	54	4510	1261	21
277.0	67422	28	27	69963	27	4220	1432	21
277.0	66722	29	31	69964	26	558	2786	16
277.0	66830	33	32	69965	34	202	2809	20
277.0	66425	47	40	69966	51	5212	392	27
277.0	68679	38	43	69967	31	4493	1278	18
277.0	68570	46	38	69968	52	4502	5269	21
277.0	65307	15	11	69969	17	386	2598	20
277.0	67934	15	18	69970	11	4250	1066	16
277.0	65091	20	15	69971	24	2299	4577	24
277.0	67628	16	10	69972	21	314	2758	17
277.0	67660	25	28	69973	21	1320	1890	14
277.0	67758	24	17	69974	31	5051	3583	22
277.0	68261	36	35	69975	35	240	2778	18
277.0	68620	46	40	69976	48	2277	1201	21
277.0	67820	22	18	69977	24	79	2717	21
277.0	65529	9	12	69978	5	201	2635	18
278.0	66012	26	26	69979	26	730	3376	17
278.0	68015	22	17	69980	26	2367	4804	23
278.0	65725	51	56	69981	44	4692	3668	23
278.0	67368	21	18	69982	21	1662	4119	19
278.0	67196	44	48	69983	37	4510	1261	22
278.0	69598	14	16	69984	12	181	2760	23
278.0	66361	44	45	69985	38	5377	267	18
278.0	68457	39	40	69986	35	3909	1260	15
278.0	68184	18	19	69987	17	5198	3483	20
278.0	66262	15	15	69988	14	2512	4569	22
278.0	67442	30	28	69989	29	5141	3039	19
278.0	69018	6	7	69990	4	343	3172	21
278.0	67422	27	31	69991	21	4220	1432	22
278.0	67848	19	25	69992	13	41	2616	18
278.0	67433	28	25	69993	31	4939	1923	17
278.0	66200	20	16	69994	22	3843	813	26
278.0	67835	24	21	69995	25	259	3025	17
278.0	65876	27	36	69996	17	3708	980	23
278.0	68098	28	30	69997	26	3011	1332	30
278.0	65307	11	13	69998	8	386	2598	21
278.0	67924	33	31	69999	34	5587	2890	17
278.0	65533	28	21	70000	34	38	2889	19
278.0	66272	35	34	70001	35	376	1701	19
278.0	69180	28	35	70002	21	25	2900	16
278.0	66406	13	17	70003	8	5158	2381	21
278.0	67379	23	22	70004	23	222	2939	22
278.0	67511	7	8	70005	6	671	3340	26
278.0	68413	41	39	70006	43	5080	351	18
278.0	66449	32	30	70007	29	1821	1641	18
278.0	67984	24	26	70008	19	2439	1287	17
278.0	68130	29	30	70009	27	444	2463	22
278.0	68022	42	40	70010	44	300	2783	20
278.0	67723	18	18	70011	18	4616	1289	21
278.0	66758	20	15	70012	24	1609	4329	17
278.0	69002	8	8	70013	8	442	3251	19
278.0	67395	18	18	70014	16	89	3028	21
278.0	65623	38	34	70015	40	5948	2950	19
278.0	68164	26	33	70016	18	2547	4601	23
278.0	65416	34	28	70017	40	4637	4466	24
278.0	68570	38	39	70018	36	4502	5269	22
278.0	66672	20	24	70019	15	1880	1699	17
278.0	66282	36	30	70020	40	51	4160	22
278.0	67273	30	29	70021	28	4377	4413	18
278.0	67326	20	11	70022	26	3780	4778	18
278.0	68588	12	11	70023	12	372	3100	22
278.0	67319	33	24	70024	41	1755	1460	16
278.0	67941	14	12	70025	16	110	2965	14
278.0	66662	37	33	70026	39	4183	1162	19
278.0	69147	28	29	70027	24	152	2269	17
278.0	65921	30	25	70028	32	84	3628	16
278.0	68589	39	42	70029	34	4901	3705	20
278.0	68405	20	23	70030	17	3531	41	24
278.0	68383	11	7	70031	15	133	3034	18
278.0	66687	21	23	70032	18	184	2926	21
278.0	67058	2	2	70033	2	487	3231	19
278.0	68317	42	46	70034	37	325	2373	19
278.0	67767	24	22	70035	25	32	3267	20
278.0	68523	19	19	70036	18	520	3171	15
278.0	65074	27	33	70037	19	3638	632	15
278.0	67657	25	22	70038	24	4617	5204	22
278.0	68840	24	24	70039	24	228	2795	20
278.0	67820	18	18	70040	17	79	2717	22
278.0	67773	54	55	70041	45	1610	1126	21
278.0	68091	45	46	70042	43	4792	2601	20
278.0	69000	43	44	70043	37	5588	4255	18
278.0	67756	19	19	70044	16	5235	3542	18
278.0	69121	49	56	70045	42	891	4019	18
278.0	68062	22	19	70046	23	838	3581	18
278.0	67460	39	40	70047	35	4343	1172	18
278.0	68881	20	18	70048	22	665	1841	14
278.0	68093	13	10	70049	16	421	3245	17
278.0	69299	26	22	70050	30	1065	4379	19
278.0	65609	36	35	70051	37	560	1796	16
278.0	68007	43	36	70052	49	3967	744	15
278.0	68221	16	15	70053	16	889	2111	18
278.0	67854	35	35	70054	33	5287	4251	21
278.0	67015	7	5	70055	9	4719	2390	19
278.0	69032	34	29	70056	37	636	1522	18
278.0	66172	29	34	70057	23	367	2822	19
278.0	66654	54	51	70058	49	362	4215	18
278.0	69052	17	17	70059	17	1143	1880	22
278.0	67760	31	33	70060	29	3762	4551	18
278.0	65806	15	19	70061	9	4370	3972	25
278.0	69787	27	26	70062	27	4868	2331	17
278.0	68214	30	30	70063	30	1544	4250	17
278.0	67916	20	22	70064	17	481	1841	15
278.0	66325	26	23	70065	29	4560	2019	19
278.0	69559	38	28	70066	46	5019	2655	18
278.0	68106	39	41	70067	35	283	2707	20
278.0	69395	36	35	70068	36	189	2860	20
278.0	66917	33	34	70069	29	111	3001	18
278.0	67929	25	31	70070	17	443	2170	13
278.0	68613	50	46	70071	53	4172	660	22
278.0	67411	32	29	70072	34	3831	1169	15
278.0	69151	23	26	70073	19	4347	4653	27
278.0	68256	47	35	70074	58	4345	4902	17
278.0	68619	18	18	70075	17	3046	567	21
278.0	66098	47	37	70076	56	4731	3131	18
279.0	66419	57	60	70077	40	3553	804	22
279.0	68821	26	24	70078	25	4777	4540	17
279.0	68342	17	20	70079	14	5437	3679	19
279.0	67341	9	9	70080	9	5179	2130	21
279.0	66158	20	16	70081	24	4669	1353	22
279.0	68238	27	28	70082	25	4132	859	16
279.0	67121	49	38	70083	58	4046	761	21
279.0	64885	8	5	70084	11	389	3104	22
279.0	63500	18	17	70085	17	2972	4840	26
279.0	68492	21	24	70086	17	587	3806	20
279.0	66523	21	22	70087	20	1820	1620	18
279.0	67916	22	23	70088	19	481	1841	16
279.0	69419	33	31	70089	33	478	2621	18
279.0	67244	22	22	70090	21	2267	4502	24
279.0	67645	15	12	70091	17	1021	3651	21
279.0	67548	38	39	70092	35	5462	2737	21
279.0	68086	18	16	70093	20	487	3261	21
279.0	66660	21	23	70094	18	480	3046	22
279.0	67994	39	36	70095	39	4639	1768	18
279.0	68026	41	33	70096	47	5329	2714	19
279.0	68593	25	22	70097	28	506	2611	17
279.0	69802	14	14	70098	14	1960	1570	22
279.0	67378	16	17	70099	14	5220	3178	20
279.0	67519	24	24	70100	24	3349	958	24
279.0	65834	31	24	70101	37	919	3835	24
279.0	66952	17	14	70102	20	345	2978	15
279.0	68578	40	37	70103	42	463	3997	22
279.0	65512	19	17	70104	20	4629	1471	20
279.0	69120	16	15	70105	17	272	3157	17
279.0	69124	17	21	70106	12	1540	1488	19
279.0	67657	22	23	70107	18	4617	5204	23
279.0	68846	20	16	70108	23	541	3296	19
279.0	68800	10	10	70109	10	5327	2418	19
279.0	66776	26	20	70110	29	3349	1025	17
279.0	69108	9	8	70111	10	310	2937	21
279.0	68799	39	47	70112	31	5602	3631	23
279.0	65893	9	11	70113	7	2778	4757	24
279.0	69147	29	28	70114	27	152	2269	18
279.0	67179	12	7	70115	14	499	2691	18
279.0	68380	34	38	70116	30	170	2822	19
279.0	67799	30	21	70117	37	570	1827	14
279.0	67286	11	9	70118	12	418	2942	17
279.0	67360	27	28	70119	25	424	2232	19
279.0	66119	22	29	70120	14	163	2705	14
279.0	68613	46	38	70121	54	4172	660	23
279.0	68801	21	22	70122	20	3311	4669	26
279.0	67640	29	25	70123	33	4522	1118	20
279.0	66653	27	17	70124	33	4618	1779	20
279.0	68164	33	41	70125	25	2547	4601	24
279.0	69296	51	51	70126	49	4998	3544	22
279.0	66654	51	45	70127	55	362	4215	19
279.0	68132	23	17	70128	26	1080	4306	20
279.0	68033	17	21	70129	12	2850	4556	21
279.0	67843	37	41	70130	33	4599	851	20
279.0	68691	49	52	70131	44	5312	2701	22
279.0	69695	32	38	70132	25	3714	792	16
279.0	68812	37	42	70133	28	5399	2692	22
279.0	67643	29	27	70134	30	359	3267	19
279.0	68098	30	32	70135	26	3011	1332	31
279.0	67706	35	32	70136	35	5627	2838	22
279.0	65533	21	20	70137	22	38	2889	20
279.0	67240	22	15	70138	28	801	2321	19
279.0	68555	56	43	70139	57	5621	1170	17
279.0	67870	35	30	70140	38	3900	4350	21
279.0	69054	43	41	70141	43	4812	2141	21
279.0	68419	26	26	70142	23	77	2331	18
279.0	68348	9	6	70143	12	653	3478	19
279.0	67924	31	23	70144	36	5587	2890	18
279.0	66911	43	36	70145	49	3746	1161	20
279.0	67268	43	42	70146	43	0	1709	18
279.0	68619	18	17	70147	17	3046	567	22
279.0	67441	24	25	70148	22	3071	4830	20
279.0	68501	28	28	70149	27	387	2316	22
279.0	67727	19	22	70150	15	3084	664	22
279.0	67426	6	8	70151	4	4128	4302	26
279.0	64669	22	23	70152	20	4628	4341	20
279.0	65753	14	14	70153	12	430	2972	20
279.0	69217	29	33	70154	24	5112	4017	21
279.0	66733	23	25	70155	20	2902	4836	22
279.0	63770	16	12	70156	18	36	3152	20
279.0	66814	27	24	70157	30	16	2866	19
279.0	67442	28	30	70158	25	5141	3039	20
279.0	68594	25	30	70159	20	1191	4033	17
279.0	67569	21	26	70160	16	5359	3713	20
279.0	68254	31	31	70161	27	3032	861	21
279.0	68868	39	37	70162	34	351	2688	17
279.0	68052	23	30	70163	15	3147	4802	22
279.0	67359	46	37	70164	53	74	1564	18
279.0	68109	14	13	70165	15	487	3171	21
279.0	69132	43	42	70166	42	4739	2981	17
279.0	68425	34	36	70167	30	5553	2541	20
279.0	68640	21	26	70168	16	4342	4431	21
279.0	69002	8	10	70169	6	442	3251	20
280.0	65924	23	24	70170	22	493	2196	18
280.0	68355	35	30	70171	38	4540	1457	21
280.0	67687	16	16	70172	16	1152	1338	20
280.0	68052	30	29	70173	30	3147	4802	23
280.0	68290	18	19	70174	16	288	2656	17
280.0	67006	44	43	70175	41	151	2980	21
280.0	68071	39	37	70176	41	1109	4138	18
280.0	66224	21	24	70177	17	600	2130	16
280.0	68167	45	47	70178	41	30	2402	19
280.0	66638	26	28	70179	23	590	3180	25
280.0	67014	22	19	70180	23	475	3260	24
280.0	68811	42	36	70181	46	1663	930	15
280.0	68033	21	20	70182	21	2850	4556	22
280.0	65424	13	12	70183	14	817	3500	14
280.0	66305	23	25	70184	17	82	2090	21
280.0	65264	23	16	70185	28	271	2437	21
280.0	69024	7	12	70186	2	607	3661	22
280.0	67212	24	28	70187	20	389	3191	15
280.0	68734	37	34	70188	38	3709	4644	18
280.0	68193	15	16	70189	14	468	2999	16
280.0	66439	23	17	70190	25	1845	4270	19
280.0	66195	17	16	70191	16	521	2940	15
280.0	68931	34	41	70192	26	263	2823	18
280.0	68139	21	21	70193	20	5069	2382	20
280.0	67606	16	11	70194	20	393	2871	18
280.0	66253	21	24	70195	16	3462	4360	21
280.0	67647	13	15	70196	10	354	3051	18
280.0	65299	25	19	70197	29	1957	1310	21
280.0	67488	26	21	70198	31	621	1287	16
280.0	67161	49	53	70199	45	4373	1361	23
280.0	67713	16	13	70200	18	2700	4716	27
280.0	63483	28	25	70201	28	3065	1071	27
280.0	68593	22	25	70202	16	506	2611	18
280.0	66647	44	36	70203	48	4551	1371	22
280.0	68203	39	45	70204	32	4377	930	25
280.0	66733	25	28	70205	22	2902	4836	23
280.0	65812	27	27	70206	25	3580	4658	18
280.0	68048	15	18	70207	12	462	3101	23
280.0	68817	45	39	70208	44	5561	2111	22
280.0	68145	34	32	70209	35	4230	4840	18
280.0	67108	11	5	70210	17	510	3202	21
280.0	69530	12	9	70211	14	2828	4798	22
280.0	69831	33	34	70212	31	407	3318	18
280.0	67259	26	29	70213	21	5172	3516	20
280.0	68581	32	26	70214	37	5293	3206	17
280.0	68140	24	19	70215	28	421	2831	21
280.0	67643	27	22	70216	31	359	3267	20
280.0	65360	40	41	70217	36	1829	198	17
280.0	67769	47	47	70218	45	431	2883	16
280.0	68151	14	11	70219	14	590	2827	19
280.0	66243	40	42	70220	34	200	2723	20
280.0	66794	43	47	70221	34	3594	692	19
280.0	66849	21	20	70222	22	21	2887	20
280.0	68769	25	25	70223	24	5087	3997	23
280.0	68766	18	12	70224	22	46	3214	20
280.0	69111	20	17	70225	20	4124	4538	17
280.0	66453	17	19	70226	14	1630	4134	21
280.0	67982	23	24	70227	22	751	2361	18
280.0	69473	18	24	70228	11	70	3028	20
280.0	64107	33	36	70229	28	2350	1312	15
280.0	66689	33	35	70230	28	300	2807	19
280.0	67940	38	39	70231	36	1357	4536	15
280.0	67005	47	50	70232	43	1072	4627	16
280.0	66487	24	21	70233	26	1360	4220	21
280.0	68267	10	7	70234	11	5130	2635	22
280.0	68542	29	32	70235	26	5677	2170	21
280.0	67758	17	10	70236	24	5051	3583	23
280.0	67378	17	18	70237	15	5220	3178	21
280.0	68721	42	41	70238	40	5429	4103	22
280.0	68312	28	26	70239	29	348	2199	17
280.0	68615	17	17	70240	16	2305	4649	24
280.0	68484	27	26	70241	28	1621	1292	20
280.0	69032	29	31	70242	27	636	1522	19
280.0	69147	28	23	70243	31	207	2316	19
280.0	63770	12	11	70244	12	36	3152	21
280.0	66523	22	24	70245	17	1820	1620	19
280.0	69323	28	26	70246	28	317	3521	19
280.0	68186	31	35	70247	26	220	2429	21
280.0	68501	28	33	70248	22	387	2316	23
280.0	68935	21	15	70249	25	675	3641	18
280.0	69096	25	23	70250	26	302	2969	20
280.0	67046	16	15	70251	16	447	2899	18
280.0	69217	33	24	70252	41	5112	4017	22
280.0	65417	55	54	70253	46	1298	1553	14
280.0	68632	32	35	70254	26	343	2231	20
280.0	69789	32	26	70255	35	339	1997	23
280.0	68840	24	24	70256	24	228	2795	21
280.0	69695	38	42	70257	31	3714	792	17
280.0	67799	21	25	70258	15	570	1827	15
280.0	67185	21	19	70259	22	521	2828	18
280.0	68103	40	38	70260	40	1570	1431	19
280.0	64867	26	18	70261	33	614	1267	18
280.0	68265	24	31	70262	15	121	2330	19
280.0	68164	41	39	70263	43	2547	4601	25
280.0	69059	33	28	70264	37	1234	3900	20
280.0	67818	41	38	70265	43	5084	3597	21
280.0	67117	11	13	70266	9	456	3248	19
280.0	68091	46	48	70267	41	4792	2601	21
280.0	68380	38	39	70268	32	170	2822	20
280.0	67864	16	13	70269	19	103	2753	21
280.0	67484	30	27	70270	32	4248	1139	26
280.0	67268	42	53	70271	31	0	1709	19
280.0	66929	29	25	70272	32	875	4531	19
280.0	68012	28	29	70273	23	311	2675	16
280.0	68464	7	8	70274	6	5160	2653	22
280.0	68782	27	25	70275	28	208	3002	18
280.0	68192	7	9	70276	5	3549	1260	20
280.0	67246	32	29	70277	33	1154	4347	19
280.0	68094	43	47	70278	36	5331	371	24
280.0	68254	31	35	70279	27	3032	861	22
280.0	66846	13	13	70280	12	5153	3552	18
281.0	65299	19	18	70281	18	1957	1310	22
281.0	67933	35	36	70282	34	4784	1189	20
281.0	66554	15	10	70283	19	3459	999	13
281.0	69437	43	42	70284	43	4320	4401	20
281.0	69980	26	21	70285	31	2356	4759	24
281.0	69047	15	18	70286	11	1733	1351	18
281.0	68520	31	32	70287	28	138	2458	23
281.0	67558	26	27	70288	23	840	2050	17
281.0	63849	10	11	70289	9	4707	2770	20
281.0	68060	42	50	70290	32	4289	4642	17
281.0	69826	16	15	70291	17	298	2613	22
281.0	67595	15	14	70292	15	1053	4300	20
281.0	69421	48	39	70293	55	5686	258	23
281.0	68801	22	23	70294	19	3311	4669	27
281.0	65930	11	10	70295	12	450	2755	18
281.0	66647	36	33	70296	38	4551	1371	23
281.0	67793	17	16	70297	18	1409	4401	15
281.0	67804	30	27	70298	32	165	2942	18
281.0	64867	18	19	70299	17	614	1267	19
281.0	67161	53	62	70300	38	4373	1361	24
281.0	67980	30	27	70301	32	4333	1153	25
281.0	68221	15	15	70302	15	889	2111	19
281.0	67005	50	48	70303	50	1072	4627	17
281.0	67276	28	22	70304	32	1326	5517	16
281.0	69190	26	29	70305	23	284	1873	21
281.0	67447	29	31	70306	27	4090	1264	19
281.0	68837	33	37	70307	29	316	2793	19
281.0	67144	29	27	70308	29	3122	5142	19
281.0	67811	36	36	70309	30	1513	5287	14
281.0	68988	29	25	70310	31	1029	1787	16
281.0	67556	31	31	70311	29	1028	3751	18
281.0	67499	9	7	70312	11	343	2918	18
281.0	68785	27	26	70313	28	4129	940	26
281.0	67515	26	26	70314	23	53	3046	20
281.0	69806	27	26	70315	27	1272	1332	24
281.0	68517	5	5	70316	4	5070	2552	25
281.0	68731	32	33	70317	30	5123	2969	20
281.0	69742	29	27	70318	30	558	1838	14
281.0	68512	26	20	70319	31	373	2530	17
281.0	65924	24	26	70320	19	493	2196	19
281.0	68617	25	25	70321	23	327	2727	17
281.0	68147	25	20	70322	27	4589	1470	19
281.0	67258	26	16	70323	34	56	2242	25
281.0	68255	26	29	70324	20	247	3376	16
281.0	67387	47	47	70325	42	556	1922	20
281.0	65806	19	13	70326	24	4370	3972	26
281.0	67417	19	19	70327	19	5138	3538	17
281.0	66600	32	38	70328	24	2842	4985	20
281.0	67467	24	24	70329	22	2115	1109	20
281.0	69399	17	15	70330	19	2225	5382	25
281.0	66599	19	13	70331	24	4571	1470	23
281.0	67235	29	26	70332	30	707	1757	14
281.0	66870	41	33	70333	46	4676	36	22
281.0	69227	34	29	70334	33	440	2659	18
281.0	69374	10	10	70335	9	1017	3720	20
281.0	68100	37	28	70336	44	68	3152	19
281.0	66224	24	21	70337	27	600	2130	17
281.0	68436	40	36	70338	42	68	3341	18
281.0	67684	24	22	70339	23	4852	1395	17
281.0	66379	38	38	70340	36	409	2545	20
281.0	66654	45	37	70341	49	362	4215	20
281.0	67324	10	8	70342	12	5112	2498	22
281.0	67754	19	22	70343	14	349	2771	21
281.0	69329	38	37	70344	37	331	3298	19
281.0	67904	19	18	70345	19	571	2034	13
281.0	66465	53	52	70346	48	3791	5999	22
281.0	68321	30	33	70347	25	344	3572	22
281.0	66453	19	20	70348	15	1630	4134	22
281.0	67817	32	27	70349	37	4461	4462	24
281.0	66726	4	4	70350	3	540	3249	18
281.0	68558	37	34	70351	38	4431	892	21
281.0	65264	16	16	70352	16	271	2437	22
281.0	68695	31	30	70353	32	4963	3181	20
281.0	63483	25	26	70354	24	3065	1071	28
281.0	67839	33	23	70355	42	4518	1500	19
281.0	68012	29	27	70356	31	311	2675	17
281.0	63770	11	12	70357	10	36	3152	22
281.0	68926	19	18	70358	19	27	2748	16
281.0	66414	28	28	70359	26	1239	1850	24
281.0	69173	21	22	70360	20	1038	4274	19
281.0	68158	19	19	70361	17	750	3472	21
281.0	65040	34	33	70362	33	0	2402	20
281.0	67643	22	23	70363	21	359	3267	21
281.0	69789	26	31	70364	20	339	1997	24
281.0	67437	25	28	70365	21	1379	1759	15
281.0	65417	54	43	70366	57	1298	1553	15
281.0	66916	42	41	70367	40	5999	3959	18
281.0	68132	17	20	70368	14	1080	4306	21
281.0	68808	7	6	70369	8	2972	4857	23
281.0	69623	23	22	70370	22	4588	1280	19
281.0	66227	43	46	70371	39	4590	1098	25
281.0	67940	39	44	70372	30	1357	4536	16
281.0	68103	38	40	70373	33	1570	1431	20
281.0	67973	43	35	70374	48	4739	2959	17
281.0	67370	12	9	70375	14	5560	3154	17
282.0	68803	27	33	70376	19	4210	4746	20
282.0	67649	36	37	70377	32	528	2461	20
282.0	66749	27	28	70378	24	71	2772	16
282.0	64885	5	1	70379	9	389	3104	23
282.0	69598	16	10	70380	22	181	2760	24
282.0	66955	5	7	70381	3	5487	2251	21
282.0	69122	39	38	70382	37	604	1819	14
282.0	67752	19	25	70383	12	2902	4662	20
282.0	68688	17	19	70384	14	2265	833	22
282.0	68513	55	49	70385	51	3972	4824	16
282.0	68717	45	41	70386	48	4888	1109	20
282.0	67660	28	30	70387	23	1320	1890	15
282.0	66805	24	27	70388	20	2530	4527	23
282.0	68037	31	28	70389	33	4238	4623	18
282.0	65803	13	13	70390	11	310	3004	15
282.0	65194	34	36	70391	31	1211	4150	20
282.0	66615	40	35	70392	41	4320	4316	19
282.0	68570	39	37	70393	38	4502	5269	23
282.0	67922	25	24	70394	26	4725	1870	20
282.0	67888	7	4	70395	9	440	3176	23
282.0	65533	20	20	70396	19	38	2889	21
282.0	67677	33	32	70397	30	1109	1191	18
282.0	67544	34	29	70398	36	3107	600	19
282.0	69171	35	35	70399	31	63	2626	22
282.0	69399	15	13	70400	17	2225	5382	26
282.0	68650	27	29	70401	25	337	2362	20
282.0	67089	42	37	70402	46	414	2701	18
282.0	66929	25	27	70403	22	875	4531	20
282.0	65943	53	51	70404	49	4808	3040	26
282.0	70141	43	47	70405	39	4823	2141	22
282.0	67797	28	23	70406	30	1050	3906	25
282.0	68520	32	29	70407	32	138	2458	24
282.0	69060	29	25	70408	28	1717	1480	20
282.0	68728	55	53	70409	47	1488	1579	25
282.0	67318	50	56	70410	37	5849	2567	21
282.0	67356	21	21	70411	19	767	1730	18
282.0	68510	44	46	70412	36	642	1862	19
282.0	66919	38	40	70413	33	5352	1478	18
282.0	66142	49	51	70414	45	5248	2631	21
282.0	67882	31	29	70415	31	550	2723	19
282.0	67523	29	28	70416	29	450	3092	21
282.0	68205	20	16	70417	22	5299	1426	22
282.0	67100	29	31	70418	25	4598	1719	18
282.0	67767	22	22	70419	21	32	3267	21
282.0	68134	39	42	70420	35	3220	4592	17
282.0	67327	20	22	70421	18	220	2665	18
282.0	68089	28	29	70422	26	509	3345	23
282.0	67984	26	24	70423	28	2311	1321	18
282.0	66599	13	12	70424	13	4571	1470	24
282.0	68103	40	44	70425	33	1570	1431	21
282.0	69492	39	49	70426	27	103	2868	22
282.0	68158	19	20	70427	16	750	3472	22
282.0	67947	44	51	70428	35	4727	78	18
282.0	65307	13	12	70429	14	386	2598	22
282.0	67113	36	37	70430	33	3618	765	15
282.0	67977	8	8	70431	8	426	3051	19
282.0	68828	14	17	70432	11	191	2658	21
282.0	67302	8	6	70433	9	559	3091	20
282.0	67751	9	7	70434	10	257	2847	18
282.0	67036	23	24	70435	22	156	2609	17
282.0	68343	22	23	70436	19	1521	972	22
282.0	68531	33	31	70437	34	963	1960	14
282.0	64955	20	19	70438	20	0	3041	21
282.0	69980	21	25	70439	16	2378	4703	25
282.0	69623	22	20	70440	23	4588	1280	20
282.0	69071	43	41	70441	43	1814	1310	12
282.0	66552	27	29	70442	24	4704	1400	18
282.0	68415	31	31	70443	27	1132	5426	15
282.0	69189	28	25	70444	31	4815	3500	21
282.0	68551	18	16	70445	17	371	2898	19
282.0	66732	20	22	70446	18	129	2759	18
282.0	68147	20	20	70447	19	4589	1470	20
282.0	69059	28	27	70448	26	1234	3900	21
282.0	67422	31	25	70449	35	4220	1432	23
282.0	67370	9	8	70450	10	5560	3154	18
282.0	67217	21	19	70451	23	561	2809	17
282.0	66316	19	19	70452	19	4150	1431	26
282.0	67875	47	42	70453	49	1173	1729	16
282.0	69125	19	22	70454	14	3843	4726	17
282.0	66194	22	23	70455	20	166	2633	22
282.0	66264	11	9	70456	12	670	3582	20
282.0	67484	27	26	70457	28	4248	1139	27
282.0	63483	26	26	70458	23	3065	1071	29
282.0	68169	11	12	70459	10	339	2609	19
282.0	67669	25	25	70460	23	141	2385	18
282.0	65340	29	26	70461	29	3952	5245	18
282.0	66250	31	29	70462	32	5045	1471	19
282.0	67621	38	39	70463	37	470	1772	18
282.0	68425	36	45	70464	25	5553	2541	21
282.0	67021	28	28	70465	27	1133	1459	19
282.0	68758	33	36	70466	30	5239	4149	20
282.0	67215	28	29	70467	27	181	3059	19
282.0	65722	20	19	70468	19	4423	5306	24
282.0	67941	12	12	70469	12	110	2965	15
282.0	68179	20	14	70470	25	1778	4431	19
282.0	70238	40	35	70471	43	5365	4067	23
282.0	68985	35	38	70472	30	5203	4036	23
282.0	68339	25	21	70473	29	379	2308	20
282.0	69329	37	31	70474	41	331	3298	20
282.0	69356	32	37	70475	27	249	2681	21
282.0	64706	53	55	70476	45	4203	1251	22
282.0	66634	27	28	70477	24	269	2984	21
282.0	66962	24	20	70478	25	4574	1221	19
282.0	68651	13	21	70479	4	212	2970	18
283.0	67526	16	14	70480	17	249	2600	18
283.0	68570	37	37	70481	37	4502	5269	24
283.0	67172	26	35	70482	15	540	2780	16
283.0	66322	12	13	70483	11	5781	3389	20
283.0	68833	21	24	70484	17	4207	4680	21
283.0	69171	35	36	70485	32	63	2626	23
283.0	65670	48	41	70486	55	4728	1180	21
283.0	66599	12	15	70487	9	4571	1470	25
283.0	68237	34	29	70488	37	4201	0	22
283.0	67903	21	14	70489	25	4518	4239	22
283.0	68052	29	28	70490	26	3147	4802	24
283.0	68646	48	52	70491	44	1790	5354	17
283.0	69353	41	44	70492	38	4720	2202	20
283.0	66978	23	20	70493	24	238	1838	22
283.0	68520	29	27	70494	31	215	2478	25
283.0	68303	40	44	70495	34	590	3693	20
283.0	68556	35	29	70496	39	4604	4400	20
283.0	67308	17	18	70497	16	4191	4500	24
283.0	68448	19	22	70498	15	4240	1056	17
283.0	68169	12	12	70499	12	339	2609	20
283.0	68688	19	22	70500	15	2265	833	23
283.0	67540	30	35	70501	23	1711	1518	14
283.0	68983	38	40	70502	34	1402	1471	21
283.0	69406	28	23	70503	31	409	3613	21
283.0	66690	14	15	70504	13	4068	4529	23
283.0	66647	33	30	70505	36	4551	1371	24
283.0	65959	25	25	70506	23	3087	4580	24
283.0	67875	42	44	70507	39	1173	1729	17
283.0	65395	19	20	70508	17	470	2981	15
283.0	65174	47	49	70509	44	2137	1090	15
283.0	67426	8	8	70510	8	4128	4302	27
283.0	67379	22	26	70511	17	222	2939	23
283.0	69029	44	45	70512	41	4819	4152	21
283.0	68119	24	25	70513	23	810	3410	17
283.0	69467	37	34	70514	40	4400	952	22
283.0	65686	17	15	70515	18	2870	1328	26
283.0	69865	31	33	70516	28	4492	1500	19
283.0	68748	34	30	70517	38	485	3539	15
283.0	68043	38	45	70518	27	280	2842	19
283.0	68082	26	23	70519	28	4450	3879	21
283.0	68595	37	33	70520	37	2290	1317	21
283.0	68097	21	24	70521	17	505	2132	21
283.0	67511	8	6	70522	9	671	3340	27
283.0	67659	15	15	70523	15	186	3242	18
283.0	66750	15	15	70524	14	4011	4230	27
283.0	68803	33	32	70525	31	4210	4746	21
283.0	66962	20	23	70526	17	4574	1221	20
283.0	67655	9	13	70527	5	4568	1276	20
283.0	69356	37	36	70528	37	249	2681	22
283.0	69129	10	10	70529	9	258	3131	17
283.0	68501	33	40	70530	26	387	2316	24
283.0	68594	30	31	70531	29	1154	4099	18
283.0	66805	27	31	70532	23	2530	4527	24
283.0	66620	20	20	70533	19	5193	3447	20
283.0	67318	56	52	70534	48	5849	2567	22
283.0	65074	33	32	70535	33	3799	653	16
283.0	67585	39	39	70536	34	3611	1089	23
283.0	66660	23	18	70537	27	480	3046	23
283.0	69000	44	41	70538	45	5598	4372	19
283.0	68721	41	45	70539	36	5340	4099	23
283.0	65501	30	29	70540	30	196	2939	22
283.0	69125	22	21	70541	22	3843	4726	18
283.0	68812	42	35	70542	45	5399	2692	23
283.0	69230	10	10	70543	9	276	3252	18
283.0	67948	47	32	70544	61	980	4660	15
283.0	68592	35	37	70545	32	3697	1078	23
283.0	65946	18	20	70546	15	3280	1282	17
283.0	68023	37	32	70547	40	4733	1258	22
283.0	68334	12	10	70548	14	4850	2464	22
283.0	67215	29	28	70549	29	181	3059	20
283.0	68926	18	14	70550	20	27	2748	17
283.0	66046	27	24	70551	29	420	2676	19
283.0	69277	43	41	70552	41	4875	3291	18
283.0	68801	23	25	70553	21	3308	4742	28
283.0	68234	30	29	70554	30	993	1650	18
283.0	67663	39	38	70555	39	92	2551	22
283.0	68754	36	34	70556	35	4493	1261	20
283.0	68342	20	23	70557	15	5437	3679	20
283.0	63483	26	29	70558	20	3130	1088	30
283.0	68173	23	28	70559	17	5069	2189	20
283.0	65741	29	33	70560	24	443	2790	18
283.0	68101	29	26	70561	27	48	2748	17
283.0	68179	14	18	70562	9	1778	4431	20
283.0	69074	25	23	70563	25	210	2212	19
283.0	63770	12	12	70564	12	36	3152	23
283.0	68790	23	21	70565	24	97	2929	15
283.0	67542	53	52	70566	48	4673	5020	16
283.0	70171	38	38	70567	37	4529	1431	22
283.0	68555	43	39	70568	46	5643	1276	18
283.0	69394	22	20	70569	23	5152	3450	20
283.0	66426	18	14	70570	21	339	2073	19
283.0	68482	40	36	70571	41	4576	877	20
283.0	66807	39	39	70572	37	3811	4778	21
283.0	66916	41	40	70573	40	5999	3959	19
283.0	68734	34	32	70574	31	3709	4644	19
283.0	68628	23	22	70575	23	2431	1459	25
283.0	66749	28	29	70576	27	71	2772	17
284.0	68899	33	37	70577	26	2982	4659	21
284.0	66616	11	11	70578	11	349	3220	19
284.0	65174	49	40	70579	57	2137	1090	16
284.0	68391	41	34	70580	47	852	4713	15
284.0	69113	30	23	70581	36	5960	4286	26
284.0	68240	32	27	70582	35	4632	3830	25
284.0	69393	21	26	70583	14	4402	4337	17
284.0	67212	28	25	70584	28	389	3191	16
284.0	68742	37	34	70585	37	292	2037	21
284.0	67519	24	23	70586	25	3349	958	25
284.0	67438	42	40	70587	42	1297	4180	23
284.0	66974	22	25	70588	17	1421	4039	20
284.0	69923	37	43	70589	30	117	2965	21
284.0	69078	11	12	70590	10	700	2391	19
284.0	68043	45	43	70591	45	280	2842	20
284.0	68517	5	5	70592	5	5070	2552	26
284.0	67157	32	27	70593	37	31	2331	22
284.0	66749	29	32	70594	23	71	2772	18
284.0	70284	43	37	70595	44	4384	4281	21
284.0	69845	26	24	70596	26	3270	1167	17
284.0	68226	30	27	70597	33	4733	3872	21
284.0	66068	1	0	70598	2	192	3082	19
284.0	67643	23	24	70599	20	359	3267	22
284.0	68821	24	25	70600	21	4777	4540	18
284.0	63770	12	11	70601	12	36	3152	24
284.0	66282	30	39	70602	18	0	4206	23
284.0	68311	19	19	70603	19	3681	819	26
284.0	70158	25	32	70604	18	5117	2923	21
284.0	70460	23	24	70605	20	159	2403	19
284.0	68500	43	46	70606	39	5475	109	25
284.0	68520	27	29	70607	25	215	2478	26
284.0	68527	46	47	70608	44	4421	1167	23
284.0	68002	18	20	70609	16	2499	4581	21
284.0	68031	24	21	70610	24	2560	1196	18
284.0	69777	28	28	70611	26	1060	3710	25
284.0	66620	20	16	70612	23	5193	3447	21
284.0	67271	26	30	70613	21	371	3235	18
284.0	68427	4	4	70614	4	256	3089	16
284.0	67936	26	21	70615	28	931	1917	18
284.0	68192	9	12	70616	6	3549	1260	21
284.0	66978	20	16	70617	24	238	1838	23
284.0	69074	23	24	70618	21	210	2212	20
284.0	67058	2	1	70619	3	487	3231	20
284.0	68442	18	19	70620	17	2490	4559	21
284.0	68258	41	41	70621	39	348	2634	16
284.0	68108	21	15	70622	27	4561	1649	20
284.0	67341	9	12	70623	6	5179	2130	22
284.0	68326	17	23	70624	9	233	2909	23
284.0	66888	13	14	70625	11	562	3419	19
284.0	69356	36	34	70626	32	249	2681	23
284.0	67360	28	25	70627	29	424	2232	20
284.0	68448	22	19	70628	25	4240	1056	18
284.0	68661	41	32	70629	49	480	2881	24
284.0	67007	17	16	70630	17	692	2370	15
284.0	68570	37	41	70631	33	4584	5314	25
284.0	68033	20	22	70632	17	2842	4621	23
284.0	66758	15	15	70633	15	1641	4291	18
284.0	69552	17	14	70634	18	2911	4699	25
284.0	67043	42	40	70635	42	530	4031	21
284.0	66985	37	48	70636	23	4154	471	23
284.0	68598	45	38	70637	50	5572	2451	19
284.0	65444	17	18	70638	16	288	3367	20
284.0	69677	23	26	70639	20	4046	4811	20
284.0	70329	22	25	70640	19	2251	1145	21
284.0	67412	49	43	70641	51	5923	2435	17
284.0	66960	29	34	70642	24	176	3422	20
284.0	67330	35	35	70643	31	3930	4936	18
284.0	68386	21	22	70644	19	74	2004	23
284.0	69334	19	21	70645	16	5182	4073	22
284.0	69560	39	31	70646	45	274	2772	20
284.0	68683	33	37	70647	27	312	2721	15
284.0	69406	23	24	70648	21	409	3613	22
284.0	69128	28	30	70649	24	3055	879	29
284.0	68169	12	10	70650	13	339	2609	21
284.0	65670	41	44	70651	38	4728	1180	22
284.0	68539	30	27	70652	31	511	2700	20
284.0	69040	29	36	70653	22	448	1832	15
284.0	70360	20	19	70654	21	1043	4211	20
284.0	68833	24	23	70655	24	4207	4680	22
284.0	68922	29	28	70656	27	3324	932	23
284.0	68809	30	26	70657	33	194	2747	19
284.0	66848	27	24	70658	30	420	2349	21
284.0	68555	39	37	70659	39	5643	1276	19
284.0	68716	8	9	70660	6	2529	4774	20
284.0	67025	29	36	70661	20	532	1012	20
284.0	65172	40	37	70662	41	5685	4069	24
284.0	70074	58	53	70663	47	4533	5099	18
284.0	68082	23	23	70664	23	4450	3879	22
284.0	68659	43	42	70665	42	5464	902	18
284.0	68120	37	37	70666	35	4368	5366	19
284.0	68836	35	38	70667	31	4734	1549	23
284.0	70481	37	35	70668	35	4489	5256	25
284.0	68456	1	1	70669	1	402	3051	24
284.0	67127	21	19	70670	23	5116	1691	20
284.0	68544	8	9	70671	7	394	2967	19
284.0	67023	13	11	70672	15	379	2982	17
284.0	67539	22	17	70673	25	48	3335	19
284.0	68060	50	46	70674	50	4416	4653	18
284.0	68057	23	29	70675	15	445	2132	21
284.0	66337	12	12	70676	11	46	2974	16
285.0	68833	23	19	70677	27	4207	4680	23
285.0	69460	28	22	70678	33	523	1149	20
285.0	70284	37	29	70679	44	4450	4217	22
285.0	67569	26	21	70680	28	5510	3587	21
285.0	68791	18	17	70681	18	178	2904	21
285.0	68601	20	16	70682	23	209	3140	14
285.0	68167	47	45	70683	46	45	2402	20
285.0	68367	28	27	70684	29	3033	4849	22
285.0	69912	38	39	70685	37	5013	1719	17
285.0	64944	48	54	70686	38	4159	0	24
285.0	66545	0	0	70687	0	579	3130	21
285.0	67946	27	22	70688	29	4439	3920	19
285.0	69521	32	25	70689	39	4919	17	21
285.0	68785	26	26	70690	23	4016	863	27
285.0	68581	26	30	70691	20	5227	3206	18
285.0	65174	40	37	70692	42	2137	1090	17
285.0	70158	32	30	70693	33	5117	2923	22
285.0	68600	46	47	70694	45	3962	1010	20
285.0	68181	26	26	70695	25	4203	4390	24
285.0	67682	30	28	70696	32	444	3318	18
285.0	68683	37	35	70697	37	312	2721	16
285.0	68710	33	33	70698	33	4532	3810	20
285.0	66340	28	28	70699	26	4619	3571	21
285.0	69431	31	32	70700	28	160	2855	22
285.0	67339	9	8	70701	10	423	3281	19
285.0	67047	24	21	70702	23	402	3078	16
285.0	67598	14	16	70703	11	4709	1121	19
285.0	68010	26	28	70704	23	3002	4874	21
285.0	67605	17	18	70705	16	420	2515	16
285.0	68899	37	33	70706	41	2982	4659	22
285.0	68944	34	26	70707	42	4088	4835	19
285.0	67488	21	20	70708	21	621	1287	17
285.0	67341	12	12	70709	12	5179	2130	23
285.0	70003	8	10	70710	5	5141	2368	22
285.0	68082	23	28	70711	16	4450	3879	23
285.0	64617	20	20	70712	20	440	2856	26
285.0	68553	41	43	70713	39	86	2463	19
285.0	65924	26	31	70714	18	493	2196	20
285.0	68027	38	43	70715	32	4887	1489	18
285.0	69402	16	10	70716	22	2138	763	23
285.0	68928	18	13	70717	22	2203	5360	23
285.0	69297	28	26	70718	30	237	2464	21
285.0	69115	38	32	70719	41	285	2331	20
285.0	67821	31	35	70720	26	4792	1458	19
285.0	69065	19	17	70721	21	1621	1327	18
285.0	66435	34	30	70722	38	5117	4418	22
285.0	68327	47	47	70723	44	1645	1140	20
285.0	68396	29	27	70724	30	470	2196	19
285.0	69393	26	27	70725	22	4402	4337	18
285.0	69326	21	14	70726	27	599	2370	17
285.0	66906	34	32	70727	33	0	2014	17
285.0	69043	27	29	70728	22	5191	3983	24
285.0	68663	22	20	70729	24	3141	4628	24
285.0	69888	27	22	70730	31	5191	3708	22
285.0	67936	21	23	70731	18	931	1917	19
285.0	65953	4	6	70732	2	5108	3526	18
285.0	69408	32	29	70733	35	432	2700	17
285.0	67729	25	25	70734	23	269	2465	23
285.0	68192	12	11	70735	13	3549	1260	22
285.0	70216	31	33	70736	26	334	3379	21
285.0	68916	46	45	70737	46	1631	1126	21
285.0	67958	29	32	70738	24	1859	1462	16
285.0	68888	16	13	70739	18	5267	3522	20
285.0	67091	14	12	70740	16	5204	3867	16
285.0	68603	12	16	70741	8	511	3339	21
285.0	67791	24	25	70742	23	750	2340	15
285.0	69552	14	15	70743	13	2911	4699	26
285.0	67909	10	7	70744	12	390	3161	16
285.0	66941	16	16	70745	15	298	2626	22
285.0	69657	25	24	70746	25	74	3081	21
285.0	68015	17	18	70747	13	2422	4818	24
285.0	65723	14	17	70748	8	0	3264	20
285.0	66425	40	42	70749	36	5052	270	28
285.0	67848	25	26	70750	23	25	2616	19
285.0	67528	26	31	70751	19	5526	3617	18
285.0	67774	28	25	70752	31	510	1516	18
285.0	66098	37	36	70753	36	4731	3131	19
285.0	68294	38	42	70754	29	124	2782	21
285.0	68821	25	28	70755	21	4777	4540	19
285.0	66654	37	37	70756	36	362	4215	21
285.0	67776	13	13	70757	12	4449	1489	21
285.0	66805	31	25	70758	36	2530	4527	25
285.0	69403	29	28	70759	29	274	3466	19
285.0	65893	11	12	70760	9	2730	4686	25
285.0	66680	33	25	70761	41	3290	1083	20
285.0	68707	31	27	70762	33	822	1593	18
285.0	69492	49	51	70763	46	103	2868	23
285.0	67052	11	12	70764	10	2250	4382	20
285.0	68420	39	35	70765	41	4569	1255	22
285.0	68389	15	17	70766	13	326	3117	13
285.0	69610	47	40	70767	52	4907	4791	16
285.0	70286	11	7	70768	14	1749	1321	19
285.0	67868	27	29	70769	25	207	3030	18
285.0	67870	30	37	70770	22	3900	4350	22
285.0	66896	24	28	70771	20	517	3572	18
285.0	67271	30	29	70772	29	371	3235	19
285.0	69649	27	28	70773	24	1613	4291	17
285.0	67215	28	25	70774	27	181	3059	21
285.0	68886	11	8	70775	14	5348	3043	19
285.0	68088	11	9	70776	12	430	2735	18
285.0	66616	11	10	70777	12	349	3220	20
285.0	65452	12	17	70778	7	2772	1220	22
285.0	67043	40	40	70779	39	530	4031	22
285.0	65172	37	34	70780	39	5685	4069	25
285.0	68240	27	24	70781	29	4632	3830	26
285.0	65066	25	19	70782	31	4843	1302	21
285.0	66689	35	30	70783	37	300	2807	20
285.0	67873	41	35	70784	46	5349	1512	19
285.0	68555	37	33	70785	38	5643	1276	20
285.0	68591	24	19	70786	28	698	1064	16
285.0	69010	23	23	70787	21	4791	1585	21
285.0	68160	51	41	70788	57	5411	3380	21
285.0	67322	24	23	70789	25	0	3180	20
285.0	69035	41	30	70790	49	1238	4413	17
285.0	69395	35	33	70791	36	207	2860	21
285.0	67861	47	42	70792	50	5373	4521	21
285.0	67257	11	10	70793	12	65	3131	20
285.0	68889	34	31	70794	33	311	2820	19
285.0	66312	20	23	70795	17	4243	4593	22
285.0	67627	19	19	70796	17	343	3198	14
285.0	65565	35	40	70797	29	5946	2638	21
285.0	68561	40	43	70798	36	4652	164	23
285.0	68517	5	7	70799	3	5070	2552	27
285.0	65623	34	34	70800	34	5983	2863	20
285.0	67519	23	23	70801	22	3349	958	26
285.0	69447	23	25	70802	21	427	2824	26
285.0	68865	39	40	70803	37	1132	4444	17
285.0	65978	33	35	70804	30	840	2014	17
285.0	68491	46	43	70805	46	4151	960	23
285.0	67663	38	36	70806	39	92	2551	23
285.0	68030	52	41	70807	59	4712	1549	24
285.0	67814	55	46	70808	54	668	3511	20
285.0	69405	17	15	70809	17	4796	1751	21
285.0	68661	32	29	70810	34	480	2881	25
285.0	70673	25	28	70811	21	36	3346	20
285.0	68813	23	20	70812	23	460	3038	17
286.0	67342	14	12	70813	16	780	3551	22
286.0	69649	28	28	70814	25	1613	4291	18
286.0	68146	17	17	70815	16	2996	4799	22
286.0	68936	30	33	70816	26	3481	327	23
286.0	68192	11	13	70817	9	3549	1260	23
286.0	68661	29	29	70818	29	480	2881	26
286.0	68573	41	43	70819	38	4220	901	19
286.0	69846	28	21	70820	34	257	2864	19
286.0	67656	36	29	70821	41	4102	1320	24
286.0	67899	27	26	70822	26	5388	4307	22
286.0	67128	12	14	70823	10	2372	4582	19
286.0	68811	36	30	70824	39	1663	930	16
286.0	67157	27	29	70825	22	31	2331	23
286.0	66459	32	33	70826	30	5160	3389	18
286.0	65874	28	30	70827	26	86	2355	20
286.0	69190	29	29	70828	27	298	1887	22
286.0	68500	46	40	70829	51	5475	109	26
286.0	68956	34	40	70830	25	1030	3951	23
286.0	70216	33	32	70831	31	334	3379	22
286.0	69012	34	37	70832	30	3991	4666	20
286.0	68028	39	38	70833	39	4672	4699	17
286.0	66732	22	23	70834	19	129	2737	19
286.0	68280	55	49	70835	51	5463	2933	23
286.0	69460	22	20	70836	21	523	1149	21
286.0	66329	19	18	70837	19	4352	5150	27
286.0	66545	0	0	70838	0	579	3130	22
286.0	67901	30	23	70839	35	0	3292	19
286.0	69044	40	42	70840	35	11	2769	19
286.0	69106	4	2	70841	6	217	3049	17
286.0	68018	25	24	70842	25	255	2281	20
286.0	65753	14	15	70843	12	430	2972	21
286.0	70548	14	12	70844	15	4900	2479	23
286.0	68027	43	50	70845	34	4887	1489	19
286.0	66120	19	18	70846	20	3895	691	18
286.0	67775	30	32	70847	28	3551	810	21
286.0	68742	34	30	70848	34	221	1987	22
286.0	70161	27	25	70849	24	2971	861	22
286.0	69217	24	28	70850	18	5112	4017	23
286.0	68944	26	24	70851	27	4088	4835	20
286.0	69542	26	28	70852	23	5732	2819	23
286.0	68576	18	20	70853	15	381	3219	19
286.0	67508	37	30	70854	42	4430	3938	18
286.0	68176	10	9	70855	11	412	2891	21
286.0	66387	21	24	70856	18	3598	4581	19
286.0	67682	28	24	70857	31	457	3331	19
286.0	65172	34	29	70858	37	5685	4069	26
286.0	67533	30	26	70859	32	4169	4448	18
286.0	68133	16	16	70860	15	3160	1161	18
286.0	70284	29	32	70861	25	4450	4217	23
286.0	70070	17	17	70862	17	453	2159	14
286.0	66027	28	33	70863	22	5191	3965	24
286.0	68530	24	25	70864	22	2020	1669	22
286.0	68082	28	28	70865	27	4450	3879	24
286.0	69148	20	17	70866	23	5052	3630	21
286.0	68657	49	56	70867	40	1852	761	22
286.0	66492	32	31	70868	32	223	3346	16
286.0	70536	34	34	70869	33	3631	980	24
286.0	68359	13	13	70870	13	4908	1783	18
286.0	68785	26	32	70871	19	4016	863	28
286.0	65908	20	17	70872	21	0	2374	24
286.0	67582	48	44	70873	50	3707	5302	19
286.0	68181	26	27	70874	24	4203	4390	25
286.0	67921	32	23	70875	37	799	1751	14
286.0	68093	10	12	70876	7	416	3281	18
286.0	68927	41	42	70877	37	1106	1558	15
286.0	67283	42	42	70878	41	4939	3333	19
286.0	68464	8	7	70879	9	5160	2653	23
286.0	67745	8	6	70880	8	222	3124	18
286.0	68237	29	28	70881	28	4201	0	23
286.0	64183	44	41	70882	44	5216	3792	26
286.0	66616	10	8	70883	12	346	3249	21
286.0	66322	13	15	70884	9	5781	3389	21
286.0	69912	39	44	70885	33	5013	1719	18
286.0	68101	26	25	70886	25	48	2748	18
286.0	67696	33	38	70887	25	1757	1227	18
286.0	66978	16	18	70888	13	238	1838	24
286.0	66733	28	31	70889	25	2902	4836	24
286.0	67409	36	34	70890	36	914	1841	15
286.0	67936	23	24	70891	22	931	1917	20
286.0	66163	9	7	70892	11	4927	1707	19
286.0	68947	34	32	70893	35	427	2761	16
286.0	68238	28	30	70894	26	4132	859	17
286.0	70080	9	10	70895	8	5210	2189	22
286.0	66700	31	32	70896	29	123	2665	17
286.0	67917	40	43	70897	36	4726	4148	21
286.0	69227	29	31	70898	26	440	2659	19
286.0	70673	28	20	70899	33	36	3346	21
286.0	67627	19	20	70900	18	343	3198	15
286.0	65174	37	40	70901	34	2137	1090	18
286.0	69329	31	29	70902	31	331	3318	21
286.0	68393	35	33	70903	36	129	1901	23
286.0	65686	15	13	70904	15	2870	1328	27
286.0	67442	30	28	70905	29	5376	2999	21
286.0	69097	18	17	70906	18	291	2186	20
286.0	69642	28	30	70907	24	4178	4671	18
286.0	69492	51	52	70908	48	103	2868	24
286.0	69149	21	22	70909	20	5242	3834	18
286.0	68253	33	41	70910	23	240	1890	22
286.0	68260	13	13	70911	13	611	3130	17
286.0	68962	24	23	70912	23	1081	1970	17
286.0	66941	16	18	70913	13	298	2626	23
286.0	69416	55	42	70914	58	4787	1801	21
286.0	69180	35	30	70915	38	25	2911	17
286.0	68662	30	36	70916	24	4272	1114	25
286.0	68431	27	28	70917	26	4148	4904	25
286.0	67821	35	33	70918	37	4792	1458	20
286.0	67861	42	45	70919	36	5373	4521	22
286.0	69185	39	34	70920	41	4722	0	21
286.0	67517	37	37	70921	34	4655	582	23
286.0	68591	19	17	70922	21	698	1064	17
286.0	66998	39	40	70923	37	697	1790	17
286.0	68130	30	26	70924	34	380	2511	23
286.0	68331	33	31	70925	34	3058	4630	19
286.0	68254	35	39	70926	28	3032	861	23
286.0	66446	39	42	70927	36	4509	5116	20
286.0	69395	33	34	70928	30	207	2860	22
287.0	68573	43	43	70929	40	4220	901	20
287.0	68265	31	39	70930	22	121	2330	20
287.0	68533	23	25	70931	21	930	1669	18
287.0	69477	21	20	70932	20	630	2489	22
287.0	68758	36	38	70933	32	5499	4164	21
287.0	67582	44	47	70934	38	3707	5302	20
287.0	70083	58	46	70935	54	4025	1019	22
287.0	68840	24	22	70936	26	228	2795	22
287.0	66786	21	22	70937	19	0	3661	16
287.0	65501	29	30	70938	26	196	2939	23
287.0	67595	14	11	70939	17	1053	4300	21
287.0	66387	24	18	70940	29	3598	4581	20
287.0	67352	11	11	70941	11	820	2134	17
287.0	66537	10	10	70942	10	400	2994	20
287.0	65839	35	30	70943	39	4244	474	25
287.0	67868	29	26	70944	31	207	3030	19
287.0	67220	33	31	70945	34	4556	959	26
287.0	68124	5	9	70946	1	2458	4430	21
287.0	66750	15	18	70947	11	4011	4230	28
287.0	69684	30	31	70948	27	214	3817	17
287.0	69444	20	22	70949	18	4233	4529	22
287.0	65753	15	15	70950	15	430	2972	22
287.0	67834	53	50	70951	50	5403	3660	20
287.0	64929	12	8	70952	16	5080	3788	18
287.0	67603	24	28	70953	20	350	2306	18
287.0	67573	32	34	70954	29	114	2901	20
287.0	67814	46	44	70955	43	668	3511	21
287.0	68435	21	18	70956	23	466	1872	14
287.0	69383	26	26	70957	24	4260	1148	26
287.0	67015	5	7	70958	3	4719	2390	20
287.0	70517	38	42	70959	33	390	3540	16
287.0	68156	26	26	70960	26	421	3224	18
287.0	69008	16	14	70961	17	5527	3124	19
287.0	66687	23	22	70962	22	171	2913	22
287.0	67533	26	25	70963	24	4169	4448	19
287.0	67720	28	20	70964	35	249	2646	21
287.0	69765	27	22	70965	32	103	2595	18
287.0	70080	10	8	70966	11	5210	2189	23
287.0	67517	37	37	70967	36	4655	582	24
287.0	68657	56	55	70968	45	1852	761	23
287.0	69845	24	23	70969	24	3270	1167	18
287.0	70238	35	26	70970	42	5365	4067	24
287.0	68993	14	16	70971	12	290	2385	21
287.0	69121	56	48	70972	52	891	4019	19
287.0	67132	24	27	70973	18	5052	2671	20
287.0	67346	39	42	70974	34	10	2179	18
287.0	67677	32	29	70975	33	1109	1191	19
287.0	67696	38	28	70976	47	1830	1156	19
287.0	69106	2	1	70977	3	217	3049	18
287.0	66227	46	48	70978	42	4590	1098	26
287.0	70161	25	22	70979	28	2971	861	23
287.0	67515	26	20	70980	30	53	3046	21
287.0	68004	25	25	70981	25	378	2849	18
287.0	68556	29	29	70982	28	4604	4400	21
287.0	68809	26	20	70983	30	179	2732	20
287.0	69546	33	38	70984	27	1640	1086	22
287.0	65194	36	33	70985	37	1211	4150	21
287.0	68443	21	18	70986	22	367	3120	19
287.0	68682	42	40	70987	41	188	2005	22
287.0	68766	12	10	70988	11	72	3240	21
287.0	69244	37	37	70989	36	383	2740	16
287.0	68712	36	33	70990	38	1918	1166	11
287.0	69012	37	35	70991	37	3991	4666	21
287.0	66801	41	40	70992	40	1065	1690	17
287.0	69492	52	57	70993	43	87	2852	25
287.0	68431	28	32	70994	23	4148	4904	26
287.0	67908	25	18	70995	30	79	2583	20
287.0	68799	47	48	70996	41	5602	3631	24
287.0	68504	49	47	70997	49	4324	5714	19
287.0	66776	20	15	70998	22	3349	1025	18
287.0	67673	21	19	70999	22	117	3066	17
287.0	69629	12	11	71000	13	278	3006	17
287.0	68742	30	28	71001	32	221	1987	23
287.0	68057	29	31	71002	24	445	2132	22
287.0	68510	46	39	71003	50	642	1862	20
287.0	69230	10	10	71004	9	276	3252	19
287.0	69844	23	20	71005	24	1531	4202	17
287.0	68452	32	28	71006	35	3402	1191	20
287.0	69429	17	18	71007	15	241	3074	16
287.0	69752	29	29	71008	29	980	1702	17
287.0	67442	28	32	71009	24	5376	2999	22
287.0	68336	30	25	71010	33	359	2555	25
287.0	65720	28	24	71011	30	4540	1622	19
287.0	68122	33	33	71012	31	195	2547	22
287.0	67051	31	27	71013	34	2246	5211	26
287.0	69690	44	40	71014	48	4834	4452	24
287.0	70673	20	19	71015	21	36	3346	22
287.0	68775	49	47	71016	48	4800	4113	24
287.0	67574	12	8	71017	15	2500	1233	22
287.0	66941	18	20	71018	15	298	2626	24
287.0	68520	29	29	71019	29	215	2478	27
287.0	67147	20	20	71020	17	949	2040	13
287.0	69945	27	24	71021	29	53	2505	17
287.0	68462	26	20	71022	31	223	3274	18
287.0	67421	18	18	71023	18	770	3724	19
287.0	65741	33	31	71024	34	443	2790	19
287.0	66733	31	27	71025	33	2902	4836	25
287.0	68842	22	29	71026	14	160	2559	18
287.0	66501	11	12	71027	10	3538	345	24
287.0	67016	46	45	71028	46	4486	4529	16
287.0	67844	37	29	71029	41	3833	1082	18
287.0	67831	12	10	71030	13	229	3061	17
287.0	68756	19	14	71031	23	343	2840	19
287.0	68167	45	41	71032	48	45	2402	21
287.0	66616	8	8	71033	7	329	3249	22
287.0	68531	31	31	71034	27	963	1960	15
287.0	69515	13	15	71035	11	760	3551	22
287.0	67499	7	7	71036	7	372	2917	19
287.0	66480	27	34	71037	18	591	2499	23
287.0	70049	16	20	71038	10	400	3258	18
287.0	67618	36	33	71039	39	0	2977	16
287.0	67902	32	28	71040	36	171	2359	19
287.0	68508	16	13	71041	19	4630	1303	21
287.0	67258	16	19	71042	11	56	2242	26
287.0	69324	16	15	71043	15	127	2569	18
287.0	67548	39	36	71044	40	5349	2988	22
287.0	69267	35	28	71045	41	5815	2940	18
287.0	68866	28	30	71046	26	4865	0	19
287.0	68650	29	20	71047	36	337	2362	21
287.0	68405	23	25	71048	20	3531	41	25
288.0	66274	11	9	71049	11	3330	1259	18
288.0	67717	16	18	71050	14	0	3003	18
288.0	70760	9	6	71051	12	2769	4702	26
288.0	66387	18	14	71052	20	3598	4581	21
288.0	68261	35	36	71053	32	240	2759	19
288.0	68312	26	24	71054	28	348	2199	18
288.0	66484	18	20	71055	16	2899	779	18
288.0	69121	48	44	71056	45	891	4019	20
288.0	67673	19	16	71057	21	117	3066	18
288.0	68452	28	30	71058	25	3402	1191	21
288.0	67052	12	15	71059	9	2250	4382	21
288.0	66163	7	11	71060	3	4927	1707	20
288.0	67511	6	3	71061	8	671	3340	28
288.0	68007	36	27	71062	45	4132	787	16
288.0	65542	20	22	71063	17	301	3490	20
288.0	68977	33	35	71064	30	3434	5082	18
288.0	69818	13	15	71065	11	237	3198	18
288.0	69765	22	27	71066	15	103	2595	19
288.0	70077	40	48	71067	30	3551	709	23
288.0	70548	12	10	71068	12	4900	2479	24
288.0	68626	34	31	71069	35	1809	4229	25
288.0	65908	17	17	71070	16	0	2374	25
288.0	68044	16	17	71071	15	321	3409	17
288.0	67902	28	34	71072	19	171	2359	20
288.0	69646	23	18	71073	27	179	3203	19
288.0	69597	31	35	71074	27	4639	1711	20
288.0	69441	7	7	71075	6	5181	2533	20
288.0	69742	27	28	71076	26	605	1972	15
288.0	68439	21	22	71077	18	4439	4560	26
288.0	66775	15	17	71078	13	0	2932	18
288.0	66119	29	29	71079	29	163	2682	15
288.0	68362	53	53	71080	47	4519	4091	20
288.0	65309	41	45	71081	35	2322	5331	22
288.0	67191	32	30	71082	34	223	2738	20
288.0	68401	18	17	71083	18	62	3293	18
288.0	69447	25	27	71084	23	427	2840	27
288.0	68520	29	32	71085	24	215	2478	28
288.0	67758	10	8	71086	12	5051	3583	24
288.0	67967	38	29	71087	44	277	2361	20
288.0	69750	28	31	71088	25	4934	509	23
288.0	68442	19	21	71089	14	2490	4559	22
288.0	69238	26	29	71090	21	240	2738	19
288.0	69397	32	35	71091	29	5352	1459	18
288.0	69617	4	4	71092	4	287	3097	17
288.0	66984	44	48	71093	36	3052	666	25
288.0	66750	18	16	71094	19	4011	4230	29
288.0	69291	43	44	71095	41	489	3298	24
288.0	68394	31	27	71096	35	254	3351	18
288.0	69222	37	41	71097	31	3792	4730	19
288.0	68654	31	30	71098	30	572	2207	17
288.0	66689	30	34	71099	25	288	2795	21
288.0	68489	37	38	71100	34	4309	4635	19
288.0	66064	22	24	71101	19	784	1491	20
288.0	67582	47	50	71102	41	3707	5302	21
288.0	69857	30	30	71103	26	4949	1897	20
288.0	68121	24	23	71104	24	710	3451	13
288.0	66941	20	20	71105	20	298	2626	25
288.0	69106	1	1	71106	1	217	3049	19
288.0	67760	33	38	71107	25	3762	4551	19
288.0	67686	43	46	71108	39	90	2417	19
288.0	66900	27	30	71109	22	1813	1359	17
288.0	69687	35	39	71110	30	4503	1006	26
288.0	68954	29	27	71111	31	970	4457	18
288.0	67544	29	28	71112	28	3069	378	20
288.0	67016	45	41	71113	49	4486	4529	17
288.0	69118	41	42	71114	37	3745	5999	17
288.0	66749	32	33	71115	30	71	2772	19
288.0	68214	30	25	71116	33	1431	4122	18
288.0	68709	28	25	71117	30	5233	2087	23
288.0	68296	22	25	71118	19	446	3478	19
288.0	68477	6	6	71119	6	5130	2621	24
288.0	70673	19	19	71120	19	36	3346	23
288.0	67200	23	24	71121	21	752	2072	19
288.0	67750	43	40	71122	44	4889	1027	19
288.0	69776	36	32	71123	35	1958	1218	21
288.0	68746	11	11	71124	10	5229	3607	21
288.0	66329	18	19	71125	17	4352	5150	28
288.0	68730	14	15	71126	12	5539	3343	19
288.0	68990	49	51	71127	47	2037	768	26
288.0	67657	23	20	71128	24	4617	5204	24
288.0	68649	17	14	71129	20	453	3662	19
288.0	68436	36	34	71130	36	106	3249	19
288.0	68256	35	29	71131	38	4176	4847	18
288.0	65360	41	34	71132	47	1738	216	18
288.0	64076	9	10	71133	8	154	2866	21
288.0	68987	13	10	71134	16	5130	2551	21
288.0	65328	48	42	71135	52	4988	1533	18
288.0	69326	14	11	71136	16	599	2370	18
288.0	68609	41	37	71137	42	323	1949	16
288.0	67187	39	37	71138	38	4654	847	23
288.0	69506	14	18	71139	9	5212	3516	19
288.0	67411	29	19	71140	38	3831	1169	16
288.0	70049	20	18	71141	22	400	3258	19
288.0	68124	9	9	71142	9	2458	4430	22
288.0	67833	19	20	71143	18	40	3066	20
288.0	68840	22	23	71144	20	212	2795	23
289.0	69107	34	35	71145	29	107	2808	16
289.0	69761	45	35	71146	50	4089	417	23
289.0	67032	23	21	71147	25	1230	1643	23
289.0	66119	29	27	71148	30	163	2682	16
289.0	68288	37	37	71149	36	990	1241	15
289.0	69766	37	39	71150	34	4901	4320	21
289.0	67412	43	41	71151	41	5999	2409	18
289.0	68097	24	27	71152	19	570	2131	22
289.0	67803	15	13	71153	17	376	2611	19
289.0	70673	19	10	71154	26	36	3346	24
289.0	67516	49	54	71155	43	5232	4107	20
289.0	68247	24	27	71156	18	271	2605	23
289.0	67996	25	25	71157	22	4133	1009	14
289.0	69934	4	4	71158	4	2783	4809	24
289.0	70583	14	10	71159	18	4333	4371	18
289.0	67610	24	22	71160	24	0	2912	20
289.0	67052	15	15	71161	15	2250	4382	22
289.0	68558	34	30	71162	37	4431	892	22
289.0	68617	25	27	71163	20	327	2727	18
289.0	66675	33	31	71164	34	1863	602	16
289.0	68863	49	51	71165	43	4121	833	19
289.0	68935	15	12	71166	17	675	3641	19
289.0	70548	10	11	71167	8	4900	2479	25
289.0	68445	11	16	71168	6	5964	3096	18
289.0	68362	53	40	71169	60	4519	4091	21
289.0	66661	19	15	71170	20	58	2997	16
289.0	68442	21	17	71171	24	2490	4559	23
289.0	67421	18	15	71172	19	770	3724	20
289.0	67191	30	31	71173	28	223	2738	21
289.0	69043	29	28	71174	29	5191	3983	25
289.0	69274	15	17	71175	13	273	2929	18
289.0	68160	41	39	71176	42	5457	3562	22
289.0	67706	32	38	71177	24	5627	2838	23
289.0	69568	35	33	71178	36	5124	1737	18
289.0	69877	11	11	71179	11	377	3147	20
289.0	70058	49	50	71180	47	239	4741	19
289.0	67769	47	50	71181	43	431	2899	17
289.0	69546	38	35	71182	40	1640	1086	23
289.0	69296	51	56	71183	44	4998	3544	23
289.0	66737	36	33	71184	36	252	2562	25
289.0	68367	27	28	71185	24	3119	4729	23
289.0	69238	29	23	71186	32	240	2738	20
289.0	68110	46	51	71187	35	1162	1180	16
289.0	70373	33	34	71188	28	1502	1307	21
289.0	69122	38	40	71189	35	604	1819	15
289.0	64686	38	37	71190	38	3837	4581	20
289.0	68401	17	17	71191	16	62	3293	19
289.0	68479	32	26	71192	34	4849	3108	19
289.0	69865	33	42	71193	24	4492	1500	20
289.0	70839	35	43	71194	25	12	3279	20
289.0	70260	40	37	71195	43	1401	1409	20
289.0	69776	32	28	71196	32	1958	1218	22
289.0	69320	16	17	71197	14	469	3291	23
289.0	68416	8	9	71198	7	5158	2607	24
289.0	69341	29	29	71199	27	1067	1248	18
289.0	68731	33	34	71200	32	5123	2969	21
289.0	67652	38	32	71201	42	4738	3831	19
289.0	68296	25	26	71202	23	446	3478	20
289.0	66998	40	37	71203	41	697	1790	18
289.0	68801	25	25	71204	21	3308	4742	29
289.0	68656	27	23	71205	30	363	2653	16
289.0	69295	31	36	71206	26	71	2819	18
289.0	71097	31	27	71207	33	3809	4713	20
289.0	70009	27	27	71208	25	435	2471	23
289.0	67756	19	17	71209	20	5302	3619	19
289.0	70003	10	10	71210	9	5120	2331	23
289.0	70068	36	35	71211	35	217	2847	21
289.0	69572	42	48	71212	34	4186	4679	17
289.0	68186	35	33	71213	35	220	2429	22
289.0	68543	32	35	71214	28	531	2650	17
289.0	69750	31	29	71215	31	4916	422	24
289.0	68674	24	22	71216	25	813	4396	22
289.0	68665	45	37	71217	51	4793	4261	20
289.0	65075	45	47	71218	40	4411	5151	22
289.0	67750	40	42	71219	36	4889	1027	20
289.0	67974	40	45	71220	34	1068	4409	18
289.0	68646	52	69	71221	30	1790	5354	18
289.0	69017	18	23	71222	11	133	2681	18
289.0	66484	20	17	71223	21	2899	779	19
289.0	68886	8	9	71224	7	5271	3019	20
289.0	67708	24	19	71225	27	388	2759	18
289.0	68218	7	9	71226	4	460	2968	19
289.0	65340	26	26	71227	24	4232	5298	19
289.0	65542	22	25	71228	18	301	3490	21
289.0	68094	47	45	71229	46	5529	224	25
289.0	68050	34	39	71230	28	4030	4461	18
289.0	68179	18	19	71231	17	1739	4537	21
289.0	69360	45	41	71232	48	1675	4871	17
289.0	68683	35	29	71233	38	299	2708	17
289.0	69484	19	17	71234	19	2623	4556	22
289.0	69397	35	33	71235	35	5352	1459	19
289.0	66775	17	22	71236	10	0	2932	19
289.0	68557	26	24	71237	28	4693	5078	22
289.0	70494	31	26	71238	31	215	2510	26
289.0	69339	34	40	71239	27	598	1997	15
289.0	66523	24	28	71240	18	1820	1620	20
289.0	66536	53	54	71241	46	1616	736	16
289.0	70908	48	51	71242	40	133	2855	25
289.0	68896	38	39	71243	36	297	2647	18
289.0	68272	36	38	71244	34	501	1866	18
289.0	67437	28	27	71245	27	1380	1680	16
289.0	70552	41	43	71246	36	5028	3430	19
289.0	68203	45	46	71247	41	4313	852	26
289.0	68348	6	5	71248	6	620	3491	20
289.0	69183	17	15	71249	17	4843	1811	23
290.0	68748	30	35	71250	25	565	3559	16
290.0	69105	37	30	71251	42	313	2442	17
290.0	65574	47	49	71252	42	5439	1966	23
290.0	68819	15	13	71253	14	2490	4613	20
290.0	67187	37	29	71254	43	4654	847	24
290.0	69741	28	30	71255	25	4579	4174	21
290.0	70429	14	11	71256	16	412	2608	23
290.0	69048	45	42	71257	45	3067	5531	19
290.0	65015	32	27	71258	35	1893	1128	12
290.0	70173	30	29	71259	31	3130	4785	24
290.0	68510	39	33	71260	43	642	1862	21
290.0	65565	40	39	71261	37	5785	2831	22
290.0	69637	46	42	71262	46	4824	38	22
290.0	69225	27	27	71263	27	4371	564	20
290.0	69721	33	34	71264	30	4257	974	26
290.0	67662	37	37	71265	34	4042	5757	16
290.0	65722	19	17	71266	19	4280	5561	25
290.0	69308	20	20	71267	18	5222	3233	20
290.0	69401	27	25	71268	28	161	2006	19
290.0	67962	27	25	71269	26	320	2635	20
290.0	70772	29	31	71270	26	397	3300	20
290.0	69694	7	5	71271	9	167	3106	19
290.0	68493	41	35	71272	46	3569	4631	18
290.0	68026	33	30	71273	36	5329	2714	20
290.0	68589	42	38	71274	45	4982	3651	21
290.0	69583	49	46	71275	51	4962	625	22
290.0	66147	31	33	71276	29	3599	1250	16
290.0	69171	36	27	71277	44	63	2626	24
290.0	69122	40	44	71278	36	604	1819	16
290.0	68282	15	17	71279	13	5227	3303	16
290.0	68617	27	25	71280	26	327	2727	19
290.0	68620	40	43	71281	36	2201	1144	22
290.0	69356	34	33	71282	35	248	2661	24
290.0	70187	20	21	71283	16	388	3237	16
290.0	66600	38	36	71284	39	2931	5144	21
290.0	67573	34	30	71285	38	114	2901	21
290.0	69275	33	36	71286	29	4968	1362	21
290.0	64866	26	23	71287	29	489	4384	23
290.0	65040	33	39	71288	26	0	2402	21
290.0	67517	37	35	71289	37	4655	582	25
290.0	69193	23	23	71290	23	351	2898	20
290.0	67652	32	30	71291	33	4738	3831	20
290.0	68736	38	31	71292	43	3709	563	21
290.0	69259	49	48	71293	47	1598	4543	16
290.0	68922	28	32	71294	23	3324	932	24
290.0	69010	23	23	71295	23	4796	1710	22
290.0	69341	29	29	71296	28	1067	1248	19
290.0	71096	35	38	71297	31	241	3351	19
290.0	66657	26	26	71298	23	520	2930	18
290.0	68290	19	15	71299	22	280	2664	18
290.0	69489	6	11	71300	1	389	3380	19
290.0	69778	31	26	71301	33	30	2912	20
290.0	69619	48	43	71302	49	4997	708	24
290.0	69399	13	11	71303	15	2225	5382	27
290.0	69029	45	44	71304	45	5124	4162	22
290.0	69818	15	14	71305	14	237	3198	19
290.0	68160	39	37	71306	36	5457	3562	23
290.0	65778	12	10	71307	13	3770	1390	22
290.0	67516	54	54	71308	46	5232	4107	21
290.0	68731	34	35	71309	33	5123	2969	22
290.0	69657	24	25	71310	23	74	3081	22
290.0	64686	37	37	71311	35	3837	4581	21
290.0	68695	30	36	71312	23	4951	3023	21
290.0	69769	19	19	71313	18	331	3076	20
290.0	70117	37	37	71314	36	692	2189	15
290.0	68798	21	22	71315	19	38	1918	20
290.0	68173	28	26	71316	30	4979	2389	21
290.0	68571	34	38	71317	29	2225	799	20
290.0	67650	11	14	71318	8	359	2864	19
290.0	68824	38	43	71319	33	5029	1107	22
290.0	68385	32	33	71320	30	4920	2457	18
290.0	68454	30	30	71321	29	629	3469	17
290.0	69467	34	32	71322	36	4400	952	23
290.0	68218	9	11	71323	7	460	2968	20
290.0	68311	19	19	71324	15	3681	819	27
290.0	67590	34	34	71325	34	2369	606	19
290.0	68482	36	36	71326	34	4499	858	21
290.0	65452	17	16	71327	16	2772	1220	23
290.0	67706	38	30	71328	43	5627	2838	24
290.0	67854	35	39	71329	30	5567	4061	22
290.0	68933	15	17	71330	13	412	2557	20
290.0	70080	8	11	71331	5	5210	2189	24
290.0	68106	41	40	71332	39	271	2695	21
290.0	68030	41	37	71333	44	4712	1549	25
290.0	67015	7	6	71334	8	4719	2390	21
290.0	68484	26	23	71335	27	1621	1292	21
290.0	70290	32	37	71336	26	4382	4869	18
290.0	67756	17	16	71337	16	5330	3671	20
290.0	65921	25	31	71338	18	157	3814	17
290.0	70099	14	14	71339	14	5190	3148	21
290.0	68896	39	41	71340	35	297	2647	19
290.0	67441	25	28	71341	22	3071	4830	21
290.0	67881	29	26	71342	32	1066	4340	17
290.0	68565	37	41	71343	31	5602	2782	20
290.0	69961	30	30	71344	30	3717	5999	17
290.0	63500	17	15	71345	17	2972	4840	27
290.0	68630	16	15	71346	17	5272	2209	21
290.0	66950	16	15	71347	16	5119	3572	23
290.0	66804	16	15	71348	16	20	2662	20
290.0	69555	27	29	71349	23	5192	3516	20
290.0	67421	15	13	71350	17	770	3724	21
290.0	66222	38	36	71351	38	819	2111	16
290.0	66194	23	23	71352	22	97	2626	23
290.0	67484	26	26	71353	26	4248	1161	28
290.0	67557	29	24	71354	32	86	2390	17
291.0	68307	42	40	71355	41	3355	540	15
291.0	69018	7	8	71356	6	329	3186	22
291.0	68000	40	35	71357	38	448	1608	19
291.0	69614	22	25	71358	18	5200	1372	21
291.0	67843	41	41	71359	39	4557	1122	21
291.0	69151	26	21	71360	30	4347	4653	28
291.0	70285	31	21	71361	41	2341	4899	25
291.0	68010	28	28	71362	28	3002	4874	22
291.0	66422	23	20	71363	25	244	3147	16
291.0	69268	38	40	71364	34	444	4400	18
291.0	69550	25	28	71365	21	2487	431	19
291.0	68944	24	21	71366	25	4088	4835	21
291.0	69247	41	38	71367	43	4169	1251	21
291.0	68619	17	19	71368	15	3034	623	23
291.0	66216	23	30	71369	14	161	1934	15
291.0	66804	15	16	71370	12	20	2662	21
291.0	65670	44	39	71371	48	4903	1097	23
291.0	68258	41	35	71372	41	348	2634	17
291.0	65574	49	51	71373	47	5439	1966	24
291.0	68555	33	36	71374	27	5643	1276	21
291.0	65328	42	38	71375	45	4988	1533	19
291.0	67793	16	14	71376	17	1363	4390	16
291.0	68482	36	36	71377	35	4499	858	22
291.0	68818	31	32	71378	30	5009	1521	18
291.0	68812	35	35	71379	35	5477	2662	24
291.0	67590	34	34	71380	31	2369	606	20
291.0	66600	36	33	71381	39	2931	5144	22
291.0	69178	28	33	71382	23	462	2132	21
291.0	66657	26	21	71383	31	520	2930	19
291.0	69323	26	22	71384	25	157	3627	20
291.0	68425	45	49	71385	41	5553	2541	22
291.0	69506	18	20	71386	15	5212	3516	20
291.0	68783	18	16	71387	19	260	3446	17
291.0	69193	23	27	71388	18	351	2898	21
291.0	69696	36	40	71389	31	3136	677	19
291.0	66120	18	19	71390	17	3895	691	19
291.0	67068	21	18	71391	22	340	2816	18
291.0	68936	33	28	71392	36	3481	327	24
291.0	69171	27	24	71393	30	63	2626	25
291.0	65855	16	12	71394	19	781	1768	21
291.0	68571	38	36	71395	37	2204	711	21
291.0	67544	28	23	71396	31	3069	378	21
291.0	70872	21	26	71397	16	30	2374	25
291.0	68103	44	49	71398	38	1570	1431	22
291.0	68511	29	27	71399	30	152	2490	16
291.0	69368	14	13	71400	15	4180	4587	23
291.0	67354	50	51	71401	47	2590	1284	15
291.0	69712	40	41	71402	36	333	2648	20
291.0	65803	13	12	71403	12	307	3017	16
291.0	67921	23	24	71404	21	741	1636	15
291.0	70536	34	26	71405	40	3672	904	25
291.0	65722	17	23	71406	9	4280	5561	26
291.0	70173	29	21	71407	35	3130	4785	25
291.0	66870	33	27	71408	38	4676	36	23
291.0	69747	24	21	71409	27	1150	4526	17
291.0	68084	25	18	71410	31	3740	986	19
291.0	66950	15	14	71411	15	5119	3572	24
291.0	68641	36	40	71412	30	71	3105	21
291.0	69778	26	26	71413	25	30	2912	21
291.0	66261	10	7	71414	12	348	3021	17
291.0	69278	40	45	71415	35	3404	1039	23
291.0	68788	42	44	71416	39	142	2164	19
291.0	69234	29	26	71417	32	0	2063	17
291.0	69391	22	29	71418	15	1082	1559	20
291.0	67387	47	44	71419	47	556	1922	21
291.0	64107	36	34	71420	34	2060	1124	16
291.0	69468	37	34	71421	38	3180	850	18
291.0	70772	31	29	71422	29	397	3300	21
291.0	68785	32	27	71423	36	3909	755	29
291.0	70999	22	23	71424	18	147	3076	18
291.0	66492	31	32	71425	29	194	3266	17
291.0	66314	19	24	71426	14	302	3035	20
291.0	68833	19	16	71427	22	4221	4694	24
291.0	67260	30	32	71428	27	101	2019	23
291.0	67723	18	17	71429	19	4616	1289	22
291.0	68035	34	39	71430	28	5046	760	20
291.0	66599	15	10	71431	20	4571	1470	26
291.0	68497	41	40	71432	41	694	3887	20
291.0	65565	39	38	71433	38	5785	2831	23
291.0	69025	47	40	71434	49	5048	534	24
291.0	69361	19	20	71435	16	660	4061	22
291.0	69777	28	32	71436	23	1060	3710	26
291.0	68510	33	25	71437	40	642	1862	22
291.0	70527	5	5	71438	5	4553	1290	21
291.0	69207	45	42	71439	43	4151	720	23
291.0	68751	44	37	71440	47	3219	1212	24
291.0	67854	39	35	71441	42	5567	4061	23
291.0	67276	22	25	71442	19	1423	5492	17
291.0	67215	25	25	71443	21	168	3072	22
291.0	70074	53	58	71444	42	4640	5139	19
291.0	68558	30	26	71445	33	4431	892	23
291.0	70608	44	48	71446	34	4433	1179	24
291.0	68149	21	24	71447	18	461	2293	21
291.0	68123	32	28	71448	34	5150	3488	24
291.0	68857	28	22	71449	31	297	3699	20
291.0	65462	31	26	71450	33	5251	1172	21
291.0	69318	36	40	71451	31	136	2794	22
291.0	68736	31	31	71452	29	3709	563	22
291.0	69751	32	32	71453	31	223	2772	20
291.0	69669	23	27	71454	16	177	2423	24
291.0	67098	51	53	71455	47	4522	4641	17
291.0	67811	36	35	71456	34	1513	5287	15
291.0	68892	37	34	71457	37	155	2978	22
291.0	66046	24	27	71458	16	420	2676	20
291.0	68436	34	35	71459	30	106	3249	20
291.0	70315	27	21	71460	32	1161	1437	25
291.0	68130	26	25	71461	26	380	2511	24
291.0	65174	40	41	71462	34	2137	1090	19
291.0	69046	35	39	71463	31	3391	969	23
291.0	64885	1	1	71464	1	389	3104	24
291.0	68491	43	45	71465	37	4151	960	24
292.0	67046	15	19	71466	11	460	2899	19
292.0	66261	7	8	71467	6	348	3021	18
292.0	68307	40	35	71468	44	3433	470	16
292.0	66262	15	19	71469	11	2572	4569	23
292.0	67947	51	50	71470	50	4727	78	19
292.0	69539	41	36	71471	46	4734	4428	19
292.0	70577	26	31	71472	21	2961	4680	22
292.0	65722	23	26	71473	16	4280	5561	27
292.0	68562	22	19	71474	24	144	2662	17
292.0	69945	24	24	71475	24	53	2505	18
292.0	68800	10	5	71476	14	5350	2453	20
292.0	68303	44	41	71477	44	590	3693	21
292.0	69170	36	36	71478	34	361	2714	17
292.0	70772	29	31	71479	26	397	3300	22
292.0	65574	51	50	71480	49	5439	1966	25
292.0	67193	20	25	71481	14	280	3117	14
292.0	68801	25	25	71482	25	3308	4742	30
292.0	66179	31	33	71483	27	389	2810	19
292.0	69213	56	54	71484	46	2946	253	16
292.0	69798	49	40	71485	55	358	3558	22
292.0	68818	32	28	71486	34	5009	1521	19
292.0	68249	36	33	71487	37	5153	4353	20
292.0	68523	19	18	71488	20	520	3171	16
292.0	68501	40	37	71489	39	387	2316	25
292.0	68491	45	40	71490	48	4151	960	25
292.0	70517	42	36	71491	46	390	3540	17
292.0	68076	21	16	71492	24	77	2868	22
292.0	69966	51	56	71493	44	5132	494	28
292.0	70147	17	16	71494	18	3066	567	23
292.0	69976	48	50	71495	43	2041	1074	22
292.0	68415	31	37	71496	25	894	5413	16
292.0	68321	33	33	71497	32	85	3540	23
292.0	68652	14	13	71498	15	2508	4590	21
292.0	67684	22	20	71499	23	4850	1332	18
292.0	70663	47	51	71500	39	4670	5114	19
292.0	67222	19	21	71501	16	312	3157	18
292.0	66465	52	44	71502	54	3791	5999	23
292.0	69990	4	5	71503	3	316	3198	22
292.0	68539	27	24	71504	26	511	2700	21
292.0	67686	46	44	71505	47	90	2417	20
292.0	69813	36	38	71506	31	1559	1312	22
292.0	68504	47	41	71507	48	4324	5714	20
292.0	68926	14	15	71508	12	27	2748	18
292.0	68298	18	17	71509	18	313	2872	18
292.0	70152	20	22	71510	18	4681	4328	21
292.0	70944	31	30	71511	30	161	3028	20
292.0	65839	30	26	71512	33	4159	448	26
292.0	68575	43	45	71513	39	5926	4224	17
292.0	68276	12	11	71514	13	5116	1962	20
292.0	69953	45	37	71515	50	4737	5578	20
292.0	69422	33	35	71516	31	210	2050	20
292.0	68918	17	16	71517	18	15	2951	18
292.0	65462	26	28	71518	23	5251	1172	22
292.0	67154	13	12	71519	14	280	2892	17
292.0	66322	15	17	71520	13	5781	3389	22
292.0	64944	54	47	71521	53	4159	0	25
292.0	71380	31	36	71522	25	2387	606	21
292.0	67602	20	23	71523	16	376	2007	18
292.0	69178	33	38	71524	26	462	2132	22
292.0	67940	44	41	71525	43	1496	4899	17
292.0	69818	14	16	71526	11	237	3198	20
292.0	69278	45	50	71527	37	3404	1039	24
292.0	69469	33	32	71528	33	5289	3603	19
292.0	68822	8	9	71529	6	240	3266	17
292.0	67276	25	24	71530	25	1423	5492	18
292.0	68258	35	35	71531	35	348	2634	18
292.0	68892	34	29	71532	38	155	2978	23
292.0	69282	32	34	71533	29	1879	4467	13
292.0	71447	18	22	71534	13	461	2273	22
292.0	69375	16	16	71535	15	362	3211	22
292.0	69071	41	38	71536	42	1814	1310	13
292.0	67659	15	18	71537	11	193	3297	19
292.0	69424	14	13	71538	15	277	1979	22
292.0	70246	28	27	71539	29	414	3532	20
292.0	68337	46	43	71540	46	4718	4777	17
292.0	69190	29	32	71541	26	333	1967	23
292.0	67439	26	26	71542	26	3788	143	23
292.0	69089	40	31	71543	44	3710	1026	23
292.0	68444	24	21	71544	26	3802	1030	21
292.0	66794	47	46	71545	46	3508	598	20
292.0	68901	30	28	71546	28	28	1985	17
292.0	68254	39	40	71547	37	3032	861	24
292.0	69479	49	49	71548	46	4657	4401	22
292.0	67919	4	4	71549	3	331	3156	20
292.0	67359	37	30	71550	42	244	1471	19
292.0	70466	30	31	71551	29	5172	4219	21
292.0	68103	49	51	71552	47	1570	1431	23
292.0	69275	36	36	71553	35	4882	1370	22
292.0	68390	30	28	71554	32	4289	1163	23
292.0	68760	43	37	71555	45	4599	71	20
292.0	67833	20	22	71556	18	40	3066	21
292.0	67704	28	33	71557	22	1368	4360	16
292.0	67920	41	35	71558	40	3698	5449	17
292.0	69191	14	13	71559	13	149	2530	22
292.0	65943	51	56	71560	43	5048	3031	27
292.0	69913	48	48	71561	47	4958	1626	21
292.0	69207	42	45	71562	38	4151	720	24
292.0	67467	24	25	71563	22	2051	991	21
292.0	70315	21	23	71564	18	1161	1437	26
292.0	69268	40	45	71565	32	444	4400	19
292.0	66046	27	31	71566	22	420	2676	21
292.0	67767	22	22	71567	21	32	3267	22
292.0	68931	41	49	71568	32	246	2800	19
292.0	68736	31	30	71569	31	3709	563	23
292.0	66093	25	17	71570	31	1848	4521	18
292.0	69766	39	30	71571	45	4901	4320	22
292.0	66726	4	5	71572	3	540	3249	19
292.0	66419	60	46	71573	54	3376	332	23
292.0	66446	42	43	71574	39	4470	5029	21
292.0	67523	28	29	71575	27	450	3092	22
292.0	69696	40	38	71576	39	3103	577	20
292.0	68845	30	32	71577	26	255	2091	18
292.0	69735	38	38	71578	37	184	2171	20
292.0	69831	34	26	71579	41	348	3355	19
292.0	70999	23	22	71580	24	133	3090	19
292.0	68535	26	21	71581	31	972	4510	20
292.0	70284	32	28	71582	35	4450	4217	24
292.0	69350	11	11	71583	11	298	3089	14
292.0	68229	33	25	71584	39	537	1819	17
292.0	69391	29	30	71585	27	1082	1559	21
292.0	68898	31	35	71586	25	3361	1090	18
292.0	66422	20	19	71587	21	244	3147	17
292.0	71034	27	30	71588	23	980	1882	16
292.0	66974	25	21	71589	29	1421	4039	21
292.0	70285	21	29	71590	13	2341	4899	26
292.0	67967	29	29	71591	25	277	2361	21
292.0	69425	33	29	71592	34	531	3381	15
293.0	67282	44	42	71593	45	337	3337	16
293.0	67277	15	13	71594	16	224	2982	18
293.0	71311	35	29	71595	39	3787	4750	22
293.0	66110	9	9	71596	8	294	3223	17
293.0	67540	35	34	71597	33	1730	1426	15
293.0	65074	32	34	71598	29	3799	653	17
293.0	68267	7	10	71599	4	5130	2652	23
293.0	68553	43	48	71600	34	86	2463	20
293.0	69542	28	32	71601	23	5732	2819	24
293.0	67043	40	43	71602	34	661	4361	23
293.0	70775	14	9	71603	19	5446	3210	20
293.0	68619	19	13	71604	22	3034	623	24
293.0	69913	48	42	71605	52	4958	1626	22
293.0	70610	24	21	71606	27	2648	876	19
293.0	69278	50	45	71607	54	3404	1039	25
293.0	67686	44	46	71608	40	90	2417	21
293.0	66046	31	25	71609	31	420	2676	22
293.0	65722	26	30	71610	22	4280	5561	28
293.0	67817	27	25	71611	29	4461	4462	25
293.0	66960	34	32	71612	32	176	3422	21
293.0	67916	23	22	71613	24	481	1841	17
293.0	68000	35	34	71614	32	521	1667	20
293.0	69785	46	42	71615	48	1967	0	17
293.0	66703	36	38	71616	33	5165	2209	19
293.0	67843	41	39	71617	42	4557	1122	22
293.0	70163	15	16	71618	13	3193	4802	23
293.0	66001	22	23	71619	21	5251	2293	18
293.0	69024	12	11	71620	12	607	3661	23
293.0	67260	32	42	71621	22	101	2019	24
293.0	70028	32	28	71622	35	32	3661	17
293.0	68954	27	22	71623	30	970	4457	19
293.0	70258	15	16	71624	13	581	1838	16
293.0	69190	32	28	71625	36	333	1967	24
293.0	69338	26	21	71626	31	1208	1447	19
293.0	69590	40	37	71627	42	5411	49	27
293.0	66492	32	33	71628	28	194	3266	18
293.0	68875	17	12	71629	21	306	2217	18
293.0	67523	29	25	71630	29	450	3092	23
293.0	70023	12	17	71631	6	336	3098	23
293.0	65494	33	30	71632	34	4919	0	21
293.0	68145	32	24	71633	38	4230	4840	19
293.0	69469	32	27	71634	36	5289	3603	20
293.0	67542	52	52	71635	48	4673	5020	17
293.0	70315	23	27	71636	18	1161	1437	27
293.0	68691	52	50	71637	50	5312	2701	23
293.0	66465	44	45	71638	36	3791	5999	24
293.0	68822	9	9	71639	9	240	3266	18
293.0	68254	40	33	71640	45	3032	861	25
293.0	68482	36	29	71641	39	4499	858	23
293.0	71380	36	35	71642	35	2387	606	22
293.0	68321	33	30	71643	34	85	3540	24
293.0	68542	32	32	71644	32	5699	2256	22
293.0	66891	44	48	71645	39	817	1801	15
293.0	67750	42	40	71646	39	4889	1027	21
293.0	66683	21	20	71647	22	471	3690	22
293.0	68015	18	21	71648	13	2422	4818	25
293.0	65762	13	9	71649	17	879	3887	20
293.0	66179	33	27	71650	38	389	2810	20
293.0	68672	48	50	71651	44	4341	1201	21
293.0	67875	44	50	71652	35	760	1769	18
293.0	68450	18	20	71653	16	5128	4105	19
293.0	66794	46	40	71654	47	3508	598	21
293.0	69178	38	31	71655	44	462	2132	23
293.0	68491	40	34	71656	45	4151	960	26
293.0	70285	29	29	71657	27	2341	4899	27
293.0	68501	37	42	71658	29	387	2316	26
293.0	68462	20	20	71659	20	223	3274	19
293.0	69039	39	39	71660	38	5136	76	26
293.0	68169	10	12	71661	8	327	2581	22
293.0	70200	18	16	71662	20	2700	4699	28
293.0	68229	25	18	71663	29	556	1819	18
293.0	69320	17	13	71664	21	469	3291	24
293.0	68898	35	29	71665	40	3361	1090	19
293.0	69737	31	30	71666	31	902	1257	16
293.0	68911	25	24	71667	26	1361	1700	19
293.0	67439	26	25	71668	26	3788	143	24
293.0	64076	10	9	71669	11	154	2866	22
293.0	68533	25	22	71670	26	941	1598	19
293.0	66501	12	13	71671	11	3538	345	25
293.0	66459	33	36	71672	29	5160	3389	19
293.0	67046	19	17	71673	20	460	2899	20
293.0	67276	24	26	71674	22	1423	5492	19
293.0	67378	18	13	71675	18	5220	3178	22
293.0	64183	41	46	71676	32	5302	3738	27
293.0	67429	36	34	71677	34	848	2070	14
293.0	69831	26	22	71678	29	348	3355	20
293.0	70221	34	38	71679	29	3618	399	20
293.0	69250	11	11	71680	11	66	2544	23
293.0	70481	35	35	71681	34	4427	4936	26
293.0	70652	31	29	71682	30	520	2690	21
293.0	68307	35	38	71683	32	3433	470	17
293.0	70161	22	24	71684	18	2971	861	24
293.0	68835	23	26	71685	19	593	1774	16
293.0	68339	21	25	71686	16	379	2288	21
293.0	68011	13	14	71687	12	309	3065	14
293.0	68303	41	37	71688	41	588	3778	22
293.0	69339	40	37	71689	39	598	1997	16
293.0	67047	21	20	71690	22	402	3078	17
293.0	68578	37	38	71691	35	244	3856	23
293.0	66027	33	26	71692	38	5191	3965	25
293.0	65676	21	19	71693	21	0	2560	20
293.0	68287	40	35	71694	43	4321	1178	22
293.0	70601	12	13	71695	10	24	3163	25
293.0	69043	28	25	71696	29	5191	3983	26
293.0	67359	30	27	71697	33	244	1471	20
293.0	70220	34	35	71698	31	201	2690	21
293.0	70577	31	26	71699	36	2961	4680	23
293.0	70663	51	47	71700	51	4670	5114	20
293.0	68198	20	15	71701	25	195	2879	18
293.0	65953	6	6	71702	6	5108	3526	19
293.0	68484	23	24	71703	21	1621	1292	22
293.0	68183	41	46	71704	35	117	2966	21
293.0	67873	35	36	71705	31	5349	1512	20
293.0	70551	29	25	71706	29	389	2689	20
293.0	68845	32	29	71707	33	182	2085	19
293.0	68520	32	28	71708	35	215	2478	29
293.0	67603	28	25	71709	28	350	2306	19
293.0	67839	23	23	71710	23	4518	1500	20
293.0	70642	24	29	71711	19	234	3469	21
293.0	67684	20	21	71712	19	4850	1332	19
293.0	68527	47	49	71713	41	4408	1052	24
293.0	67833	22	23	71714	20	40	3066	22
293.0	68817	39	43	71715	34	5231	2044	23
293.0	66818	38	42	71716	32	3204	899	21
294.0	67359	27	25	71717	28	244	1471	21
294.0	67249	19	16	71718	22	4152	4559	24
294.0	70626	32	31	71719	32	223	2706	24
294.0	69932	27	27	71720	26	12	2835	20
294.0	70991	37	23	71721	47	4107	4772	22
294.0	67322	23	27	71722	18	0	3180	21
294.0	70285	29	32	71723	24	2341	4899	28
294.0	69150	8	8	71724	8	4534	1290	20
294.0	67598	16	15	71725	17	4709	1121	20
294.0	67346	42	53	71726	28	10	2179	19
294.0	68624	32	35	71727	29	922	1182	15
294.0	66272	34	22	71728	44	215	1727	20
294.0	67043	43	38	71729	47	661	4361	24
294.0	67603	25	24	71730	26	350	2306	20
294.0	67921	24	26	71731	19	741	1636	16
294.0	69084	24	25	71732	21	3361	1072	17
294.0	68906	17	16	71733	18	4759	1621	21
294.0	68542	32	26	71734	36	5699	2256	23
294.0	69789	31	31	71735	29	339	1997	25
294.0	69884	12	11	71736	12	96	2717	21
294.0	67708	19	20	71737	17	388	2759	19
294.0	70158	30	31	71738	27	5117	2923	23
294.0	68825	22	19	71739	25	5260	3379	17
294.0	67268	53	52	71740	48	0	1722	20
294.0	68205	16	14	71741	18	5299	1426	23
294.0	69205	28	26	71742	25	33	3311	21
294.0	69209	28	31	71743	22	484	2232	18
294.0	68416	9	7	71744	10	5158	2607	25
294.0	69337	36	40	71745	30	5839	3317	19
294.0	68981	31	29	71746	32	1228	4101	18
294.0	68630	15	13	71747	14	5406	2133	22
294.0	68875	12	9	71748	14	306	2217	19
294.0	68407	24	24	71749	23	1568	4219	15
294.0	66916	40	37	71750	41	5999	3959	20
294.0	67356	21	17	71751	23	767	1730	19
294.0	68554	38	36	71752	40	1298	4308	23
294.0	65839	26	23	71753	28	4159	448	27
294.0	67875	50	43	71754	51	760	1769	19
294.0	68527	49	57	71755	41	4408	1052	25
294.0	67395	18	18	71756	18	101	3040	22
294.0	65953	6	6	71757	6	5108	3526	20
294.0	69598	10	10	71758	10	181	2760	25
294.0	68184	19	15	71759	19	5198	3483	21
294.0	67540	34	33	71760	32	1730	1426	16
294.0	68907	30	30	71761	27	144	4043	16
294.0	70035	25	23	71762	25	74	3250	21
294.0	68599	24	23	71763	22	320	3050	17
294.0	68632	35	32	71764	35	343	2231	21
294.0	68043	43	47	71765	37	280	2842	21
294.0	70612	23	25	71766	21	5268	3410	22
294.0	69190	28	21	71767	33	333	1967	25
294.0	68287	35	39	71768	30	4321	1178	23
294.0	71189	35	36	71769	34	604	1851	16
294.0	69035	30	32	71770	26	1299	4560	18
294.0	70610	21	19	71771	21	2648	876	20
294.0	66406	17	15	71772	18	5158	2381	22
294.0	67860	28	33	71773	22	2401	1401	20
294.0	67390	21	22	71774	20	26	3508	19
294.0	68181	27	27	71775	24	4203	4390	26
294.0	68031	21	15	71776	27	2560	1196	19
294.0	67677	29	29	71777	28	1109	1191	20
294.0	68740	42	41	71778	41	240	2830	17
294.0	67411	19	18	71779	20	3892	1161	17
294.0	67326	11	8	71780	14	3800	4799	19
294.0	70077	48	46	71781	50	3614	494	24
294.0	71380	35	30	71782	37	2387	606	23
294.0	68651	21	21	71783	19	196	2970	19
294.0	69173	22	20	71784	24	730	4255	20
294.0	64076	9	7	71785	10	154	2866	23
294.0	66661	15	15	71786	13	58	2997	17
294.0	66001	23	30	71787	16	5251	2293	19
294.0	67662	37	31	71788	37	4042	5757	17
294.0	70386	48	49	71789	45	4876	1120	21
294.0	68301	27	24	71790	30	4781	1287	18
294.0	68717	41	45	71791	35	4721	899	21
294.0	65299	18	21	71792	15	1957	1310	23
294.0	66035	33	31	71793	34	352	1949	20
294.0	68022	40	33	71794	44	300	2783	21
294.0	67542	52	61	71795	38	4673	5020	18
294.0	67429	34	37	71796	28	848	2070	15
294.0	67907	56	53	71797	47	5068	4034	18
294.0	69750	29	28	71798	28	4880	355	25
294.0	68975	10	13	71799	7	196	3040	13
294.0	67595	11	14	71800	8	1024	4267	22
294.0	68911	24	22	71801	25	1361	1700	20
294.0	66819	39	39	71802	37	4802	4566	21
294.0	68487	17	16	71803	18	4272	1098	25
294.0	69734	31	33	71804	25	541	1866	18
294.0	68982	21	18	71805	23	1660	1339	17
294.0	69094	31	32	71806	28	30	2285	22
294.0	69327	25	22	71807	26	3581	4581	19
294.0	68920	40	39	71808	37	201	1119	17
294.0	68386	22	23	71809	18	74	2004	24
294.0	69822	42	49	71810	35	5318	1525	19
294.0	70105	17	16	71811	17	272	3180	18
294.0	69282	34	33	71812	33	1879	4467	14
294.0	70798	36	32	71813	39	4666	164	24
294.0	68423	40	44	71814	35	5341	23	24
294.0	64927	44	50	71815	37	1062	4771	16
294.0	67621	39	45	71816	31	470	1772	19
294.0	69325	31	32	71817	30	1043	3830	17
294.0	67276	26	32	71818	19	1423	5492	20
294.0	69642	30	31	71819	25	4178	4671	19
294.0	70261	33	28	71820	36	1037	1221	19
294.0	69270	46	41	71821	46	3106	763	18
294.0	67282	42	49	71822	33	337	3337	17
294.0	69952	16	17	71823	14	5195	2282	19
294.0	68707	27	33	71824	21	981	1565	19
294.0	68015	21	21	71825	17	2422	4818	26
294.0	70474	41	41	71826	36	272	3313	21
294.0	66601	28	29	71827	27	4405	1009	22
294.0	70265	43	41	71828	42	5070	3725	22
294.0	70089	33	28	71829	36	479	2619	19
294.0	66474	29	29	71830	27	5677	2658	20
294.0	69706	22	27	71831	16	5259	4124	23
294.0	69382	38	37	71832	37	34	2839	20
294.0	71271	9	10	71833	8	154	3118	20
294.0	68413	39	37	71834	38	5339	718	19
294.0	68967	35	28	71835	40	146	2594	18
294.0	68553	48	35	71836	59	86	2463	21
294.0	70410	37	37	71837	34	5947	2530	22
294.0	69717	25	21	71838	27	5287	1478	22
294.0	69735	38	39	71839	37	184	2171	21
295.0	68603	16	15	71840	16	511	3360	22
295.0	68870	28	28	71841	28	4562	4109	19
295.0	69766	30	31	71842	28	4901	4320	23
295.0	67546	52	58	71843	42	5339	480	23
295.0	70443	27	30	71844	23	1164	5608	16
295.0	70991	23	16	71845	28	4107	4772	23
295.0	68288	37	38	71846	35	836	1031	16
295.0	68826	27	24	71847	28	5251	1519	22
295.0	69441	7	8	71848	5	5181	2533	21
295.0	66690	15	17	71849	13	4068	4529	24
295.0	69128	30	22	71850	36	3240	737	30
295.0	66035	31	37	71851	25	352	1949	21
295.0	68676	37	33	71852	39	3270	5103	18
295.0	67571	23	25	71853	20	2340	4781	23
295.0	64183	46	38	71854	52	5302	3738	28
295.0	69273	13	17	71855	8	2547	4640	24
295.0	70372	30	25	71856	32	1322	4870	17
295.0	66337	12	11	71857	13	46	2974	17
295.0	64927	50	51	71858	46	1062	4771	17
295.0	67482	34	33	71859	33	620	2177	16
295.0	67663	36	31	71860	40	115	2509	24
295.0	69880	31	21	71861	40	4840	3088	20
295.0	69002	10	10	71862	10	442	3251	21
295.0	66536	54	61	71863	39	1616	736	17
295.0	68645	25	26	71864	24	925	4862	21
295.0	69659	21	23	71865	19	5363	2218	18
295.0	68881	18	15	71866	20	651	1780	15
295.0	69275	36	34	71867	36	4882	1370	23
295.0	70220	35	43	71868	26	201	2690	22
295.0	68806	28	26	71869	28	469	2870	25
295.0	65624	35	31	71870	38	1759	4382	17
295.0	66801	40	43	71871	34	1170	1667	18
295.0	68022	33	31	71872	34	300	2783	22
295.0	69707	25	17	71873	33	5034	1801	21
295.0	70285	32	22	71874	38	2341	4899	29
295.0	69761	35	34	71875	36	4089	417	24
295.0	66870	27	25	71876	29	4676	36	24
295.0	71465	37	43	71877	30	4079	954	25
295.0	68554	36	32	71878	38	1298	4308	24
295.0	69317	21	21	71879	19	75	3569	18
295.0	68444	21	18	71880	24	3802	1030	22
295.0	67046	17	15	71881	17	460	2899	21
295.0	69494	19	20	71882	18	1853	4430	19
295.0	70523	15	20	71883	10	167	3242	19
295.0	67307	42	36	71884	48	5922	1276	18
295.0	69947	19	16	71885	22	1274	5441	16
295.0	68691	50	44	71886	52	5312	2701	24
295.0	67342	12	11	71887	13	780	3551	23
295.0	69402	10	9	71888	11	2131	801	24
295.0	69578	51	46	71889	54	5233	2799	22
295.0	69323	22	20	71890	23	157	3627	21
295.0	70430	33	41	71891	24	3399	529	16
295.0	67822	20	18	71892	22	2715	812	19
295.0	67864	13	16	71893	10	103	2753	22
295.0	69181	35	34	71894	36	3707	4680	18
295.0	69553	28	27	71895	28	2823	859	19
295.0	70357	10	11	71896	9	36	3136	23
295.0	67758	8	7	71897	9	5051	3583	25
295.0	67417	19	19	71898	16	5138	3538	18
295.0	69035	32	36	71899	26	1299	4560	19
295.0	65723	17	11	71900	20	0	3264	21
295.0	68561	43	38	71901	46	4708	445	24
295.0	67360	25	27	71902	21	424	2232	21
295.0	70873	50	48	71903	49	4236	5538	20
295.0	70883	12	8	71904	16	346	3269	22
295.0	68819	13	15	71905	10	2490	4613	21
295.0	70944	30	23	71906	34	161	3028	21
295.0	67834	50	41	71907	59	5403	3660	21
295.0	67558	27	26	71908	26	630	1970	18
295.0	67103	36	35	71909	35	5232	4720	18
295.0	67016	41	44	71910	36	4486	4529	18
295.0	68205	14	7	71911	20	5299	1426	24
295.0	67256	20	25	71912	13	117	3197	14
295.0	69445	22	26	71913	17	62	3226	20
295.0	68880	15	14	71914	14	35	3112	19
295.0	66216	30	34	71915	25	88	1900	16
295.0	67814	44	40	71916	47	668	3511	22
295.0	69614	25	26	71917	24	5200	1372	22
295.0	68963	31	28	71918	33	720	1875	20
295.0	67793	14	12	71919	16	1363	4390	17
295.0	69496	31	26	71920	36	387	1976	15
295.0	65812	27	26	71921	27	3580	4658	19
295.0	68540	9	10	71922	8	93	3157	18
295.0	66737	33	37	71923	28	252	2562	26
295.0	67569	21	20	71924	20	5519	3538	22
295.0	69735	39	31	71925	45	118	2255	22
295.0	69257	58	39	71926	61	5999	1893	18
295.0	67326	8	7	71927	8	3800	4799	20
295.0	68393	33	31	71928	30	186	1751	24
295.0	70092	35	34	71929	33	5536	2731	22
295.0	69289	36	33	71930	36	3158	5142	19
295.0	68015	21	18	71931	23	2462	4864	27
295.0	68852	26	21	71932	30	34	2580	21
295.0	69147	23	21	71933	24	219	2248	20
295.0	67775	32	40	71934	23	3630	826	22
295.0	68031	15	21	71935	9	2560	1196	20
295.0	69802	14	13	71936	12	1960	1570	23
295.0	70145	49	38	71937	59	3649	1170	21
295.0	69509	45	36	71938	50	5159	4712	22
295.0	69579	22	19	71939	24	588	2083	21
295.0	70656	27	24	71940	29	3318	837	24
295.0	68101	25	26	71941	24	62	2740	19
295.0	70213	21	20	71942	22	5172	3496	21
295.0	67542	61	46	71943	54	4673	5020	19
295.0	70642	29	33	71944	24	234	3469	22
295.0	69945	24	18	71945	25	53	2505	19
295.0	67282	49	43	71946	54	337	3337	18
295.0	68737	33	38	71947	27	268	3035	19
295.0	68107	14	13	71948	13	5157	2331	21
295.0	67091	12	12	71949	9	5185	3909	17
295.0	66329	19	20	71950	16	4352	5150	29
296.0	69712	41	39	71951	40	333	2648	21
296.0	70851	27	28	71952	24	3882	4722	21
296.0	67098	53	54	71953	46	4522	4641	18
296.0	70088	19	18	71954	18	494	1827	17
296.0	69790	36	37	71955	31	266	2402	19
296.0	67260	42	37	71956	46	101	2019	25
296.0	69698	47	45	71957	47	4621	814	23
296.0	65075	47	45	71958	46	4350	5357	23
296.0	69966	56	58	71959	42	5093	765	29
296.0	67282	43	46	71960	37	337	3337	19
296.0	70691	20	22	71961	17	5248	3206	19
296.0	69225	27	24	71962	28	4295	538	21
296.0	69340	31	36	71963	24	72	2825	19
296.0	68790	21	23	71964	19	84	2916	16
296.0	69304	30	26	71965	32	2867	4801	24
296.0	69707	17	15	71966	18	5034	1801	22
296.0	70876	7	5	71967	8	460	3363	19
296.0	67546	58	48	71968	52	5339	480	24
296.0	69696	38	26	71969	47	3092	498	21
296.0	69420	32	24	71970	36	39	2320	23
296.0	69164	17	20	71971	13	2670	4745	21
296.0	69885	18	15	71972	20	4840	4360	19
296.0	68461	31	33	71973	27	4954	1509	20
296.0	67025	36	32	71974	39	709	701	21
296.0	67528	31	30	71975	29	5492	3387	19
296.0	68803	32	35	71976	28	4210	4746	22
296.0	69995	25	26	71977	24	273	3051	18
296.0	68325	17	15	71978	19	272	3383	18
296.0	66737	37	39	71979	34	252	2562	27
296.0	68474	25	23	71980	26	4711	4384	19
296.0	68253	41	39	71981	42	212	1977	23
296.0	67341	12	10	71982	11	5179	2130	24
296.0	68620	43	46	71983	39	2123	1073	23
296.0	70867	40	39	71984	39	1963	610	23
296.0	70256	24	25	71985	22	231	2812	22
296.0	69188	19	17	71986	20	5300	1521	18
296.0	67810	32	38	71987	23	32	2505	17
296.0	69614	26	28	71988	22	5200	1372	23
296.0	68015	18	15	71989	21	2500	4902	28
296.0	65194	33	31	71990	32	1130	4156	22
296.0	69299	22	19	71991	24	1023	4138	20
296.0	67036	24	22	71992	26	164	2596	18
296.0	69953	37	36	71993	38	4737	5578	21
296.0	68464	7	8	71994	6	5160	2653	24
296.0	69469	27	19	71995	33	5289	3603	21
296.0	66690	17	18	71996	16	4068	4529	25
296.0	70109	10	8	71997	11	5303	2389	20
296.0	69699	32	30	71998	29	5923	4059	25
296.0	66329	20	14	71999	26	4352	5150	30
296.0	69249	25	25	72000	25	340	2358	17
296.0	70563	25	24	72001	25	226	2196	20
296.0	70641	51	45	72002	54	5999	2430	18
296.0	70032	18	16	72003	19	154	2913	22
296.0	69349	26	24	72004	25	50	2506	24
296.0	68255	29	24	72005	33	247	3376	17
296.0	66749	33	34	72006	31	57	2758	20
296.0	69579	19	16	72007	22	588	2083	22
296.0	69552	15	17	72008	10	2813	4700	27
296.0	69291	44	41	72009	45	502	3311	25
296.0	69326	11	8	72010	13	599	2370	19
296.0	68805	20	16	72011	24	5264	2260	19
296.0	67318	52	51	72012	48	5889	2468	23
296.0	69726	15	12	72013	18	422	3190	20
296.0	68223	34	37	72014	30	311	2570	21
296.0	67908	18	18	72015	18	90	2572	21
296.0	69374	10	8	72016	9	1001	3720	21
296.0	69401	25	30	72017	18	137	1945	20
296.0	65385	36	32	72018	39	1868	4661	19
296.0	69761	34	30	72019	38	4089	417	25
296.0	69957	55	46	72020	54	5390	4504	22
296.0	67628	10	12	72021	8	314	2739	18
296.0	71164	34	34	72022	31	1667	587	17
296.0	70092	34	31	72023	36	5536	2731	23
296.0	66786	22	16	72024	28	0	3661	17
296.0	67817	25	20	72025	30	4461	4462	26
296.0	69324	15	15	72026	13	114	2556	19
296.0	69181	34	33	72027	33	3707	4680	19
296.0	64867	19	19	72028	18	614	1267	20
296.0	69000	41	39	72029	38	5980	4735	20
296.0	67542	46	38	72030	53	4673	5020	20
296.0	68512	20	21	72031	18	373	2530	18
296.0	67324	8	9	72032	7	5112	2498	23
296.0	68764	8	8	72033	8	242	3123	17
296.0	66419	46	42	72034	48	3376	332	24
296.0	65565	38	39	72035	36	5785	2831	24
296.0	69200	39	42	72036	34	34	3082	17
296.0	69318	40	42	72037	36	136	2794	23
296.0	70246	27	22	72038	27	414	3532	21
296.0	70959	33	38	72039	25	422	3572	17
296.0	69421	39	32	72040	43	5951	110	24
296.0	67603	24	17	72041	29	350	2306	21
296.0	68495	19	16	72042	21	2634	852	21
296.0	69731	14	14	72043	11	362	3180	19
296.0	68881	15	19	72044	9	651	1780	16
296.0	70360	19	16	72045	20	990	4054	21
296.0	70150	15	16	72046	14	3232	685	23
296.0	71096	38	40	72047	35	241	3351	20
296.0	69046	39	29	72048	45	3379	957	24
296.0	69961	30	35	72049	23	3717	5999	18
296.0	68527	57	41	72050	59	4408	1052	26
297.0	67932	17	19	72051	12	171	2521	25
297.0	67902	34	37	72052	29	171	2359	21
297.0	69742	28	27	72053	29	540	2006	16
297.0	70571	41	37	72054	43	4815	1200	21
297.0	69349	24	20	72055	28	50	2506	25
297.0	67799	25	31	72056	18	570	1827	16
297.0	70475	27	25	72057	28	238	2694	22
297.0	70278	36	34	72058	37	5406	337	25
297.0	69046	29	29	72059	27	3379	957	25
297.0	71096	40	39	72060	40	241	3351	21
297.0	66119	27	23	72061	30	149	2668	17
297.0	68037	28	23	72062	31	4525	4581	19
297.0	68805	16	19	72063	12	5264	2260	20
297.0	64867	19	22	72064	16	614	1267	21
297.0	65174	41	33	72065	49	2313	882	20
297.0	69473	24	20	72066	27	70	3028	21
297.0	69025	40	42	72067	37	5048	534	25
297.0	69567	42	38	72068	44	679	2052	14
297.0	69596	22	25	72069	18	1049	4132	20
297.0	67519	23	19	72070	25	3310	902	27
297.0	70406	30	26	72071	32	1159	3998	26
297.0	68829	19	16	72072	21	2425	5668	22
297.0	68641	40	36	72073	43	71	3105	22
297.0	68535	21	18	72074	24	972	4510	21
297.0	67327	22	29	72075	11	172	2636	19
297.0	66955	7	10	72076	4	5487	2251	22
297.0	70570	21	18	72077	24	300	2010	20
297.0	69044	42	42	72078	40	11	2769	20
297.0	70235	26	25	72079	26	5405	2101	22
297.0	69912	44	34	72080	52	5013	1719	19
297.0	69580	23	22	72081	22	621	1802	17
297.0	65295	17	13	72082	21	348	2158	20
297.0	69642	31	24	72083	36	4178	4671	20
297.0	67904	18	17	72084	18	571	2034	14
297.0	66492	33	38	72085	27	194	3266	19
297.0	70836	21	19	72086	21	549	1087	22
297.0	65723	11	14	72087	8	0	3264	22
297.0	70064	17	17	72088	15	520	1801	16
297.0	66647	30	35	72089	23	4551	1371	25
297.0	70092	31	35	72090	24	5536	2731	24
297.0	68046	21	26	72091	14	290	2542	22
297.0	70231	36	36	72092	34	1099	4467	16
297.0	68489	38	32	72093	42	4259	4707	20
297.0	67271	29	35	72094	22	367	3248	20
297.0	67881	26	28	72095	23	1066	4340	18
297.0	66846	13	15	72096	11	5179	3541	19
297.0	65623	34	30	72097	36	5999	2704	21
297.0	70150	16	18	72098	13	3282	699	24
297.0	68446	16	15	72099	17	216	2547	23
297.0	69956	30	31	72100	27	266	2387	20
297.0	70305	23	28	72101	16	331	1901	22
297.0	69720	32	25	72102	37	144	3390	20
297.0	69291	41	37	72103	42	502	3311	26
297.0	69790	37	35	72104	35	266	2402	20
297.0	63770	11	13	72105	9	36	3152	25
297.0	70552	43	42	72106	44	5028	3430	20
297.0	68063	20	16	72107	23	262	2918	20
297.0	69076	32	34	72108	28	4709	4008	20
297.0	69324	15	20	72109	10	114	2556	20
297.0	70369	8	8	72110	8	2951	4857	24
297.0	69887	32	35	72111	26	360	2446	18
297.0	70589	30	27	72112	30	89	2992	22
297.0	68106	40	33	72113	45	271	2695	22
297.0	70959	38	40	72114	35	422	3572	18
297.0	69824	47	43	72115	50	5537	392	24
297.0	69003	24	22	72116	25	3519	924	23
297.0	69289	33	32	72117	32	3158	5142	20
297.0	68715	28	28	72118	28	5154	2629	19
297.0	71435	16	20	72119	11	660	4078	23
297.0	67848	26	25	72120	27	25	2616	20
297.0	69498	38	38	72121	35	5556	2710	20
297.0	70767	52	51	72122	49	4897	4781	17
297.0	65172	29	25	72123	29	5743	4114	27
297.0	65264	16	19	72124	12	271	2461	23
297.0	66163	11	10	72125	11	4887	1728	21
297.0	69479	49	50	72126	47	4657	4401	23
297.0	68834	25	26	72127	24	1377	1380	17
297.0	69387	26	26	72128	23	4180	4562	24
297.0	67941	12	7	72129	17	93	2965	16
297.0	69677	26	22	72130	29	4046	4811	21
297.0	68917	30	32	72131	28	96	2243	21
297.0	70612	25	26	72132	23	5340	3409	23
297.0	70303	50	52	72133	44	712	4543	18
297.0	67528	30	28	72134	30	5492	3387	20
297.0	69568	33	34	72135	30	5124	1737	19
297.0	67605	18	19	72136	16	420	2515	17
297.0	71145	29	24	72137	34	80	2806	17
297.0	69065	17	19	72138	15	1621	1327	19
297.0	70184	17	11	72139	22	179	2041	22
297.0	69322	20	20	72140	19	340	2358	18
297.0	69579	16	14	72141	17	588	2083	23
297.0	65565	39	35	72142	42	5785	2831	25
297.0	70167	30	36	72143	22	5459	2581	21
297.0	67190	46	44	72144	45	5192	3814	23
297.0	68474	23	26	72145	20	4711	4384	20
297.0	69359	53	52	72146	48	1087	4511	16
297.0	69993	31	29	72147	29	4922	2178	18
297.0	67235	26	25	72148	26	707	1757	15
297.0	68110	51	40	72149	59	1088	1086	17
297.0	68940	35	36	72150	30	1090	4571	18
297.0	67542	38	42	72151	32	4673	5020	21
297.0	65529	12	9	72152	14	194	2622	19
297.0	68730	15	14	72153	14	5539	3343	20
297.0	70012	24	22	72154	25	1351	4222	18
297.0	68107	13	6	72155	20	5157	2331	22
297.0	69629	11	9	72156	13	264	2992	18
297.0	67664	24	17	72157	30	1243	1428	15
297.0	68788	44	35	72158	49	142	2164	20
297.0	68824	43	42	72159	42	5029	1321	23
297.0	67084	32	29	72160	34	5506	4289	17
297.0	70200	16	12	72161	18	2700	4699	29
297.0	68938	31	32	72162	30	1459	4297	16
297.0	69509	36	33	72163	35	5159	4712	23
297.0	69097	17	12	72164	22	247	2219	21
297.0	69403	28	27	72165	27	325	3539	20
297.0	71447	22	20	72166	24	461	2273	23
297.0	66962	23	22	72167	24	4522	1162	21
297.0	71267	18	20	72168	16	5302	3259	21
297.0	66158	16	20	72169	12	4669	1353	23
297.0	66387	14	12	72170	15	3651	4579	22
297.0	68996	37	41	72171	32	453	2520	18
297.0	71460	32	37	72172	25	1179	1284	26
297.0	68949	17	18	72173	15	490	2679	18
297.0	67603	17	18	72174	16	350	2306	22
297.0	71465	43	39	72175	46	4079	954	26
297.0	70656	24	26	72176	22	3318	837	25
297.0	68812	35	28	72177	42	5633	2640	25
297.0	68501	42	48	72178	34	387	2316	27
297.0	71289	37	36	72179	37	4566	713	26
298.0	71460	37	37	72180	33	1179	1284	27
298.0	69704	14	14	72181	12	193	2323	25
298.0	70066	46	47	72182	44	4920	2927	19
298.0	69690	40	39	72183	40	5468	4766	25
298.0	66250	29	25	72184	32	5253	1458	20
298.0	70214	37	36	72185	36	5579	3351	18
298.0	71187	35	32	72186	36	1150	1168	17
298.0	70130	33	41	72187	25	4653	898	21
298.0	69130	42	37	72188	45	322	4218	17
298.0	66849	20	20	72189	18	21	2866	21
298.0	67258	19	10	72190	27	104	2226	27
298.0	70533	19	18	72191	19	5254	3332	21
298.0	70403	22	23	72192	19	1063	4597	21
298.0	68928	13	6	72193	20	2203	5360	24
298.0	68954	22	22	72194	21	970	4457	20
298.0	68996	41	31	72195	51	453	2520	19
298.0	68570	41	39	72196	42	5036	5393	26
298.0	64873	37	38	72197	34	561	2174	18
298.0	64546	15	13	72198	15	2342	619	23
298.0	68869	49	53	72199	43	5069	785	20
298.0	69642	24	20	72200	28	4178	4671	21
298.0	66119	23	20	72201	24	149	2668	18
298.0	69451	42	41	72202	41	5217	4423	22
298.0	69039	39	41	72203	35	5034	70	27
298.0	69956	31	30	72204	30	266	2387	21
298.0	69003	22	27	72205	15	3519	924	24
298.0	66807	39	42	72206	32	3811	4778	22
298.0	69334	21	23	72207	19	5182	4073	23
298.0	69429	18	19	72208	17	239	3098	17
298.0	70027	24	28	72209	19	171	2269	18
298.0	67979	28	28	72210	28	527	2250	20
298.0	69749	26	21	72211	29	5439	3739	18
298.0	68037	23	21	72212	23	4589	4567	20
298.0	68650	20	16	72213	24	337	2390	22
298.0	70294	19	12	72214	24	3338	4730	28
298.0	69966	58	45	72215	55	5093	765	30
298.0	68028	38	37	72216	39	4672	4699	18
298.0	69530	9	11	72217	7	2743	4779	23
298.0	66955	10	6	72218	12	5487	2251	23
298.0	68860	26	23	72219	28	2759	4669	23
298.0	68649	14	16	72220	12	444	3713	20
298.0	66600	33	33	72221	31	2931	5144	23
298.0	70216	32	32	72222	30	343	3390	23
298.0	65309	45	43	72223	45	2120	5578	23
298.0	70070	17	16	72224	16	453	2159	15
298.0	70432	11	13	72225	8	216	2668	22
298.0	70030	17	18	72226	15	3380	51	25
298.0	69243	14	11	72227	17	5051	3563	22
298.0	69745	35	36	72228	33	2589	5759	26
298.0	67488	20	21	72229	19	624	1351	18
298.0	69473	20	17	72230	23	70	3028	22
298.0	69769	19	19	72231	17	331	3076	21
298.0	67528	28	31	72232	24	5492	3387	21
298.0	67390	22	22	72233	21	26	3508	20
298.0	65299	21	23	72234	19	1957	1310	24
298.0	67035	17	18	72235	16	403	2478	24
298.0	69472	32	33	72236	30	361	1761	19
298.0	66387	12	10	72237	14	3651	4579	23
298.0	68940	36	30	72238	38	1090	4571	19
298.0	68811	30	26	72239	32	1663	930	17
298.0	70772	31	34	72240	26	397	3300	23
298.0	68491	34	36	72241	31	4151	960	27
298.0	69983	37	35	72242	33	4667	936	23
298.0	68814	18	19	72243	17	178	2706	14
298.0	70990	38	34	72244	40	1931	1179	12
298.0	69616	18	22	72245	14	5162	3580	22
298.0	70798	32	37	72246	24	4666	164	25
298.0	69558	30	28	72247	28	140	3134	18
298.0	70248	22	18	72248	24	358	2191	24
298.0	69993	29	27	72249	29	4890	2240	19
298.0	68958	51	57	72250	42	5357	4406	21
298.0	69260	17	17	72251	17	3139	4718	21
298.0	69113	23	24	72252	21	5927	4418	27
298.0	68769	25	22	72253	27	5087	3997	24
298.0	69265	23	19	72254	26	4694	1390	18
298.0	70058	50	54	72255	44	51	5003	20
298.0	71267	20	18	72256	21	5302	3259	22
298.0	69038	20	20	72257	19	2719	1229	20
298.0	68462	20	15	72258	23	223	3274	20
298.0	70320	19	21	72259	17	518	2221	20
298.0	72159	42	40	72260	43	5050	1321	24
298.0	68046	26	27	72261	23	290	2542	23
298.0	68667	23	24	72262	22	321	2277	21
298.0	70085	17	20	72263	11	2858	4959	27
298.0	69341	29	31	72264	26	1182	1362	20
298.0	67157	29	30	72265	28	21	2321	24
298.0	70025	16	18	72266	13	79	2977	15
298.0	67621	45	38	72267	49	470	1772	20
298.0	69520	41	40	72268	39	4837	4428	23
298.0	69698	45	44	72269	43	4621	814	24
298.0	70280	12	11	72270	11	5196	3541	19
298.0	70367	40	48	72271	31	5617	3886	19
298.0	68492	24	28	72272	20	641	3944	21
298.0	69479	50	48	72273	49	4657	4401	24
298.0	68450	20	25	72274	15	5128	4105	20
298.0	70363	21	18	72275	23	370	3329	22
298.0	66304	59	56	72276	44	3940	1058	17
298.0	68523	18	18	72277	16	520	3171	17
298.0	67005	48	42	72278	52	1072	4627	18
298.0	69349	20	24	72279	16	50	2506	26
298.0	65462	28	21	72280	35	5379	1097	23
298.0	71096	39	40	72281	35	241	3351	22
298.0	70848	34	21	72282	45	289	2040	23
298.0	68173	26	22	72283	29	5037	2440	22
298.0	69097	12	8	72284	16	247	2219	22
298.0	69507	42	42	72285	41	4680	3830	22
298.0	68796	17	19	72286	15	125	3173	18
298.0	69397	33	33	72287	33	5467	1362	20
298.0	70305	28	33	72288	23	331	1901	23
298.0	68866	30	34	72289	26	4888	19	20
298.0	66305	25	24	72290	25	82	2090	22
298.0	69328	22	26	72291	17	307	2506	22
298.0	70659	39	33	72292	44	5516	1391	20
298.0	66919	40	46	72293	33	5418	1415	19
298.0	70200	12	13	72294	10	2700	4699	30
298.0	69107	35	36	72295	34	123	2808	17
298.0	70824	39	38	72296	38	1674	756	17
298.0	70101	37	40	72297	32	853	3840	25
298.0	69308	20	21	72298	19	5222	3233	21
298.0	68018	24	14	72299	32	121	2286	21
298.0	69647	21	20	72300	20	27	2988	16
298.0	70485	32	33	72301	31	58	2637	24
298.0	67706	30	23	72302	32	5627	2838	25
298.0	69785	42	40	72303	42	1967	0	18
298.0	70358	19	24	72304	14	13	2715	17
298.0	67823	9	6	72305	12	451	3210	20
298.0	69914	18	14	72306	22	112	3288	20
298.0	70143	12	12	72307	12	661	3619	20
298.0	68788	35	36	72308	32	142	2164	21
298.0	69725	27	25	72309	28	3811	4759	21
298.0	69161	42	46	72310	36	300	2422	23
298.0	70321	23	19	72311	25	340	2714	18
298.0	68168	46	48	72312	40	564	2211	16
298.0	69700	48	38	72313	56	5022	607	20
298.0	69040	36	33	72314	37	448	1832	16
298.0	69742	27	29	72315	23	540	2006	17
298.0	70459	10	12	72316	8	344	2538	20
298.0	67327	29	28	72317	29	172	2636	20
298.0	68808	6	7	72318	5	2984	4869	24
298.0	71145	24	21	72319	27	63	2806	18
298.0	71350	17	9	72320	24	770	3706	22
298.0	69776	28	27	72321	28	1958	1218	23
298.0	67590	34	33	72322	34	2369	606	21
298.0	69802	13	16	72323	10	1960	1570	24
298.0	68913	28	37	72324	19	4081	996	20
298.0	69217	28	20	72325	35	5046	3991	24
299.0	71886	52	46	72326	52	5216	2470	25
299.0	67823	6	7	72327	5	451	3210	21
299.0	68987	10	9	72328	11	5130	2551	22
299.0	70467	27	31	72329	23	145	3071	20
299.0	68513	49	52	72330	45	3986	5190	17
299.0	69207	45	53	72331	35	4151	720	25
299.0	70256	25	24	72332	26	231	2812	23
299.0	67920	35	35	72333	33	3698	5449	18
299.0	69148	17	17	72334	17	5052	3630	22
299.0	67820	18	18	72335	18	79	2717	23
299.0	68692	10	8	72336	10	2763	820	18
299.0	70063	30	31	72337	28	1429	4314	18
299.0	69697	42	39	72338	44	3738	5003	19
299.0	68491	36	38	72339	30	4151	960	28
299.0	68436	35	35	72340	34	106	3249	21
299.0	68348	5	7	72341	3	609	3502	21
299.0	72261	23	25	72342	21	303	2528	24
299.0	70125	25	24	72343	26	2481	4763	25
299.0	66700	32	35	72344	27	123	2665	18
299.0	67727	22	19	72345	24	3238	673	23
299.0	68659	42	41	72346	41	5071	1173	19
299.0	69173	20	15	72347	22	729	4311	21
299.0	70780	39	31	72348	47	5298	3857	26
299.0	70214	36	34	72349	36	5579	3351	19
299.0	70146	43	43	72350	42	48	1543	19
299.0	67187	29	27	72351	31	4654	847	25
299.0	70339	23	21	72352	23	4839	1382	18
299.0	67025	32	34	72353	30	709	701	22
299.0	68763	28	32	72354	24	147	2830	17
299.0	70618	21	22	72355	18	45	2051	21
299.0	66786	16	14	72356	17	0	3661	18
299.0	67268	52	53	72357	47	0	1722	21
299.0	66896	28	26	72358	29	382	3583	19
299.0	70092	35	36	72359	33	5536	2731	25
299.0	71447	20	23	72360	16	461	2273	24
299.0	69406	24	25	72361	22	409	3613	23
299.0	69610	40	34	72362	43	4908	4583	17
299.0	68415	37	36	72363	37	795	5378	17
299.0	70167	36	39	72364	30	5459	2581	22
299.0	68886	9	7	72365	11	5300	2991	21
299.0	69375	16	19	72366	12	362	3211	23
299.0	70786	28	35	72367	20	732	1064	17
299.0	70200	13	9	72368	16	2700	4699	31
299.0	70601	13	12	72369	13	24	3163	26
299.0	69724	15	12	72370	17	371	2753	21
299.0	68553	35	30	72371	36	86	2440	22
299.0	69472	33	27	72372	37	361	1761	20
299.0	68565	41	33	72373	43	5602	2782	21
299.0	68448	19	15	72374	22	4240	1056	19
299.0	66749	34	33	72375	32	57	2740	21
299.0	69397	33	33	72376	32	5467	1362	21
299.0	69380	29	29	72377	28	158	3192	19
299.0	71003	50	53	72378	45	521	1913	21
299.0	69221	31	28	72379	33	381	3605	16
299.0	70403	23	19	72380	26	1063	4597	22
299.0	69690	39	42	72381	35	5468	4766	26
299.0	70745	15	15	72382	14	263	2617	23
299.0	70570	18	18	72383	15	284	1954	21
299.0	67526	14	12	72384	13	212	2593	19
299.0	68431	32	34	72385	30	4148	4904	27
299.0	69185	34	33	72386	34	5023	107	22
299.0	69260	17	14	72387	20	3139	4718	22
299.0	69712	39	41	72388	34	333	2648	22
299.0	69460	20	17	72389	21	566	1194	22
299.0	64866	23	25	72390	19	489	4384	24
299.0	67921	26	23	72391	27	741	1636	17
299.0	69832	33	41	72392	25	5462	2759	21
299.0	67684	21	20	72393	21	4880	1277	20
299.0	69800	26	27	72394	25	281	1852	22
299.0	70984	27	28	72395	26	1559	949	23
299.0	70571	37	34	72396	36	4815	1200	22
299.0	66985	48	47	72397	46	4056	510	24
299.0	69616	22	28	72398	16	5162	3580	23
299.0	69631	31	30	72399	32	787	1001	21
299.0	68419	26	26	72400	25	77	2279	19
299.0	67822	18	17	72401	19	2715	812	20
299.0	69249	25	20	72402	29	340	2372	18
299.0	68865	40	39	72403	39	1172	4534	18
299.0	66304	56	46	72404	54	3940	1058	18
299.0	70357	11	10	72405	11	12	3160	24
299.0	70552	42	46	72406	36	5028	3430	21
299.0	68359	13	12	72407	11	4818	1671	19
299.0	68570	39	39	72408	37	5036	5393	27
299.0	69609	45	37	72409	53	4081	780	23
299.0	67113	37	33	72410	37	3693	272	16
299.0	69727	40	42	72411	34	4461	1035	22
299.0	69445	26	26	72412	25	62	3226	21
299.0	67258	10	12	72413	8	104	2226	28
299.0	69328	26	28	72414	24	307	2506	23
299.0	66282	39	40	72415	37	0	4288	24
299.0	69558	28	24	72416	28	140	3134	19
299.0	68391	34	32	72417	33	805	4778	16
299.0	70732	2	2	72418	2	5067	3536	19
299.0	67548	36	36	72419	33	5349	2988	23
299.0	71077	18	20	72420	16	4552	4630	27
299.0	69587	23	18	72421	27	3392	0	23
299.0	67706	23	25	72422	21	5627	2838	26
299.0	65040	39	36	72423	42	0	2402	22
299.0	67157	30	24	72424	36	21	2321	25
299.0	68767	29	30	72425	26	3823	649	13
299.0	69756	18	19	72426	16	423	2251	23
299.0	70493	24	22	72427	26	286	1886	23
299.0	68173	22	24	72428	20	5037	2440	23
299.0	69159	40	35	72429	43	64	4350	21
299.0	70548	11	11	72430	11	4900	2479	26
299.0	69538	19	18	72431	19	3288	4691	25
299.0	69950	26	23	72432	28	129	3537	18
299.0	68450	25	26	72433	24	5128	4105	21
299.0	69725	25	19	72434	30	3811	4759	22
299.0	70304	32	27	72435	35	1293	5590	17
299.0	70225	20	24	72436	14	4200	4550	18
299.0	68845	29	39	72437	18	182	2085	20
299.0	66870	25	21	72438	28	4676	36	25
299.0	66919	46	39	72439	53	5457	1328	20
299.0	68023	32	33	72440	31	4733	1258	23
299.0	69156	22	24	72441	20	125	2729	17
299.0	68093	12	11	72442	12	446	3351	19
299.0	68814	19	21	72443	16	178	2706	15
299.0	67212	25	30	72444	20	389	3191	17
299.0	69169	39	42	72445	34	88	3441	15
299.0	71207	33	30	72446	32	3819	4610	21
299.0	68672	50	52	72447	43	4341	1201	22
300.0	70685	37	31	72448	43	5254	1582	18
300.0	67432	30	32	72449	24	167	3352	21
300.0	70278	34	37	72450	31	5406	337	26
300.0	68454	30	25	72451	33	629	3469	18
300.0	67706	25	24	72452	24	5627	2838	27
300.0	70092	36	36	72453	36	5536	2731	26
300.0	69094	32	27	72454	35	30	2222	23
300.0	71523	16	21	72455	11	363	1994	19
300.0	71636	18	14	72456	21	1068	1338	28
300.0	65066	19	21	72457	17	4843	1302	22
300.0	66919	39	32	72458	43	5457	1328	21
300.0	69820	16	20	72459	12	276	1830	22
300.0	70464	25	19	72460	28	5343	2427	22
300.0	69992	13	13	72461	13	67	2648	19
300.0	69511	34	36	72462	29	3918	4812	22
300.0	69397	33	28	72463	36	5467	1362	22
300.0	71063	17	20	72464	13	314	3503	21
300.0	70193	20	22	72465	17	5092	2429	21
300.0	67016	44	39	72466	48	4486	4529	19
300.0	68033	22	20	72467	23	2780	4651	24
300.0	70320	21	25	72468	17	518	2221	21
300.0	68394	27	21	72469	29	285	3399	19
300.0	70123	33	31	72470	32	4610	952	21
300.0	70146	43	29	72471	56	48	1543	20
300.0	69354	36	40	72472	30	5041	3503	25
300.0	67820	18	23	72473	13	68	2706	24
300.0	69932	27	25	72474	27	12	2835	21
300.0	70509	44	51	72475	35	2191	1312	16
300.0	66601	29	30	72476	27	4405	1009	23
300.0	71228	18	18	72477	15	233	3712	22
300.0	66304	46	50	72478	40	3940	1058	19
300.0	71023	18	15	72479	19	744	3680	20
300.0	70443	30	26	72480	33	1164	5608	17
300.0	65905	20	15	72481	24	1869	4270	23
300.0	69590	37	36	72482	35	5411	49	28
300.0	70438	20	17	72483	22	14	3026	22
300.0	65529	9	11	72484	7	194	2622	20
300.0	71229	46	45	72485	45	5540	115	26
300.0	66110	9	9	72486	9	309	3238	18
300.0	70200	9	7	72487	11	2700	4699	32
300.0	69182	20	21	72488	18	4541	4331	19
300.0	70790	49	53	72489	39	1216	4531	18
300.0	70038	24	24	72490	22	4699	5511	23
300.0	68888	13	10	72491	15	5267	3522	21
300.0	70944	23	22	72492	22	161	3028	22
300.0	70700	28	25	72493	30	161	2812	23
300.0	68121	23	24	72494	20	710	3451	14
300.0	67516	54	49	72495	51	5232	4107	22
300.0	70756	36	32	72496	37	347	4229	22
300.0	68984	28	27	72497	28	3817	5017	16
300.0	69532	33	34	72498	30	4375	5773	24
300.0	69118	42	37	72499	42	3745	5999	18
300.0	70167	39	43	72500	33	5459	2581	23
300.0	69519	19	17	72501	20	4631	1221	19
300.0	69455	16	19	72502	13	5719	3459	20
300.0	69173	15	13	72503	16	729	4311	22
300.0	69479	48	42	72504	54	4657	4401	25
300.0	70631	33	33	72505	33	4562	5227	26
300.0	70466	31	33	72506	26	5172	4219	22
300.0	69105	30	23	72507	33	313	2442	18
300.0	69198	21	24	72508	17	293	3324	19
300.0	69546	35	33	72509	34	1564	911	24
300.0	68688	22	23	72510	21	2317	850	24
300.0	68799	48	45	72511	48	5749	3238	25
300.0	68500	40	38	72512	40	5475	109	27
300.0	66361	45	38	72513	50	4917	198	19
300.0	70096	47	48	72514	43	5322	2418	20
300.0	69885	15	16	72515	14	4840	4360	20
300.0	67899	26	21	72516	30	5454	4324	23
300.0	68026	30	30	72517	30	5329	2714	21
300.0	68393	31	31	72518	29	289	1623	25
300.0	66552	29	25	72519	30	4762	1350	19
300.0	70285	22	17	72520	25	2341	4899	30
300.0	69116	38	35	72521	38	5384	3669	20
300.0	69056	30	34	72522	25	4100	1148	16
300.0	67936	24	21	72523	25	940	1858	21
300.0	67417	19	20	72524	17	5123	3523	19
300.0	69406	25	19	72525	29	409	3613	24
300.0	67523	25	31	72526	17	450	3092	24
300.0	68555	36	44	72527	27	5786	1414	22
300.0	68693	19	16	72528	21	286	2951	17
300.0	69222	41	43	72529	37	3792	4730	20
300.0	70652	29	25	72530	31	520	2690	22
300.0	68901	28	25	72531	30	28	1985	18
300.0	70485	33	28	72532	36	58	2637	25
300.0	66536	61	53	72533	47	1616	736	18
300.0	67495	20	16	72534	21	1880	1069	19
300.0	68896	41	35	72535	43	297	2647	20
300.0	70064	17	19	72536	13	520	1801	17
300.0	68856	37	34	72537	38	1601	1237	20
300.0	70274	6	7	72538	5	5271	2610	23
300.0	70635	42	50	72539	33	531	3948	22
300.0	68789	43	43	72540	43	4945	1390	18
300.0	67421	13	13	72541	13	754	3740	22
300.0	69926	32	39	72542	23	59	1989	23
300.0	70371	39	41	72543	35	4389	1152	26
300.0	68613	38	46	72544	27	4199	261	24
300.0	66305	24	21	72545	26	82	2090	23
300.0	69401	30	26	72546	30	137	1945	21
300.0	68339	25	24	72547	24	379	2268	22
300.0	66522	27	27	72548	24	3997	4921	21
300.0	68672	52	47	72549	53	4341	1201	23
300.0	70244	12	12	72550	11	36	3184	22
300.0	69720	25	24	72551	25	144	3390	21
300.0	67539	17	17	72552	17	108	3322	20
300.0	68834	26	22	72553	28	1231	1392	18
300.0	67036	22	15	72554	27	153	2585	19
300.0	66599	10	11	72555	9	4571	1490	27
300.0	70786	35	36	72556	32	732	1064	18
300.0	69954	38	36	72557	39	4531	5146	19
300.0	70367	48	41	72558	52	5519	3821	20
300.0	70351	38	40	72559	33	4590	777	22
300.0	67121	38	33	72560	42	3787	813	22
300.0	69110	16	11	72561	20	279	3082	19
300.0	69514	27	31	72562	23	45	3225	20
300.0	69489	11	12	72563	10	409	3380	20
300.0	65295	13	11	72564	14	348	2158	21
300.0	68633	39	37	72565	37	5939	2462	19
300.0	68609	37	31	72566	43	510	1941	17
300.0	71532	38	40	72567	30	142	2965	24
300.0	68342	23	23	72568	21	5510	3670	21
300.0	67370	8	4	72569	12	5560	3154	19
