time_hr	parent_id	parent_ecDNA_before	parent_ecDNA_after	daughter_id	daughter_ecDNA	x	y	generation
23.0	6879	20	20	6881	20	1034	853	1
27.0	6880	20	22	6882	17	1100	1100	1
30.0	6878	20	21	6883	19	1050	1055	1
31.0	6879	20	19	6884	19	1034	853	2
35.0	6880	22	18	6885	25	1100	1100	2
36.0	6881	20	16	6886	23	1126	937	2
46.0	6878	21	19	6887	23	1050	1055	2
48.0	6882	17	19	6888	13	1102	1156	2
50.0	6884	19	17	6889	20	1010	745	3
51.0	6883	19	19	6890	18	1050	1073	2
57.0	6881	16	16	6891	14	1126	937	3
58.0	6880	18	17	6892	19	1100	1100	3
58.0	6881	16	18	6893	13	1126	937	4
60.0	6879	19	21	6894	16	1076	888	3
61.0	6886	23	24	6895	20	1150	874	3
61.0	6887	23	25	6896	20	1032	1055	3
63.0	6882	19	22	6897	15	1056	1245	3
63.0	6888	13	13	6898	13	1102	1175	3
63.0	6883	19	17	6899	21	1050	1073	3
63.0	6885	25	28	6900	22	1018	1295	3
65.0	6879	21	17	6901	25	1076	888	4
66.0	6888	13	10	6902	16	1102	1175	4
70.0	6880	17	19	6903	15	1100	1100	4
70.0	6878	19	16	6904	21	1095	1011	3
71.0	6883	17	17	6905	16	1050	1073	4
71.0	6884	17	20	6906	14	979	538	4
73.0	6882	22	23	6907	21	1011	1288	4
74.0	6887	25	24	6908	25	1032	1055	4
75.0	6889	20	21	6909	18	981	790	4
75.0	6884	20	17	6910	22	979	538	5
75.0	6881	18	18	6911	16	1296	932	5
76.0	6881	18	14	6912	21	1296	932	6
77.0	6887	24	21	6913	26	1032	1055	5
79.0	6878	16	21	6914	10	1095	1011	4
80.0	6899	21	25	6915	16	1028	1073	4
80.0	6878	21	22	6916	19	1095	1011	5
81.0	6885	28	27	6917	26	1385	1482	4
81.0	6886	24	25	6918	23	1150	874	4
82.0	6885	27	26	6919	27	1385	1482	5
82.0	6906	14	15	6920	13	1093	341	5
82.0	6881	14	11	6921	16	1296	932	7
83.0	6881	11	9	6922	13	1296	932	8
83.0	6906	15	10	6923	20	1132	308	6
83.0	6884	17	17	6924	15	979	538	6
84.0	6883	17	11	6925	22	1050	1073	5
84.0	6905	16	13	6926	19	1050	1117	5
84.0	6904	21	21	6927	20	1107	998	4
85.0	6888	10	7	6928	13	1102	1175	5
85.0	6882	23	18	6929	28	861	1483	5
85.0	6890	18	21	6930	15	1050	1139	3
85.0	6894	16	15	6931	16	1063	853	4
86.0	6904	21	19	6932	22	1107	998	5
86.0	6901	25	25	6933	25	743	706	5
86.0	6892	19	17	6934	18	1061	1374	4
86.0	6885	26	22	6935	30	1385	1482	6
87.0	6899	25	25	6936	24	1028	1073	5
87.0	6884	17	18	6937	16	979	538	7
88.0	6879	17	14	6938	19	1088	941	5
88.0	6901	25	30	6939	18	679	680	6
88.0	6891	14	11	6940	17	1033	957	4
88.0	6899	25	23	6941	26	1028	1073	6
88.0	6903	15	14	6942	14	1461	1177	5
88.0	6889	21	25	6943	17	797	789	5
89.0	6902	16	15	6944	16	1076	1200	5
90.0	6880	19	21	6945	16	1100	1100	5
91.0	6915	16	16	6946	15	986	1097	5
91.0	6904	19	21	6947	17	1107	998	6
91.0	6881	9	9	6948	9	1296	932	9
91.0	6886	25	27	6949	18	1150	874	5
92.0	6885	22	25	6950	19	1385	1482	7
92.0	6884	18	12	6951	24	871	526	8
92.0	6905	13	13	6952	12	1096	1132	6
93.0	6885	25	27	6953	21	1385	1482	8
93.0	6905	13	14	6954	11	1145	1132	7
93.0	6907	21	19	6955	23	730	1235	5
93.0	6903	14	18	6956	10	1513	1173	6
93.0	6898	13	15	6957	11	1183	1283	4
93.0	6896	20	17	6958	22	975	1086	4
94.0	6885	27	23	6959	30	1385	1482	9
94.0	6906	10	10	6960	10	1219	310	7
94.0	6896	17	19	6961	15	961	1030	5
94.0	6927	20	19	6962	21	1081	964	5
94.0	6898	15	14	6963	15	1183	1283	5
94.0	6900	22	25	6964	19	1234	1020	4
94.0	6902	15	14	6965	15	1134	1286	6
95.0	6895	20	19	6966	20	1244	967	4
95.0	6879	14	14	6967	14	1088	941	6
95.0	6893	13	7	6968	17	1160	990	5
95.0	6896	19	23	6969	14	921	974	6
96.0	6893	7	8	6970	6	1193	1004	6
96.0	6888	7	5	6971	8	1102	1175	6
97.0	6878	22	21	6972	23	1095	1011	6
97.0	6882	18	15	6973	18	842	1707	6
97.0	6892	17	21	6974	12	852	1412	5
98.0	6958	22	25	6975	19	962	1073	5
98.0	6880	21	15	6976	26	1100	1100	6
98.0	6916	19	20	6977	18	1082	998	6
98.0	6919	27	20	6978	32	1390	1717	6
99.0	6901	30	31	6979	28	538	742	7
99.0	6943	17	18	6980	14	817	809	6
99.0	6922	13	15	6981	10	1215	888	9
99.0	6924	15	13	6982	14	1042	547	7
99.0	6963	15	12	6983	17	1180	1322	6
99.0	6880	15	16	6984	14	1100	1100	7
99.0	6887	21	21	6985	18	1032	1055	6
100.0	6901	31	35	6986	25	538	742	8
100.0	6963	12	15	6987	9	1180	1322	7
100.0	6880	16	14	6988	17	1148	1118	8
100.0	6881	9	7	6989	10	1296	932	10
100.0	6943	18	16	6990	19	817	809	7
101.0	6898	14	14	6991	14	1183	1283	6
101.0	6941	26	24	6992	27	854	849	7
102.0	6888	5	6	6993	4	1102	1175	7
102.0	6904	21	22	6994	20	1221	1053	7
102.0	6883	11	8	6995	12	1050	1073	6
102.0	6905	14	14	6996	14	1434	1223	8
102.0	6892	21	29	6997	11	787	1412	6
102.0	6884	12	11	6998	12	713	476	9
103.0	6910	22	21	6999	22	1197	675	6
103.0	6941	24	29	7000	19	854	849	8
103.0	6909	18	14	7001	19	787	576	5
103.0	6935	30	34	7002	26	1304	1551	7
104.0	6897	15	17	7003	13	1174	1410	4
104.0	6890	21	20	7004	20	1037	1174	4
104.0	6925	22	24	7005	20	1050	1117	6
104.0	6894	15	15	7006	14	1063	853	5
104.0	6904	22	23	7007	21	1221	1053	8
104.0	6911	16	14	7008	18	1234	946	6
105.0	6920	13	10	7009	15	898	320	6
105.0	6890	20	23	7010	16	1037	1174	5
105.0	6894	15	20	7011	9	1063	853	6
105.0	6930	15	15	7012	15	1022	1188	4
105.0	6891	11	9	7013	12	861	925	5
105.0	6889	25	24	7014	25	722	807	6
105.0	6887	21	18	7015	23	1032	1055	7
106.0	6943	16	15	7016	16	746	666	8
106.0	6898	14	13	7017	14	1183	1283	7
106.0	6889	24	22	7018	24	722	807	7
106.0	6894	20	18	7019	21	1063	853	7
106.0	6903	18	18	7020	18	1513	1046	7
107.0	6928	13	13	7021	13	1024	1457	6
107.0	6921	16	12	7022	18	1525	850	8
107.0	6886	27	30	7023	24	1150	874	6
107.0	6902	14	11	7024	16	1138	1434	7
107.0	6963	15	18	7025	11	1180	1322	8
107.0	6946	15	10	7026	20	938	1062	6
108.0	6941	29	30	7027	25	854	849	9
108.0	6917	26	25	7028	26	1433	1927	5
108.0	6928	13	16	7029	9	1024	1457	7
108.0	6882	15	15	7030	14	829	1802	7
108.0	6927	19	23	7031	15	1016	971	6
108.0	6945	16	15	7032	16	1112	1112	6
108.0	6933	25	31	7033	18	900	854	6
108.0	6901	35	32	7034	36	749	904	9
108.0	6983	17	21	7035	12	1204	1322	7
108.0	6895	19	14	7036	23	1244	967	5
108.0	6946	10	10	7037	8	938	1062	7
109.0	6888	6	7	7038	4	1102	1175	8
109.0	6912	21	20	7039	22	1401	919	7
109.0	6923	20	13	7040	27	923	313	7
109.0	6956	10	10	7041	10	1347	1162	7
109.0	6895	14	17	7042	11	1291	978	6
109.0	6937	16	19	7043	13	870	497	8
110.0	6899	23	23	7044	23	1028	1073	7
110.0	6939	18	23	7045	12	913	1041	7
110.0	6921	12	14	7046	9	1525	850	9
110.0	6900	25	22	7047	27	1234	1020	5
110.0	6908	25	28	7048	22	960	1055	5
110.0	6906	10	12	7049	7	1304	289	8
110.0	6923	13	13	7050	13	923	313	8
110.0	6888	7	9	7051	4	1102	1175	9
110.0	6937	19	16	7052	22	870	497	9
111.0	6890	23	25	7053	20	1037	1174	6
111.0	6998	12	9	7054	15	805	523	10
111.0	6944	16	19	7055	11	955	1148	6
111.0	6984	14	13	7056	15	1087	1112	8
111.0	6913	26	23	7057	29	978	1055	6
111.0	6878	21	15	7058	26	1095	1011	7
112.0	6942	14	17	7059	10	1459	950	6
112.0	6959	30	36	7060	23	1141	1661	10
112.0	6892	29	35	7061	22	729	1369	7
112.0	6938	19	19	7062	19	1047	832	6
112.0	6931	16	13	7063	18	1127	971	5
112.0	6881	7	4	7064	10	1296	932	11
112.0	6907	19	21	7065	17	705	1290	6
112.0	6885	23	25	7066	20	1385	1482	10
112.0	6896	23	23	7067	23	906	766	7
112.0	6944	19	18	7068	20	955	1148	7
112.0	6879	14	8	7069	19	1053	902	7
112.0	6922	15	14	7070	15	1215	888	10
113.0	6938	19	20	7071	18	1047	832	7
113.0	6947	17	17	7072	16	1170	1015	7
113.0	6920	10	16	7073	4	877	320	7
113.0	6959	36	36	7074	35	1141	1661	11
113.0	6890	25	26	7075	24	1037	1174	7
113.0	6912	20	17	7076	23	1401	919	8
113.0	6924	13	11	7077	14	1133	522	8
113.0	6940	17	18	7078	14	949	1017	5
114.0	6938	20	23	7079	15	1047	832	8
114.0	6908	28	32	7080	24	960	1055	6
114.0	6989	10	7	7081	11	1417	974	11
114.0	6966	20	17	7082	22	1253	976	5
114.0	6977	18	14	7083	20	981	938	7
114.0	6892	35	38	7084	31	729	1369	8
114.0	6918	23	24	7085	22	913	946	5
114.0	6886	30	30	7086	30	1150	874	7
114.0	6970	6	5	7087	7	1202	1013	7
114.0	6882	15	14	7088	16	829	1802	8
114.0	6910	21	20	7089	21	1197	675	7
114.0	6929	28	28	7090	26	1092	1417	6
114.0	6951	24	23	7091	24	889	377	9
115.0	6926	19	17	7092	21	1051	1152	6
115.0	6963	18	16	7093	20	1180	1322	9
115.0	6944	18	18	7094	18	907	1115	8
115.0	6929	28	24	7095	29	1092	1417	7
115.0	6952	12	11	7096	12	1154	1134	7
115.0	6958	25	22	7097	25	852	1230	6
115.0	6890	26	26	7098	25	1037	1174	8
115.0	6951	23	25	7099	20	889	377	10
115.0	6928	16	13	7100	19	1024	1457	8
115.0	6982	14	15	7101	11	1233	495	8
116.0	6982	15	15	7102	13	1233	495	9
116.0	6909	14	18	7103	10	713	545	6
116.0	6932	22	21	7104	22	1255	991	6
116.0	6926	17	17	7105	16	1051	1152	7
116.0	6915	16	14	7106	18	986	1097	6
116.0	6965	15	15	7107	14	1097	1219	7
116.0	6986	25	21	7108	29	558	742	9
116.0	6951	25	22	7109	26	889	377	11
117.0	6889	22	22	7110	22	579	976	8
117.0	6965	15	14	7111	16	1097	1219	8
117.0	6947	17	14	7112	19	1170	1015	8
117.0	7011	9	10	7113	6	1099	889	7
117.0	6916	20	20	7114	19	1082	998	7
117.0	6905	14	14	7115	14	1502	1297	9
117.0	6923	13	14	7116	11	923	313	9
117.0	7008	18	14	7117	19	1234	928	7
117.0	6918	24	19	7118	28	913	946	6
118.0	6896	23	24	7119	19	906	766	8
118.0	6899	23	17	7120	25	1028	1073	8
118.0	6889	22	18	7121	24	579	976	9
118.0	6930	15	14	7122	16	1022	1188	5
118.0	6974	12	13	7123	11	907	1459	6
118.0	6941	30	26	7124	32	713	907	10
118.0	6982	15	15	7125	13	1233	495	10
118.0	6904	23	23	7126	23	1329	1131	9
118.0	6933	31	27	7127	32	943	929	7
118.0	6987	9	6	7128	12	1033	1303	8
118.0	6935	34	30	7129	34	1304	1551	8
118.0	6916	20	18	7130	22	1082	998	8
118.0	7031	15	17	7131	10	999	971	7
118.0	6971	8	5	7132	11	917	1219	7
119.0	6908	32	33	7133	31	957	1139	7
119.0	6930	14	11	7134	15	1022	1188	6
119.0	6981	10	15	7135	5	1232	901	10
119.0	6913	23	25	7136	20	977	1183	7
119.0	7031	17	18	7137	16	999	971	8
119.0	6933	27	26	7138	25	943	929	8
119.0	6987	6	6	7139	6	1033	1303	9
119.0	6964	19	16	7140	21	1234	1052	5
119.0	6974	13	7	7141	18	907	1459	7
119.0	6889	18	14	7142	22	579	976	10
119.0	6883	8	10	7143	6	1050	1073	7
119.0	6961	15	15	7144	15	935	1029	6
120.0	6888	9	9	7145	9	1102	1175	10
120.0	7104	22	32	7146	11	1269	976	7
120.0	6929	24	25	7147	22	1092	1417	8
120.0	6945	15	17	7148	12	1112	1112	7
120.0	6964	16	10	7149	20	1234	1052	6
120.0	7080	24	22	7150	24	947	1042	7
120.0	6896	24	20	7151	28	906	766	9
120.0	6974	7	8	7152	6	907	1459	8
120.0	6930	11	7	7153	15	1022	1188	7
120.0	7011	10	9	7154	11	1099	889	8
120.0	6948	9	8	7155	8	1218	823	10
120.0	6955	23	24	7156	22	953	1235	6
120.0	6966	17	18	7157	15	1268	961	6
120.0	6946	10	11	7158	9	938	1062	8
120.0	6983	21	15	7159	26	1204	1322	8
121.0	6953	21	23	7160	19	1464	1723	9
121.0	6992	27	23	7161	28	719	703	8
121.0	6928	13	11	7162	15	1024	1457	9
121.0	6921	14	14	7163	14	1525	850	10
121.0	6954	11	9	7164	13	1234	1103	8
121.0	7107	14	15	7165	13	1111	1233	8
121.0	6911	14	14	7166	13	1234	946	7
121.0	6963	16	18	7167	14	1232	1326	10
121.0	7080	22	20	7168	24	947	1042	8
121.0	6983	15	17	7169	12	1204	1322	9
121.0	7002	26	25	7170	24	1304	1511	8
122.0	6996	14	14	7171	14	1424	1232	9
122.0	6937	16	14	7172	18	724	510	10
122.0	6943	15	12	7173	17	753	460	9
122.0	6905	14	10	7174	17	1502	1297	10
122.0	6988	17	20	7175	12	1253	1166	9
122.0	6999	22	20	7176	23	1401	566	7
122.0	6925	24	18	7177	30	1029	1117	7
122.0	6977	14	13	7178	15	981	938	8
122.0	6901	32	22	7179	40	749	904	10
123.0	6884	11	10	7180	12	681	503	10
123.0	6903	18	13	7181	23	1513	1046	8
123.0	6991	14	13	7182	13	1295	1097	7
123.0	7019	21	24	7183	17	1167	765	8
123.0	6934	18	18	7184	18	1212	1555	5
123.0	6960	10	10	7185	10	1252	197	8
123.0	6900	22	19	7186	25	1234	1020	6
123.0	6999	20	18	7187	19	1401	566	8
123.0	6942	17	16	7188	15	1459	950	7
123.0	6890	26	33	7189	19	1037	1174	9
123.0	6929	25	24	7190	26	1092	1417	9
123.0	6925	18	19	7191	16	1029	1117	8
123.0	7052	22	23	7192	21	890	626	10
123.0	6906	12	16	7193	8	1398	395	9
124.0	6880	14	9	7194	18	1309	1135	9
124.0	6882	14	12	7195	15	829	1802	9
124.0	6997	11	10	7196	11	787	1434	7
124.0	6884	10	7	7197	11	681	503	11
124.0	7071	18	19	7198	17	946	897	8
124.0	6890	33	25	7199	39	1037	1174	10
124.0	6935	30	23	7200	35	1304	1551	9
124.0	7063	18	15	7201	20	1116	960	6
124.0	6925	19	16	7202	21	1029	1117	9
124.0	6919	20	15	7203	25	1494	1684	7
124.0	6967	14	12	7204	16	1191	870	7
124.0	6936	24	23	7205	23	1212	1501	6
124.0	6892	38	35	7206	37	729	1369	9
124.0	6911	14	16	7207	9	1234	946	8
124.0	6952	11	8	7208	14	1154	1134	8
124.0	6897	17	12	7209	21	1221	1440	5
124.0	6894	18	17	7210	19	1074	864	8
125.0	7031	18	14	7211	20	999	971	9
125.0	6959	36	39	7212	29	1052	1647	12
125.0	6951	22	19	7213	25	889	377	12
125.0	6972	23	23	7214	22	1095	1029	7
125.0	6897	12	9	7215	14	1221	1440	6
125.0	6916	18	17	7216	18	1082	998	9
125.0	7155	8	7	7217	8	1232	837	11
125.0	6998	9	8	7218	10	845	519	11
125.0	7084	31	41	7219	20	751	1369	9
126.0	6964	10	12	7220	7	1234	1052	7
126.0	6931	13	11	7221	14	1172	960	6
126.0	6905	10	12	7222	8	1502	1297	11
126.0	6994	20	20	7223	20	1189	1106	8
126.0	6891	9	9	7224	8	861	883	6
126.0	6893	8	5	7225	11	1230	1004	7
126.0	6889	14	17	7226	10	579	976	11
126.0	6887	18	17	7227	19	1016	1039	8
126.0	6924	11	10	7228	12	1162	493	9
126.0	7033	18	23	7229	12	952	845	7
126.0	6950	19	19	7230	19	1279	1511	8
126.0	6982	15	11	7231	17	1233	495	11
126.0	6980	14	14	7232	13	798	790	7
126.0	6938	23	19	7233	27	1047	832	9
126.0	6907	21	20	7234	21	725	1343	7
126.0	6965	14	13	7235	15	1097	1219	9
127.0	6979	28	31	7236	24	389	460	8
127.0	6941	26	27	7237	24	661	950	11
127.0	7065	17	18	7238	16	850	1209	7
127.0	6886	30	28	7239	29	1150	874	8
127.0	6958	22	18	7240	25	783	1333	7
127.0	6946	11	8	7241	14	938	1062	9
127.0	6991	13	9	7242	14	1295	1097	8
127.0	6912	17	18	7243	16	1407	871	9
127.0	6995	12	10	7244	13	1050	1095	7
127.0	6962	21	19	7245	23	1064	964	6
127.0	7077	14	13	7246	14	1117	574	9
127.0	6908	33	33	7247	32	860	1249	8
127.0	6879	8	12	7248	4	1053	902	8
127.0	7080	20	29	7249	11	917	985	9
128.0	7020	18	15	7250	21	1560	715	8
128.0	6986	21	16	7251	25	558	742	10
128.0	6901	22	22	7252	22	749	904	11
128.0	6922	14	8	7253	20	1130	920	11
128.0	7164	13	18	7254	8	1234	1123	9
128.0	6893	5	3	7255	5	1230	1004	8
128.0	6917	25	24	7256	24	1537	1999	6
128.0	6963	18	16	7257	20	1319	1399	11
128.0	7011	9	7	7258	10	1099	889	9
128.0	7038	4	5	7259	3	1076	1200	9
128.0	7009	15	14	7260	16	889	307	7
128.0	6934	18	19	7261	17	1212	1555	6
128.0	6881	4	5	7262	3	1311	917	12
128.0	6879	12	10	7263	13	1053	902	9
128.0	6953	23	21	7264	24	1408	1613	10
128.0	6946	8	6	7265	9	938	1062	10
128.0	6989	7	9	7266	3	1421	1085	12
128.0	7024	16	18	7267	14	1138	1414	8
128.0	6908	33	33	7268	31	860	1249	9
128.0	6927	23	27	7269	17	1016	971	7
128.0	6995	10	11	7270	8	1050	1095	8
128.0	6965	13	13	7271	11	1097	1219	10
128.0	7136	20	20	7272	20	933	1246	8
128.0	6890	25	24	7273	25	1037	1174	11
128.0	6961	15	14	7274	16	935	1029	7
128.0	6973	18	14	7275	22	854	1516	7
128.0	6932	21	21	7276	19	1255	991	7
129.0	6901	22	23	7277	20	749	904	12
129.0	7056	15	12	7278	17	1066	1112	9
129.0	6932	21	15	7279	25	1255	991	8
129.0	6934	19	26	7280	11	1212	1555	7
129.0	6937	14	11	7281	15	724	510	11
129.0	6984	13	16	7282	10	1109	1112	9
129.0	6977	13	14	7283	10	981	938	9
129.0	6910	20	19	7284	20	1197	675	8
129.0	7058	26	27	7285	25	1082	1023	8
129.0	7015	23	29	7286	15	998	1039	8
129.0	7044	23	27	7287	17	995	1073	8
129.0	6893	3	2	7288	4	1185	1049	9
129.0	6881	5	6	7289	4	1311	917	13
129.0	7106	18	16	7290	20	909	1144	7
129.0	7062	19	13	7291	24	1058	859	7
130.0	7106	16	13	7292	18	909	1144	8
130.0	7014	25	28	7293	21	793	766	7
130.0	6942	16	17	7294	15	1459	950	8
130.0	6977	14	15	7295	13	981	938	10
130.0	6930	7	8	7296	6	978	1232	8
130.0	7056	12	9	7297	14	1045	1112	10
130.0	7089	21	18	7298	24	1196	742	8
130.0	7084	41	46	7299	34	751	1369	10
130.0	7242	14	20	7300	8	1303	1067	9
130.0	7023	24	18	7301	30	1158	861	7
130.0	6974	8	8	7302	7	906	1499	9
130.0	7029	9	10	7303	7	1024	1439	8
130.0	6987	6	4	7304	7	1033	1303	10
130.0	7015	29	29	7305	27	998	1039	9
130.0	7054	15	15	7306	15	758	442	11
130.0	6983	17	14	7307	20	1204	1322	10
131.0	6995	11	13	7308	9	1050	1095	9
131.0	7009	14	12	7309	15	889	307	8
131.0	6898	13	14	7310	11	1183	1283	8
131.0	6926	17	14	7311	19	1073	1174	8
131.0	6992	23	22	7312	22	736	634	9
131.0	7013	12	12	7313	12	923	901	6
131.0	6952	8	5	7314	11	1171	1151	9
131.0	6955	24	24	7315	22	933	1212	7
131.0	6971	5	5	7316	5	884	1214	8
131.0	6974	8	8	7317	8	906	1499	10
131.0	7027	25	18	7318	32	741	878	10
131.0	6890	24	25	7319	22	1037	1174	12
131.0	6912	18	16	7320	19	1407	871	10
131.0	6922	8	9	7321	6	1130	920	12
132.0	7172	18	15	7322	20	744	510	11
132.0	6909	18	20	7323	16	713	545	7
132.0	7063	15	15	7324	14	1116	960	7
132.0	7137	16	14	7325	17	1013	771	9
132.0	6902	11	12	7326	9	1206	1473	8
132.0	7003	13	15	7327	10	1191	1611	5
132.0	7191	16	14	7328	17	1050	1138	9
132.0	6970	5	4	7329	6	1127	1088	8
132.0	6890	25	22	7330	26	1037	1174	13
132.0	7025	11	12	7331	8	1163	1338	9
132.0	7086	30	34	7332	25	1176	860	8
132.0	6943	12	11	7333	13	753	460	10
132.0	7190	26	25	7334	26	1028	1273	10
132.0	6946	6	7	7335	5	890	1062	11
132.0	7176	23	17	7336	28	1343	494	8
132.0	6935	23	21	7337	25	1304	1551	10
132.0	6923	14	14	7338	14	923	313	10
132.0	7029	10	8	7339	11	1024	1439	9
132.0	6971	5	6	7340	4	884	1214	9
132.0	6960	10	11	7341	9	1252	197	9
132.0	7013	12	12	7342	12	923	901	7
132.0	6978	32	37	7343	25	1776	1629	7
132.0	7059	10	11	7344	9	1481	950	7
132.0	7001	19	15	7345	23	939	966	6
132.0	6986	16	19	7346	13	558	742	11
132.0	7117	19	21	7347	17	1247	896	8
132.0	7011	7	4	7348	10	1099	889	10
132.0	6974	8	6	7349	10	906	1499	11
132.0	7046	9	10	7350	6	1551	850	10
133.0	6939	23	27	7351	18	933	1293	8
133.0	6937	11	14	7352	8	724	510	12
133.0	6986	19	20	7353	17	558	742	12
133.0	6948	8	6	7354	10	1218	823	11
133.0	6899	17	14	7355	20	1012	1057	9
133.0	7124	32	32	7356	31	477	887	11
133.0	7083	20	23	7357	17	1000	899	8
133.0	7084	46	39	7358	53	751	1369	11
133.0	6984	16	20	7359	10	1109	1112	10
133.0	6978	37	35	7360	39	1776	1629	8
133.0	6992	22	23	7361	17	811	629	10
133.0	6885	25	17	7362	31	1385	1482	11
133.0	7130	22	24	7363	18	1050	985	9
133.0	7017	14	9	7364	19	1199	1283	8
133.0	6945	17	18	7365	14	1156	1112	8
133.0	6947	14	16	7366	12	1170	1015	9
133.0	7059	11	12	7367	7	1481	950	8
133.0	7013	12	10	7368	13	923	901	8
133.0	6895	17	25	7369	9	1314	978	7
133.0	7073	4	5	7370	3	877	337	8
133.0	6966	18	14	7371	21	1268	961	7
133.0	7086	34	37	7372	28	1176	860	9
133.0	6921	14	12	7373	15	1525	850	11
133.0	7085	22	22	7374	21	950	875	6
134.0	6879	10	9	7375	10	1035	902	10
134.0	7107	15	15	7376	15	1126	1269	9
134.0	6878	15	13	7377	16	1095	1011	8
134.0	7116	11	12	7378	9	984	388	10
134.0	7059	12	14	7379	10	1481	950	9
134.0	7019	24	23	7380	24	1234	779	9
134.0	7108	29	32	7381	26	486	742	10
134.0	6968	17	18	7382	15	1169	999	6
134.0	7136	20	15	7383	22	933	1246	9
134.0	6928	11	10	7384	12	1024	1457	10
134.0	6895	25	25	7385	25	1314	978	8
134.0	6889	17	21	7386	13	634	979	12
134.0	7043	13	12	7387	13	777	445	9
134.0	6924	10	13	7388	6	1174	410	10
134.0	7026	20	18	7389	21	927	1118	7
134.0	7062	13	13	7390	11	1058	859	8
134.0	6918	19	19	7391	19	913	946	7
135.0	6946	7	4	7392	9	890	1062	12
135.0	7127	32	37	7393	27	868	901	8
135.0	6894	17	13	7394	20	1108	878	9
135.0	7147	22	27	7395	17	1071	1279	9
135.0	7053	20	22	7396	18	1110	1336	7
135.0	7000	19	15	7397	23	950	688	9
135.0	7173	17	16	7398	17	719	441	10
135.0	6943	11	13	7399	8	753	460	11
135.0	6892	35	38	7400	32	691	1295	10
135.0	7104	32	37	7401	26	1269	976	8
135.0	7040	27	25	7402	27	1158	302	8
135.0	7015	29	26	7403	31	998	1016	10
135.0	6918	19	21	7404	17	913	946	8
135.0	6972	23	18	7405	27	1095	1029	8
135.0	7285	25	25	7406	25	1082	1042	9
135.0	7101	11	10	7407	12	1202	482	9
135.0	6938	19	20	7408	18	1047	832	10
135.0	6956	10	13	7409	7	1261	1137	8
135.0	6888	9	11	7410	7	1102	1175	11
135.0	7065	18	19	7411	17	971	1307	8
135.0	6941	27	28	7412	25	603	984	12
135.0	6889	21	18	7413	24	634	979	13
135.0	6887	17	17	7414	15	1016	1039	9
135.0	6996	14	18	7415	10	1424	1232	10
136.0	6993	4	3	7416	5	1047	1229	8
136.0	7072	16	16	7417	15	1098	1076	8
136.0	7095	29	19	7418	35	1070	1348	8
136.0	7046	10	9	7419	11	1564	850	11
136.0	7074	35	34	7420	33	727	1794	12
136.0	6943	13	11	7421	14	753	460	12
136.0	6920	16	11	7422	20	854	274	8
136.0	6936	23	24	7423	21	1125	1603	7
136.0	6985	18	18	7424	18	980	1039	7
136.0	7105	16	19	7425	13	1060	1161	8
136.0	6894	13	13	7426	13	1108	878	10
136.0	7021	13	11	7427	14	1075	1377	7
136.0	7071	19	15	7428	21	903	927	9
136.0	6892	38	36	7429	38	691	1295	11
136.0	6938	20	22	7430	18	1047	832	11
136.0	7063	15	19	7431	10	1116	960	8
136.0	6910	19	23	7432	13	1173	448	9
136.0	7010	16	13	7433	18	717	1033	6
136.0	7173	16	20	7434	12	719	441	11
137.0	7201	20	21	7435	18	1130	945	7
137.0	6969	14	16	7436	12	648	933	7
137.0	7009	12	13	7437	10	889	307	9
137.0	7033	23	17	7438	27	952	845	8
137.0	7042	11	7	7439	15	1295	761	7
137.0	7044	27	24	7440	30	983	1101	9
137.0	6940	18	14	7441	22	949	1017	6
137.0	7036	23	24	7442	22	1221	989	6
137.0	6978	35	26	7443	42	1776	1629	9
137.0	6993	3	2	7444	4	1047	1229	9
137.0	6896	20	19	7445	20	898	713	10
137.0	6999	18	20	7446	14	1251	268	9
137.0	6983	14	8	7447	20	1204	1322	11
137.0	6963	16	14	7448	17	1319	1399	12
137.0	6936	24	24	7449	22	1125	1603	8
137.0	6887	17	18	7450	15	1016	1039	10
137.0	7048	22	20	7451	24	707	1008	6
137.0	7306	15	18	7452	11	782	404	12
137.0	6980	14	15	7453	12	841	810	8
137.0	7046	9	6	7454	11	1564	850	12
137.0	7071	15	13	7455	17	903	927	10
137.0	7391	19	18	7456	19	900	971	8
137.0	7112	19	17	7457	20	1188	996	9
137.0	6879	9	10	7458	7	1035	902	11
137.0	6987	4	5	7459	2	1033	1303	11
137.0	7037	8	9	7460	7	847	1039	8
137.0	7144	15	15	7461	15	919	1029	7
138.0	7123	11	10	7462	12	792	1621	7
138.0	7182	13	11	7463	15	1307	1126	8
138.0	7174	17	14	7464	19	1463	1176	11
138.0	6885	17	15	7465	16	1385	1482	12
138.0	6963	14	12	7466	15	1319	1399	13
138.0	7063	19	16	7467	21	1116	960	9
138.0	7091	24	23	7468	22	1037	36	10
138.0	7094	18	16	7469	20	846	1102	9
138.0	6990	19	19	7470	19	719	1232	8
138.0	7179	40	42	7471	36	331	1051	11
138.0	7052	23	24	7472	21	890	626	11
138.0	7014	28	33	7473	23	793	766	8
138.0	7144	15	15	7474	14	919	1029	8
138.0	7093	20	22	7475	17	1171	1330	10
138.0	7100	19	21	7476	17	1069	1576	9
138.0	6909	20	18	7477	20	713	545	8
138.0	7081	11	10	7478	12	1455	988	12
138.0	7204	16	17	7479	14	1235	860	8
138.0	6934	26	24	7480	28	1212	1555	8
138.0	7148	12	18	7481	6	1134	1129	8
138.0	6886	28	28	7482	25	1190	874	9
138.0	6995	13	10	7483	15	1092	1105	10
138.0	7097	25	30	7484	20	807	1356	7
138.0	7001	15	14	7485	15	939	966	7
138.0	7151	28	28	7486	27	966	641	10
138.0	7007	21	21	7487	20	1213	1174	9
138.0	6901	23	20	7488	24	762	917	13
138.0	6950	19	20	7489	16	1279	1511	9
138.0	7061	22	24	7490	20	685	1369	8
138.0	7044	24	26	7491	22	983	1101	10
139.0	7119	19	14	7492	22	877	795	9
139.0	7106	13	15	7493	11	878	1190	9
139.0	6908	33	32	7494	32	810	1316	10
139.0	7026	18	17	7495	18	929	1178	8
139.0	7138	25	27	7496	23	1005	921	9
139.0	6968	18	17	7497	19	1169	999	7
139.0	6925	16	20	7498	11	963	1117	10
139.0	6904	23	25	7499	18	1370	1203	10
139.0	7130	24	18	7500	28	1050	1027	10
139.0	7083	23	22	7501	22	987	886	9
139.0	7263	13	11	7502	14	1007	903	10
139.0	6951	19	19	7503	16	889	377	13
139.0	7022	18	22	7504	12	1560	919	9
139.0	6912	16	15	7505	17	1436	826	11
139.0	6883	10	11	7506	9	1079	1096	8
139.0	6909	18	16	7507	19	713	545	9
139.0	7072	16	17	7508	14	1115	1059	9
139.0	7147	27	32	7509	22	1071	1279	10
139.0	7063	16	19	7510	13	1116	960	10
139.0	7144	15	17	7511	12	919	1029	9
139.0	6975	19	19	7512	18	1011	838	6
139.0	7267	14	16	7513	12	1158	1414	9
139.0	6932	15	17	7514	12	1279	991	9
139.0	7030	14	9	7515	18	809	1669	8
139.0	6986	20	20	7516	20	558	742	13
139.0	7191	14	12	7517	14	1034	1154	10
139.0	7157	15	17	7518	13	1250	961	7
139.0	7042	7	5	7519	7	1295	761	8
139.0	7002	25	27	7520	22	1304	1511	9
139.0	7100	21	24	7521	17	1069	1576	10
139.0	7058	27	20	7522	33	1071	1012	9
139.0	7150	24	24	7523	22	905	1066	8
139.0	6954	9	6	7524	11	1234	1103	9
139.0	6950	20	19	7525	20	1279	1511	10
139.0	7197	11	12	7526	10	698	503	12
140.0	7478	12	17	7527	7	1442	1000	13
140.0	7152	6	6	7528	6	887	1411	9
140.0	7086	37	27	7529	45	1176	860	10
140.0	6998	8	8	7530	8	921	503	12
140.0	7267	16	20	7531	11	1158	1414	10
140.0	7090	26	23	7532	29	1132	1316	7
140.0	7041	10	9	7533	11	1311	1167	8
140.0	7002	27	25	7534	29	1304	1511	10
140.0	7054	15	10	7535	17	773	427	12
140.0	7246	14	13	7536	14	1161	679	10
140.0	6935	21	23	7537	18	1304	1551	11
140.0	7285	25	23	7538	26	1082	1042	10
140.0	7043	12	11	7539	12	792	430	10
140.0	7276	19	22	7540	14	1228	1088	8
140.0	7059	14	10	7541	16	1481	950	10
140.0	7155	7	6	7542	7	1312	842	12
140.0	7039	22	18	7543	24	1336	892	8
140.0	7456	19	14	7544	21	870	1000	9
140.0	7165	13	9	7545	15	1288	1194	9
140.0	6994	20	22	7546	17	1202	1093	9
140.0	6932	17	18	7547	16	1279	991	10
141.0	7088	16	17	7548	15	785	1898	9
141.0	7012	15	16	7549	12	931	1386	5
141.0	7276	22	17	7550	26	1228	1088	9
141.0	7122	16	13	7551	19	970	1200	6
141.0	7037	9	11	7552	7	827	1039	9
141.0	7128	12	9	7553	12	1100	1319	9
141.0	6918	21	25	7554	16	913	946	9
141.0	7285	23	19	7555	27	1082	1042	11
141.0	7291	24	28	7556	20	1092	873	8
141.0	7173	20	19	7557	21	719	441	12
141.0	6932	18	20	7558	15	1279	991	11
141.0	6917	24	23	7559	24	1537	1999	7
141.0	6898	14	13	7560	15	1183	1283	9
141.0	7087	7	4	7561	10	1144	1088	8
141.0	6948	6	4	7562	8	1218	823	12
141.0	7127	37	33	7563	41	868	901	9
141.0	7267	20	18	7564	19	1158	1414	11
141.0	6958	18	18	7565	17	797	1381	8
141.0	7055	11	12	7566	10	1048	1255	7
141.0	6903	13	13	7567	13	1538	1087	9
141.0	6897	9	12	7568	6	1221	1440	7
142.0	7169	12	12	7569	12	1192	1392	10
142.0	7244	13	12	7570	14	999	1142	8
142.0	7023	18	19	7571	17	1158	861	8
142.0	6906	16	21	7572	10	1603	430	10
142.0	7047	27	31	7573	22	1440	1057	6
142.0	7186	25	27	7574	23	1309	1044	7
142.0	6961	14	15	7575	12	935	1029	8
142.0	7144	17	21	7576	13	908	1040	10
142.0	7389	21	24	7577	16	939	1130	8
142.0	7063	19	15	7578	19	1116	960	11
142.0	6997	10	5	7579	15	707	1526	8
142.0	6969	16	14	7580	15	648	933	8
142.0	7055	12	13	7581	10	1048	1255	8
142.0	7229	12	12	7582	11	882	729	8
142.0	7228	12	9	7583	15	1000	160	10
142.0	7005	20	20	7584	19	954	1172	7
142.0	7004	20	18	7585	19	982	1327	5
142.0	6916	17	14	7586	17	1069	966	10
142.0	6913	25	20	7587	28	981	1272	8
142.0	6891	9	8	7588	8	861	867	7
142.0	7111	16	19	7589	12	1107	1299	9
142.0	7291	28	26	7590	30	1092	873	9
142.0	7263	11	13	7591	8	994	890	11
142.0	7246	13	18	7592	7	1161	679	11
142.0	6972	18	16	7593	20	1095	1029	9
142.0	7076	23	22	7594	23	1251	633	9
142.0	7245	23	21	7595	24	1028	909	7
142.0	7160	19	23	7596	14	1558	1760	10
142.0	6897	12	10	7597	12	1221	1440	8
142.0	6917	23	26	7598	20	1537	1999	8
142.0	7260	16	15	7599	17	812	361	8
143.0	6878	13	18	7600	7	1095	1011	9
143.0	7299	34	41	7601	24	770	1369	11
143.0	7274	16	17	7602	12	946	1040	8
143.0	7199	39	42	7603	34	996	1203	11
143.0	6994	22	16	7604	26	1202	1093	10
143.0	7311	19	18	7605	20	1077	1186	9
143.0	7188	15	15	7606	13	1388	932	8
143.0	7159	26	27	7607	24	1137	1229	9
143.0	6943	11	17	7608	5	768	460	13
143.0	7075	24	16	7609	32	1021	1250	8
143.0	7145	9	11	7610	5	1131	1162	11
143.0	7160	23	22	7611	24	1558	1760	11
143.0	7089	18	17	7612	17	1196	742	9
143.0	7028	26	23	7613	26	1990	1893	6
143.0	6922	9	13	7614	4	1130	920	13
143.0	7134	15	9	7615	21	1018	1227	7
143.0	7172	15	16	7616	13	744	510	12
143.0	6927	27	32	7617	22	1003	979	8
143.0	7076	22	25	7618	19	1251	633	10
143.0	7046	6	8	7619	4	1564	850	13
143.0	6965	13	13	7620	13	1097	1219	11
143.0	7031	14	11	7621	16	986	958	10
143.0	7229	12	11	7622	13	882	729	9
143.0	7009	13	13	7623	13	889	307	10
143.0	7013	10	10	7624	10	857	901	9
143.0	7020	15	16	7625	13	1532	677	9
143.0	6980	15	13	7626	17	841	810	9
143.0	7153	15	17	7627	10	943	1264	8
143.0	7210	19	18	7628	18	1151	878	9
143.0	7038	5	6	7629	3	1076	1200	10
143.0	7045	12	10	7630	13	956	990	8
143.0	6905	12	13	7631	10	1502	1297	12
143.0	7307	20	23	7632	17	1188	1322	11
143.0	6944	18	19	7633	17	707	924	9
143.0	7103	10	13	7634	7	780	663	7
143.0	7222	8	11	7635	4	1482	1316	12
143.0	7116	12	9	7636	14	1026	380	11
143.0	7212	29	32	7637	26	1087	1856	13
143.0	6924	13	17	7638	8	1174	410	11
143.0	7107	15	11	7639	18	1126	1269	10
143.0	6989	9	9	7640	9	1435	1121	13
143.0	7265	9	7	7641	11	779	1035	11
143.0	7287	17	14	7642	20	960	1056	9
143.0	7233	27	25	7643	27	1137	787	10
144.0	7124	32	38	7644	25	128	1061	12
144.0	7220	7	6	7645	8	1243	1061	8
144.0	7155	6	7	7646	5	1312	842	13
144.0	7070	15	11	7647	19	1289	870	11
144.0	7195	15	18	7648	11	671	1943	10
144.0	7291	26	23	7649	27	1092	873	10
144.0	7104	37	32	7650	42	1341	976	9
144.0	6897	10	10	7651	9	1221	1440	9
144.0	7033	17	9	7652	23	937	830	9
144.0	7178	15	12	7653	17	916	951	9
144.0	7310	11	8	7654	14	1171	1294	9
144.0	7514	12	11	7655	13	1308	940	10
144.0	6964	12	9	7656	15	1234	1052	8
144.0	7011	4	5	7657	2	1171	919	11
144.0	6902	12	15	7658	9	1178	1501	9
144.0	7187	19	20	7659	15	1367	548	9
144.0	7218	10	10	7660	10	827	537	12
144.0	7025	12	14	7661	10	1176	1368	10
144.0	7028	23	23	7662	22	1990	1893	7
144.0	6979	31	32	7663	29	340	389	9
144.0	6880	9	8	7664	10	1355	1152	10
144.0	6887	18	18	7665	15	1016	1039	11
144.0	7079	15	19	7666	11	1063	832	9
144.0	7109	26	31	7667	21	819	507	12
144.0	7052	24	29	7668	17	890	626	12
144.0	6969	14	13	7669	14	612	895	9
144.0	7183	17	21	7670	13	1163	702	9
144.0	7274	17	23	7671	11	946	1040	9
144.0	7141	18	15	7672	21	1007	1423	8
144.0	7050	13	14	7673	10	922	313	9
144.0	7145	11	10	7674	10	1131	1162	12
144.0	7021	11	15	7675	6	1030	1422	8
145.0	6964	9	11	7676	7	1234	1052	9
145.0	6955	24	20	7677	28	939	1212	8
145.0	7214	22	24	7678	18	1105	1039	8
145.0	7189	19	14	7679	22	970	1220	10
145.0	7005	20	18	7680	22	954	1172	8
145.0	7064	10	11	7681	7	1413	782	12
145.0	7019	23	20	7682	26	1420	801	10
145.0	6909	16	14	7683	18	713	545	10
145.0	6920	11	9	7684	13	831	242	9
145.0	7345	23	19	7685	27	938	950	7
145.0	7323	16	20	7686	12	767	559	8
145.0	6879	10	12	7687	8	1022	889	12
145.0	7132	11	13	7688	9	923	1328	8
145.0	6907	20	23	7689	16	725	1343	8
145.0	6880	8	8	7690	8	1355	1152	11
145.0	7013	10	14	7691	6	857	901	10
145.0	6886	28	23	7692	32	1190	874	10
145.0	7140	21	18	7693	24	1244	1090	6
145.0	7035	12	11	7694	13	1390	1335	8
145.0	7193	8	10	7695	5	1483	473	10
145.0	7074	34	23	7696	42	647	1958	13
145.0	7426	13	10	7697	15	1140	828	11
145.0	7062	13	13	7698	13	1058	875	9
145.0	6947	16	19	7699	13	1170	1015	10
145.0	7051	4	3	7700	5	1132	1187	10
145.0	7102	13	11	7701	15	1247	558	10
145.0	7110	22	28	7702	11	672	973	9
145.0	7082	22	22	7703	20	1313	963	6
145.0	6973	14	15	7704	13	854	1516	8
146.0	6990	19	25	7705	13	719	1232	9
146.0	7323	20	24	7706	15	767	559	9
146.0	6927	32	35	7707	29	1003	979	9
146.0	7236	24	18	7708	28	592	462	9
146.0	7189	14	10	7709	17	970	1220	11
146.0	7246	18	19	7710	14	1161	679	12
146.0	7165	9	9	7711	9	1318	1224	10
146.0	6882	12	12	7712	12	753	1760	10
146.0	7117	21	17	7713	24	1247	896	9
146.0	6967	12	15	7714	9	1245	870	8
146.0	7300	8	13	7715	3	1322	1067	10
146.0	7098	25	34	7716	16	1031	1240	9
146.0	7542	7	10	7717	4	1294	842	13
146.0	7015	26	27	7718	24	998	1016	11
146.0	6983	8	8	7719	8	1204	1322	12
146.0	7201	21	24	7720	17	1146	961	8
146.0	6938	22	22	7721	22	1062	817	12
146.0	7214	24	21	7722	25	1105	1039	9
146.0	7031	11	10	7723	12	986	958	11
146.0	7125	13	12	7724	13	1091	450	11
146.0	7092	21	17	7725	24	942	1157	7
146.0	7154	11	14	7726	7	1180	889	9
146.0	6950	19	16	7727	21	1279	1511	11
146.0	7046	8	6	7728	10	1564	850	14
146.0	7129	34	35	7729	31	1330	1999	9
146.0	6997	5	5	7730	5	707	1526	9
146.0	7057	29	26	7731	30	930	1074	7
146.0	7227	19	19	7732	18	1032	1018	9
146.0	7167	14	15	7733	13	1566	1381	11
146.0	7181	23	20	7734	24	1527	1031	9
146.0	6980	13	11	7735	14	841	810	10
146.0	7388	6	4	7736	8	1133	451	11
146.0	6947	19	18	7737	20	1170	1015	11
146.0	7188	15	15	7738	14	1388	932	9
146.0	6886	23	25	7739	19	1190	874	11
146.0	6910	23	17	7740	27	1119	409	10
147.0	6927	35	31	7741	36	1003	979	10
147.0	7055	13	15	7742	11	1048	1255	9
147.0	7095	19	20	7743	17	1040	1378	9
147.0	7218	10	10	7744	10	843	553	13
147.0	6985	18	14	7745	20	980	1039	8
147.0	6959	39	39	7746	37	785	1589	13
147.0	7204	17	19	7747	15	1273	860	9
147.0	6915	14	11	7748	16	938	1114	7
147.0	7545	15	12	7749	17	1372	1309	10
147.0	7391	18	14	7750	22	884	987	9
147.0	7506	9	6	7751	12	1063	1111	9
147.0	7121	24	20	7752	27	459	857	10
147.0	6960	11	11	7753	11	1180	41	10
147.0	6903	13	13	7754	12	1575	1112	10
147.0	6932	20	23	7755	16	1279	991	12
147.0	6967	15	14	7756	16	1245	870	9
147.0	7009	13	14	7757	11	889	307	11
147.0	7020	16	13	7758	18	1532	677	10
147.0	7118	28	29	7759	24	879	841	7
147.0	7069	19	18	7760	19	1082	952	8
147.0	6899	14	13	7761	13	999	1070	10
147.0	7113	6	8	7762	3	1061	888	8
147.0	6986	20	20	7763	20	558	742	14
147.0	7168	24	26	7764	22	840	1053	9
147.0	6882	12	12	7765	12	753	1760	11
147.0	7454	11	13	7766	9	1564	910	13
147.0	7092	17	14	7767	18	942	1157	8
147.0	7542	10	10	7768	9	1294	842	14
147.0	7125	12	14	7769	10	1091	450	12
147.0	7159	27	30	7770	23	1137	1229	10
147.0	7151	28	37	7771	18	997	585	11
147.0	6886	25	23	7772	26	1190	874	12
147.0	7208	14	13	7773	14	1191	1159	9
147.0	7147	32	30	7774	34	1071	1279	11
147.0	7034	36	32	7775	40	721	1071	10
147.0	6889	18	21	7776	11	634	979	14
147.0	7110	28	21	7777	35	672	973	10
147.0	7228	9	10	7778	8	1000	160	11
148.0	6883	11	11	7779	11	1079	1074	9
148.0	7298	24	20	7780	25	1366	656	9
148.0	7261	17	12	7781	22	1172	1594	7
148.0	6961	15	13	7782	17	948	1016	9
148.0	6882	12	10	7783	13	753	1760	12
148.0	7118	29	30	7784	26	879	841	8
148.0	7085	22	20	7785	23	914	862	7
148.0	7014	33	30	7786	34	793	766	9
148.0	6884	7	5	7787	8	657	476	12
148.0	6925	20	18	7788	22	904	1128	11
148.0	7173	19	17	7789	21	719	441	13
148.0	7509	22	20	7790	24	1099	1265	11
148.0	6941	28	31	7791	24	533	983	13
148.0	6932	23	23	7792	21	1279	991	13
148.0	6919	15	11	7793	18	1494	1684	8
148.0	7084	39	40	7794	37	797	1287	12
148.0	7276	17	18	7795	16	1228	1088	10
148.0	7095	20	25	7796	14	1040	1378	10
148.0	7072	17	20	7797	14	1137	1059	10
148.0	7151	37	44	7798	29	997	585	12
148.0	7471	36	34	7799	36	510	1047	12
148.0	6990	25	23	7800	26	719	1232	10
148.0	7192	21	18	7801	22	978	701	11
148.0	6984	20	12	7802	25	1109	1112	11
148.0	6975	19	17	7803	20	997	824	7
148.0	7197	12	13	7804	11	698	503	13
148.0	7086	27	19	7805	34	1176	860	11
148.0	7125	14	12	7806	14	1091	450	13
148.0	7472	21	13	7807	28	927	630	12
148.0	6987	5	6	7808	4	1020	1316	12
148.0	7225	11	14	7809	7	1209	1048	8
148.0	6933	26	24	7810	24	900	893	9
148.0	6930	8	8	7811	8	967	1260	9
148.0	6889	21	17	7812	25	634	979	15
148.0	6959	39	43	7813	32	785	1589	14
148.0	7234	21	24	7814	16	711	1329	8
148.0	7021	15	10	7815	18	1030	1422	9
148.0	7121	20	16	7816	22	459	857	11
148.0	7388	4	3	7817	3	1133	451	12
148.0	7643	27	20	7818	31	1157	767	11
148.0	7291	23	21	7819	24	1092	853	11
148.0	7147	30	32	7820	26	1071	1279	12
148.0	7566	10	11	7821	8	1078	1255	8
148.0	7213	25	28	7822	21	859	455	13
148.0	7202	21	17	7823	23	976	1173	10
148.0	7052	29	29	7824	27	909	697	13
149.0	7166	13	15	7825	11	1234	928	8
149.0	7065	19	15	7826	21	1061	1381	9
149.0	7406	25	22	7827	27	1042	1081	10
149.0	7329	6	2	7828	10	1148	1041	9
149.0	6987	6	7	7829	5	1020	1316	13
149.0	7081	10	7	7830	13	1455	988	13
149.0	7177	30	34	7831	26	1078	1149	8
149.0	7207	9	8	7832	10	1252	946	9
149.0	6891	8	8	7833	8	829	835	8
149.0	6946	4	6	7834	2	870	1062	13
149.0	6925	18	21	7835	13	904	1128	12
149.0	7358	53	48	7836	52	780	1190	12
149.0	6967	14	10	7837	18	1245	870	10
149.0	7034	32	27	7838	33	721	1071	11
149.0	7413	24	20	7839	28	620	945	14
149.0	7165	9	8	7840	10	1318	1224	11
149.0	7609	32	30	7841	33	964	1352	9
149.0	7094	16	14	7842	17	846	1102	10
149.0	7030	9	9	7843	9	809	1669	9
149.0	7109	31	22	7844	36	819	507	13
149.0	7004	18	19	7845	15	982	1327	6
149.0	7242	20	24	7846	15	1303	1082	10
149.0	6992	23	25	7847	19	759	746	11
149.0	7185	10	11	7848	8	1184	169	9
149.0	7011	5	10	7849	0	1171	919	12
149.0	7509	20	26	7850	14	1111	1277	12
149.0	7117	17	16	7851	17	1247	896	10
149.0	7173	17	16	7852	17	719	441	14
149.0	6934	24	29	7853	18	1212	1531	9
149.0	6998	8	9	7854	7	941	468	13
149.0	7114	19	12	7855	25	969	768	8
149.0	7115	14	15	7856	13	1301	1216	10
149.0	7312	22	25	7857	19	812	630	10
149.0	7078	14	16	7858	12	891	1023	6
149.0	6941	31	28	7859	33	463	995	14
149.0	7055	15	15	7860	15	1048	1255	10
149.0	7795	16	18	7861	14	1242	1102	11
149.0	7084	40	33	7862	46	797	1287	13
149.0	7409	7	8	7863	5	1308	1149	9
150.0	6967	10	11	7864	9	1245	870	11
150.0	6972	16	12	7865	20	1095	1029	10
150.0	7139	6	3	7866	8	1069	1303	10
150.0	7316	5	3	7867	7	905	1229	9
150.0	6938	22	17	7868	25	1062	797	13
150.0	7092	14	12	7869	16	942	1157	9
150.0	7254	8	10	7870	6	1280	1231	10
150.0	7101	10	12	7871	7	1202	482	10
150.0	6880	8	8	7872	7	1403	1152	12
150.0	7077	13	9	7873	14	1117	574	10
150.0	7206	37	29	7874	40	776	1413	10
150.0	7070	11	12	7875	9	1308	870	12
150.0	7127	33	31	7876	35	802	901	10
150.0	7251	25	26	7877	24	518	483	11
150.0	6931	11	10	7878	11	1188	976	7
150.0	7027	18	18	7879	18	690	899	11
150.0	7219	20	15	7880	23	579	1367	10
150.0	7449	22	21	7881	23	1095	1680	9
150.0	7004	19	19	7882	18	982	1327	7
150.0	7245	21	17	7883	24	1028	909	8
150.0	7158	9	9	7884	8	881	1121	9
150.0	7133	31	30	7885	31	880	1163	8
150.0	6893	2	0	7886	4	1199	1063	10
150.0	7154	14	17	7887	11	1180	889	10
150.0	6999	20	20	7888	19	1204	45	10
150.0	7046	6	6	7889	6	1564	850	15
150.0	7040	25	24	7890	21	1359	325	9
150.0	6913	20	29	7891	11	965	1288	9
150.0	7089	17	14	7892	18	1196	742	10
150.0	7065	15	19	7893	10	1061	1381	10
150.0	7176	17	14	7894	19	1337	558	9
150.0	6929	24	26	7895	21	1092	1417	10
150.0	7131	10	5	7896	14	962	934	8
150.0	7609	30	27	7897	31	938	1378	10
150.0	7409	8	11	7898	5	1308	1149	10
150.0	7011	10	12	7899	6	1171	919	13
150.0	6963	12	12	7900	11	1319	1399	14
150.0	7187	20	19	7901	18	1367	548	10
150.0	6891	8	11	7902	4	829	835	9
150.0	7429	38	41	7903	33	713	1295	12
150.0	7421	14	11	7904	16	749	445	13
151.0	6993	2	1	7905	3	1047	1229	10
151.0	7270	8	9	7906	7	1010	1129	9
151.0	7112	17	16	7907	18	1188	996	10
151.0	7146	11	11	7908	10	1418	962	8
151.0	7103	13	13	7909	12	780	663	8
151.0	7477	20	23	7910	17	781	505	9
151.0	6939	27	33	7911	20	919	1307	9
151.0	6960	11	11	7912	10	1180	41	11
151.0	7325	17	18	7913	16	1013	757	10
151.0	7485	15	17	7914	13	912	992	8
151.0	6999	20	18	7915	20	1204	45	11
151.0	7542	10	9	7916	11	1294	842	15
151.0	6901	20	19	7917	19	740	917	14
151.0	7352	8	5	7918	11	739	475	13
151.0	7101	12	12	7919	12	1202	482	11
151.0	7409	11	8	7920	14	1308	1149	11
151.0	6892	36	30	7921	41	487	1101	12
151.0	7345	19	18	7922	19	926	938	8
151.0	6907	23	23	7923	19	725	1343	9
151.0	7058	20	17	7924	23	1047	988	10
151.0	7162	15	14	7925	16	1068	1431	10
151.0	7226	10	11	7926	9	559	976	12
151.0	7624	10	11	7927	9	831	911	10
151.0	7046	6	4	7928	8	1564	850	16
151.0	7122	13	9	7929	16	970	1200	7
151.0	7725	24	25	7930	21	890	1145	8
151.0	7136	15	13	7931	17	769	1263	10
151.0	7245	17	17	7932	17	1028	909	9
151.0	7190	25	23	7933	27	1028	1273	11
151.0	7097	30	30	7934	27	807	1356	8
151.0	7361	17	12	7935	22	829	702	11
151.0	7048	20	21	7936	19	707	1008	7
151.0	7262	3	1	7937	4	1346	881	13
151.0	7428	21	20	7938	19	887	899	10
151.0	7068	20	18	7939	22	971	1157	8
151.0	7224	8	10	7940	6	817	996	7
151.0	7347	17	19	7941	15	1259	883	9
151.0	7254	10	7	7942	13	1280	1231	11
151.0	6909	14	16	7943	11	679	591	11
151.0	7296	6	5	7944	7	991	1286	9
151.0	7294	15	12	7945	17	1405	938	9
151.0	7346	13	14	7946	11	510	742	12
152.0	7230	19	20	7947	18	1279	1571	9
152.0	7394	20	19	7948	21	1099	870	10
152.0	7148	18	18	7949	17	1149	1144	9
152.0	6965	13	15	7950	11	1097	1219	12
152.0	7221	14	11	7951	17	1209	961	7
152.0	7485	17	13	7952	19	912	992	9
152.0	6908	32	29	7953	31	810	1316	11
152.0	6905	13	16	7954	9	1459	1273	13
152.0	7171	14	12	7955	16	1467	1022	10
152.0	7025	14	12	7956	14	1176	1368	11
152.0	6973	15	16	7957	13	854	1516	9
152.0	6935	23	22	7958	24	1304	1551	12
152.0	7237	24	23	7959	24	590	939	12
152.0	6989	9	9	7960	9	1474	1131	14
152.0	7176	14	13	7961	13	1337	558	10
152.0	7193	10	3	7962	17	1483	473	11
152.0	7427	14	10	7963	16	1075	1399	8
152.0	7215	14	15	7964	11	1158	1453	7
152.0	7347	19	19	7965	19	1259	883	10
152.0	7548	15	17	7966	12	899	1981	10
152.0	7369	9	9	7967	9	1395	968	8
152.0	7067	23	19	7968	27	1052	547	8
152.0	6955	20	16	7969	23	917	1212	9
152.0	6911	16	16	7970	14	1234	962	9
152.0	7161	28	19	7971	34	788	555	9
152.0	7170	24	22	7972	25	1335	1479	9
152.0	7456	14	13	7973	15	851	1000	10
152.0	7295	13	10	7974	16	938	914	11
152.0	7612	17	21	7975	13	1161	706	10
152.0	7239	29	36	7976	21	1213	893	9
152.0	6907	23	25	7977	20	725	1343	10
152.0	7222	11	7	7978	14	1490	1398	13
152.0	7352	5	6	7979	4	739	475	14
152.0	7723	12	11	7980	12	1002	958	12
152.0	6934	29	26	7981	30	1212	1531	10
152.0	7186	27	24	7982	30	1309	1044	8
152.0	7017	9	11	7983	7	1199	1283	9
152.0	7026	17	16	7984	17	846	1251	9
152.0	7179	42	45	7985	35	362	1301	12
152.0	7053	22	21	7986	23	1080	1366	8
152.0	7178	12	11	7987	11	892	951	10
152.0	7516	20	24	7988	15	670	882	14
152.0	6879	12	6	7989	17	1022	889	13
152.0	7108	32	32	7990	31	486	742	11
152.0	7162	14	16	7991	9	1068	1431	11
153.0	7392	9	7	7992	11	803	1067	13
153.0	7326	9	10	7993	8	1160	1526	9
153.0	7088	17	15	7994	18	826	1934	10
153.0	6925	21	23	7995	18	919	1128	13
153.0	7002	25	23	7996	26	1291	1524	11
153.0	7129	35	39	7997	28	1330	1999	10
153.0	7146	11	10	7998	11	1418	962	9
153.0	7239	36	39	7999	31	1213	893	10
153.0	7066	20	26	8000	13	1403	1464	11
153.0	7316	3	2	8001	4	888	1229	10
153.0	7108	32	26	8002	33	486	742	12
153.0	7407	12	14	8003	9	1156	486	10
153.0	7244	12	8	8004	14	999	1142	9
153.0	7760	19	13	8005	22	1082	932	9
153.0	7222	7	4	8006	10	1490	1398	14
153.0	7144	21	26	8007	15	919	1051	11
153.0	7964	11	11	8008	10	1181	1453	8
153.0	7059	10	14	8009	6	1481	950	11
153.0	7322	20	21	8010	19	765	531	12
153.0	7243	16	17	8011	14	1273	810	10
153.0	7014	30	27	8012	31	793	766	10
153.0	7084	33	30	8013	34	797	1287	14
153.0	6921	12	11	8014	13	1490	818	12
153.0	7003	15	13	8015	17	1191	1611	6
153.0	6965	15	16	8016	14	1097	1219	13
153.0	7280	11	12	8017	9	1172	1570	8
153.0	7158	9	9	8018	9	881	1121	10
153.0	7216	18	15	8019	21	1042	939	10
153.0	7193	3	3	8020	3	1483	473	12
153.0	7256	24	19	8021	29	1429	1723	7
153.0	7723	11	10	8022	12	1002	958	13
153.0	7375	10	14	8023	5	1042	868	11
153.0	7778	8	9	8024	5	1015	145	12
153.0	7369	9	6	8025	10	1395	968	9
153.0	7037	11	13	8026	8	805	1039	10
153.0	7169	12	11	8027	11	1192	1392	11
153.0	7231	17	17	8028	16	1370	740	12
153.0	7452	11	7	8029	15	782	261	13
153.0	7099	20	21	8030	16	1099	362	11
153.0	6941	28	23	8031	31	302	1005	15
153.0	7351	18	13	8032	23	933	1292	9
153.0	7543	24	25	8033	21	1421	888	9
153.0	7438	27	33	8034	20	956	787	9
153.0	7161	19	22	8035	15	788	555	10
153.0	6955	16	16	8036	16	917	1212	10
153.0	7394	19	18	8037	20	1099	870	11
153.0	7490	20	21	8038	18	632	1221	9
153.0	7195	18	18	8039	18	362	1887	11
153.0	7377	16	19	8040	13	1082	979	9
153.0	7058	17	18	8041	15	1047	988	11
153.0	7406	22	20	8042	23	1042	1081	11
154.0	6955	16	15	8043	17	917	1212	11
154.0	7229	11	9	8044	10	822	561	10
154.0	7416	5	2	8045	8	1077	1229	9
154.0	7493	11	9	8046	13	820	1203	10
154.0	7290	20	27	8047	12	821	1186	8
154.0	7026	16	12	8048	20	846	1251	10
154.0	7109	22	18	8049	24	819	507	14
154.0	7029	8	7	8050	9	987	1441	10
154.0	7240	25	21	8051	27	476	1177	8
154.0	7760	13	13	8052	11	1082	932	10
154.0	7307	23	27	8053	18	1257	1332	12
154.0	7465	16	19	8054	13	1372	1469	13
154.0	7475	17	16	8055	17	1169	1345	11
154.0	7350	6	6	8056	5	1528	898	11
154.0	7527	7	7	8057	7	1421	1010	14
154.0	7092	12	12	8058	10	942	1157	10
154.0	6944	19	18	8059	19	707	924	10
154.0	7364	19	15	8060	23	1231	1296	9
154.0	6922	13	14	8061	12	1112	920	14
154.0	7308	9	12	8062	5	1031	1108	10
154.0	7110	21	18	8063	24	672	973	11
154.0	6966	14	11	8064	16	1383	909	8
154.0	7421	11	14	8065	8	749	445	14
154.0	7001	14	12	8066	15	923	982	8
154.0	7615	21	20	8067	22	989	1227	8
154.0	6969	13	18	8068	8	612	895	10
154.0	7489	16	16	8069	16	1266	1569	10
154.0	6910	17	17	8070	17	1064	408	11
154.0	7164	18	21	8071	15	1251	1202	10
154.0	7389	24	27	8072	20	843	1158	9
154.0	7449	21	21	8073	19	1039	1666	10
154.0	7318	32	34	8074	27	682	922	11
154.0	7005	18	16	8075	19	935	1206	9
154.0	7461	15	11	8076	19	872	1032	8
154.0	7095	25	27	8077	21	1040	1378	11
154.0	6921	11	13	8078	8	1490	818	13
154.0	7230	20	18	8079	20	1266	1584	10
154.0	6989	9	3	8080	14	1474	1131	15
154.0	7343	25	23	8081	27	1801	1618	8
154.0	7358	48	42	8082	51	780	1190	13
154.0	7116	9	6	8083	12	1103	384	12
154.0	7160	22	15	8084	26	1818	1766	12
154.0	6977	15	14	8085	14	970	859	11
154.0	7237	23	24	8086	22	590	939	13
154.0	7072	20	19	8087	20	1137	1059	11
154.0	7181	20	25	8088	15	1527	1031	10
154.0	7159	30	30	8089	28	1158	1229	11
154.0	6996	18	17	8090	16	1405	1289	11
154.0	6942	17	11	8091	21	1456	950	9
154.0	7340	4	2	8092	6	838	1192	10
154.0	7377	19	17	8093	21	1082	979	10
154.0	7129	39	38	8094	39	1330	1999	11
154.0	7628	18	20	8095	16	1134	878	10
155.0	7272	20	20	8096	20	872	1290	9
155.0	7178	11	13	8097	8	846	951	11
155.0	7404	17	13	8098	21	814	968	9
155.0	7196	11	9	8099	13	779	1426	8
155.0	7346	14	13	8100	14	510	742	13
155.0	7372	28	30	8101	23	1243	808	10
155.0	7337	25	17	8102	31	1429	1652	11
155.0	7007	21	18	8103	23	1212	1191	10
155.0	7542	9	6	8104	12	1294	842	16
155.0	7576	13	11	8105	15	881	1014	11
155.0	7076	25	26	8106	23	1251	633	11
155.0	7148	18	13	8107	22	1136	1131	10
155.0	7057	26	32	8108	19	930	1074	8
155.0	7137	14	13	8109	14	971	682	10
155.0	6902	15	16	8110	13	1178	1501	10
155.0	7032	16	15	8111	17	1196	1122	7
155.0	7648	11	8	8112	13	683	1943	11
155.0	7428	20	17	8113	22	887	899	11
155.0	7290	27	26	8114	26	821	1186	9
155.0	7139	3	3	8115	2	1069	1303	11
155.0	7212	32	29	8116	33	1061	1999	14
155.0	7156	22	22	8117	21	910	1293	7
155.0	7373	15	19	8118	9	1538	850	12
155.0	7070	12	13	8119	10	1346	870	13
155.0	6968	17	18	8120	16	1169	999	8
155.0	7289	4	5	8121	3	1366	929	14
155.0	7416	2	1	8122	3	1077	1229	10
155.0	6958	18	17	8123	18	797	1381	9
155.0	7066	26	27	8124	23	1403	1464	12
155.0	7350	6	7	8125	5	1528	898	12
155.0	7609	27	27	8126	27	938	1378	11
155.0	6893	0	0	8127	0	1199	1063	11
155.0	7287	14	10	8128	18	960	1056	10
155.0	7579	15	16	8129	12	685	1473	9
155.0	6948	4	3	8130	5	1246	773	13
155.0	7310	8	7	8131	9	1171	1252	10
155.0	7396	18	19	8132	17	1063	1366	8
155.0	7036	24	25	8133	23	1269	989	7
155.0	6921	13	12	8134	14	1490	818	14
155.0	6918	25	29	8135	20	853	930	10
155.0	7467	21	16	8136	25	1101	945	10
155.0	7307	27	26	8137	28	1257	1332	13
155.0	7194	18	16	8138	19	1575	1402	10
155.0	7020	13	13	8139	13	1536	630	11
155.0	7126	23	19	8140	23	1372	1407	10
155.0	7017	11	5	8141	16	1199	1283	10
155.0	7502	14	9	8142	18	993	867	11
155.0	7108	26	25	8143	27	486	742	13
155.0	7734	24	26	8144	20	1509	976	10
156.0	7063	15	14	8145	15	1116	960	12
156.0	7554	16	12	8146	20	862	914	10
156.0	7041	9	6	8147	12	1466	1232	9
156.0	7024	18	21	8148	12	1138	1414	9
156.0	7196	9	12	8149	6	779	1426	9
156.0	7028	23	22	8150	24	1990	1893	8
156.0	7219	15	7	8151	22	566	1416	11
156.0	7000	15	11	8152	16	950	688	10
156.0	7073	5	5	8153	5	877	337	9
156.0	7612	21	17	8154	24	1161	706	11
156.0	6906	21	22	8155	20	1559	245	11
156.0	7126	19	17	8156	19	1372	1407	11
156.0	7303	7	6	8157	8	992	1337	9
156.0	7173	16	11	8158	20	701	441	15
156.0	7145	10	14	8159	6	1131	1162	13
156.0	7046	4	1	8160	6	1564	850	17
156.0	7346	13	15	8161	10	510	742	14
156.0	7479	14	12	8162	15	1337	886	9
156.0	7446	14	13	8163	15	1308	302	10
156.0	7084	30	24	8164	33	797	1287	15
156.0	7413	20	20	8165	15	620	945	15
156.0	7484	20	24	8166	15	788	1356	8
156.0	7487	20	21	8167	18	1252	1232	10
156.0	7154	17	17	8168	17	1180	889	11
156.0	7375	14	11	8169	16	1042	868	12
156.0	7012	16	12	8170	19	892	1425	6
156.0	7445	20	25	8171	14	898	360	11
156.0	7138	27	33	8172	21	960	894	10
156.0	7408	18	15	8173	18	991	779	11
156.0	7275	22	22	8174	21	811	1531	8
156.0	7377	17	15	8175	19	1082	979	11
156.0	7468	22	23	8176	20	1092	161	11
156.0	7054	10	9	8177	11	780	300	13
156.0	7170	22	16	8178	25	1335	1479	10
156.0	7620	13	14	8179	11	1119	1198	12
156.0	7137	13	14	8180	11	971	682	11
156.0	7087	4	3	8181	5	1144	1088	9
156.0	7195	18	14	8182	22	362	1887	12
156.0	6965	16	13	8183	18	1097	1219	14
156.0	7304	7	10	8184	4	1020	1334	11
156.0	7583	15	13	8185	16	1000	175	11
156.0	7545	12	10	8186	13	1409	1334	11
156.0	7204	19	13	8187	24	1273	860	10
156.0	7698	13	14	8188	12	1026	802	10
156.0	7290	26	26	8189	23	821	1186	10
156.0	7624	11	11	8190	9	831	911	11
156.0	7467	16	22	8191	10	1101	945	11
156.0	6980	11	11	8192	11	841	772	11
156.0	7576	11	12	8193	10	881	1014	12
156.0	6953	21	22	8194	20	1347	1804	11
157.0	7716	16	15	8195	17	1002	1240	10
157.0	7624	11	14	8196	8	831	911	12
157.0	7322	21	22	8197	20	765	531	13
157.0	7891	11	7	8198	15	952	1320	10
157.0	7386	13	9	8199	14	654	999	13
157.0	7342	12	13	8200	11	850	852	8
157.0	6969	18	17	8201	19	612	895	11
157.0	7468	23	15	8202	29	1092	161	12
157.0	7412	25	19	8203	30	609	1013	13
157.0	7306	18	23	8204	12	782	404	13
157.0	7721	22	23	8205	19	1077	798	13
157.0	7161	22	17	8206	26	788	555	11
157.0	7123	10	13	8207	7	717	1768	8
157.0	7362	31	30	8208	29	1487	1355	12
157.0	6934	26	29	8209	22	1212	1531	11
157.0	7217	8	10	8210	6	1279	776	12
157.0	7061	24	19	8211	26	685	1369	9
157.0	7443	42	42	8212	40	1560	1435	10
157.0	6971	6	7	8213	5	841	1228	10
157.0	7393	27	28	8214	23	780	885	9
157.0	7264	24	22	8215	22	1443	1999	11
157.0	7171	12	12	8216	12	1467	1022	11
157.0	7207	8	7	8217	8	1252	946	10
157.0	7074	23	23	8218	22	583	1980	14
157.0	7185	11	12	8219	9	1184	169	10
157.0	6924	17	14	8220	18	1185	333	12
157.0	7004	19	16	8221	19	969	1340	8
157.0	7694	13	14	8222	11	1417	1426	9
157.0	7127	31	32	8223	28	802	901	11
157.0	7180	12	14	8224	10	618	431	11
157.0	7209	21	26	8225	16	1049	1497	6
157.0	6932	23	20	8226	25	1303	991	14
157.0	7116	6	6	8227	5	1103	384	13
157.0	7257	20	24	8228	15	1508	1262	12
157.0	7541	16	15	8229	14	1658	974	11
157.0	7633	17	17	8230	16	721	851	10
157.0	7927	9	9	8231	9	801	931	11
157.0	7118	30	28	8232	31	893	827	9
157.0	7182	11	12	8233	9	1390	1084	9
157.0	7025	12	15	8234	9	1176	1368	12
157.0	8100	14	16	8235	11	510	710	14
157.0	7312	25	30	8236	19	812	630	11
157.0	7157	17	18	8237	15	1250	961	8
157.0	7084	24	21	8238	25	797	1287	16
158.0	7443	42	47	8239	32	1560	1435	11
158.0	7632	17	17	8240	16	1205	1301	12
158.0	7301	30	24	8241	34	1126	821	8
158.0	7059	14	9	8242	19	1498	950	12
158.0	6945	18	17	8243	18	1181	1087	9
158.0	7439	15	12	8244	17	1329	761	8
158.0	7029	7	4	8245	8	987	1441	11
158.0	7209	26	23	8246	28	1049	1497	7
158.0	6973	16	14	8247	17	854	1516	10
158.0	7176	13	13	8248	10	1294	573	11
158.0	7422	20	22	8249	17	665	309	9
158.0	7248	4	1	8250	6	1002	922	9
158.0	7182	12	14	8251	10	1390	1084	10
158.0	7411	17	13	8252	20	987	1320	9
158.0	6990	23	19	8253	26	719	1232	11
158.0	7497	19	17	8254	19	1138	989	8
158.0	7210	18	25	8255	10	1168	861	10
158.0	7716	15	18	8256	11	1002	1240	11
158.0	7203	25	25	8257	23	1401	1567	8
158.0	7292	18	15	8258	20	801	1185	9
158.0	7554	12	14	8259	10	862	914	11
158.0	7229	9	12	8260	5	822	561	11
158.0	7091	23	21	8261	24	1057	0	11
158.0	7984	17	13	8262	20	846	1303	10
158.0	6881	6	7	8263	5	1363	903	14
158.0	7092	12	13	8264	11	942	1157	11
158.0	7266	3	4	8265	2	1450	1042	13
158.0	7271	11	10	8266	12	1109	1252	11
158.0	7759	24	22	8267	25	913	827	8
158.0	6964	11	13	8268	8	1262	1052	10
158.0	7536	14	12	8269	16	1167	639	11
158.0	7074	23	21	8270	24	583	1980	15
158.0	7715	3	3	8271	3	1322	1083	11
158.0	6892	30	23	8272	37	410	1084	13
158.0	7035	11	11	8273	10	1443	1398	9
158.0	7293	21	21	8274	20	809	719	8
158.0	7236	18	20	8275	16	592	462	10
158.0	7198	17	17	8276	17	906	862	9
158.0	7090	23	23	8277	23	1131	1385	8
158.0	7651	9	6	8278	12	1229	1454	10
158.0	7447	20	20	8279	19	1231	1333	12
158.0	6898	13	11	8280	14	1200	1261	10
159.0	7218	10	11	8281	9	843	553	14
159.0	7516	24	25	8282	23	670	882	15
159.0	7293	21	23	8283	19	809	719	9
159.0	7540	14	15	8284	12	1306	1169	9
159.0	6925	23	17	8285	27	919	1128	14
159.0	7071	13	14	8286	11	853	869	11
159.0	7784	26	30	8287	21	878	812	9
159.0	6974	6	7	8288	5	906	1499	12
159.0	7026	12	15	8289	9	846	1269	11
159.0	7153	17	18	8290	14	911	1277	9
159.0	7427	10	10	8291	10	1075	1399	9
159.0	6895	25	22	8292	26	1351	1052	9
159.0	7107	11	13	8293	9	1166	1269	11
159.0	7487	21	21	8294	21	1252	1232	11
159.0	6942	11	10	8295	12	1456	950	10
159.0	7064	11	8	8296	14	1410	655	13
159.0	6964	13	7	8297	19	1262	1052	11
159.0	7193	3	3	8298	3	1456	481	13
159.0	7091	21	17	8299	24	1057	0	12
159.0	7044	26	22	8300	29	970	1114	11
159.0	7225	14	16	8301	12	1209	1048	9
159.0	7532	29	33	8302	23	1146	1330	8
159.0	7276	18	16	8303	18	1228	1088	11
159.0	7724	13	14	8304	12	1120	420	12
159.0	7543	25	24	8305	26	1421	888	10
159.0	7035	11	10	8306	12	1443	1398	10
159.0	7409	8	6	8307	10	1349	1149	12
159.0	7260	15	12	8308	17	812	361	9
159.0	7495	18	18	8309	17	872	1197	9
159.0	7028	22	21	8310	22	1990	1893	9
159.0	7432	13	9	8311	17	1146	412	10
159.0	7077	9	11	8312	6	1117	574	11
159.0	7123	13	15	8313	11	717	1768	9
159.0	7331	8	6	8314	10	1113	1393	10
159.0	7284	20	20	8315	18	1217	686	9
159.0	7025	15	15	8316	14	1176	1368	13
159.0	7829	5	6	8317	4	1053	1331	14
159.0	7292	15	11	8318	18	801	1185	10
159.0	7136	13	11	8319	14	769	1263	11
159.0	6902	16	19	8320	11	1178	1501	11
159.0	6917	26	26	8321	26	1538	1999	9
159.0	6899	13	8	8322	18	1016	1070	11
159.0	7125	12	11	8323	13	1091	450	14
159.0	7749	17	11	8324	23	1353	1263	11
159.0	7030	9	7	8325	9	809	1669	10
159.0	7134	9	8	8326	10	1018	1227	8
159.0	7011	12	10	8327	13	1171	919	14
159.0	7715	3	1	8328	5	1322	1083	12
159.0	6979	32	30	8329	31	340	389	10
159.0	7067	19	18	8330	17	1052	547	9
160.0	7733	13	14	8331	12	1560	1486	12
160.0	7334	26	22	8332	29	1040	1320	11
160.0	7067	18	18	8333	17	1052	547	10
160.0	6960	11	12	8334	10	1199	0	12
160.0	7062	13	11	8335	15	1041	820	10
160.0	7715	1	2	8336	0	1322	1083	13
160.0	7379	10	11	8337	9	1478	950	10
160.0	7543	24	30	8338	15	1421	888	11
160.0	7900	11	11	8339	11	1319	1387	15
160.0	7829	6	6	8340	6	1053	1331	15
160.0	7053	21	24	8341	16	1080	1366	9
160.0	7155	7	8	8342	6	1327	842	14
160.0	6918	29	28	8343	29	824	949	11
160.0	7461	11	8	8344	11	872	1032	9
160.0	7670	13	20	8345	6	1183	702	10
160.0	7052	29	19	8346	37	909	697	14
160.0	7849	0	0	8347	0	1183	931	13
160.0	6955	15	15	8348	14	917	1212	12
160.0	7493	9	9	8349	9	799	1203	11
160.0	7408	15	12	8350	18	991	779	12
160.0	7166	15	16	8351	14	1278	928	9
160.0	7712	12	12	8352	12	740	1792	11
160.0	7013	14	16	8353	12	781	919	11
160.0	7544	21	24	8354	17	824	1051	10
160.0	7167	15	14	8355	14	1566	1381	12
160.0	7042	5	3	8356	6	1252	685	9
160.0	7163	14	12	8357	13	1551	850	11
160.0	7398	17	15	8358	19	681	477	11
160.0	7044	22	24	8359	19	970	1114	12
160.0	7160	15	10	8360	17	1818	1766	13
160.0	6943	17	18	8361	14	768	460	14
160.0	7101	12	13	8362	11	1202	482	12
160.0	7228	10	11	8363	7	1000	160	12
160.0	7570	14	15	8364	12	1012	1170	9
160.0	7025	15	14	8365	16	1176	1368	14
160.0	6979	30	33	8366	26	408	416	11
160.0	6978	26	20	8367	30	1832	1576	10
160.0	7497	17	15	8368	18	1138	989	9
160.0	6936	24	22	8369	25	1018	1927	9
160.0	7448	17	12	8370	21	1327	1407	13
160.0	7529	45	39	8371	49	1230	821	11
160.0	7437	10	6	8372	14	874	321	10
160.0	7498	11	11	8373	11	992	1131	11
160.0	7651	6	6	8374	6	1229	1454	11
160.0	7022	22	21	8375	22	1681	849	10
160.0	6951	19	17	8376	19	889	377	14
160.0	7564	19	16	8377	22	1145	1411	12
160.0	7761	13	7	8378	18	1033	1070	11
160.0	7309	15	16	8379	14	844	384	9
161.0	7854	7	6	8380	7	959	468	14
161.0	6996	17	17	8381	16	1405	1289	12
161.0	6909	16	16	8382	16	679	591	12
161.0	7017	5	4	8383	6	1199	1283	11
161.0	7490	21	18	8384	24	632	1221	10
161.0	7612	17	18	8385	15	1161	706	12
161.0	7148	13	12	8386	13	1157	1131	11
161.0	7053	24	27	8387	19	1080	1366	10
161.0	7928	8	10	8388	5	1578	884	17
161.0	7721	23	23	8389	21	1077	798	14
161.0	7037	13	11	8390	14	805	1039	11
161.0	7724	14	14	8391	14	1120	420	13
161.0	6992	25	26	8392	23	708	796	12
161.0	8104	12	11	8393	12	1312	857	17
161.0	6878	18	18	8394	18	1119	1023	10
161.0	7458	7	8	8395	6	1011	830	12
161.0	7615	20	19	8396	19	989	1244	9
161.0	7194	16	16	8397	16	1575	1402	11
161.0	7051	3	2	8398	4	1147	1172	11
161.0	7749	11	11	8399	10	1353	1263	12
161.0	6956	13	13	8400	11	1365	1197	9
161.0	7349	10	11	8401	9	994	1566	12
161.0	7249	11	11	8402	11	842	1054	10
161.0	7796	14	16	8403	10	1002	1362	11
161.0	7444	4	6	8404	2	1062	1229	10
161.0	7643	20	24	8405	15	1157	767	12
161.0	7805	34	33	8406	35	1216	798	12
161.0	7441	22	23	8407	18	951	988	7
161.0	6937	14	4	8408	24	703	532	13
161.0	7416	1	1	8409	1	1077	1229	11
161.0	7689	16	17	8410	13	738	1310	9
161.0	8027	11	15	8411	7	1218	1437	12
161.0	6923	14	11	8412	16	1054	208	11
161.0	7168	26	20	8413	28	840	1073	10
161.0	7067	18	15	8414	21	1052	547	11
161.0	7111	19	19	8415	18	1045	1398	10
161.0	6999	18	18	8416	18	1204	45	12
161.0	7638	8	8	8417	8	1252	418	12
161.0	7636	14	10	8418	16	1041	414	12
161.0	6920	9	11	8419	7	835	161	10
161.0	6892	23	19	8420	25	410	1084	14
161.0	8271	3	2	8421	4	1387	1100	12
161.0	6919	11	12	8422	10	1494	1684	9
161.0	7166	16	19	8423	12	1278	928	10
161.0	7377	15	16	8424	12	1082	979	12
161.0	7548	17	13	8425	21	899	1981	11
161.0	7332	25	22	8426	26	1360	574	9
161.0	7380	24	25	8427	22	1281	673	10
161.0	7184	18	20	8428	16	1225	1942	6
161.0	6969	17	19	8429	15	612	895	12
161.0	7086	19	15	8430	23	1210	826	12
161.0	7664	10	9	8431	9	1481	1241	11
161.0	7050	14	9	8432	19	922	313	10
162.0	7094	14	15	8433	13	826	1102	11
162.0	7113	8	5	8434	10	1074	901	9
162.0	7095	27	24	8435	29	1040	1378	12
162.0	6929	26	24	8436	25	1092	1417	11
162.0	7344	9	7	8437	9	1521	950	8
162.0	7663	29	29	8438	29	311	360	10
162.0	7168	20	19	8439	21	840	1073	11
162.0	7416	1	0	8440	2	1077	1229	12
162.0	7627	10	10	8441	10	926	1250	9
162.0	6971	7	4	8442	10	841	1228	11
162.0	7060	23	24	8443	21	1115	1999	11
162.0	6921	12	12	8444	12	1477	772	15
162.0	7694	14	17	8445	10	1417	1426	10
162.0	7608	5	6	8446	4	806	460	14
162.0	7341	9	7	8447	11	1247	377	10
162.0	7526	10	8	8448	12	691	510	13
162.0	7436	12	9	8449	14	648	918	8
162.0	7981	30	26	8450	34	1174	1551	11
162.0	7223	20	16	8451	24	1247	1148	9
162.0	7471	34	37	8452	30	510	1047	13
162.0	7132	13	13	8453	12	879	1383	9
162.0	7731	30	30	8454	30	930	1091	8
162.0	7224	10	6	8455	13	790	989	8
162.0	8142	18	15	8456	20	982	857	12
162.0	7064	8	8	8457	8	1410	655	14
162.0	7237	24	15	8458	32	590	939	14
162.0	8126	27	29	8459	23	898	1381	12
162.0	7613	26	25	8460	27	1874	1999	7
162.0	7619	4	4	8461	4	1703	827	14
162.0	7537	18	19	8462	17	1332	1522	12
162.0	6935	22	24	8463	19	1292	1563	13
162.0	7407	14	13	8464	14	1138	531	11
162.0	7349	11	9	8465	13	994	1566	13
162.0	7050	9	8	8466	9	922	313	11
162.0	7261	12	20	8467	4	1188	1650	8
162.0	7473	23	24	8468	22	898	760	9
162.0	7263	13	14	8469	12	994	890	12
162.0	8116	33	28	8470	36	1081	1999	15
162.0	7561	10	9	8471	11	1166	1110	9
162.0	7378	9	8	8472	10	950	405	11
162.0	7410	7	7	8473	6	1229	1240	12
162.0	8392	23	24	8474	19	695	808	13
162.0	6923	11	10	8475	12	1054	208	12
162.0	7138	33	34	8476	32	960	894	11
162.0	7916	11	6	8477	16	1309	842	16
162.0	7091	17	10	8478	24	1113	0	13
162.0	7043	11	11	8479	10	792	430	11
162.0	7251	26	25	8480	27	518	483	12
162.0	7445	25	28	8481	21	898	360	12
162.0	7404	13	11	8482	15	769	951	10
162.0	7695	5	8	8483	2	1373	373	11
162.0	6889	17	15	8484	19	634	1005	16
162.0	7324	14	15	8485	12	1102	1039	8
162.0	7226	11	10	8486	12	559	976	13
163.0	7347	19	21	8487	15	1259	883	11
163.0	7734	26	22	8488	28	1523	990	11
163.0	7292	11	15	8489	7	801	1185	11
163.0	7083	22	24	8490	19	959	817	10
163.0	7335	5	5	8491	5	878	1090	12
163.0	7009	14	15	8492	12	889	307	12
163.0	7977	20	17	8493	21	709	1308	11
163.0	7262	1	2	8494	0	1381	838	14
163.0	7224	6	5	8495	7	790	989	9
163.0	6996	17	16	8496	17	1405	1289	13
163.0	7059	9	12	8497	6	1498	950	13
163.0	7356	31	31	8498	31	620	776	12
163.0	7956	14	15	8499	12	1184	1398	12
163.0	6971	4	4	8500	4	841	1228	12
163.0	7050	8	5	8501	11	922	313	12
163.0	7928	10	12	8502	8	1578	884	18
163.0	7102	11	10	8503	12	1247	558	11
163.0	7429	41	41	8504	39	713	1257	13
163.0	7365	14	10	8505	18	1211	1100	9
163.0	7388	3	1	8506	5	1133	451	13
163.0	7501	22	20	8507	22	932	848	10
163.0	7416	0	0	8508	0	1077	1229	13
163.0	7061	19	20	8509	18	685	1369	10
163.0	7060	24	26	8510	21	1115	1999	12
163.0	7713	24	22	8511	26	1319	912	10
163.0	7903	33	30	8512	33	724	1287	13
163.0	6990	19	17	8513	20	719	1232	12
163.0	7338	14	19	8514	9	949	330	11
163.0	7137	14	13	8515	15	971	682	12
163.0	7283	10	13	8516	6	924	900	10
163.0	7002	23	23	8517	20	1291	1524	12
163.0	7232	13	12	8518	12	818	678	8
163.0	7537	19	23	8519	15	1332	1522	13
163.0	7644	25	30	8520	19	454	979	13
163.0	7544	24	24	8521	22	813	1040	11
163.0	7327	10	8	8522	12	1240	1683	6
163.0	6933	24	28	8523	18	900	909	10
163.0	6959	43	36	8524	50	785	1589	15
163.0	7434	12	14	8525	10	651	441	12
163.0	7845	15	16	8526	14	952	1386	7
163.0	7471	37	33	8527	38	510	1047	14
163.0	7268	31	26	8528	35	767	1327	10
163.0	6939	33	27	8529	35	891	1335	10
163.0	7223	16	16	8530	16	1247	1148	10
163.0	7622	13	8	8531	16	868	726	10
163.0	7306	23	20	8532	23	782	404	14
163.0	7411	13	11	8533	13	987	1320	10
163.0	7036	25	30	8534	20	1269	1005	8
163.0	7141	15	13	8535	17	932	1504	9
163.0	7561	9	9	8536	9	1166	1110	10
163.0	7689	17	13	8537	20	738	1310	10
163.0	7489	16	12	8538	20	1266	1569	11
163.0	7795	18	16	8539	19	1260	1102	12
163.0	7995	18	19	8540	17	917	1128	14
163.0	8116	28	31	8541	23	1081	1999	16
163.0	7043	11	10	8542	12	792	430	12
163.0	7466	15	16	8543	13	1354	1287	14
163.0	7337	17	15	8544	18	1367	1740	12
163.0	6904	25	18	8545	32	1362	1383	11
163.0	7559	24	29	8546	19	1594	1999	8
164.0	7455	17	12	8547	20	731	941	11
164.0	7385	25	28	8548	22	1420	1059	9
164.0	7537	23	25	8549	20	1332	1522	14
164.0	7182	14	16	8550	10	1407	1101	11
164.0	6947	18	14	8551	21	1170	1015	12
164.0	7677	28	28	8552	24	949	1239	9
164.0	8029	15	13	8553	17	747	243	14
164.0	8116	31	29	8554	31	1081	1999	17
164.0	7632	17	19	8555	14	1219	1315	13
164.0	7559	29	28	8556	27	1594	1999	9
164.0	8020	3	3	8557	3	1539	417	13
164.0	7348	10	7	8558	12	1141	873	11
164.0	6938	17	20	8559	13	1064	751	14
164.0	7315	22	22	8560	21	911	1237	8
164.0	7470	19	13	8561	24	605	1161	9
164.0	8086	22	22	8562	21	538	879	14
164.0	7437	6	6	8563	6	874	321	11
164.0	7195	14	13	8564	15	462	1777	13
164.0	7268	26	30	8565	21	784	1327	11
164.0	7734	22	24	8566	19	1537	1004	12
164.0	7643	24	20	8567	26	1157	767	13
164.0	7399	8	6	8568	10	772	479	12
164.0	7620	14	12	8569	16	1119	1198	13
164.0	7358	42	42	8570	40	748	1190	14
164.0	7292	15	9	8571	20	801	1185	12
164.0	7167	14	16	8572	11	1566	1381	13
164.0	6918	28	29	8573	25	824	949	12
164.0	7174	14	14	8574	12	1406	1243	12
164.0	7443	47	44	8575	49	1560	1435	12
164.0	7350	7	5	8576	8	1528	898	13
164.0	7369	6	4	8577	8	1377	968	10
164.0	7928	12	8	8578	15	1578	884	19
164.0	7188	15	15	8579	15	1388	932	10
164.0	7384	12	12	8580	12	1006	1493	11
164.0	6968	18	21	8581	14	1169	999	9
164.0	7365	10	8	8582	11	1211	1100	10
164.0	7420	33	31	8583	32	566	1949	13
164.0	7232	12	14	8584	9	818	678	9
164.0	7247	32	31	8585	32	797	1248	9
164.0	7172	16	11	8586	20	723	510	13
164.0	7059	12	10	8587	14	1498	950	14
164.0	7235	15	15	8588	15	1209	1244	10
164.0	6939	27	29	8589	22	891	1335	11
164.0	7183	21	17	8590	25	1178	598	10
164.0	6989	3	3	8591	3	1490	1147	16
164.0	7397	23	19	8592	25	921	727	10
164.0	7412	19	20	8593	15	609	1039	14
164.0	7841	33	32	8594	33	898	1442	10
164.0	7533	11	15	8595	7	1325	1289	9
164.0	7995	19	19	8596	19	917	1128	15
164.0	7666	11	12	8597	10	1108	728	10
164.0	7367	7	9	8598	5	1498	911	9
164.0	7675	6	6	8599	6	960	1438	9
164.0	7204	13	13	8600	13	1288	828	11
164.0	7504	12	12	8601	12	1739	868	10
164.0	7377	16	18	8602	12	1102	979	13
164.0	7387	13	13	8603	13	756	422	10
164.0	7252	22	19	8604	23	331	913	12
165.0	7236	20	18	8605	21	592	462	11
165.0	7294	12	13	8606	11	1405	938	10
165.0	7848	8	8	8607	8	1198	169	10
165.0	7769	10	9	8608	11	1091	492	13
165.0	7124	38	39	8609	35	18	1189	13
165.0	7609	27	26	8610	28	850	1394	12
165.0	7316	2	2	8611	2	888	1229	11
165.0	7213	28	22	8612	32	878	455	14
165.0	7400	32	33	8613	29	426	1319	11
165.0	8233	9	11	8614	7	1467	1117	10
165.0	7301	24	25	8615	22	1113	808	9
165.0	7964	11	13	8616	9	1162	1453	9
165.0	7564	16	15	8617	17	1132	1424	13
165.0	7454	13	9	8618	16	1619	989	14
165.0	8345	6	6	8619	6	1198	709	11
165.0	7298	20	22	8620	17	1397	701	10
165.0	7436	9	9	8621	8	648	918	9
165.0	7928	8	9	8622	7	1578	884	20
165.0	7065	19	15	8623	20	1061	1381	11
165.0	7659	15	15	8624	14	1405	548	10
165.0	6891	11	11	8625	11	809	853	10
165.0	7879	18	14	8626	22	709	899	12
165.0	7267	18	22	8627	14	1119	1474	12
165.0	7781	22	24	8628	19	1159	1623	8
165.0	6932	20	17	8629	22	1353	991	15
165.0	7320	19	21	8630	17	1365	802	11
165.0	7507	19	21	8631	17	768	617	10
165.0	7307	26	23	8632	28	1277	1332	14
165.0	7596	14	13	8633	13	1530	1843	11
165.0	7443	44	48	8634	37	1560	1435	13
165.0	7480	28	21	8635	32	1185	1597	9
165.0	6934	29	30	8636	27	1212	1531	12
165.0	7179	45	44	8637	45	582	1173	13
165.0	7419	11	14	8638	8	1581	967	12
165.0	7503	16	13	8639	19	923	391	14
165.0	7012	12	10	8640	14	879	1457	7
165.0	7004	16	12	8641	20	947	1362	9
165.0	7521	17	17	8642	17	1099	1624	11
165.0	6952	5	2	8643	7	1219	1189	10
165.0	7995	19	15	8644	21	917	1128	16
165.0	8411	7	5	8645	7	1205	1449	13
165.0	7230	18	19	8646	16	1254	1596	11
165.0	7020	13	11	8647	15	1536	582	12
165.0	7370	3	4	8648	2	852	361	9
165.0	7929	16	17	8649	14	954	1200	8
165.0	7812	25	29	8650	18	619	964	16
165.0	7385	28	31	8651	25	1420	1059	10
165.0	7562	8	11	8652	5	1304	781	13
165.0	7182	16	18	8653	14	1407	1101	12
165.0	7242	24	20	8654	25	1303	1082	11
165.0	7039	18	14	8655	22	1404	830	9
165.0	6903	13	16	8656	9	1750	1163	11
165.0	6998	9	10	8657	8	962	432	14
165.0	7675	6	6	8658	6	960	1438	10
165.0	7533	15	18	8659	11	1325	1289	10
165.0	7237	15	15	8660	15	590	914	15
165.0	7281	15	13	8661	17	750	579	12
165.0	7192	18	19	8662	16	1021	662	12
166.0	7957	13	8	8663	16	853	1572	10
166.0	7047	31	36	8664	25	1440	1057	7
166.0	7486	27	27	8665	25	952	627	11
166.0	6998	10	7	8666	12	962	432	15
166.0	6917	26	22	8667	28	1538	1999	10
166.0	7252	19	17	8668	19	221	879	13
166.0	8031	31	33	8669	29	353	1224	16
166.0	7215	15	20	8670	9	1104	1511	8
166.0	7618	19	17	8671	20	1378	760	11
166.0	7879	14	13	8672	15	709	899	13
166.0	7323	24	27	8673	21	724	762	10
166.0	6906	22	17	8674	26	1323	320	12
166.0	7636	10	10	8675	9	1041	414	13
166.0	7100	24	20	8676	26	977	1928	11
166.0	7321	6	7	8677	4	1151	949	13
166.0	7443	48	43	8678	51	1560	1435	14
166.0	6963	12	11	8679	13	1352	1457	15
166.0	7289	5	5	8680	5	1366	929	15
166.0	7372	30	28	8681	29	1263	808	11
166.0	7110	18	16	8682	20	672	973	12
166.0	7141	13	9	8683	17	932	1504	10
166.0	7856	13	8	8684	17	1359	1234	11
166.0	7798	29	32	8685	23	920	484	13
166.0	7717	4	4	8686	4	1305	899	14
166.0	6934	30	36	8687	22	1212	1531	13
166.0	7346	15	14	8688	16	510	742	15
166.0	7721	23	22	8689	22	1077	798	15
166.0	7920	14	12	8690	16	1329	1149	12
166.0	7531	11	15	8691	7	1190	1425	11
166.0	7597	12	13	8692	11	1200	1496	9
166.0	7437	6	6	8693	6	874	321	12
166.0	7088	15	19	8694	9	946	1870	11
166.0	7019	20	19	8695	18	1420	801	11
166.0	7364	15	12	8696	16	1269	1296	10
166.0	7199	42	36	8697	47	996	1220	12
166.0	7125	11	11	8698	11	1091	450	15
166.0	7052	19	22	8699	15	909	697	15
166.0	7026	15	20	8700	10	863	1287	12
166.0	7900	11	10	8701	12	1319	1371	16
166.0	7770	23	22	8702	22	1177	1191	11
166.0	7351	13	15	8703	9	919	1306	10
166.0	7535	17	14	8704	20	773	442	13
166.0	7242	20	21	8705	19	1303	1082	12
166.0	7217	10	9	8706	11	1279	776	13
166.0	7991	9	5	8707	12	1065	1500	12
166.0	7309	16	12	8708	19	844	384	10
166.0	7487	21	18	8709	24	1311	1249	12
166.0	7441	23	21	8710	23	951	988	8
166.0	7256	19	23	8711	15	1323	1681	8
166.0	7990	31	36	8712	23	543	654	12
166.0	7325	18	14	8713	20	1013	737	11
166.0	7781	24	22	8714	26	1159	1645	9
166.0	7033	9	8	8715	9	937	808	10
166.0	6891	11	12	8716	9	809	853	11
166.0	6954	6	7	8717	5	1338	1201	10
166.0	7628	20	18	8718	19	1124	840	11
166.0	7299	41	34	8719	47	833	1362	12
166.0	7236	18	13	8720	23	592	462	12
166.0	7421	14	11	8721	17	749	445	15
166.0	7194	16	18	8722	14	1575	1402	12
166.0	7446	13	10	8723	15	1263	313	11
166.0	6903	16	17	8724	14	1750	1163	12
166.0	7000	11	14	8725	7	950	688	11
166.0	7106	15	10	8726	19	861	1257	10
166.0	6979	33	29	8727	34	481	473	12
166.0	7261	20	28	8728	11	1188	1650	9
166.0	7662	22	26	8729	18	1936	1893	8
167.0	7047	36	37	8730	34	1440	1057	8
167.0	7535	14	16	8731	12	791	442	14
167.0	7343	23	15	8732	30	1801	1618	9
167.0	7513	12	16	8733	8	1178	1449	10
167.0	7771	18	15	8734	20	1010	617	12
167.0	7798	32	33	8735	29	920	484	14
167.0	8194	20	13	8736	26	1399	1700	12
167.0	7218	11	10	8737	12	843	553	15
167.0	6919	12	15	8738	9	1446	1600	10
167.0	7531	15	20	8739	10	1190	1425	12
167.0	7180	14	16	8740	10	602	431	12
167.0	7392	7	3	8741	10	746	1079	14
167.0	7068	18	19	8742	17	971	1157	9
167.0	6885	15	13	8743	17	1385	1482	13
167.0	7222	4	2	8744	6	1490	1398	15
167.0	7402	27	26	8745	28	1481	429	9
167.0	7331	6	7	8746	5	1139	1419	11
167.0	7034	27	23	8747	30	626	1093	12
167.0	7692	32	29	8748	32	1222	861	11
167.0	7272	20	22	8749	18	889	1356	10
167.0	7623	13	12	8750	13	909	307	11
167.0	7654	14	12	8751	16	1190	1317	10
167.0	7236	13	16	8752	10	592	462	13
167.0	8122	3	3	8753	3	1089	1258	11
167.0	7729	31	27	8754	34	1081	1921	10
167.0	7254	7	5	8755	9	1280	1231	12
167.0	7177	34	26	8756	39	1090	1161	9
167.0	7842	17	13	8757	21	751	1102	11
167.0	7266	4	3	8758	5	1491	1026	14
167.0	7840	10	10	8759	8	1435	1280	12
167.0	6967	11	11	8760	10	1245	870	12
167.0	7945	17	17	8761	15	1435	938	10
167.0	7077	11	5	8762	17	1117	574	12
167.0	7217	9	7	8763	11	1279	776	14
167.0	7990	36	26	8764	45	543	654	13
167.0	7018	24	18	8765	29	551	807	8
167.0	7443	43	39	8766	47	1560	1435	15
167.0	7730	5	6	8767	4	699	1518	10
167.0	7662	26	27	8768	25	1936	1893	9
167.0	8070	17	18	8769	16	1080	424	12
167.0	7163	12	11	8770	13	1551	850	12
167.0	8095	16	13	8771	18	1121	883	11
167.0	7791	24	20	8772	25	517	983	14
167.0	7000	14	16	8773	12	950	688	12
167.0	7505	17	16	8774	17	1462	820	12
167.0	7322	22	22	8775	22	765	531	14
167.0	7413	20	19	8776	20	620	945	16
167.0	8364	12	11	8777	12	999	1157	10
167.0	7572	10	11	8778	9	1604	526	11
167.0	7187	19	19	8779	19	1367	532	11
167.0	8003	9	9	8780	8	1177	506	11
167.0	7633	17	18	8781	15	721	851	11
167.0	8046	13	12	8782	14	810	1240	11
167.0	7874	40	36	8783	43	752	1411	11
167.0	7302	7	8	8784	6	894	1480	10
167.0	7693	24	22	8785	24	1310	1139	7
167.0	7526	8	11	8786	4	628	510	14
167.0	7352	6	5	8787	7	739	475	15
167.0	7373	19	18	8788	17	1598	871	13
167.0	8090	16	16	8789	15	1376	1317	12
167.0	7789	21	16	8790	25	716	478	14
167.0	7122	9	7	8791	10	994	1198	8
167.0	7667	21	16	8792	26	834	522	13
168.0	7185	12	12	8793	11	1184	169	11
168.0	6966	11	11	8794	10	1383	909	9
168.0	7205	23	22	8795	23	1228	1508	7
168.0	7317	8	8	8796	8	952	1534	11
168.0	7679	22	19	8797	23	941	1301	11
168.0	7393	28	27	8798	27	780	885	10
168.0	6941	23	23	8799	22	52	1046	16
168.0	7360	39	46	8800	29	1670	1503	9
168.0	7918	11	12	8801	10	766	502	14
168.0	7527	7	9	8802	5	1421	1010	15
168.0	7478	17	15	8803	17	1442	1000	14
168.0	7371	21	16	8804	23	1268	959	8
168.0	8380	7	3	8805	10	959	485	15
168.0	7302	8	10	8806	6	894	1480	11
168.0	7529	39	39	8807	38	1245	821	12
168.0	7419	14	15	8808	13	1581	967	13
168.0	7246	19	21	8809	16	1161	679	13
168.0	7639	18	17	8810	19	1133	1321	11
168.0	7561	9	8	8811	10	1166	1110	11
168.0	7515	18	18	8812	18	928	1693	9
168.0	7068	19	19	8813	19	971	1157	10
168.0	8208	29	33	8814	25	1399	1371	13
168.0	7640	9	11	8815	7	1419	1034	14
168.0	7338	19	20	8816	16	949	330	12
168.0	7459	2	1	8817	2	1056	1351	12
168.0	7155	8	10	8818	6	1327	842	15
168.0	7874	36	31	8819	39	752	1411	12
168.0	7114	12	9	8820	14	969	743	9
168.0	7659	15	18	8821	11	1405	548	11
168.0	8262	20	22	8822	16	865	1321	11
168.0	7692	29	28	8823	29	1222	861	12
168.0	7373	18	16	8824	19	1598	871	14
168.0	6928	10	11	8825	8	1047	1491	11
168.0	8247	17	24	8826	9	936	1664	11
168.0	7204	13	15	8827	11	1288	828	12
168.0	7943	11	14	8828	6	679	571	12
168.0	7919	12	10	8829	13	1202	526	12
168.0	7650	42	50	8830	32	1461	870	10
168.0	7471	33	37	8831	26	510	1047	15
168.0	7646	5	4	8832	6	1372	817	14
168.0	7556	20	20	8833	19	1124	751	9
168.0	8293	9	12	8834	6	1181	1267	12
168.0	8251	10	8	8835	11	1467	1117	11
168.0	6946	6	6	8836	5	858	1050	14
168.0	7333	13	11	8837	15	892	455	11
168.0	7222	2	4	8838	0	1490	1398	16
168.0	7890	21	19	8839	23	1359	347	10
168.0	7182	18	17	8840	17	1407	1101	13
168.0	7195	13	13	8841	13	462	1777	14
168.0	7648	8	9	8842	7	683	1943	12
168.0	7591	8	10	8843	6	990	823	12
168.0	7264	22	19	8844	22	1443	1999	12
168.0	7938	19	16	8845	22	903	931	11
168.0	8216	12	14	8846	9	1513	990	12
168.0	8448	12	7	8847	16	638	520	14
168.0	7044	24	15	8848	33	970	1114	13
168.0	7067	15	15	8849	15	1052	547	12
168.0	7094	15	15	8850	14	810	1118	12
168.0	6950	16	12	8851	20	1295	1479	12
168.0	7165	8	6	8852	10	1390	1256	12
168.0	7099	21	19	8853	22	1140	242	12
168.0	7789	16	13	8854	18	716	478	15
168.0	7559	28	33	8855	23	1594	1999	10
168.0	7504	12	7	8856	15	1739	868	11
168.0	6925	17	19	8857	14	872	1139	15
168.0	7525	20	20	8858	18	1252	1540	11
168.0	7626	17	14	8859	20	852	770	10
168.0	7544	24	22	8860	22	813	1040	12
168.0	7673	10	5	8861	13	1022	234	10
168.0	7231	17	18	8862	16	1421	751	13
169.0	7129	38	32	8863	40	1330	1999	12
169.0	7640	11	11	8864	10	1419	1034	15
169.0	7338	20	19	8865	20	949	330	13
169.0	8031	33	28	8866	36	353	1224	17
169.0	7540	15	15	8867	14	1333	1119	10
169.0	7318	34	28	8868	40	682	922	12
169.0	7054	9	6	8869	12	780	300	14
169.0	7155	10	10	8870	10	1327	842	16
169.0	7302	10	10	8871	10	894	1480	12
169.0	7535	16	18	8872	14	791	442	15
169.0	7101	13	17	8873	9	1202	460	13
169.0	7186	24	24	8874	22	1322	1031	9
169.0	6941	23	26	8875	20	52	1046	17
169.0	7121	16	13	8876	18	459	857	12
169.0	6956	13	12	8877	14	1378	1184	10
169.0	7068	19	15	8878	23	971	1157	11
169.0	7356	31	28	8879	31	620	776	13
169.0	7379	11	7	8880	14	1478	950	11
169.0	7556	20	17	8881	23	1124	751	10
169.0	7184	20	20	8882	20	1225	1942	7
169.0	6992	26	24	8883	26	708	796	13
169.0	7303	6	6	8884	6	992	1337	10
169.0	8020	3	3	8885	3	1539	417	14
169.0	7631	10	8	8886	11	1492	1306	13
169.0	7936	19	19	8887	18	706	1008	8
169.0	7683	18	18	8888	17	733	567	11
169.0	7573	22	19	8889	24	1459	1200	7
169.0	7039	14	16	8890	12	1404	830	10
169.0	7148	12	11	8891	13	1157	1131	12
169.0	6938	20	24	8892	16	1064	751	15
169.0	8563	6	4	8893	6	856	321	12
169.0	7700	5	7	8894	3	1163	1201	11
169.0	7799	36	41	8895	28	478	1047	13
169.0	7144	26	22	8896	30	919	1051	12
169.0	7776	11	10	8897	12	580	984	15
169.0	7336	28	27	8898	25	1604	348	9
169.0	7943	14	14	8899	13	679	571	13
169.0	7708	28	22	8900	34	535	462	10
169.0	7326	10	8	8901	12	1103	1558	10
169.0	6901	19	13	8902	24	729	928	15
169.0	7219	7	6	8903	7	593	1520	12
169.0	7990	26	26	8904	25	543	654	14
169.0	8144	20	19	8905	20	1581	1031	11
169.0	7478	15	13	8906	17	1442	1000	15
169.0	7655	13	12	8907	13	1339	929	11
169.0	7365	8	7	8908	8	1211	1100	11
169.0	7516	25	24	8909	24	670	882	16
169.0	7833	8	7	8910	8	793	799	9
169.0	7607	24	22	8911	25	1130	1260	10
169.0	8116	29	32	8912	25	1081	1999	18
169.0	7419	15	9	8913	21	1617	967	14
169.0	6997	5	4	8914	5	613	1537	10
169.0	7533	18	16	8915	19	1325	1289	11
169.0	7672	21	23	8916	18	948	1423	9
169.0	7777	35	35	8917	33	691	953	11
169.0	7205	22	20	8918	23	1228	1508	8
169.0	8416	18	21	8919	13	1306	145	13
169.0	7964	13	14	8920	10	1162	1453	10
169.0	7613	25	27	8921	22	1874	1999	8
169.0	8155	20	18	8922	21	1547	256	12
169.0	7529	39	36	8923	40	1245	821	13
169.0	7222	4	4	8924	4	1490	1398	17
170.0	7528	6	6	8925	5	857	1463	10
170.0	7343	15	15	8926	14	1783	1667	10
170.0	7501	20	24	8927	16	932	848	11
170.0	7017	4	5	8928	3	1199	1299	12
170.0	7776	10	8	8929	10	580	984	16
170.0	7445	28	27	8930	26	898	360	13
170.0	7137	13	14	8931	11	941	652	13
170.0	7074	21	17	8932	24	540	1743	16
170.0	7902	4	6	8933	2	789	834	10
170.0	7472	13	12	8934	13	927	630	13
170.0	7638	8	6	8935	10	1252	418	13
170.0	7144	22	14	8936	30	919	1051	13
170.0	7326	8	9	8937	7	1103	1558	11
170.0	8415	18	20	8938	15	1028	1432	11
170.0	7022	21	13	8939	27	1681	849	11
170.0	7669	14	14	8940	14	612	790	10
170.0	7061	20	16	8941	22	685	1369	11
170.0	7212	29	30	8942	27	1057	1999	15
170.0	7611	24	25	8943	23	1706	1974	12
170.0	7712	12	14	8944	10	913	1779	12
170.0	6895	22	22	8945	22	1377	1051	10
170.0	7628	18	16	8946	20	1124	821	12
170.0	7099	19	19	8947	19	1140	242	13
170.0	8072	20	19	8948	19	841	1178	10
170.0	7675	6	7	8949	5	960	1438	11
170.0	8748	32	24	8950	38	1222	829	12
170.0	7070	13	10	8951	15	1346	870	14
170.0	7654	12	9	8952	14	1190	1317	11
170.0	7546	17	17	8953	16	1248	1130	10
170.0	7194	18	19	8954	17	1588	1389	13
170.0	7261	28	22	8955	33	1188	1650	10
170.0	6980	11	9	8956	13	875	761	12
170.0	6992	24	21	8957	26	708	776	14
170.0	7233	25	24	8958	24	1163	765	11
170.0	7504	7	6	8959	8	1739	868	12
170.0	8416	21	18	8960	22	1306	145	14
170.0	7412	20	18	8961	21	609	1039	15
170.0	7447	20	22	8962	18	1231	1333	13
170.0	8068	8	10	8963	6	583	862	11
170.0	7777	35	36	8964	34	691	953	12
170.0	7633	18	15	8965	20	721	811	12
170.0	7423	21	21	8966	20	1125	1633	8
170.0	7365	7	9	8967	5	1211	1100	12
170.0	8260	5	4	8968	6	814	568	12
170.0	7162	16	14	8969	18	1050	1466	12
170.0	7556	17	14	8970	18	1124	751	11
170.0	7807	28	30	8971	26	927	610	13
170.0	7519	7	8	8972	5	1377	732	9
170.0	7548	13	11	8973	15	899	1981	12
170.0	7373	16	13	8974	18	1598	871	15
170.0	8210	6	5	8975	6	1321	713	13
170.0	7935	22	20	8976	22	850	702	12
170.0	7043	10	10	8977	10	828	430	13
170.0	7859	33	39	8978	25	446	913	15
170.0	7002	23	29	8979	17	1291	1524	13
170.0	6880	8	8	8980	7	1403	1152	13
170.0	7193	3	3	8981	3	1409	514	14
170.0	8098	21	25	8982	17	750	980	10
170.0	7402	26	17	8983	34	1481	429	10
170.0	7367	9	9	8984	8	1498	911	10
170.0	7337	15	15	8985	15	1367	1740	13
170.0	7651	6	6	8986	6	1229	1454	12
170.0	7465	19	16	8987	20	1372	1469	14
170.0	7840	10	7	8988	13	1435	1280	13
170.0	7257	24	18	8989	30	1641	1290	13
170.0	8221	19	19	8990	18	933	1392	9
170.0	7027	18	18	8991	18	690	867	12
170.0	7535	18	17	8992	17	791	442	16
170.0	8223	28	31	8993	24	813	912	12
170.0	7476	17	17	8994	14	880	1647	10
170.0	7613	27	22	8995	32	1874	1999	9
170.0	7784	30	39	8996	20	878	812	10
170.0	7810	24	21	8997	26	865	850	10
170.0	7843	9	8	8998	10	749	1722	10
170.0	7636	10	7	8999	13	1041	414	14
170.0	7052	22	22	9000	20	909	697	16
170.0	7993	8	8	9001	7	1174	1563	10
170.0	7251	25	32	9002	18	518	483	13
170.0	7064	8	10	9003	5	1408	576	15
170.0	7710	14	12	9004	15	1225	650	13
170.0	7404	11	11	9005	11	769	951	11
170.0	7567	13	12	9006	13	1504	1011	10
171.0	7021	10	10	9007	10	1013	1439	10
171.0	8156	19	17	9008	20	1364	1349	12
171.0	8565	21	20	9009	21	754	1321	12
171.0	8010	19	20	9010	17	699	578	13
171.0	8260	4	3	9011	5	814	568	13
171.0	7250	21	18	9012	21	1398	752	9
171.0	7553	12	9	9013	15	1133	1382	10
171.0	7050	5	3	9014	6	922	313	13
171.0	6895	22	20	9015	24	1377	1051	11
171.0	7115	15	18	9016	12	1368	1163	11
171.0	7088	19	18	9017	20	997	1834	12
171.0	8406	35	37	9018	30	1208	752	13
171.0	7556	14	18	9019	10	1124	751	12
171.0	6990	17	15	9020	19	699	1232	13
171.0	8335	15	16	9021	14	1041	800	11
171.0	7829	6	6	9022	6	1040	1344	16
171.0	7356	28	28	9023	27	620	776	14
171.0	8598	5	6	9024	4	1510	923	10
171.0	8138	19	17	9025	19	1541	1357	11
171.0	7955	16	18	9026	14	1569	1114	11
171.0	7601	24	24	9027	24	730	1347	12
171.0	7003	13	11	9028	14	1207	1627	7
171.0	8216	14	9	9029	17	1513	990	13
171.0	7566	11	6	9030	15	1078	1272	9
171.0	7520	22	23	9031	20	1347	1498	10
171.0	6977	14	11	9032	17	959	870	12
171.0	7673	5	4	9033	5	1022	234	11
171.0	8180	11	14	9034	8	986	640	12
171.0	7102	10	14	9035	6	1247	558	12
171.0	7389	27	27	9036	27	825	1159	10
171.0	7546	17	12	9037	21	1248	1130	11
171.0	8272	37	32	9038	41	0	1401	14
171.0	7103	13	13	9039	10	780	663	9
171.0	7066	27	29	9040	22	1416	1451	13
171.0	7672	23	18	9041	24	948	1423	10
171.0	8323	13	11	9042	15	1091	492	15
171.0	7224	5	7	9043	3	771	989	10
171.0	7089	14	13	9044	15	1211	727	11
171.0	7237	15	15	9045	15	590	914	16
171.0	7725	25	31	9046	17	842	1142	9
171.0	7966	12	12	9047	12	1043	1946	11
171.0	7682	26	28	9048	22	1436	801	11
171.0	7423	21	15	9049	27	1125	1633	9
171.0	6934	36	34	9050	37	1212	1531	14
171.0	8298	3	4	9051	1	1454	466	14
171.0	7182	17	16	9052	17	1407	1101	14
171.0	7633	15	14	9053	15	721	811	13
171.0	7988	15	19	9054	10	657	826	15
171.0	7361	12	7	9055	16	829	702	12
171.0	7927	9	11	9056	7	801	931	12
171.0	8039	18	19	9057	16	361	1999	12
171.0	7484	24	21	9058	27	800	1368	9
171.0	7475	16	18	9059	13	1181	1333	12
171.0	7735	14	14	9060	12	820	777	11
171.0	7606	13	15	9061	10	1456	881	9
171.0	7957	8	6	9062	10	878	1601	11
171.0	7242	21	21	9063	21	1303	1082	13
171.0	8522	12	13	9064	11	1256	1714	7
171.0	7162	14	14	9065	13	1050	1466	13
171.0	7660	10	10	9066	10	930	441	13
171.0	7902	6	5	9067	6	789	834	11
171.0	7043	10	9	9068	10	828	430	14
171.0	7030	7	8	9069	6	809	1669	11
171.0	7084	21	19	9070	21	797	1287	17
171.0	7775	40	36	9071	43	699	1037	11
171.0	6964	7	7	9072	5	1262	1052	12
171.0	7613	22	23	9073	20	1874	1999	10
171.0	7543	30	29	9074	29	1431	862	12
171.0	6951	17	18	9075	14	881	385	15
171.0	7764	22	22	9076	21	751	1101	10
171.0	7935	20	18	9077	21	850	702	13
172.0	7804	11	14	9078	8	540	551	14
172.0	7686	12	10	9079	14	857	610	9
172.0	8147	12	13	9080	11	1453	1219	10
172.0	7585	19	19	9081	19	899	1421	6
172.0	7146	10	6	9082	12	1417	962	10
172.0	7941	15	12	9083	17	1279	898	10
172.0	7312	30	26	9084	32	812	630	12
172.0	7849	0	0	9085	0	1200	931	14
172.0	7088	18	17	9086	19	997	1834	13
172.0	8122	3	3	9087	3	1089	1258	12
172.0	7370	4	3	9088	5	852	361	10
172.0	7622	8	11	9089	4	884	710	11
172.0	7452	7	5	9090	8	771	189	14
172.0	7807	30	24	9091	33	927	610	14
172.0	7609	26	24	9092	27	836	1408	13
172.0	7783	13	16	9093	10	694	1813	13
172.0	7531	20	15	9094	23	1190	1425	13
172.0	7472	12	14	9095	10	927	630	14
172.0	7613	23	24	9096	20	1874	1999	11
172.0	7061	16	14	9097	18	685	1369	12
172.0	7488	24	20	9098	27	711	991	14
172.0	7245	17	16	9099	17	1010	909	10
172.0	6884	5	5	9100	5	642	461	13
172.0	7277	20	23	9101	16	726	862	13
172.0	6979	29	33	9102	22	481	473	13
172.0	7917	19	17	9103	18	740	895	15
172.0	7455	12	11	9104	13	711	964	12
172.0	8330	17	19	9105	15	971	580	10
172.0	7275	22	22	9106	22	811	1531	9
172.0	8089	28	26	9107	27	1140	1242	12
172.0	7912	10	12	9108	8	1163	41	12
172.0	7243	17	12	9109	21	1307	780	11
172.0	7020	11	9	9110	13	1536	582	13
172.0	8355	14	12	9111	14	1532	1381	13
172.0	7409	6	3	9112	8	1349	1149	13
172.0	6932	17	15	9113	19	1353	991	16
172.0	7073	5	8	9114	2	877	337	10
172.0	8077	21	21	9115	20	993	1398	12
172.0	8522	13	13	9116	12	1256	1714	8
172.0	8230	16	17	9117	14	733	841	11
172.0	7434	14	11	9118	16	651	441	13
172.0	7848	8	11	9119	5	1198	169	11
172.0	6934	34	39	9120	29	1212	1531	15
172.0	7910	17	15	9121	19	768	517	10
172.0	8049	24	26	9122	20	803	522	15
172.0	7155	10	10	9123	8	1327	842	17
172.0	7084	19	16	9124	22	797	1287	18
172.0	8453	12	14	9125	10	878	1423	10
172.0	7994	18	18	9126	17	845	1934	11
172.0	7498	11	13	9127	8	992	1131	12
172.0	7749	11	8	9128	11	1353	1263	13
172.0	7222	4	6	9129	2	1490	1398	18
172.0	7606	15	16	9130	14	1476	881	10
172.0	6897	10	9	9131	11	1290	1440	10
172.0	6983	8	5	9132	10	1282	1382	13
172.0	7637	26	26	9133	25	1139	1688	14
172.0	7048	21	25	9134	16	691	992	8
172.0	7757	11	9	9135	12	831	279	12
172.0	7445	27	23	9136	29	898	360	14
172.0	7815	18	15	9137	19	992	1457	10
172.0	7534	29	29	9138	29	1306	1508	11
172.0	7413	19	20	9139	18	600	945	17
172.0	8192	11	10	9140	11	820	807	12
172.0	8232	31	31	9141	30	880	794	10
172.0	8342	6	7	9142	5	1388	867	15
172.0	8298	4	4	9143	4	1454	466	15
172.0	7844	36	37	9144	35	787	538	14
172.0	8296	14	13	9145	14	1352	679	14
173.0	7084	16	16	9146	16	797	1287	19
173.0	7690	8	7	9147	9	1544	1210	12
173.0	7684	13	15	9148	9	818	254	10
173.0	7157	18	18	9149	16	1250	961	9
173.0	7783	16	16	9150	16	642	1815	14
173.0	8121	3	1	9151	5	1391	919	15
173.0	7592	7	9	9152	4	1193	658	12
173.0	8387	19	20	9153	17	1110	1397	11
173.0	7451	24	21	9154	25	651	1027	7
173.0	8112	13	9	9155	16	701	1925	12
173.0	6941	26	23	9156	28	0	1068	18
173.0	7897	31	28	9157	34	923	1430	11
173.0	7556	18	12	9158	24	1124	751	13
173.0	7012	10	8	9159	12	879	1457	8
173.0	7526	11	8	9160	14	628	510	15
173.0	7370	3	2	9161	4	852	361	11
173.0	8652	5	7	9162	3	1328	756	14
173.0	7081	7	7	9163	7	1471	972	14
173.0	7067	15	12	9164	18	1052	547	13
173.0	7747	15	14	9165	15	1305	870	10
173.0	7754	12	12	9166	10	1571	1160	11
173.0	6884	5	6	9167	4	642	461	14
173.0	8318	18	23	9168	13	758	1174	11
173.0	7711	9	11	9169	5	1413	1187	11
173.0	6999	18	21	9170	13	1204	45	13
173.0	8467	4	1	9171	7	1221	1707	9
173.0	7018	18	24	9172	10	551	807	9
173.0	6967	11	13	9173	7	1245	870	13
173.0	7267	22	25	9174	19	1103	1490	13
173.0	7635	4	5	9175	3	1442	1422	13
173.0	6953	22	23	9176	19	1347	1804	12
173.0	8342	7	4	9177	10	1388	867	16
173.0	8730	34	23	9178	43	1490	1088	9
173.0	7060	26	19	9179	31	1114	1999	13
173.0	7161	17	17	9180	16	788	555	12
173.0	7381	26	26	9181	26	470	706	11
173.0	8331	12	12	9182	12	1560	1509	13
173.0	7174	14	13	9183	14	1450	1243	13
173.0	7813	32	26	9184	37	898	1580	15
173.0	6986	20	20	9185	19	611	714	15
173.0	7877	24	21	9186	26	540	569	12
173.0	7536	12	10	9187	14	1192	630	12
173.0	7706	15	13	9188	17	692	708	10
173.0	8411	5	6	9189	3	1205	1449	14
173.0	7841	32	30	9190	32	898	1442	11
173.0	7181	25	17	9191	32	1699	1049	11
173.0	8328	5	4	9192	6	1363	1100	13
173.0	7780	25	25	9193	25	1450	441	10
173.0	8040	13	13	9194	13	1071	968	10
173.0	6960	12	11	9195	13	1199	0	13
173.0	7195	13	16	9196	10	462	1777	15
173.0	7519	8	9	9197	7	1396	732	10
173.0	7811	8	3	9198	13	952	1288	10
173.0	7434	11	14	9199	8	651	441	14
173.0	8232	31	31	9200	31	880	794	11
173.0	6882	10	11	9201	8	753	1760	13
173.0	7152	6	6	9202	6	816	1463	10
173.0	8074	27	21	9203	33	668	876	12
173.0	7109	18	19	9204	16	832	523	15
173.0	7844	37	37	9205	36	787	538	15
173.0	7262	2	2	9206	2	1393	833	15
173.0	7266	3	2	9207	4	1507	1042	15
173.0	7163	11	11	9208	11	1551	850	13
173.0	8013	34	35	9209	32	797	1268	15
173.0	7094	15	9	9210	21	782	1090	13
173.0	7176	13	13	9211	13	1294	573	12
173.0	7476	17	19	9212	14	880	1647	11
173.0	8144	19	20	9213	18	1581	1031	12
173.0	7849	0	0	9214	0	1200	931	15
173.0	7689	13	14	9215	10	721	1310	11
173.0	6987	7	4	9216	10	1020	1334	14
173.0	7619	4	5	9217	3	1672	826	15
174.0	7449	21	18	9218	21	1039	1666	11
174.0	7688	9	13	9219	5	903	1402	9
174.0	7163	11	5	9220	17	1551	850	14
174.0	7156	22	24	9221	20	881	1346	8
174.0	8086	22	19	9222	23	538	879	15
174.0	7153	18	16	9223	20	911	1277	10
174.0	8030	16	15	9224	16	1086	349	12
174.0	8652	7	9	9225	5	1328	756	15
174.0	7622	11	9	9226	13	884	710	12
174.0	8294	21	20	9227	20	1311	1268	12
174.0	7692	28	23	9228	31	1222	861	13
174.0	7798	33	28	9229	35	920	484	15
174.0	7078	16	11	9230	20	891	1023	7
174.0	8102	31	30	9231	31	1596	1606	12
174.0	8185	16	14	9232	18	984	278	12
174.0	7420	31	33	9233	27	484	1961	14
174.0	7733	14	16	9234	12	1544	1470	13
174.0	7843	8	8	9235	8	788	1719	11
174.0	8210	5	5	9236	5	1321	713	14
174.0	7509	26	27	9237	24	1151	1277	13
174.0	7920	12	13	9238	11	1329	1149	13
174.0	7519	9	8	9239	10	1415	732	11
174.0	8124	23	26	9240	18	1388	1449	13
174.0	7101	17	10	9241	24	1202	460	14
174.0	7695	8	11	9242	5	1387	339	12
174.0	7505	16	16	9243	15	1462	820	13
174.0	7064	10	7	9244	13	1408	576	16
174.0	8015	17	12	9245	22	1312	1628	7
174.0	8040	13	9	9246	16	1071	968	11
174.0	7580	15	17	9247	12	600	871	9
174.0	8298	4	2	9248	6	1454	466	16
174.0	7557	21	21	9249	21	673	441	13
174.0	7706	13	9	9250	15	692	708	11
174.0	7701	15	18	9251	12	1191	568	11
174.0	7738	14	18	9252	10	1420	900	10
174.0	8562	21	22	9253	19	558	879	15
174.0	6946	6	7	9254	5	858	1050	15
174.0	7903	30	29	9255	30	688	1287	14
174.0	6954	7	5	9256	8	1338	1201	11
174.0	7844	37	36	9257	38	787	538	16
174.0	7758	18	18	9258	17	1526	442	11
174.0	7817	3	3	9259	3	1203	385	13
174.0	6892	19	18	9260	18	370	1042	15
174.0	7067	12	11	9261	10	1052	547	14
174.0	7304	10	13	9262	7	1026	1365	12
174.0	7536	10	11	9263	9	1192	630	13
174.0	8262	22	17	9264	26	844	1321	12
174.0	7681	7	7	9265	7	1635	800	13
174.0	6903	17	16	9266	15	1802	1165	13
174.0	7789	13	10	9267	16	716	478	16
174.0	7654	9	6	9268	12	1190	1317	12
174.0	7109	19	16	9269	21	832	523	16
174.0	7705	13	10	9270	15	708	1326	10
174.0	8564	15	16	9271	14	478	1793	14
174.0	7615	19	17	9272	20	989	1261	10
174.0	6920	11	11	9273	11	835	161	11
174.0	7427	10	10	9274	10	1043	1448	10
174.0	7231	18	13	9275	23	1474	711	14
174.0	6953	23	23	9276	22	1347	1804	13
174.0	7381	26	29	9277	22	470	706	12
174.0	7232	14	13	9278	15	818	678	10
174.0	8112	9	9	9279	9	701	1925	13
174.0	8082	51	42	9280	58	730	1190	14
174.0	7813	26	32	9281	20	898	1580	16
174.0	8529	35	37	9282	32	910	1360	11
174.0	7667	16	14	9283	17	907	538	14
174.0	8106	23	26	9284	18	1251	649	12
174.0	7961	13	13	9285	13	1327	567	11
174.0	7139	3	2	9286	4	1100	1320	12
174.0	7616	13	9	9287	16	702	549	13
174.0	7559	33	27	9288	38	1594	1999	11
174.0	7197	13	17	9289	9	593	525	14
174.0	7766	9	10	9290	8	1635	890	14
174.0	8487	15	16	9291	13	1278	867	12
174.0	8775	22	17	9292	25	716	559	15
174.0	7053	27	21	9293	33	1080	1366	11
174.0	8269	16	13	9294	15	1166	661	12
174.0	7776	8	7	9295	9	580	984	17
174.0	7400	33	31	9296	33	426	1319	12
174.0	8068	10	8	9297	12	564	862	12
175.0	8143	27	21	9298	30	440	697	14
175.0	7162	14	13	9299	12	1050	1466	14
175.0	7959	24	19	9300	27	570	958	13
175.0	8100	16	22	9301	10	548	682	15
175.0	8737	12	10	9302	13	880	569	16
175.0	7838	33	28	9303	37	640	1063	12
175.0	8631	17	17	9304	17	785	639	11
175.0	7836	52	51	9305	49	574	1824	13
175.0	7422	22	21	9306	22	681	246	10
175.0	8431	9	13	9307	3	1503	1223	12
175.0	8339	11	13	9308	9	1319	1349	16
175.0	7791	20	21	9309	19	517	983	15
175.0	7623	12	10	9310	12	920	296	12
175.0	6906	17	15	9311	19	1276	328	13
175.0	7818	31	33	9312	28	1211	764	12
175.0	8269	13	11	9313	15	1166	661	13
175.0	7871	7	4	9314	9	1202	548	11
175.0	7264	19	15	9315	21	1443	1999	13
175.0	7179	44	40	9316	47	690	1180	14
175.0	8251	8	9	9317	7	1489	1117	12
175.0	9051	1	0	9318	2	1431	466	15
175.0	7541	15	11	9319	19	1731	1099	12
175.0	8082	42	28	9320	54	730	1190	15
175.0	7062	11	12	9321	8	1041	820	11
175.0	7487	18	21	9322	14	1311	1249	13
175.0	7307	23	20	9323	26	1277	1332	15
175.0	7083	24	25	9324	23	972	811	11
175.0	8541	23	23	9325	22	1040	1895	17
175.0	8233	11	12	9326	10	1543	1149	11
175.0	7114	9	10	9327	7	955	729	10
175.0	7711	11	12	9328	10	1413	1187	12
175.0	7213	22	21	9329	22	930	472	15
175.0	7306	20	17	9330	21	782	404	15
175.0	7398	15	18	9331	11	681	477	12
175.0	7217	7	7	9332	7	1307	748	15
175.0	8608	11	10	9333	12	1129	492	14
175.0	6963	11	14	9334	8	1352	1457	16
175.0	8149	6	9	9335	3	779	1411	10
175.0	7627	10	8	9336	12	926	1250	10
175.0	8221	19	20	9337	16	933	1392	10
175.0	8274	20	21	9338	18	714	709	9
175.0	8109	14	18	9339	9	981	658	11
175.0	7852	17	15	9340	18	695	441	15
175.0	7920	13	19	9341	7	1329	1149	14
175.0	8086	19	16	9342	22	499	918	16
175.0	7178	13	12	9343	13	798	970	12
175.0	8376	19	21	9344	17	909	377	15
175.0	7323	27	25	9345	27	653	750	11
175.0	8194	13	14	9346	12	1399	1700	13
175.0	8110	13	16	9347	9	1146	1570	11
175.0	6959	36	33	9348	39	785	1589	16
175.0	7240	21	19	9349	22	71	1099	9
175.0	8180	14	10	9350	17	986	640	13
175.0	7236	16	16	9351	16	581	451	14
175.0	7689	14	14	9352	13	704	1310	12
175.0	7567	12	16	9353	8	1504	1011	11
175.0	7979	4	5	9354	3	757	493	15
175.0	7029	4	4	9355	4	958	1506	12
175.0	7089	13	14	9356	12	1211	711	12
175.0	7765	12	14	9357	9	731	1922	12
175.0	6943	18	17	9358	18	768	460	15
175.0	7516	24	21	9359	26	651	882	17
175.0	8010	20	18	9360	21	671	606	14
175.0	7733	16	15	9361	16	1544	1470	14
175.0	7352	5	5	9362	5	739	475	16
175.0	7049	7	10	9363	4	1299	480	9
175.0	8151	22	21	9364	20	566	1403	12
175.0	8287	21	20	9365	22	830	839	10
175.0	8703	9	7	9366	11	899	1330	11
175.0	8564	16	12	9367	20	478	1793	15
175.0	7683	18	16	9368	20	733	567	12
175.0	6905	16	17	9369	15	1450	1271	14
175.0	6903	16	14	9370	15	1802	1165	14
175.0	8481	21	18	9371	22	910	360	13
175.0	7994	18	17	9372	19	903	1942	12
175.0	7458	8	8	9373	8	1011	802	13
175.0	8515	15	19	9374	11	980	672	13
175.0	7353	17	20	9375	13	599	638	13
175.0	8020	3	3	9376	3	1522	393	15
175.0	8178	25	25	9377	24	1358	1554	11
175.0	8148	12	12	9378	11	1138	1492	10
175.0	7039	16	19	9379	12	1418	799	11
176.0	6971	4	2	9380	5	823	1228	13
176.0	7073	8	10	9381	5	877	337	11
176.0	8013	35	31	9382	35	797	1268	16
176.0	8305	26	30	9383	20	1502	857	11
176.0	7332	22	27	9384	16	1360	574	10
176.0	7022	13	14	9385	12	1681	849	12
176.0	8941	22	17	9386	25	579	1286	12
176.0	7352	5	4	9387	6	739	475	17
176.0	7188	15	13	9388	16	1388	949	11
176.0	7100	20	22	9389	18	1016	1999	12
176.0	8952	14	11	9390	16	1210	1317	12
176.0	7963	16	12	9391	20	1094	1399	9
176.0	7839	28	28	9392	26	586	912	15
176.0	7240	19	17	9393	18	71	1099	10
176.0	7165	6	7	9394	5	1419	1271	13
176.0	7962	17	18	9395	16	1492	403	12
176.0	7212	30	32	9396	27	1057	1999	16
176.0	7532	33	34	9397	29	1161	1330	9
176.0	8273	10	9	9398	11	1452	1398	10
176.0	7845	16	14	9399	16	969	1405	8
176.0	8623	20	16	9400	23	1063	1421	12
176.0	8206	26	27	9401	24	761	566	12
176.0	7690	7	5	9402	9	1544	1210	13
176.0	7567	16	12	9403	19	1504	1011	12
176.0	7680	22	22	9404	21	910	1172	9
176.0	7245	16	14	9405	16	1010	909	11
176.0	6900	19	19	9406	18	1273	1011	7
176.0	7778	9	11	9407	7	1068	129	13
176.0	7516	21	23	9408	17	651	882	18
176.0	7040	24	21	9409	24	1426	426	10
176.0	7598	20	13	9410	24	1446	1693	9
176.0	7076	26	31	9411	19	1251	633	12
176.0	8020	3	3	9412	3	1522	393	16
176.0	6902	19	14	9413	21	1162	1517	12
176.0	8315	18	20	9414	15	1249	686	10
176.0	7646	4	4	9415	4	1372	800	15
176.0	8638	8	9	9416	7	1569	967	13
176.0	7544	22	16	9417	25	813	1040	13
176.0	7398	18	16	9418	20	681	477	13
176.0	8664	25	21	9419	28	1510	1102	8
176.0	8072	19	21	9420	16	827	1178	11
176.0	7186	24	19	9421	28	1322	1031	10
176.0	7923	19	17	9422	20	660	1310	10
176.0	6923	10	13	9423	7	1054	208	13
176.0	7378	8	6	9424	8	950	405	12
176.0	8839	23	24	9425	22	1373	361	11
176.0	7914	13	16	9426	10	882	979	9
176.0	7260	12	9	9427	14	789	361	10
176.0	8075	19	18	9428	19	920	1191	10
176.0	7515	18	21	9429	12	928	1693	10
176.0	7647	19	20	9430	18	1410	879	12
176.0	8389	21	20	9431	21	1078	771	15
176.0	7016	16	17	9432	14	641	640	9
176.0	7079	19	13	9433	24	1108	739	10
176.0	7126	17	16	9434	18	1372	1407	12
176.0	8515	19	17	9435	20	980	672	14
176.0	7525	20	11	9436	29	1252	1540	12
176.0	7280	12	11	9437	11	1172	1610	9
176.0	6959	33	29	9438	36	785	1589	17
176.0	7340	2	2	9439	2	862	1202	11
176.0	7663	29	26	9440	26	311	360	11
176.0	7880	23	25	9441	20	521	1319	11
176.0	7855	25	26	9442	22	971	748	9
176.0	7462	12	11	9443	13	534	1760	8
176.0	7675	7	5	9444	8	960	1438	12
176.0	7857	19	16	9445	22	812	651	11
176.0	7696	42	39	9446	44	1202	1795	14
176.0	7344	7	9	9447	5	1521	950	9
176.0	7791	21	15	9448	26	517	983	16
176.0	7704	13	12	9449	14	872	1546	9
176.0	8376	21	14	9450	26	909	400	16
176.0	7735	14	11	9451	17	820	777	12
176.0	7793	18	17	9452	17	1574	1909	9
177.0	7462	11	12	9453	10	534	1760	9
177.0	7250	18	17	9454	18	1436	752	10
177.0	7081	7	3	9455	10	1471	972	15
177.0	7472	14	15	9456	13	927	630	15
177.0	7724	14	17	9457	10	1120	420	14
177.0	7010	13	12	9458	14	661	1057	7
177.0	7436	9	9	9459	9	628	918	10
177.0	7343	15	14	9460	14	1783	1667	11
177.0	8334	10	11	9461	9	1223	24	13
177.0	7350	5	6	9462	4	1548	898	14
177.0	7388	1	1	9463	1	1133	451	14
177.0	7141	9	9	9464	9	932	1504	11
177.0	8029	13	13	9465	13	747	243	15
177.0	7464	19	15	9466	23	1705	1026	12
177.0	7618	17	18	9467	14	1416	760	12
177.0	9065	13	6	9468	19	1031	1511	14
177.0	8065	8	11	9469	5	744	432	15
177.0	7108	25	27	9470	22	470	742	14
177.0	7548	11	13	9471	9	943	1980	13
177.0	8874	22	23	9472	18	1352	1031	10
177.0	8230	17	21	9473	12	733	841	12
177.0	8229	14	15	9474	12	1756	1233	12
177.0	8432	19	21	9475	17	968	224	11
177.0	8605	21	25	9476	17	583	470	12
177.0	7183	17	21	9477	11	1178	598	11
177.0	7017	5	2	9478	8	1199	1299	13
177.0	7646	4	5	9479	2	1372	800	16
177.0	7814	16	4	9480	26	670	1269	9
177.0	7530	8	7	9481	9	1013	531	13
177.0	7958	24	22	9482	26	1282	1572	13
177.0	8011	14	13	9483	14	1325	790	11
177.0	7034	23	18	9484	28	552	1258	13
177.0	8976	22	16	9485	28	876	691	13
177.0	7526	8	9	9486	7	628	510	16
177.0	8358	19	18	9487	20	662	477	12
177.0	7669	14	13	9488	15	612	790	11
177.0	6924	14	7	9489	21	1164	289	13
177.0	8463	19	15	9490	22	1297	1548	14
177.0	7494	32	26	9491	37	786	1328	11
177.0	8000	13	7	9492	16	1367	1428	12
177.0	8598	6	7	9493	5	1510	923	11
177.0	8235	11	9	9494	13	483	624	15
177.0	7962	18	19	9495	16	1492	403	13
177.0	8163	15	13	9496	16	1282	200	11
177.0	7752	27	34	9497	19	459	942	11
177.0	7658	9	8	9498	10	1146	1590	10
177.0	7452	5	2	9499	8	771	189	15
177.0	7781	22	23	9500	19	1241	1673	10
177.0	8228	15	14	9501	15	1539	1262	13
177.0	7763	20	16	9502	21	666	712	15
177.0	8899	13	13	9503	13	679	554	14
177.0	7228	11	15	9504	5	940	43	13
177.0	8934	13	15	9505	11	907	630	14
177.0	7663	26	28	9506	22	311	360	12
177.0	7546	12	12	9507	11	1248	1130	12
177.0	7775	36	30	9508	39	699	1058	12
177.0	7019	19	20	9509	17	1449	772	12
177.0	7289	5	7	9510	3	1366	929	16
177.0	7816	22	26	9511	18	459	870	12
177.0	6925	19	24	9512	14	847	1120	16
177.0	7528	6	5	9513	7	838	1463	11
177.0	7094	9	4	9514	12	782	1090	14
177.0	7129	32	29	9515	34	1330	1999	13
177.0	7701	18	17	9516	15	1191	568	12
177.0	7812	29	29	9517	27	599	964	17
177.0	7734	24	25	9518	21	1551	1018	13
177.0	7777	36	34	9519	37	691	953	13
177.0	7909	12	17	9520	5	716	621	9
177.0	8139	13	14	9521	12	1434	647	12
178.0	7182	16	15	9522	16	1407	1101	15
178.0	8603	13	9	9523	16	770	422	11
178.0	7977	17	19	9524	13	583	1318	12
178.0	7841	30	34	9525	25	898	1442	12
178.0	6952	2	1	9526	3	1219	1189	11
178.0	7284	20	21	9527	18	1220	673	10
178.0	8448	7	4	9528	10	638	520	15
178.0	7338	19	22	9529	15	949	330	14
178.0	7994	17	17	9530	17	903	1942	13
178.0	8143	21	21	9531	19	440	697	15
178.0	8563	4	3	9532	5	856	321	13
178.0	7337	15	11	9533	18	1367	1740	14
178.0	8056	5	4	9534	6	1593	933	12
178.0	7664	9	10	9535	7	1503	1260	12
178.0	7061	14	13	9536	14	685	1369	13
178.0	8161	10	10	9537	10	510	726	15
178.0	7470	13	13	9538	11	553	1154	10
178.0	7326	9	6	9539	11	1103	1558	12
178.0	7309	12	14	9540	10	831	397	11
178.0	7041	6	5	9541	7	1488	1232	10
178.0	8890	12	11	9542	13	1418	826	11
178.0	7389	27	25	9543	27	811	1159	11
178.0	7170	16	18	9544	14	1311	1425	11
178.0	8414	21	24	9545	18	987	478	12
178.0	7088	17	11	9546	21	997	1834	14
178.0	8329	31	28	9547	33	321	454	11
178.0	7184	20	16	9548	24	1225	1942	8
178.0	7351	15	13	9549	15	870	1319	11
178.0	7968	27	25	9550	27	1027	522	9
178.0	7646	5	3	9551	7	1372	800	17
178.0	7921	41	40	9552	40	649	1534	13
178.0	7814	4	4	9553	4	670	1269	10
178.0	8730	23	23	9554	23	1490	1088	10
178.0	7644	30	33	9555	26	454	979	14
178.0	7781	23	21	9556	23	1241	1673	11
178.0	7801	22	25	9557	19	993	701	12
178.0	8564	12	11	9558	13	478	1793	16
178.0	7768	9	5	9559	13	1286	790	15
178.0	8420	25	29	9560	21	394	1068	15
178.0	6892	18	14	9561	20	370	1042	16
178.0	7607	22	21	9562	22	1130	1260	11
178.0	8363	7	11	9563	3	1010	149	13
178.0	7226	10	11	9564	9	559	976	14
178.0	7843	8	6	9565	9	865	1718	12
178.0	7410	7	7	9566	7	1268	1240	13
178.0	8002	33	38	9567	24	450	496	13
178.0	7298	22	21	9568	23	1411	669	11
178.0	8956	13	11	9569	14	857	761	13
178.0	7289	7	4	9570	9	1366	929	17
178.0	6889	15	9	9571	20	620	1019	17
178.0	9371	22	20	9572	22	933	360	14
178.0	7387	13	16	9573	10	756	422	11
178.0	7583	13	15	9574	11	1000	175	12
178.0	7769	9	4	9575	14	1091	513	14
178.0	9303	37	40	9576	32	652	1098	13
178.0	7981	26	23	9577	25	1120	1550	12
178.0	7028	21	20	9578	20	1990	1893	10
178.0	7971	34	35	9579	32	654	617	10
178.0	7034	18	16	9580	18	552	1258	14
178.0	8171	14	13	9581	15	918	340	12
178.0	8565	20	20	9582	20	737	1321	13
178.0	8089	26	27	9583	24	1140	1242	13
178.0	7080	29	28	9584	30	732	979	10
178.0	7494	26	25	9585	27	786	1328	12
178.0	8069	16	20	9586	11	1228	1583	11
178.0	8096	20	20	9587	20	828	1398	10
178.0	7240	17	14	9588	20	24	1133	11
178.0	7890	19	17	9589	20	1348	397	11
178.0	7204	15	13	9590	16	1288	812	13
178.0	7317	8	11	9591	5	936	1550	12
178.0	7194	19	14	9592	23	1588	1389	14
178.0	7091	10	10	9593	9	1113	0	14
178.0	7030	8	6	9594	10	809	1669	12
179.0	8866	36	33	9595	38	344	1379	18
179.0	7339	11	9	9596	13	993	1530	10
179.0	7937	4	8	9597	0	1380	788	14
179.0	7493	9	8	9598	9	779	1201	12
179.0	7664	10	10	9599	10	1503	1260	13
179.0	7066	29	33	9600	24	1474	1582	14
179.0	9098	27	23	9601	30	722	1018	15
179.0	8150	24	23	9602	24	1994	1503	9
179.0	7915	20	13	9603	27	1211	110	12
179.0	6944	18	22	9604	13	662	921	11
179.0	8086	16	14	9605	17	478	918	17
179.0	6958	17	17	9606	16	809	1441	10
179.0	7373	13	12	9607	13	1609	882	16
179.0	8461	4	1	9608	7	1715	839	15
179.0	7331	7	4	9609	10	1139	1419	12
179.0	7794	37	36	9610	32	842	1380	13
179.0	7994	17	15	9611	19	903	1942	14
179.0	8158	20	27	9612	13	704	460	16
179.0	8498	31	24	9613	37	596	679	13
179.0	8606	11	9	9614	13	1420	938	11
179.0	8719	47	49	9615	43	796	1381	13
179.0	7686	10	8	9616	12	878	590	10
179.0	7136	11	7	9617	14	762	1251	12
179.0	8579	15	14	9618	15	1417	918	11
179.0	7758	18	17	9619	18	1526	456	12
179.0	8608	10	7	9620	12	1129	492	15
179.0	7848	11	13	9621	8	1198	169	12
179.0	7346	14	12	9622	13	510	742	16
179.0	7002	29	32	9623	23	1291	1524	14
179.0	8839	24	21	9624	24	1373	361	12
179.0	8319	14	10	9625	17	781	1250	12
179.0	8354	17	15	9626	18	777	1070	11
179.0	7520	23	27	9627	18	1369	1498	11
179.0	8101	23	22	9628	20	1242	707	11
179.0	7323	25	27	9629	20	592	743	12
179.0	7729	27	25	9630	26	1081	1921	11
179.0	7100	22	21	9631	21	1016	1999	13
179.0	7116	6	7	9632	5	1103	384	14
179.0	7753	11	11	9633	11	1084	41	11
179.0	7385	31	34	9634	28	1420	1059	11
179.0	8321	26	28	9635	23	1657	1815	10
179.0	7985	35	39	9636	30	396	1646	13
179.0	7746	37	36	9637	37	825	1589	14
179.0	7484	21	13	9638	26	761	1368	10
179.0	7204	13	17	9639	9	1288	812	14
179.0	7904	16	14	9640	17	749	463	14
179.0	7020	9	9	9641	7	1536	582	14
179.0	7966	12	13	9642	11	1043	1946	12
179.0	7888	19	17	9643	21	1263	27	11
179.0	7765	14	16	9644	12	780	1923	13
179.0	7165	7	6	9645	8	1419	1271	14
179.0	8304	12	14	9646	10	1183	406	13
179.0	7160	10	9	9647	10	1956	1852	14
179.0	9260	18	18	9648	17	431	1068	16
179.0	8391	14	15	9649	11	1154	422	14
179.0	7124	39	40	9650	34	0	1190	14
179.0	7859	39	34	9651	41	267	851	16
179.0	7234	24	25	9652	22	617	1171	9
179.0	7480	21	23	9653	19	1185	1618	10
179.0	8676	26	25	9654	26	1085	1697	12
179.0	7102	14	12	9655	15	1247	558	13
179.0	8225	16	13	9656	18	1036	1609	7
179.0	8310	22	21	9657	22	1958	1953	10
179.0	7773	14	12	9658	15	1232	1200	10
179.0	7101	10	10	9659	10	1202	460	15
179.0	7447	22	23	9660	19	1236	1349	14
179.0	7413	20	18	9661	21	600	931	18
179.0	7838	28	25	9662	30	640	1063	13
179.0	7356	28	26	9663	29	620	776	15
179.0	8448	4	1	9664	7	638	520	16
179.0	8208	33	30	9665	33	1399	1371	14
179.0	8730	23	22	9666	23	1490	1088	11
179.0	8144	20	18	9667	21	1581	1031	13
179.0	8865	20	19	9668	20	961	342	14
179.0	7535	17	20	9669	14	791	442	17
180.0	8229	15	17	9670	13	1756	1233	13
180.0	8410	13	15	9671	11	732	1363	10
180.0	8391	15	10	9672	19	1154	422	15
180.0	8369	25	28	9673	21	1001	1744	10
180.0	7137	14	18	9674	10	941	652	14
180.0	7327	8	10	9675	6	1256	1699	7
180.0	6978	20	20	9676	19	1930	1848	11
180.0	7452	2	2	9677	2	771	189	16
180.0	8281	9	9	9678	9	901	569	15
180.0	8094	39	37	9679	40	1330	1948	12
180.0	8068	8	7	9680	9	564	862	13
180.0	7793	17	10	9681	23	1608	1952	10
180.0	7073	10	13	9682	7	877	337	12
180.0	7682	28	30	9683	24	1486	772	12
180.0	7350	6	8	9684	4	1548	898	15
180.0	8676	25	25	9685	23	1085	1697	13
180.0	8455	13	11	9686	15	798	1000	9
180.0	7203	25	24	9687	25	1441	1567	9
180.0	7413	18	20	9688	16	600	931	19
180.0	7613	24	26	9689	20	1886	1999	12
180.0	8027	15	15	9690	15	1279	1402	13
180.0	7713	22	19	9691	22	1319	912	11
180.0	7895	21	18	9692	23	1078	1490	11
180.0	6989	3	2	9693	4	1490	1147	17
180.0	8918	23	27	9694	17	1233	1508	9
180.0	7856	8	6	9695	9	1358	1248	12
180.0	8199	14	12	9696	14	665	1010	14
180.0	8013	31	31	9697	29	759	1281	17
180.0	8201	19	14	9698	22	600	818	12
180.0	9511	18	16	9699	20	399	922	13
180.0	7994	15	19	9700	11	903	1942	15
180.0	8385	15	15	9701	15	1123	680	13
180.0	7454	9	10	9702	8	1653	1023	15
180.0	7684	15	16	9703	12	786	222	11
180.0	8517	20	20	9704	18	1259	1492	13
180.0	8706	11	14	9705	7	1370	722	14
180.0	8681	29	26	9706	30	1276	561	12
180.0	7541	11	9	9707	13	1656	1200	13
180.0	7521	17	16	9708	18	1099	1645	12
180.0	8311	17	20	9709	12	1195	358	11
180.0	8496	17	17	9710	17	1390	1303	14
180.0	7957	6	7	9711	5	878	1601	12
180.0	6950	12	8	9712	16	1316	1479	13
180.0	7172	11	9	9713	13	647	497	14
180.0	7946	11	12	9714	10	510	672	13
180.0	8050	9	11	9715	7	933	1473	11
180.0	8727	34	25	9716	42	643	303	13
180.0	8472	10	14	9717	6	967	386	12
180.0	7904	14	12	9718	15	749	463	15
180.0	7213	21	14	9719	27	930	472	16
180.0	8218	22	22	9720	21	728	1963	15
180.0	7696	39	42	9721	33	1202	1795	15
180.0	7480	23	25	9722	21	1185	1618	11
180.0	7783	16	17	9723	14	427	1828	15
180.0	7432	9	10	9724	7	1178	380	11
180.0	6923	13	11	9725	15	1054	208	14
180.0	7679	19	14	9726	22	930	1307	12
180.0	7097	30	29	9727	29	721	1405	9
180.0	7611	25	26	9728	23	1924	1934	13
180.0	7028	20	11	9729	28	1990	1893	11
180.0	8021	29	33	9730	24	1194	1720	8
180.0	8599	6	8	9731	4	942	1438	10
180.0	7787	8	7	9732	8	659	461	13
180.0	7567	12	12	9733	12	1504	1011	13
180.0	7103	13	15	9734	10	780	685	10
181.0	7012	8	7	9735	9	866	1470	9
181.0	7637	26	23	9736	28	1139	1688	15
181.0	7625	13	13	9737	11	1540	777	10
181.0	7562	11	10	9738	11	1319	740	14
181.0	7633	14	17	9739	11	721	811	14
181.0	7895	18	19	9740	16	1078	1490	12
181.0	7229	12	14	9741	10	822	561	12
181.0	7116	7	8	9742	6	1103	384	15
181.0	8410	15	14	9743	16	732	1363	11
181.0	7094	4	5	9744	2	782	1090	15
181.0	7400	31	25	9745	33	288	1386	13
181.0	7226	11	12	9746	9	546	989	15
181.0	7468	15	14	9747	14	1076	213	13
181.0	8783	43	49	9748	35	676	1552	12
181.0	7662	27	24	9749	29	1936	1893	10
181.0	8000	7	7	9750	7	1367	1428	13
181.0	7024	21	26	9751	15	1095	1542	10
181.0	8517	20	24	9752	16	1259	1492	14
181.0	8203	30	31	9753	28	487	1638	14
181.0	7513	16	14	9754	16	1178	1449	11
181.0	7420	33	24	9755	35	484	1961	15
181.0	9075	14	14	9756	13	882	435	16
181.0	7793	10	5	9757	14	1608	1952	11
181.0	7110	16	17	9758	14	672	973	13
181.0	8890	11	11	9759	8	1418	826	12
181.0	7334	22	20	9760	23	1040	1320	12
181.0	8400	11	13	9761	9	1398	1202	10
181.0	8176	20	23	9762	16	1114	91	12
181.0	6903	14	13	9763	14	1802	1165	15
181.0	8675	9	12	9764	6	1058	414	14
181.0	8235	9	8	9765	10	483	624	16
181.0	8754	34	38	9766	29	1061	1921	11
181.0	7196	12	11	9767	13	740	1493	10
181.0	7667	14	10	9768	18	907	538	15
181.0	7480	25	15	9769	32	1185	1618	12
181.0	7222	6	4	9770	7	1490	1398	19
181.0	7257	18	20	9771	15	1641	1290	14
181.0	8743	17	16	9772	17	1439	1495	14
181.0	7894	19	16	9773	20	1328	580	10
181.0	9203	33	32	9774	32	655	851	13
181.0	8143	21	20	9775	22	440	697	16
181.0	7123	15	12	9776	17	349	1539	10
181.0	7766	10	14	9777	6	1635	890	15
181.0	8539	19	17	9778	21	1301	1080	13
181.0	6974	7	3	9779	11	906	1499	13
181.0	7708	22	27	9780	16	496	462	11
181.0	9057	16	13	9781	18	237	1983	13
181.0	8526	14	14	9782	13	993	1461	8
181.0	8772	25	27	9783	21	387	995	15
181.0	8140	23	21	9784	25	1388	1391	11
181.0	7848	13	13	9785	10	1198	169	13
181.0	8068	7	8	9786	5	564	862	14
181.0	8028	16	19	9787	12	1331	657	13
181.0	8453	14	14	9788	13	878	1423	11
181.0	6936	22	22	9789	21	984	1971	10
181.0	6937	4	5	9790	3	619	532	14
181.0	8951	15	18	9791	12	1350	870	15
181.0	8313	11	8	9792	13	1145	1830	10
181.0	8452	30	36	9793	24	494	1047	14
181.0	8011	13	13	9794	11	1325	790	12
181.0	8224	10	6	9795	14	605	418	12
181.0	7669	13	16	9796	9	612	790	12
181.0	7162	13	12	9797	13	1030	1487	15
181.0	8953	16	17	9798	13	1259	1141	11
181.0	8033	21	21	9799	21	1504	869	10
181.0	7873	14	15	9800	13	1158	557	11
181.0	8496	17	18	9801	14	1390	1303	15
181.0	7384	12	15	9802	8	1019	1528	12
181.0	7927	11	13	9803	8	801	931	13
181.0	8650	18	21	9804	15	621	986	17
181.0	7205	20	24	9805	15	1248	1508	9
181.0	6996	16	14	9806	18	1432	1316	14
181.0	8180	10	10	9807	9	998	628	14
181.0	7323	27	19	9808	33	592	743	13
181.0	8408	24	24	9809	23	584	546	14
182.0	7445	23	28	9810	17	898	360	15
182.0	8565	20	15	9811	23	737	1321	14
182.0	8203	31	34	9812	28	414	1681	15
182.0	8228	14	11	9813	17	1539	1262	14
182.0	7252	17	13	9814	20	193	1086	14
182.0	7173	11	8	9815	13	743	393	16
182.0	8904	25	24	9816	25	529	615	15
182.0	7074	17	14	9817	19	540	1743	17
182.0	9229	35	33	9818	37	954	501	16
182.0	9638	26	27	9819	23	761	1390	11
182.0	8591	3	3	9820	3	1530	1147	17
182.0	7446	10	10	9821	9	1272	337	12
182.0	8134	14	18	9822	10	1506	782	15
182.0	8088	15	15	9823	15	1555	1039	11
182.0	9579	32	36	9824	28	654	631	11
182.0	8116	32	22	9825	41	1077	1999	19
182.0	8455	11	10	9826	11	798	1000	10
182.0	7873	15	15	9827	14	1158	557	12
182.0	7793	5	5	9828	5	1608	1952	12
182.0	7264	15	12	9829	18	1431	1999	14
182.0	7429	41	50	9830	31	620	1334	14
182.0	8038	18	19	9831	16	619	1233	10
182.0	8224	6	5	9832	5	605	418	13
182.0	8633	13	15	9833	10	1548	1825	12
182.0	9159	12	10	9834	13	847	1470	9
182.0	6979	33	33	9835	31	347	572	14
182.0	8244	17	16	9836	18	1272	711	9
182.0	7009	15	9	9837	18	900	296	13
182.0	7844	36	35	9838	36	787	538	17
182.0	7185	12	10	9839	13	1184	169	12
182.0	8370	21	20	9840	21	1327	1391	14
182.0	7372	28	30	9841	25	1280	743	12
182.0	6936	22	25	9842	18	984	1971	11
182.0	7573	19	18	9843	19	1490	1188	8
182.0	7791	15	11	9844	18	490	983	17
182.0	7437	6	7	9845	5	874	321	13
182.0	6919	15	18	9846	9	1392	1601	11
182.0	7443	39	47	9847	30	1494	1489	16
182.0	7606	16	11	9848	20	1476	881	11
182.0	7284	21	21	9849	20	1220	673	11
182.0	7857	16	17	9850	15	760	650	12
182.0	9315	21	17	9851	24	1501	1874	14
182.0	8164	33	35	9852	30	766	1319	16
182.0	9028	14	17	9853	10	1259	1679	8
182.0	6905	17	17	9854	17	1470	1271	15
182.0	8033	21	19	9855	21	1504	869	11
182.0	8799	22	24	9856	19	271	1017	17
182.0	7994	19	18	9857	19	903	1942	16
182.0	7196	11	15	9858	7	740	1515	11
182.0	6884	6	6	9859	5	629	448	15
182.0	9075	14	10	9860	17	882	435	17
182.0	7682	30	31	9861	28	1486	772	13
182.0	7565	17	14	9862	19	788	1421	9
182.0	8526	14	11	9863	17	993	1461	9
182.0	8604	23	24	9864	22	343	925	13
182.0	7459	1	1	9865	1	1071	1351	13
182.0	8903	7	8	9866	5	580	1520	13
182.0	7014	27	26	9867	26	729	657	11
182.0	8375	22	22	9868	20	1940	967	11
182.0	7116	8	6	9869	10	1103	384	16
182.0	7752	34	32	9870	34	459	942	12
182.0	8307	10	5	9871	15	1349	1179	13
182.0	7675	5	3	9872	7	960	1438	13
182.0	7673	4	3	9873	5	1022	234	12
182.0	8392	24	24	9874	23	680	793	14
182.0	8049	26	31	9875	21	825	500	16
182.0	8539	17	23	9876	10	1301	1080	14
182.0	7073	13	16	9877	8	878	289	13
182.0	7142	22	22	9878	22	297	1090	11
182.0	7170	18	15	9879	19	1311	1425	12
182.0	7232	13	16	9880	10	818	678	11
182.0	6958	17	21	9881	12	809	1461	11
182.0	7537	25	28	9882	21	1341	1535	15
182.0	7708	27	29	9883	25	496	462	12
182.0	7609	24	26	9884	21	820	1437	14
182.0	8324	23	19	9885	26	1422	1270	12
182.0	6959	29	26	9886	31	785	1589	18
182.0	8299	24	26	9887	21	1057	12	13
182.0	8153	5	6	9888	4	855	358	10
182.0	7451	21	23	9889	19	664	1060	8
182.0	8355	12	13	9890	11	1532	1381	14
182.0	7339	9	10	9891	8	993	1530	11
182.0	7608	6	7	9892	5	839	481	15
182.0	8470	36	34	9893	38	1178	1754	16
182.0	7572	11	15	9894	7	1562	506	12
182.0	8288	5	2	9895	7	919	1621	13
182.0	7927	13	11	9896	14	801	931	14
182.0	9514	12	8	9897	13	750	1121	15
182.0	7903	29	18	9898	40	688	1287	15
182.0	7077	5	1	9899	9	1134	591	13
182.0	8260	3	2	9900	3	825	601	14
182.0	8893	6	6	9901	6	830	295	13
182.0	6960	11	10	9902	12	1199	0	14
182.0	7660	10	9	9903	7	930	441	14
182.0	8727	25	25	9904	25	643	303	14
183.0	8009	6	7	9905	4	1508	977	12
183.0	9065	6	9	9906	3	1031	1511	15
183.0	8088	15	17	9907	13	1619	1103	12
183.0	7080	28	28	9908	27	732	979	11
183.0	8775	17	19	9909	15	735	559	16
183.0	7212	32	33	9910	28	1057	1999	17
183.0	8992	17	16	9911	17	809	442	17
183.0	7077	1	0	9912	2	1134	591	14
183.0	7170	15	17	9913	13	1311	1425	13
183.0	7061	13	10	9914	15	666	1369	14
183.0	8178	25	23	9915	26	1374	1697	12
183.0	7753	11	13	9916	9	1084	41	12
183.0	8824	19	17	9917	21	1662	912	15
183.0	9159	10	8	9918	11	847	1470	10
183.0	8164	35	43	9919	23	766	1319	17
183.0	9028	17	18	9920	15	1259	1679	9
183.0	7402	17	19	9921	15	1481	429	11
183.0	8305	30	31	9922	27	1502	837	12
183.0	8028	19	17	9923	20	1331	657	14
183.0	7990	26	18	9924	34	543	654	15
183.0	8257	23	26	9925	19	1326	1890	9
183.0	7490	18	17	9926	18	610	1116	11
183.0	8150	23	19	9927	26	1994	1503	10
183.0	8464	14	12	9928	15	1161	516	12
183.0	7252	13	12	9929	14	193	1086	15
183.0	7019	20	21	9930	17	1449	772	13
183.0	7504	6	3	9931	9	1739	868	13
183.0	7337	11	8	9932	13	1370	1785	15
183.0	7256	23	25	9933	19	1289	1722	9
183.0	9108	8	8	9934	8	1143	41	13
183.0	8358	18	13	9935	23	652	487	13
183.0	7146	6	8	9936	4	1417	979	11
183.0	8527	38	38	9937	38	396	1440	15
183.0	7724	17	15	9938	18	1120	420	15
183.0	7815	15	13	9939	15	992	1501	11
183.0	8073	19	16	9940	21	977	1614	11
183.0	7397	19	19	9941	16	920	771	11
183.0	7081	3	4	9942	1	1471	972	16
183.0	7449	18	21	9943	15	1039	1666	12
183.0	8607	8	6	9944	10	1287	262	11
183.0	9634	28	27	9945	26	1420	1029	12
183.0	7659	18	21	9946	14	1385	632	12
183.0	8740	10	11	9947	9	573	418	13
183.0	8819	39	43	9948	34	746	1477	13
183.0	7462	12	16	9949	8	534	1760	10
183.0	7872	7	5	9950	7	1471	1199	13
183.0	8998	10	6	9951	14	762	1722	11
183.0	7014	26	27	9952	21	729	657	12
183.0	9050	37	44	9953	28	1198	1544	15
183.0	7161	17	19	9954	15	818	566	13
183.0	8091	21	17	9955	25	1470	920	10
183.0	8194	14	15	9956	11	1368	1661	14
183.0	8537	20	15	9957	24	702	1310	11
183.0	7073	16	19	9958	12	878	289	14
183.0	7608	7	9	9959	5	839	481	16
183.0	9185	19	22	9960	16	611	696	16
183.0	8466	9	9	9961	9	911	239	12
183.0	8299	26	29	9962	22	1057	12	14
183.0	7955	18	15	9963	20	1625	1130	12
183.0	7302	10	11	9964	8	894	1480	13
183.0	8006	10	9	9965	11	1507	1416	15
183.0	9307	3	2	9966	4	1523	1242	13
183.0	8636	27	19	9967	34	1175	1530	13
183.0	8849	15	12	9968	18	1027	571	13
183.0	9411	19	21	9969	16	1291	626	13
183.0	7041	5	4	9970	5	1475	1219	11
183.0	8460	27	31	9971	23	1608	1925	8
184.0	8210	5	3	9972	7	1340	693	15
184.0	7997	28	26	9973	30	1479	1622	11
184.0	8629	22	16	9974	26	1382	999	16
184.0	6904	18	22	9975	12	1362	1367	12
184.0	8839	21	20	9976	21	1373	361	13
184.0	7067	11	6	9977	16	1069	564	15
184.0	7121	13	11	9978	15	459	857	13
184.0	7658	8	9	9979	7	1146	1590	11
184.0	8246	28	30	9980	26	1040	1587	8
184.0	7141	9	11	9981	7	932	1524	12
184.0	7353	20	21	9982	18	599	638	14
184.0	9047	12	12	9983	12	889	1823	12
184.0	7165	6	8	9984	4	1419	1251	15
184.0	8208	30	29	9985	29	1399	1371	15
184.0	8165	15	18	9986	11	628	1008	16
184.0	8983	34	37	9987	28	1768	247	11
184.0	7332	27	25	9988	26	1360	574	11
184.0	7050	3	3	9989	3	922	313	14
184.0	8229	17	12	9990	22	1803	1268	14
184.0	7306	17	16	9991	18	782	386	16
184.0	8357	13	10	9992	15	1562	893	12
184.0	7261	22	23	9993	21	1188	1671	11
184.0	6982	11	14	9994	8	1272	535	12
184.0	8525	10	11	9995	8	622	428	13
184.0	7609	26	24	9996	27	820	1437	15
184.0	9001	7	3	9997	10	1176	1597	11
184.0	8201	14	13	9998	14	588	806	13
184.0	8166	15	18	9999	10	662	1399	9
184.0	7705	10	11	10000	9	670	1326	11
184.0	6885	13	13	10001	12	1402	1501	14
184.0	7022	14	18	10002	10	1681	849	13
184.0	7341	7	5	10003	8	1263	361	11
184.0	7043	9	8	10004	10	873	403	15
184.0	8388	5	4	10005	6	1651	936	18
184.0	7360	46	55	10006	35	1670	1503	10
184.0	7194	14	17	10007	11	1588	1389	15
184.0	9065	9	8	10008	10	1031	1511	16
184.0	7380	25	22	10009	26	1298	653	11
184.0	7872	5	6	10010	4	1471	1199	14
184.0	8584	9	5	10011	13	802	678	10
184.0	7991	5	3	10012	6	1062	1500	13
184.0	7413	20	21	10013	18	600	931	20
184.0	7237	15	20	10014	10	555	881	17
184.0	7093	22	20	10015	21	1229	1388	11
184.0	8599	8	13	10016	3	942	1438	11
184.0	7947	18	17	10017	19	1267	1624	10
184.0	8962	18	14	10018	18	1266	1370	14
184.0	8247	24	22	10019	26	998	1693	12
184.0	7477	23	24	10020	21	794	518	10
184.0	7920	19	22	10021	15	1329	1149	15
184.0	7549	12	14	10022	10	861	1438	6
184.0	8824	17	17	10023	16	1662	912	16
184.0	8189	23	17	10024	28	830	1230	11
184.0	8211	26	18	10025	33	549	1377	10
184.0	8486	12	12	10026	11	519	951	14
184.0	7449	21	18	10027	21	1039	1666	13
184.0	9012	21	23	10028	19	1450	726	10
184.0	7465	16	13	10029	18	1389	1488	15
184.0	8021	33	30	10030	33	1194	1768	9
184.0	8998	6	6	10031	6	762	1722	12
184.0	7521	16	17	10032	14	1112	1658	13
184.0	7170	17	16	10033	18	1311	1425	14
184.0	7019	21	15	10034	25	1449	772	14
184.0	8447	11	16	10035	5	1281	361	11
184.0	8869	12	15	10036	9	780	285	15
184.0	7219	6	5	10037	7	576	1620	13
184.0	7142	22	20	10038	24	243	1077	12
185.0	8068	8	8	10039	8	564	862	15
185.0	8210	3	1	10040	4	1340	693	16
185.0	8449	14	9	10041	19	632	959	9
185.0	9042	15	18	10042	11	1091	492	16
185.0	7170	16	16	10043	15	1311	1425	15
185.0	8082	28	24	10044	30	730	1190	16
185.0	6885	13	15	10045	11	1402	1501	15
185.0	6934	39	36	10046	40	1212	1531	16
185.0	6979	33	33	10047	31	347	572	15
185.0	7043	8	6	10048	8	873	403	16
185.0	7421	11	10	10049	10	723	419	16
185.0	7928	9	8	10050	9	1597	884	21
185.0	8366	26	35	10051	16	495	438	12
185.0	8208	29	28	10052	28	1399	1371	16
185.0	9437	11	8	10053	13	1161	1666	10
185.0	8765	29	24	10054	34	529	822	9
185.0	7890	17	15	10055	17	1348	397	12
185.0	7412	18	20	10056	16	609	1058	16
185.0	9546	21	16	10057	24	978	1834	15
185.0	7611	26	22	10058	29	1924	1934	14
185.0	8606	9	8	10059	9	1420	938	12
185.0	8207	7	10	10060	4	731	1768	9
185.0	7327	10	8	10061	12	1268	1711	8
185.0	8524	50	49	10062	50	799	1643	16
185.0	7799	41	43	10063	36	531	1241	14
185.0	8824	17	12	10064	22	1662	912	17
185.0	8698	11	11	10065	10	1091	471	16
185.0	7067	6	7	10066	5	1069	564	16
185.0	8155	18	18	10067	18	1547	256	13
185.0	7209	23	23	10068	21	997	1571	8
185.0	8166	18	12	10069	22	662	1399	10
185.0	8668	19	18	10070	19	306	1050	14
185.0	7694	17	15	10071	16	1451	1441	11
185.0	8660	15	16	10072	14	505	940	16
185.0	7163	5	4	10073	6	1551	850	15
185.0	8695	18	16	10074	20	1504	759	12
185.0	8998	6	7	10075	4	762	1722	13
185.0	8793	11	11	10076	11	1164	149	12
185.0	8138	17	20	10077	14	1541	1357	12
185.0	6978	20	19	10078	20	1809	1868	12
185.0	7084	16	19	10079	11	799	1298	20
185.0	9215	10	13	10080	7	704	1269	12
185.0	7093	20	23	10081	16	1229	1388	12
185.0	7487	21	17	10082	25	1311	1249	14
185.0	8367	30	29	10083	26	1738	1441	11
185.0	7683	16	18	10084	13	765	580	13
185.0	8287	20	15	10085	25	830	839	11
185.0	7638	6	7	10086	5	1232	418	14
185.0	8323	11	16	10087	6	1074	492	16
185.0	8513	20	16	10088	23	718	1219	13
185.0	7619	5	2	10089	8	1688	797	16
185.0	7789	10	7	10090	13	719	457	17
185.0	7206	29	28	10091	28	683	1377	11
185.0	8219	9	8	10092	10	1154	139	11
185.0	7651	6	4	10093	8	1237	1467	13
185.0	9088	5	6	10094	4	817	361	11
185.0	8866	33	34	10095	32	206	1449	19
185.0	7352	4	3	10096	4	739	475	18
185.0	7046	1	2	10097	0	1594	861	18
185.0	8161	10	12	10098	8	510	710	16
185.0	7781	21	21	10099	21	1265	1697	12
185.0	8562	22	20	10100	23	498	892	16
185.0	8211	18	16	10101	20	496	1377	11
185.0	8465	13	8	10102	18	987	1638	14
185.0	8321	28	27	10103	25	1678	1745	11
185.0	7596	13	10	10104	15	1530	1843	12
185.0	7598	13	14	10105	12	1446	1693	10
185.0	7744	10	11	10106	9	922	569	14
185.0	7794	36	33	10107	37	842	1380	14
185.0	7125	11	14	10108	7	1091	450	16
185.0	8151	21	20	10109	22	566	1403	13
185.0	7407	13	10	10110	15	1159	531	12
186.0	8387	20	17	10111	23	1110	1397	12
186.0	7293	23	23	10112	22	809	719	10
186.0	9411	21	18	10113	23	1291	626	14
186.0	7740	27	24	10114	28	1103	409	11
186.0	7060	19	14	10115	21	1114	1999	14
186.0	7972	25	20	10116	29	1386	1513	10
186.0	8438	29	29	10117	28	285	438	11
186.0	8417	8	8	10118	8	1252	414	13
186.0	8458	32	28	10119	31	534	851	15
186.0	8628	19	17	10120	21	1177	1711	9
186.0	8541	23	24	10121	20	959	1822	18
186.0	9120	29	29	10122	27	1212	1550	16
186.0	6978	19	20	10123	18	1809	1868	13
186.0	7733	15	16	10124	13	1544	1470	15
186.0	8171	13	5	10125	21	951	307	13
186.0	8137	28	29	10126	24	1300	1332	14
186.0	7690	5	4	10127	6	1544	1210	14
186.0	8866	34	39	10128	27	160	1514	20
186.0	7873	15	17	10129	12	1158	557	13
186.0	8086	14	15	10130	12	478	918	18
186.0	7955	15	13	10131	17	1625	1130	13
186.0	8493	21	20	10132	22	588	1377	12
186.0	8880	14	14	10133	14	1507	962	12
186.0	7267	25	32	10134	16	1117	1490	14
186.0	7918	12	14	10135	10	749	517	15
186.0	7399	6	7	10136	5	768	507	13
186.0	7054	6	6	10137	6	806	319	15
186.0	8864	10	10	10138	10	1461	1062	16
186.0	7091	10	9	10139	10	1113	0	15
186.0	8681	26	25	10140	27	1276	561	13
186.0	8401	9	8	10141	9	1002	1605	13
186.0	8189	17	15	10142	17	830	1230	12
186.0	7962	19	19	10143	17	1492	403	14
186.0	7854	6	5	10144	5	949	542	15
186.0	8612	32	32	10145	31	908	499	15
186.0	7816	26	23	10146	28	459	870	13
186.0	6903	13	10	10147	16	1802	1165	16
186.0	8614	7	7	10148	7	1569	1135	11
186.0	8557	3	1	10149	4	1503	470	14
186.0	7757	9	8	10150	8	799	247	13
186.0	6928	11	11	10151	11	1071	1557	12
186.0	8073	16	21	10152	10	963	1600	12
186.0	7568	6	7	10153	5	1101	1592	8
186.0	8211	16	14	10154	17	496	1377	12
186.0	9432	14	12	10155	14	610	671	10
186.0	7901	18	18	10156	16	1386	548	11
186.0	7000	16	17	10157	15	938	700	13
186.0	8842	7	4	10158	10	683	1961	13
186.0	8416	18	20	10159	15	1308	250	15
186.0	6935	24	23	10160	23	1268	1607	14
186.0	8566	19	19	10161	18	1650	1065	13
186.0	8239	32	32	10162	30	1521	1413	12
186.0	9452	17	13	10163	19	1582	1852	10
186.0	7548	13	14	10164	12	943	1980	14
186.0	6934	36	42	10165	28	1212	1531	17
186.0	8352	12	12	10166	12	728	1941	12
186.0	8535	17	17	10167	16	926	1570	10
186.0	9714	10	10	10168	10	460	647	14
186.0	7076	31	30	10169	31	1238	620	13
186.0	8609	35	36	10170	34	21	1284	14
186.0	6892	14	10	10171	18	370	1042	17
186.0	8426	26	25	10172	25	1412	604	10
186.0	8391	10	10	10173	9	1176	422	16
186.0	7601	24	20	10174	28	698	1379	13
186.0	8501	11	12	10175	10	979	279	13
186.0	8527	38	41	10176	35	398	1527	16
186.0	8460	31	35	10177	27	1608	1925	9
186.0	8084	26	23	10178	29	1613	1739	13
186.0	8613	29	31	10179	26	468	1354	12
186.0	7484	13	11	10180	15	742	1368	11
186.0	7650	50	43	10181	54	1531	882	11
186.0	7689	14	17	10182	11	672	1323	13
186.0	9048	22	25	10183	18	1535	759	12
186.0	8839	20	20	10184	20	1373	361	14
186.0	7256	25	26	10185	24	1289	1722	10
186.0	9215	13	13	10186	12	704	1269	13
186.0	8914	5	8	10187	2	613	1526	11
186.0	9533	18	17	10188	17	1384	1740	15
186.0	8764	45	42	10189	41	347	517	14
187.0	8866	39	36	10190	39	103	1582	21
187.0	9193	25	18	10191	32	1450	427	11
187.0	9232	18	23	10192	11	1244	272	13
187.0	8432	21	17	10193	25	968	224	12
187.0	7740	24	21	10194	26	1103	409	12
187.0	8995	32	37	10195	25	1776	1963	10
187.0	8227	5	3	10196	7	1123	382	14
187.0	7452	2	3	10197	1	771	189	17
187.0	8537	15	17	10198	13	702	1310	12
187.0	7873	17	15	10199	19	1158	557	14
187.0	8889	24	27	10200	21	1471	1169	8
187.0	8308	17	16	10201	16	698	325	10
187.0	8541	24	26	10202	22	959	1822	19
187.0	7129	29	32	10203	24	1330	1999	14
187.0	8031	28	21	10204	33	491	1163	18
187.0	7754	12	19	10205	5	1630	1160	12
187.0	7275	22	28	10206	14	811	1531	10
187.0	8566	19	17	10207	20	1650	1065	14
187.0	9075	10	6	10208	13	882	451	18
187.0	7728	10	12	10209	8	1687	1135	15
187.0	7203	24	21	10210	26	1441	1567	10
187.0	6910	17	17	10211	17	1069	454	12
187.0	7526	9	12	10212	6	628	510	17
187.0	9185	22	21	10213	20	611	696	17
187.0	8724	14	12	10214	15	1798	1223	13
187.0	7798	28	25	10215	30	936	468	16
187.0	7228	15	12	10216	16	940	43	14
187.0	8853	22	23	10217	19	1215	220	13
187.0	8799	24	24	10218	23	271	1017	18
187.0	8438	29	36	10219	20	285	438	12
187.0	8084	23	25	10220	17	1613	1739	14
187.0	9523	16	21	10221	11	754	421	12
187.0	9983	12	13	10222	10	906	1823	13
187.0	7958	22	19	10223	24	1282	1572	14
187.0	8110	16	14	10224	18	1146	1570	12
187.0	7183	21	23	10225	19	1178	598	12
187.0	7901	18	22	10226	14	1386	548	12
187.0	8013	31	30	10227	28	759	1281	18
187.0	8176	23	27	10228	19	1180	79	13
187.0	8729	18	12	10229	24	1787	1812	9
187.0	8978	25	29	10230	20	417	952	16
187.0	8546	19	21	10231	16	1267	1954	9
187.0	8330	19	23	10232	15	971	580	11
187.0	7663	28	34	10233	21	311	360	13
187.0	7468	14	11	10234	17	1076	213	14
187.0	8189	15	16	10235	13	830	1230	13
187.0	8112	9	7	10236	10	701	1925	14
187.0	6928	11	11	10237	10	1071	1557	13
187.0	8678	51	45	10238	55	1547	1422	15
187.0	8069	20	17	10239	23	1228	1583	12
187.0	8683	17	18	10240	15	890	1530	11
187.0	7193	3	4	10241	2	1421	502	15
187.0	7464	15	14	10242	16	1701	978	13
187.0	7388	1	2	10243	0	1133	451	15
187.0	7712	14	10	10244	18	966	1918	13
187.0	8708	19	16	10245	21	798	410	11
187.0	9296	33	34	10246	30	500	1617	13
187.0	8604	24	30	10247	18	343	925	14
187.0	7003	11	9	10248	12	1243	1663	8
187.0	7752	32	38	10249	26	459	942	13
187.0	7422	21	14	10250	27	681	246	11
187.0	7018	24	26	10251	21	507	807	10
187.0	9534	6	1	10252	10	1631	950	13
187.0	8480	27	24	10253	28	348	193	13
187.0	8825	8	9	10254	7	1071	1593	12
187.0	8020	3	2	10255	4	1522	393	17
187.0	8681	25	18	10256	31	1276	561	14
187.0	8498	24	23	10257	25	580	695	14
187.0	8073	21	23	10258	19	963	1600	13
187.0	7372	30	29	10259	29	1280	743	13
187.0	8514	9	13	10260	5	1009	354	12
187.0	8483	2	1	10261	2	1298	401	12
187.0	8484	19	18	10262	20	587	1032	17
187.0	7489	12	11	10263	13	1266	1569	12
187.0	7545	10	8	10264	12	1467	1339	12
187.0	8766	47	43	10265	51	1572	1422	16
187.0	7909	17	18	10266	16	700	605	10
187.0	8333	17	18	10267	15	1044	539	11
187.0	8564	11	10	10268	11	478	1793	17
187.0	7972	20	16	10269	22	1386	1513	11
187.0	9500	19	17	10270	21	1281	1673	11
187.0	6997	4	3	10271	5	470	1680	11
187.0	8844	22	15	10272	28	1391	1814	13
188.0	7525	11	12	10273	10	1252	1540	13
188.0	8583	32	31	10274	33	403	1776	14
188.0	8384	24	21	10275	23	561	1338	11
188.0	7035	10	10	10276	10	1504	1342	11
188.0	8084	25	23	10277	26	1613	1739	15
188.0	9353	8	9	10278	5	1540	1026	12
188.0	9592	23	25	10279	18	1575	1401	15
188.0	9073	20	24	10280	16	1811	1825	11
188.0	8591	3	2	10281	4	1530	1147	18
188.0	8889	27	23	10282	29	1471	1169	9
188.0	8546	21	17	10283	23	1267	1954	10
188.0	9010	17	19	10284	14	709	588	14
188.0	9892	5	6	10285	4	851	435	16
188.0	7437	7	7	10286	7	874	321	14
188.0	8708	16	14	10287	17	798	410	12
188.0	7812	29	35	10288	20	598	982	18
188.0	9007	10	12	10289	8	1003	1518	11
188.0	6958	21	22	10290	18	809	1461	12
188.0	8369	28	29	10291	25	869	1923	11
188.0	8759	8	9	10292	7	1541	1302	13
188.0	6951	18	15	10293	20	881	385	16
188.0	7764	22	26	10294	16	702	1180	11
188.0	8723	15	14	10295	15	1246	318	12
188.0	8983	37	25	10296	47	1768	247	12
188.0	7381	29	25	10297	33	470	706	13
188.0	6902	14	14	10298	14	1162	1517	13
188.0	7662	24	23	10299	25	1936	1893	11
188.0	7160	9	9	10300	9	1956	1852	15
188.0	8656	9	12	10301	6	1667	1273	12
188.0	8509	18	17	10302	16	621	1432	11
188.0	9155	16	12	10303	18	765	1888	13
188.0	7003	9	11	10304	7	1243	1663	9
188.0	8942	27	23	10305	29	1044	1967	16
188.0	8750	13	13	10306	12	1074	312	12
188.0	8472	14	17	10307	11	983	402	13
188.0	7317	11	11	10308	11	936	1610	13
188.0	7471	37	38	10309	33	510	1047	16
188.0	8681	18	14	10310	20	1276	561	15
188.0	9357	9	8	10311	10	708	1894	13
188.0	8261	24	19	10312	29	1150	98	12
188.0	7076	30	30	10313	25	1238	620	14
188.0	7413	21	23	10314	18	600	931	21
188.0	8158	27	28	10315	25	704	460	17
188.0	8704	20	18	10316	22	856	419	14
188.0	7018	26	25	10317	27	507	807	11
188.0	7780	25	28	10318	20	1580	419	11
188.0	6941	23	16	10319	29	0	1045	19
188.0	9026	14	11	10320	16	1740	1105	12
188.0	8765	24	25	10321	22	529	822	10
188.0	8783	49	53	10322	44	652	1785	13
188.0	7489	11	12	10323	10	1266	1569	13
188.0	9260	18	19	10324	17	431	1068	17
188.0	8363	11	12	10325	10	1010	149	14
188.0	8888	17	20	10326	14	720	616	12
188.0	8049	31	34	10327	28	845	500	17
188.0	9242	5	3	10328	7	1404	339	13
188.0	8453	14	16	10329	12	859	1423	12
188.0	8161	12	13	10330	10	510	710	17
189.0	7537	28	27	10331	27	1354	1548	16
189.0	7302	11	9	10332	11	894	1480	14
189.0	8983	25	28	10333	22	1768	247	13
189.0	8220	18	19	10334	17	1201	315	13
189.0	8325	9	8	10335	10	677	1666	11
189.0	8118	9	12	10336	6	1568	875	13
189.0	7419	9	7	10337	11	1651	1001	15
189.0	7163	4	4	10338	3	1551	850	16
189.0	6892	10	8	10339	10	370	1042	18
189.0	6919	18	13	10340	22	1392	1601	12
189.0	8462	17	17	10341	16	1354	1597	13
189.0	9949	8	12	10342	3	525	1878	11
189.0	7443	47	44	10343	47	1507	1502	17
189.0	8360	17	15	10344	18	1627	1700	14
189.0	6973	14	16	10345	11	841	1569	11
189.0	8029	13	14	10346	12	747	243	16
189.0	9491	37	27	10347	43	745	1439	12
189.0	9347	9	8	10348	10	1178	1570	12
189.0	9353	9	8	10349	9	1540	1026	13
189.0	8319	10	7	10350	13	781	1250	13
189.0	8899	13	13	10351	12	651	600	15
189.0	8002	38	46	10352	28	390	430	14
189.0	7817	3	4	10353	2	1219	347	14
189.0	8903	8	7	10354	9	580	1520	14
189.0	7016	17	17	10355	17	641	659	10
189.0	8427	22	22	10356	21	1310	665	11
189.0	8428	16	14	10357	17	1187	1982	7
189.0	9804	15	16	10358	14	649	973	18
189.0	7706	9	4	10359	14	692	708	12
189.0	10022	10	13	10360	7	847	1451	7
189.0	7880	25	24	10361	24	521	1319	12
189.0	7780	28	32	10362	22	1656	388	12
189.0	7349	9	8	10363	10	978	1582	14
189.0	8233	12	10	10364	14	1623	1149	12
189.0	8604	30	24	10365	32	343	925	15
189.0	7101	10	11	10366	8	1202	460	16
189.0	9118	16	15	10367	17	674	383	14
189.0	8685	23	22	10368	23	968	497	14
189.0	8311	20	22	10369	16	1176	358	12
189.0	8465	8	7	10370	9	1013	1664	15
189.0	8784	6	4	10371	7	864	1528	11
189.0	8083	12	11	10372	12	1033	354	13
189.0	8204	12	14	10373	7	782	369	14
189.0	6998	7	8	10374	6	1029	429	16
189.0	9665	33	35	10375	30	1399	1357	15
189.0	8758	5	5	10376	5	1523	1072	15
189.0	8603	9	6	10377	11	770	403	12
189.0	7257	20	27	10378	12	1629	1472	15
189.0	8514	13	9	10379	17	1009	354	13
189.0	9422	20	19	10380	20	596	1350	11
189.0	9003	5	2	10381	8	1424	577	16
189.0	7793	5	5	10382	5	1608	1952	13
189.0	7585	19	17	10383	19	899	1409	7
189.0	7960	9	10	10384	7	1470	1147	15
189.0	8337	9	5	10385	13	1460	950	11
189.0	7275	28	32	10386	22	796	1546	11
189.0	8786	4	2	10387	6	595	462	15
189.0	8123	18	16	10388	20	723	1493	10
189.0	8270	24	16	10389	31	774	1954	16
189.0	9517	27	30	10390	22	559	962	18
189.0	8661	17	18	10391	16	769	623	13
189.0	9656	18	20	10392	15	1026	1618	8
189.0	7778	11	10	10393	11	1068	129	14
189.0	7384	15	15	10394	15	1030	1539	13
189.0	7943	14	11	10395	16	638	631	14
189.0	8506	5	4	10396	5	1164	460	14
189.0	7228	12	10	10397	13	940	43	15
189.0	8575	49	43	10398	52	1950	1349	13
189.0	7489	12	12	10399	12	1266	1569	14
189.0	7766	14	12	10400	15	1635	890	16
189.0	8099	13	16	10401	10	703	1469	9
189.0	7859	34	31	10402	35	213	784	17
189.0	7358	42	44	10403	39	748	1190	15
189.0	6958	22	15	10404	29	809	1461	13
189.0	8212	40	37	10405	40	1560	1453	11
189.0	6924	7	8	10406	6	1164	289	14
189.0	8873	9	9	10407	9	1243	438	14
189.0	7306	16	10	10408	21	782	386	17
189.0	8245	8	10	10409	5	971	1543	12
189.0	9638	27	21	10410	32	742	1412	12
189.0	8158	28	29	10411	27	704	460	18
189.0	7432	10	11	10412	8	1178	380	12
189.0	8362	11	6	10413	15	1252	469	13
189.0	7344	9	7	10414	10	1521	950	10
189.0	8706	14	12	10415	15	1370	722	15
189.0	8563	3	1	10416	4	843	334	14
189.0	8397	16	20	10417	11	1563	1413	12
190.0	6941	16	13	10418	18	0	1045	20
190.0	9938	18	15	10419	20	1129	429	16
190.0	8158	29	27	10420	30	704	460	19
190.0	8805	10	10	10421	10	1000	527	16
190.0	8313	8	10	10422	6	1265	1820	11
190.0	7769	4	1	10423	6	1091	592	15
190.0	9949	12	12	10424	11	525	1878	12
190.0	8557	1	0	10425	2	1503	470	15
190.0	7489	12	8	10426	13	1266	1569	15
190.0	7814	4	4	10427	3	653	1269	11
190.0	8129	12	14	10428	10	679	1489	10
190.0	8563	1	1	10429	1	843	334	15
190.0	10076	11	13	10430	9	1175	137	13
190.0	8770	13	15	10431	10	1581	877	13
190.0	8841	13	14	10432	12	470	1785	15
190.0	7520	27	33	10433	21	1369	1517	12
190.0	9497	19	18	10434	20	411	942	12
190.0	7097	29	23	10435	34	700	1405	10
190.0	8683	18	17	10436	18	890	1550	12
190.0	6950	8	6	10437	10	1333	1479	14
190.0	8514	9	10	10438	8	1009	354	14
190.0	8812	18	18	10439	17	928	1797	10
190.0	8189	16	16	10440	16	830	1230	14
190.0	7684	16	20	10441	12	786	222	12
190.0	6903	10	8	10442	12	1802	1165	17
190.0	7530	7	10	10443	4	989	543	14
190.0	9074	29	26	10444	29	1451	862	13
190.0	7783	17	19	10445	15	427	1828	16
190.0	9315	17	18	10446	15	1517	1712	15
190.0	7400	25	27	10447	23	288	1386	14
190.0	7049	10	14	10448	6	1299	480	10
190.0	7985	39	35	10449	42	309	1662	14
190.0	9793	24	23	10450	25	481	1059	15
190.0	8358	13	12	10451	14	634	487	14
190.0	7599	17	13	10452	20	754	273	9
190.0	9765	10	8	10453	12	483	601	17
190.0	9480	26	25	10454	24	593	1269	10
190.0	8501	12	16	10455	8	979	279	14
190.0	7572	15	16	10456	14	1562	506	13
190.0	9511	16	15	10457	16	360	961	14
190.0	8564	10	11	10458	8	478	1813	18
190.0	8367	29	29	10459	28	1738	1441	12
190.0	8572	11	11	10460	10	1549	1381	14
190.0	7172	9	9	10461	9	647	497	15
190.0	8497	6	7	10462	5	1607	1023	14
190.0	7608	9	11	10463	4	839	481	17
190.0	9188	17	20	10464	14	668	680	11
190.0	7841	34	32	10465	34	898	1430	13
190.0	6999	21	20	10466	21	1204	45	14
190.0	7332	25	23	10467	26	1341	574	12
190.0	9492	16	22	10468	9	1380	1460	13
190.0	8522	13	17	10469	8	1242	1798	9
190.0	9422	19	20	10470	17	596	1350	12
190.0	7734	25	20	10471	28	1633	1063	14
190.0	8029	14	15	10472	10	733	257	17
190.0	9552	40	38	10473	41	648	1646	14
190.0	8903	7	7	10474	7	580	1520	15
190.0	9034	8	7	10475	9	1031	641	13
190.0	8492	12	5	10476	19	860	251	13
190.0	8242	19	15	10477	23	1587	1021	13
190.0	8154	24	31	10478	17	1150	689	12
190.0	9006	13	13	10479	13	1529	1056	11
190.0	9129	2	2	10480	1	1456	1410	19
190.0	9297	12	9	10481	15	517	887	13
190.0	8202	29	24	10482	33	1718	284	13
190.0	7781	21	23	10483	19	1297	1729	13
190.0	9252	10	7	10484	13	1481	889	11
190.0	7664	10	10	10485	8	1523	1260	14
190.0	8203	34	30	10486	34	333	1722	16
190.0	7171	12	14	10487	9	1472	1051	12
191.0	8013	30	29	10488	31	759	1281	19
191.0	8847	16	19	10489	13	628	552	15
191.0	8443	21	23	10490	17	1159	1999	12
191.0	9038	41	42	10491	39	165	1282	15
191.0	8693	6	5	10492	6	914	299	13
191.0	8514	10	8	10493	12	1009	354	15
191.0	9899	9	7	10494	10	1138	591	14
191.0	8647	15	17	10495	12	1517	601	13
191.0	7915	13	12	10496	14	1211	110	13
191.0	7765	16	17	10497	14	802	1923	14
191.0	7567	12	10	10498	13	1540	1011	14
191.0	7733	16	15	10499	17	1544	1470	16
191.0	7579	16	14	10500	18	647	1489	10
191.0	8360	15	15	10501	15	1627	1700	15
191.0	8296	13	13	10502	12	1352	679	15
191.0	8466	9	7	10503	10	911	239	13
191.0	7673	3	4	10504	2	1035	221	13
191.0	8158	27	29	10505	24	704	460	20
191.0	7528	5	4	10506	5	810	1530	12
191.0	8155	18	18	10507	16	1547	256	14
191.0	9480	25	25	10508	25	593	1269	11
191.0	9489	21	14	10509	27	1180	305	14
191.0	8941	17	17	10510	16	522	1186	13
191.0	9550	27	20	10511	33	1008	539	10
191.0	8418	16	16	10512	16	1011	385	13
191.0	7599	13	15	10513	10	754	273	10
191.0	7116	6	6	10514	6	1121	362	17
191.0	7181	17	13	10515	20	1750	1072	12
191.0	8745	28	28	10516	28	1464	429	10
191.0	7387	16	13	10517	18	744	352	12
191.0	6903	8	7	10518	9	1802	1165	18
191.0	7353	21	24	10519	17	599	638	15
191.0	9129	2	2	10520	2	1456	1410	20
191.0	7822	21	16	10521	21	1009	463	14
191.0	9538	11	11	10522	11	553	1171	11
191.0	9947	9	6	10523	12	541	289	14
191.0	9733	12	12	10524	12	1521	1011	14
191.0	8885	3	3	10525	3	1611	423	15
191.0	8727	25	22	10526	27	643	303	15
191.0	8556	27	25	10527	28	1420	1883	10
191.0	7580	17	11	10528	23	600	871	10
191.0	8189	16	16	10529	16	830	1230	15
191.0	8030	15	19	10530	11	1086	327	13
191.0	8633	15	17	10531	12	1548	1825	13
191.0	7704	12	10	10532	14	840	1559	10
191.0	7994	18	19	10533	17	903	1942	17
191.0	8480	24	26	10534	22	277	77	14
191.0	9069	6	5	10535	6	721	1866	12
191.0	7003	11	12	10536	9	1243	1663	10
191.0	8714	26	32	10537	20	1037	1754	10
191.0	8720	23	27	10538	19	536	528	13
191.0	6999	20	19	10539	20	1204	45	15
191.0	7339	10	9	10540	10	993	1530	12
191.0	8628	17	19	10541	15	1177	1711	10
191.0	8541	26	20	10542	31	899	1863	20
191.0	7888	17	16	10543	16	1346	95	12
191.0	7536	11	10	10544	11	1219	631	14
191.0	7018	25	25	10545	25	507	807	12
191.0	10240	15	19	10546	10	857	1563	12
191.0	7261	23	21	10547	25	1188	1671	12
191.0	8532	23	24	10548	22	757	337	15
191.0	7648	9	5	10549	13	683	1943	13
191.0	8528	35	36	10550	32	456	1199	11
191.0	9486	7	7	10551	6	606	473	17
191.0	8855	23	25	10552	21	1682	1930	11
191.0	8094	37	38	10553	35	1330	1931	13
191.0	8202	24	20	10554	27	1718	284	14
191.0	6973	16	15	10555	17	822	1569	12
191.0	8913	21	23	10556	18	1667	1087	15
191.0	8170	19	19	10557	18	911	1481	7
191.0	8835	11	11	10558	11	1609	1121	12
191.0	9848	20	21	10559	17	1488	850	12
191.0	7636	7	8	10560	6	1024	449	15
191.0	9106	22	15	10561	26	804	1561	10
191.0	9330	21	24	10562	16	703	312	16
191.0	8886	11	14	10563	8	1477	1320	14
191.0	9131	11	12	10564	10	1290	1420	11
191.0	10054	34	29	10565	38	529	838	10
191.0	8601	12	11	10566	12	1786	870	11
191.0	9564	9	10	10567	7	496	989	15
191.0	6921	12	16	10568	8	1491	634	16
192.0	9632	5	5	10569	5	1022	279	15
192.0	7787	7	8	10570	6	659	446	14
192.0	9355	4	3	10571	5	942	1560	13
192.0	8937	7	7	10572	7	1119	1616	12
192.0	6951	15	18	10573	12	881	385	17
192.0	8819	43	43	10574	42	746	1499	14
192.0	8224	5	6	10575	4	605	418	14
192.0	7852	15	17	10576	13	656	387	16
192.0	7480	15	11	10577	18	1185	1618	13
192.0	9197	7	6	10578	8	1428	673	11
192.0	7422	14	13	10579	15	681	246	12
192.0	7955	13	16	10580	10	1641	1130	14
192.0	8306	12	10	10581	14	1425	1432	11
192.0	10268	11	9	10582	13	497	1793	18
192.0	8163	13	13	10583	12	1326	193	12
192.0	7046	2	0	10584	4	1635	861	19
192.0	8123	16	22	10585	10	723	1493	11
192.0	7028	11	9	10586	12	1999	1894	12
192.0	7535	20	24	10587	16	791	442	18
192.0	7236	16	20	10588	11	545	451	15
192.0	6885	15	16	10589	13	1458	1557	16
192.0	8865	19	21	10590	15	961	342	15
192.0	7836	51	57	10591	42	587	1999	14
192.0	7985	35	31	10592	37	148	1691	15
192.0	7744	11	11	10593	11	922	569	15
192.0	9815	13	14	10594	12	721	329	17
192.0	9746	9	10	10595	8	521	989	16
192.0	7525	12	10	10596	14	1252	1540	14
192.0	7370	2	1	10597	3	831	382	12
192.0	8375	22	20	10598	24	1949	1213	12
192.0	6884	6	6	10599	6	629	448	16
192.0	7123	12	9	10600	15	349	1539	11
192.0	8509	17	15	10601	18	621	1432	12
192.0	8660	16	17	10602	14	505	940	17
192.0	8994	14	12	10603	16	898	1647	11
192.0	8182	22	17	10604	24	426	1766	13
192.0	7327	8	8	10605	7	1316	1759	9
192.0	8310	21	25	10606	17	1839	1910	11
192.0	8621	8	10	10607	6	629	899	10
192.0	8498	23	24	10608	21	580	695	15
192.0	6953	23	28	10609	16	1366	1930	14
192.0	8568	10	9	10610	10	783	490	13
192.0	8829	13	14	10611	10	1215	491	13
192.0	8443	23	24	10612	21	1159	1999	13
192.0	8799	24	24	10613	24	271	1017	19
192.0	8955	33	20	10614	45	1322	1734	11
192.0	8129	14	13	10615	14	657	1489	11
192.0	9069	5	4	10616	6	721	1866	13
192.0	10372	12	10	10617	14	1072	293	14
192.0	8339	13	14	10618	12	1319	1349	17
192.0	7337	8	13	10619	3	1370	1785	16
192.0	9538	11	8	10620	11	553	1171	12
192.0	8457	8	11	10621	5	1431	653	15
192.0	7848	13	14	10622	11	1198	169	14
192.0	9310	12	15	10623	9	915	0	13
192.0	8202	20	20	10624	20	1718	284	15
192.0	8257	26	25	10625	24	1289	1955	10
192.0	7646	3	3	10626	3	1372	800	18
192.0	9471	9	7	10627	11	960	1980	14
192.0	9362	5	7	10628	2	720	493	17
192.0	8549	20	16	10629	23	1491	1573	15
192.0	9261	10	8	10630	12	1090	631	15
192.0	8650	21	22	10631	18	607	1000	18
192.0	7240	14	11	10632	16	24	1133	12
192.0	8419	7	6	10633	7	852	178	11
192.0	8524	49	55	10634	43	799	1643	17
192.0	10204	33	35	10635	31	488	1255	19
192.0	10149	4	4	10636	3	1619	452	15
192.0	8622	7	10	10637	4	1562	952	21
192.0	8116	22	22	10638	20	1077	1999	20
192.0	8203	30	31	10639	27	250	1855	17
192.0	9381	5	4	10640	5	887	326	12
192.0	8360	15	13	10641	17	1627	1700	16
192.0	7729	25	27	10642	20	1093	1921	12
192.0	8601	11	12	10643	9	1786	870	12
192.0	9064	11	9	10644	13	1230	1831	8
192.0	9277	22	27	10645	16	433	677	13
192.0	9131	12	13	10646	11	1290	1420	12
193.0	9524	13	11	10647	14	568	1303	13
193.0	8443	24	20	10648	27	1159	1999	14
193.0	10054	29	30	10649	27	529	838	11
193.0	7955	16	18	10650	13	1641	1130	15
193.0	8030	19	19	10651	18	1086	327	14
193.0	9756	13	12	10652	14	882	470	17
193.0	8707	12	13	10653	10	1077	1531	13
193.0	8203	31	28	10654	31	243	1930	18
193.0	9679	40	41	10655	38	1410	1766	13
193.0	7559	27	25	10656	26	1594	1999	12
193.0	6999	19	21	10657	17	1204	45	16
193.0	7100	21	23	10658	18	1016	1999	14
193.0	7611	22	23	10659	21	1924	1934	15
193.0	8123	22	24	10660	20	723	1493	12
193.0	7959	19	24	10661	13	541	959	14
193.0	8375	20	15	10662	25	1949	1213	13
193.0	8583	31	31	10663	31	403	1776	15
193.0	7660	9	11	10664	7	949	441	15
193.0	7536	10	9	10665	9	1219	631	15
193.0	7141	11	10	10666	11	951	1543	13
193.0	7635	5	6	10667	4	1471	1473	14
193.0	7990	18	19	10668	17	493	654	16
193.0	7429	50	54	10669	46	432	1418	15
193.0	8517	24	23	10670	25	1297	1480	15
193.0	7373	12	11	10671	12	1635	819	17
193.0	7066	33	30	10672	36	1508	1616	15
193.0	9154	25	18	10673	30	680	1040	8
193.0	10268	9	10	10674	8	497	1793	19
193.0	8527	41	40	10675	39	398	1527	17
193.0	8995	37	36	10676	34	1776	1963	11
193.0	8633	17	20	10677	14	1548	1825	14
193.0	7317	11	7	10678	15	936	1610	14
193.0	6906	15	12	10679	16	1292	312	14
193.0	8488	28	30	10680	26	1582	1098	12
193.0	7915	12	13	10681	11	1211	110	14
193.0	7696	42	38	10682	44	1337	1896	16
193.0	7766	12	3	10683	19	1635	890	17
193.0	10017	19	20	10684	15	1293	1650	11
193.0	7534	29	30	10685	26	1341	1521	12
193.0	7515	21	27	10686	14	928	1693	11
193.0	8657	8	5	10687	9	979	448	15
193.0	7781	23	17	10688	28	1297	1729	14
193.0	6917	22	28	10689	15	1538	1999	11
193.0	7881	23	20	10690	25	1049	1680	10
193.0	9453	10	10	10691	8	604	1803	10
193.0	8388	4	3	10692	5	1651	936	19
193.0	8638	9	7	10693	11	1588	967	14
193.0	9664	7	5	10694	8	657	520	17
193.0	9898	40	48	10695	32	652	1300	16
193.0	9001	3	2	10696	4	1176	1580	12
193.0	9252	7	8	10697	5	1481	889	12
193.0	7734	20	25	10698	15	1633	1063	15
193.0	8450	34	30	10699	37	1192	1561	12
193.0	6936	25	21	10700	27	1001	1971	12
193.0	7971	35	30	10701	38	667	630	11
193.0	8605	25	24	10702	26	559	494	13
193.0	7336	27	26	10703	26	1948	716	10
193.0	8991	18	17	10704	17	633	829	13
193.0	7727	21	21	10705	21	1328	1509	12
193.0	7306	10	12	10706	8	782	386	18
193.0	8524	55	59	10707	41	799	1643	18
193.0	8736	26	28	10708	22	1514	1945	13
193.0	9500	17	16	10709	17	1232	1696	12
193.0	7520	33	40	10710	24	1369	1517	13
193.0	10547	25	18	10711	31	1171	1687	13
193.0	10265	51	51	10712	49	1649	1499	17
193.0	9355	3	4	10713	1	942	1560	14
193.0	7184	16	21	10714	10	1225	1942	9
193.0	7804	14	17	10715	11	437	490	15
193.0	8919	13	13	10716	13	1314	212	14
193.0	8787	7	7	10717	7	748	484	16
193.0	8730	22	23	10718	18	1520	1118	12
193.0	8138	20	19	10719	21	1541	1357	13
193.0	7968	25	23	10720	25	1061	449	10
193.0	7123	9	9	10721	9	349	1539	12
193.0	7780	32	38	10722	26	1743	409	13
193.0	7895	19	17	10723	19	1078	1490	13
193.0	8090	16	14	10724	18	1363	1330	13
193.0	7644	33	32	10725	33	432	979	15
193.0	9171	7	7	10726	6	1118	1737	10
193.0	9471	7	11	10727	3	960	1980	15
193.0	8021	30	23	10728	37	1194	1791	10
193.0	9300	27	25	10729	28	541	929	14
193.0	8497	7	7	10730	7	1607	1023	15
193.0	6882	11	11	10731	11	753	1760	14
193.0	8947	19	22	10732	14	1152	254	14
193.0	7074	14	17	10733	9	540	1743	18
193.0	8885	3	3	10734	3	1611	423	16
193.0	7526	12	12	10735	11	628	510	18
193.0	6978	20	18	10736	22	1809	1868	14
194.0	8935	10	9	10737	11	1212	367	14
194.0	9359	26	21	10738	31	651	870	18
194.0	7196	15	11	10739	18	676	1547	12
194.0	7129	32	31	10740	30	1330	1999	15
194.0	9756	12	14	10741	9	882	470	18
194.0	8017	9	10	10742	8	1187	1646	9
194.0	8470	34	33	10743	34	1178	1802	17
194.0	8070	18	22	10744	14	1018	297	13
194.0	8901	12	14	10745	10	1119	1637	11
194.0	8225	13	11	10746	14	1036	1609	8
194.0	9042	18	20	10747	15	1091	513	17
194.0	8973	15	19	10748	11	916	1981	13
194.0	8856	15	14	10749	14	1753	903	12
194.0	8422	10	7	10750	13	1519	1594	10
194.0	9956	11	10	10751	10	1349	1661	15
194.0	7909	18	15	10752	20	700	605	11
194.0	7378	6	6	10753	5	966	421	13
194.0	7124	40	30	10754	49	0	1188	15
194.0	7195	16	13	10755	19	460	1725	16
194.0	7541	9	10	10756	7	1656	1200	14
194.0	6959	26	29	10757	20	785	1589	19
194.0	8478	24	20	10758	26	1182	118	14
194.0	9051	0	0	10759	0	1431	466	16
194.0	7476	19	14	10760	24	770	1633	12
194.0	10240	19	18	10761	19	838	1563	13
194.0	8388	3	5	10762	1	1651	936	20
194.0	7644	32	28	10763	35	432	979	16
194.0	9372	19	19	10764	18	919	1880	13
194.0	9195	13	12	10765	14	1211	12	14
194.0	7261	21	22	10766	20	1188	1671	13
194.0	8081	27	26	10767	28	1685	1572	9
194.0	8520	19	21	10768	17	379	981	14
194.0	7446	10	10	10769	9	1285	382	13
194.0	9265	7	7	10770	7	1698	755	14
194.0	10219	20	25	10771	14	239	354	13
194.0	8150	19	16	10772	21	1994	1503	11
194.0	7562	10	7	10773	13	1319	740	15
194.0	8793	11	11	10774	10	1164	149	13
194.0	6928	11	12	10775	9	1071	1557	14
194.0	8669	29	34	10776	23	213	1277	17
194.0	8006	9	7	10777	11	1507	1416	16
194.0	8265	2	3	10778	1	1499	1097	14
194.0	7016	17	22	10779	12	641	659	11
194.0	8177	11	10	10780	11	732	290	14
194.0	7336	26	28	10781	22	1962	783	11
194.0	7423	15	13	10782	17	1079	1679	10
194.0	7256	26	27	10783	23	1337	1770	11
194.0	9288	38	36	10784	37	1607	1966	12
194.0	9277	27	21	10785	30	433	677	14
194.0	7252	12	12	10786	12	199	1217	16
194.0	7534	30	30	10787	27	1341	1521	13
194.0	7521	17	19	10788	14	1112	1658	14
194.0	8329	28	25	10789	28	321	454	12
194.0	7429	54	41	10790	59	381	1520	16
194.0	9572	22	19	10791	23	940	372	15
194.0	9452	13	19	10792	7	1582	1852	11
194.0	7567	10	14	10793	6	1572	1024	15
194.0	9471	11	12	10794	10	960	1980	16
194.0	7915	13	13	10795	12	1211	110	15
194.0	9065	8	9	10796	7	1031	1511	17
194.0	9260	19	16	10797	22	417	1082	18
194.0	8460	35	35	10798	34	1608	1906	10
194.0	8994	12	10	10799	14	898	1647	12
194.0	8035	15	15	10800	14	802	600	11
194.0	7100	23	24	10801	22	1016	1999	15
194.0	7344	7	9	10802	4	1521	950	11
194.0	8598	7	5	10803	6	1510	923	12
194.0	9484	28	30	10804	25	541	1258	14
194.0	8425	21	14	10805	27	899	1964	12
194.0	9220	17	19	10806	14	1551	826	15
194.0	8919	13	15	10807	11	1314	212	15
194.0	9024	4	5	10808	3	1530	923	11
194.0	8417	8	8	10809	7	1252	392	14
194.0	6999	21	17	10810	22	1204	45	17
194.0	7367	9	9	10811	8	1498	891	11
194.0	8943	23	29	10812	16	1732	1999	13
194.0	8272	32	29	10813	33	0	1404	15
194.0	9306	22	23	10814	21	681	259	11
194.0	7180	16	13	10815	19	587	356	13
194.0	8325	8	7	10816	9	646	1688	12
194.0	9028	18	11	10817	24	1313	1691	10
194.0	8492	5	5	10818	5	860	251	14
194.0	8208	28	24	10819	30	1399	1371	17
194.0	8637	45	40	10820	47	96	1433	14
195.0	9004	15	12	10821	18	1259	651	14
195.0	7165	8	7	10822	9	1419	1251	16
195.0	10017	20	23	10823	16	1293	1650	12
195.0	7710	12	11	10824	13	1242	650	14
195.0	7344	9	10	10825	8	1521	950	12
195.0	8939	27	29	10826	25	1807	1104	12
195.0	9855	21	24	10827	18	1523	869	12
195.0	9195	12	7	10828	16	1211	12	15
195.0	7557	21	22	10829	19	651	310	14
195.0	8613	31	33	10830	29	549	1370	13
195.0	7420	24	28	10831	20	484	1961	16
195.0	7638	7	8	10832	6	1232	396	15
195.0	7505	16	15	10833	17	1462	820	14
195.0	6997	3	3	10834	2	470	1680	12
195.0	8875	20	17	10835	22	69	943	18
195.0	9068	10	8	10836	12	839	398	15
195.0	7088	11	12	10837	9	998	1785	15
195.0	7568	7	4	10838	9	1101	1592	9
195.0	9717	6	10	10839	2	970	386	13
195.0	8553	17	16	10840	18	707	259	15
195.0	9987	28	34	10841	21	1737	265	12
195.0	7839	28	33	10842	23	538	893	16
195.0	9372	19	22	10843	16	979	1881	14
195.0	8668	18	16	10844	20	334	1102	15
195.0	7066	30	29	10845	29	1508	1616	16
195.0	7022	18	22	10846	13	1681	849	14
195.0	7625	13	12	10847	14	1540	777	11
195.0	8000	7	3	10848	10	1405	1480	14
195.0	8039	19	29	10849	9	364	1999	13
195.0	7888	16	14	10850	18	1346	95	13
195.0	7196	11	9	10851	13	676	1547	13
195.0	9611	19	24	10852	14	925	1932	15
195.0	7793	5	7	10853	3	1608	1933	14
195.0	8308	16	15	10854	15	640	335	11
195.0	8564	11	8	10855	14	478	1813	19
195.0	7108	27	33	10856	17	470	742	15
195.0	8210	1	0	10857	1	1340	693	17
195.0	8989	30	27	10858	31	1619	1281	14
195.0	8366	35	41	10859	28	495	438	13
195.0	7637	23	27	10860	17	1139	1688	16
195.0	8528	36	33	10861	39	456	1199	12
195.0	8208	24	20	10862	27	1399	1371	18
195.0	7449	18	14	10863	22	1065	1692	14
195.0	8905	20	24	10864	16	1711	1124	12
195.0	7740	21	16	10865	24	1103	409	13
195.0	7730	6	6	10866	6	651	1581	11
195.0	9189	3	3	10867	3	1219	1451	15
195.0	9641	7	3	10868	10	1522	568	15
195.0	8425	14	13	10869	15	899	1964	13
195.0	8311	22	17	10870	26	1176	358	13
195.0	8470	33	32	10871	32	1163	1817	18
195.0	9114	2	3	10872	1	898	315	11
195.0	7336	28	27	10873	28	1962	783	12
195.0	9751	15	16	10874	12	1099	1566	11
195.0	9266	15	17	10875	12	1853	1171	14
195.0	7016	22	23	10876	21	641	659	12
195.0	8985	15	14	10877	16	1354	1752	14
195.0	7267	32	27	10878	34	1117	1490	15
195.0	7193	4	4	10879	4	1421	502	16
195.0	9371	20	24	10880	14	953	360	15
195.0	9307	2	2	10881	2	1523	1242	14
195.0	8568	9	10	10882	7	800	490	14
195.0	8174	21	21	10883	19	820	1595	9
195.0	9780	16	19	10884	13	512	446	12
195.0	9949	12	12	10885	12	525	1878	13
195.0	7003	12	10	10886	13	1243	1663	11
195.0	10100	23	25	10887	20	454	823	17
195.0	9047	12	13	10888	11	809	1772	13
195.0	7203	21	22	10889	20	1441	1567	11
195.0	8863	40	40	10890	35	1330	1931	13
195.0	8194	15	19	10891	11	1428	1661	15
195.0	7644	28	26	10892	29	432	979	17
195.0	7476	14	16	10893	12	770	1633	13
195.0	8669	34	34	10894	31	213	1277	18
195.0	9062	10	6	10895	14	892	1558	12
195.0	8375	15	13	10896	17	1949	1213	14
195.0	8566	17	16	10897	18	1682	1031	15
195.0	8866	36	33	10898	36	66	1948	22
195.0	8177	10	11	10899	9	732	290	15
195.0	7260	9	10	10900	8	776	330	11
195.0	7446	10	14	10901	5	1308	382	14
195.0	8835	11	11	10902	11	1609	1121	13
195.0	8637	40	40	10903	38	96	1433	15
195.0	9484	30	31	10904	27	541	1258	15
195.0	8015	12	14	10905	10	1312	1628	8
195.0	9619	18	18	10906	18	1537	516	13
195.0	9175	3	2	10907	3	1437	1458	14
195.0	7753	13	11	10908	14	1097	54	13
195.0	8642	17	18	10909	15	1058	1655	12
195.0	9983	13	13	10910	12	923	1777	14
195.0	7580	11	9	10911	12	600	871	11
195.0	7978	14	10	10912	18	1489	1494	14
195.0	7219	5	3	10913	7	576	1620	14
195.0	9463	1	1	10914	1	1179	444	15
195.0	7583	15	13	10915	17	1000	175	13
195.0	8889	23	24	10916	21	1471	1169	10
196.0	8607	6	7	10917	5	1303	246	12
196.0	8886	14	18	10918	10	1477	1320	15
196.0	7173	8	7	10919	8	730	360	17
196.0	8149	9	6	10920	12	771	1529	11
196.0	7758	17	18	10921	15	1691	315	13
196.0	7196	9	8	10922	10	676	1547	14
196.0	9989	3	3	10923	2	936	257	15
196.0	8412	16	16	10924	15	1069	151	12
196.0	8932	24	26	10925	21	217	1984	17
196.0	7309	14	11	10926	17	810	401	12
196.0	9659	10	10	10927	10	1202	438	16
196.0	9017	20	14	10928	25	692	1798	13
196.0	9348	39	36	10929	37	907	1682	17
196.0	7660	11	11	10930	11	949	441	16
196.0	7694	15	14	10931	16	1451	1441	12
196.0	10347	43	40	10932	44	699	1426	13
196.0	8501	16	18	10933	13	979	279	15
196.0	9619	18	16	10934	20	1537	516	14
196.0	7648	5	6	10935	4	683	1943	14
196.0	7977	19	19	10936	18	583	1318	13
196.0	6963	14	16	10937	12	1339	1452	17
196.0	8099	16	16	10938	16	703	1469	10
196.0	8528	33	34	10939	30	456	1199	13
196.0	9276	22	22	10940	21	1362	1819	14
196.0	9167	4	2	10941	6	600	460	15
196.0	8470	32	37	10942	25	1163	1817	19
196.0	8562	20	20	10943	18	498	872	17
196.0	9991	18	20	10944	15	745	349	17
196.0	8711	15	13	10945	17	1504	1811	9
196.0	8174	21	18	10946	21	820	1595	10
196.0	6924	8	7	10947	9	1164	289	15
196.0	8153	6	7	10948	5	855	358	11
196.0	7583	13	14	10949	11	1000	175	14
196.0	8321	27	28	10950	25	1656	1674	12
196.0	7343	14	10	10951	16	1868	1708	12
196.0	7872	6	9	10952	3	1471	1199	15
196.0	7020	9	10	10953	8	1550	545	15
196.0	8838	0	0	10954	0	1462	1370	17
196.0	9773	20	19	10955	20	1338	609	11
196.0	10418	18	18	10956	16	117	993	21
196.0	7160	9	9	10957	7	1956	1852	16
196.0	8212	37	36	10958	36	1560	1467	12
196.0	7753	11	14	10959	8	1097	54	14
196.0	8275	16	14	10960	17	399	617	11
196.0	8176	27	25	10961	28	1465	102	14
196.0	9669	14	14	10962	12	791	424	18
196.0	7557	22	23	10963	20	651	288	15
196.0	7091	9	9	10964	9	1113	0	16
196.0	10160	23	26	10965	19	1282	1621	15
196.0	8759	9	11	10966	6	1559	1302	14
196.0	6919	13	11	10967	15	1392	1601	13
196.0	9956	10	12	10968	8	1398	1689	16
196.0	10100	25	22	10969	27	454	823	18
196.0	9471	12	12	10970	12	960	1980	17
196.0	9838	36	38	10971	32	798	549	18
196.0	6923	11	9	10972	12	1054	208	15
196.0	8556	25	23	10973	24	1420	1883	11
196.0	6892	8	7	10974	8	344	1068	19
196.0	9289	9	9	10975	9	558	539	15
196.0	7579	14	11	10976	17	580	1489	11
196.0	7043	6	4	10977	8	873	403	17
196.0	10580	10	11	10978	9	1703	1163	15
196.0	7203	22	21	10979	22	1441	1567	12
196.0	8620	17	16	10980	18	1388	661	11
196.0	7022	22	25	10981	19	1681	849	15
196.0	7990	19	18	10982	18	493	654	17
196.0	8247	22	27	10983	17	998	1714	13
196.0	8129	13	14	10984	12	635	1489	12
196.0	8448	1	1	10985	1	638	520	17
196.0	8102	30	29	10986	30	1634	1662	13
196.0	9556	23	24	10987	19	1289	1701	12
196.0	7520	40	41	10988	39	1369	1517	14
196.0	8869	15	18	10989	12	780	285	16
196.0	9004	12	10	10990	12	1259	651	15
196.0	9078	8	6	10991	10	503	580	15
196.0	9589	20	23	10992	16	1354	397	12
196.0	8657	5	8	10993	2	979	448	16
196.0	7398	16	16	10994	16	698	508	14
196.0	9973	30	34	10995	25	1584	1695	12
196.0	9057	13	12	10996	13	58	1712	14
196.0	8021	23	22	10997	23	1194	1791	11
196.0	7966	13	14	10998	11	1054	1935	13
196.0	9047	13	14	10999	11	809	1772	14
196.0	7921	40	39	11000	38	500	1771	14
196.0	8498	24	28	11001	20	580	695	16
196.0	7346	12	9	11002	14	528	742	17
196.0	7912	12	10	11003	14	1179	57	13
196.0	9218	21	14	11004	28	1017	1692	12
196.0	10076	13	12	11005	14	1175	137	14
197.0	9556	24	25	11006	22	1289	1701	13
197.0	8676	25	22	11007	27	1096	1708	14
197.0	9835	31	19	11008	39	481	630	15
197.0	7338	22	26	11009	18	983	319	15
197.0	7708	29	22	11010	33	471	462	13
197.0	9633	11	10	11011	12	1063	41	12
197.0	8853	23	24	11012	21	1215	220	14
197.0	8647	17	16	11013	18	1517	601	14
197.0	9281	20	21	11014	19	930	1660	17
197.0	9368	20	15	11015	24	728	580	13
197.0	7791	11	14	11016	7	444	1010	18
197.0	9589	23	25	11017	18	1354	397	13
197.0	9100	5	5	11018	5	557	409	14
197.0	8337	5	6	11019	3	1460	950	12
197.0	7043	4	4	11020	3	873	403	18
197.0	9159	8	7	11021	9	793	1491	11
197.0	8367	29	29	11022	29	1772	1295	13
197.0	9097	18	19	11023	16	568	1392	13
197.0	7579	11	13	11024	9	580	1489	12
197.0	10780	11	11	11025	11	751	309	15
197.0	8674	26	34	11026	16	1397	247	13
197.0	8913	23	20	11027	25	1656	1102	16
197.0	8541	20	21	11028	16	899	1863	21
197.0	7559	25	22	11029	24	1594	1999	13
197.0	8740	11	8	11030	14	573	418	14
197.0	7445	28	26	11031	29	890	271	16
197.0	10071	16	13	11032	18	1481	1453	12
197.0	8171	5	6	11033	4	951	289	14
197.0	7705	11	12	11034	10	632	1338	12
197.0	9460	14	16	11035	12	1716	1680	12
197.0	8862	16	18	11036	13	1423	711	14
197.0	7194	17	20	11037	14	1588	1389	16
197.0	9182	12	12	11038	12	1605	1518	14
197.0	7758	18	23	11039	13	1691	315	14
197.0	8708	14	9	11040	19	808	420	13
197.0	7724	15	13	11041	17	1120	420	16
197.0	7434	14	16	11042	12	602	296	15
197.0	9196	10	9	11043	10	470	1768	16
197.0	8704	18	16	11044	19	856	419	15
197.0	9248	6	5	11045	7	1470	482	17
197.0	8841	14	15	11046	11	454	1801	16
197.0	9116	12	9	11047	14	1247	1816	9
197.0	8257	25	27	11048	22	1289	1955	11
197.0	7662	23	24	11049	19	1936	1893	12
197.0	8467	1	0	11050	2	1210	1765	10
197.0	9048	25	25	11051	22	1535	759	13
197.0	9856	19	21	11052	17	27	978	18
197.0	8835	11	12	11053	10	1609	1121	14
197.0	9592	25	26	11054	22	1859	1414	16
197.0	9578	20	23	11055	17	1972	1919	11
197.0	8465	7	9	11056	5	1013	1664	16
197.0	8914	8	10	11057	5	591	1526	12
197.0	7780	38	45	11058	29	1920	417	14
197.0	7958	19	18	11059	20	1342	1613	15
197.0	10925	21	20	11060	20	217	1966	18
197.0	8051	27	28	11061	26	270	969	9
197.0	9499	8	12	11062	3	811	173	16
197.0	7209	23	26	11063	20	997	1571	9
197.0	7309	11	9	11064	13	810	386	13
197.0	8397	20	24	11065	13	1579	1429	13
197.0	9548	24	20	11066	26	1178	1916	9
197.0	7683	18	15	11067	20	781	580	14
197.0	9765	8	9	11068	7	483	601	18
197.0	8478	20	18	11069	22	1182	118	15
197.0	8808	13	10	11070	16	1633	1004	14
197.0	8528	34	30	11071	38	456	1199	14
197.0	7081	4	3	11072	5	1471	972	17
197.0	7669	16	16	11073	16	612	790	13
197.0	9537	10	11	11074	9	469	672	16
197.0	8935	9	10	11075	8	1212	367	15
197.0	8054	13	9	11076	15	1390	1444	14
197.0	10132	22	25	11077	18	600	1377	13
197.0	9924	34	31	11078	36	402	576	16
197.0	8562	20	25	11079	14	498	872	18
197.0	9088	6	6	11080	5	804	348	12
197.0	8245	10	12	11081	7	971	1543	13
197.0	8151	20	17	11082	19	566	1423	14
197.0	10100	22	21	11083	21	454	823	19
197.0	7187	19	19	11084	19	1367	451	12
197.0	10668	17	20	11085	13	519	680	17
197.0	8604	24	25	11086	22	182	816	16
197.0	9438	36	34	11087	37	472	1649	18
197.0	8329	25	23	11088	26	321	454	13
197.0	9773	19	18	11089	19	1338	609	12
197.0	9396	27	20	11090	32	1126	1803	17
197.0	6941	13	12	11091	14	0	1048	21
197.0	9563	3	4	11092	2	881	173	14
197.0	7690	4	5	11093	3	1544	1210	15
197.0	8831	26	23	11094	29	510	1063	16
197.0	7921	39	46	11095	29	500	1771	15
197.0	8320	11	9	11096	13	1130	1579	12
198.0	8562	25	25	11097	24	498	872	19
198.0	9348	36	33	11098	39	907	1682	18
198.0	10447	23	25	11099	20	100	1389	15
198.0	8334	11	10	11100	12	1247	48	14
198.0	7921	46	46	11101	40	500	1771	16
198.0	9088	6	2	11102	10	804	348	13
198.0	9870	34	40	11103	27	427	942	13
198.0	8538	20	22	11104	17	1238	1569	12
198.0	10368	23	28	11105	18	968	529	15
198.0	9440	26	23	11106	27	136	469	12
198.0	9933	19	18	11107	20	1298	1803	10
198.0	10242	16	13	11108	17	1698	991	14
198.0	9201	8	10	11109	6	696	1829	14
198.0	9213	18	20	11110	16	1706	942	13
198.0	8660	17	19	11111	13	505	953	18
198.0	9398	11	13	11112	8	1488	1440	11
198.0	8638	7	9	11113	5	1588	967	15
198.0	7958	18	13	11114	22	1342	1613	16
198.0	8714	32	28	11115	31	1037	1754	11
198.0	9281	21	14	11116	24	930	1660	18
198.0	7912	10	11	11117	9	1179	57	14
198.0	9242	3	2	11118	4	1404	339	14
198.0	9224	16	20	11119	12	1110	286	13
198.0	10308	11	15	11120	7	964	1697	14
198.0	8203	28	22	11121	33	256	1917	19
198.0	8000	3	4	11122	2	1405	1480	15
198.0	7997	26	33	11123	17	1617	1612	12
198.0	7880	24	16	11124	32	508	1306	13
198.0	8466	7	5	11125	8	911	239	14
198.0	8695	16	13	11126	17	1504	759	13
198.0	8966	20	22	11127	15	1160	1649	9
198.0	7955	18	18	11128	18	1641	1130	16
198.0	9767	13	11	11129	14	681	1573	11
198.0	7613	26	26	11130	26	1885	1999	13
198.0	9469	5	5	11131	5	689	358	16
198.0	9432	12	11	11132	13	610	671	11
198.0	8510	21	21	11133	18	1046	1810	13
198.0	9097	19	15	11134	23	568	1392	14
198.0	10149	4	3	11135	5	1619	452	16
198.0	8663	16	18	11136	14	878	1640	11
198.0	9349	22	26	11137	18	85	825	10
198.0	8420	29	28	11138	28	471	1092	16
198.0	9629	20	22	11139	17	559	758	13
198.0	9733	12	9	11140	14	1521	1011	15
198.0	9389	18	18	11141	18	1049	1951	13
198.0	7971	30	28	11142	30	667	630	12
198.0	9212	14	21	11143	7	889	1675	12
198.0	7565	14	15	11144	11	788	1421	10
198.0	8722	14	13	11145	15	1588	1355	13
198.0	9813	17	15	11146	18	1577	1300	15
198.0	7101	11	7	11147	12	1202	460	17
198.0	8898	25	22	11148	26	1480	169	10
198.0	9677	2	4	11149	0	762	177	17
198.0	8750	13	14	11150	12	1074	312	13
198.0	9506	22	15	11151	27	116	527	13
198.0	8160	6	8	11152	4	1671	875	18
198.0	9027	24	22	11153	25	660	1457	13
198.0	8678	45	41	11154	45	1756	1468	16
198.0	7662	24	24	11155	23	1936	1893	13
198.0	7541	10	10	11156	9	1656	1200	15
198.0	7432	11	10	11157	12	1178	380	13
198.0	8352	12	8	11158	15	750	1941	13
198.0	6979	33	32	11159	34	347	572	16
198.0	11045	7	8	11160	6	1486	482	18
198.0	7173	7	8	11161	5	730	360	18
198.0	9556	25	28	11162	20	1289	1701	14
198.0	7476	16	15	11163	17	770	1633	14
198.0	7360	55	58	11164	42	1681	1394	11
198.0	9498	10	9	11165	11	1146	1628	11
198.0	10093	8	11	11166	4	1276	1480	14
198.0	7064	7	7	11167	6	1424	560	17
198.0	8519	15	13	11168	16	1373	1598	14
198.0	9757	14	8	11169	17	1659	1952	12
198.0	9245	22	26	11170	18	1354	1660	8
198.0	10132	25	23	11171	24	600	1377	14
198.0	10668	20	15	11172	25	519	680	18
198.0	8215	22	21	11173	23	1409	1929	12
198.0	8124	26	19	11174	30	1415	1520	14
198.0	10197	1	2	11175	0	783	189	18
198.0	7959	24	31	11176	17	541	959	15
198.0	9033	5	3	11177	7	991	200	12
198.0	7681	7	8	11178	6	1651	820	14
198.0	7791	14	13	11179	14	444	1010	19
198.0	6960	10	4	11180	16	1199	0	15
198.0	10143	17	16	11181	18	1513	504	15
198.0	9868	20	19	11182	21	1954	920	12
198.0	8088	17	18	11183	15	1630	1092	13
198.0	9792	13	11	11184	14	1120	1904	11
198.0	9537	11	9	11185	12	469	672	17
198.0	8899	13	14	11186	12	630	600	16
198.0	8143	20	20	11187	18	408	729	17
198.0	7754	19	19	11188	18	1725	1202	13
199.0	9179	31	31	11189	30	1072	1751	14
199.0	9212	21	16	11190	26	889	1675	13
199.0	10242	13	11	11191	15	1698	991	15
199.0	8895	28	31	11192	24	451	1048	14
199.0	9730	24	28	11193	18	1204	1847	9
199.0	9829	18	18	11194	18	1431	1984	15
199.0	9275	23	21	11195	24	1674	698	15
199.0	8563	1	2	11196	0	828	334	16
199.0	7955	18	19	11197	15	1641	1130	17
199.0	7729	27	21	11198	30	1133	1921	13
199.0	9358	18	19	11199	17	787	460	16
199.0	9621	8	7	11200	9	1224	142	13
199.0	8922	21	21	11201	21	1590	536	13
199.0	8493	20	18	11202	21	525	1358	13
199.0	9538	8	4	11203	12	553	1171	13
199.0	8538	22	24	11204	18	1238	1569	13
199.0	9351	16	13	11205	19	527	464	15
199.0	8245	12	14	11206	10	971	1543	14
199.0	10955	20	21	11207	18	1370	609	12
199.0	7064	7	8	11208	6	1424	560	18
199.0	9437	8	9	11209	6	1161	1684	11
199.0	8607	7	7	11210	5	1303	246	13
199.0	9991	20	22	11211	18	745	349	18
199.0	10193	25	25	11212	23	955	200	13
199.0	8855	25	18	11213	30	1682	1930	12
199.0	9561	20	18	11214	20	333	1036	17
199.0	9181	26	23	11215	28	326	529	12
199.0	9901	6	5	11216	6	837	268	14
199.0	8898	22	21	11217	21	1480	169	11
199.0	7890	15	18	11218	11	1394	397	13
199.0	6953	28	25	11219	28	1366	1930	15
199.0	8921	22	25	11220	16	1999	1720	9
199.0	8978	29	30	11221	25	371	922	17
199.0	9531	19	22	11222	15	212	602	16
199.0	9802	8	9	11223	6	1012	1560	13
199.0	8824	12	9	11224	13	1662	912	18
199.0	9605	17	16	11225	17	316	890	18
199.0	8086	15	11	11226	19	456	918	19
199.0	9506	15	16	11227	14	116	527	14
199.0	9949	12	14	11228	9	525	1878	14
199.0	10292	7	7	11229	6	1541	1307	14
199.0	8417	8	6	11230	10	1252	392	15
199.0	9558	13	12	11231	12	521	1841	17
199.0	7572	16	19	11232	13	1586	459	14
199.0	7787	8	10	11233	6	680	446	15
199.0	8635	32	32	11234	30	1227	1680	10
199.0	7843	6	5	11235	7	849	1734	13
199.0	9271	14	12	11236	16	486	1937	15
199.0	8239	32	34	11237	28	1521	1413	13
199.0	7962	19	14	11238	24	1492	403	15
199.0	8863	40	38	11239	39	1330	1931	14
199.0	7606	11	9	11240	13	1488	869	12
199.0	9961	9	8	11241	10	925	147	13
199.0	7613	26	27	11242	24	1885	1999	14
199.0	9728	23	25	11243	19	1852	1935	14
199.0	9930	17	19	11244	14	1460	783	14
199.0	9201	10	11	11245	9	696	1829	15
199.0	7968	23	23	11246	22	1061	449	11
199.0	9958	12	12	11247	11	867	278	15
199.0	8202	20	24	11248	15	1718	284	16
199.0	8865	21	24	11249	17	961	324	16
199.0	8995	36	37	11250	35	1776	1963	12
199.0	9160	14	9	11251	18	586	453	16
199.0	10369	16	18	11252	13	1192	320	13
199.0	9335	3	2	11253	4	730	1470	11
199.0	7840	7	3	11254	10	1511	1306	14
199.0	9699	20	12	11255	26	330	872	14
199.0	9565	9	9	11256	9	870	1743	13
199.0	8572	11	11	11257	11	1549	1381	15
199.0	8740	8	9	11258	7	573	418	15
199.0	7637	27	27	11259	27	1139	1710	17
199.0	8727	22	22	11260	21	571	303	16
199.0	10372	10	8	11261	10	1072	293	15
199.0	9453	10	11	11262	9	604	1803	11
199.0	9568	23	20	11263	25	1453	669	12
199.0	8056	4	7	11264	1	1610	950	13
199.0	7954	9	7	11265	11	1592	1310	14
199.0	7030	6	6	11266	6	809	1717	13
199.0	8249	17	18	11267	14	506	347	10
199.0	7402	19	21	11268	16	1481	429	12
199.0	8924	4	4	11269	4	1499	1460	18
199.0	8693	5	4	11270	6	914	299	14
199.0	8478	18	16	11271	20	1182	118	16
199.0	9842	18	16	11272	19	989	1944	12
199.0	6960	4	6	11273	2	1199	0	16
199.0	9833	10	10	11274	10	1560	1837	13
200.0	9279	9	10	11275	6	673	1912	14
200.0	9623	23	23	11276	23	1313	1550	15
200.0	9102	22	25	11277	18	368	758	14
200.0	9191	32	28	11278	33	1999	977	12
200.0	9475	17	18	11279	15	980	220	12
200.0	9987	34	42	11280	24	1702	350	13
200.0	8895	31	37	11281	25	451	1048	15
200.0	8235	8	6	11282	10	443	624	17
200.0	9292	25	21	11283	29	691	548	16
200.0	8750	14	16	11284	12	1074	312	14
200.0	8502	8	8	11285	7	1691	925	19
200.0	9925	19	14	11286	23	1441	1684	10
200.0	7049	14	14	11287	14	1299	480	11
200.0	9240	18	16	11288	19	1448	1492	14
200.0	9568	20	23	11289	16	1453	669	13
200.0	8922	21	25	11290	16	1608	591	14
200.0	8955	20	17	11291	22	1322	1734	12
200.0	9635	23	22	11292	23	1643	1872	11
200.0	9699	12	11	11293	12	330	872	15
200.0	9700	11	16	11294	6	947	1877	16
200.0	9412	3	3	11295	3	1549	421	17
200.0	9346	12	10	11296	14	1434	1940	14
200.0	9769	32	24	11297	38	1214	1630	13
200.0	8667	28	28	11298	26	1469	1976	11
200.0	9612	13	13	11299	13	658	419	17
200.0	9233	27	31	11300	18	398	1965	15
200.0	8194	19	19	11301	18	1487	1657	16
200.0	7991	3	4	11302	1	1062	1500	14
200.0	10277	26	28	11303	23	1411	1683	16
200.0	9370	15	15	11304	15	1758	1032	15
200.0	10389	31	27	11305	32	774	1968	17
200.0	8363	12	12	11306	12	1022	137	15
200.0	8841	15	9	11307	19	454	1801	17
200.0	8553	16	14	11308	18	707	259	16
200.0	8812	18	20	11309	15	1017	1874	11
200.0	9980	26	24	11310	28	1066	1599	9
200.0	7619	2	2	11311	2	1728	762	17
200.0	9560	21	12	11312	30	394	1052	16
200.0	9641	3	3	11313	3	1522	568	16
200.0	8961	21	18	11314	23	609	1079	16
200.0	9093	10	11	11315	9	687	1890	14
200.0	8517	23	21	11316	24	1297	1480	16
200.0	9632	5	4	11317	5	1048	253	16
200.0	7445	26	31	11318	20	890	271	17
200.0	7579	13	17	11319	8	580	1489	13
200.0	9017	14	19	11320	8	646	1823	14
200.0	10196	7	8	11321	6	1139	365	15
200.0	9775	22	21	11322	23	333	721	17
200.0	9275	21	15	11323	24	1674	698	16
200.0	8712	23	18	11324	27	466	550	13
200.0	7644	26	29	11325	23	432	979	18
200.0	9829	18	19	11326	17	1431	1984	16
200.0	8461	1	1	11327	1	1715	839	16
200.0	9199	8	5	11328	11	545	267	15
200.0	8882	20	18	11329	21	1205	1940	8
200.0	9450	26	19	11330	32	946	400	17
200.0	7638	8	6	11331	10	1232	396	16
200.0	6885	16	14	11332	17	1475	1540	17
200.0	7757	8	5	11333	11	799	247	14
200.0	9524	11	7	11334	15	568	1303	14
200.0	10209	8	7	11335	9	1740	1152	16
200.0	8520	21	19	11336	22	379	981	15
200.0	8357	10	9	11337	11	1562	893	13
200.0	8116	22	21	11338	21	1077	1999	21
200.0	9073	24	27	11339	20	1809	1898	12
200.0	8178	23	28	11340	17	1402	1725	13
200.0	7123	9	8	11341	9	349	1539	13
200.0	8778	9	12	11342	6	1497	549	12
200.0	10552	21	19	11343	22	1697	1945	12
200.0	8174	18	22	11344	14	820	1595	11
200.0	7454	10	6	11345	13	1669	1092	16
200.0	8688	16	13	11346	19	496	742	16
200.0	10230	20	17	11347	21	341	892	17
200.0	10955	21	16	11348	25	1370	609	13
200.0	9728	25	29	11349	20	1852	1935	15
200.0	8239	34	32	11350	36	1521	1413	14
200.0	7381	25	29	11351	20	450	706	14
200.0	8227	3	4	11352	2	1123	382	15
200.0	7608	11	13	11353	8	839	481	18
200.0	7195	13	11	11354	15	460	1725	17
200.0	8614	7	8	11355	6	1589	1135	12
200.0	8730	23	23	11356	21	1520	1118	13
200.0	9540	10	9	11357	10	810	373	12
200.0	9273	11	11	11358	11	801	76	12
200.0	7064	8	12	11359	3	1424	560	19
200.0	7373	11	12	11360	10	1635	819	18
200.0	9148	9	5	11361	13	922	228	11
201.0	9637	37	37	11362	33	839	1692	15
201.0	9564	10	11	11363	9	477	989	16
201.0	9844	18	10	11364	25	449	983	18
201.0	10147	16	16	11365	16	1802	1225	17
201.0	8257	27	25	11366	28	1289	1955	12
201.0	9372	22	27	11367	17	982	1881	15
201.0	9700	16	16	11368	16	947	1877	17
201.0	9029	17	22	11369	11	1597	1038	14
201.0	8310	25	28	11370	19	1839	1910	12
201.0	7598	14	17	11371	11	1467	1644	11
201.0	7734	25	19	11372	31	1700	1130	16
201.0	8638	9	9	11373	9	1588	967	16
201.0	9147	9	8	11374	10	1576	1202	13
201.0	8900	34	25	11375	41	416	468	11
201.0	7752	38	38	11376	36	459	962	14
201.0	8509	15	16	11377	14	610	1421	13
201.0	7499	18	20	11378	15	1572	1242	11
201.0	8288	2	2	11379	2	919	1621	14
201.0	7817	4	6	11380	2	1229	337	15
201.0	9257	38	36	11381	39	811	539	17
201.0	10080	7	5	11382	8	690	1282	13
201.0	9988	26	22	11383	27	1360	539	12
201.0	9362	7	9	11384	4	720	493	18
201.0	7733	15	12	11385	17	1544	1492	17
201.0	7064	12	9	11386	15	1424	560	20
201.0	9668	20	16	11387	22	980	342	15
201.0	7142	20	21	11388	18	243	1077	13
201.0	7123	8	11	11389	4	349	1539	14
201.0	7185	10	11	11390	9	1197	182	13
201.0	8974	18	15	11391	18	1628	919	16
201.0	8729	12	10	11392	12	1787	1812	10
201.0	6917	28	27	11393	29	1538	1999	12
201.0	11086	22	20	11394	24	198	889	17
201.0	9398	13	14	11395	10	1488	1440	12
201.0	10108	7	10	11396	3	1076	419	17
201.0	6885	14	12	11397	15	1475	1540	18
201.0	9963	20	20	11398	18	1578	1118	13
201.0	6882	11	12	11399	9	753	1760	15
201.0	10363	10	12	11400	8	968	1639	15
201.0	9111	14	14	11401	13	1515	1360	14
201.0	9588	20	18	11402	21	41	1196	12
201.0	9728	29	17	11403	40	1852	1935	16
201.0	9548	20	23	11404	17	1178	1916	10
201.0	10189	41	38	11405	43	367	517	15
201.0	8182	17	12	11406	21	443	1704	14
201.0	7381	29	28	11407	28	450	706	15
201.0	8821	11	15	11408	7	1451	520	12
201.0	10758	26	23	11409	29	1207	92	15
201.0	9775	21	19	11410	21	333	721	18
201.0	8021	22	18	11411	26	1194	1771	12
201.0	8544	18	21	11412	13	1682	1846	13
201.0	7180	13	9	11413	16	587	356	14
201.0	9528	10	9	11414	11	602	552	16
201.0	6923	9	9	11415	9	1054	208	16
201.0	10032	14	10	11416	17	1143	1689	14
201.0	9416	7	8	11417	6	1632	1001	14
201.0	8514	8	10	11418	6	1025	354	16
201.0	9090	8	9	11419	7	771	201	15
201.0	10453	12	11	11420	12	454	528	18
201.0	9469	5	4	11421	4	689	358	17
201.0	8998	7	5	11422	9	762	1722	14
201.0	9279	10	9	11423	9	673	1912	15
201.0	7020	10	8	11424	11	1569	502	16
201.0	9602	24	22	11425	26	1958	1639	10
201.0	8563	2	2	11426	2	828	334	17
201.0	8361	14	11	11427	17	817	449	15
201.0	8603	6	6	11428	6	770	403	13
201.0	8270	16	17	11429	13	774	1954	17
201.0	7681	8	8	11430	8	1651	820	15
201.0	6982	14	18	11431	10	1272	511	13
201.0	7521	19	16	11432	21	1112	1658	15
201.0	8329	23	20	11433	25	321	454	14
201.0	10104	15	15	11434	15	1530	1861	13
201.0	6950	6	8	11435	4	1350	1479	15
201.0	8912	25	19	11436	28	1138	1942	19
201.0	9461	9	10	11437	7	1304	65	14
201.0	9288	36	37	11438	33	1607	1966	13
201.0	6934	42	48	11439	36	1212	1531	18
201.0	9667	21	20	11440	20	1806	1122	14
202.0	9637	37	34	11441	40	839	1692	16
202.0	7816	23	25	11442	17	459	870	14
202.0	9546	16	10	11443	21	1039	1852	16
202.0	8912	19	21	11444	16	1138	1942	20
202.0	10912	18	21	11445	15	1505	1512	15
202.0	9441	20	22	11446	18	522	1282	12
202.0	10588	11	12	11447	9	524	432	16
202.0	8905	24	22	11448	23	1711	1143	13
202.0	8668	16	18	11449	12	334	1102	16
202.0	7734	19	16	11450	21	1700	1130	17
202.0	9564	11	12	11451	10	488	1000	17
202.0	9992	15	14	11452	16	1592	912	13
202.0	7799	43	43	11453	40	436	1340	15
202.0	8732	30	29	11454	29	1453	1760	10
202.0	9014	6	8	11455	4	952	178	14
202.0	9588	18	13	11456	20	41	1196	13
202.0	8637	40	40	11457	35	96	1433	16
202.0	9166	10	10	11458	10	1697	1234	12
202.0	9038	42	48	11459	35	328	1173	16
202.0	9145	14	13	11460	15	1369	552	15
202.0	10166	12	12	11461	12	772	1916	13
202.0	9668	16	17	11462	14	980	342	16
202.0	7985	31	31	11463	30	90	1929	16
202.0	10189	38	45	11464	30	367	517	16
202.0	9947	6	6	11465	6	493	289	15
202.0	9830	31	33	11466	29	612	1358	15
202.0	9057	12	9	11467	15	58	1712	15
202.0	10205	5	4	11468	5	1741	1176	13
202.0	9288	37	38	11469	33	1607	1966	14
202.0	8520	19	21	11470	15	379	981	16
202.0	10401	10	8	11471	11	659	1484	10
202.0	7752	38	37	11472	35	459	962	15
202.0	7381	28	27	11473	28	450	706	16
202.0	9837	18	21	11474	15	964	121	14
202.0	9432	11	9	11475	11	610	671	12
202.0	11207	18	17	11476	18	1388	608	13
202.0	7452	3	4	11477	2	786	154	18
202.0	10122	27	21	11478	32	1237	1668	17
202.0	9110	13	14	11479	12	1647	656	14
202.0	8502	8	10	11480	6	1691	925	20
202.0	10580	11	10	11481	12	1718	1197	16
202.0	7766	3	5	11482	1	1654	890	18
202.0	8768	25	28	11483	22	1719	1715	10
202.0	8842	4	4	11484	4	683	1961	14
202.0	10258	19	19	11485	17	970	1612	14
202.0	7915	13	12	11486	13	1224	123	16
202.0	9676	19	18	11487	16	1919	1837	12
202.0	9176	19	21	11488	17	1096	1789	13
202.0	8826	9	9	11489	9	924	1683	12
202.0	9727	29	31	11490	24	570	1460	10
202.0	9363	4	2	11491	6	1337	502	10
202.0	8472	17	17	11492	17	983	402	14
202.0	9499	12	11	11493	12	811	173	17
202.0	7889	6	5	11494	6	1691	1002	16
202.0	7663	34	38	11495	30	449	249	14
202.0	9220	19	14	11496	24	1567	810	16
202.0	7341	5	7	11497	3	1263	339	12
202.0	9777	6	7	11498	5	1678	890	16
202.0	9944	10	16	11499	4	1268	231	12
202.0	9595	38	44	11500	32	362	1361	19
202.0	8766	43	46	11501	37	1604	1468	17
202.0	8992	16	16	11502	14	830	441	18
202.0	9171	7	10	11503	4	1067	1788	11
202.0	9029	22	21	11504	23	1597	1038	15
202.0	9917	21	18	11505	24	1758	923	16
202.0	8522	17	15	11506	19	1242	1798	10
202.0	10279	18	19	11507	14	1625	1431	16
202.0	10076	12	12	11508	10	1175	137	15
202.0	7966	14	17	11509	10	1054	1935	14
202.0	10143	16	18	11510	13	1513	504	16
202.0	9611	24	17	11511	28	925	1932	16
202.0	8847	19	21	11512	16	628	552	16
202.0	8541	21	18	11513	22	899	1863	22
202.0	10199	19	15	11514	22	1170	569	15
202.0	9988	22	18	11515	22	1360	519	13
202.0	10071	13	13	11516	12	1481	1453	13
202.0	8310	28	36	11517	18	1839	1910	13
202.0	6920	11	10	11518	12	835	161	12
202.0	8609	36	31	11519	38	21	1284	15
202.0	6892	7	6	11520	8	344	1068	20
202.0	8299	29	28	11521	30	1057	12	15
202.0	8447	16	18	11522	13	1281	361	12
202.0	7142	21	18	11523	23	243	1077	14
202.0	8208	20	17	11524	23	1399	1371	19
202.0	9622	13	13	11525	12	510	726	17
202.0	10893	12	11	11526	11	758	1663	14
202.0	6999	17	14	11527	16	1224	62	18
202.0	9886	31	27	11528	32	720	1612	19
202.0	9025	19	15	11529	22	1510	1377	12
202.0	8216	9	9	11530	9	1578	1038	14
202.0	8102	29	29	11531	27	1698	1671	14
202.0	7016	23	23	11532	21	641	659	13
202.0	10460	10	11	11533	8	1592	1408	15
202.0	10028	19	19	11534	16	1450	710	11
202.0	7926	9	5	11535	13	528	1041	13
202.0	7476	15	15	11536	14	726	1649	15
202.0	9933	18	21	11537	15	1298	1803	11
202.0	9135	12	10	11538	13	810	259	13
202.0	7548	14	19	11539	8	997	1923	15
203.0	9500	16	20	11540	12	1232	1709	13
203.0	9689	20	20	11541	20	1944	1983	13
203.0	7429	41	39	11542	42	210	1755	17
203.0	9982	18	16	11543	17	559	579	15
203.0	9296	34	32	11544	36	630	1743	14
203.0	7985	31	31	11545	29	90	1929	17
203.0	7129	31	32	11546	30	1330	1999	16
203.0	8847	21	19	11547	22	628	552	17
203.0	9231	31	27	11548	34	1648	1616	13
203.0	10270	21	25	11549	17	1384	1690	12
203.0	8313	10	11	11550	9	1278	1833	12
203.0	9281	14	13	11551	14	919	1649	19
203.0	8944	10	9	11552	11	891	1770	13
203.0	9732	8	9	11553	7	667	433	14
203.0	8566	16	19	11554	12	1682	1069	16
203.0	8904	24	23	11555	24	512	598	16
203.0	8208	17	17	11556	17	1399	1371	20
203.0	7203	21	20	11557	21	1441	1567	13
203.0	9407	7	6	11558	7	1019	80	14
203.0	9983	13	14	11559	12	923	1777	15
203.0	9410	24	26	11560	21	1204	1906	10
203.0	10246	30	24	11561	35	500	1597	14
203.0	6982	18	13	11562	22	1272	511	14
203.0	10912	21	20	11563	21	1505	1530	16
203.0	7712	10	10	11564	8	966	1918	14
203.0	8723	14	13	11565	14	1275	293	13
203.0	7926	5	5	11566	4	528	1041	14
203.0	9573	10	10	11567	10	720	386	12
203.0	8081	26	27	11568	25	1685	1572	10
203.0	9680	9	11	11569	7	530	856	14
203.0	6978	18	22	11570	14	1809	1868	15
203.0	7947	17	18	11571	15	1295	1652	11
203.0	9396	20	23	11572	16	1126	1803	18
203.0	7728	12	13	11573	8	1800	1167	16
203.0	8554	31	30	11574	31	1088	1967	18
203.0	8084	23	23	11575	22	1550	1771	16
203.0	9920	15	14	11576	16	1261	1745	10
203.0	9644	12	14	11577	10	799	1942	14
203.0	8764	42	40	11578	41	347	517	15
203.0	10364	14	17	11579	9	1687	1194	13
203.0	7059	10	11	11580	9	1540	992	15
203.0	9271	12	14	11581	10	486	1937	16
203.0	7123	11	9	11582	13	349	1539	15
203.0	10302	16	13	11583	17	608	1470	12
203.0	9376	3	3	11584	3	1522	421	16
203.0	9111	14	14	11585	12	1515	1360	15
203.0	10067	18	16	11586	19	1515	287	14
203.0	10172	25	24	11587	26	1464	591	11
203.0	9755	35	39	11588	31	493	1867	16
203.0	8549	16	20	11589	12	1491	1573	16
203.0	9581	15	13	11590	17	928	329	13
203.0	7730	6	8	11591	3	651	1581	12
203.0	7572	19	24	11592	14	1586	459	15
203.0	8361	11	11	11593	10	817	449	16
203.0	8720	27	34	11594	20	393	493	14
203.0	7398	16	17	11595	14	698	508	15
203.0	7228	10	8	11596	12	940	43	16
203.0	9951	14	13	11597	15	886	1816	12
203.0	8779	19	16	11598	21	1498	547	12
203.0	7236	20	20	11599	20	545	451	16
203.0	8656	12	14	11600	9	1667	1273	13
203.0	10580	10	12	11601	8	1718	1197	17
203.0	8861	13	11	11602	15	1162	228	11
203.0	8876	18	17	11603	18	314	756	13
203.0	7212	33	30	11604	34	1057	1999	18
203.0	10149	3	2	11605	4	1619	452	17
203.0	7073	19	18	11606	19	891	276	15
203.0	7541	10	12	11607	8	1656	1200	16
203.0	9017	19	12	11608	25	646	1823	15
203.0	8125	5	7	11609	3	1650	980	13
203.0	10295	15	16	11610	12	1241	280	13
203.0	8885	3	3	11611	3	1611	423	17
203.0	11476	18	19	11612	17	1408	608	14
203.0	9285	13	13	11613	12	1361	496	12
203.0	8775	19	21	11614	16	749	559	17
203.0	8486	12	13	11615	10	519	951	15
203.0	9567	24	18	11616	30	134	893	14
203.0	8369	29	36	11617	21	814	1974	12
203.0	9814	20	20	11618	19	82	1088	15
203.0	9780	19	18	11619	19	512	446	13
203.0	9245	26	35	11620	17	1342	1648	9
203.0	9499	11	13	11621	8	811	173	18
203.0	8520	21	22	11622	19	379	981	17
203.0	9446	44	49	11623	37	1181	1892	15
203.0	8069	17	15	11624	19	1241	1613	13
203.0	8463	15	18	11625	12	1330	1568	15
203.0	9243	15	16	11626	13	1479	782	14
203.0	8808	10	9	11627	10	1686	1041	15
203.0	10942	25	22	11628	27	1194	1878	20
203.0	7579	17	22	11629	11	580	1489	14
203.0	7009	9	9	11630	8	913	283	14
203.0	7407	10	9	11631	11	1159	531	13
203.0	8207	10	11	11632	9	731	1768	10
203.0	9932	13	11	11633	15	1400	1781	16
204.0	10212	6	5	11634	7	566	512	18
204.0	9340	18	17	11635	19	631	383	16
204.0	8553	14	11	11636	17	693	245	17
204.0	10367	17	17	11637	14	662	371	15
204.0	7968	23	19	11638	25	1061	449	12
204.0	10083	26	30	11639	22	1686	1419	12
204.0	9193	18	18	11640	18	1450	427	12
204.0	7859	31	36	11641	23	69	720	18
204.0	9742	6	5	11642	7	1088	354	16
204.0	8924	4	6	11643	2	1504	1491	19
204.0	7400	27	23	11644	29	279	1459	15
204.0	9244	13	17	11645	9	1440	541	17
204.0	8094	38	37	11646	37	1342	1901	14
204.0	10823	16	13	11647	19	1342	1678	13
204.0	7422	13	12	11648	14	653	174	13
204.0	8211	14	15	11649	12	320	1431	13
204.0	7673	4	2	11650	6	1035	221	14
204.0	9496	16	10	11651	18	1343	216	12
204.0	9480	25	22	11652	26	568	1269	12
204.0	9581	13	17	11653	9	928	329	14
204.0	9040	22	18	11654	25	1431	1480	14
204.0	9258	17	19	11655	14	1583	680	12
204.0	10296	47	44	11656	48	1999	145	13
204.0	9533	17	15	11657	18	1398	1754	16
204.0	10124	13	14	11658	12	1583	1540	16
204.0	9659	10	7	11659	13	1202	438	17
204.0	7309	9	5	11660	13	810	386	14
204.0	8921	25	25	11661	20	1999	1720	10
204.0	8893	6	6	11662	6	847	268	14
204.0	8218	22	29	11663	14	728	1963	16
204.0	8270	17	17	11664	17	774	1954	18
204.0	7228	8	7	11665	9	940	43	17
204.0	9326	10	12	11666	8	1706	1213	12
204.0	9723	14	12	11667	15	397	1849	16
204.0	11153	25	25	11668	24	661	1458	14
204.0	9700	16	20	11669	11	947	1877	18
204.0	10556	18	15	11670	21	1698	1089	16
204.0	8566	19	20	11671	17	1671	1058	17
204.0	10265	51	42	11672	58	1649	1499	18
204.0	9489	14	11	11673	17	1168	293	15
204.0	9329	22	17	11674	23	1011	489	16
204.0	9733	9	9	11675	9	1521	1011	16
204.0	11094	29	30	11676	26	465	1141	17
204.0	8587	14	11	11677	17	1609	1006	15
204.0	9119	5	3	11678	6	1250	142	12
204.0	9265	7	8	11679	6	1698	755	15
204.0	10941	6	7	11680	5	600	420	16
204.0	9305	49	48	11681	46	70	1766	14
204.0	9361	16	15	11682	16	1559	1467	15
204.0	10177	27	30	11683	23	1481	1937	10
204.0	8069	15	13	11684	15	1241	1613	14
204.0	8112	7	6	11685	7	714	1912	15
204.0	7462	16	15	11686	13	524	1818	11
204.0	10216	16	15	11687	16	929	32	15
204.0	7074	17	18	11688	16	540	1743	19
204.0	7880	16	19	11689	13	477	1336	14
204.0	8525	11	7	11690	14	608	395	14
204.0	9355	4	5	11691	3	942	1560	15
204.0	7515	27	25	11692	27	928	1728	12
204.0	7387	13	12	11693	13	718	340	13
204.0	8209	22	18	11694	25	1160	1522	12
204.0	10092	10	10	11695	10	1154	118	12
204.0	9242	2	1	11696	3	1404	339	15
204.0	8463	18	14	11697	22	1330	1568	16
204.0	9156	28	23	11698	32	16	1068	19
204.0	8841	9	5	11699	13	454	1801	18
204.0	9349	26	28	11700	23	85	825	11
204.0	8728	11	6	11701	15	1214	1757	10
204.0	9273	11	7	11702	14	829	0	13
204.0	9024	5	4	11703	6	1530	923	12
204.0	8215	21	24	11704	18	1409	1929	13
204.0	8714	28	27	11705	27	1037	1754	12
204.0	7877	21	18	11706	23	524	569	13
204.0	8693	4	3	11707	5	914	299	15
204.0	10446	15	16	11708	11	1528	1701	16
204.0	10148	7	8	11709	6	1554	1120	12
204.0	10130	12	10	11710	14	436	918	19
204.0	9958	12	12	11711	11	855	278	16
204.0	8242	15	14	11712	15	1587	1021	14
204.0	7016	23	22	11713	23	641	659	14
204.0	7613	27	30	11714	23	1885	1999	15
204.0	8800	29	31	11715	26	1938	1319	10
204.0	7579	22	20	11716	23	580	1489	15
204.0	8388	5	2	11717	7	1667	952	21
204.0	8418	16	16	11718	15	1006	370	14
204.0	7754	19	22	11719	16	1770	1247	14
204.0	10304	7	7	11720	7	1277	1680	10
204.0	7468	11	13	11721	9	1091	228	15
204.0	10662	25	24	11722	26	1938	1223	14
204.0	9961	8	8	11723	6	925	147	14
204.0	9951	13	15	11724	9	886	1816	13
204.0	8546	17	19	11725	15	1267	1954	11
204.0	7503	13	14	11726	11	911	402	15
204.0	8369	36	37	11727	35	814	1974	13
204.0	8959	8	7	11728	8	1784	992	13
204.0	9771	15	18	11729	12	1631	1280	15
204.0	9201	11	14	11730	8	609	1825	16
204.0	8954	17	21	11731	12	1607	1372	14
204.0	9790	3	4	11732	2	570	529	15
205.0	9581	17	17	11733	15	928	329	15
205.0	9191	28	22	11734	32	1999	977	13
205.0	9646	10	11	11735	9	1259	368	14
205.0	9547	33	42	11736	24	375	0	12
205.0	8959	7	7	11737	7	1784	992	14
205.0	8841	5	7	11738	2	454	1801	19
205.0	8233	10	11	11739	9	1639	1186	13
205.0	8955	17	20	11740	12	1322	1734	13
205.0	10219	25	23	11741	24	40	75	14
205.0	8209	18	15	11742	18	1160	1522	13
205.0	8372	14	18	11743	9	770	298	11
205.0	9136	29	28	11744	29	973	300	15
205.0	10164	12	11	11745	12	947	1918	15
205.0	9999	10	9	11746	11	602	1459	10
205.0	9026	11	11	11747	10	1759	1105	13
205.0	8903	7	6	11748	7	393	1523	16
205.0	9193	18	14	11749	20	1450	427	13
205.0	9560	12	11	11750	13	381	1065	17
205.0	6936	21	24	11751	15	1019	1971	13
205.0	7196	8	7	11752	7	676	1547	15
205.0	9643	21	20	11753	22	1292	102	12
205.0	9552	38	34	11754	41	711	1709	15
205.0	8397	24	28	11755	17	1579	1449	14
205.0	8073	23	21	11756	24	966	1680	14
205.0	7548	19	15	11757	22	997	1923	16
205.0	10513	10	15	11758	5	769	270	11
205.0	7619	2	1	11759	3	1728	762	18
205.0	10121	20	19	11760	20	970	1849	19
205.0	9253	19	19	11761	19	479	914	16
205.0	8566	20	19	11762	21	1671	1058	18
205.0	9670	13	15	11763	11	1797	1274	14
205.0	7727	21	17	11764	23	1328	1509	13
205.0	8546	19	20	11765	16	1267	1954	12
205.0	8239	32	22	11766	40	1521	1413	15
205.0	9534	1	0	11767	2	1697	998	14
205.0	10255	4	4	11768	3	1522	407	18
205.0	7108	33	36	11769	29	430	742	16
205.0	7228	7	11	11770	3	940	43	18
205.0	8416	20	22	11771	17	1352	291	16
205.0	9637	34	28	11772	39	839	1692	17
205.0	10536	9	8	11773	10	1259	1664	11
205.0	8218	29	26	11774	32	728	1963	17
205.0	8112	6	9	11775	3	701	1899	16
205.0	9460	16	12	11776	19	1716	1680	13
205.0	9090	9	9	11777	7	749	223	16
205.0	7683	15	17	11778	13	781	580	15
205.0	8657	8	9	11779	7	979	429	17
205.0	8856	14	14	11780	14	1764	892	13
205.0	7596	10	11	11781	9	1515	1964	13
205.0	8483	1	0	11782	1	1309	412	13
205.0	10992	16	9	11783	23	1354	431	13
205.0	6998	8	6	11784	8	1029	429	17
205.0	9333	12	13	11785	10	1129	509	15
205.0	9196	9	11	11786	7	470	1768	17
205.0	8765	25	24	11787	25	523	782	11
205.0	9535	7	11	11788	3	1530	1291	13
205.0	8869	18	19	11789	17	809	274	17
205.0	8754	38	37	11790	36	890	1983	12
205.0	10031	6	5	11791	7	828	1742	13
205.0	8853	24	15	11792	33	1193	220	15
205.0	10701	38	36	11793	36	639	630	12
205.0	10527	28	36	11794	20	1368	1873	11
205.0	10176	35	32	11795	36	447	1463	17
205.0	10767	28	26	11796	30	1697	1559	10
205.0	9631	21	22	11797	19	1048	1966	14
205.0	8786	2	4	11798	0	575	442	16
205.0	9305	48	51	11799	44	70	1766	15
205.0	8759	11	12	11800	9	1559	1302	15
205.0	7613	30	27	11801	32	1885	1999	16
205.0	7968	19	20	11802	17	1048	436	13
205.0	10586	12	16	11803	8	1986	1881	13
205.0	7184	21	15	11804	27	1234	1931	10
205.0	7783	19	16	11805	20	411	1863	17
205.0	10086	5	6	11806	4	1236	429	15
205.0	7197	17	19	11807	13	508	538	15
205.0	8667	28	29	11808	26	1469	1976	12
205.0	8575	43	42	11809	44	1950	1349	14
205.0	9925	14	17	11810	11	1441	1684	11
205.0	9530	17	11	11811	22	893	1913	14
205.0	9648	17	15	11812	18	431	1045	17
205.0	9028	11	14	11813	7	1367	1693	11
205.0	10003	8	6	11814	10	1281	330	12
205.0	8492	5	2	11815	7	889	222	15
205.0	9266	17	23	11816	10	1853	1171	15
205.0	10248	12	12	11817	12	1283	1742	9
205.0	8745	28	24	11818	30	1464	429	11
205.0	8714	27	27	11819	25	1037	1754	13
205.0	8994	10	11	11820	9	898	1647	13
205.0	9574	11	13	11821	8	1023	174	13
206.0	8869	19	12	11822	25	809	274	18
206.0	9578	23	24	11823	20	1972	1919	12
206.0	9755	39	32	11824	45	493	1867	17
206.0	7060	14	16	11825	12	1114	1999	15
206.0	10064	22	29	11826	14	1694	912	18
206.0	7599	15	15	11827	14	759	240	11
206.0	9927	26	20	11828	31	1983	1492	11
206.0	9156	23	21	11829	23	16	1068	20
206.0	10083	30	31	11830	28	1686	1419	13
206.0	9305	51	49	11831	51	70	1766	16
206.0	9935	23	20	11832	26	639	470	14
206.0	8995	37	35	11833	38	1776	1963	13
206.0	8973	19	15	11834	20	916	1981	14
206.0	9560	11	15	11835	7	381	1065	18
206.0	9637	28	29	11836	26	839	1692	18
206.0	10090	13	14	11837	12	703	392	18
206.0	10095	32	33	11838	30	206	1431	20
206.0	9608	7	7	11839	7	1731	812	16
206.0	8524	59	48	11840	52	784	1658	19
206.0	9001	2	1	11841	3	1176	1580	13
206.0	8438	36	41	11842	31	30	477	13
206.0	9351	13	17	11843	9	527	464	16
206.0	8824	9	8	11844	9	1662	912	19
206.0	10527	36	32	11845	37	1368	1873	12
206.0	9729	28	27	11846	26	1806	1961	12
206.0	8754	37	34	11847	39	890	1983	13
206.0	7625	12	12	11848	12	1540	777	12
206.0	10958	36	36	11849	34	1582	1487	13
206.0	9026	11	13	11850	9	1759	1105	14
206.0	10037	7	6	11851	8	652	1770	14
206.0	10851	13	8	11852	18	702	1552	14
206.0	9753	28	24	11853	31	540	1493	15
206.0	7073	18	18	11854	18	891	276	16
206.0	9767	11	12	11855	10	681	1573	12
206.0	8428	14	16	11856	12	1187	1982	8
206.0	9937	38	36	11857	40	257	1360	16
206.0	8835	12	8	11858	16	1609	1121	15
206.0	8898	21	27	11859	15	1389	60	12
206.0	9170	13	16	11860	9	1301	53	14
206.0	8793	11	9	11861	12	1151	162	14
206.0	8886	18	19	11862	17	1477	1320	16
206.0	9409	24	26	11863	21	1410	441	11
206.0	7804	17	12	11864	20	393	432	16
206.0	8919	15	16	11865	13	1314	212	16
206.0	8955	20	17	11866	23	1322	1734	14
206.0	8853	15	15	11867	15	1193	220	16
206.0	9907	13	14	11868	12	1619	1084	13
206.0	10586	16	18	11869	14	1986	1881	14
206.0	6906	12	10	11870	14	1292	312	15
206.0	10176	32	23	11871	38	447	1463	18
206.0	9763	14	16	11872	12	1852	1231	16
206.0	9561	18	12	11873	22	333	1036	18
206.0	9669	14	12	11874	15	791	407	19
206.0	7787	10	7	11875	12	680	446	16
206.0	11110	16	19	11876	12	1756	930	14
206.0	8844	15	14	11877	14	1404	1827	14
206.0	7381	27	26	11878	28	450	706	17
206.0	9966	4	4	11879	3	1530	1254	14
206.0	11369	11	13	11880	9	1637	1040	15
206.0	8556	23	24	11881	19	1420	1860	12
206.0	9136	28	28	11882	28	973	300	16
206.0	10536	8	4	11883	12	1259	1664	12
206.0	8432	17	16	11884	18	968	208	13
206.0	10228	19	16	11885	19	1180	93	14
206.0	10097	0	0	11886	0	1612	800	19
206.0	9412	3	4	11887	2	1569	421	18
206.0	8575	42	37	11888	45	1950	1349	15
206.0	10273	10	11	11889	9	1252	1560	14
206.0	9368	15	15	11890	15	728	580	14
206.0	10274	33	37	11891	29	23	1767	15
206.0	10795	12	12	11892	11	1237	85	16
206.0	9418	20	19	11893	21	675	463	14
206.0	7520	41	36	11894	43	1369	1517	15
206.0	8151	17	16	11895	18	535	1411	15
206.0	10195	25	25	11896	25	1766	1939	11
206.0	9564	12	10	11897	14	488	1000	18
206.0	9330	24	23	11898	22	667	239	17
206.0	9835	19	20	11899	18	481	610	16
206.0	8163	13	9	11900	16	1411	173	13
206.0	10236	10	6	11901	14	736	1912	15
206.0	9901	5	4	11902	5	840	185	15
206.0	9048	25	28	11903	22	1520	744	14
206.0	10217	19	16	11904	21	1219	265	14
206.0	7971	28	24	11905	30	667	630	13
206.0	8546	20	22	11906	18	1267	1954	13
206.0	9393	18	22	11907	14	82	1110	11
206.0	8767	4	5	11908	3	635	1612	11
206.0	9679	41	43	11909	37	1440	1780	14
206.0	10575	4	2	11910	6	573	418	15
206.0	7489	8	9	11911	6	1266	1591	16
206.0	8325	7	7	11912	7	646	1688	13
206.0	9790	4	3	11913	5	556	515	16
206.0	7222	4	5	11914	2	1490	1398	20
206.0	8362	6	6	11915	6	1274	469	14
206.0	10249	26	20	11916	30	432	948	14
206.0	8901	14	15	11917	12	1119	1637	12
206.0	9552	34	38	11918	27	711	1709	16
206.0	9311	19	23	11919	14	1315	262	14
206.0	7684	20	17	11920	20	802	206	13
206.0	9971	23	15	11921	30	1608	1870	9
206.0	8714	27	21	11922	30	1037	1754	14
206.0	9845	5	4	11923	6	860	333	14
206.0	10203	24	22	11924	22	1348	1965	15
206.0	9100	5	7	11925	2	520	372	15
206.0	9150	16	17	11926	14	637	1852	15
206.0	8839	20	18	11927	22	1373	361	15
206.0	7121	11	11	11928	10	444	842	14
206.0	10568	8	5	11929	10	1500	643	17
206.0	10131	17	16	11930	17	1779	1142	14
206.0	8841	7	5	11931	9	454	1801	20
207.0	8943	29	27	11932	30	1732	1999	14
207.0	10217	16	15	11933	16	1219	265	15
207.0	9669	12	10	11934	13	791	407	20
207.0	9438	34	35	11935	33	140	1886	19
207.0	10493	12	10	11936	14	1022	340	16
207.0	9966	4	3	11937	5	1530	1254	15
207.0	10187	2	3	11938	1	560	1527	12
207.0	9593	9	5	11939	12	1113	36	15
207.0	7843	5	3	11940	6	869	1734	14
207.0	8866	33	32	11941	29	66	1948	23
207.0	8272	29	28	11942	30	0	1404	16
207.0	9753	24	23	11943	24	540	1493	16
207.0	10573	12	14	11944	10	876	380	18
207.0	8422	7	7	11945	7	1519	1594	11
207.0	8844	14	10	11946	17	1404	1827	15
207.0	7499	20	19	11947	20	1572	1242	12
207.0	9727	31	32	11948	29	519	1428	11
207.0	9116	9	8	11949	9	1260	1848	10
207.0	8520	22	26	11950	17	379	981	18
207.0	9375	13	13	11951	11	537	651	14
207.0	7420	28	23	11952	33	484	1961	17
207.0	7434	16	16	11953	16	573	267	16
207.0	7962	14	12	11954	16	1492	403	16
207.0	7054	6	8	11955	4	833	278	16
207.0	10034	25	26	11956	23	1460	760	15
207.0	10274	37	38	11957	34	23	1767	16
207.0	11636	17	17	11958	17	685	217	18
207.0	9395	16	18	11959	12	1462	403	13
207.0	9869	10	9	11960	11	1123	347	17
207.0	8869	12	11	11961	12	809	274	19
207.0	7099	19	18	11962	19	1071	125	14
207.0	7028	9	10	11963	8	1999	1894	13
207.0	8163	9	10	11964	7	1449	174	14
207.0	9814	20	16	11965	24	82	1088	16
207.0	10125	21	22	11966	20	991	373	14
207.0	10367	17	11	11967	23	644	371	16
207.0	7240	11	10	11968	12	24	1133	13
207.0	8899	14	9	11969	19	630	600	17
207.0	7787	7	7	11970	7	680	446	17
207.0	9679	43	38	11971	46	1440	1780	15
207.0	8212	36	33	11972	38	1594	1501	13
207.0	8321	28	26	11973	29	1656	1674	13
207.0	9767	12	11	11974	12	681	1573	13
207.0	7712	10	8	11975	12	966	1918	15
207.0	10095	33	31	11976	35	206	1431	21
207.0	9842	16	15	11977	17	989	1944	13
207.0	10299	25	26	11978	24	1875	1893	12
207.0	9155	12	11	11979	11	765	1888	14
207.0	8425	13	9	11980	17	899	1964	14
207.0	8546	22	15	11981	27	1267	1954	14
207.0	9528	9	12	11982	6	602	552	17
207.0	9288	38	40	11983	34	1607	1966	15
207.0	8637	40	44	11984	33	96	1433	17
207.0	11022	29	32	11985	26	1840	1438	14
207.0	7623	10	8	11986	11	931	194	13
207.0	9591	5	6	11987	4	910	1603	13
207.0	11747	10	11	11988	9	1740	1124	14
207.0	9608	7	12	11989	2	1731	812	17
207.0	10061	12	7	11990	17	1229	1795	9
207.0	8983	28	30	11991	23	1938	231	14
207.0	9813	15	12	11992	18	1577	1300	16
207.0	9447	5	5	11993	4	1538	969	10
207.0	9069	4	5	11994	3	721	1822	14
207.0	9567	18	19	11995	17	134	893	15
207.0	9780	18	22	11996	14	498	432	14
207.0	8224	6	5	11997	6	553	367	15
207.0	7088	12	10	11998	13	954	1829	16
207.0	10429	1	2	11999	0	843	320	16
207.0	10402	35	38	12000	29	139	795	18
207.0	8981	3	3	12001	3	1381	467	15
207.0	9987	42	42	12002	42	1502	315	14
207.0	6921	16	18	12003	14	1491	634	17
207.0	7462	15	16	12004	14	524	1818	12
207.0	7040	21	21	12005	20	1409	426	11
207.0	8182	12	12	12006	12	443	1704	15
207.0	7708	22	18	12007	25	471	462	14
207.0	10143	18	17	12008	19	1513	504	17
207.0	9047	14	15	12009	12	809	1772	15
207.0	9851	24	24	12010	24	1390	1959	15
207.0	9725	15	14	12011	16	1124	161	15
207.0	9646	11	14	12012	8	1259	368	15
207.0	9097	15	15	12013	13	568	1392	15
207.0	9904	25	25	12014	24	561	315	15
207.0	10732	14	19	12015	8	1139	227	15
207.0	8452	36	34	12016	38	479	1067	15
207.0	8362	6	3	12017	8	1274	469	15
207.0	9416	8	6	12018	9	1650	1001	15
207.0	8998	5	4	12019	6	762	1722	15
207.0	9927	20	21	12020	18	1983	1492	12
207.0	8731	12	14	12021	10	746	431	15
207.0	8647	16	17	12022	15	1517	601	15
207.0	9709	12	17	12023	5	1268	234	12
207.0	10632	16	18	12024	12	51	1144	13
207.0	7014	27	21	12025	33	742	670	13
207.0	8838	0	0	12026	0	1462	1370	18
207.0	8995	35	32	12027	37	1776	1963	14
207.0	10721	9	10	12028	8	339	1562	13
207.0	10716	13	17	12029	8	1377	260	15
207.0	9330	23	21	12030	24	611	223	18
207.0	7449	14	14	12031	14	1052	1705	15
207.0	9259	3	3	12032	3	1236	311	14
207.0	9298	30	23	12033	35	182	789	15
207.0	10543	16	11	12034	21	1402	80	13
207.0	10250	27	20	12035	32	680	144	12
207.0	9370	15	18	12036	11	1819	1032	16
207.0	7022	25	28	12037	22	1681	849	16
207.0	10170	34	36	12038	30	40	1265	15
208.0	10051	16	12	12039	19	423	278	13
208.0	8678	41	43	12040	36	1847	1478	17
208.0	10097	0	0	12041	0	1612	800	20
208.0	7789	7	8	12042	6	699	407	18
208.0	9976	21	16	12043	25	1333	361	14
208.0	7957	7	4	12044	10	878	1601	13
208.0	10121	19	21	12045	15	970	1849	20
208.0	9410	26	30	12046	20	1204	1906	11
208.0	8799	24	25	12047	23	271	1017	20
208.0	8637	44	48	12048	39	96	1433	18
208.0	10305	29	28	12049	27	1083	1967	17
208.0	9429	12	12	12050	11	899	1726	11
208.0	9296	32	25	12051	39	630	1743	15
208.0	9376	3	2	12052	4	1537	436	17
208.0	10209	7	7	12053	7	1760	1152	17
208.0	9621	7	8	12054	5	1237	155	14
208.0	9506	16	16	12055	16	116	527	15
208.0	10758	23	25	12056	21	1207	92	16
208.0	8764	40	27	12057	52	347	517	16
208.0	8926	14	12	12058	15	1784	1463	11
208.0	9234	12	9	12059	13	1543	1472	14
208.0	7557	23	22	12060	24	603	240	16
208.0	9817	19	18	12061	20	555	1743	18
208.0	10125	22	17	12062	26	991	373	15
208.0	9714	10	13	12063	7	387	647	15
208.0	9051	0	0	12064	0	1443	478	17
208.0	9342	22	21	12065	21	410	970	17
208.0	10274	38	39	12066	36	23	1767	17
208.0	10897	18	21	12067	13	1738	1083	16
208.0	10623	9	13	12068	5	894	0	14
208.0	8031	21	25	12069	16	491	1163	19
208.0	10507	16	14	12070	18	1531	271	15
208.0	7599	15	14	12071	15	759	240	12
208.0	8778	12	12	12072	12	1516	549	13
208.0	10252	10	8	12073	12	1681	1022	14
208.0	8876	17	15	12074	16	268	731	14
208.0	9647	10	9	12075	11	1980	1698	15
208.0	9883	25	30	12076	20	418	473	13
208.0	8873	9	10	12077	7	1270	427	15
208.0	7181	13	14	12078	12	1909	1007	13
208.0	7696	38	31	12079	42	1337	1878	17
208.0	9629	22	25	12080	19	559	758	14
208.0	9090	9	7	12081	10	723	197	17
208.0	9102	25	27	12082	23	368	758	15
208.0	9395	18	17	12083	18	1462	403	14
208.0	9699	11	10	12084	11	317	912	16
208.0	7684	17	19	12085	15	802	206	14
208.0	9017	12	9	12086	15	646	1823	16
208.0	8110	14	19	12087	9	1120	1596	13
208.0	7525	10	15	12088	5	1252	1540	15
208.0	8528	30	27	12089	32	456	1199	15
208.0	9470	22	20	12090	23	457	729	15
208.0	9917	18	21	12091	14	1871	902	17
208.0	9555	26	28	12092	24	360	1054	15
208.0	8509	16	16	12093	16	591	1421	14
208.0	11026	16	16	12094	15	1406	237	14
208.0	8510	21	20	12095	22	1046	1791	14
208.0	9218	14	12	12096	14	994	1692	13
208.0	8743	16	12	12097	20	1469	1525	15
208.0	11502	14	15	12098	13	841	469	19
208.0	10295	16	18	12099	13	1279	280	14
208.0	9064	9	9	12100	8	1230	1850	9
208.0	8299	28	24	12101	31	1034	12	16
208.0	9853	10	10	12102	10	1240	1777	9
208.0	7462	16	13	12103	16	524	1818	13
208.0	10027	21	21	12104	21	1023	1726	14
208.0	9300	25	24	12105	25	519	929	15
208.0	10244	18	20	12106	16	993	1866	14
208.0	7836	57	43	12107	57	587	1999	15
208.0	9148	5	8	12108	2	922	228	12
208.0	9069	5	5	12109	4	721	1822	15
208.0	10925	20	19	12110	19	387	1924	19
208.0	9721	33	27	12111	38	1240	1884	16
208.0	10120	21	22	12112	19	1176	1761	10
208.0	10201	16	14	12113	17	609	256	11
208.0	9476	17	15	12114	17	561	470	13
208.0	7625	12	10	12115	11	1540	777	13
208.0	9720	21	19	12116	22	684	1937	16
208.0	10191	32	34	12117	29	1440	454	12
208.0	9567	19	20	12118	18	67	897	16
208.0	9540	9	2	12119	16	810	373	13
208.0	7040	21	16	12120	24	1409	426	12
208.0	10997	23	26	12121	20	1183	1812	12
208.0	10170	36	41	12122	30	40	1265	16
208.0	8149	6	5	12123	6	771	1529	12
208.0	9795	14	12	12124	16	517	326	13
208.0	8480	26	21	12125	30	152	16	15
208.0	9536	14	15	12126	11	641	1392	14
208.0	9186	26	27	12127	25	500	592	13
208.0	7955	19	21	12128	16	1641	1130	18
208.0	10456	14	16	12129	12	1600	613	14
208.0	10185	24	16	12130	30	1340	1798	11
208.0	9725	14	11	12131	15	1124	161	16
208.0	8981	3	2	12132	4	1381	467	16
208.0	8463	14	14	12133	14	1330	1568	17
208.0	8366	41	49	12134	31	420	438	14
208.0	7066	29	26	12135	29	1556	1664	17
208.0	10283	23	24	12136	22	1313	1884	11
208.0	8932	26	28	12137	23	217	1984	18
208.0	8070	22	21	12138	22	1051	284	14
208.0	11766	40	31	12139	46	1552	1398	16
208.0	10132	23	22	12140	24	600	1377	15
208.0	8564	8	9	12141	7	478	1813	20
209.0	10702	26	25	12142	25	510	522	14
209.0	10242	11	14	12143	8	1747	992	16
209.0	10542	31	30	12144	31	861	1825	21
209.0	9171	10	10	12145	9	1085	1788	12
209.0	10343	47	48	12146	44	1541	1524	18
209.0	7360	58	48	12147	52	1681	1394	12
209.0	10239	23	23	12148	20	1259	1631	13
209.0	8275	14	16	12149	12	399	617	12
209.0	9248	5	4	12150	4	1482	470	18
209.0	9769	24	28	12151	18	1214	1630	14
209.0	9245	35	33	12152	35	1342	1648	10
209.0	7195	11	10	12153	12	460	1725	18
209.0	8694	9	10	12154	8	830	1809	12
209.0	9465	13	11	12155	15	732	211	16
209.0	8239	22	15	12156	27	1521	1413	16
209.0	11292	23	23	12157	21	1628	1886	12
209.0	10006	35	47	12158	22	1727	1359	11
209.0	9410	30	30	12159	28	1204	1906	12
209.0	10873	28	30	12160	24	1809	910	13
209.0	8160	8	9	12161	7	1671	875	19
209.0	9086	19	16	12162	22	1120	1869	14
209.0	9878	22	26	12163	18	237	1126	12
209.0	7116	6	10	12164	2	1133	307	18
209.0	7836	43	41	12165	41	587	1999	16
209.0	6953	25	20	12166	29	1366	1930	16
209.0	10099	21	23	12167	18	1267	1774	13
209.0	10672	36	29	12168	40	1610	1646	16
209.0	11293	12	15	12169	9	312	872	16
209.0	10220	17	15	12170	16	1667	1783	15
209.0	9449	14	10	12171	18	870	1635	10
209.0	6960	6	7	12172	5	1199	0	17
209.0	11361	13	12	12173	14	936	198	12
209.0	8853	15	13	12174	17	1193	220	17
209.0	11665	9	10	12175	8	961	64	18
209.0	11281	25	25	12176	24	465	1100	16
209.0	9703	12	14	12177	10	822	206	12
209.0	10417	11	14	12178	8	1579	1463	13
209.0	8220	19	18	12179	20	1162	305	14
209.0	10103	25	22	12180	28	1690	1732	12
209.0	8788	17	21	12181	12	1608	928	14
209.0	10981	19	19	12182	19	1717	848	16
209.0	9090	7	8	12183	5	703	197	18
209.0	9452	19	20	12184	18	1618	1803	12
209.0	9603	27	33	12185	20	1250	100	13
209.0	8745	24	23	12186	24	1464	429	12
209.0	9552	38	40	12187	34	711	1709	17
209.0	9395	17	16	12188	16	1462	403	15
209.0	10204	35	32	12189	35	370	1731	20
209.0	10178	29	30	12190	27	1676	1814	14
209.0	8150	16	17	12191	13	1994	1503	12
209.0	10201	14	18	12192	10	609	256	12
209.0	8960	22	21	12193	23	1265	111	15
209.0	8320	9	7	12194	11	1130	1579	13
209.0	9427	14	13	12195	15	774	331	11
209.0	9432	9	11	12196	6	610	671	13
209.0	8572	11	9	12197	13	1582	1367	16
209.0	9028	14	13	12198	15	1367	1693	12
209.0	10432	12	13	12199	10	452	1907	16
209.0	7958	13	16	12200	10	1360	1613	17
209.0	7252	12	14	12201	10	178	1259	17
209.0	9870	40	36	12202	42	416	931	14
209.0	10430	9	9	12203	8	1221	150	14
209.0	8475	12	8	12204	13	1058	183	13
209.0	9555	28	32	12205	23	360	1054	16
209.0	9001	1	1	12206	1	1176	1580	14
209.0	9208	11	12	12207	10	1622	861	14
209.0	9126	17	19	12208	15	822	1934	12
209.0	9266	23	19	12209	27	1853	1171	16
209.0	8480	21	17	12210	25	152	16	16
209.0	8331	12	17	12211	6	1592	1579	14
209.0	9563	4	2	12212	6	868	115	15
209.0	7275	32	34	12213	26	777	1568	12
209.0	7443	44	41	12214	46	1543	1502	18
209.0	9594	10	9	12215	11	792	1757	13
209.0	8752	10	9	12216	11	481	497	14
209.0	9864	22	23	12217	20	376	941	14
209.0	9887	21	19	12218	23	1065	20	14
209.0	10156	16	17	12219	12	1429	503	12
209.0	10269	22	21	12220	23	1412	1557	12
209.0	8509	16	17	12221	14	591	1421	15
209.0	10222	10	10	12222	10	920	1823	14
209.0	9532	5	5	12223	5	867	298	14
209.0	9650	34	37	12224	25	239	1163	15
209.0	11662	6	7	12225	5	861	183	15
209.0	9687	25	27	12226	23	1508	1634	10
209.0	9026	13	8	12227	17	1759	1105	15
209.0	10586	18	20	12228	15	1968	1881	15
209.0	10716	17	14	12229	18	1377	260	16
209.0	8727	22	28	12230	15	534	312	17
209.0	7780	45	44	12231	45	1920	417	15
209.0	7193	4	4	12232	4	1421	482	17
209.0	10766	20	20	12233	19	1171	1705	14
209.0	10668	15	17	12234	12	519	680	19
209.0	7264	12	12	12235	11	1431	1999	15
210.0	10122	21	18	12236	22	1209	1668	18
210.0	10105	12	12	12237	12	1451	1856	11
210.0	11282	10	10	12238	10	443	601	18
210.0	9530	11	8	12239	14	893	1913	15
210.0	9962	22	23	12240	20	1046	42	15
210.0	10507	14	14	12241	14	1531	271	16
210.0	10344	18	20	12242	14	1835	1611	15
210.0	9357	8	11	12243	3	708	1850	14
210.0	8738	9	8	12244	10	1464	1668	11
210.0	7766	5	6	12245	3	1654	890	19
210.0	9395	16	15	12246	16	1462	403	16
210.0	9310	15	15	12247	12	912	0	14
210.0	8750	16	12	12248	20	1074	312	15
210.0	9650	37	37	12249	35	239	1163	16
210.0	7341	7	6	12250	8	1263	339	13
210.0	10795	12	9	12251	13	1237	64	17
210.0	9504	5	3	12252	6	982	124	14
210.0	8171	6	10	12253	1	985	289	15
210.0	8656	14	13	12254	14	1667	1273	14
210.0	10306	12	11	12255	13	1083	303	13
210.0	10192	11	10	12256	11	1303	269	14
210.0	9235	8	7	12257	9	759	1690	12
210.0	7752	37	35	12258	37	459	962	16
210.0	8313	11	10	12259	12	1268	1816	13
210.0	9657	22	24	12260	20	1894	1967	11
210.0	9853	10	12	12261	7	1240	1777	10
210.0	10684	15	16	12262	13	1351	1666	12
210.0	10466	21	22	12263	19	1271	86	15
210.0	7049	14	12	12264	15	1299	480	12
210.0	9255	30	27	12265	32	599	1300	15
210.0	10960	17	20	12266	13	361	584	12
210.0	10149	2	3	12267	1	1619	452	18
210.0	9817	18	19	12268	17	555	1743	19
210.0	8766	46	34	12269	54	1620	1484	18
210.0	9927	21	24	12270	17	1968	1492	13
210.0	10233	21	21	12271	18	270	431	14
210.0	9789	21	19	12272	23	1070	1874	11
210.0	8935	10	13	12273	7	1212	367	16
210.0	11162	20	18	12274	22	1314	1701	15
210.0	6923	9	7	12275	11	1081	211	17
210.0	10201	18	18	12276	18	609	256	13
210.0	7572	24	23	12277	24	1586	459	16
210.0	8528	27	23	12278	30	456	1199	16
210.0	10829	19	22	12279	14	645	231	15
210.0	9825	41	37	12280	42	1154	1960	20
210.0	11405	43	37	12281	48	396	527	16
210.0	11103	27	20	12282	33	412	901	14
210.0	7116	10	10	12283	9	1115	307	19
210.0	9749	29	32	12284	26	1892	1931	11
210.0	7728	13	11	12285	14	1800	1167	17
210.0	8601	12	10	12286	13	1826	870	13
210.0	9045	15	12	12287	18	483	920	17
210.0	10908	14	13	12288	14	1131	67	14
210.0	9244	17	20	12289	14	1440	558	18
210.0	10053	13	13	12290	13	1077	1821	11
210.0	9437	9	8	12291	10	1161	1684	12
210.0	11068	7	6	12292	7	451	585	19
210.0	7129	32	30	12293	31	1330	1999	17
210.0	10500	18	14	12294	21	542	1600	11
210.0	10743	34	37	12295	31	1091	1757	18
210.0	10789	28	29	12296	26	149	383	13
210.0	10669	46	43	12297	47	420	1429	16
210.0	10541	15	15	12298	12	1160	1749	11
210.0	9873	5	7	12299	3	1010	245	13
210.0	7874	31	27	12300	34	699	1507	13
210.0	10447	25	22	12301	27	49	1423	16
210.0	9375	13	15	12302	11	537	651	15
210.0	6959	29	23	12303	33	785	1629	20
210.0	11800	9	7	12304	11	1571	1296	16
210.0	7753	14	13	12305	13	1057	70	15
210.0	10740	30	26	12306	33	1330	1982	16
210.0	9857	19	23	12307	15	843	1926	17
210.0	9253	19	15	12308	22	465	900	17
210.0	9643	20	21	12309	18	1292	102	13
210.0	7309	5	6	12310	4	810	386	15
210.0	9861	28	25	12311	31	1682	660	14
210.0	10177	30	31	12312	28	1481	1937	11
210.0	11760	20	21	12313	19	1003	1836	20
210.0	9319	19	19	12314	18	1789	1012	13
210.0	9547	42	40	12315	43	268	0	13
210.0	10369	18	16	12316	18	1197	293	14
210.0	7994	19	21	12317	17	864	1962	18
210.0	11978	24	24	12318	23	1857	1893	13
210.0	7836	41	41	12319	41	605	1999	17
210.0	10471	28	26	12320	28	1946	978	15
210.0	9868	19	22	12321	14	1954	920	13
210.0	9202	6	6	12322	5	755	1560	11
210.0	9288	40	37	12323	41	1607	1966	16
210.0	7167	16	18	12324	13	1599	1350	14
210.0	9423	7	7	12325	7	1045	158	14
210.0	8978	30	38	12326	19	353	903	18
210.0	8538	24	17	12327	29	1238	1569	14
210.0	9410	30	31	12328	28	1204	1906	13
210.0	6999	14	11	12329	16	1224	41	19
210.0	8321	26	27	12330	22	1656	1674	14
210.0	9832	5	5	12331	5	502	366	14
210.0	9856	21	20	12332	21	27	978	19
210.0	10055	17	20	12333	14	1374	377	13
210.0	9385	12	15	12334	8	1731	881	13
210.0	9182	12	11	12335	13	1637	1570	15
210.0	10547	18	17	12336	19	1140	1791	14
210.0	9453	11	12	12337	10	604	1803	12
210.0	10060	4	3	12338	5	739	1835	10
210.0	10755	19	18	12339	20	448	1756	17
210.0	11635	19	17	12340	20	616	368	17
210.0	10047	31	35	12341	27	191	290	16
210.0	9672	19	19	12342	18	1153	390	16
210.0	8960	21	26	12343	16	1265	111	16
210.0	7446	14	10	12344	17	1308	364	15
210.0	9511	15	16	12345	13	248	985	15
210.0	7765	17	15	12346	19	802	1923	15
210.0	7343	10	9	12347	11	1868	1708	13
210.0	8895	37	27	12348	42	438	1087	16
210.0	7423	13	7	12349	19	1066	1692	11
210.0	10538	19	17	12350	20	467	538	14
210.0	9689	20	18	12351	21	1944	1983	14
210.0	9367	20	23	12352	17	607	1714	16
210.0	9949	14	8	12353	19	525	1878	15
210.0	9702	8	9	12354	7	1810	1055	16
210.0	10469	8	8	12355	8	1215	1818	10
210.0	10668	17	14	12356	19	519	680	20
210.0	10583	12	13	12357	10	1426	0	13
210.0	9480	22	18	12358	26	568	1269	13
211.0	9591	6	7	12359	5	910	1603	14
211.0	9093	11	12	12360	10	661	1864	15
211.0	9600	24	23	12361	23	1592	1639	15
211.0	10116	29	31	12362	24	1412	1589	11
211.0	10164	11	9	12363	11	933	1918	16
211.0	9767	11	12	12364	8	681	1573	14
211.0	7583	14	14	12365	13	1006	148	15
211.0	9367	23	21	12366	21	607	1714	17
211.0	10718	18	23	12367	12	1531	1129	13
211.0	7167	18	18	12368	17	1599	1350	15
211.0	8683	17	15	12369	19	871	1550	13
211.0	10648	27	25	12370	28	1171	1986	15
211.0	8020	2	1	12371	3	1522	393	18
211.0	9656	20	23	12372	17	1013	1631	9
211.0	9927	24	25	12373	22	1968	1492	14
211.0	8893	6	6	12374	6	891	194	15
211.0	11241	10	7	12375	13	905	119	14
211.0	10507	14	11	12376	16	1531	271	17
211.0	9748	35	32	12377	37	675	1674	13
211.0	8444	12	16	12378	7	1646	702	16
211.0	8973	15	14	12379	16	928	1981	15
211.0	9822	10	10	12380	9	1520	782	16
211.0	9857	23	18	12381	25	843	1926	18
211.0	9244	20	18	12382	19	1440	558	19
211.0	7752	35	28	12383	40	459	962	17
211.0	9581	17	12	12384	21	928	329	16
211.0	9494	13	11	12385	15	458	566	16
211.0	9637	29	24	12386	33	839	1692	19
211.0	9856	20	19	12387	21	27	978	20
211.0	10139	10	9	12388	11	1113	24	16
211.0	11083	21	18	12389	23	386	770	20
211.0	11252	13	11	12390	14	1184	280	14
211.0	10411	27	27	12391	25	672	366	19
211.0	10172	24	21	12392	23	1464	591	12
211.0	10124	14	12	12393	16	1583	1558	17
211.0	10053	13	12	12394	14	1096	1821	12
211.0	10755	18	18	12395	18	448	1756	18
211.0	9193	14	10	12396	17	1439	438	14
211.0	6903	7	5	12397	7	1822	1165	19
211.0	9086	16	15	12398	17	1120	1869	15
211.0	7874	27	28	12399	24	699	1507	14
211.0	11761	19	20	12400	17	429	885	17
211.0	9832	5	3	12401	6	502	366	15
211.0	11562	22	15	12402	29	1310	511	15
211.0	9868	22	22	12403	22	1954	920	14
211.0	8633	20	19	12404	19	1495	1858	15
211.0	10579	15	16	12405	14	671	167	13
211.0	9028	13	12	12406	13	1367	1693	13
211.0	9073	27	26	12407	26	1809	1898	13
211.0	7817	6	4	12408	8	1200	326	16
211.0	10231	16	12	12409	20	1278	1980	10
211.0	10045	11	9	12410	13	1552	1581	16
211.0	8978	38	37	12411	37	353	903	19
211.0	9281	13	13	12412	12	919	1649	20
211.0	6917	27	27	12413	26	1538	1999	13
211.0	10659	21	23	12414	18	1913	1962	16
211.0	10732	19	22	12415	15	1160	207	16
211.0	7765	15	8	12416	21	802	1923	16
211.0	11163	17	19	12417	14	712	1690	15
211.0	10441	12	12	12418	11	761	194	13
211.0	9288	37	42	12419	32	1607	1966	17
211.0	9605	16	11	12420	17	230	890	19
211.0	10247	18	18	12421	17	192	896	15
211.0	9783	21	19	12422	22	361	1008	16
211.0	10094	4	4	12423	4	833	361	12
211.0	7049	12	10	12424	14	1299	480	13
211.0	9547	40	40	12425	39	268	0	14
211.0	8944	9	12	12426	6	891	1770	14
211.0	8544	21	23	12427	19	1682	1846	14
211.0	10452	20	21	12428	18	741	225	10
211.0	10469	8	11	12429	5	1215	1818	11
211.0	9755	32	34	12430	28	493	1867	18
211.0	10712	49	53	12431	45	1906	1431	18
211.0	10526	27	20	12432	32	474	351	16
211.0	11066	26	24	12433	27	1220	1960	10
211.0	6959	23	26	12434	20	798	1642	21
211.0	10369	16	16	12435	14	1197	293	15
211.0	8270	17	24	12436	9	774	1954	19
211.0	10188	17	20	12437	14	1461	1716	16
211.0	10370	9	8	12438	9	1002	1738	16
211.0	9829	19	17	12439	21	1431	1969	17
211.0	9976	16	17	12440	15	1333	361	15
211.0	11086	20	19	12441	21	372	852	18
211.0	11639	22	17	12442	26	1721	1454	13
211.0	9255	27	30	12443	24	599	1300	16
211.0	9746	10	10	12444	10	521	989	17
211.0	8177	11	9	12445	12	703	280	16
211.0	8334	10	8	12446	11	1267	27	15
211.0	10921	15	16	12447	14	1679	303	14
211.0	9298	23	18	12448	27	182	789	16
211.0	7236	20	25	12449	14	545	451	17
211.0	10120	22	25	12450	19	1176	1761	11
211.0	10072	14	16	12451	11	484	970	17
211.0	10193	25	22	12452	28	985	170	14
211.0	7758	23	20	12453	24	1634	283	15
211.0	8470	37	40	12454	30	1147	1833	20
211.0	7559	22	24	12455	19	1594	1999	14
211.0	8727	28	27	12456	24	534	312	18
211.0	8932	28	24	12457	30	217	1984	19
211.0	11636	17	21	12458	12	685	217	19
211.0	11800	7	8	12459	6	1571	1296	17
211.0	10029	18	14	12460	21	1430	1557	16
211.0	10034	26	25	12461	26	1460	760	16
211.0	11336	22	17	12462	26	319	969	16
211.0	10919	8	5	12463	11	652	302	18
211.0	9484	31	25	12464	35	541	1258	16
211.0	8712	18	20	12465	16	420	500	14
211.0	11338	21	21	12466	21	1089	1986	22
211.0	9495	16	21	12467	10	1477	403	14
211.0	9531	22	21	12468	23	188	545	17
212.0	10028	19	19	12469	18	1450	710	12
212.0	10672	29	24	12470	34	1629	1646	17
212.0	10629	23	18	12471	26	1555	1601	16
212.0	11494	6	5	12472	5	1710	1026	17
212.0	10115	21	15	12473	26	1149	1983	15
212.0	8613	33	36	12474	28	538	1359	14
212.0	9497	18	13	12475	21	375	928	13
212.0	10094	4	5	12476	3	833	361	13
212.0	9595	44	44	12477	41	362	1361	20
212.0	10604	24	27	12478	21	367	1813	14
212.0	10556	15	13	12479	16	1703	1078	17
212.0	9772	17	12	12480	21	1454	1510	15
212.0	10364	17	21	12481	13	1687	1194	14
212.0	9325	22	22	12482	21	1069	1908	18
212.0	7091	9	10	12483	8	1113	0	17
212.0	9637	24	21	12484	27	839	1692	20
212.0	10438	8	7	12485	9	1051	311	15
212.0	10591	42	43	12486	39	596	1961	15
212.0	9589	25	23	12487	25	1354	357	14
212.0	8360	13	15	12488	11	1627	1700	17
212.0	9822	10	6	12489	14	1520	782	17
212.0	9051	0	0	12490	0	1461	478	18
212.0	10418	18	14	12491	22	287	946	22
212.0	10058	29	29	12492	29	1853	1958	15
212.0	10769	9	10	12493	7	1308	386	14
212.0	10575	2	3	12494	1	573	418	16
212.0	7631	8	11	12495	5	1693	1316	14
212.0	8369	37	35	12496	37	814	1974	14
212.0	7733	12	14	12497	8	1582	1510	18
212.0	9440	23	24	12498	22	69	487	13
212.0	9135	10	8	12499	11	823	230	14
212.0	9707	13	12	12500	14	1698	1252	14
212.0	7978	10	11	12501	7	1508	1558	15
212.0	9349	28	22	12502	32	50	760	12
212.0	8549	20	22	12503	18	1487	1587	17
212.0	9086	15	18	12504	11	1120	1869	16
212.0	9816	25	26	12505	20	533	630	16
212.0	8942	23	22	12506	22	1086	1929	17
212.0	9920	14	13	12507	15	1261	1745	11
212.0	9096	20	19	12508	20	1999	1912	12
212.0	11175	0	0	12509	0	769	175	19
212.0	9835	20	20	12510	19	481	610	17
212.0	10600	15	14	12511	15	363	1539	12
212.0	11324	27	31	12512	23	420	564	14
212.0	9961	8	5	12513	11	940	132	15
212.0	10069	22	27	12514	15	619	1447	11
212.0	10501	15	12	12515	18	1663	1752	16
212.0	10496	14	14	12516	14	1237	136	14
212.0	8768	28	24	12517	31	1734	1700	11
212.0	10370	8	11	12518	5	1002	1738	17
212.0	7240	10	11	12519	9	24	1133	14
212.0	9857	18	19	12520	17	843	1926	19
212.0	9372	27	30	12521	23	1002	1881	16
212.0	9868	22	29	12522	13	1954	920	15
212.0	8358	12	12	12523	12	601	500	15
212.0	7100	24	16	12524	30	1016	1999	16
212.0	7682	31	28	12525	34	1528	670	14
212.0	10248	12	12	12526	11	1283	1742	10
212.0	9757	8	6	12527	10	1659	1952	13
212.0	9946	14	9	12528	17	1381	579	13
212.0	9461	10	9	12529	10	1336	49	15
212.0	8605	24	27	12530	21	532	511	14
212.0	9275	15	14	12531	15	1674	698	17
212.0	8310	36	37	12532	33	1750	1910	14
212.0	10708	22	23	12533	20	1554	1919	14
212.0	8219	8	7	12534	9	1140	177	12
212.0	8624	14	13	12535	14	1504	581	11
212.0	8922	25	22	12536	25	1615	659	15
212.0	10622	11	9	12537	12	1243	195	15
212.0	9925	17	19	12538	14	1459	1684	12
212.0	10642	20	22	12539	17	1141	1933	13
212.0	7890	18	15	12540	19	1408	375	14
212.0	9310	15	13	12541	17	912	0	15
212.0	11891	29	32	12542	26	25	1808	16
212.0	9729	27	19	12543	34	1806	1961	13
212.0	9003	2	2	12544	2	1482	577	17
212.0	10150	8	8	12545	8	776	243	14
212.0	10190	39	41	12546	34	368	1604	22
212.0	8202	24	20	12547	27	1638	98	17
212.0	8466	5	5	12548	5	967	183	15
212.0	8557	0	0	12549	0	1537	470	16
212.0	11544	36	38	12550	29	590	1743	15
212.0	9664	5	6	12551	4	657	520	18
212.0	10856	17	21	12552	12	472	742	16
212.0	10274	39	36	12553	41	23	1767	18
212.0	9531	21	22	12554	19	188	545	18
212.0	9943	15	13	12555	16	1065	1732	13
212.0	8112	9	12	12556	4	701	1899	17
212.0	10449	42	48	12557	36	323	1662	15
212.0	8178	28	24	12558	28	1413	1736	14
212.0	9271	14	12	12559	15	486	1937	17
212.0	7611	23	19	12560	26	1976	1946	16
212.0	10552	19	16	12561	22	1688	1999	13
212.0	7793	7	8	12562	6	1608	1895	15
212.0	8563	2	2	12563	2	828	318	18
212.0	8207	11	10	12564	10	731	1724	11
212.0	8876	15	9	12565	20	268	731	15
212.0	12390	14	13	12566	15	1197	266	15
212.0	8224	5	8	12567	2	571	367	16
212.0	10372	8	5	12568	10	1088	277	16
212.0	8835	8	9	12569	7	1609	1121	16
212.0	10576	13	14	12570	12	629	338	17
212.0	10662	24	28	12571	19	1938	1223	15
212.0	12282	33	36	12572	28	374	901	15
212.0	11028	16	17	12573	15	915	1863	22
212.0	9196	11	11	12574	11	470	1768	18
212.0	11419	7	9	12575	5	716	207	16
212.0	11728	8	6	12576	9	1851	943	14
212.0	8501	18	13	12577	21	999	279	16
212.0	9078	6	8	12578	3	487	580	16
212.0	10238	55	54	12579	46	1561	1450	16
212.0	10209	7	9	12580	4	1760	1152	18
212.0	10692	5	5	12581	5	1656	941	20
212.0	9767	12	12	12582	12	681	1573	15
212.0	8308	15	12	12583	17	624	306	12
212.0	9093	12	12	12584	12	661	1864	16
212.0	10947	9	8	12585	9	1169	247	16
212.0	8002	46	43	12586	48	290	430	15
212.0	9714	13	15	12587	11	368	647	16
212.0	8329	20	22	12588	18	296	454	15
212.0	9624	24	28	12589	20	1391	128	13
212.0	10164	9	8	12590	9	933	1896	17
212.0	7596	11	13	12591	9	1502	1977	14
212.0	6903	5	10	12592	0	1822	1165	20
212.0	9960	16	19	12593	13	635	732	17
212.0	11639	17	16	12594	18	1721	1454	14
212.0	7124	30	29	12595	30	0	1188	16
212.0	10921	16	16	12596	16	1679	303	15
212.0	12212	6	6	12597	6	855	84	16
213.0	12335	13	15	12598	11	1637	1588	16
213.0	7464	14	19	12599	8	1782	992	14
213.0	8432	16	19	12600	13	968	208	14
213.0	9271	12	15	12601	9	486	1937	18
213.0	10102	18	16	12602	19	977	1779	15
213.0	11052	17	19	12603	15	53	1004	19
213.0	9116	8	10	12604	6	1260	1864	11
213.0	11875	12	10	12605	11	649	415	17
213.0	11544	38	34	12606	41	590	1743	16
213.0	8272	28	20	12607	33	0	1362	17
213.0	9915	26	22	12608	29	1398	1721	13
213.0	9186	27	35	12609	19	500	592	14
213.0	9961	5	7	12610	2	940	132	16
213.0	7978	11	12	12611	10	1508	1558	16
213.0	9529	15	16	12612	14	937	244	15
213.0	8416	22	28	12613	16	1416	289	17
213.0	10159	15	16	12614	12	1308	191	16
213.0	10035	5	1	12615	8	1300	343	12
213.0	9929	14	17	12616	11	147	1015	16
213.0	9667	20	22	12617	17	1834	1094	15
213.0	6978	22	18	12618	26	1809	1868	16
213.0	9624	28	32	12619	23	1391	128	14
213.0	8943	27	28	12620	25	1732	1999	15
213.0	8553	11	9	12621	12	659	187	18
213.0	10759	0	0	12622	0	1432	467	17
213.0	11997	6	10	12623	2	520	364	16
213.0	9810	17	10	12624	22	940	350	16
213.0	10250	20	20	12625	19	667	131	13
213.0	10616	6	9	12626	3	706	1772	14
213.0	10291	25	24	12627	24	845	1907	12
213.0	8544	23	16	12628	30	1682	1846	15
213.0	10204	32	32	12629	31	370	1731	21
213.0	11519	38	37	12630	37	60	1494	16
213.0	11666	8	9	12631	7	1719	1208	13
213.0	10598	24	21	12632	25	1974	1238	13
213.0	8668	18	16	12633	18	318	1118	17
213.0	10365	32	29	12634	32	313	771	16
213.0	10158	10	10	12635	10	627	1977	14
213.0	12228	15	15	12636	13	1951	1864	16
213.0	10951	16	19	12637	12	1775	1678	13
213.0	8613	36	40	12638	29	538	1359	15
213.0	10147	16	14	12639	17	1802	1225	18
213.0	10445	15	12	12640	17	331	1909	17
213.0	8463	14	12	12641	15	1330	1568	18
213.0	11371	11	10	12642	12	1479	1656	12
213.0	10116	31	29	12643	33	1412	1589	12
213.0	9886	27	26	12644	25	720	1612	20
213.0	9883	30	30	12645	30	418	473	14
213.0	9501	15	14	12646	16	1629	1238	14
213.0	12313	19	17	12647	21	1022	1836	21
213.0	11448	23	27	12648	18	1742	1154	14
213.0	7419	7	5	12649	9	1769	1066	16
213.0	9195	7	6	12650	7	1247	37	16
213.0	9213	20	19	12651	17	1751	961	14
213.0	7257	27	28	12652	25	1663	1885	16
213.0	10491	39	41	12653	36	233	1200	16
213.0	8556	24	25	12654	21	1420	1860	13
213.0	8412	16	20	12655	8	1069	151	13
213.0	10132	22	22	12656	21	600	1377	16
213.0	9242	1	1	12657	1	1404	319	16
213.0	10104	15	16	12658	13	1530	1861	14
213.0	10989	12	13	12659	9	765	271	17
213.0	7349	8	8	12660	7	980	1592	15
213.0	8360	15	15	12661	14	1627	1700	18
213.0	9469	4	2	12662	5	611	278	18
213.0	9494	11	12	12663	10	458	566	17
213.0	7648	6	7	12664	4	657	1917	15
213.0	10164	8	9	12665	7	933	1896	18
213.0	10924	15	17	12666	13	1055	137	13
213.0	10702	25	18	12667	31	510	522	15
213.0	9728	17	20	12668	13	1874	1916	17
213.0	10363	12	12	12669	12	968	1661	16
213.0	9191	22	24	12670	19	1999	977	14
213.0	11347	21	21	12671	20	264	751	18
213.0	10981	19	22	12672	15	1717	848	17
213.0	10094	5	7	12673	3	833	361	14
213.0	7073	18	18	12674	18	891	276	17
213.0	10312	29	28	12675	29	1161	92	13
213.0	11148	26	29	12676	22	1824	123	11
213.0	11463	30	30	12677	30	104	1915	17
213.0	11533	8	9	12678	7	1606	1442	16
213.0	10031	5	3	12679	7	812	1758	14
213.0	9217	3	5	12680	1	1701	780	16
213.0	10268	10	11	12681	9	497	1808	20
213.0	9677	4	2	12682	6	749	164	18
213.0	10788	14	12	12683	16	1112	1713	15
213.0	10775	9	6	12684	12	1030	1578	15
213.0	10434	20	19	12685	21	366	878	13
213.0	7142	18	17	12686	17	157	1222	15
213.0	9027	22	22	12687	22	673	1470	14
213.0	8770	15	16	12688	14	1581	860	14
213.0	8493	18	23	12689	12	459	1337	14
213.0	10168	10	13	12690	6	361	751	15
213.0	10195	25	26	12691	23	1766	1939	12
213.0	11175	0	0	12692	0	769	175	20
213.0	10229	24	24	12693	24	1771	1999	10
213.0	10820	47	48	12694	42	60	1449	15
213.0	10418	14	14	12695	13	287	946	23
213.0	7108	36	39	12696	31	430	742	17
213.0	7890	15	12	12697	17	1408	375	15
213.0	9775	19	17	12698	21	236	598	19
213.0	10296	44	44	12699	43	1999	145	14
213.0	10424	11	13	12700	9	563	1772	13
213.0	9389	18	22	12701	12	1030	1951	14
213.0	10352	28	31	12702	25	408	510	15
213.0	10967	15	12	12703	18	1449	1640	14
213.0	10067	16	14	12704	18	1515	287	15
213.0	10856	21	24	12705	18	472	742	17
213.0	11210	5	4	12706	6	1303	226	14
213.0	10785	30	34	12707	25	330	632	15
213.0	8422	7	6	12708	7	1560	1658	12
213.0	7535	24	26	12709	22	791	440	19
213.0	9767	12	13	12710	11	681	1573	16
213.0	11214	20	19	12711	21	329	1058	18
213.0	11958	17	21	12712	13	631	181	19
213.0	10576	14	16	12713	9	629	338	18
213.0	10777	11	10	12714	12	1537	1451	17
213.0	9920	13	8	12715	17	1261	1745	12
213.0	9349	22	24	12716	19	59	694	13
213.0	8554	30	29	12717	31	1088	1967	19
213.0	11645	9	7	12718	10	1410	527	18
213.0	7912	11	14	12719	6	1162	57	15
213.0	8618	16	15	12720	17	1783	1208	15
213.0	7402	21	23	12721	16	1495	429	13
213.0	10303	18	15	12722	21	820	1862	14
213.0	8143	20	26	12723	13	390	752	18
213.0	12390	13	9	12724	16	1197	266	16
213.0	12345	13	10	12725	14	202	949	16
213.0	9812	28	18	12726	36	414	1694	16
214.0	10434	19	18	12727	18	366	878	14
214.0	10101	20	19	12728	21	499	1380	12
214.0	9186	35	37	12729	31	500	592	15
214.0	10642	22	22	12730	21	1141	1933	14
214.0	8863	38	37	12731	37	1330	1931	15
214.0	8768	24	24	12732	24	1734	1700	12
214.0	9027	22	24	12733	20	673	1470	15
214.0	10445	12	10	12734	14	331	1909	18
214.0	12275	11	10	12735	10	1064	227	18
214.0	10651	18	15	12736	20	1043	329	15
214.0	10473	41	29	12737	49	640	1638	15
214.0	9184	37	39	12738	32	806	1749	16
214.0	8554	29	27	12739	29	1088	1967	20
214.0	10171	18	18	12740	17	139	1195	18
214.0	11363	9	8	12741	10	462	1029	17
214.0	9558	12	13	12742	11	521	1855	18
214.0	10459	28	34	12743	21	1967	1528	13
214.0	10481	15	17	12744	13	479	851	14
214.0	8099	16	15	12745	15	720	1469	11
214.0	8745	23	26	12746	17	1464	429	13
214.0	9937	36	35	12747	33	257	1360	17
214.0	9471	12	9	12748	15	960	1980	18
214.0	8921	25	30	12749	18	1999	1695	11
214.0	8462	17	18	12750	16	1474	1619	14
214.0	10253	28	25	12751	29	590	59	14
214.0	7264	12	12	12752	12	1431	1999	16
214.0	9047	15	11	12753	18	781	1830	16
214.0	9432	11	11	12754	11	610	671	14
214.0	10402	38	34	12755	42	139	795	19
214.0	8766	34	27	12756	36	1620	1484	19
214.0	7256	27	32	12757	22	1350	1783	12
214.0	9747	14	12	12758	15	1105	173	14
214.0	7422	12	9	12759	14	606	93	14
214.0	8321	27	25	12760	27	1656	1674	15
214.0	9301	10	8	12761	12	572	690	16
214.0	9573	10	9	12762	11	707	373	13
214.0	10115	15	14	12763	16	1149	1983	16
214.0	11214	19	19	12764	18	329	1058	19
214.0	12324	13	13	12765	13	1638	1340	15
214.0	11217	21	23	12766	19	1491	169	12
214.0	10555	17	18	12767	14	852	1619	13
214.0	10362	22	22	12768	22	1747	309	13
214.0	11164	42	46	12769	37	1676	1378	12
214.0	10603	16	13	12770	15	920	1701	12
214.0	10828	16	20	12771	12	1223	20	16
214.0	10641	17	20	12772	12	1649	1782	17
214.0	10850	18	18	12773	18	1346	79	14
214.0	8461	1	0	12774	2	1753	839	17
214.0	10622	9	8	12775	10	1243	195	16
214.0	12264	15	12	12776	17	1331	480	13
214.0	9191	24	21	12777	27	1999	977	15
214.0	10541	15	11	12778	18	1160	1749	12
214.0	9110	14	17	12779	11	1647	656	15
214.0	10817	24	25	12780	19	1350	1707	11
214.0	9560	15	13	12781	17	381	1103	19
214.0	10023	16	19	12782	13	1787	912	17
214.0	10979	22	21	12783	22	1507	1613	13
214.0	8583	31	32	12784	28	264	1694	16
214.0	8913	20	22	12785	18	1671	1137	17
214.0	10633	7	7	12786	6	919	90	12
214.0	10736	22	16	12787	28	1809	1853	15
214.0	11148	29	24	12788	33	1824	123	12
214.0	11448	27	30	12789	21	1742	1154	15
214.0	10674	8	10	12790	6	511	1793	20
214.0	11286	23	31	12791	13	1501	1759	11
214.0	10369	16	14	12792	16	1197	293	16
214.0	8800	31	32	12793	29	1938	1319	11
214.0	11662	7	6	12794	7	861	183	16
214.0	10869	15	11	12795	18	859	1999	14
214.0	8329	22	23	12796	20	296	454	16
214.0	8331	17	11	12797	22	1592	1579	15
214.0	11385	17	18	12798	16	1560	1526	18
214.0	11860	9	9	12799	9	1317	53	15
214.0	9556	28	30	12800	26	1301	1713	15
214.0	8432	19	10	12801	26	968	208	15
214.0	10047	35	31	12802	37	173	129	17
214.0	7757	5	2	12803	7	797	249	15
214.0	9469	2	2	12804	2	611	278	19
214.0	8039	29	25	12805	33	364	1999	14
214.0	10315	25	18	12806	30	597	331	18
214.0	11411	26	27	12807	25	1183	1781	13
214.0	9281	13	16	12808	10	919	1649	21
214.0	7730	8	12	12809	4	651	1581	13
214.0	8320	7	4	12810	10	1130	1579	14
214.0	10325	10	12	12811	8	1002	66	15
214.0	7912	14	15	12812	13	1162	57	16
214.0	8149	5	3	12813	7	771	1529	13
214.0	9461	9	11	12814	5	1356	49	16
214.0	8609	31	32	12815	30	21	1284	16
214.0	9817	19	14	12816	24	555	1743	20
214.0	10820	48	58	12817	36	60	1449	16
214.0	9029	21	15	12818	27	1610	1051	16
214.0	10218	23	22	12819	24	30	1036	19
214.0	11194	18	15	12820	21	1446	1916	16
214.0	11469	33	34	12821	30	1575	1934	15
214.0	9143	4	5	12822	3	1480	505	16
214.0	8102	29	27	12823	30	1698	1671	15
214.0	11463	30	32	12824	27	104	1915	18
214.0	10846	13	16	12825	10	1702	870	15
214.0	10462	5	7	12826	3	1774	1037	15
214.0	11012	21	26	12827	15	1206	252	15
214.0	10430	9	7	12828	11	1221	150	15
214.0	7252	14	12	12829	15	178	1259	18
214.0	9633	10	12	12830	8	1063	41	13
214.0	10656	26	23	12831	26	1543	1967	13
214.0	10663	31	22	12832	37	363	1795	16
214.0	8669	34	32	12833	35	143	1333	19
215.0	9995	8	6	12834	10	592	355	14
215.0	10547	17	17	12835	16	1140	1791	15
215.0	10554	27	22	12836	31	1736	394	15
215.0	8766	27	14	12837	34	1620	1484	20
215.0	10430	7	4	12838	9	1221	150	16
215.0	9602	22	21	12839	21	1958	1639	11
215.0	8144	18	16	12840	19	1708	1159	14
215.0	8051	28	30	12841	24	177	860	10
215.0	10832	6	8	12842	4	1220	407	16
215.0	8021	18	15	12843	21	1194	1771	13
215.0	8502	10	10	12844	10	1691	943	21
215.0	8116	21	21	12845	21	1077	1999	22
215.0	10979	21	27	12846	13	1507	1613	14
215.0	8155	18	20	12847	16	1494	246	15
215.0	8367	29	28	12848	29	1793	1295	14
215.0	9548	23	21	12849	24	1178	1921	11
215.0	9578	24	19	12850	27	1972	1919	13
215.0	10261	2	2	12851	1	1327	430	13
215.0	11121	33	36	12852	27	300	1967	20
215.0	8321	25	21	12853	29	1656	1674	16
215.0	11129	14	16	12854	12	661	1649	12
215.0	9815	14	14	12855	13	629	263	18
215.0	9667	22	21	12856	21	1834	1094	16
215.0	8863	37	30	12857	43	1330	1931	16
215.0	10270	25	24	12858	24	1405	1690	13
215.0	8635	32	30	12859	32	1227	1680	11
215.0	10792	7	8	12860	6	1596	1837	12
215.0	9446	49	45	12861	46	1168	1879	16
215.0	10462	7	8	12862	6	1774	1037	16
215.0	9184	39	37	12863	40	806	1749	17
215.0	8575	37	36	12864	37	1950	1349	16
215.0	10686	14	14	12865	12	909	1711	12
215.0	10206	14	12	12866	16	790	1617	11
215.0	11012	26	22	12867	28	1206	252	16
215.0	9785	10	14	12868	6	1318	116	14
215.0	10682	44	52	12869	32	1337	1862	17
215.0	9947	6	7	12870	4	447	243	16
215.0	7022	28	28	12871	27	1669	838	17
215.0	9155	11	13	12872	9	714	1862	15
215.0	10473	29	36	12873	20	640	1638	16
215.0	7881	20	13	12874	25	1049	1680	11
215.0	11042	12	14	12875	9	583	304	16
215.0	9235	7	4	12876	10	759	1690	13
215.0	10671	12	12	12877	11	1620	721	18
215.0	7997	33	32	12878	31	1603	1649	13
215.0	10654	31	27	12879	35	243	1930	19
215.0	8151	16	13	12880	18	515	1411	16
215.0	9114	3	4	12881	2	909	326	12
215.0	10781	22	18	12882	26	1962	798	12
215.0	9427	13	12	12883	14	774	331	12
215.0	7160	9	14	12884	4	1940	1836	17
215.0	9179	31	34	12885	24	1059	1764	15
215.0	10582	13	10	12886	14	477	1792	19
215.0	9700	20	24	12887	16	947	1877	19
215.0	10575	3	4	12888	2	573	418	17
215.0	10525	3	1	12889	4	1654	344	16
215.0	10176	23	25	12890	20	447	1463	19
215.0	9574	13	13	12891	10	1023	174	14
215.0	8419	6	6	12892	6	822	96	12
215.0	9991	22	21	12893	21	745	349	19
215.0	12191	13	11	12894	14	1979	1503	13
215.0	10413	15	16	12895	14	1290	431	14
215.0	9475	18	24	12896	12	980	237	13
215.0	11557	21	26	12897	15	1452	1608	14
215.0	9412	4	3	12898	5	1569	421	19
215.0	9646	14	15	12899	13	1259	368	16
215.0	10915	17	14	12900	18	1007	122	14
215.0	9775	17	13	12901	21	236	598	20
215.0	12674	18	19	12902	16	891	261	18
215.0	7231	13	15	12903	10	1655	740	15
215.0	8363	12	12	12904	11	1032	99	16
215.0	8939	29	24	12905	31	1837	1074	13
215.0	10233	21	23	12906	18	270	431	15
215.0	9045	12	10	12907	12	483	920	18
215.0	9540	2	1	12908	3	810	373	14
215.0	9448	26	26	12909	24	491	1200	17
215.0	7049	10	11	12910	9	1281	480	14
215.0	10919	5	3	12911	7	674	302	19
215.0	10733	9	9	12912	9	536	1651	19
215.0	8866	32	28	12913	35	22	1999	24
215.0	10037	6	8	12914	4	652	1770	15
215.0	10539	20	20	12915	18	1170	45	16
215.0	8768	24	24	12916	24	1734	1700	13
215.0	8212	33	28	12917	37	1691	1463	14
215.0	10894	31	32	12918	28	353	1390	19
215.0	10718	23	29	12919	17	1531	1129	14
215.0	10921	16	18	12920	14	1679	303	16
215.0	10531	12	11	12921	11	1580	1753	14
215.0	9441	22	20	12922	24	522	1282	13
215.0	11760	21	19	12923	22	1003	1836	21
215.0	12054	5	3	12924	7	1226	191	15
215.0	10076	12	15	12925	9	1192	137	16
215.0	9047	11	11	12926	11	781	1830	17
215.0	7754	22	26	12927	17	1796	1273	15
215.0	9375	15	18	12928	11	560	650	16
215.0	10334	17	16	12929	17	1245	230	14
215.0	11099	20	18	12930	19	253	1316	16
215.0	7889	5	6	12931	4	1727	1002	17
215.0	9027	24	26	12932	21	673	1470	16
215.0	8203	22	24	12933	19	312	1947	20
215.0	8270	24	22	12934	25	774	1954	20
215.0	6936	24	21	12935	27	1019	1971	14
215.0	11026	16	13	12936	19	1406	237	15
215.0	11794	20	18	12937	22	1384	1889	12
215.0	10866	6	8	12938	4	681	1581	12
215.0	10230	17	16	12939	17	263	892	18
215.0	11027	25	27	12940	23	1690	1155	17
215.0	9014	8	8	12941	7	982	148	15
215.0	12184	18	14	12942	21	1632	1788	13
215.0	9212	16	15	12943	16	889	1675	14
215.0	9025	15	19	12944	10	1510	1377	13
215.0	11098	39	44	12945	33	891	1697	19
215.0	11545	29	23	12946	30	174	1919	18
216.0	9367	21	18	12947	24	607	1714	18
216.0	9883	30	32	12948	24	418	473	15
216.0	12061	20	25	12949	15	538	1678	19
216.0	10507	11	11	12950	9	1531	271	18
216.0	8261	19	17	12951	20	1112	112	13
216.0	9470	20	20	12952	20	457	729	16
216.0	11065	13	14	12953	11	1608	1419	14
216.0	11022	32	38	12954	24	1853	1780	15
216.0	10300	9	11	12955	7	1999	1810	16
216.0	11363	8	11	12956	5	462	1029	18
216.0	7420	23	27	12957	18	484	1961	18
216.0	10886	13	11	12958	14	1271	1717	12
216.0	10592	37	33	12959	40	165	1583	16
216.0	10109	22	25	12960	16	541	1437	14
216.0	7236	25	24	12961	26	545	451	18
216.0	10509	27	27	12962	25	1250	276	15
216.0	9956	12	13	12963	9	1433	1703	17
216.0	11003	14	16	12964	12	1179	77	14
216.0	8736	28	24	12965	31	1495	1919	14
216.0	6953	20	19	12966	18	1366	1930	17
216.0	8509	17	18	12967	15	591	1421	16
216.0	10659	23	28	12968	17	1913	1962	17
216.0	7583	14	8	12969	19	1019	135	16
216.0	11597	15	17	12970	12	856	1801	13
216.0	10184	20	16	12971	21	1328	318	15
216.0	9982	16	14	12972	16	559	579	16
216.0	8842	4	3	12973	5	685	1995	15
216.0	9375	18	15	12974	17	560	666	17
216.0	10185	16	18	12975	13	1340	1798	12
216.0	11510	13	14	12976	12	1522	513	17
216.0	10499	17	17	12977	17	1576	1582	17
216.0	10615	14	15	12978	12	612	1489	12
216.0	8861	11	17	12979	5	1151	217	12
216.0	11218	11	14	12980	8	1421	365	14
216.0	9668	17	17	12981	15	998	342	17
216.0	11026	13	10	12982	15	1406	237	16
216.0	9646	15	14	12983	15	1259	368	17
216.0	7623	8	10	12984	6	961	141	14
216.0	12101	31	37	12985	25	986	30	17
216.0	10117	28	29	12986	27	145	47	12
216.0	10847	14	14	12987	14	1569	747	12
216.0	11155	23	20	12988	26	1872	1767	14
216.0	9298	18	14	12989	21	182	789	17
216.0	9781	18	19	12990	16	420	1920	14
216.0	8150	17	17	12991	17	1994	1503	13
216.0	8002	43	42	12992	44	182	250	16
216.0	11995	17	16	12993	17	149	893	16
216.0	8520	26	21	12994	29	379	981	19
216.0	9924	31	23	12995	36	371	571	17
216.0	8575	36	32	12996	40	1950	1349	17
216.0	10490	17	18	12997	15	1186	1953	13
216.0	7400	23	26	12998	20	279	1459	16
216.0	9465	11	8	12999	12	749	211	17
216.0	10915	14	12	13000	14	1007	122	15
216.0	8443	20	20	13001	19	1149	1999	15
216.0	10969	27	25	13002	27	366	772	19
216.0	9484	25	26	13003	24	541	1258	17
216.0	10413	16	21	13004	11	1290	431	15
216.0	8727	27	24	13005	27	534	312	19
216.0	11417	6	3	13006	9	1661	1012	15
216.0	9987	42	44	13007	38	1502	315	15
216.0	8182	12	12	13008	11	443	1704	16
216.0	10658	18	17	13009	19	1052	1977	15
216.0	9878	26	25	13010	25	161	1146	13
216.0	9440	24	27	13011	20	69	487	14
216.0	12132	4	3	13012	5	1359	439	17
216.0	10539	20	18	13013	19	1182	33	17
216.0	8732	29	33	13014	24	1453	1760	11
216.0	11619	19	23	13015	15	429	402	14
216.0	11383	27	25	13016	29	1380	484	13
216.0	10818	5	3	13017	7	901	163	15
216.0	9886	26	25	13018	26	720	1612	21
216.0	8768	24	22	13019	25	1734	1700	14
216.0	8480	17	12	13020	21	98	1	17
216.0	8711	13	12	13021	13	1488	1899	10
216.0	7160	14	13	13022	14	1940	1836	18
216.0	9931	9	7	13023	11	1776	884	14
216.0	10853	3	4	13024	2	1632	1912	15
216.0	10604	27	15	13025	37	380	1826	15
216.0	9289	9	9	13026	9	549	548	16
216.0	10790	59	53	13027	47	247	1807	17
216.0	11304	15	17	13028	13	1861	1020	16
216.0	9326	12	12	13029	12	1751	1239	13
216.0	9064	9	10	13030	8	1230	1882	10
216.0	10002	10	12	13031	8	1707	822	14
216.0	9475	24	23	13032	23	980	237	14
216.0	10462	8	6	13033	10	1774	1037	17
216.0	7921	46	48	13034	44	500	1998	17
216.0	10503	10	11	13035	8	838	124	14
216.0	10624	20	19	13036	20	1591	151	16
216.0	12276	18	19	13037	17	579	135	14
216.0	9248	4	5	13038	3	1482	470	19
216.0	10173	9	10	13039	8	1161	324	17
216.0	8808	9	6	13040	11	1749	1030	16
216.0	10864	16	13	13041	18	1730	1104	13
216.0	10124	12	12	13042	12	1583	1558	18
216.0	10605	7	8	13043	6	1344	1772	10
216.0	8416	28	31	13044	25	1416	259	18
216.0	10671	12	10	13045	12	1620	721	19
216.0	7852	17	19	13046	14	625	382	17
216.0	9642	11	7	13047	15	1128	1899	13
216.0	9749	32	32	13048	31	1892	1931	12
216.0	11332	17	21	13049	12	1516	1581	18
216.0	10387	6	5	13050	7	570	486	16
216.0	10219	23	24	13051	22	40	75	15
216.0	10941	7	5	13052	9	600	420	17
216.0	7663	38	38	13053	38	557	0	15
217.0	10246	24	20	13054	27	442	1569	15
217.0	8954	21	22	13055	19	1607	1372	15
217.0	10847	14	15	13056	13	1569	747	13
217.0	11440	20	17	13057	22	1818	1094	15
217.0	7040	16	17	13058	14	1409	426	13
217.0	10589	13	10	13059	16	1538	1635	17
217.0	12293	31	31	13060	31	1317	1986	18
217.0	9231	27	32	13061	20	1648	1616	14
217.0	10131	16	15	13062	15	1824	1114	15
217.0	10588	12	12	13063	11	524	432	17
217.0	7468	13	16	13064	10	1106	243	16
217.0	9277	21	22	13065	19	385	678	15
217.0	10941	5	3	13066	6	600	420	18
217.0	10910	12	14	13067	10	933	1825	15
217.0	10967	12	12	13068	12	1449	1640	15
217.0	10928	25	29	13069	20	789	1854	14
217.0	12226	23	27	13070	19	1552	1660	11
217.0	7337	13	13	13071	11	1402	1798	17
217.0	12061	25	26	13072	23	538	1678	20
217.0	8752	9	8	13073	9	465	481	15
217.0	9166	10	7	13074	12	1729	1247	13
217.0	10896	17	20	13075	13	1949	1198	15
217.0	7099	18	14	13076	21	1071	125	15
217.0	10184	16	17	13077	15	1328	318	16
217.0	10886	11	10	13078	11	1271	1717	13
217.0	7921	48	44	13079	51	500	1998	18
217.0	11258	7	8	13080	6	515	363	16
217.0	10411	27	20	13081	32	672	366	20
217.0	10471	26	29	13082	23	1946	978	16
217.0	11000	38	37	13083	39	315	1730	15
217.0	6885	12	11	13084	13	1480	1554	19
217.0	10216	15	15	13085	13	850	29	16
217.0	9357	11	11	13086	10	683	1850	15
217.0	8425	9	8	13087	10	899	1964	15
217.0	9833	10	14	13088	6	1560	1837	14
217.0	6953	19	19	13089	18	1366	1930	18
217.0	10031	3	3	13090	3	812	1758	15
217.0	10363	12	11	13091	13	968	1661	17
217.0	9987	44	47	13092	40	1502	315	16
217.0	9949	8	6	13093	9	525	1878	16
217.0	10161	18	17	13094	16	1877	1039	14
217.0	11018	5	6	13095	4	484	290	15
217.0	10689	15	10	13096	20	1521	1928	12
217.0	11137	18	22	13097	13	93	651	11
217.0	10322	44	39	13098	48	652	1800	14
217.0	11047	14	15	13099	12	1232	1867	10
217.0	10974	8	7	13100	9	288	1081	20
217.0	9475	23	25	13101	20	980	237	15
217.0	11338	21	17	13102	25	1089	1986	23
217.0	11027	27	22	13103	30	1690	1155	18
217.0	11163	19	21	13104	17	712	1690	16
217.0	10623	13	10	13105	15	894	0	15
217.0	11648	14	10	13106	16	529	126	14
217.0	10995	25	21	13107	28	1551	1791	13
217.0	10813	33	34	13108	29	34	1385	16
217.0	9815	14	14	13109	14	613	279	19
217.0	10987	19	19	13110	17	1326	1689	13
217.0	7219	3	2	13111	4	612	1651	15
217.0	10117	29	26	13112	30	145	47	13
217.0	7256	32	28	13113	35	1350	1783	13
217.0	10076	15	15	13114	14	1192	137	17
217.0	10210	26	25	13115	27	1520	1644	11
217.0	10632	18	15	13116	19	62	1155	14
217.0	8094	37	42	13117	29	1342	1901	15
217.0	7557	22	18	13118	25	568	165	17
217.0	9781	19	19	13119	18	420	1920	15
217.0	8416	31	29	13120	31	1416	259	19
217.0	7462	13	16	13121	10	537	1831	14
217.0	9155	13	13	13122	12	714	1862	16
217.0	10903	38	28	13123	47	280	1408	16
217.0	9646	14	14	13124	13	1259	368	18
217.0	10850	18	22	13125	12	1346	79	15
217.0	9396	23	19	13126	27	1113	1790	19
217.0	10581	14	15	13127	12	1421	1421	12
217.0	11383	25	25	13128	23	1380	484	14
217.0	11195	24	22	13129	25	1687	619	16
217.0	8257	25	31	13130	17	1289	1955	13
217.0	9340	17	19	13131	14	600	370	17
217.0	10189	45	49	13132	41	345	498	17
217.0	10241	2	2	13133	2	1489	527	16
217.0	10441	12	10	13134	14	761	194	14
217.0	11011	12	8	13135	15	1039	59	13
217.0	7765	8	10	13136	6	802	1923	17
217.0	9288	42	39	13137	41	1626	1947	18
217.0	12030	24	22	13138	24	608	182	19
217.0	9795	12	12	13139	11	498	307	14
217.0	10434	18	14	13140	22	366	878	15
217.0	8604	25	18	13141	31	182	850	17
217.0	12529	10	9	13142	11	1390	49	16
217.0	6941	12	16	13143	8	0	1022	22
217.0	8861	17	15	13144	19	1151	217	13
217.0	8855	18	14	13145	22	1682	1930	13
217.0	11392	12	8	13146	16	1787	1794	11
217.0	8325	7	5	13147	9	646	1688	14
217.0	10798	34	34	13148	33	1592	1853	11
217.0	8903	6	5	13149	7	393	1523	17
217.0	11135	5	7	13150	3	1628	461	17
217.0	8921	30	37	13151	23	1999	1695	12
217.0	8885	3	3	13152	3	1611	423	18
217.0	10506	5	8	13153	2	789	1530	13
217.0	7662	24	26	13154	20	1913	1893	14
217.0	11443	21	23	13155	17	1060	1852	17
217.0	10835	22	23	13156	20	193	983	19
217.0	9276	22	20	13157	23	1374	1855	15
217.0	9370	18	14	13158	22	1874	1018	17
217.0	10590	15	16	13159	13	990	324	16
217.0	8995	32	30	13160	28	1776	1963	15
217.0	11121	36	40	13161	28	300	1967	21
217.0	7445	31	28	13162	31	903	232	18
217.0	10635	31	31	13163	29	488	1239	20
217.0	11442	17	15	13164	18	438	870	15
217.0	8352	8	9	13165	6	750	1941	14
217.0	10527	32	27	13166	35	1396	1845	13
217.0	11434	15	12	13167	17	1514	1861	14
218.0	11463	32	35	13168	27	104	1915	19
218.0	8388	2	1	13169	3	1700	957	22
218.0	10312	28	23	13170	31	1161	92	14
218.0	8799	25	19	13171	31	271	1017	21
218.0	10636	3	3	13172	3	1657	480	16
218.0	11222	15	14	13173	16	177	546	17
218.0	10398	52	62	13174	38	1937	1419	14
218.0	10474	7	5	13175	9	492	1517	16
218.0	11728	6	4	13176	8	1851	943	15
218.0	11860	9	4	13177	14	1317	53	16
218.0	9396	19	26	13178	10	1113	1790	20
218.0	9496	10	8	13179	10	1362	216	13
218.0	9611	17	18	13180	15	889	1947	17
218.0	8002	42	42	13181	40	182	250	17
218.0	11295	3	5	13182	0	1579	431	18
218.0	11375	41	40	13183	42	346	699	12
218.0	8966	22	23	13184	20	1160	1649	10
218.0	7400	26	33	13185	18	279	1459	17
218.0	11185	12	14	13186	10	400	628	18
218.0	8094	42	35	13187	48	1342	1901	16
218.0	7695	11	15	13188	6	1357	289	13
218.0	9310	13	13	13189	12	912	0	16
218.0	9470	20	21	13190	18	457	729	17
218.0	11817	12	13	13191	11	1289	1748	10
218.0	8425	8	8	13192	7	899	1964	16
218.0	9814	16	15	13193	16	82	1088	17
218.0	9763	16	11	13194	21	1852	1249	17
218.0	9737	11	10	13195	12	1560	606	11
218.0	11326	17	13	13196	19	1431	1931	17
218.0	10249	20	20	13197	20	432	948	15
218.0	8995	30	25	13198	34	1776	1963	16
218.0	11238	24	18	13199	29	1513	438	16
218.0	7194	20	23	13200	16	1628	1389	17
218.0	11161	5	5	13201	5	700	308	19
218.0	8943	28	31	13202	24	1732	1999	16
218.0	10928	29	32	13203	25	789	1854	15
218.0	9195	6	5	13204	7	1247	37	17
218.0	8229	12	9	13205	15	1861	1330	15
218.0	9199	5	6	13206	4	497	219	16
218.0	7985	31	30	13207	32	90	1929	18
218.0	10283	24	20	13208	27	1313	1884	12
218.0	10442	12	9	13209	14	1820	1205	18
218.0	10757	20	23	13210	17	745	1631	20
218.0	12323	41	38	13211	42	1639	1933	17
218.0	10953	8	3	13212	13	1569	545	16
218.0	10234	17	17	13213	17	1121	182	15
218.0	9412	3	5	13214	1	1569	421	20
218.0	9220	14	19	13215	9	1567	810	17
218.0	9409	26	24	13216	27	1393	441	12
218.0	10523	12	9	13217	15	580	110	15
218.0	10301	6	3	13218	9	1667	1232	13
218.0	10453	11	9	13219	13	454	528	19
218.0	10308	15	20	13220	9	982	1759	15
218.0	11351	20	21	13221	18	410	658	15
218.0	9777	7	7	13222	6	1696	890	17
218.0	10197	2	3	13223	1	718	140	19
218.0	10655	38	36	13224	39	1611	1772	14
218.0	11648	10	7	13225	12	529	126	15
218.0	11367	17	15	13226	19	1026	1856	16
218.0	8618	15	18	13227	12	1783	1208	16
218.0	11292	23	16	13228	29	1628	1886	13
218.0	7619	1	1	13229	1	1728	741	19
218.0	11575	22	25	13230	19	1562	1736	17
218.0	11922	30	36	13231	24	1037	1738	15
218.0	10051	12	12	13232	11	435	141	14
218.0	8855	14	14	13233	14	1682	1930	14
218.0	10472	10	11	13234	9	685	107	18
218.0	9725	11	13	13235	9	1124	161	17
218.0	11218	14	11	13236	17	1421	365	15
218.0	10335	10	9	13237	9	652	1736	12
218.0	10460	11	13	13238	8	1592	1408	16
218.0	10789	29	24	13239	32	163	167	14
218.0	10023	19	18	13240	20	1787	912	18
218.0	10246	20	20	13241	19	442	1569	16
218.0	10121	21	20	13242	22	970	1849	21
218.0	9679	38	46	13243	30	1440	1780	16
218.0	11319	8	3	13244	13	582	1519	14
218.0	10295	18	16	13245	18	1278	280	15
218.0	9495	21	18	13246	24	1487	393	15
218.0	10210	25	29	13247	19	1520	1644	12
218.0	10178	30	28	13248	31	1665	1787	15
218.0	11768	3	3	13249	3	1536	421	19
218.0	10038	24	21	13250	26	183	1192	13
218.0	8647	17	16	13251	17	1529	613	16
218.0	8249	18	18	13252	17	442	283	11
218.0	6979	32	30	13253	34	345	652	17
218.0	8743	12	14	13254	10	1482	1538	16
218.0	12529	9	10	13255	8	1410	49	17
218.0	10381	8	9	13256	6	1421	589	17
218.0	11286	31	36	13257	25	1538	1772	12
218.0	9842	15	18	13258	12	989	1944	14
218.0	7108	39	44	13259	31	430	742	18
218.0	8039	25	23	13260	26	364	1999	15
218.0	11592	14	13	13261	15	1609	497	16
218.0	9306	23	30	13262	16	641	215	12
218.0	9182	11	12	13263	10	1637	1570	16
218.0	7684	19	17	13264	21	802	206	15
218.0	11360	10	8	13265	12	1638	769	19
218.0	9600	23	22	13266	22	1613	1676	16
218.0	8937	7	6	13267	7	1132	1648	13
218.0	10584	4	5	13268	2	1638	793	20
218.0	9361	15	13	13269	16	1559	1467	16
218.0	11359	3	2	13270	4	1411	572	20
218.0	9592	26	26	13271	25	1911	1530	17
218.0	11667	15	18	13272	12	378	1867	17
218.0	12664	4	1	13273	7	644	1904	16
218.0	11197	15	12	13274	17	1642	1157	18
218.0	11673	17	20	13275	13	1148	293	16
218.0	7696	31	30	13276	32	1337	1860	18
218.0	11678	6	8	13277	3	1273	166	13
219.0	9372	30	32	13278	28	991	1892	17
219.0	8461	0	0	13279	0	1753	839	18
219.0	7108	44	47	13280	40	430	742	19
219.0	7020	8	7	13281	7	1611	525	17
219.0	9171	10	10	13282	10	1066	1788	13
219.0	10590	16	15	13283	16	990	324	17
219.0	10961	28	28	13284	26	1668	224	15
219.0	10474	5	2	13285	7	492	1517	17
219.0	10517	18	17	13286	19	663	261	13
219.0	10922	10	7	13287	13	661	1547	15
219.0	11285	7	8	13288	6	1730	925	20
219.0	11647	19	17	13289	19	1331	1667	14
219.0	10472	11	11	13290	9	685	107	19
219.0	11180	16	18	13291	14	1144	0	16
219.0	11850	9	6	13292	12	1786	1107	15
219.0	12475	21	21	13293	21	360	913	14
219.0	10353	2	3	13294	0	1166	350	15
219.0	11975	12	11	13295	13	951	1918	16
219.0	7464	19	17	13296	21	1793	1003	15
219.0	10765	14	14	13297	14	1255	13	15
219.0	9723	12	13	13298	11	365	1881	17
219.0	10645	16	16	13299	16	185	610	14
219.0	10365	29	26	13300	30	313	771	17
219.0	7613	27	21	13301	30	1885	1999	17
219.0	10526	20	18	13302	20	430	351	17
219.0	9412	5	6	13303	4	1569	421	21
219.0	11035	12	9	13304	14	1694	1702	13
219.0	10236	6	3	13305	8	736	1912	16
219.0	11541	20	16	13306	24	1929	1968	14
219.0	11553	7	7	13307	6	679	420	15
219.0	8483	0	0	13308	0	1322	399	14
219.0	9310	13	14	13309	12	912	0	17
219.0	9933	21	18	13310	21	1314	1819	12
219.0	11152	4	3	13311	4	1693	852	19
219.0	8869	11	9	13312	12	809	257	20
219.0	11088	26	24	13313	24	342	475	14
219.0	8299	24	19	13314	28	1015	12	17
219.0	10308	20	21	13315	18	982	1759	16
219.0	8943	31	27	13316	32	1732	1999	17
219.0	8218	26	20	13317	31	708	1963	18
219.0	9839	13	12	13318	13	1319	153	13
219.0	11160	6	5	13319	7	1495	491	19
219.0	12529	10	4	13320	15	1410	49	18
219.0	8375	13	12	13321	14	1949	1213	15
219.0	10439	17	15	13322	18	964	1797	11
219.0	11110	19	23	13323	14	1796	930	15
219.0	8985	14	8	13324	20	1354	1752	15
219.0	11025	11	9	13325	12	739	283	16
219.0	9619	16	19	13326	13	1589	526	15
219.0	10644	13	6	13327	19	1283	1878	9
219.0	9835	20	23	13328	15	481	610	18
219.0	6997	3	3	13329	2	458	1609	13
219.0	9842	18	20	13330	15	989	1944	15
219.0	11217	23	24	13331	22	1491	169	13
219.0	7066	26	28	13332	24	1556	1710	18
219.0	9588	13	15	13333	10	42	1241	14
219.0	7454	6	7	13334	5	1700	1107	17
219.0	8799	19	18	13335	18	271	1017	22
219.0	10234	17	18	13336	16	1121	182	16
219.0	9078	8	10	13337	5	487	580	17
219.0	8176	25	25	13338	21	1667	48	15
219.0	11016	7	4	13339	10	389	1044	19
219.0	9495	18	13	13340	22	1487	393	16
219.0	10428	10	10	13341	10	651	1528	11
219.0	11513	22	23	13342	21	889	1836	23
219.0	11241	7	9	13343	5	864	119	15
219.0	9644	14	13	13344	15	799	1942	15
219.0	10580	12	10	13345	14	1729	1190	18
219.0	7799	43	44	13346	40	339	1353	16
219.0	10908	13	16	13347	10	1109	45	15
219.0	9747	12	16	13348	8	1094	162	15
219.0	11261	10	10	13349	10	1097	267	16
219.0	11137	22	14	13350	30	93	651	12
219.0	9351	17	15	13351	18	513	450	17
219.0	10543	11	7	13352	13	1444	83	14
219.0	10772	21	20	13353	19	1821	1334	12
219.0	11275	6	3	13354	9	663	1886	15
219.0	10849	9	11	13355	6	364	1951	14
219.0	10669	43	36	13356	47	420	1429	17
219.0	10334	16	16	13357	16	1245	230	15
219.0	9990	22	14	13358	30	1736	1282	15
219.0	11570	14	9	13359	17	1835	1879	16
219.0	9233	31	32	13360	29	225	1955	16
219.0	7783	16	16	13361	16	414	1879	18
219.0	8618	18	12	13362	21	1798	1223	17
219.0	7724	13	13	13363	12	1120	420	17
219.0	10854	15	13	13364	17	586	179	12
219.0	10786	12	16	13365	7	134	1359	17
219.0	11997	10	7	13366	12	520	345	17
219.0	9377	24	21	13367	26	1407	1767	12
219.0	11178	6	7	13368	4	1677	820	15
219.0	12113	17	17	13369	17	519	199	12
219.0	10676	34	36	13370	31	1738	1924	12
219.0	8313	10	11	13371	9	1268	1816	14
219.0	8812	20	16	13372	24	1037	1874	12
219.0	10242	14	17	13373	11	1763	992	17
219.0	10964	9	11	13374	7	1113	24	17
219.0	9938	15	15	13375	15	1147	447	17
219.0	13172	3	3	13376	3	1657	498	17
219.0	12457	30	28	13377	32	204	1971	20
219.0	10075	4	4	13378	3	805	1711	14
219.0	10949	11	10	13379	12	964	41	15
219.0	7990	18	15	13380	20	474	652	18
219.0	9814	15	17	13381	12	82	1088	18
219.0	11232	13	12	13382	14	1571	520	15
219.0	9461	11	7	13383	14	1376	49	17
219.0	9777	7	6	13384	8	1696	890	18
219.0	8678	43	44	13385	39	1942	1556	18
219.0	11185	14	14	13386	14	400	628	19
219.0	11665	10	5	13387	14	961	64	19
219.0	7124	29	29	13388	27	0	1188	17
219.0	11499	4	3	13389	5	1262	215	13
219.0	11242	24	23	13390	24	1865	1965	15
219.0	11530	9	5	13391	13	1590	1050	15
219.0	9311	23	23	13392	22	1334	242	15
219.0	10672	24	25	13393	21	1629	1646	18
219.0	10038	21	24	13394	16	183	1192	14
219.0	10089	8	12	13395	4	1730	758	17
219.0	6920	10	8	13396	12	820	146	13
219.0	10378	12	11	13397	12	1721	1506	16
219.0	11057	5	2	13398	7	628	1562	13
220.0	9647	9	13	13399	5	1969	1709	16
220.0	8069	13	13	13400	12	1241	1630	15
220.0	11618	19	15	13401	22	141	1044	16
220.0	10573	14	14	13402	12	876	380	19
220.0	6906	10	7	13403	12	1292	312	16
220.0	8714	21	15	13404	27	1052	1754	15
220.0	9377	21	15	13405	26	1407	1767	13
220.0	8081	27	30	13406	23	1697	1604	11
220.0	11055	17	18	13407	16	1943	1947	12
220.0	7066	28	28	13408	26	1556	1710	19
220.0	10981	22	24	13409	18	1717	848	18
220.0	9924	23	29	13410	16	341	569	18
220.0	12345	10	11	13411	9	202	949	17
220.0	10271	5	5	13412	5	502	1558	12
220.0	6953	19	23	13413	15	1366	1930	19
220.0	9925	19	11	13414	27	1459	1684	13
220.0	10028	19	21	13415	16	1450	710	13
220.0	7073	18	15	13416	21	891	276	18
220.0	10849	11	10	13417	10	364	1951	15
220.0	9839	12	13	13418	11	1332	140	14
220.0	8384	21	25	13419	17	502	1299	12
220.0	10425	2	2	13420	2	1589	491	16
220.0	12109	4	4	13421	4	737	1841	16
220.0	10308	21	24	13422	16	982	1759	17
220.0	10604	15	13	13423	15	380	1826	16
220.0	6885	11	11	13424	10	1480	1554	20
220.0	10662	28	20	13425	36	1938	1223	16
220.0	9561	12	10	13426	13	310	1036	19
220.0	9608	12	15	13427	8	1789	754	18
220.0	9842	20	17	13428	21	989	1944	16
220.0	8211	15	13	13429	17	320	1431	14
220.0	9709	17	24	13430	10	1297	185	13
220.0	10190	41	33	13431	46	368	1604	23
220.0	10062	50	48	13432	50	837	1842	17
220.0	11098	44	42	13433	41	891	1697	20
220.0	11031	29	28	13434	30	866	271	17
220.0	11722	26	26	13435	24	1952	1258	15
220.0	9535	11	14	13436	8	1530	1291	14
220.0	10343	48	44	13437	50	1541	1524	19
220.0	9499	13	13	13438	12	851	154	19
220.0	10130	10	11	13439	9	400	918	20
220.0	9657	24	21	13440	27	1894	1967	12
220.0	11777	7	6	13441	8	683	181	17
220.0	9309	19	17	13442	21	444	1060	16
220.0	11997	7	8	13443	6	520	345	18
220.0	11099	18	17	13444	17	253	1316	17
220.0	11198	30	25	13445	33	1107	1895	14
220.0	10255	4	4	13446	3	1522	421	19
220.0	8463	12	14	13447	10	1330	1568	19
220.0	8310	37	38	13448	34	1750	1894	15
220.0	11803	8	5	13449	11	1951	1897	14
220.0	10170	41	43	13450	35	40	1265	17
220.0	10702	18	14	13451	21	510	522	16
220.0	10283	20	22	13452	17	1313	1884	13
220.0	7257	28	25	13453	30	1722	1849	17
220.0	10899	9	12	13454	6	674	233	16
220.0	9466	23	25	13455	21	1917	971	13
220.0	11975	11	10	13456	11	951	1918	17
220.0	10742	8	8	13457	8	1191	1660	10
220.0	10412	8	6	13458	10	1202	372	13
220.0	7888	14	15	13459	13	1374	123	14
220.0	11423	9	10	13460	7	636	1940	16
220.0	7402	23	22	13461	23	1495	429	14
220.0	11421	4	3	13462	4	572	190	18
220.0	11588	31	28	13463	34	549	1903	17
220.0	10788	12	11	13464	13	1112	1699	16
220.0	12134	31	35	13465	24	404	403	15
220.0	11575	25	20	13466	30	1562	1736	18
220.0	10179	26	23	13467	26	480	1354	13
220.0	11036	13	18	13468	8	1389	699	15
220.0	11931	9	6	13469	11	431	1864	21
220.0	10566	12	11	13470	13	1778	809	12
220.0	10031	3	2	13471	2	812	1758	16
220.0	9047	11	9	13472	11	781	1830	18
220.0	9119	3	2	13473	4	1289	142	13
220.0	11831	51	47	13474	53	91	1766	17
220.0	10449	48	41	13475	54	200	1717	16
220.0	9595	44	38	13476	47	259	1371	21
220.0	12427	19	18	13477	18	1671	1819	15
220.0	10312	23	26	13478	19	1161	92	15
220.0	10006	47	46	13479	40	1727	1359	12
220.0	8522	15	17	13480	12	1242	1849	11
220.0	8178	24	25	13481	22	1432	1736	15
220.0	10344	20	16	13482	23	1892	1603	16
220.0	9593	5	7	13483	3	1077	40	16
220.0	8766	14	15	13484	12	1620	1484	21
220.0	12067	13	8	13485	18	1751	1069	17
220.0	11696	3	3	13486	2	1410	304	16
220.0	9901	4	4	13487	4	840	185	16
220.0	11707	5	5	13488	5	942	286	16
220.0	11405	37	35	13489	36	396	527	17
220.0	9619	19	21	13490	14	1589	526	16
220.0	7648	7	6	13491	6	657	1917	16
220.0	11349	20	21	13492	19	1866	1850	16
220.0	11767	2	2	13493	2	1710	1011	15
220.0	10613	24	27	13494	21	152	979	20
220.0	10089	12	12	13495	12	1730	758	18
220.0	11828	31	32	13496	30	1928	1546	12
220.0	11744	29	27	13497	31	971	276	16
220.0	10333	22	28	13498	16	1758	256	14
220.0	10058	29	25	13499	29	1853	1958	16
220.0	10007	11	15	13500	6	1680	1436	16
220.0	10682	52	54	13501	46	1337	1844	18
220.0	12536	25	21	13502	28	1599	629	16
220.0	12475	21	23	13503	18	360	913	15
220.0	8998	4	2	13504	5	707	1734	16
220.0	9904	25	27	13505	20	516	322	16
220.0	11747	11	9	13506	13	1751	1135	15
220.0	9156	21	25	13507	16	0	1069	21
220.0	7327	8	10	13508	6	1316	1777	10
220.0	12244	10	9	13509	10	1475	1679	12
220.0	10518	9	7	13510	10	1874	1196	19
220.0	10230	16	16	13511	15	263	892	19
220.0	9635	22	25	13512	19	1638	1734	12
220.0	9330	21	26	13513	15	599	104	19
220.0	10513	15	17	13514	12	750	270	12
220.0	10177	31	26	13515	35	1481	1937	12
220.0	9201	14	11	13516	17	569	1796	17
220.0	11269	4	5	13517	3	1510	1471	19
220.0	10105	12	6	13518	17	1451	1856	12
220.0	8943	27	30	13519	19	1732	1999	18
220.0	8492	2	2	13520	2	894	209	16
220.0	12281	48	55	13521	41	279	601	17
220.0	8510	20	20	13522	19	1040	1778	15
220.0	10959	8	9	13523	6	1070	78	15
220.0	10900	8	5	13524	10	758	288	12
220.0	11859	15	14	13525	15	1381	67	13
220.0	10526	18	15	13526	19	430	351	18
220.0	9150	17	15	13527	18	578	1932	16
220.0	9832	3	5	13528	1	464	382	16
220.0	11576	16	19	13529	13	1261	1759	11
220.0	10873	30	29	13530	30	1837	910	14
220.0	8885	3	4	13531	2	1611	423	19
220.0	11582	13	8	13532	18	335	1539	16
221.0	10726	6	5	13533	6	1099	1787	11
221.0	9894	7	8	13534	6	1641	530	13
221.0	10452	21	19	13535	23	741	245	11
221.0	11666	9	9	13536	9	1719	1208	14
221.0	12331	5	5	13537	5	430	372	15
221.0	7541	12	10	13538	14	1669	1213	17
221.0	10731	11	11	13539	11	754	1780	15
221.0	11791	7	7	13540	7	852	1758	14
221.0	7888	15	15	13541	13	1374	123	15
221.0	7185	11	12	13542	10	1184	179	14
221.0	9595	38	31	13543	45	259	1371	22
221.0	9763	11	13	13544	8	1852	1249	18
221.0	11214	19	19	13545	19	329	1058	20
221.0	11018	6	6	13546	4	484	290	16
221.0	9475	25	22	13547	28	980	237	16
221.0	10755	18	20	13548	14	448	1756	19
221.0	11126	17	14	13549	19	1559	689	14
221.0	7167	18	13	13550	21	1599	1350	16
221.0	11647	17	19	13551	13	1331	1667	15
221.0	12488	11	11	13552	11	1649	1761	18
221.0	9443	13	10	13553	16	435	1528	9
221.0	10885	12	10	13554	13	561	1927	14
221.0	10115	14	13	13555	14	1137	1971	17
221.0	10555	18	18	13556	17	852	1619	14
221.0	10742	8	4	13557	11	1191	1660	11
221.0	10296	44	43	13558	44	1999	145	15
221.0	9027	26	26	13559	25	673	1470	17
221.0	10343	44	40	13560	46	1541	1524	20
221.0	12184	14	12	13561	15	1632	1788	14
221.0	11985	26	24	13562	27	1890	1401	15
221.0	10070	19	17	13563	21	117	1112	15
221.0	10434	14	15	13564	13	366	878	16
221.0	7434	16	16	13565	15	480	137	17
221.0	11296	14	16	13566	12	1461	1944	15
221.0	10635	31	33	13567	28	488	1239	21
221.0	8943	30	25	13568	34	1732	1999	19
221.0	10352	31	33	13569	28	408	510	16
221.0	10598	21	21	13570	20	1974	1238	14
221.0	9681	23	21	13571	24	1644	1861	11
221.0	9565	9	7	13572	11	890	1743	14
221.0	11828	32	23	13573	39	1928	1546	13
221.0	12293	31	33	13574	29	1317	1986	19
221.0	10060	3	3	13575	2	739	1873	11
221.0	9716	42	44	13576	39	475	259	14
221.0	10625	24	22	13577	25	1287	1897	11
221.0	8564	9	8	13578	10	478	1813	21
221.0	8712	20	22	13579	15	420	500	15
221.0	10526	15	17	13580	13	430	351	19
221.0	11295	5	6	13581	3	1594	461	19
221.0	9501	14	13	13582	13	1629	1238	15
221.0	11349	21	20	13583	21	1866	1850	17
221.0	10792	8	9	13584	6	1580	1821	13
221.0	10558	11	10	13585	12	1668	1110	13
221.0	8587	11	8	13586	14	1623	1020	16
221.0	9647	13	12	13587	14	1969	1709	17
221.0	10123	18	19	13588	16	1715	1964	14
221.0	11975	10	10	13589	9	951	1918	18
221.0	12492	29	26	13590	30	1853	1919	16
221.0	11575	20	20	13591	19	1562	1736	19
221.0	9785	14	12	13592	16	1413	99	15
221.0	9453	12	15	13593	9	604	1803	13
221.0	10315	18	18	13594	18	578	331	19
221.0	10691	8	9	13595	7	623	1845	11
221.0	7443	41	38	13596	42	1543	1502	19
221.0	8866	28	21	13597	32	22	1999	25
221.0	11325	23	20	13598	25	418	1009	19
221.0	10582	10	9	13599	11	477	1792	20
221.0	10958	36	31	13600	41	1616	1503	14
221.0	9676	18	18	13601	18	1919	1837	13
221.0	7181	14	12	13602	16	1923	993	14
221.0	10387	5	5	13603	5	570	486	17
221.0	10658	17	20	13604	14	1052	1977	16
221.0	10058	25	30	13605	20	1853	1958	17
221.0	10370	11	9	13606	12	1002	1738	18
221.0	10493	10	13	13607	7	1022	340	17
221.0	8900	25	24	13608	24	366	468	12
221.0	8656	13	20	13609	5	1679	1307	15
221.0	9351	15	16	13610	14	500	437	18
221.0	11178	7	8	13611	6	1677	820	16
221.0	10458	8	5	13612	10	583	1850	19
221.0	11260	21	21	13613	20	379	0	17
221.0	9755	34	27	13614	41	493	1867	19
221.0	12107	57	49	13615	51	587	1971	16
221.0	11839	7	8	13616	5	1699	791	17
221.0	10238	54	53	13617	47	1561	1450	17
221.0	9821	9	9	13618	9	1260	326	13
221.0	7836	41	42	13619	36	605	1999	18
221.0	9315	18	17	13620	18	1588	1613	16
221.0	9927	25	23	13621	26	1968	1492	15
221.0	10650	13	17	13622	8	1672	1161	16
221.0	11692	27	29	13623	24	962	1738	13
221.0	11100	12	12	13624	12	1303	18	15
221.0	9416	6	8	13625	4	1663	988	16
221.0	9281	16	14	13626	18	919	1649	22
221.0	10308	24	23	13627	24	982	1759	18
221.0	9069	5	4	13628	4	732	1792	16
221.0	10003	6	8	13629	4	1282	307	13
221.0	12421	17	23	13630	10	173	896	16
221.0	12853	29	32	13631	25	1667	1667	17
221.0	10945	17	21	13632	10	1504	1793	10
221.0	8926	12	12	13633	12	1783	1411	12
221.0	8462	18	19	13634	15	1485	1630	15
221.0	9448	26	26	13635	25	491	1200	18
221.0	10780	11	15	13636	7	668	285	16
221.0	11867	15	13	13637	16	1231	220	17
221.0	10131	15	15	13638	14	1824	1114	16
221.0	10855	14	8	13639	18	443	1911	20
221.0	11443	23	24	13640	22	1060	1852	18
221.0	10890	35	38	13641	29	1270	1881	14
221.0	10981	24	26	13642	21	1717	848	19
221.0	8081	30	32	13643	26	1697	1604	12
221.0	10177	26	24	13644	27	1481	1937	13
221.0	7881	13	14	13645	10	1049	1680	12
221.0	9961	7	7	13646	6	922	132	17
221.0	7387	12	13	13647	9	718	318	14
221.0	7728	11	11	13648	10	1800	1167	18
222.0	8800	32	30	13649	33	1938	1319	12
222.0	8527	40	32	13650	48	39	1999	18
222.0	8856	14	9	13651	18	1804	892	14
222.0	9191	21	19	13652	22	1999	912	16
222.0	8194	19	15	13653	22	1507	1698	17
222.0	12235	11	12	13654	10	1431	1969	16
222.0	7662	26	33	13655	17	1913	1893	15
222.0	8444	16	17	13656	13	1657	669	17
222.0	7583	8	7	13657	9	1019	135	17
222.0	12431	45	48	13658	42	1912	1444	19
222.0	11151	27	26	13659	28	0	596	14
222.0	12027	37	39	13660	32	1823	1999	15
222.0	11285	8	6	13661	9	1740	935	21
222.0	11700	23	23	13662	22	59	771	12
222.0	8178	25	24	13663	24	1432	1736	16
222.0	9716	44	47	13664	40	475	259	15
222.0	11299	13	11	13665	14	630	399	18
222.0	8824	8	8	13666	7	1662	912	20
222.0	12348	42	47	13667	37	390	1146	17
222.0	8607	7	3	13668	11	1362	257	14
222.0	8839	18	18	13669	18	1392	314	16
222.0	9630	26	26	13670	25	1087	1867	12
222.0	11979	11	11	13671	11	765	1861	15
222.0	10846	16	11	13672	20	1702	870	16
222.0	10023	18	16	13673	17	1787	912	19
222.0	9273	7	8	13674	6	829	0	14
222.0	11859	14	14	13675	14	1396	82	14
222.0	9815	14	11	13676	17	613	279	20
222.0	11647	19	14	13677	24	1331	1667	16
222.0	10335	9	9	13678	7	652	1736	13
222.0	8885	4	2	13679	6	1611	423	20
222.0	11068	6	5	13680	7	452	601	20
222.0	12331	5	4	13681	5	430	372	16
222.0	9883	32	34	13682	30	418	473	16
222.0	10801	22	23	13683	20	1026	1988	16
222.0	6882	12	12	13684	11	721	1748	16
222.0	10591	43	43	13685	39	611	1947	16
222.0	12585	9	9	13686	9	1153	261	17
222.0	11808	26	25	13687	26	1455	1962	13
222.0	8369	35	37	13688	32	814	1974	15
222.0	7843	3	3	13689	3	869	1734	15
222.0	10099	23	24	13690	22	1267	1794	14
222.0	11561	35	33	13691	36	514	1611	15
222.0	10995	21	25	13692	17	1570	1791	14
222.0	10279	19	17	13693	21	1647	1431	17
222.0	9407	6	3	13694	9	988	83	15
222.0	10627	11	12	13695	8	977	1980	15
222.0	9673	21	20	13696	19	1028	1770	11
222.0	10331	27	28	13697	26	1381	1549	17
222.0	9443	10	7	13698	13	435	1528	10
222.0	10158	10	9	13699	11	627	1977	15
222.0	9298	14	16	13700	12	182	789	18
222.0	12789	21	18	13701	21	1750	1162	16
222.0	10859	28	28	13702	27	122	476	14
222.0	10115	13	17	13703	8	1137	1971	18
222.0	10554	22	18	13704	26	1736	394	16
222.0	12041	0	0	13705	0	1602	790	21
222.0	9281	14	14	13706	14	919	1649	23
222.0	10758	25	23	13707	27	1207	92	17
222.0	8667	29	26	13708	31	1456	1989	13
222.0	10429	2	1	13709	3	853	310	17
222.0	10776	23	20	13710	26	181	1381	18
222.0	7881	14	11	13711	14	1049	1680	13
222.0	8039	23	23	13712	21	364	1999	16
222.0	12208	15	18	13713	12	796	1869	13
222.0	8564	8	11	13714	5	478	1813	22
222.0	11814	10	11	13715	8	1259	308	13
222.0	10101	19	16	13716	22	499	1380	13
222.0	7733	14	11	13717	16	1600	1510	19
222.0	10657	17	11	13718	23	1304	81	17
222.0	8358	12	13	13719	11	601	500	16
222.0	10780	15	12	13720	18	668	285	17
222.0	10767	26	27	13721	23	1725	1563	11
222.0	9506	16	15	13722	17	116	527	16
222.0	9265	8	8	13723	8	1714	718	16
222.0	12689	12	13	13724	10	400	1342	15
222.0	8898	27	25	13725	28	1442	0	13
222.0	9904	27	26	13726	27	516	322	17
222.0	11867	13	13	13727	12	1231	220	18
222.0	12448	27	25	13728	27	182	823	17
222.0	9737	10	9	13729	11	1560	606	12
222.0	10302	13	13	13730	11	557	1488	13
222.0	10866	8	11	13731	5	681	1581	13
222.0	11267	14	10	13732	13	472	280	11
222.0	8203	24	28	13733	20	312	1947	21
222.0	9702	9	9	13734	8	1829	1055	17
222.0	7682	28	26	13735	27	1528	670	15
222.0	9552	40	30	13736	48	676	1697	18
222.0	8793	9	9	13737	8	1155	190	15
222.0	12054	3	3	13738	3	1226	191	16
222.0	11430	8	7	13739	8	1653	809	16
222.0	11216	6	6	13740	6	793	133	15
222.0	9026	8	6	13741	10	1762	1119	16
222.0	12227	17	11	13742	22	1805	1107	16
222.0	10675	39	33	13743	40	59	1940	18
222.0	9785	12	8	13744	16	1426	112	16
222.0	10619	3	4	13745	2	1444	1823	17
222.0	11011	8	8	13746	8	1039	59	14
222.0	10844	20	25	13747	13	260	1158	16
222.0	11335	9	8	13748	10	1816	1183	17
222.0	10814	21	19	13749	22	599	131	12
222.0	8462	19	14	13750	21	1485	1630	16
222.0	10272	28	34	13751	20	1477	1840	14
222.0	11293	15	19	13752	11	299	859	17
222.0	11997	8	12	13753	4	520	345	19
222.0	10534	22	24	13754	18	416	214	15
222.0	11548	34	30	13755	33	1615	1629	14
222.0	10721	10	13	13756	6	339	1562	14
222.0	11130	26	30	13757	21	1861	1989	14
222.0	11734	32	33	13758	31	1984	977	14
222.0	11214	19	13	13759	23	329	1058	21
222.0	9828	5	1	13760	9	1629	1984	13
222.0	10850	22	18	13761	23	1360	93	16
222.0	10979	27	24	13762	28	1518	1602	15
222.0	11087	37	34	13763	38	584	1649	19
223.0	10768	17	15	13764	18	379	1026	15
223.0	9673	20	18	13765	21	1028	1770	12
223.0	9090	8	7	13766	9	703	197	19
223.0	10297	33	32	13767	34	377	709	14
223.0	9932	11	10	13768	11	1400	1799	17
223.0	11941	29	29	13769	28	19	1889	24
223.0	8163	10	12	13770	8	1463	160	15
223.0	8772	27	23	13771	30	328	995	16
223.0	9894	8	10	13772	6	1641	530	14
223.0	12448	25	26	13773	24	182	823	18
223.0	11202	21	19	13774	23	498	1331	14
223.0	9883	34	33	13775	35	418	473	17
223.0	8841	5	5	13776	5	461	1831	21
223.0	12208	18	16	13777	19	796	1869	14
223.0	9367	18	19	13778	16	603	1727	19
223.0	7429	39	36	13779	40	287	1900	18
223.0	10871	32	29	13780	35	1147	1851	19
223.0	9637	21	24	13781	17	839	1692	21
223.0	9038	48	46	13782	46	328	1173	17
223.0	12037	22	23	13783	20	1772	793	17
223.0	11922	36	32	13784	38	1037	1738	16
223.0	9947	7	7	13785	7	433	229	17
223.0	10734	3	2	13786	4	1594	382	17
223.0	8155	20	22	13787	16	1494	246	16
223.0	12559	15	11	13788	19	486	1901	18
223.0	10708	23	27	13789	16	1567	1887	15
223.0	10159	16	17	13790	14	1321	158	17
223.0	11725	15	18	13791	11	1277	1947	12
223.0	9917	21	22	13792	20	1915	902	18
223.0	10721	13	18	13793	8	339	1562	15
223.0	12015	8	6	13794	10	1121	206	16
223.0	11909	37	34	13795	38	1482	1799	15
223.0	10744	14	14	13796	13	1049	252	14
223.0	9096	19	16	13797	22	1999	1912	13
223.0	11564	8	8	13798	8	978	1881	15
223.0	10031	2	2	13799	2	812	1758	17
223.0	7579	20	16	13800	23	566	1521	16
223.0	8939	24	21	13801	27	1851	1060	14
223.0	8367	28	24	13802	31	1798	1309	15
223.0	9181	23	23	13803	21	264	529	13
223.0	12113	17	20	13804	13	502	149	13
223.0	11091	14	11	13805	17	47	1035	22
223.0	8656	20	21	13806	19	1679	1307	16
223.0	9814	17	12	13807	22	118	1124	19
223.0	9556	30	30	13808	30	1301	1713	16
223.0	10606	17	19	13809	15	1788	1919	12
223.0	10115	17	15	13810	19	1137	1971	19
223.0	7662	33	29	13811	34	1913	1893	16
223.0	10128	27	20	13812	33	239	1562	21
223.0	8544	16	20	13813	11	1723	1828	16
223.0	12204	13	11	13814	15	1072	197	14
223.0	11351	21	16	13815	23	410	658	16
223.0	11151	26	25	13816	26	0	596	15
223.0	11156	9	10	13817	8	1709	1255	16
223.0	9398	14	14	13818	14	1488	1440	13
223.0	12313	17	13	13819	18	1022	1836	22
223.0	7730	12	14	13820	9	609	1581	14
223.0	11214	13	13	13821	13	329	1058	22
223.0	7583	7	9	13822	5	1019	135	18
223.0	10002	12	11	13823	13	1792	777	15
223.0	11117	9	9	13824	8	1199	40	15
223.0	8375	12	14	13825	9	1964	1198	16
223.0	11572	16	20	13826	12	1128	1823	19
223.0	10950	25	18	13827	31	1694	1766	13
223.0	8177	9	11	13828	7	686	280	17
223.0	11149	0	0	13829	0	767	102	18
223.0	9273	8	2	13830	13	829	0	15
223.0	10623	10	7	13831	11	894	0	16
223.0	9506	15	12	13832	18	116	527	17
223.0	6882	12	16	13833	8	721	1748	17
223.0	10491	41	39	13834	40	234	1001	17
223.0	9771	18	12	13835	23	1781	1291	16
223.0	9199	6	4	13836	6	497	219	17
223.0	7260	10	9	13837	10	750	302	12
223.0	12067	8	10	13838	6	1751	1069	18
223.0	10023	16	12	13839	19	1787	912	20
223.0	12041	0	0	13840	0	1602	790	22
223.0	11926	14	8	13841	19	640	1839	16
223.0	6892	6	6	13842	6	268	1126	21
223.0	11681	46	47	13843	44	162	1969	15
223.0	8635	30	18	13844	39	1227	1680	12
223.0	8898	25	21	13845	28	1442	0	14
223.0	9193	10	8	13846	12	1439	438	15
223.0	10782	17	15	13847	19	1090	1690	11
223.0	11636	21	19	13848	23	685	201	20
223.0	8983	30	24	13849	33	1999	208	15
223.0	11723	6	4	13850	7	882	112	15
223.0	12163	18	22	13851	14	163	1119	13
223.0	11231	12	9	13852	15	570	1820	18
223.0	11736	24	21	13853	24	626	106	13
223.0	10429	1	2	13854	0	853	310	18
223.0	12004	14	10	13855	18	552	1839	13
223.0	10921	18	16	13856	19	1679	303	17
223.0	10554	18	23	13857	12	1736	394	17
223.0	9443	7	11	13858	3	435	1528	11
223.0	10184	17	16	13859	16	1344	300	17
223.0	7252	12	15	13860	8	159	1301	19
223.0	11170	18	25	13861	10	1390	1660	9
223.0	10476	19	11	13862	25	817	107	14
223.0	10979	24	18	13863	30	1518	1602	16
223.0	9825	37	47	13864	25	1176	1938	21
223.0	9275	14	9	13865	18	1690	662	18
223.0	9259	3	0	13866	5	1236	311	15
223.0	9069	4	4	13867	4	719	1779	17
223.0	10755	20	17	13868	22	448	1756	20
223.0	12282	36	36	13869	32	374	901	16
223.0	10754	49	42	13870	52	16	1172	16
223.0	9319	19	21	13871	17	1838	1023	14
223.0	9699	10	6	13872	14	229	952	17
223.0	10300	11	10	13873	11	1999	1810	17
223.0	11749	20	21	13874	19	1450	444	14
223.0	12180	28	24	13875	29	1738	1769	13
223.0	12406	13	9	13876	16	1382	1693	14
223.0	12395	18	20	13877	15	401	1781	19
223.0	10244	20	19	13878	20	976	1866	15
223.0	11377	14	12	13879	14	587	1451	14
223.0	7160	13	12	13880	13	1940	1836	19
223.0	10252	8	7	13881	9	1692	1033	15
223.0	12118	18	13	13882	22	75	970	17
223.0	11783	23	24	13883	21	1382	398	14
223.0	8633	19	19	13884	16	1494	1858	16
223.0	8020	1	1	13885	1	1554	358	19
223.0	11484	4	2	13886	6	647	1977	15
223.0	7611	19	15	13887	23	1976	1966	17
223.0	9504	3	4	13888	2	982	101	15
223.0	10555	18	17	13889	18	852	1619	15
223.0	10992	9	9	13890	9	1354	391	14
223.0	9608	15	13	13891	16	1789	754	19
224.0	10170	43	41	13892	43	40	1265	18
224.0	11465	6	6	13893	6	465	243	16
224.0	10061	7	7	13894	6	1229	1809	10
224.0	10986	30	28	13895	32	1666	1690	14
224.0	11918	27	20	13896	33	711	1720	17
224.0	10473	36	33	13897	35	609	1696	17
224.0	11333	11	11	13898	9	767	178	15
224.0	8947	22	22	13899	21	1094	218	15
224.0	10810	22	15	13900	25	1272	57	18
224.0	9814	12	8	13901	14	118	1124	20
224.0	11107	20	18	13902	19	1331	1819	11
224.0	8656	21	24	13903	18	1679	1307	17
224.0	9349	24	26	13904	22	59	694	14
224.0	8367	24	24	13905	24	1798	1309	16
224.0	11739	9	4	13906	12	1640	1208	14
224.0	8462	14	11	13907	17	1485	1630	17
224.0	9650	37	32	13908	40	397	1403	17
224.0	11259	27	20	13909	33	1142	1757	18
224.0	11212	23	25	13910	21	943	230	14
224.0	10784	37	37	13911	35	1626	1966	13
224.0	10109	25	19	13912	31	541	1437	15
224.0	11135	7	7	13913	7	1647	461	18
224.0	10583	13	12	13914	14	1424	0	14
224.0	11688	16	19	13915	13	478	1713	20
224.0	10445	10	11	13916	8	331	1909	19
224.0	10492	6	3	13917	9	920	268	14
224.0	11389	4	5	13918	2	308	1552	15
224.0	13211	42	43	13919	40	1675	1896	18
224.0	11542	42	35	13920	48	56	1999	18
224.0	8720	34	32	13921	35	132	415	15
224.0	8876	9	13	13922	5	268	731	16
224.0	10515	20	19	13923	21	1782	1086	13
224.0	8729	10	11	13924	9	1896	1796	11
224.0	6936	21	24	13925	17	1019	1956	15
224.0	11221	25	22	13926	27	259	909	18
224.0	11900	16	14	13927	18	1432	134	14
224.0	12067	10	10	13928	9	1751	1069	19
224.0	7696	30	31	13929	26	1337	1860	19
224.0	7596	13	10	13930	15	1519	1977	15
224.0	11922	32	38	13931	26	1037	1738	17
224.0	12154	8	9	13932	7	813	1806	13
224.0	10191	34	34	13933	33	1440	454	13
224.0	11715	26	23	13934	29	1922	1334	11
224.0	10826	25	28	13935	22	1786	953	13
224.0	11632	9	9	13936	8	698	1764	11
224.0	12950	9	10	13937	8	1582	284	19
224.0	12555	16	19	13938	13	1100	1732	14
224.0	12118	13	10	13939	15	75	970	18
224.0	9861	25	25	13940	25	1682	623	15
224.0	12871	27	26	13941	27	1658	827	18
224.0	10903	28	32	13942	21	280	1408	17
224.0	10619	4	4	13943	4	1444	1823	18
224.0	7579	16	11	13944	20	566	1521	17
224.0	11681	47	42	13945	49	162	1969	16
224.0	9947	7	10	13946	4	433	229	18
224.0	11124	32	27	13947	37	469	1283	14
224.0	10949	10	14	13948	5	964	41	16
224.0	9563	2	0	13949	4	805	52	16
224.0	10928	32	28	13950	34	789	1854	16
224.0	8460	35	30	13951	37	1649	1977	11
224.0	12159	28	21	13952	33	1179	1863	13
224.0	12585	9	5	13953	13	1153	261	18
224.0	11727	35	34	13954	32	773	1987	14
224.0	10771	14	9	13955	19	52	291	14
224.0	8176	25	27	13956	23	1667	48	16
224.0	11074	9	11	13957	6	319	706	17
224.0	11458	10	10	13958	9	1673	1280	13
224.0	9837	21	13	13959	28	964	91	15
224.0	11402	21	22	13960	20	41	1213	13
224.0	12149	12	12	13961	12	343	598	13
224.0	9707	12	15	13962	9	1698	1273	15
224.0	10742	4	5	13963	3	1191	1660	12
224.0	10422	6	6	13964	5	1320	1839	12
224.0	12407	26	26	13965	26	1815	1899	14
224.0	11493	12	9	13966	15	808	157	18
224.0	9372	32	34	13967	29	991	1892	18
224.0	10320	16	18	13968	13	1978	1025	13
224.0	10871	29	32	13969	24	1147	1851	20
224.0	8334	8	10	13970	5	1302	27	16
224.0	10698	15	15	13971	14	1681	1116	16
224.0	10296	43	47	13972	36	1999	145	16
224.0	9248	5	5	13973	5	1482	470	20
224.0	9319	21	16	13974	23	1838	1023	15
224.0	10709	17	21	13975	12	1232	1726	13
224.0	9883	33	32	13976	30	418	473	18
224.0	10382	5	7	13977	3	1643	1952	14
224.0	9150	15	16	13978	14	578	1932	17
224.0	11213	30	19	13979	40	1676	1872	13
224.0	11655	14	12	13980	14	1582	680	13
224.0	7662	29	31	13981	26	1913	1893	17
224.0	10334	16	13	13982	19	1265	250	16
224.0	8310	38	35	13983	40	1750	1872	16
224.0	12747	33	30	13984	36	233	1360	18
224.0	7046	0	0	13985	0	1616	838	20
224.0	9937	35	29	13986	40	271	1280	18
224.0	12427	18	16	13987	20	1671	1819	16
224.0	9096	16	15	13988	16	1999	1912	14
224.0	11114	22	24	13989	18	1340	1613	17
224.0	11582	8	7	13990	8	335	1539	17
224.0	9771	12	10	13991	14	1781	1291	17
224.0	10632	15	12	13992	18	62	1155	15
224.0	9971	15	20	13993	8	1561	1869	10
224.0	11256	9	8	13994	10	908	1761	14
224.0	11968	12	12	13995	12	46	1155	14
224.0	11816	10	11	13996	9	1881	1235	16
224.0	9593	7	7	13997	7	1077	40	17
224.0	11248	15	13	13998	16	1651	311	17
224.0	11399	9	8	13999	10	754	1780	16
224.0	11232	12	15	14000	8	1571	520	16
224.0	10868	10	7	14001	12	1541	547	16
224.0	9873	7	9	14002	5	1030	233	14
224.0	9474	12	10	14003	14	1905	1219	13
224.0	10469	11	13	14004	9	1215	1818	12
224.0	10790	53	53	14005	47	247	1807	18
224.0	10299	26	23	14006	28	1775	1823	13
224.0	7684	17	15	14007	18	802	187	16
224.0	9296	25	22	14008	26	596	1743	16
224.0	10250	20	21	14009	17	667	131	14
224.0	12180	24	22	14010	23	1738	1769	14
224.0	8182	12	12	14011	11	443	1704	17
224.0	7921	44	46	14012	41	500	1998	19
224.0	11030	14	13	14013	15	469	337	15
224.0	13044	25	24	14014	24	1405	259	19
224.0	8419	6	6	14015	6	794	68	13
224.0	13101	20	23	14016	17	980	221	16
224.0	10247	18	22	14017	14	208	912	16
224.0	10124	12	11	14018	12	1603	1539	19
224.0	9311	23	22	14019	24	1334	242	16
224.0	11605	4	3	14020	5	1669	388	18
224.0	7429	36	40	14021	30	287	1900	19
224.0	10083	31	38	14022	23	1686	1419	14
225.0	8978	37	39	14023	33	292	860	20
225.0	8021	15	15	14024	12	1194	1771	14
225.0	11958	21	19	14025	20	601	151	20
225.0	9646	14	19	14026	9	1259	368	19
225.0	9641	3	3	14027	3	1522	568	17
225.0	11758	5	6	14028	4	692	254	12
225.0	12888	2	3	14029	1	561	406	18
225.0	11530	5	1	14030	8	1590	1050	16
225.0	8786	4	5	14031	3	560	442	17
225.0	11762	21	26	14032	16	1724	1071	19
225.0	6906	7	7	14033	7	1304	300	17
225.0	8926	12	13	14034	11	1783	1411	13
225.0	10006	46	45	14035	46	1727	1359	13
225.0	10495	12	15	14036	9	1597	729	14
225.0	9393	22	22	14037	21	141	1089	12
225.0	12448	26	29	14038	23	182	823	19
225.0	10854	13	15	14039	11	586	179	13
225.0	11318	20	20	14040	19	912	235	18
225.0	10453	9	9	14041	8	454	528	20
225.0	9716	47	44	14042	48	475	259	16
225.0	10219	24	21	14043	26	158	118	16
225.0	12990	16	16	14044	16	398	1918	15
225.0	10716	14	14	14045	13	1435	241	17
225.0	10814	19	23	14046	14	599	131	13
225.0	10762	1	1	14047	1	1804	980	21
225.0	7343	9	9	14048	9	1868	1708	14
225.0	9951	15	12	14049	17	870	1819	14
225.0	10250	21	20	14050	22	667	131	15
225.0	10397	13	16	14051	10	861	32	16
225.0	10997	26	29	14052	22	1168	1812	13
225.0	7100	16	16	14053	16	1016	1999	17
225.0	10968	8	9	14054	7	1501	1740	17
225.0	10233	23	27	14055	16	270	431	16
225.0	9762	16	11	14056	20	1105	97	13
225.0	10960	20	19	14057	20	292	568	13
225.0	10051	12	12	14058	12	430	49	15
225.0	9633	12	11	14059	13	1044	41	14
225.0	10102	16	13	14060	19	979	1781	16
225.0	12677	30	25	14061	33	43	1957	18
225.0	10497	14	14	14062	14	720	1908	15
225.0	11280	24	20	14063	27	1686	350	14
225.0	12960	16	13	14064	19	508	1469	15
225.0	12581	5	6	14065	4	1676	941	21
225.0	10807	11	12	14066	10	1347	226	16
225.0	9116	10	13	14067	5	1260	1864	12
225.0	9883	32	31	14068	30	418	473	19
225.0	9372	34	37	14069	27	991	1892	19
225.0	10220	15	14	14070	16	1910	1779	16
225.0	9687	27	23	14071	30	1534	1680	11
225.0	10925	19	16	14072	22	400	1955	20
225.0	10319	29	33	14073	23	289	913	20
225.0	7064	9	6	14074	9	1409	609	21
225.0	8369	37	31	14075	42	821	1987	16
225.0	10311	10	12	14076	8	723	1827	14
225.0	8553	9	11	14077	7	645	173	19
225.0	9727	32	23	14078	38	499	1446	12
225.0	10677	14	9	14079	18	1605	1748	15
225.0	9266	19	18	14080	20	1897	1171	17
225.0	11490	24	23	14081	25	448	1441	11
225.0	8182	12	16	14082	8	443	1704	18
225.0	10170	41	41	14083	40	40	1265	19
225.0	11860	4	7	14084	1	1334	53	17
225.0	8752	8	7	14085	9	465	481	16
225.0	9277	22	19	14086	23	385	678	16
225.0	10055	20	17	14087	21	1374	359	14
225.0	9667	21	20	14088	22	1848	1080	17
225.0	7889	6	8	14089	4	1715	968	18
225.0	12671	20	20	14090	20	290	820	19
225.0	12020	18	15	14091	20	1914	1391	13
225.0	10486	34	35	14092	32	3	1681	17
225.0	9971	20	23	14093	15	1561	1869	11
225.0	7662	31	30	14094	31	1913	1893	18
225.0	13044	24	20	14095	26	1405	259	20
225.0	7734	16	13	14096	19	1712	1142	18
225.0	11421	3	3	14097	3	549	190	19
225.0	7360	48	41	14098	54	1697	1378	13
225.0	12039	19	22	14099	14	409	292	14
225.0	12346	19	15	14100	22	755	1877	16
225.0	8367	24	20	14101	27	1811	1322	17
225.0	10963	20	21	14102	18	439	116	16
225.0	11754	41	50	14103	30	737	1682	16
225.0	10103	22	18	14104	25	1733	1745	13
225.0	12822	3	5	14105	1	1450	518	17
225.0	8211	13	12	14106	13	320	1431	15
225.0	11407	28	21	14107	31	286	653	16
225.0	11681	42	45	14108	37	162	1969	17
225.0	11182	21	21	14109	21	1962	1069	13
225.0	13675	14	14	14110	12	1409	95	15
225.0	9745	33	35	14111	28	425	1391	14
225.0	8384	25	25	14112	20	502	1299	13
225.0	12061	26	25	14113	26	538	1678	21
225.0	11058	29	21	14114	36	1999	416	15
225.0	8176	27	31	14115	18	1667	48	17
225.0	10189	49	50	14116	43	338	533	18
225.0	10296	47	51	14117	40	1999	145	17
225.0	9305	49	48	14118	46	70	1766	17
225.0	9452	20	17	14119	20	1621	1827	13
225.0	9465	8	9	14120	6	749	211	18
225.0	12235	12	17	14121	7	1431	1969	17
225.0	13083	39	45	14122	31	304	1719	16
225.0	10210	29	28	14123	29	1520	1644	13
225.0	12188	16	19	14124	13	1439	348	16
225.0	8587	8	8	14125	7	1623	1020	17
225.0	10831	20	21	14126	19	420	1841	17
225.0	8875	17	15	14127	18	69	925	19
225.0	10277	28	27	14128	29	1429	1683	17
225.0	12471	26	21	14129	31	1601	1579	17
225.0	12187	34	32	14130	34	729	1690	18
225.0	10655	36	34	14131	36	1590	1772	15
225.0	12311	31	27	14132	35	1726	640	15
225.0	8143	26	24	14133	26	372	752	19
225.0	11495	30	22	14134	38	353	277	15
225.0	9737	9	12	14135	5	1560	606	13
225.0	10078	20	20	14136	17	1840	1858	13
225.0	7163	4	5	14137	3	1554	821	17
225.0	10543	7	5	14138	9	1481	78	15
225.0	10767	27	26	14139	25	1725	1563	12
225.0	9592	26	28	14140	23	1898	1517	18
225.0	11618	15	12	14141	18	141	1044	17
225.0	10816	9	6	14142	11	592	1692	13
225.0	12134	35	32	14143	37	372	389	16
225.0	11582	7	8	14144	5	335	1539	18
225.0	10722	26	22	14145	30	1769	333	14
225.0	11024	9	8	14146	10	612	1521	13
225.0	11043	10	6	14147	14	448	1869	17
225.0	9298	16	12	14148	19	182	789	19
225.0	8422	6	4	14149	8	1592	1671	13
225.0	10518	7	6	14150	8	1874	1196	20
225.0	10504	2	3	14151	1	1019	215	14
226.0	9495	13	16	14152	10	1500	350	17
226.0	10466	22	24	14153	20	1271	86	16
226.0	13891	16	21	14154	11	1830	702	20
226.0	9781	19	17	14155	21	433	1954	16
226.0	11902	5	3	14156	7	860	143	16
226.0	12677	25	25	14157	24	43	1957	19
226.0	10829	22	18	14158	26	630	216	16
226.0	11671	17	19	14159	13	1719	1056	18
226.0	11406	21	22	14160	19	397	1677	15
226.0	11077	18	17	14161	17	539	1409	14
226.0	10674	10	8	14162	11	511	1793	21
226.0	10352	33	30	14163	33	387	527	17
226.0	9231	32	28	14164	36	1664	1632	15
226.0	12823	30	33	14165	25	1687	1660	16
226.0	12296	26	25	14166	27	207	470	14
226.0	7734	13	16	14167	8	1712	1142	19
226.0	8461	0	0	14168	0	1753	839	19
226.0	13802	31	31	14169	30	1837	1367	16
226.0	10430	4	4	14170	4	1221	150	17
226.0	10756	7	3	14171	11	1650	1224	15
226.0	9156	25	17	14172	31	0	1069	22
226.0	9878	25	21	14173	27	179	1164	14
226.0	11054	22	20	14174	21	1803	1431	17
226.0	10814	23	17	14175	27	586	118	14
226.0	11437	7	9	14176	5	1380	38	15
226.0	10659	28	28	14177	27	1913	1962	18
226.0	7123	9	11	14178	7	349	1539	16
226.0	12276	19	19	14179	18	570	82	15
226.0	11087	34	35	14180	29	584	1649	20
226.0	11639	16	15	14181	16	1721	1454	15
226.0	13094	16	16	14182	16	1898	1039	15
226.0	10996	13	11	14183	14	30	1738	15
226.0	10447	22	25	14184	19	49	1423	17
226.0	9305	48	53	14185	42	70	1766	18
226.0	7816	25	31	14186	17	459	870	15
226.0	8637	48	40	14187	53	96	1433	19
226.0	10997	29	33	14188	24	1168	1812	14
226.0	10131	15	11	14189	17	1837	1127	17
226.0	10497	14	13	14190	15	720	1908	16
226.0	10495	15	14	14191	16	1597	729	15
226.0	10815	19	17	14192	21	499	284	14
226.0	11261	10	12	14193	8	1097	267	17
226.0	11899	18	21	14194	14	502	649	17
226.0	8609	32	39	14195	25	21	1284	17
226.0	11010	33	38	14196	27	251	341	14
226.0	10104	16	18	14197	14	1546	1861	15
226.0	12799	9	8	14198	10	1372	68	16
226.0	10676	36	35	14199	35	1738	1924	13
226.0	7758	20	22	14200	18	1614	157	16
226.0	9395	15	20	14201	9	1490	375	17
226.0	11978	24	22	14202	25	1881	1781	14
226.0	9425	22	21	14203	22	1406	328	12
226.0	12212	6	5	14204	7	823	61	17
226.0	8176	31	37	14205	23	1667	48	18
226.0	11052	19	15	14206	21	53	1004	20
226.0	11457	35	37	14207	31	119	1353	17
226.0	10715	11	11	14208	10	449	490	16
226.0	9166	7	9	14209	5	1729	1247	14
226.0	13798	8	6	14210	10	961	1881	16
226.0	11803	5	6	14211	4	1951	1897	15
226.0	9385	15	16	14212	14	1744	868	14
226.0	10592	33	34	14213	28	165	1583	17
226.0	11795	36	33	14214	37	447	1503	18
226.0	8724	12	15	14215	9	1901	1319	14
226.0	11062	3	4	14216	2	718	167	17
226.0	10253	25	34	14217	16	574	43	15
226.0	12134	32	30	14218	34	372	389	17
226.0	11584	3	3	14219	3	1572	486	17
226.0	8541	18	20	14220	15	871	1859	23
226.0	10149	3	4	14221	2	1716	452	19
226.0	10210	28	25	14222	30	1520	1644	14
226.0	8554	27	28	14223	25	1088	1967	21
226.0	9716	44	43	14224	44	475	259	17
226.0	10525	1	1	14225	1	1654	344	17
226.0	10891	11	10	14226	12	1450	1647	16
226.0	10831	21	21	14227	20	420	1841	18
226.0	11719	16	15	14228	16	1847	1309	15
226.0	8086	11	10	14229	12	420	918	20
226.0	12817	36	30	14230	40	102	1528	17
226.0	11681	45	45	14231	44	162	1969	18
226.0	12752	12	8	14232	16	1431	1984	17
226.0	13089	18	18	14233	15	1394	1941	19
226.0	10006	45	45	14234	45	1727	1359	14
226.0	10501	12	15	14235	9	1663	1770	17
226.0	8752	7	10	14236	3	465	481	17
226.0	11388	18	17	14237	18	253	1066	14
226.0	10363	11	13	14238	9	968	1661	18
226.0	10576	16	20	14239	12	592	338	19
226.0	11586	19	20	14240	18	1504	297	15
226.0	10841	21	22	14241	20	1672	269	13
226.0	11061	26	22	14242	30	233	1042	10
226.0	11611	3	2	14243	4	1608	311	18
226.0	11349	20	25	14244	14	1860	1802	18
226.0	8799	18	18	14245	18	271	1017	23
226.0	9511	16	20	14246	12	202	1013	16
226.0	8275	16	16	14247	15	359	617	13
226.0	11394	24	29	14248	18	218	835	18
226.0	9135	8	7	14249	8	821	213	15
226.0	11311	2	2	14250	2	1773	713	18
226.0	9499	13	9	14251	15	833	112	20
226.0	7696	31	31	14252	31	1337	1860	20
226.0	10597	3	5	14253	1	828	320	13
226.0	11641	23	23	14254	21	42	868	19
226.0	12565	20	16	14255	23	280	743	16
226.0	10402	34	36	14256	30	60	833	20
226.0	10963	21	19	14257	23	439	116	17
226.0	9621	8	9	14258	6	1258	172	15
226.0	13392	22	21	14259	22	1377	240	16
226.0	10171	18	21	14260	15	139	1195	19
226.0	8144	16	19	14261	13	1708	1159	15
226.0	12109	4	2	14262	6	737	1857	17
226.0	9558	13	13	14263	13	521	1855	19
226.0	11280	20	15	14264	25	1686	350	15
226.0	10344	16	13	14265	18	1892	1603	17
226.0	11178	8	8	14266	8	1697	820	17
226.0	12320	28	27	14267	27	1943	1028	16
226.0	8711	12	7	14268	14	1488	1899	11
226.0	13675	14	12	14269	15	1428	95	16
226.0	11991	23	23	14270	23	1999	263	15
226.0	11573	8	7	14271	9	1845	1188	17
227.0	11667	18	15	14272	19	355	1867	18
227.0	11267	10	9	14273	11	472	280	12
227.0	10362	22	27	14274	14	1929	322	14
227.0	12134	30	33	14275	24	372	389	18
227.0	10354	9	11	14276	7	592	1558	15
227.0	9832	5	8	14277	1	464	382	17
227.0	12519	9	11	14278	6	35	1126	15
227.0	9425	21	21	14279	21	1406	328	13
227.0	10486	35	36	14280	33	3	1681	18
227.0	11336	17	17	14281	17	301	969	17
227.0	10676	35	32	14282	35	1738	1924	14
227.0	8397	28	23	14283	32	1579	1449	15
227.0	10586	20	15	14284	23	1983	1866	16
227.0	10538	17	19	14285	15	467	520	15
227.0	11137	14	14	14286	14	93	651	13
227.0	12486	39	40	14287	38	532	1949	16
227.0	12312	28	28	14288	28	1480	1969	12
227.0	11888	45	39	14289	49	1741	1327	16
227.0	12561	22	22	14290	20	1700	1986	14
227.0	11299	11	15	14291	6	630	399	19
227.0	13798	6	5	14292	5	961	1881	17
227.0	8656	24	28	14293	19	1679	1307	18
227.0	9714	15	15	14294	14	331	631	17
227.0	11584	3	5	14295	1	1572	486	18
227.0	12960	13	13	14296	12	508	1469	16
227.0	10789	24	19	14297	28	163	167	15
227.0	8369	31	31	14298	30	821	1987	17
227.0	11823	20	17	14299	22	1947	1943	13
227.0	12823	33	36	14300	30	1687	1660	17
227.0	11887	2	0	14301	4	1590	399	19
227.0	11932	30	21	14302	36	1698	1947	15
227.0	11467	15	11	14303	18	61	1679	16
227.0	10903	32	34	14304	30	280	1408	18
227.0	12821	30	37	14305	21	1569	1902	16
227.0	12752	8	9	14306	6	1431	1984	18
227.0	11101	40	34	14307	46	571	1774	17
227.0	8182	16	18	14308	14	443	1704	19
227.0	10750	13	15	14309	10	1580	1642	11
227.0	11095	29	26	14310	31	581	1906	16
227.0	10335	9	10	14311	7	652	1736	14
227.0	10274	36	40	14312	30	23	1767	19
227.0	11719	15	15	14313	14	1847	1309	16
227.0	7712	8	13	14314	3	997	1914	16
227.0	7054	8	7	14315	9	852	262	17
227.0	11698	32	24	14316	38	51	1106	20
227.0	13675	12	12	14317	11	1428	95	17
227.0	10187	3	2	14318	4	546	1541	13
227.0	7557	18	20	14319	16	520	139	18
227.0	12649	9	10	14320	8	1784	1029	17
227.0	9856	19	20	14321	17	27	978	21
227.0	12022	15	17	14322	12	1540	624	16
227.0	7445	28	29	14323	27	914	221	19
227.0	11028	17	16	14324	16	921	1831	23
227.0	11578	41	39	14325	41	270	502	16
227.0	11829	23	22	14326	23	99	1080	21
227.0	11805	20	18	14327	22	444	1898	18
227.0	10662	20	13	14328	27	1938	1223	17
227.0	8352	9	10	14329	8	735	1941	15
227.0	10261	2	1	14330	3	1327	430	14
227.0	10456	16	14	14331	16	1598	597	15
227.0	10871	32	33	14332	30	1147	1851	21
227.0	11942	30	23	14333	35	17	1404	17
227.0	11639	15	19	14334	11	1721	1454	16
227.0	11799	44	45	14335	42	0	1852	16
227.0	11227	14	9	14336	18	49	484	15
227.0	9842	17	13	14337	19	989	1944	17
227.0	11483	22	27	14338	16	1747	1686	11
227.0	9983	14	15	14339	12	920	1799	16
227.0	13392	21	17	14340	23	1377	240	17
227.0	10996	11	10	14341	12	30	1738	16
227.0	11495	22	23	14342	20	353	277	16
227.0	12565	16	17	14343	14	280	743	17
227.0	8329	23	22	14344	23	280	438	17
227.0	9460	12	12	14345	11	1716	1680	14
227.0	11218	11	8	14346	13	1453	379	16
227.0	11010	38	33	14347	42	200	257	15
227.0	9511	20	19	14348	19	202	1013	17
227.0	10712	53	53	14349	47	1893	1444	19
227.0	8021	15	17	14350	13	1194	1771	15
227.0	12277	24	22	14351	25	1655	408	17
227.0	10007	15	12	14352	17	1700	1461	17
227.0	10970	12	8	14353	16	938	1961	18
227.0	10961	28	26	14354	30	1668	224	16
227.0	11159	34	32	14355	34	478	488	17
227.0	11976	35	39	14356	31	191	1416	22
227.0	8229	9	9	14357	9	1863	1373	16
227.0	7962	12	6	14358	18	1534	358	17
227.0	11761	20	22	14359	18	398	872	18
227.0	11830	28	27	14360	28	1741	1436	14
227.0	11361	12	14	14361	9	927	140	13
227.0	11347	21	18	14362	22	212	711	19
227.0	10124	11	11	14363	11	1603	1539	20
227.0	12769	37	30	14364	43	1688	1390	13
227.0	12352	17	19	14365	14	540	1702	17
227.0	11118	4	3	14366	5	1476	291	15
227.0	11996	14	14	14367	13	498	407	15
227.0	12320	27	27	14368	25	1943	1028	17
227.0	12664	1	1	14369	1	626	1904	17
227.0	10703	26	33	14370	17	1882	875	11
227.0	10654	27	25	14371	27	244	1999	20
227.0	10365	26	28	14372	23	250	762	18
227.0	12425	39	38	14373	38	216	549	15
227.0	8974	15	12	14374	17	1628	919	17
227.0	9370	14	12	14375	16	1874	1018	18
227.0	11178	8	6	14376	9	1697	820	18
227.0	9677	2	0	14377	4	732	63	19
227.0	9170	16	17	14378	15	1303	67	15
227.0	11375	40	38	14379	40	300	699	13
227.0	12153	12	19	14380	4	460	1737	19
227.0	11220	16	14	14381	17	1976	1758	10
227.0	10095	31	35	14382	27	206	1431	22
227.0	11290	16	12	14383	18	1685	586	15
227.0	12536	21	14	14384	25	1599	629	17
227.0	13002	27	29	14385	24	351	757	20
227.0	10501	15	20	14386	10	1663	1770	18
227.0	11989	2	1	14387	3	1771	756	18
227.0	9195	5	8	14388	2	1247	18	18
227.0	8564	11	15	14389	6	478	1813	23
227.0	12492	26	21	14390	28	1853	1900	17
227.0	10841	22	19	14391	23	1672	269	14
227.0	9305	53	44	14392	56	70	1766	19
227.0	11835	7	8	14393	6	383	1091	19
227.0	12269	54	61	14394	39	1797	1539	19
227.0	9064	10	8	14395	11	1230	1882	11
227.0	11305	32	26	14396	35	724	1978	18
227.0	9495	16	19	14397	12	1500	350	18
227.0	7022	28	35	14398	20	1669	838	18
227.0	11518	12	16	14399	8	750	43	13
227.0	7799	44	49	14400	36	319	1262	17
227.0	12689	13	14	14401	10	400	1342	16
227.0	10893	11	10	14402	12	728	1639	15
227.0	9925	11	7	14403	14	1459	1684	14
227.0	9825	47	49	14404	44	1176	1938	22
227.0	11087	35	37	14405	31	584	1649	21
227.0	11278	33	37	14406	27	1945	888	13
227.0	11423	10	10	14407	10	636	1940	17
227.0	8202	20	20	14408	20	1631	0	18
227.0	11086	19	21	14409	16	372	833	19
227.0	11487	16	20	14410	11	1879	1844	13
227.0	12867	28	34	14411	20	1206	252	17
227.0	13114	14	16	14412	12	1191	163	18
227.0	11507	14	13	14413	15	1661	1415	17
228.0	10459	34	33	14414	32	1953	1542	14
228.0	12114	17	15	14415	18	529	483	14
228.0	13343	5	7	14416	3	849	62	16
228.0	11519	37	34	14417	36	60	1494	17
228.0	11736	21	18	14418	24	610	90	14
228.0	11698	24	30	14419	17	51	1106	21
228.0	11087	37	28	14420	42	584	1649	22
228.0	10422	6	4	14421	8	1309	1828	13
228.0	12277	22	21	14422	23	1655	408	18
228.0	9699	6	5	14423	7	229	952	18
228.0	10061	7	8	14424	4	1244	1809	11
228.0	12838	9	7	14425	11	1221	163	17
228.0	8416	29	27	14426	30	1480	215	20
228.0	10378	11	11	14427	11	1798	1478	17
228.0	7028	10	9	14428	9	1999	1894	14
228.0	9978	15	18	14429	11	430	838	14
228.0	9531	22	20	14430	22	111	441	19
228.0	7074	18	19	14431	15	494	1697	20
228.0	12361	23	23	14432	22	1645	1689	16
228.0	12621	12	14	14433	9	619	147	19
228.0	9506	12	11	14434	12	116	527	18
228.0	13383	14	14	14435	13	1428	36	18
228.0	9438	35	35	14436	35	0	1893	20
228.0	10639	27	33	14437	19	225	1951	18
228.0	10886	10	9	14438	11	1271	1717	14
228.0	9326	12	11	14439	12	1751	1239	14
228.0	8229	9	9	14440	8	1863	1373	17
228.0	9170	17	16	14441	18	1303	67	16
228.0	12061	25	18	14442	30	509	1679	22
228.0	12318	23	25	14443	21	1872	1805	14
228.0	8974	12	13	14444	11	1628	919	18
228.0	10613	27	27	14445	24	126	912	21
228.0	11866	23	25	14446	20	1334	1762	15
228.0	11227	9	9	14447	9	49	484	16
228.0	10582	9	9	14448	9	477	1792	21
228.0	10981	26	27	14449	25	1730	835	20
228.0	8919	16	14	14450	18	1314	192	17
228.0	10736	16	17	14451	13	1809	1853	16
228.0	12425	38	30	14452	43	216	549	16
228.0	10220	14	15	14453	13	1957	1781	17
228.0	11875	10	13	14454	7	621	428	18
228.0	10828	20	16	14455	21	1235	32	17
228.0	11799	45	40	14456	45	0	1852	17
228.0	13300	30	27	14457	29	232	770	18
228.0	10894	32	32	14458	29	353	1390	20
228.0	11325	20	18	14459	22	418	1009	20
228.0	12006	12	12	14460	9	397	1693	16
228.0	9235	4	2	14461	5	770	1701	14
228.0	7734	16	18	14462	13	1712	1142	20
228.0	7859	36	36	14463	36	0	650	19
228.0	10482	33	30	14464	35	1909	218	14
228.0	12125	30	31	14465	27	42	150	16
228.0	11653	9	7	14466	10	960	329	15
228.0	7663	38	28	14467	46	557	0	16
228.0	11666	9	8	14468	9	1703	1224	15
228.0	9929	17	20	14469	14	103	1038	17
228.0	11010	33	29	14470	34	200	257	16
228.0	10471	29	28	14471	29	1946	978	17
228.0	9530	8	7	14472	9	881	1880	16
228.0	12536	14	16	14473	12	1599	629	18
228.0	11459	35	26	14474	39	212	1206	17
228.0	9271	15	16	14475	14	486	1937	19
228.0	11438	33	38	14476	25	1569	1921	14
228.0	9817	14	16	14477	12	523	1728	21
228.0	11121	40	44	14478	32	300	1967	22
228.0	12582	12	11	14479	13	661	1611	16
228.0	9608	13	8	14480	17	1810	754	20
228.0	9983	15	16	14481	13	920	1799	17
228.0	11338	17	17	14482	17	1089	1986	24
228.0	12165	41	41	14483	38	587	1985	17
228.0	9904	26	32	14484	19	516	322	18
228.0	10209	9	12	14485	6	1760	1152	19
228.0	9775	13	15	14486	11	201	569	21
228.0	9728	20	16	14487	19	1874	1897	18
228.0	11028	16	21	14488	11	921	1831	24
228.0	10947	8	11	14489	5	1153	247	17
228.0	12911	7	5	14490	9	627	272	20
228.0	12764	18	20	14491	16	309	1058	20
228.0	11365	16	17	14492	14	1888	1287	18
228.0	11985	24	21	14493	27	1890	1401	16
228.0	10398	62	60	14494	40	1836	1522	15
228.0	11528	32	35	14495	28	691	1679	20
228.0	13426	13	11	14496	15	300	1026	20
228.0	11358	11	11	14497	11	763	20	13
228.0	8270	22	25	14498	19	774	1954	21
228.0	7054	7	6	14499	6	852	262	18
228.0	10035	1	1	14500	1	1300	343	13
228.0	8646	16	17	14501	15	1312	1641	12
228.0	11003	16	22	14502	10	1179	77	15
228.0	8422	4	4	14503	4	1592	1671	14
228.0	11896	25	25	14504	23	1708	1856	12
228.0	13302	20	19	14505	18	376	297	18
228.0	13668	11	8	14506	14	1382	257	15
228.0	11552	11	12	14507	10	879	1777	14
228.0	11092	2	4	14508	0	804	25	15
228.0	9619	21	21	14509	21	1609	526	17
228.0	11807	13	11	14510	15	497	570	16
228.0	11975	10	11	14511	9	941	1913	19
228.0	12746	17	13	14512	19	1488	404	14
228.0	12685	21	18	14513	23	322	833	14
228.0	8084	23	27	14514	19	1498	1808	17
228.0	11533	9	7	14515	11	1620	1442	17
228.0	10493	13	15	14516	11	1022	340	18
228.0	8583	32	33	14517	29	264	1694	17
228.0	10507	11	10	14518	9	1559	243	19
228.0	11078	36	38	14519	33	368	577	17
228.0	7962	6	7	14520	5	1534	358	18
228.0	13025	37	38	14521	34	369	1851	16
228.0	10002	11	8	14522	14	1848	763	16
228.0	13072	23	20	14523	25	537	1677	21
228.0	12740	17	16	14524	18	171	1195	19
228.0	11159	32	30	14525	32	478	488	18
228.0	12311	27	34	14526	19	1726	640	16
228.0	13208	27	25	14527	29	1313	1852	13
228.0	12571	19	21	14528	17	1938	1244	16
228.0	8412	20	20	14529	20	1052	151	14
228.0	10296	51	50	14530	50	1999	145	18
228.0	9460	12	11	14531	12	1716	1680	15
228.0	12484	27	22	14532	30	848	1701	21
228.0	12028	8	6	14533	8	381	1604	14
228.0	12853	32	31	14534	31	1681	1653	18
228.0	10458	5	4	14535	6	564	1850	20
228.0	13395	4	5	14536	2	1758	729	18
228.0	10898	36	28	14537	40	175	1529	23
228.0	9581	12	13	14538	11	912	329	17
228.0	12023	5	6	14539	4	1300	215	13
228.0	10362	27	24	14540	27	1929	322	15
228.0	11520	8	11	14541	5	302	1109	21
228.0	7195	10	9	14542	10	403	1706	19
228.0	8358	13	12	14543	13	601	500	17
228.0	7381	26	20	14544	32	430	689	18
228.0	11940	6	6	14545	5	869	1749	15
228.0	8366	49	46	14546	49	420	418	15
228.0	7708	18	17	14547	16	438	446	15
228.0	11336	17	9	14548	24	301	969	18
228.0	11885	19	15	14549	23	1163	109	15
228.0	10957	7	9	14550	5	1933	1781	17
228.0	12620	25	27	14551	21	1743	1956	16
228.0	11921	30	23	14552	34	1648	1869	10
228.0	9511	19	25	14553	10	202	1013	18
228.0	9956	13	10	14554	14	1423	1713	18
228.0	8656	28	28	14555	26	1679	1307	19
228.0	11191	15	9	14556	19	1797	1003	16
228.0	7780	44	42	14557	43	1937	504	16
228.0	10442	9	7	14558	9	1841	1220	19
228.0	10473	33	28	14559	33	609	1696	18
228.0	12543	34	37	14560	30	1795	1950	14
228.0	7804	12	12	14561	12	356	330	17
228.0	11725	18	20	14562	15	1277	1947	13
228.0	7799	49	49	14563	47	319	1262	18
228.0	12463	11	14	14564	7	622	254	19
228.0	10501	20	19	14565	20	1663	1770	19
229.0	11592	13	10	14566	14	1755	531	17
229.0	8366	46	40	14567	50	420	418	16
229.0	12058	15	14	14568	16	1762	1528	12
229.0	9179	34	36	14569	29	1059	1764	16
229.0	10671	10	6	14570	14	1620	699	20
229.0	8921	37	38	14571	33	1999	1695	13
229.0	9326	11	8	14572	14	1751	1239	15
229.0	11484	2	2	14573	2	647	1977	16
229.0	10875	12	10	14574	13	1881	1253	15
229.0	10785	34	37	14575	31	316	618	16
229.0	10045	9	11	14576	7	1552	1598	17
229.0	11826	14	15	14577	11	1724	922	19
229.0	9460	11	10	14578	11	1716	1680	16
229.0	7985	30	25	14579	33	90	1929	19
229.0	11351	16	18	14580	14	410	658	17
229.0	9110	17	15	14581	18	1664	651	16
229.0	9233	32	27	14582	35	240	1955	17
229.0	10934	20	20	14583	14	1531	492	15
229.0	12787	28	26	14584	29	1811	1826	16
229.0	11399	8	10	14585	6	754	1780	17
229.0	11402	22	19	14586	23	41	1213	14
229.0	7400	33	29	14587	37	279	1459	18
229.0	8144	19	18	14588	20	1708	1159	16
229.0	11594	20	21	14589	17	335	550	15
229.0	14124	13	15	14590	9	1439	332	17
229.0	12432	32	33	14591	28	382	372	17
229.0	9279	9	9	14592	9	613	1886	16
229.0	10829	18	16	14593	19	630	216	17
229.0	9729	19	16	14594	20	1806	1961	14
229.0	10207	20	16	14595	23	1972	1005	15
229.0	8143	24	17	14596	27	372	752	20
229.0	10964	11	10	14597	10	1113	24	18
229.0	13087	10	9	14598	11	907	1974	16
229.0	13404	27	30	14599	22	1063	1742	16
229.0	8943	25	26	14600	23	1732	1999	20
229.0	9812	18	14	14601	22	411	1637	17
229.0	8861	15	17	14602	13	1151	217	14
229.0	10037	8	6	14603	10	633	1770	16
229.0	9853	12	11	14604	12	1259	1777	11
229.0	12011	16	13	14605	16	1146	136	16
229.0	12282	36	36	14606	32	374	901	17
229.0	10765	14	11	14607	17	1227	12	16
229.0	11202	19	25	14608	12	498	1331	15
229.0	7662	30	29	14609	31	1895	1893	19
229.0	8272	20	21	14610	19	0	1362	18
229.0	11109	6	6	14611	5	850	1882	15
229.0	8914	10	9	14612	11	562	1601	13
229.0	11163	21	16	14613	26	712	1690	17
229.0	10459	33	21	14614	42	1953	1542	15
229.0	11648	7	9	14615	5	463	126	16
229.0	8212	28	31	14616	23	1723	1520	15
229.0	7275	34	33	14617	34	790	1581	13
229.0	6978	18	18	14618	17	1721	1798	17
229.0	11621	8	14	14619	2	839	144	19
229.0	12546	34	39	14620	26	146	1851	23
229.0	12125	31	31	14621	30	42	150	17
229.0	13772	6	5	14622	7	1724	530	15
229.0	11123	17	15	14623	19	1709	1582	13
229.0	11188	18	16	14624	18	1777	1217	14
229.0	11420	12	17	14625	6	408	553	19
229.0	8182	18	16	14626	20	443	1704	20
229.0	11026	10	13	14627	6	1406	217	17
229.0	11885	15	10	14628	19	1163	109	16
229.0	11298	26	24	14629	27	1509	1989	12
229.0	12222	10	9	14630	11	901	1823	15
229.0	8926	13	15	14631	10	1783	1411	14
229.0	12094	15	12	14632	18	1518	174	15
229.0	7228	11	10	14633	12	940	43	19
229.0	11480	6	8	14634	4	1771	944	21
229.0	8668	16	17	14635	15	318	1178	18
229.0	7167	13	10	14636	16	1599	1350	17
229.0	10864	13	9	14637	16	1730	1104	14
229.0	10562	16	15	14638	17	595	289	17
229.0	11300	18	16	14639	19	385	1965	16
229.0	10161	17	15	14640	18	1905	1011	15
229.0	10492	3	5	14641	1	920	268	15
229.0	8900	24	24	14642	23	330	452	13
229.0	10117	26	21	14643	29	145	47	14
229.0	11857	40	40	14644	39	241	1466	17
229.0	10636	3	2	14645	4	1739	480	17
229.0	9217	5	5	14646	5	1701	736	17
229.0	11736	18	17	14647	18	610	90	15
229.0	6903	10	14	14648	6	1895	1133	21
229.0	9342	21	21	14649	20	410	970	18
229.0	12700	9	15	14650	3	519	1767	14
229.0	11632	9	11	14651	7	698	1764	12
229.0	11028	21	21	14652	20	921	1831	25
229.0	7663	28	29	14653	25	537	0	17
229.0	9501	13	12	14654	13	1629	1238	16
229.0	12652	25	26	14655	22	1669	1852	17
229.0	14164	36	33	14656	37	1709	1631	16
229.0	11264	1	0	14657	2	1671	960	14
229.0	10047	31	42	14658	20	52	42	18
229.0	12542	26	21	14659	30	47	1808	17
229.0	11118	3	4	14660	2	1476	291	16
229.0	12403	22	23	14661	20	1957	914	15
229.0	13976	30	28	14662	32	383	458	19
229.0	10850	18	19	14663	16	1360	93	17
229.0	12473	26	19	14664	32	1149	1979	16
229.0	9611	18	21	14665	14	889	1933	18
229.0	11558	7	3	14666	10	1040	75	15
229.0	12766	19	24	14667	13	1425	162	13
229.0	12154	9	7	14668	10	813	1806	14
229.0	11528	35	29	14669	40	691	1679	21
229.0	10214	15	17	14670	11	1751	1420	14
229.0	9196	11	13	14671	8	470	1768	19
229.0	11545	23	26	14672	19	277	1869	19
229.0	11049	19	21	14673	15	1913	1906	13
229.0	14490	9	7	14674	11	636	281	21
229.0	11730	8	7	14675	9	614	1837	17
229.0	10623	7	7	14676	6	894	0	17
229.0	7429	40	39	14677	41	303	1884	20
229.0	14117	40	41	14678	39	1984	130	18
229.0	9932	10	11	14679	9	1400	1799	18
229.0	13426	11	11	14680	11	300	1026	21
229.0	10826	28	32	14681	23	1786	953	14
229.0	8601	10	12	14682	8	1829	870	14
229.0	14122	31	31	14683	28	316	1731	17
229.0	10613	27	20	14684	33	126	912	22
229.0	10768	15	18	14685	12	379	1026	16
229.0	11762	26	31	14686	21	1724	1071	20
229.0	12073	12	12	14687	11	1681	1041	15
229.0	7028	9	8	14688	10	1999	1894	15
229.0	13098	48	49	14689	45	669	1800	15
229.0	11468	5	7	14690	3	1799	1218	14
229.0	9648	15	17	14691	12	431	1080	18
229.0	11881	19	20	14692	17	1420	1877	13
229.0	11929	10	7	14693	12	1580	656	18
229.0	9235	2	0	14694	3	770	1701	15
229.0	8270	25	27	14695	22	774	1954	22
229.0	7754	26	25	14696	24	1828	1286	16
229.0	9033	3	5	14697	1	977	186	13
229.0	12475	23	24	14698	22	360	913	16
230.0	7337	13	16	14699	10	1402	1816	18
230.0	11513	23	26	14700	19	889	1836	24
230.0	12774	2	3	14701	1	1741	850	18
230.0	8914	9	7	14702	11	562	1601	14
230.0	10606	19	18	14703	19	1788	1919	13
230.0	7476	15	19	14704	11	657	1759	16
230.0	10858	31	31	14705	29	1822	1594	15
230.0	7231	15	13	14706	16	1671	704	16
230.0	11812	18	16	14707	19	431	1108	18
230.0	14681	23	16	14708	29	1786	967	15
230.0	9179	36	34	14709	38	1059	1764	17
230.0	11979	11	10	14710	11	765	1861	16
230.0	9217	5	6	14711	4	1701	736	18
230.0	13408	26	26	14712	24	1560	1695	20
230.0	12475	24	26	14713	21	360	913	17
230.0	11260	21	25	14714	16	386	0	18
230.0	8759	12	13	14715	8	1602	1270	16
230.0	11920	20	22	14716	18	816	172	14
230.0	12766	24	26	14717	21	1425	162	14
230.0	10311	12	10	14718	13	723	1827	15
230.0	9904	32	30	14719	32	516	322	19
230.0	9231	28	28	14720	26	1664	1632	16
230.0	9057	9	8	14721	9	89	1554	16
230.0	12403	23	18	14722	27	1957	914	16
230.0	7181	12	11	14723	13	1938	978	15
230.0	9605	11	14	14724	8	198	758	20
230.0	10835	23	22	14725	21	180	996	20
230.0	9565	7	6	14726	8	890	1743	15
230.0	12394	14	10	14727	16	1087	1848	13
230.0	11049	21	26	14728	15	1913	1906	14
230.0	11662	6	4	14729	8	861	164	17
230.0	11667	15	15	14730	14	356	1866	19
230.0	12648	18	13	14731	23	1799	1185	15
230.0	11266	6	5	14732	6	760	1713	14
230.0	9771	10	11	14733	9	1766	1291	18
230.0	10829	16	17	14734	15	630	216	18
230.0	12107	49	51	14735	44	569	1971	17
230.0	7219	2	2	14736	2	612	1651	16
230.0	13701	21	26	14737	15	1777	1189	17
230.0	10875	10	11	14738	8	1881	1253	16
230.0	10337	11	8	14739	14	1789	1069	16
230.0	9440	27	29	14740	24	77	404	15
230.0	11175	0	0	14741	0	729	93	21
230.0	12772	12	9	14742	12	1649	1803	18
230.0	10850	19	25	14743	13	1360	93	18
230.0	10795	9	8	14744	10	1237	64	18
230.0	11991	23	20	14745	24	1999	268	16
230.0	11402	19	17	14746	20	41	1213	15
230.0	8211	12	12	14747	11	320	1431	16
230.0	11826	15	13	14748	17	1724	922	20
230.0	11545	26	26	14749	25	277	1869	20
230.0	12122	30	32	14750	28	56	1325	17
230.0	8575	32	36	14751	27	1966	1365	18
230.0	12281	55	43	14752	57	279	601	18
230.0	11753	22	20	14753	23	1338	96	13
230.0	8861	17	10	14754	24	1151	217	15
230.0	12735	10	12	14755	7	1053	220	19
230.0	11773	10	10	14756	9	1259	1650	12
230.0	9521	12	8	14757	15	1580	697	13
230.0	9218	12	15	14758	9	982	1680	14
230.0	11247	11	13	14759	7	868	229	16
230.0	14490	7	5	14760	9	636	281	22
230.0	10418	14	15	14761	13	239	928	24
230.0	12326	19	15	14762	21	280	888	19
230.0	11211	18	21	14763	15	680	343	19
230.0	10733	9	11	14764	7	506	1681	20
230.0	11360	8	7	14765	9	1638	749	20
230.0	10295	16	19	14766	13	1278	280	16
230.0	12058	14	15	14767	12	1784	1528	13
230.0	10163	19	22	14768	16	1497	1743	11
230.0	11086	21	17	14769	25	372	833	20
230.0	12073	12	13	14770	11	1681	1041	16
230.0	7264	12	11	14771	11	1431	1999	17
230.0	11221	22	20	14772	23	259	909	19
230.0	12495	5	4	14773	4	1754	1308	15
230.0	10643	9	9	14774	8	1838	834	13
230.0	10681	11	15	14775	6	1223	134	15
230.0	11603	18	16	14776	20	76	744	14
230.0	11965	24	21	14777	26	242	1110	17
230.0	12901	21	22	14778	19	226	611	21
230.0	7343	9	9	14779	9	1890	1687	15
230.0	11193	18	14	14780	22	1181	1840	10
230.0	10840	18	17	14781	17	644	201	16
230.0	9643	21	19	14782	22	1312	102	14
230.0	12082	23	23	14783	23	319	752	16
230.0	9233	27	26	14784	26	240	1955	18
230.0	12615	8	6	14785	9	1289	332	13
230.0	12406	9	9	14786	9	1382	1693	15
230.0	10500	14	13	14787	15	530	1588	12
230.0	8668	17	16	14788	16	318	1178	19
230.0	13008	11	9	14789	13	368	1720	17
230.0	10579	16	18	14790	13	671	148	14
230.0	10474	2	1	14791	3	492	1517	18
230.0	12336	19	16	14792	20	1140	1772	15
230.0	11135	7	7	14793	7	1689	461	19
230.0	9213	19	19	14794	18	1769	961	15
230.0	12996	40	43	14795	36	1985	1303	18
230.0	12180	22	28	14796	16	1751	1782	15
230.0	9425	21	21	14797	19	1393	328	14
230.0	11110	23	28	14798	15	1796	930	16
230.0	8736	24	27	14799	21	1466	1908	15
230.0	9555	32	40	14800	24	360	1054	17
230.0	11699	13	15	14801	11	359	1785	19
230.0	12821	37	35	14802	38	1569	1902	17
230.0	10230	16	16	14803	15	263	892	20
230.0	11891	32	29	14804	33	25	1808	17
230.0	12950	10	10	14805	8	1566	268	20
230.0	11649	12	15	14806	9	309	1404	14
230.0	12417	14	14	14807	13	710	1654	16
230.0	13426	11	14	14808	8	300	1026	22
230.0	12070	18	19	14809	16	1581	324	16
230.0	11846	26	27	14810	24	1821	1935	13
230.0	11714	23	21	14811	21	1875	1975	16
230.0	10968	9	8	14812	9	1501	1724	18
230.0	12018	9	6	14813	12	1683	1011	16
230.0	8921	38	39	14814	34	1999	1695	14
230.0	11304	17	18	14815	15	1894	991	17
230.0	13150	3	4	14816	2	1661	503	18
230.0	10459	21	18	14817	22	1953	1542	16
230.0	10908	16	13	14818	18	1098	34	16
230.0	7663	29	30	14819	28	537	0	18
230.0	9547	40	44	14820	35	295	0	15
230.0	9201	11	10	14821	12	525	1752	18
230.0	13271	25	27	14822	21	1883	1502	18
230.0	9937	29	29	14823	27	271	1280	19
230.0	12132	3	3	14824	2	1359	439	18
230.0	14117	41	39	14825	41	1984	130	19
230.0	12217	20	20	14826	19	311	920	15
230.0	7985	25	33	14827	17	90	1929	20
230.0	10523	9	9	14828	8	524	70	16
230.0	10354	11	12	14829	10	592	1558	16
231.0	12577	21	18	14830	24	1010	290	17
231.0	13112	30	28	14831	30	164	47	14
231.0	7663	30	25	14832	34	537	0	19
231.0	10946	21	23	14833	18	778	1668	11
231.0	11361	14	12	14834	14	927	140	14
231.0	12806	30	30	14835	29	448	324	19
231.0	10192	10	13	14836	6	1319	249	15
231.0	12293	33	37	14837	27	1317	1986	20
231.0	10935	4	4	14838	4	669	1904	15
231.0	10177	24	19	14839	26	1494	1924	14
231.0	10219	21	18	14840	22	169	242	17
231.0	11871	38	38	14841	37	447	1483	19
231.0	12947	24	24	14842	24	586	1727	19
231.0	12658	13	10	14843	15	1511	1876	15
231.0	9407	3	1	14844	5	998	93	16
231.0	10280	16	17	14845	15	1891	1801	12
231.0	11581	10	9	14846	9	468	1956	17
231.0	9461	7	5	14847	8	1421	53	18
231.0	11341	9	9	14848	9	349	1553	14
231.0	10311	10	9	14849	9	723	1827	16
231.0	11490	23	22	14850	23	420	1499	12
231.0	7020	7	5	14851	9	1708	576	18
231.0	12249	35	39	14852	31	233	1189	17
231.0	11187	18	22	14853	14	326	669	18
231.0	7240	11	13	14854	9	24	1115	15
231.0	11456	20	18	14855	21	57	1179	14
231.0	11260	25	31	14856	19	386	0	19
231.0	12048	39	45	14857	30	167	1465	19
231.0	6892	6	7	14858	5	268	1126	22
231.0	10840	17	21	14859	12	644	201	17
231.0	11424	11	12	14860	8	1817	604	17
231.0	11575	20	22	14861	17	1562	1736	20
231.0	10956	16	15	14862	16	105	993	22
231.0	13151	23	27	14863	18	1960	1717	13
231.0	11681	45	44	14864	46	162	1969	19
231.0	13926	27	21	14865	29	276	909	19
231.0	11185	14	13	14866	15	376	628	20
231.0	10768	18	11	14867	24	379	1026	17
231.0	13209	14	10	14868	17	1876	1219	19
231.0	9235	0	0	14869	0	770	1701	16
231.0	12106	16	22	14870	10	1006	1852	15
231.0	10459	18	13	14871	22	1953	1542	17
231.0	7464	17	14	14872	20	1825	990	16
231.0	12470	34	29	14873	38	1640	1672	18
231.0	10858	31	37	14874	25	1822	1594	16
231.0	12084	11	12	14875	10	239	894	17
231.0	10906	18	12	14876	22	1782	578	14
231.0	11425	26	27	14877	24	1942	1684	11
231.0	13150	4	4	14878	4	1661	503	19
231.0	11236	16	11	14879	21	448	1984	16
231.0	10556	13	14	14880	12	1687	1061	18
231.0	11388	17	18	14881	14	253	1066	15
231.0	10526	17	16	14882	17	430	317	20
231.0	9646	19	18	14883	19	1259	368	20
231.0	7708	17	17	14884	17	438	446	16
231.0	13440	27	26	14885	26	1884	1957	13
231.0	12238	10	13	14886	7	372	601	19
231.0	12431	48	54	14887	42	1912	1444	20
231.0	13053	38	38	14888	35	579	54	16
231.0	13420	2	3	14889	1	1663	551	17
231.0	11668	24	25	14890	22	610	1458	15
231.0	8492	2	1	14891	3	867	198	17
231.0	8261	17	18	14892	16	1102	102	14
231.0	7572	23	25	14893	18	1641	421	17
231.0	13385	39	39	14894	37	1905	1592	19
231.0	11407	21	25	14895	17	270	669	17
231.0	11846	27	23	14896	29	1821	1935	14
231.0	9440	29	32	14897	25	77	404	16
231.0	12020	15	15	14898	14	1934	1391	14
231.0	12739	29	27	14899	29	1087	1944	21
231.0	11550	9	9	14900	8	1285	1840	13
231.0	8583	33	33	14901	31	189	1650	18
231.0	8712	22	22	14902	22	420	500	16
231.0	11463	35	35	14903	32	104	1915	20
231.0	10749	14	10	14904	18	1768	898	13
231.0	11375	38	41	14905	33	300	699	14
231.0	12996	43	35	14906	47	1985	1303	19
231.0	12212	5	4	14907	5	803	61	18
231.0	8544	20	20	14908	19	1704	1806	17
231.0	9757	6	6	14909	5	1675	1968	14
231.0	8002	42	42	14910	40	45	115	18
231.0	12282	36	28	14911	42	374	901	18
231.0	11406	22	22	14912	22	371	1651	16
231.0	12160	24	24	14913	23	1891	890	14
231.0	12753	18	18	14914	17	828	1817	17
231.0	13344	15	15	14915	15	784	1928	16
231.0	13131	14	15	14916	12	562	370	18
231.0	13120	31	33	14917	29	1469	205	20
231.0	12726	36	34	14918	38	414	1620	17
231.0	13505	20	18	14919	22	554	283	17
231.0	11661	20	23	14920	16	1987	1731	11
231.0	11055	18	21	14921	14	1943	1968	13
231.0	11267	9	6	14922	10	455	280	13
231.0	11526	11	13	14923	9	676	1631	15
231.0	7599	14	14	14924	14	759	240	13
231.0	9460	10	8	14925	11	1716	1680	17
231.0	12237	12	11	14926	10	1450	1871	12
231.0	7728	11	17	14927	5	1833	1154	19
231.0	11370	19	18	14928	18	1822	1913	13
231.0	11859	14	10	14929	18	1415	82	15
231.0	12063	7	8	14930	5	351	686	16
231.0	9100	7	5	14931	8	459	385	16
231.0	11715	23	24	14932	20	1944	1334	12
231.0	10197	3	3	14933	3	718	118	20
231.0	13262	16	12	14934	18	573	186	13
231.0	9973	34	40	14935	27	1584	1718	13
231.0	11000	37	32	14936	41	131	1753	16
231.0	11673	20	18	14937	22	1148	293	17
231.0	12832	37	40	14938	33	333	1808	17
231.0	11885	10	8	14939	11	1163	109	17
231.0	11247	13	14	14940	11	868	229	17
231.0	9064	8	9	14941	6	1230	1882	12
231.0	12107	51	54	14942	45	569	1971	18
231.0	8783	53	48	14943	52	116	1946	14
231.0	11043	6	8	14944	4	448	1869	18
231.0	10767	26	25	14945	23	1736	1552	13
231.0	7257	25	27	14946	22	1739	1849	18
231.0	9650	32	28	14947	36	397	1403	18
231.0	14122	31	35	14948	24	316	1731	18
231.0	10201	18	18	14949	17	512	205	14
231.0	11650	6	5	14950	7	1052	237	15
231.0	7836	42	53	14951	29	605	1999	19
231.0	11214	13	15	14952	11	329	1058	23
231.0	7074	19	22	14953	16	471	1674	21
231.0	13229	1	2	14954	0	1797	671	20
231.0	9578	19	20	14955	18	1962	1929	14
231.0	12690	6	7	14956	5	303	786	16
231.0	12201	10	10	14957	9	206	1302	18
231.0	10566	11	14	14958	8	1821	809	13
231.0	14582	35	37	14959	31	240	1942	18
231.0	11667	15	18	14960	12	356	1866	20
231.0	11759	3	4	14961	2	1815	641	19
231.0	8493	23	26	14962	19	362	1258	15
231.0	10131	11	11	14963	11	1850	1114	18
231.0	13366	12	12	14964	11	490	358	18
231.0	10193	22	22	14965	22	985	170	15
231.0	11188	16	18	14966	14	1777	1217	15
231.0	12472	5	4	14967	6	1724	1040	18
231.0	7219	2	2	14968	2	612	1651	17
231.0	10105	6	6	14969	6	1450	1855	13
232.0	10207	16	12	14970	20	1972	1005	16
232.0	11568	25	24	14971	25	1699	1553	11
232.0	12398	17	14	14972	20	1109	1863	16
232.0	7074	22	21	14973	22	471	1674	22
232.0	8388	1	0	14974	2	1702	957	23
232.0	10295	19	14	14975	23	1278	280	17
232.0	10997	33	34	14976	30	1168	1812	15
232.0	12104	21	24	14977	18	1042	1750	15
232.0	10209	12	14	14978	8	1760	1152	20
232.0	9681	21	19	14979	22	1676	1876	12
232.0	11438	38	34	14980	41	1569	1921	15
232.0	11907	14	13	14981	15	71	1120	12
232.0	12765	13	14	14982	12	1622	1340	16
232.0	11586	20	16	14983	23	1504	280	16
232.0	8178	24	15	14984	32	1432	1736	17
232.0	11188	18	19	14985	16	1777	1217	16
232.0	12269	61	54	14986	46	1860	1539	20
232.0	12577	18	18	14987	17	1010	290	18
232.0	12886	14	8	14988	20	387	1790	20
232.0	11520	11	9	14989	12	289	1122	22
232.0	11038	12	8	14990	15	1650	1539	15
232.0	8150	17	12	14991	21	1994	1503	14
232.0	10457	16	18	14992	14	329	934	15
232.0	13383	14	11	14993	17	1463	25	19
232.0	12210	25	26	14994	24	76	301	17
232.0	11616	30	28	14995	31	264	781	15
232.0	10871	33	30	14996	32	1147	1851	22
232.0	12214	46	45	14997	45	1579	1502	19
232.0	11952	33	33	14998	32	472	1975	18
232.0	10469	13	14	14999	12	1215	1818	13
232.0	11242	23	20	15000	25	1852	1935	16
232.0	12892	6	10	15001	2	787	103	13
232.0	11507	13	9	15002	17	1661	1415	18
232.0	10229	24	22	15003	25	1771	1999	11
232.0	11667	18	19	15004	15	356	1866	21
232.0	12141	7	7	15005	7	491	1826	21
232.0	13411	9	10	15006	8	189	980	18
232.0	10462	6	5	15007	7	1769	1013	18
232.0	12778	18	14	15008	20	1175	1749	13
232.0	12726	34	33	15009	33	392	1598	18
232.0	9135	7	7	15010	7	821	213	16
232.0	14045	13	13	15011	12	1448	212	18
232.0	8176	37	36	15012	34	1667	48	19
232.0	10177	19	26	15013	12	1494	1924	15
232.0	13272	12	11	15014	13	375	1868	18
232.0	13027	47	34	15015	56	154	1873	18
232.0	9949	6	8	15016	4	529	1891	17
232.0	10238	53	48	15017	52	1561	1450	18
232.0	8783	48	50	15018	43	116	1946	15
232.0	10786	16	11	15019	21	83	1385	18
232.0	11910	6	9	15020	3	508	376	16
232.0	7108	47	45	15021	49	430	759	20
232.0	10875	11	9	15022	12	1903	1253	17
232.0	11872	12	12	15023	12	1891	1287	17
232.0	11767	2	2	15024	2	1710	1011	16
232.0	7360	41	48	15025	33	1710	1391	14
232.0	10424	13	14	15026	12	505	1740	14
232.0	11968	12	12	15027	12	46	1171	15
232.0	12101	37	36	15028	33	971	15	18
232.0	12249	39	34	15029	41	233	1189	18
232.0	12713	9	8	15030	9	631	333	19
232.0	10159	17	17	15031	16	1321	158	18
232.0	8102	27	23	15032	29	1844	1619	16
232.0	9810	10	10	15033	10	940	350	17
232.0	8876	13	9	15034	17	268	731	17
232.0	9595	31	26	15035	36	203	1245	23
232.0	10299	23	24	15036	22	1757	1798	14
232.0	12782	13	10	15037	16	1854	923	18
232.0	12190	27	26	15038	27	1828	1742	15
232.0	11517	18	15	15039	21	1832	1795	14
232.0	10078	20	21	15040	19	1828	1846	14
232.0	8959	7	7	15041	6	1820	941	15
232.0	8557	0	0	15042	0	1553	470	17
232.0	7572	25	30	15043	18	1641	421	18
232.0	10815	17	14	15044	18	499	284	15
232.0	10642	22	24	15045	19	1143	1933	15
232.0	11349	25	24	15046	23	1855	1758	19
232.0	10606	18	19	15047	16	1788	1919	14
232.0	12106	22	22	15048	22	1006	1852	16
232.0	11828	23	24	15049	21	1928	1546	14
232.0	11407	25	28	15050	21	270	669	18
232.0	12591	9	10	15051	8	1525	1957	15
232.0	8151	13	13	15052	13	492	1411	17
232.0	12760	27	22	15053	30	1716	1732	16
232.0	10007	12	10	15054	14	1726	1487	18
232.0	7434	16	16	15055	15	280	165	18
232.0	11984	33	38	15056	28	35	1353	18
232.0	12383	40	45	15057	32	470	930	18
232.0	13285	7	5	15058	9	468	1533	18
232.0	10128	20	18	15059	21	239	1562	22
232.0	12371	3	6	15060	0	1522	387	19
232.0	12175	8	8	15061	6	912	81	19
232.0	12238	13	8	15062	17	372	601	20
232.0	12202	42	39	15063	42	328	979	15
232.0	8212	31	33	15064	29	1723	1520	16
232.0	12086	15	16	15065	14	609	1803	17
232.0	11643	2	2	15066	2	1520	1491	20
232.0	12852	27	33	15067	20	274	1989	21
232.0	11628	27	30	15068	24	1227	1849	21
232.0	11939	12	10	15069	14	1081	27	16
232.0	14179	18	19	15070	17	542	70	16
232.0	10627	12	14	15071	10	966	1969	16
232.0	9567	20	13	15072	25	0	923	17
232.0	10474	1	1	15073	1	492	1517	19
232.0	11955	4	2	15074	6	815	241	17
232.0	11738	2	3	15075	1	370	1776	20
232.0	9650	28	28	15076	26	397	1403	19
232.0	11187	22	19	15077	25	326	669	19
232.0	12547	27	27	15078	24	1647	107	18
232.0	10854	15	14	15079	15	556	149	14
232.0	10216	15	17	15080	12	832	75	17
232.0	10067	14	12	15081	15	1543	242	16
232.0	12678	7	9	15082	5	1702	1516	17
232.0	14542	10	8	15083	11	367	1697	20
232.0	9443	11	11	15084	11	435	1528	12
232.0	13157	23	18	15085	28	1374	1871	16
232.0	11603	16	7	15086	24	76	744	15
232.0	10023	12	14	15087	10	1776	901	21
232.0	12294	21	26	15088	15	513	1571	12
232.0	9835	23	21	15089	24	481	610	19
232.0	11702	14	15	15090	11	798	34	14
232.0	12431	54	47	15091	53	1912	1444	21
232.0	14527	29	32	15092	25	1327	1852	14
232.0	7793	8	9	15093	6	1596	1907	16
232.0	11088	24	28	15094	19	305	490	15
232.0	10459	13	10	15095	15	1953	1542	18
232.0	13139	11	11	15096	11	497	294	15
232.0	10219	18	13	15097	22	169	242	18
232.0	10035	1	1	15098	1	1300	343	14
232.0	9275	9	6	15099	12	1766	630	19
232.0	9999	9	10	15100	7	570	1477	11
232.0	10447	25	18	15101	31	49	1423	18
232.0	12668	13	14	15102	11	1846	1822	18
232.0	11131	5	7	15103	3	541	209	17
232.0	9783	19	18	15104	18	325	1021	17
232.0	11443	24	25	15105	22	1060	1852	19
232.0	11950	17	20	15106	13	375	1000	19
233.0	11530	1	1	15107	1	1590	1050	17
233.0	12323	38	41	15108	34	1652	1920	18
233.0	10921	16	15	15109	17	1692	316	18
233.0	11809	44	48	15110	40	1956	1400	15
233.0	8212	33	33	15111	29	1736	1533	17
233.0	11406	22	22	15112	21	371	1651	17
233.0	8480	12	12	15113	11	0	77	18
233.0	10669	36	37	15114	31	420	1429	18
233.0	11307	19	19	15115	19	461	1851	18
233.0	12879	35	37	15116	30	262	1959	20
233.0	12415	15	15	15117	15	1179	207	17
233.0	12612	14	17	15118	9	937	258	16
233.0	12814	5	3	15119	7	1361	54	17
233.0	11976	39	34	15120	40	191	1416	23
233.0	12702	25	19	15121	30	356	488	16
233.0	11758	6	3	15122	9	692	254	13
233.0	9258	19	18	15123	19	1641	666	13
233.0	9828	1	1	15124	1	1629	1984	14
233.0	12633	18	15	15125	21	286	1188	18
233.0	11216	6	8	15126	4	781	157	16
233.0	9644	13	12	15127	13	799	1942	16
233.0	14247	15	10	15128	20	345	650	14
233.0	11247	14	17	15129	11	868	229	18
233.0	13285	5	6	15130	4	468	1533	19
233.0	10770	7	8	15131	6	1752	677	15
233.0	11808	25	26	15132	24	1455	1962	14
233.0	8729	11	10	15133	11	1910	1782	12
233.0	12173	14	9	15134	19	911	152	13
233.0	10234	18	12	15135	23	1121	182	17
233.0	11991	20	13	15136	27	1999	268	17
233.0	11630	8	5	15137	10	901	251	15
233.0	10061	8	8	15138	8	1244	1809	12
233.0	11433	25	22	15139	27	284	490	15
233.0	12178	8	9	15140	7	1632	1463	14
233.0	12580	4	5	15141	3	1835	1137	19
233.0	9868	29	25	15142	32	1940	842	16
233.0	12024	12	17	15143	6	130	1154	14
233.0	12379	16	21	15144	10	921	1963	16
233.0	13154	20	24	15145	16	1846	1786	15
233.0	11022	38	42	15146	34	1972	1825	16
233.0	10308	23	23	15147	22	982	1759	19
233.0	10749	10	9	15148	10	1757	887	14
233.0	12639	17	14	15149	20	1813	1306	19
233.0	14096	19	18	15150	18	1667	1169	19
233.0	11038	8	7	15151	9	1650	1539	16
233.0	11747	9	10	15152	8	1751	1135	16
233.0	11795	33	41	15153	24	447	1503	19
233.0	7240	13	14	15154	12	24	1094	16
233.0	6941	16	17	15155	14	0	1022	23
233.0	14001	12	11	15156	12	1560	547	17
233.0	12242	14	14	15157	14	1853	1660	16
233.0	11864	20	22	15158	17	319	409	17
233.0	11910	9	12	15159	5	508	376	17
233.0	11438	34	37	15160	31	1569	1921	16
233.0	9260	16	22	15161	9	379	1121	19
233.0	10241	2	3	15162	1	1489	527	17
233.0	10312	26	19	15163	33	1161	92	16
233.0	12698	21	13	15164	28	242	624	20
233.0	12846	13	16	15165	9	1530	1589	15
233.0	11831	47	45	15166	47	106	1781	18
233.0	7420	27	30	15167	24	510	1948	19
233.0	9495	19	19	15168	18	1500	350	19
233.0	11839	8	12	15169	4	1699	791	18
233.0	8720	32	36	15170	26	62	358	16
233.0	11277	18	16	15171	19	322	799	15
233.0	11678	8	6	15172	9	1297	168	14
233.0	10190	33	37	15173	27	332	1649	24
233.0	11039	13	13	15174	13	1621	323	15
233.0	12165	41	36	15175	43	587	1985	18
233.0	11238	18	16	15176	18	1530	438	17
233.0	8369	31	33	15177	29	821	1987	18
233.0	12630	37	37	15178	36	41	1513	17
233.0	13411	10	13	15179	6	189	980	19
233.0	11201	21	21	15180	19	1803	571	14
233.0	10755	17	16	15181	17	418	1726	21
233.0	8178	15	13	15182	16	1432	1736	18
233.0	11029	24	19	15183	27	1580	1966	14
233.0	13094	16	18	15184	13	1910	1067	16
233.0	11667	19	23	15185	15	312	1866	22
233.0	11639	19	17	15186	21	1721	1454	17
233.0	12351	21	20	15187	21	1961	1983	15
233.0	12071	15	15	15188	13	759	225	13
233.0	9995	6	3	15189	9	559	341	15
233.0	10058	30	36	15190	23	1853	1958	18
233.0	11347	18	16	15191	20	196	727	20
233.0	11978	22	22	15192	21	1883	1765	15
233.0	11248	13	14	15193	10	1681	281	18
233.0	11648	9	8	15194	9	425	141	17
233.0	8861	10	11	15195	9	1137	217	16
233.0	13292	12	13	15196	11	1806	1142	16
233.0	13787	16	11	15197	21	1558	187	17
233.0	8601	12	10	15198	14	1846	870	15
233.0	11869	14	10	15199	18	1999	1860	15
233.0	10459	10	10	15200	9	1953	1542	19
233.0	8493	26	26	15201	25	362	1258	16
233.0	13152	3	3	15202	3	1611	402	19
233.0	14124	15	13	15203	16	1439	332	18
233.0	12522	13	14	15204	11	1976	898	16
233.0	9242	1	0	15205	2	1460	303	17
233.0	10218	22	20	15206	22	41	1047	20
233.0	10681	15	11	15207	18	1223	134	16
233.0	9273	2	2	15208	2	829	0	16
233.0	7228	10	13	15209	6	940	43	20
233.0	10588	12	9	15210	15	521	429	18
233.0	10820	58	49	15211	51	330	1697	17
233.0	12345	11	9	15212	13	202	930	18
233.0	11777	6	6	15213	6	652	153	18
233.0	11891	29	24	15214	33	91	1850	18
233.0	10445	11	11	15215	11	330	1878	20
233.0	8151	13	13	15216	12	492	1411	18
233.0	13298	11	12	15217	8	378	1894	18
233.0	12160	24	24	15218	24	1891	890	15
233.0	9311	22	21	15219	21	1352	242	17
233.0	8786	5	7	15220	2	560	442	18
233.0	11465	6	3	15221	8	440	190	17
233.0	10424	14	13	15222	14	505	1740	15
233.0	8995	25	26	15223	23	1802	1989	17
233.0	10715	11	12	15224	8	449	490	17
233.0	8163	12	12	15225	11	1533	160	16
234.0	12645	30	34	15226	24	385	439	15
234.0	6997	3	2	15227	4	440	1591	14
234.0	7888	15	14	15228	15	1374	123	16
234.0	13094	18	16	15229	17	1910	1067	17
234.0	12801	26	29	15230	23	936	197	16
234.0	10671	6	8	15231	4	1620	699	21
234.0	10541	11	9	15232	13	1160	1749	13
234.0	12555	19	22	15233	15	1089	1721	15
234.0	12884	4	7	15234	1	1944	1804	18
234.0	12053	7	6	15235	8	1869	1139	18
234.0	10834	2	2	15236	2	445	1619	13
234.0	9789	19	22	15237	15	1070	1874	12
234.0	12055	16	16	15238	15	99	617	16
234.0	11148	24	26	15239	19	1945	432	13
234.0	14005	47	41	15240	52	247	1788	19
234.0	13129	25	23	15241	26	1798	589	17
234.0	14151	1	1	15242	1	1019	217	15
234.0	9814	8	7	15243	8	118	1124	21
234.0	12270	17	20	15244	14	1916	1494	14
234.0	12991	17	16	15245	16	1983	1513	14
234.0	10189	50	48	15246	48	302	533	19
234.0	9611	21	20	15247	22	889	1933	19
234.0	12556	4	6	15248	0	648	1920	18
234.0	12994	29	22	15249	35	329	994	20
234.0	12057	52	46	15250	54	209	411	17
234.0	12862	6	8	15251	4	1813	998	17
234.0	8520	21	17	15252	24	379	981	20
234.0	10891	10	10	15253	9	1450	1647	17
234.0	10229	22	21	15254	23	1771	1999	12
234.0	11280	15	19	15255	10	1712	324	16
234.0	8768	22	20	15256	24	1734	1700	15
234.0	13462	4	2	15257	6	522	147	19
234.0	13779	40	38	15258	41	278	1788	19
234.0	13097	13	16	15259	10	93	636	12
234.0	10810	15	15	15260	15	1272	57	19
234.0	12120	24	23	15261	23	1440	391	13
234.0	10625	22	21	15262	23	1287	1897	12
234.0	10716	14	13	15263	15	1488	228	18
234.0	12415	15	15	15264	15	1179	207	18
234.0	12257	9	9	15265	9	750	1659	13
234.0	13658	42	37	15266	45	1912	1476	20
234.0	8754	34	36	15267	28	890	1983	14
234.0	14646	5	2	15268	7	1730	706	18
234.0	12837	34	37	15269	30	1662	1473	21
234.0	12574	11	10	15270	12	377	1748	19
234.0	12209	27	26	15271	28	1915	1203	17
234.0	9199	4	3	15272	5	497	219	18
234.0	14520	5	3	15273	7	1528	331	19
234.0	10558	10	11	15274	9	1668	1110	14
234.0	13513	15	14	15275	16	569	90	20
234.0	11867	13	11	15276	14	1231	220	19
234.0	13234	9	9	15277	8	685	73	19
234.0	10770	8	5	15278	10	1752	677	16
234.0	9702	9	9	15279	8	1817	1043	18
234.0	13803	21	24	15280	18	230	542	14
234.0	12817	30	32	15281	28	52	1595	18
234.0	11741	24	25	15282	21	79	25	15
234.0	13735	27	27	15283	26	1547	670	16
234.0	12107	54	45	15284	55	569	1971	19
234.0	11225	17	14	15285	18	195	890	19
234.0	12988	26	26	15286	25	1911	1679	15
234.0	12917	37	33	15287	39	1796	1521	15
234.0	12103	16	15	15288	17	538	1818	14
234.0	11578	39	40	15289	37	254	539	17
234.0	8921	39	41	15290	37	1999	1695	15
234.0	12421	23	23	15291	23	153	896	17
234.0	11338	17	13	15292	21	1089	1986	25
234.0	11978	22	22	15293	22	1883	1765	16
234.0	14201	9	10	15294	8	1516	371	18
234.0	10675	33	32	15295	32	59	1940	19
234.0	12630	37	36	15296	35	41	1513	18
234.0	10274	40	38	15297	39	23	1767	20
234.0	9878	21	23	15298	18	179	1164	15
234.0	11935	33	29	15299	36	288	1682	20
234.0	14164	33	28	15300	37	1709	1631	17
234.0	9506	11	10	15301	11	116	527	19
234.0	12797	22	17	15302	27	1649	1563	16
234.0	12182	19	14	15303	24	1803	862	17
234.0	13552	11	11	15304	10	1649	1781	19
234.0	12586	48	57	15305	37	102	176	16
234.0	11759	4	4	15306	4	1815	641	20
234.0	13397	12	12	15307	12	1766	1568	17
234.0	8178	13	11	15308	15	1432	1736	19
234.0	11796	30	27	15309	31	1749	1633	11
234.0	11662	4	4	15310	4	861	164	18
234.0	13000	14	14	15311	12	989	122	16
234.0	9265	8	6	15312	10	1751	703	17
234.0	11052	15	16	15313	14	53	1004	21
234.0	7462	16	17	15314	14	518	1853	15
234.0	12805	33	39	15315	27	353	1956	15
234.0	8360	15	15	15316	15	1640	1713	19
234.0	8329	22	24	15317	20	259	438	18
234.0	11671	19	23	15318	15	1719	1038	19
234.0	8875	15	15	15319	14	69	925	20
234.0	12759	14	14	15320	12	534	49	15
234.0	12470	29	26	15321	30	1640	1672	19
234.0	8151	13	18	15322	8	492	1411	19
234.0	7780	42	38	15323	44	1937	504	17
234.0	12455	19	15	15324	23	1594	1980	15
234.0	13172	3	1	15325	4	1699	498	18
234.0	12039	22	19	15326	25	391	274	15
234.0	12722	21	20	15327	21	820	1902	15
234.0	13701	26	23	15328	28	1777	1189	18
234.0	12389	23	24	15329	22	371	801	21
234.0	8983	24	23	15330	25	1999	208	16
234.0	12323	41	38	15331	43	1652	1920	19
234.0	8712	22	21	15332	20	420	500	17
234.0	13335	18	20	15333	15	271	1031	23
234.0	11039	13	13	15334	13	1621	323	16
234.0	12747	30	21	15335	37	233	1360	19
234.0	10818	3	3	15336	2	887	149	16
234.0	12509	0	0	15337	0	741	85	20
234.0	12634	32	24	15338	39	301	804	17
234.0	8786	7	5	15339	9	560	442	19
234.0	11817	13	15	15340	10	1289	1748	11
234.0	10397	16	20	15341	10	861	32	17
234.0	11780	14	15	15342	13	1815	880	14
234.0	12373	22	24	15343	19	1930	1492	15
234.0	10925	16	14	15344	17	400	1955	21
234.0	12592	0	0	15345	0	1911	1147	21
234.0	10312	19	23	15346	15	1161	92	17
234.0	12267	1	1	15347	1	1736	482	19
234.0	11619	23	28	15348	17	398	407	15
234.0	12429	5	3	15349	6	1185	1818	12
234.0	9150	16	18	15350	14	578	1936	18
234.0	7327	10	12	15351	8	1316	1777	11
234.0	7420	30	34	15352	24	510	1948	20
234.0	8461	0	0	15353	0	1788	827	20
234.0	11777	6	6	15354	6	670	153	19
234.0	9073	26	25	15355	26	1770	1853	14
234.0	9608	8	9	15356	6	1810	754	21
234.0	10271	5	4	15357	6	469	1574	13
234.0	13248	31	23	15358	37	1684	1787	16
234.0	11277	16	14	15359	18	322	799	16
234.0	12341	27	27	15360	23	161	464	17
234.0	12160	24	19	15361	28	1891	870	16
234.0	13208	25	26	15362	24	1313	1852	14
234.0	11544	34	30	15363	36	556	1743	17
234.0	11030	13	11	15364	13	469	312	16
234.0	12720	17	18	15365	15	1856	1221	16
234.0	12295	31	29	15366	31	1133	1732	19
234.0	12033	35	37	15367	29	257	848	16
234.0	11984	38	37	15368	36	35	1353	19
234.0	11762	31	24	15369	34	1724	1071	21
234.0	10234	12	9	15370	13	1121	182	18
234.0	8839	18	18	15371	16	1405	301	17
234.0	10095	35	38	15372	31	206	1431	23
234.0	11222	14	12	15373	15	177	546	18
234.0	9242	0	0	15374	0	1460	303	18
235.0	12619	23	20	15375	25	1432	145	15
235.0	13129	23	22	15376	21	1798	589	18
235.0	12092	24	23	15377	24	218	1169	16
235.0	11052	16	14	15378	17	53	1004	22
235.0	12075	11	13	15379	7	1914	1731	16
235.0	12988	26	24	15380	26	1911	1658	16
235.0	12405	14	15	15381	13	629	114	14
235.0	9116	13	8	15382	17	1260	1864	13
235.0	10785	37	28	15383	42	300	602	17
235.0	15035	36	39	15384	31	222	1245	24
235.0	9611	20	16	15385	22	889	1933	20
235.0	9878	23	21	15386	24	179	1164	16
235.0	13824	8	10	15387	6	1217	40	16
235.0	12341	27	30	15388	23	161	464	18
235.0	9102	27	32	15389	22	354	810	16
235.0	12155	15	17	15390	13	769	211	17
235.0	13473	4	4	15391	4	1314	134	14
235.0	11968	12	13	15392	10	46	1171	16
235.0	11028	21	16	15393	23	921	1831	26
235.0	11292	16	15	15394	17	1625	1889	14
235.0	10754	42	41	15395	42	16	1188	17
235.0	9349	26	20	15396	32	59	694	15
235.0	11054	20	18	15397	20	1803	1431	18
235.0	10703	33	35	15398	27	1914	844	12
235.0	7799	49	46	15399	50	319	1262	19
235.0	11030	11	12	15400	9	469	312	17
235.0	12279	14	16	15401	12	613	234	16
235.0	12268	17	19	15402	15	523	1687	20
235.0	12211	6	8	15403	3	1618	1580	15
235.0	13208	26	23	15404	26	1313	1852	15
235.0	10632	12	12	15405	12	62	1155	16
235.0	11035	9	9	15406	9	1708	1716	14
235.0	11189	30	30	15407	28	1090	1759	15
235.0	11796	27	33	15408	21	1749	1633	12
235.0	13356	47	48	15409	42	406	1429	18
235.0	12170	16	13	15410	19	1723	1757	16
235.0	12793	29	25	15411	31	1907	1364	12
235.0	11477	2	3	15412	1	744	121	19
235.0	12076	20	20	15413	20	340	405	14
235.0	10844	25	22	15414	25	240	1180	17
235.0	8366	40	42	15415	37	420	418	17
235.0	12004	10	7	15416	12	552	1839	14
235.0	12832	40	40	15417	36	333	1789	18
235.0	8711	7	8	15418	5	1500	1911	12
235.0	8766	15	15	15419	13	1620	1484	22
235.0	9265	6	8	15420	4	1751	703	18
235.0	12971	21	17	15421	24	1328	280	16
235.0	14099	14	15	15422	12	381	264	15
235.0	7757	2	3	15423	1	797	249	16
235.0	8546	15	15	15424	14	1280	1924	15
235.0	8604	18	16	15425	18	182	865	18
235.0	12241	14	12	15426	15	1556	261	17
235.0	9330	26	29	15427	22	612	34	20
235.0	11999	0	0	15428	0	830	288	17
235.0	12658	10	10	15429	10	1511	1876	16
235.0	7613	21	17	15430	24	1885	1999	18
235.0	13288	6	5	15431	7	1719	935	21
235.0	10712	53	48	15432	52	1893	1444	20
235.0	10716	13	8	15433	17	1488	228	19
235.0	10238	48	45	15434	49	1561	1450	19
235.0	9565	6	5	15435	7	890	1743	16
235.0	12498	22	15	15436	29	69	506	14
235.0	7997	32	34	15437	29	1618	1667	14
235.0	13526	19	20	15438	17	376	297	19
235.0	10624	19	17	15439	21	1625	191	17
235.0	12169	9	8	15440	10	271	831	17
235.0	10250	20	18	15441	21	667	93	16
235.0	11941	29	26	15442	31	33	1889	25
235.0	12862	8	9	15443	7	1813	998	18
235.0	9438	35	31	15444	36	0	1893	21
235.0	11501	37	38	15445	35	1707	1497	18
235.0	9716	43	38	15446	47	475	259	18
235.0	14460	9	6	15447	12	369	1690	17
235.0	10432	13	14	15448	12	440	1937	17
235.0	7219	2	4	15449	0	599	1638	18
235.0	11220	14	11	15450	17	1976	1776	11
235.0	11295	6	5	15451	7	1673	461	20
235.0	12613	16	15	15452	17	1528	232	18
235.0	12343	16	14	15453	18	1334	105	17
235.0	12848	29	30	15454	28	1779	1328	15
235.0	11935	29	27	15455	27	288	1682	21
235.0	11870	14	14	15456	14	1310	288	16
235.0	9038	46	51	15457	39	328	1193	18
235.0	10104	18	23	15458	13	1546	1861	16
235.0	12063	8	4	15459	12	351	686	17
235.0	13803	24	27	15460	21	216	556	15
235.0	7682	26	24	15461	28	1528	670	16
235.0	12147	52	49	15462	51	1865	1417	13
235.0	12377	37	36	15463	35	629	1670	14
235.0	12836	31	34	15464	27	1999	333	16
235.0	8462	11	15	15465	5	1485	1630	18
235.0	12038	30	27	15466	33	17	1174	16
235.0	10772	20	21	15467	19	1847	1379	13
235.0	9440	32	32	15468	32	77	404	17
235.0	10233	27	25	15469	28	238	399	17
235.0	13163	29	27	15470	30	450	1223	21
235.0	14697	1	0	15471	1	960	186	14
235.0	13450	35	31	15472	37	108	1528	18
235.0	12471	21	25	15473	15	1601	1579	18
235.0	12632	25	22	15474	28	1993	1238	14
235.0	11055	21	23	15475	17	1933	1958	14
235.0	10178	28	26	15476	29	1665	1802	16
235.0	12841	24	19	15477	29	213	860	11
235.0	13740	6	7	15478	5	805	121	16
235.0	11891	24	27	15479	20	91	1850	19
235.0	12555	22	22	15480	22	1089	1705	16
235.0	10896	20	23	15481	16	1990	1157	16
235.0	9469	2	2	15482	2	557	232	20
235.0	7695	15	14	15483	16	1459	263	14
235.0	13410	16	15	15484	17	316	581	19
235.0	8656	28	23	15485	32	1679	1307	20
235.0	9775	15	11	15486	19	157	613	22
235.0	11725	20	17	15487	18	1277	1947	14
235.0	12204	11	14	15488	8	1059	184	15
235.0	12890	20	20	15489	19	409	1477	20
235.0	9679	46	49	15490	40	1440	1780	17
235.0	9976	17	22	15491	12	1349	327	16
235.0	10558	11	10	15492	12	1668	1110	15
235.0	10576	20	14	15493	25	592	338	20
235.0	8397	23	22	15494	22	1607	1449	16
235.0	12737	49	47	15495	48	646	1594	16
235.0	13097	16	15	15496	16	93	636	13
235.0	13139	11	9	15497	12	489	283	16
235.0	12432	33	43	15498	21	382	372	18
236.0	13758	31	33	15499	26	1988	1002	15
236.0	8261	18	13	15500	22	1102	102	15
236.0	11582	8	10	15501	5	335	1539	19
236.0	12990	16	12	15502	17	378	1918	16
236.0	11867	11	13	15503	8	1231	220	20
236.0	11748	7	7	15504	7	381	1471	17
236.0	10831	21	22	15505	20	410	1831	19
236.0	13799	2	1	15506	3	846	1792	18
236.0	13965	26	28	15507	22	1829	1884	15
236.0	14061	33	26	15508	39	61	1957	19
236.0	12576	9	5	15509	12	1917	947	15
236.0	9853	11	10	15510	12	1259	1777	12
236.0	12311	34	34	15511	31	1758	608	17
236.0	7194	23	21	15512	25	1628	1389	18
236.0	12038	27	26	15513	28	17	1174	17
236.0	9611	16	14	15514	16	889	1933	21
236.0	10230	16	11	15515	21	263	892	21
236.0	9702	9	7	15516	11	1817	1043	19
236.0	9929	20	11	15517	29	103	1038	18
236.0	12110	19	16	15518	20	360	1918	20
236.0	14082	8	10	15519	6	403	1664	19
236.0	13189	12	10	15520	12	912	30	17
236.0	13723	8	7	15521	6	1809	686	17
236.0	7648	6	7	15522	5	642	1893	17
236.0	12468	23	19	15523	26	256	588	18
236.0	10785	28	28	15524	26	300	602	18
236.0	14750	28	33	15525	22	58	1322	18
236.0	9716	38	33	15526	41	475	259	19
236.0	12882	26	27	15527	22	1886	791	13
236.0	13556	17	19	15528	14	840	1648	15
236.0	8202	20	19	15529	20	1630	0	19
236.0	12758	15	17	15530	12	1077	142	15
236.0	8656	23	22	15531	22	1679	1307	21
236.0	12625	19	17	15532	20	676	43	14
236.0	12613	15	16	15533	13	1528	232	19
236.0	10645	16	16	15534	14	134	638	15
236.0	12775	10	11	15535	9	1243	212	17
236.0	6920	8	10	15536	6	831	141	14
236.0	10604	13	16	15537	9	249	1842	17
236.0	11397	15	15	15538	15	1459	1580	19
236.0	11464	30	35	15539	23	374	570	17
236.0	14073	23	22	15540	24	301	900	21
236.0	8875	15	12	15541	18	69	925	21
236.0	11972	38	32	15542	43	1641	1517	14
236.0	11621	14	8	15543	19	850	155	20
236.0	7181	11	12	15544	9	1938	978	16
236.0	11327	1	1	15545	1	1848	850	17
236.0	13512	19	20	15546	17	1671	1719	13
236.0	13418	11	12	15547	10	1344	152	15
236.0	11935	27	30	15548	23	288	1682	22
236.0	11151	25	26	15549	23	0	596	16
236.0	11260	31	36	15550	26	386	0	20
236.0	13513	14	19	15551	8	569	90	21
236.0	13208	23	20	15552	24	1313	1852	16
236.0	6979	30	26	15553	31	287	668	18
236.0	13149	7	5	15554	9	411	1544	18
236.0	8366	42	34	15555	47	420	418	18
236.0	10820	49	48	15556	50	330	1697	18
236.0	12405	15	17	15557	13	629	114	15
236.0	9775	11	12	15558	9	157	613	23
236.0	14101	27	27	15559	26	1776	1357	18
236.0	11458	10	11	15560	9	1673	1280	14
236.0	13796	13	12	15561	13	1036	251	15
236.0	13129	22	23	15562	21	1798	589	19
236.0	7921	46	46	15563	46	500	1998	20
236.0	10238	45	45	15564	45	1561	1450	20
236.0	8461	0	0	15565	0	1788	827	21
236.0	12648	13	11	15566	15	1799	1185	16
236.0	12531	15	18	15567	11	1795	664	18
236.0	12546	39	44	15568	33	133	1838	24
236.0	12841	19	17	15569	20	195	860	12
236.0	8051	30	28	15570	32	138	877	11
236.0	13996	9	6	15571	12	1869	1264	17
236.0	10117	21	22	15572	19	145	47	15
236.0	13232	11	7	15573	14	468	172	15
236.0	12354	7	5	15574	8	1924	1067	17
236.0	11394	29	24	15575	32	210	822	19
236.0	7613	17	22	15576	12	1885	1999	19
236.0	13350	30	29	15577	30	30	539	13
236.0	10333	28	36	15578	20	1894	426	15
236.0	8039	23	19	15579	25	364	1999	17
236.0	10613	20	16	15580	24	93	899	23
236.0	10402	36	41	15581	30	23	744	21
236.0	13092	40	38	15582	42	1559	302	17
236.0	7445	29	31	15583	24	914	221	20
236.0	13401	22	23	15584	21	141	1065	17
236.0	12185	20	21	15585	19	1253	66	14
236.0	12113	20	22	15586	18	431	55	14
236.0	10002	8	10	15587	5	1848	742	17
236.0	13366	12	11	15588	13	490	358	19
236.0	13543	45	46	15589	40	278	1371	23
236.0	11541	16	14	15590	17	1929	1989	15
236.0	10449	41	40	15591	37	110	1717	17
236.0	7252	15	10	15592	20	198	1333	20
236.0	7336	27	29	15593	23	1842	758	13
236.0	8020	1	1	15594	1	1562	342	20
236.0	11736	17	23	15595	11	610	90	16
236.0	13644	27	23	15596	28	1480	1914	14
236.0	11155	20	22	15597	17	1891	1688	15
236.0	12788	33	33	15598	32	1994	391	13
236.0	13787	11	9	15599	12	1588	157	18
236.0	13265	12	13	15600	10	1669	717	20
236.0	12034	21	20	15601	22	1470	130	14
236.0	12890	20	28	15602	12	427	1477	21
236.0	11553	7	5	15603	9	679	420	16
236.0	11419	9	12	15604	5	716	187	17
236.0	12352	19	16	15605	22	540	1702	18
236.0	11955	2	1	15606	3	815	241	18
236.0	12014	24	21	15607	24	558	317	16
236.0	11860	7	4	15608	9	1350	53	18
236.0	11454	29	20	15609	33	1505	1768	11
236.0	14039	11	7	15610	15	545	121	14
236.0	9976	22	22	15611	20	1349	327	17
236.0	9990	14	12	15612	15	1736	1282	16
236.0	12634	24	18	15613	30	301	804	18
236.0	9531	20	22	15614	17	56	438	20
236.0	11954	16	12	15615	19	1502	413	17
236.0	14533	8	10	15616	6	394	1631	15
236.0	11644	29	36	15617	21	211	1508	16
236.0	12227	11	14	15618	7	1819	1093	17
236.0	12007	25	24	15619	24	404	390	15
236.0	11725	17	18	15620	16	1277	1947	15
236.0	10501	19	24	15621	14	1663	1770	20
236.0	7682	24	25	15622	20	1528	670	17
236.0	11243	19	23	15623	15	1827	1959	15
236.0	10869	11	12	15624	10	859	1999	15
236.0	12320	27	21	15625	33	1943	1048	18
237.0	13083	45	45	15626	43	271	1828	17
237.0	13418	12	10	15627	13	1344	152	16
237.0	11071	38	31	15628	44	362	1188	15
237.0	12657	1	1	15629	0	1482	269	17
237.0	14048	9	9	15630	9	1827	1680	15
237.0	14616	23	20	15631	26	1783	1504	16
237.0	7783	16	16	15632	14	420	1866	19
237.0	13173	16	21	15633	11	177	506	18
237.0	11449	12	9	15634	14	320	1176	17
237.0	12092	23	19	15635	26	203	1154	17
237.0	10482	30	27	15636	31	1909	218	15
237.0	14164	28	34	15637	22	1709	1631	18
237.0	12892	10	10	15638	10	787	103	14
237.0	11653	7	7	15639	7	960	329	16
237.0	11964	7	7	15640	6	1463	156	15
237.0	10644	6	7	15641	5	1300	1892	10
237.0	13454	6	6	15642	6	674	229	17
237.0	8885	2	0	15643	4	1632	423	21
237.0	11592	10	8	15644	12	1755	531	18
237.0	15133	11	10	15645	12	1897	1794	13
237.0	12027	39	39	15646	39	1823	1999	16
237.0	9090	7	8	15647	6	686	180	20
237.0	13368	4	6	15648	2	1751	806	16
237.0	10961	26	25	15649	24	1668	224	17
237.0	6882	16	19	15650	13	709	1736	18
237.0	10425	2	3	15651	1	1704	441	17
237.0	12554	19	23	15652	14	133	500	19
237.0	12499	11	11	15653	10	839	230	15
237.0	8900	24	21	15654	26	330	431	14
237.0	9191	19	17	15655	19	1999	909	17
237.0	12779	11	10	15656	12	1665	650	16
237.0	11484	2	4	15657	0	647	1977	17
237.0	13249	3	1	15658	5	1572	386	20
237.0	10402	41	43	15659	38	23	744	22
237.0	13171	31	32	15660	30	238	989	22
237.0	11038	7	6	15661	7	1650	1539	17
237.0	7730	14	8	15662	20	609	1581	15
237.0	11998	13	12	15663	14	954	1828	17
237.0	13761	23	24	15664	21	1386	103	17
237.0	14140	23	24	15665	21	1912	1577	19
237.0	11060	20	16	15666	22	314	1924	19
237.0	12758	17	16	15667	18	1077	142	16
237.0	7219	4	4	15668	4	599	1638	19
237.0	13272	11	9	15669	13	354	1868	19
237.0	11996	14	14	15670	14	485	420	16
237.0	8712	21	17	15671	24	420	500	18
237.0	11459	26	21	15672	30	226	1220	18
237.0	11888	39	31	15673	44	1741	1327	17
237.0	11926	8	7	15674	9	659	1839	17
237.0	12681	9	8	15675	6	506	1817	21
237.0	10147	14	12	15676	16	1814	1278	19
237.0	12513	11	12	15677	9	906	96	16
237.0	12618	26	26	15678	25	1745	1821	17
237.0	7422	9	7	15679	11	516	40	15
237.0	12670	19	22	15680	15	1977	955	15
237.0	12730	21	20	15681	22	1114	1907	15
237.0	13612	10	13	15682	7	558	1807	20
237.0	8207	10	5	15683	15	731	1724	12
237.0	13140	22	26	15684	18	340	856	16
237.0	11194	15	11	15685	19	1444	1914	17
237.0	13943	4	4	15686	4	1430	1823	19
237.0	11003	22	23	15687	21	1179	77	16
237.0	12060	24	23	15688	23	504	167	17
237.0	10871	30	31	15689	25	1147	1851	23
237.0	12627	24	23	15690	23	845	1932	13
237.0	13435	24	25	15691	22	1981	1273	16
237.0	11278	37	41	15692	32	1959	874	14
237.0	10405	40	39	15693	39	1727	1553	12
237.0	11426	2	0	15694	4	818	277	18
237.0	9707	15	19	15695	11	1698	1292	16
237.0	9438	31	25	15696	37	0	1893	22
237.0	12066	36	37	15697	33	46	1862	18
237.0	10268	11	11	15698	10	479	1808	21
237.0	12841	17	14	15699	20	213	860	13
237.0	8524	48	39	15700	55	780	1630	20
237.0	13856	19	14	15701	21	1711	259	18
237.0	11553	5	4	15702	6	679	420	17
237.0	12315	43	41	15703	44	227	334	14
237.0	11699	15	17	15704	13	359	1785	20
237.0	11942	23	22	15705	23	17	1404	18
237.0	9258	18	18	15706	17	1641	666	14
237.0	11700	23	24	15707	21	59	771	13
237.0	9679	49	47	15708	50	1440	1780	18
237.0	10643	9	9	15709	9	1825	847	14
237.0	11495	23	25	15710	21	335	259	17
237.0	11100	12	9	15711	12	1354	18	16
237.0	13780	35	34	15712	35	1167	1885	20
237.0	10272	34	31	15713	32	1493	1858	15
237.0	9193	8	6	15714	9	1439	438	16
237.0	12796	20	18	15715	21	280	417	17
237.0	12118	10	7	15716	12	75	970	19
237.0	13234	9	9	15717	9	668	73	20
237.0	13087	9	7	15718	9	907	1974	17
237.0	10240	18	16	15719	19	865	1566	14
237.0	13616	5	5	15720	5	1739	775	18
237.0	9775	12	13	15721	11	157	613	24
237.0	10207	12	13	15722	11	1985	1050	17
237.0	10449	40	43	15723	36	110	1717	18
237.0	13072	20	22	15724	17	537	1660	22
237.0	8493	26	33	15725	19	362	1258	17
237.0	13205	15	14	15726	16	1871	1358	16
237.0	12201	10	10	15727	10	206	1302	19
237.0	11464	35	44	15728	25	374	570	18
237.0	13125	12	7	15729	17	1374	71	16
237.0	12000	29	27	15730	29	139	767	19
237.0	9716	33	26	15731	36	475	259	20
237.0	12614	12	12	15732	10	1347	172	17
237.0	10639	33	35	15733	30	225	1951	19
237.0	10807	12	11	15734	13	1347	226	17
237.0	12536	16	22	15735	10	1599	629	19
237.0	9412	6	6	15736	6	1569	421	22
237.0	11870	14	16	15737	12	1310	288	17
237.0	7054	6	7	15738	5	855	273	19
237.0	10220	15	17	15739	13	1957	1781	18
237.0	14255	23	23	15740	22	295	730	17
237.0	12553	41	37	15741	45	68	1876	19
237.0	11365	17	20	15742	13	1919	1300	19
237.0	11919	14	15	15743	13	1384	251	15
237.0	13758	33	33	15744	33	1988	1002	16
237.0	10247	22	23	15745	20	208	912	17
237.0	8313	11	8	15746	14	1284	1793	15
237.0	8939	21	22	15747	20	1851	1044	15
237.0	10728	37	32	15748	39	1129	1825	11
237.0	13595	7	5	15749	9	599	1849	12
237.0	9976	22	17	15750	26	1349	327	18
237.0	13273	7	5	15751	9	608	1927	17
237.0	10499	17	18	15752	15	1558	1582	18
237.0	12432	43	38	15753	46	382	372	19
237.0	10591	43	35	15754	48	611	1947	17
238.0	10500	13	13	15755	13	530	1588	13
238.0	8903	5	5	15756	5	393	1523	18
238.0	12420	17	18	15757	16	230	874	20
238.0	12537	12	8	15758	16	1260	195	16
238.0	13222	6	7	15759	5	1728	896	18
238.0	9904	30	31	15760	27	503	309	20
238.0	12263	19	22	15761	16	1306	121	16
238.0	7583	9	5	15762	13	1019	120	19
238.0	11725	18	15	15763	21	1277	1947	16
238.0	10949	14	15	15764	13	964	59	17
238.0	12802	37	29	15765	44	48	15	18
238.0	11278	41	40	15766	40	1959	874	15
238.0	12189	35	30	15767	37	314	1623	21
238.0	11457	37	29	15768	44	119	1353	18
238.0	13022	14	13	15769	14	1913	1809	19
238.0	9102	32	24	15770	37	354	810	17
238.0	7799	46	39	15771	51	319	1262	20
238.0	12315	41	41	15772	40	227	334	15
238.0	11459	21	15	15773	27	226	1220	19
238.0	13008	9	11	15774	6	368	1720	18
238.0	8633	19	16	15775	22	1510	1858	17
238.0	12985	25	25	15776	23	983	45	18
238.0	7194	21	20	15777	22	1628	1389	19
238.0	10641	20	22	15778	16	1645	1860	18
238.0	11998	12	15	15779	8	954	1828	18
238.0	14344	23	22	15780	22	280	438	18
238.0	10188	20	26	15781	13	1480	1716	17
238.0	11592	8	7	15782	9	1755	531	19
238.0	13406	23	20	15783	25	1802	1592	12
238.0	8352	10	10	15784	10	735	1941	16
238.0	12837	37	33	15785	40	1662	1473	22
238.0	11012	22	22	15786	19	1222	253	17
238.0	14022	23	22	15787	23	1750	1470	15
238.0	12626	3	5	15788	1	705	1809	15
238.0	12108	2	0	15789	4	924	161	13
238.0	12964	12	9	15790	14	1209	77	15
238.0	9861	25	31	15791	19	1682	603	16
238.0	11099	17	17	15792	15	277	1316	18
238.0	13137	41	41	15793	38	1607	1947	19
238.0	13624	12	10	15794	14	1388	18	16
238.0	10344	13	10	15795	12	1978	1634	18
238.0	10491	39	41	15796	34	223	1009	18
238.0	9917	22	23	15797	21	1926	867	19
238.0	13553	16	19	15798	12	409	1592	10
238.0	8876	9	11	15799	6	215	678	18
238.0	8759	13	14	15800	12	1602	1270	17
238.0	9777	6	7	15801	5	1696	890	19
238.0	13679	6	3	15802	8	1630	444	21
238.0	12286	13	11	15803	13	1856	821	14
238.0	8360	15	9	15804	19	1640	1713	20
238.0	14255	23	24	15805	21	295	730	18
238.0	15133	10	6	15806	13	1897	1794	14
238.0	13770	8	9	15807	6	1520	128	16
238.0	10432	14	12	15808	15	440	1937	18
238.0	9504	4	2	15809	3	982	101	16
238.0	10627	14	7	15810	21	978	1969	17
238.0	12779	10	12	15811	8	1665	650	17
238.0	9642	7	6	15812	7	1128	1884	14
238.0	12621	14	18	15813	10	637	147	20
238.0	13290	9	9	15814	9	685	90	20
238.0	13668	8	7	15815	9	1400	257	16
238.0	10781	18	18	15816	16	1925	350	13
238.0	10499	18	19	15817	16	1558	1582	19
238.0	12321	14	15	15818	12	1979	857	14
238.0	10518	6	6	15819	6	1888	1182	21
238.0	10229	21	19	15820	20	1771	1999	13
238.0	13924	9	9	15821	9	1937	1838	12
238.0	9090	8	9	15822	7	686	180	21
238.0	12596	16	14	15823	18	1697	238	16
238.0	10770	5	2	15824	6	1752	677	17
238.0	13108	29	32	15825	24	0	1478	17
238.0	12751	29	25	15826	33	642	52	15
238.0	8249	18	14	15827	22	358	219	12
238.0	15250	54	47	15828	53	254	299	18
238.0	14155	21	20	15829	21	401	1922	17
238.0	14565	20	21	15830	18	1663	1800	20
238.0	14656	37	36	15831	36	1738	1621	17
238.0	11838	30	32	15832	27	176	1496	21
238.0	12676	22	18	15833	26	1819	176	12
238.0	12911	5	5	15834	5	627	272	21
238.0	12607	33	26	15835	39	351	1318	18
238.0	13100	9	11	15836	7	288	1097	21
238.0	10335	10	11	15837	8	652	1736	15
238.0	12192	10	7	15838	13	543	242	13
238.0	12758	16	18	15839	14	1077	142	17
238.0	15391	4	1	15840	7	1325	122	15
238.0	13721	23	21	15841	22	1803	1651	12
238.0	10754	41	44	15842	36	16	1188	18
238.0	10398	60	49	15843	51	1880	1522	16
238.0	12553	37	40	15844	34	68	1856	20
238.0	11255	26	22	15845	28	113	840	15
238.0	11058	21	23	15846	18	1999	416	16
238.0	11217	24	21	15847	26	1537	85	14
238.0	10815	14	11	15848	15	486	271	16
238.0	12403	18	15	15849	21	1957	914	17
238.0	12906	18	9	15850	26	223	359	16
238.0	13414	27	31	15851	21	1468	1693	14
238.0	9723	13	14	15852	11	343	1899	18
238.0	11225	14	13	15853	15	182	877	20
238.0	12070	19	19	15854	18	1581	324	17
238.0	9647	12	13	15855	11	1926	1720	18
238.0	10473	28	26	15856	27	609	1696	19
238.0	11434	12	7	15857	15	1542	1833	15
238.0	11662	4	4	15858	4	861	164	19
238.0	11672	58	50	15859	50	1691	1525	19
238.0	12191	11	11	15860	9	1955	1514	14
238.0	7022	35	28	15861	40	1669	838	19
238.0	7611	15	20	15862	9	1976	1966	18
238.0	12109	2	1	15863	3	737	1857	18
238.0	10322	39	47	15864	29	626	1800	15
238.0	9135	7	6	15865	8	821	199	17
238.0	11641	23	25	15866	19	49	910	20
238.0	14674	11	11	15867	10	636	311	22
238.0	10841	19	17	15868	20	1675	266	15
238.0	12894	14	17	15869	11	1942	1481	14
238.0	14020	5	5	15870	5	1695	349	19
238.0	10449	43	52	15871	31	110	1717	19
238.0	9315	17	16	15872	18	1619	1600	17
238.0	7142	17	17	15873	17	69	1364	16
238.0	11931	6	9	15874	3	387	1841	22
238.0	12573	15	12	15875	17	906	1837	23
238.0	11941	26	26	15876	26	61	1889	26
238.0	9621	9	13	15877	5	1269	183	16
238.0	12271	18	14	15878	22	219	431	15
238.0	13522	19	16	15879	21	1040	1796	16
238.0	7541	10	10	15880	9	1685	1230	18
238.0	11464	44	52	15881	35	374	570	19
238.0	13714	5	3	15882	7	408	1813	23
238.0	13856	14	14	15883	14	1711	259	19
238.0	11175	0	0	15884	0	729	93	22
238.0	11227	9	7	15885	11	49	484	17
238.0	7836	53	56	15886	44	605	1999	20
238.0	10583	12	15	15887	9	1424	0	15
238.0	12852	33	37	15888	29	274	1989	22
238.0	12889	4	5	15889	3	1761	379	17
238.0	14231	44	39	15890	46	183	1947	19
238.0	13955	19	20	15891	18	165	342	15
238.0	13421	4	6	15892	2	709	1829	17
238.0	10639	35	38	15893	31	225	1951	20
239.0	12217	20	21	15894	19	311	920	16
239.0	13832	18	11	15895	25	116	514	18
239.0	12549	0	0	15896	0	1613	470	17
239.0	13505	18	19	15897	15	554	283	18
239.0	13352	13	14	15898	11	1510	66	15
239.0	10963	19	21	15899	17	354	110	18
239.0	12609	19	9	15900	29	500	610	15
239.0	13295	13	10	15901	16	915	1938	17
239.0	13327	19	20	15902	17	1289	1869	10
239.0	13444	17	16	15903	17	313	1321	18
239.0	11688	19	18	15904	20	467	1746	21
239.0	8229	9	7	15905	11	1863	1373	18
239.0	13101	23	22	15906	22	980	221	17
239.0	12927	17	16	15907	17	1862	1304	16
239.0	11618	12	11	15908	12	185	1063	18
239.0	7195	9	7	15909	10	388	1691	20
239.0	11369	13	16	15910	9	1639	969	16
239.0	12772	9	6	15911	12	1630	1803	19
239.0	9393	22	20	15912	24	141	1089	13
239.0	12502	32	26	15913	37	50	745	13
239.0	11149	0	0	15914	0	755	71	19
239.0	12189	30	28	15915	31	314	1623	22
239.0	10472	11	12	15916	10	685	107	20
239.0	11838	32	29	15917	35	176	1496	22
239.0	7452	4	2	15918	6	723	109	19
239.0	13553	19	18	15919	19	409	1592	11
239.0	14436	35	34	15920	35	42	1893	21
239.0	13704	26	22	15921	30	1962	397	17
239.0	10754	44	51	15922	34	16	1188	19
239.0	10893	10	14	15923	5	728	1639	16
239.0	8669	32	27	15924	36	143	1333	20
239.0	12732	24	24	15925	23	1784	1746	13
239.0	15064	29	26	15926	31	1761	1504	17
239.0	9565	5	6	15927	4	890	1743	17
239.0	10308	23	19	15928	26	982	1759	20
239.0	6997	2	1	15929	3	440	1572	15
239.0	11130	30	24	15930	34	1861	1989	15
239.0	14255	24	22	15931	26	295	730	19
239.0	12155	17	13	15932	19	769	211	18
239.0	12066	37	31	15933	43	46	1846	19
239.0	8674	34	38	15934	29	1389	149	14
239.0	11217	21	23	15935	19	1537	85	15
239.0	12122	32	35	15936	28	81	1300	18
239.0	11586	16	15	15937	17	1520	263	17
239.0	10657	11	12	15938	9	1319	81	18
239.0	12447	14	10	15939	18	1742	349	15
239.0	13450	31	24	15940	37	117	1612	19
239.0	13856	14	21	15941	7	1711	259	20
239.0	11467	11	12	15942	9	61	1679	17
239.0	11029	19	20	15943	17	1580	1966	15
239.0	13261	15	21	15944	9	1827	550	17
239.0	9499	9	9	15945	9	833	112	21
239.0	12617	17	19	15946	14	1896	1109	16
239.0	10538	19	15	15947	23	467	520	16
239.0	11995	16	16	15948	16	109	893	17
239.0	10790	53	52	15949	48	234	1794	19
239.0	13210	17	17	15950	16	761	1610	21
239.0	10582	9	6	15951	12	477	1792	22
239.0	13020	21	22	15952	18	98	13	18
239.0	12635	10	11	15953	8	644	1949	15
239.0	12690	7	8	15954	6	275	758	17
239.0	12084	12	4	15955	19	239	894	18
239.0	11248	14	9	15956	18	1694	294	19
239.0	11935	30	32	15957	28	262	1682	23
239.0	11573	7	8	15958	6	1845	1188	18
239.0	8903	5	3	15959	7	377	1507	19
239.0	10209	14	16	15960	12	1760	1152	21
239.0	12740	16	13	15961	18	151	1216	20
239.0	8875	12	13	15962	11	69	925	22
239.0	11828	24	27	15963	18	1928	1585	15
239.0	10906	12	14	15964	8	1782	578	15
239.0	7108	45	47	15965	41	430	759	21
239.0	14289	49	49	15966	48	1763	1351	17
239.0	12190	26	20	15967	28	1828	1742	16
239.0	8637	40	40	15968	39	115	1433	20
239.0	9425	21	15	15969	25	1393	328	15
239.0	12665	7	5	15970	8	917	1883	19
239.0	12515	18	18	15971	18	1678	1770	17
239.0	12758	18	20	15972	15	1077	142	18
239.0	13313	24	21	15973	25	338	471	15
239.0	13428	21	15	15974	27	988	1944	17
239.0	13412	5	5	15975	5	490	1590	13
239.0	12006	12	15	15976	8	382	1678	17
239.0	11112	8	9	15977	7	1520	1440	12
239.0	11734	33	35	15978	26	1984	961	15
239.0	7799	39	37	15979	38	319	1262	21
239.0	9156	17	17	15980	17	0	1069	23
239.0	13586	14	18	15981	10	1630	1009	17
239.0	12046	20	17	15982	22	1216	1936	12
239.0	11611	2	2	15983	2	1608	290	19
239.0	10246	20	22	15984	17	379	1553	17
239.0	11808	26	22	15985	28	1455	1962	15
239.0	7022	28	28	15986	27	1669	838	20
239.0	7231	13	15	15987	11	1691	664	17
239.0	14022	22	28	15988	16	1750	1470	16
239.0	8002	42	35	15989	44	45	115	19
239.0	13866	5	6	15990	4	1219	311	16
239.0	13150	4	5	15991	3	1685	531	20
239.0	14435	13	10	15992	15	1444	36	19
239.0	11773	10	15	15993	5	1259	1650	13
239.0	12852	37	37	15994	35	274	1989	23
239.0	7599	14	9	15995	18	745	240	14
239.0	11576	19	22	15996	15	1261	1759	12
239.0	11087	28	30	15997	24	580	1632	23
239.0	12532	33	31	15998	34	1759	1897	15
239.0	13381	12	7	15999	16	99	1077	19
239.0	12210	26	28	16000	23	76	301	18
239.0	9376	2	2	16001	2	1575	451	18
239.0	12296	25	29	16002	19	207	470	15
239.0	11239	39	36	16003	41	1327	1910	15
239.0	13714	3	5	16004	1	408	1813	24
239.0	14155	20	18	16005	22	401	1922	18
239.0	13193	16	13	16006	18	59	1089	18
239.0	13946	4	3	16007	5	294	204	19
239.0	10047	42	45	16008	36	52	42	19
239.0	12765	14	13	16009	14	1610	1352	17
239.0	11641	25	25	16010	24	49	910	21
239.0	12823	36	38	16011	33	1701	1646	18
239.0	12420	18	19	16012	15	230	855	21
239.0	14037	21	25	16013	15	202	1099	13
240.0	10466	24	27	16014	20	1290	72	17
240.0	14155	18	10	16015	25	401	1922	19
240.0	13381	7	7	16016	7	117	1077	20
240.0	9396	26	27	16017	24	1113	1790	21
240.0	13893	6	7	16018	4	391	188	17
240.0	13165	6	6	16019	6	725	1959	15
240.0	9330	29	29	16020	28	612	34	21
240.0	13304	14	12	16021	16	1728	1716	14
240.0	13543	46	50	16022	39	278	1371	24
240.0	12711	21	23	16023	19	309	1138	19
240.0	12465	16	14	16024	14	365	472	15
240.0	10304	7	4	16025	10	1277	1680	11
240.0	11641	25	21	16026	26	49	910	22
240.0	8211	12	12	16027	11	320	1431	17
240.0	8102	23	25	16028	20	1844	1619	17
240.0	13129	23	20	16029	26	1798	589	20
240.0	12040	36	38	16030	32	1845	1337	18
240.0	13111	4	2	16031	5	593	1669	16
240.0	12036	11	9	16032	12	1903	972	17
240.0	13335	20	16	16033	22	271	1031	24
240.0	10795	8	9	16034	7	1226	53	19
240.0	14824	2	1	16035	3	1370	450	19
240.0	8895	27	27	16036	26	422	1120	17
240.0	15021	49	46	16037	52	399	771	21
240.0	9093	12	12	16038	12	668	1853	17
240.0	11568	24	23	16039	25	1699	1553	12
240.0	12190	20	23	16040	16	1828	1742	17
240.0	13075	13	11	16041	14	1964	1164	16
240.0	8557	0	0	16042	0	1553	470	18
240.0	13073	9	8	16043	9	419	454	16
240.0	12202	39	42	16044	35	328	979	16
240.0	11786	7	7	16045	7	493	1768	18
240.0	13608	24	25	16046	22	252	382	13
240.0	10554	23	23	16047	21	1751	409	18
240.0	14217	16	14	16048	18	593	43	16
240.0	10903	34	33	16049	34	264	1408	19
240.0	10854	14	17	16050	10	556	133	15
240.0	13053	38	43	16051	30	579	54	17
240.0	9511	25	19	16052	30	202	1013	19
240.0	12832	40	43	16053	34	333	1789	19
240.0	12330	22	22	16054	22	1679	1736	15
240.0	8203	28	24	16055	31	229	1895	22
240.0	13362	21	20	16056	22	1804	1267	18
240.0	10538	15	15	16057	13	467	520	17
240.0	7123	11	12	16058	10	409	1555	17
240.0	10663	22	24	16059	20	212	1634	17
240.0	7663	25	28	16060	19	537	0	20
240.0	12848	30	30	16061	28	1779	1328	16
240.0	12954	24	29	16062	18	1848	1728	16
240.0	8051	28	29	16063	26	93	850	12
240.0	9349	20	18	16064	22	59	694	16
240.0	12297	47	46	16065	46	326	1382	17
240.0	10147	12	14	16066	10	1831	1278	20
240.0	12058	15	10	16067	18	1793	1558	14
240.0	9567	13	17	16068	9	0	923	18
240.0	12376	16	16	16069	13	1610	272	18
240.0	14646	2	1	16070	3	1730	706	19
240.0	13956	23	14	16071	30	1637	235	17
240.0	14436	34	30	16072	36	42	1893	22
240.0	12296	29	19	16073	37	207	470	16
240.0	13990	8	8	16074	8	281	1539	18
240.0	13005	27	24	16075	29	589	252	20
240.0	13470	13	14	16076	12	1836	773	13
240.0	11397	15	13	16077	16	1459	1580	20
240.0	13176	8	5	16078	11	1886	947	16
240.0	8922	22	21	16079	23	1668	584	16
240.0	15548	23	19	16080	25	249	1711	23
240.0	12788	33	29	16081	35	1994	391	14
240.0	12074	16	22	16082	10	251	762	15
240.0	14205	23	21	16083	25	1657	38	19
240.0	12755	42	39	16084	45	70	873	20
240.0	11187	19	24	16085	14	326	669	20
240.0	14151	1	0	16086	2	1019	217	16
240.0	13721	21	13	16087	29	1803	1651	13
240.0	13405	26	19	16088	31	1422	1785	14
240.0	9949	8	6	16089	10	529	1891	18
240.0	14385	24	22	16090	24	291	771	21
240.0	13250	26	22	16091	30	179	1241	14
240.0	13581	3	5	16092	1	1665	511	20
240.0	14452	43	54	16093	32	216	497	17
240.0	12901	22	19	16094	24	203	611	22
240.0	13365	7	9	16095	5	150	1359	18
240.0	12640	17	17	16096	16	285	1820	18
240.0	12879	37	34	16097	39	262	1940	21
240.0	13554	13	8	16098	16	548	1918	15
240.0	12182	14	17	16099	11	1805	834	18
240.0	14426	30	31	16100	26	1485	178	21
240.0	10715	12	11	16101	13	438	479	18
240.0	7997	34	32	16102	35	1618	1667	15
240.0	12324	13	12	16103	14	1670	1353	16
240.0	11591	3	5	16104	1	630	1598	13
240.0	12448	29	28	16105	30	147	809	20
240.0	14340	23	24	16106	22	1405	211	18
240.0	14148	19	19	16107	17	199	789	20
240.0	12586	57	52	16108	48	102	176	17
240.0	8674	38	39	16109	34	1389	149	15
240.0	12870	4	5	16110	3	343	177	17
240.0	13462	2	1	16111	2	507	132	20
240.0	9842	13	13	16112	12	978	1955	18
240.0	11696	3	2	16113	3	1443	290	17
240.0	8754	36	40	16114	30	890	1983	15
240.0	14680	11	15	16115	6	292	1004	22
240.0	12146	44	34	16116	51	1559	1541	19
240.0	13586	18	22	16117	14	1630	1009	18
240.0	8800	30	31	16118	29	1960	1319	13
240.0	13576	39	38	16119	37	475	229	15
240.0	14067	5	5	16120	5	1260	1864	13
240.0	11419	12	11	16121	13	716	187	18
240.0	12850	27	27	16122	27	1986	1953	14
240.0	12878	31	23	16123	38	1606	1649	14
240.0	12268	19	19	16124	15	523	1687	21
240.0	13986	40	45	16125	33	282	1293	19
240.0	11061	22	17	16126	27	233	1042	11
240.0	10963	21	17	16127	24	354	110	19
240.0	10831	22	26	16128	17	422	1843	20
240.0	10950	18	15	16129	20	1681	1753	14
240.0	11519	34	30	16130	35	60	1494	18
240.0	12623	2	1	16131	3	456	349	17
240.0	12066	31	35	16132	26	46	1846	20
240.0	13841	19	16	16133	19	640	1839	17
240.0	9547	44	44	16134	40	300	0	16
240.0	10149	4	4	16135	3	1851	489	20
240.0	14174	21	24	16136	17	1832	1478	18
240.0	12726	33	39	16137	27	384	1569	19
240.0	13749	22	27	16138	17	477	46	13
240.0	9389	22	26	16139	18	1013	1912	15
240.0	13565	15	20	16140	10	380	125	18
240.0	12301	27	27	16141	26	169	1371	17
240.0	11656	48	51	16142	44	1860	33	14
240.0	12707	25	27	16143	22	235	642	16
240.0	9275	6	3	16144	9	1779	643	20
240.0	11215	28	31	16145	23	211	293	13
240.0	11285	6	7	16146	5	1762	931	22
240.0	12517	31	26	16147	33	1819	1700	12
240.0	13146	16	19	16148	12	1801	1792	12
240.0	13158	22	23	16149	21	1905	991	18
240.0	12598	11	10	16150	12	1653	1589	17
240.0	12348	47	47	16151	44	390	1146	18
240.0	14925	11	10	16152	11	1763	1679	18
240.0	12447	10	9	16153	9	1742	349	16
240.0	11842	31	22	16154	39	28	562	14
