time_hr	parent_id	parent_ecDNA_before	parent_ecDNA_after	daughter_id	daughter_ecDNA	x	y	generation
26.0	6866	20	20	6868	19	900	900	1
29.0	6865	20	20	6869	17	1000	1000	1
30.0	6867	20	22	6870	17	1180	922	1
31.0	6865	20	20	6871	20	1000	1000	2
31.0	6867	22	22	6872	20	1180	922	2
41.0	6867	22	19	6873	25	1180	922	3
43.0	6866	20	16	6874	21	765	817	2
48.0	6871	20	26	6875	13	1020	1000	3
49.0	6866	16	16	6876	15	772	743	3
50.0	6868	19	23	6877	14	1076	818	2
51.0	6866	16	15	6878	17	772	743	4
53.0	6865	20	20	6879	19	1000	1000	3
56.0	6872	20	21	6880	19	1322	1051	3
56.0	6868	23	24	6881	21	1076	818	3
57.0	6871	26	29	6882	22	1020	1000	4
58.0	6866	15	10	6883	19	772	743	5
59.0	6870	17	14	6884	19	1259	1095	2
60.0	6867	19	19	6885	18	1330	873	4
61.0	6875	13	12	6886	14	1109	1026	4
63.0	6882	22	25	6887	18	997	1277	5
65.0	6865	20	20	6888	20	1000	1000	4
65.0	6879	19	22	6889	16	1096	1383	4
66.0	6865	20	26	6890	13	1000	1000	5
68.0	6875	12	13	6891	11	1163	1058	5
68.0	6868	24	15	6892	33	1076	818	4
69.0	6869	17	19	6893	14	1025	944	2
69.0	6867	19	20	6894	17	1366	793	5
71.0	6873	25	29	6895	19	1194	907	4
71.0	6878	17	21	6896	13	883	810	5
72.0	6873	29	30	6897	26	1194	907	5
72.0	6876	15	14	6898	14	707	720	4
72.0	6884	19	20	6899	17	1099	1083	3
73.0	6874	21	22	6900	20	1058	904	3
73.0	6871	29	27	6901	31	833	1136	5
74.0	6866	10	4	6902	15	772	743	6
74.0	6882	25	30	6903	19	1268	1397	6
74.0	6870	14	13	6904	14	1015	1433	3
75.0	6865	26	19	6905	31	1036	1225	6
75.0	6874	22	17	6906	26	1058	904	4
75.0	6901	31	33	6907	27	849	1136	6
76.0	6872	21	21	6908	21	1630	767	4
76.0	6878	21	18	6909	22	883	810	6
77.0	6884	20	21	6910	19	1017	1128	4
77.0	6873	30	29	6911	29	1194	907	6
78.0	6876	14	12	6912	15	696	808	5
80.0	6868	15	15	6913	14	1007	843	5
80.0	6875	13	14	6914	12	1219	1029	6
82.0	6885	18	16	6915	19	1999	712	5
82.0	6866	4	4	6916	4	772	743	7
82.0	6865	19	17	6917	21	1107	1367	7
82.0	6872	21	23	6918	19	1871	817	5
83.0	6870	13	11	6919	15	1015	1433	4
83.0	6872	23	23	6920	22	1955	830	6
84.0	6894	17	14	6921	17	1714	826	6
84.0	6877	14	17	6922	10	1227	709	3
85.0	6885	16	18	6923	14	1999	712	6
85.0	6868	15	13	6924	14	1007	843	6
86.0	6904	14	16	6925	11	1033	1541	4
86.0	6883	19	13	6926	23	895	720	6
86.0	6881	21	16	6927	25	1057	878	4
88.0	6874	17	14	6928	19	1058	904	5
88.0	6889	16	15	6929	16	971	1313	5
88.0	6882	30	32	6930	27	1761	1424	7
89.0	6890	13	13	6931	13	1240	1019	6
89.0	6879	22	13	6932	30	794	1592	5
89.0	6867	20	22	6933	18	1385	882	6
90.0	6888	20	20	6934	19	1077	1285	5
90.0	6886	14	10	6935	18	1022	651	5
90.0	6867	22	29	6936	13	1385	882	7
90.0	6866	4	3	6937	4	772	743	8
90.0	6878	18	20	6938	16	883	810	7
90.0	6880	19	18	6939	20	1522	1200	4
90.0	6882	32	30	6940	34	1869	1475	8
90.0	6873	29	23	6941	34	1194	907	7
90.0	6876	12	12	6942	11	696	808	6
91.0	6887	18	17	6943	18	1075	1548	6
91.0	6871	27	28	6944	24	526	1208	6
91.0	6866	3	1	6945	5	772	743	9
91.0	6880	18	13	6946	23	1522	1200	5
91.0	6867	29	35	6947	20	1385	882	8
91.0	6894	14	14	6948	14	1923	658	7
91.0	6886	10	10	6949	10	1022	651	6
92.0	6887	17	18	6950	15	1075	1548	7
92.0	6880	13	12	6951	13	1522	1200	6
92.0	6892	33	33	6952	26	1027	685	5
93.0	6880	12	13	6953	11	1522	1200	7
93.0	6895	19	13	6954	24	1213	907	5
93.0	6898	14	16	6955	12	726	739	5
93.0	6893	14	14	6956	13	1194	1064	3
94.0	6936	13	11	6957	15	1385	840	8
94.0	6875	14	10	6958	16	1168	990	7
94.0	6881	16	18	6959	14	1077	1320	5
94.0	6901	33	30	6960	31	1131	1239	7
95.0	6869	19	23	6961	13	1154	864	3
95.0	6930	27	22	6962	31	1761	1441	8
95.0	6907	27	32	6963	22	687	1141	7
95.0	6896	13	15	6964	11	1117	811	6
95.0	6875	10	8	6965	11	1168	990	8
96.0	6865	17	20	6966	12	1107	1367	8
96.0	6904	16	16	6967	15	1033	1541	5
96.0	6901	30	27	6968	33	1131	1239	8
96.0	6949	10	11	6969	9	1022	638	7
96.0	6882	30	26	6970	33	1981	1536	9
96.0	6921	17	18	6971	15	1904	840	7
97.0	6910	19	13	6972	22	1056	1428	5
97.0	6930	22	25	6973	18	1761	1441	9
97.0	6869	23	22	6974	24	1256	881	4
97.0	6868	13	13	6975	12	1007	843	7
97.0	6884	21	23	6976	18	923	1292	5
97.0	6908	21	20	6977	19	1595	1102	5
98.0	6897	26	30	6978	18	1156	907	6
98.0	6894	14	16	6979	10	1978	620	8
98.0	6874	14	15	6980	13	1058	904	6
98.0	6908	20	20	6981	17	1595	1102	6
98.0	6887	18	27	6982	9	1185	1648	8
98.0	6911	29	39	6983	19	1266	1017	7
98.0	6872	23	23	6984	20	1999	872	7
98.0	6885	18	16	6985	20	1999	712	7
99.0	6911	39	38	6986	38	1266	1017	8
99.0	6875	8	5	6987	11	1168	990	9
99.0	6900	20	15	6988	24	1031	817	4
99.0	6908	20	26	6989	14	1595	1102	7
99.0	6938	16	11	6990	21	868	824	8
99.0	6899	17	13	6991	20	838	1227	4
100.0	6914	12	10	6992	12	1266	1073	7
100.0	6867	35	34	6993	36	1385	882	9
100.0	6870	11	14	6994	8	898	1427	5
100.0	6900	15	12	6995	17	1031	817	5
100.0	6895	13	16	6996	9	1213	907	6
100.0	6877	17	17	6997	14	1475	753	4
100.0	6902	15	16	6998	14	772	696	7
100.0	6920	22	19	6999	25	1947	1017	7
101.0	6867	34	30	7000	38	1385	882	10
101.0	6875	5	5	7001	5	1168	990	10
101.0	6873	23	31	7002	15	1090	949	8
102.0	6896	15	12	7003	17	1117	811	7
102.0	6872	23	22	7004	24	1999	872	8
102.0	6889	15	16	7005	14	833	1297	6
102.0	6923	14	14	7006	13	1976	721	7
102.0	6891	11	7	7007	15	1147	1042	6
102.0	6944	24	32	7008	15	623	1230	7
102.0	6898	16	16	7009	15	726	739	6
102.0	6867	30	28	7010	31	1385	882	11
102.0	6865	20	19	7011	21	1107	1367	9
103.0	6889	16	16	7012	15	833	1297	7
103.0	6866	1	1	7013	1	772	743	10
103.0	6875	5	4	7014	5	1168	990	11
103.0	6900	12	7	7015	16	1031	817	6
103.0	6911	38	35	7016	39	1266	1017	9
104.0	6869	22	16	7017	27	1321	935	5
104.0	6887	27	25	7018	27	1185	1648	9
104.0	6888	20	21	7019	17	618	888	6
104.0	6949	11	11	7020	9	1022	638	8
104.0	6906	26	26	7021	26	1069	818	5
105.0	6886	10	11	7022	8	732	598	7
105.0	6878	20	18	7023	21	883	810	8
105.0	6914	10	9	7024	11	1266	1073	8
105.0	6910	13	11	7025	14	1153	1528	6
105.0	6880	13	13	7026	12	1590	1215	8
106.0	6892	33	32	7027	32	928	495	6
106.0	6882	26	22	7028	27	1981	1536	10
106.0	6911	35	34	7029	32	1266	1017	10
106.0	6883	13	12	7030	14	937	756	7
106.0	6955	12	11	7031	13	726	783	6
107.0	6940	34	41	7032	23	1856	1487	9
107.0	6953	11	7	7033	13	1411	1025	8
107.0	6897	30	28	7034	29	1258	860	7
107.0	6985	20	17	7035	21	1999	788	8
107.0	6893	14	15	7036	13	1194	1086	4
107.0	6892	32	29	7037	32	928	495	7
107.0	6871	28	23	7038	29	390	775	7
108.0	6915	19	17	7039	20	1719	983	6
108.0	6897	28	27	7040	27	1258	860	8
108.0	6883	12	11	7041	12	937	756	8
108.0	6995	17	16	7042	17	993	817	6
108.0	6945	5	5	7043	5	792	763	10
108.0	6947	20	25	7044	14	1339	860	9
108.0	6919	15	11	7045	17	1028	1512	5
109.0	6903	19	24	7046	14	1988	1423	7
109.0	6929	16	15	7047	16	1312	1238	6
109.0	7000	38	41	7048	32	1238	966	11
109.0	6909	22	21	7049	21	1006	793	7
109.0	6954	24	24	7050	23	1227	892	6
109.0	6881	18	18	7051	17	765	1657	6
109.0	6894	16	18	7052	13	1999	558	9
110.0	6891	7	10	7053	4	1147	1042	7
110.0	6879	13	14	7054	12	626	1519	6
110.0	6903	24	25	7055	23	1988	1423	8
110.0	6866	1	2	7056	0	772	743	11
110.0	6905	31	32	7057	29	1150	1151	7
110.0	6959	14	14	7058	13	1043	1400	6
110.0	6916	4	3	7059	5	649	817	8
110.0	6867	28	26	7060	27	1385	882	12
111.0	6925	11	18	7061	4	1145	1452	5
111.0	6901	27	23	7062	31	840	1445	9
111.0	6910	11	12	7063	10	1153	1528	7
111.0	6868	13	13	7064	13	1068	960	8
111.0	6922	10	9	7065	11	1238	638	4
112.0	6895	16	14	7066	15	1213	907	7
112.0	6988	24	18	7067	26	983	719	5
112.0	6899	13	13	7068	12	775	1202	5
112.0	6917	21	25	7069	15	1202	1133	8
112.0	6976	18	15	7070	18	909	1292	6
112.0	6889	16	12	7071	20	776	1242	8
112.0	6874	15	11	7072	17	1058	904	7
113.0	6902	16	13	7073	17	772	696	8
113.0	6950	15	11	7074	19	1075	1530	8
113.0	6912	15	17	7075	12	800	814	6
113.0	6921	18	18	7076	18	1945	901	8
113.0	7013	1	1	7077	1	756	779	11
113.0	6917	25	28	7078	21	1202	1133	9
113.0	6936	11	8	7079	14	1429	796	9
113.0	6889	12	10	7080	13	776	1242	9
113.0	6873	31	27	7081	31	977	920	9
113.0	6972	22	30	7082	14	953	1423	6
113.0	6909	21	22	7083	20	1006	793	8
113.0	7005	14	14	7084	13	899	1357	7
113.0	7000	41	40	7085	42	939	1030	12
113.0	6893	15	17	7086	12	1194	1086	5
113.0	6938	11	13	7087	9	766	880	9
113.0	6904	16	15	7088	16	1105	1661	6
113.0	6924	14	16	7089	12	958	813	7
114.0	6944	32	30	7090	34	1143	1259	8
114.0	6881	18	20	7091	15	565	1922	7
114.0	6930	25	26	7092	22	1999	1461	10
114.0	6902	13	17	7093	8	789	635	9
114.0	6904	15	18	7094	12	1105	1661	7
114.0	6917	28	32	7095	22	1202	1155	10
114.0	6995	16	19	7096	13	993	817	7
114.0	6894	18	12	7097	24	1999	558	10
114.0	6913	14	10	7098	18	1000	881	6
114.0	6954	24	21	7099	26	1227	892	7
114.0	6918	19	29	7100	8	1943	1330	6
114.0	6908	26	26	7101	24	1647	1401	8
114.0	6878	18	20	7102	16	883	810	9
114.0	6926	23	22	7103	24	913	720	7
114.0	6933	18	16	7104	19	1357	869	7
114.0	6893	17	20	7105	13	1194	1086	6
114.0	6907	32	36	7106	27	687	1397	8
114.0	6951	13	7	7107	18	1635	1183	7
115.0	6946	23	21	7108	23	1559	1491	6
115.0	6871	23	22	7109	23	766	449	8
115.0	6949	11	15	7110	7	1022	638	9
115.0	6869	16	15	7111	15	1395	947	6
115.0	6959	14	13	7112	12	1043	1400	7
115.0	6881	20	22	7113	17	565	1922	8
115.0	7020	9	7	7114	11	1050	507	9
115.0	6941	34	37	7115	30	1179	941	8
115.0	6876	12	13	7116	10	696	808	7
115.0	6896	12	11	7117	13	1201	551	8
115.0	6887	25	18	7118	29	1185	1648	10
115.0	6918	29	28	7119	30	1943	1330	7
115.0	6891	10	13	7120	7	1147	1042	8
116.0	6947	25	23	7121	26	1339	860	10
116.0	7020	7	7	7122	5	1050	507	10
116.0	6983	19	19	7123	17	1277	1136	8
116.0	6882	22	22	7124	21	1981	1536	11
116.0	6902	17	21	7125	13	789	635	10
116.0	6941	37	34	7126	39	1179	941	9
116.0	6924	16	11	7127	20	958	813	8
116.0	6956	13	11	7128	15	1194	1064	4
116.0	6988	18	16	7129	20	983	719	6
116.0	6922	9	11	7130	7	1238	638	5
116.0	7010	31	32	7131	29	1222	1005	12
117.0	7030	14	16	7132	12	1106	714	8
117.0	6995	19	20	7133	16	993	817	8
117.0	7050	23	15	7134	30	1282	961	7
117.0	6933	16	14	7135	18	1357	869	8
117.0	6940	41	40	7136	42	1999	1108	10
117.0	6935	18	18	7137	15	1146	773	6
117.0	7008	15	13	7138	17	623	1211	8
117.0	6937	4	4	7139	4	740	815	9
117.0	6971	15	17	7140	12	1951	828	8
117.0	6981	17	12	7141	22	1415	1377	7
117.0	7014	5	4	7142	6	1159	963	12
117.0	6948	14	15	7143	13	1971	798	8
117.0	6977	19	23	7144	14	1688	1653	6
117.0	6898	16	18	7145	10	726	739	7
118.0	6966	12	13	7146	11	1030	1357	9
118.0	7016	39	39	7147	37	1666	687	10
118.0	6977	23	19	7148	25	1688	1653	7
118.0	6936	8	6	7149	9	1424	741	10
118.0	7029	32	31	7150	33	1304	1151	11
118.0	6915	17	13	7151	20	1719	983	7
118.0	6952	26	29	7152	21	1344	661	6
118.0	6974	24	26	7153	21	1361	850	5
118.0	6979	10	9	7154	10	1978	632	9
118.0	6870	14	10	7155	17	898	1427	6
118.0	6916	3	4	7156	2	623	844	9
118.0	7025	14	11	7157	17	1102	1506	7
118.0	6965	11	6	7158	14	1183	1049	9
119.0	6945	5	7	7159	3	792	763	11
119.0	6906	26	32	7160	20	859	573	6
119.0	6979	9	9	7161	8	1978	632	10
119.0	6943	18	20	7162	15	1291	1314	7
119.0	6952	29	31	7163	27	1344	661	7
119.0	6986	38	38	7164	36	1795	728	9
119.0	7004	24	22	7165	25	1999	855	9
119.0	6990	21	18	7166	23	850	842	9
119.0	6928	19	25	7167	9	1083	1091	6
119.0	7067	26	30	7168	22	942	496	6
119.0	6899	13	14	7169	12	701	1241	6
119.0	6938	13	15	7170	8	766	880	10
119.0	6977	19	16	7171	20	1688	1653	8
119.0	6978	18	22	7172	13	1081	920	7
119.0	6884	23	24	7173	20	906	1384	6
119.0	7023	21	25	7174	17	740	873	9
119.0	6920	19	17	7175	19	1947	1017	8
119.0	6914	9	11	7176	7	1266	1073	9
120.0	6962	31	36	7177	26	1566	1915	9
120.0	6900	7	6	7178	7	1031	817	7
120.0	6888	21	23	7179	19	415	749	7
120.0	6920	17	18	7180	15	1947	1017	9
120.0	6926	22	18	7181	24	913	720	8
120.0	7067	30	27	7182	31	942	496	7
120.0	6935	18	20	7183	15	1146	773	7
120.0	7012	15	15	7184	15	745	1293	8
120.0	6970	33	29	7185	34	1999	1494	10
120.0	6872	22	27	7186	17	1999	872	9
120.0	7006	13	13	7187	13	1969	845	8
120.0	6945	7	6	7188	8	792	763	12
121.0	7007	15	18	7189	11	1133	1028	7
121.0	6875	4	6	7190	2	1168	989	12
121.0	7012	15	17	7191	13	745	1293	9
121.0	6926	18	20	7192	15	913	720	9
121.0	6934	19	19	7193	18	1149	1358	6
121.0	6890	13	15	7194	11	1219	1099	7
121.0	6919	11	12	7195	9	1028	1512	6
121.0	6963	22	17	7196	25	827	887	8
121.0	6898	18	16	7197	20	726	739	8
121.0	7008	13	13	7198	13	623	1211	9
122.0	6957	15	12	7199	17	1394	1081	9
122.0	6946	21	20	7200	22	1559	1491	7
122.0	7002	15	14	7201	15	1049	1067	9
122.0	6954	21	18	7202	24	1227	892	8
122.0	6934	19	21	7203	15	1149	1358	7
122.0	7044	14	17	7204	9	1298	1002	10
122.0	6925	18	19	7205	17	1288	1501	6
122.0	6903	25	19	7206	30	1999	1436	9
122.0	6865	19	19	7207	18	1107	1367	10
122.0	6888	23	25	7208	21	415	749	8
122.0	6927	25	27	7209	23	654	322	5
122.0	7016	39	43	7210	35	1762	426	11
122.0	6924	11	13	7211	8	958	813	9
122.0	6937	4	4	7212	4	740	815	10
122.0	7086	12	14	7213	9	1194	1157	6
122.0	6961	13	13	7214	13	1030	873	4
123.0	6905	32	30	7215	31	1058	1029	8
123.0	7099	26	24	7216	27	1240	878	8
123.0	6885	16	18	7217	14	1999	712	8
123.0	6880	13	11	7218	14	1675	1207	9
123.0	6891	13	11	7219	15	1147	1042	9
123.0	7056	0	0	7220	0	752	743	12
123.0	6936	6	6	7221	6	1424	741	11
123.0	6941	34	27	7222	39	1179	941	10
123.0	6868	13	13	7223	13	1068	960	9
123.0	6994	8	9	7224	6	867	1396	6
123.0	7086	14	10	7225	15	1194	1157	7
123.0	6874	11	11	7226	9	1082	849	8
123.0	6909	22	23	7227	21	1006	772	9
123.0	6888	25	24	7228	24	415	749	9
123.0	6893	20	21	7229	18	1214	1021	7
123.0	6866	2	3	7230	1	772	743	12
124.0	6931	13	13	7231	12	1201	1310	7
124.0	7043	5	10	7232	0	776	822	11
124.0	6893	21	22	7233	20	1214	1021	8
124.0	7098	18	17	7234	19	987	910	7
124.0	6921	18	15	7235	19	1945	901	9
124.0	7022	8	7	7236	9	981	534	8
124.0	6890	15	16	7237	12	1219	1099	8
124.0	7010	32	31	7238	31	1176	916	13
124.0	6925	19	22	7239	14	1288	1501	7
124.0	6916	4	4	7240	4	584	848	10
124.0	7014	4	6	7241	2	1159	944	13
124.0	7023	25	25	7242	23	740	873	10
124.0	6904	18	11	7243	24	1105	1661	8
124.0	6917	32	29	7244	32	1202	1231	11
124.0	6969	9	10	7245	8	1020	477	8
124.0	6919	12	9	7246	14	1028	1512	7
125.0	7070	18	18	7247	16	836	1137	7
125.0	6917	29	29	7248	28	1202	1231	12
125.0	7015	16	13	7249	18	1085	788	7
125.0	6922	11	12	7250	10	1306	632	6
125.0	7013	1	2	7251	0	756	779	12
125.0	6877	17	19	7252	15	1336	420	5
125.0	6873	27	29	7253	24	977	962	10
125.0	6949	15	15	7254	13	1067	563	10
125.0	7003	17	13	7255	21	1134	811	8
125.0	7000	40	35	7256	44	852	938	13
125.0	7017	27	30	7257	23	1353	1036	6
125.0	6896	11	8	7258	13	1201	551	9
125.0	7073	17	14	7259	19	783	707	9
125.0	7010	31	39	7260	20	1176	916	14
125.0	7188	8	11	7261	5	792	785	13
125.0	6888	24	21	7262	24	415	749	10
125.0	6903	19	20	7263	18	1999	1436	10
125.0	6902	21	22	7264	18	789	635	11
125.0	6963	17	14	7265	20	840	900	9
125.0	6976	15	11	7266	17	909	1292	7
125.0	6958	16	16	7267	16	1152	1111	8
125.0	6996	9	7	7268	10	1227	959	7
125.0	6892	29	31	7269	27	758	270	8
125.0	6951	7	10	7270	4	1635	1183	8
125.0	6977	16	14	7271	16	1688	1653	9
125.0	6895	14	11	7272	17	1213	926	8
126.0	6973	18	17	7273	18	1609	1244	10
126.0	6895	11	12	7274	9	1213	926	9
126.0	6869	15	13	7275	17	1461	958	7
126.0	6877	19	16	7276	19	1336	420	6
126.0	6983	19	17	7277	19	1277	1136	9
126.0	6867	26	22	7278	29	1411	908	13
126.0	7072	17	14	7279	20	1058	919	8
126.0	6922	12	11	7280	12	1306	632	7
126.0	6953	7	6	7281	7	1411	1025	9
126.0	7073	14	19	7282	7	783	707	10
126.0	6955	11	13	7283	9	688	783	7
126.0	6942	11	10	7284	12	739	372	7
126.0	6997	14	14	7285	13	1419	1174	5
126.0	6999	25	19	7286	28	1358	957	8
126.0	7071	20	17	7287	22	469	1181	9
126.0	6886	11	8	7288	13	510	220	8
126.0	6910	12	5	7289	18	1153	1528	8
126.0	7025	11	14	7290	6	1102	1506	8
126.0	7055	23	20	7291	24	1723	1174	9
126.0	7013	2	1	7292	3	756	779	13
126.0	6963	14	11	7293	15	840	900	10
126.0	6907	36	37	7294	35	138	1491	9
127.0	6932	30	33	7295	25	49	1250	6
127.0	7041	12	8	7296	15	917	557	9
127.0	6955	13	14	7297	12	669	783	8
127.0	7027	32	29	7298	35	958	722	7
127.0	6882	22	27	7299	17	1981	1536	12
127.0	7005	14	13	7300	15	1068	1251	8
127.0	6928	25	28	7301	22	656	957	7
127.0	7023	25	23	7302	25	740	873	11
127.0	6872	27	26	7303	26	1999	872	10
127.0	6977	14	13	7304	13	1688	1653	10
127.0	7060	27	25	7305	28	1411	929	13
127.0	6939	20	14	7306	26	1750	1449	5
127.0	6980	13	20	7307	6	1047	893	7
127.0	7013	1	1	7308	0	756	779	14
127.0	7036	13	13	7309	13	1224	1271	5
127.0	6870	10	8	7310	12	898	1427	7
127.0	6901	23	22	7311	22	573	1420	10
128.0	6960	31	32	7312	30	1149	1239	8
128.0	7016	43	37	7313	44	1942	0	12
128.0	7130	7	7	7314	7	1238	616	6
128.0	6979	9	10	7315	8	1928	609	11
128.0	7039	20	14	7316	25	1709	905	7
128.0	6871	22	18	7317	24	1018	359	9
128.0	6985	17	22	7318	11	1999	788	9
128.0	6901	22	19	7319	25	573	1420	11
128.0	6989	14	17	7320	10	1354	1189	8
128.0	6939	14	9	7321	18	1750	1449	6
128.0	6998	14	14	7322	12	794	718	8
128.0	6999	19	22	7323	15	1358	957	9
128.0	7057	29	31	7324	23	825	1062	8
128.0	6993	36	41	7325	31	1269	890	10
128.0	6975	12	17	7326	7	973	870	8
128.0	6952	31	25	7327	34	1344	661	8
128.0	6991	20	22	7328	16	878	1047	5
128.0	6877	16	15	7329	16	1336	420	7
128.0	6968	33	31	7330	35	797	1203	9
129.0	6955	14	17	7331	11	650	783	9
129.0	6983	17	22	7332	12	1277	1136	10
129.0	6868	13	16	7333	10	1068	960	10
129.0	7086	10	10	7334	10	1194	1157	8
129.0	7017	30	24	7335	34	1353	1036	7
129.0	6972	30	27	7336	32	591	1378	7
129.0	6973	17	15	7337	17	1609	1244	11
129.0	7034	29	27	7338	30	1302	860	8
129.0	6976	11	10	7339	12	874	1240	8
129.0	7006	13	14	7340	11	1888	852	9
129.0	6918	28	31	7341	24	1942	1427	8
129.0	7039	14	9	7342	17	1709	905	8
129.0	6903	20	22	7343	17	1999	1436	11
129.0	6991	22	25	7344	19	878	1047	6
129.0	6917	29	32	7345	26	1202	1231	13
129.0	7090	34	33	7346	33	1147	1301	9
129.0	7169	12	11	7347	12	713	1253	7
129.0	7058	13	10	7348	15	1043	1438	7
129.0	6966	13	16	7349	9	1030	1357	10
129.0	7130	7	10	7350	4	1238	616	7
129.0	6944	30	31	7351	28	1294	1290	9
129.0	6898	16	9	7352	23	726	739	9
129.0	6899	14	15	7353	11	701	1241	7
129.0	7016	37	34	7354	40	1974	0	13
130.0	6929	15	12	7355	18	1312	1238	7
130.0	6905	30	30	7356	30	1058	1050	9
130.0	7033	13	10	7357	16	1395	1068	9
130.0	7034	27	24	7358	30	1302	860	9
130.0	7097	24	22	7359	26	1980	654	11
130.0	6906	32	34	7360	29	797	463	7
130.0	6927	27	34	7361	19	654	322	6
130.0	7350	4	0	7362	7	1222	600	8
130.0	6982	9	5	7363	13	1224	1613	9
130.0	6979	10	11	7364	9	1928	609	12
130.0	6887	18	15	7365	20	1185	1648	11
130.0	6874	11	12	7366	9	1135	682	9
130.0	6940	40	39	7367	37	1999	1108	11
130.0	6984	20	18	7368	21	1379	736	8
130.0	7110	7	5	7369	9	1029	670	10
130.0	7053	4	4	7370	4	1120	1080	8
130.0	6999	22	20	7371	23	1358	957	10
130.0	6891	11	8	7372	13	1147	1042	10
130.0	6946	20	22	7373	17	1644	1439	8
130.0	6867	22	22	7374	21	1405	998	14
130.0	7283	9	9	7375	8	589	843	8
130.0	7016	34	33	7376	35	1974	0	14
130.0	6934	21	17	7377	24	1160	1451	8
130.0	6881	22	18	7378	26	565	1922	9
131.0	7114	11	11	7379	11	1050	490	10
131.0	6888	21	16	7380	23	640	596	11
131.0	6945	6	4	7381	8	792	763	13
131.0	6958	16	16	7382	16	1115	1173	9
131.0	7014	6	5	7383	7	1159	944	14
131.0	6906	34	28	7384	40	797	463	8
131.0	6937	4	2	7385	6	740	815	11
131.0	6950	11	11	7386	11	1036	1484	9
131.0	6982	5	3	7387	6	1224	1613	10
131.0	6942	10	11	7388	8	736	313	8
131.0	6964	11	10	7389	11	1231	694	7
131.0	7008	13	13	7390	11	556	1227	10
131.0	6927	34	34	7391	32	654	322	7
131.0	7001	5	5	7392	4	1083	1017	11
131.0	7148	25	24	7393	25	1615	1682	8
131.0	6875	6	7	7394	5	1123	984	13
131.0	6865	19	21	7395	16	1107	1367	11
131.0	7011	21	24	7396	17	790	1310	10
131.0	6908	26	27	7397	25	1784	1684	9
131.0	6992	12	12	7398	12	1236	985	8
132.0	7024	11	11	7399	11	1220	1073	9
132.0	6923	14	15	7400	12	1976	721	8
132.0	7000	35	36	7401	32	852	955	14
132.0	6963	11	10	7402	11	840	900	11
132.0	6909	23	25	7403	20	1020	786	10
132.0	6930	26	22	7404	29	1999	1461	11
132.0	7011	24	21	7405	27	790	1310	11
132.0	7169	11	13	7406	9	704	1307	8
132.0	7051	17	17	7407	17	578	1766	7
132.0	6978	22	23	7408	20	1081	920	8
132.0	6950	11	8	7409	14	1036	1484	10
132.0	6883	11	10	7410	11	953	772	9
132.0	6965	6	7	7411	5	1183	1049	10
132.0	7083	20	20	7412	18	895	771	9
132.0	7014	5	4	7413	5	1159	944	15
132.0	6995	20	21	7414	17	1092	809	9
132.0	6889	10	7	7415	13	776	1242	10
132.0	6964	10	9	7416	11	1231	694	8
132.0	6949	15	16	7417	13	1067	563	11
132.0	7070	18	22	7418	13	792	1079	8
132.0	6875	7	6	7419	7	1123	984	14
133.0	6975	17	21	7420	11	1003	948	9
133.0	7272	17	11	7421	23	1242	955	9
133.0	7010	39	36	7422	41	1027	906	15
133.0	6966	16	21	7423	10	1030	1357	11
133.0	7054	12	9	7424	13	663	1489	7
133.0	7015	13	11	7425	13	1085	788	8
133.0	7109	23	21	7426	23	748	561	9
133.0	6883	10	9	7427	11	953	772	10
133.0	6942	11	10	7428	12	736	313	9
133.0	7045	17	18	7429	16	1132	1391	6
133.0	6990	18	19	7430	17	937	887	10
133.0	7011	21	24	7431	18	790	1310	12
133.0	6988	16	14	7432	18	983	719	7
133.0	7112	12	14	7433	10	1043	1419	8
133.0	6940	39	34	7434	44	1999	1108	12
133.0	7227	21	18	7435	21	997	763	10
133.0	6963	10	13	7436	7	840	900	12
133.0	7075	12	10	7437	14	838	865	7
134.0	7235	19	22	7438	15	1950	962	10
134.0	6890	16	15	7439	16	1219	1099	9
134.0	7037	32	34	7440	30	1052	531	8
134.0	7009	15	17	7441	13	555	890	7
134.0	6897	27	22	7442	31	1270	848	9
134.0	7050	15	13	7443	17	1282	961	8
134.0	6902	22	17	7444	26	857	293	12
134.0	7031	13	15	7445	10	527	951	7
134.0	7197	20	20	7446	18	710	754	9
134.0	7030	16	13	7447	19	1133	644	9
134.0	7010	36	33	7448	39	1027	906	16
134.0	6881	18	13	7449	22	565	1922	10
134.0	7148	24	21	7450	25	1615	1682	9
134.0	7243	24	21	7451	26	1187	1684	9
134.0	6879	14	6	7452	22	725	1503	7
134.0	6915	13	16	7453	10	1719	983	8
134.0	6910	5	6	7454	4	1242	1518	9
134.0	6936	6	4	7455	8	1398	704	12
134.0	6971	17	16	7456	17	1863	933	9
134.0	6924	13	13	7457	13	958	813	10
134.0	7231	12	11	7458	12	1220	1310	8
134.0	7035	21	18	7459	24	1159	70	9
134.0	7104	19	12	7460	25	1310	949	8
134.0	7021	26	21	7461	28	1021	762	6
134.0	7132	12	11	7462	13	1106	697	9
134.0	7032	23	22	7463	24	1743	1304	10
134.0	6940	34	36	7464	31	1999	1108	13
135.0	6987	11	11	7465	11	1168	1052	10
135.0	6896	8	8	7466	8	1201	604	10
135.0	6960	32	36	7467	24	1149	1239	9
135.0	7067	27	23	7468	31	1213	182	8
135.0	7174	17	16	7469	18	790	873	10
135.0	6932	33	38	7470	27	40	1128	7
135.0	7151	20	24	7471	15	1696	960	8
135.0	7043	10	9	7472	9	776	822	12
135.0	6872	26	26	7473	25	1999	872	11
135.0	6927	34	34	7474	31	654	322	8
135.0	7152	21	26	7475	14	1481	618	7
135.0	6925	22	20	7476	22	1477	1683	8
135.0	6957	12	14	7477	9	1692	1132	10
135.0	7087	9	11	7478	6	725	928	10
135.0	7090	33	32	7479	31	1147	1301	10
135.0	6948	15	21	7480	9	1971	798	9
135.0	6908	27	29	7481	20	1784	1684	10
135.0	6962	36	33	7482	35	1502	1999	10
135.0	7009	17	15	7483	19	555	890	8
135.0	7060	25	22	7484	28	1411	929	14
135.0	6922	11	10	7485	11	1299	688	8
135.0	6967	15	14	7486	16	1450	1614	6
135.0	7305	28	31	7487	25	1517	940	14
135.0	7241	2	0	7488	4	1181	980	14
135.0	7111	15	15	7489	15	1381	933	7
135.0	7283	9	8	7490	10	589	843	9
135.0	6926	20	17	7491	20	913	720	10
135.0	6890	15	14	7492	16	1219	1099	10
135.0	7200	22	20	7493	24	1711	1569	8
135.0	7193	18	18	7494	17	1149	1404	7
135.0	6986	38	32	7495	43	1815	304	10
136.0	7200	20	23	7496	17	1711	1569	9
136.0	7151	24	25	7497	23	1696	960	9
136.0	7155	17	17	7498	16	952	1502	7
136.0	7067	23	27	7499	19	1278	122	9
136.0	7020	7	7	7500	7	1086	436	11
136.0	6988	14	14	7501	14	983	719	8
136.0	6948	21	24	7502	17	1925	728	10
136.0	7063	10	10	7503	10	1238	1647	8
136.0	7106	27	28	7504	26	905	1659	9
136.0	7088	16	17	7505	15	734	1947	7
136.0	7119	30	29	7506	29	1961	1348	8
136.0	7008	13	16	7507	10	504	1268	11
136.0	7176	7	8	7508	6	1243	1073	10
136.0	7114	11	10	7509	12	1050	490	11
136.0	7071	17	16	7510	18	299	1180	10
136.0	7040	27	27	7511	26	1337	768	9
136.0	7133	16	17	7512	14	993	796	9
136.0	6954	18	12	7513	22	1123	877	9
136.0	7021	21	18	7514	22	1021	762	7
136.0	6922	10	6	7515	14	1299	688	9
136.0	6937	2	0	7516	3	740	815	12
136.0	7305	31	32	7517	29	1517	940	15
136.0	6933	14	16	7518	12	1401	869	9
136.0	6920	18	18	7519	18	1934	1099	10
137.0	7068	12	15	7520	8	1028	1183	6
137.0	6959	13	13	7521	13	1002	1246	8
137.0	6978	23	25	7522	21	1081	920	9
137.0	6988	14	11	7523	16	983	719	9
137.0	6945	4	5	7524	3	792	763	14
137.0	7003	13	12	7525	14	1134	811	9
137.0	7301	22	20	7526	24	637	957	8
137.0	7023	23	24	7527	20	740	873	12
137.0	6867	22	28	7528	15	1405	998	15
137.0	7046	14	11	7529	15	1953	1266	8
137.0	7045	18	17	7530	18	1132	1391	7
137.0	7069	15	11	7531	18	1161	1173	9
137.0	7114	10	10	7532	10	1050	490	12
137.0	7155	17	12	7533	19	952	1502	8
137.0	7106	28	25	7534	28	1018	1665	10
137.0	6912	17	21	7535	11	932	846	7
137.0	7305	32	27	7536	36	1517	940	16
137.0	7034	24	28	7537	17	1324	860	10
137.0	6869	13	13	7538	12	1461	958	8
137.0	6953	6	6	7539	6	1411	1025	10
137.0	7246	14	14	7540	13	942	1693	8
137.0	6935	20	22	7541	18	1070	726	8
137.0	7067	27	26	7542	28	1278	122	10
137.0	7020	7	8	7543	6	1086	436	12
137.0	7007	18	17	7544	19	1133	1031	8
137.0	7071	16	14	7545	17	299	1180	11
137.0	7028	27	28	7546	23	1642	1649	11
137.0	6980	20	23	7547	17	1047	893	8
137.0	7012	17	18	7548	16	745	1293	10
137.0	7015	11	12	7549	9	1127	834	9
137.0	7055	20	26	7550	14	1687	1085	10
137.0	7049	21	14	7551	26	1036	807	8
137.0	7004	22	16	7552	25	1988	844	10
137.0	6946	22	21	7553	20	1783	1566	9
137.0	7121	26	28	7554	24	1351	846	11
137.0	7131	29	32	7555	23	1266	1039	13
137.0	7036	13	10	7556	16	1224	1271	6
137.0	7230	1	1	7557	1	792	743	13
137.0	6940	36	40	7558	29	1999	1108	14
138.0	6878	20	18	7559	20	866	827	10
138.0	7026	12	8	7560	15	1603	1201	9
138.0	7176	8	8	7561	8	1243	1073	11
138.0	7103	24	20	7562	27	1676	807	8
138.0	6896	8	6	7563	9	1201	604	11
138.0	7242	23	25	7564	19	904	942	11
138.0	7030	13	10	7565	14	1133	644	10
138.0	7171	20	20	7566	20	1674	1619	9
138.0	7005	13	15	7567	11	1130	1258	9
138.0	6913	10	10	7568	10	985	908	7
138.0	7027	29	34	7569	24	941	739	8
138.0	6981	12	13	7570	11	1470	1481	8
138.0	7170	8	5	7571	11	770	951	11
138.0	6914	11	9	7572	13	1328	1044	10
138.0	6955	17	17	7573	17	588	915	10
138.0	6905	30	38	7574	21	952	1077	10
138.0	6946	21	25	7575	16	1783	1566	10
138.0	7145	10	8	7576	11	637	770	8
138.0	6953	6	8	7577	3	1411	1025	11
138.0	7061	4	3	7578	5	1199	1438	6
138.0	6906	28	27	7579	28	797	463	9
138.0	7110	5	5	7580	5	1072	672	11
138.0	6877	15	15	7581	13	1367	161	8
138.0	6912	21	25	7582	17	932	846	8
138.0	7114	10	10	7583	9	1050	490	13
138.0	7094	12	11	7584	13	1117	1673	8
138.0	6923	15	17	7585	12	1976	721	9
138.0	6876	13	15	7586	10	683	795	8
138.0	7078	21	20	7587	21	1157	1200	10
138.0	7196	25	22	7588	26	922	989	9
138.0	6980	23	26	7589	20	1047	893	9
138.0	7226	9	10	7590	8	1082	834	9
138.0	7045	17	19	7591	15	1132	1391	8
138.0	7209	23	21	7592	24	744	468	6
139.0	6969	10	10	7593	10	1020	477	9
139.0	7054	9	10	7594	8	719	1497	8
139.0	6877	15	16	7595	12	1367	161	9
139.0	7115	30	33	7596	27	1201	995	9
139.0	7060	22	26	7597	17	1411	929	15
139.0	6921	15	17	7598	13	1945	901	10
139.0	6903	22	17	7599	26	1999	1436	12
139.0	6929	12	11	7600	12	1312	1238	8
139.0	7226	10	7	7601	12	1082	834	10
139.0	6988	11	10	7602	12	983	719	10
139.0	7086	10	10	7603	10	1194	1157	9
139.0	6876	15	16	7604	13	683	795	9
139.0	7307	6	6	7605	4	1080	887	8
139.0	6900	6	5	7606	7	1045	831	8
139.0	7213	9	5	7607	12	1158	1157	7
139.0	7227	18	19	7608	17	997	763	11
139.0	7237	12	14	7609	9	1219	1113	9
139.0	7352	23	23	7610	23	710	723	10
139.0	6938	15	13	7611	17	804	868	11
139.0	6886	8	7	7612	8	619	82	9
139.0	6899	15	11	7613	18	701	1241	8
139.0	7193	18	17	7614	17	1163	1418	8
139.0	6894	12	11	7615	12	1999	558	11
139.0	7111	15	15	7616	15	1381	933	8
139.0	7166	23	21	7617	24	931	1051	10
139.0	6931	13	11	7618	14	1201	1310	8
139.0	7288	13	12	7619	13	500	229	9
139.0	7388	8	4	7620	11	721	328	9
139.0	7123	17	18	7621	15	1252	1147	9
139.0	6970	29	33	7622	23	1999	1494	11
139.0	7095	22	16	7623	27	1166	1272	11
139.0	6940	40	42	7624	35	1999	1108	15
139.0	7195	9	10	7625	8	1028	1552	7
139.0	6896	6	9	7626	3	1201	604	12
139.0	7154	10	11	7627	8	1887	615	10
139.0	7048	32	29	7628	32	1437	1448	12
139.0	6947	23	19	7629	26	1380	684	11
139.0	6972	27	28	7630	25	484	1376	8
140.0	6908	29	26	7631	31	1855	1999	11
140.0	7243	21	20	7632	21	1187	1684	10
140.0	6904	11	12	7633	9	1220	1682	9
140.0	7014	4	5	7634	2	1199	946	16
140.0	7002	14	13	7635	15	1027	1264	10
140.0	7029	31	37	7636	24	1544	1528	12
140.0	7045	19	14	7637	24	1132	1391	9
140.0	6988	10	12	7638	7	983	719	11
140.0	6903	17	18	7639	15	1999	1436	13
140.0	6885	18	18	7640	17	1999	611	9
140.0	7157	17	15	7641	18	1307	1533	8
140.0	7017	24	20	7642	26	1455	1200	8
140.0	6919	9	3	7643	15	1028	1512	8
140.0	6934	17	19	7644	14	1160	1451	9
140.0	7092	22	17	7645	26	1968	1473	11
140.0	7091	15	18	7646	12	625	1869	8
140.0	6944	31	30	7647	32	1756	1378	10
140.0	7314	7	10	7648	4	1206	584	7
140.0	6897	22	27	7649	16	1270	848	10
140.0	7074	19	17	7650	21	1160	1559	9
140.0	7104	12	13	7651	9	1291	949	9
140.0	6991	25	29	7652	18	878	1047	7
140.0	7307	6	4	7653	7	1080	887	9
140.0	7388	4	6	7654	2	721	328	10
140.0	7337	17	14	7655	19	1623	1229	12
140.0	6921	17	15	7656	15	1945	901	11
140.0	6981	13	9	7657	16	1470	1481	9
140.0	7006	14	14	7658	14	1586	962	10
140.0	7141	22	23	7659	21	1415	1358	8
141.0	7084	13	11	7660	14	888	947	8
141.0	7135	18	24	7661	11	1433	882	9
141.0	7151	25	26	7662	24	1696	960	10
141.0	6865	21	23	7663	19	1107	1367	12
141.0	7137	15	14	7664	15	1128	773	7
141.0	7156	2	4	7665	0	610	829	10
141.0	7314	10	9	7666	10	1206	584	8
141.0	7337	14	11	7667	17	1623	1229	13
141.0	7126	39	37	7668	40	1631	888	10
141.0	7387	6	7	7669	5	1210	1599	11
141.0	7181	24	23	7670	25	927	768	9
141.0	6929	11	13	7671	9	1312	1238	9
141.0	6960	36	32	7672	37	1149	1255	10
141.0	7001	5	5	7673	5	1083	1017	12
141.0	6942	10	5	7674	15	851	275	10
141.0	6998	14	10	7675	18	820	692	9
141.0	7002	13	12	7676	13	1027	1264	11
141.0	7029	37	37	7677	35	1544	1528	13
141.0	6897	27	27	7678	25	1270	848	11
141.0	7032	22	16	7679	26	1669	1251	11
141.0	6899	11	9	7680	12	701	1241	9
141.0	7062	31	28	7681	34	159	1327	10
141.0	6995	21	18	7682	23	1092	809	10
141.0	6943	20	23	7683	14	1291	1314	8
141.0	7018	27	30	7684	24	1502	1644	10
141.0	7150	33	33	7685	30	1579	1127	12
141.0	6881	13	14	7686	12	565	1922	11
141.0	6932	38	30	7687	44	40	1128	8
141.0	6948	24	28	7688	20	1865	533	11
141.0	6970	33	27	7689	39	1999	1494	12
141.0	6993	41	37	7690	44	1269	890	11
141.0	6882	27	26	7691	28	1999	1561	13
141.0	6957	14	18	7692	8	1817	1044	11
141.0	7199	17	13	7693	19	1397	1084	10
142.0	6980	26	20	7694	30	1031	893	10
142.0	7026	8	9	7695	7	1603	1201	10
142.0	6951	10	14	7696	6	1629	1067	9
142.0	6935	22	22	7697	22	1070	726	9
142.0	7133	17	24	7698	10	976	841	10
142.0	7164	36	33	7699	39	1874	848	10
142.0	6945	5	2	7700	8	792	779	15
142.0	7387	7	6	7701	8	1210	1599	12
142.0	7151	26	23	7702	29	1696	960	11
142.0	7059	5	4	7703	6	642	872	9
142.0	7126	37	39	7704	28	1631	888	11
142.0	6886	7	3	7705	11	714	87	10
142.0	7189	11	12	7706	10	1147	993	8
142.0	6998	10	7	7707	13	820	692	10
142.0	7056	0	0	7708	0	778	717	13
142.0	7314	9	9	7709	8	1205	641	9
142.0	7044	17	18	7710	15	1328	1079	11
142.0	6933	16	14	7711	16	1401	869	10
142.0	7284	12	9	7712	14	739	357	8
142.0	7161	8	11	7713	4	1899	703	11
142.0	6882	26	23	7714	27	1999	1561	14
142.0	7013	1	2	7715	0	769	766	15
142.0	7122	5	5	7716	5	1106	486	11
142.0	6959	13	13	7717	13	1002	1246	9
142.0	7016	33	34	7718	31	1974	0	15
142.0	6889	7	7	7719	6	776	1242	11
142.0	7352	23	20	7720	24	710	723	11
142.0	7495	43	36	7721	50	1800	318	11
142.0	7018	30	35	7722	23	1502	1644	11
142.0	7142	6	3	7723	8	1207	901	13
142.0	7028	28	23	7724	31	1601	1755	12
142.0	7085	42	43	7725	40	1074	1289	13
142.0	6940	42	43	7726	39	1999	1108	16
142.0	6884	24	25	7727	23	930	1737	7
142.0	6893	22	20	7728	22	1236	1021	9
142.0	7051	17	16	7729	17	578	1766	8
142.0	7304	13	13	7730	12	1578	1972	11
142.0	7684	24	26	7731	21	1515	1630	11
143.0	7028	23	21	7732	25	1572	1854	13
143.0	6928	28	26	7733	30	184	1036	8
143.0	7179	19	14	7734	24	428	670	8
143.0	6977	13	15	7735	11	1688	1653	11
143.0	7089	12	14	7736	9	958	792	8
143.0	6933	14	14	7737	14	1401	869	11
143.0	6941	27	28	7738	24	1149	911	11
143.0	7655	19	21	7739	17	1636	1242	13
143.0	7164	33	34	7740	31	1874	848	11
143.0	7271	16	16	7741	15	1742	1612	10
143.0	7077	1	1	7742	1	651	782	12
143.0	7122	5	5	7743	5	1151	476	12
143.0	6870	8	12	7744	4	899	1481	8
143.0	7114	10	12	7745	8	999	516	14
143.0	7120	7	5	7746	9	1147	1124	9
143.0	6978	25	21	7747	27	1081	920	10
143.0	7035	18	15	7748	21	1084	45	10
143.0	6945	2	2	7749	2	792	779	16
143.0	6890	14	15	7750	13	1219	1099	11
143.0	7054	10	9	7751	10	780	1486	9
143.0	7119	29	24	7752	33	1961	1348	9
143.0	7067	26	26	7753	24	1278	122	11
143.0	7139	4	3	7754	4	708	842	10
143.0	6901	19	14	7755	23	233	1422	12
143.0	7188	11	13	7756	9	841	811	14
143.0	7108	23	22	7757	23	1680	1049	7
143.0	6906	27	27	7758	26	797	463	10
143.0	7112	14	10	7759	17	1043	1419	9
143.0	6990	19	17	7760	21	937	887	11
143.0	7140	12	13	7761	11	1935	843	9
143.0	7149	9	11	7762	7	1424	754	11
143.0	6911	34	34	7763	33	1101	923	11
143.0	7196	22	26	7764	17	922	989	10
143.0	7040	27	26	7765	25	1337	768	10
143.0	7198	13	12	7766	14	699	1180	10
143.0	7180	15	14	7767	15	1747	612	10
143.0	7011	24	23	7768	21	790	1310	13
143.0	7162	15	14	7769	16	1272	1314	8
143.0	6867	28	27	7770	28	1588	1083	16
143.0	7015	12	10	7771	14	1127	834	10
144.0	7033	10	10	7772	10	1395	1068	10
144.0	7115	33	38	7773	28	1201	995	10
144.0	6901	14	11	7774	17	210	1357	13
144.0	7028	21	24	7775	17	1572	1854	14
144.0	7152	26	25	7776	26	1588	573	8
144.0	7180	14	16	7777	12	1747	612	11
144.0	7086	10	8	7778	10	1194	1157	10
144.0	6969	10	11	7779	9	1020	477	10
144.0	6961	13	14	7780	11	997	824	5
144.0	7079	14	10	7781	17	1648	728	10
144.0	7058	10	9	7782	10	1044	1382	8
144.0	7294	35	36	7783	31	0	1876	10
144.0	7041	8	8	7784	8	917	557	10
144.0	7143	13	11	7785	14	1790	742	9
144.0	7050	13	17	7786	9	1263	961	9
144.0	7339	12	7	7787	17	927	1228	9
144.0	7193	17	18	7788	15	1306	1490	9
144.0	7031	15	19	7789	10	98	931	8
144.0	7112	10	7	7790	12	1043	1419	10
144.0	7154	11	11	7791	11	1887	615	11
144.0	7160	20	21	7792	16	1026	576	7
144.0	7384	40	43	7793	34	479	322	9
144.0	7149	11	9	7794	12	1424	754	12
144.0	6930	22	16	7795	26	1999	1461	12
144.0	7176	8	7	7796	7	1243	1073	12
144.0	6888	16	18	7797	13	628	514	12
144.0	7258	13	15	7798	11	1127	724	10
144.0	6881	14	11	7799	15	542	1985	12
144.0	6883	9	9	7800	7	928	747	11
144.0	7317	24	22	7801	25	559	475	10
144.0	7052	13	15	7802	11	1999	493	10
144.0	7202	24	24	7803	22	1227	911	9
144.0	7315	8	10	7804	6	1972	376	12
144.0	6941	28	26	7805	30	1149	911	12
144.0	7147	37	30	7806	41	1999	947	11
144.0	7195	10	11	7807	9	1028	1552	8
144.0	7394	5	5	7808	5	1101	984	14
144.0	7065	11	13	7809	9	1254	590	5
144.0	6977	15	12	7810	17	1688	1653	12
145.0	7449	22	27	7811	15	512	1999	11
145.0	6868	16	16	7812	15	1068	960	11
145.0	6898	9	12	7813	6	739	726	10
145.0	7099	24	27	7814	21	1240	878	9
145.0	6877	16	16	7815	16	1437	163	10
145.0	6896	9	10	7816	7	1201	604	13
145.0	7246	14	13	7817	15	942	1693	9
145.0	7242	25	23	7818	27	904	942	12
145.0	7047	16	19	7819	13	1661	1118	7
145.0	7202	24	30	7820	17	1263	911	10
145.0	7388	6	7	7821	4	721	328	11
145.0	7081	31	34	7822	25	962	928	10
145.0	6878	18	18	7823	17	889	827	11
145.0	7143	11	14	7824	8	1790	742	10
145.0	7038	29	31	7825	25	70	859	8
145.0	7157	15	14	7826	15	1235	1547	9
145.0	6973	15	18	7827	11	1609	1244	12
145.0	6955	17	15	7828	19	572	931	11
145.0	6984	18	19	7829	16	1379	736	9
145.0	7257	23	19	7830	26	1724	1089	7
145.0	7348	15	17	7831	13	1057	1452	8
145.0	7058	9	10	7832	8	1044	1382	9
145.0	6963	13	17	7833	8	840	900	13
145.0	7297	12	10	7834	14	586	822	9
145.0	6928	26	27	7835	22	75	1053	9
145.0	7127	20	21	7836	18	971	1124	9
145.0	7012	18	15	7837	20	818	1240	11
145.0	7110	5	5	7838	5	1072	672	12
145.0	6972	28	33	7839	22	377	1428	9
145.0	7187	13	14	7840	12	1913	798	9
145.0	7032	16	16	7841	16	1689	1251	12
145.0	7164	34	30	7842	35	1874	848	12
145.0	7072	14	14	7843	14	1058	919	9
145.0	7154	11	12	7844	10	1887	615	12
145.0	7613	18	19	7845	16	713	1253	9
145.0	7076	18	18	7846	17	1892	1304	9
145.0	7212	4	3	7847	5	693	877	11
146.0	6934	19	16	7848	20	1160	1451	10
146.0	7027	34	25	7849	40	933	723	9
146.0	6903	18	16	7850	19	1999	1436	14
146.0	7293	15	18	7851	11	840	917	11
146.0	7021	18	18	7852	17	1021	762	8
146.0	7066	15	17	7853	12	1198	921	8
146.0	7295	25	22	7854	28	66	1250	7
146.0	6965	7	9	7855	5	1183	1049	11
146.0	7104	13	15	7856	9	1291	949	10
146.0	7213	5	2	7857	7	1158	1157	8
146.0	7083	20	22	7858	17	861	785	10
146.0	6878	18	16	7859	18	889	827	12
146.0	6868	16	14	7860	17	1068	960	12
146.0	7377	24	23	7861	25	1199	1490	9
146.0	6994	9	7	7862	11	657	1350	7
146.0	6988	12	10	7863	14	997	705	12
146.0	6983	22	20	7864	24	1313	1136	11
146.0	7270	4	3	7865	5	1620	1168	9
146.0	7440	30	26	7866	30	1039	518	9
146.0	7075	10	7	7867	13	854	881	8
146.0	7025	14	19	7868	9	1075	1569	9
146.0	7287	22	20	7869	24	551	1150	10
146.0	6984	19	21	7870	17	1379	736	10
146.0	7148	21	21	7871	21	1615	1682	10
146.0	7022	7	5	7872	8	986	629	9
146.0	7231	11	14	7873	8	1220	1310	9
146.0	6951	14	18	7874	9	1629	1067	10
146.0	7154	12	6	7875	18	1887	615	13
146.0	6871	18	21	7876	15	1164	187	10
146.0	7134	30	27	7877	31	1346	678	8
146.0	7159	3	3	7878	3	796	833	12
146.0	6918	31	34	7879	28	1916	1960	9
146.0	6865	23	22	7880	24	1107	1367	13
146.0	7012	15	19	7881	11	818	1240	12
146.0	7005	15	14	7882	16	1130	1258	10
146.0	7167	9	7	7883	9	1069	1098	7
146.0	6907	37	43	7884	29	30	1574	10
146.0	7204	9	13	7885	5	1304	1002	11
146.0	6866	3	3	7886	3	798	717	13
146.0	7144	14	12	7887	16	1747	1566	7
146.0	7000	36	38	7888	32	731	982	15
146.0	7076	18	18	7889	17	1892	1304	10
146.0	7185	34	31	7890	36	1828	1981	11
146.0	7046	11	10	7891	12	1953	1266	9
146.0	7065	13	11	7892	13	1254	590	6
146.0	6958	16	21	7893	10	989	1272	10
146.0	6985	22	21	7894	23	1999	788	10
146.0	6999	20	19	7895	20	1378	976	11
146.0	7124	21	23	7896	18	1872	1496	12
146.0	7253	24	27	7897	21	964	1078	11
146.0	7087	11	7	7898	15	708	982	11
146.0	7662	24	20	7899	27	1696	920	11
146.0	7535	11	7	7900	15	923	834	8
146.0	7038	31	28	7901	30	70	859	9
147.0	6972	33	33	7902	27	377	1428	10
147.0	7075	7	9	7903	4	854	881	9
147.0	7109	21	22	7904	19	676	618	10
147.0	7218	14	14	7905	13	1861	1256	10
147.0	6999	19	16	7906	21	1378	976	12
147.0	6970	27	27	7907	26	1999	1494	13
147.0	7320	10	8	7908	12	1440	1337	9
147.0	7655	21	17	7909	23	1656	1242	14
147.0	6874	12	8	7910	16	1091	635	10
147.0	7422	41	38	7911	41	1005	840	16
147.0	7203	15	16	7912	14	1169	1381	8
147.0	6903	16	15	7913	16	1999	1436	15
147.0	7153	21	20	7914	21	1403	746	6
147.0	6964	9	12	7915	5	1174	689	9
147.0	7308	0	0	7916	0	709	766	15
147.0	7092	17	15	7917	18	1968	1473	12
147.0	6910	6	5	7918	7	1272	1514	10
147.0	6985	21	22	7919	19	1999	788	11
147.0	7319	25	17	7920	32	163	1595	12
147.0	6879	6	6	7921	6	795	1699	8
147.0	7132	11	14	7922	8	1106	697	10
147.0	7379	11	13	7923	9	1086	490	11
147.0	7069	11	13	7924	9	1172	1200	10
147.0	7309	13	13	7925	12	1249	1296	6
147.0	7341	24	27	7926	19	1913	1398	9
147.0	6986	32	36	7927	28	1840	61	11
147.0	6952	25	28	7928	18	1947	256	9
147.0	7204	13	17	7929	8	1304	1002	12
147.0	6917	32	24	7930	38	1221	1231	14
147.0	7161	11	12	7931	10	1899	703	12
147.0	7078	20	20	7932	18	1157	1216	11
147.0	7066	17	22	7933	12	1198	921	9
147.0	6946	25	21	7934	27	1855	1650	11
147.0	7116	10	9	7935	10	755	1020	8
147.0	6995	18	21	7936	15	1092	809	11
147.0	7100	8	8	7937	8	1978	1267	7
147.0	6915	16	21	7938	10	1723	1285	9
147.0	7022	5	4	7939	6	986	629	10
147.0	7096	13	15	7940	11	962	827	8
147.0	7113	17	17	7941	16	824	1407	9
147.0	7063	10	12	7942	8	1186	1622	9
147.0	7231	14	11	7943	17	1220	1310	10
147.0	7154	6	8	7944	3	1887	615	14
147.0	7010	33	25	7945	39	1027	966	17
147.0	7195	11	9	7946	12	1028	1552	9
147.0	7083	22	18	7947	23	861	785	11
147.0	7164	30	30	7948	30	1874	848	13
147.0	7018	35	30	7949	34	1619	1729	12
147.0	7349	9	10	7950	7	1098	1281	11
147.0	7388	7	7	7951	6	721	328	12
147.0	6893	20	17	7952	22	1236	1021	10
147.0	6940	43	40	7953	43	1999	1108	17
147.0	7619	13	10	7954	14	538	192	10
147.0	7299	17	19	7955	15	1907	1555	13
147.0	7101	24	24	7956	24	1877	1479	9
147.0	7024	11	10	7957	12	1186	1073	10
147.0	6870	12	15	7958	9	899	1481	9
147.0	7293	18	16	7959	18	840	917	12
148.0	6886	3	3	7960	3	750	73	11
148.0	6999	16	13	7961	18	1378	976	13
148.0	6913	10	6	7962	14	1009	932	8
148.0	7107	18	17	7963	16	1881	1202	8
148.0	6892	31	33	7964	28	758	270	9
148.0	7007	17	9	7965	24	1133	1031	9
148.0	7538	12	12	7966	11	1461	977	9
148.0	6985	22	24	7967	20	1999	788	12
148.0	7244	32	30	7968	33	959	1156	12
148.0	7175	19	19	7969	19	1944	442	9
148.0	7346	33	27	7970	36	1132	1413	10
148.0	7540	13	10	7971	15	992	1647	9
148.0	7079	10	9	7972	10	1640	624	11
148.0	7377	23	23	7973	23	1199	1490	10
148.0	7173	20	22	7974	18	906	1398	7
148.0	7097	22	24	7975	20	1946	762	12
148.0	7091	18	17	7976	19	613	1633	9
148.0	6972	33	31	7977	33	377	1428	11
148.0	7230	1	2	7978	0	792	743	14
148.0	7351	28	32	7979	23	1275	1290	10
148.0	7260	20	19	7980	19	1132	886	15
148.0	6918	34	35	7981	33	1916	1960	10
148.0	7441	13	11	7982	15	456	898	8
148.0	7222	39	41	7983	36	1149	929	11
148.0	7217	14	12	7984	16	1986	712	9
148.0	7235	22	21	7985	22	1950	962	11
148.0	7098	17	21	7986	12	996	919	8
148.0	7296	15	12	7987	17	899	648	10
148.0	6934	16	18	7988	13	1160	1451	11
148.0	7746	9	8	7989	10	1147	1110	10
148.0	7190	2	1	7990	3	1183	1003	13
148.0	7092	15	11	7991	18	1968	1473	13
148.0	6874	8	4	7992	11	1091	635	11
148.0	7106	25	27	7993	23	1018	1665	11
148.0	7272	11	13	7994	7	1237	969	10
148.0	7035	15	21	7995	9	881	108	11
148.0	7290	6	8	7996	4	1040	1700	9
148.0	7350	0	0	7997	0	1222	600	9
148.0	7396	17	15	7998	17	905	1158	11
149.0	6972	31	29	7999	33	258	1459	12
149.0	7051	16	16	8000	16	552	1829	9
149.0	7126	39	40	8001	37	1631	888	12
149.0	6950	8	7	8002	8	1036	1484	11
149.0	7119	24	24	8003	24	1961	1348	10
149.0	7346	27	29	8004	23	1132	1413	11
149.0	7181	23	21	8005	24	941	754	10
149.0	7291	24	24	8006	22	1839	1198	10
149.0	6866	3	3	8007	3	798	717	14
149.0	6913	6	7	8008	4	1009	932	9
149.0	7399	11	11	8009	11	1161	1077	10
149.0	7192	15	14	8010	16	864	757	10
149.0	6889	7	6	8011	8	776	1242	12
149.0	7138	17	17	8012	17	727	1178	9
149.0	7311	22	17	8013	26	639	1324	11
149.0	6968	31	29	8014	32	797	1203	10
149.0	7396	15	15	8015	15	905	1158	12
149.0	6891	8	9	8016	7	1098	1100	11
149.0	7538	12	10	8017	14	1461	977	10
149.0	7097	24	23	8018	25	1946	762	13
149.0	7071	14	15	8019	11	115	1061	12
149.0	7175	19	18	8020	20	1944	442	10
149.0	7255	21	20	8021	21	1148	796	9
149.0	7802	11	9	8022	13	1989	502	11
149.0	7325	31	31	8023	27	1286	873	11
149.0	6912	25	20	8024	29	912	846	9
149.0	7104	15	16	8025	14	1291	949	11
149.0	7171	20	21	8026	18	1649	1273	10
149.0	7162	14	15	8027	13	1272	1314	9
149.0	7121	28	33	8028	23	1351	846	12
149.0	6990	17	15	8029	19	923	901	12
149.0	7232	0	0	8030	0	764	829	12
149.0	6936	4	5	8031	3	1439	678	13
149.0	7667	17	16	8032	17	1568	1238	14
149.0	7570	11	13	8033	8	1470	1462	9
149.0	7617	24	23	8034	25	813	1066	11
149.0	7100	8	8	8035	8	1978	1267	8
149.0	6969	11	8	8036	12	1020	477	11
149.0	6999	13	14	8037	12	1378	976	14
149.0	7057	31	26	8038	36	726	1021	9
149.0	7269	27	23	8039	31	102	564	9
149.0	6922	6	5	8040	7	1299	688	10
149.0	7370	4	5	8041	3	1090	1088	9
149.0	7272	13	15	8042	11	1237	969	11
150.0	7206	30	29	8043	29	1999	1409	10
150.0	6989	17	17	8044	17	1354	1189	9
150.0	7255	20	27	8045	13	1148	796	10
150.0	7527	20	23	8046	17	765	920	13
150.0	7169	13	13	8047	13	699	1374	9
150.0	7442	31	36	8048	23	1378	778	10
150.0	7275	17	16	8049	16	1480	958	8
150.0	6912	20	21	8050	19	912	846	10
150.0	7183	15	16	8051	12	1819	633	8
150.0	7406	9	7	8052	10	688	1322	9
150.0	7893	10	11	8053	9	989	1254	11
150.0	7181	21	20	8054	21	941	754	11
150.0	6969	8	9	8055	7	1020	477	12
150.0	7301	20	24	8056	14	637	957	9
150.0	7240	4	7	8057	1	599	905	11
150.0	7337	11	12	8058	8	1623	1229	14
150.0	6908	26	30	8059	21	1739	1999	12
150.0	7051	16	22	8060	10	552	1829	10
150.0	7314	9	8	8061	8	1248	684	10
150.0	6939	9	10	8062	7	1797	1421	7
150.0	7302	25	27	8063	23	747	873	12
150.0	7544	19	22	8064	15	1104	1059	9
150.0	7241	0	0	8065	0	1168	967	15
150.0	6894	11	13	8066	9	1999	515	12
150.0	7006	14	19	8067	9	1586	962	11
150.0	7558	29	31	8068	26	1956	1119	15
150.0	7355	18	16	8069	19	1312	1289	8
150.0	6937	0	0	8070	0	740	835	13
150.0	7040	26	29	8071	21	1337	768	11
150.0	6963	17	20	8072	13	840	900	14
150.0	7617	23	20	8073	24	813	1066	12
150.0	7222	41	43	8074	36	1149	929	12
150.0	6942	5	4	8075	6	882	247	11
150.0	7580	5	4	8076	6	1102	602	12
150.0	7453	10	8	8077	11	1707	971	9
150.0	7161	12	13	8078	11	1899	703	13
150.0	7077	1	1	8079	1	629	782	13
150.0	6943	23	20	8080	24	1304	1327	9
150.0	7095	16	17	8081	14	1189	1349	12
150.0	7448	39	43	8082	35	905	972	17
150.0	7319	17	14	8083	18	163	1595	13
150.0	7234	19	17	8084	21	887	1021	8
150.0	7659	21	27	8085	12	1447	1298	9
150.0	7291	24	26	8086	20	1839	1198	11
150.0	7346	29	30	8087	28	1132	1413	12
150.0	7096	15	15	8088	15	962	827	9
150.0	7278	29	25	8089	31	1447	893	14
150.0	7211	8	10	8090	5	955	872	10
150.0	7011	23	16	8091	28	870	1269	14
150.0	6923	17	13	8092	20	1962	721	10
150.0	7354	40	34	8093	46	1999	82	14
150.0	6891	9	11	8094	7	1098	1100	12
150.0	7198	12	13	8095	10	699	1180	11
150.0	7336	32	24	8096	37	611	1398	8
150.0	7017	20	23	8097	16	1455	1200	9
150.0	7381	8	7	8098	7	836	763	14
150.0	7531	18	13	8099	22	1181	1209	10
150.0	6967	14	12	8100	16	1523	1607	7
150.0	7057	26	25	8101	25	688	932	10
150.0	7261	5	4	8102	6	808	823	14
151.0	7009	15	14	8103	15	504	941	9
151.0	7261	4	3	8104	5	808	823	15
151.0	7278	25	26	8105	23	1447	893	15
151.0	7232	0	0	8106	0	764	829	13
151.0	7627	8	8	8107	8	1971	643	11
151.0	7185	31	28	8108	32	1855	1999	12
151.0	7544	22	20	8109	24	1104	1059	10
151.0	7378	26	30	8110	19	676	1978	10
151.0	6887	15	14	8111	14	1185	1648	12
151.0	7338	30	22	8112	37	1303	890	9
151.0	6925	20	19	8113	21	1477	1683	9
151.0	7341	27	28	8114	25	1913	1398	10
151.0	7242	23	17	8115	27	904	942	13
151.0	8004	23	18	8116	28	1132	1430	12
151.0	7346	30	27	8117	31	1132	1413	13
151.0	7206	29	25	8118	30	1999	1409	11
151.0	6929	13	14	8119	11	1312	1238	10
151.0	7276	19	20	8120	18	1491	761	7
151.0	7226	7	5	8121	9	1082	834	11
151.0	7066	22	25	8122	19	1198	901	10
151.0	7088	17	19	8123	14	595	1892	8
151.0	6949	16	10	8124	21	1067	563	12
151.0	7019	17	13	8125	21	302	1018	7
151.0	7146	11	12	8126	10	911	1020	10
151.0	6991	29	29	8127	27	878	1047	8
151.0	7031	19	18	8128	19	16	931	9
151.0	6895	12	10	8129	13	1227	940	10
151.0	7449	27	23	8130	29	505	1999	12
151.0	7381	7	5	8131	8	836	763	15
151.0	7365	20	21	8132	18	612	1304	12
151.0	7224	6	2	8133	10	747	1435	7
151.0	6920	18	11	8134	24	1961	1032	11
151.0	7128	15	18	8135	12	1196	1121	5
151.0	7030	10	8	8136	10	1136	590	11
151.0	6938	13	12	8137	11	790	870	12
151.0	7037	34	33	8138	34	941	621	9
151.0	7234	17	17	8139	16	887	1021	9
151.0	7268	10	10	8140	10	1310	1020	8
151.0	7158	14	16	8141	12	1301	1050	10
151.0	7002	12	14	8142	10	1052	1264	12
151.0	6993	37	33	8143	38	1286	890	12
151.0	7671	9	8	8144	10	1525	1090	10
151.0	7208	21	15	8145	27	385	302	9
151.0	7166	21	16	8146	21	931	1051	11
151.0	7856	9	8	8147	10	1319	920	11
151.0	7510	18	19	8148	16	316	1180	11
151.0	7421	23	23	8149	22	1213	762	10
151.0	7181	20	19	8150	20	941	754	12
151.0	8087	28	26	8151	27	1166	1413	13
152.0	7518	12	11	8152	10	1433	856	10
152.0	7210	35	36	8153	32	1999	378	12
152.0	7364	9	9	8154	9	1898	726	13
152.0	7098	21	24	8155	18	979	961	9
152.0	7477	9	8	8156	10	1692	1147	11
152.0	7259	19	12	8157	24	763	687	10
152.0	6910	5	6	8158	4	1272	1514	11
152.0	7305	27	29	8159	24	1838	925	17
152.0	7452	22	22	8160	20	869	1430	8
152.0	7196	26	25	8161	24	922	989	11
152.0	7280	12	12	8162	12	1302	723	8
152.0	7026	9	8	8163	10	1603	1201	11
152.0	7165	25	27	8164	22	1962	833	10
152.0	7343	17	18	8165	15	1932	1414	12
152.0	7103	20	18	8166	22	1676	807	9
152.0	7245	8	4	8167	12	993	466	9
152.0	7234	17	19	8168	15	887	1021	10
152.0	7122	5	4	8169	6	1210	383	13
152.0	6906	27	27	8170	24	701	423	11
152.0	6905	38	37	8171	38	831	1034	11
152.0	7427	11	13	8172	8	876	740	11
152.0	6882	23	19	8173	24	1999	1561	15
152.0	7130	10	7	8174	12	1293	639	8
152.0	7189	12	11	8175	12	1167	993	9
152.0	7381	5	4	8176	6	836	763	16
152.0	7892	13	17	8177	8	1254	572	7
152.0	7033	10	9	8178	11	1395	1068	11
152.0	7000	38	31	8179	42	626	1019	16
152.0	6940	40	41	8180	37	1999	1108	18
152.0	6927	34	36	8181	31	654	322	9
152.0	7037	33	24	8182	42	941	621	10
152.0	7090	32	30	8183	34	1161	1287	11
152.0	7014	5	4	8184	5	1199	946	17
152.0	7482	35	42	8185	24	1768	1870	11
152.0	7612	8	11	8186	5	664	42	10
152.0	7217	12	10	8187	14	1986	712	10
152.0	7089	14	12	8188	14	958	792	9
152.0	6954	12	12	8189	11	1110	864	10
152.0	6953	8	9	8190	7	1598	1054	12
152.0	7684	26	24	8191	27	1491	1543	12
152.0	6971	16	16	8192	16	1863	933	10
152.0	7945	39	38	8193	39	1052	991	18
152.0	6986	36	33	8194	36	1840	61	12
152.0	7121	33	28	8195	38	1351	846	13
152.0	7034	28	30	8196	26	1340	876	11
152.0	6903	15	16	8197	13	1999	1437	16
152.0	7387	6	2	8198	9	1210	1599	13
152.0	7542	28	32	8199	23	1312	494	11
152.0	7135	24	22	8200	25	1519	822	10
152.0	7031	18	16	8201	20	16	931	10
152.0	7071	15	17	8202	13	41	1053	13
152.0	7341	28	27	8203	27	1913	1398	11
152.0	6880	11	15	8204	6	1675	1207	10
152.0	7430	17	10	8205	22	980	940	11
152.0	6959	13	12	8206	14	1027	1246	10
152.0	7057	25	15	8207	31	688	932	11
152.0	7373	17	15	8208	17	1746	1442	9
153.0	6966	21	13	8209	29	1030	1340	12
153.0	6881	11	11	8210	11	542	1985	13
153.0	7381	4	4	8211	4	836	763	17
153.0	7367	37	42	8212	30	1491	843	12
153.0	7230	2	2	8213	2	792	743	15
153.0	7107	17	17	8214	17	1881	1202	9
153.0	7220	0	0	8215	0	762	737	13
153.0	7277	19	18	8216	20	1286	1147	10
153.0	7480	9	7	8217	11	1943	805	10
153.0	7264	18	19	8218	17	757	459	12
153.0	7089	12	10	8219	13	958	792	10
153.0	7311	17	16	8220	17	639	1324	12
153.0	6918	35	37	8221	32	1833	1999	11
153.0	7250	10	14	8222	6	1231	712	7
153.0	7209	21	17	8223	24	859	604	7
153.0	7025	19	18	8224	18	1075	1569	10
153.0	7514	22	17	8225	24	1021	780	8
153.0	7246	13	14	8226	11	961	1940	10
153.0	6940	41	49	8227	32	1999	1108	19
153.0	7662	20	23	8228	15	1696	900	12
153.0	7193	18	14	8229	22	1306	1490	10
153.0	7036	10	15	8230	5	1224	1271	7
153.0	7103	18	13	8231	23	1676	807	10
153.0	7399	11	14	8232	8	1161	1094	11
153.0	6909	25	24	8233	25	1020	822	11
153.0	6989	17	17	8234	16	1354	1189	10
153.0	7237	14	15	8235	13	1219	1113	10
153.0	6865	22	22	8236	21	1107	1367	14
153.0	7199	13	11	8237	13	1459	1053	11
153.0	7047	19	17	8238	20	1661	1118	8
153.0	7186	17	15	8239	17	1963	55	10
153.0	7195	9	9	8240	9	1028	1552	10
153.0	8203	27	32	8241	20	1913	1373	12
153.0	7332	12	12	8242	10	1331	1177	11
153.0	7362	7	5	8243	9	1204	550	9
153.0	7499	19	18	8244	19	1292	87	10
153.0	7382	16	18	8245	12	1047	1298	10
153.0	6880	15	16	8246	14	1675	1207	11
153.0	7016	34	33	8247	35	1974	0	16
153.0	7003	12	11	8248	13	1134	811	10
153.0	7008	16	19	8249	13	504	1268	12
153.0	7133	24	24	8250	24	976	862	11
153.0	7389	11	8	8251	13	1217	667	8
153.0	7253	27	29	8252	25	964	1078	12
153.0	7701	8	8	8253	8	1241	1630	13
153.0	6953	9	10	8254	8	1598	1054	13
153.0	6916	4	2	8255	6	474	873	11
153.0	6960	32	29	8256	33	907	1200	11
153.0	7293	16	17	8257	15	852	929	13
153.0	7875	18	14	8258	22	1925	615	14
153.0	7297	10	10	8259	9	586	822	10
153.0	7252	15	13	8260	13	1047	0	6
153.0	7048	29	27	8261	29	1437	1448	13
153.0	6951	18	19	8262	16	1650	1067	11
153.0	7177	26	29	8263	22	1645	1999	10
153.0	7442	36	37	8264	32	1378	778	11
153.0	7163	27	29	8265	23	1528	289	8
153.0	7023	24	17	8266	30	722	873	13
153.0	7138	17	20	8267	13	727	1178	10
153.0	6869	13	15	8268	11	1461	958	9
154.0	6878	16	20	8269	12	874	842	13
154.0	6899	9	10	8270	8	701	1241	10
154.0	7289	18	15	8271	19	1218	1571	9
154.0	7396	15	18	8272	11	905	1158	13
154.0	7132	14	10	8273	17	1106	697	11
154.0	7161	13	10	8274	16	1899	703	14
154.0	7190	1	1	8275	1	1183	1003	14
154.0	7470	27	28	8276	26	140	1138	8
154.0	6904	12	11	8277	12	1220	1682	10
154.0	7088	19	24	8278	14	564	1828	9
154.0	7056	0	0	8279	0	722	701	14
154.0	7220	0	0	8280	0	762	737	14
154.0	7104	16	15	8281	15	1291	949	12
154.0	7291	26	24	8282	28	1839	1198	12
154.0	6958	21	15	8283	24	971	1290	11
154.0	7151	23	20	8284	24	1696	940	12
154.0	7566	20	25	8285	14	1825	1544	10
154.0	7070	22	23	8286	21	774	1079	9
154.0	7646	12	11	8287	12	664	1931	9
154.0	7083	18	18	8288	16	825	800	12
154.0	7294	36	37	8289	35	0	1901	11
154.0	6987	11	10	8290	12	1168	1069	11
154.0	7085	43	44	8291	41	1074	1289	14
154.0	7082	14	10	8292	17	1125	1481	7
154.0	6940	49	41	8293	55	1999	1108	20
154.0	7327	34	33	8294	34	1452	206	9
154.0	7418	13	14	8295	10	774	1062	9
154.0	7039	9	6	8296	11	1758	1027	9
154.0	7113	17	14	8297	19	824	1407	10
154.0	7174	16	16	8298	16	746	953	11
154.0	7265	20	16	8299	23	612	1064	10
154.0	6942	4	5	8300	3	882	247	12
154.0	7296	12	12	8301	12	882	631	11
154.0	7200	23	22	8302	23	1803	1586	10
154.0	6968	29	31	8303	27	797	1203	11
154.0	7191	13	15	8304	11	711	1326	10
154.0	7251	0	0	8305	0	679	795	13
154.0	7421	23	19	8306	27	1213	762	11
154.0	7507	10	10	8307	10	418	1080	12
154.0	7629	26	33	8308	19	1478	98	12
154.0	7671	8	11	8309	4	1525	1090	11
154.0	7382	18	16	8310	20	1047	1298	11
154.0	7225	15	14	8311	16	1294	1221	8
154.0	7938	10	8	8312	12	1717	1338	10
154.0	6910	6	6	8313	6	1272	1514	12
154.0	7064	13	11	8314	14	1042	1131	9
154.0	7684	24	27	8315	21	1491	1543	13
154.0	7400	12	9	8316	13	1721	941	9
154.0	7510	19	21	8317	15	316	1180	12
154.0	7342	17	14	8318	20	1681	222	9
154.0	7244	30	34	8319	25	959	1156	13
154.0	7226	5	4	8320	5	1082	834	12
154.0	7073	19	22	8321	15	411	405	11
154.0	7281	7	7	8322	7	1381	1054	10
154.0	7753	24	17	8323	31	1246	0	12
154.0	7311	16	16	8324	14	639	1324	13
154.0	7297	10	9	8325	9	586	822	11
154.0	7059	4	3	8326	5	642	872	10
155.0	7090	30	30	8327	28	1161	1287	12
155.0	7734	24	20	8328	26	157	637	9
155.0	6941	26	25	8329	25	1149	911	13
155.0	7174	16	14	8330	18	746	953	12
155.0	7311	16	15	8331	17	639	1324	14
155.0	7347	12	12	8332	12	713	1292	8
155.0	7060	26	31	8333	21	1431	929	16
155.0	7421	19	20	8334	16	1213	762	12
155.0	7346	27	31	8335	23	1132	1413	14
155.0	7366	9	9	8336	9	1145	692	10
155.0	7465	11	10	8337	11	1129	1076	11
155.0	7267	16	12	8338	18	1067	1211	9
155.0	7180	16	20	8339	11	1703	238	12
155.0	7132	10	10	8340	10	1106	697	12
155.0	7043	9	11	8341	6	763	809	13
155.0	7042	17	18	8342	15	998	932	7
155.0	7007	9	8	8343	10	1118	1016	10
155.0	7468	31	40	8344	21	1473	390	9
155.0	7586	10	11	8345	9	709	808	9
155.0	7125	13	14	8346	11	766	612	11
155.0	6914	9	11	8347	7	1343	1059	11
155.0	7079	9	9	8348	8	1606	518	12
155.0	7746	8	10	8349	6	1101	1156	11
155.0	7324	23	27	8350	18	644	1080	9
155.0	7086	8	7	8351	8	1210	1197	11
155.0	7665	0	0	8352	0	610	846	11
155.0	7313	44	43	8353	43	1931	27	13
155.0	7439	16	16	8354	13	1243	1260	10
155.0	7662	23	23	8355	23	1590	879	13
155.0	7374	21	20	8356	21	1430	980	15
155.0	7327	33	32	8357	31	1452	206	10
155.0	7053	4	4	8358	4	1055	1167	9
155.0	6878	20	21	8359	18	874	842	14
155.0	6962	33	27	8360	39	1497	1999	11
155.0	8027	13	12	8361	14	1310	1352	10
155.0	7323	15	14	8362	15	1346	970	10
155.0	7034	30	29	8363	27	1340	876	12
155.0	7608	17	20	8364	14	1004	770	12
155.0	7483	19	18	8365	19	535	890	9
155.0	7113	14	15	8366	13	824	1407	11
155.0	7504	26	31	8367	20	622	1715	10
155.0	6925	19	15	8368	20	1477	1683	10
155.0	6900	5	4	8369	6	1045	831	9
155.0	7690	44	34	8370	51	1181	738	12
155.0	7363	13	11	8371	12	1059	1554	10
155.0	8133	10	9	8372	10	822	1462	8
155.0	7262	24	23	8373	25	506	1610	11
155.0	6902	17	13	8374	21	719	69	13
155.0	6946	21	21	8375	20	1855	1650	12
155.0	7420	11	10	8376	11	930	932	10
155.0	7333	10	9	8377	11	1068	1002	11
155.0	7551	26	28	8378	20	1050	792	9
155.0	6940	41	43	8379	39	1999	1108	21
155.0	7154	8	9	8380	7	1887	615	15
155.0	7671	11	8	8381	12	1525	1090	12
155.0	7130	7	4	8382	10	1293	639	9
155.0	8110	19	17	8383	19	676	1954	11
155.0	7359	26	21	8384	29	1717	50	12
155.0	7375	8	8	8385	8	490	784	9
155.0	7248	28	19	8386	32	1080	1251	13
155.0	8026	18	16	8387	20	1649	1258	11
155.0	7196	25	25	8388	21	922	1007	12
155.0	7753	17	9	8389	23	1246	0	13
155.0	6974	26	24	8390	26	1438	837	6
155.0	7150	33	33	8391	31	1579	1127	13
156.0	8027	12	13	8392	11	1310	1352	11
156.0	7674	15	15	8393	15	856	366	11
156.0	7322	12	8	8394	15	806	730	9
156.0	7542	32	32	8395	32	1312	494	12
156.0	7123	18	13	8396	23	1252	1147	10
156.0	7662	23	26	8397	20	1590	879	14
156.0	7156	4	5	8398	3	629	829	11
156.0	7087	7	5	8399	9	708	982	12
156.0	6928	27	25	8400	27	75	1053	10
156.0	7264	19	21	8401	17	728	386	13
156.0	7387	2	3	8402	1	1210	1619	14
156.0	6970	27	20	8403	31	1999	1494	14
156.0	7469	18	17	8404	19	792	925	11
156.0	7514	17	18	8405	15	1021	780	9
156.0	7202	30	30	8406	29	1263	911	11
156.0	7030	8	8	8407	8	1136	590	12
156.0	7821	4	4	8408	4	707	341	12
156.0	7245	4	2	8409	6	993	466	10
156.0	7404	29	26	8410	30	1950	1927	12
156.0	6972	29	30	8411	27	144	1428	13
156.0	7104	15	11	8412	18	1291	949	13
156.0	7283	8	12	8413	4	589	843	10
156.0	7551	28	26	8414	27	1050	792	10
156.0	7236	9	9	8415	8	863	455	9
156.0	7370	5	3	8416	6	1069	1088	10
156.0	7033	9	9	8417	8	1408	1081	12
156.0	7518	11	11	8418	10	1433	856	11
156.0	7157	14	13	8419	15	1235	1547	10
156.0	7178	7	9	8420	5	1058	844	8
156.0	7131	32	29	8421	29	1298	1071	14
156.0	6979	11	9	8422	11	1734	583	13
156.0	7750	13	16	8423	10	1205	1099	12
156.0	6999	14	17	8424	10	1378	976	15
156.0	7164	30	26	8425	33	1874	848	14
156.0	7436	7	4	8426	10	827	912	13
156.0	7286	28	27	8427	27	1417	1034	9
156.0	7279	20	19	8428	19	1050	1029	9
156.0	7586	11	10	8429	12	709	808	10
156.0	7319	14	16	8430	12	144	1938	14
156.0	6973	18	19	8431	16	1609	1244	13
156.0	7411	5	4	8432	6	1170	1034	11
156.0	7970	36	33	8433	38	1211	1424	11
156.0	6888	18	13	8434	21	387	458	13
156.0	7539	6	8	8435	4	1396	1039	11
156.0	7366	9	6	8436	11	1145	692	11
156.0	7653	7	7	8437	6	1078	901	10
156.0	7182	31	38	8438	24	39	178	8
156.0	6921	15	21	8439	8	1945	901	12
156.0	7102	16	15	8440	17	807	947	10
156.0	7439	16	17	8441	15	1243	1260	11
156.0	7498	16	20	8442	12	927	1526	8
156.0	6894	13	10	8443	16	1811	480	13
156.0	8245	12	10	8444	14	1022	1273	11
156.0	7324	27	32	8445	22	644	1080	10
156.0	7150	33	34	8446	30	1579	1127	14
156.0	6974	24	23	8447	25	1451	824	7
156.0	7139	3	2	8448	3	708	842	11
156.0	6900	4	5	8449	2	1045	831	10
156.0	7213	2	2	8450	2	1158	1157	9
156.0	7106	27	26	8451	25	1018	1665	12
156.0	7620	11	14	8452	7	926	460	10
156.0	7125	14	17	8453	11	766	612	12
156.0	7292	3	1	8454	4	715	751	14
156.0	7813	6	5	8455	7	691	678	11
156.0	6918	37	39	8456	35	1833	1999	12
156.0	7508	6	3	8457	8	1271	1076	11
156.0	7585	12	13	8458	9	1982	696	10
156.0	7327	32	28	8459	36	1583	151	11
156.0	7001	5	4	8460	6	1064	1038	13
156.0	7061	3	4	8461	2	1250	1472	7
156.0	7604	13	8	8462	18	696	821	10
156.0	7077	1	0	8463	2	629	782	14
156.0	7076	18	24	8464	11	1762	1435	11
156.0	7471	15	19	8465	11	1664	688	9
156.0	7481	20	15	8466	24	1648	1369	11
156.0	7180	20	23	8467	16	1703	238	13
157.0	7187	14	15	8468	11	1895	816	10
157.0	7301	24	26	8469	22	637	957	10
157.0	7062	28	26	8470	29	127	1632	11
157.0	7168	22	13	8471	29	1004	300	7
157.0	7130	4	3	8472	5	1293	639	10
157.0	7243	20	19	8473	20	1187	1702	11
157.0	7239	14	14	8474	13	1447	1592	8
157.0	7620	14	15	8475	13	926	460	11
157.0	7687	44	38	8476	48	23	1128	9
157.0	7591	15	15	8477	15	1200	1405	9
157.0	6965	9	7	8478	11	1183	1049	12
157.0	7005	14	15	8479	13	1130	1258	11
157.0	7347	12	12	8480	11	713	1292	9
157.0	7317	22	20	8481	24	559	475	11
157.0	7809	9	10	8482	8	1241	541	6
157.0	7068	15	16	8483	14	1028	1183	7
157.0	6970	20	16	8484	21	1999	1494	15
157.0	6885	18	15	8485	20	1999	611	10
157.0	6871	21	24	8486	17	1282	57	11
157.0	7041	8	6	8487	10	931	504	11
157.0	7063	12	12	8488	11	1186	1622	10
157.0	7004	16	17	8489	15	1988	844	11
157.0	6939	10	12	8490	8	1797	1421	8
157.0	7018	30	27	8491	30	1619	1729	13
157.0	7446	18	14	8492	21	623	556	10
157.0	7182	38	40	8493	35	39	178	9
157.0	6972	30	27	8494	32	76	1338	14
157.0	7088	24	25	8495	21	564	1828	10
157.0	7351	32	28	8496	34	1321	1531	11
157.0	6927	36	31	8497	38	654	322	10
157.0	7487	25	26	8498	23	1364	1302	15
157.0	6961	14	14	8499	13	978	824	6
157.0	7086	7	6	8500	8	1210	1218	12
157.0	7479	31	30	8501	31	1142	1306	11
157.0	6872	26	21	8502	28	1999	872	12
157.0	6928	25	24	8503	24	75	1053	11
157.0	7234	19	22	8504	16	887	1021	11
157.0	7938	8	7	8505	9	1701	1385	11
157.0	7892	17	18	8506	15	1254	572	8
157.0	7350	0	0	8507	0	1207	615	10
157.0	7255	27	23	8508	30	1188	796	11
157.0	7515	14	11	8509	17	1299	666	10
157.0	7353	11	11	8510	11	701	1207	8
157.0	6869	15	10	8511	19	1461	958	10
157.0	8021	21	19	8512	23	1160	784	10
157.0	7081	34	29	8513	38	945	949	11
157.0	7416	11	17	8514	4	1233	666	9
157.0	7045	14	11	8515	15	1132	1391	10
157.0	7453	8	8	8516	8	1707	971	10
157.0	7397	25	22	8517	27	1911	1643	10
157.0	7092	11	15	8518	7	1957	1462	14
157.0	7776	26	26	8519	26	1588	591	9
157.0	7691	28	35	8520	20	1747	1611	14
157.0	7331	11	8	8521	13	632	827	10
157.0	7111	15	12	8522	16	1401	933	9
157.0	7580	4	3	8523	5	1102	602	13
157.0	6955	15	18	8524	11	543	960	12
157.0	7373	15	13	8525	17	1761	1510	10
157.0	8019	11	10	8526	11	185	1044	13
157.0	7126	40	44	8527	36	1631	888	13
157.0	7385	6	7	8528	5	726	802	12
157.0	7169	13	12	8529	13	699	1374	10
157.0	6897	27	30	8530	23	1270	848	12
157.0	7955	15	11	8531	17	1907	1570	14
157.0	7244	34	30	8532	35	959	1156	14
157.0	7571	11	12	8533	10	735	1038	12
157.0	7498	20	16	8534	22	927	1526	9
157.0	7283	12	16	8535	8	589	843	11
157.0	7321	18	21	8536	15	1694	1594	7
157.0	7298	35	33	8537	37	878	892	8
157.0	7316	25	26	8538	23	1999	896	8
157.0	6890	15	16	8539	12	1241	1099	12
157.0	7471	19	16	8540	21	1664	688	10
157.0	7108	22	19	8541	23	1680	1049	8
157.0	7248	19	16	8542	21	1080	1251	14
157.0	7195	9	9	8543	8	1028	1552	11
157.0	7490	10	11	8544	9	660	846	10
157.0	6932	30	34	8545	26	476	940	9
157.0	7231	11	13	8546	9	1220	1310	11
157.0	7394	5	5	8547	5	1086	969	15
157.0	7146	12	9	8548	15	911	1056	11
157.0	7127	21	25	8549	17	971	1124	10
157.0	7074	17	14	8550	19	1160	1559	10
157.0	7655	17	15	8551	18	1656	1242	15
157.0	7328	16	19	8552	12	714	959	6
157.0	7552	25	22	8553	25	1738	643	11
157.0	7225	14	11	8554	17	1294	1221	9
157.0	7486	16	16	8555	13	1323	1661	7
157.0	7352	20	20	8556	19	622	675	12
158.0	7094	11	12	8557	9	1117	1673	9
158.0	6926	17	19	8558	14	913	700	11
158.0	7229	18	17	8559	19	1249	1057	8
158.0	7084	11	7	8560	13	888	947	9
158.0	7184	15	18	8561	12	557	1358	9
158.0	8235	13	10	8562	15	1204	1148	11
158.0	7046	10	9	8563	10	1926	1154	10
158.0	6875	6	4	8564	8	1143	1001	15
158.0	7457	13	13	8565	10	920	816	11
158.0	6874	4	2	8566	6	1091	635	12
158.0	7408	20	19	8567	20	983	1001	9
158.0	7590	8	6	8568	9	1063	862	10
158.0	7301	26	22	8569	26	637	957	11
158.0	7047	17	17	8570	17	1661	1118	9
158.0	6959	12	14	8571	10	1043	1230	11
158.0	7106	26	29	8572	22	1018	1665	13
158.0	7953	43	36	8573	47	1889	1231	18
158.0	7612	11	12	8574	10	664	42	11
158.0	7284	9	8	8575	10	933	383	9
158.0	7207	18	17	8576	17	1729	1487	11
158.0	6948	28	24	8577	30	1625	319	12
158.0	7269	23	20	8578	25	102	564	10
158.0	7126	44	49	8579	37	1631	888	14
158.0	7069	13	14	8580	12	1172	1200	11
158.0	7383	7	8	8581	5	1126	964	15
158.0	7101	24	23	8582	23	1877	1479	10
158.0	7233	20	18	8583	22	1220	1005	9
158.0	7095	17	18	8584	16	1189	1349	13
158.0	7801	25	22	8585	26	587	584	11
158.0	7692	8	9	8586	7	1781	1016	12
158.0	7035	21	17	8587	25	722	201	12
158.0	7203	16	14	8588	17	1169	1381	9
158.0	7329	16	16	8589	16	1457	327	8
158.0	7410	11	10	8590	10	926	774	10
158.0	7434	44	38	8591	48	1999	1148	13
158.0	7817	15	16	8592	13	946	1894	10
158.0	7554	24	18	8593	28	1338	813	12
158.0	7123	13	13	8594	11	1252	1147	11
158.0	7462	13	12	8595	13	1118	684	10
158.0	7540	10	14	8596	6	992	1647	10
158.0	7820	17	21	8597	11	1217	849	11
158.0	7218	14	11	8598	17	1932	1263	11
158.0	7492	16	18	8599	12	1176	1089	11
158.0	7344	19	19	8600	18	874	988	7
158.0	7171	21	17	8601	25	1855	1126	11
158.0	7691	35	36	8602	31	1747	1611	15
158.0	7057	15	18	8603	10	688	932	12
158.0	7946	12	17	8604	7	1028	1603	10
158.0	7728	22	23	8605	19	1267	1052	10
158.0	7816	7	7	8606	6	1170	635	14
158.0	7595	12	12	8607	11	1351	77	10
158.0	7832	8	5	8608	9	1029	1367	10
158.0	7732	25	27	8609	23	1741	1699	14
158.0	7125	17	13	8610	20	719	554	13
158.0	7064	11	15	8611	6	1042	1131	10
158.0	8179	42	36	8612	45	642	1042	17
158.0	7382	16	14	8613	17	1047	1298	12
158.0	7397	22	26	8614	17	1911	1643	11
158.0	7006	19	24	8615	13	1516	983	12
158.0	7017	23	25	8616	19	1455	1200	10
158.0	7003	11	10	8617	11	1174	811	11
158.0	7254	13	12	8618	14	1081	577	11
158.0	7117	13	13	8619	13	793	74	9
158.0	7969	19	15	8620	22	1949	518	10
158.0	7179	14	19	8621	8	428	670	9
158.0	6939	12	9	8622	13	1797	1421	9
158.0	7070	23	23	8623	20	774	1079	10
158.0	6870	15	14	8624	14	912	1557	10
158.0	7516	3	1	8625	5	759	854	13
158.0	7438	15	16	8626	14	1927	984	11
158.0	7452	22	24	8627	20	869	1430	9
159.0	7280	12	11	8628	13	1350	745	9
159.0	7838	5	4	8629	6	1081	660	13
159.0	7703	6	4	8630	7	610	903	10
159.0	7318	11	11	8631	11	1956	818	10
159.0	7645	26	20	8632	32	1902	1473	12
159.0	7124	23	24	8633	19	1817	1392	13
159.0	7035	17	21	8634	13	722	201	13
159.0	7000	31	31	8635	29	502	1036	17
159.0	7445	10	11	8636	7	515	980	8
159.0	7638	7	3	8637	11	944	669	12
159.0	6981	9	8	8638	9	1523	1464	10
159.0	6934	18	17	8639	18	1160	1451	12
159.0	7384	43	44	8640	42	419	0	10
159.0	7235	21	20	8641	22	1999	964	12
159.0	7271	16	18	8642	12	1795	1258	11
159.0	7254	12	14	8643	9	1081	577	12
159.0	7598	13	13	8644	13	1931	887	11
159.0	7141	23	22	8645	21	1415	1358	9
159.0	7615	12	13	8646	10	1987	558	12
159.0	7103	13	14	8647	12	1676	787	11
159.0	8406	29	28	8648	28	1247	879	12
159.0	6944	30	29	8649	29	1756	1378	11
159.0	7307	4	4	8650	3	1109	886	10
159.0	7305	29	34	8651	21	1838	925	18
159.0	7270	3	2	8652	4	1620	1168	10
159.0	8070	0	0	8653	0	740	816	14
159.0	7249	18	12	8654	23	1080	750	8
159.0	7173	22	23	8655	20	848	1312	8
159.0	7385	7	6	8656	8	713	789	13
159.0	7128	18	14	8657	22	1212	1179	6
159.0	6917	24	29	8658	18	1221	1231	15
159.0	6968	31	30	8659	31	689	1146	12
159.0	7792	16	15	8660	16	1009	576	8
159.0	6904	11	13	8661	9	1220	1682	11
159.0	7597	17	14	8662	19	1411	914	16
159.0	7426	23	26	8663	18	932	598	10
159.0	7042	18	18	8664	17	998	932	8
159.0	7029	37	38	8665	34	1547	1999	14
159.0	7354	34	27	8666	41	1999	82	15
159.0	6915	21	19	8667	22	1654	1543	10
159.0	7832	5	3	8668	7	1029	1367	11
159.0	7135	22	22	8669	20	1490	736	11
159.0	7058	10	11	8670	9	1044	1382	10
159.0	7534	28	25	8671	29	1131	1512	11
159.0	7390	11	9	8672	12	418	1201	11
159.0	7348	17	23	8673	11	1057	1452	9
159.0	7529	15	17	8674	13	1889	1266	9
159.0	7379	13	12	8675	13	1142	542	12
159.0	7165	27	33	8676	21	1962	833	11
159.0	7804	6	9	8677	3	1959	363	13
159.0	7105	13	10	8678	16	1210	1196	7
159.0	6919	3	4	8679	2	1028	1512	9
159.0	7055	26	28	8680	23	1687	1085	11
159.0	7768	21	18	8681	23	780	1319	14
159.0	7805	30	33	8682	25	1167	911	13
159.0	7662	26	25	8683	27	1590	879	15
159.0	7493	24	18	8684	29	1684	1501	9
159.0	7196	25	26	8685	23	922	1007	13
159.0	6960	29	30	8686	26	907	1200	12
159.0	7171	17	22	8687	12	1928	1078	12
159.0	6939	9	10	8688	8	1797	1421	10
159.0	6965	7	9	8689	4	1183	1049	13
159.0	7218	11	11	8690	11	1932	1263	12
159.0	7153	20	19	8691	21	1403	746	7
159.0	7091	17	16	8692	18	515	1643	10
159.0	7728	23	23	8693	23	1267	1052	11
159.0	7073	22	19	8694	25	405	311	12
159.0	7194	11	13	8695	8	1234	1158	8
159.0	7612	12	17	8696	6	664	42	12
159.0	7145	8	9	8697	7	669	833	9
159.0	7488	4	3	8698	5	1155	956	15
159.0	7479	30	27	8699	33	1142	1306	12
159.0	7655	15	14	8700	13	1656	1242	16
159.0	7357	16	18	8701	12	1407	1131	10
159.0	7622	23	18	8702	26	1966	1526	12
159.0	7219	15	10	8703	17	1117	1121	10
159.0	6947	19	16	8704	20	1377	461	12
159.0	7148	21	24	8705	18	1615	1663	11
159.0	7139	2	3	8706	1	708	842	12
159.0	6914	11	12	8707	8	1343	1059	12
159.0	6866	3	2	8708	3	814	701	15
159.0	7097	23	21	8709	24	1857	743	14
159.0	7637	24	21	8710	26	1152	1409	10
160.0	7423	10	12	8711	8	983	1380	12
160.0	6981	8	8	8712	8	1523	1464	11
160.0	7290	8	8	8713	8	898	1631	10
160.0	7363	11	14	8714	6	1059	1554	11
160.0	7426	26	34	8715	17	932	598	11
160.0	6907	43	44	8716	42	30	1574	11
160.0	7166	16	21	8717	9	952	1051	12
160.0	7659	27	28	8718	24	1447	1298	10
160.0	7270	2	3	8719	1	1620	1168	11
160.0	7624	35	35	8720	33	1904	1019	16
160.0	7628	32	27	8721	35	1569	1488	13
160.0	7663	19	23	8722	15	1107	1319	13
160.0	6946	21	18	8723	23	1917	1709	13
160.0	6880	16	15	8724	17	1675	1207	12
160.0	7609	9	5	8725	13	1233	1127	10
160.0	7078	20	17	8726	23	1143	1202	12
160.0	6988	10	9	8727	10	978	681	13
160.0	7023	17	17	8728	16	722	873	14
160.0	7299	19	20	8729	16	1907	1555	14
160.0	7613	19	19	8730	18	713	1270	10
160.0	7196	26	24	8731	27	922	1007	14
160.0	7348	23	22	8732	23	1057	1452	10
160.0	7637	21	19	8733	22	1152	1409	11
160.0	7244	30	26	8734	31	959	1156	15
160.0	7251	0	0	8735	0	620	759	14
160.0	6975	21	24	8736	18	1003	1008	10
160.0	7838	4	6	8737	2	1081	660	14
160.0	7221	6	7	8738	5	1478	705	12
160.0	7364	9	7	8739	10	1898	726	14
160.0	7062	26	25	8740	26	56	1698	12
160.0	7365	21	23	8741	19	612	1304	13
160.0	6977	12	13	8742	10	1688	1653	13
160.0	7113	15	21	8743	9	824	1407	12
160.0	7792	15	15	8744	15	1009	576	9
160.0	7563	9	5	8745	13	1160	563	12
160.0	7306	26	24	8746	26	1653	1609	6
160.0	7205	17	16	8747	18	1071	1519	7
160.0	7085	44	39	8748	42	1074	1289	15
160.0	7892	18	14	8749	21	1254	572	9
160.0	7296	12	12	8750	12	865	614	12
160.0	7182	40	39	8751	38	39	178	10
160.0	8140	10	6	8752	14	1309	1020	9
160.0	7551	26	21	8753	30	1050	773	11
160.0	8133	9	8	8754	9	822	1462	9
160.0	8316	13	12	8755	14	1736	941	10
160.0	7312	30	38	8756	19	908	1281	9
160.0	7000	31	32	8757	28	441	1146	18
160.0	7197	20	18	8758	22	654	776	10
160.0	7346	31	31	8759	31	1132	1413	15
160.0	7570	13	13	8760	11	1470	1462	10
160.0	7724	31	34	8761	27	1601	1738	13
160.0	7517	29	31	8762	26	1847	610	16
160.0	7475	14	17	8763	11	1413	657	8
160.0	6866	2	3	8764	1	814	701	16
160.0	7029	38	39	8765	37	1547	1999	15
160.0	7734	20	15	8766	23	157	637	10
160.0	8406	28	24	8767	31	1247	879	13
160.0	7728	23	28	8768	18	1267	1052	12
160.0	6905	37	30	8769	39	831	1034	12
160.0	7830	26	31	8770	18	1724	1114	8
160.0	6942	5	3	8771	7	932	176	13
160.0	7922	8	10	8772	6	1108	699	11
160.0	7114	12	8	8773	15	999	516	15
160.0	7353	11	14	8774	8	701	1207	9
160.0	7111	12	15	8775	8	1401	933	10
160.0	8294	34	40	8776	26	1437	191	10
160.0	7832	3	3	8777	3	1029	1367	12
160.0	7174	14	11	8778	15	728	953	13
160.0	7144	12	16	8779	8	1773	1625	8
160.0	6944	29	29	8780	29	1756	1378	12
160.0	7703	4	5	8781	3	610	903	11
160.0	7333	9	10	8782	8	1068	1002	12
160.0	7432	18	19	8783	16	966	633	8
160.0	7110	5	7	8784	3	1072	672	13
160.0	7995	9	9	8785	9	909	1	12
160.0	7626	3	4	8786	2	1157	579	13
160.0	7979	23	24	8787	22	1307	1302	11
160.0	7460	25	24	8788	25	1331	949	9
160.0	7480	7	5	8789	9	1930	792	11
160.0	7016	33	33	8790	31	1974	0	17
160.0	7054	9	8	8791	10	780	1486	10
161.0	6868	14	16	8792	12	1068	960	13
161.0	7187	15	15	8793	14	1849	816	11
161.0	7750	16	17	8794	14	1205	1099	13
161.0	6889	6	7	8795	5	776	1242	13
161.0	7386	11	11	8796	11	1099	1484	10
161.0	7850	19	22	8797	15	1947	1436	15
161.0	6930	16	18	8798	14	1999	1461	13
161.0	7231	13	12	8799	13	1234	1340	12
161.0	7659	28	26	8800	30	1447	1298	11
161.0	7441	11	15	8801	7	456	898	9
161.0	6903	16	14	8802	16	1999	1437	17
161.0	7922	10	8	8803	11	1108	699	12
161.0	7174	11	9	8804	11	728	953	14
161.0	8294	40	43	8805	36	1437	191	11
161.0	7058	11	11	8806	11	1044	1382	11
161.0	6969	9	8	8807	10	1020	477	13
161.0	7501	14	15	8808	13	919	551	9
161.0	7825	25	26	8809	23	28	951	9
161.0	7892	14	19	8810	8	1254	572	10
161.0	7495	36	37	8811	31	1682	738	12
161.0	6893	17	14	8812	18	1274	1021	11
161.0	6927	31	22	8813	38	654	322	11
161.0	7468	40	35	8814	44	1894	539	10
161.0	8089	31	32	8815	29	1488	877	15
161.0	7802	9	10	8816	7	1999	525	12
161.0	7845	16	18	8817	14	746	1282	10
161.0	7969	15	14	8818	15	1949	518	11
161.0	7839	22	26	8819	17	487	1616	10
161.0	6866	3	4	8820	2	814	701	17
161.0	7040	29	34	8821	23	1337	790	12
161.0	8058	8	8	8822	8	1642	1229	15
161.0	6970	16	12	8823	18	1999	1494	16
161.0	7376	35	40	8824	29	1962	11	15
161.0	7720	24	18	8825	30	694	727	12
161.0	7110	7	4	8826	10	1072	672	14
161.0	7343	18	13	8827	22	1932	1414	13
161.0	7083	18	17	8828	18	825	800	13
161.0	7508	3	4	8829	2	1271	1092	12
161.0	7543	6	4	8830	8	1073	448	13
161.0	7135	22	22	8831	21	1490	736	12
161.0	7492	18	19	8832	17	1189	1076	12
161.0	7210	36	35	8833	36	1999	378	13
161.0	7101	23	21	8834	24	1877	1479	11
161.0	7359	21	18	8835	23	1717	50	13
161.0	7240	7	7	8836	6	583	921	12
161.0	7456	17	18	8837	15	1929	868	10
161.0	7562	27	26	8838	28	1670	836	9
161.0	6910	6	2	8839	10	1315	1512	13
161.0	6880	15	19	8840	9	1675	1207	13
161.0	7263	18	16	8841	19	1897	1507	11
161.0	7581	13	11	8842	12	1587	240	9
161.0	7672	37	39	8843	31	1153	1251	11
161.0	7163	29	33	8844	24	1622	236	9
161.0	7277	18	17	8845	17	1301	1162	11
161.0	7696	6	6	8846	5	1629	1109	10
161.0	7198	13	11	8847	15	699	1180	12
161.0	7087	5	3	8848	7	708	982	13
161.0	6883	9	8	8849	9	957	697	12
161.0	7631	31	31	8850	28	1976	1676	12
161.0	7303	26	25	8851	24	1976	849	11
161.0	7225	11	12	8852	9	1294	1221	10
161.0	6901	11	13	8853	9	229	1300	14
162.0	7315	10	7	8854	13	1958	323	13
162.0	7651	9	7	8855	11	1311	949	10
162.0	7892	19	24	8856	12	1254	572	11
162.0	7052	15	21	8857	9	1999	493	11
162.0	6963	20	18	8858	20	851	911	15
162.0	7686	12	9	8859	13	579	1922	12
162.0	6914	12	8	8860	16	1343	1059	13
162.0	7340	11	14	8861	8	1777	855	10
162.0	6986	33	31	8862	33	1840	61	13
162.0	7400	9	10	8863	8	1700	941	10
162.0	7543	4	4	8864	4	1073	448	14
162.0	7597	14	14	8865	14	1424	901	17
162.0	6957	18	18	8866	17	1895	1039	12
162.0	7321	21	19	8867	23	1694	1594	8
162.0	7102	15	15	8868	15	829	947	11
162.0	7512	14	14	8869	14	940	809	10
162.0	7277	17	21	8870	13	1301	1162	12
162.0	7158	16	14	8871	18	1301	1050	11
162.0	7105	10	10	8872	9	1210	1215	8
162.0	7418	14	17	8873	11	774	1062	10
162.0	6938	12	11	8874	12	790	870	13
162.0	7185	28	26	8875	26	1862	1999	13
162.0	7837	20	19	8876	21	879	1290	12
162.0	7361	19	22	8877	15	379	745	7
162.0	7426	34	36	8878	31	932	598	12
162.0	7300	15	12	8879	17	1001	1259	9
162.0	7067	26	21	8880	29	1397	71	12
162.0	6978	21	19	8881	20	1081	920	11
162.0	7275	16	18	8882	12	1493	971	9
162.0	7943	17	21	8883	12	1220	1310	11
162.0	6901	13	12	8884	12	229	1300	15
162.0	7264	21	15	8885	27	728	386	14
162.0	7238	31	32	8886	29	1087	1000	14
162.0	8852	9	7	8887	8	1294	1239	11
162.0	7376	40	42	8888	37	1962	11	16
162.0	7496	17	15	8889	18	1903	1441	10
162.0	7541	18	15	8890	21	1069	726	9
162.0	7578	5	4	8891	6	1197	1575	7
162.0	8809	23	16	8892	27	41	937	10
162.0	7593	10	8	8893	12	763	596	10
162.0	7516	1	1	8894	1	741	854	14
162.0	7009	14	10	8895	17	462	992	10
162.0	7969	14	10	8896	18	1949	518	12
162.0	7501	15	21	8897	9	919	551	10
162.0	7619	10	10	8898	9	539	250	11
162.0	7013	2	2	8899	2	731	727	16
162.0	7182	39	39	8900	37	39	178	11
162.0	7164	26	21	8901	29	1851	848	15
162.0	7672	39	34	8902	42	1153	1251	12
162.0	7594	8	10	8903	6	700	1684	9
162.0	7558	31	27	8904	34	1843	1200	16
162.0	7484	28	32	8905	24	1432	851	15
162.0	7739	17	19	8906	15	1692	1242	14
162.0	7648	4	1	8907	7	1259	644	8
162.0	7662	25	22	8908	27	1590	879	16
162.0	7420	10	9	8909	11	920	922	11
162.0	7018	27	32	8910	21	1619	1729	14
162.0	7549	9	9	8911	9	1136	819	10
162.0	8087	26	27	8912	24	1246	1413	14
162.0	6866	4	4	8913	4	814	701	18
162.0	7838	6	4	8914	7	1081	660	15
162.0	7822	25	30	8915	19	939	994	11
162.0	7204	17	14	8916	19	1333	1032	13
162.0	7184	18	13	8917	22	557	1358	10
162.0	7664	15	15	8918	15	1186	771	8
162.0	7209	17	16	8919	17	827	616	8
162.0	7782	10	11	8920	9	945	1339	9
162.0	7451	26	25	8921	27	1107	1605	10
162.0	7135	22	19	8922	25	1490	736	13
162.0	6929	14	13	8923	14	1325	1251	11
162.0	7409	14	13	8924	14	1078	1484	11
162.0	7129	20	22	8925	17	991	653	7
162.0	8046	17	17	8926	17	791	966	14
162.0	7008	19	20	8927	18	502	1183	13
162.0	7154	9	10	8928	8	1887	615	16
162.0	7020	8	10	8929	6	1173	466	13
162.0	7210	35	36	8930	34	1999	378	14
162.0	6990	15	13	8931	17	888	915	13
162.0	7826	15	16	8932	13	1237	1489	10
162.0	7753	9	12	8933	6	1246	0	14
162.0	7975	20	16	8934	22	1909	780	13
162.0	7678	25	23	8935	27	1316	849	12
162.0	7642	26	33	8936	18	1538	1422	9
162.0	8195	38	40	8937	33	1363	858	14
162.0	7247	16	22	8938	10	872	1220	8
163.0	7464	31	24	8939	34	1516	456	14
163.0	7288	12	12	8940	10	365	22	10
163.0	7639	15	14	8941	15	1920	1448	14
163.0	7557	1	1	8942	1	781	786	14
163.0	7108	19	22	8943	16	1667	1036	9
163.0	7068	16	18	8944	12	1028	1183	8
163.0	7271	18	21	8945	15	1795	1258	12
163.0	8809	16	15	8946	16	53	1020	11
163.0	7807	9	11	8947	7	1096	1638	9
163.0	8134	24	27	8948	21	1947	1045	12
163.0	7451	25	25	8949	22	1107	1605	11
163.0	7168	13	8	8950	17	1069	280	8
163.0	6916	2	2	8951	1	474	873	12
163.0	7274	9	7	8952	11	1190	876	10
163.0	7084	7	7	8953	7	888	947	10
163.0	7222	43	41	8954	41	1149	929	13
163.0	7872	8	9	8955	6	960	603	10
163.0	7051	22	20	8956	22	905	1817	11
163.0	6937	0	0	8957	0	740	835	14
163.0	8161	24	23	8958	21	931	1034	12
163.0	6986	31	36	8959	24	1840	61	14
163.0	7104	11	8	8960	14	1291	949	14
163.0	7135	19	19	8961	17	1490	736	14
163.0	7594	10	10	8962	10	700	1684	10
163.0	7583	9	11	8963	5	1037	481	14
163.0	7329	16	13	8964	17	1457	327	9
163.0	7955	11	10	8965	11	1899	1623	15
163.0	7921	6	8	8966	4	670	1639	9
163.0	7569	24	25	8967	20	886	708	9
163.0	7616	15	12	8968	17	1419	952	9
163.0	7996	4	4	8969	4	918	1665	10
163.0	7162	15	15	8970	15	1298	1340	10
163.0	8823	18	14	8971	19	1988	1504	17
163.0	7648	1	2	8972	0	1259	644	9
163.0	6938	11	12	8973	10	790	870	14
163.0	7994	7	7	8974	7	1237	969	11
163.0	7028	24	25	8975	23	1482	1933	15
163.0	8013	26	24	8976	25	656	1363	12
163.0	7683	14	18	8977	10	1353	1400	9
163.0	7418	17	24	8978	10	774	1062	11
163.0	7837	19	19	8979	19	879	1290	13
163.0	7938	7	8	8980	6	1701	1385	12
163.0	7077	0	0	8981	0	566	761	15
163.0	7071	17	22	8982	12	22	1053	14
163.0	7531	13	17	8983	9	1181	1209	11
163.0	7603	10	10	8984	10	1279	1206	10
163.0	7647	32	20	8985	43	1653	1413	11
163.0	7161	10	11	8986	8	1919	752	15
163.0	7154	10	8	8987	12	1887	615	17
163.0	7791	11	14	8988	7	1963	615	12
163.0	7326	7	7	8989	7	1001	895	9
163.0	7870	17	14	8990	19	1379	755	11
163.0	7694	30	39	8991	20	1031	897	11
163.0	7803	22	21	8992	22	1260	908	10
163.0	7527	23	25	8993	21	721	1030	14
163.0	7304	13	12	8994	14	1582	1999	12
163.0	7521	13	14	8995	12	1002	1227	9
163.0	6933	14	18	8996	10	1401	869	12
163.0	7456	18	19	8997	17	1929	868	11
163.0	6952	28	29	8998	27	1947	256	10
163.0	6869	10	7	8999	11	1461	958	11
163.0	8040	7	5	9000	9	1321	688	11
163.0	7412	18	17	9001	17	874	861	10
163.0	7000	32	22	9002	41	441	1146	19
163.0	7538	10	6	9003	13	1448	990	11
163.0	7310	12	12	9004	12	635	1350	8
163.0	7297	9	8	9005	10	517	792	12
163.0	7175	18	16	9006	19	1900	276	11
163.0	8101	25	22	9007	27	662	957	11
163.0	7699	39	45	9008	32	1799	819	11
163.0	7526	24	25	9009	23	601	887	9
163.0	7032	16	16	9010	13	1729	1251	13
163.0	7011	16	9	9011	22	870	1269	15
163.0	7155	12	11	9012	13	978	1683	9
163.0	7776	26	26	9013	24	1628	384	10
163.0	8001	37	45	9014	29	1653	888	13
163.0	7943	21	18	9015	24	1220	1310	12
163.0	6980	20	22	9016	18	1016	1050	11
163.0	7510	21	22	9017	19	316	1180	13
163.0	8166	22	17	9018	27	1676	802	10
163.0	6957	18	22	9019	13	1895	1039	13
163.0	7500	7	2	9020	11	1120	198	12
163.0	7065	11	10	9021	11	1241	603	7
163.0	7904	19	14	9022	24	526	651	11
163.0	7220	0	0	9023	0	762	737	15
163.0	7238	32	35	9024	28	1087	1000	15
163.0	8035	8	11	9025	5	1962	1267	9
163.0	7251	0	0	9026	0	620	759	15
163.0	7702	29	34	9027	24	1766	823	12
163.0	7687	38	37	9028	36	23	1128	10
163.0	7038	28	28	9029	26	70	859	10
163.0	7962	14	11	9030	17	979	986	9
163.0	7753	12	10	9031	14	1246	0	15
163.0	8110	17	16	9032	16	676	1954	12
163.0	7021	18	22	9033	13	1039	720	9
163.0	7892	24	24	9034	23	1254	572	12
163.0	7877	31	34	9035	26	1375	691	9
163.0	7270	3	0	9036	6	1620	1168	12
163.0	7319	16	16	9037	15	209	1993	15
164.0	7637	19	22	9038	15	1169	1409	12
164.0	7038	28	33	9039	22	70	859	11
164.0	7041	6	4	9040	8	931	504	12
164.0	7418	24	26	9041	22	774	1062	12
164.0	7050	17	19	9042	15	1280	961	10
164.0	7108	22	15	9043	26	1667	1036	10
164.0	7656	15	14	9044	15	1889	793	12
164.0	7140	13	14	9045	11	1913	954	10
164.0	7461	28	27	9046	26	1008	701	7
164.0	7998	17	13	9047	20	891	1171	12
164.0	7497	23	30	9048	14	1653	839	10
164.0	6917	29	28	9049	29	1258	1247	16
164.0	7072	14	15	9050	13	1058	919	10
164.0	8203	32	30	9051	32	1913	1373	13
164.0	8373	25	29	9052	18	506	1627	12
164.0	6955	18	19	9053	17	543	960	13
164.0	7669	5	5	9054	5	1328	1630	12
164.0	8823	14	16	9055	12	1988	1504	18
164.0	7699	45	40	9056	49	1799	819	12
164.0	7675	18	17	9057	19	832	704	10
164.0	6880	19	17	9058	19	1675	1207	14
164.0	7807	11	12	9059	10	1120	1699	10
164.0	7335	34	33	9060	33	1608	1104	8
164.0	7717	13	14	9061	12	980	1173	10
164.0	7317	20	17	9062	22	559	475	12
164.0	7892	24	27	9063	20	1254	572	13
164.0	7309	13	12	9064	14	1266	1309	7
164.0	7137	14	14	9065	14	1201	786	8
164.0	7848	20	21	9066	17	1160	1497	11
164.0	7012	19	18	9067	20	846	1252	13
164.0	7143	14	17	9068	10	1790	742	11
164.0	7257	19	16	9069	22	1967	1119	8
164.0	7454	4	4	9070	4	1272	1542	10
164.0	7112	7	10	9071	4	1027	1403	11
164.0	7640	17	13	9072	20	1910	658	10
164.0	7037	24	24	9073	24	900	641	11
164.0	7449	23	19	9074	24	507	1999	13
164.0	7776	26	25	9075	24	1628	384	11
164.0	7828	19	19	9076	16	561	960	12
164.0	7685	30	31	9077	28	1454	1120	13
164.0	8043	29	22	9078	35	1988	1398	11
164.0	7222	41	40	9079	41	1149	929	14
164.0	6879	6	10	9080	2	795	1699	9
164.0	7491	20	15	9081	23	868	719	11
164.0	7021	22	22	9082	22	1039	720	10
164.0	7240	7	8	9083	6	572	932	13
164.0	7151	20	19	9084	19	1696	900	13
164.0	7376	42	31	9085	51	1962	11	17
164.0	7643	15	12	9086	17	1013	1473	9
164.0	7101	21	19	9087	20	1859	1497	12
164.0	7036	15	17	9088	13	1224	1271	8
164.0	7206	25	32	9089	18	1999	1409	12
164.0	7559	20	21	9090	19	888	788	11
164.0	6970	12	11	9091	12	1999	1494	17
164.0	7020	10	12	9092	8	1173	466	14
164.0	7610	23	18	9093	25	529	701	11
164.0	6979	9	6	9094	11	1734	583	14
164.0	6892	33	30	9095	35	336	315	10
164.0	7726	39	36	9096	40	1999	1173	17
164.0	8451	25	19	9097	31	1018	1684	13
164.0	6971	16	14	9098	16	1863	933	11
164.0	6908	30	30	9099	29	1713	1999	13
164.0	8505	9	7	9100	10	1729	1385	12
164.0	6867	27	26	9101	24	1588	1104	17
164.0	7388	7	9	9102	5	721	328	13
164.0	7569	25	22	9103	26	886	708	10
164.0	6962	27	28	9104	25	1497	1999	12
164.0	8995	12	13	9105	11	989	1239	10
164.0	7853	12	12	9106	12	1197	931	9
164.0	7498	16	20	9107	12	927	1526	10
164.0	7440	26	27	9108	24	1039	497	10
164.0	7462	12	14	9109	10	1118	684	11
164.0	7856	8	6	9110	10	1347	892	12
164.0	6884	25	27	9111	23	1119	1771	8
164.0	8544	9	10	9112	6	648	857	11
164.0	7525	14	12	9113	16	1143	770	10
164.0	7784	8	8	9114	8	872	581	11
164.0	6920	11	15	9115	6	1961	1032	12
164.0	7054	8	8	9116	8	732	1500	11
164.0	7977	33	31	9117	32	37	1356	12
164.0	7499	18	13	9118	23	1144	15	11
164.0	7213	2	3	9119	1	1128	1187	10
165.0	7317	17	13	9120	20	559	475	13
165.0	7743	5	5	9121	4	1133	375	13
165.0	8444	14	14	9122	14	1005	1289	12
165.0	7856	6	5	9123	6	1347	892	13
165.0	8995	13	9	9124	16	989	1239	11
165.0	6934	17	14	9125	20	1160	1451	13
165.0	6985	24	24	9126	23	1999	788	13
165.0	6922	5	5	9127	5	1299	688	11
165.0	7960	3	2	9128	4	771	45	12
165.0	8043	22	18	9129	22	1977	1387	12
165.0	7578	4	1	9130	7	1197	1575	8
165.0	7351	28	28	9131	28	1321	1531	12
165.0	7963	16	12	9132	18	1975	1189	9
165.0	7622	18	17	9133	18	1966	1550	13
165.0	7461	27	26	9134	27	1008	701	8
165.0	7748	21	15	9135	25	930	209	11
165.0	7177	29	31	9136	26	1645	1999	11
165.0	7718	31	32	9137	28	1873	206	16
165.0	7521	14	13	9138	13	1018	1227	10
165.0	7467	24	24	9139	23	1170	1282	10
165.0	8299	23	23	9140	23	669	1019	11
165.0	7046	9	8	9141	9	1926	1154	11
165.0	7202	30	31	9142	27	1269	897	12
165.0	7750	17	10	9143	21	1205	1099	14
165.0	7148	24	23	9144	22	1615	1663	12
165.0	7253	29	29	9145	28	980	1094	13
165.0	8301	12	12	9146	12	858	652	12
165.0	6973	19	17	9147	21	1609	1244	14
165.0	7022	4	4	9148	4	947	643	11
165.0	7468	35	46	9149	24	1894	539	11
165.0	7389	8	7	9150	8	1217	667	9
165.0	6959	14	10	9151	18	1061	1230	12
165.0	7388	9	11	9152	7	721	328	14
165.0	7466	8	7	9153	9	1230	523	11
165.0	7242	17	20	9154	13	918	942	14
165.0	7597	14	13	9155	14	1424	901	18
165.0	7675	17	22	9156	12	832	704	11
165.0	6906	27	31	9157	21	701	423	12
165.0	8544	10	8	9158	12	648	857	12
165.0	7179	19	18	9159	20	131	501	10
165.0	7268	10	7	9160	13	1290	1020	9
165.0	6880	17	18	9161	16	1675	1207	15
165.0	7088	25	32	9162	16	564	1828	11
165.0	7074	14	11	9163	17	1160	1559	11
165.0	7426	36	39	9164	31	932	598	13
165.0	7701	8	6	9165	10	1301	1646	14
165.0	7587	21	24	9166	17	1282	1261	11
165.0	7994	7	5	9167	9	1237	969	12
165.0	7285	13	9	9168	16	1408	1184	6
165.0	7608	20	18	9169	22	1004	770	13
165.0	8451	19	20	9170	18	1018	1684	14
165.0	7391	32	33	9171	31	1418	219	8
165.0	7416	17	15	9172	16	1246	679	10
165.0	8464	11	5	9173	17	1822	1465	12
165.0	7525	12	14	9174	10	1143	770	11
165.0	7828	19	19	9175	18	561	960	13
165.0	7417	13	10	9176	15	1064	539	12
165.0	7824	8	8	9177	7	1767	742	11
165.0	8225	24	25	9178	23	1021	732	9
165.0	8099	22	24	9179	20	1202	1239	11
165.0	7627	8	9	9180	6	1971	643	12
165.0	8004	18	19	9181	17	1132	1430	13
165.0	7120	5	5	9182	5	1161	1138	10
165.0	6939	10	10	9183	10	1797	1421	11
165.0	6869	7	7	9184	7	1461	958	12
165.0	6989	17	22	9185	12	1354	1189	11
165.0	7999	33	35	9186	31	422	1626	13
165.0	7396	18	18	9187	17	923	1158	14
165.0	7840	12	16	9188	8	1872	774	10
165.0	6877	16	20	9189	9	1688	408	11
165.0	7634	2	2	9190	2	1201	958	17
165.0	7519	18	18	9191	18	1776	1144	11
165.0	7613	19	20	9192	18	713	1270	11
165.0	7655	14	10	9193	18	1656	1242	17
165.0	7377	23	22	9194	24	1231	1540	11
165.0	7618	14	12	9195	15	1201	1291	9
165.0	7287	20	19	9196	20	550	1330	11
165.0	6884	27	29	9197	24	1119	1771	9
165.0	7061	4	3	9198	5	1250	1472	8
165.0	6902	13	14	9199	11	719	69	14
165.0	7254	14	14	9200	14	1081	577	13
165.0	8061	8	6	9201	9	1273	697	11
165.0	7134	27	29	9202	24	1455	678	9
165.0	7080	13	14	9203	12	857	1159	10
165.0	7721	50	45	9204	53	1960	213	12
165.0	7599	26	26	9205	24	1957	1388	13
165.0	7320	8	10	9206	6	1440	1337	10
165.0	7471	16	12	9207	18	1622	581	11
165.0	7043	11	6	9208	16	763	809	14
165.0	7284	8	6	9209	9	1030	357	10
165.0	7890	36	37	9210	34	1998	1805	12
165.0	6892	30	23	9211	35	336	315	11
165.0	7564	19	18	9212	20	918	992	12
165.0	7352	20	16	9213	24	622	675	13
165.0	7305	34	31	9214	36	1838	925	19
166.0	7452	24	26	9215	20	869	1430	10
166.0	7555	23	21	9216	22	1335	1090	14
166.0	7067	21	17	9217	23	1397	71	13
166.0	7184	13	11	9218	14	557	1358	11
166.0	7258	15	13	9219	16	1172	739	11
166.0	8316	12	10	9220	11	1736	941	11
166.0	7502	17	15	9221	17	1579	805	11
166.0	7016	33	34	9222	32	1974	0	18
166.0	7748	15	22	9223	8	930	209	12
166.0	7335	33	27	9224	39	1608	1104	9
166.0	6869	7	5	9225	9	1461	958	13
166.0	7017	25	23	9226	26	1455	1200	11
166.0	7120	5	3	9227	7	1161	1138	11
166.0	7046	8	7	9228	9	1926	1154	12
166.0	7536	36	28	9229	40	1927	290	17
166.0	7114	8	8	9230	8	983	500	16
166.0	7540	14	17	9231	9	1015	1722	11
166.0	7644	14	16	9232	11	1208	1545	10
166.0	6934	14	11	9233	17	1160	1451	14
166.0	6906	31	29	9234	31	701	423	13
166.0	6969	8	7	9235	9	1020	477	14
166.0	6923	13	15	9236	11	1962	721	11
166.0	8216	20	20	9237	20	1288	1132	11
166.0	7250	14	17	9238	11	1231	731	8
166.0	8200	25	22	9239	26	1553	538	11
166.0	7643	12	14	9240	10	1013	1473	10
166.0	7320	10	8	9241	12	1440	1337	11
166.0	7212	3	3	9242	3	668	877	12
166.0	7777	12	13	9243	11	1756	673	12
166.0	7048	27	24	9244	30	1437	1448	14
166.0	6936	5	2	9245	8	1446	738	14
166.0	7935	10	11	9246	9	773	1020	9
166.0	7685	31	30	9247	31	1454	1120	14
166.0	7985	22	20	9248	24	1965	1169	12
166.0	8033	8	11	9249	5	1499	1432	10
166.0	7365	23	21	9250	25	612	1304	14
166.0	7076	24	24	9251	24	1821	1519	12
166.0	7708	0	0	9252	0	691	699	14
166.0	7408	19	20	9253	17	983	1021	10
166.0	7426	39	29	9254	47	932	598	14
166.0	7655	10	10	9255	8	1656	1242	18
166.0	6896	10	10	9256	8	1186	619	14
166.0	7801	22	21	9257	22	587	584	12
166.0	8093	46	43	9258	48	1698	192	15
166.0	7138	20	15	9259	23	744	1178	11
166.0	7228	24	27	9260	20	512	756	10
166.0	7198	11	14	9261	7	699	1180	13
166.0	6973	17	14	9262	15	1609	1244	15
166.0	7446	14	15	9263	13	623	556	11
166.0	7676	13	14	9264	12	972	1304	12
166.0	7490	11	12	9265	10	660	846	11
166.0	7618	12	7	9266	15	1201	1291	10
166.0	8124	21	23	9267	19	1279	249	13
166.0	8217	11	11	9268	10	1902	820	11
166.0	7170	5	3	9269	7	742	1001	12
166.0	7030	8	6	9270	10	1098	569	13
166.0	6916	2	2	9271	2	474	873	13
166.0	7377	22	16	9272	27	1231	1540	12
166.0	7436	4	6	9273	2	827	912	14
166.0	7625	8	8	9274	6	1045	1552	8
166.0	7729	17	13	9275	21	503	1731	9
166.0	7852	17	10	9276	24	1061	759	9
166.0	7807	12	11	9277	12	1120	1699	11
166.0	7896	18	19	9278	15	1930	1926	13
166.0	6922	5	5	9279	5	1318	688	12
166.0	7284	6	6	9280	6	1030	357	11
166.0	7622	17	10	9281	22	1966	1550	14
166.0	7543	4	4	9282	4	1073	448	15
166.0	7443	17	16	9283	17	1260	935	9
166.0	7468	46	45	9284	41	1894	539	12
166.0	7444	26	24	9285	27	791	480	13
166.0	7311	15	16	9286	13	617	1324	15
166.0	6994	7	4	9287	10	709	1402	8
166.0	7558	27	26	9288	28	1843	1200	17
166.0	9010	13	14	9289	12	1745	1267	14
166.0	8035	11	9	9290	11	1962	1267	10
166.0	6984	21	18	9291	24	1563	746	11
166.0	7757	23	14	9292	31	1654	1048	8
166.0	6946	18	24	9293	11	1874	1772	14
166.0	6908	30	25	9294	35	1713	1999	14
166.0	8199	23	20	9295	25	1365	608	12
166.0	7406	7	5	9296	9	688	1322	10
166.0	6880	18	15	9297	19	1675	1207	16
166.0	7630	25	19	9298	30	26	1453	9
166.0	6982	3	3	9299	2	1272	1661	11
166.0	8051	12	11	9300	13	1853	519	9
166.0	6925	15	17	9301	13	1477	1683	11
166.0	7157	13	10	9302	16	1267	1579	11
166.0	7209	16	16	9303	15	827	616	9
167.0	8809	15	14	9304	15	98	1068	12
167.0	7076	24	23	9305	24	1821	1519	13
167.0	7800	7	6	9306	7	990	757	12
167.0	7318	11	8	9307	14	1945	829	11
167.0	7912	14	14	9308	14	1190	1381	9
167.0	7367	42	33	9309	49	1505	829	13
167.0	7643	14	13	9310	13	1013	1473	11
167.0	8205	22	19	9311	23	966	940	12
167.0	7353	14	15	9312	12	701	1207	10
167.0	7777	13	11	9313	14	1756	673	13
167.0	7319	16	14	9314	16	209	1993	16
167.0	7117	13	7	9315	18	684	161	10
167.0	7438	16	17	9316	14	1927	1005	12
167.0	7998	13	19	9317	7	891	1171	13
167.0	7654	2	3	9318	1	659	363	11
167.0	7398	12	10	9319	13	1302	1051	9
167.0	7967	20	18	9320	21	1987	776	13
167.0	6948	24	26	9321	21	1450	242	13
167.0	7337	12	8	9322	16	1623	1229	15
167.0	7677	35	40	9323	30	1528	1544	14
167.0	8212	30	25	9324	35	1533	843	13
167.0	8852	7	7	9325	7	1294	1239	12
167.0	7106	29	27	9326	31	1018	1665	14
167.0	7640	13	14	9327	12	1848	647	11
167.0	7230	2	2	9328	2	781	754	16
167.0	8150	20	21	9329	19	930	727	13
167.0	7335	27	28	9330	24	1608	1104	10
167.0	7801	21	22	9331	19	587	584	13
167.0	6871	24	20	9332	26	1181	70	12
167.0	7033	9	10	9333	8	1408	1081	13
167.0	7056	0	0	9334	0	722	655	15
167.0	7663	23	19	9335	25	1107	1319	14
167.0	7505	15	18	9336	12	703	1878	8
167.0	6922	5	3	9337	6	1318	688	13
167.0	8083	18	18	9338	17	171	1603	14
167.0	7027	25	32	9339	17	952	682	10
167.0	7841	16	15	9340	16	1796	1556	13
167.0	8229	22	19	9341	25	1294	1478	11
167.0	8268	11	11	9342	10	1447	990	10
167.0	6994	4	4	9343	4	709	1402	9
167.0	7434	38	34	9344	41	1999	1148	14
167.0	7966	11	13	9345	9	1494	1031	10
167.0	7079	9	7	9346	10	1689	444	13
167.0	6929	13	14	9347	12	1363	1251	12
167.0	6887	14	16	9348	12	1185	1648	13
167.0	7906	21	21	9349	20	1386	949	13
167.0	7823	17	21	9350	13	888	808	12
167.0	7223	13	10	9351	15	1082	1029	10
167.0	6920	15	18	9352	12	1961	1032	13
167.0	7787	17	19	9353	14	907	1228	10
167.0	7260	19	19	9354	18	1120	874	16
167.0	7186	15	18	9355	12	1999	48	11
167.0	7017	23	31	9356	13	1455	1200	12
167.0	8316	10	8	9357	12	1736	941	12
167.0	6951	19	15	9358	23	1637	1054	12
167.0	6921	21	27	9359	12	1945	901	13
167.0	7164	21	19	9360	19	1851	826	16
167.0	6984	18	18	9361	18	1563	746	12
167.0	7720	18	19	9362	17	681	714	13
167.0	6905	30	28	9363	31	831	1034	13
167.0	8261	29	32	9364	26	1456	1448	14
167.0	7427	13	9	9365	17	887	751	12
167.0	7835	22	18	9366	22	345	948	10
167.0	8787	22	18	9367	25	1348	1302	12
167.0	7299	20	21	9368	18	1890	1572	15
167.0	7676	14	12	9369	15	972	1304	13
167.0	7283	16	15	9370	16	572	843	12
167.0	7476	22	25	9371	18	1448	1711	9
167.0	7045	11	9	9372	11	1132	1391	11
167.0	8379	39	36	9373	41	1939	955	22
167.0	7662	22	20	9374	23	1590	879	17
167.0	8036	12	11	9375	13	961	472	12
167.0	8931	17	20	9376	14	889	916	14
167.0	7046	7	7	9377	7	1926	1154	13
167.0	7820	21	16	9378	25	1217	849	12
167.0	7546	23	18	9379	28	1579	1537	12
167.0	7534	25	23	9380	26	1131	1512	12
167.0	7351	28	30	9381	24	1347	1646	13
167.0	7482	42	43	9382	41	1917	1590	12
167.0	7530	18	21	9383	14	1118	1357	8
167.0	7916	0	0	9384	0	661	719	16
167.0	8249	13	9	9385	16	504	1251	13
167.0	8373	29	28	9386	30	506	1627	13
167.0	7293	17	17	9387	17	860	937	14
167.0	8669	20	16	9388	22	1522	736	12
167.0	7758	26	30	9389	22	953	71	11
167.0	7644	16	14	9390	16	1208	1545	11
167.0	6882	19	19	9391	17	1999	1541	16
167.0	7224	2	2	9392	2	695	1480	8
168.0	8443	16	14	9393	17	1870	345	14
168.0	7137	14	21	9394	7	1201	786	9
168.0	7147	30	26	9395	29	1533	777	12
168.0	7606	7	9	9396	5	1033	870	9
168.0	7020	12	11	9397	13	1173	466	15
168.0	7034	29	25	9398	32	1371	864	13
168.0	7357	18	18	9399	15	1439	1163	11
168.0	6870	14	13	9400	15	912	1557	11
168.0	8018	25	21	9401	28	1942	765	14
168.0	7031	16	21	9402	11	16	931	11
168.0	7916	0	0	9403	0	661	719	17
168.0	6928	24	26	9404	22	96	1148	12
168.0	7235	20	14	9405	23	1999	964	13
168.0	8809	14	18	9406	9	98	1068	13
168.0	7199	11	9	9407	12	1459	1072	12
168.0	8198	9	8	9408	10	1248	1635	14
168.0	7604	8	10	9409	6	683	808	11
168.0	7462	14	14	9410	14	1118	684	12
168.0	7026	8	8	9411	7	1572	1157	12
168.0	7892	27	23	9412	28	1254	572	14
168.0	7716	5	5	9413	5	1081	314	12
168.0	6898	12	12	9414	12	667	694	11
168.0	8207	31	29	9415	33	706	932	12
168.0	6874	2	1	9416	3	1091	635	13
168.0	7332	12	9	9417	15	1331	1177	12
168.0	7568	10	9	9418	10	1001	967	8
168.0	7545	17	17	9419	16	353	1176	12
168.0	7117	7	9	9420	5	684	161	11
168.0	7550	14	12	9421	16	1688	1113	11
168.0	7650	21	18	9422	24	1173	1572	10
168.0	7884	29	28	9423	29	322	1999	11
168.0	7661	11	12	9424	9	1480	856	10
168.0	7998	19	16	9425	21	891	1171	14
168.0	7269	20	22	9426	17	102	564	11
168.0	7629	33	34	9427	30	1478	98	13
168.0	6920	18	23	9428	12	1961	1032	14
168.0	7712	14	13	9429	15	900	437	9
168.0	7666	10	12	9430	8	1149	572	9
168.0	8300	3	4	9431	2	892	257	13
168.0	7733	30	23	9432	33	326	356	9
168.0	7672	34	32	9433	33	1153	1231	13
168.0	7880	24	26	9434	22	1091	1376	14
168.0	7313	43	49	9435	34	1931	27	14
168.0	7208	15	16	9436	14	741	263	10
168.0	7785	14	16	9437	12	1754	877	10
168.0	7450	25	25	9438	24	1527	1999	10
168.0	7311	16	15	9439	17	617	1324	16
168.0	7886	3	6	9440	0	771	682	14
168.0	7021	22	22	9441	22	1039	720	11
168.0	8056	14	12	9442	15	642	1072	10
168.0	7164	19	20	9443	18	1851	826	17
168.0	8132	18	18	9444	16	365	1393	13
168.0	7093	8	11	9445	5	782	628	10
168.0	8245	10	9	9446	11	1002	1273	12
168.0	7407	17	12	9447	22	666	1494	8
168.0	8849	9	11	9448	7	969	709	13
168.0	7964	28	25	9449	30	727	583	10
168.0	7360	29	34	9450	24	874	94	8
168.0	8236	21	13	9451	29	1062	1354	15
168.0	7306	24	23	9452	25	1653	1609	7
168.0	7217	10	10	9453	10	1986	712	11
168.0	7657	16	16	9454	13	1397	1483	10
168.0	7866	30	35	9455	23	1380	27	10
168.0	7909	23	15	9456	30	1754	1022	15
168.0	7823	21	26	9457	14	888	808	13
168.0	7368	21	24	9458	18	1614	918	9
168.0	8039	31	35	9459	27	302	658	10
168.0	7602	12	14	9460	10	869	636	11
168.0	7295	22	20	9461	23	66	1250	8
168.0	7592	24	29	9462	18	878	35	7
168.0	7939	6	7	9463	5	975	618	11
168.0	7599	26	22	9464	26	1957	1388	14
168.0	7405	27	26	9465	28	896	1312	12
168.0	7252	13	15	9466	11	1028	0	7
168.0	8427	27	28	9467	26	1430	1047	10
168.0	8299	23	22	9468	21	669	1019	12
168.0	7224	2	0	9469	4	695	1480	9
168.0	7299	21	20	9470	19	1890	1572	16
168.0	8114	25	26	9471	22	1869	1441	11
168.0	7869	24	25	9472	21	280	894	11
168.0	6915	19	16	9473	21	1654	1543	11
168.0	7402	11	11	9474	11	748	928	12
168.0	6981	8	7	9475	7	1523	1464	12
168.0	7314	8	6	9476	8	1377	660	11
168.0	8812	18	15	9477	20	1274	999	12
168.0	7688	20	21	9478	18	1865	549	12
168.0	7770	28	30	9479	25	1517	1151	17
168.0	7206	32	31	9480	33	1999	1409	13
168.0	6984	18	15	9481	18	1598	653	13
168.0	7619	10	6	9482	14	463	342	12
168.0	7999	35	41	9483	29	534	1542	14
168.0	7662	20	16	9484	22	1590	879	18
168.0	7151	19	20	9485	16	1696	900	14
168.0	8016	7	6	9486	6	1087	1130	12
168.0	7841	15	17	9487	12	1796	1556	14
168.0	7027	32	32	9488	32	952	682	11
168.0	7275	18	20	9489	16	1512	971	10
168.0	7416	15	13	9490	17	1246	679	11
168.0	7713	4	5	9491	3	1945	703	12
168.0	7758	30	28	9492	29	953	71	12
168.0	7309	12	10	9493	14	1304	1309	8
168.0	6952	29	25	9494	30	1947	256	11
168.0	7612	17	18	9495	16	632	0	13
168.0	7017	31	30	9496	32	1455	1200	13
169.0	7202	31	33	9497	28	1269	897	13
169.0	8179	36	35	9498	34	642	1042	18
169.0	8133	8	8	9499	8	822	1462	10
169.0	8152	10	5	9500	14	1527	801	11
169.0	6930	18	20	9501	16	1999	1461	14
169.0	7684	27	25	9502	29	1491	1543	14
169.0	7644	14	11	9503	16	1208	1545	12
169.0	7577	3	2	9504	4	1469	1044	12
169.0	6984	15	16	9505	14	1598	653	14
169.0	7147	26	28	9506	22	1533	777	13
169.0	7277	21	20	9507	22	1312	1173	13
169.0	8026	16	12	9508	20	1649	1258	12
169.0	8381	12	13	9509	10	1537	1102	13
169.0	9449	30	30	9510	29	712	583	11
169.0	7772	10	13	9511	7	1458	1110	11
169.0	6894	10	12	9512	7	1811	480	14
169.0	8515	15	15	9513	15	1117	1397	11
169.0	7265	16	19	9514	10	612	1064	11
169.0	7341	27	26	9515	28	1887	1424	12
169.0	8309	4	4	9516	4	1513	1099	12
169.0	8123	14	14	9517	13	603	1900	9
169.0	7666	12	12	9518	12	1149	572	10
169.0	7327	28	28	9519	27	1761	47	12
169.0	7154	8	8	9520	7	1887	615	18
169.0	7647	20	24	9521	16	1653	1413	12
169.0	7781	17	20	9522	13	1601	699	11
169.0	7264	15	14	9523	15	728	386	15
169.0	7295	20	20	9524	20	66	1250	9
169.0	8331	17	16	9525	16	554	1201	15
169.0	7519	18	23	9526	12	1791	1159	12
169.0	8276	26	25	9527	24	28	1203	9
169.0	8147	10	11	9528	9	1331	932	12
169.0	7498	20	17	9529	22	927	1526	11
169.0	8300	4	3	9530	5	892	257	14
169.0	7423	12	12	9531	11	964	1399	13
169.0	7862	11	15	9532	7	748	1436	8
169.0	7429	16	13	9533	18	1161	1340	7
169.0	7336	24	26	9534	21	660	1323	9
169.0	7093	11	8	9535	14	782	628	11
169.0	8241	20	21	9536	19	1728	1324	13
169.0	7425	13	11	9537	15	1253	771	9
169.0	6953	10	13	9538	7	1598	1054	14
169.0	7201	15	15	9539	15	999	1179	10
169.0	7055	28	24	9540	32	1702	1100	12
169.0	8237	13	11	9541	14	1497	1053	12
169.0	6865	22	19	9542	23	1096	1433	15
169.0	6926	19	18	9543	20	880	687	12
169.0	8468	11	9	9544	12	1829	794	11
169.0	8278	14	14	9545	14	544	1820	10
169.0	6869	5	7	9546	3	1461	958	14
169.0	7664	15	11	9547	19	1205	771	9
169.0	6946	24	25	9548	21	1874	1772	15
169.0	7826	16	13	9549	18	1237	1489	11
169.0	7534	23	24	9550	22	1131	1512	13
169.0	7309	10	10	9551	8	1304	1309	9
169.0	7262	23	16	9552	30	501	1697	12
169.0	8288	16	19	9553	12	859	800	13
169.0	7657	16	14	9554	16	1397	1483	11
169.0	8453	11	9	9555	12	799	596	13
169.0	6964	12	8	9556	16	1189	674	10
169.0	7031	21	21	9557	19	16	931	12
169.0	6907	44	37	9558	43	30	1574	12
169.0	7278	26	23	9559	27	1460	880	16
169.0	7517	31	32	9560	28	1829	592	17
169.0	7387	3	2	9561	3	1227	1620	15
169.0	7355	16	17	9562	14	1341	1318	9
169.0	7775	17	18	9563	16	1275	1882	15
169.0	9264	12	15	9564	9	982	1304	13
169.0	8203	30	28	9565	31	1913	1373	14
169.0	8551	18	11	9566	24	1686	1290	16
169.0	7592	29	20	9567	36	878	35	8
169.0	7324	32	27	9568	35	316	1042	11
169.0	7124	24	16	9569	31	1817	1392	14
169.0	8429	12	12	9570	12	700	766	11
169.0	7405	26	29	9571	22	896	1312	13
169.0	8446	30	33	9572	27	1565	1140	15
169.0	7740	31	26	9573	35	1768	961	12
169.0	7642	33	24	9574	39	1538	1422	10
169.0	8539	12	13	9575	11	1251	1124	13
169.0	8969	4	5	9576	3	931	1704	11
169.0	6915	16	16	9577	16	1654	1543	12
169.0	7107	17	19	9578	13	1866	1111	10
169.0	7362	5	5	9579	3	1204	550	10
169.0	8051	11	9	9580	12	1838	504	10
169.0	7716	5	5	9581	5	1081	314	13
169.0	7707	13	15	9582	11	701	460	11
169.0	7401	32	29	9583	34	871	991	15
169.0	6952	25	29	9584	21	1901	345	12
169.0	7756	9	10	9585	8	827	828	15
169.0	7732	27	29	9586	24	1741	1699	15
169.0	7767	15	14	9587	15	1829	849	11
169.0	8075	6	6	9588	6	961	50	12
169.0	6895	10	13	9589	6	1227	940	11
169.0	7597	13	14	9590	12	1424	901	19
169.0	7483	18	16	9591	19	535	890	10
169.0	8298	16	16	9592	16	730	1013	12
169.0	8114	26	26	9593	24	1869	1466	12
169.0	7797	13	17	9594	7	802	460	13
169.0	7997	0	0	9595	0	1169	596	10
169.0	7865	5	7	9596	3	1620	1154	10
169.0	7122	4	8	9597	0	1368	314	14
169.0	7585	13	15	9598	9	1982	696	11
169.0	6899	10	12	9599	8	701	1241	11
170.0	7063	12	11	9600	13	1170	1638	11
170.0	6946	25	28	9601	20	1874	1772	16
170.0	7502	15	13	9602	16	1513	799	12
170.0	7119	24	21	9603	25	1961	1348	11
170.0	7122	8	6	9604	9	1368	314	15
170.0	7171	22	21	9605	23	1969	1002	13
170.0	7106	27	22	9606	31	1018	1665	15
170.0	8003	24	23	9607	21	1949	1359	11
170.0	6969	7	5	9608	8	1020	477	15
170.0	7401	29	30	9609	27	871	991	16
170.0	7956	24	20	9610	27	1892	1972	10
170.0	8026	12	9	9611	15	1649	1258	13
170.0	7901	30	34	9612	26	187	1423	10
170.0	6869	7	5	9613	9	1461	958	15
170.0	8495	21	24	9614	16	555	1819	11
170.0	7442	37	36	9615	38	1378	778	12
170.0	8181	31	31	9616	29	753	22	10
170.0	7367	33	33	9617	31	1519	815	14
170.0	9091	12	13	9618	11	1988	1504	18
170.0	7960	2	3	9619	1	783	57	13
170.0	7716	5	4	9620	5	1081	314	14
170.0	7769	16	17	9621	15	1350	1371	9
170.0	7684	25	29	9622	21	1491	1543	15
170.0	7997	0	0	9623	0	1169	596	11
170.0	7252	15	16	9624	14	1028	0	8
170.0	8307	10	12	9625	7	405	1092	13
170.0	7058	11	8	9626	14	1044	1382	12
170.0	7517	32	29	9627	35	1829	592	18
170.0	8854	13	14	9628	12	1940	323	14
170.0	7705	11	13	9629	7	593	125	11
170.0	6906	29	32	9630	24	701	423	14
170.0	6871	20	20	9631	19	1086	42	13
170.0	7107	19	19	9632	19	1866	1111	11
170.0	7674	15	15	9633	15	856	366	12
170.0	6993	33	42	9634	24	1286	890	13
170.0	7792	15	13	9635	17	1009	576	10
170.0	7459	24	19	9636	28	1772	119	10
170.0	7542	32	26	9637	37	1312	494	13
170.0	7227	19	19	9638	16	971	737	12
170.0	7877	34	31	9639	34	1441	710	10
170.0	7382	14	13	9640	14	1031	1314	13
170.0	7870	14	13	9641	14	1379	735	12
170.0	7973	23	19	9642	27	1228	1510	11
170.0	7180	23	23	9643	21	1840	0	14
170.0	7100	8	7	9644	9	1978	1267	9
170.0	8349	6	8	9645	4	1068	1169	12
170.0	7906	21	21	9646	19	1386	949	14
170.0	7992	11	11	9647	11	1038	597	12
170.0	8321	15	14	9648	15	420	414	12
170.0	7338	22	24	9649	20	1303	890	10
170.0	7225	12	11	9650	12	1294	1221	11
170.0	7355	17	15	9651	19	1341	1318	10
170.0	7824	8	4	9652	12	1767	742	12
170.0	7425	11	9	9653	12	1253	771	10
170.0	7471	12	15	9654	9	1622	581	12
170.0	7498	17	16	9655	16	927	1526	12
170.0	7835	18	19	9656	17	345	948	11
170.0	7560	15	12	9657	18	1683	1178	10
170.0	7571	12	15	9658	9	719	1054	13
170.0	7867	13	14	9659	11	845	890	9
170.0	7257	16	20	9660	11	1967	1119	9
170.0	7793	34	33	9661	33	884	391	10
170.0	7789	10	9	9662	11	61	908	9
170.0	7179	18	17	9663	19	53	506	11
170.0	7784	8	4	9664	11	872	581	12
170.0	7150	34	35	9665	32	1579	1127	15
170.0	7093	8	6	9666	10	782	628	12
170.0	7375	8	6	9667	10	490	784	10
170.0	7781	20	19	9668	20	1601	699	12
170.0	7783	31	26	9669	36	163	1999	11
170.0	7187	15	14	9670	16	1870	816	12
170.0	7470	28	32	9671	21	454	1099	9
170.0	8811	31	27	9672	35	1577	767	13
170.0	7079	7	6	9673	7	1689	444	14
170.0	7598	13	14	9674	11	1931	887	12
170.0	7405	29	28	9675	30	896	1312	14
170.0	7474	31	31	9676	28	543	523	9
170.0	7251	0	0	9677	0	620	759	16
170.0	7977	31	29	9678	31	37	1356	13
170.0	8515	15	15	9679	13	1117	1397	12
170.0	8293	55	44	9680	56	1976	1085	21
170.0	8446	33	27	9681	34	1552	1153	16
170.0	6944	29	29	9682	26	1756	1378	13
170.0	8110	16	15	9683	16	676	1954	13
170.0	7156	5	6	9684	2	600	829	12
170.0	6872	21	14	9685	26	1999	872	13
170.0	8824	29	36	9686	21	1942	166	16
170.0	6985	24	19	9687	29	1999	788	14
170.0	8253	8	11	9688	4	1276	1599	14
170.0	7980	19	12	9689	25	1150	862	16
170.0	7665	0	0	9690	0	575	864	12
170.0	7097	21	22	9691	20	1857	743	15
170.0	7515	11	10	9692	11	1299	666	11
170.0	8185	24	28	9693	20	1637	1778	12
170.0	7415	13	11	9694	14	799	1360	11
170.0	7913	16	19	9695	12	1962	1436	16
170.0	8585	26	31	9696	21	892	557	12
170.0	7008	20	29	9697	10	502	1183	14
170.0	6947	16	19	9698	13	1586	391	13
170.0	7404	26	29	9699	23	1611	1889	13
170.0	7486	16	15	9700	16	1351	1689	8
170.0	7552	22	24	9701	19	1702	564	12
170.0	7693	19	14	9702	22	1518	1081	11
170.0	8427	28	35	9703	21	1430	1047	11
171.0	7573	17	16	9704	17	600	944	11
171.0	7180	23	22	9705	22	1840	0	15
171.0	7004	17	14	9706	20	1988	844	12
171.0	7825	26	25	9707	27	53	1170	10
171.0	8854	14	15	9708	12	1940	323	15
171.0	7774	17	17	9709	15	330	1600	14
171.0	8838	28	26	9710	30	1568	830	10
171.0	7768	18	17	9711	19	757	1319	15
171.0	7973	19	23	9712	14	1228	1510	12
171.0	7484	32	28	9713	36	1550	892	16
171.0	7210	36	30	9714	37	1999	378	15
171.0	8453	9	8	9715	8	799	596	14
171.0	8585	31	35	9716	26	892	557	13
171.0	7966	13	8	9717	18	1494	1031	11
171.0	9051	32	29	9718	35	1913	1329	14
171.0	8056	12	15	9719	8	642	1072	11
171.0	7186	18	15	9720	19	1999	48	12
171.0	7359	18	15	9721	19	1773	0	14
171.0	7538	6	8	9722	3	1448	1028	12
171.0	7723	8	9	9723	7	1233	910	14
171.0	6942	3	1	9724	5	908	51	14
171.0	8502	28	25	9725	29	1967	872	13
171.0	7175	16	12	9726	19	1833	247	12
171.0	8809	18	17	9727	19	176	1101	14
171.0	8824	36	28	9728	42	1942	166	17
171.0	8185	28	30	9729	26	1637	1778	13
171.0	7252	16	10	9730	19	1028	0	9
171.0	8045	13	11	9731	15	1300	796	11
171.0	7913	19	23	9732	14	1962	1436	17
171.0	6898	12	17	9733	6	667	668	12
171.0	7616	12	14	9734	10	1419	952	10
171.0	8107	8	9	9735	7	1958	655	12
171.0	8119	11	8	9736	14	1360	1284	11
171.0	7163	33	33	9737	31	1719	307	10
171.0	7598	14	11	9738	16	1931	887	13
171.0	8123	14	10	9739	17	603	1900	10
171.0	9424	9	8	9740	10	1508	842	11
171.0	8393	15	17	9741	12	850	491	12
171.0	8071	21	17	9742	24	1307	760	12
171.0	7804	9	9	9743	9	1902	276	14
171.0	6982	3	3	9744	3	1290	1661	12
171.0	8202	13	16	9745	9	2	1105	14
171.0	7119	21	22	9746	19	1961	1348	12
171.0	8293	44	38	9747	48	1976	1085	22
171.0	8324	14	14	9748	13	577	1383	14
171.0	8999	11	14	9749	8	1512	944	12
171.0	8544	8	7	9750	7	648	857	13
171.0	7131	29	34	9751	23	1309	1101	15
171.0	8367	20	16	9752	22	606	1791	11
171.0	8764	1	1	9753	1	814	641	17
171.0	8528	5	7	9754	3	696	749	13
171.0	6909	24	27	9755	19	1020	822	12
171.0	7553	20	17	9756	22	1630	1375	10
171.0	7008	29	28	9757	28	502	1183	15
171.0	7734	15	13	9758	16	53	461	11
171.0	7991	18	15	9759	21	1933	1508	14
171.0	8603	10	5	9760	14	659	960	13
171.0	7071	22	21	9761	22	22	1053	15
171.0	8152	5	4	9762	6	1561	805	12
171.0	6949	10	8	9763	11	1032	528	13
171.0	6939	10	7	9764	12	1777	1421	12
171.0	7025	18	21	9765	14	828	1614	11
171.0	8410	30	32	9766	23	1999	1706	13
171.0	7375	6	6	9767	6	490	784	11
171.0	6984	16	16	9768	16	1598	653	15
171.0	6918	39	41	9769	36	1833	1999	13
171.0	7091	16	15	9770	17	353	1698	11
171.0	7863	14	15	9771	13	1000	612	13
171.0	9012	13	11	9772	14	980	1754	10
171.0	7977	29	24	9773	31	37	1356	14
171.0	7195	9	11	9774	7	1015	1539	12
171.0	7816	7	6	9775	8	1170	635	15
171.0	7063	11	8	9776	12	1170	1638	12
171.0	8249	9	8	9777	9	504	1251	14
171.0	7566	25	22	9778	25	1785	1668	11
171.0	7475	17	14	9779	17	1413	657	9
171.0	8724	17	21	9780	13	1712	1132	13
171.0	7308	0	0	9781	0	615	646	16
171.0	8763	11	9	9782	12	1412	579	9
171.0	7088	32	29	9783	34	783	1865	12
171.0	7819	13	16	9784	10	1730	1086	8
171.0	8757	28	19	9785	36	532	1221	19
171.0	7386	11	10	9786	12	1099	1504	11
171.0	8225	25	30	9787	18	1021	732	10
171.0	7316	26	24	9788	28	1999	894	9
171.0	7360	34	27	9789	38	874	94	9
171.0	8053	9	11	9790	7	928	1271	12
171.0	7742	1	1	9791	1	651	812	13
171.0	8196	26	30	9792	20	1391	890	12
171.0	6927	22	18	9793	25	463	289	12
171.0	8018	21	19	9794	22	1942	765	15
171.0	7109	22	20	9795	23	676	618	11
171.0	7795	26	28	9796	23	1959	1461	13
171.0	7486	15	15	9797	14	1351	1689	9
171.0	8003	23	21	9798	24	1949	1359	12
171.0	7946	17	15	9799	18	1028	1603	11
171.0	7064	15	14	9800	15	1042	1131	11
171.0	7560	12	12	9801	12	1683	1178	11
171.0	8096	37	32	9802	40	632	1377	9
171.0	7378	30	32	9803	25	676	1978	11
171.0	8104	5	6	9804	4	819	799	16
171.0	7504	31	30	9805	27	1038	1840	11
171.0	8353	43	41	9806	42	1917	59	14
171.0	7187	14	13	9807	15	1870	816	13
171.0	7297	8	11	9808	5	532	807	13
171.0	8276	25	24	9809	26	28	1203	10
172.0	7996	4	2	9810	6	841	1675	11
172.0	7927	28	31	9811	24	1808	0	12
172.0	7970	33	41	9812	23	1322	1439	12
172.0	7376	31	29	9813	32	1953	0	18
172.0	7765	25	22	9814	27	1357	768	11
172.0	6906	32	37	9815	26	701	423	15
172.0	7230	2	2	9816	2	781	754	17
172.0	7904	14	13	9817	15	526	651	12
172.0	8018	19	21	9818	17	1942	765	16
172.0	8123	10	10	9819	10	603	1900	11
172.0	8278	14	12	9820	16	531	1833	11
172.0	8056	15	17	9821	13	642	1072	12
172.0	7125	13	12	9822	13	603	563	14
172.0	8339	11	9	9823	13	1678	330	13
172.0	6916	2	2	9824	2	474	873	14
172.0	7298	33	33	9825	30	908	880	9
172.0	8452	7	8	9826	5	974	374	11
172.0	7699	40	40	9827	40	1779	871	13
172.0	7407	12	13	9828	10	652	1508	9
172.0	8544	7	7	9829	6	648	857	14
172.0	8942	1	1	9830	1	791	796	15
172.0	7788	15	16	9831	13	1294	1501	10
172.0	7455	8	7	9832	7	1283	150	13
172.0	7373	13	17	9833	9	1748	1497	11
172.0	7942	8	10	9834	3	1408	1643	10
172.0	6952	29	33	9835	23	1875	466	13
172.0	6898	17	13	9836	20	667	668	13
172.0	7152	25	27	9837	23	1736	668	9
172.0	7743	5	4	9838	6	1091	380	14
172.0	6886	3	3	9839	3	884	36	12
172.0	9085	51	50	9840	50	1619	188	18
172.0	8055	7	7	9841	6	962	498	13
172.0	7193	14	15	9842	12	1315	1638	11
172.0	7707	15	13	9843	17	701	460	12
172.0	7200	22	15	9844	27	1866	1611	11
172.0	8283	24	19	9845	27	928	1319	12
172.0	8187	14	16	9846	11	1986	726	11
172.0	7620	15	11	9847	18	926	460	12
172.0	7689	39	35	9848	39	1999	1587	13
172.0	7667	16	17	9849	15	1528	1238	15
172.0	7503	10	9	9850	10	1297	1683	9
172.0	8032	17	14	9851	19	1527	1331	15
172.0	7347	12	12	9852	10	713	1292	10
172.0	8804	11	11	9853	9	750	953	15
172.0	7984	16	16	9854	14	1939	712	10
172.0	7252	10	9	9855	11	1028	0	10
172.0	6918	41	37	9856	44	1833	1999	14
172.0	7869	25	23	9857	24	316	513	12
172.0	8225	30	36	9858	23	1021	732	11
172.0	7378	32	33	9859	31	676	1978	12
172.0	7619	6	6	9860	5	463	342	13
172.0	7745	8	10	9861	6	984	549	15
172.0	8163	10	11	9862	8	1603	1217	12
172.0	7317	13	15	9863	11	559	475	14
172.0	7294	37	37	9864	36	0	1901	12
172.0	6993	42	37	9865	44	1286	890	14
172.0	9010	14	15	9866	12	1775	1297	15
172.0	7740	26	28	9867	23	1822	1053	13
172.0	7890	37	35	9868	37	1998	1805	13
172.0	6960	30	31	9869	27	907	1200	13
172.0	9329	19	18	9870	20	940	716	14
172.0	7776	25	32	9871	17	1923	449	12
172.0	7894	23	21	9872	24	1945	810	11
172.0	7375	6	5	9873	6	490	784	12
172.0	8061	6	4	9874	7	1289	713	12
172.0	7733	23	18	9875	27	326	356	10
172.0	7163	33	38	9876	26	1769	392	11
172.0	7342	14	12	9877	15	1449	57	10
172.0	8033	11	8	9878	13	1499	1432	11
172.0	7495	37	37	9879	35	1682	738	13
172.0	7920	32	25	9880	38	38	1389	13
172.0	7834	14	15	9881	13	468	650	10
172.0	7319	14	13	9882	14	209	1993	17
172.0	7595	12	14	9883	10	1351	77	11
172.0	7680	12	16	9884	8	701	1224	10
172.0	7091	15	15	9885	14	353	1698	12
172.0	8730	18	15	9886	20	682	1282	11
172.0	7977	24	24	9887	24	37	1356	15
172.0	7126	49	49	9888	47	1631	888	15
172.0	8069	19	15	9889	22	1380	1357	9
172.0	6928	26	22	9890	29	96	1148	13
172.0	7164	20	21	9891	18	1851	845	18
172.0	7092	15	13	9892	16	1946	1473	15
172.0	8531	17	15	9893	18	1999	1727	15
172.0	7799	15	11	9894	17	485	1911	13
172.0	8354	13	10	9895	16	1308	1289	11
172.0	7263	16	12	9896	20	1876	1507	12
172.0	8554	17	19	9897	14	1417	1310	10
172.0	7717	14	12	9898	14	1000	1128	11
172.0	8424	10	9	9899	10	1378	1031	16
172.0	7735	11	10	9900	10	1673	1667	12
172.0	8071	17	20	9901	13	1307	760	13
172.0	7005	15	12	9902	17	1110	1258	12
172.0	7594	10	11	9903	8	721	1733	11
172.0	7877	31	27	9904	34	1441	710	11
172.0	7191	15	13	9905	14	711	1326	11
173.0	7988	13	15	9906	11	1078	1584	12
173.0	8389	23	26	9907	18	1189	312	14
173.0	7850	22	23	9908	21	1907	1436	16
173.0	9427	30	22	9909	36	1491	98	14
173.0	7806	41	43	9910	37	1957	949	12
173.0	7735	10	10	9911	10	1673	1667	13
173.0	7038	33	27	9912	38	98	1000	12
173.0	7871	21	20	9913	20	1868	1960	11
173.0	9085	50	45	9914	52	1619	188	19
173.0	7045	9	4	9915	13	1132	1412	12
173.0	8187	16	17	9916	15	1986	726	12
173.0	7801	22	24	9917	20	587	584	14
173.0	7262	16	16	9918	16	501	1697	13
173.0	7018	32	22	9919	41	1619	1729	15
173.0	8276	24	26	9920	20	28	1203	11
173.0	8060	10	12	9921	8	544	1804	11
173.0	8003	21	17	9922	23	1949	1359	13
173.0	9424	8	10	9923	5	1508	842	12
173.0	7753	10	11	9924	8	1246	0	16
173.0	7847	5	5	9925	5	646	921	12
173.0	6923	15	15	9926	15	1910	721	12
173.0	8087	27	33	9927	20	1261	1428	15
173.0	7766	14	12	9928	15	659	1151	11
173.0	8300	3	3	9929	3	857	259	15
173.0	8629	6	5	9930	7	1082	661	14
173.0	7690	34	34	9931	32	1241	798	13
173.0	8347	7	9	9932	5	1404	1120	12
173.0	8525	17	13	9933	20	1712	1482	11
173.0	6928	22	19	9934	25	96	1148	14
173.0	7527	25	25	9935	23	721	1013	15
173.0	7646	11	11	9936	10	974	1895	10
173.0	6952	33	32	9937	29	1875	466	14
173.0	7163	38	38	9938	31	1769	392	12
173.0	7799	11	14	9939	6	485	1911	14
173.0	7810	17	15	9940	18	1716	1624	13
173.0	7288	12	12	9941	12	365	22	11
173.0	8123	10	9	9942	9	603	1900	12
173.0	8140	6	6	9943	6	1309	1020	10
173.0	7679	26	23	9944	26	1802	1298	12
173.0	7926	19	21	9945	15	1606	1531	10
173.0	7373	17	21	9946	13	1771	1497	12
173.0	6898	13	13	9947	13	667	668	14
173.0	7739	19	18	9948	17	1758	1272	15
173.0	8544	7	6	9949	8	648	857	15
173.0	7220	0	0	9950	0	762	737	16
173.0	9092	8	10	9951	6	1156	442	15
173.0	6867	26	23	9952	26	1588	1104	18
173.0	7034	25	22	9953	26	1389	864	14
173.0	8023	27	31	9954	22	1300	858	12
173.0	7870	13	16	9955	10	1379	735	13
173.0	7173	23	19	9956	25	779	1312	9
173.0	7446	15	16	9957	13	623	556	12
173.0	6901	12	13	9958	11	229	1300	16
173.0	7696	6	4	9959	7	1667	1131	11
173.0	7722	23	20	9960	24	1483	1644	12
173.0	9134	27	19	9961	34	1008	699	9
173.0	7769	17	16	9962	18	1350	1371	10
173.0	7977	24	24	9963	23	37	1356	16
173.0	6974	23	23	9964	22	1513	762	8
173.0	9240	10	11	9965	8	988	1500	11
173.0	8224	18	17	9966	19	1194	1936	11
173.0	7710	15	18	9967	12	1408	1161	12
173.0	7931	10	8	9968	10	1916	592	13
173.0	6916	2	2	9969	2	474	873	15
173.0	8383	19	23	9970	15	676	1910	12
173.0	8239	17	13	9971	21	1963	84	11
173.0	7152	27	30	9972	24	1736	668	10
173.0	8381	13	13	9973	13	1537	1102	14
173.0	8586	7	8	9974	6	1887	1072	13
173.0	8097	16	13	9975	16	1471	1275	10
173.0	7813	5	4	9976	6	687	594	12
173.0	7121	28	31	9977	24	1336	831	14
173.0	8531	15	13	9978	17	1999	1727	16
173.0	7742	1	1	9979	0	651	812	14
173.0	8572	22	26	9980	17	1041	1941	14
173.0	7510	22	19	9981	25	321	1089	14
173.0	7802	10	10	9982	8	1999	525	13
173.0	7496	15	10	9983	19	1807	1492	11
173.0	7008	28	25	9984	28	502	1183	16
173.0	7397	26	25	9985	24	1911	1643	12
173.0	7346	31	30	9986	30	1132	1434	16
173.0	6881	11	12	9987	10	542	1985	14
173.0	7509	12	11	9988	13	1098	499	12
173.0	7668	40	37	9989	40	1559	1056	11
173.0	7499	13	14	9990	12	1144	15	12
173.0	7507	10	7	9991	13	418	1080	13
173.0	8062	7	5	9992	9	1682	1429	8
173.0	7157	10	9	9993	11	1267	1579	12
173.0	7869	23	20	9994	25	316	513	13
173.0	7108	15	17	9995	13	1709	1017	11
173.0	8032	14	14	9996	13	1527	1331	16
173.0	7726	36	26	9997	43	1999	1173	18
173.0	7575	16	16	9998	16	1823	1597	11
173.0	7395	16	14	9999	17	863	1110	12
173.0	7506	29	31	10000	26	1834	1376	9
173.0	7456	19	19	10001	17	1929	868	12
173.0	7145	9	9	10002	8	669	833	10
173.0	7519	23	31	10003	15	1791	1159	13
173.0	7627	9	6	10004	12	1971	624	13
173.0	8073	24	32	10005	15	840	1111	13
173.0	8834	24	27	10006	20	1859	1568	12
173.0	7902	27	29	10007	24	493	1465	11
173.0	7777	11	11	10008	11	1756	673	14
173.0	7183	16	13	10009	18	1888	652	9
173.0	7877	27	30	10010	23	1441	710	12
173.0	7890	35	34	10011	36	1998	1805	14
173.0	6902	14	15	10012	13	674	135	15
173.0	7643	13	11	10013	14	1013	1473	12
173.0	7264	14	12	10014	16	728	386	16
173.0	7792	13	12	10015	14	1009	576	11
173.0	7374	20	22	10016	17	1441	969	16
173.0	7276	20	18	10017	22	1647	797	8
173.0	7239	14	11	10018	16	1552	1660	9
173.0	8311	16	16	10019	14	1611	1296	9
173.0	8477	15	14	10020	14	1299	1438	10
173.0	7168	8	6	10021	10	1069	280	9
173.0	7028	25	29	10022	21	1482	1933	16
173.0	7191	13	13	10023	12	711	1326	12
173.0	7505	18	14	10024	20	755	1820	9
173.0	8294	43	45	10025	38	1308	228	12
173.0	8717	9	8	10026	10	980	1079	13
173.0	9329	18	15	10027	19	940	716	15
173.0	7000	22	22	10028	21	441	1146	20
174.0	8183	34	37	10029	30	1162	1301	12
174.0	7358	30	27	10030	32	1410	886	10
174.0	8300	3	3	10031	3	857	259	16
174.0	8442	12	13	10032	10	972	1552	9
174.0	7668	37	40	10033	32	1559	1056	12
174.0	9012	11	9	10034	13	980	1754	11
174.0	7179	17	19	10035	15	53	506	12
174.0	7380	23	24	10036	21	921	358	12
174.0	8078	11	9	10037	12	1921	685	14
174.0	6968	30	28	10038	30	689	1146	13
174.0	6948	26	22	10039	27	1450	242	14
174.0	7575	16	18	10040	14	1823	1597	12
174.0	8268	11	9	10041	13	1458	1000	11
174.0	8920	9	7	10042	10	913	1379	10
174.0	7631	31	35	10043	26	1976	1676	13
174.0	7073	19	22	10044	15	509	160	13
174.0	7239	11	13	10045	8	1552	1660	10
174.0	7428	12	6	10046	16	827	21	10
174.0	7451	25	26	10047	20	1138	1618	12
174.0	8100	16	14	10048	18	1416	1567	8
174.0	7064	14	14	10049	14	1042	1131	12
174.0	7648	2	1	10050	3	1243	628	10
174.0	8697	7	5	10051	9	659	823	10
174.0	7806	43	43	10052	41	1957	949	13
174.0	8032	14	8	10053	19	1527	1331	17
174.0	9656	17	13	10054	21	284	904	12
174.0	8190	7	10	10055	4	1640	1054	13
174.0	7730	12	13	10056	10	1943	1673	12
174.0	7831	13	13	10057	13	960	1477	9
174.0	7982	15	16	10058	13	474	898	9
174.0	7722	20	17	10059	23	1483	1644	13
174.0	7733	18	20	10060	16	326	356	11
174.0	8929	6	3	10061	9	1108	444	14
174.0	7285	9	8	10062	10	1408	1202	7
174.0	8347	9	4	10063	13	1404	1120	13
174.0	7604	10	11	10064	9	699	808	12
174.0	8118	30	31	10065	28	1973	1419	12
174.0	8213	2	1	10066	3	776	699	16
174.0	8020	20	20	10067	18	1930	104	11
174.0	8896	18	18	10068	17	1930	518	13
174.0	7948	30	32	10069	27	1886	948	14
174.0	7988	15	17	10070	13	1078	1584	13
174.0	7937	8	7	10071	8	1924	1293	8
174.0	9240	11	11	10072	11	988	1500	12
174.0	8526	11	15	10073	7	153	1168	14
174.0	8098	7	5	10074	9	852	732	15
174.0	7991	15	17	10075	13	1933	1508	15
174.0	7719	6	5	10076	7	824	1242	12
174.0	7576	11	12	10077	10	578	711	9
174.0	7094	12	11	10078	13	1117	1673	10
174.0	7949	34	34	10079	32	1685	1935	13
174.0	6940	43	42	10080	43	1999	1112	22
174.0	8224	17	21	10081	13	1194	1936	12
174.0	7533	19	18	10082	18	949	1503	9
174.0	7388	11	12	10083	9	721	328	15
174.0	7162	15	15	10084	14	1298	1340	11
174.0	7679	23	20	10085	25	1834	1330	13
174.0	7765	22	19	10086	24	1357	768	12
174.0	8151	27	25	10087	28	1194	1442	14
174.0	7054	8	10	10088	6	732	1500	12
174.0	7056	0	0	10089	0	725	626	16
174.0	8502	25	22	10090	24	1967	872	14
174.0	8669	16	19	10091	12	1522	736	13
174.0	7663	19	17	10092	20	1107	1319	15
174.0	7566	22	23	10093	20	1785	1668	12
174.0	8675	13	16	10094	10	1138	421	13
174.0	7869	20	20	10095	19	316	513	14
174.0	8551	11	10	10096	11	1686	1290	17
174.0	7365	21	18	10097	23	612	1304	15
174.0	6898	13	15	10098	10	667	668	15
174.0	7397	25	18	10099	31	1911	1643	13
174.0	7097	22	18	10100	26	1817	743	16
174.0	7067	17	18	10101	14	1413	87	14
174.0	7792	12	12	10102	12	1009	576	12
174.0	9580	12	13	10103	10	1838	481	11
174.0	6932	34	29	10104	38	476	940	10
174.0	9369	15	15	10105	15	949	1317	14
174.0	7914	21	23	10106	18	1403	760	7
174.0	8451	20	23	10107	17	1041	1873	15
174.0	7529	17	18	10108	15	1889	1266	10
174.0	7931	8	12	10109	4	1916	592	14
174.0	8238	20	21	10110	18	1703	1166	9
174.0	7481	15	13	10111	17	1519	1312	12
174.0	8227	32	28	10112	34	1972	1097	20
174.0	7173	19	22	10113	16	779	1312	10
174.0	8022	13	15	10114	10	1818	395	12
174.0	8917	22	20	10115	24	532	1290	11
174.0	7657	14	8	10116	19	1420	1483	12
174.0	7439	17	21	10117	13	1243	1260	12
174.0	6977	13	5	10118	20	1688	1653	14
174.0	8110	15	20	10119	9	676	1930	14
174.0	7802	10	9	10120	11	1999	525	14
174.0	7442	36	40	10121	30	1378	793	13
174.0	7891	12	15	10122	8	1897	1306	10
174.0	6952	32	37	10123	27	1875	466	15
174.0	7628	27	26	10124	28	1569	1488	14
174.0	7821	4	4	10125	4	707	341	13
174.0	7497	30	30	10126	30	1639	825	11
174.0	8655	20	20	10127	19	912	1409	9
174.0	8817	14	14	10128	14	760	1296	11
174.0	7767	14	21	10129	7	1809	849	12
174.0	8838	26	27	10130	25	1568	830	11
174.0	7615	13	16	10131	10	1987	558	13
174.0	8776	26	23	10132	28	1113	169	11
174.0	7446	16	15	10133	16	601	481	13
174.0	7506	31	34	10134	25	1834	1376	10
174.0	7141	22	21	10135	22	1434	1358	10
174.0	7029	39	37	10136	40	1547	1999	16
174.0	7456	19	17	10137	20	1910	868	13
174.0	7062	25	29	10138	21	56	1698	13
174.0	7769	16	19	10139	13	1350	1371	11
174.0	6967	12	12	10140	11	1583	1625	8
174.0	7870	16	17	10141	15	1379	735	14
174.0	7926	21	16	10142	26	1606	1531	11
174.0	7785	16	18	10143	14	1754	877	11
174.0	8790	31	26	10144	34	1737	116	18
174.0	8198	8	7	10145	7	1248	1635	15
174.0	8111	14	11	10146	16	1169	1682	13
174.0	8097	13	13	10147	13	1473	1277	11
174.0	7961	18	16	10148	19	1400	1039	14
174.0	7655	10	11	10149	7	1656	1242	19
174.0	7416	13	15	10150	11	1246	679	12
174.0	7313	49	51	10151	45	1931	27	15
174.0	7450	25	20	10152	28	1527	1999	11
174.0	7977	24	21	10153	26	37	1356	17
174.0	8208	17	13	10154	21	1752	1532	10
175.0	8163	11	9	10155	12	1603	1217	13
175.0	8632	32	32	10156	30	1894	1504	13
175.0	7473	25	26	10157	24	1971	897	12
175.0	8487	10	8	10158	12	931	525	12
175.0	7580	3	2	10159	4	1118	618	14
175.0	9329	15	17	10160	12	940	716	16
175.0	7618	7	8	10161	6	1201	1291	11
175.0	7162	15	12	10162	18	1298	1340	12
175.0	7275	20	18	10163	21	1531	971	11
175.0	7844	10	10	10164	9	1929	667	13
175.0	7719	5	6	10165	4	824	1242	13
175.0	7148	23	22	10166	23	1615	1663	13
175.0	9240	11	11	10167	11	988	1500	13
175.0	7265	19	18	10168	19	612	1064	12
175.0	8569	26	30	10169	21	621	996	12
175.0	7276	18	19	10170	16	1647	797	9
175.0	7586	10	10	10171	9	725	830	11
175.0	7030	6	6	10172	6	1098	569	14
175.0	7687	37	38	10173	35	114	1338	11
175.0	7807	11	9	10174	13	1148	1802	12
175.0	7438	17	11	10175	22	1927	1005	13
175.0	7677	40	37	10176	41	1528	1544	15
175.0	9795	23	19	10177	25	651	617	12
175.0	8645	21	21	10178	21	1478	1358	10
175.0	7118	29	23	10179	32	1381	1624	11
175.0	8071	20	22	10180	18	1307	760	14
175.0	8007	3	4	10181	1	791	660	15
175.0	8803	11	9	10182	12	1099	690	13
175.0	7961	16	17	10183	15	1400	1039	15
175.0	7047	17	17	10184	16	1687	1162	10
175.0	7008	25	22	10185	28	502	1183	17
175.0	6955	19	24	10186	13	543	960	14
175.0	8218	17	13	10187	17	670	419	13
175.0	8644	13	13	10188	13	1916	909	12
175.0	7854	28	28	10189	27	117	1250	8
175.0	7540	17	17	10190	17	1004	1633	12
175.0	8033	8	6	10191	9	1499	1449	12
175.0	7973	23	19	10192	24	1228	1510	13
175.0	7111	15	19	10193	10	1389	921	11
175.0	9435	34	35	10194	31	1918	59	15
175.0	7451	26	21	10195	29	1138	1618	13
175.0	7969	10	3	10196	17	1954	578	13
175.0	7584	13	14	10197	11	1034	1639	9
175.0	7140	14	17	10198	10	1913	954	11
175.0	7651	7	7	10199	6	1311	949	11
175.0	8636	7	6	10200	8	502	1012	9
175.0	8092	20	18	10201	21	1939	637	11
175.0	8393	17	18	10202	15	850	491	13
175.0	8613	17	24	10203	10	1004	1340	13
175.0	7999	41	34	10204	47	534	1542	15
175.0	8301	12	13	10205	10	858	652	13
175.0	8110	20	20	10206	18	676	1930	15
175.0	7357	18	18	10207	18	1439	1163	12
175.0	7490	12	14	10208	9	660	846	12
175.0	7082	10	13	10209	7	1201	1496	8
175.0	8398	3	4	10210	2	641	841	12
175.0	7481	13	11	10211	15	1519	1312	13
175.0	7712	13	10	10212	16	900	437	10
175.0	7879	28	25	10213	29	1294	1737	10
175.0	7052	21	24	10214	17	1999	493	12
175.0	6867	23	26	10215	18	1588	1104	19
175.0	8920	7	9	10216	5	913	1379	11
175.0	6888	13	15	10217	10	387	458	14
175.0	8224	21	19	10218	23	1194	1936	13
175.0	8675	16	13	10219	18	1138	421	14
175.0	8099	24	24	10220	24	1202	1239	12
175.0	7896	19	21	10221	16	1930	1926	14
175.0	7604	11	14	10222	7	699	808	13
175.0	7424	13	13	10223	13	698	1431	8
175.0	8883	12	9	10224	15	1250	1331	12
175.0	8436	11	11	10225	11	1157	679	12
175.0	7173	22	23	10226	20	779	1312	11
175.0	7450	20	20	10227	18	1527	1999	12
175.0	7221	7	7	10228	6	1500	705	13
175.0	9010	15	15	10229	13	1791	1335	16
175.0	7581	11	5	10230	16	1712	117	10
175.0	7656	14	14	10231	13	1765	758	13
175.0	7960	3	2	10232	4	783	57	14
175.0	9012	9	6	10233	12	980	1754	12
175.0	8134	27	21	10234	32	1908	1105	13
175.0	8238	21	17	10235	24	1703	1166	10
175.0	8538	23	22	10236	22	1967	931	9
175.0	7453	8	6	10237	9	1707	991	11
175.0	7891	15	11	10238	18	1897	1306	11
175.0	7758	28	30	10239	25	953	71	13
175.0	8066	9	8	10240	9	1953	537	13
175.0	7964	25	20	10241	28	727	563	11
175.0	7904	13	15	10242	11	526	651	13
175.0	8177	8	9	10243	6	1202	539	8
175.0	6884	29	33	10244	24	1119	1771	10
175.0	8225	36	37	10245	33	1021	732	12
175.0	9092	10	10	10246	9	1174	442	16
175.0	7615	16	12	10247	20	1987	558	14
175.0	8306	27	30	10248	22	1270	771	12
175.0	8227	28	27	10249	28	1972	1097	21
175.0	7573	16	15	10250	17	600	944	12
175.0	8113	21	17	10251	23	1386	1658	10
175.0	8589	16	12	10252	19	1688	245	9
175.0	7107	19	18	10253	20	1866	1111	12
175.0	8100	14	14	10254	13	1416	1567	9
175.0	7247	22	25	10255	18	872	1220	9
175.0	7858	17	21	10256	13	852	771	11
175.0	7192	14	13	10257	15	926	743	11
175.0	7785	18	15	10258	21	1754	877	12
175.0	8612	45	46	10259	43	618	1032	18
176.0	6879	10	11	10260	8	795	1699	10
176.0	8144	10	11	10261	9	1559	1118	11
176.0	8145	27	31	10262	21	952	114	10
176.0	7866	35	38	10263	31	1380	27	11
176.0	8732	23	24	10264	20	1019	1437	11
176.0	7246	14	13	10265	15	1095	1926	11
176.0	7815	16	19	10266	12	1317	50	11
176.0	7586	10	12	10267	7	725	830	12
176.0	7687	38	35	10268	39	114	1338	12
176.0	7861	25	26	10269	23	1308	1390	10
176.0	8259	9	13	10270	5	513	856	11
176.0	8427	35	31	10271	35	1430	1047	12
176.0	7449	19	19	10272	18	507	1999	14
176.0	7692	9	10	10273	7	1781	1016	13
176.0	8177	9	8	10274	9	1202	539	9
176.0	7198	14	11	10275	17	699	1180	14
176.0	7744	4	5	10276	3	932	1461	9
176.0	7935	11	12	10277	10	773	1020	10
176.0	7928	18	19	10278	14	1726	368	10
176.0	8237	11	12	10279	10	1509	1065	13
176.0	7106	22	22	10280	21	1018	1665	16
176.0	7009	10	10	10281	10	442	992	11
176.0	8166	17	18	10282	14	1676	802	11
176.0	8494	32	33	10283	30	0	1350	15
176.0	7173	23	30	10284	15	779	1312	12
176.0	7275	18	18	10285	18	1531	971	12
176.0	7498	16	16	10286	16	927	1526	13
176.0	8607	11	12	10287	10	1336	91	11
176.0	8105	23	23	10288	22	1493	891	16
176.0	8059	21	25	10289	16	1739	1985	13
176.0	8610	20	18	10290	21	748	475	14
176.0	9618	11	11	10291	11	1988	1519	19
176.0	7884	28	27	10292	26	381	1999	12
176.0	8938	10	10	10293	9	872	1238	9
176.0	7925	12	11	10294	10	1527	1414	7
176.0	7615	12	14	10295	10	1987	558	15
176.0	9424	10	11	10296	9	1508	842	13
176.0	9329	17	14	10297	19	940	716	17
176.0	8646	10	10	10298	10	1972	572	13
176.0	7393	25	27	10299	21	1943	1862	9
176.0	7684	29	28	10300	29	1491	1543	16
176.0	9012	6	10	10301	2	980	1754	13
176.0	7464	24	24	10302	23	1230	80	15
176.0	7283	15	15	10303	14	572	843	13
176.0	8373	28	30	10304	25	506	1627	14
176.0	7904	15	17	10305	13	526	651	14
176.0	7835	19	18	10306	19	345	948	12
176.0	8202	16	16	10307	16	2	1105	15
176.0	8741	19	18	10308	19	592	1323	14
176.0	8561	12	12	10309	12	577	1358	10
176.0	6933	18	21	10310	15	1437	869	13
176.0	8803	9	9	10311	9	1099	690	14
176.0	7997	0	0	10312	0	1169	576	12
176.0	7719	6	9	10313	3	824	1242	14
176.0	7290	8	9	10314	7	898	1631	11
176.0	7550	12	10	10315	13	1688	1113	12
176.0	8497	38	29	10316	45	585	438	11
176.0	7107	18	25	10317	11	1866	1111	13
176.0	8106	0	0	10318	0	761	852	14
176.0	7902	29	24	10319	32	493	1465	12
176.0	8238	17	14	10320	18	1703	1166	11
176.0	6957	22	26	10321	18	1895	1039	14
176.0	6958	15	10	10322	20	910	1319	12
176.0	7340	14	11	10323	15	1794	898	11
176.0	7715	0	0	10324	0	712	659	16
176.0	8253	11	8	10325	14	1276	1599	15
176.0	8468	9	12	10326	5	1789	794	12
176.0	7101	19	13	10327	22	1859	1531	13
176.0	7565	14	12	10328	16	1158	599	11
176.0	8681	23	26	10329	19	794	1372	15
176.0	7610	18	18	10330	18	449	691	12
176.0	7162	12	11	10331	12	1298	1340	13
176.0	9674	11	9	10332	13	1878	910	13
176.0	9710	30	32	10333	27	1587	830	11
176.0	7659	26	24	10334	26	1430	1298	12
176.0	8110	20	23	10335	17	676	1930	16
176.0	8241	21	22	10336	20	1728	1324	14
176.0	8244	19	15	10337	22	1418	504	11
176.0	7826	13	15	10338	11	1237	1489	12
176.0	7304	12	14	10339	10	1579	1999	13
176.0	7406	5	7	10340	3	688	1322	11
176.0	7444	24	22	10341	24	791	480	14
176.0	8488	11	10	10342	11	1202	1638	11
176.0	8961	17	14	10343	19	1510	648	15
176.0	7305	31	30	10344	28	1838	925	20
176.0	8493	35	39	10345	29	173	434	10
176.0	8540	21	23	10346	18	1690	628	11
176.0	8988	7	9	10347	5	1948	600	13
176.0	7103	14	18	10348	8	1676	787	12
176.0	8920	9	10	10349	8	913	1379	12
176.0	8800	30	31	10350	27	1466	1340	12
176.0	8056	17	14	10351	20	642	1072	13
176.0	8048	23	27	10352	18	1428	778	11
176.0	8163	9	10	10353	7	1603	1217	14
176.0	7570	13	13	10354	13	1470	1462	11
176.0	7151	20	21	10355	19	1696	900	15
176.0	8026	9	8	10356	10	1649	1258	14
176.0	8045	11	8	10357	14	1300	796	12
176.0	7931	12	11	10358	13	1902	578	15
176.0	9219	16	17	10359	15	1163	730	12
176.0	7400	10	14	10360	6	1610	973	11
176.0	8226	11	16	10361	5	988	1999	11
176.0	6888	15	15	10362	15	387	458	15
176.0	6928	19	19	10363	18	96	1148	15
177.0	8080	24	21	10364	25	1419	1366	10
177.0	7793	33	30	10365	32	884	391	11
177.0	7595	14	13	10366	15	1351	77	12
177.0	7130	3	2	10367	4	1293	620	11
177.0	8055	7	4	10368	9	962	498	14
177.0	8301	13	11	10369	14	858	652	14
177.0	8164	22	20	10370	23	1903	820	11
177.0	8132	18	15	10371	20	70	1434	14
177.0	7973	19	20	10372	17	1228	1510	14
177.0	8013	24	22	10373	24	682	1389	13
177.0	8897	9	6	10374	11	882	518	11
177.0	7198	11	12	10375	10	699	1180	15
177.0	7802	9	6	10376	11	1999	525	15
177.0	7902	24	23	10377	21	493	1465	13
177.0	8867	23	24	10378	20	1689	1594	9
177.0	7228	27	29	10379	23	512	735	11
177.0	8477	14	14	10380	14	1299	1438	11
177.0	8291	41	34	10381	44	1080	1321	15
177.0	8556	19	18	10382	19	493	532	13
177.0	9450	24	25	10383	22	838	130	9
177.0	6918	37	34	10384	38	1833	1999	15
177.0	7761	11	10	10385	8	1846	879	10
177.0	8217	11	10	10386	11	1889	807	12
177.0	7645	20	19	10387	21	1871	1486	13
177.0	7434	34	26	10388	41	1999	1148	15
177.0	7400	14	16	10389	11	1610	973	12
177.0	7827	11	12	10390	9	1611	1270	13
177.0	8031	3	1	10391	5	1483	691	14
177.0	7268	7	3	10392	11	1290	1020	10
177.0	7727	23	22	10393	23	968	1645	8
177.0	8238	14	15	10394	13	1703	1166	12
177.0	7364	7	10	10395	3	1841	726	15
177.0	8529	13	18	10396	7	671	1303	11
177.0	8940	10	8	10397	11	402	201	11
177.0	8192	16	13	10398	17	1850	944	11
177.0	8372	10	11	10399	9	756	1462	9
177.0	7629	34	29	10400	36	1332	71	14
177.0	7778	10	12	10401	8	1268	1189	11
177.0	7246	13	16	10402	9	1095	1926	12
177.0	8667	22	22	10403	20	1671	1455	11
177.0	8471	29	29	10404	27	1139	467	8
177.0	8837	15	16	10405	13	1869	897	11
177.0	7713	5	5	10406	5	1907	703	13
177.0	9435	35	33	10407	36	1918	59	16
177.0	8032	8	9	10408	7	1527	1331	18
177.0	7944	3	1	10409	5	1878	643	15
177.0	7699	40	30	10410	50	1779	871	14
177.0	8468	12	12	10411	11	1789	794	13
177.0	7951	6	5	10412	5	686	344	13
177.0	8212	25	18	10413	31	1533	861	14
177.0	7863	15	17	10414	13	1000	631	14
177.0	7065	10	11	10415	9	1335	603	8
177.0	8459	36	38	10416	33	960	304	12
177.0	7948	32	26	10417	37	1886	948	15
177.0	9847	18	17	10418	19	913	472	13
177.0	8933	6	4	10419	7	1227	0	15
177.0	7904	17	20	10420	13	526	651	15
177.0	8800	31	31	10421	28	1466	1340	13
177.0	8260	13	15	10422	11	1034	83	7
177.0	8527	36	35	10423	34	1578	951	14
177.0	7934	27	25	10424	29	1887	1689	12
177.0	8366	13	11	10425	15	812	1418	12
177.0	7905	13	12	10426	13	1850	1245	11
177.0	9196	20	18	10427	22	567	1504	12
177.0	8019	10	9	10428	11	198	1099	14
177.0	8091	28	22	10429	32	860	1259	15
177.0	7840	16	17	10430	14	1732	785	11
177.0	7106	22	18	10431	25	1018	1665	17
177.0	8106	0	0	10432	0	761	852	15
177.0	8160	20	19	10433	18	907	1467	9
177.0	9492	29	26	10434	29	840	54	13
177.0	8813	38	37	10435	37	526	417	12
177.0	7404	29	32	10436	23	1562	1774	14
177.0	7599	22	25	10437	18	1942	1388	15
177.0	8986	8	9	10438	7	1933	748	16
177.0	8299	22	21	10439	23	669	1019	13
177.0	7449	19	25	10440	12	507	1999	15
177.0	7704	28	26	10441	28	1624	551	12
177.0	8247	35	31	10442	38	1985	27	17
177.0	7139	3	2	10443	4	708	842	13
177.0	8093	43	38	10444	47	1372	118	16
177.0	7806	43	35	10445	48	1957	969	14
177.0	8456	35	36	10446	33	1833	1945	13
177.0	8145	31	27	10447	34	952	114	11
177.0	7610	18	21	10448	13	449	691	13
177.0	7956	20	23	10449	16	1892	1972	11
177.0	8965	11	11	10450	11	1911	1623	16
177.0	8003	17	14	10451	19	1949	1340	14
177.0	6959	10	9	10452	11	1061	1230	13
177.0	9988	13	10	10453	15	1083	513	13
177.0	7207	17	15	10454	18	1758	1560	12
177.0	7586	12	13	10455	11	725	830	13
177.0	7770	30	32	10456	26	1482	1237	18
177.0	7107	25	22	10457	26	1866	1111	14
177.0	7424	13	11	10458	15	698	1431	9
177.0	8379	36	33	10459	38	1914	1001	23
178.0	6938	12	12	10460	11	790	870	15
178.0	8210	11	5	10461	14	440	1864	14
178.0	8854	15	14	10462	15	1940	323	16
178.0	7526	25	22	10463	28	601	887	10
178.0	6888	15	16	10464	14	387	458	16
178.0	8910	21	26	10465	16	1605	1742	15
178.0	8217	10	12	10466	8	1889	807	13
178.0	7312	38	34	10467	41	908	1281	10
178.0	7342	12	9	10468	14	1449	57	11
178.0	8897	6	6	10469	5	882	518	12
178.0	7391	33	25	10470	39	1596	72	9
178.0	6979	6	6	10471	6	1662	634	15
178.0	8013	22	31	10472	13	682	1389	14
178.0	7890	34	32	10473	36	1998	1805	15
178.0	8132	15	19	10474	11	70	1434	15
178.0	7849	40	38	10475	41	989	721	10
178.0	7336	26	23	10476	26	660	1323	10
178.0	7876	15	13	10477	17	881	493	11
178.0	7548	16	17	10478	15	728	1309	11
178.0	7951	5	7	10479	3	686	344	14
178.0	7954	14	17	10480	11	538	175	11
178.0	9449	30	35	10481	22	712	543	12
178.0	8308	19	19	10482	19	1491	111	13
178.0	8192	13	12	10483	13	1850	944	12
178.0	7702	34	33	10484	31	1732	863	13
178.0	8278	12	13	10485	11	531	1833	12
178.0	7681	34	29	10486	35	382	488	11
178.0	8813	37	29	10487	42	526	417	13
178.0	7770	32	35	10488	27	1482	1237	19
178.0	9294	35	40	10489	28	1665	1738	15
178.0	7699	30	27	10490	33	1779	871	15
178.0	7275	18	19	10491	15	1531	971	13
178.0	7836	18	20	10492	16	970	1123	10
178.0	7752	33	24	10493	42	1999	1245	10
178.0	6894	12	13	10494	11	1796	541	15
178.0	9155	14	10	10495	18	1451	899	19
178.0	7704	26	18	10496	33	1624	551	13
178.0	7703	5	7	10497	3	610	903	12
178.0	8604	7	7	10498	7	1059	1590	11
178.0	6901	13	13	10499	11	229	1300	17
178.0	9487	12	9	10500	14	1798	1558	15
178.0	8284	24	25	10501	23	1682	944	13
178.0	8553	25	19	10502	29	1761	526	12
178.0	7310	12	12	10503	10	617	1394	9
178.0	7793	30	27	10504	32	884	391	12
178.0	8433	38	36	10505	38	1211	1465	12
178.0	7842	35	36	10506	33	1826	884	13
178.0	7913	23	25	10507	19	1962	1436	18
178.0	7359	15	18	10508	12	1773	0	15
178.0	8867	24	26	10509	21	1689	1594	10
178.0	8185	30	29	10510	30	1637	1778	14
178.0	8556	18	21	10511	14	493	532	14
178.0	8365	19	20	10512	18	499	911	10
178.0	6909	27	27	10513	26	1020	822	13
178.0	8401	17	15	10514	18	788	386	14
178.0	7033	10	10	10515	10	1408	1081	14
178.0	7923	9	9	10516	7	1093	472	12
178.0	6925	17	14	10517	20	1477	1683	12
178.0	7916	0	0	10518	0	631	689	18
178.0	7006	24	24	10519	23	1554	1015	13
178.0	7827	12	15	10520	9	1611	1270	14
178.0	7368	24	24	10521	22	1598	934	10
178.0	8003	14	12	10522	16	1949	1340	15
178.0	8138	34	31	10523	36	838	553	10
178.0	8586	8	10	10524	6	1887	1072	14
178.0	7543	4	4	10525	4	1050	448	16
178.0	8158	4	2	10526	4	1288	1535	12
178.0	7816	6	1	10527	9	1170	615	16
178.0	7592	20	21	10528	19	825	0	9
178.0	7282	7	3	10529	10	909	494	11
178.0	9426	17	15	10530	18	151	650	12
178.0	7289	15	17	10531	13	1232	1585	10
178.0	8476	48	48	10532	47	17	1183	10
178.0	8652	4	5	10533	2	1648	1168	11
178.0	7317	15	18	10534	10	559	475	15
178.0	8986	9	7	10535	9	1933	748	17
178.0	8254	8	8	10536	8	1613	1060	14
178.0	9270	10	9	10537	11	1098	552	14
178.0	8721	35	35	10538	34	1604	1450	14
178.0	9715	8	5	10539	10	811	514	15
178.0	9120	20	24	10540	15	540	572	14
178.0	7577	2	1	10541	3	1469	1063	13
178.0	8763	9	10	10542	8	1398	524	10
178.0	9189	9	7	10543	10	1649	170	12
178.0	9690	0	0	10544	0	542	864	13
178.0	7433	10	11	10545	9	1011	1413	9
178.0	8357	31	33	10546	29	1678	275	11
178.0	7407	13	13	10547	12	652	1508	10
178.0	7259	12	11	10548	13	727	649	11
178.0	8779	8	8	10549	8	1858	1625	9
178.0	7094	11	10	10550	12	1117	1673	11
178.0	8671	29	30	10551	27	1131	1510	12
178.0	7404	32	29	10552	34	1562	1774	15
178.0	8403	31	30	10553	30	1919	1570	15
178.0	7745	10	9	10554	11	984	549	16
178.0	7690	34	29	10555	39	1241	798	14
178.0	8429	12	10	10556	14	700	766	12
178.0	7468	45	47	10557	40	1858	731	13
178.0	7087	3	4	10558	2	708	982	14
178.0	8196	30	35	10559	25	1391	890	13
178.0	8735	0	0	10560	0	549	746	15
178.0	7830	31	24	10561	37	1831	1069	9
178.0	9034	23	23	10562	21	1312	572	13
178.0	8622	13	9	10563	15	1699	1428	10
178.0	8249	8	9	10564	7	504	1251	15
178.0	8274	16	17	10565	14	1887	699	15
178.0	9541	14	16	10566	11	1518	1030	13
178.0	8091	22	19	10567	24	843	1259	16
178.0	8191	27	26	10568	26	1386	1570	13
179.0	9479	25	24	10569	25	1499	1181	18
179.0	7295	20	17	10570	22	66	1250	10
179.0	7336	23	13	10571	31	660	1323	11
179.0	7016	34	27	10572	41	1974	0	19
179.0	7319	13	17	10573	8	209	1993	18
179.0	8093	38	35	10574	41	1372	118	17
179.0	9012	10	9	10575	11	980	1754	14
179.0	7282	3	3	10576	3	909	494	12
179.0	8838	27	21	10577	31	1568	830	12
179.0	7552	24	24	10578	22	1702	564	13
179.0	8667	22	27	10579	15	1671	1455	12
179.0	7452	26	29	10580	22	869	1430	11
179.0	10235	24	22	10581	24	1728	1209	11
179.0	7731	21	18	10582	24	1867	1730	12
179.0	7459	19	21	10583	16	1852	110	11
179.0	6898	15	13	10584	16	667	668	16
179.0	7441	15	13	10585	16	240	916	10
179.0	7526	22	24	10586	18	601	887	11
179.0	8325	9	13	10587	5	530	882	12
179.0	7365	18	15	10588	20	612	1304	16
179.0	8574	10	10	10589	10	668	99	12
179.0	7961	17	15	10590	19	1400	1039	16
179.0	9062	22	15	10591	26	572	488	13
179.0	9449	35	30	10592	37	712	543	13
179.0	7600	12	18	10593	6	1384	1250	9
179.0	9973	13	15	10594	11	1509	1129	15
179.0	7721	45	42	10595	47	1960	213	13
179.0	7699	27	23	10596	28	1779	871	16
179.0	7548	17	23	10597	11	728	1309	12
179.0	8704	20	16	10598	24	1244	368	13
179.0	7563	5	5	10599	5	1122	563	13
179.0	7108	17	14	10600	19	1709	1017	12
179.0	7978	0	0	10601	0	781	770	15
179.0	7937	7	7	10602	7	1924	1293	9
179.0	6922	3	3	10603	3	1318	688	14
179.0	7224	0	0	10604	0	681	1494	10
179.0	7499	14	14	10605	13	1144	15	13
179.0	8857	9	6	10606	12	1973	493	12
179.0	7175	12	14	10607	10	1833	247	13
179.0	7954	17	16	10608	17	568	243	12
179.0	7734	13	12	10609	14	45	328	12
179.0	7658	14	14	10610	13	1638	929	11
179.0	8083	18	15	10611	21	59	1476	15
179.0	7481	11	9	10612	13	1573	1312	14
179.0	8033	6	8	10613	4	1499	1449	13
179.0	8287	12	10	10614	11	716	1857	10
179.0	9612	26	31	10615	20	120	1644	11
179.0	7545	17	16	10616	17	353	1176	13
179.0	8357	33	32	10617	31	1678	275	12
179.0	7562	26	26	10618	25	1670	836	10
179.0	8100	14	16	10619	11	1416	1567	10
179.0	7269	22	23	10620	20	102	564	12
179.0	7655	11	9	10621	12	1656	1242	20
179.0	8395	32	29	10622	32	1210	595	13
179.0	8749	21	18	10623	24	1109	50	10
179.0	7784	4	6	10624	2	872	563	13
179.0	7884	27	23	10625	29	381	1999	13
179.0	7755	23	26	10626	20	657	1190	13
179.0	8834	27	29	10627	24	1881	1610	13
179.0	9374	23	27	10628	19	1608	879	18
179.0	6907	37	43	10629	26	30	1574	13
179.0	7797	17	20	10630	14	802	460	14
179.0	8476	48	47	10631	48	80	1370	11
179.0	8165	15	10	10632	19	1909	1401	13
179.0	7257	20	21	10633	17	1954	1132	10
179.0	8141	12	10	10634	10	1370	1101	11
179.0	8763	10	8	10635	11	1398	524	11
179.0	10146	16	13	10636	18	1158	1692	14
179.0	8379	33	30	10637	34	1914	1001	24
179.0	7011	9	11	10638	7	853	1289	16
179.0	8761	27	18	10639	30	1457	1952	14
179.0	8078	9	11	10640	6	1921	685	15
179.0	8132	19	22	10641	16	70	1434	16
179.0	7854	28	19	10642	35	117	1250	9
179.0	7505	14	11	10643	17	769	1806	10
179.0	8323	31	36	10644	25	1578	103	13
179.0	7536	28	29	10645	25	1999	324	18
179.0	8612	46	45	10646	45	618	1032	19
179.0	8307	12	12	10647	11	405	1092	14
179.0	7748	22	23	10648	20	902	311	13
179.0	7060	31	34	10649	28	1450	929	17
179.0	7882	16	17	10650	14	1111	1298	11
179.0	7275	19	14	10651	23	1531	971	14
179.0	9117	32	32	10652	32	32	1356	13
179.0	7384	44	44	10653	43	389	0	11
179.0	8091	19	20	10654	18	843	1259	17
179.0	8693	23	21	10655	25	1277	1080	12
179.0	7788	16	16	10656	16	1294	1501	11
179.0	8263	22	25	10657	19	1999	1924	11
179.0	8355	23	27	10658	18	1569	929	14
179.0	7678	23	23	10659	23	1613	624	13
179.0	8169	6	7	10660	4	1192	412	14
179.0	7256	44	36	10661	50	830	1001	14
179.0	7119	22	22	10662	22	1982	1329	13
179.0	8201	20	18	10663	21	223	1411	11
179.0	9763	11	12	10664	10	1042	541	14
179.0	9846	11	13	10665	9	1967	726	12
179.0	7799	14	11	10666	17	485	1886	15
179.0	7686	9	5	10667	12	579	1922	13
179.0	8081	14	11	10668	17	1199	1359	13
179.0	7076	23	18	10669	26	1837	1560	14
179.0	8566	6	4	10670	7	1050	615	13
179.0	6879	11	15	10671	7	795	1699	11
179.0	7766	12	11	10672	12	659	1151	12
179.0	9309	49	46	10673	52	1523	889	14
179.0	7629	29	32	10674	25	1332	71	15
179.0	6986	36	35	10675	35	1840	61	15
179.0	7622	10	11	10676	7	1966	1550	15
179.0	9135	25	29	10677	19	1097	91	12
179.0	7039	6	5	10678	7	1762	1087	10
179.0	8317	15	21	10679	9	342	1734	13
179.0	7845	18	16	10680	19	777	1251	11
179.0	7217	10	7	10681	13	1986	693	12
179.0	7560	12	16	10682	8	1699	1194	12
179.0	8367	16	14	10683	17	606	1791	12
179.0	7732	29	32	10684	26	1953	1638	16
179.0	8199	20	20	10685	18	1389	586	13
179.0	7037	24	28	10686	20	900	641	12
179.0	7144	16	23	10687	9	1924	1847	9
179.0	7135	19	23	10688	13	1477	723	15
180.0	7955	10	8	10689	12	1899	1623	16
180.0	7597	14	21	10690	7	1424	901	20
180.0	7182	39	34	10691	43	35	47	12
180.0	8325	13	15	10692	11	530	882	13
180.0	9165	10	8	10693	11	1358	1688	15
180.0	7699	23	24	10694	21	1779	871	17
180.0	7125	12	13	10695	10	538	548	15
180.0	8670	9	10	10696	8	1072	1430	11
180.0	7705	13	13	10697	13	648	159	12
180.0	9183	10	6	10698	13	1800	1435	12
180.0	7901	34	33	10699	33	187	1423	11
180.0	7348	22	21	10700	23	1075	1473	11
180.0	7811	15	14	10701	14	512	1899	12
180.0	7996	2	2	10702	2	841	1675	12
180.0	7055	24	23	10703	25	1702	1100	13
180.0	9434	22	19	10704	24	1091	1362	15
180.0	7907	26	26	10705	24	1953	1491	14
180.0	7721	42	31	10706	47	1960	213	14
180.0	8316	8	7	10707	8	1754	970	13
180.0	7850	23	21	10708	22	1887	1436	17
180.0	8934	22	22	10709	22	1909	803	14
180.0	7683	18	24	10710	10	1353	1423	10
180.0	8505	7	9	10711	5	1729	1385	13
180.0	7701	6	10	10712	2	1329	1674	15
180.0	8525	13	12	10713	13	1726	1496	12
180.0	8393	18	17	10714	17	850	491	14
180.0	7779	9	9	10715	9	1325	278	11
180.0	8724	21	16	10716	24	1712	1132	14
180.0	8962	10	9	10717	10	754	1681	11
180.0	7801	24	25	10718	21	587	584	15
180.0	7891	11	15	10719	6	1897	1306	12
180.0	7063	8	8	10720	8	1170	1638	13
180.0	7686	5	6	10721	4	579	1922	14
180.0	7824	4	3	10722	5	1741	742	13
180.0	8020	20	17	10723	22	1930	104	12
180.0	9750	7	8	10724	5	597	857	14
180.0	9763	12	16	10725	7	1042	541	15
180.0	9054	5	6	10726	4	1333	1630	13
180.0	8240	9	12	10727	6	1028	1586	11
180.0	8185	29	25	10728	30	1637	1778	15
180.0	8773	15	14	10729	15	999	544	16
180.0	6994	4	2	10730	6	709	1402	10
180.0	8520	20	19	10731	21	1921	1951	15
180.0	7180	22	26	10732	16	1843	0	16
180.0	7844	10	12	10733	8	1894	619	14
180.0	7470	32	37	10734	25	557	1071	10
180.0	6904	13	11	10735	15	1220	1722	12
180.0	8675	13	16	10736	9	1122	405	15
180.0	8763	8	4	10737	12	1398	524	12
180.0	8612	45	36	10738	53	618	1032	20
180.0	8694	25	24	10739	25	509	278	13
180.0	7032	16	14	10740	17	1811	1297	14
180.0	8854	14	10	10741	18	1940	323	17
180.0	8401	15	15	10742	15	788	386	15
180.0	7152	30	34	10743	26	1736	668	11
180.0	8145	27	30	10744	23	952	114	12
180.0	8730	15	17	10745	13	650	1250	12
180.0	10129	7	9	10746	5	1781	841	13
180.0	7921	8	8	10747	8	621	1695	10
180.0	7468	47	36	10748	56	1843	716	14
180.0	7315	7	5	10749	9	1958	323	14
180.0	7499	14	15	10750	13	1144	15	14
180.0	7917	18	18	10751	18	1902	1473	13
180.0	7000	22	21	10752	21	382	1218	21
180.0	8079	1	2	10753	0	569	794	14
180.0	9795	19	18	10754	20	651	573	13
180.0	8647	12	11	10755	13	1661	750	12
180.0	7073	22	17	10756	26	509	160	14
180.0	7431	18	17	10757	18	864	1613	13
180.0	7942	10	8	10758	12	1513	1602	11
180.0	7678	23	16	10759	30	1613	624	14
180.0	7953	36	28	10760	44	1889	1231	19
180.0	8956	22	24	10761	19	1015	1852	12
180.0	7674	15	12	10762	18	799	436	13
180.0	7964	20	22	10763	15	727	563	12
180.0	8096	32	28	10764	36	590	1419	10
180.0	8093	35	33	10765	36	1372	118	18
180.0	10210	2	1	10766	2	631	850	13
180.0	7208	16	21	10767	9	741	263	11
180.0	6894	13	10	10768	14	1779	608	16
180.0	7781	19	16	10769	22	1601	745	13
180.0	7639	14	13	10770	15	1840	1448	15
180.0	8277	12	12	10771	12	1191	1710	11
180.0	9018	27	28	10772	25	1646	517	11
180.0	8380	7	10	10773	4	1812	657	16
180.0	7873	8	9	10774	7	1274	1340	10
180.0	8655	20	20	10775	20	912	1410	10
180.0	9726	19	20	10776	18	1845	234	13
180.0	8761	18	12	10777	22	1457	1952	15
180.0	7766	11	8	10778	13	659	1151	13
180.0	8390	26	26	10779	24	1498	615	7
180.0	7478	6	7	10780	5	741	1062	11
180.0	7655	9	9	10781	9	1656	1242	21
180.0	10246	9	10	10782	8	1157	401	17
180.0	8328	26	24	10783	26	238	714	10
180.0	8808	13	8	10784	15	638	478	10
180.0	8722	15	18	10785	12	1091	1342	14
180.0	7185	26	25	10786	24	1855	1999	14
180.0	8261	32	34	10787	28	1456	1448	15
180.0	8226	16	20	10788	12	988	1999	12
180.0	9678	31	33	10789	26	113	1356	14
180.0	9668	20	17	10790	23	1615	759	13
180.0	8754	9	7	10791	10	794	1462	10
180.0	7218	11	13	10792	8	1967	1241	13
180.0	8321	14	13	10793	15	420	414	13
180.0	9002	41	45	10794	34	185	1062	20
180.0	7626	4	4	10795	4	1119	579	14
180.0	9369	15	14	10796	16	930	1298	15
181.0	8607	12	12	10797	12	1273	61	12
181.0	8316	7	9	10798	5	1754	970	14
181.0	7837	19	15	10799	21	862	1310	14
181.0	7835	18	19	10800	16	345	948	13
181.0	8969	5	7	10801	3	931	1704	12
181.0	8570	17	20	10802	14	1652	1144	10
181.0	7733	20	20	10803	20	326	356	12
181.0	8047	13	12	10804	12	828	1349	10
181.0	9035	26	30	10805	19	1414	680	10
181.0	8079	2	0	10806	4	569	794	15
181.0	7343	13	16	10807	10	1859	1401	14
181.0	8260	15	14	10808	15	1034	83	8
181.0	6972	27	25	10809	27	76	1338	15
181.0	8704	16	15	10810	15	1244	368	14
181.0	10235	22	20	10811	24	1728	1209	12
181.0	8724	16	20	10812	11	1712	1132	15
181.0	8391	31	28	10813	31	1548	1402	14
181.0	8757	19	20	10814	18	532	1221	20
181.0	10146	13	15	10815	11	1158	1692	15
181.0	9255	8	8	10816	8	1681	1256	19
181.0	7475	14	15	10817	12	1413	657	10
181.0	7432	19	25	10818	10	927	609	9
181.0	10130	25	25	10819	23	1565	832	12
181.0	7705	13	13	10820	12	648	159	13
181.0	7767	21	22	10821	17	1809	869	13
181.0	8344	21	20	10822	20	1510	577	10
181.0	7781	16	23	10823	8	1601	745	14
181.0	7667	17	23	10824	11	1547	1219	16
181.0	8707	8	11	10825	5	1388	1140	13
181.0	9018	28	25	10826	29	1646	517	12
181.0	8035	9	11	10827	7	1946	1246	11
181.0	8643	9	10	10828	6	1153	508	13
181.0	8963	5	3	10829	6	1072	424	15
181.0	7163	38	35	10830	39	1769	392	13
181.0	7501	21	25	10831	17	919	551	11
181.0	7327	28	25	10832	30	1868	40	13
181.0	8133	8	4	10833	12	838	1462	11
181.0	9795	18	17	10834	19	651	573	14
181.0	8761	12	14	10835	10	1457	1952	16
181.0	7248	16	15	10836	16	1060	1251	15
181.0	6919	4	3	10837	5	1028	1512	10
181.0	7470	37	35	10838	38	557	1071	11
181.0	7886	6	4	10839	8	758	669	15
181.0	7406	7	7	10840	7	688	1322	12
181.0	9279	5	4	10841	6	1340	688	13
181.0	7390	9	6	10842	11	339	1154	12
181.0	7866	38	35	10843	39	1380	27	12
181.0	8410	32	38	10844	24	1999	1706	14
181.0	8223	24	30	10845	16	908	224	8
181.0	7688	21	25	10846	15	1865	549	13
181.0	7938	8	10	10847	6	1701	1362	13
181.0	8117	31	28	10848	32	1244	1449	14
181.0	8051	9	9	10849	9	1759	459	11
181.0	7942	8	7	10850	9	1513	1602	12
181.0	8185	25	23	10851	25	1637	1778	16
181.0	9435	33	30	10852	36	1918	59	17
181.0	7779	9	9	10853	9	1325	278	12
181.0	9067	20	15	10854	24	829	1296	14
181.0	8128	19	23	10855	15	134	1020	10
181.0	8093	33	30	10856	34	1372	118	19
181.0	7499	15	19	10857	11	1144	15	15
181.0	6887	16	18	10858	12	1169	1664	14
181.0	7689	35	31	10859	35	1999	1587	14
181.0	7185	25	25	10860	24	1855	1999	15
181.0	7074	11	12	10861	9	1160	1559	12
181.0	7696	4	2	10862	6	1667	1131	12
181.0	9522	13	13	10863	12	1609	713	12
181.0	8393	17	19	10864	15	850	491	15
181.0	8592	13	12	10865	14	1040	1762	11
181.0	6869	5	7	10866	3	1480	938	16
181.0	7972	10	6	10867	13	1564	613	12
181.0	8705	18	20	10868	16	1565	1663	12
181.0	9254	47	45	10869	47	930	587	15
181.0	8221	32	34	10870	30	1355	1750	12
181.0	7337	8	7	10871	9	1610	1216	16
181.0	8159	24	25	10872	21	1853	909	18
181.0	7620	11	9	10873	13	926	460	13
181.0	7964	22	22	10874	22	727	563	13
181.0	7797	20	21	10875	19	802	460	15
181.0	7444	22	21	10876	22	791	504	15
181.0	8113	17	16	10877	18	1386	1658	11
181.0	7243	19	17	10878	19	1247	1868	12
181.0	7585	15	13	10879	16	1982	677	12
181.0	8077	11	12	10880	10	1686	991	10
181.0	7877	30	26	10881	32	1441	710	13
181.0	8373	30	34	10882	23	261	1599	15
181.0	7000	21	20	10883	22	382	1218	22
181.0	8675	16	12	10884	18	1122	405	16
181.0	8847	15	19	10885	10	750	1180	13
181.0	7118	23	23	10886	21	1381	1624	12
181.0	7713	5	4	10887	6	1907	703	14
181.0	10525	4	5	10888	3	1072	404	17
181.0	8591	48	45	10889	50	1950	1161	14
181.0	10519	23	24	10890	22	1584	1031	14
181.0	7175	14	18	10891	10	1823	320	14
181.0	7393	27	18	10892	33	1943	1862	10
181.0	7546	18	17	10893	19	1579	1537	13
181.0	9111	23	24	10894	19	1133	1771	9
181.0	7378	33	35	10895	31	676	1978	13
181.0	9462	18	14	10896	22	940	297	8
181.0	7577	1	0	10897	1	1469	1063	14
181.0	7032	14	14	10898	13	1811	1297	15
181.0	8655	20	19	10899	18	912	1410	11
181.0	7718	32	33	10900	30	1801	443	17
181.0	9189	7	8	10901	6	1649	170	13
181.0	7106	18	12	10902	24	1018	1665	18
181.0	10033	32	26	10903	37	1571	1068	13
181.0	8741	18	17	10904	19	582	1333	15
181.0	7379	12	12	10905	11	1199	484	13
181.0	8817	14	10	10906	18	776	1280	12
181.0	7631	35	27	10907	42	1976	1676	14
181.0	8740	26	23	10908	28	45	1687	13
181.0	9064	14	8	10909	19	1318	1309	8
181.0	8964	17	17	10910	16	1384	468	10
181.0	7315	5	6	10911	2	1958	323	15
181.0	7080	14	15	10912	13	842	1158	11
181.0	10058	13	14	10913	12	426	964	10
181.0	9193	18	17	10914	13	1729	1258	18
181.0	6952	37	34	10915	40	1875	466	16
181.0	7655	9	10	10916	8	1643	1229	22
181.0	8824	28	27	10917	28	1942	166	18
181.0	8946	16	13	10918	18	69	1097	12
181.0	8198	7	6	10919	8	1248	1635	16
181.0	7468	36	38	10920	34	1843	716	15
181.0	8222	6	7	10921	4	1260	704	8
181.0	8464	5	6	10922	4	1780	1465	13
181.0	8124	23	19	10923	25	1359	280	14
181.0	10285	18	21	10924	14	1569	987	13
181.0	6885	15	12	10925	16	1999	611	11
181.0	8315	21	22	10926	19	1602	1891	14
181.0	7891	15	21	10927	8	1897	1306	13
181.0	8651	21	30	10928	11	1810	938	19
181.0	7335	28	22	10929	32	1610	1076	11
181.0	7200	15	16	10930	12	1831	1688	12
181.0	8897	6	5	10931	7	882	518	13
181.0	8482	8	6	10932	10	1322	540	7
181.0	8720	33	32	10933	33	1887	1019	17
181.0	8494	33	37	10934	28	0	1350	16
181.0	7426	29	23	10935	33	948	582	15
181.0	7839	26	27	10936	24	590	1672	11
181.0	7438	11	13	10937	8	1927	1047	14
181.0	9258	48	48	10938	46	1894	402	16
181.0	8247	31	29	10939	31	1985	27	18
182.0	7824	3	1	10940	5	1741	742	14
182.0	8640	42	42	10941	41	419	14	11
182.0	8241	22	25	10942	19	1728	1324	15
182.0	8655	19	18	10943	20	912	1410	12
182.0	7981	33	39	10944	26	1394	1961	11
182.0	8425	33	34	10945	31	1808	697	15
182.0	7877	26	27	10946	22	1441	710	14
182.0	8517	27	32	10947	21	1893	1683	11
182.0	8631	11	10	10948	12	1923	787	11
182.0	9144	22	18	10949	25	1632	1680	13
182.0	7445	11	7	10950	15	504	991	9
182.0	9193	17	16	10951	18	1729	1258	19
182.0	7246	16	16	10952	15	1095	1926	13
182.0	8609	23	20	10953	26	1914	1709	15
182.0	8166	18	17	10954	18	1676	780	12
182.0	8674	13	10	10955	15	1866	1243	10
182.0	9773	31	26	10956	35	180	1452	15
182.0	7343	16	13	10957	19	1859	1401	15
182.0	7657	8	8	10958	8	1420	1483	13
182.0	8255	6	6	10959	5	421	784	12
182.0	7031	21	17	10960	23	16	931	13
182.0	7781	23	26	10961	19	1573	717	15
182.0	8164	20	25	10962	12	1903	841	12
182.0	8022	15	14	10963	13	1818	395	13
182.0	7221	7	6	10964	8	1518	691	14
182.0	9064	8	10	10965	6	1318	1309	9
182.0	8921	27	23	10966	30	1074	1618	11
182.0	9072	20	19	10967	21	1881	658	11
182.0	7248	15	17	10968	13	1060	1251	16
182.0	7243	17	17	10969	15	1247	1868	13
182.0	9879	35	28	10970	41	1652	702	14
182.0	8154	9	7	10971	11	1962	743	14
182.0	8998	27	28	10972	23	1933	269	11
182.0	8970	15	17	10973	13	1412	1299	11
182.0	8705	20	19	10974	21	1565	1663	13
182.0	9899	10	12	10975	8	1389	1019	17
182.0	7696	2	0	10976	4	1667	1131	13
182.0	8808	8	8	10977	7	638	478	11
182.0	8000	16	13	10978	19	551	1914	10
182.0	10146	15	13	10979	16	1158	1692	16
182.0	7977	21	23	10980	18	65	1356	18
182.0	7299	20	16	10981	23	1840	1606	17
182.0	7073	17	18	10982	15	509	160	15
182.0	7779	9	7	10983	9	1272	271	13
182.0	7486	15	12	10984	17	1383	1905	10
182.0	8198	6	10	10985	2	1248	1635	17
182.0	7117	9	11	10986	7	669	212	12
182.0	8309	4	5	10987	3	1513	1099	13
182.0	7163	35	33	10988	35	1769	392	14
182.0	9111	24	24	10989	23	1133	1771	10
182.0	8247	29	29	10990	29	1985	27	19
182.0	8228	15	14	10991	14	1770	977	13
182.0	8465	11	12	10992	9	1630	670	10
182.0	8039	35	39	10993	31	302	658	11
182.0	7565	12	14	10994	8	1158	599	12
182.0	7806	35	35	10995	33	1957	969	15
182.0	9258	48	53	10996	42	1894	402	17
182.0	7438	13	11	10997	15	1927	1047	15
182.0	8296	11	12	10998	9	1758	1061	10
182.0	8747	18	19	10999	16	1091	1519	8
182.0	7470	35	31	11000	38	557	1071	12
182.0	7581	5	4	11001	6	1698	131	11
182.0	7354	27	27	11002	25	1999	82	16
182.0	9231	9	11	11003	6	997	1722	12
182.0	7217	7	4	11004	10	1986	693	13
182.0	8750	12	13	11005	11	832	587	13
182.0	7772	13	9	11006	17	1458	1110	12
182.0	6971	14	14	11007	14	1863	954	12
182.0	8844	24	21	11008	25	1906	252	10
182.0	7985	20	14	11009	23	1952	1182	13
182.0	7757	14	15	11010	13	1696	1029	9
182.0	9310	13	17	11011	8	1033	1479	12
182.0	9475	7	7	11012	5	1509	1498	13
182.0	8123	9	11	11013	7	603	1900	13
182.0	8118	31	29	11014	32	1973	1419	13
182.0	8666	41	42	11015	37	1982	207	16
182.0	7671	8	6	11016	9	1566	1039	13
182.0	7473	26	30	11017	21	1971	897	13
182.0	9671	21	23	11018	19	418	1189	10
182.0	6955	24	25	11019	23	532	971	15
182.0	6967	12	10	11020	13	1583	1625	9
182.0	8596	6	5	11021	7	958	1845	11
182.0	8555	13	17	11022	8	1404	1748	8
182.0	7624	35	30	11023	35	1904	1019	17
182.0	7205	16	17	11024	15	1084	1532	8
182.0	7273	18	20	11025	15	1679	1188	11
182.0	8649	29	24	11026	34	1782	1373	12
182.0	9268	10	10	11027	9	1848	825	12
182.0	8339	9	9	11028	8	1633	354	14
182.0	8934	22	24	11029	19	1909	803	15
182.0	7891	21	22	11030	20	1897	1306	14
182.0	7295	17	16	11031	18	66	1250	11
182.0	7379	12	16	11032	7	1199	484	14
182.0	7825	25	24	11033	23	53	1170	11
182.0	7352	16	10	11034	22	592	645	14
182.0	7500	2	1	11035	2	1060	159	13
182.0	6982	3	2	11036	4	1308	1661	13
182.0	7642	24	23	11037	22	1549	1433	11
182.0	9619	1	1	11038	1	807	143	14
182.0	7032	14	12	11039	15	1826	1312	16
182.0	9379	28	24	11040	31	1516	1631	13
182.0	7477	8	9	11041	7	1757	1164	12
182.0	7776	32	33	11042	26	1923	449	13
182.0	9026	0	0	11043	0	573	730	16
182.0	7585	13	13	11044	12	1982	677	13
182.0	7440	27	28	11045	26	1069	440	11
182.0	9464	26	26	11046	25	1942	1407	15
182.0	7654	3	2	11047	3	659	363	12
182.0	7956	23	19	11048	24	1892	1972	12
182.0	7583	11	9	11049	13	1037	481	15
182.0	7908	12	13	11050	11	1400	1417	10
182.0	8194	36	36	11051	33	1411	166	13
182.0	7976	19	18	11052	19	828	1590	10
182.0	7809	10	9	11053	11	1352	526	7
182.0	8495	24	19	11054	29	555	1819	12
182.0	9852	10	10	11055	10	742	1262	11
182.0	7091	15	15	11056	14	353	1698	13
182.0	9785	36	27	11057	44	560	1221	20
182.0	10090	24	25	11058	22	1948	872	15
182.0	7250	17	18	11059	15	1231	731	9
182.0	9682	26	28	11060	24	1643	1331	14
182.0	7155	11	8	11061	14	1059	1768	10
182.0	8279	0	0	11062	0	690	611	15
182.0	7018	22	29	11063	13	1771	1854	16
182.0	9331	19	20	11064	18	612	609	14
182.0	8002	8	7	11065	9	1070	1517	12
182.0	8585	35	31	11066	36	892	557	14
182.0	7817	16	14	11067	17	966	1979	11
182.0	8344	20	21	11068	18	1510	577	11
182.0	8620	22	24	11069	19	1913	463	11
182.0	7452	29	30	11070	25	869	1430	12
182.0	10519	24	23	11071	25	1584	1031	15
182.0	7377	16	19	11072	13	1289	1570	13
182.0	8645	21	26	11073	15	1478	1358	11
182.0	7679	20	23	11074	17	1834	1330	14
182.0	7783	26	22	11075	29	163	1999	12
182.0	7507	7	7	11076	7	418	1080	14
182.0	7595	13	11	11077	14	1294	98	13
182.0	7729	13	14	11078	11	503	1731	10
182.0	9598	9	11	11079	6	1966	661	12
183.0	10116	19	15	11080	20	1452	1483	13
183.0	10017	22	14	11081	29	1633	751	9
183.0	8020	17	20	11082	14	1930	104	13
183.0	7285	8	7	11083	8	1408	1220	8
183.0	9258	53	54	11084	46	1894	402	18
183.0	7976	18	16	11085	18	828	1590	11
183.0	9244	30	32	11086	25	1418	1448	15
183.0	8966	4	2	11087	6	689	1639	10
183.0	7184	11	13	11088	9	557	1358	12
183.0	9026	0	0	11089	0	573	730	17
183.0	8214	17	20	11090	13	1902	1200	10
183.0	6982	2	1	11091	3	1308	1661	14
183.0	7534	24	25	11092	22	1144	1542	14
183.0	8551	10	11	11093	9	1699	1303	18
183.0	9591	19	18	11094	20	401	799	11
183.0	7734	12	12	11095	12	45	328	13
183.0	8344	21	23	11096	19	1510	577	12
183.0	7982	16	20	11097	11	440	932	10
183.0	7459	21	17	11098	25	1852	110	12
183.0	7810	15	17	11099	10	1716	1624	14
183.0	7246	16	13	11100	19	1095	1926	14
183.0	6946	28	27	11101	29	1730	1942	17
183.0	6955	25	22	11102	26	532	971	16
183.0	7598	11	11	11103	11	1898	860	14
183.0	8577	30	32	11104	27	1425	81	13
183.0	8372	11	9	11105	12	734	1462	10
183.0	8555	17	14	11106	19	1404	1748	9
183.0	8672	12	12	11107	12	468	1154	12
183.0	8619	13	13	11108	13	740	44	10
183.0	7031	17	20	11109	14	16	931	14
183.0	9035	30	29	11110	29	1414	680	11
183.0	8844	21	20	11111	21	1906	252	11
183.0	8970	17	17	11112	17	1412	1299	12
183.0	9442	15	12	11113	17	630	1111	11
183.0	7612	18	22	11114	13	632	0	14
183.0	7696	0	0	11115	0	1667	1131	14
183.0	8148	16	14	11116	16	213	1447	12
183.0	8621	8	6	11117	10	389	727	10
183.0	8167	12	12	11118	11	980	475	10
183.0	7896	21	27	11119	15	1930	1926	15
183.0	6866	4	2	11120	5	801	688	19
183.0	8615	13	13	11121	13	1611	997	13
183.0	9526	12	15	11122	8	1813	1181	13
183.0	7507	7	11	11123	3	418	1080	15
183.0	7679	23	21	11124	22	1834	1330	15
183.0	7287	19	17	11125	20	590	1487	12
183.0	8218	13	11	11126	13	670	419	14
183.0	9086	17	17	11127	17	972	1441	10
183.0	9530	5	7	11128	3	906	271	15
183.0	8056	14	14	11129	14	630	1060	14
183.0	7018	29	27	11130	30	1771	1854	17
183.0	8745	13	12	11131	14	1202	533	13
183.0	7466	7	8	11132	6	1281	472	12
183.0	9472	21	22	11133	19	86	895	12
183.0	9331	20	18	11134	22	612	609	15
183.0	6973	14	16	11135	11	1591	1296	16
183.0	8240	12	10	11136	14	1028	1586	12
183.0	9698	13	12	11137	13	1614	467	14
183.0	7716	4	6	11138	2	1015	220	15
183.0	7009	10	7	11139	12	442	992	12
183.0	9701	19	20	11140	17	1768	722	13
183.0	6984	16	17	11141	14	1598	676	16
183.0	7482	43	44	11142	40	1917	1590	13
183.0	10346	18	16	11143	19	1690	643	12
183.0	7681	29	31	11144	27	382	488	12
183.0	9188	8	7	11145	9	1798	782	11
183.0	7581	4	5	11146	3	1698	131	12
183.0	7891	22	21	11147	22	1897	1306	15
183.0	7250	18	23	11148	13	1231	731	10
183.0	9278	15	16	11149	14	1917	1894	14
183.0	9728	42	43	11150	40	1958	166	18
183.0	7996	2	3	11151	1	841	1695	13
183.0	7775	18	14	11152	22	1154	1819	16
183.0	8554	19	17	11153	20	1400	1310	11
183.0	7918	7	8	11154	6	1272	1499	11
183.0	8067	9	8	11155	10	1690	964	12
183.0	9056	49	51	11156	45	1708	775	13
183.0	9171	31	29	11157	32	1407	208	9
183.0	7186	15	15	11158	14	1999	48	13
183.0	7630	19	21	11159	15	274	1796	10
183.0	8169	7	6	11160	8	1192	412	15
183.0	8603	5	5	11161	4	659	992	14
183.0	7879	25	23	11162	27	1294	1737	11
183.0	7171	21	22	11163	19	1989	1002	14
183.0	8919	17	15	11164	18	811	566	9
183.0	8339	9	7	11165	10	1579	338	15
183.0	8816	7	7	11166	6	1931	506	13
183.0	7038	27	19	11167	32	98	1000	13
183.0	7493	18	18	11168	16	1446	1500	10
183.0	7155	8	8	11169	8	1059	1768	11
183.0	8912	24	29	11170	18	1288	1417	15
183.0	7335	22	16	11171	27	1610	1093	12
183.0	8572	26	31	11172	19	822	1888	15
183.0	8587	25	22	11173	27	992	50	13
183.0	9147	21	23	11174	19	1519	1276	15
183.0	8649	24	29	11175	18	1782	1373	13
183.0	9251	24	23	11176	24	1788	1505	13
183.0	7926	16	12	11177	20	1606	1531	12
183.0	8518	7	5	11178	8	1933	1486	15
183.0	7321	19	15	11179	20	1652	1610	9
183.0	7821	4	4	11180	4	707	341	14
183.0	9827	40	41	11181	38	1734	857	14
183.0	10509	21	18	11182	24	1711	1594	11
183.0	7270	0	0	11183	0	1570	1171	13
183.0	8610	18	17	11184	19	748	475	15
183.0	7487	26	21	11185	31	1401	1435	16
183.0	7662	16	15	11186	17	1590	879	19
183.0	8293	38	41	11187	33	1976	1085	23
183.0	7977	23	25	11188	19	65	1356	19
183.0	8927	18	20	11189	16	418	1205	14
183.0	8194	36	36	11190	36	1411	166	14
183.0	8737	2	4	11191	0	1070	640	15
183.0	7506	34	31	11192	35	1850	1392	11
183.0	7067	18	13	11193	21	1429	103	15
183.0	8557	9	6	11194	12	928	1619	10
183.0	9064	10	12	11195	8	1318	1309	10
183.0	7640	14	17	11196	10	1788	628	12
183.0	9986	30	29	11197	31	1132	1451	17
183.0	7070	23	21	11198	24	730	1123	11
183.0	7656	14	13	11199	14	1765	758	14
183.0	7240	8	9	11200	7	561	943	14
183.0	8640	42	37	11201	44	606	69	12
183.0	8166	17	14	11202	20	1676	780	13
183.0	6999	17	18	11203	16	1419	990	16
183.0	9426	15	14	11204	15	150	847	13
183.0	8732	24	28	11205	20	1011	1450	12
183.0	7157	9	8	11206	10	1254	1592	13
183.0	8492	21	20	11207	20	542	604	11
183.0	8679	2	1	11208	2	1002	1532	10
183.0	7585	13	13	11209	11	1982	677	14
183.0	8443	14	19	11210	9	1870	345	15
183.0	8842	12	13	11211	11	1454	201	10
183.0	8651	30	30	11212	29	1810	938	20
183.0	9449	30	34	11213	24	712	543	14
183.0	7470	31	29	11214	32	557	1071	13
183.0	8001	45	46	11215	40	1653	888	14
183.0	8922	25	28	11216	22	1665	658	14
183.0	7774	17	20	11217	14	330	1600	15
183.0	8371	12	11	11218	12	1059	1568	11
183.0	8544	6	7	11219	5	648	857	16
183.0	7712	10	10	11220	10	900	395	11
183.0	8447	25	31	11221	17	1623	809	8
183.0	8766	23	23	11222	23	354	699	11
183.0	7454	4	1	11223	7	1310	1542	11
183.0	7669	5	6	11224	4	1379	1617	13
184.0	7594	11	15	11225	7	761	1852	12
184.0	8921	23	21	11226	23	1074	1638	12
184.0	7094	10	11	11227	8	1117	1673	12
184.0	7529	18	14	11228	21	1889	1266	11
184.0	7493	18	19	11229	16	1446	1500	11
184.0	7126	49	50	11230	44	1631	888	16
184.0	9640	14	18	11231	10	1031	1331	14
184.0	7182	34	33	11232	35	35	47	13
184.0	8742	10	11	11233	8	1702	1638	14
184.0	8163	10	7	11234	11	1587	1218	15
184.0	7306	23	22	11235	23	1637	1625	8
184.0	8966	2	1	11236	3	689	1639	11
184.0	9835	23	20	11237	23	1875	447	14
184.0	8524	11	8	11238	14	504	1052	13
184.0	7143	17	10	11239	21	1768	738	12
184.0	7579	28	29	11240	26	262	858	10
184.0	7362	5	5	11241	5	1289	499	11
184.0	9435	30	22	11242	37	1918	59	18
184.0	7353	15	12	11243	17	701	1207	11
184.0	10429	32	25	11244	38	800	1273	16
184.0	7907	26	27	11245	24	1953	1491	15
184.0	8443	19	27	11246	11	1870	345	16
184.0	8087	33	36	11247	28	1261	1428	16
184.0	8179	35	26	11248	41	667	1059	19
184.0	7321	15	12	11249	17	1667	1595	10
184.0	9388	22	22	11250	21	1540	751	13
184.0	7863	17	16	11251	18	1000	631	15
184.0	7896	27	27	11252	27	1930	1926	16
184.0	6958	10	10	11253	9	910	1300	13
184.0	9205	24	23	11254	21	1999	1387	14
184.0	8177	8	5	11255	11	1240	522	10
184.0	9060	33	36	11256	30	1662	1104	9
184.0	8468	12	14	11257	8	1775	808	14
184.0	9278	16	19	11258	12	1917	1894	15
184.0	10116	15	21	11259	8	1452	1483	14
184.0	7246	13	7	11260	19	1095	1926	15
184.0	7221	6	6	11261	6	1518	691	15
184.0	7444	21	19	11262	22	776	489	16
184.0	7497	30	28	11263	31	1639	825	12
184.0	9010	15	13	11264	16	1791	1335	17
184.0	8157	24	27	11265	20	664	539	11
184.0	9785	27	26	11266	24	560	1221	21
184.0	8751	38	43	11267	30	262	575	11
184.0	6927	18	15	11268	21	488	210	13
184.0	8371	11	8	11269	13	1059	1568	12
184.0	10147	13	15	11270	10	1456	1300	12
184.0	6903	14	11	11271	17	1999	1437	18
184.0	8900	37	37	11272	34	472	934	12
184.0	8293	41	43	11273	38	1976	1085	24
184.0	7503	9	4	11274	14	1297	1683	10
184.0	8659	31	36	11275	25	576	1242	13
184.0	8254	8	7	11276	9	1613	1061	15
184.0	7071	21	17	11277	25	22	1053	16
184.0	8809	17	14	11278	19	157	1179	15
184.0	8877	15	14	11279	16	368	755	8
184.0	9281	22	17	11280	25	1964	1534	15
184.0	9244	32	31	11281	29	1418	1448	16
184.0	7287	17	18	11282	14	590	1487	13
184.0	8439	8	9	11283	7	1999	920	13
184.0	7716	6	3	11284	9	1015	220	16
184.0	7668	40	39	11285	40	1559	1056	13
184.0	7000	20	15	11286	24	382	1218	23
184.0	6882	19	15	11287	22	1999	1541	17
184.0	7953	28	25	11288	31	1889	1231	20
184.0	8285	14	10	11289	18	1648	1649	11
184.0	9680	56	56	11290	44	1940	1106	22
184.0	8446	27	22	11291	31	1552	1183	17
184.0	8575	10	13	11292	6	1028	283	10
184.0	7650	18	16	11293	20	1173	1572	11
184.0	8169	6	4	11294	7	1192	412	16
184.0	10017	14	13	11295	12	1633	751	10
184.0	8360	39	34	11296	41	1484	1744	12
184.0	7257	21	26	11297	15	1954	1132	11
184.0	9085	45	44	11298	43	1002	144	20
184.0	7948	26	24	11299	26	1886	948	16
184.0	9566	24	24	11300	22	1683	1336	17
184.0	8367	14	9	11301	19	606	1791	13
184.0	8796	11	13	11302	8	1182	1510	11
184.0	8451	23	24	11303	21	1034	1971	16
184.0	10423	34	27	11304	40	1614	971	15
184.0	8409	6	2	11305	10	951	443	11
184.0	9076	16	10	11306	19	583	960	13
184.0	7741	15	12	11307	16	1620	1888	11
184.0	8001	46	44	11308	47	1653	888	15
184.0	9318	1	2	11309	0	623	363	12
184.0	8572	31	26	11310	34	822	1888	16
184.0	9364	26	27	11311	24	1474	1448	15
184.0	6887	18	14	11312	22	1169	1664	15
184.0	9265	10	8	11313	12	660	878	12
184.0	9773	26	20	11314	29	180	1452	16
184.0	8493	39	42	11315	36	173	434	11
184.0	6962	28	27	11316	28	1497	1999	13
184.0	9285	27	34	11317	18	796	362	14
184.0	7701	10	11	11318	8	1348	1674	16
184.0	9058	19	21	11319	17	1766	1242	15
184.0	6942	1	1	11320	1	908	51	15
184.0	7106	12	10	11321	14	1018	1665	19
184.0	7647	24	20	11322	26	1627	1413	13
184.0	9091	13	12	11323	14	1977	1493	19
184.0	7828	19	19	11324	17	561	960	14
184.0	9224	39	40	11325	36	1651	1093	10
184.0	7490	14	18	11326	9	660	846	13
184.0	11205	20	26	11327	12	1027	1450	13
184.0	8103	15	15	11328	14	486	961	10
184.0	9309	46	37	11329	53	1523	889	15
184.0	7969	3	3	11330	3	1940	592	14
184.0	8987	12	13	11331	10	1811	678	18
184.0	9510	29	29	11332	29	726	489	12
184.0	8867	26	15	11333	35	1689	1594	11
184.0	7920	25	22	11334	28	38	1389	14
184.0	9811	24	29	11335	18	1883	86	13
184.0	8531	13	8	11336	17	1999	1727	17
184.0	7156	6	5	11337	6	600	809	13
184.0	8649	29	28	11338	29	1782	1373	14
184.0	6872	14	16	11339	12	1999	872	14
184.0	6920	23	21	11340	25	1961	1032	15
184.0	7278	23	20	11341	26	1478	880	17
184.0	7891	21	19	11342	22	1897	1306	16
184.0	9701	20	13	11343	26	1768	722	14
184.0	8621	6	5	11344	7	389	727	11
184.0	9847	17	18	11345	16	913	472	14
184.0	9271	2	4	11346	0	432	894	14
184.0	7009	7	6	11347	8	442	992	13
184.0	7161	11	8	11348	14	1876	737	16
184.0	9171	29	31	11349	27	1389	208	10
184.0	7124	16	18	11350	14	1808	1427	15
184.0	8529	18	23	11351	12	649	1303	12
184.0	10096	11	11	11352	10	1668	1321	18
184.0	8582	23	26	11353	18	1864	1648	11
184.0	7373	21	21	11354	21	1771	1497	13
184.0	7119	22	25	11355	18	1982	1329	14
184.0	10083	9	13	11356	5	707	298	16
184.0	9004	12	11	11357	12	634	1371	9
184.0	8013	31	35	11358	27	669	1376	15
184.0	10061	9	9	11359	8	1148	444	15
184.0	9419	16	19	11360	12	411	1124	13
184.0	7909	15	8	11361	21	1754	1022	16
184.0	7827	15	14	11362	14	1611	1270	15
184.0	8043	18	15	11363	21	1962	1387	13
185.0	10116	21	23	11364	18	1452	1483	15
185.0	9920	20	24	11365	12	13	1203	12
185.0	9133	18	22	11366	13	1953	1717	14
185.0	6944	29	29	11367	29	1767	1411	14
185.0	7168	6	7	11368	5	1069	280	10
185.0	7991	17	15	11369	18	1921	1520	16
185.0	7493	19	17	11370	20	1446	1500	12
185.0	8945	15	18	11371	12	1808	1244	13
185.0	10185	28	25	11372	29	459	1157	18
185.0	8467	16	19	11373	13	1587	146	14
185.0	10175	22	20	11374	24	1825	998	14
185.0	8365	20	27	11375	13	465	981	11
185.0	9076	10	10	11376	9	583	960	14
185.0	6982	1	1	11377	0	1308	1661	15
185.0	9715	5	6	11378	4	811	514	16
185.0	8398	4	2	11379	6	641	822	13
185.0	8488	10	12	11380	7	1213	1649	12
185.0	7941	16	16	11381	16	764	1429	10
185.0	8258	22	24	11382	19	1925	629	15
185.0	9652	12	13	11383	11	1704	679	13
185.0	6892	23	24	11384	22	306	69	12
185.0	9471	22	23	11385	20	1837	1478	12
185.0	9021	11	11	11386	11	1276	590	8
185.0	8817	10	9	11387	10	776	1280	13
185.0	9462	14	10	11388	18	982	349	9
185.0	9400	15	15	11389	13	931	1576	12
185.0	9117	32	31	11390	32	46	1356	14
185.0	7106	10	9	11391	10	1018	1665	20
185.0	6948	22	25	11392	19	1450	242	15
185.0	8948	21	13	11393	28	1790	1091	13
185.0	10423	27	30	11394	22	1614	971	16
185.0	10304	25	26	11395	23	466	1572	15
185.0	8145	30	35	11396	23	1080	139	13
185.0	9808	5	5	11397	4	439	816	14
185.0	7819	16	11	11398	20	1727	1086	9
185.0	7984	16	15	11399	16	1925	698	11
185.0	10131	10	8	11400	11	1938	529	14
185.0	9254	45	46	11401	41	930	587	16
185.0	7008	22	23	11402	20	476	1157	18
185.0	7476	25	27	11403	21	1448	1711	10
185.0	7599	25	27	11404	21	1913	1375	16
185.0	8169	4	4	11405	4	1192	412	17
185.0	8192	12	13	11406	11	1850	944	13
185.0	7862	15	16	11407	14	748	1436	9
185.0	9522	13	12	11408	14	1595	699	13
185.0	8093	30	23	11409	35	1372	118	20
185.0	7837	15	12	11410	17	862	1310	15
185.0	6877	20	24	11411	15	1688	408	12
185.0	7315	6	6	11412	6	1958	323	16
185.0	11224	4	4	11413	4	1379	1600	14
185.0	8684	29	28	11414	29	1657	1501	10
185.0	10470	39	39	11415	37	1581	72	10
185.0	9473	21	19	11416	21	1670	1559	12
185.0	8789	9	11	11417	7	1939	790	12
185.0	8820	2	2	11418	2	802	673	18
185.0	8087	36	26	11419	46	1261	1428	17
185.0	8180	37	38	11420	36	1920	1137	19
185.0	8720	32	33	11421	30	1857	1006	18
185.0	8573	47	39	11422	55	1863	884	19
185.0	8442	13	7	11423	18	972	1604	10
185.0	7186	15	18	11424	12	1999	48	14
185.0	6881	12	9	11425	14	542	1985	15
185.0	7101	13	11	11426	14	1845	1545	14
185.0	7503	4	4	11427	4	1297	1683	11
185.0	7904	20	20	11428	19	526	651	16
185.0	9147	23	27	11429	17	1519	1276	16
185.0	8791	10	12	11430	8	504	1500	11
185.0	11205	26	26	11431	24	1027	1450	14
185.0	9449	34	34	11432	32	712	543	15
185.0	7546	17	18	11433	15	1579	1537	14
185.0	8186	5	5	11434	5	625	41	11
185.0	7850	21	20	11435	22	1868	1463	18
185.0	8368	20	19	11436	20	1409	1614	11
185.0	8526	15	16	11437	14	150	1237	15
185.0	8867	15	13	11438	16	1689	1594	12
185.0	9838	6	8	11439	4	1088	350	15
185.0	7804	9	8	11440	10	1836	195	15
185.0	8391	28	26	11441	30	1548	1402	15
185.0	8194	36	30	11442	37	1411	166	15
185.0	10096	11	11	11443	11	1668	1321	19
185.0	9681	34	26	11444	40	1614	1159	17
185.0	9051	29	30	11445	26	1892	1329	15
185.0	10200	8	7	11446	7	483	1039	10
185.0	9262	15	14	11447	13	1555	1279	16
185.0	9966	19	15	11448	23	1217	1945	12
185.0	8633	19	19	11449	18	1697	1519	14
185.0	9118	23	27	11450	19	1065	17	12
185.0	8614	17	17	11451	17	1999	1667	12
185.0	9680	56	46	11452	54	1940	1106	23
185.0	9204	53	58	11453	42	1960	194	13
185.0	8700	13	13	11454	13	1756	1288	17
185.0	8543	8	9	11455	7	1028	1569	12
185.0	9352	12	17	11456	7	1921	1066	14
185.0	8305	0	0	11457	0	560	807	14
185.0	7813	4	6	11458	2	673	608	13
185.0	9018	25	22	11459	28	1646	517	13
185.0	9492	26	28	11460	20	840	54	14
185.0	7871	20	23	11461	16	1868	1960	12
185.0	8170	24	28	11462	17	728	450	12
185.0	6882	15	19	11463	10	1999	1541	18
185.0	7627	6	5	11464	7	1985	638	14
185.0	8285	10	8	11465	11	1648	1649	12
185.0	8807	10	12	11466	6	1020	439	14
185.0	7269	23	19	11467	26	102	564	13
185.0	7471	15	14	11468	16	1622	604	13
185.0	9045	11	13	11469	8	1886	974	11
185.0	7342	9	7	11470	11	1449	57	12
185.0	7236	9	12	11471	6	820	338	10
185.0	8013	35	37	11472	31	669	1376	16
185.0	6870	13	8	11473	15	899	1570	12
185.0	7731	18	18	11474	18	1867	1730	13
185.0	7793	27	24	11475	28	868	354	13
185.0	8598	17	16	11476	16	1916	1257	12
185.0	8438	24	19	11477	28	0	309	9
185.0	7721	31	31	11478	30	1960	213	15
185.0	7284	6	8	11479	4	1030	357	12
185.0	7579	29	25	11480	33	262	858	11
185.0	8837	16	11	11481	19	1869	897	12
185.0	8982	12	8	11482	16	142	1124	15
185.0	9144	18	15	11483	21	1632	1680	14
185.0	9054	6	5	11484	7	1346	1598	14
185.0	10047	20	25	11485	13	1098	1604	13
185.0	8554	17	18	11486	16	1400	1310	12
185.0	7446	15	11	11487	18	601	481	14
185.0	7792	12	14	11488	10	1009	560	13
185.0	8262	16	18	11489	14	1669	1086	12
185.0	7440	28	28	11490	25	1069	440	12
185.0	8555	14	9	11491	18	1404	1748	10
185.0	8649	28	33	11492	23	1782	1373	15
185.0	8818	15	11	11493	18	1928	408	12
185.0	9428	12	13	11494	11	1947	1045	15
185.0	7573	15	14	11495	16	600	944	13
185.0	9878	13	17	11496	9	1493	1419	12
185.0	7324	27	27	11497	27	102	1058	12
185.0	9034	23	23	11498	21	1312	572	14
185.0	9508	20	16	11499	23	1629	1307	13
185.0	10190	17	20	11500	14	991	1645	13
185.0	7667	23	25	11501	21	1547	1219	17
185.0	7195	11	16	11502	5	1015	1539	13
185.0	7795	28	20	11503	34	1941	1461	14
185.0	8001	44	41	11504	43	1653	888	16
185.0	7920	22	25	11505	18	38	1389	15
185.0	10079	32	33	11506	28	1588	1970	14
185.0	9303	15	12	11507	17	819	496	10
185.0	6938	12	13	11508	11	790	870	16
185.0	7107	22	30	11509	14	1848	1111	15
185.0	6871	20	16	11510	22	1086	42	14
185.0	9985	24	23	11511	22	1911	1663	13
185.0	8055	4	3	11512	3	946	482	15
185.0	8246	14	11	11513	17	1779	1188	12
185.0	7373	21	19	11514	22	1771	1497	14
185.0	10382	19	21	11515	17	502	541	14
185.0	9746	19	23	11516	14	1977	1315	13
186.0	8001	41	39	11517	40	1653	888	17
186.0	9657	18	17	11518	18	1747	1239	11
186.0	8997	17	12	11519	21	1858	820	12
186.0	7979	24	20	11520	25	1502	1399	12
186.0	10395	3	3	11521	2	1845	731	16
186.0	9478	18	22	11522	14	1835	519	13
186.0	8227	27	24	11523	28	1972	1097	22
186.0	7638	3	4	11524	2	920	669	13
186.0	6915	16	22	11525	9	1622	1543	13
186.0	8735	0	0	11526	0	536	759	16
186.0	10028	21	22	11527	20	474	1069	21
186.0	9147	27	32	11528	22	1519	1276	17
186.0	7397	18	16	11529	17	1911	1643	14
186.0	8994	14	14	11530	14	1832	1781	13
186.0	7440	28	35	11531	20	1069	440	13
186.0	9767	6	5	11532	4	485	758	12
186.0	9856	44	45	11533	38	1833	1963	15
186.0	9006	19	16	11534	19	1899	130	12
186.0	8270	8	9	11535	7	649	1260	11
186.0	9435	22	23	11536	19	1918	59	19
186.0	8199	20	22	11537	15	1389	586	14
186.0	7359	18	19	11538	13	1773	0	16
186.0	7740	28	27	11539	28	1826	1036	14
186.0	10224	15	16	11540	14	1250	1321	13
186.0	9094	11	11	11541	11	1721	595	15
186.0	7902	23	19	11542	26	493	1465	14
186.0	7311	15	18	11543	12	604	1311	17
186.0	7342	7	10	11544	4	1449	57	13
186.0	10273	7	2	11545	11	1777	1012	14
186.0	10904	19	17	11546	21	535	1359	16
186.0	9681	26	22	11547	30	1614	1159	18
186.0	8430	12	11	11548	12	0	1863	15
186.0	8243	9	8	11549	10	1248	468	10
186.0	8864	4	3	11550	5	1123	519	15
186.0	8646	10	11	11551	9	1972	572	14
186.0	8373	34	44	11552	23	159	1510	16
186.0	7938	10	9	11553	10	1711	1372	14
186.0	10175	20	18	11554	21	1825	998	15
186.0	10343	19	16	11555	21	1510	648	16
186.0	8634	13	7	11556	19	647	123	14
186.0	8700	13	10	11557	15	1756	1288	18
186.0	7305	30	30	11558	29	1837	926	21
186.0	9034	23	24	11559	22	1312	572	15
186.0	6984	17	20	11560	14	1598	676	17
186.0	9251	23	28	11561	16	1788	1505	14
186.0	9808	5	8	11562	1	439	816	15
186.0	7026	8	7	11563	8	1550	1157	13
186.0	8093	23	25	11564	21	1372	118	21
186.0	7558	26	20	11565	29	1843	1200	18
186.0	10060	16	17	11566	14	64	282	12
186.0	9848	39	37	11567	41	1988	1619	14
186.0	9662	11	8	11568	13	213	729	10
186.0	7297	11	11	11569	10	518	714	14
186.0	7976	16	13	11570	18	828	1590	12
186.0	8285	8	5	11571	10	1648	1649	13
186.0	8476	47	43	11572	49	322	1629	12
186.0	8842	13	10	11573	16	1454	201	11
186.0	7228	29	27	11574	31	532	735	12
186.0	8192	13	21	11575	5	1850	944	14
186.0	10264	20	25	11576	14	1038	1461	12
186.0	8545	26	25	11577	27	503	943	10
186.0	7553	17	17	11578	16	1630	1396	11
186.0	9118	27	29	11579	25	1065	17	13
186.0	7100	7	7	11580	7	1925	1240	10
186.0	7125	13	15	11581	11	512	522	16
186.0	8621	5	3	11582	7	389	727	12
186.0	8934	24	20	11583	26	1909	803	16
186.0	8771	7	8	11584	6	942	256	14
186.0	9643	21	18	11585	24	1840	30	15
186.0	7810	17	16	11586	17	1732	1640	15
186.0	9892	16	14	11587	18	1906	1473	16
186.0	6881	9	12	11588	6	542	1985	16
186.0	10748	56	52	11589	48	1814	709	15
186.0	8665	34	30	11590	37	1999	1863	15
186.0	8299	21	22	11591	19	669	1019	14
186.0	8720	33	34	11592	32	1857	1006	19
186.0	7988	17	15	11593	16	1079	1768	14
186.0	8238	15	13	11594	17	1703	1182	13
186.0	9728	43	38	11595	46	1958	150	19
186.0	8274	17	15	11596	18	1873	685	16
186.0	10581	24	20	11597	27	1695	1244	12
186.0	9293	11	11	11598	11	1916	1787	15
186.0	10151	45	37	11599	52	1900	40	16
186.0	10236	22	20	11600	21	1967	951	10
186.0	9405	23	28	11601	17	1987	952	14
186.0	7632	21	20	11602	20	629	1628	11
186.0	7315	6	4	11603	6	1958	323	17
186.0	9320	21	23	11604	18	1951	759	14
186.0	8822	8	9	11605	7	1642	1186	16
186.0	8835	23	25	11606	20	1640	67	14
186.0	7973	20	19	11607	21	1228	1510	15
186.0	8170	28	27	11608	28	728	450	13
186.0	7041	4	2	11609	6	931	504	13
186.0	8466	24	23	11610	23	1590	1452	12
186.0	8598	16	18	11611	14	1916	1257	13
186.0	7956	19	13	11612	23	1892	1972	13
186.0	7380	24	24	11613	24	921	340	13
186.0	7364	10	8	11614	12	1797	678	16
186.0	7866	35	34	11615	32	1380	27	13
186.0	8896	18	19	11616	15	1916	504	14
186.0	8382	10	10	11617	10	1441	441	10
186.0	7221	6	4	11618	8	1518	691	16
186.0	9144	15	14	11619	15	1632	1680	15
186.0	8746	26	24	11620	28	1557	1632	7
186.0	8503	24	25	11621	22	182	818	12
186.0	8534	22	21	11622	22	856	1548	10
186.0	7236	12	10	11623	11	820	338	11
186.0	9789	38	34	11624	39	859	108	10
186.0	9087	20	18	11625	22	1775	1554	13
186.0	7894	21	24	11626	17	1963	810	12
186.0	8321	13	13	11627	13	420	414	14
186.0	9310	17	18	11628	15	1020	1492	13
186.0	9682	28	27	11629	27	1643	1352	15
186.0	7599	27	28	11630	26	1913	1375	17
186.0	9117	31	30	11631	32	46	1356	15
186.0	8674	10	7	11632	12	1855	1232	11
186.0	7004	14	10	11633	16	1988	844	13
186.0	10007	24	23	11634	23	299	1678	12
186.0	8917	20	20	11635	19	532	1290	12
186.0	10208	9	9	11636	9	660	862	13
186.0	7982	20	19	11637	20	422	932	11
186.0	8194	30	30	11638	29	1411	166	16
186.0	7971	15	10	11639	20	831	1720	10
187.0	10514	18	19	11640	16	788	407	15
187.0	7506	31	27	11641	32	1850	1392	12
187.0	9412	28	33	11642	23	1280	365	15
187.0	7186	18	16	11643	18	1999	48	15
187.0	7727	22	23	11644	20	968	1645	9
187.0	6885	12	11	11645	11	1999	611	12
187.0	7144	23	18	11646	26	1924	1847	10
187.0	8540	23	20	11647	23	1690	628	12
187.0	10280	21	18	11648	23	1034	1738	17
187.0	7575	18	23	11649	12	1806	1614	13
187.0	7362	5	6	11650	4	1289	499	12
187.0	7294	37	38	11651	35	0	1928	13
187.0	8694	24	25	11652	22	509	278	14
187.0	7125	15	17	11653	12	512	522	17
187.0	7954	16	13	11654	18	568	243	13
187.0	9251	28	32	11655	23	1788	1505	15
187.0	7813	6	6	11656	6	673	608	14
187.0	8192	21	21	11657	21	1850	944	15
187.0	7679	21	18	11658	24	1834	1330	16
187.0	7646	11	15	11659	7	848	1882	11
187.0	7902	19	20	11660	18	493	1465	15
187.0	7163	33	35	11661	30	1769	392	15
187.0	9085	44	42	11662	45	1002	144	21
187.0	9728	38	38	11663	36	1958	150	20
187.0	6902	15	19	11664	11	518	120	16
187.0	9900	10	7	11665	13	1691	1731	13
187.0	8720	34	32	11666	30	1857	1006	20
187.0	7207	15	15	11667	15	1738	1560	13
187.0	10154	21	18	11668	21	1738	1658	11
187.0	9682	27	30	11669	22	1643	1352	16
187.0	9767	5	4	11670	6	485	758	13
187.0	9632	19	14	11671	22	1834	1117	12
187.0	7359	19	17	11672	19	1773	0	17
187.0	9543	20	24	11673	16	879	671	13
187.0	9274	6	4	11674	7	1032	1539	9
187.0	7620	9	8	11675	10	926	442	14
187.0	8762	26	26	11676	24	1707	792	17
187.0	8181	31	32	11677	29	753	22	11
187.0	7834	15	14	11678	16	468	650	11
187.0	8994	14	12	11679	16	1832	1781	14
187.0	7519	31	33	11680	26	1791	1159	14
187.0	8503	25	31	11681	18	182	818	13
187.0	9352	17	14	11682	18	1921	1066	15
187.0	9494	30	30	11683	29	1933	242	12
187.0	8307	12	16	11684	8	405	1092	15
187.0	9048	14	18	11685	10	1653	820	11
187.0	6916	2	1	11686	3	397	907	16
187.0	10236	20	16	11687	23	1967	951	11
187.0	8157	27	24	11688	29	664	539	12
187.0	9091	12	11	11689	11	1977	1493	20
187.0	7471	14	21	11690	7	1622	604	14
187.0	11104	27	26	11691	26	1401	89	14
187.0	7866	34	33	11692	35	1380	27	14
187.0	9029	26	22	11693	30	0	877	11
187.0	7509	11	9	11694	12	1098	499	13
187.0	7566	23	18	11695	26	1785	1668	13
187.0	7981	39	35	11696	42	1394	1961	12
187.0	7347	12	12	11697	10	679	1276	11
187.0	7807	9	6	11698	11	1139	1856	13
187.0	8373	44	48	11699	39	159	1510	17
187.0	7342	10	9	11700	10	1449	57	14
187.0	9213	24	23	11701	23	587	537	14
187.0	8221	34	26	11702	40	1219	1811	13
187.0	7252	9	11	11703	6	1028	0	11
187.0	7455	7	9	11704	4	1234	143	14
187.0	8964	17	21	11705	12	1384	468	11
187.0	7877	27	26	11706	28	1441	710	15
187.0	8218	11	11	11707	11	634	383	15
187.0	8667	27	32	11708	21	1671	1433	13
187.0	8453	8	5	11709	10	803	535	15
187.0	7088	29	28	11710	30	989	1952	13
187.0	8132	22	27	11711	16	70	1434	17
187.0	7665	0	0	11712	0	461	881	13
187.0	8114	26	24	11713	28	1807	1466	13
187.0	9893	18	19	11714	17	1974	1721	16
187.0	9257	22	23	11715	19	789	499	13
187.0	8486	17	19	11716	15	1223	43	12
187.0	8276	26	23	11717	27	49	1310	12
187.0	6940	42	37	11718	47	1999	1112	23
187.0	8797	15	16	11719	13	1861	1435	16
187.0	10081	13	12	11720	14	1281	1999	13
187.0	11026	34	34	11721	32	1817	1386	13
187.0	8615	13	13	11722	13	1611	997	14
187.0	8407	8	10	11723	6	1158	529	13
187.0	7979	20	19	11724	19	1502	1399	13
187.0	7553	17	16	11725	17	1630	1396	12
187.0	8001	39	36	11726	40	1653	888	18
187.0	7051	20	18	11727	18	983	1692	12
187.0	7297	11	9	11728	11	518	714	15
187.0	9231	11	13	11729	9	997	1722	13
187.0	7315	4	3	11730	5	1958	323	18
187.0	8940	8	7	11731	9	401	258	12
187.0	9799	18	15	11732	21	1050	1621	12
187.0	8145	35	30	11733	37	1202	174	14
187.0	10151	37	27	11734	46	1900	40	17
187.0	7988	15	19	11735	11	1079	1768	15
187.0	8408	4	3	11736	5	685	382	13
187.0	8289	35	32	11737	37	30	1901	12
187.0	7239	13	11	11738	15	1502	1660	11
187.0	10416	33	35	11739	29	960	286	13
187.0	9292	31	27	11740	32	1894	1087	9
187.0	7406	7	9	11741	4	688	1322	13
187.0	7931	11	8	11742	12	1902	578	16
187.0	8345	9	7	11743	11	642	759	10
187.0	9397	13	10	11744	15	1200	225	16
187.0	6886	3	3	11745	3	884	36	13
187.0	9197	24	23	11746	24	1204	1787	10
187.0	10683	17	20	11747	14	627	1769	13
187.0	7470	29	29	11748	28	557	1071	14
187.0	8836	6	3	11749	7	517	947	13
187.0	8839	10	5	11750	15	1329	1483	14
187.0	7815	19	14	11751	22	1317	50	12
187.0	7245	2	1	11752	3	977	450	11
187.0	7576	12	13	11753	11	578	711	10
187.0	9096	40	42	11754	37	1983	1027	18
187.0	7540	17	14	11755	19	1004	1633	13
187.0	8853	9	11	11756	7	154	1289	15
187.0	9265	8	9	11757	7	660	892	13
187.0	10007	23	23	11758	22	299	1678	13
187.0	9118	29	21	11759	36	1065	17	14
187.0	7910	16	16	11760	16	1037	657	11
187.0	9871	17	19	11761	14	1910	415	13
187.0	8651	30	24	11762	35	1810	938	21
187.0	8676	21	19	11763	21	1913	844	12
187.0	8624	14	16	11764	12	950	1601	11
187.0	8761	14	14	11765	14	1457	1952	17
187.0	7193	15	13	11766	16	1347	1652	12
187.0	7536	29	27	11767	31	1999	324	19
187.0	10268	39	26	11768	43	132	1338	13
187.0	8498	23	17	11769	27	1400	1338	16
187.0	9668	17	18	11770	15	1601	745	14
187.0	7955	8	6	11771	7	1880	1623	17
187.0	10215	18	17	11772	19	1591	1135	20
187.0	7029	37	40	11773	33	1547	1999	17
187.0	8199	22	26	11774	18	1389	586	15
187.0	8591	45	42	11775	45	1939	1172	15
187.0	7953	25	24	11776	25	1887	1229	21
187.0	8833	36	36	11777	32	1883	280	14
187.0	8308	19	16	11778	20	1491	111	14
187.0	10489	28	18	11779	36	1648	1755	16
187.0	7100	7	9	11780	4	1925	1240	11
187.0	8166	14	15	11781	13	1676	780	14
187.0	7707	13	10	11782	16	683	442	13
187.0	7766	8	7	11783	8	659	1151	14
188.0	9867	23	25	11784	18	1798	1067	14
188.0	9128	4	5	11785	3	811	81	13
188.0	7409	13	12	11786	14	1091	1491	12
188.0	7493	17	15	11787	16	1446	1500	13
188.0	7705	13	9	11788	17	648	159	14
188.0	8201	18	20	11789	15	325	1538	12
188.0	9327	12	15	11790	9	1767	703	12
188.0	7724	34	28	11791	38	1925	1738	14
188.0	7453	6	7	11792	5	1707	973	12
188.0	8434	21	17	11793	21	489	435	14
188.0	8401	15	13	11794	16	788	386	16
188.0	10431	25	23	11795	25	1018	1722	18
188.0	7529	14	10	11796	18	1870	1285	12
188.0	7294	38	37	11797	37	0	1928	14
188.0	9743	9	10	11798	7	1968	272	15
188.0	8495	19	15	11799	22	555	1819	13
188.0	8741	17	15	11800	19	572	1359	16
188.0	7315	3	4	11801	2	1958	323	19
188.0	8033	8	9	11802	7	1499	1449	14
188.0	10462	15	13	11803	17	1840	311	17
188.0	8676	19	17	11804	19	1913	844	13
188.0	9432	33	34	11805	32	299	401	10
188.0	9028	36	35	11806	36	41	1110	11
188.0	7246	7	7	11807	6	1095	1926	16
188.0	8663	18	20	11808	16	547	305	11
188.0	7029	40	38	11809	39	1547	1999	18
188.0	9010	13	14	11810	11	1791	1335	18
188.0	7031	20	17	11811	21	16	931	15
188.0	7542	26	19	11812	30	1312	494	14
188.0	7927	31	38	11813	23	1808	0	13
188.0	7848	21	26	11814	15	1160	1497	12
188.0	9360	19	15	11815	22	1848	878	17
188.0	9231	13	15	11816	11	997	1722	14
188.0	8246	11	9	11817	13	1779	1188	13
188.0	8781	3	3	11818	3	610	920	12
188.0	8145	30	25	11819	32	1305	178	15
188.0	7088	28	30	11820	24	989	1952	14
188.0	6974	23	24	11821	21	1500	749	9
188.0	6884	33	29	11822	35	1219	1851	11
188.0	7964	22	23	11823	20	739	551	14
188.0	9092	10	11	11824	9	1196	442	17
188.0	10321	18	15	11825	20	1891	1039	15
188.0	7054	10	10	11826	10	732	1500	13
188.0	9037	15	18	11827	12	386	1796	16
188.0	9472	22	21	11828	23	86	895	13
188.0	8936	18	21	11829	15	1538	1380	10
188.0	10409	5	4	11830	6	1827	591	16
188.0	9204	58	48	11831	52	1960	194	14
188.0	7931	8	10	11832	6	1902	578	17
188.0	10274	9	14	11833	4	1253	488	10
188.0	7025	21	22	11834	20	677	1681	12
188.0	7619	6	7	11835	5	454	254	14
188.0	7954	13	11	11836	14	568	243	14
188.0	8551	11	11	11837	9	1699	1303	19
188.0	8998	28	32	11838	23	1933	269	12
188.0	8801	7	6	11839	8	391	945	10
188.0	9292	27	27	11840	27	1894	1087	10
188.0	8475	13	8	11841	17	939	393	12
188.0	8671	30	35	11842	23	1131	1526	13
188.0	8451	24	27	11843	20	1034	1971	17
188.0	7464	24	20	11844	27	1230	80	16
188.0	8312	12	13	11845	10	1604	1401	11
188.0	8408	3	2	11846	4	685	382	14
188.0	11139	12	12	11847	11	394	1022	13
188.0	6877	24	25	11848	23	1601	430	13
188.0	9295	25	21	11849	26	1564	557	13
188.0	8166	15	20	11850	9	1676	780	15
188.0	8696	6	4	11851	8	446	115	13
188.0	8587	22	18	11852	22	992	50	14
188.0	10748	52	53	11853	47	1814	709	16
188.0	10332	13	16	11854	9	1893	924	14
188.0	9202	24	22	11855	26	1549	692	10
188.0	8013	37	37	11856	36	669	1376	17
188.0	9025	5	3	11857	5	1933	1258	10
188.0	9453	10	10	11858	9	1953	692	12
188.0	9275	21	21	11859	21	234	1936	10
188.0	7295	16	22	11860	9	66	1250	12
188.0	7317	18	16	11861	20	559	475	16
188.0	8247	29	30	11862	25	1985	27	20
188.0	8620	24	20	11863	27	1913	463	12
188.0	10360	6	8	11864	3	1597	949	12
188.0	8353	41	46	11865	35	1904	72	15
188.0	7052	24	23	11866	25	1999	493	13
188.0	8019	9	11	11867	7	192	1152	15
188.0	10201	21	21	11868	21	1883	650	12
188.0	8770	18	17	11869	17	1827	1135	9
188.0	7342	9	12	11870	6	1449	57	15
188.0	8965	11	11	11871	11	1904	1623	17
188.0	7811	14	10	11872	17	512	1899	13
188.0	9331	18	20	11873	16	598	623	16
188.0	8060	12	9	11874	14	500	1756	12
188.0	9922	23	24	11875	22	1928	1359	14
188.0	8930	34	36	11876	31	1971	378	15
188.0	10641	16	20	11877	12	85	1523	17
188.0	7483	16	11	11878	20	508	910	11
188.0	9029	22	28	11879	16	0	877	12
188.0	8526	16	12	11880	20	174	1293	16
188.0	7902	20	22	11881	16	493	1465	16
188.0	10636	18	21	11882	14	1113	1736	15
188.0	9097	31	24	11883	36	829	1955	14
188.0	7695	7	7	11884	6	1571	1211	11
188.0	10190	20	17	11885	23	978	1658	14
188.0	9799	15	13	11886	16	1050	1621	13
188.0	9492	28	34	11887	22	840	54	15
188.0	9765	14	12	11888	15	682	1614	12
188.0	9315	18	19	11889	16	684	178	11
188.0	9535	14	15	11890	12	780	591	12
188.0	9039	22	21	11891	23	44	765	12
188.0	9471	23	27	11892	18	1837	1478	13
188.0	7154	8	7	11893	7	1871	573	19
188.0	7271	21	17	11894	25	1813	1258	13
188.0	9279	4	5	11895	3	1340	688	14
188.0	7536	27	29	11896	24	1999	324	20
188.0	7960	2	2	11897	1	783	57	15
188.0	7245	1	1	11898	1	977	450	12
188.0	9006	16	13	11899	17	1899	130	13
188.0	7179	19	20	11900	16	91	86	13
188.0	9427	22	16	11901	27	1491	98	15
188.0	8841	19	12	11902	26	1923	1617	12
188.0	7368	24	24	11903	21	1611	941	11
188.0	8950	17	17	11904	17	1091	280	9
188.0	9608	8	5	11905	11	1020	436	16
188.0	8173	24	25	11906	22	1868	1921	16
189.0	9450	25	26	11907	23	838	130	10
189.0	10778	13	20	11908	6	620	1138	14
189.0	9455	23	18	11909	27	1241	171	11
189.0	9482	14	13	11910	14	508	51	13
189.0	10194	31	28	11911	32	1886	59	16
189.0	8221	26	29	11912	22	1219	1811	14
189.0	8451	27	21	11913	31	1034	1971	18
189.0	7342	12	13	11914	11	1449	57	16
189.0	7937	7	9	11915	5	1958	1293	10
189.0	8313	6	9	11916	2	1299	1524	13
189.0	8639	18	16	11917	20	1120	1500	13
189.0	9421	16	17	11918	14	1688	1131	12
189.0	7163	35	30	11919	37	1769	392	16
189.0	7861	26	24	11920	27	1308	1390	11
189.0	7387	2	1	11921	3	1227	1660	16
189.0	8239	13	11	11922	13	1930	201	12
189.0	7846	17	15	11923	19	1879	1346	10
189.0	10284	15	16	11924	14	780	1312	13
189.0	8402	1	1	11925	1	1248	1619	15
189.0	10305	13	13	11926	13	487	663	15
189.0	9295	21	26	11927	14	1564	557	14
189.0	7981	35	34	11928	35	1394	1961	13
189.0	8057	1	1	11929	1	534	969	12
189.0	7722	17	19	11930	15	1483	1663	14
189.0	9578	13	8	11931	17	1815	1098	11
189.0	8790	26	28	11932	22	1580	209	19
189.0	8841	12	12	11933	11	1923	1617	13
189.0	9108	24	19	11934	26	1067	510	11
189.0	8553	19	27	11935	10	1761	526	13
189.0	9876	26	22	11936	29	1678	218	12
189.0	8906	15	12	11937	17	1811	1303	15
189.0	10278	14	13	11938	15	1740	368	11
189.0	9213	23	27	11939	18	587	537	15
189.0	7363	14	12	11940	15	1067	1562	12
189.0	7088	30	31	11941	27	989	1952	15
189.0	9588	6	5	11942	7	947	36	13
189.0	8635	29	26	11943	30	468	1219	18
189.0	9207	18	18	11944	18	1654	581	12
189.0	9795	17	16	11945	16	651	573	15
189.0	8976	25	19	11946	29	660	1421	13
189.0	8357	32	27	11947	34	1678	275	13
189.0	8642	12	10	11948	13	1790	1248	12
189.0	7315	4	3	11949	4	1944	323	20
189.0	9218	14	15	11950	13	516	1369	12
189.0	8123	11	9	11951	13	603	1900	14
189.0	8933	4	4	11952	4	1227	0	16
189.0	8645	26	30	11953	22	1478	1380	12
189.0	8526	12	11	11954	10	174	1293	17
189.0	7844	12	9	11955	14	1868	593	15
189.0	8807	12	7	11956	16	1007	407	15
189.0	9774	7	7	11957	7	1003	1568	13
189.0	10358	13	9	11958	16	1914	548	16
189.0	7869	20	18	11959	22	337	414	15
189.0	9998	16	16	11960	15	1784	1632	12
189.0	10474	11	11	11961	10	25	1455	16
189.0	8516	8	10	11962	6	1671	1007	11
189.0	8877	14	13	11963	15	310	725	9
189.0	10932	10	9	11964	10	1349	538	8
189.0	9525	16	19	11965	12	390	1184	16
189.0	10099	31	30	11966	31	1743	1896	14
189.0	6973	16	14	11967	17	1591	1296	17
189.0	8181	32	27	11968	36	753	22	12
189.0	10964	8	6	11969	10	1529	651	15
189.0	6919	3	6	11970	0	1028	1512	11
189.0	11463	10	8	11971	10	1986	1553	19
189.0	7243	17	17	11972	15	1247	1868	14
189.0	7519	33	31	11973	33	1791	1159	15
189.0	8930	36	32	11974	39	1971	378	16
189.0	8751	43	40	11975	44	262	575	12
189.0	6892	24	20	11976	27	290	0	13
189.0	7806	35	37	11977	31	1957	984	16
189.0	10021	10	7	11978	11	1001	194	10
189.0	11154	6	7	11979	5	1272	1480	12
189.0	9118	21	19	11980	23	1065	17	15
189.0	9346	10	13	11981	7	1678	433	14
189.0	7020	11	15	11982	7	1211	466	16
189.0	8723	23	27	11983	18	1855	1980	14
189.0	10219	18	19	11984	16	1150	430	15
189.0	8649	33	33	11985	33	1782	1373	16
189.0	7028	29	29	11986	28	1482	1933	17
189.0	7094	11	9	11987	13	1117	1673	13
189.0	9223	8	3	11988	12	865	209	13
189.0	6908	25	24	11989	25	1713	1999	15
189.0	10734	25	28	11990	20	541	1086	11
189.0	8246	9	6	11991	11	1779	1188	14
189.0	9862	8	9	11992	7	1579	1188	13
189.0	11174	19	18	11993	18	1481	1260	16
189.0	9596	3	4	11994	2	1621	1139	11
189.0	8134	21	21	11995	17	1908	1124	14
189.0	9389	22	21	11996	23	939	57	12
189.0	7631	27	28	11997	23	1976	1695	15
189.0	9282	4	2	11998	6	1140	442	16
189.0	8186	5	2	11999	8	625	41	12
189.0	8833	36	34	12000	35	1859	280	15
189.0	8928	8	9	12001	7	1843	576	17
189.0	7067	13	9	12002	17	1429	103	16
189.0	8383	23	24	12003	22	727	1882	13
189.0	7970	41	38	12004	43	1358	1497	13
189.0	10636	21	22	12005	18	1113	1736	16
189.0	7037	28	22	12006	32	900	641	13
189.0	9301	13	12	12007	12	1505	1711	12
189.0	11026	34	35	12008	31	1817	1386	14
189.0	7506	27	26	12009	26	1850	1392	13
189.0	7271	17	14	12010	20	1813	1258	14
189.0	7977	25	28	12011	19	65	1356	20
189.0	8770	17	18	12012	15	1827	1135	10
189.0	9400	15	10	12013	19	931	1576	13
189.0	7753	11	10	12014	12	1246	0	17
189.0	8220	17	15	12015	18	531	1310	13
189.0	7504	30	28	12016	29	1124	1906	12
189.0	8059	25	26	12017	22	1715	1890	14
189.0	9843	17	14	12018	17	683	456	13
189.0	10435	37	36	12019	37	526	400	13
189.0	9517	13	13	12020	11	688	1884	10
189.0	8667	32	28	12021	33	1671	1433	14
189.0	7731	18	19	12022	16	1867	1730	14
189.0	9292	27	27	12023	26	1894	1087	11
189.0	8862	33	29	12024	37	1889	203	14
189.0	9206	6	7	12025	5	1440	1322	11
189.0	9128	5	4	12026	6	811	81	14
189.0	7545	16	15	12027	16	353	1176	14
189.0	7282	3	3	12028	3	879	464	13
189.0	9443	18	18	12029	16	1775	759	18
189.0	9719	8	9	12030	6	572	1127	12
189.0	8108	32	37	12031	26	1610	1975	13
189.0	7062	29	26	12032	29	361	1770	14
189.0	9867	25	23	12033	26	1798	1067	15
189.0	7305	30	21	12034	37	1820	926	22
189.0	9752	22	25	12035	17	657	1758	12
189.0	7361	22	20	12036	22	379	745	8
189.0	9152	7	7	12037	7	734	341	15
189.0	8302	23	23	12038	21	1961	1749	11
189.0	8704	15	12	12039	17	1244	368	15
189.0	9694	14	10	12040	18	788	1390	12
189.0	7384	44	46	12041	38	388	0	12
189.0	9031	14	18	12042	10	1198	28	16
189.0	6877	25	20	12043	29	1601	430	14
189.0	8854	10	7	12044	11	1873	336	18
189.0	8880	29	23	12045	31	1427	121	13
189.0	7687	35	31	12046	38	228	1386	13
189.0	8247	30	29	12047	29	1985	27	21
189.0	8741	15	15	12048	14	572	1359	17
189.0	9017	19	18	12049	20	249	1780	14
189.0	9198	5	4	12050	5	1219	1488	9
189.0	9074	24	21	12051	27	507	1924	14
189.0	9522	12	15	12052	9	1595	699	14
189.0	11097	11	6	12053	16	418	928	11
189.0	7931	10	9	12054	9	1902	578	18
189.0	9473	19	17	12055	19	1670	1559	13
189.0	8415	8	8	12056	8	880	413	10
189.0	8834	29	26	12057	32	1795	1848	14
189.0	7251	0	0	12058	0	620	739	17
189.0	9891	18	21	12059	15	1831	864	19
189.0	10480	11	11	12060	9	568	43	12
190.0	10068	17	18	12061	15	1900	504	14
190.0	8776	23	28	12062	17	921	139	12
190.0	8844	20	20	12063	19	1889	235	12
190.0	7545	15	17	12064	13	353	1176	15
190.0	8517	32	41	12065	23	1879	1697	12
190.0	10096	11	11	12066	9	1668	1321	20
190.0	8986	7	8	12067	6	1933	731	18
190.0	8900	37	30	12068	42	434	918	13
190.0	7753	10	7	12069	13	1246	0	18
190.0	8805	36	40	12070	28	1689	96	12
190.0	8747	19	14	12071	22	1091	1519	9
190.0	11097	6	8	12072	4	418	928	12
190.0	9515	28	28	12073	27	1878	1384	13
190.0	7504	28	27	12074	27	1124	1906	13
190.0	9355	12	10	12075	13	1954	48	12
190.0	7946	15	11	12076	19	1028	1639	12
190.0	7327	25	18	12077	31	1820	40	14
190.0	8470	29	26	12078	28	99	1502	12
190.0	8929	3	2	12079	4	1130	458	15
190.0	9699	23	18	12080	26	1261	1999	14
190.0	6888	16	13	12081	19	305	451	17
190.0	8556	21	24	12082	18	440	462	15
190.0	9464	26	22	12083	28	1942	1407	16
190.0	8153	32	27	12084	35	1965	397	13
190.0	8546	9	10	12085	8	1241	1390	12
190.0	9286	13	13	12086	12	691	1360	16
190.0	8185	23	24	12087	21	1637	1778	17
190.0	8751	40	42	12088	37	262	575	13
190.0	9183	6	7	12089	4	1763	1491	13
190.0	9401	28	26	12090	29	1871	774	15
190.0	7633	9	7	12091	11	1192	1692	10
190.0	9031	18	15	12092	20	1198	28	17
190.0	8649	33	27	12093	39	1782	1373	17
190.0	7497	28	25	12094	30	1639	806	13
190.0	7198	12	16	12095	7	699	1180	16
190.0	9445	5	7	12096	3	820	547	11
190.0	8833	34	30	12097	37	1859	280	16
190.0	9302	16	14	12098	18	1241	1604	12
190.0	7177	31	30	12099	31	1645	1999	12
190.0	10154	18	17	12100	19	1738	1658	12
190.0	8709	24	25	12101	20	1752	775	15
190.0	7701	11	17	12102	5	1348	1674	17
190.0	7642	23	26	12103	20	1549	1433	12
190.0	9400	10	10	12104	10	931	1576	14
190.0	7459	17	13	12105	20	1837	125	13
190.0	10100	26	29	12106	22	1800	742	17
190.0	8036	11	13	12107	9	961	472	13
190.0	9128	4	5	12108	3	811	81	15
190.0	7941	16	13	12109	19	764	1429	11
190.0	9470	19	22	12110	16	1851	1570	17
190.0	7741	12	7	12111	17	1608	1934	12
190.0	9236	11	10	12112	12	1874	721	12
190.0	8796	13	12	12113	13	1182	1510	12
190.0	8315	22	17	12114	26	1559	1978	15
190.0	10045	8	6	12115	10	1544	1660	11
190.0	10185	25	26	12116	24	459	1157	19
190.0	9450	26	17	12117	34	838	130	11
190.0	9561	3	3	12118	3	1227	1739	16
190.0	7047	17	16	12119	17	1687	1162	11
190.0	7785	15	18	12120	12	1754	877	13
190.0	8578	25	23	12121	25	332	799	11
190.0	7688	25	28	12122	21	1865	530	14
190.0	8408	2	2	12123	2	685	382	15
190.0	7792	14	9	12124	19	1009	560	14
190.0	7575	23	22	12125	21	1806	1614	14
190.0	10238	18	21	12126	15	1847	1282	12
190.0	9820	16	13	12127	19	364	1954	12
190.0	8971	19	16	12128	19	1901	1554	18
190.0	7752	24	31	12129	17	1999	1245	11
190.0	8691	21	21	12130	19	1475	312	8
190.0	9389	21	23	12131	18	939	57	13
190.0	7748	23	19	12132	26	902	311	14
190.0	8125	21	31	12133	10	358	762	8
190.0	7304	14	17	12134	10	1579	1999	14
190.0	10500	14	13	12135	15	1791	1585	16
190.0	10270	5	5	12136	5	487	838	12
190.0	8516	10	10	12137	9	1671	1007	12
190.0	8553	27	26	12138	28	1761	499	14
190.0	9844	27	27	12139	25	1855	1801	12
190.0	8830	8	10	12140	6	1133	481	14
190.0	8582	26	28	12141	23	1864	1648	12
190.0	7363	12	12	12142	11	1067	1562	13
190.0	10486	35	33	12143	35	410	516	12
190.0	9597	0	0	12144	0	1332	314	15
190.0	7020	15	14	12145	16	1211	466	17
190.0	9661	33	37	12146	28	907	233	11
190.0	8985	43	41	12147	44	1589	1425	12
190.0	8741	15	14	12148	16	572	1359	18
190.0	9282	2	4	12149	0	1140	442	17
190.0	9693	20	17	12150	18	1511	1698	13
190.0	9969	2	1	12151	2	461	903	16
190.0	8124	19	17	12152	20	1359	280	15
190.0	8239	11	13	12153	9	1930	201	13
190.0	7155	8	6	12154	10	1059	1768	12
190.0	9034	24	18	12155	29	1326	461	16
190.0	10932	9	11	12156	7	1349	538	9
190.0	7841	17	13	12157	20	1817	1597	15
190.0	8765	37	40	12158	34	1373	1791	16
190.0	9628	12	11	12159	12	1958	414	15
190.0	8946	13	15	12160	11	83	1083	13
190.0	7981	34	36	12161	30	1394	1961	14
190.0	8644	13	15	12162	11	1931	923	13
190.0	8107	9	9	12163	9	1958	635	13
190.0	7647	20	23	12164	17	1611	1429	14
190.0	7276	19	18	12165	18	1668	797	10
190.0	7993	23	24	12166	18	1114	1833	12
190.0	7510	19	19	12167	18	321	1089	15
190.0	7758	30	30	12168	30	953	71	14
190.0	6932	29	24	12169	33	312	997	11
190.0	9644	9	11	12170	7	1959	1264	10
190.0	7757	15	15	12171	15	1697	1028	10
190.0	7744	5	4	12172	6	893	1499	10
190.0	9588	5	3	12173	7	947	21	14
190.0	7361	20	20	12174	20	379	745	9
190.0	8375	20	20	12175	20	1959	1654	13
190.0	7301	22	22	12176	22	533	1019	12
190.0	9985	23	23	12177	20	1897	1677	14
190.0	9074	21	20	12178	22	507	1924	15
190.0	9752	25	26	12179	21	657	1758	13
190.0	10396	7	6	12180	8	681	1303	12
190.0	7246	7	7	12181	6	1095	1926	17
190.0	9637	37	38	12182	36	1339	505	14
190.0	7517	29	23	12183	34	1813	576	19
190.0	8592	12	13	12184	11	1088	1829	12
190.0	7496	10	10	12185	9	1807	1492	12
190.0	7329	13	8	12186	16	1457	327	10
190.0	7938	9	13	12187	5	1711	1372	15
190.0	6901	13	18	12188	8	229	1300	18
190.0	10284	16	10	12189	22	780	1312	14
190.0	9777	9	13	12190	5	491	1220	15
190.0	6944	29	31	12191	27	1767	1411	15
190.0	9313	14	16	12192	11	1742	636	14
190.0	7061	3	2	12193	4	1296	1449	9
190.0	8555	9	9	12194	8	1404	1748	11
190.0	7999	34	33	12195	35	534	1542	16
190.0	9580	13	15	12196	10	1823	466	12
191.0	7264	12	11	12197	13	749	369	17
191.0	11642	23	29	12198	17	1178	217	16
191.0	8456	36	34	12199	37	1833	1945	14
191.0	9735	7	7	12200	6	1891	668	13
191.0	8389	26	18	12201	33	1189	312	15
191.0	9473	17	18	12202	15	1670	1559	14
191.0	9720	19	22	12203	14	1563	118	13
191.0	9131	28	27	12204	29	1369	1543	13
191.0	8271	19	14	12205	24	1232	1645	10
191.0	9165	8	13	12206	2	1373	1718	16
191.0	7431	17	16	12207	17	864	1613	14
191.0	9469	4	4	12208	4	672	1461	10
191.0	8776	28	26	12209	29	921	139	13
191.0	10718	21	24	12210	18	531	596	16
191.0	9690	0	0	12211	0	509	860	14
191.0	8494	37	39	12212	30	0	1350	17
191.0	9636	28	27	12213	28	1742	117	11
191.0	7691	36	41	12214	30	1751	1596	16
191.0	11708	21	24	12215	15	1642	1484	14
191.0	9438	24	19	12216	27	1525	1962	11
191.0	8083	15	20	12217	10	74	1544	16
191.0	9052	18	18	12218	18	374	1591	13
191.0	9352	14	14	12219	14	1921	1066	16
191.0	9022	24	18	12220	27	468	719	12
191.0	7584	14	15	12221	12	1050	1675	10
191.0	8481	24	24	12222	23	599	515	12
191.0	9913	20	15	12223	24	1857	1933	12
191.0	8985	41	36	12224	41	1589	1425	13
191.0	7038	19	20	12225	15	115	1090	14
191.0	10304	26	23	12226	26	449	1473	16
191.0	8247	29	31	12227	26	1985	27	22
191.0	8113	16	17	12228	15	1405	1658	12
191.0	7510	19	22	12229	15	321	1089	16
191.0	8311	16	10	12230	21	1611	1322	10
191.0	8900	30	30	12231	29	434	918	14
191.0	7730	13	12	12232	14	1943	1673	13
191.0	8977	10	7	12233	12	1372	1460	10
191.0	9519	27	25	12234	27	1660	76	13
191.0	9290	11	7	12235	14	1990	1283	11
191.0	10761	19	19	12236	18	1028	1773	13
191.0	9470	22	24	12237	20	1851	1570	18
191.0	8964	21	24	12238	15	1401	451	12
191.0	9594	7	3	12239	11	844	411	14
191.0	9412	33	31	12240	32	1280	365	16
191.0	7665	0	0	12241	0	461	881	14
191.0	10299	21	16	12242	24	1952	1852	10
191.0	7351	30	26	12243	33	1500	1805	14
191.0	7592	21	19	12244	21	825	0	10
191.0	9824	2	2	12245	2	489	911	15
191.0	8066	8	10	12246	6	1919	523	14
191.0	9693	17	18	12247	15	1511	1698	14
191.0	9128	5	5	12248	3	811	81	16
191.0	8148	14	14	12249	14	231	1518	13
191.0	10032	10	10	12250	10	972	1589	10
191.0	10512	18	18	12251	18	499	927	11
191.0	10932	11	12	12252	9	1349	538	10
191.0	7424	11	9	12253	12	709	1442	10
191.0	9940	18	15	12254	18	1767	1626	14
191.0	9464	22	20	12255	24	1942	1407	17
191.0	6894	10	10	12256	10	1747	549	17
191.0	9933	20	19	12257	19	1687	1490	12
191.0	9068	10	8	12258	12	1716	719	12
191.0	10958	8	4	12259	12	1421	1498	14
191.0	8747	14	11	12260	16	1091	1519	10
191.0	7477	9	8	12261	10	1753	1177	13
191.0	9637	38	46	12262	30	1339	505	15
191.0	8244	15	14	12263	16	1532	596	12
191.0	9876	22	22	12264	21	1678	218	13
191.0	7743	4	5	12265	3	1091	380	15
191.0	9466	11	15	12266	7	1058	0	8
191.0	10273	2	2	12267	2	1777	1012	15
191.0	9260	20	16	12268	23	500	746	11
191.0	6946	27	29	12269	25	1730	1942	18
191.0	8751	42	39	12270	43	262	575	14
191.0	11416	21	24	12271	16	1683	1526	13
191.0	9141	9	8	12272	10	1828	1169	12
191.0	7210	30	26	12273	33	1999	384	16
191.0	10154	17	16	12274	17	1738	1658	13
191.0	9292	27	29	12275	24	1894	1087	12
191.0	10307	16	15	12276	17	12	1105	16
191.0	8517	41	41	12277	41	1879	1697	13
191.0	8761	14	13	12278	14	1457	1952	18
191.0	8328	24	25	12279	22	277	807	11
191.0	9299	2	3	12280	0	1294	1647	12
191.0	10345	29	27	12281	31	300	525	11
191.0	8607	12	15	12282	9	1273	61	13
191.0	9773	20	19	12283	20	180	1452	17
191.0	10353	7	7	12284	6	1560	1273	15
191.0	8294	45	37	12285	52	1179	265	13
191.0	9258	54	46	12286	54	1894	402	19
191.0	11104	26	26	12287	26	1360	113	15
191.0	7235	14	15	12288	12	1999	964	14
191.0	8818	11	11	12289	10	1928	408	13
191.0	9419	19	18	12290	20	411	1124	14
191.0	8300	3	4	12291	2	857	259	17
191.0	11351	12	14	12292	10	635	1310	13
191.0	9529	22	23	12293	21	900	1552	12
191.0	10263	31	27	12294	33	1587	120	12
191.0	8367	9	10	12295	8	606	1791	14
191.0	10573	8	8	12296	8	78	1890	19
191.0	8875	26	22	12297	29	1396	1870	14
191.0	7262	16	13	12298	17	501	1697	14
191.0	9721	19	9	12299	27	1795	99	15
191.0	8982	8	5	12300	10	142	1124	16
191.0	8123	9	8	12301	10	603	1900	15
191.0	10693	11	16	12302	6	1345	1760	16
191.0	9091	11	9	12303	11	1977	1493	21
191.0	6962	27	28	12304	25	1497	1999	14
191.0	9766	23	22	12305	24	1943	1708	14
191.0	8959	24	22	12306	25	1785	75	15
191.0	8536	15	17	12307	11	1766	1751	8
191.0	9171	31	38	12308	24	1389	208	11
191.0	8374	21	22	12309	18	947	204	14
191.0	8737	4	4	12310	3	1070	640	16
191.0	7718	33	28	12311	36	1801	443	18
191.0	8903	6	6	12312	6	708	1729	10
191.0	7799	11	11	12313	11	433	1938	16
191.0	8125	31	30	12314	31	358	762	9
191.0	7655	10	10	12315	10	1643	1229	23
191.0	8107	9	10	12316	8	1958	635	14
191.0	7733	20	21	12317	19	326	356	13
192.0	6885	11	12	12318	8	1999	611	13
192.0	8389	18	18	12319	18	1189	312	16
192.0	9036	6	7	12320	5	1600	1150	13
192.0	8850	28	23	12321	32	1445	1837	13
192.0	10857	11	10	12322	12	1089	133	16
192.0	10034	13	8	12323	17	893	1726	12
192.0	8075	6	6	12324	5	961	50	13
192.0	10230	16	10	12325	22	1703	163	11
192.0	9426	14	12	12326	15	183	918	14
192.0	8885	27	28	12327	26	577	352	15
192.0	9170	18	13	12328	23	1188	1796	15
192.0	9263	13	16	12329	9	721	579	12
192.0	10304	23	30	12330	16	449	1473	17
192.0	8067	8	6	12331	10	1690	964	13
192.0	7718	28	26	12332	29	1801	443	19
192.0	7380	24	27	12333	19	921	340	14
192.0	8223	30	31	12334	26	868	0	9
192.0	8862	29	28	12335	28	1889	203	15
192.0	7729	14	13	12336	14	503	1731	11
192.0	10376	11	11	12337	10	1979	525	16
192.0	7284	8	10	12338	6	1030	357	13
192.0	9032	16	13	12339	18	943	1946	13
192.0	7592	19	17	12340	21	825	0	11
192.0	8946	15	21	12341	9	105	1083	14
192.0	7180	26	22	12342	29	1843	0	17
192.0	8200	22	21	12343	21	1640	227	12
192.0	7175	18	15	12344	21	1799	320	15
192.0	8739	10	7	12345	13	1833	736	15
192.0	8936	21	14	12346	28	1538	1380	11
192.0	7360	27	26	12347	27	964	176	10
192.0	9080	2	3	12348	1	755	1699	10
192.0	11053	11	15	12349	6	1461	488	8
192.0	10839	8	7	12350	9	758	650	16
192.0	10573	8	7	12351	9	78	1890	20
192.0	10389	11	12	12352	9	1641	981	13
192.0	8816	7	6	12353	7	1931	487	14
192.0	9772	14	13	12354	13	991	1765	11
192.0	7441	13	14	12355	11	188	891	11
192.0	11460	20	18	12356	22	675	83	15
192.0	9048	18	19	12357	14	1653	840	12
192.0	10645	25	23	12358	26	1957	324	19
192.0	10263	27	29	12359	22	1587	120	13
192.0	9963	23	24	12360	21	282	1072	17
192.0	9697	10	12	12361	7	519	1166	15
192.0	7451	21	18	12362	24	1138	1618	14
192.0	8951	1	1	12363	1	452	822	13
192.0	8305	0	0	12364	0	560	807	15
192.0	7449	25	27	12365	23	500	1999	16
192.0	9278	19	20	12366	18	1917	1894	16
192.0	6894	10	7	12367	11	1747	549	18
192.0	8766	23	23	12368	21	354	699	12
192.0	7748	19	20	12369	17	902	311	15
192.0	10001	17	17	12370	17	1889	872	13
192.0	9294	40	42	12371	36	1665	1738	16
192.0	8718	24	28	12372	20	1510	1311	11
192.0	8877	13	13	12373	11	298	713	10
192.0	10383	22	20	12374	22	903	70	10
192.0	9196	18	16	12375	20	521	1656	13
192.0	8818	11	15	12376	7	1928	408	14
192.0	8945	18	16	12377	19	1808	1259	14
192.0	10416	35	34	12378	36	960	286	14
192.0	10326	5	4	12379	6	1739	793	13
192.0	8246	6	7	12380	5	1779	1188	15
192.0	9260	16	13	12381	19	500	746	12
192.0	9022	18	16	12382	20	468	719	13
192.0	7352	10	10	12383	9	578	659	15
192.0	9175	18	17	12384	18	320	968	14
192.0	7850	20	24	12385	15	1851	1463	19
192.0	9268	10	12	12386	8	1837	834	13
192.0	9027	24	24	12387	23	1696	848	13
192.0	9056	51	57	12388	43	1728	775	14
192.0	9314	16	12	12389	19	311	1905	17
192.0	6969	5	4	12390	6	998	439	16
192.0	9913	15	15	12391	15	1857	1933	13
192.0	9374	27	23	12392	28	1608	859	19
192.0	10145	7	10	12393	3	1283	1666	16
192.0	7200	16	21	12394	11	1817	1728	13
192.0	9676	28	27	12395	29	560	523	10
192.0	11397	4	3	12396	5	442	803	15
192.0	7039	5	6	12397	4	1777	1087	11
192.0	8896	19	18	12398	18	1916	504	15
192.0	8409	2	1	12399	3	951	443	12
192.0	9627	35	32	12400	34	1800	545	19
192.0	8947	7	7	12401	7	1117	1673	10
192.0	7789	9	10	12402	7	151	773	10
192.0	10260	8	8	12403	8	681	1728	11
192.0	10633	17	16	12404	16	1966	1144	11
192.0	10657	19	19	12405	18	1987	1935	12
192.0	9629	7	7	12406	7	625	131	12
192.0	9809	26	29	12407	23	28	1218	11
192.0	9224	40	40	12408	38	1638	1080	11
192.0	9380	26	26	12409	26	1131	1591	13
192.0	9693	18	13	12410	22	1511	1698	15
192.0	6970	11	10	12411	11	1999	1496	18
192.0	8675	12	15	12412	8	1066	372	17
192.0	9144	14	18	12413	7	1632	1680	16
192.0	7830	24	28	12414	20	1814	1052	10
192.0	7028	29	26	12415	29	1482	1933	18
192.0	6903	11	12	12416	9	1999	1437	19
192.0	9844	27	26	12417	28	1855	1801	13
192.0	10548	13	14	12418	12	729	601	12
192.0	7198	16	14	12419	17	699	1180	17
192.0	10549	8	8	12420	7	1747	1700	10
192.0	7124	18	20	12421	16	1797	1438	16
192.0	7827	14	13	12422	15	1611	1270	16
192.0	9920	24	33	12423	15	13	1203	13
192.0	6906	37	40	12424	31	739	397	16
192.0	7388	12	10	12425	14	721	328	16
192.0	9567	36	30	12426	39	863	35	9
192.0	9368	18	16	12427	19	1881	1597	16
192.0	9577	16	23	12428	9	1638	1543	13
192.0	9768	16	16	12429	14	1600	610	16
192.0	8324	14	9	12430	18	592	1457	15
192.0	7677	37	34	12431	36	1528	1544	16
192.0	8249	9	10	12432	8	504	1251	16
192.0	8375	20	11	12433	27	1959	1654	14
192.0	8271	14	15	12434	12	1232	1645	11
192.0	9529	23	25	12435	18	900	1552	13
192.0	6986	35	31	12436	39	1823	81	16
192.0	9291	24	26	12437	20	1578	628	12
192.0	7016	27	30	12438	24	1974	0	20
192.0	9850	10	13	12439	6	1335	1739	10
192.0	11063	13	13	12440	12	1797	1880	17
192.0	10837	5	4	12441	6	969	1509	11
192.0	8125	30	23	12442	35	358	762	10
192.0	7079	6	5	12443	7	1691	400	15
192.0	7186	16	18	12444	14	1999	48	16
193.0	8400	27	27	12445	24	391	1352	11
193.0	7976	13	13	12446	12	828	1590	13
193.0	6939	7	10	12447	4	1764	1427	13
193.0	8173	25	24	12448	24	1868	1904	17
193.0	7552	24	17	12449	28	1723	510	14
193.0	9656	13	19	12450	6	43	791	13
193.0	9068	8	11	12451	5	1716	719	13
193.0	9048	19	19	12452	18	1653	840	13
193.0	8325	15	12	12453	17	539	951	14
193.0	9525	19	14	12454	23	406	1203	17
193.0	8694	25	20	12455	29	509	278	15
193.0	10611	21	18	12456	23	49	1466	16
193.0	9601	20	16	12457	22	1883	1867	17
193.0	9563	16	22	12458	10	1471	1778	16
193.0	9052	18	17	12459	18	374	1591	14
193.0	10197	11	11	12460	11	1080	1817	10
193.0	7283	15	11	12461	19	541	832	14
193.0	7217	4	4	12462	4	1986	693	14
193.0	8505	9	8	12463	10	1739	1395	14
193.0	7985	14	14	12464	13	1952	1182	14
193.0	7625	8	7	12465	9	1043	1550	9
193.0	9043	26	29	12466	20	1742	1048	11
193.0	8067	6	6	12467	6	1690	964	14
193.0	8086	20	21	12468	17	1802	1148	12
193.0	7774	20	25	12469	12	330	1600	16
193.0	7180	22	23	12470	21	1843	0	18
193.0	8481	24	26	12471	22	599	515	13
193.0	10307	15	16	12472	13	12	1105	17
193.0	8573	39	42	12473	34	1863	884	20
193.0	7546	18	19	12474	15	1579	1537	15
193.0	8198	10	7	12475	13	1248	1706	18
193.0	9013	24	24	12476	22	1595	570	11
193.0	10024	20	17	12477	22	822	1979	10
193.0	9663	19	20	12478	16	127	460	12
193.0	9426	12	12	12479	11	183	918	15
193.0	9235	9	10	12480	8	1050	477	15
193.0	7654	2	4	12481	0	659	363	13
193.0	7257	26	25	12482	25	1941	1145	12
193.0	7793	24	29	12483	18	868	333	14
193.0	9086	17	16	12484	18	940	1473	11
193.0	9907	18	16	12485	19	1222	327	15
193.0	8092	18	14	12486	22	1921	637	12
193.0	7388	10	7	12487	12	721	328	17
193.0	10842	11	8	12488	14	322	1154	13
193.0	9012	9	6	12489	12	952	1799	15
193.0	8875	22	17	12490	24	1396	1870	15
193.0	7441	14	12	12491	16	188	891	12
193.0	11349	27	26	12492	27	1358	195	11
193.0	10001	17	18	12493	16	1889	872	14
193.0	10366	15	17	12494	13	1365	62	13
193.0	8885	28	30	12495	25	577	352	16
193.0	8801	6	5	12496	7	378	958	11
193.0	11237	23	22	12497	23	1850	422	15
193.0	7100	9	11	12498	6	1925	1240	12
193.0	11720	14	9	12499	19	1321	1958	14
193.0	9730	19	18	12500	20	1028	39	10
193.0	6946	29	38	12501	20	1730	1942	19
193.0	9131	27	29	12502	23	1369	1543	14
193.0	8488	12	11	12503	12	1199	1649	13
193.0	9439	17	16	12504	16	590	1373	17
193.0	7117	11	11	12505	11	669	212	13
193.0	8766	23	21	12506	22	354	699	13
193.0	8473	20	26	12507	14	1175	1722	12
193.0	7887	16	10	12508	21	1645	1494	8
193.0	9002	45	43	12509	45	207	1062	21
193.0	9413	5	6	12510	4	1065	349	13
193.0	7817	14	11	12511	15	966	1979	12
193.0	11473	15	20	12512	10	820	1624	13
193.0	6932	24	23	12513	23	213	1042	12
193.0	9058	21	18	12514	24	1766	1242	16
193.0	9848	37	35	12515	37	1988	1619	15
193.0	9808	8	8	12516	7	404	803	16
193.0	10242	11	14	12517	8	542	624	14
193.0	9662	8	4	12518	11	213	729	11
193.0	8661	9	12	12519	6	1096	1742	12
193.0	9802	40	36	12520	42	583	1408	10
193.0	7335	16	12	12521	19	1591	1110	13
193.0	7287	18	17	12522	18	590	1487	14
193.0	8666	42	43	12523	39	1678	340	17
193.0	7632	20	17	12524	19	629	1628	12
193.0	8516	10	7	12525	12	1671	1007	13
193.0	8553	26	30	12526	20	1761	499	15
193.0	9857	24	27	12527	21	92	632	13
193.0	8676	17	17	12528	17	1913	827	14
193.0	7620	8	3	12529	11	908	442	15
193.0	7466	8	7	12530	9	1281	472	13
193.0	7393	18	14	12531	22	1943	1862	11
193.0	8877	13	9	12532	11	298	713	11
193.0	7063	8	7	12533	8	1170	1638	14
193.0	6942	1	0	12534	2	908	51	16
193.0	9577	23	18	12535	27	1638	1561	14
193.0	7777	11	10	12536	12	1756	673	15
193.0	7934	25	26	12537	24	1836	1703	13
193.0	9612	31	28	12538	34	120	1644	12
193.0	10305	13	12	12539	14	487	663	16
193.0	8696	4	5	12540	3	446	115	14
193.0	6986	31	28	12541	32	1823	81	17
193.0	8324	9	7	12542	10	592	1457	16
193.0	9643	18	20	12543	15	1768	30	16
193.0	7067	9	5	12544	12	1429	103	17
193.0	9305	24	21	12545	27	1811	1531	14
193.0	10880	10	9	12546	11	1700	975	11
193.0	7109	20	17	12547	21	650	644	12
193.0	10304	30	31	12548	29	449	1473	18
193.0	6903	12	15	12549	9	1999	1437	20
193.0	10306	19	17	12550	20	332	935	13
193.0	11806	36	37	12551	34	77	1095	12
193.0	8531	8	6	12552	10	1999	1727	18
193.0	9708	12	15	12553	9	1874	334	16
193.0	10377	21	18	12554	21	476	1580	14
193.0	9670	16	12	12555	19	1799	828	13
193.0	7390	6	7	12556	5	289	1151	13
193.0	8317	21	16	12557	24	342	1734	14
193.0	7108	14	14	12558	11	1710	1016	13
193.0	9202	22	23	12559	19	1549	692	11
193.0	8981	0	0	12560	0	480	771	16
193.0	9427	16	13	12561	19	1491	98	16
193.0	9423	29	28	12562	30	412	1960	12
193.0	9624	14	11	12563	17	1022	131	9
193.0	9017	18	20	12564	16	249	1780	15
193.0	9877	15	17	12565	13	1456	0	11
193.0	8519	26	29	12566	21	1300	463	10
193.0	8020	20	18	12567	22	1919	115	14
193.0	9604	9	6	12568	12	1260	393	16
193.0	10496	33	30	12569	35	1637	561	14
193.0	6904	11	8	12570	13	1220	1766	13
193.0	8575	13	10	12571	16	1028	283	11
193.0	9371	18	19	12572	17	1682	1764	10
193.0	7144	18	16	12573	20	1939	1832	11
193.0	9948	17	15	12574	18	1788	1320	16
193.0	9697	12	12	12575	12	519	1166	16
193.0	9557	19	19	12576	17	289	1195	13
193.0	10604	0	0	12577	0	674	1490	11
193.0	10014	16	11	12578	16	783	383	17
193.0	10463	28	26	12579	30	562	889	11
194.0	8892	27	23	12580	30	0	910	11
194.0	9805	27	27	12581	27	1038	1854	12
194.0	8463	2	2	12582	2	523	768	15
194.0	9610	27	27	12583	27	1860	1999	11
194.0	9625	7	3	12584	10	432	1172	14
194.0	9586	24	23	12585	25	1737	1721	16
194.0	8574	10	11	12586	8	503	84	13
194.0	8885	30	32	12587	28	577	352	17
194.0	9186	31	29	12588	33	95	1413	14
194.0	7270	0	0	12589	0	1570	1171	14
194.0	9158	12	14	12590	9	552	849	13
194.0	7257	25	25	12591	23	1941	1145	13
194.0	7106	9	8	12592	9	1018	1665	21
194.0	11174	18	14	12593	20	1481	1260	17
194.0	9320	23	24	12594	20	1951	759	15
194.0	8318	20	22	12595	18	1723	123	10
194.0	10302	23	24	12596	22	1271	93	16
194.0	8304	11	9	12597	12	678	1358	11
194.0	8573	42	41	12598	42	1863	884	21
194.0	10786	24	32	12599	13	1948	1999	15
194.0	9338	17	17	12600	17	171	1617	15
194.0	7051	18	21	12601	14	967	1676	13
194.0	10509	18	18	12602	17	1709	1591	12
194.0	7827	13	14	12603	10	1611	1270	17
194.0	10327	22	23	12604	18	1891	1563	14
194.0	11454	13	9	12605	17	1743	1303	18
194.0	10963	13	12	12606	13	1818	395	14
194.0	9796	23	21	12607	22	1960	1479	14
194.0	7029	38	37	12608	37	1547	1999	19
194.0	7251	0	0	12609	0	620	739	18
194.0	10114	10	10	12610	10	1850	395	13
194.0	7889	17	11	12611	22	1820	1015	11
194.0	7464	20	23	12612	16	1230	80	17
194.0	7377	19	18	12613	20	1301	1558	14
194.0	7884	23	25	12614	19	381	1999	14
194.0	10144	34	35	12615	32	1847	147	19
194.0	9795	16	14	12616	18	651	573	16
194.0	9435	23	21	12617	25	1918	59	20
194.0	10125	4	4	12618	3	718	352	14
194.0	9180	6	7	12619	5	1971	607	13
194.0	9478	22	22	12620	20	1820	504	14
194.0	8518	5	5	12621	5	1913	1486	16
194.0	9709	15	13	12622	17	407	1636	15
194.0	8278	13	13	12623	12	479	1885	13
194.0	9332	26	29	12624	20	1197	70	13
194.0	11211	11	11	12625	11	1436	201	11
194.0	8124	17	17	12626	15	1359	280	16
194.0	7633	7	9	12627	5	1192	1692	11
194.0	9431	2	3	12628	1	921	286	14
194.0	7009	6	7	12629	5	419	992	14
194.0	7406	9	12	12630	6	658	1309	14
194.0	7500	1	0	12631	2	1059	189	14
194.0	8086	21	26	12632	15	1802	1148	13
194.0	8684	28	25	12633	26	1657	1501	11
194.0	8505	8	8	12634	8	1739	1395	15
194.0	9835	20	19	12635	19	1688	415	15
194.0	11305	10	9	12636	11	953	401	12
194.0	9171	38	34	12637	40	1389	208	12
194.0	6948	25	27	12638	20	1450	242	16
194.0	11116	16	16	12639	16	323	1413	13
194.0	9236	10	13	12640	7	1874	721	13
194.0	9828	10	9	12641	10	623	1479	10
194.0	8488	11	11	12642	11	1199	1649	14
194.0	10266	12	10	12643	14	1345	50	12
194.0	10630	14	14	12644	14	818	424	15
194.0	9137	28	27	12645	27	1857	324	17
194.0	6974	24	25	12646	22	1500	749	10
194.0	8948	13	13	12647	12	1790	1091	14
194.0	9126	23	17	12648	27	1971	780	14
194.0	8749	18	13	12649	22	1109	50	11
194.0	9663	20	17	12650	21	127	460	13
194.0	7640	17	15	12651	19	1785	599	13
194.0	9371	19	11	12652	22	1682	1764	11
194.0	7692	10	15	12653	5	1764	999	14
194.0	8927	20	20	12654	18	418	1224	15
194.0	7934	26	31	12655	19	1836	1703	14
194.0	8198	7	8	12656	4	1248	1706	19
194.0	9239	26	27	12657	24	1549	460	12
194.0	9671	23	23	12658	22	434	1189	11
194.0	8619	13	11	12659	14	728	56	11
194.0	9144	18	22	12660	14	1632	1680	17
194.0	8661	12	12	12661	12	1096	1742	13
194.0	7979	19	23	12662	15	1502	1399	14
194.0	10842	8	8	12663	6	322	1154	14
194.0	9552	30	36	12664	22	643	1737	13
194.0	9598	11	9	12665	10	1958	693	13
194.0	7183	13	10	12666	16	1896	633	10
194.0	8966	1	0	12667	2	673	1623	12
194.0	8226	20	13	12668	26	992	1999	13
194.0	9907	16	17	12669	15	1222	327	16
194.0	9406	9	7	12670	11	224	1073	14
194.0	9761	22	17	12671	24	39	1053	16
194.0	11412	6	3	12672	9	1886	303	17
194.0	6986	28	31	12673	23	1823	81	18
194.0	10633	16	20	12674	9	1966	1144	12
194.0	8614	17	18	12675	16	1999	1667	13
194.0	10268	26	19	12676	32	106	1444	14
194.0	7976	13	16	12677	10	828	1590	14
194.0	9199	11	12	12678	10	777	232	15
194.0	9318	2	3	12679	1	610	350	13
194.0	9439	16	14	12680	16	590	1373	18
194.0	6927	15	16	12681	14	532	70	14
194.0	7077	0	0	12682	0	590	759	16
194.0	7243	17	16	12683	17	1247	1868	15
194.0	9911	10	13	12684	7	1653	1734	14
194.0	8289	32	37	12685	27	30	1901	13
194.0	9453	10	10	12686	9	1941	680	13
194.0	6871	16	12	12687	19	1086	42	15
194.0	10514	19	14	12688	24	794	370	16
194.0	10496	30	30	12689	28	1637	561	15
194.0	10289	16	16	12690	15	1724	1970	14
194.0	7025	22	15	12691	29	691	1695	13
194.0	9523	15	13	12692	15	753	433	16
194.0	7921	8	6	12693	10	621	1695	11
194.0	8128	23	21	12694	25	134	1020	11
194.0	7646	15	15	12695	14	848	1882	12
194.0	9701	13	15	12696	11	1762	708	15
194.0	7584	15	11	12697	18	1050	1675	11
194.0	8357	27	27	12698	27	1662	372	14
194.0	7471	21	22	12699	18	1635	591	15
194.0	7890	32	33	12700	30	1998	1805	16
194.0	9482	13	14	12701	12	508	51	14
194.0	7118	23	20	12702	24	1394	1611	13
194.0	10596	28	26	12703	29	1782	895	17
194.0	9676	27	20	12704	33	560	523	11
194.0	7846	15	12	12705	18	1879	1346	11
194.0	10481	22	26	12706	16	698	509	13
194.0	7067	5	7	12707	3	1429	103	18
194.0	8503	31	28	12708	29	182	818	14
194.0	6955	22	23	12709	19	510	981	17
194.0	8747	11	14	12710	7	1091	1519	11
194.0	8516	7	8	12711	6	1671	1007	14
194.0	8949	22	25	12712	14	1093	1618	12
194.0	7517	23	17	12713	29	1813	576	20
194.0	10641	20	20	12714	19	85	1523	18
194.0	8724	20	17	12715	21	1742	1112	16
195.0	10252	19	17	12716	20	1425	283	10
195.0	10838	38	45	12717	29	579	1071	12
195.0	10842	8	8	12718	7	322	1154	15
195.0	7265	18	22	12719	14	605	1093	13
195.0	8339	7	6	12720	8	1579	338	16
195.0	9183	7	7	12721	7	1778	1491	14
195.0	9894	17	16	12722	17	463	1848	14
195.0	9909	36	36	12723	34	1790	49	15
195.0	9735	7	4	12724	10	1891	668	14
195.0	9798	24	20	12725	27	1897	1373	13
195.0	8809	14	18	12726	8	157	1179	16
195.0	8709	25	25	12727	24	1752	775	16
195.0	7035	21	21	12728	20	358	221	14
195.0	9447	22	21	12729	21	486	1382	9
195.0	10702	2	1	12730	3	823	1697	13
195.0	8170	27	25	12731	27	728	450	14
195.0	7025	15	10	12732	18	691	1695	14
195.0	8927	20	15	12733	25	418	1224	16
195.0	8791	12	12	12734	11	326	1453	12
195.0	6927	16	18	12735	13	532	70	15
195.0	10067	18	16	12736	20	1993	100	12
195.0	10365	32	32	12737	31	837	346	12
195.0	9934	25	26	12738	24	86	1230	15
195.0	8497	29	31	12739	26	485	472	12
195.0	6879	15	9	12740	21	795	1699	12
195.0	9512	7	7	12741	6	1787	502	15
195.0	7767	22	19	12742	23	1809	869	14
195.0	7009	7	6	12743	8	419	992	15
195.0	9075	24	21	12744	26	1621	485	12
195.0	9442	12	9	12745	11	630	1111	12
195.0	7031	17	15	12746	17	16	931	16
195.0	10144	35	34	12747	32	1847	147	20
195.0	11209	11	9	12748	13	1974	669	15
195.0	7182	33	26	12749	38	35	47	14
195.0	10481	26	25	12750	25	698	509	14
195.0	9210	34	35	12751	31	1954	1801	13
195.0	7633	9	10	12752	7	1192	1692	12
195.0	11471	6	7	12753	5	803	314	11
195.0	10302	24	23	12754	24	1271	93	17
195.0	10992	9	7	12755	11	1632	684	11
195.0	10398	17	18	12756	15	1806	969	12
195.0	7038	20	17	12757	19	159	1090	15
195.0	7612	22	21	12758	20	632	0	15
195.0	11581	11	9	12759	11	487	497	17
195.0	7640	15	9	12760	21	1785	599	14
195.0	10665	9	10	12761	7	1940	716	13
195.0	8892	23	21	12762	22	0	910	12
195.0	11123	3	3	12763	3	418	1062	16
195.0	10125	4	4	12764	4	718	352	15
195.0	10384	38	35	12765	38	1837	1850	16
195.0	11141	14	11	12766	16	1600	629	17
195.0	6907	43	42	12767	41	0	1600	14
195.0	7051	21	22	12768	19	967	1676	14
195.0	7732	32	30	12769	31	1999	1561	17
195.0	8604	7	10	12770	4	1059	1608	12
195.0	11503	34	29	12771	36	1941	1478	15
195.0	10447	34	33	12772	35	966	114	12
195.0	9475	7	3	12773	10	1553	1569	14
195.0	10176	41	37	12774	42	1503	1568	16
195.0	7735	10	12	12775	8	1673	1689	14
195.0	12704	33	33	12776	31	569	513	12
195.0	9217	23	23	12777	23	1037	241	14
195.0	10088	6	8	12778	4	741	1522	13
195.0	9789	34	28	12779	38	875	92	11
195.0	8495	15	16	12780	14	555	1819	14
195.0	7361	20	16	12781	23	379	745	10
195.0	10244	24	27	12782	20	1109	1761	11
195.0	8561	12	13	12783	11	551	1384	11
195.0	10282	14	12	12784	16	1690	796	12
195.0	10427	22	23	12785	20	525	1492	13
195.0	8635	26	29	12786	20	468	1219	19
195.0	8476	43	51	12787	34	488	1628	13
195.0	10028	22	21	12788	21	474	1069	22
195.0	7806	37	42	12789	29	1957	984	17
195.0	10904	17	17	12790	17	535	1359	17
195.0	9209	9	10	12791	8	1017	326	11
195.0	9191	18	22	12792	12	1813	1158	12
195.0	9907	17	15	12793	17	1222	327	17
195.0	7067	7	4	12794	10	1429	103	19
195.0	9676	20	15	12795	24	538	523	12
195.0	10280	18	19	12796	17	1034	1738	18
195.0	10344	28	32	12797	24	1866	940	21
195.0	9459	27	32	12798	22	239	32	11
195.0	10540	15	14	12799	16	552	552	15
195.0	11322	26	29	12800	22	1639	1425	14
195.0	8331	16	13	12801	16	531	1117	16
195.0	8039	39	45	12802	31	441	684	12
195.0	11435	22	27	12803	17	1863	1475	19
195.0	7646	15	13	12804	17	848	1882	13
195.0	9919	41	36	12805	45	1638	1749	16
195.0	9293	11	11	12806	11	1968	1784	16
195.0	9525	14	13	12807	14	337	1218	18
195.0	9136	26	32	12808	18	1602	1776	12
195.0	10632	19	22	12809	16	1901	1403	14
195.0	7387	1	1	12810	1	1227	1680	17
195.0	11720	9	8	12811	10	1321	1958	15
195.0	10626	20	19	12812	20	641	1231	14
195.0	8185	24	27	12813	20	1637	1778	18
195.0	9248	24	24	12814	22	1949	1217	13
195.0	10294	10	8	12815	12	1551	1412	8
195.0	9670	12	9	12816	13	1799	828	14
195.0	9327	15	17	12817	12	1781	689	13
195.0	9171	34	32	12818	35	1389	208	13
195.0	6877	20	21	12819	19	1601	430	15
195.0	8464	6	4	12820	8	1711	1444	14
195.0	8505	8	11	12821	5	1739	1395	16
195.0	10644	25	27	12822	21	1521	192	14
195.0	10069	27	29	12823	22	1926	961	15
195.0	7686	6	6	12824	4	598	1922	15
195.0	10327	23	28	12825	17	1891	1563	15
195.0	8551	11	13	12826	9	1699	1303	20
195.0	8751	39	44	12827	32	205	688	15
195.0	10304	31	30	12828	32	449	1473	19
195.0	9758	16	12	12829	19	0	486	12
195.0	8278	13	11	12830	14	479	1885	14
195.0	8980	6	8	12831	3	1698	1387	13
195.0	7503	4	4	12832	3	1297	1701	12
195.0	7452	30	32	12833	26	869	1430	13
195.0	10711	5	5	12834	4	1713	1395	14
195.0	10970	41	37	12835	43	1641	701	15
195.0	7122	6	8	12836	3	1368	314	16
195.0	7183	10	12	12837	8	1896	633	11
195.0	8998	32	37	12838	26	1933	269	13
195.0	10164	9	11	12839	7	1833	668	14
195.0	10972	23	20	12840	26	1892	285	12
195.0	10809	27	19	12841	31	76	1358	16
195.0	8677	3	2	12842	4	1927	350	14
195.0	7776	33	34	12843	31	1933	438	14
196.0	10988	35	33	12844	36	1784	364	15
196.0	7956	13	14	12845	11	1892	1972	14
196.0	7928	19	17	12846	21	1710	352	11
196.0	8723	27	30	12847	21	1855	1966	15
196.0	7954	11	11	12848	11	568	243	15
196.0	10834	19	20	12849	17	620	580	15
196.0	8317	16	16	12850	14	342	1734	15
196.0	8036	13	15	12851	11	961	472	14
196.0	7378	35	33	12852	35	676	1978	14
196.0	8536	17	16	12853	17	1766	1751	9
196.0	10295	10	9	12854	11	1967	538	16
196.0	9907	15	8	12855	21	1144	310	18
196.0	9277	12	14	12856	10	1077	1749	12
196.0	6901	18	15	12857	20	229	1300	19
196.0	7481	9	8	12858	10	1578	1369	15
196.0	8353	46	45	12859	46	1893	83	16
196.0	8052	10	9	12860	11	648	1460	10
196.0	9724	5	7	12861	3	882	70	15
196.0	9813	32	28	12862	35	1925	0	19
196.0	8757	20	23	12863	16	206	1291	21
196.0	9839	3	3	12864	3	910	36	13
196.0	7840	17	13	12865	20	1681	693	12
196.0	9697	12	15	12866	7	519	1166	17
196.0	10152	28	25	12867	29	1525	1940	12
196.0	10379	23	22	12868	21	500	723	12
196.0	11030	20	20	12869	18	1884	1312	15
196.0	9524	20	17	12870	22	83	1250	10
196.0	10306	17	16	12871	18	332	935	14
196.0	9037	18	14	12872	22	386	1796	17
196.0	10077	10	11	12873	9	547	709	10
196.0	7380	27	25	12874	28	921	340	15
196.0	11001	6	2	12875	9	1710	143	12
196.0	10327	28	27	12876	27	1891	1563	16
196.0	8277	12	11	12877	13	1221	1761	12
196.0	8742	11	11	12878	11	1718	1654	15
196.0	9251	32	34	12879	29	1776	1517	16
196.0	9439	14	16	12880	12	590	1373	19
196.0	10034	8	10	12881	6	893	1726	13
196.0	8969	7	7	12882	7	931	1704	13
196.0	10915	40	37	12883	42	1883	455	17
196.0	7428	6	7	12884	5	827	66	11
196.0	7035	21	25	12885	16	358	221	15
196.0	9992	9	10	12886	8	1638	1468	9
196.0	9481	18	20	12887	16	1718	661	14
196.0	8895	17	14	12888	20	469	1108	11
196.0	7879	23	25	12889	21	1294	1737	12
196.0	7452	32	24	12890	39	869	1430	14
196.0	8190	10	15	12891	4	1640	1032	14
196.0	11211	11	9	12892	13	1436	201	12
196.0	8813	29	30	12893	27	526	417	14
196.0	10302	23	19	12894	25	1271	93	18
196.0	9133	22	20	12895	24	1926	1744	15
196.0	11435	27	22	12896	32	1863	1475	20
196.0	8857	6	9	12897	3	1960	493	13
196.0	9946	13	16	12898	10	1746	1567	13
196.0	9823	13	17	12899	8	1651	324	14
196.0	9707	27	33	12900	20	37	1161	11
196.0	10028	21	18	12901	23	474	1069	23
196.0	7686	6	6	12902	6	598	1922	16
196.0	7789	10	11	12903	9	151	773	11
196.0	9606	31	32	12904	28	932	1769	16
196.0	7743	5	5	12905	5	1107	380	16
196.0	9527	24	28	12906	19	16	1245	10
196.0	11642	29	28	12907	27	1178	217	17
196.0	10462	13	16	12908	10	1840	311	18
196.0	9752	26	26	12909	25	657	1758	14
196.0	10578	22	20	12910	22	1674	583	14
196.0	9027	24	19	12911	27	1696	848	14
196.0	7208	21	18	12912	22	751	160	12
196.0	11349	26	24	12913	26	1345	182	12
196.0	7904	20	18	12914	21	544	651	17
196.0	7182	26	19	12915	33	35	47	15
196.0	10019	14	10	12916	17	1621	1367	10
196.0	8543	9	10	12917	7	1042	1569	13
196.0	7732	30	31	12918	24	1999	1561	18
196.0	7454	1	2	12919	0	1310	1542	12
196.0	8716	42	32	12920	48	126	1999	12
196.0	6915	22	21	12921	22	1611	1554	14
196.0	10317	11	10	12922	10	1861	1138	14
196.0	11631	32	32	12923	30	46	1372	16
196.0	9960	24	23	12924	23	1483	1627	13
196.0	8634	7	7	12925	7	647	123	15
196.0	10088	8	9	12926	7	741	1522	14
196.0	9548	21	20	12927	22	1789	1899	16
196.0	10155	12	16	12928	8	1587	1270	14
196.0	8987	13	12	12929	14	1795	622	19
196.0	9663	17	18	12930	16	127	460	14
196.0	8148	14	14	12931	13	231	1518	14
196.0	7224	0	0	12932	0	664	1511	11
196.0	8220	15	16	12933	14	531	1310	14
196.0	10642	35	34	12934	33	240	1480	10
196.0	7598	11	7	12935	14	1898	860	15
196.0	6925	14	10	12936	16	1477	1683	13
196.0	11158	14	13	12937	15	1962	89	14
196.0	7907	27	26	12938	26	1933	1491	16
196.0	10970	37	39	12939	31	1641	701	16
196.0	11959	22	19	12940	22	346	423	16
196.0	9678	33	31	12941	33	131	1338	15
196.0	7028	26	26	12942	26	1482	1933	19
196.0	8910	26	26	12943	25	1427	1816	16
196.0	9404	22	21	12944	23	122	1279	13
196.0	9285	34	38	12945	29	796	338	15
196.0	9963	24	23	12946	22	282	1072	18
196.0	7844	9	5	12947	13	1868	593	16
196.0	9512	7	5	12948	9	1787	502	16
196.0	7585	13	14	12949	12	1982	677	15
196.0	9018	22	24	12950	18	1646	517	14
196.0	7942	7	8	12951	6	1513	1602	13
196.0	9102	5	3	12952	7	765	212	14
196.0	7612	21	22	12953	17	632	0	16
196.0	10237	9	10	12954	6	1707	937	12
196.0	10471	6	6	12955	6	1669	639	16
196.0	9987	10	11	12956	9	628	1938	15
196.0	8497	31	35	12957	26	485	472	13
196.0	8331	13	13	12958	13	531	1117	17
196.0	11564	21	19	12959	21	1372	157	22
196.0	8677	2	1	12960	3	1927	350	15
196.0	11182	24	18	12961	29	1711	1572	12
196.0	8243	8	9	12962	7	1248	468	11
196.0	8903	6	5	12963	7	708	1729	11
196.0	10399	9	9	12964	9	772	1510	10
196.0	9099	29	24	12965	30	1703	1975	14
196.0	7185	25	17	12966	31	1759	1999	16
196.0	7610	21	22	12967	19	423	717	14
196.0	8132	27	28	12968	25	70	1434	18
196.0	10428	11	10	12969	12	187	1109	15
196.0	9529	25	29	12970	20	900	1552	14
196.0	8430	11	11	12971	9	0	1879	16
196.0	9729	26	21	12972	29	1891	1933	14
196.0	8791	12	10	12973	13	326	1453	13
196.0	11593	16	18	12974	13	1079	1800	15
196.0	11942	7	7	12975	7	954	22	14
196.0	8770	18	16	12976	19	1796	1122	11
196.0	10012	13	16	12977	9	690	135	16
196.0	7051	22	25	12978	18	967	1676	15
196.0	7619	7	6	12979	7	454	254	15
196.0	8835	25	23	12980	25	1548	48	15
196.0	8226	13	9	12981	16	992	1999	14
196.0	9022	16	19	12982	13	468	719	14
196.0	9737	31	25	12983	36	1628	386	11
196.0	11455	7	8	12984	6	1014	1599	13
196.0	9095	35	26	12985	42	307	343	11
196.0	11354	21	23	12986	19	1741	1467	14
196.0	10304	30	28	12987	31	449	1473	20
196.0	8475	8	9	12988	7	939	372	13
196.0	8027	13	10	12989	16	1387	1474	12
196.0	10167	11	10	12990	12	977	1551	14
196.0	9940	15	18	12991	12	1780	1654	15
196.0	10693	16	13	12992	17	1392	1841	17
196.0	10166	23	25	12993	20	1590	1663	14
196.0	10727	6	4	12994	8	1028	1622	12
196.0	8589	12	13	12995	11	1742	280	10
197.0	7904	18	17	12996	19	544	651	18
197.0	9249	5	7	12997	3	1530	1437	11
197.0	9214	36	37	12998	34	1868	1192	20
197.0	9085	42	43	12999	38	1002	144	22
197.0	8696	5	7	13000	3	446	115	15
197.0	11624	39	37	13001	38	896	121	11
197.0	9960	23	28	13002	18	1483	1627	14
197.0	9839	3	1	13003	5	910	36	14
197.0	11217	14	12	13004	15	280	1637	16
197.0	9729	21	23	13005	16	1891	1933	15
197.0	9461	23	16	13006	27	192	1200	9
197.0	8692	18	18	13007	17	291	1580	11
197.0	10743	26	28	13008	24	1736	667	12
197.0	9397	10	11	13009	9	1200	225	17
197.0	8308	16	17	13010	15	1491	111	15
197.0	12136	5	4	13011	5	487	809	13
197.0	7825	24	25	13012	23	78	1170	12
197.0	7076	18	14	13013	21	1804	1560	15
197.0	7486	12	14	13014	8	1350	1938	11
197.0	7073	18	19	13015	16	542	97	16
197.0	10173	35	37	13016	31	132	1302	12
197.0	8145	25	21	13017	27	1305	178	16
197.0	11471	7	5	13018	9	803	314	12
197.0	9669	36	38	13019	33	347	1999	12
197.0	10815	11	12	13020	10	1154	1723	16
197.0	11056	14	15	13021	13	402	1725	14
197.0	9966	15	16	13022	13	1217	1945	13
197.0	11158	13	10	13023	16	1962	89	15
197.0	10448	13	7	13024	19	452	704	14
197.0	11104	26	25	13025	25	1348	122	16
197.0	8293	43	43	13026	42	1989	1072	25
197.0	11764	12	11	13027	13	877	1684	12
197.0	9624	11	13	13028	9	1022	131	10
197.0	11497	27	26	13029	27	172	1173	13
197.0	8561	13	11	13030	14	551	1384	12
197.0	12043	29	24	13031	30	1563	430	15
197.0	8231	23	24	13032	19	1677	852	11
197.0	10693	13	14	13033	12	1392	1841	18
197.0	8609	20	13	13034	26	1894	1709	16
197.0	9072	19	22	13035	14	1835	630	12
197.0	10378	20	22	13036	18	1720	1621	10
197.0	7536	29	28	13037	30	1999	324	21
197.0	7584	11	10	13038	12	1050	1675	12
197.0	7360	26	30	13039	22	964	176	11
197.0	8218	11	9	13040	12	634	383	16
197.0	7091	15	15	13041	14	276	1601	14
197.0	7779	7	7	13042	7	1160	271	14
197.0	8790	28	29	13043	26	1580	209	20
197.0	8997	12	11	13044	13	1858	820	13
197.0	7748	20	21	13045	19	902	311	16
197.0	7949	34	25	13046	42	1682	1999	14
197.0	9464	20	23	13047	17	1942	1407	18
197.0	8132	28	23	13048	29	70	1434	19
197.0	7276	18	11	13049	25	1668	797	11
197.0	8495	16	13	13050	18	555	1819	15
197.0	10384	35	30	13051	39	1837	1850	17
197.0	8838	21	24	13052	15	1590	808	13
197.0	8981	0	0	13053	0	480	771	17
197.0	8224	19	18	13054	20	1180	1853	14
197.0	11562	1	1	13055	1	423	803	16
197.0	9655	16	18	13056	13	913	1539	13
197.0	12026	6	7	13057	4	774	117	15
197.0	11479	4	5	13058	2	1012	357	13
197.0	9963	23	25	13059	19	282	1072	19
197.0	6881	12	11	13060	13	542	1985	17
197.0	10134	25	30	13061	19	1798	1438	11
197.0	7948	24	19	13062	29	1904	948	17
197.0	12351	9	6	13063	12	140	1855	21
197.0	7934	31	30	13064	27	1836	1703	15
197.0	12966	31	28	13065	32	1759	1984	17
197.0	10175	18	20	13066	16	1825	998	16
197.0	8680	23	23	13067	23	1755	1141	12
197.0	11177	20	16	13068	22	1587	1490	13
197.0	10219	19	22	13069	15	1239	393	16
197.0	9277	14	8	13070	20	1077	1749	13
197.0	9860	5	1	13071	9	450	329	14
197.0	7269	19	19	13072	19	141	661	14
197.0	8771	8	9	13073	6	942	256	15
197.0	6946	38	40	13074	34	1730	1942	20
197.0	9596	4	3	13075	5	1621	1139	12
197.0	8555	9	7	13076	11	1404	1748	12
197.0	8093	25	22	13077	27	1393	118	22
197.0	11128	3	3	13078	3	849	271	16
197.0	8666	43	49	13079	34	1678	340	18
197.0	9157	21	20	13080	22	691	437	13
197.0	8700	10	8	13081	11	1732	1286	19
197.0	10302	19	24	13082	13	1271	93	19
197.0	8577	32	36	13083	27	1396	93	14
197.0	10635	11	11	13084	10	1486	387	12
197.0	9141	8	7	13085	8	1828	1169	13
197.0	11401	41	34	13086	47	930	570	17
197.0	9833	9	9	13087	8	1728	1524	12
197.0	9761	17	15	13088	18	39	1053	17
197.0	11642	28	27	13089	29	1178	217	18
197.0	7844	5	4	13090	6	1868	593	17
197.0	8841	12	10	13091	14	1923	1617	14
197.0	7313	51	47	13092	51	1899	12	16
197.0	11322	29	25	13093	33	1629	1419	15
197.0	10731	21	19	13094	20	1859	1864	16
197.0	10573	7	8	13095	6	78	1890	21
197.0	8903	5	4	13096	6	708	1729	12
197.0	9505	14	14	13097	13	1542	660	15
197.0	7862	16	8	13098	23	807	1561	10
197.0	11034	22	19	13099	24	577	630	15
197.0	7875	14	18	13100	10	1851	629	15
197.0	9211	35	36	13101	34	321	329	12
197.0	9802	36	29	13102	38	583	1408	11
197.0	6928	19	20	13103	18	96	1148	16
197.0	9436	14	16	13104	12	726	190	11
197.0	11051	33	38	13105	26	1411	185	14
197.0	10712	2	2	13106	1	1363	1674	16
197.0	7493	15	18	13107	12	1460	1500	14
197.0	10716	24	22	13108	23	1740	1141	15
197.0	10096	11	10	13109	12	1668	1321	21
197.0	10440	12	9	13110	14	525	1956	16
197.0	9936	10	12	13111	8	751	1955	11
197.0	9020	11	13	13112	9	978	314	13
197.0	9809	29	30	13113	26	28	1200	12
197.0	9672	35	36	13114	33	1577	763	14
197.0	11776	25	19	13115	27	1887	1248	22
197.0	10675	35	32	13116	37	1784	75	16
197.0	9815	26	22	13117	28	670	417	16
197.0	10319	32	36	13118	27	610	1424	13
197.0	8640	37	39	13119	34	747	91	13
197.0	7615	14	15	13120	11	1987	558	16
197.0	9907	8	6	13121	10	1144	310	19
197.0	7730	12	12	13122	12	1943	1673	14
197.0	10431	23	19	13123	26	1018	1722	19
197.0	7156	5	7	13124	3	600	809	14
197.0	8875	17	13	13125	20	1383	1883	16
197.0	7152	34	45	13126	21	1724	680	12
197.0	9222	32	32	13127	31	1901	38	19
197.0	9022	19	17	13128	21	468	719	15
197.0	9796	21	22	13129	20	1960	1479	15
197.0	9941	12	10	13130	13	343	136	12
197.0	8526	11	12	13131	10	174	1293	18
197.0	9262	14	10	13132	15	1571	1317	17
197.0	7927	38	33	13133	42	1808	0	14
197.0	8321	13	11	13134	13	427	342	15
197.0	10428	10	13	13135	7	187	1109	16
197.0	7901	33	38	13136	26	403	1514	12
197.0	9914	52	50	13137	50	1619	174	20
197.0	8368	19	14	13138	22	1409	1614	12
197.0	9314	12	9	13139	15	318	1972	18
197.0	11352	10	7	13140	13	1677	1330	19
197.0	10964	6	8	13141	4	1506	651	16
197.0	7931	9	6	13142	11	1902	578	19
197.0	8208	13	14	13143	12	1719	1545	11
197.0	9502	29	27	13144	28	1459	1584	15
197.0	10330	18	20	13145	16	450	674	13
198.0	9770	17	16	13146	17	19	1876	12
198.0	12174	20	17	13147	23	368	734	10
198.0	11624	37	40	13148	33	896	121	12
198.0	9214	37	43	13149	31	1868	1192	21
198.0	12921	22	23	13150	20	1622	1542	15
198.0	11434	5	5	13151	5	586	58	12
198.0	9576	3	3	13152	3	934	1683	12
198.0	11462	17	18	13153	16	723	420	13
198.0	8814	44	53	13154	31	1800	473	11
198.0	7862	8	9	13155	6	807	1561	11
198.0	7487	21	20	13156	22	1408	1530	17
198.0	10302	24	29	13157	19	1271	93	20
198.0	8739	7	5	13158	9	1833	736	16
198.0	10530	18	18	13159	17	226	826	13
198.0	10385	8	6	13160	10	1816	852	11
198.0	10608	17	16	13161	16	588	308	13
198.0	10227	18	13	13162	21	1519	1899	13
198.0	6948	27	32	13163	21	1450	242	17
198.0	8651	24	20	13164	26	1810	938	22
198.0	7934	30	32	13165	26	1836	1703	16
198.0	11002	25	32	13166	18	1965	70	17
198.0	7704	18	16	13167	18	1612	563	14
198.0	9393	17	19	13168	12	1753	324	15
198.0	8880	23	26	13169	20	1445	121	14
198.0	7451	18	16	13170	20	1138	1618	15
198.0	10179	32	24	13171	38	1408	1578	12
198.0	7239	11	12	13172	9	1502	1660	12
198.0	10316	45	51	13173	35	572	122	12
198.0	11411	15	15	13174	14	1669	408	13
198.0	7317	16	17	13175	14	559	475	17
198.0	7283	11	8	13176	14	541	832	15
198.0	7313	47	44	13177	47	1899	12	17
198.0	9352	14	10	13178	18	1921	1066	17
198.0	9876	22	21	13179	22	1678	218	14
198.0	9284	41	36	13180	43	1864	539	13
198.0	7892	23	24	13181	22	1350	572	15
198.0	12637	40	34	13182	44	1389	208	13
198.0	11616	15	16	13183	14	1927	473	15
198.0	9698	12	13	13184	11	1572	533	15
198.0	7177	30	30	13185	25	1645	1999	13
198.0	8762	26	23	13186	29	1707	811	18
198.0	10272	18	18	13187	18	525	1931	15
198.0	9229	40	41	13188	38	1941	290	18
198.0	6939	10	9	13189	8	1764	1427	14
198.0	7495	37	35	13190	37	1652	664	14
198.0	7108	14	12	13191	14	1710	1016	14
198.0	10173	37	37	13192	33	132	1302	13
198.0	8609	13	13	13193	13	1894	1709	17
198.0	8467	19	20	13194	16	1587	146	15
198.0	9366	22	22	13195	21	61	929	11
198.0	8798	14	14	13196	12	1968	1455	14
198.0	9171	32	30	13197	31	1402	221	14
198.0	7741	7	6	13198	8	1608	1934	13
198.0	9939	6	5	13199	6	459	1860	15
198.0	11653	12	8	13200	16	499	509	18
198.0	8000	13	13	13201	13	551	1914	11
198.0	8889	18	14	13202	20	1790	1569	11
198.0	11368	5	5	13203	5	1066	280	11
198.0	11776	19	13	13204	24	1887	1248	23
198.0	10953	26	27	13205	23	1891	1734	16
198.0	10236	16	17	13206	14	1967	951	12
198.0	11150	40	48	13207	28	1939	166	19
198.0	10582	24	22	13208	25	1880	1783	13
198.0	8201	20	20	13209	18	325	1538	13
198.0	7503	4	5	13210	2	1297	1701	13
198.0	9620	5	5	13211	5	1049	299	15
198.0	8861	8	6	13212	9	1793	939	11
198.0	9494	30	29	13213	29	1933	242	13
198.0	7179	20	19	13214	21	117	2	14
198.0	10797	12	11	13215	13	1307	61	13
198.0	11790	9	7	13216	10	1761	674	13
198.0	9837	23	17	13217	27	1762	598	10
198.0	7689	31	28	13218	33	1999	1587	15
198.0	10791	10	9	13219	11	780	1472	11
198.0	7775	14	13	13220	13	1159	1759	17
198.0	11077	14	17	13221	11	1329	112	14
198.0	10617	31	32	13222	28	1636	432	13
198.0	6946	40	31	13223	45	1730	1942	21
198.0	9878	17	17	13224	15	1480	1432	13
198.0	7360	30	28	13225	32	964	176	12
198.0	7493	18	13	13226	23	1460	1500	15
198.0	8321	11	13	13227	8	427	342	16
198.0	7306	22	26	13228	18	1603	1641	9
198.0	9745	9	8	13229	8	2	1095	15
198.0	12293	21	23	13230	19	873	1578	13
198.0	10185	26	25	13231	26	459	1173	20
198.0	10238	21	21	13232	18	1847	1282	13
198.0	10146	13	13	13233	13	1137	1692	17
198.0	11264	16	13	13234	19	1776	1350	18
198.0	10244	27	23	13235	31	1109	1761	12
198.0	9664	11	8	13236	12	859	550	13
198.0	9527	28	21	13237	34	16	1245	11
198.0	8859	13	11	13238	15	457	1934	13
198.0	7506	26	28	13239	23	1818	1379	14
198.0	9020	13	11	13240	13	978	314	14
198.0	9074	20	21	13241	19	525	1906	16
198.0	10206	18	11	13242	24	727	1901	16
198.0	9918	16	11	13243	19	501	1663	14
198.0	11305	9	8	13244	9	953	419	13
198.0	10547	12	14	13245	10	639	1495	11
198.0	9737	25	31	13246	19	1628	386	12
198.0	6886	3	3	13247	3	884	36	14
198.0	11848	23	18	13248	25	1599	452	14
198.0	8173	24	26	13249	20	1756	1917	18
198.0	7264	11	12	13250	9	749	369	18
198.0	8813	30	26	13251	34	526	417	15
198.0	8382	10	9	13252	11	1511	390	11
198.0	8402	1	0	13253	2	1262	1639	16
198.0	8896	18	16	13254	19	1916	504	16
198.0	11493	18	16	13255	20	1940	395	13
198.0	10166	25	21	13256	27	1590	1684	15
198.0	9879	28	21	13257	34	1688	564	15
198.0	9141	7	6	13258	8	1828	1169	14
198.0	8633	19	16	13259	21	1697	1519	15
198.0	10068	18	17	13260	16	1873	493	15
198.0	8059	26	23	13261	27	1715	1890	15
198.0	10684	26	24	13262	27	1966	1638	17
198.0	10761	19	14	13263	21	1028	1791	14
198.0	10397	11	10	13264	12	392	191	12
198.0	9802	29	27	13265	31	583	1408	12
198.0	9819	10	10	13266	10	658	1843	12
198.0	11423	18	22	13267	14	953	1639	11
198.0	9618	11	11	13268	11	1988	1534	20
198.0	9258	46	42	13269	49	1890	389	20
198.0	9616	29	30	13270	25	777	46	11
198.0	11033	23	19	13271	27	39	1165	12
198.0	7424	9	10	13272	8	709	1442	11
198.0	10175	20	23	13273	14	1825	998	17
198.0	7904	17	15	13274	16	544	651	19
198.0	9914	50	56	13275	43	1619	174	21
198.0	11413	4	5	13276	3	1379	1619	15
198.0	7452	24	26	13277	20	869	1430	15
198.0	11391	10	12	13278	6	990	1716	21
198.0	10394	13	12	13279	13	1737	1176	13
198.0	9121	4	5	13280	3	1120	435	14
198.0	7821	4	2	13281	6	686	341	15
198.0	9921	8	7	13282	9	487	1857	12
198.0	11204	15	17	13283	12	181	566	14
198.0	7218	13	7	13284	18	1957	1247	14
198.0	8621	3	3	13285	3	400	716	13
198.0	10573	8	6	13286	10	78	1890	22
198.0	10855	15	13	13287	17	174	1018	11
198.0	7175	15	12	13288	17	1789	306	16
198.0	9267	19	25	13289	13	1102	418	14
198.0	8885	32	33	13290	30	488	276	18
198.0	11566	14	12	13291	14	422	136	13
198.0	7971	10	9	13292	10	774	1723	11
198.0	7584	10	7	13293	13	1062	1663	13
198.0	10382	21	20	13294	22	502	541	15
198.0	8746	24	22	13295	22	1557	1632	8
198.0	7091	15	12	13296	17	276	1601	15
198.0	10532	47	46	13297	47	33	1125	11
198.0	9091	9	10	13298	8	1977	1478	22
198.0	9922	24	27	13299	21	1928	1359	15
198.0	11215	40	45	13300	33	1650	939	15
198.0	9492	34	32	13301	30	840	54	16
198.0	12617	25	18	13302	29	1890	70	21
198.0	9748	13	12	13303	14	300	1441	15
198.0	8757	23	21	13304	24	206	1291	22
198.0	9957	13	15	13305	10	607	540	13
198.0	6887	14	16	13306	12	1169	1664	16
198.0	9923	5	5	13307	5	1519	830	13
198.0	9271	4	5	13308	3	408	894	15
198.0	10502	29	33	13309	25	1735	529	13
198.0	9157	20	18	13310	22	691	437	14
198.0	9875	27	25	13311	29	451	234	11
199.0	8632	32	37	13312	26	1853	1504	14
199.0	11391	12	15	13313	9	990	1716	22
199.0	8093	22	24	13314	19	1393	118	23
199.0	8077	12	8	13315	15	1692	990	11
199.0	12243	33	30	13316	33	1620	1861	15
199.0	10733	8	13	13317	3	1887	601	15
199.0	8596	5	5	13318	5	958	1845	12
199.0	9099	24	17	13319	31	1703	1975	15
199.0	10729	15	16	13320	13	999	489	17
199.0	6948	32	28	13321	35	1450	242	18
199.0	11622	22	21	13322	22	839	1564	11
199.0	8718	28	25	13323	28	1510	1311	12
199.0	11425	14	16	13324	12	500	1985	16
199.0	8609	13	13	13325	13	1894	1709	18
199.0	8959	22	21	13326	23	1748	58	16
199.0	11946	29	19	13327	39	639	1421	14
199.0	9152	7	7	13328	7	734	321	16
199.0	7091	12	13	13329	10	276	1601	16
199.0	8713	8	7	13330	9	821	1661	11
199.0	8467	20	19	13331	20	1587	146	16
199.0	10663	21	22	13332	20	260	1288	12
199.0	7854	19	17	13333	20	117	1231	10
199.0	9824	2	1	13334	3	489	911	16
199.0	9251	34	39	13335	29	1807	1530	17
199.0	9189	8	4	13336	11	1635	123	14
199.0	9644	11	13	13337	8	1974	1264	11
199.0	10451	19	16	13338	21	1963	1325	15
199.0	10104	38	34	13339	39	442	941	11
199.0	9833	9	9	13340	8	1728	1524	13
199.0	8481	26	27	13341	23	599	515	14
199.0	9197	23	28	13342	15	1191	1800	11
199.0	9430	8	6	13343	10	1159	491	10
199.0	8917	20	20	13344	19	532	1290	13
199.0	8202	16	20	13345	11	2	1105	16
199.0	7712	10	9	13346	11	900	395	12
199.0	11019	23	20	13347	24	519	1019	16
199.0	10319	36	45	13348	25	610	1424	14
199.0	9941	10	11	13349	9	343	136	13
199.0	8494	39	43	13350	35	0	1350	18
199.0	7862	9	10	13351	8	807	1561	12
199.0	9912	38	34	13352	38	80	1000	13
199.0	12617	18	20	13353	15	1890	70	22
199.0	9494	29	24	13354	33	1933	242	14
199.0	7804	8	5	13355	11	1800	145	16
199.0	9893	19	15	13356	21	1974	1721	17
199.0	7793	29	35	13357	19	865	320	15
199.0	11227	8	6	13358	9	1097	1703	13
199.0	7869	18	20	13359	16	337	414	16
199.0	10337	22	21	13360	22	1441	542	12
199.0	11151	1	2	13361	0	828	1682	14
199.0	7117	11	10	13362	12	669	212	14
199.0	9094	11	11	13363	10	1721	577	16
199.0	11778	20	19	13364	19	1613	97	15
199.0	11318	8	6	13365	9	1390	1704	17
199.0	9802	27	35	13366	19	583	1408	13
199.0	10345	27	24	13367	27	268	626	12
199.0	10552	34	23	13368	42	1840	1999	16
199.0	6894	7	9	13369	4	1747	549	19
199.0	7758	30	30	13370	29	953	92	15
199.0	9393	19	21	13371	17	1753	324	16
199.0	8540	20	20	13372	19	1691	603	13
199.0	11035	2	1	13373	3	1075	159	14
199.0	9743	10	9	13374	11	1968	272	16
199.0	8474	13	16	13375	9	1427	1609	9
199.0	9175	17	18	13376	15	320	968	15
199.0	11087	6	5	13377	7	679	1667	11
199.0	10972	20	25	13378	13	1892	285	13
199.0	9487	9	9	13379	9	1740	1627	16
199.0	7452	26	26	13380	23	869	1430	16
199.0	7471	22	21	13381	21	1635	591	16
199.0	12003	22	23	13382	21	748	1882	14
199.0	10613	4	5	13383	3	1468	1415	14
199.0	11305	8	4	13384	12	953	419	14
199.0	10789	26	21	13385	30	111	1338	15
199.0	10744	23	22	13386	23	761	184	13
199.0	10119	9	9	13387	9	776	1959	15
199.0	11755	19	17	13388	20	991	1645	14
199.0	9938	31	35	13389	24	1669	269	13
199.0	9290	7	5	13390	9	1990	1283	12
199.0	9857	27	28	13391	24	92	632	14
199.0	9520	7	8	13392	6	1886	561	19
199.0	11816	11	15	13393	7	934	1731	15
199.0	12294	33	22	13394	41	1619	120	13
199.0	8247	31	29	13395	32	1985	27	23
199.0	8896	16	16	13396	15	1916	504	17
199.0	12166	18	26	13397	10	1173	1906	13
199.0	8246	7	6	13398	8	1790	1183	16
199.0	7482	44	41	13399	43	1917	1590	14
199.0	10001	18	12	13400	23	1889	872	15
199.0	9596	3	2	13401	3	1621	1139	13
199.0	11204	17	13	13402	21	181	566	15
199.0	10583	16	13	13403	18	1836	163	12
199.0	8776	26	22	13404	30	934	194	14
199.0	8880	26	18	13405	30	1445	121	15
199.0	9746	23	23	13406	21	1977	1315	14
199.0	9768	16	17	13407	14	1591	619	17
199.0	9783	34	40	13408	25	791	1999	13
199.0	7546	19	20	13409	18	1579	1537	16
199.0	10812	11	13	13410	8	1710	1130	16
199.0	9730	18	15	13411	21	1028	39	11
199.0	9745	8	9	13412	7	2	1095	16
199.0	9258	42	41	13413	42	1890	389	21
199.0	12979	7	5	13414	9	466	241	16
199.0	10820	12	18	13415	6	720	126	14
199.0	7956	14	15	13416	13	1909	1972	15
199.0	8238	13	13	13417	13	1703	1198	14
199.0	7299	16	12	13418	19	1840	1606	18
199.0	8185	27	28	13419	26	1637	1778	19
199.0	7503	5	3	13420	6	1297	1701	14
199.0	12105	20	24	13421	16	1837	118	14
199.0	9837	17	18	13422	15	1762	598	11
199.0	8411	27	24	13423	29	45	1725	14
199.0	9093	25	20	13424	30	532	672	12
199.0	12539	14	16	13425	11	498	652	17
199.0	11665	13	13	13426	13	1700	1740	14
199.0	9063	20	16	13427	22	1270	571	14
199.0	6969	4	5	13428	3	998	439	17
199.0	8111	11	11	13429	11	1182	1695	14
199.0	11671	22	15	13430	28	1813	1117	13
199.0	7835	19	17	13431	18	345	948	14
199.0	7866	33	32	13432	32	1380	27	15
199.0	11736	5	4	13433	6	671	395	14
199.0	8263	25	25	13434	24	1999	1924	12
199.0	7459	13	12	13435	14	1837	140	14
199.0	11067	17	18	13436	12	950	1887	12
199.0	9662	4	2	13437	6	213	729	12
199.0	10717	10	8	13438	12	722	1649	12
199.0	7716	3	3	13439	2	1015	220	17
199.0	12313	11	10	13440	12	413	1938	17
199.0	7342	13	11	13441	14	1449	57	17
199.0	11369	18	17	13442	18	1885	1520	17
199.0	7450	20	14	13443	25	1527	1999	13
199.0	9022	17	17	13444	16	468	719	16
199.0	11260	19	20	13445	17	1082	1958	16
199.0	10021	7	8	13446	5	1001	194	11
199.0	10060	17	14	13447	18	0	347	13
199.0	9018	24	23	13448	22	1631	502	15
199.0	10608	16	11	13449	21	588	308	14
199.0	10294	8	6	13450	8	1551	1412	9
199.0	10760	44	44	13451	40	1921	1201	20
199.0	11981	7	7	13452	6	1659	433	15
199.0	8173	26	27	13453	24	1756	1917	19
199.0	9914	56	48	13454	52	1619	174	22
199.0	8276	23	21	13455	23	49	1310	13
199.0	9304	15	15	13456	14	61	1077	13
199.0	9558	43	40	13457	44	398	1442	13
199.0	10454	18	18	13458	17	1700	1557	13
199.0	8382	9	10	13459	8	1511	390	12
199.0	9972	24	19	13460	28	1704	610	11
199.0	8323	36	35	13461	33	1730	90	14
199.0	8434	17	16	13462	17	489	435	15
200.0	8574	11	11	13463	11	441	71	14
200.0	9063	16	13	13464	18	1270	571	15
200.0	11731	9	11	13465	7	388	245	13
200.0	7071	17	9	13466	23	22	1053	17
200.0	6932	23	20	13467	23	213	1042	13
200.0	7441	12	9	13468	15	188	891	13
200.0	10101	14	13	13469	15	1425	113	15
200.0	8093	24	27	13470	18	1393	140	24
200.0	8694	20	18	13471	19	537	250	16
200.0	10362	15	15	13472	15	250	529	16
200.0	8367	10	11	13473	8	606	1791	15
200.0	9117	30	28	13474	29	81	1469	16
200.0	10620	20	20	13475	20	21	711	13
200.0	7646	13	12	13476	14	848	1882	14
200.0	11151	2	2	13477	2	828	1682	15
200.0	10307	16	16	13478	15	52	1105	18
200.0	6948	28	28	13479	25	1470	351	19
200.0	10262	21	13	13480	29	735	147	11
200.0	10744	22	23	13481	21	761	184	14
200.0	7391	25	22	13482	27	1596	72	10
200.0	9980	17	15	13483	19	985	1872	15
200.0	7455	9	8	13484	10	1234	143	15
200.0	9944	26	22	13485	29	1853	1369	13
200.0	8339	6	6	13486	6	1579	338	17
200.0	12269	25	26	13487	22	1668	1926	19
200.0	10189	27	31	13488	23	311	1327	9
200.0	10747	8	7	13489	9	653	1663	11
200.0	8474	16	18	13490	14	1427	1609	10
200.0	10365	32	26	13491	37	821	330	13
200.0	8495	13	10	13492	15	555	1819	16
200.0	11888	15	15	13493	15	779	1619	13
200.0	9783	40	40	13494	37	791	1999	14
200.0	9291	26	30	13495	21	1548	639	13
200.0	9863	11	11	13496	11	545	442	15
200.0	10114	10	14	13497	6	1835	380	14
200.0	7519	31	25	13498	36	1786	1170	16
200.0	9055	12	11	13499	13	1914	1543	19
200.0	9601	16	14	13500	17	1868	1882	18
200.0	9099	17	19	13501	15	1703	1975	16
200.0	9644	13	14	13502	10	1974	1264	12
200.0	9202	23	29	13503	17	1549	692	12
200.0	10416	34	35	13504	31	993	299	15
200.0	8194	30	34	13505	24	1411	166	17
200.0	7000	15	20	13506	10	382	1218	24
200.0	9021	11	8	13507	14	1287	601	9
200.0	10969	15	15	13508	13	1233	1868	14
200.0	8202	20	17	13509	23	2	1105	17
200.0	11166	6	5	13510	7	1942	474	14
200.0	11665	13	12	13511	14	1700	1740	15
200.0	7981	36	34	13512	36	1394	1961	15
200.0	8218	9	12	13513	6	634	383	17
200.0	8591	42	40	13514	43	1939	1174	16
200.0	10679	9	9	13515	8	310	1654	14
200.0	7067	4	1	13516	7	1447	82	20
200.0	9120	24	20	13517	24	513	573	15
200.0	8632	37	37	13518	36	1853	1504	15
200.0	10726	4	2	13519	6	1329	1603	14
200.0	9801	12	11	13520	13	1712	1274	12
200.0	10273	2	4	13521	0	1783	1023	16
200.0	9920	33	30	13522	34	13	1167	14
200.0	10552	23	24	13523	22	1840	1999	17
200.0	10832	30	26	13524	31	1840	86	14
200.0	11222	23	16	13525	29	304	710	12
200.0	6982	1	2	13526	0	1320	1673	16
200.0	10920	34	34	13527	32	1858	728	16
200.0	9128	5	6	13528	4	802	90	17
200.0	9726	20	23	13529	16	1787	200	14
200.0	7625	7	8	13530	6	1043	1550	10
200.0	7546	20	25	13531	15	1579	1537	17
200.0	8928	9	7	13532	10	1835	568	18
200.0	11013	7	8	13533	6	642	1884	14
200.0	10119	9	10	13534	8	801	1912	16
200.0	7503	3	4	13535	2	1297	1701	15
200.0	11423	22	16	13536	27	953	1639	12
200.0	6918	34	28	13537	39	1813	1999	16
200.0	7193	13	14	13538	9	1347	1652	13
200.0	9250	25	24	13539	25	94	1621	15
200.0	9769	36	30	13540	40	1824	1822	14
200.0	11034	19	18	13541	19	577	630	16
200.0	8676	17	18	13542	16	1913	827	15
200.0	7450	14	14	13543	12	1527	1999	14
200.0	7294	37	29	13544	40	0	1928	15
200.0	10176	37	32	13545	40	1503	1568	17
200.0	7388	7	5	13546	9	721	308	18
200.0	10036	21	23	13547	18	1088	248	13
200.0	8289	37	39	13548	33	30	1901	14
200.0	10691	43	34	13549	51	684	0	13
200.0	10553	30	27	13550	28	1943	1592	16
200.0	11095	12	12	13551	12	93	293	14
200.0	8239	13	11	13552	11	1930	201	14
200.0	7474	31	25	13553	35	507	486	10
200.0	10657	19	20	13554	18	1987	1935	13
200.0	8818	15	16	13555	13	1928	408	15
200.0	7722	19	20	13556	18	1471	1675	15
200.0	11391	15	14	13557	16	990	1716	23
200.0	8896	16	9	13558	22	1916	504	18
200.0	6957	26	26	13559	26	1878	1056	15
200.0	9294	42	40	13560	43	1691	1880	17
200.0	8853	11	14	13561	8	154	1289	16
200.0	12287	26	26	13562	25	1335	153	16
200.0	12519	6	5	13563	6	1119	1744	13
200.0	8540	20	20	13564	17	1691	603	14
200.0	10949	25	24	13565	24	1554	1736	14
200.0	7529	10	11	13566	9	1874	1273	13
200.0	10568	26	23	13567	28	1452	1561	14
200.0	11176	24	19	13568	27	1789	1547	14
200.0	9911	13	15	13569	11	1631	1734	15
200.0	9462	10	11	13570	7	964	349	10
200.0	9204	48	46	13571	50	1960	194	15
200.0	8185	28	38	13572	17	1637	1778	20
200.0	9693	13	17	13573	9	1511	1698	16
200.0	8962	9	10	13574	8	738	1665	12
200.0	11480	33	33	13575	32	137	939	12
200.0	12523	39	47	13576	31	1656	318	18
200.0	12907	27	24	13577	28	1164	217	18
200.0	9584	21	17	13578	23	1833	331	13
200.0	9834	3	2	13579	4	1448	1651	11
200.0	12111	17	18	13580	15	1585	1911	13
200.0	9835	19	17	13581	19	1688	415	16
200.0	8259	13	12	13582	14	387	843	12
200.0	7243	16	14	13583	18	1263	1884	16
200.0	8373	48	55	13584	40	222	1347	18
200.0	10834	20	15	13585	25	620	580	16
200.0	7380	25	21	13586	29	921	340	16
200.0	7168	7	9	13587	4	1088	280	11
200.0	9842	12	18	13588	6	1437	1764	12
200.0	8110	23	26	13589	19	673	1812	17
200.0	10675	32	33	13590	29	1763	75	17
200.0	10583	13	15	13591	9	1836	163	13
200.0	9348	12	11	13592	13	1137	1671	14
200.0	10605	13	14	13593	12	1097	112	14
200.0	11286	24	27	13594	19	455	1279	24
200.0	9701	15	18	13595	12	1762	708	16
200.0	10776	18	15	13596	20	1825	207	14
200.0	8470	26	26	13597	25	99	1502	13
200.0	8633	16	14	13598	18	1697	1519	16
200.0	9268	12	17	13599	7	1837	834	14
200.0	9987	11	8	13600	13	649	1938	16
200.0	9298	30	32	13601	28	431	1432	10
200.0	10842	8	10	13602	6	322	1154	16
200.0	10109	4	2	13603	6	1871	523	15
200.0	7956	15	18	13604	12	1909	1972	16
200.0	9805	27	27	13605	26	1038	1854	13
200.0	10789	21	18	13606	24	111	1338	16
200.0	8842	10	8	13607	12	1545	231	12
200.0	9366	22	15	13608	29	61	929	12
200.0	8609	13	9	13609	15	1894	1709	19
200.0	10615	20	20	13610	18	27	1642	12
200.0	7295	22	17	13611	22	66	1250	13
200.0	10635	11	12	13612	9	1486	387	13
200.0	10852	36	37	13613	31	1929	92	18
200.0	8360	34	39	13614	28	1484	1762	13
200.0	8459	38	39	13615	36	849	360	13
200.0	10081	12	14	13616	10	1360	1999	14
200.0	9470	24	30	13617	17	1834	1570	19
200.0	9483	29	24	13618	33	438	1594	15
200.0	12103	20	17	13619	21	1570	1417	13
200.0	10750	13	19	13620	7	1160	51	15
200.0	9934	26	36	13621	15	86	1230	16
200.0	8776	22	19	13622	20	934	194	15
200.0	11227	6	7	13623	5	1097	1703	14
200.0	11192	35	34	13624	34	1811	1430	12
200.0	10732	16	20	13625	12	1843	45	17
200.0	9629	7	5	13626	8	672	108	13
200.0	11359	8	7	13627	9	1152	377	16
200.0	12802	31	32	13628	28	409	697	13
201.0	8200	21	21	13629	21	1640	227	13
201.0	8766	21	24	13630	18	335	699	14
201.0	10204	47	56	13631	37	534	1561	16
201.0	11076	7	6	13632	8	369	1044	15
201.0	9063	13	13	13633	13	1270	550	16
201.0	9210	35	35	13634	33	1954	1801	14
201.0	8492	20	19	13635	20	467	587	12
201.0	11666	30	26	13636	34	1857	1010	21
201.0	10797	11	13	13637	9	1307	61	14
201.0	7193	14	16	13638	12	1347	1652	14
201.0	10461	14	14	13639	14	408	1912	15
201.0	11857	5	4	13640	6	1934	1279	11
201.0	8842	8	6	13641	9	1545	231	13
201.0	9423	28	26	13642	29	412	1960	13
201.0	9268	17	19	13643	15	1837	834	15
201.0	10474	11	12	13644	9	25	1455	17
201.0	9285	38	40	13645	35	796	338	16
201.0	7155	6	5	13646	7	1059	1768	13
201.0	11099	10	11	13647	8	1736	1670	15
201.0	9315	19	14	13648	21	622	240	12
201.0	12103	17	10	13649	21	1570	1417	14
201.0	10835	10	11	13650	8	1440	1935	17
201.0	7835	17	16	13651	16	345	948	15
201.0	7825	25	22	13652	27	78	1170	13
201.0	8185	38	28	13653	46	1637	1778	21
201.0	8307	16	19	13654	13	387	1110	16
201.0	9002	43	34	13655	48	207	1062	22
201.0	9769	30	32	13656	26	1824	1822	15
201.0	10691	34	39	13657	28	684	0	14
201.0	10784	15	16	13658	14	639	464	11
201.0	8705	19	23	13659	15	1578	1663	14
201.0	9332	29	26	13660	31	1197	70	14
201.0	8834	26	25	13661	25	1795	1848	15
201.0	8019	11	10	13662	12	180	1253	16
201.0	11888	15	16	13663	13	779	1619	14
201.0	9909	36	31	13664	38	1790	49	16
201.0	11048	24	29	13665	18	1960	1972	13
201.0	9136	32	27	13666	34	1593	1789	13
201.0	8348	8	8	13667	8	1593	503	13
201.0	8068	26	24	13668	25	1892	939	16
201.0	9294	40	34	13669	43	1691	1880	18
201.0	10342	11	9	13670	13	1245	1750	12
201.0	9887	24	25	13671	21	363	1353	16
201.0	8940	7	7	13672	7	199	349	13
201.0	11162	27	27	13673	27	1277	1780	12
201.0	9619	1	1	13674	1	817	175	15
201.0	7507	11	11	13675	10	418	1080	16
201.0	11063	13	15	13676	11	1801	1926	18
201.0	9162	16	14	13677	18	564	1858	12
201.0	10024	17	15	13678	18	822	1979	11
201.0	9893	15	17	13679	13	1974	1721	18
201.0	9346	13	13	13680	13	1698	433	15
201.0	11096	19	18	13681	17	1510	594	13
201.0	8540	20	23	13682	16	1691	603	15
201.0	10693	14	14	13683	14	1392	1841	19
201.0	8078	11	12	13684	9	1823	641	16
201.0	11433	15	12	13685	17	1576	1579	15
201.0	6881	11	11	13686	10	542	1985	18
201.0	9099	19	14	13687	22	1703	1975	17
201.0	10099	30	24	13688	33	1763	1896	15
201.0	10789	18	15	13689	21	111	1338	17
201.0	7391	22	27	13690	16	1596	72	11
201.0	8223	31	37	13691	24	868	0	10
201.0	7384	46	48	13692	43	339	0	13
201.0	9444	16	10	13693	22	304	1392	14
201.0	9803	25	23	13694	25	748	1569	12
201.0	11334	28	25	13695	31	38	1409	15
201.0	9248	24	28	13696	17	1949	1217	14
201.0	11619	15	15	13697	15	1586	1749	16
201.0	7969	3	5	13698	1	1940	592	15
201.0	10963	12	17	13699	7	1800	394	15
201.0	11100	19	19	13700	18	1114	1926	15
201.0	8459	39	37	13701	41	849	360	14
201.0	11558	29	27	13702	28	1850	926	22
201.0	8740	23	18	13703	25	45	1687	14
201.0	8296	12	14	13704	9	1779	1061	11
201.0	12715	21	23	13705	19	1737	1101	17
201.0	10749	9	9	13706	9	1903	275	15
201.0	12551	34	25	13707	41	91	1079	13
201.0	8375	11	11	13708	11	1959	1670	15
201.0	7454	2	2	13709	2	1310	1542	13
201.0	9972	19	22	13710	15	1704	610	12
201.0	10898	13	11	13711	15	1857	1297	16
201.0	12953	17	14	13712	20	632	14	17
201.0	8556	24	20	13713	27	440	462	16
201.0	7008	23	20	13714	26	478	1149	19
201.0	8425	34	33	13715	34	1726	621	16
201.0	11139	12	10	13716	14	345	1022	14
201.0	7208	18	18	13717	18	768	160	13
201.0	10232	4	5	13718	3	797	155	15
201.0	6892	20	17	13719	22	300	0	14
201.0	8929	2	4	13720	0	1130	458	16
201.0	8853	14	11	13721	17	154	1289	17
201.0	11436	20	19	13722	20	1415	1677	12
201.0	10625	29	24	13723	33	316	1999	14
201.0	9903	8	5	13724	9	721	1794	12
201.0	10423	30	32	13725	27	1601	958	17
201.0	10974	21	26	13726	15	1577	1696	14
201.0	10262	13	10	13727	16	735	147	12
201.0	11686	3	5	13728	1	345	878	17
201.0	11459	28	24	13729	26	1675	529	14
201.0	10229	13	16	13730	9	1791	1381	17
201.0	8218	12	9	13731	15	634	383	18
201.0	10971	11	9	13732	11	1952	733	15
201.0	8651	20	18	13733	21	1810	938	23
201.0	10534	10	7	13734	13	526	488	16
201.0	7052	23	23	13735	21	1999	493	14
201.0	6972	25	22	13736	26	94	1320	16
201.0	11021	7	6	13737	8	958	1908	12
201.0	12021	33	34	13738	29	1650	1457	15
201.0	9838	8	9	13739	6	1088	331	16
201.0	9842	18	18	13740	17	1437	1792	13
201.0	7404	29	35	13741	20	1540	1774	16
201.0	7210	26	25	13742	25	1999	384	17
201.0	10431	19	15	13743	23	1018	1722	20
201.0	11249	17	19	13744	15	1655	1604	11
201.0	10346	16	17	13745	15	1690	643	13
201.0	11079	6	4	13746	7	1935	650	13
201.0	7705	9	8	13747	9	648	159	15
201.0	9561	3	2	13748	4	1257	1769	17
201.0	11310	34	40	13749	26	668	1902	17
201.0	10233	12	11	13750	12	978	1775	13
201.0	10914	13	12	13751	13	1743	1272	19
201.0	10683	20	19	13752	20	627	1769	14
201.0	9881	13	18	13753	7	420	652	11
201.0	7594	15	20	13754	10	753	1934	13
201.0	9652	13	17	13755	9	1683	660	14
201.0	7183	12	16	13756	7	1896	633	12
201.0	10265	15	14	13757	15	1056	1971	12
201.0	10732	20	26	13758	14	1843	45	18
202.0	9371	11	9	13759	13	1682	1764	12
202.0	9530	7	4	13760	9	904	271	16
202.0	8086	26	24	13761	28	1778	1146	14
202.0	7681	31	28	13762	32	361	488	13
202.0	12704	33	42	13763	21	569	513	13
202.0	9957	15	16	13764	14	607	540	14
202.0	12021	34	33	13765	33	1650	1457	16
202.0	10246	10	12	13766	7	1188	341	18
202.0	10749	9	9	13767	9	1903	275	16
202.0	6871	12	15	13768	8	1086	42	16
202.0	9051	30	26	13769	33	1892	1329	16
202.0	10039	27	26	13770	28	1531	303	15
202.0	10643	17	15	13771	19	769	1827	11
202.0	11414	29	26	13772	31	1672	1501	11
202.0	12103	10	7	13773	12	1570	1417	15
202.0	9978	17	15	13774	17	1982	1640	17
202.0	12492	27	27	13775	25	1319	259	12
202.0	11852	22	23	13776	20	1010	50	15
202.0	12512	10	14	13777	6	831	1624	14
202.0	9970	15	17	13778	12	781	1600	13
202.0	8721	35	29	13779	38	1590	1343	15
202.0	11452	54	52	13780	48	1922	1106	24
202.0	11558	27	24	13781	28	1850	926	23
202.0	8164	25	17	13782	30	1888	841	13
202.0	11861	20	26	13783	14	570	445	17
202.0	8956	24	25	13784	23	1015	1870	13
202.0	9521	16	12	13785	19	1701	1430	13
202.0	9648	15	17	13786	13	537	317	13
202.0	7566	18	15	13787	21	1766	1710	14
202.0	11806	37	39	13788	34	97	1095	13
202.0	8930	32	28	13789	34	1957	378	17
202.0	10718	24	23	13790	22	490	583	17
202.0	9469	4	4	13791	3	672	1461	11
202.0	11026	35	38	13792	29	1804	1373	15
202.0	10868	16	19	13793	13	1531	1722	13
202.0	9118	19	21	13794	16	1065	32	16
202.0	12179	21	22	13795	19	716	1758	14
202.0	11114	13	9	13796	16	632	42	15
202.0	6902	19	15	13797	22	96	150	17
202.0	7951	7	6	13798	7	653	332	15
202.0	8294	37	37	13799	34	1165	251	14
202.0	10136	40	45	13800	33	1151	1900	17
202.0	12042	10	11	13801	8	1165	13	17
202.0	9062	15	12	13802	18	572	466	14
202.0	6908	24	23	13803	23	1715	1999	16
202.0	12859	46	48	13804	44	1886	94	17
202.0	10068	17	18	13805	14	1873	493	16
202.0	7988	19	13	13806	22	1079	1768	16
202.0	9002	34	31	13807	35	207	1062	23
202.0	8540	23	24	13808	22	1691	603	16
202.0	7317	17	20	13809	13	559	431	18
202.0	8675	15	15	13810	15	1066	372	18
202.0	11246	11	14	13811	8	1830	365	17
202.0	12040	18	19	13812	17	760	1391	13
202.0	8442	7	7	13813	6	909	1619	11
202.0	9482	14	12	13814	15	508	51	15
202.0	9444	10	9	13815	11	304	1392	15
202.0	8975	23	20	13816	25	1294	1960	16
202.0	7839	27	27	13817	25	590	1788	12
202.0	8173	27	25	13818	27	1756	1917	20
202.0	9285	40	37	13819	39	796	338	17
202.0	8940	7	7	13820	7	199	349	14
202.0	10025	38	36	13821	37	1563	123	13
202.0	10223	13	16	13822	10	731	1442	9
202.0	7743	5	2	13823	8	1123	380	17
202.0	10079	33	28	13824	37	1588	1970	15
202.0	10981	23	28	13825	18	1866	1617	18
202.0	7692	15	12	13826	16	1764	999	15
202.0	7459	12	9	13827	15	1837	140	15
202.0	8078	12	11	13828	13	1823	641	17
202.0	9911	15	18	13829	11	1631	1734	16
202.0	11683	29	34	13830	22	1904	237	13
202.0	8255	6	6	13831	6	421	784	13
202.0	8853	11	10	13832	11	154	1289	18
202.0	7817	11	11	13833	11	934	1947	13
202.0	12243	30	29	13834	30	1620	1861	16
202.0	11745	3	1	13835	5	899	73	14
202.0	10957	19	22	13836	15	1861	1402	16
202.0	9924	8	10	13837	6	1285	39	17
202.0	10201	21	23	13838	18	1854	663	13
202.0	9994	25	26	13839	24	343	623	14
202.0	11048	29	23	13840	34	1960	1972	14
202.0	10667	12	8	13841	16	582	1939	14
202.0	9859	31	28	13842	30	765	1999	13
202.0	7391	27	21	13843	29	1596	72	12
202.0	11459	24	22	13844	26	1675	529	15
202.0	9614	16	16	13845	15	503	1870	12
202.0	10504	32	34	13846	30	890	361	13
202.0	10631	48	50	13847	44	115	1403	12
202.0	11286	27	25	13848	29	455	1279	25
202.0	11642	27	32	13849	21	1192	231	19
202.0	10260	8	8	13850	8	681	1728	12
202.0	12011	19	23	13851	14	80	1390	21
202.0	12936	16	15	13852	16	1429	1711	14
202.0	8700	8	7	13853	9	1732	1286	20
202.0	10017	13	14	13854	12	1633	751	11
202.0	7217	4	2	13855	6	1986	693	15
202.0	7088	31	32	13856	28	989	1952	16
202.0	9459	32	34	13857	30	239	32	12
202.0	8438	19	23	13858	14	82	388	10
202.0	6955	23	19	13859	26	510	981	18
202.0	7236	10	6	13860	13	804	302	12
202.0	10620	20	21	13861	17	21	711	14
202.0	8494	43	34	13862	51	0	1350	19
202.0	6977	5	4	13863	5	1688	1675	15
202.0	7362	6	4	13864	8	1289	499	13
202.0	8969	7	7	13865	6	911	1704	14
202.0	10674	25	24	13866	25	1366	74	16
202.0	12425	14	18	13867	9	752	276	17
202.0	10984	17	17	13868	15	1402	1905	11
202.0	7008	20	20	13869	20	478	1149	20
202.0	8950	17	19	13870	13	1110	280	10
202.0	10974	26	28	13871	24	1557	1696	15
202.0	10305	12	13	13872	11	451	630	17
202.0	9075	21	22	13873	20	1621	485	13
202.0	7729	13	9	13874	17	503	1731	12
202.0	6972	22	21	13875	21	94	1274	17
202.0	8819	17	14	13876	19	346	1567	11
202.0	11933	11	13	13877	9	1919	1604	14
202.0	7499	19	17	13878	21	1141	0	16
202.0	12082	18	15	13879	20	428	427	16
202.0	9435	21	22	13880	18	1902	59	21
202.0	8982	5	6	13881	4	142	1124	17
202.0	11730	5	2	13882	8	1907	308	19
202.0	9133	20	21	13883	19	1926	1761	16
202.0	9820	13	13	13884	13	362	1938	13
202.0	7393	14	17	13885	11	1943	1862	12
202.0	9810	6	6	13886	6	729	1586	12
202.0	10623	24	18	13887	30	1141	32	11
202.0	9909	31	26	13888	35	1790	49	17
202.0	8066	10	12	13889	7	1890	534	15
202.0	9586	23	24	13890	21	1737	1767	17
202.0	10474	12	14	13891	10	25	1455	18
202.0	9137	27	28	13892	25	1857	324	18
202.0	9619	1	2	13893	0	817	175	16
202.0	9304	15	14	13894	14	77	1061	14
202.0	8060	9	7	13895	11	447	1754	13
202.0	13385	30	33	13896	24	149	1338	16
202.0	9582	11	14	13897	8	682	479	12
202.0	9833	9	9	13898	9	1728	1524	14
202.0	10006	20	18	13899	21	1845	1587	13
202.0	8218	9	11	13900	7	634	383	19
202.0	9875	25	26	13901	23	451	234	12
202.0	11162	27	28	13902	25	1277	1780	13
202.0	7496	10	10	13903	10	1778	1464	13
202.0	11619	15	14	13904	15	1586	1749	17
202.0	8892	21	21	13905	21	0	910	13
202.0	12158	34	31	13906	37	1385	1803	17
202.0	13536	27	25	13907	28	949	1658	13
202.0	9799	13	11	13908	14	1050	1640	14
202.0	12650	21	22	13909	20	93	175	14
202.0	7404	35	37	13910	33	1540	1774	17
202.0	9515	28	23	13911	31	1832	1387	14
202.0	8572	26	25	13912	25	822	1888	17
202.0	13021	13	8	13913	18	382	1725	15
202.0	7835	16	19	13914	11	345	948	16
202.0	7182	19	16	13915	22	35	47	16
202.0	10198	10	7	13916	13	1900	988	12
202.0	10131	8	10	13917	6	1938	510	15
202.0	9758	12	7	13918	16	0	486	13
203.0	11128	3	2	13919	4	849	271	17
203.0	10752	21	26	13920	16	382	1234	22
203.0	12021	33	34	13921	31	1650	1457	17
203.0	8505	11	9	13922	13	1729	1405	17
203.0	10549	8	8	13923	8	1747	1700	11
203.0	11941	27	26	13924	26	969	1944	16
203.0	10194	28	26	13925	27	1868	81	17
203.0	9186	29	24	13926	32	110	1428	15
203.0	11349	24	20	13927	27	1345	201	13
203.0	7721	31	31	13928	28	1981	213	16
203.0	12243	29	26	13929	28	1620	1861	17
203.0	12169	33	26	13930	39	260	1014	12
203.0	10742	15	17	13931	13	872	167	16
203.0	6892	17	14	13932	18	300	0	15
203.0	9340	16	12	13933	17	1756	1558	14
203.0	10468	14	13	13934	13	1420	29	12
203.0	7811	10	5	13935	14	548	1863	14
203.0	12422	15	14	13936	16	1641	1270	17
203.0	7827	14	14	13937	13	1611	1270	18
203.0	7566	15	11	13938	17	1766	1710	15
203.0	10325	14	11	13939	16	1290	1613	16
203.0	8239	11	11	13940	10	1930	201	15
203.0	7487	20	21	13941	19	1408	1530	18
203.0	10006	18	10	13942	24	1845	1587	14
203.0	8173	25	13	13943	35	1756	1917	21
203.0	8464	4	6	13944	2	1699	1454	15
203.0	9988	10	11	13945	9	1069	480	14
203.0	10299	16	16	13946	15	1973	1852	11
203.0	7496	10	12	13947	8	1778	1464	14
203.0	11918	14	15	13948	13	1720	1144	13
203.0	10575	11	14	13949	7	948	1742	15
203.0	8373	55	55	13950	45	222	1347	19
203.0	9810	6	6	13951	6	729	1586	13
203.0	10441	28	32	13952	24	1604	299	13
203.0	7481	8	5	13953	10	1578	1369	16
203.0	8853	10	13	13954	7	154	1289	19
203.0	11427	4	2	13955	6	1332	1715	12
203.0	8724	17	23	13956	9	1742	1112	17
203.0	10507	19	17	13957	20	1912	1436	19
203.0	8739	5	6	13958	4	1833	736	17
203.0	9859	28	28	13959	26	765	1999	14
203.0	9435	22	25	13960	18	1902	59	22
203.0	8201	20	24	13961	15	325	1538	14
203.0	10604	0	0	13962	0	690	1490	12
203.0	10136	45	44	13963	46	1137	1999	18
203.0	11579	25	29	13964	21	1042	39	14
203.0	10981	28	19	13965	35	1866	1617	19
203.0	11130	30	33	13966	26	1585	1934	18
203.0	8765	40	41	13967	36	1373	1791	17
203.0	12164	17	17	13968	16	1598	1441	15
203.0	11461	16	18	13969	13	1856	1948	13
203.0	10674	24	26	13970	21	1366	74	17
203.0	11481	19	23	13971	14	1898	908	13
203.0	11146	3	4	13972	2	1685	118	13
203.0	7585	14	15	13973	11	1982	677	16
203.0	9770	16	13	13974	16	19	1876	13
203.0	12633	26	19	13975	31	1657	1500	12
203.0	8640	39	44	13976	29	747	91	14
203.0	9326	31	31	13977	30	951	1623	15
203.0	10629	26	26	13978	26	258	1518	14
203.0	8635	29	25	13979	33	468	1219	20
203.0	7677	34	28	13980	39	1540	1556	17
203.0	8060	7	7	13981	7	447	1754	14
203.0	7646	12	12	13982	12	848	1882	15
203.0	11366	13	13	13983	13	1942	1746	15
203.0	10977	7	6	13984	8	662	491	12
203.0	10428	13	12	13985	14	187	1109	17
203.0	11190	36	38	13986	33	1442	152	15
203.0	10363	18	15	13987	19	54	973	16
203.0	8761	13	10	13988	16	1457	1952	19
203.0	9002	31	39	13989	23	207	1062	24
203.0	9815	22	20	13990	23	670	417	17
203.0	12859	48	45	13991	49	1886	94	18
203.0	9793	25	24	13992	25	37	839	13
203.0	10732	26	29	13993	21	1843	45	19
203.0	10944	26	23	13994	28	1372	1977	12
203.0	8255	6	7	13995	5	421	784	14
203.0	7359	17	18	13996	16	1773	0	18
203.0	10418	19	18	13997	19	878	430	14
203.0	11874	14	15	13998	13	486	1756	13
203.0	13591	9	13	13999	5	1822	201	14
203.0	12395	29	20	14000	33	571	520	11
203.0	8093	27	22	14001	28	1393	140	25
203.0	9971	21	26	14002	15	1982	181	12
203.0	7288	12	12	14003	11	365	22	12
203.0	9929	3	2	14004	4	872	277	16
203.0	9580	15	13	14005	17	1789	453	13
203.0	10776	15	16	14006	14	1795	237	15
203.0	9844	26	23	14007	28	1834	1801	14
203.0	8287	10	10	14008	9	716	1857	11
203.0	9295	26	29	14009	23	1561	472	15
203.0	8169	4	5	14010	2	1192	412	18
203.0	10950	15	17	14011	13	464	1030	10
203.0	9911	18	20	14012	15	1631	1734	17
203.0	10263	29	27	14013	27	1587	120	14
203.0	8357	27	26	14014	27	1649	359	15
203.0	9112	6	5	14015	7	480	861	12
203.0	8604	10	11	14016	9	1059	1608	13
203.0	10461	14	15	14017	13	408	1912	16
203.0	9644	14	13	14018	15	1974	1264	13
203.0	9627	32	30	14019	33	1800	545	20
203.0	9368	16	15	14020	17	1892	1608	17
203.0	9698	13	13	14021	12	1572	533	16
203.0	9581	5	5	14022	5	1111	326	14
203.0	10021	8	7	14023	9	1001	194	12
203.0	9104	25	21	14024	28	1482	1984	13
203.0	8898	9	8	14025	10	538	213	12
203.0	9153	9	8	14026	9	1395	392	12
203.0	9229	41	38	14027	43	1950	299	19
203.0	7809	9	11	14028	6	1420	488	8
203.0	10096	10	7	14029	13	1668	1321	22
203.0	13857	30	33	14030	23	256	32	13
203.0	6927	18	21	14031	14	532	70	16
203.0	10870	30	23	14032	34	1387	1763	13
203.0	10247	20	20	14033	20	1958	557	15
203.0	11414	26	24	14034	26	1672	1501	12
203.0	7839	27	31	14035	20	590	1788	13
203.0	10889	50	47	14036	50	1939	1191	15
203.0	7921	6	8	14037	4	608	1708	12
203.0	11894	25	25	14038	25	1789	1286	14
203.0	9028	35	31	14039	37	115	1142	12
203.0	12848	11	12	14040	10	568	262	16
203.0	8476	51	53	14041	46	488	1628	14
203.0	10069	29	26	14042	31	1937	972	16
203.0	6906	40	37	14043	43	739	397	17
203.0	12082	15	14	14044	16	428	427	17
203.0	10957	22	26	14045	16	1861	1402	17
203.0	9402	11	13	14046	9	85	961	12
203.0	8797	16	16	14047	15	1861	1451	17
203.0	11888	16	15	14048	16	779	1634	15
203.0	9568	35	37	14049	30	56	992	12
203.0	9318	3	1	14050	5	571	332	14
203.0	9919	36	37	14051	33	1616	1749	17
203.0	11318	6	4	14052	8	1415	1729	18
203.0	7977	28	28	14053	24	93	1356	21
203.0	10865	14	14	14054	12	910	1850	12
203.0	7801	25	26	14055	19	438	590	16
203.0	6871	15	16	14056	14	1086	42	17
203.0	11504	43	40	14057	45	1639	901	17
203.0	8779	8	8	14058	8	1801	1741	10
203.0	9428	13	14	14059	12	1947	1045	16
203.0	9560	28	31	14060	25	1778	469	18
203.0	8181	27	20	14061	31	753	22	13
203.0	6984	20	22	14062	16	1599	673	18
203.0	11053	15	20	14063	9	1440	488	9
203.0	9332	26	28	14064	20	1197	70	15
203.0	9832	7	9	14065	5	1262	160	14
203.0	8573	41	40	14066	40	1863	884	22
203.0	7761	10	11	14067	9	1831	896	11
203.0	9957	16	15	14068	16	607	540	15
203.0	8491	30	27	14069	31	1543	1754	14
203.0	11855	26	25	14070	26	1573	650	11
203.0	9868	37	37	14071	36	1970	1782	14
203.0	11847	11	10	14072	12	389	1026	14
203.0	10699	33	35	14073	31	117	1682	12
203.0	10079	28	22	14074	31	1588	1970	16
203.0	12337	10	8	14075	11	1966	490	17
203.0	12492	27	27	14076	26	1319	259	13
203.0	10188	13	10	14077	15	1903	896	13
203.0	11104	25	24	14078	24	1315	137	17
204.0	9412	31	24	14079	34	1280	365	17
204.0	9170	13	18	14080	8	1175	1809	16
204.0	12659	14	14	14081	14	741	69	12
204.0	12979	5	4	14082	5	425	240	17
204.0	8488	11	9	14083	13	1199	1649	15
204.0	7550	10	10	14084	10	1710	1086	13
204.0	7073	19	20	14085	17	542	97	17
204.0	7294	29	24	14086	34	0	1928	16
204.0	11634	23	18	14087	26	24	1707	13
204.0	12287	26	28	14088	23	1304	152	17
204.0	11157	32	30	14089	33	1450	437	10
204.0	11233	8	9	14090	7	1688	1728	15
204.0	10764	36	42	14091	29	538	1717	11
204.0	10094	10	10	14092	8	1117	360	14
204.0	8853	13	12	14093	14	154	1289	20
204.0	10363	15	11	14094	19	54	973	17
204.0	9919	37	40	14095	34	1616	1749	18
204.0	7125	17	18	14096	16	490	522	18
204.0	7468	38	37	14097	39	1844	702	16
204.0	9314	9	10	14098	6	318	1972	19
204.0	10629	26	27	14099	24	258	1518	15
204.0	10756	26	23	14100	29	489	140	15
204.0	10939	31	29	14101	31	1928	28	19
204.0	11138	2	2	14102	2	989	220	16
204.0	9186	24	25	14103	21	110	1428	16
204.0	10585	16	14	14104	17	240	898	11
204.0	8760	11	12	14105	9	1502	1490	11
204.0	10898	11	10	14106	10	1857	1297	17
204.0	7928	17	17	14107	16	1710	306	12
204.0	7656	13	15	14108	10	1741	733	15
204.0	8807	7	5	14109	9	1022	392	16
204.0	12165	18	12	14110	23	1668	781	11
204.0	8368	14	14	14111	12	1409	1629	13
204.0	8680	23	26	14112	20	1769	1127	13
204.0	9118	21	24	14113	17	1065	32	17
204.0	11879	16	14	14114	18	0	823	13
204.0	6947	19	16	14115	22	1661	469	14
204.0	8201	24	20	14116	27	420	1544	15
204.0	12961	29	31	14117	26	1723	1622	13
204.0	11369	17	24	14118	9	1885	1520	18
204.0	8591	40	34	14119	43	1939	1174	17
204.0	8761	10	9	14120	11	1457	1952	20
204.0	7510	22	22	14121	22	321	1089	17
204.0	9126	17	15	14122	19	1971	780	15
204.0	8060	7	7	14123	6	447	1754	15
204.0	10623	18	14	14124	22	1157	32	12
204.0	11383	11	11	14125	10	1708	679	14
204.0	8808	8	5	14126	11	609	449	12
204.0	10891	10	12	14127	8	1669	281	15
204.0	9012	6	5	14128	7	900	1870	16
204.0	10470	39	41	14129	33	1570	83	11
204.0	10944	23	20	14130	24	1372	1977	13
204.0	8000	13	9	14131	17	569	1914	12
204.0	10669	26	24	14132	27	1827	1586	15
204.0	9716	26	29	14133	22	869	520	14
204.0	11548	12	13	14134	10	160	1706	16
204.0	10535	9	8	14135	10	1903	741	18
204.0	9612	28	31	14136	25	170	1855	13
204.0	12046	38	44	14137	31	411	1797	14
204.0	10489	18	20	14138	16	1700	1802	17
204.0	11035	1	0	14139	2	1090	174	15
204.0	9877	17	16	14140	17	1456	0	12
204.0	10418	18	11	14141	22	878	430	15
204.0	10699	35	26	14142	40	117	1682	13
204.0	8108	37	33	14143	38	1610	1975	14
204.0	7329	8	9	14144	7	1457	327	11
204.0	9578	8	8	14145	7	1824	1107	12
204.0	11473	20	16	14146	23	760	1621	14
204.0	11098	25	29	14147	20	1781	140	13
204.0	8898	8	8	14148	8	538	213	13
204.0	11596	18	18	14149	16	1840	654	17
204.0	10436	23	22	14150	23	1540	1796	15
204.0	9772	13	16	14151	10	941	1815	12
204.0	11504	40	33	14152	46	1639	901	18
204.0	12057	32	34	14153	27	1806	1859	15
204.0	9435	25	25	14154	23	1902	59	23
204.0	8093	22	22	14155	19	1393	140	26
204.0	12190	5	6	14156	4	491	1237	16
204.0	8383	24	19	14157	28	727	1882	14
204.0	11100	19	17	14158	21	1114	1926	16
204.0	9234	31	34	14159	28	803	439	14
204.0	7252	11	11	14160	8	1028	0	12
204.0	10776	16	14	14161	18	1795	237	16
204.0	12249	14	14	14162	14	207	1476	14
204.0	9911	20	20	14163	20	1631	1734	18
204.0	10970	39	42	14164	34	1641	701	17
204.0	7299	12	12	14165	12	1840	1606	19
204.0	12297	29	27	14166	31	1369	1851	15
204.0	10742	17	16	14167	18	872	167	17
204.0	8075	6	7	14168	5	976	50	14
204.0	10988	33	35	14169	30	1770	350	16
204.0	7031	15	12	14170	14	16	931	17
204.0	12294	22	21	14171	22	1619	120	14
204.0	10054	21	21	14172	19	320	836	13
204.0	8520	19	15	14173	21	1959	1951	16
204.0	10582	22	20	14174	23	1880	1783	14
204.0	9813	28	22	14175	33	1925	0	20
204.0	9032	13	13	14176	12	797	1949	14
204.0	9450	17	17	14177	16	843	142	12
204.0	10011	36	40	14178	32	1803	1809	15
204.0	9903	5	6	14179	4	721	1794	13
204.0	7507	11	11	14180	8	418	1080	17
204.0	12439	6	7	14181	5	1333	1766	11
204.0	10281	10	7	14182	12	458	1060	12
204.0	7937	9	10	14183	8	1958	1293	11
204.0	7018	27	28	14184	25	1734	1854	18
204.0	7351	26	19	14185	32	1500	1805	15
204.0	7088	32	28	14186	32	989	1952	17
204.0	7207	15	7	14187	22	1712	1573	14
204.0	10292	26	26	14188	24	213	1970	13
204.0	10044	15	16	14189	14	278	53	14
204.0	10726	2	1	14190	2	1329	1603	15
204.0	8661	12	12	14191	11	1110	1756	14
204.0	8239	11	8	14192	12	1930	201	16
204.0	7920	25	27	14193	22	15	1389	16
204.0	11891	23	24	14194	20	31	862	13
204.0	9432	34	38	14195	29	299	401	11
204.0	7391	21	18	14196	23	1596	72	13
204.0	9720	22	30	14197	14	1541	278	14
204.0	8328	25	23	14198	26	277	807	12
204.0	9709	13	17	14199	9	407	1636	16
204.0	10706	47	43	14200	45	1943	213	15
204.0	10800	16	15	14201	16	306	1039	14
204.0	10834	15	17	14202	11	620	580	17
204.0	9017	20	26	14203	14	161	1749	16
204.0	9386	30	32	14204	28	323	1301	14
204.0	11442	37	32	14205	40	1465	182	16
204.0	8934	20	16	14206	24	1909	803	17
204.0	11108	13	11	14207	14	709	56	11
204.0	12138	28	23	14208	33	1713	464	15
204.0	11510	22	21	14209	22	1085	79	15
204.0	9946	16	7	14210	24	1748	1591	14
204.0	11220	10	5	14211	12	897	410	12
205.0	10095	19	12	14212	25	464	482	15
205.0	10153	26	32	14213	20	277	1528	18
205.0	10627	24	28	14214	19	1820	1655	14
205.0	9443	18	22	14215	13	1767	748	19
205.0	12420	7	8	14216	6	1759	1687	11
205.0	9332	28	26	14217	28	1197	70	16
205.0	10301	2	2	14218	1	924	1763	14
205.0	6904	8	8	14219	8	1235	1781	14
205.0	13228	18	16	14220	20	1615	1650	10
205.0	7018	28	30	14221	25	1734	1854	19
205.0	12057	34	29	14222	36	1806	1859	16
205.0	10377	18	23	14223	12	476	1580	15
205.0	10486	33	25	14224	41	397	529	13
205.0	9963	25	22	14225	25	282	1072	20
205.0	11902	26	24	14226	26	1923	1651	13
205.0	11123	3	4	14227	1	405	1031	17
205.0	9705	22	23	14228	20	1753	126	16
205.0	10574	41	40	14229	41	1286	173	18
205.0	8619	11	11	14230	9	728	56	12
205.0	8980	8	6	14231	9	1698	1387	14
205.0	9890	29	28	14232	30	147	1179	14
205.0	10851	25	30	14233	19	1664	1862	17
205.0	11659	7	6	14234	8	918	1963	12
205.0	9739	17	16	14235	17	685	1788	11
205.0	12169	26	26	14236	26	244	998	13
205.0	8451	21	16	14237	25	1017	1971	19
205.0	10194	26	25	14238	27	1868	81	18
205.0	8981	0	0	14239	0	480	786	18
205.0	10246	12	12	14240	11	1188	341	19
205.0	9218	15	15	14241	13	500	1369	13
205.0	8985	36	41	14242	31	1589	1409	14
205.0	10918	18	17	14243	17	113	1099	13
205.0	9612	31	27	14244	32	170	1855	14
205.0	8328	23	20	14245	26	277	807	13
205.0	13751	13	9	14246	15	1769	1284	20
205.0	10335	17	14	14247	18	690	1915	17
205.0	7789	11	7	14248	14	206	751	12
205.0	11865	35	36	14249	32	1850	107	16
205.0	11910	14	15	14250	13	535	119	14
205.0	10633	20	22	14251	17	1966	1144	13
205.0	8946	21	16	14252	25	110	1063	15
205.0	9567	30	36	14253	21	755	0	10
205.0	12135	15	13	14254	15	1786	1618	17
205.0	13897	8	7	14255	9	680	451	13
205.0	8520	15	16	14256	13	1959	1951	17
205.0	7365	15	17	14257	12	586	1191	17
205.0	9058	18	14	14258	21	1766	1242	17
205.0	11646	26	21	14259	29	1882	1847	11
205.0	12757	19	20	14260	16	135	1113	16
205.0	7294	24	14	14261	32	0	1928	17
205.0	10112	34	34	14262	33	1958	1092	21
205.0	10176	32	28	14263	35	1503	1568	18
205.0	7999	33	31	14264	33	678	1543	17
205.0	9159	20	20	14265	20	377	541	11
205.0	11159	15	9	14266	21	293	1796	11
205.0	7807	6	7	14267	5	1139	1856	14
205.0	10575	14	17	14268	11	948	1742	16
205.0	9912	34	27	14269	40	80	1000	14
205.0	12014	12	13	14270	11	1272	26	18
205.0	12152	20	20	14271	20	1362	372	16
205.0	10689	12	9	14272	15	1826	1697	17
205.0	10992	7	7	14273	7	1632	650	12
205.0	7972	6	6	14274	6	1551	583	13
205.0	9096	42	33	14275	48	1983	1027	19
205.0	7810	16	17	14276	13	1706	1662	16
205.0	10366	17	18	14277	16	1365	44	14
205.0	9919	40	42	14278	37	1616	1749	19
205.0	9716	29	23	14279	33	869	520	15
205.0	7504	27	25	14280	28	1137	1893	14
205.0	12539	16	14	14281	17	498	652	18
205.0	9431	3	2	14282	4	941	286	15
205.0	10750	19	17	14283	20	1192	51	16
205.0	11028	8	10	14284	6	1630	351	15
205.0	9352	10	7	14285	12	1921	1066	18
205.0	10794	34	32	14286	35	177	1044	21
205.0	11727	18	20	14287	16	991	1738	13
205.0	7579	25	22	14288	26	341	843	12
205.0	7871	23	22	14289	23	1906	1960	13
205.0	13359	16	17	14290	15	346	423	17
205.0	11852	23	22	14291	22	1010	50	16
205.0	11593	18	17	14292	17	1079	1800	16
205.0	10842	10	7	14293	13	322	1154	17
205.0	7594	20	17	14294	23	753	1915	14
205.0	12001	7	8	14295	6	1843	557	18
205.0	12934	33	29	14296	36	240	1492	11
205.0	11548	13	11	14297	15	160	1706	17
205.0	11077	17	12	14298	21	1280	111	15
205.0	10132	28	26	14299	30	1143	181	12
205.0	8813	26	17	14300	32	526	417	16
205.0	9616	30	32	14301	27	777	63	12
205.0	9752	26	28	14302	23	661	1743	15
205.0	8368	14	14	14303	14	1409	1629	14
205.0	7835	19	20	14304	18	345	948	17
205.0	12121	25	22	14305	27	332	816	12
205.0	9111	24	28	14306	19	1147	1806	11
205.0	10321	15	16	14307	14	1868	1028	16
205.0	8903	4	4	14308	3	725	1729	13
205.0	11316	28	18	14309	35	1497	1959	14
205.0	10280	19	18	14310	15	1034	1738	19
205.0	8760	12	10	14311	13	1502	1490	12
205.0	8373	55	46	14312	54	222	1347	20
205.0	9990	12	13	14313	9	1142	108	13
205.0	8519	29	30	14314	27	1300	463	11
205.0	9075	22	22	14315	20	1631	475	14
205.0	7866	32	29	14316	33	1380	27	16
205.0	9444	9	9	14317	9	304	1392	16
205.0	7359	18	19	14318	16	1773	0	19
205.0	9654	9	10	14319	7	1650	597	13
205.0	12218	18	18	14320	18	406	1579	14
205.0	9856	45	40	14321	48	1664	1967	16
205.0	12297	27	24	14322	30	1369	1851	16
205.0	12440	12	14	14323	10	1817	1880	18
205.0	8456	34	44	14324	23	1833	1931	15
205.0	7960	2	2	14325	1	817	51	16
205.0	8526	12	11	14326	11	187	1306	19
205.0	10702	1	1	14327	1	823	1697	14
205.0	11380	7	6	14328	8	1213	1662	13
205.0	7753	7	6	14329	7	1246	0	19
205.0	13144	28	27	14330	26	1456	1599	16
205.0	12003	23	25	14331	17	748	1882	15
205.0	10666	17	8	14332	24	485	1906	16
205.0	7776	34	28	14333	38	1922	427	15
205.0	10499	11	14	14334	8	241	1235	18
205.0	9606	32	26	14335	38	932	1788	17
205.0	10358	9	10	14336	8	1925	520	17
205.0	13705	19	20	14337	18	1709	1112	18
205.0	8315	17	19	14338	14	1559	1978	16
205.0	10915	37	31	14339	43	1862	436	18
205.0	8486	19	19	14340	18	1225	67	13
205.0	8059	23	20	14341	26	1715	1850	16
205.0	6916	1	0	14342	2	331	905	17
205.0	9517	13	14	14343	12	699	1941	11
205.0	12249	14	13	14344	14	207	1476	15
205.0	8661	12	10	14345	13	1110	1756	15
205.0	12046	44	38	14346	48	310	1907	15
205.0	9828	9	10	14347	7	623	1479	11
205.0	11803	17	14	14348	18	1792	283	18
205.0	10923	25	28	14349	21	1259	225	15
205.0	11735	11	11	14350	11	1079	1784	16
205.0	9958	11	10	14351	10	177	1359	17
205.0	12443	7	10	14352	4	1667	376	16
205.0	9250	24	29	14353	18	94	1621	16
205.0	7955	6	6	14354	5	1870	1645	18
205.0	11034	18	20	14355	14	577	630	17
205.0	10337	21	22	14356	19	1441	542	13
205.0	10197	11	5	14357	17	1080	1817	11
205.0	10788	12	8	14358	16	727	1970	13
205.0	9292	29	28	14359	26	1894	1087	13
205.0	8422	11	11	14360	11	1697	527	14
205.0	12354	13	15	14361	10	979	1815	12
205.0	11736	4	3	14362	5	671	395	15
205.0	10239	25	19	14363	29	959	124	14
205.0	9729	23	19	14364	26	1891	1933	16
205.0	9336	12	14	14365	9	694	1848	9
206.0	7388	5	2	14366	8	721	308	19
206.0	6906	37	36	14367	36	739	397	18
206.0	12934	29	27	14368	31	240	1492	12
206.0	10435	36	33	14369	36	526	383	14
206.0	11097	8	9	14370	7	418	928	13
206.0	11900	16	9	14371	23	112	46	14
206.0	7722	20	18	14372	22	1471	1675	16
206.0	10851	30	27	14373	29	1664	1862	18
206.0	9922	27	27	14374	25	1928	1359	16
206.0	9985	23	18	14375	27	1897	1677	15
206.0	12014	13	12	14376	14	1272	26	19
206.0	9940	18	16	14377	20	1780	1654	16
206.0	11246	14	15	14378	13	1830	345	18
206.0	12443	10	8	14379	12	1667	376	17
206.0	13316	33	31	14380	35	1635	1918	16
206.0	11101	29	29	14381	28	1776	1942	18
206.0	8684	25	28	14382	20	1668	1507	12
206.0	10436	22	28	14383	15	1540	1796	16
206.0	9346	13	11	14384	15	1678	433	16
206.0	11646	21	19	14385	21	1882	1847	12
206.0	9911	20	18	14386	21	1631	1734	19
206.0	8459	37	42	14387	30	849	360	15
206.0	10773	4	2	14388	6	1800	636	17
206.0	10936	24	35	14389	11	524	1603	12
206.0	10616	17	13	14390	20	318	1176	14
206.0	10582	20	22	14391	18	1880	1783	15
206.0	10708	22	22	14392	21	1883	1432	18
206.0	10345	24	30	14393	17	268	626	13
206.0	9293	11	9	14394	13	1968	1765	17
206.0	11274	14	10	14395	18	1364	1741	11
206.0	8962	10	7	14396	11	738	1665	13
206.0	10044	16	15	14397	17	278	53	15
206.0	7595	11	8	14398	14	1300	113	14
206.0	9116	8	10	14399	6	689	1557	12
206.0	12218	18	11	14400	24	406	1579	15
206.0	7761	11	8	14401	13	1831	896	12
206.0	8059	20	19	14402	20	1715	1850	17
206.0	7733	21	16	14403	25	269	275	14
206.0	12530	9	8	14404	9	1281	452	14
206.0	7954	11	8	14405	12	568	243	16
206.0	12026	7	7	14406	7	807	165	16
206.0	10254	13	18	14407	7	1421	1569	10
206.0	12082	14	13	14408	15	428	427	18
206.0	9890	28	31	14409	23	147	1179	15
206.0	9197	28	30	14410	26	1191	1800	12
206.0	9917	20	15	14411	25	549	583	15
206.0	12169	26	22	14412	28	244	998	14
206.0	11465	11	7	14413	15	1648	1665	13
206.0	9765	12	13	14414	10	634	1566	13
206.0	9652	17	16	14415	18	1683	660	15
206.0	12766	16	13	14416	16	1558	611	18
206.0	8950	19	24	14417	11	1110	280	11
206.0	7799	11	14	14418	8	355	1916	17
206.0	11652	22	21	14419	20	550	282	15
206.0	10266	10	8	14420	12	1334	61	13
206.0	11173	27	26	14421	28	964	77	14
206.0	9175	18	24	14422	12	283	981	16
206.0	8210	5	6	14423	3	390	1896	15
206.0	9864	36	37	14424	35	120	1819	13
206.0	9389	23	24	14425	20	954	57	14
206.0	12578	16	12	14426	19	783	400	18
206.0	9171	30	24	14427	34	1416	235	15
206.0	8797	16	20	14428	12	1861	1451	18
206.0	8154	7	8	14429	6	1962	743	15
206.0	9577	18	18	14430	16	1608	1591	15
206.0	8519	30	28	14431	30	1300	463	12
206.0	9031	15	13	14432	15	1183	13	18
206.0	8019	10	8	14433	11	180	1253	17
206.0	10697	13	11	14434	15	509	149	13
206.0	7779	7	4	14435	10	1160	271	15
206.0	7630	21	16	14436	26	359	1800	11
206.0	7774	25	26	14437	20	353	1600	17
206.0	9729	19	18	14438	19	1891	1933	17
206.0	7288	12	13	14439	10	365	22	13
206.0	11116	16	19	14440	13	339	1429	14
206.0	14013	27	20	14441	34	1587	104	15
206.0	7163	30	26	14442	32	1748	373	17
206.0	10605	14	14	14443	14	1113	128	15
206.0	8495	10	13	14444	7	555	1819	17
206.0	12716	20	18	14445	20	1439	297	11
206.0	9141	6	7	14446	5	1828	1169	15
206.0	11717	27	24	14447	28	59	1320	13
206.0	10574	40	38	14448	42	1286	173	19
206.0	9597	0	0	14449	0	1332	314	16
206.0	11773	33	34	14450	31	1536	1959	18
206.0	9517	14	14	14451	14	699	1941	12
206.0	9900	7	7	14452	6	1688	1914	14
206.0	9075	22	18	14453	25	1631	475	15
206.0	9466	15	15	14454	15	1058	0	9
206.0	10321	16	18	14455	14	1868	1028	17
206.0	7993	24	19	14456	29	1114	1833	13
206.0	9721	9	10	14457	6	1779	101	16
206.0	8108	33	28	14458	37	1610	1975	15
206.0	9159	20	17	14459	23	377	541	12
206.0	8132	23	26	14460	20	67	1488	20
206.0	13350	35	38	14461	30	28	1350	19
206.0	7062	26	23	14462	28	333	1875	15
206.0	11855	25	24	14463	24	1573	650	12
206.0	7938	13	12	14464	14	1711	1372	16
206.0	8749	13	12	14465	14	1157	63	12
206.0	10230	10	10	14466	9	1703	163	12
206.0	8844	20	19	14467	21	1841	215	13
206.0	9475	3	2	14468	4	1553	1569	15
206.0	9386	32	37	14469	27	323	1301	15
206.0	7923	9	9	14470	9	1079	439	13
206.0	10153	32	32	14471	32	277	1528	19
206.0	8486	19	16	14472	22	1214	78	14
206.0	8368	14	15	14473	13	1409	1629	15
206.0	9204	46	44	14474	43	1960	194	16
206.0	10546	29	27	14475	30	1689	316	12
206.0	11475	28	33	14476	22	852	332	14
206.0	10528	19	19	14477	18	804	27	10
206.0	9128	6	5	14478	7	802	72	18
206.0	11727	20	25	14479	13	991	1738	14
206.0	10045	6	4	14480	8	1531	1673	12
206.0	11047	3	3	14481	3	593	336	13
206.0	9567	36	39	14482	31	755	0	11
206.0	9934	36	32	14483	38	73	1197	17
206.0	12003	25	21	14484	27	748	1882	16
206.0	9752	28	34	14485	20	661	1743	16
206.0	8589	13	14	14486	12	1704	272	11
206.0	10480	11	11	14487	11	619	67	13
206.0	9676	15	17	14488	12	520	523	13
206.0	11309	0	0	14489	0	643	302	13
206.0	11789	15	12	14490	18	368	1512	13
206.0	9438	19	23	14491	14	1525	1962	12
206.0	11732	21	16	14492	26	1030	1601	13
206.0	8555	7	9	14493	4	1404	1748	13
206.0	10473	36	36	14494	34	1975	1827	16
206.0	8357	26	27	14495	24	1649	359	16
206.0	9519	25	30	14496	20	1641	76	14
206.0	12221	12	9	14497	15	1057	1720	11
206.0	12616	18	17	14498	19	650	573	17
206.0	9135	29	34	14499	23	1187	154	13
206.0	9918	11	11	14500	10	550	1687	15
206.0	10344	32	34	14501	28	1866	940	22
206.0	11522	14	8	14502	20	1819	478	14
206.0	9563	22	20	14503	23	1502	1865	17
206.0	10540	14	11	14504	16	552	552	16
206.0	8646	11	10	14505	10	1972	572	15
206.0	12236	18	19	14506	16	1014	1840	14
206.0	10154	16	17	14507	15	1706	1713	14
206.0	9298	32	30	14508	32	431	1432	11
206.0	10431	15	17	14509	13	1018	1722	21
206.0	10330	20	23	14510	17	450	674	14
206.0	11088	9	9	14511	8	484	1411	13
206.0	12663	6	7	14512	5	290	1166	15
206.0	9686	21	24	14513	16	1985	117	17
206.0	7584	7	7	14514	7	1062	1663	14
206.0	11872	17	22	14515	11	499	1911	14
206.0	11365	12	5	14516	19	13	1129	13
206.0	12325	22	19	14517	24	1663	146	12
206.0	8666	49	45	14518	52	1565	16	19
206.0	12397	4	4	14519	4	1790	1073	12
206.0	7324	27	28	14520	23	151	1009	13
206.0	12533	8	5	14521	11	1200	1626	15
206.0	10246	12	8	14522	15	1188	341	20
206.0	9095	26	20	14523	31	307	343	12
206.0	8760	10	13	14524	7	1502	1490	13
206.0	9426	12	10	14525	13	183	936	16
206.0	11765	14	9	14526	18	1457	1935	18
206.0	8526	11	13	14527	9	187	1306	20
206.0	8785	9	4	14528	14	1060	78	13
206.0	9919	42	42	14529	41	1616	1749	20
206.0	11159	9	5	14530	13	293	1796	12
206.0	13667	8	9	14531	6	1612	483	14
206.0	8579	37	39	14532	32	1599	891	15
206.0	11109	14	12	14533	16	45	960	15
206.0	10908	28	25	14534	27	58	1655	14
206.0	11627	13	16	14535	9	486	383	15
207.0	7665	0	0	14536	0	461	881	15
207.0	6906	36	33	14537	36	739	397	19
207.0	11822	35	36	14538	34	1219	1851	12
207.0	11475	33	22	14539	42	852	332	15
207.0	8357	27	34	14540	19	1649	359	17
207.0	12152	20	22	14541	17	1362	372	17
207.0	9389	24	21	14542	25	954	57	15
207.0	8964	24	24	14543	24	1401	451	13
207.0	9714	37	27	14544	44	1419	132	16
207.0	10487	42	34	14545	48	620	272	14
207.0	11717	24	26	14546	21	59	1320	14
207.0	12169	22	21	14547	20	244	998	15
207.0	10782	8	7	14548	9	1378	410	18
207.0	9423	26	28	14549	22	412	1960	14
207.0	12608	37	31	14550	41	1535	1974	20
207.0	9175	24	23	14551	22	283	981	17
207.0	10652	32	32	14552	31	20	1367	14
207.0	7839	31	30	14553	30	576	1802	14
207.0	8503	28	28	14554	28	182	818	15
207.0	10620	21	16	14555	26	21	711	15
207.0	9557	19	20	14556	18	205	1401	14
207.0	8602	31	34	14557	26	1737	1611	16
207.0	9876	21	20	14558	22	1678	218	15
207.0	8844	19	14	14559	24	1841	215	14
207.0	10088	9	8	14560	10	741	1522	15
207.0	10217	10	7	14561	12	328	469	15
207.0	9690	0	0	14562	0	509	860	15
207.0	11284	9	12	14563	6	1086	213	17
207.0	8661	10	11	14564	9	1110	1756	16
207.0	10370	23	22	14565	21	1943	842	12
207.0	13385	33	29	14566	37	149	1338	17
207.0	8495	13	13	14567	13	555	1819	18
207.0	11450	19	17	14568	21	1076	74	13
207.0	13790	22	26	14569	18	482	558	18
207.0	11848	18	10	14570	25	1599	452	15
207.0	8408	2	2	14571	2	687	330	16
207.0	7304	17	17	14572	16	1579	1999	15
207.0	9199	12	20	14573	4	777	232	16
207.0	9724	7	5	14574	8	882	70	16
207.0	9882	14	15	14575	13	149	1794	18
207.0	9985	18	14	14576	19	1897	1677	16
207.0	11142	40	39	14577	38	1914	1678	14
207.0	9958	10	10	14578	10	187	1369	18
207.0	9817	15	14	14579	16	469	583	13
207.0	9610	27	22	14580	31	1860	1999	12
207.0	10956	35	33	14581	36	195	1500	16
207.0	8639	16	15	14582	16	1120	1500	14
207.0	10485	11	10	14583	12	443	1920	13
207.0	11130	33	27	14584	36	1573	1922	19
207.0	9536	19	18	14585	19	1747	1320	14
207.0	11672	19	22	14586	15	1747	43	18
207.0	11136	14	9	14587	19	1021	1589	13
207.0	9034	18	17	14588	18	1351	392	17
207.0	10739	25	26	14589	23	537	231	14
207.0	9165	13	12	14590	13	1428	1759	17
207.0	9020	11	14	14591	7	978	314	15
207.0	8771	9	8	14592	9	925	239	16
207.0	10832	26	28	14593	22	1823	86	15
207.0	10138	21	23	14594	18	66	1708	14
207.0	7163	26	32	14595	19	1748	373	18
207.0	11692	35	34	14596	35	1391	60	15
207.0	9840	50	43	14597	55	1633	188	19
207.0	7428	7	6	14598	6	818	75	12
207.0	12902	6	6	14599	6	619	1944	17
207.0	10287	10	10	14600	10	1327	104	12
207.0	11487	18	17	14601	17	612	492	15
207.0	7071	9	6	14602	12	22	1053	18
207.0	11727	25	24	14603	26	991	1738	15
207.0	9966	16	20	14604	10	1217	1945	14
207.0	11292	6	10	14605	2	1050	264	11
207.0	13146	17	19	14606	15	49	1876	13
207.0	7825	22	18	14607	25	78	1170	14
207.0	10422	11	14	14608	7	1034	110	8
207.0	11928	35	26	14609	40	1426	1862	14
207.0	11522	8	9	14610	7	1819	478	15
207.0	11353	18	18	14611	17	1850	1671	12
207.0	12953	14	15	14612	13	632	14	18
207.0	11081	29	30	14613	25	1671	710	10
207.0	12931	13	11	14614	15	210	1518	15
207.0	11056	15	17	14615	13	402	1725	15
207.0	10853	9	7	14616	11	1280	268	13
207.0	12641	10	12	14617	8	568	1511	11
207.0	8108	28	23	14618	32	1610	1975	16
207.0	12070	28	31	14619	22	1688	96	13
207.0	11201	44	43	14620	43	589	85	13
207.0	7689	28	24	14621	32	1999	1587	16
207.0	10458	15	17	14622	12	691	1431	10
207.0	11834	20	17	14623	21	688	1711	13
207.0	8497	35	32	14624	37	473	460	14
207.0	11778	19	23	14625	13	1613	97	16
207.0	10496	30	25	14626	34	1626	550	16
207.0	8665	30	26	14627	31	1999	1863	16
207.0	12764	4	4	14628	4	713	352	16
207.0	9144	22	22	14629	20	1618	1692	18
207.0	8757	21	23	14630	19	206	1291	23
207.0	10221	16	13	14631	18	1532	1827	15
207.0	12178	22	25	14632	19	489	1924	16
207.0	8910	26	28	14633	24	1427	1816	17
207.0	10595	47	53	14634	41	1786	338	14
207.0	6982	2	2	14635	1	1320	1673	17
207.0	10923	28	31	14636	25	1243	209	16
207.0	12196	10	16	14637	4	1810	451	13
207.0	11480	33	37	14638	28	137	939	13
207.0	7208	18	14	14639	22	768	160	14
207.0	11615	32	26	14640	37	1586	263	14
207.0	12311	36	33	14641	37	1763	407	19
207.0	13022	13	15	14642	11	1243	1918	14
207.0	12049	20	20	14643	20	348	1674	15
207.0	10426	13	16	14644	10	1822	1251	12
207.0	9095	20	19	14645	20	307	343	13
207.0	7890	33	34	14646	30	1998	1805	17
207.0	12351	6	9	14647	3	140	1855	22
207.0	10382	20	22	14648	18	451	529	16
207.0	8835	23	28	14649	18	1548	48	16
207.0	12031	26	19	14650	31	1622	1946	14
207.0	11758	22	20	14651	23	316	1804	14
207.0	10012	16	15	14652	17	674	151	17
207.0	10938	46	41	14653	49	1651	62	17
207.0	8154	8	10	14654	6	1962	743	16
207.0	10611	18	17	14655	17	50	1617	17
207.0	8834	25	22	14656	28	1774	1848	16
207.0	10625	24	25	14657	22	316	1999	15
207.0	9366	15	16	14658	14	61	929	13
207.0	10136	44	44	14659	44	1137	1999	19
207.0	7152	45	56	14660	33	1724	680	13
207.0	10306	16	18	14661	14	301	922	15
207.0	10504	34	29	14662	33	890	361	14
207.0	11664	11	9	14663	12	564	94	17
207.0	10639	30	24	14664	34	1440	1969	15
207.0	7761	8	5	14665	11	1831	896	13
207.0	7246	7	6	14666	7	1077	1926	18
207.0	9019	13	13	14667	12	1839	1066	14
207.0	12156	7	8	14668	6	1431	523	10
207.0	10789	15	12	14669	17	111	1338	18
207.0	12294	21	20	14670	21	1619	120	15
207.0	10213	29	38	14671	20	1224	1964	11
207.0	9380	26	32	14672	19	1131	1591	14
207.0	8986	8	10	14673	6	1933	731	19
207.0	9352	7	6	14674	8	1921	1066	19
207.0	8221	29	27	14675	30	1280	1811	15
207.0	11619	14	9	14676	18	1586	1749	18
207.0	10663	22	26	14677	18	260	1288	13
207.0	10046	16	15	14678	16	840	98	11
207.0	12263	16	15	14679	16	1521	620	13
207.0	8854	7	7	14680	5	1873	316	19
207.0	12069	13	15	14681	10	1259	13	19
207.0	11926	13	14	14682	11	469	601	16
207.0	9295	29	27	14683	30	1561	472	16
207.0	12530	8	6	14684	9	1281	452	15
208.0	11834	17	20	14685	14	688	1711	14
208.0	11056	17	13	14686	20	402	1725	16
208.0	11696	42	40	14687	43	1572	1901	13
208.0	12002	17	20	14688	13	1500	174	17
208.0	12263	15	15	14689	15	1521	620	14
208.0	11651	35	31	14690	38	75	1928	14
208.0	7781	26	24	14691	26	1560	730	16
208.0	10289	16	18	14692	13	1744	1970	15
208.0	7079	5	3	14693	6	1663	332	16
208.0	7981	34	36	14694	32	1394	1981	16
208.0	7319	17	11	14695	23	209	1993	19
208.0	10944	20	25	14696	14	1359	1964	14
208.0	8762	23	20	14697	26	1707	811	19
208.0	10777	22	19	14698	25	1311	1934	16
208.0	13411	21	20	14699	22	1028	77	12
208.0	12220	27	25	14700	27	479	663	13
208.0	7783	22	21	14701	21	164	1999	13
208.0	9136	27	27	14702	27	1593	1789	14
208.0	11575	5	3	14703	7	1868	977	15
208.0	10702	1	1	14704	1	823	1697	15
208.0	10189	31	31	14705	30	296	1342	10
208.0	9610	22	21	14706	23	1860	1999	13
208.0	10665	10	9	14707	10	1930	706	14
208.0	10767	9	9	14708	9	717	239	12
208.0	7459	9	8	14709	10	1837	140	16
208.0	9588	3	3	14710	3	968	21	15
208.0	9942	9	6	14711	11	647	1984	13
208.0	11692	34	35	14712	32	1391	60	16
208.0	10648	20	17	14713	20	970	157	14
208.0	9558	40	42	14714	37	398	1442	14
208.0	8425	33	29	14715	35	1726	621	17
208.0	7378	33	29	14716	33	676	1978	15
208.0	10305	13	11	14717	13	451	650	18
208.0	11149	14	10	14718	18	1959	1894	15
208.0	9735	4	3	14719	5	1891	668	15
208.0	11848	10	12	14720	8	1599	452	16
208.0	11411	15	15	14721	13	1615	397	14
208.0	12150	18	19	14722	17	1511	1710	14
208.0	9968	10	10	14723	10	1919	559	14
208.0	8148	14	11	14724	17	231	1518	15
208.0	8353	45	37	14725	50	1905	128	17
208.0	11838	23	22	14726	23	1892	252	13
208.0	8221	27	20	14727	32	1280	1811	16
208.0	8285	5	3	14728	7	1630	1649	14
208.0	11727	24	28	14729	18	991	1738	16
208.0	8819	14	13	14730	15	346	1567	12
208.0	11467	26	24	14731	25	308	586	14
208.0	9401	26	27	14732	21	1880	783	16
208.0	8917	20	18	14733	20	532	1290	14
208.0	10922	4	7	14734	1	1757	1534	14
208.0	9871	19	20	14735	17	1878	417	14
208.0	12236	19	11	14736	27	1014	1840	15
208.0	11623	11	8	14737	13	851	303	12
208.0	10747	7	7	14738	7	651	1614	12
208.0	6904	8	6	14739	9	1235	1781	15
208.0	10197	5	3	14740	7	1080	1817	12
208.0	11415	37	34	14741	39	1550	105	11
208.0	12944	23	22	14742	23	160	1260	14
208.0	10953	27	30	14743	24	1891	1750	17
208.0	8430	11	12	14744	9	0	1879	17
208.0	14082	5	4	14745	6	437	240	18
208.0	9772	16	13	14746	18	941	1815	13
208.0	7004	10	11	14747	8	1988	844	14
208.0	11193	21	21	14748	20	1340	204	16
208.0	12360	21	17	14749	24	266	1020	18
208.0	10718	23	23	14750	22	490	583	18
208.0	7951	6	7	14751	5	667	298	16
208.0	10031	3	5	14752	0	827	253	17
208.0	7741	6	8	14753	2	1608	1934	14
208.0	9809	30	27	14754	33	28	1196	13
208.0	11758	20	17	14755	21	316	1804	15
208.0	9903	6	3	14756	9	721	1794	14
208.0	9495	16	20	14757	12	727	21	14
208.0	10663	26	22	14758	29	260	1288	14
208.0	6947	16	11	14759	19	1661	469	15
208.0	11095	12	12	14760	11	93	293	15
208.0	10938	41	45	14761	35	1651	62	18
208.0	10133	16	14	14762	18	641	479	14
208.0	9420	5	1	14763	9	741	112	12
208.0	10622	32	31	14764	31	1101	209	14
208.0	12802	32	30	14765	32	409	697	14
208.0	10464	14	14	14766	12	375	463	17
208.0	10434	29	31	14767	26	872	86	14
208.0	8108	23	18	14768	27	1610	1975	17
208.0	9661	37	34	14769	37	1040	243	12
208.0	11054	29	25	14770	31	511	1844	13
208.0	13685	17	20	14771	13	1576	1580	16
208.0	10287	10	8	14772	12	1327	104	13
208.0	12063	19	19	14773	17	1828	239	13
208.0	12060	9	8	14774	9	554	43	13
208.0	10218	23	15	14775	28	1339	1817	14
208.0	7825	18	19	14776	17	78	1170	15
208.0	12688	24	21	14777	27	794	338	17
208.0	11534	19	22	14778	15	1912	143	13
208.0	7088	28	25	14779	28	989	1952	18
208.0	9102	3	5	14780	1	765	212	15
208.0	11437	14	9	14781	18	166	1237	16
208.0	9793	24	21	14782	24	37	839	14
208.0	11211	9	7	14783	10	1458	201	13
208.0	11392	19	16	14784	21	1703	203	16
208.0	12240	32	33	14785	28	1293	352	17
208.0	8255	7	10	14786	4	421	784	15
208.0	12554	21	20	14787	20	476	1560	15
208.0	12041	38	41	14788	33	388	14	13
208.0	10589	10	8	14789	11	649	99	13
208.0	12100	19	18	14790	19	1767	1670	13
208.0	12021	34	28	14791	38	1650	1457	18
208.0	11681	18	18	14792	18	81	718	14
208.0	10764	42	35	14793	49	538	1717	12
208.0	9770	13	12	14794	14	0	1909	14
208.0	9627	30	25	14795	31	1800	545	21
208.0	9693	17	14	14796	17	1511	1698	17
208.0	9729	18	16	14797	17	1872	1933	18
208.0	9483	24	18	14798	28	438	1594	16
208.0	13177	47	40	14799	53	1880	12	18
208.0	11974	39	39	14800	37	1936	378	17
208.0	12354	15	10	14801	18	979	1815	13
208.0	10124	28	18	14802	33	1570	1528	15
208.0	9214	43	44	14803	39	1868	1192	22
208.0	13252	11	8	14804	12	1492	408	12
208.0	11981	7	6	14805	8	1659	433	16
208.0	10782	7	10	14806	4	1378	410	19
208.0	7175	12	16	14807	7	1762	260	17
208.0	10412	5	3	14808	7	650	326	14
208.0	10970	42	41	14809	42	1641	701	18
208.0	10136	44	37	14810	48	1137	1999	20
208.0	10379	22	18	14811	26	500	723	13
208.0	10607	10	9	14812	11	1799	259	14
208.0	7592	17	12	14813	21	825	0	12
208.0	9380	32	36	14814	26	1131	1591	15
208.0	9876	20	25	14815	15	1678	218	16
208.0	8910	28	31	14816	25	1445	1816	18
208.0	9761	15	22	14817	8	39	1053	18
208.0	11412	3	3	14818	3	1873	270	18
208.0	12070	31	23	14819	39	1706	96	14
208.0	8200	21	29	14820	13	1640	227	14
208.0	9963	22	17	14821	24	282	1072	21
208.0	12081	19	21	14822	15	0	310	18
208.0	9728	38	40	14823	33	1958	166	21
208.0	9223	3	2	14824	4	836	173	14
208.0	11634	18	17	14825	16	0	1647	14
208.0	10914	12	14	14826	7	1743	1272	20
208.0	12676	32	32	14827	28	152	1490	15
208.0	9295	27	25	14828	26	1561	472	17
208.0	8578	23	21	14829	25	332	799	12
208.0	9196	16	9	14830	21	521	1656	14
208.0	8123	8	9	14831	7	622	1900	16
208.0	12203	14	16	14832	11	1574	108	14
208.0	10362	15	15	14833	14	250	529	17
208.0	11067	18	24	14834	10	950	1923	13
208.0	11617	10	9	14835	9	1440	419	11
208.0	11353	18	14	14836	22	1850	1671	13
208.0	9806	42	45	14837	37	1930	138	15
208.0	7246	6	4	14838	5	1077	1926	19
208.0	8348	8	7	14839	7	1572	504	14
209.0	9298	30	28	14840	31	431	1432	12
209.0	8221	20	24	14841	15	1280	1811	17
209.0	10786	32	26	14842	37	1948	1999	16
209.0	7287	17	22	14843	12	607	1521	15
209.0	6884	29	30	14844	28	1190	1946	12
209.0	11910	15	15	14845	15	535	119	15
209.0	11872	22	28	14846	16	499	1911	15
209.0	12407	23	26	14847	20	15	1230	12
209.0	10752	26	28	14848	24	382	1234	23
209.0	10035	15	13	14849	17	0	289	13
209.0	12492	27	27	14850	25	1319	259	14
209.0	7811	5	2	14851	8	548	1863	15
209.0	9080	3	4	14852	2	755	1699	11
209.0	11974	39	43	14853	32	1936	378	18
209.0	11731	11	11	14854	11	388	245	14
209.0	12904	28	25	14855	30	887	1832	17
209.0	10007	23	18	14856	25	354	1874	14
209.0	9186	25	32	14857	16	124	1442	17
209.0	8607	15	13	14858	15	1279	74	14
209.0	11411	15	14	14859	16	1578	383	15
209.0	8994	12	13	14860	11	1799	1769	15
209.0	7581	5	7	14861	3	1682	131	13
209.0	7380	21	20	14862	21	921	340	17
209.0	6948	28	27	14863	27	1470	351	20
209.0	11588	6	5	14864	7	514	1985	17
209.0	12732	18	14	14865	22	666	1649	15
209.0	8762	20	15	14866	25	1707	811	20
209.0	7724	28	27	14867	27	1911	1782	15
209.0	9606	26	30	14868	22	898	1804	18
209.0	10851	27	35	14869	19	1664	1862	19
209.0	12178	25	31	14870	18	489	1924	17
209.0	7884	25	30	14871	19	381	1999	15
209.0	10934	28	20	14872	35	69	1363	17
209.0	10365	26	21	14873	30	808	317	14
209.0	9412	24	26	14874	20	1280	365	18
209.0	11430	8	5	14875	10	514	1510	12
209.0	11572	49	48	14876	47	481	1536	13
209.0	7585	15	14	14877	14	1982	677	17
209.0	10617	32	33	14878	29	1617	432	14
209.0	12003	21	23	14879	17	748	1882	17
209.0	7981	36	32	14880	37	1394	1981	17
209.0	7207	7	4	14881	9	1712	1573	15
209.0	11180	4	4	14882	3	654	282	15
209.0	10679	9	10	14883	7	310	1654	15
209.0	14439	10	5	14884	14	365	42	14
209.0	11746	24	22	14885	24	1212	1819	11
209.0	11575	3	3	14886	3	1868	977	16
209.0	8557	6	9	14887	3	891	1608	11
209.0	11467	24	26	14888	22	308	586	15
209.0	12165	12	12	14889	10	1668	781	12
209.0	10173	37	37	14890	35	132	1302	14
209.0	9806	45	43	14891	45	1930	138	16
209.0	7079	3	3	14892	3	1663	332	17
209.0	11959	19	18	14893	20	356	433	17
209.0	8173	13	16	14894	9	1756	1917	22
209.0	7450	14	13	14895	14	1527	1999	15
209.0	7505	11	11	14896	11	821	1825	11
209.0	8842	6	5	14897	7	1545	231	14
209.0	10397	10	9	14898	9	392	191	13
209.0	9214	44	42	14899	45	1868	1192	23
209.0	10204	56	49	14900	51	534	1561	17
209.0	6879	9	11	14901	7	784	1710	13
209.0	12197	13	13	14902	13	776	350	18
209.0	12143	35	35	14903	32	239	457	13
209.0	8987	12	11	14904	12	1785	612	20
209.0	9346	11	9	14905	13	1678	433	17
209.0	12469	12	14	14906	10	338	1604	17
209.0	9773	19	22	14907	16	180	1452	18
209.0	6927	21	21	14908	19	532	70	17
209.0	11303	21	21	14909	17	1091	1897	17
209.0	12088	37	40	14910	33	279	592	14
209.0	11296	41	41	14911	39	1471	1793	13
209.0	6932	20	22	14912	17	213	1042	14
209.0	10960	23	24	14913	20	110	864	14
209.0	10779	24	20	14914	27	1452	458	8
209.0	12554	20	21	14915	19	476	1560	16
209.0	8779	8	5	14916	10	1801	1741	11
209.0	12759	11	13	14917	8	421	522	18
209.0	11693	30	36	14918	22	42	904	12
209.0	6907	42	40	14919	42	0	1600	15
209.0	10782	10	11	14920	7	1378	410	20
209.0	9871	20	14	14921	24	1878	417	15
209.0	7734	12	12	14922	11	60	67	14
209.0	11655	23	20	14923	22	1771	1524	16
209.0	11425	16	13	14924	18	500	1985	17
209.0	10412	3	3	14925	3	650	326	15
209.0	12070	23	23	14926	23	1706	96	15
209.0	11530	14	11	14927	15	1797	1794	14
209.0	10133	14	18	14928	10	641	479	15
209.0	14527	9	7	14929	10	203	1306	21
209.0	11719	13	8	14930	17	1847	1458	17
209.0	13751	9	8	14931	10	1769	1284	21
209.0	12360	17	20	14932	14	266	1020	19
209.0	12523	47	50	14933	38	1656	299	19
209.0	8939	34	31	14934	32	1480	492	15
209.0	10701	14	15	14935	13	560	1893	13
209.0	7305	21	16	14936	24	1820	926	23
209.0	7632	17	17	14937	17	599	1598	13
209.0	9472	21	22	14938	20	75	884	14
209.0	13608	29	38	14939	19	103	915	13
209.0	11095	12	16	14940	8	93	293	16
209.0	11392	16	13	14941	19	1703	203	17
209.0	7387	1	2	14942	0	1239	1692	18
209.0	11473	16	14	14943	18	760	1621	15
209.0	7598	7	5	14944	8	1898	860	16
209.0	11169	8	10	14945	5	1028	1782	12
209.0	9314	10	8	14946	12	318	1972	20
209.0	10777	19	21	14947	16	1298	1921	17
209.0	10952	15	22	14948	8	1199	1999	14
209.0	11700	10	10	14949	10	1460	69	15
209.0	11712	0	0	14950	0	479	881	14
209.0	10083	13	12	14951	13	707	258	17
209.0	11233	9	9	14952	9	1676	1740	16
209.0	7612	22	18	14953	26	632	0	17
209.0	10776	14	13	14954	15	1795	240	17
209.0	10032	10	12	14955	8	959	1602	11
209.0	7869	20	25	14956	15	326	403	17
209.0	9772	13	15	14957	11	908	1830	14
209.0	11742	12	11	14958	13	1913	533	17
209.0	10316	51	49	14959	51	572	122	13
209.0	8068	24	17	14960	30	1892	939	17
209.0	12240	33	37	14961	28	1293	352	18
209.0	7654	4	2	14962	5	652	355	14
209.0	13411	20	19	14963	20	1028	77	13
209.0	11834	20	16	14964	24	688	1711	15
209.0	8411	24	20	14965	27	45	1725	15
209.0	13713	27	27	14966	23	428	492	17
209.0	9757	28	28	14967	27	430	1089	16
209.0	7779	4	4	14968	4	1160	271	16
209.0	11692	35	28	14969	41	1391	60	17
209.0	11651	31	28	14970	32	75	1928	15
209.0	12614	19	21	14971	15	368	1986	15
209.0	12470	21	19	14972	21	1843	15	19
209.0	9338	17	14	14973	20	171	1617	16
209.0	12853	17	12	14974	20	1766	1752	10
209.0	10857	10	11	14975	8	1090	191	17
209.0	10262	10	9	14976	11	735	147	13
209.0	12439	7	7	14977	7	1346	1753	12
209.0	11500	14	15	14978	11	1016	1670	14
209.0	9275	21	17	14979	24	234	1936	11
209.0	14702	27	27	14980	27	1605	1801	15
209.0	11544	4	3	14981	5	1501	44	14
209.0	10901	6	7	14982	5	1645	151	14
209.0	9152	7	5	14983	8	734	321	17
209.0	12235	14	12	14984	16	1976	1318	12
209.0	9558	42	37	14985	46	398	1442	15
209.0	8194	34	40	14986	28	1411	166	18
209.0	8765	41	44	14987	34	1383	1820	18
209.0	8382	10	11	14988	9	1511	390	13
209.0	7342	11	11	14989	11	1489	57	18
209.0	10620	16	17	14990	15	63	784	16
210.0	8492	19	16	14991	20	431	603	13
210.0	11172	19	18	14992	19	778	1844	16
210.0	14484	27	27	14993	24	762	1896	17
210.0	9052	17	17	14994	16	374	1591	15
210.0	12323	17	19	14995	15	883	1768	13
210.0	12166	26	21	14996	31	1173	1944	14
210.0	13411	19	15	14997	20	1028	77	14
210.0	7179	19	16	14998	20	117	2	15
210.0	12966	28	29	14999	25	1759	1984	18
210.0	9662	2	2	15000	2	213	729	13
210.0	8019	8	9	15001	7	180	1253	18
210.0	8834	22	20	15002	23	1774	1848	17
210.0	12893	27	31	15003	21	488	405	15
210.0	7733	16	15	15004	14	269	275	15
210.0	9777	13	12	15005	13	491	1220	16
210.0	13590	29	28	15006	30	1689	37	18
210.0	10991	14	12	15007	15	1784	991	14
210.0	10783	26	27	15008	25	312	998	11
210.0	12087	21	17	15009	24	1677	1830	18
210.0	12678	10	12	15010	8	777	247	16
210.0	11881	16	13	15011	17	467	1513	17
210.0	7183	16	18	15012	13	1896	633	13
210.0	11368	5	6	15013	4	1078	292	12
210.0	9461	16	17	15014	15	248	1200	10
210.0	9314	8	7	15015	7	318	1972	21
210.0	6892	14	14	15016	14	306	0	16
210.0	7319	11	13	15017	9	209	1993	20
210.0	8520	16	18	15018	14	1959	1951	18
210.0	9941	11	14	15019	6	223	165	14
210.0	13690	16	17	15020	13	1564	82	12
210.0	13661	25	29	15021	19	1758	1848	16
210.0	12168	30	27	15022	33	980	124	15
210.0	11926	14	15	15023	11	469	601	17
210.0	11020	13	13	15024	8	1555	1639	10
210.0	13596	20	19	15025	20	1738	222	15
210.0	8922	28	28	15026	27	1668	640	15
210.0	9368	15	12	15027	17	1892	1593	18
210.0	11870	6	5	15028	7	1452	85	16
210.0	7581	7	9	15029	4	1682	131	14
210.0	10362	15	16	15030	13	176	540	18
210.0	11747	14	16	15031	12	665	1789	14
210.0	9946	7	9	15032	5	1748	1591	15
210.0	7510	22	24	15033	19	334	1102	18
210.0	10956	33	30	15034	31	195	1500	17
210.0	11033	19	21	15035	16	39	1165	13
210.0	12979	4	7	15036	1	425	240	18
210.0	12138	23	22	15037	23	1717	440	16
210.0	8145	21	21	15038	19	1305	221	17
210.0	10715	9	11	15039	7	1267	151	12
210.0	9739	16	16	15040	16	704	1788	12
210.0	11396	23	25	15041	21	997	126	14
210.0	9412	26	25	15042	24	1280	365	19
210.0	11162	28	26	15043	30	1277	1780	14
210.0	8148	11	10	15044	12	231	1518	16
210.0	11166	5	7	15045	3	1944	436	15
210.0	11260	20	19	15046	20	1082	1958	17
210.0	12703	29	26	15047	30	1782	880	18
210.0	9636	27	29	15048	25	1728	106	12
210.0	9606	30	28	15049	29	898	1804	19
210.0	12490	24	23	15050	22	1484	1889	16
210.0	8765	44	44	15051	41	1383	1820	19
210.0	8577	36	36	15052	35	1384	109	15
210.0	9517	14	16	15053	12	699	1941	13
210.0	10194	25	25	15054	23	1868	81	19
210.0	7441	9	7	15055	11	188	891	14
210.0	8459	42	35	15056	47	849	378	16
210.0	10094	10	11	15057	9	1117	360	15
210.0	11346	0	0	15058	0	362	870	15
210.0	13210	2	2	15059	2	1282	1736	14
210.0	8020	18	22	15060	14	1883	167	15
210.0	11018	19	14	15061	22	402	1189	11
210.0	8677	1	2	15062	0	1915	338	16
210.0	8862	28	27	15063	26	1889	221	16
210.0	10608	11	9	15064	11	571	308	15
210.0	8785	4	5	15065	3	1060	78	14
210.0	11353	14	12	15066	16	1838	1683	14
210.0	9197	30	23	15067	35	1191	1800	13
210.0	12650	22	20	15068	23	125	82	15
210.0	12959	21	16	15069	25	1372	157	23
210.0	10007	18	20	15070	15	354	1852	15
210.0	11217	12	14	15071	10	248	1669	17
210.0	9683	16	13	15072	19	805	1790	14
210.0	9470	30	29	15073	29	1834	1570	20
210.0	10693	14	12	15074	15	1379	1874	20
210.0	11980	23	22	15075	24	1076	141	16
210.0	7329	9	9	15076	9	1457	327	12
210.0	11736	3	1	15077	5	671	395	16
210.0	10591	26	25	15078	27	36	390	14
210.0	8885	33	25	15079	40	427	177	19
210.0	12468	17	10	15080	23	1796	1159	13
210.0	12445	24	23	15081	22	299	1463	12
210.0	11125	20	17	15082	22	337	1647	13
210.0	6915	21	21	15083	20	1596	1569	15
210.0	8875	13	12	15084	14	1324	1888	17
210.0	13474	29	33	15085	24	81	1510	17
210.0	8411	20	25	15086	15	45	1725	16
210.0	10175	23	21	15087	21	1825	998	18
210.0	10144	34	35	15088	32	1836	176	21
210.0	6879	11	9	15089	13	784	1710	14
210.0	10609	14	19	15090	9	234	373	13
210.0	9914	48	45	15091	49	1607	162	23
210.0	12036	22	23	15092	20	323	647	9
210.0	8575	10	9	15093	11	1028	283	12
210.0	11232	35	30	15094	40	17	65	14
210.0	10761	14	15	15095	13	1014	1823	15
210.0	12492	27	23	15096	29	1319	259	15
210.0	9727	19	21	15097	17	258	1037	15
210.0	9482	12	10	15098	12	508	51	16
210.0	9652	16	11	15099	20	1683	660	16
210.0	7598	5	3	15100	6	1898	860	17
210.0	9552	36	34	15101	35	604	1711	14
210.0	9773	22	25	15102	19	180	1452	19
210.0	13747	9	10	15103	8	648	143	16
210.0	12407	26	25	15104	26	15	1230	13
210.0	7701	17	15	15105	17	1352	1712	18
210.0	9748	12	14	15106	10	300	1487	16
210.0	12342	29	25	15107	31	1843	30	18
210.0	8308	17	19	15108	15	1507	111	16
210.0	10851	35	38	15109	32	1664	1862	20
210.0	9894	16	15	15110	15	416	1824	15
210.0	8624	16	14	15111	18	923	1600	12
210.0	11678	16	19	15112	13	389	674	12
210.0	12459	18	20	15113	15	396	1591	15
210.0	11764	11	13	15114	9	849	1712	13
210.0	10978	19	20	15115	18	492	1959	11
210.0	12931	11	10	15116	12	210	1518	16
210.0	10988	35	35	15117	30	1770	329	17
210.0	9714	27	30	15118	24	1419	132	17
210.0	9204	44	45	15119	39	1960	194	17
210.0	10101	13	12	15120	14	1425	113	16
210.0	13263	21	20	15121	22	987	1831	15
210.0	10666	8	6	15122	10	446	1867	17
210.0	8125	23	18	15123	26	322	757	11
210.0	12469	14	18	15124	10	338	1604	18
210.0	9338	14	13	15125	15	171	1617	17
210.0	8294	37	42	15126	31	1165	251	15
210.0	9097	24	25	15127	22	842	1968	15
210.0	9799	11	9	15128	13	1050	1640	15
210.0	8596	5	6	15129	3	958	1845	13
210.0	10980	18	20	15130	15	272	1392	19
210.0	10552	24	26	15131	20	1840	1999	18
210.0	6872	16	17	15132	14	1999	872	15
210.0	6907	40	37	15133	42	0	1600	16
210.0	10206	11	9	15134	13	712	1916	17
210.0	12713	29	29	15135	27	1782	563	21
210.0	10174	13	15	15136	11	1153	1841	13
210.0	13159	17	16	15137	16	151	838	14
210.0	10758	12	11	15138	13	1500	1586	12
210.0	6888	13	18	15139	7	113	586	18
210.0	9439	16	19	15140	13	590	1373	20
210.0	7619	6	4	15141	8	454	269	16
210.0	6884	30	31	15142	27	1190	1946	13
210.0	9921	7	4	15143	10	464	1807	13
210.0	11617	9	10	15144	7	1440	419	12
210.0	8518	5	4	15145	6	1913	1486	17
211.0	11075	29	25	15146	32	267	1781	13
211.0	10715	11	13	15147	9	1267	151	13
211.0	12138	22	25	15148	16	1717	440	17
211.0	13159	16	15	15149	16	151	838	15
211.0	13146	19	20	15150	16	117	1920	14
211.0	10591	25	22	15151	27	36	390	15
211.0	10400	36	38	15152	32	1322	118	15
211.0	13294	22	25	15153	17	439	559	16
211.0	8321	13	8	15154	17	427	342	17
211.0	12684	7	8	15155	6	1650	1734	15
211.0	8068	17	19	15156	15	1892	939	18
211.0	11857	4	5	15157	3	1934	1279	12
211.0	13667	9	8	15158	10	1612	483	15
211.0	11188	19	16	15159	22	148	1438	20
211.0	11428	19	20	15160	18	511	621	17
211.0	10266	8	10	15161	6	1310	37	14
211.0	12279	22	20	15162	24	226	820	12
211.0	11245	24	24	15163	24	1920	1503	16
211.0	9618	11	13	15164	9	1988	1534	21
211.0	7996	3	3	15165	3	881	1724	14
211.0	12556	5	7	15166	3	270	1168	14
211.0	7510	24	17	15167	30	334	1102	19
211.0	12985	42	37	15168	45	50	139	12
211.0	8132	26	20	15169	31	67	1488	21
211.0	8278	11	14	15170	8	441	1829	15
211.0	11785	3	5	15171	1	810	140	14
211.0	8572	25	25	15172	23	822	1888	18
211.0	11382	19	18	15173	18	1879	615	16
211.0	12551	25	21	15174	27	91	1079	14
211.0	11668	21	20	15175	21	1773	1692	12
211.0	12561	19	21	15176	14	1495	98	17
211.0	13924	26	24	15177	27	939	1950	17
211.0	12425	18	15	15178	18	752	276	18
211.0	12445	23	27	15179	17	299	1463	13
211.0	7707	10	6	15180	13	620	427	14
211.0	8357	34	33	15181	32	1649	359	18
211.0	12045	31	29	15182	30	1457	135	14
211.0	12648	27	30	15183	24	1961	789	15
211.0	11813	23	24	15184	21	1808	30	14
211.0	8201	20	18	15185	22	420	1544	16
211.0	13282	9	11	15186	6	487	1810	13
211.0	13596	19	18	15187	19	1738	222	16
211.0	9773	25	22	15188	26	180	1452	20
211.0	11033	21	18	15189	24	39	1165	14
211.0	11087	5	6	15190	4	664	1631	12
211.0	11144	27	18	15191	33	362	489	13
211.0	9881	18	18	15192	18	420	652	12
211.0	10115	24	22	15193	26	540	1261	12
211.0	10963	17	18	15194	12	1800	394	16
211.0	10737	12	14	15195	10	1330	424	13
211.0	12907	24	18	15196	25	1147	217	19
211.0	9857	28	29	15197	26	67	320	15
211.0	12304	25	24	15198	23	1480	1979	15
211.0	9939	5	7	15199	2	413	1878	16
211.0	7705	8	9	15200	7	648	159	16
211.0	12212	30	34	15201	25	55	1363	18
211.0	9567	39	38	15202	38	755	0	12
211.0	8575	9	9	15203	8	1028	283	13
211.0	11116	19	20	15204	14	339	1429	15
211.0	12110	16	17	15205	15	1827	1579	18
211.0	12966	29	27	15206	29	1759	1984	19
211.0	10891	12	12	15207	11	1669	262	16
211.0	13641	9	7	15208	11	1557	243	14
211.0	7948	19	22	15209	14	1912	940	18
211.0	12323	19	24	15210	13	883	1768	14
211.0	9002	39	37	15211	41	207	1062	25
211.0	12168	27	21	15212	31	980	124	16
211.0	11747	16	10	15213	22	665	1789	15
211.0	12678	12	11	15214	12	777	247	17
211.0	12540	3	4	15215	2	415	32	15
211.0	12713	29	21	15216	35	1782	563	22
211.0	11289	18	17	15217	19	1680	1649	12
211.0	10641	20	13	15218	27	69	1527	19
211.0	7028	26	26	15219	24	1482	1933	20
211.0	11165	10	11	15220	9	1619	310	16
211.0	14819	39	40	15221	35	1706	54	15
211.0	7722	18	14	15222	21	1471	1675	17
211.0	8801	5	3	15223	7	365	971	12
211.0	11989	25	17	15224	30	1742	1989	16
211.0	8577	36	33	15225	38	1384	109	16
211.0	13440	12	15	15226	9	395	1938	18
211.0	14440	13	17	15227	9	312	1440	15
211.0	8723	30	32	15228	26	1845	1942	16
211.0	11744	15	10	15229	19	1181	244	17
211.0	9724	5	2	15230	8	882	70	17
211.0	12356	22	23	15231	21	661	69	16
211.0	11438	16	18	15232	14	1669	1609	13
211.0	10878	19	17	15233	20	1278	1913	13
211.0	7342	11	8	15234	11	1503	43	19
211.0	9729	16	13	15235	17	1872	1933	19
211.0	12114	26	20	15236	31	1542	1919	16
211.0	12793	17	16	15237	17	1210	315	18
211.0	12287	28	28	15238	27	1320	173	18
211.0	10435	33	35	15239	29	526	383	15
211.0	9612	27	27	15240	26	243	1896	15
211.0	8083	20	21	15241	17	86	1648	17
211.0	11018	14	19	15242	9	402	1189	12
211.0	10273	4	3	15243	5	1783	1023	17
211.0	11108	11	12	15244	8	690	56	12
211.0	12557	24	24	15245	21	342	1772	15
211.0	7295	17	23	15246	10	73	1237	14
211.0	7118	20	25	15247	14	1361	1611	14
211.0	7018	30	36	15248	23	1734	1854	20
211.0	12228	15	15	15249	14	1390	1672	13
211.0	10677	19	21	15250	15	884	177	13
211.0	14578	10	8	15251	10	203	1369	19
211.0	8125	18	17	15252	19	322	757	12
211.0	7182	16	14	15253	17	35	47	17
211.0	12716	18	16	15254	19	1439	297	12
211.0	6888	18	19	15255	17	113	586	19
211.0	8491	27	28	15256	26	1529	1768	15
211.0	7687	31	27	15257	32	347	1396	14
211.0	10693	12	14	15258	10	1366	1861	21
211.0	8202	17	18	15259	15	2	1105	18
211.0	9859	28	29	15260	27	765	1999	15
211.0	9914	45	50	15261	38	1607	162	24
211.0	12893	31	30	15262	30	475	418	16
211.0	12151	2	1	15263	3	424	890	17
211.0	9120	20	19	15264	21	501	561	16
211.0	7152	56	48	15265	52	1724	680	14
211.0	7384	48	47	15266	49	339	0	14
211.0	11696	40	42	15267	34	1572	1901	14
211.0	11172	18	15	15268	21	778	1844	17
211.0	12179	22	18	15269	26	729	1745	15
211.0	11872	28	29	15270	25	499	1911	16
211.0	10152	25	27	15271	22	1513	1906	13
211.0	11412	3	3	15272	3	1873	270	19
211.0	8704	12	14	15273	10	1231	355	16
211.0	12389	19	17	15274	20	306	1904	18
211.0	11914	11	11	15275	11	1503	17	17
211.0	12081	21	24	15276	17	0	310	19
211.0	9439	19	27	15277	11	590	1373	21
211.0	13344	19	17	15278	19	534	1311	14
211.0	7179	16	15	15279	16	117	2	16
211.0	8520	18	25	15280	11	1959	1951	19
211.0	10783	27	18	15281	35	312	998	12
211.0	11334	25	22	15282	26	28	1424	16
211.0	9074	21	22	15283	20	525	1906	17
211.0	13506	10	13	15284	6	349	1229	25
211.0	6942	0	0	15285	0	908	93	17
211.0	8154	10	6	15286	14	1962	743	17
211.0	9293	9	9	15287	8	1957	1754	18
211.0	9944	22	24	15288	20	1853	1369	14
211.0	13157	19	14	15289	24	1235	89	21
211.0	9992	10	9	15290	11	1627	1479	10
211.0	10175	21	20	15291	20	1825	998	19
211.0	11403	21	17	15292	24	1460	1751	11
212.0	12893	30	36	15293	24	475	418	17
212.0	14819	40	35	15294	43	1706	54	16
212.0	11720	8	10	15295	4	1324	1961	16
212.0	10695	10	11	15296	9	496	508	16
212.0	8367	11	11	15297	8	606	1791	16
212.0	8434	16	18	15298	13	513	437	16
212.0	11085	18	15	15299	21	736	1639	12
212.0	7752	31	32	15300	29	1999	1245	12
212.0	13924	24	24	15301	22	939	1950	18
212.0	10435	35	34	15302	36	526	383	16
212.0	11106	19	15	15303	22	1421	1802	10
212.0	14548	9	14	15304	4	1391	439	19
212.0	9758	7	7	15305	7	0	486	14
212.0	11491	18	17	15306	17	1372	1893	11
212.0	12577	0	0	15307	0	673	1490	12
212.0	7239	12	12	15308	11	1502	1660	13
212.0	8950	24	18	15309	30	1110	280	12
212.0	11268	21	22	15310	20	511	209	14
212.0	9678	31	34	15311	24	169	1355	16
212.0	9699	18	18	15312	16	1261	1999	15
212.0	11177	16	15	15313	17	1587	1490	14
212.0	11875	22	22	15314	22	1952	1343	15
212.0	12716	16	16	15315	15	1439	297	13
212.0	10699	26	28	15316	22	117	1682	14
212.0	12358	26	22	15317	28	1971	344	20
212.0	10270	5	4	15318	6	440	840	13
212.0	10653	43	34	15319	50	0	259	12
212.0	11914	11	11	15320	11	1503	17	18
212.0	13142	11	10	15321	12	1902	561	20
212.0	12562	30	27	15322	31	368	1949	13
212.0	10623	14	15	15323	11	1157	32	13
212.0	11437	9	10	15324	7	179	1224	17
212.0	9002	37	42	15325	31	207	1062	26
212.0	11126	13	13	15326	12	561	379	15
212.0	13399	43	40	15327	42	1918	1585	15
212.0	8705	23	21	15328	23	1589	1657	15
212.0	12540	4	4	15329	3	415	32	16
212.0	7073	20	14	15330	22	542	97	18
212.0	13985	14	17	15331	11	174	1121	18
212.0	10416	35	31	15332	38	993	278	16
212.0	8425	29	29	15333	28	1726	621	18
212.0	10835	11	12	15334	9	1416	1911	18
212.0	11808	16	13	15335	19	529	287	12
212.0	7025	10	8	15336	12	641	1637	15
212.0	9914	50	46	15337	50	1607	162	25
212.0	9104	21	17	15338	22	1465	1984	14
212.0	10622	31	26	15339	35	1101	209	15
212.0	7500	0	0	15340	0	1059	189	15
212.0	9944	24	24	15341	24	1853	1369	15
212.0	11566	12	13	15342	10	422	136	14
212.0	12110	17	16	15343	18	1827	1579	19
212.0	8520	25	22	15344	26	1959	1951	20
212.0	10440	9	11	15345	7	525	1956	17
212.0	10900	30	33	15346	25	1822	429	18
212.0	8940	7	6	15347	6	110	455	15
212.0	10468	13	9	15348	15	1436	13	13
212.0	8833	30	28	15349	31	1813	254	17
212.0	8573	40	33	15350	42	1863	884	23
212.0	11369	24	25	15351	21	1885	1520	19
212.0	11789	12	14	15352	9	355	1499	14
212.0	12861	3	3	15353	2	883	96	16
212.0	7716	3	4	15354	2	1051	220	18
212.0	9284	36	30	15355	38	1820	479	14
212.0	12481	0	0	15356	0	625	350	14
212.0	11460	18	16	15357	18	616	123	16
212.0	10479	3	4	15358	2	680	348	15
212.0	10855	13	7	15359	18	224	968	12
212.0	9117	28	23	15360	32	88	1598	17
212.0	10131	10	8	15361	12	1938	510	16
212.0	8842	5	4	15362	6	1545	231	15
212.0	11076	6	5	15363	7	369	1044	16
212.0	13456	14	10	15364	18	125	1028	14
212.0	7815	14	12	15365	14	1234	54	13
212.0	9828	10	11	15366	9	604	1479	12
212.0	7038	17	18	15367	16	133	1081	16
212.0	9744	3	3	15368	3	1350	1631	13
212.0	10152	27	25	15369	29	1513	1906	14
212.0	9199	20	23	15370	17	792	217	17
212.0	12445	27	25	15371	27	288	1474	14
212.0	12313	10	7	15372	13	413	1938	18
212.0	13468	15	16	15373	13	188	909	14
212.0	12287	28	26	15374	29	1320	173	19
212.0	9833	9	8	15375	10	1728	1524	15
212.0	8862	27	21	15376	32	1889	221	17
212.0	10722	5	4	15377	6	1699	697	14
212.0	12051	27	26	15378	27	451	1897	15
212.0	13539	25	26	15379	23	107	1621	16
212.0	8200	29	31	15380	26	1640	208	15
212.0	8762	15	15	15381	13	1707	811	21
212.0	13353	15	13	15382	15	1890	110	23
212.0	8276	21	24	15383	18	51	1308	14
212.0	13748	4	4	15384	4	1271	1769	18
212.0	12793	16	13	15385	17	1210	315	19
212.0	12080	26	25	15386	26	1290	1969	15
212.0	9990	13	13	15387	13	1142	108	14
212.0	14235	17	14	15388	20	704	1820	12
212.0	10119	10	11	15389	9	818	1912	17
212.0	9803	23	24	15390	21	748	1569	13
212.0	9043	29	32	15391	24	1703	1041	12
212.0	12088	40	43	15392	35	279	592	15
212.0	6902	15	14	15393	16	23	133	18
212.0	11518	18	14	15394	22	1710	1239	12
212.0	14578	8	11	15395	5	217	1383	20
212.0	10303	14	11	15396	16	409	848	14
212.0	9832	9	5	15397	13	1243	160	15
212.0	13718	3	3	15398	3	784	167	16
212.0	11318	4	7	15399	1	1428	1716	19
212.0	13590	28	26	15400	30	1689	37	19
212.0	12496	7	7	15401	6	362	942	12
212.0	10801	3	1	15402	5	830	1761	13
212.0	12664	22	17	15403	25	618	1692	14
212.0	7182	14	13	15404	14	35	47	18
212.0	9857	29	28	15405	29	106	188	16
212.0	11831	52	51	15406	49	1944	194	15
212.0	7428	6	4	15407	7	818	75	13
212.0	10486	25	22	15408	26	397	529	14
212.0	12832	3	2	15409	3	1318	1701	13
212.0	12561	21	22	15410	19	1495	98	18
212.0	11018	19	18	15411	19	402	1189	13
212.0	10640	6	7	15412	4	1911	676	16
212.0	7825	19	20	15413	18	78	1170	16
212.0	9875	26	25	15414	25	449	220	13
212.0	11564	19	20	15415	18	1393	198	23
212.0	11580	7	8	15416	4	1936	1213	11
212.0	9419	18	14	15417	19	411	1142	15
212.0	11631	32	28	15418	34	87	1395	17
212.0	7217	2	2	15419	1	1986	693	16
212.0	12570	13	10	15420	15	1309	1785	14
212.0	9412	25	23	15421	24	1267	352	20
212.0	13105	26	34	15422	16	1433	201	15
212.0	13652	27	28	15423	26	135	1188	14
212.0	11910	15	18	15424	12	535	119	16
212.0	7629	32	31	15425	33	1241	320	16
212.0	14544	44	43	15426	44	1435	132	17
212.0	9402	13	11	15427	15	104	961	13
212.0	11639	20	20	15428	20	824	1801	11
212.0	7729	9	13	15429	5	503	1731	13
212.0	10735	15	14	15430	16	1306	1842	13
212.0	9111	28	28	15431	27	1147	1806	12
212.0	13256	27	21	15432	33	1574	1718	16
212.0	12078	28	23	15433	31	341	1476	13
212.0	11403	17	17	15434	16	1472	1763	12
212.0	11079	4	7	15435	0	1935	650	14
212.0	8927	15	16	15436	13	418	1280	17
212.0	10786	26	24	15437	26	1948	1999	17
212.0	10263	27	26	15438	26	1576	127	15
212.0	7359	19	25	15439	13	1773	0	20
212.0	9729	13	11	15440	15	1872	1933	20
212.0	10419	7	4	15441	10	1181	63	16
213.0	11385	20	10	15442	30	1795	1521	13
213.0	12507	14	16	15443	12	1181	1710	13
213.0	13751	8	8	15444	8	1769	1284	22
213.0	10514	14	14	15445	11	794	350	17
213.0	8859	11	6	15446	16	457	1934	14
213.0	9565	31	33	15447	27	1880	1343	15
213.0	12183	34	29	15448	37	1747	530	20
213.0	7949	25	26	15449	23	1682	1999	15
213.0	11483	21	17	15450	22	1597	1839	15
213.0	9545	14	15	15451	12	404	1922	11
213.0	7117	10	7	15452	13	641	184	15
213.0	11428	20	20	15453	19	511	621	18
213.0	13664	38	40	15454	34	1740	59	17
213.0	12828	32	29	15455	34	306	1510	20
213.0	8582	28	27	15456	26	1837	1660	13
213.0	9610	21	20	15457	22	1860	1999	14
213.0	12987	31	32	15458	28	449	1492	21
213.0	14358	16	17	15459	14	741	1970	14
213.0	10722	4	5	15460	3	1699	697	15
213.0	11881	13	13	15461	13	467	1513	18
213.0	6916	0	0	15462	0	331	922	18
213.0	12458	10	10	15463	10	1475	1857	17
213.0	9406	7	10	15464	3	209	1110	15
213.0	14031	14	14	15465	13	526	151	17
213.0	12902	6	7	15466	5	619	1944	18
213.0	12975	7	5	15467	9	933	22	15
213.0	10765	36	33	15468	38	1581	41	19
213.0	12794	10	5	15469	15	1478	117	20
213.0	9620	5	5	15470	5	1030	316	16
213.0	9336	14	13	15471	15	707	1861	10
213.0	9277	8	7	15472	9	1203	1791	14
213.0	7955	6	8	15473	4	1870	1645	19
213.0	8946	16	14	15474	17	97	1050	16
213.0	12861	3	2	15475	4	883	96	17
213.0	11879	14	17	15476	9	0	823	14
213.0	9942	6	4	15477	8	599	1984	14
213.0	10363	11	7	15478	15	54	973	18
213.0	11891	24	19	15479	27	31	862	14
213.0	12039	17	13	15480	20	1262	368	16
213.0	10898	10	7	15481	13	1857	1297	18
213.0	13744	15	16	15482	11	1669	1589	12
213.0	11470	11	7	15483	15	1407	81	13
213.0	9774	7	4	15484	10	979	1570	14
213.0	9885	14	12	15485	16	227	1737	13
213.0	9104	17	16	15486	17	1465	1984	15
213.0	10732	29	26	15487	30	1843	45	20
213.0	14702	27	27	15488	27	1605	1801	16
213.0	10803	20	22	15489	17	299	382	13
213.0	11211	7	5	15490	9	1458	220	14
213.0	11119	15	13	15491	16	1999	1977	16
213.0	8751	44	44	15492	41	205	688	16
213.0	11646	19	22	15493	16	1898	1847	13
213.0	12365	23	28	15494	15	445	1963	17
213.0	11720	10	11	15495	9	1324	1961	17
213.0	8430	12	8	15496	16	0	1879	18
213.0	13473	8	6	15497	10	629	1788	16
213.0	10532	46	40	15498	47	33	1125	12
213.0	10039	26	26	15499	23	1549	303	16
213.0	14440	17	15	15500	17	312	1440	16
213.0	11356	5	4	15501	6	679	264	17
213.0	12270	43	48	15502	37	229	576	15
213.0	10620	17	17	15503	16	63	784	17
213.0	12130	19	17	15504	21	1492	329	9
213.0	13039	22	22	15505	22	946	197	12
213.0	11384	22	24	15506	20	369	0	13
213.0	12714	19	15	15507	23	118	1556	19
213.0	12078	23	16	15508	27	341	1476	14
213.0	9752	34	27	15509	39	661	1743	17
213.0	9558	37	34	15510	38	398	1442	16
213.0	8691	21	19	15511	20	1529	312	9
213.0	7177	30	29	15512	28	1645	1999	14
213.0	7062	23	21	15513	23	301	1888	16
213.0	11453	42	49	15514	34	1747	203	14
213.0	8716	32	37	15515	26	126	1999	13
213.0	8221	24	20	15516	28	1280	1811	18
213.0	13718	3	4	15517	2	784	167	17
213.0	12305	24	29	15518	18	1928	1721	15
213.0	11986	28	28	15519	26	1610	1913	18
213.0	7889	11	11	15520	10	1820	1015	12
213.0	9863	11	6	15521	14	531	378	16
213.0	11332	29	29	15522	27	700	489	13
213.0	12264	21	19	15523	22	1621	255	14
213.0	7184	13	9	15524	16	499	1397	13
213.0	12720	8	9	15525	6	1609	338	17
213.0	9173	17	18	15526	14	1718	1482	13
213.0	9304	14	12	15527	15	64	1024	15
213.0	12562	27	25	15528	28	368	1949	14
213.0	11303	21	25	15529	14	1091	1897	18
213.0	9940	16	18	15530	12	1780	1654	17
213.0	11434	5	6	15531	3	597	69	13
213.0	7854	17	21	15532	11	135	1231	11
213.0	10094	11	10	15533	10	1117	360	16
213.0	12774	42	45	15534	34	1522	1582	17
213.0	12326	15	17	15535	12	151	905	15
213.0	11217	14	9	15536	17	248	1669	18
213.0	10735	14	15	15537	12	1306	1842	14
213.0	12301	10	8	15538	12	616	1854	16
213.0	10642	34	37	15539	28	257	1463	11
213.0	12011	23	26	15540	20	110	1420	22
213.0	7705	9	11	15541	7	648	159	17
213.0	9423	28	27	15542	29	412	1960	15
213.0	10424	29	28	15543	28	1873	1777	13
213.0	6892	14	15	15544	13	305	0	17
213.0	13926	32	31	15545	33	81	1466	16
213.0	12915	33	25	15546	38	51	81	16
213.0	10820	18	16	15547	20	707	139	15
213.0	10910	16	14	15548	17	1309	402	11
213.0	10557	40	31	15549	47	1824	659	14
213.0	12671	24	20	15550	24	107	1019	17
213.0	10615	20	22	15551	18	27	1642	13
213.0	11491	17	21	15552	13	1372	1893	12
213.0	12617	20	13	15553	26	1890	70	23
213.0	13489	9	7	15554	10	608	1617	12
213.0	12492	23	22	15555	20	1319	259	16
213.0	10896	22	19	15556	25	999	257	9
213.0	8324	7	5	15557	9	531	1415	17
213.0	11909	27	30	15558	24	1257	288	12
213.0	7988	13	13	15559	13	1079	1768	17
213.0	11109	12	8	15560	14	45	943	16
213.0	13142	10	12	15561	8	1902	561	21
213.0	12664	17	18	15562	16	618	1692	15
213.0	9857	28	29	15563	26	106	188	17
213.0	12436	39	36	15564	40	1798	119	17
213.0	10631	50	51	15565	47	163	1451	13
213.0	9769	32	33	15566	28	1800	1820	16
213.0	10758	11	9	15567	12	1500	1586	13
213.0	13415	6	6	15568	5	690	139	15
213.0	10152	25	20	15569	29	1513	1906	15
213.0	10573	6	5	15570	7	78	1890	23
213.0	13858	14	14	15571	11	94	400	11
213.0	12341	9	9	15572	9	123	1069	15
213.0	10671	7	9	15573	5	800	1754	12
213.0	10640	7	7	15574	6	1901	686	17
213.0	11021	6	6	15575	5	985	1930	13
213.0	11638	29	29	15576	27	1430	182	17
213.0	11061	14	10	15577	18	1034	1827	11
213.0	9887	25	24	15578	26	377	1367	17
213.0	7585	14	13	15579	13	1982	677	18
213.0	11968	36	38	15580	33	746	51	13
213.0	10054	21	21	15581	20	305	851	14
213.0	9037	14	14	15582	14	371	1796	18
213.0	9435	25	25	15583	24	1902	59	24
213.0	12153	9	7	15584	10	1907	191	14
213.0	8589	14	13	15585	14	1704	272	12
213.0	7976	16	12	15586	20	828	1590	15
213.0	11639	20	20	15587	19	824	1801	12
213.0	13319	31	33	15588	27	1690	1948	16
213.0	10144	35	36	15589	34	1836	176	22
213.0	11177	15	12	15590	16	1587	1490	15
213.0	11210	9	10	15591	7	1804	333	16
213.0	10585	14	10	15592	16	240	898	12
213.0	13293	13	14	15593	12	1062	1701	14
213.0	12649	22	18	15594	25	1128	93	12
213.0	11152	22	17	15595	25	1175	1851	17
213.0	11420	36	40	15596	31	1893	1129	20
213.0	8833	28	27	15597	27	1813	254	18
213.0	8766	24	28	15598	19	335	699	15
213.0	9348	11	6	15599	16	1137	1650	15
213.0	8128	21	20	15600	22	183	971	12
213.0	14052	8	7	15601	7	1452	1740	19
214.0	10247	20	26	15602	11	1958	557	16
214.0	7875	18	12	15603	23	1851	629	16
214.0	8809	18	13	15604	23	198	1179	17
214.0	9693	14	11	15605	17	1511	1698	18
214.0	9842	18	23	15606	13	1437	1773	14
214.0	8221	20	22	15607	17	1280	1811	19
214.0	9118	24	25	15608	21	1065	47	18
214.0	14702	27	32	15609	21	1605	1801	17
214.0	11434	6	6	15610	5	597	69	14
214.0	7954	8	9	15611	6	568	243	17
214.0	10486	22	25	15612	19	397	529	15
214.0	9175	23	25	15613	21	283	981	18
214.0	10644	27	32	15614	21	1526	209	15
214.0	14011	13	10	15615	16	448	1030	11
214.0	11746	22	20	15616	22	1212	1819	12
214.0	10615	22	27	15617	17	27	1642	14
214.0	11505	18	13	15618	23	72	1442	16
214.0	11054	25	26	15619	21	524	1831	14
214.0	8578	21	14	15620	27	332	799	13
214.0	7971	9	10	15621	8	774	1743	12
214.0	9799	9	10	15622	7	1050	1640	16
214.0	13005	16	15	15623	14	1920	1904	16
214.0	8198	8	12	15624	3	1263	1691	20
214.0	12720	9	8	15625	10	1609	338	18
214.0	12130	17	17	15626	16	1492	329	10
214.0	14379	12	11	15627	13	1600	374	18
214.0	6972	21	20	15628	22	81	1278	18
214.0	11277	25	26	15629	24	45	1003	17
214.0	12556	7	9	15630	4	270	1168	15
214.0	7184	9	6	15631	12	499	1397	14
214.0	9700	16	16	15632	15	1362	1801	9
214.0	11425	13	15	15633	10	500	1985	18
214.0	10617	33	38	15634	26	1617	432	15
214.0	11177	12	11	15635	12	1587	1490	16
214.0	12178	31	33	15636	28	489	1924	18
214.0	11414	24	16	15637	32	1654	1500	13
214.0	8481	27	24	15638	29	580	491	15
214.0	6967	10	12	15639	8	1588	1630	10
214.0	12957	26	29	15640	23	435	448	14
214.0	10822	20	16	15641	23	1529	501	11
214.0	8328	20	19	15642	21	293	791	14
214.0	12741	6	6	15643	6	1750	483	16
214.0	11807	6	4	15644	8	1033	1943	17
214.0	9631	19	21	15645	17	1102	111	14
214.0	11204	13	15	15646	9	19	448	16
214.0	12308	24	20	15647	23	1369	278	12
214.0	11729	9	12	15648	6	833	1746	14
214.0	8154	6	6	15649	6	1962	743	18
214.0	7035	25	26	15650	23	256	379	16
214.0	11100	17	17	15651	16	1104	1936	17
214.0	11668	20	14	15652	26	1773	1692	13
214.0	10671	9	9	15653	9	800	1754	13
214.0	12550	20	23	15654	16	289	887	14
214.0	14052	7	5	15655	9	1452	1740	20
214.0	8591	34	29	15656	39	1939	1174	18
214.0	8589	13	15	15657	9	1704	272	13
214.0	12133	10	9	15658	11	333	737	9
214.0	6871	16	13	15659	18	1086	42	18
214.0	9837	18	21	15660	13	1751	586	12
214.0	12332	29	29	15661	28	1781	421	20
214.0	13159	15	12	15662	16	151	838	16
214.0	8278	14	19	15663	9	427	1815	16
214.0	11061	10	8	15664	12	1034	1827	12
214.0	10107	17	16	15665	16	1132	1886	16
214.0	13703	25	31	15666	18	58	1673	15
214.0	7262	13	11	15667	15	501	1697	15
214.0	10530	18	16	15668	19	83	832	14
214.0	13932	18	17	15669	18	206	0	16
214.0	11138	2	2	15670	2	977	251	17
214.0	7391	18	18	15671	16	1596	72	14
214.0	9459	34	25	15672	41	239	32	13
214.0	12622	17	20	15673	12	374	1683	16
214.0	10677	21	14	15674	23	884	177	14
214.0	13461	33	33	15675	31	1701	72	15
214.0	12841	31	39	15676	23	237	1392	17
214.0	8833	27	29	15677	24	1813	254	19
214.0	11167	32	32	15678	27	158	488	14
214.0	9039	21	18	15679	23	120	802	13
214.0	10622	26	29	15680	22	1101	209	16
214.0	9211	36	33	15681	39	321	329	13
214.0	9643	20	24	15682	15	1768	138	17
214.0	13620	7	6	15683	8	1199	51	16
214.0	12920	48	49	15684	45	85	1818	13
214.0	7496	12	13	15685	11	1778	1464	15
214.0	11976	27	26	15686	28	29	267	14
214.0	11240	26	24	15687	27	175	863	11
214.0	7869	25	26	15688	23	326	403	18
214.0	9629	5	5	15689	5	659	102	14
214.0	9406	10	9	15690	11	209	1110	16
214.0	7741	8	8	15691	7	1608	1934	15
214.0	12201	33	29	15692	36	1209	278	16
214.0	11310	40	41	15693	36	668	1876	18
214.0	9218	15	14	15694	14	500	1369	14
214.0	8505	9	15	15695	2	1729	1405	18
214.0	10280	18	18	15696	18	1034	1738	20
214.0	12794	5	6	15697	4	1478	117	21
214.0	7901	38	31	15698	45	412	1501	13
214.0	11655	20	23	15699	14	1771	1524	17
214.0	8318	22	18	15700	23	1720	123	11
214.0	12055	19	12	15701	26	1652	1557	14
214.0	8373	46	49	15702	42	222	1347	21
214.0	13589	19	22	15703	16	664	1831	18
214.0	12518	11	13	15704	9	215	803	12
214.0	10788	8	10	15705	5	715	1958	14
214.0	14003	11	8	15706	14	365	84	13
214.0	7117	7	7	15707	7	641	184	16
214.0	7155	5	6	15708	4	1029	1782	14
214.0	10487	34	35	15709	30	633	259	15
214.0	11843	20	21	15710	19	1029	1961	18
214.0	10631	51	49	15711	49	163	1451	14
214.0	11133	19	13	15712	24	95	883	13
214.0	8903	4	5	15713	3	725	1712	14
214.0	9958	10	11	15714	9	201	1383	19
214.0	11332	29	28	15715	29	700	489	14
214.0	8239	8	9	15716	7	1930	201	17
214.0	8459	35	28	15717	39	831	378	17
214.0	12169	21	19	15718	22	220	981	16
214.0	14284	6	6	15719	6	1630	334	16
214.0	13664	40	36	15720	42	1740	59	18
214.0	12906	19	18	15721	20	16	1285	11
214.0	10295	9	10	15722	7	1967	538	17
214.0	11482	16	19	15723	12	250	1128	16
214.0	7243	14	15	15724	11	1243	1950	17
214.0	13412	7	6	15725	8	16	1080	17
214.0	13721	17	19	15726	13	168	1338	18
214.0	13856	28	26	15727	28	877	1956	17
214.0	13608	38	31	15728	45	103	915	14
214.0	13441	14	17	15729	11	1540	70	18
214.0	9752	27	26	15730	27	661	1743	18
214.0	8859	6	4	15731	7	457	1934	15
214.0	10206	9	13	15732	3	712	1916	18
214.0	12458	10	11	15733	9	1475	1857	18
214.0	13641	7	6	15734	8	1557	243	15
214.0	12768	19	22	15735	16	962	1671	15
214.0	10749	9	7	15736	11	1903	275	17
214.0	11280	25	27	15737	21	1931	1549	16
214.0	10744	23	19	15738	26	761	184	15
214.0	11076	5	7	15739	3	369	1044	17
214.0	12000	35	37	15740	32	1828	279	16
214.0	11094	20	23	15741	15	223	781	12
214.0	11307	16	17	15742	15	1542	1899	12
214.0	13241	19	17	15743	21	561	1906	17
214.0	11579	29	25	15744	31	1042	39	15
214.0	9165	12	13	15745	11	1428	1759	18
214.0	10938	45	39	15746	48	1637	48	19
214.0	11616	16	18	15747	14	1905	468	16
214.0	8384	29	22	15748	36	1580	288	13
214.0	11638	29	30	15749	28	1430	182	18
214.0	12542	10	13	15750	5	591	1490	17
214.0	12302	6	9	15751	3	1377	1835	17
214.0	13757	15	15	15752	14	1056	1971	13
214.0	8771	8	6	15753	10	907	239	17
214.0	12819	19	16	15754	22	1544	430	16
214.0	12961	31	34	15755	26	1706	1622	14
214.0	7982	19	20	15756	17	262	880	12
214.0	9835	17	18	15757	15	1675	402	17
214.0	11573	16	19	15758	12	1498	275	12
214.0	9568	37	36	15759	34	56	992	13
214.0	6884	31	23	15760	39	1190	1946	14
214.0	14912	17	16	15761	17	225	1020	15
215.0	15364	18	15	15762	21	139	1032	15
215.0	12011	26	27	15763	25	110	1420	23
215.0	9724	2	3	15764	0	882	70	18
215.0	12483	18	17	15765	19	868	351	15
215.0	10079	22	27	15766	16	1576	1958	17
215.0	10511	14	13	15767	14	435	530	15
215.0	11031	18	19	15768	17	66	1267	12
215.0	12060	8	8	15769	8	532	21	14
215.0	10596	26	27	15770	24	1782	913	18
215.0	9406	9	8	15771	10	209	1110	17
215.0	8596	6	9	15772	3	958	1845	14
215.0	9487	9	10	15773	8	1740	1627	17
215.0	12442	35	31	15774	38	231	839	11
215.0	9938	35	33	15775	36	1624	259	14
215.0	9663	18	22	15776	14	34	348	15
215.0	8181	20	20	15777	20	753	22	14
215.0	7091	13	15	15778	9	304	1567	17
215.0	8124	17	13	15779	20	1372	312	17
215.0	10339	10	8	15780	12	1639	1960	14
215.0	11411	14	15	15781	13	1578	383	16
215.0	7404	37	37	15782	33	1526	1788	18
215.0	10782	11	9	15783	12	1398	410	21
215.0	10083	12	13	15784	10	707	258	18
215.0	14702	32	30	15785	32	1605	1801	18
215.0	11084	46	47	15786	43	1908	368	19
215.0	9958	11	9	15787	12	201	1383	20
215.0	9102	5	6	15788	3	765	212	16
215.0	7733	15	7	15789	22	269	275	16
215.0	9683	13	16	15790	9	805	1790	15
215.0	12600	17	14	15791	19	189	1677	16
215.0	11848	12	9	15792	14	1599	452	17
215.0	13029	27	28	15793	25	226	1182	14
215.0	10093	20	20	15794	19	1801	1672	13
215.0	13856	26	31	15795	21	877	1956	18
215.0	7378	29	28	15796	28	676	1978	16
215.0	13931	13	15	15797	10	901	148	17
215.0	7976	12	12	15798	11	828	1590	16
215.0	11593	17	18	15799	14	1079	1800	17
215.0	11568	13	9	15800	16	138	706	11
215.0	11828	23	22	15801	24	59	868	14
215.0	12961	34	31	15802	35	1706	1622	15
215.0	11075	25	26	15803	22	254	1873	14
215.0	12746	17	15	15804	19	43	918	17
215.0	11135	11	11	15805	11	1580	1310	17
215.0	12055	12	14	15806	10	1652	1557	15
215.0	12043	24	22	15807	24	1525	430	16
215.0	13788	34	28	15808	36	81	1110	14
215.0	13721	19	18	15809	19	168	1338	19
215.0	9769	33	43	15810	22	1800	1820	17
215.0	10189	31	27	15811	33	328	1356	11
215.0	14441	34	33	15812	33	1576	111	16
215.0	9294	34	29	15813	38	1677	1874	19
215.0	9819	10	7	15814	11	642	1859	13
215.0	12321	32	35	15815	26	1445	1873	14
215.0	13005	15	10	15816	19	1920	1904	17
215.0	9197	23	19	15817	26	1191	1800	14
215.0	10206	13	10	15818	15	712	1916	19
215.0	7493	13	10	15819	16	1460	1500	16
215.0	13817	25	25	15820	23	614	1763	13
215.0	12117	34	27	15821	41	857	142	12
215.0	11307	17	18	15822	15	1542	1899	13
215.0	6908	23	25	15823	17	1715	1999	17
215.0	8289	39	37	15824	40	41	1912	15
215.0	12622	20	22	15825	16	374	1683	17
215.0	12044	11	8	15826	11	1877	360	19
215.0	14011	10	7	15827	13	448	1030	12
215.0	9111	28	29	15828	25	1147	1806	13
215.0	9936	12	14	15829	10	784	1860	12
215.0	11935	10	8	15830	12	1752	434	14
215.0	12685	27	24	15831	30	168	1929	14
215.0	8850	23	24	15832	19	1273	1877	14
215.0	11225	7	6	15833	8	823	1852	13
215.0	9597	0	0	15834	0	1332	314	17
215.0	13790	26	29	15835	22	482	558	19
215.0	12626	15	13	15836	17	1290	299	17
215.0	13106	1	0	15837	2	1399	1708	17
215.0	10461	15	16	15838	13	370	1912	17
215.0	11622	21	20	15839	22	839	1544	12
215.0	12063	19	18	15840	19	1828	239	14
215.0	10200	7	8	15841	6	499	1039	11
215.0	12857	20	19	15842	21	279	1324	20
215.0	13417	13	16	15843	10	1703	1180	15
215.0	11322	25	28	15844	22	1629	1419	16
215.0	11851	8	9	15845	7	370	122	14
215.0	10385	6	4	15846	7	1816	852	12
215.0	11735	11	11	15847	11	1079	1784	17
215.0	9871	14	9	15848	19	1862	417	16
215.0	10440	11	13	15849	8	525	1956	18
215.0	7288	13	13	15850	13	365	22	14
215.0	9652	11	8	15851	14	1683	660	17
215.0	12348	1	1	15852	1	738	1682	11
215.0	11425	15	12	15853	17	500	1985	19
215.0	6904	6	7	15854	4	1235	1781	16
215.0	7393	17	15	15855	18	1943	1862	13
215.0	13184	11	17	15856	5	1580	524	16
215.0	9175	25	23	15857	27	283	981	19
215.0	10850	9	7	15858	11	1540	1613	13
215.0	9661	34	41	15859	26	1040	260	13
215.0	9752	26	24	15860	26	661	1743	19
215.0	9171	24	26	15861	18	1434	251	16
215.0	9085	43	40	15862	41	989	157	23
215.0	13703	31	31	15863	30	58	1673	16
215.0	9034	17	18	15864	15	1351	392	18
215.0	12874	28	21	15865	33	896	321	16
215.0	9052	17	13	15866	20	374	1591	16
215.0	9018	23	14	15867	32	1631	517	16
215.0	10138	23	27	15868	18	66	1708	15
215.0	12872	22	23	15869	19	376	1862	18
215.0	10939	29	29	15870	26	1928	28	20
215.0	11390	32	33	15871	29	102	1354	15
215.0	11556	19	15	15872	21	669	51	15
215.0	14971	15	15	15873	15	352	1970	16
215.0	12133	9	6	15874	11	333	737	10
215.0	12240	37	37	15875	34	1302	323	19
215.0	8589	15	14	15876	16	1704	272	14
215.0	11078	11	8	15877	13	452	1718	11
215.0	8833	29	26	15878	31	1800	241	20
215.0	8373	49	43	15879	54	222	1347	22
215.0	7996	3	5	15880	1	881	1746	15
215.0	13019	33	25	15881	39	334	1986	13
215.0	11267	30	35	15882	25	41	170	12
215.0	10716	22	26	15883	17	1740	1141	16
215.0	11776	13	14	15884	12	1887	1248	24
215.0	12046	38	35	15885	36	190	1999	16
215.0	7844	4	4	15886	4	1857	582	18
215.0	12930	16	16	15887	14	37	198	15
215.0	9990	13	12	15888	14	1153	119	15
215.0	10752	28	28	15889	27	382	1309	24
215.0	15003	21	23	15890	18	461	431	16
215.0	9783	40	38	15891	42	791	1999	15
215.0	14126	11	6	15892	14	598	459	13
215.0	7686	6	7	15893	5	651	1909	17
215.0	8263	25	22	15894	26	1999	1924	13
215.0	10944	25	20	15895	28	1375	1980	15
215.0	11442	32	36	15896	28	1465	201	17
215.0	14318	16	18	15897	13	1790	18	20
215.0	11114	9	7	15898	11	590	133	16
215.0	11794	16	15	15899	17	773	329	17
215.0	7775	13	9	15900	17	1171	1771	18
215.0	11482	19	17	15901	20	250	1128	17
215.0	12127	19	15	15902	23	328	1938	13
215.0	12339	18	16	15903	20	979	1859	14
215.0	10001	12	13	15904	11	1889	872	16
215.0	7035	26	19	15905	31	256	379	17
215.0	9636	29	30	15906	27	1728	106	13
215.0	11448	23	17	15907	27	1249	1932	13
215.0	11951	13	15	15908	11	599	1870	15
215.0	11278	19	18	15909	16	257	1250	16
215.0	7875	12	9	15910	13	1851	629	17
215.0	8885	25	17	15911	30	427	177	20
215.0	8077	8	7	15912	9	1692	990	12
215.0	10330	23	14	15913	29	450	674	15
215.0	11936	29	37	15914	21	1621	238	13
215.0	7869	26	23	15915	28	326	403	19
215.0	12226	26	31	15916	20	449	1530	17
215.0	11204	15	15	15917	15	19	448	17
215.0	7184	6	8	15918	4	499	1397	15
215.0	8382	11	10	15919	12	1511	390	14
215.0	7909	8	8	15920	7	1734	1021	17
215.0	10470	41	42	15921	39	1570	62	12
215.0	8384	22	25	15922	19	1568	300	14
215.0	9625	3	2	15923	4	432	1159	15
215.0	8328	19	25	15924	13	293	791	15
215.0	9521	12	8	15925	16	1701	1430	14
216.0	9809	27	23	15926	31	42	1182	14
216.0	9012	5	6	15927	4	883	1870	17
216.0	9360	15	21	15928	9	1833	878	18
216.0	7793	35	39	15929	28	881	320	16
216.0	13546	9	9	15930	9	734	260	19
216.0	14138	16	17	15931	15	1713	1817	18
216.0	13817	25	26	15932	21	594	1763	14
216.0	8956	25	22	15933	27	1047	1904	14
216.0	13331	20	21	15934	17	1570	162	17
216.0	7088	25	23	15935	27	975	1938	19
216.0	10393	23	27	15936	18	909	1652	9
216.0	11768	43	37	15937	47	148	1321	14
216.0	11791	38	37	15938	36	1861	1764	15
216.0	13564	17	14	15939	19	1661	603	15
216.0	10667	8	9	15940	7	582	1939	15
216.0	11368	6	6	15941	6	1078	292	13
216.0	9838	9	8	15942	10	1077	320	17
216.0	8526	13	9	15943	17	171	1306	21
216.0	13405	30	20	15944	39	1519	161	16
216.0	8684	28	28	15945	27	1650	1489	13
216.0	9492	32	36	15946	27	840	54	17
216.0	10124	18	13	15947	22	1548	1550	16
216.0	14626	34	28	15948	34	1588	538	17
216.0	11435	22	25	15949	17	1877	1461	21
216.0	11411	15	13	15950	14	1578	383	17
216.0	11935	8	9	15951	6	1752	434	15
216.0	12447	4	3	15952	5	1736	1441	14
216.0	8124	13	15	15953	10	1372	312	18
216.0	10362	16	13	15954	19	109	539	19
216.0	9720	30	34	15955	25	1541	261	15
216.0	12451	5	5	15956	5	1697	719	14
216.0	13282	11	13	15957	9	464	1810	14
216.0	13985	17	21	15958	13	174	1121	19
216.0	11713	28	27	15959	28	1789	1450	14
216.0	12241	0	0	15960	0	400	868	15
216.0	9877	16	16	15961	16	1456	0	13
216.0	13932	17	21	15962	13	183	0	17
216.0	12974	13	17	15963	8	1056	1838	16
216.0	12456	23	19	15964	24	19	1564	17
216.0	9419	14	13	15965	15	399	1130	16
216.0	13293	14	18	15966	9	1062	1701	15
216.0	10693	14	14	15967	10	1349	1861	22
216.0	12459	20	15	15968	22	412	1607	16
216.0	14004	4	4	15969	3	872	297	17
216.0	11226	23	23	15970	22	1091	1651	13
216.0	13029	28	31	15971	24	226	1182	15
216.0	11654	18	15	15972	20	598	230	14
216.0	10865	14	14	15973	13	910	1850	13
216.0	9737	31	28	15974	31	1602	430	13
216.0	8289	37	45	15975	29	41	1912	16
216.0	8809	13	15	15976	11	198	1179	18
216.0	7687	27	23	15977	31	347	1413	15
216.0	10377	23	20	15978	26	476	1580	16
216.0	8659	36	32	15979	39	303	1270	14
216.0	11958	16	11	15980	20	1862	520	17
216.0	7486	14	14	15981	13	1291	1899	12
216.0	9318	1	1	15982	1	551	332	15
216.0	7103	18	21	15983	13	1683	746	13
216.0	11439	4	4	15984	3	1089	332	16
216.0	12403	8	9	15985	6	636	1701	12
216.0	11151	2	2	15986	2	828	1682	16
216.0	7730	12	10	15987	13	1943	1673	15
216.0	7595	8	12	15988	3	1300	113	15
216.0	8540	24	21	15989	26	1691	586	17
216.0	13116	37	35	15990	36	1706	27	17
216.0	13788	28	31	15991	24	81	1110	15
216.0	11274	10	10	15992	9	1364	1741	12
216.0	9250	29	28	15993	26	82	1633	17
216.0	11828	22	21	15994	19	59	868	15
216.0	13739	6	7	15995	5	1116	312	17
216.0	10993	31	31	15996	31	0	779	12
216.0	8059	19	18	15997	20	1715	1850	18
216.0	8384	25	24	15998	24	1568	300	15
216.0	10152	20	29	15999	11	1513	1906	16
216.0	12243	26	25	16000	25	1620	1880	18
216.0	10073	7	6	16001	8	131	1202	15
216.0	12249	13	15	16002	11	207	1494	16
216.0	9404	21	27	16003	14	116	1234	14
216.0	12226	31	31	16004	29	449	1530	18
216.0	8740	18	19	16005	16	45	1687	15
216.0	11160	8	6	16006	9	1236	299	16
216.0	8975	20	14	16007	26	1281	1947	17
216.0	12864	3	2	16008	4	910	57	14
216.0	12117	27	26	16009	24	857	142	13
216.0	12587	28	27	16010	29	560	352	18
216.0	12366	18	14	16011	22	1938	1894	17
216.0	8287	10	12	16012	8	751	1825	12
216.0	8520	22	20	16013	23	1970	1962	21
216.0	12735	13	7	16014	19	553	71	16
216.0	9614	16	12	16015	20	500	1873	13
216.0	11904	17	18	16016	14	1137	289	10
216.0	13135	7	6	16017	8	175	1079	17
216.0	13452	6	6	16018	6	1666	420	16
216.0	9729	11	10	16019	12	1872	1933	21
216.0	12174	17	19	16020	15	379	745	11
216.0	12237	20	21	16021	19	1861	1581	19
216.0	12405	18	15	16022	19	1967	1915	13
216.0	11807	4	3	16023	5	1046	1930	18
216.0	8885	17	20	16024	12	411	193	21
216.0	10596	27	20	16025	31	1782	913	19
216.0	14439	5	6	16026	4	365	42	15
216.0	9152	5	5	16027	5	734	321	18
216.0	9002	42	45	16028	37	207	1028	27
216.0	6932	22	25	16029	19	213	1008	15
216.0	12195	35	33	16030	36	561	1528	17
216.0	8575	9	15	16031	3	1028	300	14
216.0	9793	21	17	16032	24	48	828	15
216.0	9315	14	9	16033	18	640	241	13
216.0	13092	51	42	16034	57	1860	12	17
216.0	9820	13	10	16035	14	362	1938	14
216.0	11117	10	6	16036	14	339	733	11
216.0	14971	15	13	16037	16	352	1970	17
216.0	12483	17	17	16038	16	868	351	16
216.0	12588	33	32	16039	32	125	1459	15
216.0	13664	36	28	16040	44	1740	59	19
216.0	10133	18	18	16041	17	641	479	16
216.0	6901	15	16	16042	14	245	1300	20
216.0	8646	10	9	16043	11	1972	572	16
216.0	12091	11	13	16044	8	1222	1743	11
216.0	11582	7	3	16045	9	402	740	13
216.0	10232	5	6	16046	4	803	193	16
216.0	13506	13	15	16047	11	349	1229	26
216.0	12479	11	12	16048	10	169	904	16
216.0	9942	4	3	16049	5	599	1984	15
216.0	9860	1	2	16050	0	463	356	15
216.0	11664	9	6	16051	11	556	15	18
216.0	13007	17	15	16052	19	314	1603	12
216.0	10941	41	37	16053	42	499	0	12
216.0	12348	1	1	16054	1	738	1682	12
216.0	13626	8	10	16055	6	684	118	14
216.0	12100	18	21	16056	15	1738	1657	14
216.0	11478	30	28	16057	31	1960	266	16
216.0	13088	18	17	16058	19	56	1053	18
216.0	10371	20	23	16059	17	17	1495	15
216.0	12161	30	32	16060	28	1457	1843	15
216.0	7052	23	17	16061	29	1999	493	15
216.0	7854	21	17	16062	24	153	1231	12
216.0	7288	13	11	16063	15	365	22	15
216.0	10666	6	7	16064	4	432	1869	18
216.0	11588	5	5	16065	5	514	1985	18
216.0	11428	20	21	16066	18	511	621	19
216.0	10022	21	20	16067	20	1482	1915	17
216.0	8075	7	8	16068	4	963	37	15
216.0	9643	24	21	16069	26	1768	138	18
216.0	10733	13	10	16070	14	1877	591	16
217.0	9443	22	21	16071	22	1767	748	20
217.0	13561	8	4	16072	12	166	1293	17
217.0	12490	23	20	16073	25	1484	1889	17
217.0	13290	30	39	16074	16	171	145	19
217.0	10978	20	20	16075	18	492	1940	12
217.0	12229	15	10	16076	18	240	1072	17
217.0	9321	21	21	16077	20	1650	384	14
217.0	13368	42	41	16078	41	1805	1988	17
217.0	7921	8	5	16079	10	571	1694	13
217.0	10528	19	18	16080	18	804	27	11
217.0	12442	31	29	16081	30	231	839	12
217.0	13420	6	5	16082	6	1313	1738	15
217.0	12768	22	18	16083	24	962	1671	16
217.0	12488	14	10	16084	17	361	1141	14
217.0	7262	11	8	16085	13	501	1697	16
217.0	14098	6	3	16086	9	259	1913	20
217.0	13063	12	14	16087	8	122	1961	22
217.0	8317	16	14	16088	18	342	1734	16
217.0	12808	18	22	16089	14	1567	1788	13
217.0	13488	23	22	16090	21	316	1461	10
217.0	10949	24	27	16091	21	1540	1730	15
217.0	12664	18	22	16092	14	575	1649	16
217.0	12694	25	27	16093	23	192	969	12
217.0	8885	20	24	16094	16	411	193	22
217.0	10611	17	19	16095	15	50	1617	18
217.0	13029	31	30	16096	31	244	1182	16
217.0	13919	4	5	16097	3	867	237	18
217.0	12472	13	13	16098	13	63	1120	18
217.0	10689	9	10	16099	8	1826	1697	18
217.0	8898	8	5	16100	11	538	213	14
217.0	12863	16	13	16101	19	241	1313	22
217.0	13884	13	8	16102	16	201	1914	14
217.0	10036	23	30	16103	15	1209	238	14
217.0	11693	36	33	16104	37	53	893	13
217.0	12243	25	30	16105	19	1620	1880	19
217.0	7552	17	19	16106	14	1710	456	15
217.0	8476	53	52	16107	48	488	1628	15
217.0	13837	6	7	16108	5	1272	51	18
217.0	12309	18	16	16109	17	907	220	15
217.0	13482	27	28	16110	26	1605	42	11
217.0	13286	10	9	16111	10	88	1879	23
217.0	13910	33	36	16112	25	1504	1809	18
217.0	7031	12	9	16113	13	16	931	18
217.0	8969	7	6	16114	8	929	1704	15
217.0	13116	35	32	16115	36	1694	15	18
217.0	9298	28	26	16116	27	431	1390	13
217.0	10131	8	6	16117	9	1938	510	17
217.0	12410	22	22	16118	22	1519	1689	16
217.0	15472	9	11	16119	7	1191	1818	15
217.0	13005	10	6	16120	14	1920	1904	18
217.0	9643	21	21	16121	19	1768	138	19
217.0	7393	15	15	16122	15	1932	1851	14
217.0	15234	11	8	16123	14	1497	55	20
217.0	12162	11	8	16124	14	1932	899	14
217.0	9527	21	24	16125	17	16	1323	12
217.0	9773	22	22	16126	22	180	1452	21
217.0	8939	31	29	16127	31	1480	492	16
217.0	9029	28	32	16128	24	0	878	13
217.0	12749	38	39	16129	35	66	16	15
217.0	9624	13	16	16130	10	1022	152	11
217.0	13359	17	18	16131	16	346	423	18
217.0	11226	23	18	16132	23	1091	1651	14
217.0	12241	0	0	16133	0	400	868	16
217.0	12161	32	27	16134	35	1457	1843	16
217.0	12983	36	37	16135	35	1562	392	12
217.0	13135	6	11	16136	1	175	1079	18
217.0	9880	38	37	16137	37	411	1696	14
217.0	14748	20	21	16138	17	1371	243	17
217.0	13787	21	17	16139	20	1762	1697	15
217.0	11553	10	11	16140	9	1671	1370	15
217.0	13535	2	2	16141	2	1270	1730	16
217.0	12660	14	11	16142	16	1632	1700	18
217.0	9661	41	47	16143	32	1040	260	14
217.0	10756	23	20	16144	26	473	156	16
217.0	13512	36	34	16145	35	1351	1936	16
217.0	13472	15	12	16146	15	208	529	17
217.0	8526	9	10	16147	7	171	1306	22
217.0	12389	17	18	16148	13	287	1904	19
217.0	10982	15	11	16149	17	572	224	16
217.0	8201	18	20	16150	15	420	1544	17
217.0	11689	11	9	16151	12	1962	1508	21
217.0	9404	27	28	16152	25	116	1234	15
217.0	11768	37	33	16153	39	148	1321	15
217.0	12848	12	13	16154	10	568	262	17
217.0	11573	19	18	16155	18	1498	275	13
217.0	11435	25	25	16156	22	1877	1461	22
217.0	14039	37	38	16157	32	134	1183	13
217.0	14605	2	1	16158	2	1051	282	12
217.0	13293	18	15	16159	18	1062	1701	16
217.0	14714	37	36	16160	37	372	1442	15
217.0	12459	15	16	16161	12	412	1607	17
217.0	10485	10	6	16162	13	437	1907	14
217.0	7748	21	13	16163	27	873	279	17
217.0	6947	11	9	16164	13	1648	482	16
217.0	13175	14	12	16165	16	527	468	18
217.0	11621	22	21	16166	21	196	742	13
217.0	9720	34	22	16167	45	1541	261	16
217.0	12144	0	0	16168	0	1318	330	16
217.0	10272	18	18	16169	15	538	1924	16
217.0	12328	23	27	16170	17	1184	1877	16
217.0	8470	26	24	16171	27	99	1502	14
217.0	12708	29	26	16172	32	203	818	15
217.0	12290	20	23	16173	14	411	1180	15
217.0	14079	34	39	16174	28	1291	389	18
217.0	11460	16	16	16175	13	602	109	17
217.0	12195	33	32	16176	33	561	1528	18
217.0	11572	48	42	16177	52	481	1521	14
217.0	11910	18	15	16178	21	508	124	17
217.0	14570	25	20	16179	28	1548	452	16
217.0	11820	24	22	16180	25	880	1982	15
217.0	9981	25	28	16181	22	352	1121	15
217.0	8475	9	10	16182	8	939	372	14
217.0	11987	13	9	16183	17	1123	1700	14
217.0	6881	11	10	16184	12	542	1985	19
217.0	12511	15	17	16185	12	847	1806	13
217.0	9778	25	26	16186	23	1851	1740	12
217.0	13544	40	36	16187	42	45	1944	16
217.0	10889	47	46	16188	44	1939	1191	16
217.0	9402	11	10	16189	10	104	961	14
217.0	7290	9	9	16190	9	871	1658	12
217.0	11442	36	36	16191	34	1465	201	18
217.0	10144	36	40	16192	31	1836	176	23
217.0	12163	9	12	16193	6	1940	635	14
217.0	11334	22	23	16194	20	14	1438	17
217.0	12987	32	33	16195	29	449	1471	22
217.0	11087	6	9	16196	3	664	1631	13
217.0	10480	11	10	16197	11	606	54	14
217.0	11899	17	18	16198	16	1864	152	14
217.0	13263	20	16	16199	23	987	1831	16
217.0	13672	7	6	16200	8	157	385	14
217.0	15147	9	9	16201	9	1254	138	14
217.0	12668	26	23	16202	27	960	1985	14
217.0	9095	19	16	16203	21	283	345	14
217.0	10397	9	8	16204	8	380	179	14
217.0	11885	23	21	16205	25	936	1680	15
217.0	12889	21	22	16206	18	1328	1792	13
217.0	12953	15	9	16207	19	632	28	19
217.0	15980	20	24	16208	16	1874	532	18
217.0	9591	18	16	16209	20	354	792	12
217.0	11803	14	14	16210	13	1792	299	19
217.0	12985	37	34	16211	40	66	139	13
217.0	9229	38	35	16212	40	1949	298	20
217.0	8785	5	5	16213	5	1049	89	15
217.0	11777	32	29	16214	34	1737	280	15
217.0	13414	9	6	16215	11	479	227	17
217.0	9186	32	32	16216	28	124	1442	18
217.0	9013	24	29	16217	19	1517	553	12
217.0	12127	15	16	16218	14	328	1938	14
217.0	7210	25	23	16219	24	1999	384	18
217.0	9315	9	7	16220	11	640	241	14
217.0	12735	7	7	16221	7	553	71	17
217.0	10789	12	7	16222	16	111	1338	19
217.0	9157	18	17	16223	19	700	428	15
217.0	14631	18	18	16224	17	1544	1839	16
217.0	12254	18	16	16225	18	1770	1630	15
217.0	14600	10	12	16226	8	1349	104	13
217.0	11975	44	45	16227	38	197	854	13
217.0	10219	22	23	16228	19	1331	359	17
217.0	11452	52	53	16229	47	1922	1119	25
217.0	11144	18	21	16230	14	362	489	14
218.0	10595	53	47	16231	53	1786	338	15
218.0	7928	17	16	16232	18	1710	306	13
218.0	11536	19	16	16233	20	1895	87	20
218.0	13539	26	31	16234	21	127	1621	17
218.0	11072	13	17	16235	9	1280	1599	14
218.0	10850	7	5	16236	8	1540	1613	14
218.0	11101	29	27	16237	31	1776	1942	19
218.0	12332	29	35	16238	22	1781	421	21
218.0	7629	31	29	16239	33	1241	320	17
218.0	11346	0	0	16240	0	362	870	16
218.0	8486	16	19	16241	12	1209	105	15
218.0	13660	31	25	16242	36	1177	130	15
218.0	14605	1	1	16243	1	1051	282	13
218.0	14782	24	27	16244	20	62	794	15
218.0	12300	10	11	16245	8	142	1163	17
218.0	7579	22	26	16246	16	321	860	13
218.0	12472	13	13	16247	12	63	1120	19
218.0	6928	20	14	16248	25	107	1159	17
218.0	8661	11	10	16249	12	1121	1767	17
218.0	7734	12	10	16250	14	76	83	15
218.0	8019	9	13	16251	5	191	1264	19
218.0	12842	4	3	16252	5	1955	350	15
218.0	6904	7	5	16253	9	1235	1781	17
218.0	12457	22	20	16254	23	1865	1867	18
218.0	9561	2	2	16255	2	1257	1769	18
218.0	12830	14	16	16256	12	399	1837	15
218.0	14439	6	5	16257	6	379	56	16
218.0	9656	19	18	16258	19	29	777	14
218.0	7390	7	4	16259	9	289	1151	14
218.0	11961	10	8	16260	11	359	1327	17
218.0	15727	28	30	16261	24	866	1926	18
218.0	11617	10	7	16262	11	1440	419	13
218.0	8375	11	12	16263	10	1959	1670	16
218.0	9529	29	29	16264	27	900	1569	15
218.0	11572	42	41	16265	41	481	1521	15
218.0	9857	29	26	16266	29	106	188	18
218.0	15493	16	13	16267	17	1904	1854	14
218.0	11160	6	6	16268	6	1236	299	17
218.0	12553	9	8	16269	8	1882	346	17
218.0	10879	16	17	16270	14	1966	692	13
218.0	12848	13	8	16271	17	568	262	18
218.0	7122	8	8	16272	8	1368	333	17
218.0	13359	18	19	16273	16	346	423	19
218.0	13417	16	21	16274	11	1703	1180	16
218.0	12458	11	8	16275	12	1475	1857	19
218.0	11851	9	7	16276	10	370	122	15
218.0	11865	36	32	16277	40	1850	107	17
218.0	13230	19	14	16278	22	850	1578	14
218.0	7262	8	6	16279	10	501	1697	17
218.0	13193	13	15	16280	11	1871	1686	18
218.0	9006	13	10	16281	15	1846	150	14
218.0	11764	13	9	16282	17	849	1712	14
218.0	12035	17	17	16283	17	755	1758	13
218.0	8885	24	19	16284	28	411	193	23
218.0	9120	19	20	16285	18	501	561	17
218.0	13606	24	25	16286	22	130	1338	17
218.0	12248	3	2	16287	4	814	109	17
218.0	13342	15	9	16288	20	1238	1872	12
218.0	12038	21	18	16289	24	1934	1794	12
218.0	9612	27	36	16290	17	216	1869	16
218.0	12651	19	17	16291	19	1760	599	14
218.0	12243	30	31	16292	29	1620	1880	20
218.0	10136	37	32	16293	42	1137	1999	21
218.0	8148	10	9	16294	10	244	1531	17
218.0	10304	28	27	16295	27	449	1452	21
218.0	8060	7	9	16296	5	460	1767	16
218.0	12500	20	17	16297	22	1031	115	11
218.0	8494	34	33	16298	33	0	1350	20
218.0	12456	19	19	16299	18	72	1504	18
218.0	7177	29	30	16300	27	1645	1999	15
218.0	7252	11	10	16301	10	1028	0	13
218.0	11872	29	33	16302	25	499	1892	17
218.0	11642	32	28	16303	33	1192	231	20
218.0	12660	11	12	16304	10	1632	1700	19
218.0	11621	21	20	16305	22	196	742	14
218.0	11891	19	18	16306	20	14	845	15
218.0	11278	18	19	16307	17	257	1250	17
218.0	9482	10	9	16308	11	495	64	17
218.0	11737	37	33	16309	41	233	1688	13
218.0	10482	19	12	16310	24	1507	136	14
218.0	11172	15	11	16311	18	778	1844	18
218.0	8642	10	13	16312	6	1801	1275	13
218.0	10428	12	17	16313	6	187	1109	18
218.0	8221	22	24	16314	18	1280	1811	20
218.0	12652	22	14	16315	26	1682	1776	12
218.0	14527	7	8	16316	5	227	1282	22
218.0	12195	32	34	16317	28	561	1528	19
218.0	12550	23	21	16318	24	289	887	15
218.0	8503	28	34	16319	22	182	818	16
218.0	10761	15	12	16320	16	1014	1823	16
218.0	13928	28	25	16321	30	1980	231	17
218.0	12143	35	37	16322	31	239	457	14
218.0	8132	20	18	16323	21	53	1502	22
218.0	15472	11	9	16324	13	1191	1818	16
218.0	10246	8	7	16325	8	1188	341	21
218.0	11758	17	19	16326	14	316	1804	16
218.0	7821	2	0	16327	3	686	289	16
218.0	11505	13	8	16328	18	72	1442	17
218.0	7825	20	21	16329	19	89	1181	17
218.0	13135	11	14	16330	8	175	1079	19
218.0	13916	13	11	16331	15	1900	1005	13
218.0	11232	30	24	16332	36	17	65	15
218.0	12328	27	24	16333	30	1184	1877	17
218.0	12945	29	30	16334	27	767	289	16
218.0	11144	21	20	16335	22	362	489	15
218.0	11665	12	11	16336	12	1712	1728	16
218.0	11710	30	32	16337	28	1003	1922	14
218.0	16203	21	21	16338	20	302	345	15
218.0	11314	29	33	16339	22	226	1452	17
218.0	13850	8	11	16340	4	681	1728	13
218.0	10851	38	36	16341	37	1664	1862	21
218.0	11835	5	4	16342	6	498	269	15
218.0	11789	14	13	16343	15	371	1515	15
218.0	11315	36	37	16344	33	118	154	12
218.0	9709	17	13	16345	20	439	1668	17
218.0	8798	14	17	16346	10	1968	1455	15
218.0	9524	17	16	16347	17	70	1217	11
218.0	12564	16	16	16348	16	274	1693	16
218.0	11777	29	28	16349	28	1737	280	16
218.0	12586	8	9	16350	7	430	97	14
218.0	15753	10	5	16351	15	921	268	18
218.0	13865	6	4	16352	7	888	1702	15
218.0	11859	21	15	16353	26	232	1937	11
218.0	9141	7	5	16354	9	1828	1169	16
218.0	12146	28	22	16355	32	871	216	12
218.0	14096	16	17	16356	15	462	511	19
218.0	10377	20	22	16357	15	476	1580	17
218.0	13029	30	28	16358	30	244	1182	17
218.0	8476	52	39	16359	61	488	1628	16
218.0	10273	3	3	16360	3	1783	1023	18
218.0	11919	37	35	16361	37	1731	354	17
218.0	12973	13	11	16362	15	391	1554	14
218.0	6947	9	6	16363	12	1648	482	17
218.0	13350	38	44	16364	31	44	1334	20
218.0	7474	25	13	16365	35	471	476	11
218.0	8771	6	5	16366	7	907	259	18
218.0	11745	1	1	16367	1	916	73	15
218.0	8400	27	26	16368	27	409	1352	12
218.0	10739	26	19	16369	32	519	231	15
218.0	9085	40	43	16370	35	979	167	24
218.0	10609	19	13	16371	24	148	504	14
218.0	10480	10	10	16372	10	606	54	15
218.0	12283	20	22	16373	16	249	1416	18
218.0	7748	13	14	16374	12	873	279	18
218.0	7654	2	1	16375	3	639	368	15
218.0	12667	2	2	16376	2	660	1570	13
218.0	10623	15	8	16377	22	1157	32	14
218.0	7062	21	14	16378	26	258	1960	17
218.0	15378	27	32	16379	22	451	1914	16
218.0	13147	23	24	16380	20	381	766	11
218.0	9423	27	30	16381	24	412	1960	16
218.0	12638	20	19	16382	20	1479	271	17
218.0	7921	5	4	16383	6	571	1694	14
218.0	7807	7	9	16384	5	1126	1869	15
218.0	10979	16	19	16385	11	1176	1894	17
218.0	12064	13	13	16386	13	350	1176	16
218.0	11167	32	26	16387	34	278	458	15
218.0	11099	11	8	16388	14	1736	1670	16
218.0	11811	21	23	16389	18	28	943	16
218.0	14087	26	26	16390	24	100	1770	14
218.0	12442	29	30	16391	26	231	839	13
218.0	11365	5	1	16392	8	13	1129	14
218.0	11475	22	20	16393	24	852	332	16
218.0	12863	13	16	16394	10	257	1313	23
218.0	13063	14	16	16395	10	122	1961	23
218.0	9914	46	39	16396	51	1607	162	26
218.0	12130	17	18	16397	15	1492	329	11
218.0	7988	13	12	16398	14	1079	1768	18
219.0	11698	11	8	16399	13	1178	1911	14
219.0	9483	18	17	16400	17	438	1594	17
219.0	8661	10	7	16401	12	1121	1767	18
219.0	7718	26	25	16402	26	1767	430	20
219.0	12458	8	8	16403	8	1475	1857	20
219.0	8494	33	31	16404	34	0	1350	21
219.0	11309	0	0	16405	0	613	289	14
219.0	12375	20	18	16406	20	564	1581	14
219.0	12422	14	15	16407	13	1641	1270	18
219.0	11279	16	14	16408	16	354	810	9
219.0	7294	14	18	16409	10	0	1931	18
219.0	10715	13	12	16410	14	1267	151	14
219.0	12339	16	15	16411	17	979	1859	15
219.0	13719	22	24	16412	19	300	40	15
219.0	13125	20	27	16413	12	1398	1920	17
219.0	7734	10	11	16414	9	108	115	16
219.0	12936	15	13	16415	17	1442	1698	15
219.0	13478	15	16	16416	13	48	1089	19
219.0	12406	7	6	16417	8	623	141	13
219.0	11764	9	9	16418	9	849	1712	15
219.0	12554	21	22	16419	19	476	1560	17
219.0	11144	20	19	16420	21	362	489	16
219.0	12014	12	13	16421	11	1287	26	20
219.0	11828	21	15	16422	23	74	853	16
219.0	13101	34	32	16423	34	353	315	13
219.0	13748	4	5	16424	2	1271	1769	19
219.0	11470	7	7	16425	7	1407	81	14
219.0	14186	32	26	16426	37	987	1938	18
219.0	12405	15	15	16427	15	1967	1915	14
219.0	10305	11	10	16428	11	451	650	19
219.0	8739	6	6	16429	6	1833	749	18
219.0	10742	16	15	16430	17	872	167	18
219.0	11756	7	5	16431	7	201	1308	16
219.0	12725	27	26	16432	28	1870	1362	14
219.0	9006	10	9	16433	11	1846	150	15
219.0	12729	21	23	16434	18	383	1408	10
219.0	12576	17	17	16435	16	294	1229	14
219.0	12732	14	15	16436	11	679	1662	16
219.0	11052	19	24	16437	13	740	1635	11
219.0	8308	19	18	16438	18	1507	111	17
219.0	12653	5	5	16439	4	1750	985	15
219.0	10591	22	21	16440	23	36	390	16
219.0	15138	13	14	16441	12	1510	1596	13
219.0	9663	22	28	16442	14	34	348	16
219.0	8842	4	5	16443	2	1517	233	16
219.0	9970	17	17	16444	14	781	1560	14
219.0	10268	19	19	16445	18	148	1502	15
219.0	12277	41	40	16446	40	1860	1713	14
219.0	10855	7	5	16447	9	224	931	13
219.0	12169	19	19	16448	17	220	965	17
219.0	10244	23	28	16449	16	1121	1799	13
219.0	10860	24	18	16450	29	1915	1802	16
219.0	13042	7	8	16451	6	1181	280	15
219.0	8148	9	11	16452	7	244	1531	18
219.0	12495	25	22	16453	26	530	339	17
219.0	11548	11	14	16454	7	202	1706	18
219.0	12793	13	13	16455	13	1221	326	20
219.0	8884	12	10	16456	13	417	1373	16
219.0	13837	7	6	16457	8	1272	51	19
219.0	11491	21	21	16458	21	1372	1893	13
219.0	11226	18	24	16459	12	1091	1651	15
219.0	7889	11	10	16460	10	1820	1015	13
219.0	11076	7	5	16461	8	369	1068	18
219.0	13539	31	26	16462	35	127	1621	18
219.0	9941	14	18	16463	10	177	115	15
219.0	10383	20	21	16464	18	951	152	11
219.0	9352	6	4	16465	7	1921	1066	20
219.0	12848	8	7	16466	9	568	262	19
219.0	15517	2	2	16467	2	771	167	18
219.0	10530	16	15	16468	15	98	817	15
219.0	8125	17	15	16469	16	286	757	13
219.0	11988	12	5	16470	19	837	219	14
219.0	12328	24	24	16471	23	1184	1877	18
219.0	11333	35	25	16472	44	1730	1792	12
219.0	8093	22	21	16473	22	1393	140	27
219.0	14019	33	26	16474	37	1765	540	21
219.0	11384	24	27	16475	20	468	26	14
219.0	14907	16	12	16476	20	212	1453	19
219.0	12556	9	9	16477	9	270	1168	16
219.0	7801	26	22	16478	28	392	590	17
219.0	7218	7	7	16479	7	1957	1247	15
219.0	13342	9	9	16480	9	1238	1872	13
219.0	14948	8	8	16481	7	1199	1985	15
219.0	10941	37	34	16482	38	499	0	13
219.0	12814	22	17	16483	26	1958	1210	14
219.0	8375	12	11	16484	12	1959	1670	17
219.0	10553	27	26	16485	28	1943	1592	17
219.0	11403	17	16	16486	17	1472	1763	13
219.0	12442	30	31	16487	28	231	839	14
219.0	14884	14	15	16488	12	349	80	15
219.0	12867	29	26	16489	29	1536	1867	13
219.0	12264	19	19	16490	18	1592	267	15
219.0	8572	25	30	16491	16	834	1918	19
219.0	7807	9	8	16492	10	1126	1869	16
219.0	10751	18	17	16493	18	1832	1481	14
219.0	11834	16	18	16494	12	671	1711	16
219.0	7920	27	22	16495	32	15	1411	17
219.0	11552	23	26	16496	16	145	1547	17
219.0	7630	16	15	16497	17	343	1784	12
219.0	10945	31	28	16498	33	1775	632	16
219.0	11084	47	41	16499	49	1908	368	20
219.0	8776	19	17	16500	19	903	186	16
219.0	10767	9	9	16501	9	717	224	13
219.0	7269	19	22	16502	16	222	643	15
219.0	12312	6	8	16503	4	747	1788	11
219.0	12313	7	4	16504	9	426	1951	19
219.0	12130	18	26	16505	10	1492	329	12
219.0	14436	26	27	16506	24	340	1819	12
219.0	8684	28	24	16507	32	1650	1489	14
219.0	8540	21	22	16508	19	1691	586	18
219.0	12845	11	7	16509	13	1909	1919	15
219.0	12806	11	7	16510	15	1964	1813	17
219.0	12550	21	19	16511	23	289	887	16
219.0	13290	39	43	16512	32	189	145	20
219.0	9823	17	12	16513	22	1640	296	15
219.0	15364	15	16	16514	14	139	1015	16
219.0	14087	26	26	16515	26	100	1770	15
219.0	9894	15	12	16516	16	405	1781	16
219.0	14003	8	5	16517	10	333	116	14
219.0	11044	12	13	16518	11	1942	661	14
219.0	8692	18	14	16519	20	291	1580	12
219.0	8210	6	5	16520	6	371	1896	16
219.0	12734	11	11	16521	11	389	1460	13
219.0	6886	3	2	16522	3	884	36	15
219.0	11763	21	22	16523	20	1890	807	13
219.0	9552	34	39	16524	27	589	1726	15
219.0	11146	4	3	16525	5	1673	130	14
219.0	9987	8	7	16526	9	649	1938	17
219.0	9558	34	29	16527	38	398	1442	17
219.0	9135	34	39	16528	29	1170	158	14
219.0	10246	7	4	16529	8	1188	341	22
219.0	9492	36	30	16530	39	840	54	18
219.0	14495	24	35	16531	13	1519	367	17
219.0	12637	34	25	16532	41	1421	242	14
219.0	10699	28	26	16533	30	159	1682	15
219.0	6907	37	33	16534	40	0	1600	17
219.0	10850	5	4	16535	6	1540	1613	15
219.0	13257	34	34	16536	30	1673	549	16
219.0	13402	21	26	16537	16	180	634	16
219.0	10219	23	22	16538	22	1331	359	18
219.0	13544	36	41	16539	29	45	1944	17
219.0	12532	11	8	16540	13	268	683	12
219.0	8877	9	7	16541	11	275	647	12
219.0	12343	21	30	16542	12	1697	231	13
219.0	8339	6	6	16543	6	1522	349	18
219.0	10060	14	13	16544	15	0	348	14
220.0	11949	4	5	16545	3	1956	289	21
220.0	9136	27	24	16546	30	1593	1789	15
220.0	12787	34	30	16547	37	470	1650	14
220.0	14948	8	11	16548	5	1199	1985	16
220.0	14122	19	14	16549	22	1980	789	16
220.0	10471	6	6	16550	6	1628	630	17
220.0	12162	8	4	16551	11	1932	899	15
220.0	10788	10	14	16552	6	715	1958	15
220.0	9159	17	17	16553	16	355	541	13
220.0	12400	34	33	16554	33	1785	518	20
220.0	9552	39	45	16555	32	589	1726	16
220.0	10289	18	19	16556	17	1733	1959	16
220.0	11392	13	14	16557	12	1703	203	18
220.0	9720	22	26	16558	18	1541	261	17
220.0	8841	10	13	16559	6	1923	1617	15
220.0	9987	7	10	16560	4	649	1938	18
220.0	12707	3	3	16561	3	1532	172	19
220.0	10892	33	34	16562	30	1950	1869	11
220.0	12498	6	4	16563	8	1900	1238	13
220.0	11104	24	28	16564	15	1340	160	18
220.0	12576	17	18	16565	16	294	1229	15
220.0	11367	29	31	16566	26	1780	1424	15
220.0	15525	6	5	16567	7	1558	333	18
220.0	13525	29	20	16568	36	134	664	13
220.0	11095	16	15	16569	15	93	293	17
220.0	9218	14	7	16570	20	500	1369	15
220.0	10731	19	18	16571	20	1828	1861	17
220.0	14758	29	33	16572	22	308	1286	15
220.0	7390	4	3	16573	5	289	1151	15
220.0	13146	20	17	16574	23	117	1920	15
220.0	14720	8	7	16575	9	1580	452	17
220.0	14578	11	11	16576	11	217	1383	21
220.0	14142	40	39	16577	40	148	1650	14
220.0	7364	8	11	16578	5	1769	646	17
220.0	12968	25	19	16579	30	121	1501	19
220.0	12940	22	23	16580	21	333	449	17
220.0	10640	7	9	16581	5	1901	686	18
220.0	11279	14	14	16582	12	354	810	10
220.0	10764	35	33	16583	37	538	1717	13
220.0	13095	6	8	16584	4	115	1847	22
220.0	12701	12	14	16585	10	480	100	15
220.0	12446	12	11	16586	12	782	1669	14
220.0	9942	3	3	16587	3	599	1984	16
220.0	13841	16	13	16588	18	578	1971	15
220.0	8592	13	16	16589	8	1075	1838	13
220.0	12867	26	30	16590	19	1536	1867	14
220.0	13506	15	20	16591	10	349	1229	27
220.0	9894	12	15	16592	9	405	1781	17
220.0	12536	12	14	16593	9	1741	687	16
220.0	7811	2	1	16594	3	548	1863	16
220.0	11758	19	17	16595	17	316	1804	17
220.0	11477	28	21	16596	34	213	40	10
220.0	11639	20	12	16597	26	837	1788	13
220.0	12478	16	17	16598	15	211	214	13
220.0	15019	6	5	16599	7	223	147	15
220.0	12977	9	9	16600	8	690	161	17
220.0	12264	19	19	16601	19	1592	267	16
220.0	7783	21	23	16602	17	164	1999	14
220.0	12021	28	26	16603	29	1650	1457	19
220.0	13640	6	9	16604	3	1923	1268	12
220.0	13901	23	22	16605	24	460	177	13
220.0	13533	6	4	16606	8	655	1890	15
220.0	12971	9	7	16607	10	0	1860	17
220.0	13187	18	15	16608	20	559	1944	16
220.0	10260	8	5	16609	10	663	1728	13
220.0	8853	12	19	16610	5	137	1306	21
220.0	13479	25	22	16611	28	1499	267	20
220.0	15890	18	15	16612	19	461	413	17
220.0	9746	23	22	16613	24	1987	1325	15
220.0	8411	25	22	16614	27	45	1725	17
220.0	13077	27	31	16615	23	1424	169	23
220.0	11627	16	14	16616	18	488	294	16
220.0	13385	29	28	16617	29	149	1338	18
220.0	7208	14	13	16618	15	755	160	15
220.0	12945	30	32	16619	27	767	289	17
220.0	13419	26	28	16620	23	1633	1841	20
220.0	9472	22	19	16621	23	86	873	15
220.0	6967	12	9	16622	15	1588	1630	11
220.0	13015	16	17	16623	11	463	54	17
220.0	9832	5	4	16624	6	1231	172	16
220.0	12020	11	12	16625	9	641	1833	11
220.0	12340	21	19	16626	23	842	15	12
220.0	13271	27	26	16627	27	45	1268	13
220.0	13605	26	22	16628	28	1009	1906	14
220.0	15305	7	5	16629	9	12	473	15
220.0	8694	18	19	16630	17	518	250	17
220.0	11704	4	4	16631	4	1180	188	15
220.0	9701	18	10	16632	25	1762	708	17
220.0	12228	15	15	16633	14	1390	1672	14
220.0	12548	29	30	16634	26	490	1454	19
220.0	11735	11	13	16635	7	1079	1784	18
220.0	12694	27	22	16636	29	192	951	13
220.0	12729	23	20	16637	24	383	1408	11
220.0	14436	27	29	16638	23	340	1819	13
220.0	13589	22	26	16639	17	664	1831	19
220.0	12014	13	10	16640	15	1287	26	21
220.0	12956	9	11	16641	7	666	1938	16
220.0	12278	14	16	16642	12	1423	1952	19
220.0	15191	33	39	16643	23	291	537	14
220.0	14179	4	5	16644	3	736	1817	14
220.0	9980	15	19	16645	10	881	1889	16
220.0	12829	19	14	16646	24	68	357	13
220.0	13402	26	23	16647	27	180	634	17
220.0	13572	17	11	16648	22	1671	1792	21
220.0	13713	27	36	16649	18	428	492	18
220.0	10557	31	33	16650	26	1824	659	15
220.0	12923	30	24	16651	36	60	1575	17
220.0	8078	11	13	16652	9	1798	651	18
220.0	7504	25	23	16653	26	1122	1938	15
220.0	12389	18	15	16654	21	287	1904	20
220.0	12652	14	15	16655	12	1691	1767	13
220.0	8438	23	29	16656	17	82	388	11
220.0	9970	17	13	16657	21	781	1560	15
220.0	13833	11	7	16658	14	909	1929	14
220.0	9882	15	14	16659	15	86	1850	19
220.0	14126	6	8	16660	4	598	459	14
220.0	9797	14	11	16661	15	1308	1836	10
220.0	13092	42	43	16662	38	1860	12	18
220.0	8125	15	11	16663	17	286	757	14
220.0	15091	49	41	16664	53	1570	155	24
220.0	8259	12	12	16665	11	374	830	13
220.0	12811	10	11	16666	9	1308	1978	16
220.0	9663	28	31	16667	23	34	348	17
220.0	13575	32	28	16668	34	115	902	13
220.0	14120	11	15	16669	7	1444	1923	21
220.0	11588	5	7	16670	3	504	1975	19
220.0	13357	19	19	16671	18	924	222	16
220.0	11643	18	15	16672	21	1977	69	16
220.0	12595	18	18	16673	18	1693	185	11
220.0	8813	17	12	16674	21	515	406	17
220.0	11217	9	6	16675	12	232	1653	19
220.0	13891	10	10	16676	8	100	1496	19
220.0	13856	31	25	16677	37	889	1968	19
220.0	10596	20	20	16678	19	1782	913	20
220.0	12944	22	23	16679	20	158	1247	15
220.0	12236	11	12	16680	10	1018	1885	16
220.0	14525	13	9	16681	17	167	936	17
220.0	11169	10	10	16682	10	1012	1782	13
220.0	14467	21	18	16683	22	1853	215	14
220.0	14526	18	18	16684	18	1457	1898	19
220.0	9890	31	28	16685	33	217	1147	16
220.0	11348	14	18	16686	9	1862	744	17
220.0	12629	5	5	16687	5	370	1012	15
220.0	9223	2	3	16688	1	836	173	15
220.0	8927	16	15	16689	16	418	1280	18
220.0	9196	9	13	16690	5	521	1656	15
220.0	8966	0	0	16691	0	641	1570	13
220.0	10632	22	25	16692	18	1901	1403	15
220.0	9321	21	22	16693	20	1650	384	15
220.0	9885	12	13	16694	10	128	1661	14
220.0	9037	14	13	16695	15	371	1796	19
220.0	12725	26	28	16696	23	1870	1362	15
220.0	12861	2	1	16697	2	883	96	18
220.0	12081	24	23	16698	25	0	310	20
221.0	12759	13	11	16699	14	409	534	19
221.0	13084	10	6	16700	13	1470	402	13
221.0	12961	31	36	16701	25	1706	1622	16
221.0	10044	15	14	16702	14	212	89	16
221.0	8691	19	19	16703	19	1492	358	10
221.0	12327	26	22	16704	29	491	350	16
221.0	12762	22	24	16705	18	23	999	13
221.0	12276	17	16	16706	17	92	1159	17
221.0	8520	20	22	16707	18	1970	1962	22
221.0	7783	23	24	16708	22	164	1999	15
221.0	14484	27	22	16709	31	762	1896	18
221.0	14959	51	50	16710	48	559	156	14
221.0	8451	16	15	16711	17	1017	1971	20
221.0	9304	12	11	16712	13	64	1024	16
221.0	12020	12	14	16713	10	641	1833	12
221.0	12282	9	11	16714	7	1290	61	14
221.0	10557	33	40	16715	21	1824	659	16
221.0	11677	29	25	16716	30	299	139	12
221.0	8239	9	5	16717	13	1930	201	18
221.0	8481	24	24	16718	24	580	491	16
221.0	10446	33	34	16719	31	1735	1831	14
221.0	9663	31	21	16720	38	34	348	18
221.0	11028	10	12	16721	8	1642	363	16
221.0	13182	44	42	16722	44	1365	209	14
221.0	10153	32	37	16723	26	280	1544	20
221.0	7993	19	14	16724	23	1103	1844	14
221.0	14188	24	21	16725	26	174	1953	14
221.0	6967	9	9	16726	9	1588	1630	12
221.0	13391	24	26	16727	20	110	722	15
221.0	13516	7	9	16728	5	1432	96	21
221.0	8966	0	0	16729	0	641	1570	14
221.0	13801	8	6	16730	9	1181	29	18
221.0	8494	31	32	16731	27	0	1350	22
221.0	12735	7	7	16732	7	569	71	18
221.0	8716	37	36	16733	36	126	1999	14
221.0	7811	1	0	16734	2	548	1863	17
221.0	13666	34	36	16735	31	1611	1847	14
221.0	13018	9	9	16736	9	802	251	13
221.0	11752	3	3	16737	3	970	399	12
221.0	12829	14	16	16738	11	68	357	14
221.0	15688	23	24	16739	22	265	400	19
221.0	13670	13	14	16740	12	1260	1750	13
221.0	11711	16	14	16741	17	134	1514	18
221.0	8994	13	14	16742	12	1781	1769	16
221.0	12536	14	15	16743	11	1741	687	17
221.0	14285	12	11	16744	13	1911	1056	19
221.0	13208	25	23	16745	26	1911	1832	14
221.0	10344	34	29	16746	37	1866	940	23
221.0	12548	30	25	16747	33	490	1454	20
221.0	9921	4	2	16748	6	441	1807	14
221.0	15610	5	1	16749	9	586	36	15
221.0	13898	9	10	16750	8	1752	1511	15
221.0	12117	26	29	16751	23	857	142	14
221.0	14039	38	42	16752	33	134	1183	14
221.0	9627	25	28	16753	21	1800	545	22
221.0	11872	33	38	16754	27	499	1892	18
221.0	11966	31	35	16755	26	1696	1884	15
221.0	12247	15	17	16756	12	1499	1698	15
221.0	8110	26	31	16757	20	631	1770	18
221.0	7951	7	6	16758	8	667	279	17
221.0	9293	9	7	16759	10	1957	1754	19
221.0	13835	5	5	16760	5	930	91	15
221.0	7290	9	9	16761	9	871	1658	13
221.0	9515	23	19	16762	24	1832	1387	15
221.0	7687	23	30	16763	16	347	1413	16
221.0	7239	12	14	16764	10	1502	1660	14
221.0	9885	13	12	16765	13	128	1661	15
221.0	14705	30	29	16766	28	341	1387	11
221.0	10803	22	25	16767	17	238	379	14
221.0	9568	36	34	16768	36	41	989	14
221.0	8493	42	44	16769	40	353	464	12
221.0	13473	6	5	16770	7	629	1788	17
221.0	9426	10	14	16771	6	186	917	17
221.0	14055	19	17	16772	19	372	589	17
221.0	11827	12	15	16773	8	273	1634	17
221.0	13203	5	3	16774	7	1059	250	12
221.0	14397	17	18	16775	16	322	94	16
221.0	13806	22	23	16776	21	1051	1779	17
221.0	13275	43	49	16777	36	1537	351	22
221.0	11891	18	11	16778	24	14	845	16
221.0	11384	27	24	16779	28	468	26	15
221.0	10764	33	28	16780	37	538	1717	14
221.0	13399	40	38	16781	39	1918	1585	16
221.0	11936	37	34	16782	37	1632	227	14
221.0	11681	18	19	16783	15	0	718	15
221.0	13063	16	16	16784	15	122	1961	24
221.0	14979	24	26	16785	21	289	1750	12
221.0	12237	21	21	16786	21	1861	1581	20
221.0	14474	43	46	16787	39	1960	226	17
221.0	14619	22	19	16788	25	1683	54	14
221.0	9002	45	48	16789	40	207	1010	28
221.0	13749	26	25	16790	27	667	1901	18
221.0	10708	22	18	16791	26	1883	1432	19
221.0	8503	34	28	16792	39	182	799	17
221.0	13423	29	32	16793	26	0	1734	15
221.0	7000	20	18	16794	20	437	1321	25
221.0	10756	20	13	16795	26	473	156	17
221.0	11652	21	22	16796	20	533	282	16
221.0	13072	19	17	16797	21	69	666	15
221.0	13270	25	25	16798	25	792	12	12
221.0	13575	28	30	16799	24	102	889	14
221.0	9770	12	16	16800	7	0	1909	15
221.0	14698	25	21	16801	28	1322	1941	17
221.0	12294	20	19	16802	19	1619	120	16
221.0	12538	34	33	16803	32	94	1984	13
221.0	14098	3	4	16804	2	241	1913	21
221.0	15791	19	21	16805	16	209	1677	17
221.0	10596	20	24	16806	14	1782	913	21
221.0	10265	14	11	16807	16	1094	1971	13
221.0	11480	37	44	16808	28	142	911	14
221.0	10422	14	17	16809	10	1047	142	9
221.0	11928	26	31	16810	20	1409	1866	15
221.0	13409	18	19	16811	15	1589	1542	17
221.0	14888	22	27	16812	16	205	558	16
221.0	10012	15	13	16813	16	674	151	18
221.0	13582	14	14	16814	14	356	830	13
221.0	13447	18	15	16815	21	260	170	14
221.0	9037	13	11	16816	13	371	1796	20
221.0	7052	17	12	16817	20	1999	493	16
221.0	10247	26	25	16818	26	1949	548	17
221.0	7612	18	15	16819	21	632	0	18
221.0	16283	17	20	16820	14	738	1758	14
221.0	14876	47	38	16821	52	524	1550	14
221.0	13467	23	21	16822	23	253	1110	14
221.0	13271	26	30	16823	22	45	1268	14
221.0	14199	9	5	16824	12	441	1682	17
221.0	13297	47	44	16825	48	60	1136	12
221.0	14607	25	25	16826	24	129	1218	15
222.0	10435	34	39	16827	28	512	383	17
222.0	11529	17	14	16828	20	1881	1672	15
222.0	13689	21	21	16829	19	129	1388	18
222.0	9656	18	15	16830	19	14	762	15
222.0	14458	37	39	16831	33	1597	1962	16
222.0	10007	20	22	16832	17	354	1830	16
222.0	9487	10	10	16833	9	1740	1627	18
222.0	8083	21	21	16834	20	130	1593	18
222.0	9663	21	23	16835	19	34	348	19
222.0	11652	22	20	16836	24	533	282	17
222.0	7125	18	19	16837	16	490	522	19
222.0	12828	29	29	16838	28	303	1539	21
222.0	10843	39	37	16839	40	1431	58	13
222.0	13214	21	17	16840	24	203	273	15
222.0	10735	15	17	16841	12	1287	1842	15
222.0	14084	10	10	16842	9	1710	1068	14
222.0	15009	24	20	16843	28	1677	1819	19
222.0	9104	16	17	16844	14	1465	1984	16
222.0	10939	29	26	16845	31	1917	39	21
222.0	9419	13	14	16846	11	399	1130	17
222.0	10765	33	29	16847	36	1549	41	20
222.0	12538	33	41	16848	24	94	1984	14
222.0	12821	5	6	16849	4	1739	1410	17
222.0	13426	13	5	16850	20	1631	1770	15
222.0	10679	10	6	16851	12	310	1674	16
222.0	15378	32	23	16852	41	451	1914	17
222.0	14763	9	10	16853	8	729	79	13
222.0	14533	16	12	16854	19	72	971	16
222.0	13946	15	17	16855	12	1962	1877	12
222.0	10697	11	10	16856	11	434	177	14
222.0	13621	15	14	16857	15	92	1216	17
222.0	11844	27	18	16858	34	1199	151	17
222.0	9900	7	7	16859	7	1701	1901	15
222.0	14095	34	35	16860	33	1630	1801	19
222.0	14080	8	9	16861	6	1189	1861	17
222.0	6967	9	8	16862	10	1588	1630	13
222.0	8493	44	45	16863	43	353	464	13
222.0	13516	9	11	16864	7	1432	96	22
222.0	10342	9	7	16865	11	1245	1750	13
222.0	10482	12	8	16866	16	1507	154	15
222.0	11746	20	17	16867	23	1227	1836	13
222.0	9250	28	33	16868	22	83	1658	18
222.0	12035	17	19	16869	15	755	1758	14
222.0	14705	29	27	16870	29	341	1387	12
222.0	15415	18	20	16871	15	1376	198	24
222.0	13404	30	28	16872	26	928	206	15
222.0	7687	30	34	16873	25	347	1413	17
222.0	11222	16	15	16874	16	291	697	13
222.0	8692	14	16	16875	10	291	1580	13
222.0	14453	25	28	16876	21	1621	500	16
222.0	14469	27	25	16877	28	332	1299	16
222.0	15845	7	4	16878	9	394	122	15
222.0	15323	11	10	16879	10	1138	50	14
222.0	10749	7	8	16880	6	1903	275	18
222.0	11094	23	19	16881	26	223	761	13
222.0	7290	9	7	16882	11	871	1658	14
222.0	10446	34	32	16883	35	1746	1820	15
222.0	7681	28	30	16884	24	348	497	14
222.0	6902	14	14	16885	13	23	133	19
222.0	12841	39	35	16886	42	250	1379	18
222.0	12742	23	23	16887	23	1791	869	15
222.0	9620	5	3	16888	7	1030	316	17
222.0	11959	18	17	16889	19	356	433	18
222.0	13106	0	0	16890	0	1399	1708	18
222.0	14361	10	11	16891	9	931	1803	13
222.0	10820	16	17	16892	14	720	126	16
222.0	10908	25	22	16893	28	34	1679	15
222.0	15120	14	11	16894	16	1451	122	17
222.0	15231	21	18	16895	22	620	109	17
222.0	12276	16	15	16896	15	92	1159	18
222.0	14501	28	30	16897	23	1880	940	23
222.0	14724	17	17	16898	16	231	1634	16
222.0	10666	7	8	16899	6	432	1869	19
222.0	14959	50	52	16900	46	559	156	15
222.0	11758	17	17	16901	16	316	1804	18
222.0	8757	23	24	16902	21	259	1363	24
222.0	10409	4	3	16903	5	1804	568	17
222.0	9094	11	10	16904	12	1708	547	17
222.0	7783	24	27	16905	21	164	1999	16
222.0	13690	17	17	16906	16	1553	71	13
222.0	11759	36	30	16907	42	1102	17	15
222.0	12683	17	18	16908	16	1319	1817	16
222.0	11552	26	29	16909	21	145	1547	18
222.0	14050	5	3	16910	7	509	332	15
222.0	14245	26	24	16911	27	266	817	14
222.0	12332	35	29	16912	38	1781	421	22
222.0	15153	17	12	16913	21	439	560	17
222.0	8819	13	14	16914	12	346	1567	13
222.0	14302	23	23	16915	20	628	1728	16
222.0	12872	23	23	16916	21	363	1849	19
222.0	15149	16	17	16917	15	146	806	16
222.0	8577	33	33	16918	30	1384	109	17
222.0	11078	8	7	16919	8	452	1718	12
222.0	12032	29	29	16920	28	93	1607	15
222.0	9720	26	23	16921	27	1541	261	18
222.0	12336	14	15	16922	10	471	1718	12
222.0	13527	32	39	16923	24	1857	710	17
222.0	15364	16	11	16924	21	139	1015	17
222.0	12564	16	15	16925	15	274	1693	17
222.0	7304	17	15	16926	18	1579	1999	16
222.0	14525	9	8	16927	10	167	936	18
222.0	6884	23	23	16928	22	1157	1959	15
222.0	13575	30	33	16929	21	102	889	15
222.0	12044	8	10	16930	6	1865	372	20
222.0	11677	25	24	16931	23	299	139	13
222.0	10803	25	22	16932	26	238	379	15
222.0	11744	10	7	16933	13	1181	264	18
222.0	10589	8	10	16934	6	609	139	14
222.0	11768	33	34	16935	31	148	1321	16
222.0	7210	23	23	16936	22	1999	384	19
222.0	13574	8	5	16937	11	700	1649	13
222.0	13707	41	49	16938	32	94	1029	14
222.0	13719	24	21	16939	25	300	40	16
222.0	9994	26	26	16940	26	343	623	15
222.0	12282	11	9	16941	13	1290	61	15
222.0	12735	7	10	16942	4	569	71	19
222.0	10422	17	17	16943	15	1047	142	10
222.0	12527	21	21	16944	20	250	651	14
222.0	11651	28	27	16945	26	75	1928	16
222.0	14238	27	23	16946	28	1840	70	19
222.0	11321	14	16	16947	12	1031	1680	20
222.0	14419	20	16	16948	22	553	282	16
222.0	12077	31	34	16949	27	1859	185	15
222.0	15305	5	3	16950	7	12	473	16
222.0	7612	15	20	16951	10	632	0	19
222.0	11292	10	12	16952	7	1061	270	12
222.0	8202	18	20	16953	14	2	1105	19
223.0	12562	25	26	16954	23	368	1949	15
223.0	13630	18	19	16955	17	362	676	15
223.0	12705	18	19	16956	17	1881	1368	12
223.0	9934	32	33	16957	30	73	1197	18
223.0	12360	20	23	16958	15	266	1020	20
223.0	9561	2	2	16959	2	1257	1769	19
223.0	9432	38	35	16960	38	341	266	12
223.0	9823	12	13	16961	9	1640	296	16
223.0	10137	20	17	16962	21	1861	856	14
223.0	13454	52	54	16963	46	1607	192	23
223.0	13403	18	16	16964	19	1847	200	13
223.0	9022	17	13	16965	19	450	719	17
223.0	12940	23	25	16966	21	333	449	18
223.0	11693	33	30	16967	34	36	893	14
223.0	15364	11	12	16968	9	139	1015	18
223.0	13749	25	21	16969	28	667	1901	19
223.0	11277	26	30	16970	22	30	1018	18
223.0	7804	5	3	16971	7	1741	160	17
223.0	13332	20	24	16972	14	339	1320	13
223.0	12828	29	29	16973	26	303	1539	22
223.0	11264	13	18	16974	7	1762	1350	19
223.0	12959	16	13	16975	18	1372	140	24
223.0	8949	25	27	16976	22	1111	1721	13
223.0	12749	39	34	16977	40	66	16	16
223.0	11564	20	14	16978	25	1393	218	24
223.0	12236	12	13	16979	11	1018	1885	17
223.0	13613	31	32	16980	29	1929	109	19
223.0	11222	15	9	16981	19	291	697	14
223.0	12035	19	17	16982	20	755	1758	15
223.0	9882	14	14	16983	14	86	1829	20
223.0	12664	22	18	16984	25	575	1649	17
223.0	10487	35	34	16985	34	633	259	16
223.0	11322	28	20	16986	33	1629	1419	17
223.0	10782	9	7	16987	10	1398	410	22
223.0	13103	18	24	16988	12	185	1142	17
223.0	14425	20	22	16989	18	947	59	15
223.0	11951	15	13	16990	16	586	1857	16
223.0	12870	22	22	16991	21	237	1242	11
223.0	13827	15	16	16992	14	1805	152	16
223.0	14214	19	23	16993	13	1830	1644	15
223.0	11735	13	9	16994	17	1079	1784	19
223.0	13741	20	18	16995	22	1478	1821	17
223.0	12294	19	14	16996	21	1619	120	17
223.0	12923	24	23	16997	22	60	1595	18
223.0	7054	10	8	16998	11	690	1582	14
223.0	12305	29	28	16999	27	1928	1721	16
223.0	10942	19	24	17000	13	1738	1337	16
223.0	12336	15	13	17001	16	471	1718	13
223.0	11875	22	22	17002	22	1952	1343	16
223.0	14585	19	19	17003	19	1733	1319	15
223.0	12693	10	10	17004	10	578	1630	12
223.0	14189	14	16	17005	12	303	260	15
223.0	12722	17	21	17006	12	369	1753	15
223.0	15009	20	19	17007	21	1677	1819	20
223.0	9793	17	18	17008	14	33	792	16
223.0	12622	22	18	17009	25	374	1683	18
223.0	10794	32	30	17010	31	177	1044	22
223.0	14223	12	11	17011	13	462	1634	16
223.0	14290	15	15	17012	12	310	401	18
223.0	12121	22	21	17013	23	349	850	13
223.0	14238	23	17	17014	24	1840	70	20
223.0	15993	26	22	17015	27	91	1623	18
223.0	9860	2	3	17016	0	463	356	16
223.0	12460	11	11	17017	11	1030	1851	11
223.0	10001	13	14	17018	12	1889	872	17
223.0	11836	14	14	17019	14	541	157	15
223.0	11568	9	9	17020	8	123	691	12
223.0	13762	32	31	17021	33	276	550	14
223.0	11193	21	18	17022	22	1379	234	17
223.0	10721	4	5	17023	3	617	1923	15
223.0	13666	36	35	17024	37	1611	1847	15
223.0	16480	9	5	17025	12	1224	1903	14
223.0	13164	26	32	17026	19	1813	938	23
223.0	13207	28	25	17027	29	1919	166	20
223.0	15648	6	5	17028	7	852	1746	15
223.0	14535	9	13	17029	4	448	374	16
223.0	11056	13	17	17030	8	401	1752	17
223.0	7290	7	8	17031	6	871	1658	15
223.0	12509	45	40	17032	49	151	1056	22
223.0	11976	26	25	17033	27	29	267	15
223.0	10627	28	29	17034	25	1820	1679	15
223.0	12131	18	13	17035	22	943	31	14
223.0	9557	20	15	17036	23	205	1418	15
223.0	14534	27	26	17037	27	151	1668	15
223.0	9698	13	14	17038	10	1541	500	17
223.0	12014	10	9	17039	9	1287	26	22
223.0	14095	35	41	17040	26	1630	1801	20
223.0	15023	11	10	17041	10	441	599	18
223.0	8202	20	15	17042	25	2	1105	20
223.0	11246	15	22	17043	8	1832	363	19
223.0	10342	7	9	17044	5	1245	1750	14
223.0	12538	41	38	17045	41	94	1984	15
223.0	15110	15	18	17046	11	432	1784	16
223.0	14607	25	21	17047	29	129	1218	16
223.0	12088	43	44	17048	41	279	592	16
223.0	12762	24	23	17049	24	23	999	14
223.0	10952	22	28	17050	16	1193	1999	15
223.0	9075	18	15	17051	18	1617	459	16
223.0	8757	24	26	17052	21	259	1363	25
223.0	11827	15	13	17053	17	273	1634	18
223.0	12852	35	31	17054	38	676	1954	15
223.0	12794	6	5	17055	7	1478	117	22
223.0	8430	8	5	17056	10	0	1879	19
223.0	14508	32	33	17057	30	448	1411	12
223.0	13692	43	42	17058	40	339	14	14
223.0	9162	14	14	17059	14	564	1832	13
223.0	11126	13	10	17060	16	561	379	16
223.0	13707	49	48	17061	47	94	1029	15
223.0	14724	17	17	17062	15	231	1634	17
223.0	12163	12	11	17063	13	1940	635	15
223.0	10024	15	15	17064	13	822	1979	12
223.0	13987	19	23	17065	15	92	973	17
223.0	13719	21	18	17066	22	300	40	17
223.0	11720	11	11	17067	11	1324	1977	18
223.0	11575	3	2	17068	4	1868	977	17
223.0	9406	8	8	17069	8	227	1110	18
223.0	12081	23	26	17070	17	0	310	21
223.0	12355	11	10	17071	12	172	820	12
223.0	14078	24	26	17072	21	1327	149	18
223.0	10956	30	27	17073	33	227	1573	18
223.0	10629	27	26	17074	26	261	1534	16
223.0	14061	31	33	17075	27	715	39	14
223.0	12746	15	16	17076	12	54	929	18
223.0	11412	3	1	17077	4	1873	283	20
223.0	13291	14	14	17078	14	174	59	14
223.0	11651	27	28	17079	26	75	1928	17
223.0	8497	32	28	17080	33	473	460	15
223.0	15845	4	3	17081	5	394	122	16
223.0	11900	9	9	17082	9	161	30	15
223.0	12108	3	2	17083	4	744	91	16
224.0	15759	34	33	17084	33	65	982	14
224.0	13169	20	22	17085	18	1468	77	15
224.0	15096	29	33	17086	24	1352	278	16
224.0	14197	14	13	17087	14	1517	271	15
224.0	11084	41	35	17088	43	1908	368	21
224.0	13639	14	14	17089	14	306	1858	16
224.0	13174	14	16	17090	11	1613	392	14
224.0	8317	14	14	17091	12	342	1717	17
224.0	12032	29	28	17092	29	93	1607	16
224.0	10137	17	17	17093	16	1861	856	15
224.0	13912	25	20	17094	28	807	1919	18
224.0	13998	13	13	17095	13	486	1740	14
224.0	11209	9	12	17096	6	1966	661	16
224.0	10653	34	30	17097	37	0	259	13
224.0	10793	15	12	17098	18	392	444	14
224.0	10035	13	12	17099	14	0	289	14
224.0	14348	18	21	17100	13	1807	299	19
224.0	11831	51	58	17101	42	1944	194	16
224.0	12365	28	24	17102	26	445	1963	18
224.0	12828	29	25	17103	31	303	1539	23
224.0	8842	5	4	17104	6	1530	220	17
224.0	9885	12	12	17105	12	128	1661	16
224.0	13719	18	20	17106	16	300	40	18
224.0	13666	35	38	17107	32	1611	1847	16
224.0	13905	21	20	17108	20	205	870	14
224.0	12959	13	15	17109	11	1372	140	25
224.0	8663	20	18	17110	21	530	305	12
224.0	12741	6	7	17111	5	1739	472	17
224.0	12762	23	18	17112	25	23	999	15
224.0	7183	18	19	17113	16	1896	633	14
224.0	13535	2	1	17114	3	1270	1730	17
224.0	12179	18	15	17115	19	729	1745	16
224.0	9662	2	1	17116	3	213	709	14
224.0	12850	14	7	17117	18	313	1750	16
224.0	10001	14	12	17118	15	1889	872	18
224.0	14425	22	21	17119	23	947	59	16
224.0	15993	22	23	17120	20	91	1623	19
224.0	12143	37	33	17121	40	239	457	15
224.0	14049	30	29	17122	30	30	979	13
224.0	11582	3	5	17123	1	402	740	14
224.0	8019	13	12	17124	14	204	1251	20
224.0	16649	18	21	17125	15	423	470	19
224.0	10759	30	38	17126	21	1399	329	15
224.0	7707	6	8	17127	4	620	427	15
224.0	13597	25	23	17128	24	101	1546	14
224.0	10735	17	16	17129	18	1287	1842	16
224.0	13689	21	16	17130	25	129	1388	19
224.0	13932	21	15	17131	27	102	0	18
224.0	9875	25	25	17132	23	433	204	14
224.0	7324	28	26	17133	29	182	977	14
224.0	13104	12	9	17134	14	726	193	12
224.0	12693	10	12	17135	8	578	1630	13
224.0	14266	21	18	17136	23	381	1625	12
224.0	12131	13	13	17137	13	943	31	15
224.0	8077	7	9	17138	5	1681	979	13
224.0	10397	8	11	17139	3	380	179	15
224.0	14534	26	26	17140	26	151	1668	16
224.0	12389	15	13	17141	14	287	1904	21
224.0	14176	12	12	17142	11	828	1950	15
224.0	13454	54	54	17143	46	1607	192	24
224.0	13403	16	18	17144	14	1847	200	14
224.0	12308	20	13	17145	27	1369	295	13
224.0	9944	24	25	17146	23	1840	1369	16
224.0	12298	17	16	17147	17	435	1710	15
224.0	14796	17	19	17148	14	1511	1722	18
224.0	15116	12	8	17149	15	237	1516	17
224.0	8430	5	4	17150	6	0	1879	20
224.0	9017	26	25	17151	23	161	1749	17
224.0	12406	6	3	17152	9	623	141	14
224.0	8949	27	26	17153	26	1111	1721	14
224.0	14670	21	27	17154	14	1638	100	16
224.0	14023	9	10	17155	8	983	213	13
224.0	10894	19	21	17156	16	1125	1839	10
224.0	13207	25	25	17157	24	1919	166	21
224.0	10629	26	28	17158	24	261	1534	17
224.0	8765	44	44	17159	43	1383	1820	20
224.0	11621	20	23	17160	17	196	700	15
224.0	12167	18	13	17161	21	331	1062	16
224.0	11951	13	13	17162	11	586	1857	17
224.0	10434	31	35	17163	25	860	98	15
224.0	12010	20	24	17164	16	1810	1282	15
224.0	14583	12	12	17165	11	410	1872	14
224.0	8224	18	23	17166	12	1189	1950	15
224.0	13642	29	25	17167	32	382	1960	14
224.0	11318	7	5	17168	9	1428	1700	20
224.0	9277	7	8	17169	6	1203	1791	15
224.0	12930	16	16	17170	16	37	198	16
224.0	12531	22	21	17171	21	1901	1874	12
224.0	13352	38	40	17172	33	145	959	14
224.0	13874	17	13	17173	21	489	1717	13
224.0	15003	23	16	17174	28	461	431	17
224.0	11891	11	7	17175	15	14	845	17
224.0	14383	15	16	17176	14	1553	1809	17
224.0	9483	17	11	17177	21	438	1594	18
224.0	13630	19	20	17178	18	362	676	16
224.0	13858	14	17	17179	9	107	436	12
224.0	12854	11	7	17180	14	1981	521	17
224.0	13821	37	47	17181	26	1551	137	14
224.0	13135	14	13	17182	15	175	1079	20
224.0	12458	8	9	17183	7	1475	1857	21
224.0	11645	11	7	17184	15	1980	615	13
224.0	9032	13	14	17185	12	797	1949	15
224.0	14343	12	8	17186	14	769	1941	12
224.0	15925	16	14	17187	17	1690	1426	15
224.0	15009	19	17	17188	20	1677	1819	21
224.0	13433	6	2	17189	9	657	369	15
224.0	11805	32	30	17190	33	299	441	11
224.0	14189	16	18	17191	13	303	260	16
224.0	12064	13	12	17192	12	350	1176	17
224.0	14423	3	0	17193	6	346	1871	16
224.0	14539	42	44	17194	38	837	350	16
224.0	12670	11	14	17195	5	252	1084	15
224.0	12971	7	8	17196	5	0	1860	18
224.0	13035	14	12	17197	16	1814	612	13
224.0	13884	8	8	17198	8	201	1914	15
224.0	14318	18	16	17199	18	1790	18	21
224.0	11480	44	47	17200	40	142	892	15
224.0	12236	13	11	17201	14	1018	1885	18
224.0	7988	12	11	17202	13	1079	1768	19
224.0	9111	29	28	17203	28	1146	1827	14
224.0	13471	19	16	17204	22	517	249	17
224.0	12722	21	19	17205	23	369	1753	16
224.0	8503	28	28	17206	27	182	777	18
224.0	12351	9	7	17207	11	186	1878	23
224.0	9758	7	8	17208	6	0	486	15
224.0	14238	17	14	17209	19	1840	70	21
224.0	12870	22	19	17210	22	237	1242	12
224.0	11494	11	9	17211	13	1960	1059	16
224.0	13349	9	8	17212	10	238	96	14
224.0	13700	18	13	17213	21	1100	1988	16
224.0	14615	13	13	17214	12	400	1723	16
224.0	12973	11	10	17215	11	391	1554	15
224.0	14789	11	12	17216	10	629	124	14
224.0	13787	17	11	17217	21	1762	1697	16
224.0	12923	23	23	17218	22	60	1595	19
224.0	8497	28	24	17219	31	473	460	16
224.0	9940	18	19	17220	16	1780	1654	18
224.0	11651	28	33	17221	23	75	1928	18
224.0	15020	13	13	17222	13	1586	93	13
224.0	13732	11	14	17223	7	1939	745	16
224.0	14485	20	20	17224	20	661	1764	17
224.0	10024	15	13	17225	17	822	1979	13
224.0	13687	22	15	17226	28	1690	1968	18
224.0	11061	8	7	17227	9	1034	1827	13
224.0	12402	7	8	17228	6	101	780	11
224.0	11142	39	33	17229	44	1914	1678	15
224.0	11453	49	48	17230	44	1747	203	15
224.0	13900	7	7	17231	6	596	394	20
224.0	9922	27	24	17232	28	1928	1359	17
224.0	11403	16	13	17233	17	1472	1763	14
225.0	12814	17	16	17234	18	1958	1210	15
225.0	7319	13	13	17235	12	220	1982	21
225.0	9360	21	29	17236	11	1822	889	19
225.0	13271	30	34	17237	26	45	1268	15
225.0	10900	33	30	17238	33	1822	429	19
225.0	13985	21	12	17239	27	174	1121	20
225.0	15279	16	15	17240	16	103	29	17
225.0	11664	6	5	17241	7	556	15	19
225.0	14104	17	15	17242	19	235	859	12
225.0	9338	13	15	17243	11	186	1602	18
225.0	6927	21	21	17244	21	519	83	18
225.0	12277	40	32	17245	48	1860	1713	15
225.0	14324	23	28	17246	15	1821	1937	16
225.0	12713	21	18	17247	22	1771	552	23
225.0	9298	26	28	17248	23	431	1390	14
225.0	14001	28	35	17249	21	1405	170	26
225.0	12249	15	16	17250	12	207	1494	17
225.0	11731	11	9	17251	10	369	245	15
225.0	14236	26	20	17252	31	278	1013	14
225.0	13174	16	16	17253	15	1613	392	15
225.0	10464	14	12	17254	16	362	476	18
225.0	14554	28	28	17255	25	151	696	16
225.0	14067	9	6	17256	12	1810	897	12
225.0	13454	54	60	17257	40	1607	192	25
225.0	7468	37	41	17258	32	1844	702	17
225.0	12060	8	9	17259	7	501	34	15
225.0	11737	33	35	17260	31	233	1688	14
225.0	8946	14	12	17261	15	108	1061	17
225.0	10894	21	16	17262	24	1125	1839	11
225.0	9141	5	4	17263	6	1828	1169	17
225.0	9558	29	30	17264	27	398	1442	18
225.0	14031	14	15	17265	13	526	151	18
225.0	12531	21	15	17266	27	1901	1874	13
225.0	12518	13	13	17267	13	192	761	13
225.0	16649	21	16	17268	26	423	470	20
225.0	12580	30	30	17269	29	41	921	12
225.0	13687	15	17	17270	12	1690	1968	19
225.0	12828	25	25	17271	22	303	1539	24
225.0	12019	37	34	17272	37	499	366	14
225.0	13136	26	25	17273	24	403	1530	13
225.0	14485	20	19	17274	19	661	1764	18
225.0	9656	15	16	17275	14	14	762	16
225.0	16063	15	13	17276	17	379	36	16
225.0	7783	27	31	17277	20	164	1999	17
225.0	7177	30	23	17278	33	1645	1999	16
225.0	10530	15	17	17279	12	81	834	16
225.0	9318	1	2	17280	0	538	319	16
225.0	13582	14	8	17281	20	356	830	14
225.0	14162	14	14	17282	14	236	1471	15
225.0	15267	34	37	17283	28	1573	1897	15
225.0	12981	16	13	17284	19	920	1983	15
225.0	14299	30	35	17285	23	1126	197	13
225.0	14896	11	12	17286	10	844	1839	12
225.0	11232	24	28	17287	18	17	65	16
225.0	13599	7	8	17288	6	1825	808	15
225.0	12459	16	15	17289	16	412	1607	18
225.0	12188	8	7	17290	9	340	1340	19
225.0	12298	16	13	17291	19	435	1710	16
225.0	11655	23	22	17292	21	1771	1524	18
225.0	7619	4	2	17293	5	424	299	17
225.0	12885	16	16	17294	14	366	212	16
225.0	11166	7	8	17295	6	1944	436	16
225.0	8019	12	14	17296	10	204	1251	21
225.0	13009	9	6	17297	12	1227	252	18
225.0	15721	20	22	17298	17	16	1268	12
225.0	9744	3	3	17299	3	1350	1631	14
225.0	11768	34	32	17300	35	148	1321	17
225.0	7025	8	7	17301	9	654	1650	16
225.0	16096	31	29	17302	33	259	1208	17
225.0	8663	18	17	17303	19	530	305	13
225.0	13197	31	35	17304	26	1392	262	15
225.0	8666	45	48	17305	40	1565	16	20
225.0	14441	33	34	17306	31	1565	100	17
225.0	11568	9	8	17307	10	123	691	13
225.0	15572	9	14	17308	3	137	1035	16
225.0	13471	16	17	17309	15	517	249	18
225.0	13352	40	45	17310	34	145	959	15
225.0	14825	16	16	17311	16	14	1647	15
225.0	16062	24	24	17312	23	177	1229	13
225.0	14049	29	28	17313	29	30	979	14
225.0	10923	31	33	17314	26	1246	209	17
225.0	8154	6	5	17315	7	1962	743	19
225.0	8751	44	41	17316	43	45	639	17
225.0	10653	30	36	17317	24	0	259	14
225.0	14782	27	26	17318	27	73	765	16
225.0	8809	15	13	17319	15	198	1179	19
225.0	11883	36	35	17320	35	860	1968	15
225.0	14832	11	10	17321	12	1533	106	15
225.0	14705	27	30	17322	23	341	1387	13
225.0	14523	31	24	17323	35	193	311	13
225.0	12330	16	14	17324	17	449	1490	18
225.0	11947	34	35	17325	31	1724	220	14
225.0	12903	9	6	17326	12	165	667	12
225.0	13061	19	24	17327	14	1781	1438	12
225.0	12537	24	26	17328	22	1909	1760	14
225.0	9797	11	10	17329	11	1308	1836	11
225.0	8850	24	26	17330	21	1273	1877	15
225.0	12110	16	15	17331	16	1827	1579	20
225.0	12884	5	7	17332	3	840	92	12
225.0	7117	7	8	17333	6	641	184	17
225.0	13653	46	46	17334	44	1655	1832	22
225.0	11877	12	14	17335	10	32	1572	18
225.0	13626	10	9	17336	10	684	118	15
225.0	14664	34	31	17337	35	1424	1986	16
225.0	12281	31	38	17338	23	67	426	12
225.0	9793	18	19	17339	17	33	792	17
225.0	9648	17	14	17340	20	507	304	14
225.0	12402	8	7	17341	8	101	780	12
225.0	12864	2	0	17342	4	910	57	15
225.0	7834	14	14	17343	14	419	622	12
225.0	12895	24	27	17344	20	1915	1732	16
225.0	9017	25	25	17345	23	161	1749	18
225.0	10107	16	18	17346	14	1132	1886	17
225.0	16723	26	31	17347	20	280	1560	21
225.0	15399	1	1	17348	1	1440	1712	20
225.0	14073	31	32	17349	29	174	1719	13
225.0	15292	24	28	17350	19	1444	1751	12
225.0	11963	15	12	17351	18	249	700	10
225.0	15039	7	8	17352	6	1283	134	13
225.0	12923	23	25	17353	20	69	1604	20
225.0	12217	10	5	17354	13	99	1553	17
225.0	7691	41	37	17355	42	1764	1610	17
225.0	14131	17	18	17356	16	601	1927	13
225.0	14044	16	12	17357	19	394	413	18
225.0	13389	24	22	17358	24	1652	232	14
225.0	15019	5	4	17359	6	223	147	16
225.0	11716	15	15	17360	14	1173	98	13
225.0	9321	22	25	17361	19	1650	384	16
225.0	10663	22	18	17362	25	289	1299	15
225.0	9530	4	3	17363	5	890	285	17
225.0	9885	12	6	17364	18	128	1661	17
225.0	15331	11	13	17365	9	162	1093	19
225.0	13270	25	26	17366	23	792	12	13
225.0	12045	29	33	17367	25	1463	142	15
225.0	13291	14	13	17368	13	174	59	15
225.0	10461	16	14	17369	18	370	1912	18
225.0	14745	6	6	17370	6	422	253	19
225.0	12532	8	6	17371	10	268	683	13
225.0	12087	17	15	17372	18	1695	1850	19
225.0	10060	13	13	17373	13	0	348	15
225.0	13135	13	12	17374	14	175	1079	21
225.0	9980	19	20	17375	17	881	1889	17
225.0	16646	24	23	17376	24	68	334	14
225.0	14948	11	12	17377	10	1199	1985	17
226.0	7468	41	37	17378	39	1844	702	18
226.0	7889	10	10	17379	9	1820	1015	14
226.0	8328	25	23	17380	27	293	791	16
226.0	8677	2	2	17381	2	1915	338	17
226.0	10424	28	26	17382	30	1873	1777	14
226.0	13992	25	24	17383	25	90	800	14
226.0	10889	46	44	17384	47	1931	1171	17
226.0	14265	20	21	17385	17	294	557	12
226.0	9295	25	21	17386	28	1561	472	18
226.0	9085	43	49	17387	33	979	167	25
226.0	13931	15	15	17388	13	901	148	18
226.0	9162	14	17	17389	10	564	1832	14
226.0	10713	13	10	17390	15	1724	1472	13
226.0	12186	16	15	17391	16	1485	320	11
226.0	12968	19	20	17392	18	121	1501	20
226.0	15365	14	10	17393	17	1220	54	14
226.0	13546	9	8	17394	8	734	260	20
226.0	12035	17	16	17395	17	755	1758	16
226.0	11922	13	14	17396	11	1890	166	13
226.0	14098	4	2	17397	6	241	1913	22
226.0	12828	25	23	17398	25	303	1539	25
226.0	9748	14	13	17399	13	284	1480	17
226.0	13994	28	22	17400	32	1367	1914	13
226.0	16822	23	20	17401	25	281	1118	15
226.0	13163	21	15	17402	24	1440	277	18
226.0	15525	5	5	17403	5	1558	333	19
226.0	12941	33	37	17404	29	154	1401	16
226.0	15628	22	21	17405	21	66	1292	19
226.0	9820	10	10	17406	10	351	1927	15
226.0	11954	10	9	17407	9	194	1352	18
226.0	12653	5	5	17408	5	1750	985	16
226.0	8663	17	18	17409	14	530	305	14
226.0	13488	22	25	17410	18	334	1461	11
226.0	9881	18	14	17411	22	420	652	13
226.0	14011	7	5	17412	8	430	1030	13
226.0	14551	22	29	17413	14	272	970	18
226.0	14035	20	23	17414	17	584	1793	14
226.0	12648	30	27	17415	32	1961	789	16
226.0	11383	11	12	17416	9	1661	690	15
226.0	13059	19	23	17417	13	314	1100	20
226.0	9793	19	20	17418	18	33	792	18
226.0	10574	38	48	17419	27	1269	173	20
226.0	12685	24	23	17420	22	168	1910	15
226.0	10219	22	23	17421	19	1331	359	19
226.0	14441	34	38	17422	28	1565	100	18
226.0	11865	32	29	17423	35	1850	107	18
226.0	7252	10	13	17424	7	1028	0	14
226.0	7716	4	4	17425	4	1051	203	19
226.0	11084	35	33	17426	33	1908	368	22
226.0	9727	21	22	17427	20	258	1037	16
226.0	13851	14	14	17428	13	89	1415	22
226.0	14616	11	11	17429	11	1318	238	14
226.0	12038	18	14	17430	22	1934	1794	13
226.0	13000	3	0	17431	6	420	111	16
226.0	14044	12	8	17432	16	394	413	19
226.0	9918	11	8	17433	13	550	1670	16
226.0	11307	18	13	17434	22	1542	1899	14
226.0	13134	13	14	17435	11	378	272	16
226.0	12279	20	27	17436	13	227	771	13
226.0	11999	8	11	17437	5	577	144	13
226.0	9610	20	22	17438	17	1860	1999	15
226.0	13926	31	40	17439	20	75	1478	17
226.0	12486	22	22	17440	22	1907	612	13
226.0	13393	7	6	17441	8	892	1772	16
226.0	14607	21	24	17442	18	129	1218	17
226.0	11529	14	14	17443	13	1881	1672	16
226.0	11412	1	2	17444	0	1873	283	21
226.0	15323	10	9	17445	10	1138	50	15
226.0	13662	12	9	17446	13	260	1279	17
226.0	12725	28	28	17447	26	1856	1362	16
226.0	13492	15	19	17448	10	607	1821	17
226.0	8980	6	6	17449	5	1687	1360	15
226.0	14489	0	0	17450	0	627	300	14
226.0	15258	10	13	17451	7	1377	1861	22
226.0	8495	13	15	17452	11	521	1785	19
226.0	15588	27	24	17453	28	1728	1961	17
226.0	13319	33	38	17454	26	1690	1948	17
226.0	13856	25	26	17455	22	889	1968	20
226.0	14366	8	6	17456	9	720	308	20
226.0	11435	25	28	17457	22	1877	1461	23
226.0	10206	10	9	17458	11	712	1916	20
226.0	14196	23	23	17459	22	1600	61	14
226.0	10292	26	31	17460	21	224	1959	14
226.0	9909	26	29	17461	21	1761	85	18
226.0	10107	18	18	17462	17	1132	1886	18
226.0	9102	6	5	17463	7	765	212	17
226.0	10371	23	23	17464	20	17	1519	16
226.0	14825	16	11	17465	19	14	1647	16
226.0	9693	11	15	17466	5	1511	1698	19
226.0	11292	12	11	17467	13	1061	270	13
226.0	15349	31	32	17468	30	1788	213	18
226.0	16063	13	7	17469	17	379	36	17
226.0	7921	4	5	17470	3	571	1694	15
226.0	10464	12	14	17471	10	362	476	19
226.0	11309	0	0	17472	0	596	289	15
226.0	14856	25	24	17473	25	300	1827	15
226.0	13220	13	18	17474	8	1182	1782	18
226.0	10067	16	16	17475	15	1993	100	13
226.0	10923	33	34	17476	32	1246	209	18
226.0	7844	4	4	17477	4	1857	582	19
226.0	15017	9	10	17478	8	187	1985	21
226.0	7062	14	12	17479	16	258	1960	18
226.0	12036	23	21	17480	24	292	636	10
226.0	12455	29	24	17481	33	429	211	16
226.0	7579	26	24	17482	27	321	860	14
226.0	15491	16	14	17483	17	1987	1965	17
226.0	13146	17	15	17484	17	104	1907	16
226.0	12537	26	24	17485	27	1909	1760	15
226.0	12555	19	20	17486	17	1798	800	14
226.0	10609	13	14	17487	11	148	504	15
226.0	11491	21	22	17488	19	1355	1893	14
226.0	12806	7	8	17489	5	1964	1813	18
226.0	7799	14	13	17490	15	300	1916	18
226.0	12629	5	5	17491	5	370	1012	16
226.0	7705	11	13	17492	6	612	175	18
226.0	11022	8	11	17493	5	1504	1833	9
226.0	11655	22	17	17494	25	1771	1524	19
226.0	12017	22	25	17495	17	1762	1797	15
226.0	12460	11	12	17496	8	1016	1851	12
226.0	11452	53	45	17497	55	1922	1119	26
226.0	13197	35	36	17498	32	1392	262	16
226.0	10712	2	2	17499	2	1400	1685	17
226.0	8078	13	17	17500	9	1785	651	19
226.0	12032	28	28	17501	24	109	1607	17
226.0	13894	14	19	17502	8	78	1059	15
226.0	13088	17	12	17503	22	67	1064	19
226.0	14031	15	16	17504	13	526	151	19
226.0	12281	38	39	17505	36	67	426	13
226.0	13113	26	25	17506	24	56	1189	13
226.0	7073	14	18	17507	9	518	99	19
226.0	13575	33	40	17508	23	102	889	16
226.0	15342	10	7	17509	13	412	126	15
226.0	7629	29	36	17510	21	1241	320	18
226.0	14397	18	19	17511	14	322	94	17
226.0	15231	18	19	17512	17	620	109	18
227.0	13263	16	14	17513	18	970	1831	17
227.0	12460	12	17	17514	7	1016	1851	13
227.0	13879	20	23	17515	17	359	398	17
227.0	15860	26	32	17516	20	641	1743	20
227.0	10474	14	14	17517	14	25	1476	19
227.0	12010	24	23	17518	25	1810	1282	16
227.0	16121	19	17	17519	21	1758	138	20
227.0	13088	12	20	17520	4	67	1064	20
227.0	15894	26	29	17521	22	1987	1912	14
227.0	13610	18	18	17522	17	35	1654	13
227.0	10952	28	29	17523	25	1193	1999	16
227.0	15057	9	8	17524	9	1091	349	16
227.0	13992	24	21	17525	26	90	800	15
227.0	9366	16	14	17526	18	98	944	14
227.0	11851	7	7	17527	7	346	112	16
227.0	13916	11	13	17528	9	1900	1005	14
227.0	15395	5	6	17529	4	234	1401	21
227.0	13275	49	43	17530	51	1537	351	23
227.0	10574	48	51	17531	43	1269	173	21
227.0	13359	19	22	17532	16	334	392	20
227.0	13015	17	14	17533	20	447	54	18
227.0	11827	13	12	17534	14	273	1634	19
227.0	10152	29	26	17535	31	1513	1906	17
227.0	14290	15	16	17536	14	310	401	19
227.0	13605	22	19	17537	23	1008	1905	15
227.0	13059	23	18	17538	26	314	1100	21
227.0	12265	3	2	17539	3	1065	372	16
227.0	14623	21	20	17540	21	648	1673	14
227.0	8607	13	15	17541	10	1279	74	15
227.0	9778	26	28	17542	23	1851	1740	13
227.0	11910	15	9	17543	20	508	124	18
227.0	8339	6	6	17544	6	1522	349	19
227.0	14447	28	25	17545	30	87	1348	14
227.0	13642	25	23	17546	25	382	1960	15
227.0	15868	18	22	17547	13	78	1720	16
227.0	7585	13	11	17548	15	1982	677	19
227.0	14148	8	7	17549	8	502	167	14
227.0	10486	25	20	17550	29	375	570	16
227.0	13294	25	25	17551	24	292	576	17
227.0	12629	5	5	17552	5	370	1012	17
227.0	11707	11	10	17553	11	632	410	16
227.0	10855	5	7	17554	2	235	920	14
227.0	14458	39	37	17555	40	1597	1962	17
227.0	13247	3	5	17556	0	897	36	15
227.0	9864	37	37	17557	34	140	1732	14
227.0	15342	7	7	17558	7	412	126	16
227.0	10978	20	20	17559	20	509	1940	13
227.0	11460	16	12	17560	19	614	97	18
227.0	10339	8	11	17561	4	1639	1960	15
227.0	7718	25	22	17562	27	1767	430	21
227.0	11385	10	9	17563	11	1795	1521	14
227.0	15628	21	19	17564	22	66	1292	20
227.0	15744	31	27	17565	34	1042	20	16
227.0	9941	18	14	17566	22	177	115	16
227.0	7729	13	12	17567	12	503	1731	14
227.0	7269	22	22	17568	21	209	630	16
227.0	9669	38	29	17569	41	347	1999	13
227.0	14634	41	43	17570	35	1763	319	15
227.0	13368	41	39	17571	38	1805	1988	18
227.0	9881	14	17	17572	11	420	652	14
227.0	15011	17	19	17573	13	469	1489	18
227.0	9614	12	9	17574	15	499	1841	14
227.0	16667	23	25	17575	21	58	395	18
227.0	11922	14	12	17576	16	1890	166	14
227.0	15486	17	16	17577	15	1465	1968	16
227.0	11932	22	24	17578	19	1589	250	20
227.0	8862	21	20	17579	22	1889	221	18
227.0	10643	15	16	17580	14	769	1827	12
227.0	9019	13	13	17581	13	1839	1079	15
227.0	13689	16	14	17582	16	129	1388	20
227.0	13264	12	12	17583	10	376	72	13
227.0	16442	14	9	17584	18	66	318	17
227.0	13998	13	10	17585	16	486	1740	15
227.0	15749	28	29	17586	26	1397	200	19
227.0	14403	25	27	17587	22	57	533	15
227.0	11452	45	43	17588	42	1922	1119	27
227.0	8798	17	20	17589	14	1968	1455	16
227.0	14288	26	26	17590	26	321	877	13
227.0	8666	48	47	17591	48	1565	16	21
227.0	14302	23	18	17592	27	628	1728	17
227.0	13174	16	16	17593	16	1613	392	16
227.0	9085	49	50	17594	44	979	167	26
227.0	6892	15	16	17595	14	305	0	18
227.0	8368	15	14	17596	16	1409	1629	16
227.0	16944	20	25	17597	13	250	636	15
227.0	10865	14	12	17598	16	890	1850	14
227.0	13608	31	34	17599	27	85	893	15
227.0	10993	31	37	17600	23	0	779	13
227.0	12143	33	25	17601	39	239	457	16
227.0	12925	7	6	17602	7	593	189	16
227.0	12160	11	9	17603	13	170	985	14
227.0	12808	22	21	17604	23	1567	1788	14
227.0	13662	9	13	17605	5	260	1279	18
227.0	12685	23	22	17606	22	168	1910	16
227.0	10204	49	53	17607	44	570	1576	18
227.0	12036	21	32	17608	9	292	636	11
227.0	10479	4	5	17609	3	668	360	16
227.0	10665	9	10	17610	8	1930	706	15
227.0	13544	41	47	17611	33	45	1944	18
227.0	11713	27	27	17612	25	1789	1450	15
227.0	15994	19	15	17613	21	59	817	16
227.0	13914	11	11	17614	11	256	962	17
227.0	16423	34	27	17615	37	338	329	14
227.0	13391	26	24	17616	25	95	707	16
227.0	8411	22	18	17617	26	29	1760	18
227.0	13051	39	32	17618	44	1836	1881	18
227.0	11159	5	5	17619	5	252	1724	13
227.0	15070	15	15	17620	14	313	1840	16
227.0	13693	22	26	17621	18	294	1638	15
227.0	14708	9	9	17622	8	734	239	13
227.0	10764	28	29	17623	27	538	1734	15
227.0	10980	20	22	17624	18	285	1379	20
227.0	10609	14	16	17625	11	148	504	16
227.0	10552	26	22	17626	28	1840	1999	19
227.0	8239	5	4	17627	5	1930	201	19
227.0	10783	18	19	17628	16	337	1008	13
227.0	14348	21	19	17629	23	1807	299	20
227.0	8287	12	11	17630	13	751	1807	13
227.0	16266	29	33	17631	24	106	207	19
227.0	9939	7	8	17632	6	394	1863	17
227.0	10164	11	11	17633	11	1833	681	15
227.0	10712	2	0	17634	4	1400	1685	18
227.0	9612	36	35	17635	37	216	1869	17
228.0	10138	27	23	17636	30	66	1708	16
228.0	12557	24	20	17637	25	289	1769	16
228.0	8321	8	6	17638	9	411	358	18
228.0	9104	17	21	17639	13	1465	1984	17
228.0	12213	28	34	17640	20	1753	130	12
228.0	11430	5	5	17641	4	528	1530	13
228.0	13087	8	6	17642	10	1724	1551	13
228.0	13629	21	20	17643	21	1611	230	14
228.0	9709	13	14	17644	12	439	1668	18
228.0	12305	28	30	17645	24	1926	1723	17
228.0	12713	18	19	17646	17	1771	552	24
228.0	12077	34	30	17647	37	1842	172	16
228.0	9186	32	23	17648	39	124	1427	19
228.0	12127	16	21	17649	10	310	1938	15
228.0	12114	20	18	17650	20	1542	1919	17
228.0	10144	40	39	17651	39	1819	176	24
228.0	14757	12	14	17652	10	692	37	15
228.0	16649	16	17	17653	14	423	470	21
228.0	16326	14	11	17654	16	233	1824	17
228.0	8060	9	9	17655	8	448	1779	17
228.0	14371	23	19	17656	27	126	39	15
228.0	14513	16	15	17657	16	1985	136	18
228.0	13472	12	15	17658	8	208	529	18
228.0	15110	18	15	17659	20	432	1767	17
228.0	12133	6	7	17660	4	280	737	11
228.0	7775	9	6	17661	11	1171	1771	19
228.0	9586	24	23	17662	24	1737	1750	18
228.0	9561	2	0	17663	3	1257	1769	20
228.0	13650	8	7	17664	9	1420	1935	18
228.0	13947	8	6	17665	10	1806	1471	15
228.0	12117	29	27	17666	28	857	142	15
228.0	13481	21	24	17667	16	741	164	15
228.0	12652	15	12	17668	16	1691	1767	14
228.0	11891	7	10	17669	4	14	845	18
228.0	12827	32	31	17670	31	239	671	16
228.0	7243	15	15	17671	12	1244	1963	18
228.0	13673	27	24	17672	29	1328	1764	13
228.0	15430	16	19	17673	12	1304	1876	14
228.0	13475	20	21	17674	18	52	681	14
228.0	8785	5	4	17675	6	1049	89	16
228.0	16647	27	23	17676	30	142	634	18
228.0	13290	43	47	17677	38	168	145	21
228.0	11735	9	11	17678	7	1079	1784	20
228.0	15659	18	17	17679	18	1061	40	19
228.0	10095	12	11	17680	12	451	469	16
228.0	8497	24	19	17681	28	473	460	17
228.0	14130	24	26	17682	20	1327	1925	14
228.0	13827	16	17	17683	14	1805	152	17
228.0	14099	24	27	17684	21	147	1574	16
228.0	12457	20	24	17685	16	1853	1855	19
228.0	9903	3	3	17686	3	712	1804	15
228.0	11580	8	9	17687	7	1936	1213	12
228.0	8666	47	49	17688	42	1565	16	22
228.0	15015	7	9	17689	5	272	1945	22
228.0	14419	16	19	17690	12	553	282	17
228.0	7504	23	21	17691	23	1122	1938	16
228.0	15124	10	9	17692	10	328	1613	19
228.0	14483	38	30	17693	45	71	1173	18
228.0	13879	23	21	17694	25	359	377	18
228.0	13385	28	31	17695	24	149	1338	19
228.0	15357	18	18	17696	17	611	123	17
228.0	11482	17	13	17697	20	237	1141	18
228.0	13637	9	10	17698	7	1310	25	15
228.0	10371	23	22	17699	22	17	1519	17
228.0	14690	38	36	17700	40	0	1960	15
228.0	15868	22	19	17701	24	90	1732	17
228.0	10793	12	13	17702	10	392	444	15
228.0	14198	26	20	17703	31	260	785	13
228.0	13177	40	40	17704	39	1880	12	19
228.0	9606	28	30	17705	25	898	1804	20
228.0	14447	25	19	17706	29	87	1348	15
228.0	16546	30	31	17707	28	1589	1776	16
228.0	12596	22	26	17708	18	1235	119	17
228.0	13935	14	15	17709	13	560	1849	15
228.0	14318	16	14	17710	17	1790	18	22
228.0	10474	14	12	17711	16	25	1476	20
228.0	14599	6	3	17712	8	649	1972	18
228.0	14623	20	17	17713	22	648	1673	15
228.0	11827	12	14	17714	8	273	1634	20
228.0	14575	13	9	17715	17	132	1815	19
228.0	11456	7	5	17716	9	1934	1066	15
228.0	14302	18	18	17717	17	628	1728	18
228.0	14424	35	35	17718	35	241	1847	14
228.0	16026	4	5	17719	3	327	57	16
228.0	11367	31	28	17720	32	1780	1408	16
228.0	15376	32	31	17721	32	1878	193	18
228.0	8987	11	13	17722	9	1785	612	21
228.0	15293	24	28	17723	18	461	386	18
228.0	10204	53	51	17724	49	570	1576	19
228.0	13072	17	18	17725	16	95	640	16
228.0	9624	16	20	17726	12	1036	152	12
228.0	10532	40	43	17727	36	33	1125	13
228.0	16555	32	40	17728	21	570	1726	17
228.0	13467	21	26	17729	16	253	1110	15
228.0	8834	20	18	17730	21	1774	1866	18
228.0	14046	9	9	17731	9	135	932	13
228.0	8940	6	4	17732	8	110	455	16
228.0	16420	21	15	17733	26	340	623	17
228.0	11047	3	4	17734	2	571	338	14
228.0	16404	34	34	17735	32	14	1350	22
228.0	9085	50	45	17736	54	979	167	27
228.0	8771	5	6	17737	4	907	259	19
228.0	8518	4	5	17738	3	1913	1486	18
228.0	15497	10	7	17739	13	626	1839	17
228.0	13092	43	55	17740	28	1860	12	19
228.0	14792	18	18	17741	18	48	690	15
228.0	13712	20	18	17742	21	686	101	18
228.0	10908	22	25	17743	19	38	1701	16
228.0	15934	17	19	17744	13	1569	205	18
228.0	11204	15	15	17745	14	0	448	18
228.0	15021	19	15	17746	22	1742	1862	17
228.0	13551	12	12	17747	12	147	102	15
228.0	8898	5	5	17748	4	536	201	15
228.0	10980	22	23	17749	19	285	1379	21
228.0	16181	22	18	17750	26	369	1121	16
228.0	10643	16	21	17751	11	769	1827	13
228.0	14935	13	13	17752	10	573	1879	14
228.0	12228	15	9	17753	21	1390	1672	15
228.0	12229	10	7	17754	13	240	1072	18
228.0	10574	51	44	17755	56	1269	173	22
228.0	14137	31	23	17756	36	160	1871	15
228.0	16423	27	22	17757	32	338	329	15
228.0	15478	15	19	17758	11	51	948	19
228.0	12993	20	18	17759	22	1563	1730	15
228.0	14875	10	8	17760	11	501	1542	13
228.0	15434	16	13	17761	19	1493	1743	13
228.0	13934	13	14	17762	12	1414	13	13
228.0	15489	17	14	17763	19	260	417	14
228.0	14244	32	29	17764	33	162	1809	15
228.0	7718	22	24	17765	20	1767	430	22
228.0	10788	14	14	17766	13	715	1958	16
228.0	8520	22	21	17767	22	1958	1962	23
228.0	13631	37	30	17768	44	526	1587	17
228.0	17259	7	10	17769	4	511	44	16
228.0	13013	21	18	17770	23	1789	1580	16
228.0	11142	33	27	17771	34	1914	1678	16
228.0	15338	22	34	17772	10	1465	1941	15
228.0	12663	7	10	17773	4	290	1183	16
228.0	11747	10	9	17774	10	648	1809	16
228.0	11396	25	26	17775	23	1010	119	15
228.0	11452	43	44	17776	39	1922	1119	28
229.0	13001	38	40	17777	33	962	139	12
229.0	15793	25	25	17778	25	280	1235	15
229.0	14194	20	23	17779	16	19	873	14
229.0	13786	13	8	17780	16	453	317	14
229.0	12798	22	14	17781	30	273	129	12
229.0	10109	2	2	17782	2	1849	501	16
229.0	14403	27	24	17783	29	57	533	16
229.0	15059	2	3	17784	1	1239	1719	15
229.0	11976	25	29	17785	21	53	267	16
229.0	9275	17	18	17786	15	142	1923	12
229.0	13930	39	34	17787	43	253	990	13
229.0	12600	14	18	17788	9	189	1677	17
229.0	6942	0	0	17789	0	908	93	18
229.0	12342	25	30	17790	19	1819	39	19
229.0	15809	19	18	17791	20	197	1336	20
229.0	15820	23	27	17792	17	541	1762	14
229.0	10856	34	30	17793	35	1131	233	20
229.0	15678	27	35	17794	19	172	488	15
229.0	16078	41	42	17795	39	1775	1988	18
229.0	12482	25	32	17796	17	1900	1170	13
229.0	7928	16	16	17797	15	1710	306	14
229.0	15293	28	30	17798	26	461	386	19
229.0	7243	15	18	17799	12	1244	1963	19
229.0	15169	31	36	17800	26	42	1455	22
229.0	15659	17	18	17801	16	1061	40	20
229.0	13072	18	11	17802	25	95	640	17
229.0	9558	30	27	17803	31	398	1442	19
229.0	14655	17	20	17804	14	64	1653	18
229.0	14893	20	22	17805	18	368	405	18
229.0	7718	24	24	17806	24	1767	430	23
229.0	12930	16	14	17807	15	37	198	17
229.0	14575	9	10	17808	8	132	1815	20
229.0	9371	9	6	17809	11	1715	1778	13
229.0	12695	14	13	17810	15	892	1943	13
229.0	13201	13	9	17811	16	601	1900	12
229.0	13909	20	20	17812	18	261	119	15
229.0	13009	6	7	17813	4	1227	252	19
229.0	8844	14	14	17814	14	1829	230	15
229.0	13901	22	27	17815	17	429	163	14
229.0	15270	25	25	17816	25	447	1897	17
229.0	15440	15	15	17817	14	1859	1920	21
229.0	14448	42	43	17818	40	1312	184	20
229.0	9404	28	31	17819	24	129	1262	16
229.0	12213	34	30	17820	37	1742	119	13
229.0	16213	5	5	17821	5	1084	109	16
229.0	12872	23	24	17822	22	363	1849	20
229.0	16420	15	18	17823	12	340	623	18
229.0	15337	50	39	17824	56	1599	148	26
229.0	7783	31	32	17825	28	164	1999	18
229.0	15354	2	3	17826	1	1051	203	19
229.0	13494	37	31	17827	41	778	1967	15
229.0	9117	23	19	17828	25	83	1621	18
229.0	13100	10	11	17829	9	1827	619	16
229.0	10954	18	22	17830	14	1650	739	13
229.0	9075	15	17	17831	13	1617	459	17
229.0	15743	21	23	17832	18	561	1888	18
229.0	11522	9	13	17833	5	1799	477	16
229.0	13172	9	9	17834	9	1489	1672	13
229.0	12276	15	15	17835	12	92	1159	19
229.0	15528	28	21	17836	33	368	1967	15
229.0	17660	4	2	17837	6	266	723	12
229.0	10609	16	16	17838	15	148	504	17
229.0	15616	22	19	17839	24	1212	1852	13
229.0	9958	9	8	17840	10	201	1366	21
229.0	9428	14	12	17841	16	1947	1045	17
229.0	10204	51	49	17842	50	570	1576	20
229.0	13021	8	7	17843	9	368	1711	16
229.0	9162	17	17	17844	17	564	1832	15
229.0	12337	8	7	17845	7	1966	475	18
229.0	15016	14	16	17846	12	278	34	17
229.0	13083	27	25	17847	25	1388	93	15
229.0	8438	29	26	17848	29	22	524	12
229.0	7384	47	50	17849	43	280	0	15
229.0	15347	6	6	17850	6	97	455	16
229.0	15670	2	3	17851	1	974	251	18
229.0	12588	32	28	17852	32	159	1484	16
229.0	8885	19	21	17853	16	345	152	24
229.0	14380	35	34	17854	34	1646	1943	17
229.0	13664	28	28	17855	26	1740	44	20
229.0	10642	37	36	17856	37	257	1463	12
229.0	15532	11	11	17857	9	164	1219	12
229.0	15303	22	28	17858	14	1421	1822	11
229.0	9739	16	16	17859	16	705	1772	13
229.0	13801	6	5	17860	7	1181	29	19
229.0	14884	15	15	17861	15	332	80	16
229.0	11267	35	39	17862	26	41	170	13
229.0	13290	47	44	17863	43	168	145	22
229.0	14959	52	54	17864	46	559	156	16
229.0	11711	14	11	17865	15	154	1514	19
229.0	13891	10	10	17866	8	89	1485	20
229.0	12450	6	5	17867	7	35	684	14
229.0	12660	12	11	17868	12	1632	1700	20
229.0	11879	17	18	17869	16	0	823	15
229.0	7404	37	39	17870	33	1537	1799	19
229.0	13163	15	16	17871	13	1440	277	19
229.0	14790	19	16	17872	20	1751	1687	14
229.0	15091	41	44	17873	37	1570	171	25
229.0	11188	16	18	17874	13	159	1426	21
229.0	13134	14	18	17875	9	378	272	17
229.0	12298	13	13	17876	12	435	1710	17
229.0	7594	17	15	17877	18	753	1915	15
229.0	12693	12	16	17878	8	578	1630	14
229.0	14003	5	6	17879	4	314	116	15
229.0	12564	15	11	17880	19	274	1693	18
229.0	7504	21	22	17881	20	1122	1938	17
229.0	13712	18	20	17882	16	686	101	19
229.0	13162	21	22	17883	18	1533	1861	14
229.0	13876	19	21	17884	17	346	1612	12
229.0	11891	10	11	17885	9	14	845	19
229.0	14418	8	8	17886	8	286	1881	18
229.0	12746	16	17	17887	14	71	929	19
229.0	12714	15	12	17888	16	139	1535	20
229.0	16144	26	31	17889	21	462	130	17
229.0	9714	30	24	17890	35	1432	137	18
229.0	16555	40	41	17891	36	570	1726	18
229.0	15409	3	3	17892	3	1299	1701	14
229.0	12282	9	10	17893	8	1290	61	16
229.0	9229	35	33	17894	34	1949	298	21
229.0	17046	11	9	17895	13	403	1796	17
229.0	9321	25	29	17896	21	1661	384	17
229.0	17354	13	9	17897	16	83	1553	18
229.0	8898	5	6	17898	4	536	201	16
229.0	12305	30	27	17899	32	1926	1723	18
229.0	7730	10	10	17900	9	1943	1673	16
229.0	14634	43	42	17901	42	1763	319	16
229.0	13879	21	19	17902	23	359	357	19
230.0	15293	30	34	17903	26	461	386	20
230.0	10385	4	4	17904	4	1816	838	13
230.0	11807	3	1	17905	5	1046	1930	19
230.0	14790	16	8	17906	23	1751	1687	15
230.0	15275	11	13	17907	8	1484	17	18
230.0	12514	24	17	17908	29	1779	1243	17
230.0	9301	12	10	17909	13	1480	1725	13
230.0	10557	40	38	17910	40	1824	659	17
230.0	10693	14	13	17911	15	1349	1861	23
230.0	8384	24	28	17912	20	1578	310	16
230.0	11976	29	31	17913	25	53	267	17
230.0	14533	12	9	17914	15	83	960	17
230.0	10573	5	5	17915	4	78	1854	24
230.0	14086	34	26	17916	38	35	1955	17
230.0	16155	18	14	17917	22	1499	296	14
230.0	13898	10	11	17918	8	1752	1511	16
230.0	13287	17	17	17919	13	219	939	12
230.0	13759	13	10	17920	16	1653	1764	13
230.0	15359	18	20	17921	16	242	932	13
230.0	10702	1	1	17922	0	810	1684	16
230.0	14350	11	12	17923	9	1058	1837	17
230.0	15388	20	20	17924	20	699	1835	13
230.0	11529	14	18	17925	10	1881	1672	17
230.0	12197	13	13	17926	12	761	369	19
230.0	14495	35	29	17927	36	1490	378	18
230.0	12829	16	16	17928	16	68	357	15
230.0	7748	14	14	17929	14	860	266	19
230.0	13539	26	15	17930	35	160	1621	19
230.0	14418	8	4	17931	11	286	1881	19
230.0	9942	3	3	17932	3	599	1984	17
230.0	13574	5	4	17933	6	700	1649	14
230.0	14990	15	16	17934	13	74	756	17
230.0	16383	6	4	17935	8	592	1718	15
230.0	12490	20	20	17936	19	1484	1889	18
230.0	12373	11	13	17937	9	308	603	11
230.0	13972	2	1	17938	3	1705	130	14
230.0	9075	17	10	17939	23	1617	459	18
230.0	14575	10	5	17940	13	132	1815	21
230.0	14310	15	15	17941	14	1021	1768	20
230.0	15658	11	12	17942	10	310	750	10
230.0	15532	11	10	17943	12	164	1219	13
230.0	11951	13	9	17944	17	586	1857	18
230.0	15792	14	11	17945	17	1571	441	18
230.0	11844	18	13	17946	23	1199	151	18
230.0	15169	36	41	17947	29	42	1455	23
230.0	13304	24	22	17948	25	208	1284	23
230.0	7088	23	26	17949	19	975	1938	20
230.0	11745	1	1	17950	1	916	73	16
230.0	12294	14	14	17951	12	1619	120	18
230.0	10153	37	37	17952	34	280	1544	21
230.0	11582	5	3	17953	5	402	740	15
230.0	15034	31	33	17954	28	200	1475	18
230.0	12735	10	11	17955	8	569	54	20
230.0	12196	16	17	17956	13	1810	451	14
230.0	13608	34	36	17957	30	85	877	16
230.0	15589	34	36	17958	29	1823	191	23
230.0	12198	17	17	17959	16	1150	203	17
230.0	16323	21	17	17960	23	53	1484	23
230.0	11901	27	22	17961	32	1501	98	16
230.0	14998	20	18	17962	22	101	53	16
230.0	8068	19	23	17963	15	1892	939	19
230.0	7183	19	15	17964	23	1896	633	15
230.0	14250	13	13	17965	12	482	134	15
230.0	14017	13	12	17966	14	312	1874	17
230.0	15555	20	21	17967	15	1351	262	17
230.0	10480	10	10	17968	10	606	37	16
230.0	16440	23	19	17969	26	28	382	17
230.0	12845	7	6	17970	8	1909	1919	16
230.0	10936	35	28	17971	39	557	1590	13
230.0	14599	3	4	17972	2	649	1972	19
230.0	7384	50	55	17973	43	280	0	16
230.0	12722	19	23	17974	15	382	1766	17
230.0	13472	15	11	17975	18	208	529	19
230.0	10204	49	47	17976	48	570	1576	21
230.0	13938	17	16	17977	18	1768	1752	16
230.0	11875	22	24	17978	19	1952	1343	17
230.0	13934	14	13	17979	14	1414	13	14
230.0	16078	42	41	17980	40	1775	1988	19
230.0	15253	17	15	17981	18	47	117	18
230.0	7718	24	30	17982	17	1767	430	24
230.0	14958	13	13	17983	13	1888	522	18
230.0	12524	19	21	17984	17	614	1576	13
230.0	14979	26	26	17985	23	250	1766	13
230.0	12690	15	17	17986	12	1683	1933	15
230.0	12092	20	16	17987	23	1226	40	18
230.0	11084	33	24	17988	41	1908	368	23
230.0	13042	8	9	17989	7	1181	280	16
230.0	13455	23	22	17990	22	32	1293	14
230.0	16273	16	13	17991	15	324	361	20
230.0	12649	18	18	17992	18	1128	93	13
230.0	14853	32	36	17993	27	1948	365	19
230.0	16555	41	43	17994	39	570	1726	19
230.0	15616	19	14	17995	22	1212	1852	14
230.0	9557	15	16	17996	13	205	1418	16
230.0	16109	17	11	17997	22	907	240	16
230.0	11949	5	6	17998	4	1956	272	22
230.0	7821	0	0	17999	0	686	289	17
230.0	12725	28	26	18000	28	1856	1362	17
230.0	7468	37	43	18001	31	1844	702	19
230.0	16647	23	26	18002	20	172	634	19
230.0	13857	33	32	18003	33	358	292	14
230.0	12787	30	31	18004	29	470	1650	15
230.0	17204	22	19	18005	22	492	273	18
230.0	10803	22	21	18006	21	204	379	16
230.0	8430	4	6	18007	2	0	1879	21
230.0	13774	17	17	18008	16	1975	1629	18
230.0	15749	29	23	18009	34	1397	200	20
230.0	7585	11	14	18010	8	1982	677	20
230.0	13879	19	18	18011	17	340	357	20
230.0	15092	20	14	18012	25	322	591	10
230.0	7182	13	13	18013	12	35	47	19
230.0	9102	5	3	18014	7	765	212	18
230.0	14421	28	25	18015	28	981	94	15
230.0	14834	10	10	18016	9	892	1927	14
230.0	14705	30	29	18017	28	341	1370	14
230.0	12343	30	25	18018	34	1696	232	14
230.0	15047	30	29	18019	30	1771	887	19
230.0	14605	1	1	18020	1	1051	300	14
230.0	9714	24	18	18021	28	1432	137	19
230.0	11634	17	21	18022	12	0	1647	15
230.0	12380	5	6	18023	4	1802	1227	16
230.0	12020	14	13	18024	15	649	1825	13
231.0	9277	8	7	18025	8	1214	1802	16
231.0	14600	12	8	18026	16	1349	104	14
231.0	13391	24	19	18027	28	95	707	17
231.0	12367	11	8	18028	14	1743	512	19
231.0	14980	27	28	18029	25	1623	1782	16
231.0	12685	22	18	18030	25	181	1897	17
231.0	15897	13	14	18031	10	1798	37	21
231.0	13600	13	14	18032	11	631	1955	17
231.0	14495	29	29	18033	25	1490	378	19
231.0	12179	15	12	18034	15	729	1745	17
231.0	8278	19	15	18035	23	414	1802	17
231.0	14971	13	14	18036	11	352	1970	18
231.0	12458	9	8	18037	10	1475	1857	22
231.0	13551	12	12	18038	12	147	102	16
231.0	15706	14	10	18039	17	355	74	14
231.0	13910	36	38	18040	33	1504	1809	19
231.0	12981	13	12	18041	11	920	1983	16
231.0	15491	14	9	18042	19	1987	1965	18
231.0	12049	20	20	18043	16	523	1631	16
231.0	15648	5	5	18044	5	869	1746	16
231.0	14471	32	36	18045	27	222	1624	20
231.0	14609	40	36	18046	39	1439	1888	15
231.0	14921	24	20	18047	28	1851	406	16
231.0	14968	4	4	18048	4	1150	261	17
231.0	13290	44	38	18049	49	168	145	23
231.0	14054	12	11	18050	12	958	1884	13
231.0	13801	5	6	18051	3	1181	29	20
231.0	13548	33	33	18052	27	109	1798	15
231.0	14250	13	14	18053	12	482	134	16
231.0	8966	0	0	18054	0	641	1570	15
231.0	14436	29	35	18055	23	340	1819	14
231.0	12973	10	11	18056	9	391	1554	16
231.0	11245	24	20	18057	25	1920	1503	17
231.0	12317	19	17	18058	20	259	306	14
231.0	8148	11	15	18059	7	231	1544	19
231.0	13666	38	37	18060	37	1611	1847	17
231.0	10292	31	35	18061	25	224	1959	15
231.0	7884	30	33	18062	26	381	1999	16
231.0	16296	5	5	18063	5	460	1753	17
231.0	9875	25	24	18064	23	411	204	15
231.0	13367	27	27	18065	27	64	553	13
231.0	13982	12	10	18066	13	833	1895	16
231.0	9912	27	35	18067	19	80	1022	15
231.0	10960	24	21	18068	27	153	820	15
231.0	13247	5	4	18069	5	897	36	16
231.0	13296	17	15	18070	19	280	1732	16
231.0	12980	25	25	18071	25	1627	32	16
231.0	14078	26	24	18072	26	1327	149	19
231.0	14787	20	23	18073	17	491	1579	16
231.0	17478	8	5	18074	11	199	1972	22
231.0	11114	7	8	18075	5	578	121	17
231.0	13130	13	15	18076	11	307	27	13
231.0	15169	41	32	18077	45	42	1455	24
231.0	11232	28	29	18078	25	17	65	17
231.0	15079	40	45	18079	34	103	96	20
231.0	14608	7	6	18080	8	1090	132	9
231.0	12844	36	34	18081	37	1767	363	16
231.0	10742	15	14	18082	16	872	181	19
231.0	13355	11	10	18083	10	1733	180	17
231.0	11627	14	13	18084	15	470	294	17
231.0	14825	11	14	18085	8	28	1647	17
231.0	14030	23	19	18086	27	138	240	14
231.0	12181	6	4	18087	8	1061	1893	18
231.0	15253	15	12	18088	17	47	117	19
231.0	15322	31	30	18089	28	239	1979	14
231.0	14590	13	13	18090	12	1415	1771	18
231.0	13861	17	18	18091	16	46	714	15
231.0	14231	9	10	18092	8	1677	1400	15
231.0	8661	7	4	18093	10	1102	1767	19
231.0	13389	22	14	18094	28	1652	232	15
231.0	10480	10	12	18095	8	606	37	17
231.0	14195	29	29	18096	27	299	421	12
231.0	13915	22	26	18097	18	17	24	17
231.0	15662	16	14	18098	18	165	783	17
231.0	14284	6	3	18099	9	1630	334	17
231.0	13101	32	28	18100	36	353	329	14
231.0	15591	7	5	18101	9	1791	320	17
231.0	7208	13	10	18102	14	755	160	16
231.0	7801	22	26	18103	17	392	590	18
231.0	9432	35	36	18104	33	284	267	13
231.0	16273	13	16	18105	8	324	361	21
231.0	14123	6	6	18106	6	443	1758	16
231.0	16074	16	16	18107	16	190	160	20
231.0	15749	23	18	18108	25	1397	200	21
231.0	13319	38	41	18109	32	1690	1948	18
231.0	14520	23	24	18110	20	150	986	14
231.0	9561	0	0	18111	0	1257	1769	21
231.0	14052	5	7	18112	3	1452	1740	21
231.0	8124	15	17	18113	13	1398	312	19
231.0	10378	22	20	18114	24	1710	1651	11
231.0	13329	10	10	18115	8	290	1615	17
231.0	13187	15	14	18116	16	547	1971	17
231.0	13440	15	13	18117	17	395	1938	19
231.0	12196	17	16	18118	17	1810	451	15
231.0	7504	22	22	18119	20	1122	1938	18
231.0	11529	18	22	18120	14	1881	1672	18
231.0	12342	30	29	18121	30	1819	39	20
231.0	14834	10	8	18122	12	892	1927	15
231.0	13898	11	10	18123	10	1752	1511	17
231.0	16780	37	29	18124	45	528	1690	15
231.0	12649	18	15	18125	20	1128	93	14
231.0	13784	23	19	18126	26	970	1901	14
231.0	13865	4	2	18127	6	888	1702	16
231.0	9882	14	13	18128	14	66	1808	21
231.0	12650	20	20	18129	19	113	133	16
231.0	8949	26	23	18130	29	1111	1721	15
231.0	15103	8	7	18131	9	614	212	17
231.0	17570	35	33	18132	36	1777	304	16
231.0	8083	21	23	18133	17	130	1593	19
231.0	9700	16	13	18134	19	1373	1812	10
231.0	14553	30	19	18135	40	572	1805	15
231.0	12486	22	21	18136	23	1907	612	14
231.0	10693	13	18	18137	8	1349	1861	24
231.0	13597	23	24	18138	20	123	1524	15
231.0	12683	18	16	18139	19	1319	1817	17
231.0	10617	38	41	18140	32	1632	461	16
231.0	6888	19	18	18141	18	100	573	20
231.0	13961	15	17	18142	11	350	1549	15
231.0	11641	32	34	18143	28	1835	1421	13
231.0	12213	30	33	18144	25	1742	119	14
231.0	11315	37	32	18145	38	134	207	13
231.0	13587	4	7	18146	1	1092	228	12
231.0	10260	5	4	18147	4	680	1728	14
231.0	15563	26	23	18148	26	157	220	18
231.0	13959	26	25	18149	26	751	1985	15
231.0	17544	6	5	18150	7	1507	349	20
231.0	12236	11	8	18151	14	1018	1885	19
231.0	11705	12	10	18152	12	1430	474	12
231.0	13254	19	20	18153	18	1889	493	17
231.0	16015	20	20	18154	19	499	1828	14
231.0	9748	13	11	18155	15	284	1480	18
231.0	8384	28	25	18156	30	1578	310	17
231.0	17435	11	13	18157	9	354	272	17
231.0	17139	3	3	18158	3	352	183	16
231.0	16160	37	30	18159	42	372	1461	16
231.0	9423	30	30	18160	30	412	1960	17
231.0	11033	18	14	18161	21	23	1165	15
231.0	11568	8	7	18162	8	124	690	14
231.0	17522	17	20	18163	13	35	1671	14
231.0	12228	9	9	18164	9	1390	1672	16
231.0	13894	19	19	18165	19	78	1059	16
231.0	8276	24	31	18166	14	44	1315	15
231.0	9196	13	13	18167	13	521	1656	16
231.0	13467	26	19	18168	31	253	1110	16
232.0	9492	30	27	18169	32	840	36	19
232.0	13018	9	7	18170	9	802	251	14
232.0	9941	14	13	18171	14	177	115	17
232.0	14528	14	10	18172	18	1083	74	14
232.0	14516	19	20	18173	16	13	1155	14
232.0	12554	22	19	18174	24	476	1560	18
232.0	15244	8	7	18175	8	665	80	13
232.0	13902	25	26	18176	24	1341	1791	14
232.0	13905	20	16	18177	23	205	870	15
232.0	13794	16	12	18178	19	1093	20	17
232.0	13672	6	4	18179	7	101	382	15
232.0	16810	20	25	18180	15	1420	1877	16
232.0	16062	24	29	18181	18	189	1224	14
232.0	15675	31	26	18182	35	1682	72	16
232.0	12354	10	8	18183	10	970	1806	14
232.0	12749	34	36	18184	32	15	0	17
232.0	11747	9	8	18185	10	648	1809	17
232.0	12780	14	14	18186	13	529	1801	15
232.0	15153	12	15	18187	8	439	560	18
232.0	13463	11	9	18188	13	402	69	15
232.0	16942	4	3	18189	5	569	86	20
232.0	14471	36	31	18190	39	222	1624	21
232.0	13209	18	22	18191	13	322	1511	14
232.0	13961	17	17	18192	17	350	1549	16
232.0	14893	22	21	18193	22	368	405	19
232.0	9871	9	6	18194	12	1873	428	17
232.0	11922	12	10	18195	12	1881	157	15
232.0	17642	10	7	18196	11	1714	1541	14
232.0	11222	9	10	18197	8	318	670	15
232.0	12478	17	21	18198	12	229	123	14
232.0	16051	11	12	18199	10	525	27	19
232.0	11877	14	9	18200	19	32	1572	19
232.0	16676	8	8	18201	7	100	1508	20
232.0	14442	32	35	18202	27	1717	321	18
232.0	14633	24	24	18203	22	1420	1860	18
232.0	13768	8	4	18204	11	1118	26	17
232.0	11588	7	9	18205	5	504	1975	20
232.0	9196	13	16	18206	10	521	1656	17
232.0	13393	6	4	18207	8	892	1772	17
232.0	16919	8	4	18208	10	464	1688	13
232.0	11245	20	21	18209	19	1920	1503	18
232.0	9186	23	23	18210	23	124	1427	20
232.0	15934	19	19	18211	17	1569	221	19
232.0	10640	9	13	18212	5	1901	686	19
232.0	14645	20	22	18213	15	248	337	14
232.0	14333	38	48	18214	27	1894	456	16
232.0	8791	10	12	18215	7	268	1384	14
232.0	14495	29	26	18216	31	1490	378	20
232.0	14427	34	31	18217	36	1420	263	16
232.0	14669	17	15	18218	18	107	1306	19
232.0	10620	17	14	18219	20	90	727	18
232.0	10060	13	16	18220	10	0	348	16
232.0	15617	17	11	18221	21	49	1684	15
232.0	10383	21	23	18222	19	951	152	12
232.0	13165	26	22	18223	30	1837	1737	17
232.0	13392	6	5	18224	7	1849	558	20
232.0	12540	4	6	18225	2	415	13	17
232.0	14397	19	20	18226	17	305	110	18
232.0	16057	31	33	18227	29	1944	264	17
232.0	15486	16	14	18228	17	1465	1968	17
232.0	10765	29	30	18229	27	1549	41	21
232.0	16720	38	40	18230	34	46	360	19
232.0	13820	7	11	18231	3	220	280	15
232.0	15266	49	44	18232	53	271	42	15
232.0	12959	15	16	18233	14	1372	160	26
232.0	13482	28	25	18234	31	1605	42	12
232.0	14122	14	16	18235	11	1980	789	17
232.0	13329	10	11	18236	8	290	1615	18
232.0	8949	23	21	18237	23	1111	1721	16
232.0	15538	12	12	18238	12	581	1838	17
232.0	14019	26	26	18239	26	1765	530	22
232.0	15167	30	29	18240	31	370	1102	20
232.0	13748	5	2	18241	7	1299	1769	20
232.0	14890	35	34	18242	36	147	1275	15
232.0	9842	23	20	18243	26	1449	1785	15
232.0	14459	23	20	18244	26	175	447	13
232.0	13162	22	21	18245	22	1533	1861	15
232.0	13324	12	14	18246	10	411	1985	17
232.0	16742	12	14	18247	9	1806	1780	17
232.0	13924	24	23	18248	23	939	1950	19
232.0	9389	21	20	18249	22	985	57	16
232.0	9838	8	9	18250	7	1077	320	18
232.0	11681	19	25	18251	13	0	718	16
232.0	15897	14	12	18252	16	1785	37	22
232.0	8083	23	20	18253	24	130	1593	20
232.0	16647	26	27	18254	25	157	619	20
232.0	11477	21	19	18255	22	199	54	11
232.0	9017	25	26	18256	23	161	1770	19
232.0	14469	25	17	18257	33	332	1299	17
232.0	7921	5	7	18258	3	588	1694	16
232.0	11768	32	27	18259	36	148	1321	18
232.0	15845	3	2	18260	4	370	124	17
232.0	12327	22	24	18261	19	459	339	17
232.0	12270	48	49	18262	46	196	592	16
232.0	14212	25	24	18263	24	439	501	16
232.0	14834	8	7	18264	9	892	1927	16
232.0	12771	36	30	18265	40	1929	1449	16
232.0	13692	42	43	18266	39	339	14	15
232.0	14761	35	33	18267	36	1648	77	19
232.0	12565	13	6	18268	20	1456	42	12
232.0	15253	12	10	18269	14	47	117	20
232.0	14830	21	19	18270	22	521	1644	15
232.0	14195	29	27	18271	30	279	421	13
232.0	9882	13	16	18272	9	66	1808	22
232.0	8740	19	16	18273	21	45	1762	16
232.0	10083	13	9	18274	15	707	258	19
232.0	15896	28	28	18275	27	1452	213	18
232.0	16612	19	22	18276	16	431	400	18
232.0	15718	22	20	18277	22	249	945	17
232.0	13391	19	23	18278	15	95	707	18
232.0	16054	1	1	18279	1	731	1670	13
233.0	13661	29	26	18280	31	1758	1848	17
233.0	12841	35	35	18281	32	260	1403	19
233.0	15506	20	19	18282	19	369	12	14
233.0	17514	7	8	18283	6	1016	1837	14
233.0	14680	5	5	18284	5	1884	307	20
233.0	15283	20	23	18285	15	543	1885	18
233.0	12041	41	32	18286	47	388	14	14
233.0	12169	19	12	18287	24	220	965	18
233.0	13589	26	28	18288	24	664	1831	20
233.0	11334	23	20	18289	25	14	1443	18
233.0	15136	11	13	18290	9	1097	1877	14
233.0	13573	9	9	18291	9	1502	1689	17
233.0	13890	21	18	18292	23	1749	1789	18
233.0	12564	11	12	18293	10	274	1693	19
233.0	11928	31	24	18294	36	1409	1866	16
233.0	13131	10	10	18295	8	239	1310	19
233.0	11478	28	27	18296	28	1960	249	17
233.0	7734	11	10	18297	11	139	162	17
233.0	13841	13	11	18298	15	578	1971	16
233.0	6967	8	5	18299	10	1588	1630	14
233.0	8308	18	22	18300	13	1535	123	18
233.0	9366	14	14	18301	13	98	944	15
233.0	14469	17	13	18302	20	348	1299	18
233.0	13101	28	26	18303	30	334	329	15
233.0	15452	13	15	18304	11	607	231	16
233.0	10573	5	7	18305	3	58	1854	25
233.0	13468	16	19	18306	12	208	909	15
233.0	12819	16	17	18307	14	1529	430	17
233.0	13465	7	6	18308	6	367	245	14
233.0	16074	16	19	18309	11	190	160	21
233.0	13891	10	11	18310	9	89	1485	21
233.0	7807	8	8	18311	7	1126	1869	17
233.0	12296	8	5	18312	10	36	1826	20
233.0	14031	16	12	18313	19	515	162	20
233.0	14884	15	15	18314	13	332	80	17
233.0	17182	15	6	18315	24	186	1090	21
233.0	9487	10	11	18316	9	1740	1627	19
233.0	13673	24	22	18317	24	1328	1764	14
233.0	13389	14	17	18318	11	1652	232	16
233.0	10623	8	8	18319	8	1157	32	15
233.0	14344	14	13	18320	14	220	1463	16
233.0	14849	17	16	18321	18	113	322	14
233.0	11877	9	12	18322	6	32	1572	20
233.0	17732	8	12	18323	4	126	426	17
233.0	16544	15	13	18324	16	39	348	15
233.0	16819	21	14	18325	28	632	28	19
233.0	12780	14	12	18326	16	529	1801	16
233.0	16294	10	12	18327	8	247	1598	18
233.0	9135	39	40	18328	38	1170	158	15
233.0	14964	24	30	18329	17	673	1679	16
233.0	14408	15	15	18330	13	370	389	19
233.0	13943	35	34	18331	36	1753	1919	22
233.0	10765	30	30	18332	29	1549	41	22
233.0	11529	22	20	18333	24	1881	1672	19
233.0	16203	21	22	18334	19	252	323	16
233.0	15845	2	3	18335	1	370	124	18
233.0	12749	36	32	18336	36	15	0	18
233.0	11835	4	3	18337	4	474	252	16
233.0	13690	17	16	18338	17	1553	71	14
233.0	9141	4	2	18339	6	1828	1169	18
233.0	14702	30	29	18340	29	1605	1801	19
233.0	15331	13	13	18341	13	162	1093	20
233.0	13041	14	12	18342	14	300	1591	15
233.0	7208	10	8	18343	11	744	149	17
233.0	10530	17	12	18344	21	93	822	17
233.0	17757	32	34	18345	28	295	254	16
233.0	13392	5	6	18346	4	1849	558	21
233.0	12117	27	29	18347	24	857	142	16
233.0	11655	17	13	18348	21	1771	1524	20
233.0	15708	4	5	18349	3	1041	1769	15
233.0	16101	19	19	18350	18	268	1305	23
233.0	14305	27	26	18351	27	319	697	13
233.0	9838	9	11	18352	6	1077	320	19
233.0	10435	39	43	18353	34	498	383	18
233.0	13437	6	6	18354	5	241	733	13
233.0	9459	25	27	18355	23	211	32	14
233.0	13902	26	25	18356	24	1341	1807	15
233.0	13548	33	31	18357	33	109	1798	16
233.0	14671	20	16	18358	22	1227	1984	12
233.0	7393	15	14	18359	16	1932	1851	15
233.0	7785	18	18	18360	18	1743	850	14
233.0	13807	35	40	18361	28	202	1061	24
233.0	13924	23	23	18362	21	939	1950	20
233.0	9867	23	21	18363	24	1807	1063	16
233.0	16802	19	24	18364	12	1628	110	17
233.0	14421	25	25	18365	23	981	94	16
233.0	8576	17	16	18366	17	1687	1500	12
233.0	14440	15	14	18367	16	323	1451	17
233.0	15191	39	31	18368	44	291	537	15
233.0	10894	16	14	18369	18	1125	1839	12
233.0	14731	25	25	18370	24	209	497	15
233.0	8201	20	19	18371	20	420	1544	18
233.0	11078	7	6	18372	8	396	1732	13
233.0	14834	7	10	18373	4	892	1927	17
233.0	10345	30	32	18374	26	155	580	14
234.0	14868	22	23	18375	21	842	1880	19
234.0	16667	25	22	18376	28	58	395	19
234.0	8287	11	7	18377	14	751	1788	14
234.0	15704	9	8	18378	10	189	739	13
234.0	11568	7	6	18379	7	124	690	15
234.0	13876	21	20	18380	22	346	1612	13
234.0	15954	19	23	18381	15	132	523	20
234.0	11789	13	13	18382	12	371	1497	16
234.0	13035	12	11	18383	11	1814	612	14
234.0	13593	12	11	18384	13	1141	156	15
234.0	11491	22	20	18385	24	1355	1893	15
234.0	9918	8	10	18386	6	550	1636	17
234.0	13629	20	18	18387	22	1611	230	15
234.0	10345	32	36	18388	26	155	580	15
234.0	16082	6	5	18389	6	1328	1738	16
234.0	13552	11	12	18390	10	1930	233	15
234.0	14348	19	17	18391	21	1807	299	21
234.0	13101	26	22	18392	29	334	329	16
234.0	11851	7	9	18393	5	324	106	17
234.0	12648	27	23	18394	30	1961	789	17
234.0	11116	20	23	18395	17	339	1412	16
234.0	14101	31	32	18396	29	1954	39	20
234.0	16784	15	10	18397	20	124	1974	25
234.0	12979	7	6	18398	7	291	206	19
234.0	12554	19	17	18399	19	476	1560	19
234.0	14318	14	12	18400	16	1777	18	23
234.0	14025	10	6	18401	14	525	122	13
234.0	13157	14	12	18402	16	1235	89	22
234.0	15472	9	12	18403	6	1180	1829	17
234.0	14471	31	30	18404	30	222	1624	22
234.0	9924	10	10	18405	10	1327	50	18
234.0	8289	45	39	18406	50	56	1912	17
234.0	11467	26	27	18407	25	324	570	16
234.0	13525	20	11	18408	28	139	636	14
234.0	11494	9	8	18409	9	1960	1059	17
234.0	12923	25	22	18410	26	69	1604	21
234.0	14599	4	5	18411	3	649	1972	20
234.0	14731	25	28	18412	21	209	497	16
234.0	9199	23	25	18413	20	792	217	18
234.0	8771	6	4	18414	7	907	259	20
234.0	13287	17	14	18415	19	219	922	13
234.0	8684	24	16	18416	32	1650	1489	15
234.0	15141	8	7	18417	9	456	241	17
234.0	16454	7	7	18418	6	164	1788	19
234.0	7079	3	3	18419	3	1663	332	18
234.0	14600	8	8	18420	8	1349	104	15
234.0	10273	3	3	18421	3	1783	1023	19
234.0	15255	17	16	18422	18	95	489	20
234.0	6927	21	22	18423	19	519	83	19
234.0	16820	14	11	18424	16	720	1773	15
234.0	14760	11	9	18425	13	0	221	16
234.0	11566	13	12	18426	12	421	65	15
234.0	12046	35	33	18427	33	190	1999	17
234.0	12945	32	34	18428	30	767	289	18
234.0	9720	23	26	18429	18	1541	261	19
234.0	9301	10	11	18430	9	1480	1725	14
234.0	13574	4	5	18431	3	700	1649	15
234.0	10136	32	29	18432	35	1137	1999	22
234.0	12343	25	20	18433	27	1696	232	15
234.0	14853	36	26	18434	44	1948	365	20
234.0	12490	20	19	18435	18	1484	1889	19
234.0	13645	35	39	18436	30	639	229	17
234.0	16844	14	12	18437	16	1433	1984	17
234.0	12767	41	38	18438	42	17	1560	15
234.0	11642	28	26	18439	29	1192	231	21
234.0	17498	32	33	18440	30	1402	272	17
234.0	14378	13	9	18441	17	1808	348	19
234.0	10052	41	47	18442	33	1968	932	14
234.0	7807	8	6	18443	10	1126	1869	18
234.0	16319	22	20	18444	23	167	741	17
234.0	14199	5	4	18445	6	441	1665	18
234.0	16012	8	7	18446	9	780	1812	13
234.0	16185	12	12	18447	11	847	1806	14
234.0	9867	21	19	18448	23	1807	1063	17
234.0	14834	10	7	18449	13	892	1927	18
234.0	10922	7	5	18450	8	1726	1552	15
234.0	12904	25	18	18451	30	867	1856	18
234.0	15598	19	19	18452	19	351	659	16
234.0	16371	24	28	18453	19	102	476	15
234.0	14856	24	23	18454	22	300	1807	16
234.0	15871	29	27	18455	29	128	1353	16
234.0	14607	24	23	18456	23	129	1218	18
234.0	15137	16	14	18457	16	143	728	15
234.0	7500	0	0	18458	0	1059	172	16
234.0	9880	37	36	18459	36	399	1684	15
234.0	12734	11	9	18460	13	403	1460	14
234.0	13924	23	23	18461	20	939	1950	21
234.0	7955	8	6	18462	10	1870	1645	20
234.0	13319	41	44	18463	37	1690	1948	19
234.0	14893	21	22	18464	19	368	405	20
234.0	11777	28	27	18465	28	1737	280	17
234.0	12087	15	18	18466	11	1695	1850	20
234.0	15442	30	27	18467	32	1773	1499	14
234.0	13588	6	8	18468	4	1475	1790	13
234.0	8859	4	6	18469	2	457	1934	16
234.0	15392	35	29	18470	41	114	544	16
234.0	16331	15	11	18471	17	1900	1019	14
234.0	14344	13	7	18472	19	207	1463	17
234.0	16326	11	11	18473	10	233	1824	18
235.0	17149	15	17	18474	13	236	1500	18
235.0	10362	13	17	18475	9	112	498	20
235.0	13088	20	20	18476	20	67	1064	21
235.0	15384	4	3	18477	5	1292	1732	19
235.0	11392	14	18	18478	9	1703	203	19
235.0	11638	30	25	18479	35	1440	208	19
235.0	13914	11	9	18480	13	267	973	18
235.0	15378	23	18	18481	27	451	1914	18
235.0	15673	12	12	18482	10	359	1684	17
235.0	14014	27	18	18483	34	1661	352	16
235.0	9941	13	19	18484	7	177	115	18
235.0	13597	24	19	18485	29	123	1524	16
235.0	14099	27	30	18486	23	147	1574	17
235.0	17757	34	33	18487	33	281	240	17
235.0	15086	15	17	18488	13	0	1755	17
235.0	14348	17	18	18489	16	1807	299	22
235.0	14474	46	42	18490	45	1960	226	18
235.0	12197	13	15	18491	11	761	369	20
235.0	15232	14	15	18492	12	1669	1639	14
235.0	12594	20	19	18493	19	1929	764	16
235.0	7269	22	18	18494	23	177	598	17
235.0	12127	21	16	18495	25	310	1938	16
235.0	14082	4	4	18496	4	402	241	19
235.0	14020	17	19	18497	15	1890	1591	18
235.0	12175	20	15	18498	23	1920	1662	14
235.0	10273	3	3	18499	3	1783	1023	20
235.0	13019	25	23	18500	25	320	1968	14
235.0	13286	9	11	18501	7	79	1832	24
235.0	8518	5	4	18502	6	1913	1486	19
235.0	15143	10	12	18503	8	464	1829	14
235.0	14471	30	28	18504	31	222	1624	23
235.0	14449	0	0	18505	0	1350	328	17
235.0	15082	22	24	18506	19	372	1647	14
235.0	9006	9	8	18507	10	1846	150	16
235.0	10083	9	11	18508	7	707	258	20
235.0	15544	13	17	18509	9	257	34	18
235.0	13207	25	23	18510	26	1919	166	22
235.0	16228	19	20	18511	16	1350	359	18
235.0	16230	14	12	18512	15	313	537	15
235.0	12181	4	5	18513	3	1061	1893	19
235.0	14693	6	8	18514	4	1701	353	17
235.0	11467	27	21	18515	32	324	570	17
235.0	12650	20	19	18516	20	113	133	17
235.0	16542	12	10	18517	13	1711	242	14
235.0	9557	16	16	18518	14	205	1418	17
235.0	14755	21	18	18519	24	201	1793	16
235.0	11104	28	33	18520	21	1340	175	19
235.0	15866	20	24	18521	16	389	1606	17
235.0	13404	28	29	18522	27	928	206	16
235.0	16699	14	14	18523	14	379	521	20
235.0	13439	2	3	18524	1	1016	203	18
235.0	14670	27	21	18525	32	1650	112	17
235.0	10980	23	23	18526	23	300	1379	22
235.0	16185	12	14	18527	10	847	1806	15
235.0	12062	17	18	18528	16	980	264	13
235.0	15993	23	18	18529	27	100	1632	20
235.0	7062	12	16	18530	7	258	1960	19
235.0	14425	21	27	18531	14	947	59	17
235.0	12367	8	7	18532	9	1732	501	20
235.0	14466	9	6	18533	10	1661	180	13
235.0	7681	30	32	18534	28	322	497	15
235.0	16242	36	38	18535	33	1177	143	16
235.0	16234	21	24	18536	17	114	1633	18
235.0	16797	21	18	18537	22	67	653	16
235.0	15090	9	11	18538	7	219	370	14
235.0	14324	28	30	18539	26	1821	1937	17
235.0	13311	29	27	18540	31	523	12	12
235.0	14552	31	28	18541	30	22	1380	15
235.0	14584	36	45	18542	23	1565	1932	20
235.0	13282	13	16	18543	10	464	1810	15
235.0	16449	16	15	18544	16	1121	1816	14
235.0	13670	14	13	18545	14	1260	1750	14
235.0	13101	22	18	18546	24	334	329	17
235.0	12081	26	21	18547	30	0	310	22
235.0	13660	25	18	18548	32	1177	130	16
235.0	15017	10	10	18549	10	176	1974	22
235.0	12708	26	35	18550	16	190	805	16
235.0	13888	35	38	18551	31	1766	35	18
235.0	15580	33	32	18552	33	732	37	14
235.0	13215	13	15	18553	10	1285	13	14
235.0	14172	19	19	18554	19	292	832	14
235.0	10865	12	10	18555	14	902	1862	15
235.0	10136	29	31	18556	24	1137	1999	23
235.0	13689	14	17	18557	10	129	1388	21
235.0	9301	11	10	18558	12	1480	1725	15
235.0	13403	18	21	18559	13	1847	200	15
235.0	12808	21	23	18560	18	1567	1788	15
235.0	15414	25	22	18561	26	398	223	14
235.0	14312	54	46	18562	54	232	1375	21
235.0	11788	17	17	18563	16	667	252	15
235.0	17498	33	34	18564	30	1402	272	18
235.0	16769	40	44	18565	32	321	522	13
235.0	12060	9	8	18566	10	501	34	16
235.0	13851	14	17	18567	9	89	1415	23
235.0	13981	7	6	18568	7	474	1767	15
235.0	15994	15	15	18569	14	59	817	17
235.0	16271	17	12	18570	22	554	229	19
235.0	14999	25	22	18571	28	1757	1946	19
235.0	15587	19	20	18572	18	848	1832	13
235.0	16409	10	12	18573	8	15	1931	19
235.0	14653	49	50	18574	48	1660	50	18
235.0	15124	9	8	18575	8	328	1613	20
235.0	13806	23	18	18576	25	1040	1790	18
235.0	15442	27	29	18577	24	1773	1499	15
235.0	12160	9	8	18578	10	170	985	15
235.0	12490	19	19	18579	18	1484	1889	20
235.0	14853	26	25	18580	25	1948	365	21
235.0	16005	16	19	18581	12	75	1698	16
235.0	9368	12	13	18582	11	1892	1578	19
235.0	12923	22	28	18583	16	69	1604	22
235.0	16596	34	36	18584	31	214	69	11
235.0	13620	6	6	18585	5	1227	78	17
235.0	13701	41	35	18586	43	824	289	15
235.0	9693	15	15	18587	14	1511	1698	20
235.0	8239	4	7	18588	1	1930	201	20
235.0	15430	19	16	18589	20	1304	1876	15
235.0	9002	48	41	18590	52	207	1010	29
235.0	12889	22	19	18591	24	1312	1791	14
235.0	9298	28	27	18592	28	431	1390	15
235.0	8493	45	43	18593	44	319	477	14
235.0	14940	8	7	18594	8	64	178	17
235.0	14832	10	7	18595	11	1533	106	16
235.0	9610	22	21	18596	22	1860	1999	16
235.0	16296	5	5	18597	5	460	1753	18
236.0	12240	37	36	18598	35	1291	350	20
236.0	15666	18	16	18599	19	144	1709	16
236.0	13640	9	11	18600	5	1923	1268	13
236.0	14014	18	16	18601	20	1661	352	17
236.0	7733	7	7	18602	6	233	261	17
236.0	11865	29	26	18603	30	1850	107	19
236.0	16059	17	14	18604	20	28	1519	16
236.0	13266	10	12	18605	8	642	1859	13
236.0	9466	15	14	18606	14	1058	0	10
236.0	14755	18	19	18607	16	201	1793	17
236.0	8646	9	6	18608	10	1972	572	17
236.0	14471	28	31	18609	24	222	1624	24
236.0	13046	42	43	18610	40	1720	1974	15
236.0	11556	15	14	18611	15	669	51	16
236.0	15793	25	29	18612	20	280	1235	16
236.0	12218	11	9	18613	13	406	1579	16
236.0	17376	24	24	18614	24	86	334	15
236.0	14403	24	25	18615	22	69	520	17
236.0	15238	27	32	18616	19	1316	199	19
236.0	11333	25	27	18617	21	1730	1792	13
236.0	15082	24	22	18618	26	372	1647	15
236.0	11125	17	14	18619	19	345	1666	14
236.0	14305	26	26	18620	25	319	697	14
236.0	11827	14	14	18621	12	251	1656	21
236.0	14443	14	18	18622	6	1115	128	16
236.0	6881	10	7	18623	13	542	1985	20
236.0	11716	15	16	18624	13	1173	98	14
236.0	9885	6	5	18625	7	128	1661	18
236.0	17304	26	29	18626	21	1413	300	16
236.0	16932	26	21	18627	30	168	303	16
236.0	17498	34	36	18628	31	1402	272	19
236.0	13926	40	37	18629	42	75	1478	18
236.0	12088	44	53	18630	32	262	592	17
236.0	13608	36	37	18631	34	85	877	17
236.0	16316	5	4	18632	5	215	1308	23
236.0	11222	10	8	18633	12	318	670	16
236.0	7844	4	5	18634	3	1857	582	20
236.0	12746	17	20	18635	14	71	929	20
236.0	15993	18	14	18636	21	100	1632	21
236.0	14265	21	22	18637	20	281	544	13
236.0	14699	22	22	18638	22	990	114	13
236.0	18570	22	20	18639	21	564	239	20
236.0	13095	8	10	18640	6	130	1887	23
236.0	8493	43	45	18641	39	319	477	15
236.0	17191	13	9	18642	17	247	217	17
236.0	18156	30	23	18643	35	1589	321	18
236.0	15523	22	19	18644	24	1573	340	15
236.0	11742	11	13	18645	9	1913	533	18
236.0	8771	4	4	18646	3	907	259	21
236.0	16273	16	10	18647	21	324	361	22
236.0	16780	29	37	18648	20	528	1690	16
236.0	11572	41	45	18649	36	481	1521	16
236.0	14798	28	26	18650	28	449	1621	17
236.0	14380	34	38	18651	30	1646	1943	18
236.0	14074	31	32	18652	30	1587	1947	17
236.0	15016	16	14	18653	17	278	62	18
236.0	12940	25	23	18654	27	333	449	19
236.0	15270	25	27	18655	23	447	1897	18
236.0	15090	11	12	18656	10	219	370	15
236.0	9864	37	36	18657	38	125	1747	15
236.0	12295	8	7	18658	9	590	1762	15
236.0	16185	14	14	18659	14	847	1806	16
236.0	12062	18	19	18660	14	980	264	14
236.0	9900	7	7	18661	7	1701	1889	16
236.0	14766	12	13	18662	9	389	476	18
236.0	7779	4	6	18663	2	1160	271	17
236.0	13311	27	26	18664	26	523	12	13
236.0	13255	20	22	18665	17	1924	396	14
236.0	17743	19	22	18666	16	19	1701	17
236.0	8328	23	23	18667	22	293	791	17
236.0	13319	44	46	18668	40	1690	1948	20
236.0	14645	22	29	18669	14	233	352	15
236.0	7088	26	21	18670	27	989	1938	21
236.0	11641	34	34	18671	32	1835	1421	14
236.0	17275	14	13	18672	14	22	723	17
236.0	16130	10	6	18673	13	1026	161	12
236.0	12143	25	24	18674	24	239	457	17
236.0	18317	24	19	18675	29	1327	1752	15
236.0	13282	16	17	18676	15	464	1810	16
236.0	16249	12	13	18677	10	1084	1771	18
236.0	13291	13	12	18678	12	152	59	16
236.0	14061	33	45	18679	20	715	39	15
236.0	14888	27	28	18680	23	205	558	17
236.0	11456	5	6	18681	3	1934	1066	16
236.0	14831	7	10	18682	4	622	1877	17
236.0	16758	8	9	18683	7	650	279	18
236.0	15407	7	6	18684	8	804	88	14
236.0	15364	12	9	18685	15	129	1005	19
236.0	14200	45	43	18686	43	1971	259	16
236.0	16230	12	12	18687	12	279	524	16
236.0	10735	16	18	18688	12	1287	1842	17
236.0	15373	13	19	18689	7	237	897	15
236.0	10756	13	14	18690	12	463	166	18
236.0	9111	28	24	18691	31	1146	1827	15
236.0	7390	3	4	18692	2	307	1151	16
236.0	10609	16	15	18693	16	148	504	18
236.0	13693	26	27	18694	23	294	1638	16
236.0	7594	15	14	18695	15	753	1900	16
236.0	11292	11	11	18696	8	1061	270	14
236.0	16719	31	34	18697	28	1752	1831	15
236.0	11188	18	23	18698	12	159	1426	22
236.0	15759	33	33	18699	32	65	982	15
236.0	14172	19	16	18700	22	292	832	15
236.0	11851	9	7	18701	11	324	106	18
237.0	8751	41	35	18702	44	58	588	18
237.0	15789	22	26	18703	18	255	288	17
237.0	14973	20	16	18704	22	171	1601	17
237.0	17207	11	11	18705	10	171	1830	24
237.0	16515	26	31	18706	19	124	1769	16
237.0	14755	19	18	18707	20	201	1793	18
237.0	16894	16	13	18708	18	1463	109	18
237.0	17275	13	19	18709	7	22	723	18
237.0	15218	27	25	18710	29	100	1536	20
237.0	12897	3	3	18711	3	1949	465	14
237.0	13574	5	7	18712	3	700	1649	16
237.0	15349	32	37	18713	27	1788	213	19
237.0	12218	9	13	18714	4	406	1579	17
237.0	17166	12	11	18715	13	1203	1950	16
237.0	15442	29	18	18716	36	1773	1499	16
237.0	10733	10	11	18717	9	1869	583	17
237.0	14397	20	24	18718	16	305	110	19
237.0	15002	23	19	18719	25	1783	1858	18
237.0	9958	8	8	18720	6	201	1366	22
237.0	13475	21	17	18721	22	18	591	15
237.0	13311	26	26	18722	25	523	12	14
237.0	14922	11	11	18723	11	137	131	15
237.0	15736	11	12	18724	10	1880	265	18
237.0	10609	15	14	18725	16	148	504	19
237.0	16857	15	17	18726	12	107	1216	18
237.0	12042	11	14	18727	7	1165	13	18
237.0	17376	24	20	18728	25	86	334	16
237.0	13896	24	20	18729	25	182	1388	17
237.0	12270	49	44	18730	54	196	592	17
237.0	8278	15	15	18731	15	414	1802	18
237.0	16752	33	27	18732	37	149	1183	15
237.0	9492	27	21	18733	32	840	36	20
237.0	15305	3	1	18734	4	12	473	17
237.0	14566	37	32	18735	40	158	1364	18
237.0	14690	36	33	18736	38	0	1960	16
237.0	14645	29	24	18737	32	233	352	16
237.0	13151	5	7	18738	3	576	46	13
237.0	17615	37	37	18739	35	300	344	15
237.0	14730	15	17	18740	13	361	1566	13
237.0	16607	10	9	18741	10	27	1871	18
237.0	7179	15	14	18742	16	120	0	17
237.0	17120	20	16	18743	22	91	1670	20
237.0	9199	25	18	18744	28	792	217	19
237.0	7468	43	47	18745	37	1844	702	20
237.0	15752	14	15	18746	13	1041	1972	14
237.0	12456	19	21	18747	16	72	1504	19
237.0	9877	16	16	18748	14	1456	0	14
237.0	10653	36	33	18749	38	0	238	15
237.0	15078	27	30	18750	24	28	390	15
237.0	18112	3	1	18751	3	1438	1726	22
237.0	11745	1	1	18752	1	916	73	17
237.0	13539	15	15	18753	15	160	1621	20
237.0	12020	13	9	18754	15	649	1825	14
237.0	17267	13	10	18755	14	220	712	14
237.0	17177	21	17	18756	25	450	1606	19
237.0	14757	14	14	18757	13	692	37	16
237.0	15728	45	45	18758	43	138	872	15
237.0	13670	13	7	18759	18	1260	1750	15
237.0	14940	7	4	18760	10	64	178	18
237.0	15818	15	17	18761	13	741	1903	20
237.0	15489	14	14	18762	14	240	418	15
237.0	9987	10	10	18763	8	649	1938	19
237.0	13918	16	16	18764	15	0	526	14
237.0	14080	9	9	18765	8	1202	1861	18
237.0	13449	21	19	18766	23	597	320	15
237.0	13884	8	6	18767	10	184	1914	16
237.0	13125	27	29	18768	24	1398	1920	18
237.0	14086	26	25	18769	26	35	1955	18
237.0	10591	21	23	18770	18	0	384	17
237.0	10138	23	22	18771	23	48	1726	17
237.0	16512	32	20	18772	43	202	218	21
237.0	16228	20	22	18773	18	1350	359	19
237.0	16739	22	22	18774	21	184	363	20
237.0	14014	16	14	18775	17	1661	352	18
237.0	9277	7	8	18776	4	1214	1802	17
237.0	13762	31	34	18777	24	241	513	15
237.0	13969	13	20	18778	5	1873	1938	14
237.0	11391	14	11	18779	17	980	1726	24
237.0	15845	3	4	18780	2	370	124	19
237.0	15360	32	28	18781	34	79	1551	18
237.0	15916	20	21	18782	18	449	1569	18
237.0	13270	26	27	18783	25	792	12	14
237.0	15793	29	28	18784	29	280	1235	17
237.0	14634	42	49	18785	33	1763	319	17
237.0	16957	30	26	18786	33	91	1197	19
237.0	11396	26	19	18787	32	1010	119	16
237.0	13559	26	24	18788	28	1898	1032	16
237.0	17139	3	2	18789	4	352	183	17
237.0	17255	25	29	18790	19	163	683	17
237.0	8202	15	19	18791	11	2	1105	21
237.0	6902	14	8	18792	20	13	143	20
237.0	14393	17	15	18793	19	218	595	14
237.0	8771	4	6	18794	1	907	259	22
237.0	15392	29	19	18795	39	114	544	17
237.0	13916	13	9	18796	17	1900	1005	15
237.0	12884	7	3	18797	11	840	92	13
237.0	13159	12	9	18798	15	150	704	17
237.0	13820	11	10	18799	11	220	280	16
237.0	14957	11	11	18800	11	920	1817	15
237.0	14633	24	33	18801	15	1420	1860	19
237.0	14434	15	12	18802	18	471	149	14
237.0	11763	22	26	18803	17	1890	807	14
237.0	13207	23	14	18804	31	1919	166	23
237.0	13091	14	15	18805	13	1904	1633	15
237.0	9994	26	29	18806	21	311	636	16
237.0	8716	36	32	18807	39	126	1999	15
237.0	15240	26	25	18808	27	212	1890	16
237.0	9857	26	31	18809	19	106	209	19
237.0	15262	30	29	18810	29	499	420	17
237.0	12477	22	27	18811	16	789	1970	11
237.0	15726	13	7	18812	17	237	1352	19
237.0	8885	21	18	18813	22	345	152	25
237.0	14265	22	24	18814	19	281	544	14
237.0	14200	43	42	18815	43	1971	259	17
237.0	12062	19	23	18816	14	980	264	15
237.0	9793	20	19	18817	20	33	792	19
237.0	16051	12	9	18818	15	541	43	20
237.0	17161	21	19	18819	23	330	1061	17
237.0	13282	17	13	18820	18	464	1810	17
237.0	11865	26	31	18821	21	1850	107	20
237.0	14606	15	16	18822	13	48	1789	14
237.0	16345	20	23	18823	16	460	1668	18
237.0	9643	21	24	18824	18	1768	138	20
237.0	11556	14	12	18825	15	669	51	17
237.0	13359	22	12	18826	32	315	392	21
237.0	14766	13	12	18827	12	389	476	19
237.0	10197	3	2	18828	4	1091	1828	13
237.0	11575	2	3	18829	1	1868	977	18
237.0	11159	5	3	18830	7	232	1724	14
237.0	8765	44	38	18831	45	1383	1820	21
237.0	15124	8	10	18832	6	328	1613	21
238.0	9432	36	29	18833	43	244	251	14
238.0	15137	14	17	18834	10	143	728	16
238.0	14964	30	26	18835	32	673	1679	17
238.0	15785	32	37	18836	26	1595	1810	19
238.0	15728	45	44	18837	39	138	872	16
238.0	10708	18	15	18838	21	1883	1432	20
238.0	15842	21	17	18839	23	329	1321	21
238.0	16612	22	22	18840	20	431	400	19
238.0	15025	20	19	18841	20	1718	208	16
238.0	17084	33	29	18842	31	87	1004	15
238.0	9643	24	22	18843	25	1768	138	21
238.0	14471	31	29	18844	31	222	1624	25
238.0	13774	17	15	18845	18	1975	1629	19
238.0	16598	15	11	18846	16	223	201	14
238.0	13891	11	13	18847	8	89	1485	22
238.0	16345	23	24	18848	22	460	1668	19
238.0	11641	34	35	18849	33	1835	1421	15
238.0	8765	38	35	18850	40	1383	1820	22
238.0	11094	19	17	18851	19	222	734	14
238.0	14248	14	13	18852	15	66	694	13
238.0	17522	20	18	18853	22	35	1689	15
238.0	12707	3	6	18854	0	1532	172	20
238.0	8438	26	21	18855	30	22	524	13
238.0	13177	40	43	18856	34	1880	12	20
238.0	13264	12	14	18857	9	376	72	14
238.0	13916	9	7	18858	11	1900	1005	16
238.0	11768	27	22	18859	30	148	1321	19
238.0	15867	32	29	18860	35	1630	542	17
238.0	13355	10	11	18861	8	1733	180	18
238.0	16492	10	12	18862	8	1112	1878	17
238.0	16283	20	17	18863	23	738	1758	15
238.0	14332	24	19	18864	27	471	1843	17
238.0	8384	25	18	18865	30	1558	310	18
238.0	10109	2	3	18866	1	1849	501	17
238.0	14261	32	29	18867	33	85	1999	18
238.0	15620	27	30	18868	23	299	849	14
238.0	16982	20	26	18869	14	767	1787	16
238.0	13787	11	5	18870	15	1762	1697	17
238.0	14956	15	15	18871	13	137	292	18
238.0	14419	19	24	18872	13	553	282	18
238.0	13670	7	8	18873	6	1260	1750	16
238.0	15500	17	19	18874	13	297	1451	17
238.0	14975	8	10	18875	6	1112	190	18
238.0	12114	18	20	18876	15	1542	1919	18
238.0	14310	15	15	18877	14	1021	1768	21
238.0	7361	16	18	18878	14	338	770	11
238.0	8980	6	2	18879	10	1687	1360	16
238.0	12277	32	29	18880	33	1860	1713	16
238.0	14434	12	11	18881	13	471	149	15
238.0	14908	19	21	18882	16	480	83	18
238.0	17136	23	25	18883	21	408	1652	13
238.0	17777	33	34	18884	29	946	139	13
238.0	16144	31	28	18885	34	423	132	18
238.0	9864	36	36	18886	35	125	1747	16
238.0	16695	15	16	18887	14	345	1770	20
238.0	10759	38	38	18888	35	1410	340	16
238.0	10036	30	29	18889	30	1223	238	15
238.0	15279	15	14	18890	16	103	29	18
238.0	13551	12	11	18891	13	147	102	17
238.0	13207	14	7	18892	21	1919	166	24
238.0	14441	38	40	18893	35	1565	100	19
238.0	15442	18	21	18894	13	1773	1499	17
238.0	9102	3	3	18895	3	765	212	19
238.0	13165	22	20	18896	23	1837	1737	18
238.0	8885	18	18	18897	17	345	152	26
238.0	14523	24	15	18898	32	178	276	14
238.0	11988	5	2	18899	8	837	219	15
238.0	14701	21	21	18900	20	190	1955	14
238.0	13447	15	13	18901	17	260	170	15
238.0	13535	1	0	18902	2	1270	1730	18
238.0	7269	18	17	18903	18	146	598	18
238.0	11720	11	11	18904	11	1324	1977	19
238.0	6888	18	20	18905	16	83	573	21
238.0	15143	12	10	18906	13	464	1829	15
238.0	10622	29	30	18907	28	1101	209	17
238.0	9223	3	2	18908	4	836	173	16
238.0	17255	29	26	18909	30	163	683	18
238.0	16911	27	22	18910	32	250	817	15
238.0	11033	14	14	18911	14	31	1173	16
238.0	8278	15	16	18912	13	398	1802	19
238.0	12514	17	13	18913	21	1779	1243	18
238.0	11865	31	32	18914	30	1850	107	21
238.0	8497	19	19	18915	19	473	460	18
238.0	17603	13	12	18916	14	170	970	15
238.0	16078	41	46	18917	32	1775	1988	20
238.0	15560	14	14	18918	14	67	943	17
238.0	14393	15	14	18919	16	218	595	15
238.0	10247	25	22	18920	27	1949	548	18
238.0	13820	10	10	18921	10	220	280	17
238.0	16857	17	15	18922	19	107	1216	19
238.0	7869	23	27	18923	18	268	345	20
238.0	13687	17	16	18924	17	1676	1968	20
238.0	17608	9	2	18925	15	298	602	12
238.0	16771	6	7	18926	5	186	898	18
238.0	15684	45	43	18927	44	113	1831	14
238.0	17116	3	5	18928	1	226	691	15
238.0	10487	34	30	18929	38	619	273	17
238.0	9944	25	25	18930	22	1840	1369	17
238.0	6886	2	2	18931	2	873	47	16
238.0	7243	18	19	18932	16	1255	1952	20
238.0	13698	1	2	18933	0	1924	589	16
238.0	7889	10	9	18934	11	1820	1015	15
238.0	15376	31	31	18935	31	1891	193	19
238.0	10765	30	32	18936	26	1549	41	23
238.0	12218	13	12	18937	13	406	1579	18
238.0	11217	6	7	18938	5	211	1690	20
238.0	13544	47	50	18939	42	61	1944	19
238.0	12819	17	16	18940	18	1529	430	18
238.0	15657	9	9	18941	8	1692	282	14
238.0	16404	34	33	18942	35	14	1350	23
238.0	10138	22	20	18943	23	48	1726	18
238.0	12281	39	35	18944	43	67	426	14
238.0	13896	20	21	18945	19	182	1388	18
238.0	15894	29	25	18946	33	1987	1912	15
239.0	16404	33	32	18947	32	14	1350	24
239.0	15627	13	17	18948	8	1600	356	19
239.0	15454	34	35	18949	32	1704	72	18
239.0	7844	5	4	18950	6	1857	582	21
239.0	15316	22	17	18951	26	172	1666	15
239.0	16035	14	16	18952	10	350	1912	15
239.0	14959	54	42	18953	58	559	156	17
239.0	13750	12	11	18954	11	959	1792	14
239.0	14366	6	7	18955	3	720	308	21
239.0	15743	23	19	18956	25	551	1898	19
239.0	10138	20	21	18957	19	48	1726	19
239.0	13177	43	47	18958	38	1880	12	21
239.0	16198	16	19	18959	12	1879	124	15
239.0	15553	26	30	18960	20	1879	64	24
239.0	14189	18	15	18961	21	258	193	17
239.0	12725	26	34	18962	18	1856	1362	18
239.0	15752	15	7	18963	21	1041	1972	15
239.0	13165	20	16	18964	23	1837	1737	19
239.0	10591	23	23	18965	23	0	384	18
239.0	7789	7	3	18966	10	222	754	13
239.0	13000	0	0	18967	0	389	98	17
239.0	14324	30	28	18968	31	1821	1937	18
239.0	12925	6	5	18969	7	593	189	17
239.0	11865	32	30	18970	34	1850	107	22
239.0	15672	41	37	18971	44	228	32	14
239.0	10679	6	10	18972	2	310	1653	17
239.0	16595	17	20	18973	14	236	1799	18
239.0	17259	10	12	18974	8	501	54	17
239.0	16440	19	19	18975	16	28	420	18
239.0	14250	14	10	18976	18	466	134	17
239.0	9159	17	18	18977	14	340	578	14
239.0	10574	44	41	18978	45	1258	184	23
239.0	8497	19	16	18979	21	473	460	19
239.0	12985	34	35	18980	33	66	139	14
239.0	14244	29	28	18981	26	178	1791	16
239.0	9492	21	17	18982	23	840	36	21
239.0	13106	0	0	18983	0	1399	1708	19
239.0	15376	31	24	18984	36	1891	193	20
239.0	14745	6	4	18985	8	422	253	20
239.0	14651	23	23	18986	22	223	1809	15
239.0	14434	11	10	18987	12	471	149	16
239.0	12478	21	23	18988	18	229	123	15
239.0	15442	21	21	18989	19	1773	1499	18
239.0	13662	13	14	18990	9	260	1263	19
239.0	14853	25	22	18991	26	1948	365	22
239.0	15122	10	8	18992	12	401	1843	18
239.0	10095	11	10	18993	12	451	469	17
239.0	17472	0	0	18994	0	599	295	16
239.0	11033	14	14	18995	13	31	1173	17
239.0	14447	19	16	18996	20	99	1348	16
239.0	12861	1	1	18997	1	885	78	19
239.0	15800	16	13	18998	19	113	640	12
239.0	8438	21	21	18999	21	22	524	14
239.0	16863	43	36	19000	49	354	509	14
239.0	14971	14	10	19001	18	352	1970	19
239.0	11480	47	38	19002	53	169	880	16
239.0	16126	22	30	19003	14	180	1475	22
239.0	15909	16	16	19004	16	279	1267	17
239.0	14702	29	29	19005	28	1605	1801	20
239.0	11720	11	14	19006	7	1324	1977	20
239.0	10708	15	12	19007	17	1883	1432	21
239.0	10759	38	42	19008	34	1410	340	17
239.0	15357	18	25	19009	11	611	123	18
239.0	13465	6	5	19010	7	353	231	15
239.0	8785	4	2	19011	6	1063	89	17
239.0	14031	12	9	19012	15	515	162	21
239.0	16585	10	11	19013	9	456	101	16
239.0	14727	32	26	19014	37	1262	1820	17
239.0	13402	23	17	19015	27	180	619	18
239.0	16801	28	31	19016	24	1322	1957	18
239.0	16204	8	8	19017	8	325	202	15
239.0	16492	12	11	19018	13	1112	1878	18
239.0	14123	6	7	19019	5	442	1759	17
239.0	15084	14	15	19020	13	1311	1897	18
239.0	13254	20	22	19021	18	1889	493	18
239.0	15620	30	27	19022	31	299	849	15
239.0	14701	21	18	19023	23	190	1955	15
239.0	13583	18	17	19024	18	1283	1898	17
239.0	9472	19	20	19025	18	73	844	16
239.0	13275	43	45	19026	40	1537	351	24
239.0	15010	8	9	19027	7	780	258	17
239.0	15763	25	32	19028	18	141	1435	24
239.0	13961	17	12	19029	22	350	1549	17
239.0	9012	6	8	19030	4	883	1870	18
239.0	16580	21	19	19031	23	341	457	18
239.0	14609	36	37	19032	31	1439	1888	16
239.0	14393	14	14	19033	14	218	595	16
239.0	14941	19	22	19034	16	1683	223	18
239.0	13989	23	16	19035	29	231	1036	25
239.0	18163	13	12	19036	14	23	1677	15
239.0	13837	6	7	19037	5	1261	40	20
239.0	15790	9	8	19038	10	808	1766	16
239.0	7928	16	17	19039	15	1710	306	15
239.0	9102	3	2	19040	4	765	212	20
239.0	12296	5	3	19041	6	36	1826	21
239.0	8068	23	16	19042	28	1892	939	20
239.0	12531	15	20	19043	9	1901	1874	14
239.0	15205	15	18	19044	12	1817	1588	19
239.0	9705	23	20	19045	26	1777	174	17
239.0	11022	11	13	19046	9	1481	1841	10
239.0	16835	19	19	19047	18	34	312	20
239.0	7619	2	3	19048	1	393	266	18
239.0	14232	30	27	19049	33	259	1159	15
239.0	16699	14	12	19050	16	379	521	21
239.0	10024	13	13	19051	13	822	1979	14
239.0	11999	11	15	19052	5	571	167	14
239.0	10044	14	14	19053	13	212	89	17
239.0	15541	7	5	19054	8	670	182	18
239.0	17001	16	19	19055	13	440	1712	14
239.0	12532	6	6	19056	6	303	699	14
239.0	14346	48	44	19057	49	228	1908	16
239.0	16780	37	37	19058	37	528	1690	17
240.0	16391	26	21	19059	28	251	839	14
240.0	15357	25	29	19060	21	611	123	19
240.0	16411	17	16	19061	17	953	1849	16
240.0	18381	15	14	19062	15	113	523	21
240.0	16929	21	22	19063	20	102	872	16
240.0	13931	15	13	19064	16	915	148	19
240.0	15587	20	12	19065	25	848	1832	14
240.0	14130	26	28	19066	22	1327	1925	15
240.0	13135	12	13	19067	11	175	1079	22
240.0	17064	13	12	19068	13	822	1967	13
240.0	16741	17	15	19069	18	149	1491	19
240.0	18379	7	8	19070	6	95	677	16
240.0	16332	36	28	19071	42	49	97	16
240.0	12366	14	19	19072	9	1938	1894	18
240.0	12915	25	26	19073	23	86	180	17
240.0	7185	17	20	19074	14	1759	1999	17
240.0	11392	18	22	19075	14	1703	189	20
240.0	13455	22	22	19076	19	32	1293	15
240.0	14297	15	19	19077	11	199	1750	18
240.0	11167	26	27	19078	25	260	440	16
240.0	14393	14	13	19079	14	218	595	17
240.0	14666	7	6	19080	8	1076	1902	19
240.0	14647	3	3	19081	2	142	1863	23
240.0	12749	32	30	19082	32	15	0	19
240.0	13901	27	26	19083	27	439	173	15
240.0	13389	17	13	19084	18	1652	232	17
240.0	7052	12	12	19085	12	1999	493	17
240.0	9019	13	14	19086	12	1839	1079	16
240.0	10131	6	5	19087	7	1968	510	18
240.0	13220	18	18	19088	17	1182	1782	19
240.0	10788	14	16	19089	11	715	1958	17
240.0	16982	26	30	19090	20	767	1787	17
240.0	15070	15	14	19091	14	313	1840	17
240.0	16940	26	21	19092	31	298	648	16
240.0	15789	26	20	19093	31	255	288	18
240.0	15628	19	21	19094	17	66	1292	21
240.0	15393	16	14	19095	16	40	154	19
240.0	11267	39	39	19096	39	41	170	14
240.0	8676	18	23	19097	13	1927	827	16
240.0	13516	11	8	19098	14	1432	96	23
240.0	15405	29	32	19099	24	192	236	17
240.0	15218	25	32	19100	18	100	1536	21
240.0	14884	15	16	19101	14	322	70	18
240.0	13130	15	16	19102	13	307	27	14
240.0	8666	49	51	19103	43	1565	16	23
240.0	15580	32	34	19104	28	732	37	15
240.0	14419	24	25	19105	22	553	282	19
240.0	14389	11	11	19106	11	541	1621	13
240.0	14792	18	23	19107	12	48	652	16
240.0	16568	36	40	19108	32	41	554	14
240.0	17638	9	9	19109	9	363	341	19
240.0	12131	13	11	19110	15	943	31	16
240.0	12713	19	18	19111	18	1771	552	25
240.0	15982	1	1	19112	1	475	319	16
240.0	10609	14	14	19113	12	148	504	20
240.0	15755	26	27	19114	25	1668	1612	15
240.0	16207	19	20	19115	18	646	42	20
240.0	15279	14	13	19116	14	103	29	19
240.0	18694	23	22	19117	23	280	1656	17
240.0	16077	20	17	19118	22	1644	400	15
240.0	14834	7	11	19119	3	892	1927	19
240.0	13275	45	49	19120	38	1537	351	25
240.0	9459	27	27	19121	25	211	32	15
240.0	16780	37	36	19122	38	528	1690	18
240.0	15895	28	25	19123	29	1357	1980	16
240.0	17419	27	23	19124	30	1280	184	21
240.0	7928	17	17	19125	16	1710	306	16
240.0	13994	22	22	19126	20	1367	1914	14
240.0	12218	12	11	19127	12	406	1579	19
240.0	13492	19	17	19128	19	607	1821	18
240.0	13291	12	10	19129	14	152	59	17
240.0	16863	36	23	19130	45	354	509	15
240.0	7619	3	3	19131	3	393	266	19
240.0	15486	14	14	19132	13	1465	1968	18
240.0	17247	22	23	19133	21	1771	532	24
240.0	14583	12	10	19134	13	426	1872	15
240.0	15681	39	33	19135	42	311	219	14
240.0	17849	43	42	19136	42	280	28	16
240.0	10900	30	27	19137	32	1822	429	20
