time_hr	parent_id	parent_ecDNA_before	parent_ecDNA_after	daughter_id	daughter_ecDNA	x	y	generation
5.0	6847	20	27	6848	12	1006	1239	1
7.0	6846	20	19	6849	19	924	800	1
19.0	6846	19	18	6850	19	1012	720	2
20.0	6849	19	23	6851	14	921	763	2
29.0	6845	20	14	6852	26	944	1054	1
30.0	6845	14	14	6853	14	875	1074	2
31.0	6846	18	17	6854	18	1012	720	3
32.0	6848	12	13	6855	11	1122	1165	2
33.0	6849	23	24	6856	19	925	646	3
33.0	6848	13	17	6857	8	1122	1165	3
34.0	6848	17	17	6858	17	1122	1165	4
39.0	6846	17	17	6859	16	1012	720	4
39.0	6845	14	14	6860	14	875	1074	3
40.0	6849	24	27	6861	19	925	646	4
41.0	6845	14	13	6862	14	875	1074	4
42.0	6851	14	15	6863	13	904	746	3
44.0	6858	17	19	6864	15	1118	1232	5
47.0	6846	17	15	6865	19	1012	720	5
49.0	6861	19	15	6866	21	901	646	5
51.0	6848	17	17	6867	17	1109	1088	5
52.0	6863	13	16	6868	10	888	746	4
53.0	6848	17	16	6869	17	1109	1088	6
57.0	6849	27	26	6870	27	945	599	5
57.0	6853	14	9	6871	19	913	1119	3
57.0	6861	15	13	6872	16	873	705	6
57.0	6863	16	16	6873	16	888	746	5
58.0	6850	19	22	6874	16	997	734	3
60.0	6845	13	14	6875	12	875	1074	5
60.0	6854	18	14	6876	20	1046	914	4
60.0	6851	15	12	6877	16	917	733	4
60.0	6858	19	18	6878	18	1151	1155	6
61.0	6860	14	11	6879	16	803	1175	4
62.0	6860	11	9	6880	13	803	1175	5
62.0	6852	26	29	6881	23	956	1192	2
62.0	6864	15	15	6882	15	1085	1508	6
65.0	6855	11	12	6883	8	1103	1146	3
65.0	6857	8	10	6884	6	1007	1306	4
66.0	6864	15	13	6885	15	1085	1508	7
67.0	6859	16	12	6886	20	934	736	5
67.0	6848	16	16	6887	16	1094	906	7
70.0	6846	15	13	6888	15	1011	645	6
70.0	6867	17	17	6889	17	1109	1085	6
70.0	6854	14	11	6890	17	982	948	5
72.0	6860	9	8	6891	9	791	1231	6
72.0	6861	13	13	6892	11	852	705	7
72.0	6849	26	23	6893	28	945	599	6
74.0	6853	9	7	6894	9	913	1119	4
75.0	6859	12	11	6895	13	934	736	6
75.0	6850	22	18	6896	25	997	734	4
76.0	6856	19	21	6897	16	926	835	4
76.0	6851	12	11	6898	13	692	873	5
77.0	6867	17	17	6899	17	1109	1085	7
77.0	6850	18	21	6900	13	997	734	5
77.0	6854	11	10	6901	10	982	948	6
77.0	6849	23	20	6902	24	945	599	7
77.0	6865	19	21	6903	17	1240	872	6
78.0	6858	18	17	6904	16	1127	1081	7
78.0	6867	17	19	6905	14	1109	1085	8
78.0	6860	8	9	6906	7	773	1281	7
79.0	6862	14	13	6907	12	915	1074	5
79.0	6852	29	31	6908	27	1184	891	3
80.0	6845	14	14	6909	13	889	980	6
80.0	6852	31	32	6910	30	1184	891	4
80.0	6857	10	8	6911	11	1009	1324	5
80.0	6853	7	7	6912	7	913	1119	5
80.0	6856	21	26	6913	15	926	835	5
80.0	6884	6	7	6914	5	1061	1282	5
81.0	6854	10	8	6915	9	982	948	7
82.0	6866	21	20	6916	22	666	479	6
82.0	6855	12	13	6917	11	1168	1162	4
82.0	6884	7	9	6918	5	1061	1282	6
82.0	6848	16	17	6919	15	1094	906	8
82.0	6873	16	14	6920	17	969	718	6
83.0	6845	14	13	6921	13	889	960	7
83.0	6896	25	26	6922	24	1039	734	5
83.0	6869	17	13	6923	19	952	1032	7
83.0	6870	27	31	6924	22	379	87	6
84.0	6846	13	9	6925	17	1011	645	7
84.0	6895	13	12	6926	14	919	721	7
84.0	6851	11	8	6927	14	520	822	6
84.0	6861	13	12	6928	13	852	705	8
85.0	6890	17	13	6929	20	978	1112	6
85.0	6882	15	11	6930	18	1153	1408	7
85.0	6875	12	14	6931	10	895	1074	6
86.0	6865	21	17	6932	24	1424	876	7
86.0	6893	28	31	6933	23	879	629	7
86.0	6845	13	13	6934	13	889	960	8
86.0	6881	23	23	6935	22	939	1192	3
86.0	6868	10	9	6936	11	909	481	5
86.0	6877	16	13	6937	19	674	739	5
87.0	6881	23	24	6938	20	939	1192	4
87.0	6878	18	22	6939	14	917	1272	7
87.0	6889	17	16	6940	18	1209	1150	7
87.0	6876	20	19	6941	20	1163	971	5
87.0	6888	15	15	6942	15	1034	573	7
88.0	6862	13	15	6943	11	915	1074	6
88.0	6879	16	15	6944	15	829	1238	5
88.0	6876	19	20	6945	16	1163	971	6
88.0	6873	14	16	6946	12	902	664	7
88.0	6863	16	18	6947	13	867	746	6
89.0	6876	20	16	6948	24	1124	882	7
89.0	6864	13	13	6949	12	1102	1517	8
89.0	6853	7	6	6950	7	913	1119	6
90.0	6888	15	19	6951	10	1034	573	8
91.0	6875	14	15	6952	12	895	1074	7
91.0	6870	31	26	6953	36	217	134	7
91.0	6869	13	15	6954	11	842	1063	8
92.0	6848	17	15	6955	19	1094	906	9
92.0	6872	16	22	6956	10	895	705	7
92.0	6871	19	20	6957	18	885	1098	4
93.0	6860	9	10	6958	6	652	1343	8
93.0	6855	13	10	6959	15	1126	1245	5
93.0	6898	13	13	6960	12	876	801	6
93.0	6861	12	11	6961	11	852	705	9
93.0	6870	26	23	6962	28	217	134	8
93.0	6850	21	20	6963	22	997	734	6
93.0	6904	16	13	6964	18	1127	1065	8
93.0	6849	20	24	6965	16	945	599	8
94.0	6898	13	13	6966	13	876	801	7
94.0	6902	24	17	6967	28	877	596	8
94.0	6859	11	11	6968	10	934	736	7
94.0	6852	32	25	6969	39	1184	891	5
94.0	6870	23	20	6970	25	217	134	9
94.0	6846	9	8	6971	10	1000	596	8
94.0	6886	20	25	6972	14	859	628	6
95.0	6870	20	17	6973	23	217	134	10
95.0	6867	19	14	6974	22	1109	1085	9
95.0	6893	31	26	6975	33	857	652	8
95.0	6883	8	4	6976	10	1098	1411	4
95.0	6905	14	15	6977	11	1122	1098	9
95.0	6857	8	5	6978	10	1022	1334	6
96.0	6853	6	6	6979	6	913	1119	7
96.0	6892	11	6	6980	15	581	583	8
96.0	6880	13	20	6981	6	794	1225	6
96.0	6928	13	12	6982	14	874	705	9
97.0	6862	15	12	6983	16	933	1155	7
97.0	6896	26	29	6984	23	1060	734	6
97.0	6848	15	13	6985	16	1094	906	10
98.0	6850	20	21	6986	18	997	734	7
98.0	6889	16	15	6987	15	1209	1150	8
98.0	6877	13	14	6988	12	566	821	6
98.0	6856	26	29	6989	22	689	697	6
98.0	6883	4	5	6990	3	1098	1411	5
99.0	6876	16	20	6991	12	1124	882	8
99.0	6910	30	32	6992	28	1061	862	5
99.0	6903	17	16	6993	18	1225	872	7
99.0	6911	11	12	6994	9	597	1258	6
99.0	6933	23	24	6995	19	919	631	8
99.0	6901	10	12	6996	8	968	948	7
100.0	6854	8	6	6997	9	982	948	8
100.0	6879	15	12	6998	17	829	1238	6
100.0	6884	9	7	6999	10	1165	1330	7
100.0	6944	15	13	7000	15	798	1317	6
100.0	6910	32	28	7001	36	1061	862	6
100.0	6907	12	11	7002	13	946	1043	6
100.0	6891	9	9	7003	9	840	1216	7
101.0	6845	13	11	7004	15	836	890	9
101.0	6889	15	13	7005	15	1209	1150	9
101.0	6872	22	22	7006	21	895	705	8
101.0	6858	17	13	7007	20	1233	1070	8
101.0	6910	28	28	7008	26	1061	862	7
101.0	6947	13	15	7009	9	912	684	7
101.0	6871	20	21	7010	19	885	1098	5
102.0	6923	19	18	7011	19	1065	1103	8
102.0	6924	22	20	7012	22	479	68	7
102.0	6851	8	8	7013	8	509	767	7
103.0	6852	25	27	7014	21	1184	891	6
103.0	6895	12	11	7015	13	937	723	8
103.0	6853	6	6	7016	6	913	1119	8
103.0	6900	13	16	7017	9	1060	734	6
103.0	6891	9	8	7018	10	840	1216	8
103.0	6890	13	13	7019	11	997	1112	7
103.0	6927	14	16	7020	12	644	739	7
103.0	6867	14	16	7021	12	1109	1085	10
103.0	6870	17	22	7022	12	140	234	11
103.0	6899	17	14	7023	19	1109	1047	8
103.0	6873	16	18	7024	13	819	662	8
103.0	6903	16	16	7025	15	1225	872	8
103.0	6887	16	15	7026	17	986	854	8
103.0	6851	8	8	7027	8	509	767	8
103.0	6901	12	12	7028	12	968	948	8
104.0	6902	17	16	7029	17	877	596	9
104.0	7005	15	12	7030	18	1359	1108	10
104.0	6927	16	14	7031	17	644	739	8
104.0	6914	5	3	7032	7	1063	1345	6
104.0	6891	8	9	7033	7	840	1216	9
104.0	6887	15	18	7034	12	986	854	9
104.0	6863	18	18	7035	18	894	780	7
104.0	6897	16	22	7036	10	908	835	5
104.0	6892	6	7	7037	5	495	519	9
104.0	6846	8	9	7038	7	1000	596	9
104.0	6882	11	13	7039	8	1153	1408	8
104.0	6859	11	11	7040	10	942	673	8
104.0	6860	10	7	7041	13	620	1388	9
105.0	6922	24	30	7042	18	1144	682	6
105.0	6916	22	22	7043	21	369	589	7
105.0	6888	19	16	7044	20	1212	564	9
105.0	6846	9	7	7045	10	1000	596	10
105.0	6928	12	13	7046	11	874	705	10
105.0	6940	18	12	7047	23	1236	1161	8
105.0	6911	12	12	7048	12	587	1242	7
105.0	6900	16	11	7049	19	1060	734	7
105.0	6897	22	18	7050	23	908	835	6
105.0	6861	11	10	7051	12	852	705	10
105.0	6918	5	5	7052	4	1018	1193	7
105.0	6903	16	17	7053	15	1225	872	9
106.0	6904	13	15	7054	11	1127	1065	9
106.0	6972	14	19	7055	9	876	628	7
106.0	6849	24	22	7056	24	945	599	9
106.0	6977	11	12	7057	8	1122	1120	10
106.0	6928	13	13	7058	13	874	705	11
106.0	6865	17	14	7059	20	1464	918	8
106.0	6900	11	12	7060	9	1060	734	8
106.0	6915	9	5	7061	12	982	962	8
106.0	6955	19	24	7062	13	1107	919	10
106.0	6885	15	15	7063	15	1152	1798	8
106.0	6921	13	15	7064	10	1043	1024	8
107.0	6920	17	18	7065	16	978	727	7
107.0	6921	15	16	7066	13	1043	1024	9
107.0	7015	13	10	7067	16	956	723	9
107.0	6875	15	18	7068	12	895	1074	8
107.0	6866	20	21	7069	19	666	479	7
107.0	6936	11	8	7070	14	904	531	6
107.0	6885	15	15	7071	15	1152	1798	9
107.0	6877	14	18	7072	10	456	1050	7
107.0	6863	18	22	7073	12	894	780	8
107.0	6856	29	30	7074	28	587	613	7
107.0	6879	12	17	7075	7	829	1238	7
107.0	6903	17	17	7076	17	1225	872	10
107.0	6898	13	11	7077	14	871	761	8
108.0	6864	13	9	7078	16	1308	1612	9
108.0	6902	16	16	7079	16	877	596	10
108.0	6888	16	16	7080	14	1212	564	10
108.0	7017	9	14	7081	4	1074	698	7
108.0	6906	7	3	7082	10	604	1330	8
108.0	6949	12	15	7083	9	1194	1572	9
108.0	6856	30	29	7084	30	502	564	8
108.0	6934	13	17	7085	9	876	878	9
109.0	6902	16	14	7086	16	877	596	11
109.0	6883	5	3	7087	6	1112	1410	6
109.0	6855	10	11	7088	9	1101	1295	6
109.0	6948	24	25	7089	22	1124	898	8
109.0	6914	3	5	7090	1	1063	1345	7
109.0	6939	14	15	7091	11	917	1292	8
109.0	6862	12	12	7092	11	933	1155	8
109.0	6930	18	20	7093	16	1005	1503	8
109.0	6965	16	22	7094	9	904	582	9
109.0	6852	27	28	7095	25	1184	891	7
109.0	6868	9	8	7096	9	909	481	6
109.0	6869	15	11	7097	18	815	1153	9
109.0	6952	12	14	7098	9	928	998	8
110.0	6860	7	7	7099	7	620	1388	10
110.0	6920	18	14	7100	19	995	727	8
110.0	6896	29	28	7101	28	1081	348	7
110.0	6947	15	14	7102	16	928	700	8
110.0	6893	26	22	7103	29	857	652	9
110.0	6945	16	15	7104	17	1235	969	7
110.0	6935	22	20	7105	24	939	1230	4
110.0	6861	10	12	7106	8	837	720	11
110.0	6902	14	10	7107	18	877	596	12
110.0	6862	12	14	7108	8	933	1155	9
111.0	6880	20	13	7109	25	747	1440	7
111.0	6902	10	11	7110	9	877	596	13
111.0	6854	6	5	7111	7	982	948	9
111.0	6909	13	12	7112	12	864	972	7
111.0	6935	20	18	7113	20	939	1230	5
111.0	6920	14	14	7114	14	995	727	9
111.0	6960	12	14	7115	10	863	828	7
111.0	6881	24	27	7116	18	939	1192	5
112.0	6905	15	16	7117	14	1060	1144	10
112.0	6854	5	8	7118	2	982	948	10
112.0	6845	11	11	7119	11	836	890	10
112.0	6984	23	24	7120	20	1076	769	7
112.0	6867	16	18	7121	13	1109	1085	11
112.0	6916	22	25	7122	19	369	589	8
112.0	6889	13	9	7123	17	1209	1150	10
112.0	6948	25	25	7124	21	1124	898	9
112.0	6928	13	13	7125	11	874	705	12
112.0	6875	18	21	7126	14	895	1074	9
112.0	6895	11	12	7127	9	937	723	9
112.0	6874	16	20	7128	9	1011	655	4
113.0	6922	30	32	7129	25	1175	566	7
113.0	6957	18	18	7130	13	870	1039	5
113.0	6907	11	10	7131	11	946	1043	7
113.0	6958	6	8	7132	4	795	1350	9
113.0	6967	28	23	7133	32	963	635	9
113.0	6916	25	23	7134	24	369	589	9
113.0	6901	12	7	7135	17	958	958	9
113.0	6869	11	12	7136	10	815	1153	10
113.0	6904	15	13	7137	16	979	1054	10
113.0	6960	14	14	7138	14	863	828	8
113.0	7093	16	11	7139	21	1111	1538	9
113.0	7070	14	14	7140	14	954	512	7
113.0	6855	11	14	7141	8	1101	1295	7
114.0	6856	29	30	7142	28	396	422	9
114.0	6961	11	8	7143	14	1008	420	10
114.0	6959	15	16	7144	14	1305	1253	6
114.0	7013	8	10	7145	6	614	761	8
114.0	7006	21	20	7146	21	908	705	9
114.0	6870	22	22	7147	20	44	243	12
114.0	6967	23	22	7148	23	1061	639	10
114.0	6869	12	9	7149	15	815	1153	11
114.0	6911	12	11	7150	12	644	1076	8
114.0	6863	22	27	7151	16	894	780	9
114.0	6925	17	17	7152	17	1110	719	8
114.0	6878	22	26	7153	17	948	1464	8
115.0	6997	9	9	7154	8	1002	887	9
115.0	6855	14	16	7155	12	1101	1295	8
115.0	6991	12	13	7156	10	1208	856	9
115.0	6913	15	13	7157	15	291	946	6
115.0	6933	24	20	7158	27	919	631	9
115.0	6918	5	4	7159	6	1018	1193	8
115.0	6961	8	7	7160	8	1008	420	11
115.0	6969	39	38	7161	38	1251	1131	6
115.0	6923	18	23	7162	12	1065	1103	9
115.0	6878	26	24	7163	27	948	1464	9
115.0	6859	11	12	7164	9	958	689	9
115.0	6873	18	16	7165	19	819	662	9
115.0	6857	5	6	7166	4	1019	1381	7
115.0	6894	9	10	7167	8	983	1132	5
115.0	6884	7	8	7168	6	1195	1320	8
115.0	6871	21	20	7169	21	885	1098	6
116.0	6850	21	19	7170	23	1056	734	8
116.0	6846	7	6	7171	8	1000	596	11
116.0	6919	15	16	7172	14	1253	949	9
116.0	6941	20	19	7173	20	1068	994	6
116.0	6973	23	25	7174	21	396	499	11
116.0	6961	7	4	7175	10	1008	420	12
116.0	6873	16	18	7176	13	819	662	10
116.0	6942	15	12	7177	17	993	627	8
116.0	7056	24	17	7178	31	928	582	10
116.0	6867	18	13	7179	22	1109	1085	12
117.0	6917	11	12	7180	10	1041	1204	5
117.0	6848	13	13	7181	13	1036	872	11
117.0	7015	10	14	7182	5	956	723	10
117.0	7051	12	12	7183	9	576	833	11
117.0	6972	19	15	7184	21	854	628	8
117.0	6922	32	33	7185	30	1175	566	8
117.0	6943	11	13	7186	9	1064	1050	7
117.0	6969	38	33	7187	43	1251	1131	7
117.0	6926	14	16	7188	12	539	955	8
117.0	6886	25	27	7189	22	821	612	7
117.0	6957	18	15	7190	20	891	964	6
117.0	6938	20	23	7191	16	837	1172	5
117.0	7003	9	9	7192	9	799	1205	8
117.0	7045	10	11	7193	8	1040	596	11
117.0	6867	13	16	7194	10	1109	1085	13
117.0	6939	15	16	7195	14	917	1292	9
117.0	6850	19	14	7196	22	1056	734	9
117.0	6925	17	15	7197	18	1110	719	9
117.0	6963	22	21	7198	22	1098	734	7
117.0	6908	27	28	7199	26	1174	930	4
117.0	6854	8	6	7200	9	982	948	11
118.0	6987	15	10	7201	20	1076	1212	9
118.0	6863	27	31	7202	21	894	780	10
118.0	6853	6	8	7203	4	913	1119	9
118.0	6964	18	15	7204	21	1116	1016	9
118.0	7049	19	20	7205	15	1155	747	8
118.0	6911	11	11	7206	9	658	960	9
118.0	6854	6	6	7207	5	982	948	12
118.0	7027	8	6	7208	9	509	751	9
118.0	7024	13	13	7209	11	837	693	9
118.0	6925	15	14	7210	16	1110	719	10
118.0	7017	14	19	7211	8	1122	587	8
118.0	6981	6	4	7212	8	786	1194	7
118.0	6975	33	37	7213	28	847	661	9
118.0	6880	13	12	7214	14	747	1535	8
118.0	6937	19	22	7215	16	596	468	6
119.0	6924	20	22	7216	16	476	111	8
119.0	7000	15	18	7217	11	697	1407	7
119.0	6999	10	9	7218	8	1065	1310	8
119.0	6891	9	11	7219	7	840	1216	10
119.0	6916	23	21	7220	23	369	589	10
119.0	6912	7	8	7221	5	989	1119	6
119.0	6929	20	19	7222	20	978	1097	7
119.0	6899	14	16	7223	10	1109	1047	9
119.0	7011	19	15	7224	22	1063	1276	9
119.0	6968	10	10	7225	10	906	763	8
119.0	6925	14	16	7226	12	1110	719	11
119.0	6951	10	11	7227	9	1035	571	9
119.0	7084	30	29	7228	25	489	576	9
119.0	7094	9	9	7229	8	891	615	10
119.0	6923	23	22	7230	24	1065	1103	10
119.0	6863	31	30	7231	31	894	780	11
120.0	7012	22	18	7232	24	850	224	8
120.0	6962	28	30	7233	24	473	156	9
120.0	6908	28	26	7234	29	1174	930	5
120.0	7003	9	11	7235	7	799	1226	9
120.0	7010	19	18	7236	19	860	1122	6
120.0	7056	17	16	7237	17	928	582	11
120.0	6864	9	9	7238	9	1308	1612	10
120.0	6956	10	8	7239	12	869	744	8
120.0	6931	10	10	7240	10	895	1008	7
120.0	6856	30	32	7241	27	401	56	10
120.0	6879	17	18	7242	15	829	1238	8
120.0	6870	22	24	7243	20	0	251	13
120.0	6986	18	20	7244	15	1077	734	8
120.0	6929	19	16	7245	20	978	1097	8
120.0	6974	22	24	7246	20	1109	1066	10
120.0	6978	10	7	7247	13	1235	1284	7
120.0	7049	20	13	7248	26	1177	747	9
120.0	6886	27	32	7249	21	821	612	8
120.0	6977	12	10	7250	13	1122	1120	11
120.0	6888	16	17	7251	15	1282	591	11
121.0	7050	23	24	7252	21	889	835	7
121.0	6883	3	3	7253	2	1112	1410	7
121.0	6849	22	21	7254	23	945	599	10
121.0	6889	9	10	7255	8	1209	1150	11
121.0	7039	8	8	7256	8	1085	1359	9
121.0	6907	10	8	7257	12	946	1043	8
121.0	7036	10	7	7258	12	857	890	6
121.0	6930	20	14	7259	25	807	1524	9
121.0	7186	9	11	7260	7	1048	1034	8
121.0	6963	21	19	7261	23	1120	734	8
121.0	6896	28	30	7262	24	1080	315	8
121.0	7122	19	16	7263	20	337	589	9
121.0	6858	13	11	7264	15	1233	1070	9
121.0	7011	15	13	7265	17	1063	1276	10
121.0	6948	25	22	7266	27	1124	898	10
121.0	7023	19	17	7267	18	1121	1017	9
121.0	7049	13	8	7268	17	1177	747	10
121.0	6914	5	5	7269	5	1063	1345	8
121.0	6856	32	26	7270	34	401	56	11
121.0	6974	24	26	7271	21	1109	1066	11
121.0	6901	7	8	7272	6	944	958	10
121.0	6870	24	16	7273	32	0	251	14
121.0	6846	6	6	7274	6	1000	596	12
121.0	6859	12	8	7275	16	958	689	10
122.0	7017	19	15	7276	23	1200	573	9
122.0	6890	13	13	7277	10	1016	1112	8
122.0	6900	12	12	7278	11	1156	719	9
122.0	7042	18	20	7279	16	1167	684	7
122.0	6994	9	6	7280	12	618	1273	7
122.0	7005	12	18	7281	6	1419	1100	11
122.0	6888	17	11	7282	23	1282	591	12
122.0	6913	13	10	7283	14	291	946	7
122.0	6940	12	10	7284	14	1421	1153	9
122.0	6965	22	15	7285	27	919	567	10
122.0	6870	16	16	7286	16	0	251	15
122.0	6944	13	13	7287	13	798	1317	7
122.0	7063	15	12	7288	17	1267	1851	9
122.0	6921	16	17	7289	14	1182	956	10
122.0	6959	16	18	7290	14	1506	1503	7
122.0	6867	16	18	7291	14	1048	1085	14
122.0	6894	10	13	7292	7	1002	1132	6
122.0	7083	9	3	7293	14	1356	1610	10
122.0	6868	8	6	7294	10	909	481	7
122.0	6865	14	14	7295	14	1467	899	9
122.0	6909	12	10	7296	14	864	972	8
122.0	6856	26	26	7297	25	401	56	12
122.0	6912	8	9	7298	6	989	1119	7
122.0	6910	28	26	7299	30	987	781	8
122.0	7092	11	8	7300	14	969	1203	9
122.0	6923	22	18	7301	26	1065	1103	11
122.0	6970	25	22	7302	27	153	257	10
123.0	6903	17	18	7303	16	1225	872	11
123.0	6964	15	16	7304	14	1116	982	10
123.0	6897	18	22	7305	14	908	835	7
123.0	6990	3	3	7306	3	1028	1261	6
123.0	6868	6	6	7307	6	942	445	8
123.0	6989	22	23	7308	19	795	834	7
123.0	7023	17	11	7309	23	1121	1017	10
123.0	6923	18	14	7310	20	1065	1103	12
123.0	6966	13	11	7311	14	895	868	8
123.0	6993	18	18	7312	18	1111	862	8
123.0	6910	26	25	7313	27	987	781	9
123.0	7020	12	13	7314	11	684	739	8
124.0	7072	10	7	7315	12	481	998	8
124.0	6940	10	8	7316	12	1421	1153	10
124.0	7013	10	15	7317	5	614	761	9
124.0	7157	15	20	7318	8	345	779	7
124.0	7006	20	16	7319	24	908	705	10
124.0	6915	5	3	7320	6	982	962	9
124.0	7089	22	19	7321	25	1168	1019	9
124.0	7180	10	10	7322	9	1081	1185	6
124.0	6949	15	12	7323	17	1020	1922	10
124.0	6987	10	11	7324	9	1076	1212	10
124.0	6931	10	9	7325	10	895	1008	8
124.0	7026	17	18	7326	15	966	854	9
124.0	7057	8	7	7327	8	1134	1149	11
124.0	6916	21	26	7328	15	369	589	11
124.0	6937	22	21	7329	23	570	428	7
124.0	6993	18	13	7330	23	1111	862	9
125.0	7034	12	12	7331	9	1172	854	10
125.0	6874	20	18	7332	22	1011	655	5
125.0	6879	18	22	7333	13	829	1238	9
125.0	6880	12	16	7334	8	739	1597	9
125.0	6980	15	15	7335	15	752	738	9
125.0	7057	7	6	7336	8	1134	1149	12
125.0	6973	25	28	7337	22	396	499	12
125.0	7007	20	18	7338	22	1248	1265	9
125.0	6885	15	18	7339	11	1223	1743	10
125.0	7029	17	14	7340	20	877	533	10
125.0	6961	4	5	7341	2	993	383	13
125.0	6893	22	11	7342	33	944	638	10
125.0	7081	4	3	7343	5	1057	712	8
125.0	6994	6	4	7344	6	618	1273	8
125.0	7026	18	16	7345	18	966	854	10
125.0	7215	16	14	7346	15	537	485	7
125.0	7113	20	18	7347	20	961	1278	6
125.0	6862	14	9	7348	19	906	1212	10
126.0	7061	12	11	7349	13	982	1006	9
126.0	7093	11	11	7350	11	1111	1538	10
126.0	6872	22	23	7351	20	856	744	9
126.0	7040	10	11	7352	9	913	644	9
126.0	7108	8	8	7353	6	974	1222	10
126.0	6873	18	17	7354	16	787	630	11
126.0	6897	22	26	7355	17	908	835	8
126.0	7009	9	7	7356	11	918	690	8
126.0	6932	24	24	7357	22	1206	549	8
126.0	6936	8	9	7358	7	904	531	7
126.0	7007	18	18	7359	18	1248	1265	10
126.0	6900	12	11	7360	13	1156	719	10
126.0	7054	11	12	7361	9	1155	966	10
126.0	7051	12	10	7362	14	277	809	12
126.0	6898	11	11	7363	10	832	800	9
126.0	6885	18	15	7364	20	1273	1679	11
126.0	6945	15	13	7365	16	1235	969	8
126.0	6982	14	13	7366	14	867	690	10
126.0	7030	18	15	7367	21	1442	1180	11
126.0	6985	16	13	7368	18	1174	910	11
127.0	6986	20	20	7369	20	1077	734	9
127.0	7050	24	23	7370	24	807	897	8
127.0	6881	27	22	7371	29	917	1192	6
127.0	7092	8	9	7372	7	969	1203	10
127.0	6932	24	27	7373	21	1206	549	9
127.0	6942	12	12	7374	12	978	612	9
127.0	7137	16	16	7375	15	989	1043	11
127.0	7009	7	8	7376	5	918	690	9
127.0	6851	8	8	7377	7	500	828	9
127.0	7080	14	12	7378	15	1149	599	11
127.0	7051	10	12	7379	8	277	809	13
127.0	7076	17	11	7380	22	1239	779	11
127.0	6907	8	14	7381	2	946	1043	9
127.0	7215	14	12	7382	16	537	485	8
127.0	6936	9	10	7383	8	904	531	8
127.0	6857	6	5	7384	7	1019	1381	8
127.0	7140	14	10	7385	18	963	502	8
127.0	7016	6	6	7386	6	956	1173	9
127.0	6955	24	21	7387	26	1107	919	11
127.0	6943	13	11	7388	14	1082	1032	8
127.0	6957	15	14	7389	16	891	964	7
127.0	6898	11	12	7390	10	774	781	10
127.0	6870	16	15	7391	17	0	251	16
128.0	6877	18	17	7392	19	198	1431	8
128.0	7180	10	11	7393	9	1081	1185	7
128.0	7026	16	19	7394	13	966	854	11
128.0	7269	5	5	7395	5	1042	1328	9
128.0	7131	11	7	7396	13	971	1068	8
128.0	7038	7	8	7397	6	1103	596	10
128.0	7024	13	13	7398	11	821	677	10
128.0	6976	10	10	7399	10	1206	1265	5
128.0	6890	13	13	7400	13	1016	1112	9
128.0	6915	3	3	7401	3	982	962	10
128.0	6905	16	15	7402	17	1060	1144	11
128.0	6887	18	20	7403	16	986	854	10
128.0	6958	8	7	7404	8	795	1350	10
128.0	6966	11	14	7405	8	895	868	9
128.0	7092	9	10	7406	8	969	1203	11
128.0	6876	20	20	7407	19	1332	503	9
128.0	6986	20	20	7408	18	1077	734	10
128.0	6902	11	10	7409	11	733	588	14
128.0	6943	11	13	7410	9	1082	1032	9
128.0	7147	20	19	7411	21	44	227	13
128.0	6920	14	10	7412	17	1012	727	10
128.0	6984	24	21	7413	25	1076	791	8
128.0	7005	18	14	7414	21	1419	1100	12
128.0	7152	17	21	7415	13	1074	680	9
128.0	6975	37	41	7416	31	847	661	10
128.0	6963	19	15	7417	23	1120	734	9
128.0	6955	21	19	7418	22	1107	919	12
128.0	7163	27	27	7419	26	839	1335	10
128.0	6946	12	14	7420	10	868	635	8
128.0	6874	18	15	7421	19	1011	655	6
129.0	6996	8	4	7422	11	934	990	8
129.0	7003	11	7	7423	15	799	1226	10
129.0	6955	19	21	7424	16	1107	919	13
129.0	7101	28	26	7425	29	1126	569	8
129.0	7152	21	16	7426	26	1074	680	10
129.0	6976	10	12	7427	8	1206	1265	6
129.0	6854	6	4	7428	8	982	948	13
129.0	6951	11	8	7429	14	1035	571	10
129.0	6873	17	18	7430	16	712	625	12
129.0	6931	9	12	7431	5	879	1024	9
129.0	6917	12	12	7432	11	1057	1204	6
129.0	7084	29	29	7433	29	489	576	10
129.0	7170	23	24	7434	21	1056	776	9
129.0	6998	17	17	7435	15	580	1128	7
129.0	6968	10	9	7436	10	906	763	9
129.0	6978	7	8	7437	4	1341	1384	8
129.0	6870	15	13	7438	16	0	251	17
129.0	6865	14	13	7439	13	1467	899	10
129.0	7092	10	7	7440	11	969	1203	12
129.0	6904	13	13	7441	12	1075	972	11
129.0	6899	16	17	7442	15	1109	1030	10
129.0	6884	8	9	7443	7	1195	1320	9
129.0	6908	26	25	7444	26	1174	930	6
129.0	7130	13	8	7445	18	854	1090	6
129.0	7025	15	8	7446	21	1246	913	9
129.0	6970	22	22	7447	22	153	257	11
129.0	7048	12	7	7448	16	584	1341	8
129.0	6876	20	19	7449	21	1332	503	10
129.0	7197	18	14	7450	20	1110	656	10
129.0	7086	16	14	7451	16	959	520	12
130.0	7137	16	20	7452	11	989	1065	12
130.0	6919	16	11	7453	21	1407	873	10
130.0	7144	14	15	7454	13	1445	1221	7
130.0	7002	13	12	7455	13	964	1013	7
130.0	6972	15	9	7456	19	839	613	9
130.0	7109	25	31	7457	18	836	1375	8
130.0	6898	12	14	7458	8	705	783	11
130.0	7062	13	16	7459	10	1171	945	11
130.0	7121	13	15	7460	8	1141	1098	12
130.0	6990	3	2	7461	4	1076	1309	7
130.0	7097	18	18	7462	17	800	1167	10
130.0	6859	8	8	7463	7	958	689	11
130.0	7043	21	23	7464	17	385	589	8
130.0	7209	11	13	7465	9	803	677	10
130.0	6883	3	2	7466	4	1112	1410	8
130.0	7218	8	12	7467	4	1053	1294	9
130.0	7064	10	9	7468	11	1025	1087	9
130.0	7058	13	9	7469	16	825	750	12
130.0	6971	10	11	7470	9	1027	682	9
130.0	7018	10	11	7471	8	738	1251	9
130.0	6935	18	18	7472	18	939	1230	6
130.0	6885	15	19	7473	10	1273	1639	12
130.0	7078	16	14	7474	18	1308	1644	10
130.0	7085	9	9	7475	8	910	913	10
130.0	7202	21	21	7476	20	919	805	11
130.0	7081	3	2	7477	4	1057	712	9
130.0	6896	30	29	7478	29	1093	190	9
130.0	6870	13	16	7479	10	0	251	18
131.0	7094	9	10	7480	8	876	600	11
131.0	7190	20	18	7481	21	868	986	7
131.0	7091	11	13	7482	8	987	1325	9
131.0	7081	2	0	7483	3	1057	712	10
131.0	7218	12	13	7484	11	1053	1294	10
131.0	7083	3	3	7485	3	1356	1610	11
131.0	6851	8	8	7486	8	500	828	10
131.0	6993	13	18	7487	7	1111	862	10
131.0	7221	5	6	7488	4	971	1136	7
131.0	7120	20	23	7489	17	1052	811	8
131.0	7137	20	19	7490	20	989	1065	13
131.0	7058	9	8	7491	9	825	750	13
131.0	7014	21	19	7492	22	1386	1199	7
131.0	6971	11	12	7493	10	1027	660	10
131.0	7122	16	17	7494	13	337	589	10
131.0	6997	9	10	7495	8	1020	819	10
131.0	7108	8	10	7496	6	1006	1254	11
131.0	7157	20	23	7497	16	326	763	8
131.0	6888	11	8	7498	14	1588	571	13
131.0	7018	11	10	7499	12	737	1313	10
131.0	6858	11	12	7500	10	1406	1076	10
131.0	7209	13	14	7501	12	803	677	11
131.0	7189	22	19	7502	24	752	626	8
131.0	6953	36	39	7503	33	55	386	8
131.0	7044	20	19	7504	21	1223	291	10
131.0	7126	14	12	7505	12	879	1068	10
132.0	7054	12	15	7506	9	1155	988	11
132.0	6997	10	10	7507	9	1020	819	11
132.0	7020	13	10	7508	16	684	739	9
132.0	7012	18	14	7509	21	853	501	9
132.0	6854	4	3	7510	5	982	948	14
132.0	7053	15	12	7511	17	1210	886	10
132.0	6944	13	12	7512	13	798	1317	8
132.0	6866	21	19	7513	21	666	479	8
132.0	6906	3	3	7514	3	462	1444	9
132.0	6935	18	15	7515	19	939	1230	7
132.0	6876	19	24	7516	14	1332	503	11
132.0	7155	12	12	7517	11	1128	1355	9
132.0	7127	9	10	7518	7	923	736	10
132.0	7416	31	23	7519	37	847	678	11
132.0	7102	16	16	7520	16	937	709	9
132.0	6861	12	10	7521	14	785	733	12
132.0	6858	12	12	7522	11	1406	1076	11
132.0	6864	9	8	7523	10	1301	1491	11
132.0	6850	14	13	7524	15	1056	731	10
132.0	7059	20	22	7525	16	1809	678	9
132.0	6979	6	8	7526	4	937	1122	8
132.0	7035	18	14	7527	20	839	834	8
132.0	6967	22	21	7528	22	1061	639	11
132.0	7339	11	9	7529	12	1143	1759	11
132.0	6845	11	11	7530	11	836	890	11
132.0	7036	7	7	7531	7	857	890	7
132.0	6911	11	10	7532	11	658	960	10
132.0	7120	23	20	7533	26	1052	853	9
132.0	7158	27	27	7534	26	894	604	10
132.0	7330	23	22	7535	22	1143	875	10
132.0	6983	16	17	7536	15	987	1179	8
132.0	6868	6	7	7537	5	906	346	9
132.0	7044	19	20	7538	18	1223	291	11
133.0	7036	7	4	7539	10	857	890	8
133.0	7208	9	8	7540	8	523	765	10
133.0	7113	18	18	7541	17	961	1278	7
133.0	7086	14	7	7542	21	959	520	13
133.0	7001	36	38	7543	32	1078	897	7
133.0	7123	17	18	7544	15	1452	1145	11
133.0	6899	17	10	7545	23	1109	1030	11
133.0	7121	15	13	7546	16	1141	1098	13
133.0	7117	14	16	7547	12	1165	1246	11
133.0	6975	41	43	7548	37	847	661	11
133.0	7056	16	14	7549	16	904	560	12
133.0	6867	18	17	7550	18	1073	1085	15
133.0	7060	9	9	7551	9	1154	766	9
133.0	7073	12	11	7552	13	852	821	9
133.0	7368	18	15	7553	21	1296	922	12
133.0	7215	12	12	7554	11	537	485	9
133.0	6911	10	10	7555	10	658	960	11
133.0	6846	6	4	7556	7	1000	596	13
133.0	7065	16	19	7557	12	1024	740	8
133.0	6895	12	10	7558	14	937	723	10
133.0	6862	9	9	7559	9	893	1225	11
133.0	6980	15	15	7560	15	752	738	10
133.0	7134	24	27	7561	20	353	589	10
133.0	7211	8	6	7562	9	1109	617	9
133.0	7019	11	11	7563	10	1011	1083	8
133.0	6897	26	20	7564	29	908	835	9
133.0	7133	32	35	7565	27	978	635	10
133.0	6931	12	16	7566	8	879	1024	10
133.0	7267	18	22	7567	14	1121	966	10
133.0	7189	19	19	7568	17	752	626	9
133.0	6992	28	31	7569	24	1099	900	6
133.0	6930	14	13	7570	15	807	1524	10
133.0	7186	11	14	7571	8	1048	1034	9
133.0	6966	14	16	7572	11	869	868	10
133.0	7070	14	13	7573	14	1038	378	8
133.0	7015	14	17	7574	11	956	744	11
134.0	6985	13	10	7575	15	1193	910	12
134.0	7307	6	8	7576	3	836	429	9
134.0	7096	9	7	7577	11	885	212	7
134.0	7123	18	16	7578	18	1452	1145	12
134.0	7045	11	12	7579	9	1080	596	12
134.0	7066	13	13	7580	12	987	1087	10
134.0	7008	26	21	7581	31	1042	978	8
134.0	7017	15	18	7582	12	1261	551	10
134.0	7185	30	34	7583	24	1176	454	9
134.0	7071	15	20	7584	10	1234	1885	10
134.0	6989	23	16	7585	29	773	834	8
134.0	7060	9	10	7586	8	1154	766	10
134.0	7217	11	11	7587	11	473	1549	8
134.0	6975	43	45	7588	39	847	661	12
134.0	7186	14	14	7589	13	1048	1034	10
134.0	7086	7	6	7590	8	959	520	14
134.0	6892	7	6	7591	8	198	402	10
134.0	7056	14	9	7592	19	904	560	13
134.0	7184	21	20	7593	20	740	222	9
134.0	7351	20	17	7594	20	779	766	10
134.0	7187	43	33	7595	52	1269	1115	8
134.0	7173	20	15	7596	25	1089	994	7
134.0	7046	11	12	7597	8	902	654	11
134.0	7112	12	11	7598	13	823	1064	8
134.0	6948	22	27	7599	15	1124	898	11
134.0	6868	7	8	7600	6	860	323	10
134.0	6888	8	8	7601	8	1588	571	14
134.0	6915	3	5	7602	1	995	989	11
134.0	7074	28	24	7603	31	630	398	8
134.0	6869	9	11	7604	7	815	1153	12
134.0	6986	20	25	7605	14	1077	734	11
134.0	6875	21	22	7606	19	895	1074	10
134.0	6997	10	10	7607	9	1020	819	12
134.0	6938	23	27	7608	19	837	1172	6
134.0	7042	20	20	7609	19	1167	684	8
134.0	6934	17	14	7610	20	893	917	10
134.0	6961	5	6	7611	4	993	383	14
134.0	7103	29	26	7612	32	139	1088	10
134.0	6913	10	6	7613	14	22	790	8
134.0	7000	18	20	7614	15	579	1487	8
134.0	6910	25	24	7615	25	961	807	10
134.0	7073	11	16	7616	6	852	804	10
134.0	7087	6	5	7617	7	1060	1544	7
135.0	6997	10	8	7618	12	1020	819	13
135.0	6984	21	16	7619	25	1092	775	9
135.0	7307	8	7	7620	9	836	429	10
135.0	6949	12	11	7621	13	1020	1922	11
135.0	6913	6	6	7622	6	22	790	9
135.0	7004	15	15	7623	15	803	937	10
135.0	6870	16	17	7624	15	0	251	19
135.0	6845	11	8	7625	14	823	903	12
135.0	6925	16	19	7626	12	1110	719	12
135.0	6948	27	31	7627	21	1124	898	12
135.0	7249	21	20	7628	20	784	599	9
135.0	6865	13	17	7629	9	1467	899	11
135.0	7202	21	18	7630	23	919	805	12
135.0	6924	22	23	7631	18	428	341	9
135.0	6938	27	29	7632	25	837	1172	7
135.0	6994	4	2	7633	6	618	1273	9
135.0	6934	14	15	7634	12	893	939	11
135.0	7033	7	6	7635	8	829	1205	10
135.0	7045	12	13	7636	11	1080	596	13
135.0	6945	13	13	7637	13	1235	969	9
135.0	7273	32	35	7638	28	186	437	15
135.0	6921	17	19	7639	14	1343	932	11
135.0	7163	27	26	7640	27	839	1335	11
135.0	7057	6	7	7641	5	1134	1149	13
135.0	6931	16	20	7642	12	879	1024	11
135.0	7183	9	15	7643	3	556	743	12
135.0	6944	12	13	7644	10	798	1317	9
136.0	6955	21	21	7645	21	1107	919	14
136.0	7101	26	23	7646	28	1195	652	9
136.0	6975	45	52	7647	36	847	661	13
136.0	6939	16	17	7648	15	917	1292	10
136.0	6961	6	6	7649	5	993	383	15
136.0	7231	31	31	7650	30	906	792	12
136.0	6888	8	8	7651	8	1588	571	15
136.0	6927	14	11	7652	16	648	719	9
136.0	6883	2	2	7653	2	1112	1410	9
136.0	7075	7	9	7654	5	813	1281	8
136.0	7077	14	12	7655	16	816	770	9
136.0	7014	19	19	7656	17	1386	1199	8
136.0	6880	16	15	7657	16	770	1677	10
136.0	7010	18	16	7658	20	860	1144	7
136.0	7135	17	16	7659	18	945	970	10
136.0	6904	13	12	7660	14	1075	972	12
136.0	6981	4	5	7661	3	756	1224	8
136.0	7045	13	12	7662	14	1080	596	14
136.0	7218	13	13	7663	12	1053	1294	11
136.0	7229	8	8	7664	8	818	566	11
136.0	7203	4	3	7665	5	914	1137	10
136.0	7089	19	22	7666	15	1168	1063	10
136.0	6960	14	11	7667	17	834	857	9
136.0	6950	7	6	7668	8	881	1194	7
136.0	7063	12	13	7669	11	1259	1911	10
136.0	6923	14	14	7670	13	1065	1122	13
136.0	7206	9	6	7671	10	545	927	10
136.0	7095	25	25	7672	24	1178	797	8
136.0	7141	8	9	7673	6	1181	1283	8
136.0	7155	12	13	7674	10	1128	1355	10
136.0	6931	20	17	7675	23	879	1024	12
136.0	7062	16	15	7676	16	1171	945	12
136.0	7287	13	15	7677	10	662	1350	8
136.0	6871	20	15	7678	23	885	1120	7
136.0	6941	19	13	7679	25	1068	994	7
136.0	6921	19	20	7680	17	1395	1002	12
137.0	7112	11	8	7681	14	823	1064	9
137.0	7110	9	7	7682	11	786	556	14
137.0	7208	8	5	7683	11	523	765	11
137.0	7185	34	34	7684	32	1176	454	10
137.0	6956	8	5	7685	11	827	786	9
137.0	6987	11	12	7686	9	1076	1212	11
137.0	7031	17	12	7687	20	664	739	9
137.0	6975	52	51	7688	48	847	661	14
137.0	7182	5	3	7689	6	973	723	11
137.0	7022	12	14	7690	10	187	241	12
137.0	7498	14	17	7691	11	1500	615	14
137.0	7189	19	18	7692	20	752	626	10
137.0	7082	10	10	7693	9	610	1435	9
137.0	7106	8	6	7694	8	524	865	12
137.0	6964	16	14	7695	18	1116	948	11
137.0	6965	15	20	7696	10	932	532	11
137.0	6863	30	31	7697	27	1048	771	12
137.0	7140	10	5	7698	13	981	484	9
137.0	7256	8	8	7699	7	1102	1359	10
137.0	6973	28	27	7700	27	396	499	13
137.0	6886	32	32	7701	29	815	612	9
137.0	7141	9	9	7702	9	1181	1283	9
137.0	6958	7	7	7703	7	795	1350	11
137.0	7013	15	16	7704	13	669	640	10
137.0	6970	22	17	7705	27	113	289	12
137.0	7088	9	7	7706	11	1132	1265	7
137.0	7077	12	13	7707	11	778	786	10
137.0	7158	27	23	7708	31	930	568	11
137.0	7484	11	9	7709	13	1089	1294	11
137.0	6907	14	14	7710	14	946	1043	10
137.0	7306	3	3	7711	3	1117	1317	7
137.0	7305	14	14	7712	14	921	848	8
137.0	7083	3	3	7713	3	1394	1610	12
137.0	7000	20	24	7714	16	579	1487	9
137.0	7029	14	15	7715	13	877	514	11
137.0	7126	12	11	7716	11	885	1081	11
137.0	6927	11	10	7717	12	648	719	10
137.0	6929	16	17	7718	15	978	1115	9
137.0	7041	13	8	7719	18	333	1371	10
137.0	7154	8	8	7720	8	1027	856	10
137.0	6922	33	37	7721	26	1255	686	9
137.0	6918	4	4	7722	4	1018	1193	9
137.0	7231	31	30	7723	29	906	792	13
137.0	7176	13	12	7724	11	812	638	11
138.0	7044	20	18	7725	22	1185	191	12
138.0	7000	24	25	7726	21	579	1487	10
138.0	6946	14	14	7727	13	904	599	9
138.0	6900	11	14	7728	8	1177	719	11
138.0	7136	10	10	7729	10	857	1197	11
138.0	6877	17	15	7730	17	198	1431	9
138.0	6889	10	10	7731	10	1209	1150	12
138.0	7013	16	18	7732	13	669	640	11
138.0	7097	18	12	7733	24	733	1182	11
138.0	7110	7	8	7734	6	786	556	15
138.0	7254	23	27	7735	18	937	583	11
138.0	6901	8	7	7736	9	944	958	11
138.0	6884	9	9	7737	8	1195	1341	10
138.0	6995	19	13	7738	22	769	547	9
138.0	7380	22	22	7739	22	1338	849	12
138.0	7140	5	4	7740	6	981	484	10
138.0	6988	12	10	7741	14	494	700	7
138.0	6868	8	7	7742	9	731	242	11
138.0	6918	4	5	7743	3	1018	1193	10
138.0	7484	9	6	7744	11	1089	1294	12
138.0	7279	16	15	7745	16	1181	669	8
138.0	6943	13	18	7746	8	1082	1032	10
138.0	7274	6	3	7747	9	1040	596	13
138.0	6922	37	32	7748	40	1350	806	10
138.0	7029	15	13	7749	17	877	514	12
138.0	7144	15	11	7750	18	1445	1221	8
138.0	6860	7	9	7751	5	642	1509	11
138.0	7170	24	23	7752	22	1069	810	10
138.0	6926	16	17	7753	14	600	1012	9
138.0	7047	23	23	7754	23	1272	1287	9
138.0	7416	23	21	7755	24	847	678	12
138.0	7123	16	21	7756	11	1452	1145	13
138.0	6947	14	12	7757	15	849	744	9
138.0	7115	10	12	7758	8	864	869	8
138.0	7049	8	5	7759	9	1177	747	11
138.0	7027	6	4	7760	8	680	823	10
139.0	7416	21	18	7761	23	847	678	13
139.0	7130	8	9	7762	6	806	1138	7
139.0	7269	5	8	7763	2	1042	1328	10
139.0	6928	13	9	7764	17	845	721	13
139.0	6872	23	26	7765	17	840	779	10
139.0	6978	8	6	7766	7	1352	1482	9
139.0	6856	26	27	7767	23	401	56	13
139.0	7078	14	10	7768	17	1347	1581	11
139.0	7274	3	3	7769	3	1040	596	14
139.0	7071	20	18	7770	21	1234	1885	11
139.0	7025	8	5	7771	11	1246	913	10
139.0	7237	17	19	7772	13	863	563	12
139.0	7183	15	13	7773	16	556	743	13
139.0	7180	11	13	7774	8	1097	1201	8
139.0	6988	10	8	7775	11	494	700	8
139.0	7210	16	18	7776	14	1110	677	11
139.0	6912	9	6	7777	12	989	1137	8
139.0	7359	18	14	7778	21	1248	1283	11
139.0	6959	18	20	7779	15	1873	1583	8
139.0	7136	10	10	7780	9	857	1197	12
139.0	6858	12	13	7781	11	1406	1076	12
139.0	7328	15	12	7782	17	369	627	12
139.0	7110	8	9	7783	7	786	556	16
139.0	6860	9	7	7784	10	642	1509	12
139.0	7092	7	7	7785	7	969	1203	13
139.0	7030	15	16	7786	12	1445	1318	12
139.0	7137	19	25	7787	13	989	1065	14
139.0	7149	15	16	7788	12	819	1141	12
139.0	7417	23	20	7789	24	1134	748	10
139.0	7086	6	5	7790	6	959	520	15
139.0	7179	22	21	7791	23	1113	1098	13
139.0	6948	31	29	7792	33	1137	885	13
139.0	6893	11	9	7793	12	944	638	11
139.0	6945	13	9	7794	17	1235	969	10
139.0	6926	17	14	7795	18	600	1012	10
139.0	7040	11	12	7796	10	945	612	10
140.0	7090	1	2	7797	0	1196	1378	8
140.0	6989	16	18	7798	12	757	850	9
140.0	7120	20	18	7799	20	1038	839	10
140.0	7109	31	35	7800	24	836	1375	9
140.0	6951	8	8	7801	7	1035	571	11
140.0	7436	10	14	7802	6	863	771	10
140.0	6948	29	27	7803	30	1137	885	14
140.0	6859	8	5	7804	11	958	689	12
140.0	6936	10	16	7805	4	890	495	9
140.0	7181	13	12	7806	14	1049	919	12
140.0	6963	15	13	7807	16	1120	734	10
140.0	7299	30	19	7808	40	996	771	9
140.0	7269	8	6	7809	9	1042	1328	11
140.0	7669	11	10	7810	12	1280	1890	11
140.0	7180	13	14	7811	12	1097	1201	9
140.0	6946	14	12	7812	13	904	599	10
140.0	7144	11	6	7813	15	1445	1221	9
140.0	7002	12	12	7814	12	987	1013	8
140.0	7360	13	11	7815	14	1156	738	11
140.0	7023	11	13	7816	9	1142	983	11
140.0	7337	22	21	7817	20	279	635	13
140.0	7314	11	12	7818	10	650	607	9
140.0	6932	27	26	7819	27	1108	488	10
140.0	7091	13	13	7820	12	988	1388	10
140.0	6974	26	26	7821	23	1109	1066	12
140.0	7188	12	12	7822	11	585	927	9
140.0	7161	38	34	7823	39	1243	818	7
140.0	7027	4	1	7824	7	680	823	11
140.0	7255	8	12	7825	4	1281	1184	12
140.0	7030	16	22	7826	10	1445	1318	13
140.0	6855	16	17	7827	15	1262	1701	9
140.0	6858	13	11	7828	15	1406	1076	13
140.0	6928	9	11	7829	6	845	721	14
140.0	7631	18	13	7830	21	369	381	10
140.0	7243	20	21	7831	19	61	325	14
140.0	7216	16	17	7832	13	676	78	9
140.0	7122	17	18	7833	16	337	589	11
140.0	6993	18	16	7834	19	1111	862	11
140.0	7176	12	8	7835	15	812	638	12
141.0	7039	8	7	7836	9	1093	1514	10
141.0	7137	25	21	7837	28	989	1065	15
141.0	7365	16	17	7838	14	1190	1139	9
141.0	6889	10	9	7839	10	1224	1150	13
141.0	6926	14	13	7840	14	600	1012	11
141.0	7314	12	14	7841	9	650	607	10
141.0	6905	15	12	7842	15	1045	1159	12
141.0	7688	48	49	7843	46	859	648	15
141.0	7363	10	7	7844	12	779	823	10
141.0	7138	14	12	7845	14	863	832	9
141.0	6906	3	5	7846	1	462	1444	10
141.0	7043	23	17	7847	28	399	693	9
141.0	7091	13	11	7848	14	988	1388	11
141.0	7080	12	11	7849	13	1208	520	12
141.0	7242	15	13	7850	17	803	1248	9
141.0	7028	12	12	7851	12	971	988	9
141.0	7061	11	9	7852	11	1018	1007	10
141.0	7299	19	19	7853	17	996	771	10
141.0	7746	8	10	7854	6	1093	1020	11
141.0	6962	30	31	7855	29	629	183	10
141.0	6881	22	21	7856	21	917	1192	7
141.0	7122	18	19	7857	16	337	589	12
141.0	7104	17	14	7858	18	1238	951	8
141.0	6901	7	7	7859	6	944	958	12
141.0	6921	20	21	7860	19	1395	1002	13
141.0	7228	25	18	7861	32	524	540	10
141.0	6853	8	11	7862	4	895	1160	10
141.0	7240	10	9	7863	11	865	1078	8
141.0	7035	14	16	7864	11	817	853	9
141.0	6948	27	27	7865	25	1137	885	15
141.0	7217	11	16	7866	6	473	1549	9
141.0	7032	7	5	7867	9	1012	1298	7
141.0	7109	35	30	7868	37	836	1375	10
141.0	7172	14	8	7869	20	1208	1080	10
141.0	7174	21	21	7870	21	243	685	12
141.0	6940	8	9	7871	6	1421	1153	11
141.0	6891	11	11	7872	9	840	1216	11
141.0	7180	14	13	7873	14	1097	1201	10
141.0	6963	13	12	7874	13	1120	734	11
141.0	6991	13	13	7875	13	1433	849	10
141.0	6845	8	9	7876	6	823	903	13
141.0	6902	10	10	7877	9	733	588	15
141.0	7123	21	17	7878	25	1452	1145	14
141.0	7120	18	17	7879	17	1038	839	11
142.0	7156	10	8	7880	11	1274	802	10
142.0	7363	7	8	7881	6	779	823	11
142.0	6848	13	11	7882	14	1036	953	12
142.0	7353	6	4	7883	6	964	1357	11
142.0	7053	12	13	7884	11	1210	886	11
142.0	7678	23	20	7885	25	859	1137	8
142.0	7329	23	26	7886	19	607	408	8
142.0	6996	4	2	7887	5	934	990	9
142.0	7092	7	6	7888	8	969	1203	14
142.0	6952	14	14	7889	14	822	994	9
142.0	7021	12	11	7890	13	1159	1171	11
142.0	7132	4	2	7891	5	778	1366	10
142.0	7232	24	30	7892	18	666	301	9
142.0	7051	12	12	7893	10	277	809	14
142.0	7147	19	19	7894	17	44	227	14
142.0	7228	18	19	7895	14	524	540	11
142.0	7213	28	30	7896	25	829	746	10
142.0	6896	29	25	7897	30	1319	35	10
142.0	7262	24	28	7898	18	1058	293	9
142.0	7205	15	14	7899	16	1275	738	9
142.0	7113	18	15	7900	20	945	1294	8
142.0	7227	9	11	7901	6	1006	522	10
142.0	7064	9	10	7902	8	1038	1100	10
142.0	6948	27	25	7903	27	1137	885	16
142.0	7211	6	6	7904	5	1125	633	10
142.0	7079	16	21	7905	11	830	296	11
142.0	6999	9	11	7906	7	871	1395	9
142.0	7261	23	23	7907	19	1155	719	9
142.0	6957	14	19	7908	8	891	964	8
142.0	7368	15	17	7909	13	1296	922	13
142.0	6934	15	14	7910	16	906	952	12
142.0	6901	7	8	7911	6	973	929	13
142.0	6925	19	12	7912	25	1110	719	13
142.0	6880	15	15	7913	15	785	1894	11
142.0	7125	11	10	7914	11	774	700	13
142.0	7259	25	27	7915	20	693	1608	10
142.0	6979	8	6	7916	10	919	1104	9
142.0	7420	10	8	7917	12	916	569	9
142.0	6915	5	5	7918	4	995	989	12
142.0	6911	10	11	7919	7	658	960	12
142.0	7055	9	9	7920	9	836	586	8
142.0	7178	31	32	7921	29	951	548	11
142.0	7608	19	20	7922	18	747	1196	7
143.0	6984	16	18	7923	14	1092	775	10
143.0	6906	5	8	7924	1	462	1444	11
143.0	7197	14	15	7925	13	1110	635	11
143.0	7093	11	17	7926	5	1161	1559	11
143.0	7100	19	19	7927	18	1046	812	9
143.0	7476	20	19	7928	21	942	828	12
143.0	7471	8	6	7929	10	718	1231	10
143.0	6987	12	13	7930	11	1076	1212	12
143.0	7370	24	25	7931	22	777	895	9
143.0	7088	7	9	7932	4	1132	1284	8
143.0	7587	11	7	7933	14	407	1552	9
143.0	6981	5	7	7934	3	756	1242	9
143.0	7155	13	11	7935	13	1079	1548	11
143.0	6999	11	12	7936	10	871	1395	10
143.0	6924	23	27	7937	19	285	428	10
143.0	7327	8	8	7938	8	1134	1203	12
143.0	7094	10	8	7939	11	859	600	12
143.0	7385	18	17	7940	19	1119	297	9
143.0	7152	16	16	7941	15	1074	680	11
143.0	7288	17	15	7942	18	1210	1782	10
143.0	6956	5	4	7943	5	827	805	10
143.0	6865	17	15	7944	17	1403	847	12
143.0	6953	39	34	7945	38	20	393	9
143.0	6846	4	6	7946	2	1000	596	14
143.0	7325	10	10	7947	9	925	1024	9
143.0	7002	12	14	7948	10	987	1030	9
143.0	6946	12	14	7949	10	904	599	11
143.0	7605	14	3	7950	24	1061	749	12
143.0	7417	20	26	7951	13	1134	769	11
143.0	7184	20	21	7952	18	663	242	10
143.0	7486	8	11	7953	4	548	847	11
143.0	7357	22	19	7954	24	1229	569	9
143.0	7185	34	28	7955	38	1176	454	11
143.0	7113	15	16	7956	14	945	1294	9
143.0	7079	21	20	7957	21	830	296	12
143.0	7204	21	23	7958	18	1366	1113	10
143.0	7031	12	15	7959	9	664	739	10
143.0	7316	12	11	7960	12	1337	1069	11
143.0	7231	30	29	7961	30	906	792	14
143.0	6927	10	8	7962	12	648	719	11
143.0	7039	7	7	7963	6	1093	1514	11
143.0	7282	23	21	7964	22	1140	526	13
143.0	7125	10	8	7965	11	774	700	14
143.0	7048	7	8	7966	5	564	1437	9
143.0	7416	18	21	7967	13	847	678	14
143.0	7359	14	16	7968	12	1248	1283	12
143.0	7047	23	28	7969	18	1297	1287	10
143.0	7085	9	8	7970	8	926	929	11
143.0	7411	21	22	7971	20	34	203	14
143.0	7297	25	23	7972	27	393	93	13
143.0	7014	19	14	7973	23	1372	1213	9
143.0	6923	14	16	7974	12	1065	1122	14
143.0	7363	8	9	7975	7	779	823	12
143.0	7003	7	6	7976	8	787	1238	11
143.0	6849	21	18	7977	22	984	583	11
143.0	7444	26	18	7978	34	1174	911	7
143.0	7323	17	21	7979	12	1032	1922	11
143.0	7272	6	5	7980	7	849	994	11
143.0	7262	28	36	7981	19	1058	293	10
143.0	7558	14	15	7982	13	923	736	11
143.0	7213	30	34	7983	25	829	746	11
144.0	7360	11	9	7984	13	1193	722	12
144.0	7475	8	8	7985	7	1005	884	11
144.0	6913	6	5	7986	7	0	794	10
144.0	6876	24	29	7987	19	1562	45	12
144.0	6983	17	19	7988	12	987	1179	9
144.0	7435	15	14	7989	16	601	1128	8
144.0	7611	4	4	7990	4	975	383	15
144.0	7058	8	7	7991	9	794	781	14
144.0	7191	16	15	7992	16	825	1172	6
144.0	7239	12	9	7993	15	804	759	9
144.0	7194	10	7	7994	12	1092	1128	14
144.0	6848	11	12	7995	10	1036	953	13
144.0	7711	3	2	7996	4	1144	1344	8
144.0	7201	20	23	7997	17	1144	1263	10
144.0	6927	8	7	7998	8	648	719	12
144.0	7016	6	6	7999	6	956	1173	10
144.0	6873	18	15	8000	21	224	364	13
144.0	7714	16	17	8001	15	579	1529	10
144.0	6976	12	12	8002	12	1206	1265	7
144.0	7043	17	14	8003	19	399	693	10
144.0	7681	14	15	8004	12	842	1064	10
144.0	7125	8	9	8005	7	774	700	15
144.0	6851	8	7	8006	7	500	828	11
144.0	7558	15	18	8007	11	923	736	12
144.0	7011	13	11	8008	15	1152	1361	11
144.0	7088	9	13	8009	5	1132	1304	9
144.0	7265	17	14	8010	20	1147	1240	11
144.0	6846	6	4	8011	6	1000	596	15
144.0	7337	21	20	8012	21	268	656	14
144.0	7144	6	9	8013	3	1445	1221	10
144.0	7161	34	32	8014	33	1239	682	8
144.0	7642	12	14	8015	9	837	1024	12
144.0	7307	7	11	8016	3	836	429	11
144.0	7549	16	10	8017	21	823	514	13
144.0	6870	17	16	8018	17	0	251	20
144.0	6981	7	8	8019	6	756	1242	10
144.0	7316	11	7	8020	15	1337	1069	12
144.0	7750	18	12	8021	23	1390	1269	9
144.0	7085	8	6	8022	9	926	929	12
144.0	7139	21	23	8023	17	1039	1805	10
144.0	7019	11	8	8024	14	1024	1096	9
144.0	7266	27	25	8025	28	1151	896	11
144.0	7262	36	44	8026	27	1058	293	11
145.0	7171	8	11	8027	5	1080	596	12
145.0	7816	9	11	8028	7	1154	995	12
145.0	7176	8	8	8029	8	812	638	13
145.0	7349	13	12	8030	13	1007	1044	10
145.0	7484	6	7	8031	5	1089	1294	13
145.0	7117	16	14	8032	16	1165	1246	12
145.0	6855	17	19	8033	14	1262	1701	10
145.0	8021	23	22	8034	24	1390	1287	10
145.0	6959	20	20	8035	18	1983	1594	9
145.0	6870	16	14	8036	16	0	251	21
145.0	7136	10	13	8037	7	857	1197	13
145.0	7253	2	2	8038	2	1131	1429	8
145.0	7215	12	11	8039	11	537	485	10
145.0	6873	15	14	8040	15	224	364	14
145.0	7058	7	6	8041	7	794	781	15
145.0	7125	9	11	8042	7	774	700	16
145.0	7103	26	25	8043	27	110	1205	11
145.0	7836	9	8	8044	10	1057	1535	11
145.0	7553	21	16	8045	26	1330	936	13
145.0	7089	22	20	8046	23	1168	1107	11
145.0	7146	21	22	8047	18	848	765	10
145.0	7395	5	4	8048	5	1018	1318	10
145.0	7330	22	18	8049	25	1218	800	11
145.0	7725	22	24	8050	17	1185	211	13
145.0	7753	14	13	8051	15	697	1036	10
145.0	7059	22	15	8052	29	1809	678	10
145.0	7577	11	10	8053	11	865	212	8
145.0	7711	2	2	8054	2	1144	1384	9
145.0	7154	8	11	8055	5	1027	878	11
145.0	7274	3	3	8056	2	1060	596	15
145.0	7191	15	15	8057	14	825	1172	7
145.0	7075	9	12	8058	6	813	1281	9
145.0	7190	18	17	8059	18	743	1066	8
145.0	6946	14	16	8060	10	904	599	12
145.0	7065	19	22	8061	14	1024	740	9
145.0	6973	27	27	8062	26	396	499	14
145.0	7533	26	27	8063	25	1053	873	10
145.0	7479	10	8	8064	11	43	262	19
145.0	7475	8	8	8065	7	1005	884	12
145.0	6937	21	18	8066	24	596	70	8
145.0	7261	23	22	8067	23	1177	719	10
145.0	8000	21	15	8068	27	211	364	14
145.0	7144	9	7	8069	11	1445	1221	11
145.0	7223	10	10	8070	9	1152	1034	10
145.0	7198	22	22	8071	21	1098	755	8
145.0	7642	14	13	8072	14	837	1024	13
145.0	7162	12	12	8073	12	1077	1175	10
145.0	7282	21	24	8074	18	1140	526	14
145.0	7053	13	18	8075	7	1210	886	12
145.0	7611	4	3	8076	5	975	383	16
145.0	7332	22	27	8077	15	1043	642	6
145.0	7351	17	18	8078	16	653	788	11
145.0	7247	13	15	8079	11	1274	1465	8
145.0	7308	19	16	8080	20	617	849	8
145.0	7318	8	6	8081	9	460	846	8
145.0	6952	14	12	8082	14	811	1005	10
145.0	7331	9	9	8083	9	1290	763	11
145.0	6876	29	30	8084	26	1562	45	13
145.0	6880	15	10	8085	20	854	1999	12
145.0	7681	15	13	8086	17	842	1064	11
145.0	7244	15	13	8087	17	1111	897	9
145.0	6857	5	7	8088	3	1038	1403	9
145.0	7511	17	17	8089	17	1183	862	11
145.0	6986	25	27	8090	23	1077	734	12
145.0	7206	6	3	8091	9	545	927	11
146.0	7642	13	15	8092	10	837	1024	14
146.0	7212	8	9	8093	7	756	1263	8
146.0	6875	22	25	8094	19	914	1074	11
146.0	7434	21	20	8095	22	1124	822	10
146.0	7163	26	25	8096	25	863	1335	12
146.0	7490	20	21	8097	19	976	1052	14
146.0	6849	18	19	8098	15	970	569	12
146.0	7321	25	25	8099	24	1630	503	10
146.0	7258	12	11	8100	11	950	906	7
146.0	7387	26	25	8101	25	1158	932	12
146.0	7585	29	31	8102	26	264	960	9
146.0	7192	9	5	8103	13	799	1282	9
146.0	7012	14	17	8104	11	853	501	10
146.0	7046	12	9	8105	15	902	654	12
146.0	7268	17	18	8106	16	1244	754	11
146.0	6964	14	13	8107	15	1116	948	12
146.0	7711	2	2	8108	2	1144	1384	10
146.0	7178	32	34	8109	30	951	548	12
146.0	7158	23	20	8110	25	918	533	12
146.0	7050	23	23	8111	23	293	1191	9
146.0	7040	12	14	8112	9	945	612	11
146.0	6895	10	8	8113	11	953	739	11
146.0	7344	6	6	8114	6	511	1283	9
146.0	7190	17	16	8115	17	743	1066	9
146.0	7191	15	14	8116	15	825	1172	8
146.0	7233	24	26	8117	22	495	156	10
146.0	7525	16	15	8118	15	1797	689	10
146.0	7112	8	7	8119	9	716	1072	10
146.0	7037	5	6	8120	4	443	483	10
146.0	7185	28	26	8121	29	1205	360	12
146.0	6901	8	12	8122	3	986	894	14
146.0	7218	13	9	8123	17	1040	1307	12
146.0	6897	20	23	8124	16	924	851	10
146.0	7339	9	12	8125	5	1144	1776	12
146.0	6977	10	12	8126	6	1158	1150	12
146.0	7156	8	7	8127	9	1274	802	11
146.0	7124	21	22	8128	20	1192	893	10
146.0	7573	14	17	8129	10	1047	368	9
146.0	6919	11	11	8130	11	1407	873	11
146.0	7408	18	17	8131	17	1092	718	11
146.0	7816	11	9	8132	13	1154	995	13
146.0	7790	6	6	8133	6	959	507	16
146.0	7162	12	8	8134	14	1077	1175	11
146.0	7125	11	9	8135	12	753	700	17
146.0	7463	7	9	8136	5	958	710	12
146.0	7264	15	18	8137	10	1234	1045	10
146.0	7090	2	2	8138	2	1244	1378	9
146.0	7068	12	13	8139	11	866	1075	9
146.0	7225	10	8	8140	10	890	747	9
146.0	7699	7	8	8141	6	1088	1354	11
146.0	6882	13	10	8142	14	1245	1467	9
146.0	7611	3	4	8143	2	975	383	17
146.0	6878	24	20	8144	28	1118	1557	10
146.0	7284	14	13	8145	15	1347	1307	10
147.0	7287	15	10	8146	19	448	1421	9
147.0	6934	14	10	8147	17	906	952	13
147.0	8005	7	6	8148	8	729	690	16
147.0	7399	10	12	8149	8	1206	1303	6
147.0	7158	20	20	8150	19	918	533	13
147.0	6950	6	5	8151	6	881	1194	8
147.0	6887	20	20	8152	20	922	888	11
147.0	7422	11	8	8153	14	896	1005	9
147.0	7388	14	10	8154	18	1095	1070	9
147.0	7119	11	11	8155	11	806	890	11
147.0	7034	12	11	8156	12	1230	846	11
147.0	7057	7	8	8157	6	1178	1149	14
147.0	7075	12	13	8158	11	813	1281	10
147.0	7280	12	10	8159	14	457	1274	8
147.0	6990	2	3	8160	1	1063	1322	8
147.0	7058	6	5	8161	7	794	781	16
147.0	7157	23	25	8162	21	252	711	9
147.0	7066	13	14	8163	12	987	1087	11
147.0	7101	23	18	8164	27	1561	616	10
147.0	7218	9	8	8165	10	1040	1307	13
147.0	7213	34	27	8166	39	829	746	12
147.0	7484	7	3	8167	10	1089	1294	14
147.0	7338	22	22	8168	19	1256	1395	10
147.0	7369	20	21	8169	18	1176	697	10
147.0	7714	17	19	8170	12	579	1529	11
147.0	7062	15	15	8171	13	1192	945	13
147.0	6908	25	28	8172	21	1498	786	7
147.0	6955	21	22	8173	18	1107	919	15
147.0	7185	26	17	8174	35	1205	360	13
147.0	7251	15	12	8175	16	1465	1008	12
147.0	6897	23	22	8176	23	924	851	11
147.0	7077	13	11	8177	15	766	798	11
147.0	7294	10	7	8178	13	909	389	8
147.0	7229	8	7	8179	8	818	566	12
147.0	6866	19	25	8180	13	627	545	9
147.0	7310	20	14	8181	26	1097	1151	13
147.0	7632	25	24	8182	26	792	1216	8
147.0	7273	35	42	8183	25	186	437	16
147.0	7187	33	36	8184	29	1269	1115	9
147.0	7028	12	11	8185	13	971	986	10
147.0	7145	6	4	8186	8	585	831	9
147.0	7168	6	4	8187	7	1096	1312	9
147.0	7438	16	14	8188	18	307	103	18
147.0	7006	16	17	8189	14	903	736	11
147.0	7097	12	12	8190	12	603	1182	12
147.0	6853	11	15	8191	7	895	1160	11
147.0	7036	4	3	8192	5	857	916	9
147.0	7751	5	3	8193	7	653	1497	12
147.0	7160	8	9	8194	7	930	377	12
147.0	7080	11	11	8195	11	1214	457	13
147.0	7642	15	13	8196	15	811	1024	15
147.0	7585	31	34	8197	26	143	903	10
147.0	7042	20	22	8198	18	1228	655	9
147.0	7339	12	15	8199	8	1144	1776	13
147.0	7559	9	7	8200	10	889	1253	12
147.0	7001	38	38	8201	33	1078	897	8
147.0	7148	23	20	8202	24	1061	624	11
147.0	7428	8	9	8203	5	956	888	14
147.0	7308	16	15	8204	15	549	886	9
147.0	7531	7	1	8205	12	917	916	8
147.0	7283	14	15	8206	13	592	956	8
147.0	7040	14	14	8207	12	945	612	12
147.0	7305	14	15	8208	13	940	865	9
147.0	7351	18	17	8209	19	653	788	12
148.0	7352	9	7	8210	11	911	628	10
148.0	7613	14	18	8211	10	65	872	9
148.0	7493	10	10	8212	10	1016	649	11
148.0	7458	8	9	8213	6	719	753	12
148.0	7313	27	27	8214	27	985	782	10
148.0	7429	14	15	8215	13	1020	536	11
148.0	7084	29	27	8216	28	571	493	11
148.0	7448	16	16	8217	16	732	1374	9
148.0	7070	13	13	8218	11	1038	378	9
148.0	7345	18	18	8219	18	977	842	11
148.0	7218	8	11	8220	4	1040	1307	14
148.0	7276	23	24	8221	21	1493	623	10
148.0	7515	19	27	8222	10	945	1271	8
148.0	7057	8	5	8223	10	1178	1149	15
148.0	7508	16	11	8224	20	684	719	10
148.0	7470	9	8	8225	9	1012	682	10
148.0	7293	14	17	8226	11	1374	1592	11
148.0	6850	13	14	8227	12	1055	731	11
148.0	7305	15	16	8228	13	940	865	10
148.0	8187	7	9	8229	5	1107	1323	10
148.0	7698	13	15	8230	11	906	298	10
148.0	7377	7	4	8231	8	488	839	10
148.0	7471	6	8	8232	4	635	1174	11
148.0	7153	17	16	8233	17	961	1382	9
148.0	7677	10	11	8234	9	625	1220	9
148.0	7380	22	23	8235	21	1338	849	13
148.0	6949	11	8	8236	13	699	1779	12
148.0	7228	19	15	8237	21	524	540	12
148.0	7329	26	27	8238	23	607	408	9
148.0	7857	16	11	8239	21	337	605	13
148.0	7590	8	5	8240	11	968	497	15
148.0	7116	18	18	8241	17	980	1265	6
148.0	7334	8	5	8242	9	906	1668	10
148.0	6907	14	15	8243	13	946	1043	11
148.0	6899	10	10	8244	10	1109	1030	12
148.0	7187	36	30	8245	40	1269	1115	10
148.0	7959	9	5	8246	12	673	729	11
148.0	7512	13	14	8247	12	879	1363	9
148.0	7148	20	18	8248	20	1061	624	12
148.0	6848	12	13	8249	9	1036	953	14
148.0	7125	9	10	8250	7	753	700	18
148.0	7193	8	8	8251	8	1175	593	12
148.0	7211	6	2	8252	10	1125	612	11
148.0	7559	7	7	8253	7	889	1253	13
148.0	7632	24	28	8254	19	792	1216	9
148.0	7132	2	3	8255	1	778	1456	11
148.0	6929	17	15	8256	18	978	1115	10
148.0	7029	13	9	8257	17	883	502	13
148.0	6866	25	18	8258	31	627	545	10
148.0	7243	21	19	8259	22	0	337	15
148.0	7745	16	16	8260	15	1170	679	9
148.0	7129	25	22	8261	28	1746	209	8
148.0	7422	8	11	8262	5	896	1005	10
148.0	7607	9	6	8263	11	1067	787	13
149.0	7153	16	15	8264	16	961	1382	10
149.0	7348	19	18	8265	20	900	1314	11
149.0	7132	3	4	8266	2	778	1456	12
149.0	7262	44	41	8267	45	902	334	12
149.0	6909	10	12	8268	7	850	964	9
149.0	7366	14	17	8269	10	885	658	11
149.0	6994	2	2	8270	2	586	1281	10
149.0	7536	15	17	8271	12	1011	1203	9
149.0	7410	9	6	8272	12	1083	1056	10
149.0	6907	15	13	8273	17	946	1043	12
149.0	7499	12	11	8274	13	719	1400	11
149.0	7497	16	19	8275	13	431	821	9
149.0	6949	8	6	8276	10	691	1765	13
149.0	7026	19	18	8277	20	979	867	12
149.0	7329	27	23	8278	30	607	408	10
149.0	7007	18	16	8279	20	1384	1339	11
149.0	7188	12	11	8280	13	647	884	10
149.0	7600	6	3	8281	8	895	372	11
149.0	7549	10	12	8282	8	823	514	14
149.0	7119	11	15	8283	7	806	890	12
149.0	7352	7	4	8284	10	911	628	11
149.0	7105	24	21	8285	27	866	1660	5
149.0	7114	14	17	8286	10	992	753	10
149.0	7209	14	9	8287	18	788	662	12
149.0	7241	27	27	8288	27	402	234	11
149.0	7055	9	12	8289	6	836	586	9
149.0	7279	15	18	8290	12	1181	669	9
149.0	6871	15	14	8291	15	839	1112	8
149.0	6992	31	30	8292	31	1084	915	7
149.0	6932	26	23	8293	27	1108	488	11
149.0	7271	21	20	8294	21	1137	1038	12
149.0	7515	27	25	8295	27	945	1271	9
149.0	6930	13	14	8296	11	807	1524	11
149.0	7045	12	11	8297	12	1107	514	15
149.0	6903	18	16	8298	20	1257	851	12
149.0	6958	7	9	8299	5	795	1440	12
149.0	7039	7	10	8300	4	1093	1514	12
149.0	7033	6	7	8301	5	817	1217	11
149.0	7311	14	13	8302	15	1012	906	9
149.0	7528	22	21	8303	21	1094	639	12
149.0	6898	14	11	8304	17	484	941	12
149.0	7783	7	7	8305	7	797	544	17
149.0	7697	27	21	8306	32	1094	783	13
149.0	7187	30	22	8307	37	1269	1115	11
149.0	7282	24	19	8308	26	1128	514	15
149.0	6997	8	4	8309	10	1020	819	14
149.0	6980	15	14	8310	16	752	738	11
149.0	7480	8	10	8311	6	876	581	12
149.0	6890	13	15	8312	11	1016	1112	10
149.0	6876	30	35	8313	23	1562	45	14
149.0	7275	16	14	8314	18	956	661	11
149.0	6998	17	19	8315	15	659	1124	8
149.0	7938	8	13	8316	3	1159	1216	13
149.0	7318	6	2	8317	10	445	861	9
149.0	7189	18	18	8318	17	685	581	11
149.0	8005	6	5	8319	6	729	690	17
149.0	7218	11	11	8320	11	1040	1307	15
149.0	7331	9	10	8321	6	1304	749	12
149.0	7361	9	10	8322	8	1169	1068	11
149.0	6991	13	15	8323	11	1662	829	11
149.0	7293	17	22	8324	11	1374	1592	12
150.0	7036	3	2	8325	4	857	916	10
150.0	7255	12	13	8326	10	1307	1241	13
150.0	7521	14	15	8327	13	717	799	13
150.0	7378	15	13	8328	17	1181	612	12
150.0	6922	32	32	8329	29	1350	806	11
150.0	8283	7	6	8330	8	784	890	13
150.0	6988	8	8	8331	8	494	700	9
150.0	6971	12	12	8332	12	1027	660	11
150.0	7781	11	10	8333	11	1374	1076	13
150.0	7241	27	20	8334	34	402	234	12
150.0	7177	17	12	8335	20	1120	596	9
150.0	6951	8	7	8336	8	1049	535	12
150.0	7397	6	9	8337	3	1227	606	11
150.0	7117	14	15	8338	12	1191	1246	13
150.0	7020	10	12	8339	8	701	739	10
150.0	7553	16	19	8340	12	1372	936	14
150.0	7222	20	24	8341	16	992	1104	8
150.0	7260	7	7	8342	7	1032	1015	9
150.0	7165	19	17	8343	21	576	590	10
150.0	7530	11	10	8344	12	808	917	12
150.0	7069	19	19	8345	18	798	282	8
150.0	7246	20	25	8346	15	1126	1088	11
150.0	6961	6	7	8347	5	948	311	16
150.0	6882	10	9	8348	10	1245	1467	10
150.0	6945	9	10	8349	8	1256	969	11
150.0	7022	14	17	8350	11	164	301	13
150.0	7087	5	5	8351	4	1097	1606	8
150.0	7522	11	14	8352	7	1324	1159	12
150.0	7575	15	13	8353	16	1297	956	13
150.0	7035	16	20	8354	12	783	869	10
150.0	7450	20	17	8355	21	1137	659	11
150.0	6980	14	12	8356	16	752	738	12
150.0	6854	3	2	8357	4	994	943	15
150.0	6947	12	11	8358	13	849	744	10
150.0	6879	22	22	8359	22	740	1405	10
150.0	7232	30	25	8360	33	420	333	10
150.0	6935	15	9	8361	21	923	1246	8
150.0	7031	15	14	8362	15	664	739	11
150.0	7515	25	29	8363	20	945	1271	10
150.0	6910	24	24	8364	23	961	807	11
150.0	7362	14	15	8365	13	293	991	13
150.0	7063	13	15	8366	11	1246	1925	11
150.0	6987	13	14	8367	11	1076	1227	13
150.0	6926	13	11	8368	15	605	1078	12
150.0	7111	7	7	8369	6	930	987	10
150.0	7051	12	13	8370	9	277	809	15
150.0	7358	7	4	8371	10	948	464	8
150.0	6903	16	20	8372	12	1257	851	13
150.0	7108	10	14	8373	6	1006	1274	12
150.0	6964	13	15	8374	10	1116	948	13
150.0	7118	2	2	8375	2	1048	905	11
150.0	7312	18	19	8376	17	1193	858	9
150.0	7258	11	15	8377	7	950	906	8
150.0	6931	17	23	8378	11	838	1024	13
150.0	7237	19	17	8379	20	863	544	13
150.0	7372	7	8	8380	6	1108	1259	11
150.0	7409	11	13	8381	9	698	532	15
151.0	7368	17	15	8382	17	1338	922	14
151.0	7142	28	26	8383	28	256	448	10
151.0	7108	14	15	8384	12	1006	1274	13
151.0	7373	21	26	8385	13	1186	549	10
151.0	7241	20	28	8386	12	402	234	13
151.0	7044	18	17	8387	18	1185	170	13
151.0	7467	4	4	8388	4	1066	1263	10
151.0	7088	13	11	8389	13	1150	1304	10
151.0	7453	21	20	8390	22	1326	655	11
151.0	7336	8	7	8391	9	1223	1211	13
151.0	6973	27	30	8392	24	396	499	15
151.0	7806	14	12	8393	15	1049	939	13
151.0	7530	10	10	8394	9	808	917	13
151.0	7570	15	13	8395	16	1026	1388	11
151.0	7362	15	13	8396	15	293	991	14
151.0	7599	15	14	8397	16	1196	825	12
151.0	7031	14	17	8398	11	664	739	12
151.0	7409	13	14	8399	10	698	532	16
151.0	7256	8	8	8400	8	1088	1373	11
151.0	6886	32	32	8401	32	815	612	10
151.0	7255	13	10	8402	16	1307	1241	14
151.0	7147	19	18	8403	19	44	227	15
151.0	7359	16	15	8404	17	1261	1296	13
151.0	7258	15	17	8405	12	950	906	9
151.0	7500	10	10	8406	10	1334	1109	11
151.0	7302	27	27	8407	26	423	312	11
151.0	7009	8	7	8408	9	956	690	10
151.0	7726	21	21	8409	20	579	1508	11
151.0	7431	5	3	8410	7	889	1037	10
151.0	7688	49	40	8411	57	859	615	16
151.0	7247	15	14	8412	14	1274	1465	9
151.0	7202	18	17	8413	18	944	803	13
151.0	6856	27	25	8414	25	323	22	14
151.0	7510	5	6	8415	4	1011	959	15
151.0	7343	5	4	8416	5	1043	676	9
151.0	7099	7	8	8417	6	608	1399	11
151.0	7069	19	14	8418	23	798	282	9
151.0	7261	22	24	8419	18	1219	719	11
151.0	7233	26	20	8420	31	459	256	11
151.0	7401	3	5	8421	1	1076	971	11
151.0	7444	18	18	8422	18	1187	918	8
151.0	7639	14	12	8423	16	1364	886	12
151.0	7492	22	16	8424	26	1371	1184	8
151.0	7195	14	8	8425	20	840	1467	10
151.0	7005	14	12	8426	15	1419	1100	13
151.0	7251	12	12	8427	12	1465	1008	13
151.0	7187	22	25	8428	17	1269	1115	12
151.0	7246	25	28	8429	21	1126	1088	12
151.0	7728	8	7	8430	8	1222	673	12
151.0	6862	9	11	8431	6	861	1257	12
151.0	6861	10	9	8432	11	702	763	13
151.0	7096	7	9	8433	4	885	212	8
151.0	7041	8	8	8434	8	318	1320	11
151.0	7515	29	20	8435	36	945	1271	11
151.0	7598	13	12	8436	12	755	1079	9
151.0	7232	25	21	8437	27	420	333	11
152.0	7921	29	29	8438	26	963	535	12
152.0	7719	18	20	8439	16	416	1247	11
152.0	7670	13	12	8440	14	1065	1152	14
152.0	7924	1	0	8441	2	479	1444	12
152.0	7559	7	5	8442	9	889	1253	14
152.0	7160	9	6	8443	12	930	377	13
152.0	7232	21	21	8444	20	420	333	12
152.0	6970	17	16	8445	16	143	267	13
152.0	7285	27	25	8446	28	932	467	11
152.0	7304	14	14	8447	13	1232	1022	11
152.0	6975	51	46	8448	54	828	642	15
152.0	7097	12	10	8449	14	603	1182	13
152.0	7201	23	22	8450	21	1131	1298	11
152.0	8082	14	15	8451	13	746	1017	11
152.0	7651	8	5	8452	11	1539	611	16
152.0	7498	17	15	8453	19	1378	794	15
152.0	7500	10	11	8454	8	1353	1109	12
152.0	7058	5	3	8455	7	794	781	17
152.0	7200	9	11	8456	7	971	968	12
152.0	7301	26	28	8457	20	1054	1108	12
152.0	7424	16	15	8458	17	1133	919	14
152.0	7699	8	10	8459	6	1088	1354	12
152.0	7195	8	6	8460	9	840	1467	11
152.0	6967	21	23	8461	18	1079	639	12
152.0	7303	16	17	8462	15	1262	832	12
152.0	6914	5	3	8463	7	1018	1387	9
152.0	6877	15	15	8464	14	389	1503	10
152.0	7362	13	12	8465	14	293	991	15
152.0	6989	18	24	8466	12	675	859	10
152.0	7452	11	11	8467	11	1025	1065	13
152.0	7892	18	16	8468	19	752	337	10
152.0	6885	19	22	8469	16	1273	1639	13
152.0	7182	3	5	8470	1	994	723	12
152.0	7186	14	12	8471	15	1061	1028	11
152.0	7128	9	10	8472	8	1005	671	5
152.0	7134	27	26	8473	28	203	183	11
152.0	6910	24	20	8474	27	961	807	12
152.0	7187	25	23	8475	26	1269	1115	13
152.0	7883	6	5	8476	6	951	1344	12
152.0	7082	10	12	8477	8	550	1542	10
152.0	7540	8	5	8478	11	636	753	11
152.0	7021	11	11	8479	9	1178	1171	12
152.0	7093	17	17	8480	16	1322	1566	12
152.0	7320	6	6	8481	4	1005	1012	10
152.0	7122	19	16	8482	22	326	501	13
152.0	7428	9	12	8483	6	969	875	15
152.0	7011	11	11	8484	11	1169	1361	12
152.0	7949	10	7	8485	12	904	565	12
152.0	7224	22	25	8486	18	1082	1257	10
152.0	7509	21	17	8487	25	824	454	10
152.0	7427	8	10	8488	6	1238	1278	7
152.0	7491	9	9	8489	9	755	764	14
152.0	7455	13	14	8490	11	964	1032	8
152.0	7252	21	24	8491	14	864	817	8
152.0	7662	14	13	8492	15	1119	553	15
152.0	7241	28	32	8493	21	402	234	14
152.0	6926	11	9	8494	13	605	1078	13
152.0	6993	16	14	8495	18	1127	844	12
152.0	7099	8	10	8496	6	608	1399	12
152.0	7108	15	18	8497	11	1006	1274	14
152.0	7637	13	13	8498	13	1235	1005	10
152.0	7071	18	19	8499	17	1233	1806	12
152.0	7383	8	4	8500	12	807	430	9
152.0	7314	14	13	8501	15	650	607	11
152.0	7307	11	8	8502	14	836	410	12
152.0	7184	21	20	8503	18	576	234	11
152.0	7180	13	13	8504	13	1119	1170	11
152.0	7479	8	6	8505	10	41	308	20
153.0	7072	7	6	8506	8	502	909	9
153.0	7754	23	23	8507	21	1341	1287	10
153.0	7502	24	31	8508	17	698	642	9
153.0	7474	18	25	8509	9	1228	1624	11
153.0	6883	2	2	8510	1	1125	1423	10
153.0	7274	3	1	8511	5	1090	544	16
153.0	7322	9	7	8512	10	1087	1191	7
153.0	7835	15	14	8513	16	754	621	13
153.0	7699	10	9	8514	11	1088	1354	13
153.0	6955	22	15	8515	28	1107	919	16
153.0	7466	4	4	8516	4	1157	1437	9
153.0	7077	11	11	8517	9	754	810	12
153.0	7826	10	11	8518	8	1346	1327	14
153.0	8070	9	4	8519	14	1165	1020	11
153.0	7387	25	23	8520	24	1171	939	13
153.0	7181	12	9	8521	15	1035	914	13
153.0	6957	19	17	8522	21	879	976	9
153.0	7047	28	29	8523	25	1297	1287	11
153.0	7160	6	7	8524	5	930	377	14
153.0	7374	12	14	8525	10	985	619	10
153.0	7544	15	11	8526	19	1409	1187	12
153.0	7016	6	4	8527	7	935	1173	11
153.0	7397	9	8	8528	10	1227	606	12
153.0	7721	26	31	8529	20	1563	779	10
153.0	7233	20	23	8530	16	462	377	12
153.0	7448	16	12	8531	18	732	1374	10
153.0	7234	29	26	8532	31	1214	951	6
153.0	8036	16	11	8533	21	16	251	22
153.0	7110	9	9	8534	9	759	551	17
153.0	7134	26	22	8535	27	150	96	12
153.0	6972	9	9	8536	9	839	613	10
153.0	7053	18	22	8537	14	1244	890	13
153.0	7093	17	19	8538	14	1368	1634	13
153.0	7279	18	19	8539	16	1181	669	10
153.0	7012	17	18	8540	15	853	482	11
153.0	7252	24	26	8541	21	864	817	9
153.0	7130	9	9	8542	9	806	1138	8
153.0	7102	16	14	8543	18	937	709	10
153.0	7273	42	46	8544	37	186	437	17
153.0	6910	20	22	8545	18	961	807	13
153.0	7074	24	28	8546	20	630	398	9
153.0	7085	6	2	8547	9	926	929	13
153.0	7814	12	12	8548	12	981	998	9
153.0	7858	18	21	8549	14	1339	893	9
153.0	7750	12	8	8550	15	1390	1269	10
153.0	7498	15	11	8551	18	1378	794	16
153.0	7087	5	5	8552	5	1097	1606	9
153.0	7109	30	30	8553	28	832	1324	11
153.0	7214	14	17	8554	11	683	1585	9
153.0	7351	17	18	8555	16	637	786	13
153.0	7645	21	26	8556	16	1248	971	15
153.0	7968	12	13	8557	10	1265	1265	13
153.0	7489	17	15	8558	18	1101	872	9
153.0	6930	14	13	8559	15	807	1524	12
153.0	7509	17	15	8560	17	824	454	11
153.0	7216	17	20	8561	13	781	218	10
153.0	7587	7	7	8562	7	422	1649	10
153.0	7439	13	10	8563	14	1408	1030	11
154.0	7733	24	23	8564	25	415	1107	12
154.0	7043	14	12	8565	15	399	693	11
154.0	7074	28	31	8566	23	630	398	10
154.0	7279	19	20	8567	18	1181	669	11
154.0	7379	8	10	8568	6	258	827	14
154.0	7562	9	11	8569	7	1126	634	10
154.0	6973	30	24	8570	35	396	499	16
154.0	7448	12	7	8571	17	732	1374	11
154.0	7799	20	19	8572	20	1104	841	11
154.0	6865	15	14	8573	16	1403	847	13
154.0	7149	16	19	8574	13	819	1141	13
154.0	6883	2	1	8575	3	1125	1423	11
154.0	7220	23	21	8576	25	427	666	11
154.0	7269	6	8	8577	4	1058	1387	12
154.0	7527	20	17	8578	21	729	926	9
154.0	7113	16	15	8579	17	927	1294	10
154.0	8191	7	8	8580	6	881	1146	12
154.0	7469	16	12	8581	19	741	795	13
154.0	6948	25	25	8582	24	1167	872	17
154.0	7047	29	32	8583	25	1297	1287	12
154.0	7351	18	20	8584	15	637	786	14
154.0	7190	16	19	8585	13	687	1147	10
154.0	7226	12	11	8586	11	1110	677	12
154.0	7155	11	11	8587	11	1079	1548	12
154.0	7343	4	5	8588	3	1043	676	10
154.0	7400	13	9	8589	17	1037	1152	10
154.0	7538	18	17	8590	19	1261	60	12
154.0	7544	11	10	8591	12	1409	1187	13
154.0	7827	15	14	8592	16	1272	1690	10
154.0	7289	14	13	8593	13	1294	616	11
154.0	6910	22	22	8594	21	961	807	14
154.0	7359	15	15	8595	15	1261	1296	14
154.0	7649	5	4	8596	6	1005	395	16
154.0	6937	18	20	8597	16	658	41	9
154.0	7150	12	9	8598	15	702	909	9
154.0	7536	17	14	8599	17	1027	1187	10
154.0	7848	14	14	8600	12	1007	1432	12
154.0	7621	13	11	8601	15	1045	1965	12
154.0	7830	21	24	8602	17	258	393	11
154.0	7601	8	9	8603	6	1768	692	15
154.0	6893	9	8	8604	10	963	638	12
154.0	8140	10	10	8605	10	877	718	10
154.0	7184	20	24	8606	15	576	234	12
154.0	7391	17	16	8607	16	11	239	17
154.0	7704	13	16	8608	10	675	682	11
154.0	7474	25	24	8609	25	1228	1624	12
154.0	7358	4	7	8610	1	948	464	9
154.0	6853	15	16	8611	13	895	1160	12
154.0	8236	13	13	8612	13	713	1873	13
154.0	7303	17	17	8613	16	1283	832	13
154.0	7341	2	2	8614	2	1018	408	14
154.0	8021	22	19	8615	25	1403	1300	11
154.0	7577	10	10	8616	10	865	212	9
154.0	6956	4	5	8617	2	827	824	11
154.0	7516	14	11	8618	16	1348	487	12
154.0	7284	13	12	8619	13	1367	1434	11
154.0	7274	1	1	8620	1	1090	544	17
154.0	7156	7	6	8621	8	1288	788	12
154.0	6872	26	25	8622	26	824	779	11
154.0	7503	33	30	8623	32	42	373	9
154.0	7676	16	19	8624	13	1213	988	13
154.0	7102	14	11	8625	16	937	709	11
154.0	7238	9	8	8626	10	1308	1628	11
154.0	7319	24	21	8627	26	864	704	11
154.0	7032	5	5	8628	5	994	1298	8
154.0	8000	15	16	8629	14	139	368	15
154.0	7771	11	12	8630	10	1300	924	11
154.0	7698	15	12	8631	16	906	298	11
154.0	7048	8	10	8632	4	601	1473	10
154.0	7227	11	12	8633	9	1006	522	11
154.0	6860	7	5	8634	8	681	1478	13
154.0	7293	22	20	8635	22	1374	1592	13
155.0	7238	8	10	8636	6	1308	1628	12
155.0	7506	9	10	8637	8	1169	1046	12
155.0	7229	7	7	8638	7	818	566	13
155.0	7318	2	2	8639	2	445	861	10
155.0	7354	16	18	8640	14	748	575	12
155.0	6865	14	13	8641	15	1403	847	14
155.0	6981	8	6	8642	10	738	1260	11
155.0	7434	20	19	8643	20	1124	822	11
155.0	7367	21	21	8644	21	1398	1229	12
155.0	8187	9	7	8645	10	1107	1323	11
155.0	7126	11	15	8646	7	885	1081	12
155.0	7410	6	8	8647	3	1096	1043	11
155.0	8529	20	24	8648	16	1576	779	11
155.0	7646	28	23	8649	31	1430	719	10
155.0	7283	15	20	8650	10	592	956	9
155.0	6910	22	25	8651	18	961	807	15
155.0	7321	25	27	8652	23	1908	394	11
155.0	6965	20	20	8653	19	920	449	12
155.0	6978	6	3	8654	9	1352	1482	10
155.0	7357	19	22	8655	16	1229	569	10
155.0	7067	16	19	8656	11	1034	724	10
155.0	7776	14	16	8657	12	1128	717	12
155.0	6880	10	11	8658	9	854	1999	13
155.0	7262	41	47	8659	32	887	319	13
155.0	7138	12	14	8660	10	811	804	10
155.0	7631	13	14	8661	12	311	367	11
155.0	7219	7	6	8662	7	829	1226	11
155.0	7892	16	15	8663	17	752	337	11
155.0	7008	21	20	8664	22	1021	978	9
155.0	7702	9	12	8665	6	1199	1304	10
155.0	7122	16	17	8666	14	326	501	14
155.0	6961	7	9	8667	5	948	311	17
155.0	7537	5	4	8668	5	865	251	10
155.0	6900	14	15	8669	12	1251	719	12
155.0	7604	7	6	8670	8	696	1167	13
155.0	7583	24	19	8671	27	1870	587	10
155.0	7536	14	13	8672	15	1027	1187	11
155.0	7435	14	15	8673	12	601	1128	9
155.0	8082	15	18	8674	12	746	1017	12
155.0	7316	7	10	8675	4	1337	1069	13
155.0	8075	7	4	8676	10	1300	853	13
155.0	7217	16	17	8677	15	398	1773	10
155.0	7167	8	7	8678	8	983	1156	6
155.0	7577	10	8	8679	11	865	212	10
155.0	8200	10	9	8680	11	900	1219	13
155.0	7561	20	23	8681	16	34	634	11
155.0	7185	17	19	8682	14	1221	273	14
155.0	7204	23	20	8683	22	1385	1113	11
155.0	7670	12	15	8684	8	1065	1152	15
155.0	7425	29	32	8685	25	1126	538	9
155.0	7413	25	23	8686	24	1155	840	9
155.0	7177	12	7	8687	17	1120	596	10
155.0	7203	3	1	8688	5	914	1137	11
155.0	6864	8	8	8689	7	1325	1357	12
155.0	7183	13	13	8690	11	547	673	14
155.0	7921	29	27	8691	29	963	535	13
155.0	7391	16	13	8692	19	11	239	18
155.0	7908	8	7	8693	9	794	974	9
155.0	7237	17	14	8694	19	863	544	14
155.0	7799	19	16	8695	22	1104	841	12
155.0	7527	17	13	8696	20	729	926	10
155.0	7344	6	5	8697	7	511	1283	10
155.0	7086	5	7	8698	3	959	520	16
156.0	7407	19	17	8699	19	1459	470	10
156.0	7372	8	8	8700	8	1108	1241	12
156.0	8303	21	17	8701	25	1106	651	13
156.0	7167	7	5	8702	9	983	1156	7
156.0	7326	15	15	8703	14	954	859	10
156.0	7609	19	16	8704	20	1171	695	9
156.0	7744	11	12	8705	10	1139	1360	13
156.0	7004	15	13	8706	16	787	921	11
156.0	7413	23	23	8707	22	1155	840	10
156.0	7759	9	12	8708	6	1223	772	12
156.0	7813	15	18	8709	10	1547	1337	10
156.0	7367	21	31	8710	11	1398	1229	13
156.0	7044	17	19	8711	15	1185	170	14
156.0	7551	9	7	8712	11	1173	785	10
156.0	7300	14	14	8713	13	931	1219	10
156.0	7739	22	23	8714	20	1357	735	13
156.0	7290	14	12	8715	15	1705	1488	8
156.0	6911	11	10	8716	12	658	960	13
156.0	6881	21	22	8717	19	917	1192	8
156.0	7454	13	10	8718	16	1466	1099	8
156.0	7238	10	10	8719	8	1308	1628	13
156.0	7349	12	12	8720	12	989	1044	11
156.0	7983	25	23	8721	27	798	734	12
156.0	7165	17	13	8722	21	576	590	11
156.0	7478	29	31	8723	25	962	80	10
156.0	6927	7	8	8724	6	596	691	13
156.0	7577	8	5	8725	11	865	212	11
156.0	7212	9	7	8726	9	633	1284	9
156.0	7425	32	30	8727	30	1126	538	10
156.0	7240	9	12	8728	6	849	1094	9
156.0	7163	25	24	8729	24	863	1335	13
156.0	7479	6	5	8730	7	41	308	21
156.0	8521	15	15	8731	14	1033	897	14
156.0	7508	11	12	8732	9	701	719	11
156.0	7557	12	11	8733	13	1039	770	9
156.0	7088	11	9	8734	13	1170	1304	11
156.0	7399	12	6	8735	17	1237	1316	7
156.0	7528	21	21	8736	20	1094	639	13
156.0	7808	40	37	8737	39	1046	804	10
156.0	7677	11	7	8738	14	625	1220	10
156.0	7242	13	18	8739	8	803	1248	10
156.0	7337	20	23	8740	17	251	757	15
156.0	7094	8	9	8741	7	859	562	13
156.0	7654	5	5	8742	3	813	1368	9
156.0	7659	18	15	8743	20	808	1005	11
156.0	8335	20	20	8744	19	1160	585	10
156.0	6978	3	2	8745	4	1352	1482	11
156.0	7295	14	13	8746	14	1467	914	10
156.0	7162	8	8	8747	8	1107	1175	12
156.0	7318	2	4	8748	0	445	861	11
156.0	6902	10	8	8749	12	711	588	16
156.0	6845	9	14	8750	4	837	889	14
156.0	7168	4	3	8751	5	1096	1325	10
156.0	7678	20	25	8752	15	809	1124	9
156.0	8016	3	2	8753	3	903	381	12
156.0	7627	21	26	8754	16	1193	827	13
156.0	7389	16	16	8755	15	763	982	8
156.0	7262	47	49	8756	42	887	319	14
156.0	7204	20	23	8757	16	1385	1113	12
156.0	7091	11	11	8758	11	1042	1457	12
156.0	7272	5	4	8759	6	833	957	12
156.0	7078	10	11	8760	9	1296	1552	12
156.0	7276	24	22	8761	25	1667	628	11
156.0	8236	13	12	8762	13	699	1938	14
156.0	7529	12	9	8763	15	1203	1640	12
156.0	7566	8	9	8764	6	772	1055	11
156.0	7281	6	7	8765	5	1369	1169	12
156.0	7153	15	17	8766	13	961	1382	11
156.0	7465	9	8	8767	8	722	643	11
157.0	7518	7	8	8768	5	895	763	11
157.0	7866	6	8	8769	3	465	1541	10
157.0	7454	10	6	8770	14	1466	1099	9
157.0	7839	10	8	8771	12	1253	1161	14
157.0	7665	5	4	8772	6	926	1149	11
157.0	7183	13	12	8773	14	547	673	15
157.0	7262	49	41	8774	55	887	319	15
157.0	7037	6	5	8775	7	443	483	11
157.0	6967	23	17	8776	27	1067	627	13
157.0	8037	7	10	8777	4	875	1215	14
157.0	7233	23	24	8778	21	489	476	13
157.0	7637	13	12	8779	13	1235	1005	11
157.0	7768	17	12	8780	20	1304	1503	12
157.0	7407	17	18	8781	15	1459	470	11
157.0	6988	8	6	8782	9	494	700	10
157.0	7605	3	5	8783	1	1061	749	13
157.0	7530	10	8	8784	10	808	917	14
157.0	7732	13	13	8785	12	549	650	12
157.0	7411	22	24	8786	20	162	44	15
157.0	7166	4	5	8787	2	992	1407	8
157.0	7461	4	3	8788	5	1067	1407	8
157.0	7586	8	8	8789	8	1163	775	11
157.0	7782	17	17	8790	14	353	625	13
157.0	7242	18	17	8791	18	803	1248	11
157.0	6919	11	8	8792	13	1407	873	12
157.0	6870	14	10	8793	16	0	251	22
157.0	7038	8	7	8794	9	1168	570	11
157.0	6898	11	8	8795	13	247	921	13
157.0	7958	18	17	8796	19	1355	1139	11
157.0	6949	6	4	8797	7	665	1730	14
157.0	6936	16	16	8798	16	855	267	10
157.0	7418	22	21	8799	22	1139	953	13
157.0	7834	19	22	8800	16	1143	849	12
157.0	7402	17	21	8801	13	1089	1203	12
157.0	7766	7	10	8802	3	1335	1499	10
157.0	7020	12	10	8803	13	728	752	11
157.0	7823	39	26	8804	48	1247	830	8
157.0	7985	7	7	8805	7	1039	877	12
157.0	6923	16	15	8806	17	1065	1122	15
157.0	7787	13	10	8807	15	1007	1065	15
157.0	8549	14	14	8808	14	1349	903	10
157.0	7606	19	21	8809	17	875	1114	11
157.0	8254	19	15	8810	22	775	1199	10
157.0	7385	17	17	8811	17	1419	204	10
157.0	7003	6	7	8812	5	771	1238	12
157.0	6873	14	16	8813	11	175	319	15
157.0	7250	13	17	8814	7	1163	1167	12
157.0	7280	10	6	8815	12	433	1324	9
157.0	7524	15	10	8816	20	1119	781	11
157.0	7040	14	12	8817	15	957	600	13
157.0	7816	9	13	8818	5	1138	1011	14
157.0	7213	27	22	8819	29	829	746	13
157.0	6871	14	16	8820	12	839	1112	9
157.0	7198	22	23	8821	20	1100	779	9
157.0	7713	3	3	8822	3	1406	1622	13
157.0	7362	12	11	8823	13	293	991	16
157.0	7263	20	20	8824	20	366	460	10
157.0	6985	10	6	8825	13	1220	905	13
157.0	7811	12	12	8826	11	1162	1195	10
157.0	6951	7	7	8827	5	1049	535	13
157.0	7201	22	16	8828	27	1144	1285	12
157.0	6863	31	23	8829	38	1063	786	13
157.0	7529	9	7	8830	10	1203	1640	13
157.0	7173	15	15	8831	14	1089	994	8
157.0	7056	9	9	8832	8	852	492	14
157.0	7399	6	6	8833	6	1237	1316	8
157.0	6924	27	23	8834	30	285	428	11
157.0	7813	18	10	8835	26	1547	1337	11
157.0	7603	31	39	8836	23	1011	117	9
157.0	7278	11	8	8837	14	1191	710	10
157.0	7648	15	15	8838	15	917	1321	11
157.0	7758	8	6	8839	8	868	844	9
157.0	7323	21	22	8840	19	898	1764	12
158.0	7350	11	14	8841	8	1111	1482	11
158.0	7402	21	28	8842	12	1089	1203	13
158.0	7447	22	27	8843	17	28	347	12
158.0	7373	26	20	8844	31	1199	536	11
158.0	7341	2	2	8845	2	1018	408	15
158.0	7537	4	6	8846	1	865	251	11
158.0	7921	27	20	8847	34	982	535	14
158.0	7215	11	5	8848	16	539	428	11
158.0	7146	22	25	8849	17	848	765	11
158.0	7160	7	6	8850	8	946	361	15
158.0	7439	10	9	8851	10	1351	1039	12
158.0	6958	9	10	8852	8	795	1440	13
158.0	8008	15	10	8853	19	1167	1361	12
158.0	8287	18	22	8854	13	772	662	13
158.0	6971	12	10	8855	13	1046	660	12
158.0	7708	31	26	8856	34	862	414	12
158.0	7412	17	18	8857	15	1024	743	11
158.0	7847	28	28	8858	26	383	633	10
158.0	6919	8	8	8859	7	1407	873	13
158.0	7208	5	4	8860	6	523	765	12
158.0	7249	20	23	8861	16	711	568	10
158.0	6962	31	33	8862	26	674	0	11
158.0	7617	7	8	8863	6	998	1576	8
158.0	7399	6	7	8864	4	1237	1316	9
158.0	7104	14	13	8865	15	1259	951	9
158.0	7046	9	11	8866	7	905	654	13
158.0	7524	10	6	8867	13	1119	781	12
158.0	7753	13	10	8868	15	671	1036	11
158.0	7235	7	8	8869	6	738	1319	10
158.0	7533	27	29	8870	23	1069	854	11
158.0	7750	8	9	8871	6	1390	1269	11
158.0	7591	8	5	8872	9	198	388	11
158.0	6922	32	31	8873	32	1475	769	12
158.0	7380	23	22	8874	20	1338	849	14
158.0	7595	52	56	8875	44	1330	1309	9
158.0	6923	15	17	8876	12	1065	1122	16
158.0	6944	13	15	8877	11	798	1401	10
158.0	7167	5	6	8878	4	983	1156	8
158.0	7449	21	22	8879	18	1461	712	11
158.0	7514	3	3	8880	3	415	1365	10
158.0	7569	24	18	8881	30	1111	885	7
158.0	7411	24	24	8882	23	162	44	16
158.0	6879	22	22	8883	21	734	1497	11
158.0	7375	15	11	8884	19	1023	1046	12
158.0	7586	8	10	8885	4	1163	775	12
158.0	7242	17	16	8886	18	803	1248	12
158.0	7701	29	32	8887	25	760	598	10
158.0	7205	14	17	8888	9	1435	772	10
158.0	7519	37	32	8889	41	866	678	12
158.0	7174	21	23	8890	19	332	715	13
158.0	7116	18	16	8891	19	980	1286	7
158.0	6914	3	3	8892	3	1018	1387	10
158.0	7474	24	28	8893	19	1228	1624	13
158.0	7827	14	9	8894	18	1246	1716	11
158.0	7088	9	12	8895	6	1184	1318	12
158.0	7027	1	1	8896	1	600	823	12
158.0	7233	24	26	8897	22	489	476	14
158.0	7564	29	30	8898	27	873	739	10
158.0	7959	5	4	8899	5	623	680	12
158.0	7328	12	12	8900	11	337	595	13
158.0	7800	24	18	8901	28	845	1365	10
158.0	8354	12	14	8902	8	734	872	11
158.0	6999	12	10	8903	12	871	1395	11
158.0	6870	10	13	8904	7	0	251	23
158.0	7441	12	13	8905	10	1138	1001	12
158.0	6890	15	17	8906	13	1016	1112	11
158.0	7263	20	15	8907	25	366	460	11
158.0	8016	2	3	8908	1	903	381	13
158.0	7384	7	8	8909	4	991	1425	9
158.0	7115	12	11	8910	13	864	883	9
158.0	7584	10	9	8911	11	1457	1680	11
158.0	7340	20	22	8912	17	1074	65	11
158.0	7289	13	15	8913	10	1288	679	12
158.0	7133	35	19	8914	49	978	635	11
158.0	7232	21	22	8915	20	420	333	13
158.0	7198	23	23	8916	22	1100	779	10
158.0	7778	21	19	8917	22	1303	1253	12
159.0	7145	4	4	8918	4	585	831	10
159.0	8008	10	7	8919	12	1182	1396	13
159.0	7538	17	13	8920	20	1261	60	13
159.0	8044	10	11	8921	9	1039	1553	12
159.0	7396	13	15	8922	10	944	1085	9
159.0	7701	32	27	8923	36	760	598	11
159.0	7034	11	11	8924	11	1267	846	12
159.0	8033	14	13	8925	15	1264	1714	11
159.0	7060	10	13	8926	6	1183	737	11
159.0	7561	23	25	8927	20	51	534	12
159.0	7324	9	9	8928	9	1183	1257	11
159.0	7762	6	3	8929	8	768	1096	8
159.0	7818	10	10	8930	10	605	562	10
159.0	8073	12	12	8931	12	1143	1188	11
159.0	7466	4	6	8932	1	1157	1437	10
159.0	8529	24	28	8933	18	1576	779	12
159.0	7783	7	8	8934	5	769	498	18
159.0	7627	26	30	8935	20	1193	827	14
159.0	7542	21	26	8936	15	919	477	14
159.0	6881	22	24	8937	20	917	1192	9
159.0	7040	12	12	8938	12	957	600	14
159.0	7020	10	7	8939	13	728	752	12
159.0	8036	11	9	8940	13	48	251	23
159.0	7758	6	7	8941	5	868	844	10
159.0	7524	6	4	8942	7	1119	781	13
159.0	7794	17	12	8943	22	1235	987	11
159.0	7146	25	20	8944	28	848	765	12
159.0	7419	26	26	8945	23	917	1356	11
159.0	7428	12	10	8946	11	969	875	16
159.0	7628	20	21	8947	16	728	543	10
159.0	6869	11	10	8948	12	758	1111	13
159.0	8046	23	24	8949	22	1193	1107	12
159.0	7283	20	19	8950	21	592	956	10
159.0	7645	26	21	8951	26	1248	971	16
159.0	7095	25	24	8952	25	1240	799	9
159.0	7332	27	28	8953	25	1043	642	7
159.0	7075	13	12	8954	12	813	1297	11
159.0	7692	20	14	8955	24	756	638	11
159.0	7007	16	18	8956	13	1384	1339	12
159.0	7234	26	26	8957	26	1214	967	7
159.0	7585	34	30	8958	38	100	422	11
159.0	7288	15	20	8959	10	1210	1782	11
159.0	7756	11	8	8960	13	1452	1144	14
159.0	8054	2	1	8961	3	1218	1410	10
159.0	7393	9	5	8962	13	1137	1250	8
159.0	7010	16	14	8963	18	848	1191	8
159.0	7977	22	22	8964	21	1023	544	12
159.0	6884	9	13	8965	4	1239	1342	11
159.0	7370	25	26	8966	24	731	966	10
159.0	6906	8	6	8967	9	339	1358	12
159.0	8062	26	27	8968	23	625	484	15
159.0	7595	56	57	8969	43	1330	1309	10
159.0	7760	8	5	8970	10	609	851	11
159.0	7826	11	7	8971	13	1359	1340	15
159.0	7232	22	25	8972	19	420	333	14
159.0	7030	22	21	8973	23	1455	1587	14
159.0	7778	19	19	8974	19	1303	1253	13
159.0	7329	23	21	8975	25	607	408	11
159.0	7564	30	30	8976	28	873	739	11
159.0	7070	13	13	8977	13	1038	378	10
159.0	7168	3	3	8978	3	1096	1325	11
159.0	7340	22	26	8979	18	1074	65	12
159.0	6922	31	25	8980	37	1475	769	13
159.0	8461	18	21	8981	14	1056	616	13
159.0	7722	4	3	8982	5	1038	1253	10
159.0	6938	29	34	8983	23	669	1395	8
159.0	8287	22	24	8984	20	772	662	14
159.0	7485	3	2	8985	4	1342	1540	12
160.0	7609	16	14	8986	17	1160	684	10
160.0	7825	4	4	8987	4	1277	1205	13
160.0	7819	27	28	8988	25	1088	467	11
160.0	7775	11	7	8989	14	614	598	9
160.0	6974	26	22	8990	28	1133	1068	13
160.0	8275	13	13	8991	13	409	821	10
160.0	7513	21	22	8992	18	654	490	9
160.0	7581	31	28	8993	32	1060	978	9
160.0	7283	19	19	8994	19	592	956	11
160.0	7270	34	34	8995	34	419	56	12
160.0	6869	10	12	8996	8	758	1111	14
160.0	7023	13	16	8997	10	1158	983	12
160.0	7942	18	18	8998	18	1200	1735	11
160.0	7382	16	17	8999	14	483	414	9
160.0	7944	17	18	9000	15	1627	831	13
160.0	7428	10	11	9001	7	969	875	17
160.0	6914	3	3	9002	3	1018	1387	11
160.0	8265	20	17	9003	19	889	1325	12
160.0	7097	10	11	9004	7	578	1233	14
160.0	6932	23	22	9005	24	1108	423	12
160.0	7243	19	21	9006	17	0	337	16
160.0	7567	14	16	9007	12	1218	1065	11
160.0	7139	23	22	9008	23	944	1866	11
160.0	7664	8	8	9009	8	844	526	12
160.0	7556	7	7	9010	5	1037	582	14
160.0	7253	2	0	9011	4	1159	1505	9
160.0	7739	23	28	9012	18	1357	735	14
160.0	7010	14	11	9013	15	848	1191	9
160.0	7075	12	9	9014	15	813	1297	12
160.0	8488	6	7	9015	4	1256	1321	8
160.0	7484	3	3	9016	2	1076	1294	15
160.0	7700	27	28	9017	25	281	519	14
160.0	7701	27	33	9018	20	760	598	12
160.0	7661	3	5	9019	1	652	1203	9
160.0	7683	11	11	9020	11	537	799	12
160.0	7656	17	12	9021	20	1358	1247	9
160.0	7443	7	8	9022	5	1268	1340	10
160.0	7070	13	15	9023	11	1038	378	11
160.0	7847	28	31	9024	25	383	633	11
160.0	7429	15	13	9025	17	1035	479	12
160.0	7715	13	11	9026	15	885	486	12
160.0	6923	17	20	9027	14	1065	1122	17
160.0	7060	13	15	9028	11	1183	737	12
160.0	7623	15	13	9029	15	772	959	11
160.0	7294	7	8	9030	6	912	360	9
160.0	7369	21	19	9031	21	1564	388	11
160.0	7778	19	18	9032	19	1303	1253	14
160.0	7478	31	30	9033	27	962	80	11
160.0	8308	26	18	9034	31	1141	506	16
160.0	6975	46	39	9035	51	828	664	16
160.0	7498	11	6	9036	16	1378	794	17
160.0	8500	12	13	9037	11	807	413	10
160.0	8000	16	13	9038	18	135	348	16
160.0	7207	5	4	9039	6	1001	938	13
160.0	7071	19	19	9040	19	1141	1667	13
160.0	7783	8	9	9041	7	769	498	19
160.0	7233	26	26	9042	22	489	476	15
160.0	8089	17	17	9043	16	1217	852	12
160.0	7814	12	7	9044	16	981	998	10
160.0	7157	25	26	9045	22	252	711	10
160.0	7573	17	17	9046	12	1057	358	10
160.0	7482	8	9	9047	7	990	1367	10
160.0	7059	15	13	9048	16	1809	678	11
160.0	7354	18	17	9049	19	735	526	13
160.0	7415	13	11	9050	14	1081	717	10
160.0	8251	8	5	9051	11	1175	593	13
160.0	7141	9	10	9052	8	1228	1255	10
160.0	7143	14	13	9053	14	964	394	11
160.0	7893	10	7	9054	13	268	931	15
160.0	7045	11	15	9055	7	1107	472	16
160.0	6959	20	21	9056	18	1999	1490	10
160.0	7178	34	30	9057	37	951	548	13
160.0	7440	11	10	9058	12	969	1244	13
160.0	8068	27	30	9059	24	229	382	15
160.0	7592	19	19	9060	18	736	490	14
160.0	8438	26	26	9061	25	1001	429	13
160.0	6946	16	14	9062	18	904	599	13
160.0	7379	10	11	9063	9	258	827	15
160.0	8085	20	17	9064	23	746	1908	13
160.0	7869	20	20	9065	20	1222	1086	11
160.0	7619	25	25	9066	25	1109	816	10
160.0	7102	11	12	9067	9	937	709	12
160.0	7377	4	4	9068	4	488	839	11
160.0	7116	16	18	9069	13	980	1286	8
160.0	7657	16	17	9070	14	863	1655	11
160.0	7826	7	7	9071	7	1359	1340	16
160.0	6882	9	11	9072	6	1245	1467	11
161.0	8251	5	7	9073	3	1175	593	14
161.0	7992	16	14	9074	17	708	1148	7
161.0	7377	4	3	9075	5	488	839	12
161.0	7512	14	14	9076	13	879	1380	10
161.0	7502	31	32	9077	29	665	657	10
161.0	7701	33	32	9078	34	760	598	13
161.0	7705	27	27	9079	26	83	312	13
161.0	8181	26	23	9080	27	1139	1214	14
161.0	7415	11	14	9081	8	1081	717	11
161.0	7395	4	1	9082	7	1003	1355	11
161.0	7742	9	10	9083	7	718	229	12
161.0	7792	33	24	9084	40	1154	934	14
161.0	7505	12	12	9085	12	817	1106	11
161.0	7080	11	12	9086	10	1214	457	14
161.0	7915	20	19	9087	21	713	1769	11
161.0	7729	10	13	9088	7	805	1197	12
161.0	7017	18	19	9089	17	1556	648	11
161.0	7848	14	13	9090	14	1007	1432	13
161.0	7905	11	9	9091	12	838	237	12
161.0	8130	11	8	9092	14	1385	873	12
161.0	7443	8	8	9093	8	1283	1355	11
161.0	7239	9	8	9094	10	804	759	10
161.0	7333	13	9	9095	17	814	1238	10
161.0	7964	22	25	9096	19	1084	388	14
161.0	6882	11	6	9097	16	1245	1467	12
161.0	7949	7	5	9098	9	904	565	13
161.0	7000	25	28	9099	20	499	1412	11
161.0	8280	13	12	9100	13	613	871	11
161.0	6887	20	23	9101	16	922	888	12
161.0	7225	8	4	9102	12	890	747	10
161.0	7698	12	9	9103	14	906	298	12
161.0	7039	10	8	9104	12	1093	1533	13
161.0	7683	11	8	9105	14	537	799	13
161.0	7268	18	18	9106	18	1267	754	12
161.0	9041	7	7	9107	6	757	468	20
161.0	7592	19	20	9108	16	713	472	15
161.0	7152	16	17	9109	15	1099	679	12
161.0	7178	30	29	9110	31	951	548	14
161.0	7652	16	14	9111	17	669	688	10
161.0	7441	13	8	9112	18	1138	1001	13
161.0	7509	15	10	9113	18	824	454	12
161.0	7930	11	10	9114	11	1088	1224	13
161.0	7771	12	15	9115	9	1314	910	12
161.0	6886	32	37	9116	26	815	612	11
161.0	8059	18	16	9117	20	728	1117	9
161.0	7233	26	32	9118	18	449	572	16
161.0	8187	7	8	9119	5	1118	1312	12
161.0	8283	6	5	9120	7	749	905	14
161.0	7071	19	18	9121	19	1141	1667	14
161.0	7018	10	11	9122	9	716	1334	11
161.0	6953	34	36	9123	30	20	393	10
161.0	8488	7	6	9124	8	1271	1336	9
161.0	8819	29	29	9125	27	807	708	14
161.0	7607	6	7	9126	5	1048	772	14
161.0	7075	9	8	9127	9	813	1297	13
161.0	8500	13	15	9128	11	791	397	11
161.0	7072	6	3	9129	9	502	909	10
161.0	7317	5	5	9130	4	595	756	10
161.0	7493	10	12	9131	7	1018	625	12
161.0	7287	10	9	9132	10	169	1556	10
161.0	7553	19	18	9133	17	1420	984	15
161.0	8029	8	10	9134	6	780	605	14
161.0	7628	21	22	9135	20	715	530	11
161.0	7172	8	8	9136	8	1268	1073	11
161.0	6851	7	6	9137	8	500	828	12
161.0	7546	16	16	9138	16	1126	1130	14
161.0	8221	21	18	9139	24	1757	573	11
161.0	7369	19	17	9140	21	1564	388	12
161.0	7108	18	14	9141	21	1006	1292	15
161.0	8332	12	8	9142	15	1044	636	12
161.0	7674	10	12	9143	7	1156	1405	11
161.0	7780	9	10	9144	8	820	1187	13
161.0	8537	14	10	9145	18	1317	890	14
162.0	8240	11	12	9146	10	978	486	16
162.0	7671	10	9	9147	10	564	927	11
162.0	7620	9	9	9148	9	740	295	11
162.0	7726	21	12	9149	28	579	1508	12
162.0	7553	18	15	9150	20	1435	999	16
162.0	7585	30	32	9151	27	100	422	12
162.0	7214	17	18	9152	14	731	1815	10
162.0	8069	11	8	9153	13	1457	1233	12
162.0	7858	21	14	9154	27	1354	908	10
162.0	8283	5	0	9155	10	749	905	15
162.0	8038	2	2	9156	2	1131	1489	9
162.0	7388	10	11	9157	8	1108	1083	10
162.0	7869	20	21	9158	18	1222	1086	12
162.0	6969	33	35	9159	30	1264	1144	8
162.0	8039	11	11	9160	11	250	272	11
162.0	7492	16	18	9161	11	1371	1184	9
162.0	7043	12	13	9162	11	399	693	12
162.0	7034	11	9	9163	12	1267	846	13
162.0	7672	24	18	9164	29	1219	793	9
162.0	7112	7	4	9165	10	670	1058	11
162.0	6922	25	23	9166	25	1475	769	14
162.0	8187	8	9	9167	7	1118	1312	13
162.0	7670	15	11	9168	18	1065	1167	16
162.0	7233	32	29	9169	35	449	572	17
162.0	7809	9	12	9170	5	1019	1350	12
162.0	7711	2	2	9171	2	1144	1384	11
162.0	7087	5	7	9172	3	1102	1691	10
162.0	7364	20	17	9173	22	1311	1702	12
162.0	7847	31	29	9174	33	383	633	12
162.0	6888	8	5	9175	10	1593	514	16
162.0	7051	13	17	9176	8	338	770	16
162.0	7339	15	16	9177	14	905	1876	14
162.0	7742	10	9	9178	9	718	229	13
162.0	7613	18	16	9179	20	14	956	10
162.0	7895	14	17	9180	11	515	604	12
162.0	6961	9	8	9181	10	948	311	18
162.0	6930	13	12	9182	14	807	1524	13
162.0	7878	25	29	9183	20	1481	1115	15
162.0	8479	9	7	9184	9	1223	1216	13
162.0	7703	7	7	9185	6	819	1410	12
162.0	7139	22	20	9186	23	882	1954	12
162.0	7554	11	10	9187	12	556	393	10
162.0	7253	0	0	9188	0	1159	1505	10
162.0	8241	17	14	9189	20	976	1268	7
162.0	7313	27	28	9190	25	996	771	11
162.0	6952	12	11	9191	13	719	1015	11
162.0	6868	7	8	9192	6	664	321	12
162.0	7932	4	3	9193	5	1220	1356	9
162.0	8682	14	11	9194	15	1239	273	15
162.0	8688	5	4	9195	6	897	1137	12
162.0	7515	20	21	9196	18	945	1271	12
162.0	7606	21	21	9197	21	875	1114	12
162.0	6989	24	23	9198	25	660	844	11
162.0	7681	13	13	9199	11	836	1087	12
162.0	7481	21	22	9200	18	663	987	8
162.0	8072	14	14	9201	13	711	1062	14
162.0	8221	18	14	9202	22	1830	615	12
162.0	7078	11	12	9203	9	1227	1549	13
162.0	7268	18	11	9204	24	1267	754	13
162.0	7427	10	10	9205	10	1272	1293	8
162.0	7498	6	5	9206	7	1378	794	18
162.0	6892	6	6	9207	5	198	402	11
162.0	7449	22	24	9208	19	1461	712	12
162.0	7000	28	24	9209	28	499	1412	12
162.0	7276	22	20	9210	22	1864	615	12
162.0	7044	19	17	9211	20	1185	170	15
162.0	7705	27	21	9212	33	83	312	14
162.0	7334	5	5	9213	4	954	1738	11
162.0	6855	19	17	9214	19	1214	1727	11
162.0	8967	9	13	9215	5	354	1478	13
162.0	7153	17	14	9216	18	937	1403	12
162.0	6940	9	11	9217	7	1421	1153	12
162.0	7462	17	19	9218	14	652	1103	11
162.0	7744	12	11	9219	12	1124	1375	14
162.0	8051	15	19	9220	10	680	1019	11
162.0	7640	27	27	9221	25	892	1347	12
162.0	6851	6	5	9222	7	500	828	13
162.0	7965	11	7	9223	14	763	675	15
162.0	8316	3	4	9224	1	1159	1252	14
162.0	7915	19	16	9225	21	713	1769	12
162.0	7818	10	13	9226	7	605	562	11
162.0	6896	25	20	9227	30	1342	24	11
163.0	6866	18	15	9228	20	627	545	11
163.0	7449	24	27	9229	20	1461	712	13
163.0	7033	7	8	9230	6	817	1217	12
163.0	7678	25	18	9231	31	809	1124	10
163.0	7166	5	4	9232	6	992	1407	9
163.0	7259	27	31	9233	22	693	1608	11
163.0	7590	5	4	9234	6	968	497	16
163.0	6923	20	19	9235	19	1065	1122	18
163.0	7445	18	17	9236	19	806	1079	7
163.0	6964	15	15	9237	14	1116	948	14
163.0	7035	20	18	9238	22	747	885	11
163.0	7234	26	22	9239	30	1214	967	8
163.0	7316	10	9	9240	11	1337	1069	14
163.0	7714	19	17	9241	20	579	1529	12
163.0	7715	11	13	9242	9	873	474	13
163.0	8072	14	9	9243	18	695	1078	15
163.0	7499	11	10	9244	11	719	1400	12
163.0	7178	29	22	9245	34	951	548	15
163.0	6878	20	22	9246	17	1118	1557	11
163.0	7838	14	12	9247	14	1250	1166	10
163.0	7438	14	8	9248	20	323	95	19
163.0	7776	16	17	9249	14	1128	717	13
163.0	8001	15	12	9250	18	619	1529	11
163.0	7664	8	6	9251	9	844	526	13
163.0	7153	14	17	9252	10	937	1403	13
163.0	6896	20	15	9253	24	1342	24	12
163.0	6880	11	10	9254	10	851	1982	14
163.0	8426	15	16	9255	12	1429	1110	14
163.0	7867	9	13	9256	5	994	1339	8
163.0	7129	22	23	9257	19	1746	209	9
163.0	8636	6	9	9258	3	1295	1659	13
163.0	8250	7	6	9259	8	723	667	19
163.0	8118	15	14	9260	14	1736	772	11
163.0	7139	20	24	9261	16	882	1954	13
163.0	7025	5	7	9262	3	1284	913	11
163.0	7772	13	12	9263	14	828	549	13
163.0	7043	13	11	9264	14	399	693	13
163.0	6970	16	15	9265	17	325	155	14
163.0	7560	15	16	9266	12	655	803	11
163.0	7956	14	11	9267	15	937	1319	10
163.0	7368	15	13	9268	17	1403	968	15
163.0	7106	6	5	9269	7	506	883	13
163.0	6908	28	27	9270	28	1548	235	8
163.0	7190	19	19	9271	17	687	1147	11
163.0	7360	9	10	9272	8	1252	738	13
163.0	7699	9	9	9273	9	1088	1354	14
163.0	7281	7	4	9274	10	1369	1169	13
163.0	8079	11	9	9275	12	1342	1465	9
163.0	7149	19	18	9276	20	756	1141	14
163.0	6936	16	17	9277	15	855	267	11
163.0	7756	8	8	9278	7	1454	1172	15
163.0	7526	4	5	9279	2	949	1156	9
163.0	7101	18	19	9280	16	1568	542	11
163.0	7652	14	10	9281	18	669	688	11
163.0	8322	8	7	9282	9	1202	1070	12
163.0	8226	11	13	9283	9	1423	1483	12
163.0	7423	15	16	9284	14	760	1295	11
163.0	7936	10	12	9285	6	909	1409	11
163.0	7971	20	20	9286	18	125	0	15
163.0	7737	8	11	9287	5	1264	1371	11
163.0	7225	4	6	9288	1	890	747	11
163.0	7866	8	7	9289	9	465	1541	11
163.0	7494	13	9	9290	16	304	616	11
163.0	7340	26	22	9291	29	1074	65	13
163.0	7892	15	17	9292	13	752	337	12
163.0	7858	14	16	9293	11	1354	908	11
163.0	7705	21	24	9294	18	83	312	15
163.0	8259	22	22	9295	22	13	323	16
163.0	8111	23	26	9296	19	378	1701	10
163.0	7471	8	9	9297	7	635	1174	12
163.0	6876	35	35	9298	35	1562	45	15
163.0	7314	13	14	9299	11	650	607	12
163.0	6882	6	6	9300	6	1245	1467	13
163.0	7247	14	18	9301	9	1293	1465	10
163.0	7773	16	17	9302	15	558	829	14
163.0	7472	18	17	9303	18	891	1277	7
163.0	7481	22	19	9304	25	663	987	9
163.0	7243	21	23	9305	17	0	337	17
163.0	7690	10	9	9306	11	428	255	13
163.0	7227	12	15	9307	9	1021	439	12
164.0	7719	20	22	9308	17	416	1247	12
164.0	9106	18	19	9309	16	1293	727	13
164.0	7022	17	11	9310	21	164	301	14
164.0	6877	15	14	9311	16	389	1503	11
164.0	7738	22	18	9312	25	508	582	10
164.0	8080	20	17	9313	21	600	887	9
164.0	7929	10	13	9314	7	679	1244	11
164.0	7885	25	31	9315	18	843	1149	9
164.0	7590	4	6	9316	2	968	497	17
164.0	6922	23	26	9317	18	1475	769	15
164.0	7653	2	2	9318	2	1125	1404	10
164.0	7337	23	17	9319	28	251	757	16
164.0	8044	11	10	9320	11	1039	1553	13
164.0	7036	2	2	9321	2	857	916	11
164.0	8099	24	24	9322	21	1999	561	11
164.0	8435	36	35	9323	33	915	1259	12
164.0	8017	21	16	9324	25	793	527	14
164.0	7775	7	3	9325	11	593	598	10
164.0	7206	3	1	9326	5	527	945	12
164.0	8053	11	11	9327	11	921	253	9
164.0	7210	18	15	9328	19	1226	647	12
164.0	7681	13	9	9329	17	836	1087	13
164.0	7658	20	17	9330	22	760	1168	8
164.0	7129	23	24	9331	22	1746	209	10
164.0	7938	13	17	9332	9	1172	1229	14
164.0	7964	25	22	9333	26	1084	388	15
164.0	7286	16	16	9334	15	0	108	16
164.0	8254	15	18	9335	11	762	1212	11
164.0	6991	15	12	9336	18	1646	1097	12
164.0	8668	5	4	9337	5	895	251	11
164.0	8006	7	8	9338	6	516	828	12
164.0	7533	29	23	9339	32	1069	854	12
164.0	7494	9	7	9340	10	304	616	12
164.0	7451	16	20	9341	12	973	462	13
164.0	7984	13	11	9342	13	1226	753	13
164.0	7035	18	15	9343	20	747	885	12
164.0	8382	17	13	9344	21	1368	953	15
164.0	7773	17	13	9345	20	558	829	15
164.0	7076	11	9	9346	10	1266	776	12
164.0	7607	7	6	9347	8	1048	772	15
164.0	7241	32	25	9348	38	402	234	15
164.0	7491	9	7	9349	11	768	751	15
164.0	7023	16	10	9350	20	1158	983	13
164.0	7344	5	5	9351	5	511	1283	11
164.0	8250	6	6	9352	6	723	667	20
164.0	7041	8	8	9353	8	294	1166	12
164.0	7212	7	9	9354	5	633	1284	10
164.0	7133	19	20	9355	18	978	635	12
164.0	8081	9	6	9356	11	415	929	9
164.0	8108	2	3	9357	1	1200	1436	11
164.0	7768	12	15	9358	7	1317	1516	13
164.0	7813	10	12	9359	6	1547	1337	12
164.0	6856	25	20	9360	26	323	22	15
164.0	8453	19	20	9361	18	1412	779	16
164.0	8371	10	10	9362	10	948	424	9
164.0	8615	25	23	9363	27	1448	1326	12
164.0	7094	9	8	9364	9	846	549	14
164.0	7118	2	4	9365	0	1048	923	12
164.0	8198	18	19	9366	16	1248	655	10
164.0	7600	3	3	9367	3	880	333	12
164.0	8096	25	20	9368	29	875	1364	13
164.0	7688	40	33	9369	46	876	615	17
164.0	7233	29	27	9370	30	449	572	18
164.0	7873	14	15	9371	13	1128	1231	11
164.0	7523	10	13	9372	7	1273	1513	12
164.0	8098	15	13	9373	17	1001	486	13
164.0	7262	41	38	9374	41	793	194	16
164.0	8359	22	18	9375	24	872	1548	11
164.0	6995	13	13	9376	12	656	469	10
164.0	6846	4	4	9377	4	1001	596	16
164.0	7107	18	15	9378	17	773	562	13
164.0	7784	10	6	9379	11	626	1509	13
164.0	7614	15	19	9380	10	503	1374	9
164.0	7353	4	3	9381	4	953	1367	12
164.0	7682	11	9	9382	12	763	542	15
164.0	7519	32	31	9383	33	866	678	13
164.0	8299	5	6	9384	3	836	1457	13
164.0	7323	22	17	9385	26	898	1764	13
164.0	8354	14	15	9386	13	700	888	12
164.0	7038	7	7	9387	7	1168	551	12
164.0	7308	15	21	9388	9	557	975	10
165.0	9144	8	7	9389	9	807	1185	14
165.0	7848	13	10	9390	16	1007	1432	14
165.0	7708	26	29	9391	22	862	414	13
165.0	7675	23	23	9392	23	838	998	13
165.0	7833	16	16	9393	15	293	545	12
165.0	7453	20	23	9394	17	1339	642	12
165.0	8223	10	7	9395	13	1203	1148	16
165.0	7684	32	29	9396	34	1194	436	11
165.0	6852	28	31	9397	25	1244	1098	8
165.0	7122	17	15	9398	18	326	501	15
165.0	7897	30	28	9399	29	1223	38	11
165.0	7486	11	10	9400	10	578	910	12
165.0	7841	9	10	9401	6	620	577	11
165.0	9325	11	12	9402	10	583	607	11
165.0	8194	7	5	9403	8	946	393	13
165.0	6868	8	8	9404	7	664	321	13
165.0	7193	8	9	9405	7	1208	579	13
165.0	7084	27	30	9406	23	571	493	12
165.0	6858	11	12	9407	9	1406	1076	14
165.0	6965	20	21	9408	19	920	449	13
165.0	7390	10	10	9409	9	668	766	11
165.0	6973	24	28	9410	18	396	499	17
165.0	7607	6	4	9411	7	1048	772	16
165.0	7191	14	11	9412	17	796	1161	9
165.0	7411	24	23	9413	24	86	0	17
165.0	9268	17	20	9414	13	1388	982	16
165.0	7612	32	32	9415	32	309	1245	11
165.0	7987	19	15	9416	18	1589	72	13
165.0	7308	21	17	9417	24	557	975	11
165.0	8259	22	23	9418	21	26	310	17
165.0	7555	10	10	9419	10	592	934	12
165.0	7522	14	16	9420	11	1304	1203	13
165.0	8721	27	23	9421	29	799	735	13
165.0	7456	19	18	9422	18	795	462	10
165.0	7986	7	5	9423	9	124	550	11
165.0	8654	9	10	9424	8	1386	1482	11
165.0	7624	15	16	9425	14	96	218	20
165.0	8359	18	20	9426	15	894	1617	12
165.0	7751	3	4	9427	1	635	1570	13
165.0	6860	5	6	9428	4	681	1478	14
165.0	6947	11	9	9429	13	849	744	11
165.0	8209	19	19	9430	19	582	803	13
165.0	7445	17	18	9431	16	806	1079	8
165.0	7057	5	5	9432	5	1253	1148	16
165.0	7940	19	17	9433	21	1108	307	10
165.0	7147	18	18	9434	18	44	227	16
165.0	7018	11	7	9435	14	695	1355	12
165.0	7209	9	10	9436	7	788	645	13
165.0	7205	17	16	9437	17	1435	772	11
165.0	7981	19	16	9438	18	1066	332	11
165.0	7604	6	4	9439	8	675	1183	14
165.0	7492	18	14	9440	20	1371	1184	10
165.0	7035	15	16	9441	13	747	885	13
165.0	8230	11	16	9442	5	867	275	11
165.0	6906	6	7	9443	5	339	1358	13
165.0	7614	19	16	9444	21	503	1374	10
165.0	7397	8	7	9445	9	1253	606	13
165.0	7014	14	12	9446	15	1359	1226	10
165.0	8177	15	13	9447	17	718	867	12
165.0	7317	5	7	9448	3	559	733	11
165.0	7964	22	21	9449	22	1084	388	16
165.0	6998	19	20	9450	18	659	1143	9
165.0	7526	5	2	9451	8	949	1156	10
165.0	8076	5	6	9452	4	997	316	17
165.0	7662	13	16	9453	9	1119	532	16
165.0	6873	16	16	9454	16	175	319	16
165.0	8574	13	14	9455	12	783	1129	14
165.0	6957	17	17	9456	16	889	986	10
165.0	7891	5	7	9457	3	759	1347	11
165.0	7830	24	25	9458	22	258	393	12
165.0	7324	9	8	9459	10	1196	1270	12
165.0	8125	5	4	9460	6	1182	1806	13
165.0	8425	20	18	9461	22	882	1509	11
165.0	7747	9	10	9462	8	1076	441	14
165.0	7215	5	4	9463	6	539	428	12
165.0	7048	10	13	9464	7	601	1473	11
165.0	7418	21	23	9465	17	1128	964	14
165.0	8529	28	25	9466	30	1576	779	13
165.0	7836	8	8	9467	8	1007	1519	12
165.0	7011	11	10	9468	12	1216	1395	13
165.0	7603	39	47	9469	31	1286	109	10
165.0	7568	17	19	9470	13	682	644	10
165.0	7659	15	17	9471	12	808	1005	12
165.0	7423	16	15	9472	17	760	1295	12
165.0	8254	18	17	9473	18	750	1224	12
165.0	7521	15	13	9474	16	717	842	14
165.0	7829	6	4	9475	8	769	697	15
165.0	7767	23	16	9476	29	401	74	14
165.0	7152	17	18	9477	15	1099	679	13
165.0	7617	8	7	9478	9	998	1576	9
165.0	7691	11	5	9479	17	1578	330	15
165.0	8435	35	38	9480	32	915	1259	13
166.0	7379	11	14	9481	8	214	781	16
166.0	8891	19	22	9482	16	992	1315	8
166.0	7124	22	20	9483	24	1205	899	11
166.0	6899	10	14	9484	6	1109	1030	13
166.0	9325	12	11	9485	11	583	607	12
166.0	7441	8	9	9486	7	1138	1001	14
166.0	7700	28	18	9487	35	248	630	15
166.0	7703	7	4	9488	10	819	1410	13
166.0	9454	16	17	9489	13	188	319	17
166.0	8443	12	11	9490	11	931	378	14
166.0	8273	17	19	9491	15	928	1043	13
166.0	9136	8	9	9492	6	1283	1073	12
166.0	7232	25	25	9493	21	420	333	15
166.0	8523	25	25	9494	24	1341	1287	12
166.0	7654	5	5	9495	5	780	1384	10
166.0	7810	12	7	9496	17	1231	1793	12
166.0	8194	5	8	9497	2	946	393	14
166.0	7269	8	10	9498	6	1073	1402	13
166.0	7542	26	26	9499	24	919	477	15
166.0	6971	10	10	9500	10	1046	660	13
166.0	7897	28	27	9501	28	1223	38	12
166.0	7593	20	18	9502	19	823	17	10
166.0	7637	12	10	9503	13	1314	1015	12
166.0	7944	18	16	9504	18	1677	906	14
166.0	7505	12	7	9505	16	817	1106	12
166.0	8232	4	5	9506	2	596	1157	12
166.0	7836	8	7	9507	9	1007	1519	13
166.0	7273	46	36	9508	54	82	585	18
166.0	7592	20	16	9509	22	713	472	16
166.0	8082	18	16	9510	20	746	1017	13
166.0	7997	17	14	9511	20	1175	1270	11
166.0	8503	18	17	9512	18	690	324	12
166.0	7996	4	3	9513	5	1229	1409	9
166.0	7093	19	21	9514	17	1818	1726	14
166.0	7358	7	5	9515	9	948	464	10
166.0	8012	21	21	9516	21	372	410	15
166.0	7297	23	22	9517	24	393	188	14
166.0	8686	24	25	9518	23	1170	857	10
166.0	7323	17	13	9519	20	898	1764	14
166.0	7166	4	5	9520	2	992	1407	10
166.0	7704	16	23	9521	8	606	710	12
166.0	8326	10	8	9522	12	1392	1282	14
166.0	7879	17	19	9523	15	1060	839	12
166.0	7828	15	16	9524	13	1379	1065	14
166.0	8116	15	14	9525	16	753	1184	9
166.0	7570	13	11	9526	12	1028	1402	12
166.0	7437	4	5	9527	3	1320	1434	9
166.0	7187	23	19	9528	25	1269	1115	14
166.0	7425	30	26	9529	34	1144	477	11
166.0	7753	10	12	9530	8	671	1036	12
166.0	8522	21	21	9531	21	859	1000	10
166.0	7204	23	19	9532	27	1397	1125	13
166.0	7063	15	15	9533	14	1075	1941	12
166.0	6862	11	12	9534	10	845	1290	13
166.0	7336	7	6	9535	7	1256	1227	14
166.0	7123	17	14	9536	18	1454	1125	15
166.0	7644	10	9	9537	11	615	1367	10
166.0	7350	14	10	9538	18	1111	1482	12
166.0	7682	9	8	9539	10	763	542	16
166.0	7371	29	31	9540	26	928	1204	7
166.0	7072	3	2	9541	4	502	909	11
166.0	6944	15	12	9542	18	782	1417	11
166.0	7671	9	6	9543	10	564	927	12
166.0	7800	18	18	9544	17	828	1365	11
166.0	6947	9	5	9545	12	849	744	12
166.0	7607	4	3	9546	5	1048	772	17
166.0	7608	20	21	9547	19	716	1128	8
166.0	8121	29	21	9548	34	1205	396	13
166.0	7945	38	41	9549	35	20	375	10
166.0	7976	8	11	9550	5	758	1270	12
166.0	7725	24	19	9551	26	1091	236	14
166.0	7526	2	0	9552	3	949	1156	11
166.0	8259	23	17	9553	29	26	310	18
166.0	8378	11	14	9554	8	807	1054	14
166.0	9450	18	17	9555	19	638	1143	10
166.0	7814	7	8	9556	6	981	998	11
166.0	7951	13	10	9557	15	1165	737	12
166.0	7032	5	5	9558	5	1006	1294	9
166.0	7518	8	12	9559	3	895	779	12
166.0	8425	18	16	9560	18	882	1509	12
166.0	7380	22	24	9561	18	1338	849	15
166.0	7078	12	9	9562	15	1159	1553	14
166.0	8209	19	21	9563	16	582	803	14
166.0	7453	23	21	9564	23	1339	642	13
166.0	8492	15	16	9565	12	1178	517	16
166.0	8452	11	11	9566	11	1533	685	17
166.0	7392	19	15	9567	23	427	1554	9
166.0	7055	12	12	9568	11	836	586	10
166.0	7708	29	23	9569	29	862	414	14
166.0	8020	15	8	9570	22	1324	1081	13
166.0	7591	5	4	9571	6	198	388	12
166.0	7132	4	2	9572	5	778	1456	13
166.0	9268	20	21	9573	19	1388	982	17
166.0	7940	17	15	9574	19	1108	307	11
166.0	8318	17	15	9575	18	673	609	12
166.0	7841	10	7	9576	12	620	577	12
166.0	8177	13	12	9577	12	718	867	13
166.0	7445	18	20	9578	15	806	1079	9
166.0	7834	22	16	9579	27	1143	849	13
166.0	7614	16	14	9580	18	503	1374	11
166.0	7446	21	22	9581	19	1273	933	10
167.0	7183	12	11	9582	13	547	673	16
167.0	7397	7	5	9583	9	1253	606	14
167.0	7190	19	17	9584	20	687	1147	12
167.0	8226	13	14	9585	12	1423	1483	13
167.0	7338	22	25	9586	18	1256	1395	11
167.0	8077	15	11	9587	19	1076	642	7
167.0	7847	29	31	9588	26	383	633	13
167.0	8685	25	24	9589	24	1144	543	10
167.0	8861	16	17	9590	15	583	529	11
167.0	6856	20	15	9591	24	323	22	16
167.0	7350	10	9	9592	9	1111	1482	13
167.0	9577	12	6	9593	17	718	852	14
167.0	7349	12	13	9594	11	989	1044	12
167.0	7559	5	4	9595	6	873	1269	15
167.0	7361	10	10	9596	10	1169	1068	12
167.0	7818	13	12	9597	14	605	562	12
167.0	8823	13	10	9598	14	307	976	17
167.0	8064	11	7	9599	15	83	270	20
167.0	7511	17	19	9600	15	1272	888	12
167.0	7251	12	16	9601	7	1451	1047	14
167.0	7538	13	11	9602	14	1240	0	14
167.0	7671	6	8	9603	4	564	927	13
167.0	7623	13	11	9604	13	772	959	12
167.0	7050	23	20	9605	25	171	1067	10
167.0	7113	15	16	9606	14	927	1294	11
167.0	7282	19	17	9607	20	1157	464	16
167.0	7334	5	5	9608	5	954	1738	12
167.0	7644	9	11	9609	6	615	1367	11
167.0	7760	5	4	9610	5	609	851	12
167.0	6961	8	4	9611	12	948	311	19
167.0	7441	9	8	9612	10	1138	1001	15
167.0	7341	2	4	9613	0	1018	385	16
167.0	9487	35	33	9614	35	248	650	16
167.0	7965	7	10	9615	4	763	675	16
167.0	8985	4	3	9616	5	1333	1572	13
167.0	7022	11	10	9617	10	104	306	15
167.0	8026	27	24	9618	29	1156	0	12
167.0	7142	26	29	9619	21	216	110	11
167.0	7575	13	9	9620	16	1350	996	14
167.0	7290	12	9	9621	15	1763	1477	9
167.0	9131	7	6	9622	7	1007	635	13
167.0	9425	14	15	9623	12	108	230	21
167.0	7576	3	1	9624	5	816	295	10
167.0	8381	9	6	9625	11	670	463	16
167.0	8167	10	8	9626	12	1125	1294	15
167.0	8088	3	3	9627	3	1010	1575	10
167.0	7288	20	23	9628	15	1132	1980	12
167.0	7329	21	22	9629	20	757	91	12
167.0	7717	12	16	9630	8	476	633	11
167.0	8074	18	17	9631	19	1184	491	15
167.0	7040	12	12	9632	11	957	600	15
167.0	7090	2	2	9633	2	1244	1378	10
167.0	7516	11	12	9634	9	1349	426	13
167.0	7302	27	26	9635	27	423	312	12
167.0	8761	25	28	9636	22	1699	522	12
167.0	7451	20	19	9637	20	973	462	14
167.0	7155	11	12	9638	9	1063	1564	13
167.0	8395	16	15	9639	17	1094	1466	12
167.0	8118	14	15	9640	13	1736	772	12
167.0	7161	32	33	9641	29	1286	685	9
167.0	7321	27	30	9642	22	1933	383	12
167.0	7274	1	2	9643	0	1090	518	18
167.0	8204	15	16	9644	14	511	865	10
167.0	7898	18	20	9645	15	1197	114	10
167.0	8196	15	14	9646	16	766	1050	16
167.0	7620	9	9	9647	8	714	295	12
167.0	6860	6	3	9648	8	681	1478	15
167.0	8682	11	10	9649	11	1239	273	16
167.0	7056	9	12	9650	5	836	476	15
167.0	9497	2	2	9651	2	960	378	15
167.0	7214	18	18	9652	18	753	1960	11
167.0	8324	11	12	9653	10	1373	1573	13
167.0	6892	6	5	9654	7	153	405	12
167.0	7848	10	11	9655	9	1007	1432	15
167.0	7808	37	33	9656	40	1143	679	11
167.0	7784	6	8	9657	4	626	1509	14
167.0	7786	12	8	9658	15	1489	1256	13
167.0	7604	4	4	9659	4	675	1183	15
167.0	7379	14	15	9660	11	214	781	17
167.0	8101	25	25	9661	25	1179	952	13
167.0	7894	17	20	9662	13	100	159	15
167.0	7185	19	16	9663	21	1221	273	15
167.0	7540	5	6	9664	4	616	753	12
167.0	8146	19	18	9665	17	435	1408	10
167.0	7677	7	7	9666	5	625	1220	11
167.0	7445	20	17	9667	23	806	1079	10
167.0	7195	6	6	9668	5	857	1484	12
167.0	7433	29	22	9669	33	537	758	11
167.0	7562	11	9	9670	12	1155	635	11
167.0	8564	25	22	9671	27	109	1334	13
167.0	7328	12	13	9672	10	337	595	14
167.0	7704	23	22	9673	24	606	710	13
167.0	8507	21	22	9674	19	1355	1385	11
167.0	7509	10	10	9675	10	824	454	13
167.0	6888	5	7	9676	3	1593	514	17
168.0	7861	32	26	9677	35	568	540	11
168.0	7957	21	24	9678	18	778	354	13
168.0	7383	4	2	9679	6	759	382	10
168.0	7900	20	25	9680	14	977	1343	9
168.0	6937	20	19	9681	21	658	41	10
168.0	7189	18	19	9682	17	647	563	12
168.0	7086	7	6	9683	7	948	531	17
168.0	7142	29	30	9684	27	216	110	12
168.0	8761	28	22	9685	33	1699	522	13
168.0	7933	14	17	9686	11	424	1755	10
168.0	6924	23	23	9687	23	224	502	12
168.0	7279	20	21	9688	18	1252	656	12
168.0	7447	27	20	9689	32	0	428	13
168.0	8540	15	13	9690	17	841	433	12
168.0	8345	18	17	9691	17	833	321	9
168.0	6908	27	26	9692	26	1515	116	9
168.0	8119	9	9	9693	8	680	1028	11
168.0	8011	6	6	9694	6	986	535	16
168.0	8396	15	13	9695	16	328	976	15
168.0	7377	3	3	9696	3	422	861	13
168.0	8051	19	18	9697	16	642	1019	12
168.0	7074	31	32	9698	30	630	398	11
168.0	7688	33	38	9699	27	876	615	18
168.0	7213	22	14	9700	29	807	724	14
168.0	7030	21	22	9701	19	1455	1587	15
168.0	9302	15	15	9702	14	558	849	15
168.0	8330	8	10	9703	6	695	936	14
168.0	7893	7	5	9704	9	268	931	16
168.0	7917	12	12	9705	12	876	433	10
168.0	9577	6	5	9706	7	718	852	15
168.0	8315	15	11	9707	17	586	1156	9
168.0	7090	2	1	9708	3	1244	1378	11
168.0	8175	16	17	9709	15	1558	1024	13
168.0	7515	21	20	9710	22	945	1271	13
168.0	7754	23	22	9711	23	1363	1287	11
168.0	6911	10	10	9712	9	616	950	14
168.0	7018	7	6	9713	8	695	1355	13
168.0	7801	7	7	9714	7	1064	480	12
168.0	7184	24	27	9715	20	532	322	13
168.0	7511	19	15	9716	21	1272	888	13
168.0	8500	15	17	9717	12	778	254	12
168.0	7860	19	19	9718	19	1344	969	14
168.0	6981	6	7	9719	4	703	1244	12
168.0	7105	21	19	9720	22	627	1834	6
168.0	7435	15	17	9721	11	601	1128	10
168.0	7693	9	9	9722	7	610	1449	10
168.0	7894	20	11	9723	26	100	159	16
168.0	7430	16	16	9724	15	681	664	13
168.0	7639	12	16	9725	8	1364	871	13
168.0	8633	9	7	9726	10	1057	430	12
168.0	7449	27	26	9727	27	1461	712	14
168.0	7093	21	22	9728	19	1823	1750	15
168.0	7764	17	20	9729	14	778	686	14
168.0	7183	11	9	9730	13	547	673	17
168.0	8861	17	15	9731	19	583	529	12
168.0	7905	9	11	9732	6	838	237	13
168.0	7820	12	14	9733	10	963	1456	11
168.0	7280	6	4	9734	8	433	1324	10
168.0	7013	18	15	9735	19	637	654	12
168.0	7676	19	20	9736	17	1226	1005	14
168.0	7787	10	13	9737	7	1007	1065	16
168.0	7458	9	7	9738	10	719	779	13
168.0	7781	10	13	9739	7	1382	1065	14
168.0	8525	10	11	9740	8	1017	604	11
168.0	7070	15	16	9741	14	1054	362	12
168.0	6903	20	19	9742	19	1331	815	14
168.0	6977	12	16	9743	7	1169	1161	13
168.0	7536	13	15	9744	11	1027	1202	12
168.0	7895	17	17	9745	17	579	636	13
168.0	7606	21	20	9746	21	875	1114	13
168.0	7525	15	14	9747	15	1908	959	11
168.0	8172	21	21	9748	21	1479	801	8
168.0	7651	5	3	9749	6	1539	611	17
168.0	8688	4	5	9750	2	897	1137	13
168.0	7445	17	14	9751	18	806	1079	11
168.0	7024	13	12	9752	13	823	646	11
168.0	7885	31	31	9753	30	831	1177	10
168.0	6919	8	9	9754	7	1421	873	14
168.0	7323	13	9	9755	17	898	1764	15
168.0	7582	12	11	9756	13	1433	827	11
168.0	9425	15	13	9757	15	108	230	22
168.0	7022	10	11	9758	9	104	306	16
168.0	8017	16	16	9759	16	793	527	15
168.0	7113	16	14	9760	17	927	1294	12
168.0	7442	15	13	9761	15	1271	1037	11
168.0	8643	20	22	9762	18	1148	819	12
168.0	7687	20	28	9763	12	634	748	10
168.0	7538	11	10	9764	12	1240	0	15
169.0	7520	16	18	9765	13	919	709	10
169.0	9083	7	9	9766	5	793	95	13
169.0	8045	26	27	9767	25	1498	980	14
169.0	7867	13	8	9768	16	994	1339	9
169.0	7627	30	34	9769	25	1176	827	15
169.0	7800	18	18	9770	18	828	1365	12
169.0	7861	26	21	9771	31	568	540	12
169.0	9577	5	6	9772	4	718	852	16
169.0	6908	26	28	9773	23	1515	116	10
169.0	7269	10	10	9774	9	1073	1402	14
169.0	8680	11	14	9775	8	885	1233	14
169.0	7473	10	13	9776	7	1273	1683	13
169.0	7578	18	16	9777	20	1432	1184	13
169.0	7335	15	19	9778	11	639	883	10
169.0	8329	29	25	9779	33	1310	22	12
169.0	8274	13	13	9780	13	863	1407	12
169.0	7639	16	15	9781	17	1364	871	14
169.0	8998	18	16	9782	18	1182	1752	12
169.0	7146	20	21	9783	19	848	765	13
169.0	7651	3	2	9784	4	1539	611	18
169.0	7093	22	22	9785	20	1873	1828	16
169.0	9058	12	12	9786	12	955	1257	14
169.0	6945	10	12	9787	8	1304	997	12
169.0	7526	0	0	9788	0	949	1156	12
169.0	8426	16	17	9789	14	1429	1110	15
169.0	8861	15	17	9790	13	583	529	13
169.0	8399	10	8	9791	12	663	546	17
169.0	7357	22	22	9792	21	1506	486	11
169.0	7841	7	10	9793	4	620	577	13
169.0	6922	26	26	9794	24	1475	769	16
169.0	7066	14	18	9795	8	987	1087	12
169.0	7255	10	9	9796	11	1319	1229	15
169.0	7184	27	26	9797	24	532	322	14
169.0	9007	12	16	9798	8	1249	1052	12
169.0	7150	9	7	9799	9	622	894	10
169.0	7496	6	8	9800	4	998	1253	12
169.0	7593	18	17	9801	19	823	17	11
169.0	7315	12	15	9802	8	481	978	9
169.0	7663	12	14	9803	10	1071	1316	12
169.0	7669	10	9	9804	9	1158	1913	12
169.0	7957	24	25	9805	22	778	354	14
169.0	9454	17	21	9806	13	188	319	18
169.0	7086	6	7	9807	5	948	531	18
169.0	8092	10	10	9808	10	770	1009	15
169.0	8029	10	8	9809	12	780	588	15
169.0	6873	16	23	9810	9	175	319	17
169.0	7208	4	3	9811	5	490	766	13
169.0	7753	12	8	9812	16	633	1036	13
169.0	7895	17	16	9813	17	579	636	14
169.0	7187	19	21	9814	16	1269	1115	15
169.0	7649	4	4	9815	4	1036	341	17
169.0	7163	24	24	9816	23	842	1335	14
169.0	8248	20	21	9817	18	1086	569	13
169.0	7883	5	3	9818	7	925	1370	13
169.0	7601	9	9	9819	9	1712	778	16
169.0	8197	26	25	9820	27	127	903	11
169.0	9495	5	6	9821	4	735	1470	11
169.0	7149	18	17	9822	16	756	1141	15
169.0	8953	25	31	9823	17	1015	654	8
169.0	6874	15	11	9824	18	1013	569	7
169.0	8535	27	25	9825	27	69	28	13
169.0	8040	15	17	9826	13	186	216	15
169.0	7171	11	16	9827	6	1093	583	13
169.0	7295	13	18	9828	8	1467	914	11
169.0	8016	3	4	9829	2	903	381	14
169.0	6919	9	9	9830	9	1421	873	15
169.0	7633	6	6	9831	6	643	1357	10
169.0	7464	17	19	9832	14	449	788	9
169.0	7105	19	20	9833	18	627	1834	7
169.0	7840	14	13	9834	13	577	1012	12
169.0	7764	20	17	9835	21	778	686	15
169.0	7963	6	6	9836	5	1034	1549	12
169.0	8161	7	7	9837	6	769	824	17
169.0	7992	14	11	9838	17	708	1148	8
169.0	7696	10	10	9839	10	917	403	12
169.0	7857	11	5	9840	16	305	573	14
169.0	7945	41	43	9841	37	20	375	11
169.0	8142	14	7	9842	19	1303	1506	10
169.0	8259	17	16	9843	18	26	310	19
169.0	8757	16	15	9844	16	1374	1123	13
169.0	7860	19	20	9845	17	1344	969	15
169.0	7968	13	16	9846	10	1292	1238	14
169.0	8186	8	7	9847	8	567	894	10
169.0	7934	3	3	9848	3	721	1206	10
169.0	7812	13	10	9849	15	892	519	11
169.0	7293	20	22	9850	16	1347	1689	14
169.0	8119	9	10	9851	7	680	1028	12
169.0	7243	23	23	9852	22	0	337	18
169.0	8060	10	8	9853	11	904	599	13
169.0	7220	21	19	9854	22	425	764	12
169.0	7866	7	9	9855	5	465	1541	12
169.0	7259	31	31	9856	31	592	1654	12
169.0	8493	21	21	9857	21	430	205	15
169.0	7314	14	9	9858	18	650	607	13
169.0	7341	4	3	9859	4	1018	385	17
169.0	7732	13	8	9860	16	499	650	13
169.0	7990	4	4	9861	4	984	289	16
169.0	7613	16	19	9862	13	14	956	11
169.0	7030	22	19	9863	24	1455	1587	16
169.0	6942	12	10	9864	14	987	577	10
169.0	7655	16	12	9865	16	678	848	10
169.0	7924	0	0	9866	0	479	1444	13
169.0	7787	13	13	9867	13	1007	1065	17
169.0	7541	17	14	9868	20	958	1310	8
169.0	7937	19	20	9869	17	281	375	11
169.0	8149	8	8	9870	8	1281	1319	7
169.0	7782	17	15	9871	19	333	625	14
170.0	8380	6	6	9872	6	1125	1259	12
170.0	6906	7	4	9873	10	339	1358	14
170.0	7978	34	30	9874	37	1267	954	8
170.0	8232	5	7	9875	3	563	1123	13
170.0	6926	9	7	9876	11	605	1078	14
170.0	8069	8	10	9877	6	1481	1333	13
170.0	7954	24	23	9878	24	1180	387	10
170.0	8103	13	15	9879	11	756	1369	10
170.0	8040	17	16	9880	17	186	216	16
170.0	7293	22	20	9881	23	1347	1689	15
170.0	7318	4	3	9882	5	303	872	12
170.0	8350	11	10	9883	12	134	286	14
170.0	6880	10	8	9884	12	851	1982	15
170.0	7977	22	26	9885	17	1035	502	13
170.0	7919	7	7	9886	7	675	973	13
170.0	7631	14	16	9887	12	245	310	12
170.0	6899	14	12	9888	16	1109	1030	14
170.0	7454	6	5	9889	7	1484	1081	10
170.0	7872	9	9	9890	9	829	1206	12
170.0	6940	11	14	9891	7	1449	1181	13
170.0	7233	27	30	9892	23	338	565	19
170.0	7104	13	17	9893	6	1288	952	10
170.0	7713	3	1	9894	5	1406	1622	14
170.0	7514	3	4	9895	2	447	1350	11
170.0	7877	9	6	9896	12	667	647	16
170.0	7012	18	20	9897	15	816	426	12
170.0	6913	5	3	9898	7	0	804	11
170.0	8143	2	1	9899	3	975	348	18
170.0	7144	7	8	9900	5	1445	1221	12
170.0	8096	20	19	9901	19	875	1364	14
170.0	8351	4	3	9902	5	1084	1618	9
170.0	8626	10	7	9903	13	1311	1693	12
170.0	8487	25	25	9904	25	856	365	11
170.0	8129	10	9	9905	11	1099	418	10
170.0	8746	14	13	9906	14	1639	1010	11
170.0	6878	22	18	9907	26	1118	1579	12
170.0	7225	6	7	9908	5	879	758	12
170.0	8462	15	16	9909	14	1316	798	13
170.0	9007	16	16	9910	16	1249	1052	13
170.0	7457	18	14	9911	21	847	1375	9
170.0	7007	18	18	9912	16	1423	1546	13
170.0	8674	12	11	9913	11	693	1049	13
170.0	7913	15	14	9914	15	603	1698	12
170.0	7205	16	14	9915	16	1498	732	12
170.0	8299	6	6	9916	6	855	1457	14
170.0	8627	26	23	9917	26	845	688	12
170.0	8795	13	15	9918	10	233	921	14
170.0	7451	19	18	9919	19	973	462	15
170.0	7822	11	10	9920	12	474	947	10
170.0	8807	15	19	9921	10	1037	1065	16
170.0	7924	0	0	9922	0	479	1444	14
170.0	7964	21	21	9923	19	1084	388	17
170.0	7504	21	22	9924	18	1430	135	11
170.0	7957	25	31	9925	19	778	354	15
170.0	8043	27	27	9926	24	28	1019	12
170.0	8940	13	13	9927	12	144	226	24
170.0	7241	25	24	9928	25	402	234	16
170.0	8748	0	0	9929	0	415	910	12
170.0	8158	11	8	9930	14	771	1339	11
170.0	7059	13	17	9931	9	1809	678	12
170.0	8000	13	10	9932	14	135	348	17
170.0	8530	16	15	9933	16	473	388	13
170.0	7057	5	8	9934	2	1253	1148	17
170.0	8792	13	11	9935	14	1483	841	13
170.0	8073	12	13	9936	11	1143	1188	12
170.0	6970	15	16	9937	13	325	155	15
170.0	8210	11	10	9938	11	937	585	11
170.0	7540	6	2	9939	9	616	753	13
170.0	8329	25	27	9940	23	1310	22	13
170.0	7456	18	19	9941	17	744	430	11
170.0	8186	7	8	9942	6	567	894	11
170.0	7738	18	19	9943	16	488	582	11
170.0	7935	13	17	9944	8	1139	1640	12
170.0	7750	9	9	9945	8	1412	1269	12
170.0	6932	22	24	9946	20	1163	407	13
170.0	7391	13	11	9947	14	11	239	19
170.0	6951	7	6	9948	8	1050	508	14
170.0	7925	13	12	9949	13	1103	606	12
170.0	8081	6	7	9950	5	415	929	10
170.0	9058	12	10	9951	14	955	1257	15
170.0	7744	11	6	9952	16	1124	1375	15
170.0	6883	1	2	9953	0	1125	1436	12
170.0	7639	15	16	9954	14	1364	871	15
170.0	7584	9	9	9955	9	1457	1680	12
170.0	6922	26	26	9956	26	1475	769	17
170.0	6900	15	12	9957	17	1264	706	13
170.0	8535	25	23	9958	24	69	28	14
170.0	7314	9	5	9959	12	650	607	14
170.0	7717	16	10	9960	19	476	633	12
170.0	8554	11	13	9961	9	723	1594	10
170.0	8407	26	24	9962	27	407	273	12
170.0	6888	7	7	9963	6	1593	514	18
170.0	8505	10	10	9964	9	79	296	21
170.0	7429	13	17	9965	9	1049	445	13
170.0	8757	15	15	9966	14	1374	1123	14
170.0	8001	12	13	9967	11	619	1529	12
170.0	7727	13	10	9968	14	858	587	10
170.0	7372	8	7	9969	9	1108	1241	13
170.0	8190	12	15	9970	8	603	1196	13
170.0	7530	8	9	9971	6	808	917	15
170.0	8111	26	30	9972	19	378	1701	11
170.0	8137	10	8	9973	11	1300	1016	11
171.0	8887	25	26	9974	22	727	531	11
171.0	8334	34	34	9975	33	373	262	13
171.0	7678	18	15	9976	20	809	1124	11
171.0	7409	14	14	9977	14	678	532	17
171.0	9748	21	25	9978	16	1462	801	9
171.0	8006	8	6	9979	9	481	815	13
171.0	8114	6	7	9980	5	485	1272	10
171.0	8183	25	24	9981	25	148	437	17
171.0	7959	4	1	9982	6	591	695	13
171.0	7690	9	8	9983	10	428	255	14
171.0	8505	10	9	9984	11	79	296	22
171.0	7036	2	3	9985	1	857	916	12
171.0	7262	38	38	9986	36	793	194	17
171.0	7929	13	14	9987	12	658	1244	12
171.0	8517	9	10	9988	8	739	824	13
171.0	7721	31	27	9989	34	1999	473	11
171.0	6864	8	9	9990	7	1325	1357	13
171.0	8053	11	14	9991	8	921	253	10
171.0	7261	24	20	9992	25	1237	696	12
171.0	7217	17	15	9993	16	446	1958	11
171.0	8487	25	26	9994	22	856	365	12
171.0	8250	6	7	9995	5	723	667	21
171.0	6970	16	20	9996	12	325	155	16
171.0	7713	1	2	9997	0	1406	1622	15
171.0	7709	13	9	9998	15	1135	1361	12
171.0	8502	14	16	9999	11	806	344	13
171.0	8464	14	11	10000	16	340	1493	11
171.0	6857	7	9	10001	4	1128	1455	10
171.0	8002	12	13	10002	11	1219	1297	8
171.0	7265	14	8	10003	20	1186	1253	12
171.0	7233	30	23	10004	35	338	565	20
171.0	8151	6	4	10005	8	868	1194	9
171.0	7014	12	13	10006	10	1366	1239	11
171.0	8345	17	13	10007	19	833	321	10
171.0	8535	23	21	10008	23	69	28	15
171.0	8674	11	9	10009	13	693	1049	14
171.0	8199	8	6	10010	10	1127	1759	14
171.0	8069	10	9	10011	11	1523	1375	14
171.0	7646	23	18	10012	28	1915	767	11
171.0	7583	19	22	10013	15	1963	884	11
171.0	8524	5	4	10014	6	949	346	15
171.0	8313	23	16	10015	30	1562	29	15
171.0	7573	17	18	10016	14	1126	310	11
171.0	8096	19	19	10017	18	875	1364	15
171.0	7224	25	24	10018	25	1082	1257	11
171.0	8587	11	10	10019	10	1024	1791	13
171.0	8621	8	5	10020	10	1307	775	13
171.0	8658	9	7	10021	10	1063	1842	14
171.0	8118	15	14	10022	15	1736	772	13
171.0	7894	11	8	10023	13	100	159	17
171.0	9007	16	13	10024	17	1249	1052	14
171.0	7940	15	14	10025	16	1124	291	12
171.0	8072	9	8	10026	10	679	1094	16
171.0	7875	13	16	10027	10	1500	839	11
171.0	8142	7	7	10028	7	1303	1506	11
171.0	8229	5	6	10029	4	1172	1358	11
171.0	8533	21	21	10030	19	60	263	23
171.0	7021	11	9	10031	13	1216	1187	13
171.0	8554	13	16	10032	10	723	1594	11
171.0	8182	26	26	10033	25	644	1284	9
171.0	8043	27	25	10034	27	28	1019	13
171.0	7425	26	20	10035	31	1182	477	12
171.0	8310	16	19	10036	13	685	793	12
171.0	7998	8	4	10037	11	546	634	13
171.0	7954	23	19	10038	24	1180	387	11
171.0	7710	14	12	10039	16	947	1009	11
171.0	8462	16	14	10040	17	1316	798	14
171.0	7048	13	13	10041	13	601	1473	12
171.0	8111	30	26	10042	31	378	1701	12
171.0	7830	25	19	10043	31	258	393	13
171.0	7579	9	7	10044	10	1164	605	13
171.0	8084	26	24	10045	24	1792	43	14
171.0	7450	17	16	10046	17	1181	675	12
171.0	8044	10	10	10047	10	1023	1590	14
171.0	6939	17	17	10048	16	882	1279	11
171.0	7652	10	11	10049	8	669	688	12
171.0	8765	5	5	10050	5	1383	1154	13
171.0	8036	9	11	10051	7	48	251	24
171.0	7915	16	17	10052	15	721	1922	13
171.0	7214	18	18	10053	16	753	1960	12
171.0	8329	27	20	10054	33	1310	22	14
171.0	7047	32	29	10055	34	1312	1324	13
171.0	7827	9	9	10056	9	1246	1716	12
171.0	6883	2	1	10057	3	1125	1436	13
171.0	7351	20	18	10058	19	637	786	15
172.0	7384	8	7	10059	9	991	1425	10
172.0	7886	19	18	10060	18	751	0	9
172.0	9272	8	10	10061	6	1278	737	14
172.0	8615	23	25	10062	20	1532	1253	13
172.0	8516	4	1	10063	7	1157	1452	10
172.0	7451	18	20	10064	15	973	462	16
172.0	7124	20	26	10065	14	1205	899	12
172.0	7922	18	16	10066	20	405	1215	8
172.0	8068	30	30	10067	24	229	382	16
172.0	7082	12	12	10068	11	530	1542	11
172.0	8670	8	5	10069	10	692	1209	14
172.0	7447	20	13	10070	24	0	428	14
172.0	6932	24	27	10071	20	1163	407	14
172.0	7173	15	15	10072	14	1089	994	9
172.0	8385	13	15	10073	10	1208	549	11
172.0	8940	13	16	10074	10	208	236	25
172.0	8218	11	11	10075	10	1095	320	10
172.0	6883	1	2	10076	0	1125	1436	14
172.0	7740	6	8	10077	4	1148	415	11
172.0	7075	8	7	10078	9	813	1297	14
172.0	8211	10	11	10079	9	41	782	10
172.0	7210	15	15	10080	14	1226	647	13
172.0	8426	17	15	10081	18	1429	1110	16
172.0	7748	40	39	10082	36	1534	1055	11
172.0	9443	5	6	10083	4	312	1390	14
172.0	8738	14	10	10084	16	604	1237	11
172.0	7385	17	18	10085	15	1787	15	11
172.0	8022	9	10	10086	8	944	929	13
172.0	8023	17	18	10087	14	953	1807	11
172.0	8972	19	15	10088	20	513	323	15
172.0	7337	17	17	10089	17	251	757	17
172.0	7559	4	5	10090	2	873	1269	16
172.0	7741	14	12	10091	15	469	724	8
172.0	7268	11	14	10092	8	1307	721	14
172.0	7409	14	16	10093	12	678	532	18
172.0	8238	23	26	10094	20	629	430	10
172.0	8246	12	7	10095	16	635	715	12
172.0	7891	7	10	10096	3	759	1389	12
172.0	7421	19	24	10097	14	1027	576	7
172.0	8278	30	34	10098	25	582	383	11
172.0	7638	28	29	10099	25	102	904	16
172.0	8280	12	16	10100	8	601	859	12
172.0	7212	9	6	10101	11	573	1284	11
172.0	7986	5	5	10102	5	124	550	12
172.0	7484	3	3	10103	3	1076	1294	16
172.0	7424	15	12	10104	18	1150	919	15
172.0	8649	31	35	10105	25	1771	1337	11
172.0	9058	10	12	10106	8	955	1257	16
172.0	7014	13	13	10107	12	1366	1239	12
172.0	7233	23	27	10108	19	338	565	21
172.0	7715	13	13	10109	13	873	474	14
172.0	7022	11	7	10110	15	104	306	17
172.0	8607	16	19	10111	13	47	202	18
172.0	8069	9	8	10112	10	1523	1375	15
172.0	8083	9	11	10113	7	1383	735	12
172.0	8298	20	19	10114	20	1325	871	13
172.0	8387	18	22	10115	11	1166	250	14
172.0	8381	6	6	10116	5	609	448	17
172.0	9203	9	10	10117	6	1236	1558	14
172.0	8237	21	18	10118	22	531	454	13
172.0	7944	16	15	10119	16	1677	906	15
172.0	9185	6	8	10120	4	835	1410	13
172.0	7369	17	14	10121	19	1542	117	13
172.0	7139	24	26	10122	21	882	1954	14
172.0	7733	23	31	10123	15	332	1153	13
172.0	7351	18	19	10124	16	637	786	16
172.0	8174	35	37	10125	32	1218	350	14
172.0	7256	8	8	10126	7	1088	1373	12
172.0	7161	33	34	10127	32	1302	647	10
172.0	7153	17	16	10128	18	937	1403	14
172.0	7875	16	13	10129	19	1500	839	12
172.0	7890	13	17	10130	8	1223	1235	12
172.0	7285	25	25	10131	24	932	467	12
172.0	7243	23	23	10132	20	0	337	19
172.0	7721	27	21	10133	30	1999	473	12
172.0	7620	9	7	10134	11	714	295	13
172.0	7779	15	14	10135	12	1999	1336	9
172.0	8591	12	18	10136	6	1404	1211	14
172.0	7568	19	22	10137	16	673	635	11
172.0	7611	4	3	10138	4	1015	350	18
172.0	7206	1	0	10139	2	527	945	13
172.0	8114	7	10	10140	4	485	1272	11
172.0	7690	8	8	10141	8	428	255	15
172.0	8345	13	15	10142	11	833	321	11
172.0	6938	34	33	10143	34	648	1416	9
172.0	7849	13	10	10144	16	1261	480	13
172.0	7573	18	18	10145	16	1126	310	12
173.0	6944	12	16	10146	5	766	1433	12
173.0	7629	9	9	10147	9	1456	909	12
173.0	8321	6	5	10148	7	1334	689	13
173.0	8679	11	7	10149	15	725	61	11
173.0	7608	21	19	10150	22	716	1128	9
173.0	8503	17	16	10151	18	690	324	13
173.0	7508	12	13	10152	10	701	719	12
173.0	8925	15	10	10153	19	1212	1685	12
173.0	7897	27	26	10154	27	1223	38	13
173.0	7283	19	19	10155	19	592	995	12
173.0	9334	15	15	10156	15	12	120	17
173.0	7932	3	1	10157	4	1236	1356	10
173.0	6870	13	8	10158	18	0	251	24
173.0	7511	15	15	10159	15	1272	888	14
173.0	8164	27	26	10160	24	1423	807	11
173.0	7251	16	14	10161	17	1469	1029	15
173.0	7901	6	5	10162	7	1117	449	11
173.0	7091	11	11	10163	10	1029	1537	13
173.0	7276	20	20	10164	20	1940	580	13
173.0	8050	17	17	10165	15	1089	306	14
173.0	7537	6	5	10166	6	865	251	12
173.0	7877	6	5	10167	7	656	658	17
173.0	7357	22	24	10168	18	1506	486	12
173.0	8104	11	12	10169	10	829	348	11
173.0	6961	4	2	10170	6	932	295	20
173.0	7407	18	16	10171	19	1836	509	12
173.0	7848	11	7	10172	13	1007	1432	16
173.0	8617	2	2	10173	2	811	839	12
173.0	7635	8	8	10174	6	693	1228	11
173.0	8019	6	6	10175	6	722	1227	11
173.0	9515	9	8	10176	9	962	478	11
173.0	8035	18	16	10177	17	1578	1596	10
173.0	8753	3	3	10178	3	865	381	13
173.0	7933	17	20	10179	14	424	1755	11
173.0	7228	15	21	10180	8	524	540	13
173.0	8267	45	44	10181	43	943	162	13
173.0	7652	11	8	10182	13	669	688	13
173.0	7906	7	7	10183	7	875	1429	10
173.0	8149	8	9	10184	6	1281	1319	8
173.0	8093	7	9	10185	5	651	1336	9
173.0	8692	19	14	10186	24	35	214	19
173.0	7831	19	15	10187	22	75	388	15
173.0	8341	16	16	10188	15	978	1104	9
173.0	8518	8	7	10189	9	1439	1388	15
173.0	7206	0	0	10190	0	527	945	14
173.0	8233	17	16	10191	15	935	1446	10
173.0	7271	20	15	10192	22	1167	1025	13
173.0	7095	24	17	10193	28	1240	799	10
173.0	8615	25	18	10194	30	1532	1253	14
173.0	7165	13	13	10195	13	547	581	12
173.0	7110	9	9	10196	9	741	515	18
173.0	8186	8	6	10197	9	567	894	12
173.0	7178	22	18	10198	25	951	548	16
173.0	8986	17	16	10199	18	1208	696	11
173.0	7891	10	10	10200	10	759	1389	13
173.0	8468	19	20	10201	17	823	303	11
173.0	8155	11	13	10202	7	708	918	12
173.0	8670	5	8	10203	2	692	1209	15
173.0	7238	10	11	10204	8	1308	1628	14
173.0	7185	16	12	10205	19	1221	273	16
173.0	8424	26	24	10206	27	1355	1184	9
173.0	7727	10	9	10207	10	858	587	11
173.0	7663	14	11	10208	16	1071	1316	13
173.0	7631	16	22	10209	10	245	310	13
173.0	7832	13	18	10210	7	374	94	10
173.0	8460	9	9	10211	8	900	1564	12
173.0	7559	5	5	10212	4	873	1269	17
173.0	7657	17	13	10213	21	863	1655	12
173.0	8195	11	9	10214	12	1229	461	14
173.0	8673	12	11	10215	13	546	1074	10
173.0	7287	9	12	10216	6	162	1601	11
173.0	7093	22	20	10217	21	1912	1845	17
173.0	8150	19	18	10218	19	897	473	14
173.0	7554	10	11	10219	8	594	412	11
173.0	7156	6	4	10220	8	1288	788	13
173.0	8509	9	12	10221	6	1205	1561	12
173.0	8426	15	19	10222	11	1429	1110	17
173.0	7996	3	3	10223	3	1229	1409	10
173.0	8366	11	9	10224	13	1267	1973	12
173.0	7160	6	4	10225	8	946	361	16
173.0	7030	19	20	10226	17	1455	1587	17
173.0	7013	15	14	10227	15	626	624	13
173.0	7900	25	22	10228	28	977	1343	10
173.0	7987	15	12	10229	18	1572	84	14
173.0	7443	8	7	10230	9	1283	1355	12
173.0	8285	27	28	10231	24	704	1549	6
173.0	8237	18	22	10232	14	531	454	14
173.0	7516	12	13	10233	10	1373	306	14
173.0	8840	19	20	10234	18	943	1790	13
173.0	8453	20	20	10235	19	1416	779	17
173.0	8556	16	20	10236	11	1334	959	16
173.0	7168	3	3	10237	2	1096	1325	12
173.0	7332	28	25	10238	31	1058	642	8
173.0	8144	28	28	10239	28	1237	1595	11
173.0	7733	31	29	10240	31	332	1153	14
173.0	6921	21	18	10241	22	1415	1045	14
174.0	9786	12	14	10242	10	939	1230	15
174.0	7603	47	47	10243	45	1327	103	11
174.0	7113	14	10	10244	18	927	1294	13
174.0	7675	23	23	10245	21	838	998	14
174.0	7818	12	12	10246	12	605	562	13
174.0	8462	14	14	10247	12	1316	798	15
174.0	8082	16	11	10248	19	746	1017	14
174.0	7904	5	6	10249	4	1197	619	11
174.0	7485	2	1	10250	3	1354	1571	13
174.0	8251	7	9	10251	5	1175	593	15
174.0	7846	1	1	10252	1	526	1427	11
174.0	8986	16	18	10253	13	1208	696	12
174.0	7848	7	8	10254	6	1007	1432	17
174.0	8339	8	4	10255	12	667	722	11
174.0	7798	12	11	10256	13	663	907	10
174.0	7516	13	12	10257	14	1373	306	15
174.0	7109	30	31	10258	28	798	1337	12
174.0	7996	3	2	10259	4	1229	1409	11
174.0	7279	21	18	10260	23	1252	656	13
174.0	7013	14	15	10261	12	626	624	14
174.0	7984	11	10	10262	12	1226	753	14
174.0	8612	13	16	10263	9	853	1934	14
174.0	7926	5	4	10264	6	1107	1638	12
174.0	6879	22	18	10265	25	734	1514	12
174.0	7204	19	19	10266	19	1411	1139	14
174.0	8570	35	34	10267	33	396	480	17
174.0	8705	10	9	10268	11	1176	1400	14
174.0	7491	7	7	10269	7	768	751	16
174.0	8088	3	2	10270	4	1010	1575	11
174.0	8053	14	13	10271	14	921	232	11
174.0	9401	6	5	10272	7	580	577	12
174.0	7671	8	7	10273	8	564	927	14
174.0	7893	5	7	10274	3	268	931	17
174.0	7438	8	8	10275	8	357	32	20
174.0	6889	9	6	10276	11	1269	1177	14
174.0	8444	20	19	10277	20	403	411	13
174.0	7705	24	21	10278	26	184	346	16
174.0	7411	23	22	10279	24	86	0	18
174.0	7683	8	5	10280	10	479	785	14
174.0	7074	32	31	10281	31	614	382	12
174.0	9412	17	10	10282	21	793	1179	10
174.0	7156	4	1	10283	7	1288	788	14
174.0	7692	14	16	10284	10	726	626	12
174.0	7915	17	16	10285	17	721	1922	14
174.0	6896	15	14	10286	16	1342	24	13
174.0	8001	13	13	10287	10	619	1529	13
174.0	8503	16	13	10288	19	690	324	14
174.0	6958	10	6	10289	14	829	1478	14
174.0	6973	28	27	10290	26	396	499	18
174.0	7767	16	13	10291	19	401	74	15
174.0	8382	13	9	10292	17	1456	962	16
174.0	8387	22	24	10293	20	1016	140	15
174.0	8542	9	6	10294	12	689	1183	9
174.0	7247	18	13	10295	21	1293	1465	11
174.0	7532	11	12	10296	10	601	1017	11
174.0	7482	9	12	10297	6	990	1367	11
174.0	7099	10	7	10298	12	608	1399	13
174.0	8760	9	7	10299	10	1287	1574	13
174.0	8193	7	6	10300	8	635	1497	13
174.0	8423	16	18	10301	13	1364	852	13
174.0	7886	18	14	10302	22	751	0	10
174.0	8305	7	10	10303	4	753	529	18
174.0	7529	7	7	10304	7	1229	1677	14
174.0	7858	16	16	10305	15	1354	908	12
174.0	8595	15	11	10306	17	1305	1328	15
174.0	8125	4	4	10307	4	1182	1806	14
174.0	6876	35	27	10308	42	1562	45	16
174.0	7082	12	11	10309	10	530	1542	12
174.0	7733	29	26	10310	32	332	1153	15
174.0	7215	4	1	10311	6	539	428	13
174.0	8003	19	21	10312	17	383	655	11
174.0	7289	15	11	10313	19	1301	609	13
174.0	8609	25	26	10314	23	1197	1592	13
174.0	8677	15	14	10315	15	132	1819	11
174.0	8414	25	21	10316	29	171	174	15
174.0	8145	15	14	10317	14	1360	1358	11
174.0	7317	7	9	10318	5	509	751	12
174.0	8843	17	11	10319	22	55	386	13
174.0	9144	7	5	10320	8	807	1203	15
174.0	8795	15	17	10321	13	233	921	15
174.0	8460	9	11	10322	7	934	1598	13
174.0	6880	8	7	10323	9	851	1982	16
174.0	7832	18	17	10324	19	374	94	11
174.0	8368	15	11	10325	19	583	1063	13
174.0	8578	21	22	10326	18	665	939	10
174.0	6885	22	21	10327	21	1179	1639	14
174.0	8300	4	3	10328	5	1109	1549	13
174.0	7831	15	12	10329	17	87	388	16
174.0	8029	8	9	10330	5	780	588	16
175.0	8119	10	7	10331	13	665	1013	13
175.0	7860	20	16	10332	22	1344	969	16
175.0	8349	8	7	10333	9	1335	984	12
175.0	7810	7	5	10334	9	1231	1793	13
175.0	6991	12	13	10335	10	1492	1303	13
175.0	8630	10	11	10336	8	1363	927	12
175.0	7506	10	9	10337	11	1169	1046	13
175.0	7264	18	18	10338	17	1263	1096	11
175.0	8640	14	12	10339	15	714	547	13
175.0	6855	17	16	10340	17	1214	1727	12
175.0	8210	10	7	10341	13	937	585	12
175.0	8402	16	13	10342	17	1339	1214	15
175.0	9378	17	16	10343	18	742	556	14
175.0	7830	19	18	10344	18	258	393	14
175.0	7858	16	16	10345	16	1354	908	13
175.0	6868	8	5	10346	11	622	321	14
175.0	8127	9	4	10347	13	1383	763	12
175.0	8583	25	24	10348	26	1308	1276	13
175.0	8690	11	12	10349	9	355	678	15
175.0	6953	36	33	10350	37	112	518	11
175.0	7503	30	29	10351	31	81	429	10
175.0	8480	16	17	10352	14	1269	1613	13
175.0	6858	12	6	10353	18	1454	1076	15
175.0	7822	10	9	10354	11	474	947	11
175.0	7817	20	19	10355	18	0	779	14
175.0	7831	12	12	10356	10	87	388	17
175.0	8259	16	15	10357	16	26	310	20
175.0	9577	6	9	10358	3	718	852	17
175.0	7364	17	16	10359	16	1314	1731	13
175.0	6930	12	11	10360	13	807	1547	14
175.0	8062	27	29	10361	24	592	469	16
175.0	8066	24	22	10362	25	477	41	9
175.0	8078	16	16	10363	14	582	768	12
175.0	8971	13	14	10364	12	1423	1388	16
175.0	7270	34	37	10365	29	405	30	13
175.0	8016	4	3	10366	5	903	381	15
175.0	9381	4	3	10367	5	958	1412	13
175.0	8762	13	16	10368	10	727	1956	15
175.0	7849	10	9	10369	11	1293	512	14
175.0	8014	33	33	10370	33	1587	410	9
175.0	8236	12	13	10371	10	699	1938	15
175.0	8170	12	9	10372	13	602	1654	12
175.0	8576	25	30	10373	20	325	666	12
175.0	7183	9	10	10374	7	532	688	18
175.0	8880	3	4	10375	2	429	1379	11
175.0	6988	6	6	10376	6	494	700	11
175.0	7216	20	13	10377	26	718	350	11
175.0	8859	7	1	10378	12	1529	869	14
175.0	9046	12	9	10379	15	1068	313	11
175.0	7249	23	15	10380	31	678	555	11
175.0	8239	21	21	10381	21	269	588	14
175.0	7578	16	16	10382	16	1446	1198	14
175.0	7605	5	4	10383	6	1074	749	14
175.0	8907	25	30	10384	20	253	479	12
175.0	9731	19	19	10385	18	596	515	13
175.0	8261	28	30	10386	23	1964	169	9
175.0	7681	9	6	10387	12	836	1087	14
175.0	8425	16	15	10388	16	903	1556	13
175.0	8811	17	18	10389	15	1300	93	11
175.0	7855	29	32	10390	25	427	24	11
175.0	8013	3	3	10391	3	1512	1344	11
175.0	6900	12	10	10392	13	1277	693	14
175.0	8099	24	21	10393	26	1971	555	12
175.0	7044	17	17	10394	16	1168	91	16
175.0	7953	4	3	10395	5	515	865	12
175.0	7748	39	37	10396	38	1604	1181	12
175.0	7323	9	6	10397	12	898	1764	16
175.0	6994	2	2	10398	2	589	1416	11
175.0	7617	7	9	10399	5	947	1628	10
175.0	7494	7	8	10400	6	319	631	13
175.0	7280	4	3	10401	4	433	1324	11
175.0	7273	36	37	10402	34	82	585	19
175.0	8786	20	16	10403	23	142	76	16
175.0	8081	7	6	10404	8	415	929	11
175.0	8187	9	2	10405	14	1118	1312	14
175.0	8523	25	30	10406	18	1341	1287	13
175.0	8145	14	18	10407	10	1360	1358	12
175.0	8494	13	14	10408	9	605	1093	14
175.0	7215	1	1	10409	1	539	428	14
175.0	7521	13	8	10410	16	717	827	15
175.0	6865	13	12	10411	12	1365	792	15
175.0	9024	25	20	10412	29	417	647	12
175.0	8614	2	1	10413	3	1044	411	15
175.0	8027	5	5	10414	5	1125	501	13
175.0	7382	17	16	10415	18	460	433	10
175.0	7328	13	13	10416	13	337	595	15
175.0	7166	5	5	10417	5	992	1407	11
175.0	8585	13	14	10418	12	669	1166	11
175.0	8570	34	30	10419	35	396	480	18
175.0	7824	7	5	10420	9	626	808	12
175.0	8629	14	12	10421	16	75	320	16
175.0	8925	10	11	10422	6	1212	1685	13
175.0	9826	13	12	10423	14	246	240	16
175.0	7826	7	5	10424	9	1405	1386	17
175.0	8141	6	6	10425	5	1067	1355	12
175.0	8150	18	16	10426	20	897	473	15
175.0	8549	14	9	10427	19	1418	878	11
175.0	8317	10	11	10428	9	423	747	10
176.0	7043	11	12	10429	10	399	693	14
176.0	9992	25	29	10430	21	1253	696	13
176.0	8626	7	6	10431	7	1311	1693	13
176.0	8461	21	16	10432	24	1075	598	14
176.0	8484	11	14	10433	8	1193	1394	13
176.0	8642	10	11	10434	9	694	1295	12
176.0	8669	12	9	10435	15	1294	698	13
176.0	8758	11	9	10436	13	945	1527	13
176.0	8197	25	25	10437	23	157	808	12
176.0	8620	1	1	10438	1	1117	541	18
176.0	6930	11	9	10439	13	807	1547	15
176.0	8045	27	30	10440	24	1498	980	15
176.0	7013	15	13	10441	16	626	624	15
176.0	7419	26	22	10442	30	917	1371	12
176.0	8578	22	18	10443	26	665	939	11
176.0	8117	22	22	10444	20	640	263	11
176.0	8452	11	10	10445	12	1413	670	18
176.0	10160	24	20	10446	25	1435	819	12
176.0	7513	22	22	10447	22	639	489	10
176.0	7748	37	36	10448	36	1604	1181	13
176.0	8786	16	15	10449	16	142	76	17
176.0	8034	24	18	10450	28	1421	1418	11
176.0	7979	12	9	10451	15	1089	1980	12
176.0	7330	18	17	10452	18	1228	825	12
176.0	8331	8	7	10453	8	491	727	10
176.0	7080	12	14	10454	10	1241	454	15
176.0	8631	16	17	10455	14	751	239	12
176.0	7478	30	36	10456	24	962	80	12
176.0	8609	26	25	10457	26	1197	1592	14
176.0	7519	31	32	10458	29	866	678	14
176.0	8577	4	3	10459	5	1029	1463	13
176.0	8180	13	15	10460	11	595	545	10
176.0	7076	9	8	10461	10	1266	776	13
176.0	8823	10	10	10462	9	259	1004	18
176.0	7132	2	3	10463	1	778	1456	14
176.0	8417	6	6	10464	6	552	1402	12
176.0	8482	22	26	10465	17	368	792	14
176.0	7622	6	9	10466	3	0	825	10
176.0	7696	10	10	10467	9	917	403	13
176.0	8281	8	6	10468	8	876	360	12
176.0	8610	1	0	10469	2	948	444	10
176.0	7117	15	24	10470	6	1258	1262	14
176.0	7709	9	9	10471	9	1146	1372	13
176.0	7920	9	10	10472	8	777	610	9
176.0	6973	27	26	10473	24	396	499	19
176.0	6852	31	23	10474	37	1244	1098	9
176.0	7134	22	23	10475	18	61	128	13
176.0	7268	14	13	10476	14	1318	732	15
176.0	8054	1	2	10477	0	1233	1444	11
176.0	7714	17	19	10478	15	658	1618	13
176.0	7855	32	29	10479	35	427	24	12
176.0	7883	3	3	10480	3	925	1385	14
176.0	9225	21	23	10481	19	633	1939	13
176.0	8652	23	23	10482	20	1966	513	12
176.0	7895	16	15	10483	15	579	636	15
176.0	9188	0	0	10484	0	1181	1526	11
176.0	8001	13	15	10485	11	619	1573	14
176.0	7285	25	26	10486	24	932	467	13
176.0	7684	29	32	10487	25	1194	436	12
176.0	7471	9	10	10488	8	635	1174	13
176.0	9154	27	23	10489	26	1343	918	11
176.0	8092	10	9	10490	10	770	1009	16
176.0	8052	29	27	10491	28	1958	608	11
176.0	7160	4	3	10492	5	946	361	17
176.0	6860	3	1	10493	5	681	1478	16
176.0	8763	15	16	10494	13	1203	1620	13
176.0	7110	9	8	10495	9	741	515	19
176.0	6932	27	28	10496	24	1163	407	15
176.0	8488	6	9	10497	3	1271	1336	10
176.0	8526	19	20	10498	18	1429	1208	13
176.0	7079	20	27	10499	13	534	65	13
176.0	7070	16	17	10500	15	1054	362	13
176.0	8033	13	13	10501	12	1279	1714	12
176.0	9268	21	18	10502	22	1405	982	18
176.0	9038	18	14	10503	21	117	348	17
176.0	8221	14	11	10504	14	1883	927	13
176.0	7703	4	2	10505	6	819	1455	14
176.0	8507	22	19	10506	24	1416	1446	12
176.0	7373	20	16	10507	24	1274	525	12
176.0	9024	20	16	10508	24	417	647	13
176.0	7613	19	24	10509	14	0	858	12
176.0	7321	30	30	10510	28	1944	237	13
177.0	9227	30	27	10511	31	1389	71	12
177.0	8288	27	28	10512	25	544	0	12
177.0	8245	40	43	10513	34	1295	1088	11
177.0	7577	5	7	10514	3	865	194	12
177.0	7101	19	23	10515	15	1568	542	12
177.0	7043	12	11	10516	11	399	693	15
177.0	7560	16	12	10517	19	668	790	12
177.0	7766	10	14	10518	6	1335	1499	11
177.0	9021	20	18	10519	21	1436	1303	10
177.0	8111	26	23	10520	27	451	1742	13
177.0	9311	16	21	10521	11	373	1503	12
177.0	7071	18	15	10522	20	1141	1667	15
177.0	7754	22	24	10523	19	1363	1287	12
177.0	7592	16	14	10524	16	676	458	17
177.0	7955	38	30	10525	44	1403	60	12
177.0	8694	19	19	10526	18	822	486	15
177.0	7106	5	5	10527	5	493	896	14
177.0	7849	9	8	10528	10	1293	512	15
177.0	7775	3	1	10529	5	593	598	11
177.0	7069	14	11	10530	17	700	99	10
177.0	7779	14	13	10531	13	1999	1336	10
177.0	7297	22	24	10532	20	393	188	15
177.0	8897	22	20	10533	22	569	449	15
177.0	7804	11	10	10534	12	998	648	13
177.0	7259	31	31	10535	29	466	1670	13
177.0	7895	15	19	10536	10	579	636	16
177.0	7909	13	11	10537	15	1538	937	14
177.0	7481	19	18	10538	19	663	987	10
177.0	8507	19	21	10539	17	1416	1446	13
177.0	7152	18	18	10540	15	1082	679	14
177.0	8143	1	2	10541	0	990	333	19
177.0	7435	17	16	10542	18	587	1142	11
177.0	7466	6	7	10543	5	1176	1474	11
177.0	10160	20	20	10544	19	1435	819	13
177.0	8439	16	12	10545	20	476	1170	12
177.0	9010	5	8	10546	2	1034	537	15
177.0	8326	8	8	10547	8	1406	1296	15
177.0	8197	25	17	10548	30	157	808	13
177.0	8892	3	3	10549	3	1055	1502	11
177.0	10391	3	5	10550	1	1527	1344	12
177.0	6916	26	30	10551	19	380	578	12
177.0	7268	13	14	10552	12	1318	732	16
177.0	8571	17	16	10553	17	690	1395	12
177.0	6914	3	2	10554	4	1026	1437	12
177.0	8669	9	7	10555	10	1308	684	14
177.0	7570	11	6	10556	15	1028	1423	13
177.0	7960	12	11	10557	13	1323	1104	12
177.0	8403	19	22	10558	16	82	203	16
177.0	8188	18	13	10559	23	300	64	19
177.0	8385	15	17	10560	12	1208	549	12
177.0	8276	10	10	10561	10	672	1750	14
177.0	8308	18	21	10562	15	1169	478	17
177.0	7508	13	12	10563	14	701	719	13
177.0	7329	22	28	10564	16	757	91	13
177.0	8840	20	19	10565	21	943	1790	14
177.0	7541	14	14	10566	12	958	1310	9
177.0	7161	34	32	10567	31	1302	647	11
177.0	7972	27	28	10568	26	415	112	14
177.0	8513	16	9	10569	22	699	610	14
177.0	10056	9	11	10570	7	1227	1715	13
177.0	8352	7	11	10571	3	1326	1175	13
177.0	7933	20	15	10572	23	491	1946	12
177.0	9011	4	4	10573	3	1159	1527	10
177.0	6962	33	31	10574	34	662	0	12
177.0	8640	12	14	10575	10	714	547	14
177.0	7041	8	9	10576	7	294	1166	13
177.0	9433	21	19	10577	22	1124	259	11
177.0	8597	16	20	10578	11	689	41	10
177.0	7303	17	17	10579	14	1315	819	14
177.0	8049	25	31	10580	17	1251	848	12
177.0	7079	27	26	10581	27	534	65	14
177.0	8039	11	10	10582	11	196	278	12
177.0	9241	20	21	10583	19	559	1529	13
177.0	9443	6	6	10584	5	312	1390	15
177.0	8220	4	1	10585	7	1009	1322	15
177.0	8968	23	21	10586	24	608	501	16
177.0	8430	8	7	10587	9	1295	684	13
177.0	7628	22	20	10588	23	669	484	12
177.0	9079	26	16	10589	31	96	376	14
177.0	7700	18	20	10590	16	248	630	16
177.0	8793	16	16	10591	15	48	251	23
177.0	7654	5	5	10592	5	748	1458	11
177.0	7109	31	24	10593	37	798	1337	13
177.0	9140	21	20	10594	21	1553	388	13
177.0	7952	18	16	10595	20	591	359	11
177.0	8709	10	6	10596	12	1587	1337	11
177.0	6906	4	5	10597	3	339	1358	15
177.0	7112	4	4	10598	4	613	1045	12
177.0	8969	43	48	10599	38	1377	1341	11
177.0	8386	12	10	10600	13	441	86	14
177.0	8099	21	19	10601	21	1875	488	13
177.0	7809	12	11	10602	11	1042	1373	13
177.0	7897	26	25	10603	25	1223	38	14
177.0	7047	29	34	10604	22	1353	1338	14
177.0	8619	13	13	10605	13	1414	1509	12
177.0	8585	14	16	10606	11	669	1166	12
177.0	8437	27	28	10607	24	445	421	12
177.0	7969	18	18	10608	18	1437	1426	11
177.0	9416	18	20	10609	14	1613	17	14
177.0	7340	22	20	10610	24	1050	0	14
177.0	7747	10	11	10611	9	1082	455	15
177.0	10006	10	10	10612	9	1394	1267	12
177.0	8786	15	14	10613	14	142	76	18
178.0	7397	5	6	10614	4	1271	588	15
178.0	8454	8	5	10615	11	1377	1088	13
178.0	9217	7	7	10616	7	1463	1195	13
178.0	7608	19	20	10617	18	716	1128	10
178.0	8968	21	17	10618	24	608	501	17
178.0	9056	18	19	10619	17	1968	1392	11
178.0	8967	13	11	10620	13	189	1567	14
178.0	9083	9	9	10621	9	798	40	14
178.0	8502	16	16	10622	13	793	331	14
178.0	7937	20	17	10623	21	281	375	12
178.0	7849	8	8	10624	8	1293	512	16
178.0	9687	23	18	10625	26	209	516	13
178.0	8370	9	8	10626	10	335	1000	16
178.0	7329	28	23	10627	28	800	0	14
178.0	8174	37	31	10628	41	1218	350	15
178.0	9429	13	9	10629	17	839	718	12
178.0	8276	10	7	10630	12	672	1750	15
178.0	8749	12	10	10631	14	676	574	17
178.0	8359	20	21	10632	17	1041	1684	13
178.0	8175	17	15	10633	19	1558	1024	14
178.0	9225	23	22	10634	20	633	1939	14
178.0	9065	20	13	10635	26	1289	1054	12
178.0	8544	37	32	10636	40	39	497	18
178.0	8215	13	8	10637	16	1046	472	12
178.0	7414	21	21	10638	21	1418	1086	13
178.0	7741	12	13	10639	10	469	724	9
178.0	7308	17	17	10640	16	484	1027	12
178.0	7504	22	25	10641	17	1542	286	12
178.0	7038	7	10	10642	4	1168	551	13
178.0	7841	10	12	10643	8	620	558	14
178.0	10160	20	21	10644	18	1435	819	14
178.0	8836	23	21	10645	24	1024	36	10
178.0	7897	25	22	10646	27	1223	38	15
178.0	6866	15	16	10647	14	628	518	12
178.0	9416	20	18	10648	22	1613	17	15
178.0	8766	13	18	10649	7	1031	1665	12
178.0	7713	2	3	10650	0	1406	1622	16
178.0	9826	12	11	10651	13	246	240	17
178.0	7875	13	12	10652	13	1500	839	13
178.0	7592	14	12	10653	14	676	438	18
178.0	9635	27	24	10654	29	406	295	13
178.0	8425	15	13	10655	17	903	1556	14
178.0	9229	20	17	10656	19	1466	347	14
178.0	9154	23	18	10657	26	1343	918	12
178.0	8979	18	16	10658	18	1087	97	13
178.0	7866	9	7	10659	10	465	1541	13
178.0	6940	14	16	10660	12	1449	1181	14
178.0	8422	18	23	10661	12	1218	934	9
178.0	8385	17	16	10662	18	1208	549	13
178.0	8305	10	10	10663	9	753	529	19
178.0	8072	8	7	10664	9	679	1094	17
178.0	9241	21	19	10665	22	559	1529	14
178.0	8463	7	6	10666	8	1068	1515	10
178.0	7360	10	12	10667	7	1265	725	14
178.0	7288	23	21	10668	24	1132	1980	13
178.0	9381	3	1	10669	4	958	1412	14
178.0	7506	9	14	10670	4	1169	1046	14
178.0	8068	30	27	10671	31	229	382	17
178.0	8615	18	23	10672	13	1532	1253	15
178.0	8014	33	23	10673	40	1516	284	10
178.0	7383	2	3	10674	1	759	382	11
178.0	7797	0	0	10675	0	1211	1426	9
178.0	8406	10	9	10676	10	1349	1119	12
178.0	9686	11	8	10677	14	412	1699	11
178.0	8218	11	12	10678	10	1095	320	11
178.0	8085	17	17	10679	15	499	1912	14
178.0	7079	26	26	10680	24	534	65	15
178.0	8239	21	19	10681	23	269	588	15
178.0	8066	22	18	10682	24	459	135	10
178.0	9357	1	1	10683	1	1215	1471	12
178.0	7587	7	2	10684	12	371	1875	11
178.0	9434	18	14	10685	21	94	191	17
178.0	9521	8	5	10686	11	565	727	13
178.0	7969	18	18	10687	18	1437	1426	12
178.0	7042	22	23	10688	20	1407	508	10
178.0	7078	9	5	10689	13	1159	1553	15
178.0	8972	15	11	10690	18	492	323	16
178.0	8644	21	23	10691	19	1498	1399	13
178.0	8499	17	17	10692	16	1217	1822	13
178.0	7456	19	16	10693	21	727	413	12
178.0	9786	14	14	10694	14	939	1230	16
178.0	8267	44	38	10695	48	943	162	14
178.0	9051	11	8	10696	14	1225	588	14
178.0	7352	4	4	10697	3	928	628	12
178.0	8883	21	21	10698	21	734	1544	12
178.0	8793	16	16	10699	13	48	251	24
178.0	7913	14	14	10700	13	603	1698	13
178.0	7701	32	37	10701	25	746	604	14
178.0	7071	15	18	10702	12	1141	1667	16
178.0	6995	13	16	10703	10	612	519	11
178.0	7870	21	23	10704	18	356	934	13
178.0	8138	2	3	10705	1	1339	1437	10
178.0	7438	8	7	10706	7	357	32	21
178.0	8182	26	30	10707	22	631	1297	10
178.0	8323	11	6	10708	16	1549	1088	12
178.0	9030	6	2	10709	9	918	348	10
178.0	7585	32	42	10710	20	100	422	13
178.0	8670	8	5	10711	11	692	1209	16
178.0	10019	10	8	10712	11	1051	1900	14
178.0	8897	20	17	10713	22	569	449	16
178.0	8304	17	16	10714	18	447	958	13
178.0	7331	10	8	10715	11	1367	718	13
178.0	9227	27	26	10716	28	1389	71	13
178.0	9774	9	9	10717	9	1057	1451	15
178.0	7767	13	10	10718	16	401	74	16
178.0	8562	7	6	10719	8	439	1649	11
178.0	8659	32	30	10720	31	848	303	14
178.0	8259	15	14	10721	15	26	310	21
179.0	7866	7	9	10722	5	465	1541	14
179.0	8744	19	16	10723	21	1148	573	11
179.0	9215	5	2	10724	7	337	1389	14
179.0	7184	26	24	10725	27	547	322	15
179.0	7353	3	4	10726	2	969	1367	13
179.0	8395	15	16	10727	13	1068	1492	13
179.0	8761	22	26	10728	17	1891	450	14
179.0	8226	14	8	10729	20	1423	1483	14
179.0	7097	11	14	10730	6	521	1218	15
179.0	9040	19	23	10731	13	1086	1661	14
179.0	7456	16	19	10732	13	727	413	13
179.0	6969	35	34	10733	35	1289	1131	9
179.0	9225	22	16	10734	27	633	1939	15
179.0	8670	5	5	10735	5	692	1209	17
179.0	9653	10	12	10736	7	1389	1541	14
179.0	7007	18	18	10737	16	1423	1546	14
179.0	7354	17	17	10738	16	706	494	14
179.0	7232	25	22	10739	26	420	333	16
179.0	7959	1	0	10740	2	573	695	14
179.0	8714	20	19	10741	19	1447	709	14
179.0	7741	13	10	10742	16	469	724	10
179.0	8305	10	9	10743	10	753	529	20
179.0	6889	6	8	10744	4	1269	1177	15
179.0	7738	19	12	10745	21	468	582	12
179.0	8535	21	17	10746	24	69	28	16
179.0	8496	6	5	10747	6	579	1367	13
179.0	6978	2	2	10748	2	1352	1482	12
179.0	8918	4	7	10749	1	567	868	11
179.0	8343	21	17	10750	23	489	563	11
179.0	7601	9	11	10751	7	1712	778	17
179.0	8974	19	19	10752	18	1347	1253	14
179.0	6949	4	3	10753	5	665	1730	15
179.0	8940	16	15	10754	16	272	227	26
179.0	9359	6	5	10755	7	1567	1337	13
179.0	6937	19	19	10756	19	658	41	11
179.0	7705	21	19	10757	20	184	346	17
179.0	9376	12	10	10758	14	616	443	11
179.0	8449	14	14	10759	14	462	1214	14
179.0	8877	11	11	10760	11	766	1487	11
179.0	7827	9	9	10761	9	1257	1716	13
179.0	9048	16	15	10762	16	1738	435	12
179.0	8692	14	15	10763	13	35	214	20
179.0	7499	10	11	10764	9	707	1412	13
179.0	7069	11	9	10765	12	700	99	11
179.0	7922	16	12	10766	19	407	1288	9
179.0	8682	10	11	10767	9	1244	216	17
179.0	9914	15	9	10768	21	603	1728	13
179.0	8418	23	26	10769	17	714	0	10
179.0	8636	9	9	10770	9	1295	1659	14
179.0	9177	14	15	10771	13	1058	1882	15
179.0	7057	8	9	10772	7	1253	1148	18
179.0	8235	21	24	10773	16	1355	815	14
179.0	8493	21	23	10774	19	430	205	16
179.0	9375	24	22	10775	22	914	1573	12
179.0	6945	12	10	10776	12	1304	997	13
179.0	8222	10	10	10777	10	898	1297	9
179.0	8229	6	6	10778	5	1172	1358	12
179.0	8663	17	14	10779	20	736	306	12
179.0	7122	15	13	10780	16	326	501	16
179.0	8896	1	1	10781	1	586	857	13
179.0	7284	12	11	10782	13	1298	1434	12
179.0	8833	6	5	10783	7	1224	1328	9
179.0	6908	28	24	10784	31	1417	83	11
179.0	8218	12	12	10785	12	1095	320	12
179.0	8774	55	51	10786	49	1037	227	16
179.0	9635	24	26	10787	20	406	295	14
179.0	9106	19	17	10788	19	1357	665	14
179.0	8730	7	9	10789	5	68	357	22
179.0	8399	8	9	10790	6	650	516	18
179.0	7217	15	14	10791	14	446	1958	12
179.0	8852	8	8	10792	7	898	1479	14
179.0	8487	26	27	10793	25	856	365	13
179.0	9337	5	6	10794	4	895	235	12
179.0	6862	12	13	10795	11	829	1273	14
179.0	7274	2	3	10796	1	1110	518	19
179.0	8897	17	14	10797	20	569	449	17
179.0	8059	16	15	10798	16	729	1117	10
179.0	8371	10	8	10799	12	948	424	10
179.0	8304	16	12	10800	18	447	958	14
179.0	7742	9	7	10801	11	718	229	14
179.0	8738	10	14	10802	6	604	1237	12
179.0	7512	14	12	10803	16	879	1380	11
179.0	8106	16	17	10804	13	1326	768	12
179.0	8704	20	22	10805	18	1176	695	10
179.0	7014	13	17	10806	9	1366	1239	13
179.0	8138	3	1	10807	5	1339	1437	11
179.0	7880	11	10	10808	11	1277	798	11
179.0	7523	13	14	10809	11	1237	1527	13
179.0	7857	5	1	10810	8	305	573	15
179.0	7795	18	19	10811	15	579	1025	11
179.0	8239	19	20	10812	18	254	603	16
179.0	7038	10	12	10813	8	1168	551	14
179.0	8190	15	18	10814	11	581	1218	14
180.0	7364	16	13	10815	18	1314	1731	14
180.0	8924	11	11	10816	10	1279	858	13
180.0	8972	11	11	10817	11	492	323	17
180.0	7122	13	13	10818	13	326	501	17
180.0	7897	22	25	10819	18	1223	38	16
180.0	7726	12	13	10820	9	579	1508	13
180.0	7595	57	47	10821	53	1333	1328	11
180.0	8699	19	19	10822	18	1336	300	11
180.0	9284	14	14	10823	13	747	1331	12
180.0	8565	15	7	10824	21	402	743	12
180.0	9011	4	2	10825	6	1174	1542	11
180.0	7175	10	8	10826	10	998	386	13
180.0	8670	5	5	10827	5	692	1209	18
180.0	8175	15	14	10828	14	1558	1024	15
180.0	7017	19	20	10829	18	1907	859	12
180.0	7582	11	10	10830	12	1487	881	12
180.0	7379	15	18	10831	12	210	706	18
180.0	9555	19	20	10832	17	607	1174	11
180.0	7705	19	17	10833	20	184	346	18
180.0	7922	12	10	10834	14	407	1288	10
180.0	7383	3	3	10835	3	759	382	12
180.0	8469	16	11	10836	20	1272	1664	14
180.0	7315	15	17	10837	13	481	978	10
180.0	8730	9	6	10838	11	68	357	23
180.0	8756	42	41	10839	41	826	284	15
180.0	7973	23	26	10840	20	1357	1198	10
180.0	10132	20	18	10841	22	13	350	20
180.0	9564	23	24	10842	21	1383	577	14
180.0	9208	19	20	10843	17	1835	678	13
180.0	9806	13	9	10844	17	204	319	19
180.0	6882	6	4	10845	8	1207	1511	14
180.0	7772	12	12	10846	12	815	536	14
180.0	7360	12	14	10847	9	1265	725	15
180.0	7069	9	9	10848	9	700	99	12
180.0	7751	4	2	10849	6	624	1608	14
180.0	6870	8	9	10850	7	0	251	25
180.0	7284	11	13	10851	9	1298	1434	13
180.0	8908	1	1	10852	1	884	381	14
180.0	8278	34	37	10853	31	582	383	12
180.0	8836	21	17	10854	23	1024	36	11
180.0	8932	1	1	10855	1	1189	1495	11
180.0	9635	26	21	10856	31	406	295	15
180.0	8882	23	26	10857	18	101	81	17
180.0	7220	19	14	10858	24	393	796	13
180.0	9498	6	7	10859	5	1059	1425	14
180.0	10081	18	17	10860	19	1502	1135	17
180.0	7029	9	11	10861	7	826	463	14
180.0	8399	9	8	10862	10	650	516	19
180.0	9163	12	9	10863	15	1279	833	14
180.0	9591	24	22	10864	25	335	34	17
180.0	8305	9	8	10865	9	753	529	21
180.0	9002	3	5	10866	1	1042	1489	12
180.0	7646	18	20	10867	14	1915	767	12
180.0	9105	14	17	10868	10	377	947	14
180.0	8595	11	11	10869	11	1305	1328	16
180.0	6953	33	36	10870	29	112	518	12
180.0	9607	20	19	10871	20	1175	445	17
180.0	8508	17	16	10872	18	600	687	10
180.0	9497	2	0	10873	4	960	378	16
180.0	8698	3	2	10874	3	927	532	17
180.0	8285	28	25	10875	30	704	1549	7
180.0	8383	28	23	10876	33	53	566	11
180.0	7000	24	23	10877	25	565	1395	13
180.0	9496	17	13	10878	20	1165	1936	13
180.0	7297	24	19	10879	26	393	188	16
180.0	8503	13	10	10880	15	690	324	15
180.0	8798	16	14	10881	18	604	241	11
180.0	7664	6	4	10882	8	826	511	14
180.0	9010	8	8	10883	8	1034	537	16
180.0	10274	3	5	10884	1	280	918	18
180.0	7072	2	1	10885	3	476	894	12
180.0	8492	16	20	10886	10	1195	517	17
180.0	9418	21	20	10887	21	71	336	18
180.0	9928	25	22	10888	26	387	248	17
180.0	9509	22	25	10889	17	673	396	17
180.0	7184	24	30	10890	18	562	322	16
180.0	7847	31	30	10891	30	383	611	14
180.0	8360	33	25	10892	39	600	92	11
180.0	8531	18	17	10893	19	658	1382	11
180.0	6878	18	12	10894	23	1132	1615	13
180.0	8059	15	17	10895	13	729	1117	11
180.0	6938	33	39	10896	25	364	1413	10
180.0	8812	5	6	10897	4	678	1285	13
180.0	8850	8	7	10898	9	977	229	16
180.0	8860	6	4	10899	7	466	754	13
180.0	7466	7	6	10900	7	1176	1474	12
180.0	7005	12	9	10901	15	1452	1101	14
180.0	8550	15	18	10902	11	1492	1349	11
180.0	7968	16	15	10903	16	1292	1238	15
180.0	8574	14	13	10904	14	766	1129	15
180.0	7795	19	23	10905	15	579	1025	12
180.0	8974	19	14	10906	23	1347	1253	15
180.0	7989	16	16	10907	13	542	1149	9
180.0	8762	16	20	10908	12	727	1956	16
180.0	7448	7	7	10909	7	700	1386	12
180.0	7070	17	15	10910	18	1054	362	14
180.0	9437	17	12	10911	21	1439	752	12
180.0	8852	8	9	10912	7	898	1479	15
180.0	9270	28	27	10913	26	1938	156	9
180.0	8973	23	20	10914	25	1491	1478	15
180.0	7719	22	22	10915	21	416	1247	13
180.0	7232	22	25	10916	18	420	333	17
180.0	7782	15	12	10917	17	348	640	15
180.0	8704	22	25	10918	17	1176	695	11
180.0	9407	9	9	10919	8	1464	1063	15
180.0	7538	10	8	10920	11	1240	0	16
180.0	9123	30	34	10921	23	60	474	11
181.0	8864	4	3	10922	5	1263	1297	10
181.0	8412	14	16	10923	12	1305	1490	10
181.0	9681	21	21	10924	20	643	73	11
181.0	7157	26	21	10925	28	252	711	11
181.0	9079	16	17	10926	14	96	376	15
181.0	7129	24	20	10927	25	1604	79	11
181.0	9089	17	17	10928	17	1573	648	12
181.0	7021	9	12	10929	6	1216	1187	14
181.0	6952	11	14	10930	7	708	1004	12
181.0	8551	18	19	10931	16	1395	808	17
181.0	7989	16	14	10932	17	542	1149	10
181.0	6926	7	4	10933	10	605	1078	15
181.0	7161	32	27	10934	36	1318	631	12
181.0	9036	16	14	10935	18	1428	723	18
181.0	10595	20	24	10936	16	602	328	12
181.0	10515	15	14	10937	14	1548	450	13
181.0	8633	7	7	10938	7	1087	441	13
181.0	7364	13	16	10939	10	1314	1731	15
181.0	7594	20	18	10940	20	673	827	11
181.0	8847	34	33	10941	33	995	82	15
181.0	7877	5	5	10942	5	656	658	18
181.0	7147	18	15	10943	19	44	227	17
181.0	8697	7	6	10944	8	495	1129	11
181.0	9004	7	5	10945	6	507	1235	15
181.0	7464	19	21	10946	16	449	788	10
181.0	8911	11	11	10947	9	1457	1718	12
181.0	8951	26	21	10948	30	1313	959	17
181.0	8299	6	2	10949	10	855	1457	15
181.0	7584	9	9	10950	9	1457	1680	13
181.0	8234	9	7	10951	9	536	1211	10
181.0	8930	10	9	10952	10	525	562	11
181.0	9287	5	6	10953	4	1296	1387	12
181.0	9400	10	12	10954	8	589	910	13
181.0	7646	20	22	10955	16	1915	767	13
181.0	8017	16	17	10956	15	793	508	16
181.0	8193	6	8	10957	2	635	1476	14
181.0	7684	32	28	10958	33	1242	388	13
181.0	6865	12	10	10959	14	1384	772	16
181.0	7868	37	38	10960	35	784	1407	11
181.0	9208	20	19	10961	18	1835	678	14
181.0	7770	21	19	10962	23	1156	1846	12
181.0	9607	19	22	10963	16	1175	445	18
181.0	8862	26	20	10964	29	689	15	12
181.0	8444	19	16	10965	22	403	411	14
181.0	10001	4	4	10966	4	1096	1516	11
181.0	9012	18	16	10967	17	1408	690	15
181.0	10092	8	9	10968	7	1364	679	15
181.0	8602	17	19	10969	15	242	409	12
181.0	7392	15	17	10970	12	453	1484	10
181.0	7123	14	13	10971	14	1494	1165	16
181.0	9252	10	8	10972	12	932	1494	14
181.0	7377	3	3	10973	2	409	848	14
181.0	7651	2	1	10974	3	1538	577	19
181.0	8238	26	23	10975	29	629	411	11
181.0	8328	17	17	10976	16	1249	614	13
181.0	7190	17	17	10977	17	687	1147	13
181.0	9591	22	23	10978	21	335	34	18
181.0	8653	19	19	10979	18	888	415	13
181.0	7957	31	21	10980	41	778	354	16
181.0	7561	25	21	10981	27	51	534	13
181.0	6998	20	15	10982	24	634	1154	10
181.0	10053	16	13	10983	19	765	1947	13
181.0	9452	4	3	10984	5	1013	253	18
181.0	7905	11	11	10985	10	823	199	14
181.0	9635	21	22	10986	18	406	295	16
181.0	7293	20	18	10987	21	1376	1715	16
181.0	8724	6	3	10988	9	543	673	14
181.0	9202	22	24	10989	19	1734	484	13
181.0	9407	9	9	10990	9	1464	1063	16
181.0	8998	16	19	10991	12	1150	1784	13
181.0	8239	20	21	10992	19	288	685	17
181.0	9334	15	14	10993	16	0	129	18
181.0	7174	23	25	10994	20	332	715	14
181.0	9291	29	28	10995	28	1582	156	14
181.0	8225	9	6	10996	10	1029	707	11
181.0	8035	16	17	10997	15	1526	1742	11
181.0	7730	17	20	10998	14	163	1288	10
181.0	7587	2	2	10999	2	393	1900	12
181.0	7059	17	12	11000	19	1859	451	13
181.0	7448	7	7	11001	7	700	1386	13
181.0	7893	7	5	11002	9	268	931	18
181.0	9086	10	11	11003	9	1294	377	15
181.0	9617	10	7	11004	13	115	333	16
181.0	8756	41	34	11005	47	826	284	16
181.0	8121	21	19	11006	22	1205	396	14
181.0	8043	25	25	11007	24	28	1019	14
181.0	7337	17	16	11008	18	251	757	18
181.0	8021	19	16	11009	21	1462	1383	12
181.0	7407	16	19	11010	12	1909	615	13
181.0	9019	1	2	11011	0	652	1219	10
181.0	7847	30	27	11012	32	383	611	15
181.0	9174	33	34	11013	31	397	647	13
181.0	6877	14	13	11014	13	438	1458	12
181.0	7282	17	16	11015	18	1269	390	17
181.0	10407	10	9	11016	10	1391	1448	13
181.0	6885	21	22	11017	18	1179	1639	15
181.0	7238	11	13	11018	9	1331	1628	15
181.0	8334	34	37	11019	30	373	262	14
181.0	7832	17	17	11020	16	298	108	12
181.0	8040	16	19	11021	12	210	216	17
181.0	6876	27	26	11022	27	1562	45	17
181.0	9064	23	20	11023	24	777	1999	14
181.0	6969	34	27	11024	41	1289	1131	10
181.0	6879	18	18	11025	17	734	1514	13
181.0	9907	26	27	11026	24	1152	1593	13
181.0	7296	14	12	11027	15	673	991	9
181.0	7691	5	2	11028	8	1578	330	16
181.0	7783	9	8	11029	9	747	482	20
181.0	9781	17	15	11030	19	1407	853	15
181.0	8288	28	24	11031	30	544	0	13
181.0	8254	17	19	11032	13	725	1296	13
181.0	8727	30	24	11033	34	1277	363	11
181.0	8841	8	5	11034	10	1057	1559	12
181.0	7095	17	18	11035	16	1240	799	11
181.0	8778	21	25	11036	17	468	513	14
181.0	9152	14	15	11037	13	776	1556	11
181.0	9150	20	23	11038	17	1468	985	17
181.0	9154	18	20	11039	15	1343	918	13
181.0	8888	9	10	11040	8	1468	739	11
181.0	9458	22	18	11041	25	191	423	13
181.0	8006	6	5	11042	7	469	827	14
182.0	8035	17	13	11043	21	1526	1742	12
182.0	7730	20	11	11044	26	163	1288	11
182.0	8639	2	1	11045	3	396	891	11
182.0	7017	20	16	11046	24	1907	859	13
182.0	9978	16	15	11047	17	1469	813	10
182.0	8473	28	30	11048	25	204	84	12
182.0	9202	24	23	11049	25	1734	484	14
182.0	7122	13	12	11050	14	326	501	18
182.0	7576	1	1	11051	1	816	229	11
182.0	7368	13	12	11052	13	1403	968	16
182.0	8017	17	15	11053	19	793	508	17
182.0	8259	14	11	11054	16	26	310	22
182.0	8746	13	15	11055	11	1901	1017	12
182.0	8583	24	30	11056	15	1320	1288	14
182.0	7698	9	9	11057	9	906	298	13
182.0	7694	8	9	11058	7	478	842	13
182.0	7611	3	2	11059	4	1028	337	19
182.0	7584	9	5	11060	12	1457	1680	14
182.0	9825	27	30	11061	23	69	100	14
182.0	7637	10	7	11062	12	1326	1027	13
182.0	7662	16	15	11063	14	1164	504	17
182.0	7640	27	26	11064	27	858	1334	13
182.0	7621	11	10	11065	12	1045	1965	13
182.0	8146	18	16	11066	19	435	1408	11
182.0	8379	20	21	11067	18	789	437	14
182.0	8740	17	16	11068	18	218	664	16
182.0	7651	1	1	11069	0	1538	577	20
182.0	8958	38	37	11070	35	116	455	12
182.0	7992	11	12	11071	10	708	1148	9
182.0	10054	33	38	11072	26	1310	39	15
182.0	9150	23	17	11073	27	1468	985	18
182.0	7786	8	8	11074	8	1489	1256	14
182.0	9132	10	9	11075	11	307	1561	11
182.0	9216	18	18	11076	17	937	1469	13
182.0	9567	23	23	11077	23	439	1566	10
182.0	7364	16	18	11078	14	1314	1731	16
182.0	9718	19	20	11079	16	1404	994	15
182.0	7144	8	7	11080	9	1461	1248	13
182.0	7554	11	13	11081	9	594	412	12
182.0	9428	4	3	11082	5	708	1489	15
182.0	9140	20	18	11083	22	1402	438	14
182.0	7178	18	18	11084	18	951	548	17
182.0	9907	27	29	11085	22	1152	1593	14
182.0	7578	16	12	11086	17	1490	1198	15
182.0	9433	19	16	11087	21	1124	259	12
182.0	9679	6	7	11088	5	725	363	11
182.0	9104	12	10	11089	13	1099	1603	14
182.0	8443	11	11	11090	9	931	378	15
182.0	7280	3	4	11091	2	433	1324	12
182.0	9624	5	8	11092	2	763	264	11
182.0	7392	17	16	11093	16	453	1484	11
182.0	8756	34	41	11094	24	814	272	17
182.0	10765	12	9	11095	15	744	99	12
182.0	7773	13	8	11096	18	512	828	16
182.0	8155	13	9	11097	14	708	918	13
182.0	10177	17	18	11098	15	1670	1512	11
182.0	8433	4	6	11099	2	918	203	9
182.0	7964	21	23	11100	18	1102	388	18
182.0	8036	11	10	11101	12	76	239	25
182.0	7295	18	17	11102	19	1467	914	12
182.0	9154	20	17	11103	20	1343	918	14
182.0	8434	8	5	11104	10	364	1217	12
182.0	9233	22	16	11105	26	733	1672	12
182.0	8427	12	14	11106	10	1478	1008	14
182.0	8045	30	35	11107	23	1534	980	16
182.0	7783	8	9	11108	7	747	482	21
182.0	7499	11	11	11109	10	707	1412	14
182.0	7346	15	11	11110	18	589	619	8
182.0	8417	6	6	11111	6	537	1417	13
182.0	9149	28	32	11112	24	619	1508	13
182.0	10515	14	16	11113	11	1559	370	14
182.0	9442	5	5	11114	4	871	264	12
182.0	9296	19	24	11115	13	340	1785	11
182.0	8050	17	18	11116	16	1063	223	15
182.0	10092	9	10	11117	7	1364	679	16
182.0	8840	19	15	11118	22	961	1715	15
182.0	8079	9	7	11119	11	1342	1465	10
182.0	9462	8	8	11120	8	1114	466	15
182.0	9542	18	16	11121	19	796	1498	12
182.0	8053	13	13	11122	13	922	166	12
182.0	7335	19	22	11123	14	639	883	11
182.0	8832	8	4	11124	11	736	414	15
182.0	9079	17	12	11125	20	96	376	16
182.0	7287	12	10	11126	14	162	1601	12
182.0	8316	4	4	11127	4	1159	1270	15
182.0	8710	11	11	11128	11	1437	1229	14
182.0	7105	20	20	11129	20	620	1747	8
182.0	7338	25	24	11130	25	1267	1406	12
182.0	7308	17	20	11131	14	484	1027	13
182.0	7096	9	12	11132	5	929	63	9
182.0	8828	27	28	11133	25	1170	1329	13
182.0	8758	9	9	11134	8	959	1558	14
182.0	10530	17	13	11135	20	759	114	11
182.0	8933	18	21	11136	15	1920	1183	13
182.0	9338	6	5	11137	7	455	866	13
182.0	6959	21	12	11138	30	1999	1490	11
182.0	8002	13	17	11139	9	1208	1286	9
182.0	8255	1	2	11140	0	778	1517	12
182.0	7575	9	11	11141	7	1367	996	15
182.0	9493	21	14	11142	27	444	323	16
182.0	8879	18	13	11143	21	1499	696	12
182.0	9139	24	26	11144	21	1645	720	12
182.0	6877	13	11	11145	13	438	1458	13
182.0	6940	16	10	11146	22	1449	1181	15
182.0	7172	8	9	11147	7	1268	1073	12
182.0	9498	7	6	11148	8	1059	1425	15
182.0	7719	22	27	11149	15	416	1247	14
182.0	7646	22	25	11150	18	1915	767	14
182.0	7188	11	11	11151	11	639	846	11
182.0	7397	6	6	11152	5	1284	575	16
182.0	9735	19	22	11153	14	605	669	13
182.0	8304	12	10	11154	14	447	958	15
182.0	10131	24	29	11155	19	948	467	13
182.0	8815	12	13	11156	11	432	1276	10
182.0	8365	13	8	11157	17	395	1031	14
182.0	7385	18	21	11158	14	1787	15	12
182.0	8633	7	6	11159	8	1087	441	14
182.0	7124	26	28	11160	24	1205	899	13
182.0	9382	12	15	11161	9	788	567	16
182.0	9398	18	19	11162	17	303	478	16
182.0	9954	14	10	11163	18	1416	838	16
182.0	7582	10	10	11164	10	1487	881	13
182.0	9042	22	23	11165	20	489	470	16
182.0	10725	27	29	11166	24	547	308	16
182.0	7391	11	8	11167	12	11	239	20
182.0	7671	7	5	11168	9	575	938	15
182.0	9334	14	17	11169	11	0	129	19
182.0	7307	8	9	11170	7	806	362	13
182.0	8538	14	16	11171	12	1401	1663	14
182.0	9192	6	4	11172	7	585	269	13
183.0	9463	6	3	11173	8	517	369	13
183.0	9076	13	12	11174	14	836	1406	11
183.0	9121	19	16	11175	21	1152	1655	15
183.0	7992	12	9	11176	15	708	1148	10
183.0	7576	1	2	11177	0	816	229	12
183.0	7952	16	12	11178	17	591	359	12
183.0	10311	6	7	11179	4	506	460	14
183.0	8350	10	13	11180	6	134	266	15
183.0	8828	28	34	11181	21	1170	1329	14
183.0	8275	13	12	11182	12	409	821	11
183.0	7640	26	25	11183	26	858	1334	14
183.0	8554	16	16	11184	16	784	1645	12
183.0	8986	18	20	11185	14	1208	696	13
183.0	7516	12	11	11186	11	1430	328	16
183.0	8387	24	22	11187	23	892	89	16
183.0	7340	20	24	11188	15	1050	0	15
183.0	8508	16	10	11189	22	600	687	11
183.0	6855	16	16	11190	14	1152	1709	13
183.0	9555	20	19	11191	21	586	1174	12
183.0	8640	14	13	11192	13	702	559	15
183.0	7357	24	22	11193	23	1506	486	13
183.0	8635	22	26	11194	18	1386	1586	14
183.0	7987	12	14	11195	10	1486	189	15
183.0	9257	19	21	11196	17	1807	571	10
183.0	7247	13	11	11197	13	1274	1465	12
183.0	8079	7	2	11198	11	1342	1465	11
183.0	8427	14	10	11199	18	1495	1008	15
183.0	10019	8	9	11200	7	1051	1900	15
183.0	7649	4	2	11201	6	1036	319	18
183.0	8296	11	9	11202	13	654	1596	12
183.0	7038	12	16	11203	7	1168	551	15
183.0	8402	13	11	11204	14	1339	1214	16
183.0	7855	29	32	11205	26	427	24	13
183.0	8840	15	15	11206	14	961	1715	16
183.0	6877	11	14	11207	8	438	1458	14
183.0	8516	1	1	11208	1	1157	1452	11
183.0	8677	14	14	11209	14	132	1819	12
183.0	8587	10	11	11210	8	1024	1791	14
183.0	8313	16	14	11211	18	1562	29	16
183.0	7122	12	7	11212	16	326	501	19
183.0	7820	14	16	11213	11	967	1504	12
183.0	7656	12	9	11214	15	1438	1251	10
183.0	7293	18	17	11215	18	1399	1715	17
183.0	8530	15	12	11216	17	473	388	14
183.0	10529	5	5	11217	5	620	607	12
183.0	9405	7	7	11218	7	1234	566	14
183.0	9406	23	20	11219	26	546	493	13
183.0	9588	26	17	11220	33	363	633	14
183.0	7593	17	23	11221	10	823	17	12
183.0	8928	9	10	11222	8	1229	1270	12
183.0	8035	13	14	11223	11	1526	1742	13
183.0	8626	6	4	11224	8	1343	1670	14
183.0	8608	10	8	11225	12	539	729	12
183.0	8270	2	0	11226	3	537	1281	11
183.0	8437	28	24	11227	32	411	387	13
183.0	9398	19	14	11228	23	303	478	17
183.0	10044	10	10	11229	10	1178	619	14
183.0	8226	8	9	11230	6	1455	1515	15
183.0	8018	17	22	11231	11	49	357	21
183.0	10391	5	4	11232	5	1527	1344	13
183.0	8439	12	14	11233	10	476	1170	13
183.0	7578	12	12	11234	11	1490	1198	16
183.0	6922	26	17	11235	35	1475	769	18
183.0	7727	9	7	11236	9	858	587	12
183.0	8761	26	35	11237	16	1891	450	15
183.0	10051	7	5	11238	7	84	214	25
183.0	9625	11	14	11239	8	649	431	17
183.0	9907	29	19	11240	38	1152	1593	15
183.0	7233	27	26	11241	27	338	565	22
183.0	8667	5	9	11242	1	814	253	18
183.0	7671	5	6	11243	3	575	938	16
183.0	6880	7	6	11244	8	851	1982	17
183.0	10440	24	27	11245	20	1572	964	16
183.0	8170	9	8	11246	9	551	1662	13
183.0	9020	11	13	11247	9	529	823	13
183.0	7542	26	30	11248	22	908	488	16
183.0	7898	20	16	11249	24	1197	114	11
183.0	9489	13	13	11250	12	203	354	18
183.0	8995	34	37	11251	29	578	40	13
183.0	9364	9	10	11252	7	859	547	15
183.0	8494	14	11	11253	16	616	1104	15
183.0	7090	1	0	11254	2	1244	1378	12
183.0	8462	14	14	11255	14	1329	811	16
183.0	8407	24	19	11256	28	407	273	13
183.0	7946	2	1	11257	3	1017	520	15
183.0	7654	5	6	11258	4	748	1458	12
183.0	6953	36	25	11259	41	134	518	13
183.0	8034	18	20	11260	15	1421	1418	12
183.0	8836	17	21	11261	12	1024	36	12
183.0	7377	3	2	11262	3	409	848	15
183.0	7437	5	5	11263	5	1355	1449	10
183.0	9250	18	13	11264	23	765	1766	12
183.0	9322	21	18	11265	23	1981	579	12
183.0	8434	5	6	11266	4	364	1217	13
183.0	7037	5	3	11267	6	416	481	12
183.0	8464	11	13	11268	8	211	1502	12
183.0	8473	30	25	11269	33	204	84	13
183.0	9153	13	9	11270	15	1469	1306	13
183.0	7692	16	16	11271	13	726	626	13
183.0	8039	10	8	11272	12	150	237	13
183.0	9544	17	20	11273	14	799	1415	12
183.0	8815	13	12	11274	12	432	1276	11
183.0	7644	11	17	11275	5	539	1358	12
183.0	8971	14	8	11276	19	1423	1388	17
183.0	8600	12	14	11277	9	975	1569	13
183.0	7646	25	24	11278	24	1915	767	15
183.0	7894	8	8	11279	8	100	159	18
183.0	10368	10	8	11280	11	707	1975	16
183.0	9298	35	34	11281	35	1573	72	16
183.0	9978	15	18	11282	11	1469	813	11
183.0	10235	19	20	11283	17	1452	698	18
184.0	8498	13	11	11284	15	1366	1064	11
184.0	9767	25	20	11285	28	1594	964	15
184.0	10220	8	8	11286	8	1299	751	14
184.0	7212	6	6	11287	6	573	1284	12
184.0	9565	12	9	11288	15	1165	529	17
184.0	8690	12	11	11289	12	355	678	16
184.0	8383	23	18	11290	28	53	566	12
184.0	9233	16	15	11291	15	733	1672	13
184.0	9091	12	12	11292	8	803	142	13
184.0	8326	8	10	11293	4	1406	1296	16
184.0	9621	15	14	11294	16	1748	1491	10
184.0	8632	4	5	11295	3	629	1452	11
184.0	10619	17	21	11296	13	1968	1406	12
184.0	7878	29	20	11297	35	1594	1233	16
184.0	8667	9	6	11298	12	814	253	19
184.0	10120	4	4	11299	4	835	1433	14
184.0	9363	27	20	11300	32	1585	1401	13
184.0	9255	12	14	11301	10	1524	1151	15
184.0	8465	14	15	11302	13	380	997	16
184.0	8615	23	24	11303	21	1532	1253	16
184.0	7600	3	3	11304	3	850	285	13
184.0	7781	13	16	11305	10	1401	1065	15
184.0	7251	14	17	11306	10	1469	1029	16
184.0	10339	15	12	11307	16	731	547	14
184.0	8635	26	22	11308	26	1386	1586	15
184.0	7290	9	9	11309	9	1807	1451	10
184.0	9048	15	12	11310	17	1738	435	13
184.0	6932	28	31	11311	23	1163	407	16
184.0	6924	23	24	11312	21	224	502	13
184.0	6880	6	7	11313	5	851	1982	18
184.0	8907	30	26	11314	31	253	479	13
184.0	8524	4	5	11315	3	997	274	16
184.0	7644	17	17	11316	16	539	1358	13
184.0	8836	21	21	11317	20	1024	36	13
184.0	8903	12	17	11318	7	909	1420	12
184.0	7276	20	17	11319	23	1999	523	14
184.0	9150	17	13	11320	21	1468	985	19
184.0	7601	11	12	11321	10	1712	778	18
184.0	7972	28	30	11322	26	415	112	15
184.0	8343	17	15	11323	17	489	563	12
184.0	8170	8	8	11324	8	551	1662	14
184.0	9826	11	12	11325	10	302	257	18
184.0	8945	23	28	11326	18	889	1403	12
184.0	9522	12	12	11327	12	1446	1350	15
184.0	9863	24	27	11328	20	1443	1575	17
184.0	8397	16	17	11329	15	1248	825	13
184.0	7479	5	7	11330	3	60	308	22
184.0	8129	9	6	11331	12	1131	404	11
184.0	7768	15	15	11332	15	1317	1535	14
184.0	7233	26	25	11333	26	338	565	23
184.0	8038	2	2	11334	2	1146	1525	10
184.0	9121	16	14	11335	17	1152	1655	16
184.0	8794	9	8	11336	10	1234	517	12
184.0	9258	3	4	11337	2	1409	1682	14
184.0	8815	12	10	11338	14	432	1276	12
184.0	10440	27	19	11339	34	1572	964	17
184.0	8494	11	15	11340	7	616	1104	16
184.0	8590	19	19	11341	19	1277	0	13
184.0	8299	2	1	11342	3	855	1457	16
184.0	8995	37	37	11343	37	578	40	14
184.0	8595	11	11	11344	10	1305	1328	17
184.0	8904	7	7	11345	7	48	251	24
184.0	7648	15	15	11346	14	887	1308	12
184.0	10160	21	20	11347	20	1447	807	15
184.0	9394	17	17	11348	16	1517	437	13
184.0	7892	17	16	11349	16	722	307	13
184.0	8463	6	7	11350	3	1049	1537	11
184.0	7929	14	16	11351	12	649	1269	13
184.0	8676	10	10	11352	10	1338	852	14
184.0	7578	12	9	11353	15	1490	1198	17
184.0	8648	16	16	11354	14	1608	792	12
184.0	8114	10	11	11355	9	485	1272	12
184.0	7935	17	18	11356	16	1139	1640	13
184.0	8404	17	18	11357	16	1334	1399	14
184.0	8600	14	16	11358	12	975	1569	14
184.0	8462	14	15	11359	10	1329	811	17
184.0	9356	11	14	11360	8	369	917	10
184.0	8381	6	6	11361	6	577	434	18
184.0	7713	3	2	11362	3	1406	1622	17
184.0	8596	6	7	11363	4	1018	358	17
184.0	9790	13	14	11364	12	591	529	14
184.0	7640	25	23	11365	25	858	1334	15
184.0	7338	24	21	11366	26	1267	1406	13
184.0	9601	7	10	11367	3	1456	1029	15
184.0	7544	10	11	11368	8	1384	1226	14
184.0	8340	12	14	11369	10	1655	986	15
184.0	7728	7	5	11370	7	1288	628	13
184.0	7739	28	26	11371	28	1403	709	15
184.0	9336	18	12	11372	22	1704	926	13
184.0	7795	23	28	11373	18	579	1063	13
184.0	8797	7	5	11374	8	641	1721	15
184.0	7590	6	8	11375	4	968	497	18
184.0	10329	17	21	11376	12	30	459	17
184.0	7241	24	24	11377	24	402	234	17
184.0	9341	12	13	11378	11	991	416	14
184.0	9961	9	5	11379	12	740	1594	11
184.0	9204	24	17	11380	28	1390	679	14
184.0	8989	14	13	11381	13	623	588	10
184.0	10487	25	25	11382	24	1226	421	13
185.0	8900	11	12	11383	9	313	585	14
185.0	8084	24	31	11384	15	1999	139	15
185.0	10082	36	34	11385	35	1550	1055	12
185.0	8111	23	23	11386	23	451	1742	14
185.0	8261	30	30	11387	29	1964	169	10
185.0	7622	9	6	11388	11	0	825	11
185.0	7935	18	19	11389	16	1139	1640	14
185.0	7954	19	13	11390	24	1194	373	12
185.0	7074	31	29	11391	32	614	363	13
185.0	7901	5	7	11392	3	1137	433	12
185.0	7208	3	4	11393	2	418	791	14
185.0	7429	17	19	11394	14	1049	445	14
185.0	8236	13	12	11395	13	699	1938	16
185.0	8559	15	20	11396	9	925	1527	13
185.0	8677	14	12	11397	15	132	1819	13
185.0	7041	9	10	11398	8	294	1166	14
185.0	9048	12	9	11399	14	1738	435	14
185.0	9631	19	14	11400	23	1235	476	16
185.0	8218	12	14	11401	10	1095	320	13
185.0	9454	21	20	11402	20	188	319	19
185.0	8348	10	11	11403	9	1254	1526	11
185.0	8920	20	11	11404	28	1270	145	14
185.0	6851	5	6	11405	4	453	806	14
185.0	8781	15	13	11406	17	1414	493	12
185.0	9873	10	8	11407	10	375	1325	15
185.0	8120	4	4	11408	4	424	420	11
185.0	7030	20	19	11409	19	1472	1604	18
185.0	9209	28	25	11410	30	300	1477	13
185.0	9462	8	9	11411	7	1132	466	16
185.0	8420	31	31	11412	28	170	90	12
185.0	7680	17	23	11413	11	1433	946	13
185.0	8690	11	14	11414	7	355	678	17
185.0	7917	12	13	11415	10	876	433	11
185.0	8967	11	7	11416	15	189	1567	15
185.0	8008	7	7	11417	6	1197	1443	14
185.0	8679	7	9	11418	5	725	61	12
185.0	8469	11	10	11419	12	1272	1664	15
185.0	7972	30	34	11420	25	415	112	16
185.0	7334	5	5	11421	5	977	1771	13
185.0	10696	14	16	11422	12	1293	586	15
185.0	7449	26	27	11423	22	1481	648	15
185.0	7779	13	11	11424	15	1999	1336	11
185.0	9572	5	4	11425	6	797	1523	14
185.0	9234	6	8	11426	4	993	486	17
185.0	8600	16	15	11427	16	975	1569	15
185.0	8118	14	17	11428	11	1754	772	14
185.0	9113	18	19	11429	17	778	390	13
185.0	7142	30	34	11430	23	216	110	13
185.0	7012	20	21	11431	19	770	426	13
185.0	8813	11	10	11432	11	271	325	16
185.0	7339	16	16	11433	16	946	1942	15
185.0	7397	6	5	11434	7	1305	575	17
185.0	7715	13	17	11435	9	856	474	15
185.0	7570	6	8	11436	4	1028	1423	14
185.0	8659	30	23	11437	34	836	291	15
185.0	9150	13	16	11438	10	1468	985	20
185.0	8217	16	16	11439	14	729	1420	10
185.0	8460	11	12	11440	9	934	1598	14
185.0	8836	21	21	11441	18	1024	36	14
185.0	9489	13	12	11442	14	203	354	19
185.0	9419	10	13	11443	7	605	966	13
185.0	7205	14	13	11444	15	1619	666	13
185.0	8658	7	9	11445	5	1063	1842	15
185.0	7646	24	27	11446	18	1915	767	16
185.0	8524	5	3	11447	6	997	274	17
185.0	8863	6	6	11448	6	979	1676	9
185.0	10745	21	23	11449	17	436	566	13
185.0	7942	18	23	11450	13	1166	1751	12
185.0	9153	9	8	11451	10	1487	1306	14
185.0	9790	14	15	11452	13	591	529	15
185.0	7971	20	18	11453	22	125	0	16
185.0	10118	22	23	11454	19	556	459	14
185.0	7652	8	12	11455	4	669	688	14
185.0	7323	6	7	11456	5	898	1764	17
185.0	9821	4	5	11457	3	735	1487	12
185.0	9226	7	6	11458	8	505	536	12
185.0	9404	7	6	11459	8	609	240	14
185.0	9825	30	27	11460	33	69	100	15
185.0	6944	16	20	11461	10	766	1433	13
185.0	8506	8	5	11462	10	414	1014	10
185.0	8606	15	10	11463	19	634	384	13
185.0	8668	4	4	11464	4	932	268	12
185.0	7989	14	11	11465	17	542	1149	11
185.0	8441	2	2	11466	2	461	1393	13
185.0	8409	20	19	11467	20	579	1488	12
185.0	9450	17	12	11468	21	599	1162	11
185.0	8434	6	7	11469	5	349	1202	14
185.0	8618	16	14	11470	17	1362	118	13
185.0	8654	10	10	11471	10	1386	1482	12
185.0	8068	27	19	11472	34	229	382	18
185.0	10662	18	22	11473	13	1272	548	14
185.0	9613	0	0	11474	0	1035	362	17
185.0	7693	9	12	11475	5	610	1449	11
185.0	9565	9	8	11476	10	1165	529	18
185.0	6868	5	5	11477	5	637	263	15
185.0	9841	37	41	11478	32	48	446	12
185.0	8989	13	13	11479	13	623	588	11
185.0	9396	34	33	11480	31	1408	627	12
185.0	7122	7	6	11481	7	326	501	20
185.0	8722	21	20	11482	20	486	576	12
185.0	8279	20	21	11483	18	1612	1406	12
185.0	7134	23	23	11484	22	82	128	14
185.0	8104	12	12	11485	11	829	322	12
186.0	9821	5	5	11486	5	735	1487	13
186.0	9583	9	7	11487	10	1331	527	15
186.0	10462	9	10	11488	8	268	1013	19
186.0	8940	15	11	11489	19	272	227	27
186.0	8279	21	18	11490	22	1612	1406	13
186.0	10032	10	11	11491	9	763	1592	12
186.0	8531	17	16	11492	18	658	1382	12
186.0	7134	23	21	11493	23	82	128	15
186.0	7334	5	4	11494	6	977	1771	14
186.0	8433	6	8	11495	3	918	203	10
186.0	10745	23	23	11496	22	436	566	14
186.0	8026	24	24	11497	22	1149	0	13
186.0	9354	5	7	11498	3	603	1299	11
186.0	8529	25	28	11499	22	1576	779	14
186.0	8778	25	31	11500	19	455	500	15
186.0	7454	5	4	11501	6	1499	1066	11
186.0	10201	17	16	11502	18	781	253	12
186.0	9588	17	15	11503	18	363	633	15
186.0	9366	16	16	11504	15	1385	500	11
186.0	10391	4	5	11505	3	1527	1344	14
186.0	8893	19	16	11506	22	1216	1632	14
186.0	9602	14	13	11507	15	1255	37	15
186.0	7677	7	6	11508	8	616	1233	12
186.0	8323	6	5	11509	7	1549	1088	13
186.0	9790	15	10	11510	20	591	529	16
186.0	10014	6	7	11511	4	962	299	16
186.0	8412	16	14	11512	18	1305	1490	11
186.0	8392	24	26	11513	22	348	392	16
186.0	10901	15	14	11514	16	1467	1101	15
186.0	9549	35	34	11515	33	123	637	11
186.0	9498	6	7	11516	5	1059	1425	16
186.0	9226	6	5	11517	6	505	536	13
186.0	6936	17	14	11518	18	827	265	12
186.0	10040	17	15	11519	18	1368	745	15
186.0	8872	9	8	11520	8	256	338	12
186.0	8576	30	30	11521	26	325	666	13
186.0	8560	17	16	11522	18	802	398	12
186.0	7717	10	10	11523	10	459	616	13
186.0	9508	54	44	11524	56	95	598	19
186.0	8420	31	29	11525	30	170	90	13
186.0	7205	13	15	11526	11	1619	666	14
186.0	7638	29	27	11527	31	102	904	17
186.0	8659	23	28	11528	18	836	291	16
186.0	9210	22	30	11529	12	1682	518	13
186.0	7525	14	19	11530	9	1978	1030	12
186.0	8174	31	28	11531	33	1259	309	16
186.0	9479	17	15	11532	19	1681	221	16
186.0	8144	28	27	11533	28	1252	1601	12
186.0	9444	21	18	11534	23	515	1386	11
186.0	8934	5	4	11535	6	729	456	19
186.0	10026	10	8	11536	11	656	1116	17
186.0	7411	22	19	11537	24	86	0	19
186.0	8473	25	23	11538	25	204	84	14
186.0	9620	16	13	11539	18	1397	1009	15
186.0	9408	19	13	11540	24	905	434	14
186.0	7042	23	28	11541	18	1439	476	11
186.0	8267	38	41	11542	33	961	162	15
186.0	10342	17	16	11543	17	1339	1195	16
186.0	8106	17	17	11544	15	1326	768	13
186.0	9177	15	16	11545	13	1058	1882	16
186.0	7373	16	16	11546	16	1303	496	13
186.0	8194	8	10	11547	6	946	393	15
186.0	7289	11	7	11548	15	1317	593	14
186.0	6892	5	5	11549	5	153	405	13
186.0	9944	8	6	11550	10	1150	1628	13
186.0	9638	9	7	11551	10	1043	1646	14
186.0	9063	9	7	11552	11	244	813	16
186.0	7195	6	7	11553	5	844	1539	13
186.0	7297	19	15	11554	23	393	188	17
186.0	9233	15	15	11555	15	733	1672	14
186.0	8258	31	29	11556	30	672	369	11
186.0	8542	6	5	11557	6	689	1183	10
186.0	8068	19	17	11558	20	229	382	19
186.0	7913	14	16	11559	12	603	1698	14
186.0	8967	7	5	11560	8	189	1567	16
186.0	9869	17	16	11561	18	308	415	12
186.0	11458	8	9	11562	7	518	522	13
186.0	6944	20	23	11563	16	766	1433	14
186.0	8603	6	4	11564	8	1671	722	16
186.0	9270	27	27	11565	25	1938	156	10
186.0	9450	12	11	11566	13	599	1162	12
186.0	7097	14	13	11567	15	479	1218	16
186.0	10309	10	9	11568	11	544	1542	13
186.0	7968	15	16	11569	14	1292	1238	16
186.0	7817	19	20	11570	17	0	779	15
186.0	9997	0	0	11571	0	1504	1653	16
186.0	9417	24	27	11572	19	362	1021	12
186.0	10899	7	8	11573	5	454	765	14
186.0	9625	14	15	11574	13	649	431	18
186.0	9961	5	6	11575	4	740	1594	12
186.0	7512	12	13	11576	11	879	1364	12
186.0	7955	30	32	11577	25	1336	0	13
186.0	10520	27	20	11578	30	425	1767	14
186.0	8912	17	17	11579	16	1100	205	12
186.0	7286	16	16	11580	15	0	108	17
186.0	10183	7	5	11581	9	889	1460	11
186.0	9034	31	32	11582	28	1206	480	17
186.0	8255	2	2	11583	2	778	1517	13
186.0	9287	6	9	11584	3	1296	1387	13
186.0	10240	31	27	11585	33	36	1473	15
186.0	10274	5	6	11586	4	280	918	19
186.0	9993	16	13	11587	15	436	1925	12
186.0	8618	14	16	11588	11	1362	118	14
186.0	9209	25	25	11589	23	300	1477	14
186.0	8159	14	14	11590	13	424	1153	9
186.0	9714	7	5	11591	9	1089	469	13
186.0	8434	7	9	11592	4	349	1202	15
187.0	8385	16	21	11593	11	1244	549	14
187.0	9617	7	8	11594	6	115	333	17
187.0	7012	21	24	11595	16	770	426	14
187.0	7624	16	15	11596	17	132	206	21
187.0	9060	18	19	11597	16	552	403	15
187.0	9679	7	10	11598	3	705	363	12
187.0	7132	3	2	11599	4	778	1456	15
187.0	8401	32	30	11600	31	819	616	11
187.0	7039	8	4	11601	12	1077	1593	14
187.0	9495	6	4	11602	8	716	1470	12
187.0	10052	15	17	11603	11	741	1922	14
187.0	7935	19	23	11604	15	1139	1640	15
187.0	8668	4	5	11605	3	932	268	13
187.0	8317	11	14	11606	8	375	795	11
187.0	8576	30	32	11607	27	325	666	14
187.0	10259	4	4	11608	4	1229	1423	12
187.0	7307	9	8	11609	9	806	362	14
187.0	9698	30	39	11610	19	719	163	12
187.0	9333	26	27	11611	23	1124	382	16
187.0	8652	23	23	11612	22	1966	513	13
187.0	9302	15	14	11613	15	545	836	16
187.0	9616	5	4	11614	6	1316	1594	14
187.0	8812	6	3	11615	9	678	1285	14
187.0	7373	16	17	11616	13	1303	496	14
187.0	10016	14	17	11617	11	1150	285	12
187.0	9424	8	10	11618	6	1416	1483	12
187.0	8412	14	13	11619	15	1305	1490	12
187.0	8138	1	0	11620	2	1339	1437	12
187.0	8500	17	16	11621	18	655	86	13
187.0	9726	10	11	11622	9	1109	416	13
187.0	8690	14	13	11623	14	355	678	18
187.0	8414	21	15	11624	24	219	174	16
187.0	8318	15	17	11625	13	673	609	13
187.0	7193	9	6	11626	10	1314	557	14
187.0	8980	37	38	11627	35	1461	759	14
187.0	7435	16	14	11628	18	587	1124	12
187.0	9633	2	2	11629	2	1316	1404	11
187.0	10909	7	6	11630	7	682	1349	13
187.0	8960	13	14	11631	11	1538	1233	15
187.0	9427	1	1	11632	1	624	1590	14
187.0	8746	15	9	11633	21	1973	1003	13
187.0	9620	13	11	11634	13	1397	1009	16
187.0	8188	13	6	11635	20	300	64	20
187.0	10439	13	11	11636	15	837	1577	16
187.0	9869	16	16	11637	15	308	415	13
187.0	7433	22	17	11638	26	537	758	12
187.0	10388	16	14	11639	18	919	1556	14
187.0	8945	28	17	11640	37	877	1415	13
187.0	11095	15	16	11641	13	727	133	13
187.0	8836	21	18	11642	24	1024	36	15
187.0	10901	14	18	11643	10	1467	1101	16
187.0	9147	10	8	11644	12	526	915	12
187.0	8644	23	20	11645	22	1544	1399	14
187.0	7255	9	7	11646	9	1337	1229	16
187.0	10056	11	10	11647	12	1211	1771	14
187.0	11398	8	7	11648	9	279	1166	15
187.0	7262	38	34	11649	39	778	179	18
187.0	7998	4	4	11650	4	500	648	14
187.0	8863	6	7	11651	5	979	1676	10
187.0	9177	16	14	11652	18	1058	1882	17
187.0	7955	32	38	11653	26	1336	0	14
187.0	9857	21	19	11654	22	496	188	16
187.0	8559	20	23	11655	16	943	1527	14
187.0	8915	20	15	11656	25	449	303	14
187.0	7631	22	18	11657	25	245	310	14
187.0	7996	2	2	11658	1	1229	1409	12
187.0	9695	16	20	11659	12	351	1043	16
187.0	8570	30	29	11660	31	356	464	19
187.0	7514	4	6	11661	2	456	1359	12
187.0	7071	18	12	11662	23	1124	1683	17
187.0	9648	8	9	11663	7	664	1478	16
187.0	9277	15	10	11664	17	913	279	12
187.0	9042	23	25	11665	21	432	457	17
187.0	8744	16	16	11666	16	1148	573	12
187.0	10001	4	5	11667	3	1096	1516	12
187.0	8144	27	25	11668	26	1252	1601	13
187.0	10044	10	14	11669	5	1178	619	15
187.0	9815	4	6	11670	2	1060	294	18
187.0	9443	6	4	11671	8	305	1443	16
187.0	7362	11	11	11672	10	293	991	17
187.0	8950	21	23	11673	18	303	1013	11
187.0	10528	10	8	11674	12	1376	578	16
187.0	9310	21	18	11675	24	152	289	15
187.0	8345	15	12	11676	17	866	321	12
187.0	8164	26	26	11677	24	1423	807	12
187.0	8983	23	28	11678	17	627	1437	9
187.0	11458	9	9	11679	8	518	522	14
187.0	9464	7	5	11680	9	598	1473	12
187.0	8607	19	17	11681	20	73	174	19
187.0	9502	19	13	11682	24	744	50	11
187.0	8890	19	20	11683	18	317	700	14
187.0	9919	19	12	11684	23	973	449	16
187.0	8232	7	9	11685	5	542	1123	14
187.0	9861	4	5	11686	3	1011	219	17
187.0	10462	10	9	11687	8	268	1013	20
187.0	7451	20	18	11688	22	989	462	17
187.0	6903	19	19	11689	17	1344	828	15
187.0	9076	12	13	11690	11	823	1419	12
187.0	7474	28	24	11691	32	1213	1555	14
187.0	10062	20	19	11692	19	1521	1263	14
187.0	7766	14	22	11693	5	1369	1509	12
188.0	9152	15	13	11694	16	776	1602	12
188.0	9364	10	13	11695	6	859	547	16
188.0	10219	8	2	11696	14	596	393	12
188.0	11539	18	21	11697	15	1383	1009	16
188.0	7087	7	7	11698	7	1066	1723	11
188.0	9407	9	8	11699	10	1499	1047	17
188.0	8334	37	34	11700	37	373	262	15
188.0	8179	8	10	11701	6	819	586	13
188.0	9424	10	9	11702	11	1416	1483	13
188.0	8255	2	2	11703	2	778	1517	14
188.0	9340	10	9	11704	11	255	645	13
188.0	6857	9	8	11705	9	1128	1455	11
188.0	6937	19	19	11706	18	658	41	12
188.0	8453	20	24	11707	16	1416	759	18
188.0	9460	6	4	11708	8	1135	1834	14
188.0	9033	27	34	11709	19	1119	111	12
188.0	8927	20	22	11710	17	124	488	13
188.0	9005	24	26	11711	21	1193	405	13
188.0	7097	13	15	11712	11	479	1218	17
188.0	7038	16	10	11713	21	1168	551	16
188.0	10662	22	24	11714	20	1272	548	15
188.0	9799	9	10	11715	7	608	907	11
188.0	7942	23	16	11716	29	1166	1751	13
188.0	7084	30	29	11717	28	515	399	13
188.0	7613	24	17	11718	29	0	858	13
188.0	8832	4	0	11719	8	736	414	16
188.0	9351	5	5	11720	4	552	1255	12
188.0	9882	5	4	11721	6	316	885	13
188.0	8865	15	14	11722	16	1319	940	10
188.0	6877	14	16	11723	12	438	1458	15
188.0	8033	13	12	11724	14	1293	1714	13
188.0	9469	31	33	11725	27	1700	257	11
188.0	8518	7	6	11726	8	1492	1418	16
188.0	8883	21	22	11727	20	734	1544	13
188.0	9852	22	17	11728	24	26	382	19
188.0	9319	28	24	11729	31	0	560	17
188.0	9374	41	38	11730	44	758	248	17
188.0	8587	11	8	11731	13	1024	1791	15
188.0	9695	20	23	11732	15	351	1043	17
188.0	9764	12	11	11733	12	1224	15	16
188.0	7079	26	30	11734	21	534	65	16
188.0	9582	13	9	11735	16	475	672	17
188.0	9464	5	3	11736	6	598	1473	13
188.0	10115	11	9	11737	13	1125	229	15
188.0	9295	22	27	11738	16	26	336	17
188.0	8863	7	5	11739	8	979	1676	11
188.0	9406	20	16	11740	23	520	447	14
188.0	10315	15	13	11741	17	169	1856	12
188.0	10267	33	35	11742	31	376	464	18
188.0	9827	6	7	11743	5	1079	569	14
188.0	8199	6	8	11744	4	1115	1818	15
188.0	8058	6	4	11745	8	779	1384	10
188.0	10737	16	17	11746	14	1441	1546	15
188.0	9325	11	12	11747	10	554	596	13
188.0	9105	17	17	11748	16	377	947	15
188.0	7499	11	11	11749	9	665	1412	15
188.0	10544	19	17	11750	20	1463	847	14
188.0	8609	25	21	11751	29	1210	1604	15
188.0	10083	4	6	11752	2	326	1445	15
188.0	9653	12	11	11753	12	1405	1572	15
188.0	9283	9	9	11754	9	1423	1546	13
188.0	7212	6	7	11755	5	555	1284	13
188.0	9356	14	21	11756	7	369	917	11
188.0	11077	23	21	11757	22	424	1580	11
188.0	10374	7	5	11758	9	529	690	19
188.0	9466	30	26	11759	32	1576	817	14
188.0	9359	5	6	11760	4	1567	1337	14
188.0	9978	18	14	11761	22	1486	813	12
188.0	10010	10	6	11762	14	1027	1745	15
188.0	10037	11	9	11763	13	528	615	14
188.0	10365	29	21	11764	37	435	79	14
188.0	9826	12	7	11765	16	302	257	19
188.0	8828	34	33	11766	32	1170	1329	15
188.0	7018	6	7	11767	5	668	1328	14
188.0	9040	23	22	11768	23	1086	1661	15
188.0	10016	17	14	11769	19	1150	285	13
188.0	9322	18	18	11770	18	1981	579	13
188.0	8577	3	4	11771	2	1029	1500	14
188.0	7456	19	15	11772	23	727	394	14
188.0	7346	11	10	11773	9	571	619	9
188.0	7155	12	12	11774	12	1063	1608	14
188.0	10062	19	22	11775	15	1521	1263	15
188.0	10075	10	11	11776	8	1070	344	11
188.0	9892	23	22	11777	22	436	544	20
188.0	10316	29	33	11778	23	237	174	16
188.0	8186	6	6	11779	6	559	886	13
188.0	9634	9	8	11780	10	1472	419	14
188.0	9501	28	23	11781	33	1260	0	13
188.0	9065	13	14	11782	12	1289	1054	13
188.0	7474	24	25	11783	23	1213	1555	15
188.0	10391	5	6	11784	3	1527	1344	15
188.0	8960	14	16	11785	12	1538	1233	16
188.0	11458	9	12	11786	5	518	522	15
188.0	10215	13	13	11787	12	511	1086	11
188.0	9175	10	11	11788	9	1509	465	17
188.0	7297	15	14	11789	16	393	188	18
188.0	9701	19	21	11790	16	1452	1579	16
188.0	10082	34	36	11791	29	1550	1055	13
188.0	7772	12	13	11792	11	815	536	15
188.0	8619	13	17	11793	9	1414	1524	13
188.0	7425	20	15	11794	25	1272	387	13
188.0	8798	14	13	11795	15	618	206	12
188.0	9215	2	2	11796	2	337	1389	15
188.0	8719	8	8	11797	8	1315	1666	14
188.0	10099	25	26	11798	24	111	875	17
188.0	8121	19	15	11799	20	1205	396	15
188.0	7447	13	14	11800	12	0	428	15
188.0	8505	9	7	11801	11	79	296	23
188.0	10344	18	21	11802	13	275	377	15
188.0	10509	14	14	11803	14	30	858	13
188.0	8211	11	12	11804	10	54	795	11
188.0	6864	9	11	11805	7	1338	1370	14
188.0	7577	7	5	11806	8	865	194	13
188.0	9560	18	15	11807	21	829	1657	13
188.0	8533	21	23	11808	18	92	263	24
188.0	9225	16	20	11809	12	625	1957	16
188.0	8324	12	13	11810	11	1373	1573	14
188.0	9217	7	5	11811	9	1529	1195	14
188.0	8749	10	7	11812	13	676	574	18
188.0	9629	20	18	11813	20	606	79	13
188.0	7003	7	5	11814	9	697	1277	13
188.0	8216	28	21	11815	34	482	486	12
188.0	8093	9	10	11816	7	581	1322	10
188.0	10750	23	20	11817	25	457	550	12
188.0	10124	16	13	11818	19	640	789	17
188.0	8890	20	18	11819	22	317	700	15
188.0	7715	17	21	11820	13	856	474	16
188.0	8125	4	2	11821	6	1195	1819	15
188.0	9213	4	7	11822	1	992	1888	12
188.0	9061	25	29	11823	21	987	442	14
188.0	8059	17	16	11824	18	729	1117	12
188.0	7767	10	11	11825	8	401	74	17
188.0	8815	10	11	11826	9	432	1276	13
188.0	9042	25	26	11827	23	432	457	18
188.0	8170	8	8	11828	8	551	1662	15
188.0	7261	20	22	11829	18	1240	709	13
188.0	9302	14	14	11830	14	545	836	17
188.0	9393	15	21	11831	9	282	537	13
188.0	9721	11	10	11832	10	488	1104	11
188.0	7924	0	0	11833	0	479	1444	15
188.0	9089	17	11	11834	21	1573	648	13
188.0	9290	16	17	11835	15	171	651	12
188.0	7479	7	8	11836	6	60	308	23
189.0	9882	4	5	11837	3	316	885	14
189.0	8066	18	14	11838	22	459	112	11
189.0	8828	33	37	11839	25	1170	1329	16
189.0	7294	8	8	11840	7	869	299	10
189.0	8689	7	3	11841	11	1364	1386	13
189.0	8671	27	22	11842	31	1649	1217	11
189.0	9113	19	14	11843	24	791	377	14
189.0	9672	10	10	11844	10	317	609	15
189.0	7750	9	2	11845	15	1454	1329	13
189.0	11095	16	16	11846	16	727	133	14
189.0	9586	18	17	11847	16	1334	1419	12
189.0	7243	23	21	11848	24	0	337	20
189.0	8850	7	8	11849	6	977	229	17
189.0	11138	30	29	11850	27	1986	1503	12
189.0	8858	26	23	11851	27	273	741	11
189.0	7337	16	12	11852	20	219	789	19
189.0	7022	7	8	11853	6	117	299	18
189.0	6870	9	10	11854	8	0	251	26
189.0	9929	0	0	11855	0	338	874	13
189.0	7382	16	23	11856	9	444	419	11
189.0	10505	6	5	11857	7	830	1508	15
189.0	7122	6	7	11858	5	326	501	21
189.0	9829	2	2	11859	2	920	318	15
189.0	10115	9	12	11860	5	1125	229	16
189.0	8882	26	20	11861	32	117	65	18
189.0	7447	14	17	11862	10	0	428	16
189.0	9945	8	7	11863	9	1466	1341	13
189.0	8577	4	5	11864	3	1029	1500	15
189.0	10779	20	19	11865	19	722	272	13
189.0	9033	34	36	11866	28	1119	111	13
189.0	7979	9	12	11867	6	1089	1980	13
189.0	10316	33	35	11868	30	261	174	17
189.0	7450	16	13	11869	16	1198	675	13
189.0	9804	9	11	11870	7	1466	1942	13
189.0	9487	33	28	11871	37	210	685	17
189.0	10315	13	13	11872	12	169	1856	13
189.0	9701	21	21	11873	21	1452	1579	17
189.0	10323	9	7	11874	11	838	1969	17
189.0	9602	13	17	11875	9	1268	50	16
189.0	7972	34	29	11876	38	415	112	17
189.0	8149	9	7	11877	11	1281	1319	9
189.0	8499	17	20	11878	11	1230	1835	14
189.0	8877	11	10	11879	11	778	1499	12
189.0	8679	9	7	11880	10	725	61	13
189.0	10427	19	14	11881	24	1437	867	12
189.0	8607	17	16	11882	16	73	174	20
189.0	9217	5	6	11883	4	1529	1195	15
189.0	7321	30	25	11884	31	1951	210	14
189.0	9509	25	21	11885	29	655	396	18
189.0	9619	21	24	11886	17	266	39	12
189.0	9437	12	11	11887	13	1439	710	13
189.0	9827	7	6	11888	8	1079	569	15
189.0	10010	6	4	11889	7	1027	1745	16
189.0	11203	7	7	11890	6	1199	538	16
189.0	9686	8	9	11891	6	412	1699	12
189.0	7369	14	18	11892	9	1590	47	14
189.0	9301	9	6	11893	12	1275	1518	11
189.0	7147	15	9	11894	21	44	209	18
189.0	6864	11	9	11895	11	1338	1370	15
189.0	7156	1	1	11896	1	1288	788	15
189.0	8316	4	4	11897	4	1159	1270	16
189.0	8230	16	13	11898	18	854	270	12
189.0	9005	26	25	11899	26	1193	405	14
189.0	8918	7	5	11900	9	567	868	12
189.0	9642	22	17	11901	27	1589	116	13
189.0	7945	43	46	11902	39	46	420	12
189.0	8991	13	13	11903	13	375	833	11
189.0	8162	21	20	11904	22	257	770	10
189.0	8453	24	21	11905	24	1416	742	19
189.0	8740	16	18	11906	12	165	694	17
189.0	7367	31	24	11907	36	1439	1229	14
189.0	9320	11	13	11908	9	1039	1627	14
189.0	8033	12	11	11909	11	1293	1714	14
189.0	9225	20	18	11910	20	625	1957	17
189.0	10363	14	17	11911	9	565	776	13
189.0	8927	22	17	11912	26	124	488	14
189.0	11400	23	18	11913	28	1250	447	17
189.0	8088	2	3	11914	1	1010	1575	12
189.0	7206	0	0	11915	0	527	964	15
189.0	11077	21	24	11916	17	424	1580	12
189.0	7270	37	37	11917	33	405	30	14
189.0	9160	11	6	11918	15	264	272	12
189.0	8903	17	15	11919	17	909	1420	13
189.0	10347	13	15	11920	11	1399	726	13
189.0	8641	15	13	11921	15	1407	821	15
189.0	8834	30	30	11922	29	273	446	12
189.0	9915	16	14	11923	17	1574	707	13
189.0	9906	14	10	11924	18	1627	1021	12
189.0	7573	18	19	11925	16	1126	310	13
189.0	8085	17	17	11926	16	458	1915	15
189.0	10185	5	5	11927	5	564	1318	10
189.0	8994	19	17	11928	20	523	1026	12
189.0	9337	6	7	11929	3	887	227	13
189.0	9514	17	17	11930	16	1932	1805	15
189.0	10051	5	4	11931	6	97	209	26
189.0	8727	24	20	11932	28	1282	259	12
189.0	8530	12	16	11933	8	473	350	15
189.0	7848	8	11	11934	5	992	1447	18
189.0	7620	7	9	11935	5	686	267	14
189.0	9393	21	21	11936	20	282	537	14
189.0	8304	10	12	11937	7	447	958	16
189.0	9242	9	9	11938	9	897	455	14
189.0	8390	22	22	11939	19	1408	544	12
189.0	10687	18	10	11940	25	1459	1444	13
189.0	8725	11	7	11941	15	878	189	12
189.0	8973	20	15	11942	23	1511	1413	16
189.0	9987	12	11	11943	13	646	1248	13
189.0	10938	7	7	11944	7	1087	421	14
189.0	8596	7	7	11945	6	1018	358	18
189.0	9655	9	8	11946	10	979	1536	16
189.0	10397	12	7	11947	16	924	1790	17
189.0	7612	32	34	11948	29	309	1245	12
189.0	7302	26	28	11949	23	473	214	13
189.0	11725	27	26	11950	27	1685	271	12
189.0	9946	20	21	11951	17	1163	349	14
189.0	10263	9	8	11952	9	856	1930	15
189.0	7204	19	21	11953	16	1411	1139	15
189.0	6930	9	10	11954	8	809	1600	16
189.0	7297	14	15	11955	12	393	188	19
189.0	8518	6	6	11956	6	1492	1436	17
189.0	8988	25	24	11957	23	1052	377	12
189.0	10071	20	16	11958	24	1373	273	15
189.0	10943	19	16	11959	22	53	199	18
189.0	10365	21	21	11960	21	435	79	15
189.0	8901	28	23	11961	32	705	1428	11
189.0	8252	10	9	11962	11	1209	582	12
189.0	8379	21	20	11963	21	789	437	15
189.0	7915	16	20	11964	10	721	1922	15
190.0	7768	15	16	11965	13	1333	1535	15
190.0	8989	13	13	11966	13	623	588	12
190.0	8469	10	6	11967	13	1272	1683	16
190.0	9833	18	16	11968	20	644	1834	8
190.0	7813	12	12	11969	11	1619	1441	13
190.0	9697	16	11	11970	20	599	994	13
190.0	9264	14	11	11971	16	414	708	14
190.0	11033	34	26	11972	40	1281	193	12
190.0	7529	7	7	11973	7	1229	1677	15
190.0	10900	7	8	11974	6	1165	1484	13
190.0	8822	3	3	11975	3	1353	1605	14
190.0	9514	17	21	11976	13	1932	1805	16
190.0	7894	8	9	11977	6	113	146	19
190.0	7461	3	4	11978	1	1095	1479	9
190.0	9064	20	16	11979	24	777	1999	15
190.0	10231	24	29	11980	17	713	1572	7
190.0	9980	5	3	11981	7	489	1251	11
190.0	7453	21	11	11982	30	1383	598	14
190.0	9863	27	23	11983	30	1463	1590	18
190.0	10893	19	17	11984	17	620	1366	12
190.0	8999	14	13	11985	15	498	416	10
190.0	7952	12	11	11986	13	591	359	13
190.0	8017	15	15	11987	15	793	508	18
190.0	9324	25	24	11988	24	762	499	15
190.0	7155	12	11	11989	11	1063	1608	15
190.0	7273	37	36	11990	36	61	585	20
190.0	7833	16	13	11991	19	303	555	13
190.0	10549	3	3	11992	3	1019	1517	12
190.0	9866	0	0	11993	0	398	1500	14
190.0	9393	21	21	11994	21	282	537	15
190.0	8175	14	15	11995	12	1558	1024	16
190.0	8493	23	18	11996	27	452	182	17
190.0	7861	21	21	11997	21	453	527	13
190.0	9394	17	17	11998	16	1517	437	14
190.0	9045	22	28	11999	15	33	754	11
190.0	7007	18	14	12000	21	1462	1545	15
190.0	8062	29	25	12001	30	574	469	17
190.0	9478	9	13	12002	5	978	1618	10
190.0	8661	12	10	12003	14	333	431	12
190.0	9533	14	8	12004	19	1107	1860	13
190.0	11725	26	24	12005	27	1685	271	13
190.0	10224	13	14	12006	11	1249	1955	13
190.0	9599	15	16	12007	14	96	237	21
190.0	7601	12	12	12008	11	1712	778	19
190.0	10607	24	23	12009	25	416	374	13
190.0	8561	13	14	12010	12	782	219	11
190.0	9882	5	2	12011	8	299	885	15
190.0	8615	24	23	12012	23	1532	1253	17
190.0	9017	25	17	12013	31	175	494	15
190.0	8001	15	16	12014	13	619	1573	15
190.0	9046	9	11	12015	6	1068	313	12
190.0	9140	18	17	12016	19	1325	416	15
190.0	10149	15	16	12017	13	859	126	12
190.0	8420	29	25	12018	31	212	90	14
190.0	8252	9	12	12019	5	1209	582	13
190.0	8568	6	5	12020	7	258	846	15
190.0	9458	18	20	12021	16	191	423	14
190.0	8852	9	7	12022	11	891	1509	16
190.0	8321	5	4	12023	6	1384	638	14
190.0	8763	16	13	12024	18	1203	1640	14
190.0	9881	23	19	12025	27	1444	1747	16
190.0	8288	24	22	12026	25	544	0	14
190.0	7748	36	32	12027	38	1725	1131	14
190.0	9206	7	6	12028	7	1375	808	19
190.0	7078	5	5	12029	5	1093	1547	16
190.0	10235	20	22	12030	18	1471	698	19
190.0	10107	12	12	12031	11	1414	1267	13
190.0	9452	3	2	12032	4	1033	253	19
190.0	7259	31	31	12033	30	366	1702	14
190.0	8383	18	15	12034	20	72	566	13
190.0	6991	13	10	12035	15	1525	1288	14
190.0	7147	9	12	12036	6	44	209	19
190.0	8635	22	20	12037	24	1397	1597	16
190.0	8901	23	23	12038	23	705	1428	12
190.0	10144	16	15	12039	16	1343	462	14
190.0	11249	24	24	12040	23	1175	114	12
190.0	8813	10	12	12041	6	283	313	17
190.0	9214	19	20	12042	17	1274	1757	12
190.0	7909	11	9	12043	13	1605	921	15
190.0	8328	17	15	12044	19	1249	614	14
190.0	8668	5	5	12045	5	947	268	14
190.0	9337	7	7	12046	7	887	227	14
190.0	7575	11	13	12047	7	1349	996	16
190.0	9097	16	11	12048	20	1224	1495	13
190.0	9135	20	15	12049	25	654	467	12
190.0	10027	10	9	12050	10	1586	861	12
190.0	9181	10	10	12051	10	981	276	19
190.0	8868	15	18	12052	11	619	1024	12
190.0	7059	12	10	12053	13	1901	404	14
190.0	7612	34	40	12054	25	309	1245	13
190.0	8666	14	12	12055	14	370	538	15
190.0	9005	25	18	12056	30	1193	405	15
190.0	10125	32	29	12057	34	1259	333	15
190.0	7986	5	5	12058	5	106	533	13
190.0	9654	7	6	12059	8	153	391	13
190.0	6860	1	1	12060	1	653	1467	17
190.0	10233	10	12	12061	6	1585	230	15
190.0	7270	37	31	12062	42	390	15	15
190.0	9331	22	22	12063	20	1735	219	11
190.0	10230	9	8	12064	10	1307	1368	13
190.0	6883	2	3	12065	1	1116	1427	15
190.0	6953	25	23	12066	26	134	518	14
190.0	9118	18	16	12067	19	399	621	17
190.0	9204	17	20	12068	14	1390	679	15
190.0	9496	13	13	12069	12	1106	1948	14
190.0	7080	14	12	12070	16	1304	454	16
190.0	9437	11	12	12071	10	1458	710	14
190.0	9842	19	18	12072	20	1325	1573	11
190.0	9030	2	2	12073	2	957	335	11
190.0	9416	18	19	12074	17	1613	17	16
190.0	7649	2	3	12075	1	1036	319	19
190.0	9561	18	19	12076	17	1385	846	16
190.0	9580	18	14	12077	21	485	1374	12
190.0	8563	14	20	12078	7	1468	1002	12
190.0	8103	15	14	12079	15	754	1367	11
190.0	8634	8	6	12080	10	711	1505	14
190.0	10921	23	20	12081	25	52	507	12
190.0	8793	16	13	12082	18	64	251	25
190.0	9361	18	18	12083	16	1427	774	17
190.0	11493	23	20	12084	24	53	122	16
190.0	9678	18	19	12085	16	659	271	14
190.0	10050	5	7	12086	3	1397	1175	14
190.0	7337	12	14	12087	9	219	789	20
190.0	8409	19	17	12088	18	518	1488	13
190.0	9954	10	9	12089	10	1416	838	17
190.0	8193	8	9	12090	6	633	1479	15
190.0	7969	18	15	12091	20	1451	1458	13
190.0	7866	9	4	12092	14	465	1541	15
190.0	9925	19	20	12093	17	752	282	16
190.0	9187	12	13	12094	10	578	345	11
190.0	9091	12	13	12095	9	824	142	14
190.0	9487	28	18	12096	36	210	685	18
190.0	9983	10	11	12097	8	443	269	15
191.0	10249	4	5	12098	3	1208	607	12
191.0	9151	27	24	12099	28	0	396	13
191.0	10763	13	7	12100	19	74	173	21
191.0	8568	5	6	12101	4	258	846	16
191.0	8649	35	35	12102	34	1974	782	12
191.0	9755	17	22	12103	12	950	1816	16
191.0	8681	16	16	12104	15	143	604	12
191.0	10013	15	17	12105	12	1963	897	12
191.0	7461	4	3	12106	5	1095	1479	10
191.0	7263	15	16	12107	14	372	392	12
191.0	8180	15	14	12108	15	604	536	11
191.0	8069	8	7	12109	8	1523	1375	16
191.0	6888	7	7	12110	6	1593	514	19
191.0	10971	14	16	12111	12	1560	1185	17
191.0	7858	16	13	12112	19	1376	908	14
191.0	10134	11	8	12113	14	683	237	14
191.0	8445	16	12	12114	20	282	293	14
191.0	6860	1	1	12115	1	653	1467	18
191.0	9271	17	19	12116	13	638	1134	12
191.0	10909	6	7	12117	5	682	1349	14
191.0	7315	17	24	12118	10	481	978	11
191.0	7937	17	13	12119	18	301	358	13
191.0	10520	20	18	12120	21	486	1847	15
191.0	10372	13	14	12121	11	535	1642	13
191.0	9174	34	31	12122	36	397	647	14
191.0	8835	26	28	12123	22	1532	1322	12
191.0	8758	9	9	12124	7	946	1590	15
191.0	8592	16	17	12125	14	1265	1866	11
191.0	7954	13	9	12126	16	1194	373	13
191.0	8072	7	8	12127	6	679	1078	18
191.0	7857	1	2	12128	0	289	573	16
191.0	8822	3	2	12129	4	1353	1605	15
191.0	9779	33	30	12130	34	1349	341	13
191.0	8321	4	4	12131	3	1384	638	15
191.0	8239	21	23	12132	19	233	717	18
191.0	9036	14	15	12133	13	1475	668	19
191.0	7611	2	2	12134	2	1028	337	20
191.0	11224	8	7	12135	7	1380	1655	15
191.0	9591	23	20	12136	23	335	34	19
191.0	9887	12	15	12137	9	304	310	13
191.0	9059	24	19	12138	27	257	336	16
191.0	9490	11	10	12139	12	906	366	15
191.0	7714	19	15	12140	22	684	1644	14
191.0	7909	9	6	12141	11	1605	921	16
191.0	7690	8	8	12142	8	428	232	16
191.0	7000	23	20	12143	26	573	1455	14
191.0	8012	21	19	12144	21	338	376	16
191.0	9842	18	21	12145	13	1303	1573	12
191.0	9599	16	19	12146	13	113	237	22
191.0	9425	13	15	12147	11	185	233	23
191.0	7601	12	14	12148	10	1712	778	20
191.0	10905	15	11	12149	16	564	1039	13
191.0	10222	11	9	12150	11	1522	1109	18
191.0	9551	26	29	12151	21	1076	250	15
191.0	7860	16	16	12152	16	1344	969	17
191.0	7318	3	6	12153	0	303	872	13
191.0	8960	16	16	12154	15	1572	1267	17
191.0	7713	2	2	12155	2	1406	1637	18
191.0	9717	12	9	12156	15	767	224	13
191.0	9810	9	10	12157	8	175	312	18
191.0	9033	36	34	12158	38	1119	111	14
191.0	8774	51	45	12159	55	1050	195	17
191.0	9681	21	25	12160	17	643	73	12
191.0	10233	12	14	12161	9	1585	230	16
191.0	8305	8	11	12162	5	753	529	22
191.0	9996	12	8	12163	14	325	171	17
191.0	6949	3	2	12164	3	665	1730	16
191.0	9310	18	21	12165	14	168	269	16
191.0	9453	9	11	12166	7	1209	491	17
191.0	7155	11	11	12167	10	1063	1608	16
191.0	8000	10	10	12168	10	152	348	18
191.0	9135	15	16	12169	14	654	467	13
191.0	8593	13	14	12170	11	1822	486	12
191.0	7901	7	7	12171	7	1137	433	13
191.0	9652	18	20	12172	16	740	1947	12
191.0	9331	22	21	12173	22	1735	219	12
191.0	9149	32	27	12174	35	645	1534	14
191.0	7139	26	27	12175	23	775	1941	15
191.0	9393	21	17	12176	24	282	537	16
191.0	9881	19	17	12177	19	1444	1747	17
191.0	8795	17	19	12178	15	157	930	16
191.0	9701	21	16	12179	23	1452	1579	18
191.0	9087	21	18	12180	22	724	1708	12
191.0	7989	11	11	12181	11	542	1149	12
191.0	9285	6	8	12182	4	909	1470	12
191.0	8379	20	20	12183	19	789	437	16
191.0	9229	17	15	12184	19	1449	270	15
191.0	11660	31	32	12185	30	341	449	20
191.0	10299	10	9	12186	10	1271	1589	14
191.0	8844	31	26	12187	35	1285	508	12
191.0	10025	16	21	12188	11	1090	136	13
191.0	8859	1	2	12189	0	1529	869	15
191.0	10132	18	19	12190	17	26	363	21
191.0	8560	16	19	12191	13	802	398	13
191.0	9829	2	3	12192	1	920	318	16
191.0	8003	21	16	12193	24	383	633	12
191.0	11302	13	15	12194	11	363	997	17
191.0	7875	12	12	12195	10	1500	839	14
191.0	10651	13	13	12196	12	222	229	18
191.0	9337	7	10	12197	3	887	227	15
191.0	9564	24	26	12198	20	1425	577	15
191.0	9338	5	6	12199	4	455	866	14
191.0	7748	32	32	12200	32	1725	1131	15
191.0	8221	11	11	12201	11	1962	1156	14
191.0	7331	8	8	12202	8	1367	718	14
191.0	9454	20	19	12203	17	204	299	20
191.0	7129	20	15	12204	24	1535	181	12
191.0	7090	0	0	12205	0	1244	1378	13
191.0	10265	25	23	12206	27	753	1529	13
191.0	10872	18	20	12207	16	588	698	11
191.0	8396	13	13	12208	12	26	1095	16
191.0	9295	27	23	12209	31	26	336	18
191.0	7751	2	1	12210	3	609	1641	15
191.0	10716	28	25	12211	28	1388	202	14
191.0	9878	24	27	12212	19	1206	314	11
191.0	8653	19	17	12213	19	888	415	14
191.0	7337	14	12	12214	15	219	789	21
191.0	7933	15	13	12215	17	480	1999	13
191.0	10614	4	4	12216	2	1381	484	16
191.0	7740	8	8	12217	7	1148	415	12
191.0	9296	24	19	12218	28	340	1785	12
191.0	9834	13	12	12219	12	527	1001	13
191.0	10082	36	34	12220	38	1682	1097	14
191.0	7063	15	17	12221	13	1075	1941	13
191.0	8790	14	11	12222	16	294	807	14
191.0	10460	11	12	12223	9	541	545	11
191.0	7866	4	4	12224	2	465	1541	16
191.0	8601	15	19	12225	9	1066	1965	13
191.0	7739	26	22	12226	23	1417	695	16
191.0	8414	15	12	12227	17	218	174	17
191.0	8528	10	6	12228	13	1338	530	13
191.0	8761	35	37	12229	33	1891	450	16
191.0	9654	6	7	12230	5	153	391	14
191.0	10224	14	12	12231	16	1249	1955	14
191.0	9203	10	9	12232	11	1262	1554	15
191.0	6970	20	20	12233	18	325	155	17
191.0	7905	11	11	12234	11	827	177	15
191.0	9353	8	9	12235	6	270	1082	13
191.0	7926	4	4	12236	4	1107	1660	13
191.0	8188	6	5	12237	6	300	64	21
191.0	9319	24	25	12238	23	0	560	18
191.0	7583	22	25	12239	16	1961	1130	12
191.0	9005	18	19	12240	17	1180	418	16
191.0	10076	0	0	12241	0	1098	1462	15
192.0	8052	27	21	12242	30	1944	622	12
192.0	8882	20	20	12243	20	117	65	19
192.0	9611	12	13	12244	10	1023	230	20
192.0	8561	14	16	12245	12	782	219	12
192.0	7756	8	7	12246	9	1584	1234	16
192.0	8761	37	32	12247	42	1891	450	17
192.0	8062	25	23	12248	25	574	469	18
192.0	8407	19	21	12249	15	407	273	14
192.0	9887	15	13	12250	17	344	310	14
192.0	6870	10	12	12251	8	0	251	27
192.0	9889	7	9	12252	5	1560	1108	11
192.0	8326	10	9	12253	11	1406	1296	17
192.0	8745	4	2	12254	5	1380	1537	12
192.0	9574	19	17	12255	20	1216	267	12
192.0	7726	13	17	12256	9	576	1537	14
192.0	7039	4	1	12257	7	1077	1593	15
192.0	8018	22	21	12258	21	75	383	22
192.0	9151	24	18	12259	29	0	396	14
192.0	8934	4	1	12260	7	717	444	20
192.0	10713	22	21	12261	22	483	473	17
192.0	9264	11	13	12262	9	414	708	15
192.0	9533	8	8	12263	8	1107	1860	14
192.0	8523	30	25	12264	34	1378	1294	14
192.0	10108	19	15	12265	23	183	576	22
192.0	9944	6	6	12266	6	1150	1628	14
192.0	8593	14	15	12267	12	1822	486	13
192.0	9598	14	15	12268	12	322	947	18
192.0	9996	8	6	12269	10	325	171	18
192.0	8940	11	8	12270	11	272	227	28
192.0	9958	24	24	12271	23	27	69	15
192.0	9840	16	18	12272	13	270	617	15
192.0	7449	27	25	12273	28	1493	636	16
192.0	9176	8	9	12274	7	347	779	17
192.0	12180	22	17	12275	26	724	1728	13
192.0	9068	4	2	12276	6	421	879	12
192.0	9728	19	20	12277	18	1597	1963	16
192.0	9087	18	19	12278	16	724	1708	13
192.0	7331	8	10	12279	6	1367	718	15
192.0	8366	9	7	12280	10	1337	1999	13
192.0	9194	15	17	12281	13	1591	413	16
192.0	10447	22	23	12282	20	610	478	11
192.0	8564	22	26	12283	18	82	1373	14
192.0	11302	15	12	12284	17	363	997	18
192.0	10570	7	4	12285	9	1225	1751	14
192.0	9425	15	16	12286	12	185	233	24
192.0	9866	0	0	12287	0	398	1500	15
192.0	10249	5	3	12288	7	1208	607	13
192.0	10111	13	14	12289	11	47	147	19
192.0	7748	32	36	12290	25	1725	1131	16
192.0	9246	17	14	12291	18	1199	1665	12
192.0	6898	8	8	12292	6	225	986	14
192.0	7639	16	16	12293	15	1384	889	16
192.0	9640	13	14	12294	11	1758	1069	13
192.0	10725	29	26	12295	29	547	308	17
192.0	9178	9	7	12296	11	674	190	14
192.0	8715	15	16	12297	14	1919	1565	9
192.0	7000	20	25	12298	14	573	1455	15
192.0	8692	15	17	12299	13	13	147	21
192.0	9227	26	23	12300	29	1389	71	14
192.0	9210	30	27	12301	31	1682	518	14
192.0	7561	21	21	12302	19	51	534	14
192.0	8195	9	6	12303	11	1284	474	15
192.0	9843	18	16	12304	20	45	310	20
192.0	9926	24	18	12305	28	4	911	13
192.0	9280	16	12	12306	20	1713	678	12
192.0	10154	27	29	12307	25	1245	126	14
192.0	10368	8	7	12308	8	696	1986	17
192.0	8550	18	14	12309	20	1492	1385	12
192.0	9665	17	16	12310	18	419	1497	11
192.0	8554	16	15	12311	17	784	1668	13
192.0	7456	15	18	12312	11	727	394	15
192.0	11425	6	7	12313	5	841	1567	15
192.0	9059	19	19	12314	19	277	336	17
192.0	10022	15	16	12315	13	1442	537	14
192.0	8454	5	3	12316	6	1377	1088	14
192.0	8276	7	5	12317	8	672	1750	16
192.0	8921	9	11	12318	7	989	1666	13
192.0	8480	17	13	12319	20	1304	1649	14
192.0	8840	15	14	12320	14	1030	1726	17
192.0	8218	14	13	12321	15	1095	320	14
192.0	10054	38	29	12322	47	1310	39	16
192.0	10567	31	32	12323	28	1316	628	12
192.0	8206	13	10	12324	15	559	1002	9
192.0	6916	30	30	12325	29	354	578	13
192.0	8915	15	16	12326	13	449	303	15
192.0	6866	16	11	12327	20	637	509	13
192.0	9920	12	10	12328	14	489	947	11
192.0	8562	6	5	12329	7	439	1649	12
192.0	11072	26	22	12330	27	1328	39	16
192.0	10035	31	29	12331	31	1227	446	13
192.0	7657	13	16	12332	10	863	1655	13
192.0	10314	23	20	12333	26	1168	1620	14
192.0	10742	16	16	12334	15	453	739	11
192.0	10666	8	7	12335	9	1101	1553	11
192.0	8774	45	45	12336	41	1050	195	18
192.0	7105	20	19	12337	19	620	1747	9
192.0	8959	10	11	12338	8	1196	1795	12
192.0	9624	8	6	12339	10	696	221	12
192.0	10311	7	5	12340	9	467	412	15
192.0	11223	11	7	12341	15	1514	1753	14
192.0	7725	19	20	12342	18	1091	236	15
192.0	8991	13	6	12343	18	375	833	12
192.0	9033	34	37	12344	28	1119	111	15
192.0	9173	22	20	12345	21	1389	1757	13
192.0	8528	6	9	12346	3	1338	530	14
192.0	8980	38	32	12347	44	1505	759	15
192.0	7751	1	0	12348	2	609	1641	16
192.0	9723	26	24	12349	28	132	147	17
192.0	8760	7	9	12350	4	1292	1589	14
192.0	12123	22	19	12351	25	1565	1307	13
192.0	8726	9	7	12352	11	577	1289	10
192.0	8973	15	16	12353	14	1541	1443	17
192.0	7644	17	16	12354	16	539	1358	14
192.0	9878	27	32	12355	21	1206	314	12
192.0	7516	11	8	12356	14	1430	328	17
192.0	8468	20	24	12357	15	810	316	12
192.0	9524	13	15	12358	11	1468	1051	15
192.0	9802	8	8	12359	8	426	1067	10
192.0	8146	16	16	12360	15	422	1421	12
192.0	8835	28	17	12361	37	1547	1307	13
192.0	9046	11	13	12362	9	1068	313	13
192.0	8681	16	14	12363	17	143	604	13
192.0	7987	14	12	12364	16	1497	260	16
192.0	7957	21	21	12365	20	763	310	17
192.0	7255	7	8	12366	6	1337	1229	17
192.0	6913	3	1	12367	5	0	804	12
192.0	9891	7	7	12368	7	1434	1166	14
192.0	9166	25	22	12369	28	1578	799	15
192.0	7886	14	18	12370	8	751	0	11
192.0	9950	5	6	12371	3	386	917	11
192.0	10265	23	26	12372	19	753	1529	14
192.0	7435	14	9	12373	18	587	1124	13
193.0	10027	9	6	12374	12	1586	901	13
193.0	11283	17	21	12375	12	1549	698	19
193.0	8811	18	18	12376	18	1300	93	12
193.0	9941	17	17	12377	15	678	382	12
193.0	6961	2	2	12378	2	980	246	21
193.0	8146	16	16	12379	16	422	1421	13
193.0	9544	20	16	12380	22	799	1395	13
193.0	9657	4	5	12381	3	673	1519	15
193.0	8013	3	5	12382	0	1502	1334	12
193.0	11774	12	12	12383	11	1063	1626	15
193.0	6873	23	21	12384	23	222	330	18
193.0	10429	10	8	12385	12	414	677	15
193.0	8492	20	19	12386	19	1216	517	18
193.0	7832	17	13	12387	20	298	108	13
193.0	9797	24	25	12388	23	511	308	15
193.0	8709	6	6	12389	5	1643	1337	12
193.0	9314	7	6	12390	8	637	1286	12
193.0	10815	18	20	12391	15	1353	1715	15
193.0	6906	5	7	12392	3	339	1358	16
193.0	7072	1	2	12393	0	476	894	13
193.0	8542	5	6	12394	4	689	1183	11
193.0	7071	12	11	12395	13	1124	1683	18
193.0	7836	7	6	12396	8	978	1560	14
193.0	9996	6	4	12397	8	325	171	19
193.0	8407	21	19	12398	23	407	273	15
193.0	10068	11	7	12399	15	595	1542	12
193.0	9692	26	20	12400	32	1541	89	10
193.0	10870	29	27	12401	30	149	569	13
193.0	9154	17	19	12402	15	1328	918	15
193.0	10679	15	11	12403	18	527	1912	15
193.0	9385	26	27	12404	23	911	1803	14
193.0	10769	17	19	12405	14	732	0	11
193.0	11364	12	13	12406	11	572	529	15
193.0	10622	13	11	12407	13	807	301	15
193.0	9537	11	8	12408	13	579	1371	11
193.0	9264	13	10	12409	15	401	695	16
193.0	10209	10	8	12410	12	232	297	14
193.0	7593	23	19	12411	27	823	17	13
193.0	9118	16	13	12412	15	399	621	18
193.0	8980	32	27	12413	37	1505	759	16
193.0	9662	13	15	12414	10	202	144	16
193.0	9169	35	37	12415	26	410	592	18
193.0	9873	8	8	12416	8	375	1325	16
193.0	8928	10	10	12417	8	1229	1270	13
193.0	9802	8	8	12418	8	426	1067	11
193.0	7451	18	9	12419	27	989	462	18
193.0	10149	16	13	12420	19	872	113	13
193.0	9008	23	25	12421	18	755	1886	12
193.0	10753	5	4	12422	5	585	1802	16
193.0	10189	9	12	12423	5	1559	1479	16
193.0	10274	6	6	12424	6	265	933	20
193.0	7210	15	16	12425	13	1237	636	14
193.0	7105	19	22	12426	15	620	1747	10
193.0	8266	2	1	12427	3	790	1487	13
193.0	8576	32	36	12428	26	305	666	15
193.0	11531	33	30	12429	34	1235	309	17
193.0	8738	14	12	12430	15	567	1272	13
193.0	10873	4	5	12431	3	973	364	17
193.0	8912	17	16	12432	16	1119	205	13
193.0	7929	16	17	12433	13	617	1256	14
193.0	9912	16	15	12434	17	1718	1885	14
193.0	10156	15	18	12435	12	47	98	18
193.0	6988	6	5	12436	6	431	697	12
193.0	10300	8	12	12437	4	661	1546	14
193.0	9516	21	20	12438	22	203	475	16
193.0	7591	4	5	12439	3	223	447	13
193.0	9896	12	16	12440	7	629	664	17
193.0	7726	17	15	12441	18	576	1537	15
193.0	10012	28	36	12442	18	1547	956	12
193.0	7377	2	3	12443	0	409	848	16
193.0	10160	20	19	12444	20	1464	807	16
193.0	8925	11	12	12445	10	1212	1705	14
193.0	7782	12	13	12446	9	274	624	16
193.0	9183	20	22	12447	17	1585	1180	16
193.0	8000	10	8	12448	12	152	348	19
193.0	10112	10	9	12449	10	1557	1375	16
193.0	7700	20	18	12450	21	198	660	17
193.0	8359	21	22	12451	19	1041	1704	14
193.0	9024	16	9	12452	22	417	647	14
193.0	10774	19	18	12453	20	482	265	17
193.0	6913	1	0	12454	2	0	804	13
193.0	8824	20	18	12455	20	343	482	11
193.0	10618	24	21	12456	25	577	501	18
193.0	9598	15	17	12457	13	322	947	19
193.0	7466	6	8	12458	3	1176	1474	13
193.0	9613	0	0	12459	0	1035	378	18
193.0	9611	13	17	12460	8	1023	230	21
193.0	9260	14	15	12461	12	1955	813	12
193.0	11055	11	12	12462	7	1830	1013	13
193.0	7721	21	30	12463	12	1999	439	13
193.0	9805	22	21	12464	20	753	248	15
193.0	8118	17	16	12465	18	1796	844	15
193.0	8452	10	8	12466	12	1449	614	19
193.0	6973	26	22	12467	29	362	501	20
193.0	9624	6	4	12468	7	696	221	13
193.0	11398	7	4	12469	10	279	1166	16
193.0	10041	13	13	12470	12	599	1506	13
193.0	10431	7	6	12471	8	1425	1709	14
193.0	7683	5	5	12472	5	479	785	15
193.0	8535	17	19	12473	12	69	28	17
193.0	10880	15	9	12474	21	675	290	16
193.0	7733	26	28	12475	24	332	1153	16
193.0	10765	9	7	12476	10	744	99	13
193.0	10779	19	16	12477	20	723	222	14
193.0	11666	16	16	12478	15	1148	557	13
193.0	8913	10	12	12479	8	1366	522	13
193.0	10089	17	17	12480	16	147	736	18
193.0	6916	30	34	12481	24	354	578	14
193.0	8774	45	43	12482	44	1050	195	19
193.0	8950	23	22	12483	23	303	1013	12
193.0	7391	8	9	12484	7	11	201	21
193.0	9250	13	13	12485	12	744	1833	13
193.0	9698	39	39	12486	38	719	163	13
193.0	7922	10	12	12487	8	407	1288	11
193.0	9585	12	9	12488	14	1589	1518	14
193.0	10725	26	23	12489	28	547	308	18
193.0	8014	23	25	12490	20	1515	184	11
193.0	9241	19	19	12491	18	543	1545	15
193.0	9804	11	12	12492	10	1466	1942	14
193.0	10008	23	23	12493	21	21	15	16
194.0	7691	2	2	12494	2	1602	357	17
194.0	8811	18	18	12495	16	1300	93	13
194.0	8880	4	8	12496	0	407	1379	12
194.0	7096	12	13	12497	11	929	63	10
194.0	7986	5	6	12498	4	121	548	14
194.0	8985	3	4	12499	2	1348	1587	14
194.0	9283	9	11	12500	7	1434	1557	14
194.0	7684	28	23	12501	30	1271	385	14
194.0	6880	7	5	12502	9	851	1982	19
194.0	8343	15	14	12503	16	489	563	13
194.0	8561	16	13	12504	19	782	203	13
194.0	7212	7	6	12505	8	540	1299	14
194.0	7101	23	24	12506	19	1983	763	13
194.0	11661	2	3	12507	1	455	1359	13
194.0	7157	21	19	12508	22	109	775	12
194.0	10750	20	21	12509	17	438	568	13
194.0	9831	6	7	12510	5	597	1340	11
194.0	8439	14	13	12511	14	476	1170	14
194.0	6889	8	7	12512	9	1269	1177	16
194.0	8659	28	24	12513	31	836	291	17
194.0	11944	7	7	12514	6	1099	433	15
194.0	9183	22	18	12515	25	1585	1180	17
194.0	10499	13	16	12516	10	566	52	14
194.0	9214	20	14	12517	25	1274	1757	13
194.0	9118	13	11	12518	14	399	621	19
194.0	10765	7	6	12519	8	744	99	14
194.0	10487	25	25	12520	21	1242	405	14
194.0	7204	21	21	12521	21	1411	1139	16
194.0	7700	18	23	12522	11	198	660	18
194.0	10692	16	14	12523	17	1211	1835	14
194.0	7913	16	17	12524	14	603	1698	15
194.0	9489	12	10	12525	13	203	354	20
194.0	9462	9	8	12526	8	1144	478	17
194.0	10179	14	13	12527	15	404	1755	12
194.0	9407	8	8	12528	7	1499	1047	18
194.0	12229	33	28	12529	37	1923	482	17
194.0	10530	13	14	12530	11	840	72	12
194.0	10056	10	9	12531	11	1211	1771	15
194.0	9767	20	21	12532	17	1594	985	16
194.0	9773	23	26	12533	18	1424	108	11
194.0	7940	14	16	12534	11	1136	255	13
194.0	9438	18	17	12535	18	1241	255	12
194.0	8538	16	16	12536	14	1424	1663	15
194.0	11444	15	18	12537	12	1899	678	14
194.0	8052	21	21	12538	21	1944	622	13
194.0	8552	5	4	12539	5	1064	1663	10
194.0	7385	21	20	12540	21	1787	15	13
194.0	11000	19	20	12541	18	1756	682	14
194.0	11449	17	19	12542	15	406	549	14
194.0	10615	11	11	12543	9	1409	1100	14
194.0	7282	16	16	12544	16	1385	317	18
194.0	9017	17	21	12545	12	175	494	16
194.0	10573	3	1	12546	5	1098	1531	11
194.0	7083	3	2	12547	4	1449	1635	13
194.0	9410	18	16	12548	19	382	512	18
194.0	9030	2	2	12549	2	957	335	12
194.0	10399	5	5	12550	5	947	1680	11
194.0	7097	15	19	12551	11	464	1203	18
194.0	10610	24	23	12552	23	1036	13	15
194.0	8658	9	11	12553	6	1063	1842	16
194.0	9426	15	10	12554	16	903	1697	13
194.0	10870	27	20	12555	32	149	569	14
194.0	7855	32	33	12556	29	427	24	14
194.0	8709	6	6	12557	6	1643	1337	13
194.0	9319	25	31	12558	19	0	560	19
194.0	9517	24	25	12559	23	459	165	15
194.0	10769	19	18	12560	20	732	0	12
194.0	10240	27	33	12561	21	0	1456	16
194.0	11345	7	4	12562	8	48	233	25
194.0	9285	8	7	12563	9	909	1470	13
194.0	7832	13	12	12564	14	298	108	14
194.0	9306	11	15	12565	7	469	189	14
194.0	11019	30	29	12566	30	389	262	15
194.0	9906	10	9	12567	10	1627	1021	13
194.0	8102	26	22	12568	30	265	975	10
194.0	10319	22	25	12569	19	114	433	14
194.0	8433	8	12	12570	3	918	184	11
194.0	8084	31	33	12571	26	1999	139	16
194.0	10548	30	25	12572	32	109	730	14
194.0	10234	18	18	12573	17	921	1902	14
194.0	10429	8	7	12574	9	414	677	16
194.0	10627	28	27	12575	28	811	11	15
194.0	10815	20	24	12576	15	1353	1715	16
194.0	7270	31	27	12577	35	390	15	16
194.0	8305	11	15	12578	5	753	529	23
194.0	10570	4	3	12579	5	1225	1751	15
194.0	10053	13	11	12580	14	765	1914	14
194.0	11008	18	17	12581	16	72	730	19
194.0	7820	16	12	12582	20	947	1504	13
194.0	9045	28	26	12583	30	33	754	12
194.0	10553	17	14	12584	20	672	1379	13
194.0	11660	32	31	12585	31	341	449	21
194.0	7287	10	8	12586	11	162	1601	13
194.0	9899	3	5	12587	1	1012	313	19
194.0	10044	14	13	12588	15	1178	619	16
194.0	9403	8	6	12589	10	1008	329	14
194.0	9105	17	17	12590	16	377	947	16
194.0	9292	13	11	12591	13	740	226	13
194.0	11057	9	10	12592	8	937	281	14
194.0	9052	8	8	12593	8	1274	1269	11
194.0	9955	9	8	12594	10	1470	1712	13
194.0	8793	13	9	12595	17	64	251	26
194.0	8786	14	14	12596	14	191	48	19
194.0	7904	6	7	12597	5	1197	619	12
194.0	9566	11	13	12598	9	1488	609	18
194.0	7870	23	21	12599	22	341	949	14
194.0	8635	20	25	12600	15	1397	1597	17
194.0	11531	30	26	12601	32	1235	309	18
194.0	7074	29	25	12602	32	614	363	14
194.0	9912	15	15	12603	13	1718	1885	15
194.0	10008	23	24	12604	22	21	15	17
194.0	11033	26	25	12605	26	1385	142	13
194.0	11031	30	28	12606	31	544	26	14
194.0	8159	14	13	12607	14	403	1153	10
194.0	9573	19	20	12608	16	1418	1012	18
194.0	9291	28	24	12609	32	1889	418	15
194.0	7122	7	7	12610	7	326	501	22
194.0	7703	2	2	12611	1	819	1479	15
194.0	9928	22	25	12612	18	387	248	18
194.0	11283	21	23	12613	18	1549	698	20
194.0	9216	18	17	12614	16	937	1469	14
194.0	9265	17	21	12615	12	349	225	15
194.0	10439	11	13	12616	8	836	1636	17
194.0	9215	2	3	12617	1	337	1389	16
194.0	10088	20	18	12618	19	530	287	16
194.0	8035	14	18	12619	9	1655	1724	14
194.0	8275	12	10	12620	14	409	821	12
194.0	10259	4	4	12621	4	1229	1423	13
194.0	6953	23	30	12622	15	134	518	15
194.0	9353	9	11	12623	7	270	1082	14
194.0	11055	12	14	12624	10	1830	1013	14
194.0	7726	15	16	12625	13	576	1537	16
194.0	8723	25	25	12626	25	949	0	11
194.0	10079	9	12	12627	6	106	1042	11
194.0	8026	24	20	12628	25	1149	0	14
194.0	8236	12	11	12629	12	699	1938	17
194.0	10201	16	15	12630	16	781	253	13
194.0	10997	15	14	12631	15	1437	1887	12
195.0	10177	18	20	12632	14	1670	1512	12
195.0	11138	29	27	12633	28	1986	1503	13
195.0	8888	10	10	12634	9	1526	718	12
195.0	7942	16	8	12635	23	1166	1751	14
195.0	9380	10	14	12636	5	478	1385	10
195.0	10267	35	37	12637	33	376	464	19
195.0	9182	14	9	12638	17	813	1538	14
195.0	9149	27	28	12639	23	645	1534	15
195.0	7638	27	24	12640	29	130	1217	18
195.0	8903	15	12	12641	18	909	1420	14
195.0	8102	22	26	12642	18	265	975	11
195.0	9476	29	30	12643	26	147	51	15
195.0	8766	18	19	12644	16	1016	1680	13
195.0	10149	13	12	12645	13	872	89	14
195.0	8860	4	3	12646	5	466	754	14
195.0	9213	7	5	12647	9	992	1888	13
195.0	7109	24	24	12648	22	798	1337	14
195.0	9172	3	3	12649	3	1096	1723	11
195.0	9289	9	7	12650	10	482	1541	12
195.0	9177	14	13	12651	12	1058	1882	18
195.0	9828	8	9	12652	6	1473	946	12
195.0	8561	13	12	12653	12	782	203	14
195.0	7214	18	17	12654	18	771	1960	13
195.0	9571	6	6	12655	6	223	414	13
195.0	9993	13	15	12656	11	430	1797	13
195.0	9214	14	9	12657	18	1274	1757	14
195.0	7134	21	18	12658	24	95	115	16
195.0	7592	12	9	12659	14	676	438	19
195.0	8659	24	20	12660	26	836	291	18
195.0	9311	21	19	12661	22	373	1503	13
195.0	7334	4	6	12662	2	977	1771	15
195.0	8823	10	10	12663	10	152	982	19
195.0	10828	14	14	12664	13	1608	1011	16
195.0	10389	15	17	12665	11	1314	147	12
195.0	10544	17	15	12666	19	1463	847	15
195.0	9258	4	5	12667	3	1409	1682	15
195.0	7379	18	16	12668	19	210	706	19
195.0	8683	22	19	12669	23	1411	1169	12
195.0	8084	33	27	12670	37	1999	139	17
195.0	8099	19	12	12671	24	1688	448	14
195.0	12212	19	19	12672	19	1218	326	12
195.0	9188	0	0	12673	0	1183	1528	12
195.0	8125	2	2	12674	2	1195	1844	16
195.0	9212	33	38	12675	27	96	359	15
195.0	7646	27	27	12676	24	1839	684	17
195.0	7373	17	15	12677	19	1303	496	15
195.0	10690	18	17	12678	17	522	323	17
195.0	7831	12	13	12679	11	134	414	18
195.0	10811	15	14	12680	16	545	1039	12
195.0	9292	11	11	12681	11	740	226	14
195.0	8351	3	5	12682	1	1036	1688	10
195.0	10553	14	15	12683	13	672	1379	14
195.0	11444	18	19	12684	17	1899	678	15
195.0	10576	7	9	12685	5	282	1218	14
195.0	10719	8	9	12686	7	572	1636	12
195.0	8602	19	22	12687	16	242	409	13
195.0	9631	14	11	12688	16	1285	447	17
195.0	9827	6	4	12689	7	1079	569	16
195.0	6889	7	9	12690	5	1269	1177	17
195.0	9792	21	20	12691	22	1531	279	12
195.0	10372	14	11	12692	16	535	1642	14
195.0	7990	4	3	12693	5	1010	169	17
195.0	7123	13	14	12694	12	1540	1168	17
195.0	8211	12	8	12695	16	54	795	12
195.0	7464	21	26	12696	16	449	788	11
195.0	10111	14	13	12697	12	63	147	20
195.0	9449	22	21	12698	22	1085	404	17
195.0	9696	3	2	12699	4	386	876	14
195.0	9255	14	16	12700	12	1541	1131	16
195.0	10896	25	26	12701	20	44	1701	11
195.0	7050	20	10	12702	27	207	1000	11
195.0	9771	31	31	12703	29	527	504	13
195.0	10804	13	12	12704	14	1337	739	13
195.0	9467	8	6	12705	8	856	1528	13
195.0	9407	8	8	12706	8	1499	1047	19
195.0	6978	2	2	12707	2	1367	1486	13
195.0	9605	25	15	12708	31	47	1135	11
195.0	7554	13	15	12709	11	578	412	13
195.0	8619	17	17	12710	17	1414	1524	14
195.0	10853	31	29	12711	32	529	348	13
195.0	9437	12	8	12712	15	1464	696	15
195.0	10066	20	19	12713	19	397	1212	9
195.0	7866	4	3	12714	4	427	1541	17
195.0	10765	6	7	12715	5	744	99	15
195.0	8159	13	15	12716	10	403	1153	11
195.0	10807	5	3	12717	7	1378	1417	12
195.0	9635	22	23	12718	18	406	295	17
195.0	7059	10	12	12719	8	1932	357	15
195.0	11454	19	19	12720	18	543	447	15
195.0	9984	11	11	12721	11	89	306	23
195.0	8597	20	15	12722	24	689	41	11
195.0	10040	15	11	12723	19	1368	745	16
195.0	9048	9	7	12724	11	1677	430	15
195.0	11283	23	21	12725	23	1565	682	21
195.0	7357	22	17	12726	26	1506	486	14
195.0	9070	14	12	12727	15	1068	1751	12
195.0	11716	29	29	12728	28	1126	1766	14
195.0	12493	21	21	12729	20	35	49	17
195.0	7810	5	7	12730	3	1231	1793	14
195.0	10359	16	10	12731	22	1310	1999	14
195.0	9754	7	8	12732	5	1450	908	15
195.0	11556	30	30	12733	29	645	356	12
195.0	9270	27	22	12734	30	1938	156	11
195.0	7613	17	18	12735	15	0	858	14
195.0	8502	16	17	12736	15	778	305	15
195.0	6991	10	10	12737	9	1607	1329	15
195.0	10905	11	10	12738	12	564	1039	14
195.0	10890	18	15	12739	20	579	240	17
195.0	9310	21	21	12740	19	168	269	17
195.0	9192	4	6	12741	2	601	232	14
195.0	8879	13	11	12742	15	1567	759	13
195.0	7870	21	19	12743	22	341	949	15
195.0	9912	15	12	12744	18	1718	1885	16
195.0	8480	13	12	12745	14	1304	1649	15
195.0	7714	15	15	12746	14	684	1688	15
195.0	9053	14	16	12747	11	964	375	12
195.0	7093	20	24	12748	14	1999	1796	18
195.0	8679	7	7	12749	5	664	88	14
195.0	10302	22	30	12750	14	807	56	11
195.0	8237	22	21	12751	21	481	386	15
195.0	7323	7	8	12752	6	898	1764	18
195.0	12248	25	29	12753	21	549	469	19
195.0	8300	3	4	12754	2	1115	1573	14
195.0	7981	16	21	12755	10	1094	272	12
195.0	10702	12	11	12756	12	1154	1735	17
195.0	8279	18	21	12757	14	1612	1406	14
195.0	8890	18	17	12758	17	317	700	16
195.0	10309	9	6	12759	12	526	1575	14
195.0	9955	8	8	12760	7	1470	1712	14
195.0	6868	5	2	12761	8	637	263	16
195.0	10351	31	26	12762	34	49	489	11
195.0	9306	15	16	12763	13	469	189	15
195.0	7454	4	4	12764	4	1519	1066	12
195.0	11464	4	5	12765	3	906	223	13
195.0	7022	8	11	12766	5	129	311	19
195.0	9103	14	20	12767	8	907	282	13
195.0	10214	12	11	12768	12	1263	477	15
195.0	9850	16	21	12769	11	1446	1689	15
195.0	9118	11	10	12770	12	399	621	20
195.0	10304	7	7	12771	7	1258	1677	15
195.0	10509	14	15	12772	13	45	858	14
195.0	10501	12	11	12773	12	1402	1929	13
195.0	6906	7	9	12774	4	339	1358	17
195.0	7820	12	8	12775	16	947	1504	14
195.0	9537	8	5	12776	10	579	1371	12
195.0	8969	48	48	12777	46	1401	1337	12
195.0	7329	23	22	12778	22	800	0	15
195.0	8550	14	16	12779	12	1492	1406	13
195.0	8921	11	12	12780	9	989	1666	14
196.0	7587	2	2	12781	2	434	1956	13
196.0	10422	6	4	12782	5	1226	1701	14
196.0	10302	30	28	12783	31	807	56	12
196.0	11302	12	11	12784	13	363	997	19
196.0	10168	18	20	12785	16	1489	502	13
196.0	7795	28	25	12786	28	579	1063	14
196.0	9060	19	16	12787	21	539	390	16
196.0	9902	5	7	12788	3	1086	1660	10
196.0	10004	35	25	12789	44	365	554	21
196.0	9254	10	11	12790	9	923	1982	15
196.0	10839	41	43	12791	38	799	273	16
196.0	9882	2	2	12792	2	259	885	16
196.0	9588	15	13	12793	17	325	652	16
196.0	9756	13	11	12794	15	1588	942	12
196.0	8933	21	21	12795	21	1999	1135	14
196.0	9340	9	7	12796	10	239	629	14
196.0	8661	10	7	12797	12	333	414	13
196.0	8390	22	18	12798	25	1408	544	13
196.0	8360	25	15	12799	33	585	107	12
196.0	9960	19	20	12800	17	425	602	13
196.0	7638	24	18	12801	30	130	1217	19
196.0	11065	12	15	12802	9	1024	1965	14
196.0	8036	10	6	12803	13	93	239	26
196.0	7217	14	8	12804	17	442	1977	13
196.0	7617	9	10	12805	7	921	1653	11
196.0	10828	14	17	12806	10	1608	1011	17
196.0	9086	11	9	12807	13	1251	365	16
196.0	10043	31	33	12808	28	251	428	14
196.0	9453	11	13	12809	8	1209	474	18
196.0	8509	12	12	12810	12	1205	1585	13
196.0	7721	30	33	12811	27	1999	439	14
196.0	11951	17	13	12812	19	1178	331	15
196.0	11668	26	22	12813	29	1267	1605	14
196.0	9012	16	17	12814	13	1469	667	16
196.0	7935	23	26	12815	18	1139	1640	16
196.0	10205	19	24	12816	14	1234	278	17
196.0	8699	19	26	12817	12	1336	300	12
196.0	9894	5	6	12818	3	1471	1648	15
196.0	9880	17	17	12819	16	157	132	17
196.0	11732	15	16	12820	13	353	1045	18
196.0	7717	10	11	12821	9	441	636	14
196.0	9668	5	3	12822	7	845	1624	13
196.0	8748	0	0	12823	0	399	966	13
196.0	9152	13	15	12824	10	776	1602	13
196.0	10040	11	10	12825	12	1368	745	17
196.0	11657	25	24	12826	24	265	327	15
196.0	8023	18	16	12827	20	930	1854	12
196.0	10539	17	18	12828	15	1462	1492	14
196.0	9289	7	7	12829	6	482	1541	13
196.0	9963	6	7	12830	5	1605	526	19
196.0	8921	12	11	12831	11	989	1666	15
196.0	9948	8	4	12832	12	1065	488	15
196.0	10450	28	23	12833	32	1421	1447	12
196.0	10719	9	7	12834	11	591	1636	13
196.0	7779	11	12	12835	10	1999	1336	12
196.0	8681	14	12	12836	16	143	646	14
196.0	7059	12	15	12837	8	1932	357	16
196.0	8480	12	10	12838	13	1304	1649	16
196.0	9877	6	7	12839	5	1486	1423	14
196.0	9139	26	22	12840	29	1645	720	13
196.0	9038	14	14	12841	14	117	368	18
196.0	9454	19	15	12842	21	204	299	21
196.0	9418	20	22	12843	16	71	336	19
196.0	8659	20	21	12844	18	836	291	19
196.0	8365	8	7	12845	8	395	1031	15
196.0	6877	16	15	12846	16	239	1430	16
196.0	8559	23	23	12847	22	924	1527	15
196.0	10209	8	6	12848	10	232	297	15
196.0	9494	24	23	12849	24	1389	1349	13
196.0	9056	19	14	12850	24	1970	1368	12
196.0	9261	16	13	12851	17	970	1976	14
196.0	10231	29	28	12852	30	713	1572	8
196.0	12450	21	17	12853	25	178	681	18
196.0	9445	9	11	12854	7	1472	526	14
196.0	6870	12	12	12855	11	0	251	28
196.0	7041	10	11	12856	9	169	1215	15
196.0	10378	12	11	12857	12	1587	893	15
196.0	8602	22	30	12858	13	242	409	14
196.0	10762	16	16	12859	15	1999	473	13
196.0	8770	14	15	12860	13	1523	1088	10
196.0	10780	16	16	12861	14	271	492	17
196.0	9571	6	5	12862	7	210	427	14
196.0	10890	15	14	12863	15	579	240	18
196.0	8673	11	8	12864	13	532	1088	11
196.0	10345	16	17	12865	15	1407	908	14
196.0	11400	18	15	12866	21	1252	447	18
196.0	10427	14	10	12867	18	1437	867	13
196.0	8730	6	6	12868	6	94	399	24
196.0	7251	17	18	12869	15	1469	1029	17
196.0	10544	15	16	12870	13	1463	847	16
196.0	11889	7	10	12871	4	994	1730	17
196.0	8697	6	5	12872	7	445	1082	12
196.0	10576	9	5	12873	11	282	1218	15
196.0	7878	20	27	12874	11	1628	1267	17
196.0	7538	8	3	12875	13	1240	0	17
196.0	9813	17	13	12876	21	519	624	15
196.0	10384	20	19	12877	18	252	479	13
196.0	8502	17	13	12878	21	778	305	16
196.0	8437	24	24	12879	22	395	347	14
196.0	9360	26	29	12880	23	344	80	16
196.0	8407	19	19	12881	19	423	273	16
196.0	10037	9	9	12882	8	498	603	15
196.0	9212	38	34	12883	38	96	359	16
196.0	10059	9	9	12884	9	976	1439	11
196.0	10138	4	5	12885	3	1025	282	19
196.0	10317	14	10	12886	16	1407	1456	12
196.0	7714	15	16	12887	13	684	1688	16
196.0	10355	18	21	12888	15	31	792	15
196.0	9270	22	22	12889	21	1938	156	12
196.0	8350	13	12	12890	14	134	250	16
196.0	7840	13	18	12891	8	530	1058	13
196.0	9945	7	6	12892	8	1466	1341	14
196.0	9958	24	25	12893	23	65	0	16
196.0	7185	12	8	12894	15	1267	273	17
196.0	9541	4	3	12895	5	420	935	12
196.0	7216	13	13	12896	12	673	334	12
196.0	10515	16	15	12897	15	1743	55	15
196.0	10950	9	10	12898	8	1489	1745	14
196.0	8183	24	20	12899	28	160	449	18
196.0	11193	23	24	12900	20	1521	548	14
196.0	8050	18	20	12901	15	1069	72	16
196.0	10179	13	11	12902	15	404	1755	13
196.0	10221	6	4	12903	8	1160	1579	13
196.0	9214	9	8	12904	9	1274	1757	15
196.0	9283	11	9	12905	12	1445	1568	15
196.0	10314	20	18	12906	20	1168	1620	15
196.0	10149	12	11	12907	11	872	89	15
196.0	9132	9	8	12908	10	307	1561	12
196.0	8762	20	23	12909	17	711	1956	17
196.0	10476	14	16	12910	12	1350	719	16
196.0	11026	24	18	12911	28	1128	1592	14
196.0	9103	20	16	12912	23	907	282	14
196.0	10690	17	16	12913	17	522	303	18
196.0	8999	13	13	12914	13	498	416	11
196.0	8385	21	19	12915	21	1224	549	15
196.0	9153	8	3	12916	12	1487	1306	15
196.0	11597	16	14	12917	18	539	377	16
196.0	9671	27	31	12918	22	0	1069	14
196.0	7503	29	29	12919	28	81	471	11
196.0	9876	11	10	12920	12	539	1107	15
196.0	10414	5	7	12921	3	1130	489	14
196.0	11409	19	16	12922	21	1700	1513	19
196.0	8533	23	18	12923	28	104	275	25
196.0	10319	25	25	12924	24	102	445	15
196.0	10838	11	11	12925	11	66	417	24
197.0	9940	23	23	12926	23	1327	56	14
197.0	7447	17	13	12927	21	0	428	17
197.0	9623	12	12	12928	10	175	203	22
197.0	8714	19	18	12929	19	1474	619	15
197.0	7631	18	19	12930	16	273	297	15
197.0	10369	11	8	12931	14	1403	422	15
197.0	8730	6	7	12932	5	94	399	25
197.0	6938	39	40	12933	34	345	1245	11
197.0	9359	6	7	12934	4	1581	1337	15
197.0	9123	34	26	12935	40	42	474	12
197.0	12387	20	26	12936	14	336	108	14
197.0	11360	8	8	12937	6	323	892	11
197.0	9413	24	22	12938	25	86	45	18
197.0	11134	8	8	12939	8	911	1588	15
197.0	8596	7	6	12940	8	1018	374	19
197.0	9214	8	10	12941	6	1274	1757	16
197.0	6922	17	18	12942	15	1620	756	19
197.0	8197	17	10	12943	20	157	808	14
197.0	9652	20	20	12944	19	758	1947	13
197.0	9037	11	8	12945	14	716	315	11
197.0	9958	25	24	12946	25	65	0	17
197.0	10607	23	24	12947	21	416	374	14
197.0	6930	10	8	12948	12	809	1600	17
197.0	11889	10	9	12949	11	994	1730	18
197.0	9186	23	27	12950	18	897	1999	13
197.0	8174	28	21	12951	32	1259	309	17
197.0	7380	24	26	12952	22	1368	839	16
197.0	9628	15	14	12953	15	1154	1941	13
197.0	8390	18	20	12954	15	1408	523	14
197.0	11187	23	22	12955	23	985	35	17
197.0	10217	21	24	12956	18	1699	1999	18
197.0	12916	12	11	12957	12	1468	1306	16
197.0	7529	7	10	12958	4	1257	1675	16
197.0	7622	6	7	12959	4	0	827	12
197.0	10179	11	10	12960	12	404	1755	14
197.0	8183	20	26	12961	14	160	449	19
197.0	7473	13	11	12962	15	1265	1741	14
197.0	10131	29	33	12963	25	948	467	14
197.0	7516	8	11	12964	5	1430	328	18
197.0	9549	34	38	12965	29	123	679	12
197.0	10714	18	18	12966	18	445	1014	14
197.0	10487	25	28	12967	22	1242	405	15
197.0	9285	7	9	12968	5	909	1470	14
197.0	9905	11	14	12969	7	1189	324	11
197.0	8546	20	22	12970	17	659	299	10
197.0	8452	8	12	12971	4	1449	614	20
197.0	6962	31	32	12972	26	662	0	13
197.0	9038	14	14	12973	13	117	386	19
197.0	11707	16	11	12974	21	1472	747	19
197.0	7669	9	6	12975	12	1148	1915	13
197.0	9150	16	15	12976	17	1468	985	21
197.0	8840	14	15	12977	12	1030	1726	18
197.0	9011	2	3	12978	1	1199	1541	12
197.0	7674	12	8	12979	15	1173	1459	12
197.0	8544	32	35	12980	27	39	538	19
197.0	8480	10	10	12981	10	1304	1649	17
197.0	11231	11	7	12982	13	53	361	22
197.0	8285	25	20	12983	28	704	1549	8
197.0	8682	11	13	12984	9	1261	199	18
197.0	10263	8	11	12985	5	856	1930	16
197.0	10891	30	29	12986	31	303	589	15
197.0	9801	19	14	12987	23	858	20	12
197.0	7996	2	0	12988	4	1229	1409	13
197.0	11840	7	8	12989	6	884	262	11
197.0	9747	15	17	12990	12	1677	918	12
197.0	9443	4	2	12991	5	261	1482	17
197.0	9340	7	5	12992	9	239	629	15
197.0	8418	26	22	12993	29	714	0	11
197.0	10221	4	3	12994	5	1160	1579	14
197.0	8190	18	12	12995	24	565	1218	15
197.0	10138	5	6	12996	4	1025	282	20
197.0	9543	10	7	12997	10	519	898	13
197.0	11061	23	26	12998	19	67	77	15
197.0	10451	15	13	12999	17	1105	1980	13
197.0	8907	26	26	13000	24	235	479	14
197.0	10302	28	21	13001	34	807	56	13
197.0	10450	23	27	13002	18	1421	1447	13
197.0	7826	5	5	13003	5	1405	1404	18
197.0	9370	30	28	13004	29	386	565	19
197.0	7915	20	21	13005	19	721	1922	16
197.0	6896	14	9	13006	16	1392	53	14
197.0	8562	5	6	13007	4	439	1649	13
197.0	7577	5	1	13008	9	855	142	14
197.0	9379	11	10	13009	10	654	1585	14
197.0	8711	15	15	13010	15	1205	150	15
197.0	9416	19	17	13011	21	1613	17	17
197.0	9914	9	8	13012	10	603	1728	14
197.0	9287	9	12	13013	6	1296	1387	14
197.0	8437	24	28	13014	16	379	331	15
197.0	10153	19	19	13015	18	1170	1724	13
197.0	8482	26	25	13016	25	315	824	15
197.0	11556	30	38	13017	21	645	356	13
197.0	10516	11	8	13018	14	365	681	16
197.0	10252	1	1	13019	1	473	1437	12
197.0	9981	25	27	13020	23	131	437	18
197.0	10215	13	8	13021	18	481	1098	12
197.0	8677	12	14	13022	10	25	1885	14
197.0	9663	21	17	13023	25	1198	204	16
197.0	7290	9	7	13024	9	1798	1345	11
197.0	9149	28	28	13025	27	645	1554	16
197.0	9289	7	6	13026	8	482	1541	14
197.0	10389	17	13	13027	20	1314	147	13
197.0	9567	23	21	13028	23	422	1583	11
197.0	9040	22	20	13029	24	1086	1702	16
197.0	10738	16	14	13030	17	693	488	15
197.0	9638	7	6	13031	8	1055	1676	15
197.0	10755	7	8	13032	6	1623	1337	14
197.0	9857	19	18	13033	20	538	188	17
197.0	10780	16	11	13034	21	271	492	18
197.0	9898	7	7	13035	7	30	817	12
197.0	7315	24	20	13036	26	481	978	12
197.0	6959	12	13	13037	11	1999	1490	12
197.0	10040	10	9	13038	11	1368	745	18
197.0	8998	19	16	13039	22	1222	1966	14
197.0	10646	27	26	13040	26	1234	70	16
197.0	9727	27	29	13041	25	1493	385	15
197.0	9715	20	20	13042	17	548	249	14
197.0	10140	4	1	13043	7	449	1236	12
197.0	8606	10	10	13044	9	634	384	14
197.0	10368	7	10	13045	3	696	1986	18
197.0	7525	19	22	13046	15	1978	1030	13
197.0	7295	17	16	13047	17	1529	888	13
197.0	9103	16	16	13048	13	907	282	15
197.0	9174	31	24	13049	37	368	636	15
197.0	7251	18	16	13050	18	1469	1029	18
197.0	6994	2	3	13051	1	488	1494	12
197.0	8329	20	21	13052	17	1310	22	15
197.0	10605	13	14	13053	12	1565	1542	13
197.0	9764	11	5	13054	15	1192	47	17
197.0	7683	5	5	13055	5	479	785	16
197.0	11012	32	37	13056	26	316	616	16
197.0	9660	11	9	13057	12	215	863	18
197.0	6908	24	28	13058	20	1336	139	12
197.0	9963	7	4	13059	9	1605	526	20
197.0	9445	11	12	13060	9	1472	526	15
197.0	7293	17	19	13061	14	1399	1715	18
197.0	8551	19	20	13062	18	1395	808	18
197.0	10189	12	12	13063	12	1559	1479	17
197.0	11021	12	16	13064	7	224	193	18
198.0	8427	10	10	13065	10	1511	1008	16
198.0	8174	21	22	13066	19	1259	309	18
198.0	8418	22	23	13067	19	714	0	12
198.0	7288	21	23	13068	16	1148	1980	14
198.0	7082	11	13	13069	9	515	1591	13
198.0	11339	34	30	13070	36	1592	1004	18
198.0	7582	10	9	13071	11	1499	869	14
198.0	11165	20	22	13072	18	362	437	17
198.0	10040	9	7	13073	10	1368	745	19
198.0	8740	18	18	13074	16	165	715	18
198.0	10322	7	6	13075	7	909	1639	14
198.0	9176	9	8	13076	10	333	793	18
198.0	11206	14	17	13077	11	908	1774	17
198.0	11125	20	19	13078	20	107	416	17
198.0	7955	38	38	13079	36	1336	0	15
198.0	10369	8	10	13080	6	1403	422	16
198.0	8998	16	12	13081	20	1222	1966	15
198.0	12873	11	12	13082	9	300	1218	16
198.0	10714	18	21	13083	13	445	1014	15
198.0	10493	5	6	13084	3	638	1541	17
198.0	7346	10	13	13085	7	571	619	10
198.0	7529	10	12	13086	7	1257	1675	17
198.0	8444	16	11	13087	19	338	344	15
198.0	10716	25	28	13088	21	1388	202	15
198.0	9290	17	10	13089	23	151	672	13
198.0	9150	15	14	13090	15	1468	985	22
198.0	9614	35	31	13091	36	65	580	17
198.0	7295	16	17	13092	14	1529	888	14
198.0	9727	29	17	13093	40	1493	385	16
198.0	9628	14	9	13094	18	1154	1941	14
198.0	9618	29	24	13095	32	1180	24	13
198.0	8387	22	22	13096	22	925	86	17
198.0	10308	42	47	13097	35	1237	91	17
198.0	7996	0	0	13098	0	1229	1409	14
198.0	9019	2	0	13099	4	639	1206	11
198.0	8710	11	12	13100	9	1471	1199	15
198.0	8690	13	13	13101	11	335	697	19
198.0	8370	8	9	13102	7	316	1000	17
198.0	10512	25	17	13103	32	558	130	13
198.0	8365	7	8	13104	5	395	1031	16
198.0	7622	7	6	13105	8	0	827	13
198.0	10440	19	25	13106	13	1592	984	18
198.0	9083	9	8	13107	9	760	74	15
198.0	9884	12	12	13108	11	799	1946	16
198.0	7385	20	20	13109	18	1787	15	14
198.0	7048	13	14	13110	12	746	1856	13
198.0	10494	13	15	13111	11	1284	1642	14
198.0	11875	9	9	13112	9	1268	101	17
198.0	11556	38	38	13113	34	645	356	14
198.0	11136	15	20	13114	10	1955	1262	14
198.0	7613	18	14	13115	22	0	858	15
198.0	8843	11	12	13116	10	55	386	14
198.0	7849	8	9	13117	6	1354	464	17
198.0	8188	5	5	13118	5	300	64	22
198.0	7913	17	15	13119	19	603	1698	16
198.0	8644	20	19	13120	20	1559	1414	15
198.0	9755	22	17	13121	24	924	1860	17
198.0	9087	19	15	13122	21	724	1708	14
198.0	11077	24	27	13123	20	387	1597	13
198.0	8329	21	15	13124	26	1310	22	16
198.0	10319	25	23	13125	24	102	462	16
198.0	9766	5	5	13126	4	819	110	14
198.0	10362	25	23	13127	26	497	41	10
198.0	7134	18	14	13128	22	106	126	17
198.0	10390	25	30	13129	20	474	75	12
198.0	6959	13	10	13130	16	1999	1490	13
198.0	7494	8	10	13131	5	229	599	14
198.0	8477	8	8	13132	8	488	1583	11
198.0	11619	15	16	13133	14	1336	1477	13
198.0	9997	0	0	13134	0	1504	1653	17
198.0	10516	8	8	13135	7	365	681	17
198.0	10525	44	38	13136	49	1443	60	13
198.0	10769	18	25	13137	11	732	0	13
198.0	8626	4	3	13138	5	1343	1670	15
198.0	10108	15	15	13139	12	183	576	23
198.0	7241	24	23	13140	24	362	211	18
198.0	10091	15	19	13141	11	397	751	9
198.0	8603	4	5	13142	3	1688	722	17
198.0	7944	15	17	13143	12	1654	1119	16
198.0	11022	27	24	13144	28	1695	215	18
198.0	8350	12	15	13145	9	134	250	17
198.0	9493	14	13	13146	14	349	293	17
198.0	9914	8	6	13147	9	603	1728	15
198.0	10668	24	25	13148	22	1431	1953	14
198.0	11308	26	23	13149	28	1641	1541	16
198.0	7857	2	2	13150	2	244	554	17
198.0	8612	16	18	13151	12	881	1866	15
198.0	8730	7	7	13152	7	94	399	26
198.0	10115	12	11	13153	13	1144	229	17
198.0	10235	22	23	13154	21	1511	698	20
198.0	8506	5	7	13155	3	380	1014	11
198.0	7826	5	6	13156	4	1405	1404	19
198.0	9686	9	9	13157	9	384	1647	13
198.0	10221	3	4	13158	2	1160	1579	15
198.0	9202	23	16	13159	30	1734	484	15
198.0	10710	20	19	13160	19	129	482	14
198.0	12702	27	34	13161	19	93	987	12
198.0	8117	22	19	13162	25	624	218	12
198.0	10616	7	7	13163	7	1564	1233	14
198.0	9519	20	19	13164	21	897	1665	15
198.0	8313	14	13	13165	15	1562	29	17
198.0	10597	3	4	13166	2	385	1370	16
198.0	9428	3	4	13167	2	708	1489	16
198.0	8288	22	16	13168	26	544	0	15
198.0	9394	17	22	13169	11	1517	437	15
198.0	8880	8	10	13170	6	407	1379	13
198.0	7820	8	7	13171	8	947	1504	15
198.0	8267	41	41	13172	41	961	162	16
198.0	9548	34	27	13173	38	1376	188	14
198.0	8714	18	18	13174	18	1474	619	16
198.0	7293	19	19	13175	19	1399	1715	19
198.0	8437	28	24	13176	32	379	331	16
198.0	8340	14	15	13177	13	1695	986	16
198.0	7525	22	26	13178	18	1978	1030	14
198.0	11587	15	19	13179	10	442	1934	13
198.0	7523	14	10	13180	18	1248	1570	14
198.0	11762	14	15	13181	13	1041	1791	16
198.0	8443	11	8	13182	14	931	378	16
198.0	9363	20	20	13183	18	1585	1422	14
198.0	9619	24	22	13184	25	282	23	13
198.0	12473	12	16	13185	7	59	42	18
198.0	8125	2	2	13186	2	1195	1844	17
198.0	9227	23	24	13187	21	1389	71	15
198.0	10568	26	28	13188	22	479	47	15
198.0	11707	11	12	13189	9	1472	747	20
198.0	8482	25	29	13190	19	315	824	16
198.0	7251	16	12	13191	19	1469	1029	19
198.0	9983	11	9	13192	12	490	269	16
198.0	10650	0	0	13193	0	1476	1610	17
198.0	7537	5	5	13194	5	852	246	13
198.0	7979	12	11	13195	13	1089	1980	14
198.0	6888	7	5	13196	8	1570	514	20
198.0	10015	30	25	13197	33	1579	29	16
198.0	9915	14	15	13198	13	1614	707	14
198.0	7083	2	3	13199	1	1449	1635	14
198.0	10169	10	7	13200	12	803	348	12
198.0	7276	17	14	13201	19	1999	523	15
198.0	11912	26	24	13202	26	84	543	15
198.0	10825	6	5	13203	7	1167	1554	12
198.0	8882	20	15	13204	23	117	65	20
198.0	9956	26	25	13205	26	1505	327	18
198.0	7344	5	6	13206	4	477	1296	12
199.0	9298	34	30	13207	37	1652	163	17
199.0	11912	24	22	13208	24	84	543	16
199.0	8983	28	30	13209	25	627	1437	10
199.0	9940	23	21	13210	24	1327	56	15
199.0	9248	20	20	13211	20	297	107	20
199.0	11647	12	10	13212	14	1214	1793	15
199.0	9709	15	12	13213	16	1612	1076	14
199.0	10230	8	9	13214	7	1307	1368	14
199.0	11203	7	9	13215	5	1199	538	17
199.0	11299	4	5	13216	3	835	1468	15
199.0	7255	8	11	13217	5	1337	1229	18
199.0	9854	22	25	13218	17	397	800	13
199.0	8084	27	25	13219	26	1999	139	18
199.0	9618	24	21	13220	26	1180	24	14
199.0	9636	22	22	13221	21	1668	402	13
199.0	9311	19	20	13222	17	373	1503	14
199.0	9442	5	8	13223	2	871	246	13
199.0	7083	3	2	13224	3	1449	1635	15
199.0	10374	5	6	13225	4	529	690	20
199.0	8570	29	29	13226	28	356	464	20
199.0	7971	18	15	13227	21	125	0	17
199.0	7238	13	8	13228	17	1350	1605	16
199.0	8781	13	17	13229	7	1414	472	13
199.0	7087	7	4	13230	9	1083	1803	12
199.0	8085	17	19	13231	14	458	1915	16
199.0	8418	23	20	13232	25	714	0	13
199.0	10978	21	19	13233	22	349	19	19
199.0	9629	18	18	13234	17	606	79	14
199.0	7382	23	23	13235	23	431	406	12
199.0	7051	17	17	13236	17	293	763	17
199.0	10312	17	15	13237	18	386	658	12
199.0	9487	18	21	13238	15	210	685	19
199.0	11082	5	5	13239	4	676	1489	16
199.0	10042	31	30	13240	30	390	1713	13
199.0	9792	20	19	13241	21	1531	279	13
199.0	8612	18	12	13242	23	881	1866	16
199.0	8863	5	6	13243	4	979	1692	12
199.0	9337	10	9	13244	9	887	227	16
199.0	10831	12	14	13245	9	174	757	19
199.0	10477	0	0	13246	0	1269	1443	12
199.0	8893	16	12	13247	19	1247	1655	15
199.0	7585	42	37	13248	46	88	455	14
199.0	8877	10	9	13249	10	778	1499	13
199.0	10870	20	22	13250	17	149	569	15
199.0	9433	16	15	13251	16	1126	178	13
199.0	12138	27	25	13252	27	257	355	17
199.0	11131	14	15	13253	11	456	1047	14
199.0	11587	19	17	13254	21	442	1934	14
199.0	9427	1	0	13255	1	624	1590	15
199.0	9687	18	18	13256	14	223	556	14
199.0	7041	11	7	13257	13	169	1215	16
199.0	9621	14	10	13258	18	1748	1491	11
199.0	11377	24	20	13259	26	382	211	18
199.0	8671	22	21	13260	21	1649	1217	12
199.0	8143	2	3	13261	1	1023	251	20
199.0	9356	21	25	13262	17	348	917	12
199.0	9493	13	15	13263	10	349	293	18
199.0	8437	24	24	13264	24	379	331	17
199.0	10224	12	13	13265	11	1249	1955	15
199.0	6962	32	32	13266	32	662	0	14
199.0	9983	9	10	13267	8	490	269	17
199.0	9638	6	5	13268	6	1055	1676	16
199.0	8023	16	19	13269	13	917	1885	13
199.0	8359	22	23	13270	18	1041	1725	15
199.0	11515	33	34	13271	32	91	691	12
199.0	10266	19	25	13272	13	1441	1139	15
199.0	9179	20	18	13273	20	170	1035	11
199.0	9997	0	0	13274	0	1504	1653	18
199.0	8406	9	7	13275	11	1366	1119	13
199.0	8618	16	18	13276	13	1362	118	15
199.0	8595	11	8	13277	12	1300	1349	18
199.0	12039	16	20	13278	12	1445	435	15
199.0	12330	27	28	13279	23	1397	51	17
199.0	10243	45	34	13280	54	1812	136	12
199.0	7129	15	17	13281	13	1544	250	13
199.0	11438	10	14	13282	6	1498	952	21
199.0	12083	16	14	13283	18	1427	754	18
199.0	10917	17	11	13284	22	258	624	16
199.0	10997	14	15	13285	13	1437	1887	13
199.0	10971	16	22	13286	9	1560	1185	18
199.0	8907	26	26	13287	24	235	479	15
199.0	9481	8	7	13288	9	214	819	17
199.0	8043	25	27	13289	23	28	1019	15
199.0	6868	2	0	13290	4	637	263	17
199.0	10087	14	16	13291	12	851	1903	12
199.0	7144	7	9	13292	5	1500	1287	14
199.0	9374	38	39	13293	35	743	228	18
199.0	10181	43	46	13294	38	1003	127	14
199.0	10666	7	10	13295	4	1086	1568	12
199.0	10021	10	8	13296	12	1063	1858	15
199.0	8950	22	22	13297	21	307	1039	13
199.0	10729	20	15	13298	24	1641	1488	15
199.0	12664	13	8	13299	16	1672	1001	17
199.0	11245	20	25	13300	15	1604	970	17
199.0	11237	16	15	13301	16	1747	652	16
199.0	7438	7	9	13302	5	372	17	22
199.0	9413	22	18	13303	26	109	46	19
199.0	10640	16	18	13304	13	465	1027	13
199.0	8058	4	3	13305	5	779	1359	11
199.0	9173	20	16	13306	22	1389	1777	14
199.0	11916	17	12	13307	18	377	1626	13
199.0	9672	10	5	13308	15	287	597	16
199.0	9253	24	34	13309	14	1440	84	13
199.0	6924	24	24	13310	24	224	519	14
199.0	11564	8	11	13311	5	1671	703	17
199.0	9695	23	22	13312	22	364	1056	18
199.0	10565	21	27	13313	15	927	1733	15
199.0	9404	6	7	13314	4	574	187	15
199.0	9564	26	29	13315	22	1413	589	16
199.0	8496	5	7	13316	3	608	1379	14
199.0	7613	14	11	13317	16	0	859	16
199.0	10616	7	9	13318	4	1564	1233	15
199.0	7738	12	10	13319	13	440	568	13
199.0	7657	16	10	13320	21	863	1655	14
199.0	11059	4	2	13321	6	1044	337	20
199.0	11718	29	26	13322	30	44	872	14
199.0	11348	16	17	13323	14	1529	449	14
199.0	10279	24	22	13324	26	109	31	19
199.0	11047	17	17	13325	17	1546	798	11
199.0	10718	16	12	13326	19	414	74	17
199.0	12411	27	31	13327	23	854	48	14
199.0	8960	16	17	13328	15	1572	1267	18
199.0	10045	24	25	13329	23	1887	338	15
199.0	10123	15	8	13330	20	309	1191	14
199.0	10263	11	11	13331	11	856	1930	17
199.0	8464	13	16	13332	10	211	1502	13
199.0	7875	12	17	13333	7	1500	839	15
199.0	7730	11	12	13334	10	9	1090	12
199.0	8991	6	6	13335	6	364	812	13
199.0	9804	12	12	13336	11	1466	1942	15
199.0	10390	30	31	13337	28	474	92	13
199.0	10214	11	11	13338	10	1263	477	16
199.0	7674	8	6	13339	10	1173	1459	13
199.0	10773	16	15	13340	16	1368	799	15
199.0	8172	21	24	13341	16	1561	816	9
199.0	10102	5	3	13342	7	124	622	13
199.0	12585	31	25	13343	35	327	432	22
199.0	10848	9	10	13344	7	722	99	13
199.0	9209	25	25	13345	23	84	1485	15
199.0	11339	30	26	13346	33	1606	1018	19
199.0	10060	18	15	13347	19	709	49	10
199.0	8523	25	29	13348	19	1378	1294	15
199.0	9924	18	19	13349	17	1349	81	12
199.0	9499	24	20	13350	27	919	478	16
199.0	9784	4	5	13351	3	1642	670	19
199.0	8146	16	17	13352	15	385	1437	14
199.0	7870	19	20	13353	18	341	949	16
199.0	10287	10	10	13354	10	666	1643	14
199.0	8658	11	11	13355	10	1063	1842	17
199.0	10659	10	8	13356	11	478	1510	14
199.0	10365	21	18	13357	24	429	79	16
199.0	7082	13	12	13358	13	515	1591	14
199.0	10622	11	6	13359	14	807	301	16
199.0	10877	25	21	13360	28	502	1437	14
199.0	8921	11	12	13361	10	989	1666	16
199.0	9764	5	5	13362	5	1205	79	18
199.0	10494	15	15	13363	15	1284	1642	15
199.0	10655	17	26	13364	8	870	1587	15
199.0	11956	6	3	13365	9	1505	1459	18
199.0	9502	13	13	13366	13	744	53	12
199.0	9091	13	17	13367	8	824	142	15
199.0	9121	14	13	13368	14	1163	1684	17
200.0	9940	21	19	13369	22	1327	56	16
200.0	7449	25	21	13370	28	1514	636	17
200.0	9089	11	8	13371	13	1589	632	14
200.0	9121	13	13	13372	13	1163	1684	18
200.0	8593	15	15	13373	14	1808	340	14
200.0	10818	13	13	13374	13	348	523	18
200.0	10815	24	21	13375	25	1353	1735	17
200.0	11118	22	22	13376	21	951	1764	16
200.0	10966	4	7	13377	1	1127	1527	12
200.0	10734	27	30	13378	22	624	1794	16
200.0	10229	18	18	13379	18	1940	82	15
200.0	9006	17	13	13380	20	48	431	17
200.0	7454	4	4	13381	3	1519	1066	13
200.0	10144	15	17	13382	13	1375	430	15
200.0	11245	25	22	13383	24	1604	970	18
200.0	9216	17	14	13384	19	937	1469	15
200.0	7407	19	20	13385	17	1921	631	14
200.0	11022	24	25	13386	21	1695	215	19
200.0	7770	19	20	13387	17	1156	1846	13
200.0	8390	20	22	13388	17	1408	523	15
200.0	11764	37	27	13389	46	433	106	15
200.0	9721	10	8	13390	12	455	1139	12
200.0	12289	11	12	13391	9	48	147	20
200.0	10531	13	15	13392	11	1967	1323	11
200.0	9720	22	18	13393	25	634	1936	7
200.0	11651	5	6	13394	3	955	1680	11
200.0	9621	10	10	13395	9	1748	1491	12
200.0	10305	15	17	13396	13	1422	918	13
200.0	10748	2	3	13397	1	1348	1514	13
200.0	9826	7	7	13398	7	322	238	20
200.0	10974	3	3	13399	3	1519	596	20
200.0	9327	11	8	13400	14	959	224	10
200.0	9514	21	25	13401	17	1932	1805	17
200.0	11483	18	18	13402	16	1636	1451	13
200.0	10462	9	7	13403	11	253	1028	21
200.0	10877	21	15	13404	26	502	1437	15
200.0	8197	10	9	13405	11	157	808	15
200.0	8530	16	15	13406	17	468	334	16
200.0	7775	1	2	13407	0	575	598	12
200.0	8950	22	19	13408	23	307	1039	14
200.0	9516	20	23	13409	16	203	475	17
200.0	9926	18	20	13410	14	4	911	14
200.0	8846	1	0	13411	1	854	195	12
200.0	10296	10	10	13412	9	536	1028	12
200.0	10763	7	6	13413	7	74	173	22
200.0	10390	31	27	13414	31	474	92	14
200.0	11025	17	13	13415	21	734	1529	14
200.0	7705	17	12	13416	20	241	44	19
200.0	8546	22	24	13417	19	659	299	11
200.0	12229	28	26	13418	29	1923	482	18
200.0	7875	17	14	13419	19	1500	839	16
200.0	9253	34	32	13420	35	1440	84	14
200.0	8730	7	6	13421	8	94	399	27
200.0	10415	18	21	13422	14	395	388	11
200.0	7078	5	5	13423	5	1115	1547	17
200.0	7733	28	28	13424	27	332	1153	17
200.0	7644	16	17	13425	15	539	1358	15
200.0	9629	18	19	13426	15	606	79	15
200.0	8602	30	23	13427	35	242	409	15
200.0	9374	39	40	13428	35	743	228	19
200.0	10118	23	22	13429	22	530	417	15
200.0	8040	19	18	13430	19	200	157	18
200.0	10423	14	20	13431	8	238	180	17
200.0	11155	19	23	13432	15	948	437	14
200.0	11115	13	10	13433	16	322	1828	12
200.0	12226	23	24	13434	21	1429	682	17
200.0	10649	7	5	13435	8	1017	1759	13
200.0	10633	19	20	13436	18	1703	1031	15
200.0	12110	6	5	13437	6	1557	501	20
200.0	9469	33	37	13438	27	1578	178	12
200.0	9385	27	26	13439	26	911	1783	15
200.0	9031	21	17	13440	23	1484	78	12
200.0	11281	35	30	13441	39	1597	204	17
200.0	11587	17	15	13442	19	442	1934	15
200.0	9903	13	18	13443	8	1380	1926	13
200.0	7364	18	20	13444	15	1399	1922	17
200.0	9490	10	8	13445	10	906	379	16
200.0	10680	24	26	13446	22	533	92	16
200.0	11459	8	10	13447	6	625	240	15
200.0	10127	32	25	13448	38	1403	609	11
200.0	10666	10	7	13449	13	1086	1568	13
200.0	8781	17	17	13450	16	1414	472	14
200.0	9862	13	10	13451	16	38	974	12
200.0	10428	9	10	13452	8	345	807	11
200.0	11377	20	24	13453	15	382	211	19
200.0	9647	8	5	13454	11	738	195	13
200.0	10045	25	28	13455	19	1887	338	16
200.0	7955	38	38	13456	38	1336	0	16
200.0	8862	20	24	13457	15	655	51	13
200.0	10435	15	12	13458	17	1305	669	14
200.0	10213	21	22	13459	20	1012	1719	13
200.0	7986	6	4	13460	8	121	548	15
200.0	7969	15	17	13461	13	1498	1459	14
200.0	8802	3	1	13462	5	1324	1608	11
200.0	10154	29	28	13463	29	1245	148	15
200.0	7195	7	4	13464	9	845	1585	14
200.0	7233	25	33	13465	16	326	539	24
200.0	7329	22	21	13466	22	800	0	16
200.0	9564	29	26	13467	31	1413	572	17
200.0	8612	12	14	13468	10	881	1866	17
200.0	7063	17	16	13469	15	1075	1941	14
200.0	10321	13	11	13470	14	233	901	16
200.0	10520	18	15	13471	20	557	1898	16
200.0	10762	16	20	13472	12	1999	473	14
200.0	7069	9	6	13473	11	686	113	13
200.0	11353	15	20	13474	10	1510	1198	18
200.0	8499	20	24	13475	16	1230	1835	15
200.0	8396	13	16	13476	10	40	1095	17
200.0	7185	8	9	13477	7	1267	273	18
200.0	7940	16	15	13478	16	1136	255	14
200.0	11137	7	7	13479	7	436	878	14
200.0	8699	26	26	13480	26	1336	300	13
200.0	8460	12	15	13481	9	921	1628	15
200.0	10299	9	13	13482	5	1303	1602	15
200.0	11790	16	15	13483	17	1444	1601	17
200.0	9723	24	23	13484	21	132	147	18
200.0	10119	16	14	13485	17	1667	896	16
200.0	7810	7	7	13486	6	1257	1819	15
200.0	10871	20	13	13487	25	1217	413	18
200.0	8795	19	19	13488	18	171	944	17
200.0	10944	8	8	13489	8	436	1129	12
200.0	9854	25	24	13490	24	397	800	14
200.0	10491	28	31	13491	24	1999	636	12
200.0	7093	24	25	13492	21	1999	1796	19
200.0	9056	14	14	13493	13	1970	1368	13
200.0	10967	17	14	13494	20	1357	606	16
200.0	10578	11	12	13495	10	622	122	11
200.0	7971	15	15	13496	12	125	0	18
200.0	7147	12	15	13497	9	44	209	20
200.0	7338	21	23	13498	19	1267	1406	14
200.0	10914	25	29	13499	20	1564	1551	16
200.0	7321	25	23	13500	27	1938	102	15
200.0	8610	0	0	13501	0	948	414	11
200.0	10122	21	23	13502	17	880	1919	15
200.0	9975	33	32	13503	33	361	273	14
200.0	7317	9	8	13504	10	509	751	13
200.0	7924	0	0	13505	0	437	1444	16
200.0	11664	17	8	13506	24	933	236	13
200.0	9782	18	17	13507	17	1402	1884	13
200.0	8084	25	20	13508	29	1999	139	19
200.0	7578	9	10	13509	8	1524	1185	18
200.0	10393	26	30	13510	21	1961	446	13
200.0	10716	28	35	13511	20	1388	202	16
200.0	7954	9	9	13512	9	1178	373	14
200.0	8649	35	30	13513	37	1974	782	13
200.0	8118	16	17	13514	15	1783	921	16
201.0	8279	21	25	13515	15	1612	1406	15
201.0	7583	25	24	13516	23	1919	1227	13
201.0	11205	26	28	13517	22	455	22	14
201.0	9590	15	16	13518	13	468	524	12
201.0	8407	19	17	13519	20	423	273	17
201.0	9937	13	14	13520	12	287	153	16
201.0	10595	24	26	13521	21	599	303	13
201.0	10225	8	11	13522	4	973	338	17
201.0	9225	18	17	13523	19	625	1957	18
201.0	7972	29	29	13524	27	524	144	18
201.0	11368	8	11	13525	5	1434	1229	15
201.0	12642	18	18	13526	17	219	949	12
201.0	10125	29	31	13527	26	1259	333	16
201.0	9385	26	30	13528	19	911	1783	16
201.0	7212	6	7	13529	5	540	1299	15
201.0	8612	14	18	13530	10	881	1866	18
201.0	12161	9	7	13531	10	1569	136	17
201.0	9922	0	0	13532	0	374	1394	15
201.0	9181	10	10	13533	8	981	276	20
201.0	8815	11	8	13534	13	432	1276	14
201.0	7937	13	17	13535	8	301	358	14
201.0	6856	15	15	13536	15	321	22	17
201.0	11137	7	6	13537	7	436	878	15
201.0	8920	11	15	13538	7	1270	145	15
201.0	11283	21	20	13539	21	1565	682	22
201.0	10547	8	6	13540	9	1406	1298	16
201.0	8012	19	20	13541	18	325	369	17
201.0	11612	22	20	13542	23	1952	499	14
201.0	10499	16	17	13543	14	566	52	15
201.0	9652	20	20	13544	20	758	1947	14
201.0	10522	20	14	13545	26	1202	1679	16
201.0	10293	20	21	13546	17	1038	138	16
201.0	9464	3	2	13547	4	539	1458	14
201.0	6991	10	10	13548	10	1622	1314	16
201.0	7696	10	12	13549	5	917	403	14
201.0	9862	10	5	13550	14	38	974	13
201.0	10105	25	22	13551	27	1726	1019	12
201.0	8111	23	18	13552	28	550	1852	15
201.0	11245	22	17	13553	25	1604	970	19
201.0	10264	6	7	13554	5	1098	1646	13
201.0	10226	17	19	13555	15	1608	1508	18
201.0	8258	29	25	13556	28	642	308	12
201.0	8409	17	15	13557	17	518	1488	14
201.0	10222	9	12	13558	6	1522	1109	19
201.0	9621	10	11	13559	8	1748	1491	13
201.0	9148	9	13	13560	4	671	214	12
201.0	8959	11	8	13561	13	1196	1816	13
201.0	9543	7	8	13562	6	519	898	14
201.0	6876	26	22	13563	27	1660	0	18
201.0	10219	2	2	13564	2	596	393	13
201.0	9975	32	30	13565	34	361	273	15
201.0	12035	15	16	13566	14	1555	1294	15
201.0	10927	25	27	13567	22	1533	143	12
201.0	11874	11	11	13568	11	839	1941	18
201.0	8261	30	31	13569	28	1952	181	11
201.0	7134	14	14	13570	14	106	126	18
201.0	7449	21	20	13571	22	1514	636	18
201.0	9512	18	22	13572	14	606	282	13
201.0	11031	28	32	13573	23	544	39	15
201.0	6970	20	23	13574	15	342	138	18
201.0	9860	16	16	13575	16	479	637	14
201.0	10674	1	2	13576	0	729	369	12
201.0	10074	10	11	13577	9	238	253	26
201.0	7830	18	23	13578	13	258	393	15
201.0	8649	30	26	13579	32	1974	782	14
201.0	11809	12	12	13580	12	598	1930	17
201.0	11527	31	25	13581	35	89	891	18
201.0	9981	27	29	13582	22	131	437	19
201.0	10665	22	28	13583	15	562	1545	15
201.0	10091	19	12	13584	26	397	751	10
201.0	6937	19	16	13585	21	626	71	13
201.0	10310	32	24	13586	37	322	1287	16
201.0	10587	9	7	13587	11	1309	648	14
201.0	9423	9	6	13588	11	141	607	12
201.0	9629	19	19	13589	18	589	79	16
201.0	7273	36	27	13590	39	61	626	21
201.0	10115	11	12	13591	10	1144	229	18
201.0	8897	14	14	13592	14	518	382	18
201.0	10016	14	14	13593	14	1186	270	14
201.0	10684	12	17	13594	6	388	1875	12
201.0	11105	26	23	13595	28	775	1712	13
201.0	10397	7	8	13596	6	878	1836	18
201.0	10493	6	6	13597	6	638	1541	18
201.0	9099	20	24	13598	15	467	1414	12
201.0	10112	9	10	13599	8	1577	1375	17
201.0	9634	8	10	13600	6	1456	403	15
201.0	8039	8	5	13601	11	169	237	14
201.0	11661	3	3	13602	3	455	1359	14
201.0	11790	15	11	13603	18	1444	1601	18
201.0	9031	17	16	13604	15	1484	78	13
201.0	10141	8	6	13605	10	397	199	16
201.0	8726	7	7	13606	7	577	1289	11
201.0	10651	13	11	13607	15	222	229	19
201.0	11061	26	27	13608	25	67	77	16
201.0	10082	34	33	13609	31	1923	1093	15
201.0	10055	34	29	13610	37	1327	1339	14
201.0	10765	7	7	13611	7	744	99	16
201.0	10089	17	14	13612	19	132	721	19
201.0	9437	8	11	13613	5	1464	696	16
201.0	10038	24	24	13614	24	1217	355	12
201.0	9265	21	19	13615	22	349	225	16
201.0	10630	12	10	13616	13	686	1784	16
201.0	11382	24	32	13617	15	1377	343	14
201.0	9140	17	20	13618	14	1325	416	16
201.0	8859	2	1	13619	3	1574	837	16
201.0	11291	15	18	13620	12	754	1672	14
201.0	11278	24	26	13621	20	1999	922	16
201.0	11725	24	23	13622	25	1685	271	14
201.0	10535	29	32	13623	24	485	1670	14
201.0	9479	15	11	13624	19	1713	132	17
201.0	10520	15	14	13625	15	557	1898	17
201.0	10887	21	21	13626	20	71	368	19
201.0	9183	18	21	13627	15	1607	1180	18
201.0	7703	2	4	13628	0	819	1479	16
201.0	10054	29	31	13629	25	1291	56	17
201.0	7603	47	41	13630	49	1341	117	12
201.0	8925	12	6	13631	18	1226	1719	15
201.0	10416	13	14	13632	10	327	585	16
201.0	10476	16	14	13633	17	1388	719	17
201.0	8565	7	4	13634	10	342	758	13
201.0	11398	4	1	13635	7	242	1150	17
201.0	11074	8	9	13636	7	1553	1276	15
201.0	9776	7	6	13637	8	1265	1790	14
201.0	8552	4	1	13638	7	1064	1663	11
201.0	7733	28	26	13639	29	332	1153	18
201.0	7827	9	11	13640	7	1316	1775	14
201.0	9248	20	20	13641	19	297	107	21
201.0	11269	33	26	13642	38	208	18	14
202.0	12177	19	19	13643	17	1466	1747	18
202.0	10013	17	16	13644	17	1963	897	13
202.0	8261	31	41	13645	20	1952	181	12
202.0	9892	22	21	13646	21	435	544	21
202.0	9715	20	22	13647	16	548	249	15
202.0	10240	33	31	13648	35	0	1456	17
202.0	12048	20	21	13649	18	1238	1525	14
202.0	11145	13	12	13650	14	405	1446	14
202.0	11285	28	26	13651	28	1640	1086	16
202.0	8001	16	18	13652	13	589	1603	16
202.0	12439	3	2	13653	3	234	458	14
202.0	8323	5	3	13654	7	1614	1097	14
202.0	11012	37	33	13655	41	316	616	17
202.0	8609	21	23	13656	19	1194	1604	16
202.0	7922	12	12	13657	12	407	1288	12
202.0	9989	34	31	13658	34	1726	1256	12
202.0	11408	4	4	13659	4	400	415	12
202.0	10006	10	4	13660	14	1428	1281	13
202.0	8995	37	35	13661	38	578	40	15
202.0	9883	12	4	13662	20	139	237	15
202.0	7132	2	3	13663	1	778	1456	16
202.0	13179	10	8	13664	12	488	1950	14
202.0	8529	28	32	13665	24	1597	779	15
202.0	10112	10	12	13666	7	1577	1375	18
202.0	11532	19	18	13667	18	1752	271	17
202.0	10278	26	26	13668	26	195	390	17
202.0	8237	21	19	13669	22	481	386	16
202.0	10059	9	10	13670	7	976	1439	12
202.0	10550	1	0	13671	2	1532	1319	13
202.0	7369	18	17	13672	18	1520	78	15
202.0	10939	10	11	13673	9	1342	1723	16
202.0	7714	16	13	13674	16	684	1688	17
202.0	10564	16	15	13675	17	942	103	14
202.0	11871	37	38	13676	32	250	685	18
202.0	10099	26	32	13677	18	139	903	18
202.0	12286	12	12	13678	11	197	220	25
202.0	8500	16	18	13679	12	605	23	14
202.0	7646	27	32	13680	21	1797	574	18
202.0	7044	17	17	13681	16	1136	73	17
202.0	9758	9	9	13682	8	103	328	17
202.0	10645	24	24	13683	22	957	19	11
202.0	9857	18	14	13684	18	538	188	18
202.0	11235	35	35	13685	34	1534	769	19
202.0	9481	7	11	13686	3	214	819	18
202.0	10422	4	5	13687	3	1253	1745	15
202.0	8441	2	1	13688	3	439	1393	14
202.0	10371	10	11	13689	9	667	1947	16
202.0	8631	17	16	13690	17	735	172	13
202.0	10166	6	5	13691	7	850	218	13
202.0	8518	6	6	13692	6	1518	1431	18
202.0	11612	20	21	13693	19	1952	499	15
202.0	10334	9	8	13694	8	1285	1866	14
202.0	11893	12	10	13695	12	1291	1518	12
202.0	8505	7	9	13696	5	79	296	24
202.0	9211	20	18	13697	21	1165	170	16
202.0	8671	21	14	13698	27	1649	1217	13
202.0	9819	9	7	13699	11	1716	729	17
202.0	7276	14	13	13700	15	1999	523	16
202.0	10355	21	25	13701	17	31	792	16
202.0	7990	3	4	13702	1	1010	169	18
202.0	9749	6	7	13703	5	1584	619	18
202.0	7340	24	23	13704	23	1050	0	16
202.0	10135	12	12	13705	10	1966	1349	10
202.0	12428	26	21	13706	29	292	667	16
202.0	8111	18	22	13707	14	550	1852	16
202.0	8258	25	19	13708	30	642	308	13
202.0	9348	38	41	13709	30	555	205	16
202.0	9229	15	13	13710	14	1449	270	16
202.0	7079	30	32	13711	25	506	93	17
202.0	10651	11	7	13712	13	222	229	20
202.0	8718	16	18	13713	14	1568	1051	9
202.0	9663	17	18	13714	16	1198	204	17
202.0	9241	19	22	13715	15	543	1545	16
202.0	8559	23	26	13716	20	924	1527	16
202.0	8069	7	5	13717	9	1522	1375	17
202.0	10053	11	14	13718	8	765	1914	15
202.0	8039	5	6	13719	4	169	237	15
202.0	13228	17	24	13720	9	1378	1592	17
202.0	10328	5	4	13721	4	1105	1585	14
202.0	8473	23	20	13722	25	249	66	15
202.0	10311	5	4	13723	6	449	412	16
202.0	8099	12	12	13724	11	1688	448	15
202.0	9889	9	8	13725	10	1582	1108	12
202.0	10997	15	16	13726	13	1437	1887	14
202.0	9426	10	10	13727	9	903	1697	14
202.0	9504	18	9	13728	26	1784	991	15
202.0	11278	26	25	13729	27	1999	922	17
202.0	10494	15	17	13730	10	1284	1642	16
202.0	12568	30	40	13731	20	259	989	11
202.0	11969	11	7	13732	15	1619	1482	14
202.0	7770	20	22	13733	18	1156	1846	14
202.0	7905	11	11	13734	10	827	177	16
202.0	10911	21	17	13735	25	1501	709	13
202.0	9393	17	13	13736	20	282	537	17
202.0	9415	32	30	13737	34	60	1336	12
202.0	8438	26	23	13738	28	1001	429	14
202.0	7603	41	41	13739	37	1341	117	13
202.0	11031	32	33	13740	30	544	39	16
202.0	11272	12	16	13741	8	181	254	14
202.0	11726	8	7	13742	9	1538	1512	17
202.0	9640	14	14	13743	14	1863	880	14
202.0	10344	21	21	13744	19	293	414	16
202.0	9937	14	14	13745	14	275	141	17
202.0	11594	6	7	13746	5	126	360	18
202.0	11289	12	13	13747	11	355	708	17
202.0	11483	18	16	13748	19	1636	1451	14
202.0	11165	22	26	13749	16	362	437	18
202.0	11410	30	26	13750	33	16	1881	14
202.0	10570	3	2	13751	4	1239	1786	16
202.0	9040	20	17	13752	22	1101	1717	17
202.0	9177	13	12	13753	14	1116	1922	19
202.0	7786	8	9	13754	6	1489	1256	15
202.0	10226	19	20	13755	17	1608	1508	19
202.0	8770	15	10	13756	20	1536	1075	11
202.0	10379	15	17	13757	12	1111	285	12
202.0	8386	10	7	13758	12	487	85	15
202.0	10211	8	8	13759	8	921	1608	13
202.0	10370	33	43	13760	20	1921	256	10
202.0	11228	23	20	13761	24	229	570	18
202.0	11137	6	6	13762	6	436	878	16
202.0	7238	8	5	13763	11	1366	1605	17
202.0	11275	5	4	13764	6	557	1435	13
202.0	11014	13	16	13765	10	383	1467	13
202.0	9031	16	17	13766	14	1484	78	14
202.0	8781	17	13	13767	19	1414	472	15
202.0	8679	7	7	13768	7	664	110	15
202.0	9776	6	8	13769	4	1265	1790	15
202.0	10085	15	10	13770	20	1759	137	12
202.0	8667	6	4	13771	8	795	244	20
202.0	8568	6	9	13772	2	258	846	17
202.0	10991	12	13	13773	11	1179	1982	14
202.0	10217	24	25	13774	22	1699	1999	19
202.0	8085	19	17	13775	20	458	1915	17
202.0	12128	0	0	13776	0	254	581	17
202.0	9560	15	16	13777	13	816	1670	14
202.0	8612	18	16	13778	19	881	1866	19
202.0	10561	10	7	13779	12	483	1912	15
202.0	9863	23	18	13780	27	1494	1590	19
202.0	10638	21	19	13781	20	1489	1116	14
202.0	11509	7	8	13782	6	1607	1088	14
202.0	11048	25	24	13783	24	226	12	13
202.0	10154	28	34	13784	20	1245	148	16
202.0	8387	22	23	13785	21	925	86	18
202.0	9438	17	13	13786	21	1258	238	13
202.0	11331	12	8	13787	15	1133	357	12
202.0	7730	12	12	13788	11	9	1090	13
202.0	11965	13	16	13789	9	1308	1559	16
202.0	7262	34	31	13790	35	787	161	19
202.0	10510	28	33	13791	22	1838	567	14
202.0	10329	21	25	13792	16	38	596	18
203.0	10934	36	31	13793	37	1495	548	13
203.0	7273	27	29	13794	23	61	626	22
203.0	11657	24	21	13795	26	265	327	16
203.0	10475	18	17	13796	18	28	110	14
203.0	11249	24	24	13797	24	1159	98	13
203.0	8387	23	20	13798	24	925	86	19
203.0	7593	19	18	13799	20	845	39	14
203.0	10166	5	6	13800	3	850	218	14
203.0	9466	26	28	13801	24	1650	837	15
203.0	10700	13	10	13802	16	803	1843	14
203.0	10243	34	27	13803	35	1861	240	13
203.0	7600	3	4	13804	2	850	285	14
203.0	9616	4	4	13805	3	1316	1632	15
203.0	10962	23	23	13806	22	1341	1977	13
203.0	11036	17	21	13807	13	413	484	15
203.0	9208	19	15	13808	22	1921	696	15
203.0	11007	24	21	13809	26	33	1060	15
203.0	12135	7	6	13810	8	1356	1678	16
203.0	7714	13	11	13811	13	684	1688	18
203.0	8544	35	32	13812	38	39	538	20
203.0	9748	25	31	13813	18	1580	786	10
203.0	8847	33	35	13814	30	995	63	16
203.0	11578	30	31	13815	27	366	1674	15
203.0	10194	30	38	13816	19	1744	1922	15
203.0	9504	9	9	13817	9	1784	991	16
203.0	11597	14	19	13818	9	539	360	17
203.0	9469	37	42	13819	29	1578	178	13
203.0	9666	5	4	13820	5	515	1245	12
203.0	8099	12	12	13821	12	1688	448	16
203.0	11388	11	9	13822	12	49	838	12
203.0	11407	10	11	13823	8	392	1348	16
203.0	9962	27	29	13824	25	448	283	13
203.0	8960	17	15	13825	18	1572	1267	19
203.0	10008	24	30	13826	18	21	15	18
203.0	7282	16	20	13827	12	1385	240	19
203.0	11545	13	14	13828	11	1109	1882	17
203.0	10112	12	12	13829	10	1577	1375	19
203.0	9946	21	21	13830	18	1153	359	15
203.0	10501	11	9	13831	12	1409	1946	14
203.0	8473	20	19	13832	21	249	66	16
203.0	12827	20	18	13833	22	949	1874	13
203.0	8631	16	15	13834	17	735	172	14
203.0	11964	10	11	13835	9	721	1882	16
203.0	10864	25	19	13836	30	368	48	18
203.0	10839	43	43	13837	41	799	273	17
203.0	8668	5	4	13838	6	947	232	15
203.0	9671	31	29	13839	28	0	1069	15
203.0	9286	18	11	13840	24	168	26	16
203.0	8824	18	18	13841	18	330	469	12
203.0	10032	11	9	13842	12	751	1644	13
203.0	12327	20	22	13843	17	621	509	14
203.0	11014	16	12	13844	17	383	1467	14
203.0	10756	19	20	13845	18	627	153	12
203.0	9636	22	23	13846	21	1668	402	14
203.0	11453	22	24	13847	18	192	13	17
203.0	9533	8	11	13848	5	1107	1860	15
203.0	11409	16	18	13849	14	1789	1507	20
203.0	11632	1	1	13850	1	642	1634	15
203.0	13751	4	5	13851	3	1239	1804	17
203.0	11936	20	27	13852	12	295	510	15
203.0	10052	17	16	13853	17	741	1922	15
203.0	11503	18	18	13854	17	307	621	16
203.0	10759	14	15	13855	13	432	1195	15
203.0	11235	35	34	13856	33	1534	769	20
203.0	8012	20	21	13857	17	325	369	18
203.0	7770	22	21	13858	23	1156	1846	15
203.0	9665	16	10	13859	21	405	1511	12
203.0	7139	27	26	13860	25	775	1941	16
203.0	11799	20	19	13861	20	1220	356	16
203.0	8950	19	20	13862	17	307	1039	15
203.0	10652	13	11	13863	15	1640	868	14
203.0	12160	17	16	13864	17	642	102	13
203.0	11912	22	25	13865	18	84	543	17
203.0	9619	22	22	13866	21	264	23	14
203.0	8561	12	14	13867	9	782	203	15
203.0	7217	8	6	13868	10	442	1977	14
203.0	8035	18	14	13869	22	1873	1531	15
203.0	7270	27	25	13870	27	390	15	17
203.0	11066	19	18	13871	19	320	1412	12
203.0	9663	18	21	13872	15	1198	204	18
203.0	10677	14	12	13873	15	399	1686	12
203.0	9986	36	35	13874	35	771	137	18
203.0	8360	15	18	13875	12	585	107	13
203.0	9413	18	18	13876	17	109	46	20
203.0	11575	4	0	13877	8	717	1618	13
203.0	10884	1	2	13878	0	270	918	19
203.0	11500	19	23	13879	14	439	470	16
203.0	12387	26	29	13880	21	336	108	15
203.0	7050	10	10	13881	10	187	1000	12
203.0	7614	14	15	13882	12	488	1335	12
203.0	9675	10	5	13883	15	754	348	14
203.0	8452	12	13	13884	9	1449	614	21
203.0	9002	5	6	13885	3	1042	1489	13
203.0	10836	20	22	13886	18	1367	1781	15
203.0	11487	10	8	13887	10	1369	501	16
203.0	9075	5	2	13888	7	445	906	13
203.0	8053	13	15	13889	11	1054	93	13
203.0	11942	23	21	13890	25	1542	1413	17
203.0	10607	24	26	13891	22	416	374	15
203.0	12129	4	2	13892	6	1317	1662	16
203.0	10321	11	13	13893	9	233	901	17
203.0	8050	20	15	13894	24	1069	72	17
203.0	7525	26	20	13895	30	1978	1030	15
203.0	9283	9	10	13896	7	1463	1568	16
203.0	11476	10	13	13897	7	1178	499	19
203.0	11490	22	24	13898	19	1628	1443	14
203.0	7000	25	15	13899	30	544	1484	16
203.0	10291	19	17	13900	20	498	65	16
203.0	9698	39	37	13901	39	708	152	14
203.0	8043	27	21	13902	31	28	1019	16
203.0	9175	11	12	13903	9	1536	414	18
203.0	10286	16	16	13904	15	1375	28	14
203.0	10542	18	14	13905	22	443	1175	12
203.0	10578	12	12	13906	12	622	103	12
203.0	10221	4	5	13907	3	1160	1579	16
203.0	11065	15	15	13908	15	1024	1965	15
203.0	7944	17	16	13909	18	1654	1119	17
203.0	10817	11	9	13910	13	507	342	18
203.0	10634	20	22	13911	17	572	1949	15
203.0	11136	20	16	13912	23	1955	1262	15
203.0	9862	5	4	13913	6	38	974	14
203.0	12115	1	1	13914	1	637	1487	19
203.0	11551	10	11	13915	9	1027	1672	15
203.0	7318	6	5	13916	7	284	872	14
203.0	10724	7	6	13917	7	348	1459	15
203.0	13120	20	19	13918	21	1592	1421	16
203.0	9642	17	13	13919	21	1511	58	14
203.0	11481	7	7	13920	7	314	512	21
203.0	7263	16	19	13921	13	372	392	13
203.0	8066	14	8	13922	20	474	165	12
203.0	8085	17	15	13923	19	458	1915	18
203.0	9005	19	15	13924	21	1180	418	17
203.0	12201	11	13	13925	9	1952	1165	15
203.0	8690	13	11	13926	15	319	697	20
203.0	9618	21	16	13927	24	1180	24	15
203.0	8329	15	17	13928	13	1298	34	17
204.0	7898	16	20	13929	11	1181	98	12
204.0	11602	8	10	13930	5	699	1470	13
204.0	11320	21	24	13931	18	1529	939	20
204.0	10037	9	9	13932	7	498	603	16
204.0	12038	23	22	13933	21	718	1414	13
204.0	10454	10	10	13934	10	1367	403	16
204.0	11179	4	3	13935	4	471	428	15
204.0	11885	29	32	13936	22	620	297	19
204.0	10271	14	13	13937	14	954	184	12
204.0	9755	17	16	13938	16	924	1822	18
204.0	11270	15	15	13939	14	1462	1288	14
204.0	9991	8	11	13940	5	964	158	11
204.0	8469	6	8	13941	4	1310	1756	17
204.0	9585	9	10	13942	8	1602	1531	15
204.0	6908	28	26	13943	26	1372	153	13
204.0	12069	12	16	13944	6	1131	1937	15
204.0	10352	14	14	13945	14	1259	1690	14
204.0	7766	22	15	13946	28	1369	1509	13
204.0	10668	25	21	13947	28	1431	1953	15
204.0	6856	15	16	13948	13	321	22	18
204.0	9424	9	10	13949	8	1429	1496	14
204.0	9980	3	5	13950	0	489	1251	12
204.0	11762	15	15	13951	15	1041	1833	17
204.0	11571	0	0	13952	0	1527	1643	17
204.0	10487	28	22	13953	34	1262	405	16
204.0	7621	10	13	13954	7	1045	1965	14
204.0	10473	24	31	13955	14	396	520	20
204.0	9508	44	49	13956	38	70	747	20
204.0	12422	5	6	13957	3	571	1831	17
204.0	6888	5	3	13958	7	1570	514	21
204.0	7952	11	11	13959	11	591	359	14
204.0	9993	15	16	13960	13	430	1797	14
204.0	12135	6	7	13961	5	1356	1678	17
204.0	10583	19	22	13962	16	659	1599	14
204.0	10112	12	11	13963	13	1577	1375	20
204.0	10645	24	19	13964	29	957	19	12
204.0	11066	18	23	13965	13	320	1412	13
204.0	8631	15	16	13966	12	710	175	15
204.0	9298	30	34	13967	26	1652	163	18
204.0	10800	18	13	13968	22	447	998	15
204.0	10308	47	44	13969	50	1237	91	18
204.0	11002	9	9	13970	9	199	936	19
204.0	10920	11	8	13971	14	1236	35	17
204.0	11677	24	25	13972	23	1452	778	13
204.0	9181	10	11	13973	9	981	276	21
204.0	7684	23	21	13974	25	1291	385	15
204.0	7651	1	2	13975	0	1538	577	21
204.0	6953	30	26	13976	34	134	535	16
204.0	9820	27	30	13977	24	168	917	12
204.0	9091	17	15	13978	19	824	142	16
204.0	12524	14	11	13979	16	640	1719	16
204.0	9833	16	12	13980	20	520	1935	9
204.0	9086	9	12	13981	6	1287	365	17
204.0	11604	15	15	13982	15	1150	1667	16
204.0	6892	5	3	13983	6	153	423	14
204.0	9882	2	2	13984	2	238	885	17
204.0	7587	2	1	13985	3	434	1956	14
204.0	9152	15	16	13986	14	776	1602	14
204.0	7933	13	12	13987	13	474	1999	14
204.0	10428	10	5	13988	14	345	807	12
204.0	11964	11	12	13989	9	721	1836	17
204.0	10856	31	34	13990	26	406	307	16
204.0	11903	13	15	13991	11	372	847	12
204.0	7030	19	16	13992	21	1536	1604	19
204.0	11687	8	8	13993	7	228	973	21
204.0	11018	9	6	13994	12	1366	1664	16
204.0	8477	8	7	13995	9	488	1583	12
204.0	11790	11	9	13996	13	1444	1601	19
204.0	11870	7	7	13997	7	1483	1925	14
204.0	10568	28	30	13998	26	510	11	16
204.0	8950	20	18	13999	22	307	1039	16
204.0	12527	15	19	14000	10	438	1750	13
204.0	12445	10	6	14001	13	1164	1723	15
204.0	11930	16	14	14002	18	1814	1944	16
204.0	7893	5	4	14003	6	179	976	19
204.0	9946	21	16	14004	25	1153	359	16
204.0	10292	17	17	14005	17	1469	962	17
204.0	7017	16	17	14006	15	1928	866	14
204.0	11055	14	15	14007	11	1830	1013	15
204.0	10257	14	11	14008	15	1409	355	16
204.0	11942	21	15	14009	27	1542	1413	18
204.0	11281	30	31	14010	27	1597	204	18
204.0	8725	7	4	14011	9	865	141	13
204.0	9452	2	2	14012	2	1046	240	20
204.0	11125	19	16	14013	21	107	416	18
204.0	7263	19	17	14014	19	372	392	14
204.0	8836	18	16	14015	19	1024	56	16
204.0	10135	12	13	14016	10	1966	1349	11
204.0	9871	19	20	14017	17	341	649	15
204.0	8719	8	7	14018	9	1315	1680	15
204.0	9385	30	37	14019	20	911	1783	17
204.0	9806	9	10	14020	7	240	319	20
204.0	10335	10	10	14021	9	1570	1288	14
204.0	12267	12	10	14022	14	1869	553	14
204.0	8417	6	4	14023	8	503	1464	14
204.0	9506	2	2	14024	2	539	1188	13
204.0	7830	23	17	14025	28	258	393	16
204.0	8211	8	5	14026	11	74	776	13
204.0	10450	27	18	14027	35	1421	1447	14
204.0	10839	43	38	14028	45	799	273	18
204.0	7323	8	13	14029	3	820	1796	19
204.0	7669	6	7	14030	5	1148	1915	14
204.0	8452	13	14	14031	12	1449	614	22
204.0	9076	13	17	14032	9	823	1419	13
204.0	11469	5	7	14033	3	329	1202	15
204.0	9764	5	5	14034	5	1206	104	19
204.0	11143	21	23	14035	17	1466	648	13
204.0	10481	19	23	14036	14	702	1761	14
204.0	11464	5	4	14037	6	906	197	14
204.0	11260	15	20	14038	9	1447	1420	13
204.0	11049	25	20	14039	29	1853	199	15
204.0	11044	26	26	14040	25	48	996	12
204.0	7748	36	41	14041	29	1725	1131	17
204.0	9748	31	36	14042	24	1580	786	11
204.0	11951	13	9	14043	16	1191	318	16
204.0	7379	16	13	14044	17	210	706	20
204.0	8050	15	14	14045	15	1069	72	18
204.0	10542	14	17	14046	8	401	1175	13
204.0	10784	31	29	14047	32	1326	186	12
204.0	8648	16	21	14048	11	1692	792	13
204.0	11809	12	10	14049	14	598	1953	18
204.0	8081	6	6	14050	5	416	998	12
204.0	10216	6	7	14051	5	79	1664	12
204.0	8099	12	12	14052	11	1688	448	17
204.0	9924	19	11	14053	27	1349	81	13
204.0	7270	25	22	14054	28	390	15	18
204.0	11912	25	29	14055	21	84	543	18
204.0	11799	19	13	14056	25	1220	356	17
204.0	13474	10	12	14057	8	1511	1199	19
204.0	9478	13	14	14058	12	977	1643	11
204.0	10646	26	30	14059	22	1234	70	17
204.0	11873	21	29	14060	11	1756	1580	18
204.0	12840	29	27	14061	29	1664	611	14
204.0	12204	24	24	14062	23	1631	357	13
204.0	8967	5	8	14063	2	189	1567	17
204.0	8066	8	11	14064	5	474	165	13
204.0	11007	21	21	14065	20	49	1060	16
204.0	8601	19	22	14066	15	1066	1965	14
204.0	11065	15	16	14067	14	1024	1965	16
204.0	8797	5	5	14068	5	673	1721	16
204.0	9829	3	4	14069	2	920	318	17
204.0	10537	15	11	14070	18	1545	923	15
204.0	12249	15	12	14071	16	468	242	15
204.0	9637	20	22	14072	17	973	409	15
204.0	12757	14	12	14073	15	1628	1422	15
204.0	11136	16	18	14074	13	1955	1262	16
204.0	7756	7	8	14075	6	1612	1234	17
204.0	10840	20	30	14076	10	1399	1225	11
204.0	13523	19	16	14077	21	611	1966	19
204.0	7584	5	6	14078	3	1469	1692	15
204.0	9265	19	21	14079	16	349	225	17
204.0	8762	23	17	14080	29	684	1967	18
204.0	11597	19	23	14081	12	539	360	18
204.0	7392	16	19	14082	11	453	1484	12
204.0	10293	21	20	14083	21	1038	138	17
204.0	11954	8	7	14084	9	809	1620	17
204.0	10623	21	18	14085	22	326	399	13
204.0	11294	16	17	14086	14	1843	1724	11
204.0	9175	12	12	14087	11	1536	414	19
204.0	9030	2	1	14088	3	957	319	13
204.0	13157	9	9	14089	7	396	1659	14
204.0	7622	6	8	14090	4	0	827	14
204.0	11311	23	19	14091	25	1129	380	17
205.0	11675	24	29	14092	18	182	323	16
205.0	9481	11	12	14093	10	214	819	19
205.0	10867	14	15	14094	13	1745	835	13
205.0	11780	10	11	14095	9	1472	353	15
205.0	8568	9	14	14096	4	258	846	18
205.0	10437	23	24	14097	22	157	846	13
205.0	9548	27	27	14098	25	1376	188	15
205.0	12450	17	13	14099	21	178	681	19
205.0	11325	10	9	14100	10	311	257	19
205.0	11693	5	5	14101	5	1398	1519	13
205.0	10307	4	3	14102	5	1164	1806	15
205.0	11072	22	23	14103	20	1328	39	17
205.0	9755	16	16	14104	15	878	1822	19
205.0	7101	24	27	14105	21	1983	763	14
205.0	11009	21	18	14106	21	1585	1419	13
205.0	11572	19	10	14107	25	347	1021	13
205.0	10673	40	33	14108	42	1366	255	11
205.0	11297	35	37	14109	32	1662	1283	17
205.0	11527	25	25	14110	24	102	904	19
205.0	8138	0	0	14111	0	1339	1460	13
205.0	9123	26	27	14112	25	42	474	13
205.0	11531	26	27	14113	25	1248	296	19
205.0	10537	11	12	14114	10	1545	923	16
205.0	9506	2	2	14115	2	539	1188	14
205.0	9785	20	22	14116	18	1784	1878	17
205.0	13956	38	44	14117	30	91	747	21
205.0	10271	13	10	14118	15	954	184	13
205.0	9722	7	7	14119	6	505	1507	11
205.0	11337	2	0	14120	4	1406	1693	15
205.0	11678	17	12	14121	22	642	1437	10
205.0	11104	10	10	14122	9	364	1257	13
205.0	12532	17	13	14123	20	1636	985	17
205.0	12745	14	15	14124	13	1299	1726	16
205.0	10682	24	24	14125	22	506	123	11
205.0	9152	16	17	14126	15	776	1602	15
205.0	11621	18	22	14127	13	649	137	14
205.0	8381	6	7	14128	4	577	434	19
205.0	11654	22	15	14129	28	518	162	17
205.0	11057	10	11	14130	8	937	300	15
205.0	10936	16	17	14131	14	557	261	13
205.0	10466	3	4	14132	2	74	820	11
205.0	10945	6	7	14133	5	501	1229	16
205.0	7654	6	5	14134	7	676	1458	13
205.0	10605	14	17	14135	11	1640	1569	14
205.0	10234	18	21	14136	15	921	1940	15
205.0	11636	15	20	14137	9	824	1589	17
205.0	9773	26	30	14138	21	1424	108	12
205.0	10851	9	4	14139	14	1347	1446	14
205.0	10628	41	33	14140	45	1300	259	16
205.0	12826	24	19	14141	29	251	328	16
205.0	10737	17	17	14142	17	1534	1576	16
205.0	12179	23	23	14143	19	1500	1603	19
205.0	11237	15	14	14144	15	1747	652	17
205.0	12873	12	10	14145	14	253	1252	17
205.0	8592	17	19	14146	15	1201	1902	12
205.0	11552	11	12	14147	10	260	794	17
205.0	11324	8	6	14148	9	566	1665	15
205.0	11007	21	20	14149	21	49	1060	17
205.0	9086	12	11	14150	11	1287	365	18
205.0	10921	20	23	14151	17	52	507	13
205.0	10970	12	11	14152	13	436	1484	11
205.0	8199	8	10	14153	6	1097	1836	16
205.0	10350	37	35	14154	37	78	583	12
205.0	8813	12	11	14155	13	325	295	18
205.0	10200	10	11	14156	9	728	1398	14
205.0	11033	25	23	14157	25	1407	142	14
205.0	11795	15	12	14158	18	605	153	13
205.0	7779	12	9	14159	15	1999	1336	13
205.0	9598	17	13	14160	21	296	951	20
205.0	11589	23	25	14161	20	279	1498	15
205.0	10856	34	34	14162	30	406	307	17
205.0	8681	12	12	14163	12	143	646	15
205.0	10812	18	14	14164	22	238	647	17
205.0	10000	16	16	14165	16	313	1490	12
205.0	11395	13	7	14166	18	686	1950	17
205.0	9720	18	18	14167	17	618	1884	8
205.0	10878	20	23	14168	17	1215	1925	14
205.0	9826	7	5	14169	8	322	238	21
205.0	11385	35	33	14170	35	1638	1069	13
205.0	8985	4	3	14171	5	1364	1587	15
205.0	8033	11	12	14172	9	1395	1856	15
205.0	10995	28	24	14173	30	1648	255	15
205.0	9070	12	12	14174	12	1051	1793	13
205.0	12197	3	4	14175	2	886	226	16
205.0	7926	4	2	14176	6	1107	1700	14
205.0	10375	2	1	14177	3	345	1421	12
205.0	11399	14	13	14178	13	1864	505	15
205.0	7263	17	11	14179	23	372	392	15
205.0	11115	10	9	14180	9	322	1828	13
205.0	11132	5	7	14181	3	945	69	10
205.0	9833	12	11	14182	13	520	1935	10
205.0	9847	8	9	14183	7	494	839	11
205.0	12342	18	13	14184	23	1073	215	16
205.0	10993	16	14	14185	18	21	129	19
205.0	11006	22	19	14186	21	1246	374	15
205.0	7157	19	18	14187	18	129	888	13
205.0	11065	16	14	14188	18	1024	1965	17
205.0	11483	16	9	14189	21	1636	1468	15
205.0	13802	16	16	14190	13	803	1860	15
205.0	9306	16	14	14191	18	469	207	16
205.0	7622	8	9	14192	7	0	827	15
205.0	11952	9	10	14193	7	854	1881	16
205.0	12846	16	17	14194	15	285	1455	17
205.0	10802	6	5	14195	7	567	1237	13
205.0	13075	7	6	14196	8	923	1653	15
205.0	8602	23	18	14197	28	242	409	16
205.0	10386	23	22	14198	22	1836	36	10
205.0	8102	26	30	14199	22	78	1038	12
205.0	11044	26	31	14200	20	48	996	13
205.0	11964	12	16	14201	8	721	1836	18
205.0	9549	38	41	14202	34	104	679	13
205.0	7631	19	17	14203	20	273	297	16
205.0	12008	11	14	14204	8	1729	742	20
205.0	10771	13	14	14205	11	1026	1869	16
205.0	12038	22	16	14206	27	718	1414	14
205.0	9946	16	16	14207	15	1153	359	17
205.0	9501	23	25	14208	21	1260	0	14
205.0	8409	15	11	14209	16	488	1518	15
205.0	9894	6	4	14210	7	1471	1648	16
205.0	11321	10	11	14211	8	1757	547	19
205.0	12057	34	33	14212	33	1335	359	16
205.0	8761	32	40	14213	22	1782	407	18
205.0	9083	8	7	14214	8	760	74	16
205.0	9748	36	40	14215	30	1580	786	12
205.0	12177	19	21	14216	17	1466	1747	19
205.0	7782	13	15	14217	10	273	655	17
205.0	9972	19	21	14218	17	0	1437	12
205.0	11112	24	24	14219	24	567	1494	14
205.0	12061	6	2	14220	9	1506	169	16
206.0	8493	18	19	14221	17	440	188	18
206.0	9715	22	20	14222	21	531	249	16
206.0	10734	30	25	14223	33	624	1794	17
206.0	12735	15	18	14224	11	30	858	15
206.0	12363	17	19	14225	15	95	654	14
206.0	7886	18	14	14226	22	765	14	12
206.0	13483	17	19	14227	14	1476	1601	18
206.0	10952	10	8	14228	12	525	539	12
206.0	11718	26	28	14229	22	59	887	15
206.0	7101	27	30	14230	23	1983	763	15
206.0	10121	19	19	14231	19	1981	0	14
206.0	7449	20	20	14232	20	1514	636	19
206.0	11057	11	6	14233	15	937	300	16
206.0	11210	8	8	14234	8	956	1837	15
206.0	9445	12	6	14235	16	1472	526	16
206.0	12846	17	15	14236	19	285	1455	18
206.0	12580	14	13	14237	12	777	1901	15
206.0	7866	3	4	14238	2	408	1541	18
206.0	7767	11	8	14239	14	379	74	18
206.0	9833	11	8	14240	13	520	1935	11
206.0	12633	28	28	14241	27	1967	1503	14
206.0	12571	26	27	14242	24	1957	163	17
206.0	10678	10	12	14243	8	1097	332	12
206.0	9306	14	13	14244	14	469	207	17
206.0	10307	3	2	14245	4	1164	1806	16
206.0	13802	16	15	14246	17	783	1844	16
206.0	12369	28	28	14247	25	1595	719	16
206.0	11138	27	22	14248	31	1977	1512	14
206.0	7407	20	22	14249	17	1921	631	15
206.0	10075	11	17	14250	4	1070	359	12
206.0	12873	10	7	14251	12	253	1252	18
206.0	8026	20	13	14252	24	1149	0	15
206.0	10890	14	12	14253	14	579	240	19
206.0	12379	16	15	14254	16	308	1449	14
206.0	11333	26	26	14255	26	332	575	24
206.0	9991	11	12	14256	10	964	158	12
206.0	9629	19	23	14257	15	589	79	17
206.0	12014	13	14	14258	12	574	1582	16
206.0	12153	0	0	14259	0	303	908	14
206.0	9501	25	27	14260	22	1260	0	15
206.0	11376	12	12	14261	11	15	528	18
206.0	11751	29	28	14262	30	1224	1638	16
206.0	11322	26	27	14263	23	424	169	16
206.0	9916	6	5	14264	7	828	1551	15
206.0	11086	17	15	14265	17	1511	1158	16
206.0	9748	40	40	14266	39	1580	786	13
206.0	9633	2	3	14267	1	1318	1406	12
206.0	13051	1	0	14268	2	467	1499	13
206.0	7093	25	19	14269	28	1999	1796	20
206.0	11335	17	14	14270	20	1139	1702	17
206.0	9631	11	11	14271	10	1303	316	18
206.0	10340	17	12	14272	21	1179	1779	13
206.0	8798	13	10	14273	16	599	171	13
206.0	10769	25	24	14274	24	732	0	14
206.0	9645	15	15	14275	15	1198	171	11
206.0	9327	8	11	14276	5	959	224	11
206.0	8036	6	5	14277	7	93	239	27
206.0	12280	10	11	14278	8	1301	1915	14
206.0	12114	20	27	14279	12	279	272	15
206.0	10045	28	22	14280	33	1887	338	17
206.0	11667	3	2	14281	4	1108	1499	13
206.0	11535	6	7	14282	4	769	456	20
206.0	10514	3	2	14283	3	842	165	13
206.0	9877	7	5	14284	8	1486	1423	15
206.0	11562	7	6	14285	8	438	507	14
206.0	10719	7	7	14286	7	591	1636	14
206.0	9574	17	18	14287	16	1215	234	13
206.0	8790	11	9	14288	13	276	807	15
206.0	11339	26	29	14289	21	1606	1018	20
206.0	10108	15	15	14290	14	183	576	24
206.0	9878	32	36	14291	26	1219	282	13
206.0	11660	31	31	14292	30	341	449	22
206.0	10034	27	30	14293	22	72	1009	14
206.0	11585	33	37	14294	29	0	1617	16
206.0	8770	10	4	14295	15	1536	1075	12
206.0	10099	32	27	14296	35	139	903	19
206.0	8727	20	21	14297	19	1332	241	13
206.0	12617	1	1	14298	0	321	1389	17
206.0	9105	17	16	14299	17	377	947	17
206.0	13393	25	22	14300	26	618	1862	8
206.0	10291	17	18	14301	16	498	65	17
206.0	10577	22	16	14302	27	1157	244	12
206.0	11110	18	17	14303	17	589	619	9
206.0	10592	5	3	14304	6	739	1469	12
206.0	11111	6	6	14305	6	519	1427	14
206.0	10892	39	38	14306	39	572	139	12
206.0	10144	17	11	14307	23	1375	448	16
206.0	9260	15	14	14308	15	1961	743	13
206.0	12237	6	7	14309	5	302	44	22
206.0	9063	7	5	14310	9	231	826	17
206.0	7621	13	13	14311	12	1045	1965	15
206.0	7328	13	15	14312	11	327	600	16
206.0	7185	9	10	14313	8	1267	273	19
206.0	10668	21	23	14314	19	1431	1953	16
206.0	7897	25	26	14315	22	1125	53	17
206.0	10911	17	17	14316	16	1516	694	14
206.0	13912	23	21	14317	22	1921	1262	16
206.0	9907	19	17	14318	20	1168	1593	16
206.0	6916	34	26	14319	40	365	589	15
206.0	8756	41	40	14320	40	825	261	18
206.0	12278	16	19	14321	13	729	1693	14
206.0	11780	11	13	14322	9	1472	353	16
206.0	7624	15	16	14323	13	179	86	22
206.0	10987	21	21	14324	21	1452	1814	17
206.0	7251	12	13	14325	11	1469	1029	20
206.0	11132	7	8	14326	6	945	69	11
206.0	9059	19	19	14327	19	293	336	18
206.0	7713	2	1	14328	3	1395	1648	19
206.0	10706	7	7	14329	7	337	47	22
206.0	10729	15	14	14330	15	1710	1518	16
206.0	6882	4	5	14331	3	1229	1511	15
206.0	6991	10	7	14332	13	1635	1327	17
206.0	8912	16	15	14333	17	1119	205	14
206.0	9847	9	13	14334	5	494	839	12
206.0	7601	14	14	14335	14	1712	778	21
206.0	11296	13	8	14336	17	1957	1433	13
206.0	9779	30	35	14337	24	1349	341	14
206.0	11532	18	20	14338	14	1821	313	18
206.0	10828	17	10	14339	22	1676	1039	18
206.0	11565	25	18	14340	31	1719	637	11
206.0	9920	10	11	14341	9	489	947	12
206.0	13956	44	36	14342	50	91	747	22
206.0	7691	2	2	14343	2	1585	357	18
206.0	10932	17	19	14344	15	486	1149	11
206.0	8538	16	13	14345	19	1424	1663	16
206.0	8815	8	5	14346	9	432	1276	15
206.0	11065	14	8	14347	18	1024	1965	18
206.0	7142	34	29	14348	39	220	79	14
206.0	12849	24	18	14349	29	1379	1374	14
206.0	11184	16	15	14350	16	801	1665	13
206.0	9481	12	10	14351	13	214	819	20
206.0	7739	22	25	14352	18	1417	695	17
206.0	7693	12	13	14353	11	567	1453	12
206.0	10515	15	13	14354	17	1715	0	16
207.0	11202	13	10	14355	16	706	1592	13
207.0	7817	20	20	14356	20	0	783	16
207.0	8714	18	16	14357	19	1474	619	17
207.0	10734	25	26	14358	24	624	1794	18
207.0	6930	8	10	14359	6	809	1600	18
207.0	9574	18	16	14360	19	1215	234	14
207.0	10423	20	16	14361	23	238	180	18
207.0	10364	12	12	14362	12	1476	1436	17
207.0	12295	29	32	14363	23	562	247	18
207.0	9394	22	24	14364	18	1517	437	16
207.0	11106	10	7	14365	13	1547	972	15
207.0	10828	10	13	14366	6	1676	1039	19
207.0	10327	21	24	14367	16	1135	1732	15
207.0	10938	7	8	14368	6	1087	405	15
207.0	11377	24	21	14369	27	362	193	20
207.0	6860	1	1	14370	1	638	1449	19
207.0	10491	31	35	14371	24	1999	636	13
207.0	10147	9	10	14372	7	1509	921	13
207.0	12622	15	13	14373	17	103	548	16
207.0	11301	10	9	14374	9	1594	1146	16
207.0	10641	17	16	14375	18	1361	275	13
207.0	10991	13	15	14376	11	1179	1982	15
207.0	12018	31	31	14377	31	235	77	15
207.0	10010	4	3	14378	5	984	1787	17
207.0	12489	28	25	14379	30	525	275	19
207.0	13113	34	32	14380	35	635	346	15
207.0	9060	16	11	14381	20	539	390	17
207.0	7385	20	18	14382	21	1787	15	15
207.0	12530	11	11	14383	11	895	41	13
207.0	12437	4	4	14384	4	594	1583	15
207.0	11125	16	16	14385	16	107	416	19
207.0	7407	22	19	14386	25	1921	631	16
207.0	10127	25	26	14387	22	1403	609	12
207.0	13260	21	17	14388	25	1649	1234	13
207.0	9183	21	19	14389	21	1607	1180	19
207.0	10927	27	20	14390	33	1533	143	13
207.0	8761	40	37	14391	41	1782	407	19
207.0	10548	25	21	14392	28	149	745	15
207.0	8197	9	7	14393	10	157	790	16
207.0	9233	15	16	14394	13	699	1688	15
207.0	8629	12	11	14395	12	93	318	17
207.0	7030	16	17	14396	13	1536	1604	20
207.0	11423	22	16	14397	28	1589	648	16
207.0	8018	21	28	14398	14	75	383	23
207.0	8321	4	5	14399	3	1384	638	16
207.0	10578	12	13	14400	11	622	103	13
207.0	9856	31	29	14401	32	587	1901	13
207.0	11087	21	20	14402	22	1108	230	13
207.0	10564	15	21	14403	9	929	116	15
207.0	8832	0	0	14404	0	719	414	17
207.0	10512	17	16	14405	16	539	130	14
207.0	10519	21	15	14406	26	1482	1327	11
207.0	11259	41	47	14407	35	152	518	14
207.0	10075	17	12	14408	20	1070	359	13
207.0	8434	9	11	14409	7	349	1202	16
207.0	7849	9	9	14410	9	1354	464	18
207.0	10576	5	2	14411	8	282	1218	16
207.0	12277	18	18	14412	18	1581	1963	17
207.0	10547	6	11	14413	1	1406	1298	17
207.0	10448	36	40	14414	30	1705	1181	14
207.0	13483	19	20	14415	16	1476	1601	19
207.0	11865	19	23	14416	14	659	189	14
207.0	14318	20	22	14417	18	1179	1604	17
207.0	13080	6	7	14418	4	1388	425	17
207.0	8603	5	4	14419	6	1688	722	18
207.0	10844	17	17	14420	16	220	249	20
207.0	12234	11	8	14421	12	852	133	16
207.0	10708	16	14	14422	17	1636	1133	13
207.0	9187	13	17	14423	8	566	338	12
207.0	10043	33	28	14424	36	264	477	15
207.0	11241	27	26	14425	27	316	575	23
207.0	7340	23	24	14426	20	1050	0	17
207.0	10396	38	39	14427	35	1716	903	13
207.0	11438	14	19	14428	9	1498	952	22
207.0	11276	19	22	14429	15	1439	1404	18
207.0	10741	19	20	14430	17	1833	344	15
207.0	10319	23	27	14431	17	102	462	17
207.0	6877	15	13	14432	16	73	1410	17
207.0	10068	7	3	14433	10	582	1555	13
207.0	11552	12	10	14434	13	247	781	18
207.0	10621	9	9	14435	9	869	78	15
207.0	10890	12	11	14436	12	579	226	20
207.0	11754	9	10	14437	8	1492	1549	14
207.0	8959	8	7	14438	9	1208	1828	14
207.0	11655	16	18	14439	14	895	1559	15
207.0	7516	11	15	14440	7	1430	328	19
207.0	11770	18	18	14441	18	1999	556	14
207.0	10233	14	7	14442	20	1735	280	17
207.0	9972	21	19	14443	21	0	1437	13
207.0	11580	15	20	14444	10	12	95	18
207.0	9915	15	14	14445	14	1614	707	15
207.0	8323	3	5	14446	1	1655	1097	15
207.0	11578	31	24	14447	36	366	1674	16
207.0	11565	18	18	14448	17	1719	637	12
207.0	8036	5	5	14449	5	93	239	28
207.0	11863	9	11	14450	7	1478	1372	14
207.0	10012	36	33	14451	37	1560	947	13
207.0	7042	28	31	14452	24	1439	476	12
207.0	10507	24	31	14453	16	1348	424	13
207.0	7748	41	45	14454	34	1725	1131	18
207.0	11145	12	11	14455	11	405	1446	15
207.0	9438	13	15	14456	11	1292	238	14
207.0	9123	27	25	14457	26	42	474	14
207.0	10291	18	18	14458	17	498	65	18
207.0	9359	7	8	14459	6	1581	1316	16
207.0	7101	30	31	14460	29	1983	763	16
207.0	9797	25	21	14461	29	511	288	16
207.0	11752	2	1	14462	3	244	1449	16
207.0	11774	12	12	14463	11	1063	1626	16
207.0	7714	11	11	14464	11	668	1704	19
207.0	10722	5	5	14465	5	420	1528	15
207.0	11759	32	34	14466	29	1576	874	15
207.0	12953	15	13	14467	17	1143	1951	14
207.0	10877	15	14	14468	16	502	1417	16
207.0	11909	11	12	14469	10	1391	1827	15
207.0	11470	17	12	14470	22	1400	108	14
207.0	11140	0	0	14471	0	794	1579	13
207.0	9779	35	25	14472	40	1349	341	15
207.0	11077	27	25	14473	28	387	1597	14
207.0	10879	26	18	14474	32	417	184	17
207.0	9105	16	13	14475	17	377	947	18
207.0	10559	23	24	14476	21	295	0	20
207.0	7913	15	11	14477	19	603	1698	17
207.0	10522	14	15	14478	13	1202	1679	17
207.0	10179	10	9	14479	11	404	1755	15
207.0	11619	16	20	14480	12	1336	1477	14
207.0	11718	28	21	14481	33	59	887	16
207.0	12280	11	12	14482	8	1301	1915	15
207.0	9648	9	10	14483	6	636	1513	17
207.0	10632	17	15	14484	19	873	1729	14
207.0	10462	7	7	14485	6	253	1028	22
207.0	9037	8	9	14486	6	711	327	12
207.0	12369	28	28	14487	28	1595	719	17
207.0	11098	15	10	14488	19	1615	1650	12
207.0	10041	13	13	14489	13	586	1519	14
207.0	7259	31	36	14490	25	240	1928	15
207.0	12580	13	11	14491	14	777	1901	16
207.0	9722	7	6	14492	6	505	1507	12
207.0	12180	17	17	14493	17	739	1743	14
207.0	12363	19	19	14494	19	95	654	15
207.0	10729	14	14	14495	14	1710	1518	17
207.0	9337	9	7	14496	10	902	227	17
208.0	12006	11	12	14497	10	1261	1914	14
208.0	8183	26	29	14498	22	160	449	20
208.0	11774	12	12	14499	11	1063	1626	17
208.0	12173	22	24	14500	19	1622	216	13
208.0	13691	7	9	14501	5	865	200	14
208.0	11000	20	14	14502	24	1837	827	15
208.0	11490	24	23	14503	24	1628	1443	15
208.0	12308	8	6	14504	10	718	1986	18
208.0	8714	16	13	14505	17	1474	619	18
208.0	13157	9	9	14506	9	396	1659	15
208.0	10621	9	7	14507	11	869	78	16
208.0	10649	5	6	14508	4	1017	1759	14
208.0	11441	18	15	14509	19	1079	49	15
208.0	8745	2	1	14510	3	1380	1537	13
208.0	8482	29	30	14511	28	297	842	17
208.0	8493	19	19	14512	19	440	188	19
208.0	7683	5	4	14513	6	479	785	17
208.0	7290	7	9	14514	5	1882	1142	12
208.0	11021	16	16	14515	16	224	193	19
208.0	10478	15	20	14516	10	787	1678	14
208.0	13758	12	14	14517	10	458	79	16
208.0	6994	3	4	14518	2	488	1494	13
208.0	10539	18	15	14519	19	1474	1504	15
208.0	10680	26	24	14520	28	519	106	17
208.0	8293	27	27	14521	25	1166	299	12
208.0	10393	30	31	14522	28	1858	388	14
208.0	10010	3	5	14523	1	972	1799	18
208.0	8407	17	17	14524	16	423	273	18
208.0	11917	33	39	14525	27	506	37	15
208.0	7922	12	11	14526	12	407	1288	13
208.0	12484	7	5	14527	9	28	201	22
208.0	10587	7	6	14528	8	1309	648	15
208.0	10075	12	12	14529	12	1070	359	14
208.0	10400	6	8	14530	3	251	638	14
208.0	11982	30	30	14531	30	1371	589	15
208.0	7385	18	20	14532	16	1787	15	16
208.0	13276	13	17	14533	9	1371	108	16
208.0	7654	5	5	14534	4	676	1458	14
208.0	10402	34	42	14535	25	24	737	20
208.0	10564	21	16	14536	24	929	116	16
208.0	9611	17	20	14537	13	1036	201	22
208.0	10928	17	14	14538	19	1901	283	13
208.0	11134	8	8	14539	7	911	1588	16
208.0	7297	15	14	14540	15	339	174	20
208.0	11754	10	9	14541	10	1492	1549	15
208.0	11322	27	28	14542	23	424	169	17
208.0	10431	6	3	14543	9	1425	1709	15
208.0	8111	22	22	14544	21	528	1852	17
208.0	12955	23	18	14545	27	989	23	18
208.0	8118	17	19	14546	14	1783	921	17
208.0	8726	7	7	14547	6	577	1289	12
208.0	8631	16	17	14548	14	710	175	16
208.0	13450	16	18	14549	14	1445	459	15
208.0	9756	11	10	14550	11	1592	929	13
208.0	10221	5	3	14551	7	1160	1579	17
208.0	10319	27	24	14552	29	102	462	18
208.0	7337	12	10	14553	14	184	776	22
208.0	8026	13	12	14554	11	1149	0	16
208.0	10027	6	8	14555	4	1656	909	14
208.0	9873	8	10	14556	6	375	1325	17
208.0	11280	11	12	14557	10	644	1968	17
208.0	11770	18	13	14558	22	1999	556	15
208.0	11842	31	37	14559	23	1870	1332	12
208.0	10464	6	4	14560	8	475	1463	13
208.0	11355	9	10	14561	8	449	1274	13
208.0	7030	17	19	14562	15	1536	1604	21
208.0	8972	11	7	14563	13	492	323	18
208.0	11105	23	22	14564	24	816	1712	14
208.0	11588	11	14	14565	8	1386	108	15
208.0	8894	18	13	14566	23	1100	1764	12
208.0	11456	5	6	14567	4	924	1771	18
208.0	9618	16	11	14568	20	1180	24	16
208.0	11129	20	20	14569	20	632	1776	9
208.0	11924	18	19	14570	17	1646	1028	13
208.0	10962	23	17	14571	27	1341	1977	14
208.0	9301	6	3	14572	8	1275	1518	12
208.0	9914	6	5	14573	6	517	1782	16
208.0	10370	43	42	14574	42	1921	256	11
208.0	10684	17	21	14575	13	388	1875	13
208.0	13829	10	8	14576	12	1598	1356	20
208.0	12491	18	19	14577	16	490	1575	16
208.0	13880	21	24	14578	17	336	90	16
208.0	9289	6	2	14579	9	463	1541	15
208.0	11565	18	18	14580	17	1719	637	13
208.0	6880	5	4	14581	6	838	1969	20
208.0	9254	11	11	14582	10	923	1982	16
208.0	10153	19	19	14583	19	1142	1752	14
208.0	12569	19	22	14584	14	120	473	15
208.0	10917	11	11	14585	9	220	624	17
208.0	12345	21	21	14586	20	1427	1821	14
208.0	9766	5	8	14587	2	806	97	15
208.0	10025	21	21	14588	19	1085	123	14
208.0	11983	30	23	14589	36	1492	1586	19
208.0	12586	11	9	14590	12	89	1579	14
208.0	12211	28	29	14591	26	1524	228	15
208.0	10373	20	16	14592	24	234	729	13
208.0	8518	6	7	14593	5	1518	1431	19
208.0	11266	4	2	14594	6	353	1248	14
208.0	10734	26	26	14595	25	624	1794	19
208.0	13480	26	30	14596	22	1342	264	14
208.0	10101	11	15	14597	6	506	1316	12
208.0	10716	35	36	14598	32	1388	202	17
208.0	9336	12	15	14599	9	1715	847	14
208.0	7870	20	21	14600	18	341	949	17
208.0	7105	22	23	14601	21	592	1775	11
208.0	9821	5	4	14602	6	735	1487	14
208.0	12317	8	6	14603	9	672	1789	17
208.0	10947	9	9	14604	9	1898	1794	13
208.0	12826	19	15	14605	22	251	328	17
208.0	12123	19	19	14606	18	1606	1297	14
208.0	9709	12	13	14607	11	1675	1076	15
208.0	11150	18	18	14608	17	1934	814	15
208.0	11654	15	11	14609	19	518	162	18
208.0	11466	2	3	14610	1	426	1405	14
208.0	11046	24	23	14611	24	1907	842	14
208.0	8730	6	3	14612	9	94	399	28
208.0	9696	2	1	14613	3	386	874	15
208.0	8317	14	10	14614	17	330	769	12
208.0	10011	11	12	14615	10	1662	1391	15
208.0	9337	7	7	14616	7	902	227	18
208.0	6906	9	10	14617	7	323	1342	18
208.0	12172	16	14	14618	17	715	1935	13
208.0	11757	22	28	14619	16	284	1676	12
208.0	11110	17	23	14620	11	589	619	10
208.0	11279	8	12	14621	4	120	159	19
208.0	8528	9	6	14622	12	1338	530	15
208.0	10989	19	18	14623	18	1609	433	14
208.0	10394	16	15	14624	16	1112	127	17
208.0	11545	14	12	14625	16	1094	1897	18
208.0	6922	18	18	14626	17	1620	756	20
208.0	9479	11	9	14627	13	1713	132	18
208.0	10115	12	17	14628	7	1144	229	19
208.0	11593	11	11	14629	11	1244	529	15
208.0	10633	20	21	14630	19	1713	1021	16
208.0	10217	25	23	14631	26	1699	1999	20
208.0	12451	19	18	14632	19	1053	1746	15
208.0	8793	9	10	14633	8	74	261	27
208.0	11069	0	0	14634	0	1500	577	21
208.0	8052	21	20	14635	21	1944	622	14
208.0	11730	44	52	14636	35	770	248	18
208.0	8644	19	26	14637	12	1559	1435	16
208.0	11407	11	13	14638	9	392	1348	17
208.0	10601	21	17	14639	23	1900	928	14
208.0	8275	10	8	14640	11	409	821	13
208.0	12060	1	2	14641	0	649	1478	18
208.0	11711	21	16	14642	22	1144	376	14
208.0	10315	13	13	14643	13	134	1900	14
208.0	9919	12	10	14644	14	973	449	17
208.0	13144	28	27	14645	28	1678	198	19
208.0	8668	4	3	14646	3	947	232	16
208.0	10794	4	4	14647	4	946	164	13
208.0	8824	18	21	14648	15	330	469	13
208.0	10111	13	15	14649	10	75	135	21
208.0	11018	6	9	14650	3	1366	1664	17
208.0	8188	5	4	14651	6	271	57	23
208.0	8211	5	4	14652	6	74	776	14
208.0	10322	6	6	14653	6	895	1653	15
208.0	10317	10	10	14654	10	1407	1456	13
208.0	12007	14	16	14655	12	113	191	22
208.0	9183	19	23	14656	15	1607	1180	20
208.0	9820	30	37	14657	21	168	917	13
209.0	12369	28	22	14658	32	1595	719	18
209.0	10652	11	12	14659	10	1640	868	15
209.0	12160	16	13	14660	19	642	102	14
209.0	11930	14	11	14661	17	1814	1944	17
209.0	11315	3	4	14662	2	1019	195	17
209.0	11560	8	7	14663	9	169	1567	17
209.0	11274	12	15	14664	8	413	1304	12
209.0	11220	33	30	14665	35	287	646	15
209.0	10317	10	6	14666	12	1407	1456	14
209.0	11144	21	17	14667	25	1677	688	13
209.0	11787	12	13	14668	9	484	1068	12
209.0	7740	8	5	14669	11	1161	428	13
209.0	8786	14	15	14670	12	205	44	20
209.0	11018	9	8	14671	10	1366	1664	18
209.0	6994	4	7	14672	1	488	1494	14
209.0	12129	2	3	14673	1	1317	1662	17
209.0	11297	37	34	14674	38	1662	1283	18
209.0	13489	8	9	14675	7	436	1145	13
209.0	11469	7	9	14676	5	315	1216	16
209.0	10630	10	7	14677	13	686	1803	17
209.0	8564	26	27	14678	25	0	1373	15
209.0	11332	15	19	14679	10	1364	1534	15
209.0	13199	1	1	14680	1	1425	1633	15
209.0	11553	5	6	14681	4	863	1605	14
209.0	12120	21	20	14682	22	612	1847	16
209.0	12308	6	5	14683	7	718	1986	19
209.0	12609	32	34	14684	30	1921	391	16
209.0	9254	11	14	14685	7	923	1982	17
209.0	9801	14	15	14686	13	869	0	13
209.0	7690	8	10	14687	6	428	232	17
209.0	9265	21	18	14688	24	349	225	18
209.0	12193	24	20	14689	28	305	703	13
209.0	8496	7	7	14690	7	608	1379	15
209.0	13146	14	13	14691	14	375	293	18
209.0	9649	11	10	14692	12	1287	181	17
209.0	10607	26	18	14693	32	416	374	16
209.0	13213	16	17	14694	14	1675	1055	15
209.0	8035	14	12	14695	15	1873	1531	16
209.0	12629	12	12	14696	11	717	1915	18
209.0	10166	6	9	14697	3	850	218	15
209.0	11196	17	23	14698	11	1750	318	11
209.0	10372	11	10	14699	12	503	1681	15
209.0	9438	15	16	14700	14	1292	238	15
209.0	10274	6	9	14701	3	205	917	21
209.0	11912	29	27	14702	30	84	557	19
209.0	11019	29	32	14703	25	389	262	16
209.0	12220	38	45	14704	30	1762	1218	15
209.0	11606	8	6	14705	10	301	798	12
209.0	10896	26	28	14706	23	32	1798	12
209.0	10626	10	11	14707	8	261	964	17
209.0	9585	10	9	14708	11	1602	1531	16
209.0	11990	36	32	14709	39	61	645	21
209.0	9463	3	2	14710	4	488	340	14
209.0	8505	9	11	14711	7	79	296	25
209.0	11345	4	2	14712	6	58	243	26
209.0	11368	11	15	14713	7	1434	1229	16
209.0	10574	34	33	14714	34	630	31	13
209.0	7079	32	40	14715	23	506	93	18
209.0	9996	4	5	14716	3	311	157	20
209.0	10476	14	13	14717	15	1388	719	18
209.0	8013	5	4	14718	6	1518	1334	13
209.0	10853	29	34	14719	21	529	348	14
209.0	12693	5	6	14720	3	1023	118	18
209.0	9940	19	17	14721	20	1345	56	17
209.0	8609	23	19	14722	25	1205	1615	17
209.0	14225	15	17	14723	12	113	672	15
209.0	9984	11	9	14724	12	89	306	24
209.0	10071	16	19	14725	13	1448	288	16
209.0	10085	10	11	14726	8	1759	137	13
209.0	10216	7	6	14727	7	64	1667	13
209.0	11404	28	30	14728	25	1305	178	15
209.0	11241	26	23	14729	25	316	575	24
209.0	8822	2	0	14730	4	1362	1618	16
209.0	9207	5	4	14731	6	197	433	12
209.0	12451	18	19	14732	17	1053	1746	16
209.0	11885	32	30	14733	30	620	297	20
209.0	10700	10	10	14734	9	803	1843	15
209.0	10312	15	15	14735	14	398	670	13
209.0	11433	16	14	14736	16	958	1954	16
209.0	10056	9	7	14737	11	1237	1835	16
209.0	9642	13	15	14738	10	1511	58	15
209.0	10464	4	5	14739	3	475	1463	14
209.0	10286	16	15	14740	15	1375	28	15
209.0	12664	8	7	14741	8	1735	954	18
209.0	11354	14	12	14742	16	1676	807	13
209.0	6898	8	7	14743	8	189	1002	15
209.0	12632	14	12	14744	16	1645	1525	13
209.0	9720	18	13	14745	22	618	1884	9
209.0	9514	25	27	14746	23	1932	1805	18
209.0	11264	23	24	14747	21	765	1748	13
209.0	11529	12	11	14748	13	1648	447	14
209.0	10962	17	18	14749	15	1341	1977	15
209.0	12851	17	18	14750	16	968	1976	15
209.0	10257	11	12	14751	10	1409	355	17
209.0	6938	40	41	14752	38	124	1070	12
209.0	12379	15	16	14753	12	292	1433	15
209.0	12491	19	20	14754	16	490	1575	17
209.0	12136	23	21	14755	25	320	65	20
209.0	11683	18	20	14756	16	258	715	15
209.0	8170	8	7	14757	9	543	1689	16
209.0	11012	33	32	14758	34	316	616	18
209.0	11399	13	17	14759	9	1864	505	16
209.0	12873	7	8	14760	5	253	1252	19
209.0	11778	23	22	14761	23	283	162	17
209.0	7537	5	4	14762	6	868	246	14
209.0	10766	19	21	14763	14	407	1322	10
209.0	10111	15	16	14764	14	75	135	22
209.0	10240	31	18	14765	44	0	1456	18
209.0	10791	14	13	14766	15	89	1811	13
209.0	12351	25	31	14767	18	1689	1143	14
209.0	11780	13	10	14768	16	1472	353	17
209.0	9695	22	20	14769	22	364	1078	19
209.0	14117	30	25	14770	32	125	747	22
209.0	8052	20	19	14771	21	1944	622	15
209.0	8985	3	2	14772	3	1364	1587	16
209.0	12300	29	27	14773	31	1478	137	15
209.0	11500	23	21	14774	23	439	470	17
209.0	9866	0	0	14775	0	330	1546	16
209.0	11377	21	20	14776	19	362	193	21
209.0	11223	7	8	14777	6	1528	1767	15
209.0	9820	37	34	14778	39	168	917	14
209.0	9903	18	17	14779	19	1380	1926	14
209.0	12124	7	6	14780	7	958	1586	16
209.0	8477	7	8	14781	6	488	1598	13
209.0	12528	7	6	14782	8	1576	1044	19
209.0	11673	18	17	14783	19	225	1007	12
209.0	11432	11	9	14784	12	307	323	17
209.0	10587	6	5	14785	7	1309	648	16
209.0	9944	6	4	14786	8	1150	1628	15
209.0	8221	11	14	14787	8	1743	1240	15
209.0	9175	12	10	14788	13	1536	414	20
209.0	11028	8	11	14789	5	1528	330	17
209.0	8121	15	9	14790	19	1225	396	16
209.0	13881	10	10	14791	10	143	1032	13
209.0	8797	5	6	14792	4	673	1721	17
209.0	9928	25	26	14793	23	392	218	19
209.0	12259	29	27	14794	27	12	408	15
209.0	10770	9	13	14795	5	1379	1712	15
209.0	13480	30	23	14796	35	1342	264	15
209.0	10243	27	27	14797	23	1861	240	14
209.0	7449	20	25	14798	14	1535	636	20
209.0	11357	16	20	14799	12	1349	1383	15
209.0	11169	11	11	14800	11	24	72	20
209.0	10025	21	20	14801	22	1085	123	15
209.0	8719	7	6	14802	8	1315	1680	16
209.0	11917	39	39	14803	37	506	37	16
209.0	11788	9	9	14804	8	1592	439	18
209.0	7321	23	22	14805	23	1938	102	16
209.0	9931	9	6	14806	11	1923	743	13
209.0	7523	10	9	14807	11	1248	1570	15
209.0	10553	15	18	14808	12	672	1379	15
209.0	10164	20	23	14809	16	1847	562	14
209.0	7339	16	10	14810	20	946	1942	16
209.0	12070	16	17	14811	15	1317	440	17
209.0	12437	4	4	14812	4	594	1583	16
209.0	8433	12	16	14813	8	908	171	12
209.0	10189	12	12	14814	12	1543	1514	18
209.0	10655	26	27	14815	25	870	1587	16
209.0	10285	17	19	14816	15	640	1898	15
210.0	12494	2	1	14817	3	1605	409	18
210.0	9863	18	16	14818	20	1523	1603	20
210.0	12338	8	7	14819	9	1179	1820	13
210.0	9860	16	16	14820	15	479	637	15
210.0	8726	7	9	14821	5	577	1289	13
210.0	10753	4	4	14822	4	555	1800	17
210.0	9843	16	15	14823	17	45	310	21
210.0	8998	12	9	14824	15	1222	1966	16
210.0	10997	16	18	14825	13	1437	1845	15
210.0	8409	11	9	14826	12	488	1518	16
210.0	13328	15	17	14827	12	1560	1237	19
210.0	10774	18	22	14828	13	514	225	18
210.0	9246	14	18	14829	10	1197	1683	13
210.0	10630	7	8	14830	6	686	1803	18
210.0	9605	15	12	14831	16	47	1135	12
210.0	10572	23	20	14832	25	513	1979	13
210.0	6938	41	35	14833	46	124	1070	13
210.0	10355	25	20	14834	30	31	792	17
210.0	12976	17	12	14835	22	1517	998	22
210.0	13004	29	27	14836	29	406	565	20
210.0	11201	6	7	14837	5	1037	295	19
210.0	7886	14	14	14838	14	765	14	13
210.0	11956	3	4	14839	2	1545	1478	19
210.0	10734	26	23	14840	25	614	1806	20
210.0	10952	8	6	14841	10	525	539	13
210.0	13724	11	13	14842	8	1724	448	16
210.0	10211	8	7	14843	7	932	1619	14
210.0	13023	25	22	14844	27	1234	204	17
210.0	12269	10	8	14845	12	356	177	19
210.0	9298	34	37	14846	28	1652	163	19
210.0	12916	11	14	14847	6	1455	1319	17
210.0	10140	1	1	14848	1	449	1236	13
210.0	11028	11	9	14849	13	1528	330	18
210.0	9766	8	9	14850	6	806	97	16
210.0	9560	16	14	14851	16	816	1690	15
210.0	10634	22	21	14852	23	572	1972	16
210.0	11386	23	19	14853	27	332	1757	15
210.0	13349	17	17	14854	17	1381	81	13
210.0	7624	16	15	14855	17	164	86	23
210.0	13464	9	9	14856	9	857	1572	15
210.0	9991	12	8	14857	16	964	158	13
210.0	10941	33	35	14858	30	1037	89	16
210.0	8018	28	31	14859	24	75	383	24
210.0	9092	14	17	14860	10	1448	804	13
210.0	10970	11	8	14861	14	436	1484	12
210.0	7504	25	23	14862	26	1563	402	13
210.0	8668	3	3	14863	3	947	232	17
210.0	8593	15	12	14864	15	1789	340	15
210.0	11936	27	26	14865	26	284	499	16
210.0	10216	6	6	14866	6	49	1664	14
210.0	10226	20	22	14867	17	1608	1508	20
210.0	10286	15	16	14868	12	1375	28	16
210.0	9181	11	7	14869	14	981	276	22
210.0	12087	9	8	14870	8	218	789	21
210.0	11917	39	37	14871	39	506	37	17
210.0	11238	7	7	14872	7	139	187	26
210.0	9993	16	19	14873	13	430	1797	15
210.0	12501	30	25	14874	35	1333	385	15
210.0	8496	7	8	14875	6	608	1379	16
210.0	8740	18	20	14876	15	177	750	19
210.0	10619	21	25	14877	17	1968	1406	13
210.0	13732	15	14	14878	15	1662	1590	15
210.0	10257	12	17	14879	5	1421	343	18
210.0	11866	28	26	14880	30	1132	162	14
210.0	8296	9	10	14881	8	648	1652	13
210.0	10147	10	11	14882	9	1509	921	14
210.0	11875	9	11	14883	7	1268	101	18
210.0	12479	8	9	14884	6	1361	517	14
210.0	10171	19	20	14885	16	1860	626	13
210.0	11682	24	20	14886	26	632	51	12
210.0	10713	21	20	14887	21	496	473	18
210.0	10134	8	10	14888	6	683	237	15
210.0	8786	15	18	14889	10	205	44	21
210.0	10712	11	7	14890	15	1007	1894	15
210.0	9496	13	11	14891	15	1116	1937	15
210.0	10056	7	8	14892	6	1237	1856	17
210.0	7123	14	13	14893	15	1557	1168	18
210.0	13425	15	19	14894	10	524	1368	16
210.0	7987	12	12	14895	11	1497	260	17
210.0	12103	12	13	14896	11	965	1858	17
210.0	11784	3	4	14897	2	1557	1344	16
210.0	10464	5	8	14898	2	475	1463	15
210.0	8746	9	7	14899	11	1973	1003	14
210.0	11074	9	11	14900	7	1567	1262	16
210.0	9177	12	5	14901	17	1116	1907	20
210.0	10651	7	7	14902	7	222	229	21
210.0	13070	36	37	14903	34	1674	997	19
210.0	11416	15	12	14904	18	16	1585	16
210.0	11419	12	14	14905	10	1335	1752	16
210.0	12605	26	24	14906	26	1436	154	14
210.0	11930	11	12	14907	10	1814	1944	18
210.0	10511	31	31	14908	31	1433	107	13
210.0	12664	7	9	14909	5	1735	954	19
210.0	10939	11	14	14910	8	1371	1753	17
210.0	10791	13	15	14911	11	89	1811	14
210.0	13612	19	12	14912	25	138	744	20
210.0	11072	23	17	14913	27	1328	39	18
210.0	10025	20	23	14914	17	1085	123	16
210.0	10493	6	1	14915	9	638	1541	19
210.0	10243	27	25	14916	26	1861	240	15
210.0	11670	2	1	14917	3	1079	266	19
210.0	12552	23	22	14918	21	1036	33	16
210.0	11921	15	13	14919	15	1425	799	16
210.0	11406	17	16	14920	18	1487	405	13
210.0	8111	22	23	14921	21	528	1852	18
210.0	10989	18	15	14922	19	1628	433	15
210.0	10935	18	20	14923	12	1678	558	19
210.0	10981	27	31	14924	21	148	899	14
210.0	7855	33	35	14925	31	427	24	15
210.0	10850	7	5	14926	9	16	213	26
210.0	10857	18	17	14927	19	141	69	18
210.0	13399	3	2	14928	4	1625	562	21
210.0	13183	18	19	14929	17	1588	1459	15
210.0	10449	16	15	14930	16	115	87	18
210.0	12251	8	7	14931	9	32	251	28
210.0	10083	6	4	14932	8	263	1672	16
210.0	7362	11	9	14933	10	261	1078	18
210.0	11083	22	20	14934	23	1404	407	15
210.0	9265	18	16	14935	19	349	225	19
210.0	7232	25	22	14936	26	420	347	18
210.0	8360	18	16	14937	17	585	107	14
210.0	11241	23	22	14938	22	316	575	25
210.0	12536	14	17	14939	11	1453	1675	16
210.0	8023	19	15	14940	23	917	1885	14
210.0	11446	18	19	14941	17	1927	779	17
210.0	7721	33	32	14942	32	1999	439	15
210.0	12575	28	24	14943	30	771	31	16
210.0	11702	11	10	14944	11	1437	1483	14
210.0	9887	13	17	14945	9	363	328	15
210.0	10166	9	12	14946	6	850	218	16
210.0	8603	4	3	14947	5	1688	722	19
210.0	10485	11	9	14948	11	697	1609	15
210.0	10091	12	10	14949	13	385	739	11
210.0	9608	5	6	14950	4	912	1719	13
210.0	11683	20	19	14951	19	258	715	16
210.0	13083	13	11	14952	15	428	1031	16
210.0	6896	9	10	14953	7	1495	23	15
210.0	10622	6	5	14954	7	807	301	17
210.0	11944	7	10	14955	4	1099	433	16
210.0	13829	8	9	14956	7	1611	1369	21
210.0	9920	11	12	14957	9	489	947	13
210.0	11317	20	20	14958	18	1116	33	14
210.0	11223	8	8	14959	8	1548	1767	16
210.0	7577	1	1	14960	1	866	101	15
210.0	12177	21	25	14961	14	1466	1747	20
210.0	10287	10	10	14962	10	679	1628	15
210.0	10820	9	7	14963	9	584	1531	14
210.0	12850	24	16	14964	31	1961	1288	13
210.0	12454	2	1	14965	3	17	804	14
211.0	8593	12	10	14966	14	1789	340	16
211.0	11558	20	18	14967	20	241	369	20
211.0	11406	16	18	14968	14	1487	405	14
211.0	13314	4	5	14969	3	585	175	16
211.0	11920	11	8	14970	13	1438	726	14
211.0	10179	9	9	14971	9	404	1755	16
211.0	9698	37	29	14972	41	708	135	15
211.0	9916	5	7	14973	3	828	1551	16
211.0	10177	20	14	14974	24	1723	1527	13
211.0	8564	27	21	14975	30	0	1373	16
211.0	10822	18	14	14976	22	1403	166	12
211.0	12224	2	3	14977	1	373	1528	17
211.0	8480	10	9	14978	10	1304	1649	18
211.0	11673	17	19	14979	14	225	1007	13
211.0	10042	30	29	14980	28	390	1713	14
211.0	11023	24	24	14981	23	795	1984	15
211.0	12702	34	32	14982	32	129	987	13
211.0	13177	13	13	14983	10	1735	1005	17
211.0	13732	14	11	14984	15	1662	1590	16
211.0	8863	6	5	14985	7	979	1708	13
211.0	12110	5	3	14986	7	1555	485	21
211.0	12950	18	18	14987	16	881	1979	14
211.0	10609	14	11	14988	16	1624	274	15
211.0	8118	19	21	14989	17	1783	921	18
211.0	9813	13	12	14990	12	519	624	16
211.0	10352	14	12	14991	16	1259	1690	15
211.0	12092	14	11	14992	17	426	1605	16
211.0	9214	10	10	14993	10	1321	1849	17
211.0	10415	21	21	14994	19	395	388	12
211.0	10935	20	18	14995	20	1678	558	20
211.0	10620	13	10	14996	13	78	1368	15
211.0	11410	26	26	14997	25	18	1986	15
211.0	8018	31	27	14998	33	75	383	25
211.0	9152	17	15	14999	19	759	1602	16
211.0	12651	12	14	15000	10	1037	1882	19
211.0	11157	17	11	15001	23	418	1089	15
211.0	9194	17	20	15002	13	1623	397	17
211.0	10636	40	42	15003	36	23	511	19
211.0	10630	8	7	15004	9	686	1803	19
211.0	10622	5	5	15005	5	807	301	18
211.0	8959	7	5	15006	9	1208	1828	15
211.0	7922	11	10	15007	12	407	1288	14
211.0	8629	11	7	15008	15	93	318	18
211.0	11296	8	11	15009	5	1957	1433	14
211.0	11294	17	22	15010	11	1916	1968	12
211.0	11017	18	21	15011	15	1220	1588	16
211.0	12820	13	18	15012	8	331	1067	19
211.0	9850	21	21	15013	20	1446	1689	16
211.0	12908	10	12	15014	8	238	1583	13
211.0	10728	17	15	15015	16	1958	89	15
211.0	7022	11	11	15016	11	129	311	20
211.0	12826	15	20	15017	9	251	328	18
211.0	13066	19	23	15018	15	1283	326	19
211.0	10287	10	5	15019	15	679	1628	16
211.0	9254	14	16	15020	11	907	1982	18
211.0	11150	18	21	15021	15	1934	814	16
211.0	9416	17	14	15022	18	1613	17	18
211.0	9331	21	24	15023	18	1836	151	13
211.0	12180	17	19	15024	15	739	1743	15
211.0	11211	18	18	15025	16	1562	63	17
211.0	7232	22	30	15026	14	420	347	19
211.0	12948	12	12	15027	12	794	1634	18
211.0	8081	6	5	15028	7	416	998	13
211.0	9209	25	22	15029	27	84	1485	16
211.0	11008	17	19	15030	15	37	670	20
211.0	11018	8	5	15031	10	1366	1664	19
211.0	13471	20	23	15032	17	578	1712	17
211.0	11379	12	15	15033	8	722	1684	12
211.0	7290	9	8	15034	10	1882	1142	13
211.0	9605	12	15	15035	8	47	1135	13
211.0	10594	21	19	15036	21	1574	458	14
211.0	12568	40	36	15037	39	259	989	12
211.0	11107	23	24	15038	20	1598	951	17
211.0	13183	19	20	15039	18	1588	1459	16
211.0	10482	20	19	15040	20	1952	526	13
211.0	12536	17	15	15041	19	1453	1675	17
211.0	13001	34	35	15042	32	807	35	14
211.0	10651	7	6	15043	8	222	229	22
211.0	11917	37	34	15044	38	506	37	18
211.0	11369	10	12	15045	7	1693	967	16
211.0	14283	3	4	15046	2	842	147	14
211.0	7593	18	21	15047	15	845	39	15
211.0	11022	25	29	15048	20	1695	215	20
211.0	13006	16	15	15049	15	1446	79	15
211.0	14929	17	16	15050	17	1614	1485	16
211.0	14361	23	21	15051	24	255	180	19
211.0	11797	8	9	15052	7	1344	1728	15
211.0	13045	3	4	15053	2	664	1970	19
211.0	13041	25	27	15054	21	1464	381	16
211.0	6991	7	10	15055	4	1635	1327	18
211.0	12909	17	19	15056	14	698	1967	18
211.0	12074	17	15	15057	19	1632	17	17
211.0	12962	15	14	15058	15	1310	1809	15
211.0	10829	18	20	15059	16	1847	975	13
211.0	11442	14	11	15060	15	214	342	20
211.0	8740	20	18	15061	21	177	750	20
211.0	11659	12	10	15062	14	379	1104	17
211.0	10702	11	14	15063	7	1153	1764	18
211.0	12374	12	7	15064	16	1597	817	14
211.0	11353	20	16	15065	24	1499	1187	19
211.0	11956	4	5	15066	3	1545	1478	20
211.0	12805	7	7	15067	6	959	1650	12
211.0	7369	17	19	15068	13	1520	78	16
211.0	10319	24	19	15069	28	102	462	19
211.0	11246	9	14	15070	4	581	1665	14
211.0	9103	16	9	15071	22	907	282	16
211.0	11230	6	9	15072	3	1550	1579	16
211.0	11207	8	5	15073	10	385	1498	15
211.0	10359	10	7	15074	11	1310	1999	15
211.0	10087	16	14	15075	17	816	1888	13
211.0	10323	7	8	15076	5	825	1956	18
211.0	13144	27	21	15077	31	1632	198	20
211.0	8562	6	2	15078	10	439	1673	14
211.0	12300	27	24	15079	29	1478	137	16
211.0	9727	17	22	15080	10	1518	384	17
211.0	7638	18	15	15081	19	129	1287	20
211.0	12185	30	31	15082	26	306	467	21
211.0	10700	10	10	15083	10	817	1829	16
211.0	12256	9	8	15084	9	562	1535	15
211.0	13270	18	18	15085	18	1049	1733	16
211.0	12301	31	32	15086	29	1682	537	15
211.0	12330	28	27	15087	27	1425	47	18
211.0	8324	13	11	15088	15	1398	1535	15
211.0	8500	18	17	15089	18	605	23	15
211.0	11574	13	11	15090	14	649	449	19
211.0	9989	31	28	15091	33	1726	1256	13
211.0	9804	12	11	15092	12	1487	1942	16
211.0	10257	17	17	15093	15	1421	343	19
211.0	11672	10	9	15094	11	261	1004	18
211.0	8360	16	16	15095	16	585	107	15
211.0	12634	9	6	15096	12	1544	716	13
211.0	9728	20	18	15097	22	1597	1963	17
211.0	7344	6	5	15098	6	477	1296	13
211.0	12664	9	6	15099	11	1735	954	20
211.0	11282	11	11	15100	11	1519	798	12
211.0	12552	22	18	15101	26	1036	33	17
211.0	11292	8	9	15102	7	855	70	14
211.0	8050	14	13	15103	14	1069	72	19
211.0	12285	9	10	15104	8	1192	1735	15
211.0	12063	20	17	15105	23	1710	266	12
211.0	8261	41	37	15106	42	1952	181	13
211.0	9213	5	3	15107	7	992	1888	14
211.0	12041	6	8	15108	4	304	288	18
211.0	13936	22	20	15109	23	598	275	20
211.0	10481	23	23	15110	23	702	1761	15
211.0	10464	8	8	15111	7	475	1463	16
211.0	10485	9	10	15112	8	697	1609	16
211.0	12048	21	22	15113	19	1238	1525	15
211.0	10224	13	15	15114	11	1249	1955	16
211.0	11322	28	29	15115	27	424	169	18
211.0	10864	19	20	15116	18	389	48	19
211.0	9496	11	12	15117	10	1116	1937	16
211.0	10587	5	6	15118	3	1309	648	17
211.0	11575	0	0	15119	0	715	1660	14
211.0	11432	9	8	15120	10	307	323	18
211.0	10978	19	22	15121	16	349	19	20
211.0	8746	7	6	15122	8	1973	1003	15
211.0	8434	11	10	15123	12	349	1202	17
211.0	11285	26	25	15124	27	1718	1101	17
211.0	11819	22	21	15125	23	308	761	16
211.0	10083	4	5	15126	3	240	1672	17
211.0	11788	9	5	15127	13	1592	439	19
211.0	8813	11	11	15128	11	325	279	19
211.0	9720	13	17	15129	9	618	1884	10
211.0	9504	9	5	15130	13	1784	991	17
211.0	12846	15	17	15131	12	271	1469	19
211.0	10519	15	15	15132	15	1482	1327	12
211.0	9935	14	12	15133	14	1553	836	14
211.0	9132	8	6	15134	10	291	1577	13
211.0	8699	26	31	15135	20	1320	284	14
211.0	11585	37	46	15136	27	0	1617	17
211.0	10970	8	9	15137	6	436	1484	13
211.0	12469	10	11	15138	9	283	1177	17
211.0	12178	15	15	15139	15	156	979	17
211.0	10056	8	9	15140	7	1237	1856	18
211.0	11166	24	26	15141	19	640	204	17
212.0	9438	16	18	15142	12	1292	238	16
212.0	8014	25	25	15143	24	1549	218	12
212.0	11837	3	2	15144	4	288	912	15
212.0	12443	0	0	15145	0	378	833	17
212.0	12532	13	10	15146	14	1659	985	18
212.0	11604	15	10	15147	20	1150	1667	17
212.0	12449	10	7	15148	12	1626	1378	17
212.0	9132	6	7	15149	4	291	1577	14
212.0	11927	5	3	15150	4	537	1337	11
212.0	12714	4	4	15151	4	407	1566	18
212.0	11509	8	11	15152	5	1607	1088	15
212.0	8500	17	15	15153	18	605	23	16
212.0	11302	11	9	15154	11	353	987	20
212.0	8242	9	12	15155	6	849	1740	11
212.0	11184	15	14	15156	14	811	1675	14
212.0	13245	9	11	15157	7	193	757	20
212.0	13118	5	5	15158	5	300	82	23
212.0	10032	9	8	15159	8	726	1643	14
212.0	11852	20	15	15160	24	246	800	20
212.0	11087	20	19	15161	19	1108	230	14
212.0	8162	20	20	15162	20	257	770	11
212.0	11515	34	36	15163	31	79	703	13
212.0	12668	19	17	15164	21	229	706	20
212.0	12455	20	19	15165	21	303	478	12
212.0	12664	6	7	15166	5	1735	954	21
212.0	8843	12	13	15167	11	55	386	15
212.0	9880	17	20	15168	13	157	113	18
212.0	9672	5	3	15169	7	276	586	17
212.0	7007	14	15	15170	12	1517	1548	16
212.0	9427	0	0	15171	0	627	1590	16
212.0	10700	10	13	15172	7	817	1829	17
212.0	12330	27	25	15173	27	1425	47	19
212.0	10021	8	9	15174	6	1063	1858	16
212.0	8036	5	7	15175	3	105	227	29
212.0	13942	8	8	15176	7	1592	1578	16
212.0	7369	19	17	15177	20	1520	78	17
212.0	7293	19	24	15178	13	1399	1715	20
212.0	10719	7	7	15179	7	591	1636	15
212.0	9045	26	28	15180	24	34	753	13
212.0	12091	20	20	15181	20	1513	1474	14
212.0	13289	23	29	15182	16	45	1019	16
212.0	14502	24	19	15183	27	1849	839	16
212.0	13114	10	12	15184	8	1882	1276	15
212.0	8066	11	9	15185	12	474	165	14
212.0	13733	18	18	15186	18	1158	1872	15
212.0	6991	10	12	15187	8	1635	1327	19
212.0	7646	32	34	15188	30	1688	578	19
212.0	11478	32	31	15189	31	66	454	13
212.0	12591	13	11	15190	15	724	200	14
212.0	10925	28	28	15191	28	218	773	12
212.0	13657	12	11	15192	12	359	1312	13
212.0	10656	19	18	15193	18	1425	366	15
212.0	11018	5	8	15194	2	1366	1664	20
212.0	9467	6	9	15195	3	856	1528	14
212.0	12374	7	6	15196	8	1597	817	15
212.0	10521	11	5	15197	15	308	1299	13
212.0	12004	19	19	15198	18	1135	1888	14
212.0	11489	19	16	15199	22	277	205	28
212.0	9464	2	2	15200	2	524	1473	15
212.0	7290	8	6	15201	10	1882	1142	14
212.0	10520	14	12	15202	15	531	1947	18
212.0	7017	17	15	15203	18	1928	866	15
212.0	9139	22	21	15204	23	1645	720	14
212.0	12715	5	4	15205	6	729	82	16
212.0	12846	17	12	15206	21	271	1469	20
212.0	9519	19	21	15207	16	868	1694	16
212.0	9504	5	6	15208	3	1784	991	18
212.0	12000	21	27	15209	15	1762	1906	16
212.0	12246	9	10	15210	8	1618	1250	17
212.0	11382	32	30	15211	32	1358	298	15
212.0	8340	15	16	15212	14	1785	975	17
212.0	13001	35	39	15213	30	807	35	15
212.0	11115	9	6	15214	11	322	1828	14
212.0	6892	3	3	15215	3	153	423	15
212.0	9785	22	18	15216	25	1784	1878	18
212.0	8276	5	5	15217	5	667	1756	17
212.0	9665	10	8	15218	12	405	1511	13
212.0	9291	24	29	15219	19	1889	418	16
212.0	12533	18	19	15220	16	1480	164	12
212.0	7756	8	9	15221	7	1629	1234	18
212.0	6906	10	8	15222	12	308	1327	19
212.0	9792	19	18	15223	19	1518	205	14
212.0	13732	11	12	15224	9	1681	1590	17
212.0	13471	23	20	15225	23	558	1712	18
212.0	9920	12	10	15226	13	489	947	14
212.0	12210	3	2	15227	4	596	1674	16
212.0	8334	34	34	15228	31	362	273	16
212.0	10129	19	23	15229	14	1683	843	13
212.0	9460	4	2	15230	6	1135	1834	15
212.0	11916	12	13	15231	11	333	1580	14
212.0	11196	23	32	15232	13	1750	318	12
212.0	9469	42	39	15233	44	1578	178	14
212.0	10609	11	10	15234	11	1624	274	16
212.0	11696	14	15	15235	12	596	374	13
212.0	12778	22	19	15236	23	822	22	16
212.0	12908	12	14	15237	10	238	1583	14
212.0	7030	19	20	15238	18	1553	1621	22
212.0	11831	9	4	15239	14	294	557	14
212.0	9415	30	35	15240	24	60	1336	13
212.0	8258	19	18	15241	19	642	308	14
212.0	12657	18	15	15242	18	1267	1860	15
212.0	12418	8	9	15243	7	397	1103	12
212.0	10224	15	16	15244	13	1249	1955	17
212.0	12991	5	5	15245	5	262	1496	18
212.0	8261	37	35	15246	39	1952	181	14
212.0	12277	18	16	15247	19	1581	1963	18
212.0	11369	12	11	15248	13	1693	967	17
212.0	11372	22	14	15249	29	1970	951	14
212.0	9254	16	13	15250	19	907	1982	19
212.0	13276	17	13	15251	20	1371	108	17
212.0	9635	23	27	15252	19	406	277	18
212.0	9360	29	28	15253	30	355	73	17
212.0	7591	5	5	15254	5	223	447	14
212.0	12311	17	19	15255	14	788	1702	14
212.0	13106	13	10	15256	15	1606	998	19
212.0	12926	23	24	15257	21	1424	39	15
212.0	11449	19	15	15258	23	406	549	15
212.0	8587	8	6	15259	9	1018	1784	16
212.0	10572	20	17	15260	22	513	1979	14
212.0	10596	12	15	15261	9	1695	1284	12
212.0	10310	24	20	15262	28	161	1399	17
212.0	11107	24	24	15263	24	1598	951	18
212.0	7059	15	20	15264	10	1932	357	17
212.0	12797	12	12	15265	10	307	425	14
212.0	13371	13	18	15266	7	1656	606	15
212.0	11764	27	25	15267	28	433	106	16
212.0	8652	23	29	15268	17	1831	999	14
212.0	12341	15	13	15269	15	1733	1719	15
212.0	12574	9	9	15270	9	414	677	17
212.0	9755	16	18	15271	13	878	1822	20
212.0	12817	12	9	15272	13	1336	211	13
212.0	9685	33	31	15273	32	1721	1375	14
212.0	7287	8	5	15274	10	162	1601	14
212.0	8593	10	11	15275	9	1755	297	17
212.0	10815	21	19	15276	23	1367	1767	18
212.0	12126	16	13	15277	18	1207	325	14
212.0	10308	44	45	15278	43	1237	91	19
212.0	11166	26	15	15279	36	640	204	18
212.0	10613	14	9	15280	17	186	115	19
212.0	10074	11	13	15281	9	272	253	27
212.0	9660	9	7	15282	11	202	876	19
212.0	14496	10	11	15283	8	914	196	18
212.0	10691	19	18	15284	20	1510	1515	14
212.0	12164	3	6	15285	0	722	1743	17
212.0	10962	18	21	15286	15	1355	1963	16
212.0	13646	21	22	15287	20	435	558	22
212.0	11044	31	36	15288	24	48	996	14
212.0	8552	1	2	15289	0	1064	1663	12
212.0	10763	6	5	15290	6	74	173	23
212.0	13492	21	17	15291	24	1987	1784	20
212.0	12955	18	19	15292	17	989	23	19
212.0	10819	18	19	15293	17	1263	157	17
212.0	11530	9	11	15294	7	1942	901	13
212.0	11590	13	10	15295	16	350	1138	10
212.0	8023	15	21	15296	9	917	1885	15
212.0	11285	25	27	15297	22	1718	1101	18
212.0	11279	12	12	15298	12	120	159	20
212.0	12285	10	8	15299	10	1192	1735	16
212.0	10226	22	18	15300	25	1608	1508	21
212.0	11328	20	18	15301	22	1686	1831	18
212.0	7683	4	5	15302	3	479	785	18
213.0	9012	17	15	15303	19	1480	678	17
213.0	8612	16	15	15304	15	866	1851	20
213.0	9797	21	26	15305	16	511	288	17
213.0	10608	18	14	15306	21	1576	1700	12
213.0	11645	22	21	15307	22	1693	1711	15
213.0	13261	1	1	15308	1	1012	224	21
213.0	12398	23	29	15309	16	449	262	16
213.0	10027	8	12	15310	3	1656	909	15
213.0	11374	8	7	15311	9	676	1844	16
213.0	7748	45	42	15312	45	1725	1131	19
213.0	8980	27	20	15313	32	1505	759	17
213.0	12177	25	25	15314	24	1466	1747	21
213.0	8692	17	15	15315	18	0	165	22
213.0	13114	12	10	15316	13	1882	1276	16
213.0	11526	11	13	15317	8	1713	679	15
213.0	9415	35	37	15318	32	60	1336	14
213.0	11209	14	11	15319	17	71	1585	13
213.0	12642	18	17	15320	18	219	949	13
213.0	9253	32	42	15321	19	1452	96	15
213.0	9519	21	19	15322	21	868	1694	17
213.0	11087	19	17	15323	20	1108	230	15
213.0	13136	49	46	15324	50	1500	44	14
213.0	13589	18	20	15325	16	569	79	17
213.0	12589	10	14	15326	6	1008	310	15
213.0	8950	18	19	15327	17	318	1069	17
213.0	11840	8	9	15328	7	884	262	12
213.0	9132	7	6	15329	8	291	1577	15
213.0	11009	18	17	15330	16	1585	1419	14
213.0	9676	3	2	15331	4	1526	488	18
213.0	10807	3	3	15332	3	1378	1433	13
213.0	10964	29	30	15333	27	695	25	13
213.0	12837	8	6	15334	10	1954	379	17
213.0	11531	27	23	15335	30	1266	296	20
213.0	11244	8	11	15336	4	893	1950	18
213.0	8682	13	16	15337	10	1255	171	19
213.0	10815	19	20	15338	16	1367	1767	19
213.0	8146	17	20	15339	13	355	1407	15
213.0	11729	31	22	15340	39	32	636	18
213.0	7878	27	28	15341	26	1644	1283	18
213.0	14054	28	32	15342	24	401	26	19
213.0	11281	31	31	15343	29	1597	204	19
213.0	13395	9	7	15344	11	1767	1507	13
213.0	11704	11	9	15345	13	255	665	14
213.0	14526	12	13	15346	10	378	1300	14
213.0	9926	20	20	15347	19	4	911	15
213.0	12330	25	24	15348	25	1452	20	20
213.0	11202	10	12	15349	8	687	1592	14
213.0	11390	24	23	15350	25	1207	340	13
213.0	10293	20	23	15351	17	1038	138	18
213.0	9363	20	15	15352	25	1569	1478	15
213.0	14067	14	13	15353	14	1009	1942	17
213.0	9210	27	29	15354	23	1682	518	15
213.0	9702	14	13	15355	15	463	819	16
213.0	11578	24	24	15356	22	343	1674	17
213.0	13219	26	26	15357	26	1982	139	19
213.0	11221	10	11	15358	9	869	49	13
213.0	11587	15	13	15359	16	429	1921	16
213.0	13507	17	22	15360	12	1421	1863	14
213.0	9645	15	9	15361	20	1198	171	12
213.0	14190	13	12	15362	13	768	1858	16
213.0	7870	21	27	15363	14	341	949	18
213.0	12123	19	21	15364	15	1606	1297	15
213.0	10545	20	20	15365	18	380	1140	13
213.0	12246	10	13	15366	7	1618	1250	18
213.0	8659	21	19	15367	20	836	291	20
213.0	11409	18	16	15368	20	1789	1507	21
213.0	11421	5	6	15369	4	999	1841	14
213.0	11078	14	8	15370	20	1314	1708	17
213.0	12897	15	17	15371	13	1752	64	16
213.0	12840	27	31	15372	22	1677	598	15
213.0	10015	25	25	15373	24	1579	29	17
213.0	11279	12	10	15374	14	120	159	21
213.0	12973	13	14	15375	12	148	370	20
213.0	12850	16	22	15376	9	1961	1288	14
213.0	12858	13	11	15377	14	255	458	15
213.0	7205	15	12	15378	18	1663	637	15
213.0	7770	21	22	15379	20	1169	1859	16
213.0	13106	10	9	15380	10	1606	998	20
213.0	11008	19	20	15381	16	37	670	21
213.0	12929	19	17	15382	20	1471	598	16
213.0	12845	8	6	15383	9	413	1067	16
213.0	10755	8	11	15384	5	1674	1338	15
213.0	11941	15	21	15385	9	887	137	13
213.0	9283	10	6	15386	14	1480	1568	17
213.0	7585	37	36	15387	37	76	481	15
213.0	11641	13	14	15388	11	781	102	14
213.0	11972	40	43	15389	35	1310	208	13
213.0	12552	18	14	15390	21	1036	33	18
213.0	7407	19	24	15391	14	1897	631	17
213.0	10937	14	10	15392	18	1538	503	14
213.0	15269	15	15	15393	14	1750	1719	16
213.0	10595	26	20	15394	30	599	303	14
213.0	13260	17	19	15395	13	1680	1221	14
213.0	12819	16	14	15396	18	182	132	18
213.0	11571	0	0	15397	0	1540	1656	18
213.0	9749	7	7	15398	7	1616	587	19
213.0	7087	4	6	15399	2	1083	1823	13
213.0	12186	10	8	15400	11	1289	1589	15
213.0	13356	11	10	15401	12	427	1540	15
213.0	12571	27	25	15402	27	1933	163	18
213.0	10722	5	4	15403	6	407	1541	16
213.0	10819	19	16	15404	21	1263	157	18
213.0	10415	21	22	15405	20	395	388	13
213.0	7288	23	22	15406	23	1137	1987	15
213.0	11309	9	9	15407	8	1792	1465	11
213.0	9502	13	14	15408	12	744	53	13
213.0	10925	28	26	15409	30	218	773	13
213.0	12244	10	8	15410	11	1049	170	21
213.0	12676	24	30	15411	17	1826	671	18
213.0	9308	17	15	15412	18	211	1274	13
213.0	9453	13	8	15413	17	1219	484	19
213.0	11113	11	7	15414	14	1571	379	15
213.0	8242	12	14	15415	10	849	1740	12
213.0	12344	28	25	15416	30	1111	153	16
213.0	7651	2	2	15417	2	1598	561	22
213.0	9660	7	7	15418	6	202	876	20
213.0	8875	44	40	15419	46	1539	1385	10
213.0	7926	2	3	15420	1	1107	1700	15
213.0	13619	3	3	15421	3	1623	865	17
213.0	8795	19	13	15422	25	127	962	18
213.0	11515	36	38	15423	32	79	703	14
213.0	10123	8	8	15424	7	309	1191	15
213.0	10134	10	11	15425	9	683	237	16
213.0	9194	20	21	15426	18	1623	397	18
213.0	12694	12	12	15427	11	1574	1134	18
213.0	12765	3	5	15428	1	935	191	14
213.0	10888	26	32	15429	20	412	222	18
213.0	10958	33	27	15430	36	1410	356	14
213.0	9139	21	22	15431	17	1645	720	15
213.0	11785	12	15	15432	9	1623	1284	17
213.0	10504	14	16	15433	12	1765	872	14
213.0	11706	18	19	15434	16	666	92	13
213.0	11604	10	13	15435	7	1150	1667	18
213.0	6937	16	15	15436	14	626	71	14
213.0	8897	14	17	15437	11	518	382	19
213.0	11310	17	18	15438	14	1800	272	14
213.0	9183	23	27	15439	18	1607	1180	21
213.0	11187	22	20	15440	23	985	35	18
213.0	8652	29	34	15441	24	1831	999	15
213.0	12441	18	21	15442	15	548	1574	16
213.0	10520	12	10	15443	14	531	1947	19
213.0	12908	14	12	15444	16	238	1583	15
213.0	10672	13	11	15445	15	1862	1182	16
214.0	12025	27	24	15446	28	1297	1934	17
214.0	9374	40	37	15447	40	743	228	20
214.0	8730	3	3	15448	3	94	399	29
214.0	12592	8	9	15449	7	937	259	15
214.0	11998	16	14	15450	18	1510	424	15
214.0	11781	33	31	15451	35	1260	39	14
214.0	11675	29	35	15452	21	171	312	17
214.0	7870	27	21	15453	31	341	949	19
214.0	13068	16	16	15454	15	1118	1966	15
214.0	9322	18	24	15455	12	1981	579	14
214.0	10682	24	20	15456	25	474	136	12
214.0	8715	16	19	15457	12	1919	1565	10
214.0	10066	19	21	15458	17	369	1223	10
214.0	12246	13	12	15459	13	1618	1250	19
214.0	12434	17	16	15460	17	1718	1867	15
214.0	15157	7	7	15461	7	203	767	21
214.0	11002	9	8	15462	9	199	936	20
214.0	13270	18	19	15463	16	1049	1733	17
214.0	10775	22	21	15464	22	918	1603	13
214.0	10396	39	37	15465	40	1735	903	14
214.0	7813	12	12	15466	11	1645	1505	14
214.0	9424	10	7	15467	12	1429	1514	15
214.0	14151	17	19	15468	14	27	531	14
214.0	13829	9	8	15469	9	1623	1397	22
214.0	9493	15	19	15470	11	338	304	19
214.0	8592	19	19	15471	18	1201	1902	13
214.0	10134	11	8	15472	12	683	237	17
214.0	9399	29	30	15473	28	1303	86	12
214.0	13257	13	9	15474	17	52	1213	17
214.0	10991	15	12	15475	18	1179	1982	16
214.0	12898	8	8	15476	7	1523	1759	15
214.0	12337	19	17	15477	20	596	1759	10
214.0	9426	10	7	15478	13	903	1697	15
214.0	11009	17	16	15479	17	1585	1419	15
214.0	13102	7	5	15480	9	289	1012	18
214.0	7504	23	30	15481	16	1563	402	14
214.0	12589	14	19	15482	9	1008	310	16
214.0	11302	9	9	15483	9	353	987	21
214.0	12922	21	23	15484	18	1736	1513	20
214.0	9779	25	21	15485	27	1363	327	16
214.0	6873	21	24	15486	17	206	330	19
214.0	11825	8	11	15487	5	371	85	18
214.0	12043	13	17	15488	9	1674	976	16
214.0	10402	42	38	15489	41	24	737	21
214.0	11268	8	10	15490	4	120	1419	13
214.0	12676	30	34	15491	24	1826	671	19
214.0	9709	13	13	15492	12	1675	1076	16
214.0	12973	14	12	15493	15	148	370	21
214.0	10115	17	15	15494	18	1144	229	20
214.0	11991	19	19	15495	16	303	528	14
214.0	10964	30	36	15496	22	695	25	14
214.0	9140	20	19	15497	18	1357	404	17
214.0	8507	21	21	15498	19	1980	1737	14
214.0	12517	25	29	15499	21	1664	1908	14
214.0	12904	9	5	15500	13	1365	1848	16
214.0	10833	20	21	15501	19	184	345	19
214.0	12398	29	24	15502	32	449	262	17
214.0	12048	22	21	15503	22	1238	1525	16
214.0	8823	10	10	15504	8	107	1043	20
214.0	12840	31	36	15505	25	1677	598	16
214.0	11524	56	39	15506	61	88	658	20
214.0	11438	19	21	15507	15	1498	967	23
214.0	13667	18	20	15508	15	1721	218	18
214.0	8387	20	22	15509	18	932	99	20
214.0	10222	12	12	15510	12	1522	1109	20
214.0	8313	13	10	15511	16	1562	29	18
214.0	8104	12	13	15512	10	829	361	13
214.0	10819	16	12	15513	20	1263	157	19
214.0	12684	17	14	15514	18	1943	959	16
214.0	10189	12	11	15515	13	1561	1548	19
214.0	13004	27	29	15516	24	406	565	21
214.0	9139	22	23	15517	19	1645	720	16
214.0	9926	20	19	15518	20	4	911	16
214.0	10710	19	20	15519	17	129	499	15
214.0	10595	20	16	15520	22	599	303	15
214.0	10596	15	14	15521	16	1695	1284	13
214.0	13158	2	1	15522	3	1149	1589	16
214.0	12862	7	9	15523	4	197	457	15
214.0	9210	29	24	15524	32	1682	518	16
214.0	10507	31	28	15525	32	1369	424	14
214.0	12129	3	2	15526	2	1306	1634	18
214.0	9031	17	16	15527	18	1484	78	15
214.0	11892	9	11	15528	7	1628	109	15
214.0	11526	13	12	15529	13	1729	695	16
214.0	9665	8	8	15530	8	405	1511	14
214.0	12441	21	28	15531	13	548	1574	17
214.0	11580	20	16	15532	24	12	78	19
214.0	8745	1	2	15533	0	1380	1537	14
214.0	7933	12	9	15534	15	474	1999	15
214.0	13183	20	17	15535	21	1588	1459	17
214.0	11774	12	13	15536	11	1063	1626	18
214.0	10085	11	15	15537	7	1759	137	14
214.0	12177	25	22	15538	25	1466	1747	22
214.0	10649	6	4	15539	5	999	1777	15
214.0	13147	9	7	15540	10	495	1766	16
214.0	12814	13	9	15541	16	1459	657	17
214.0	13388	17	18	15542	14	1433	548	16
214.0	13634	10	9	15543	10	354	745	14
214.0	11967	13	9	15544	17	1336	1765	17
214.0	11525	30	29	15545	28	197	136	14
214.0	10734	23	21	15546	24	601	1819	21
214.0	8813	11	10	15547	12	325	279	20
214.0	11223	8	7	15548	8	1548	1767	17
214.0	7041	7	7	15549	7	33	1211	17
214.0	11993	0	0	15550	0	346	1512	15
214.0	12008	14	10	15551	17	1729	742	21
214.0	12392	3	3	15552	3	373	1358	17
214.0	10510	33	28	15553	37	1924	630	15
214.0	12858	11	11	15554	11	255	458	16
214.0	12173	24	22	15555	26	1622	216	14
214.0	10722	4	3	15556	5	407	1541	17
214.0	9918	10	11	15557	8	183	925	15
214.0	13568	11	11	15558	11	826	1901	19
214.0	9212	34	31	15559	36	96	359	17
214.0	13491	24	25	15560	23	1915	561	13
214.0	9747	17	12	15561	20	1728	931	13
214.0	12558	19	20	15562	16	17	602	20
214.0	13395	7	4	15563	10	1787	1507	14
214.0	11428	11	11	15564	11	1766	829	15
214.0	12057	33	34	15565	31	1349	363	17
214.0	10079	12	9	15566	14	107	1172	12
214.0	10235	23	27	15567	18	1537	672	21
214.0	11645	21	24	15568	17	1693	1711	16
214.0	10509	15	15	15569	14	108	868	15
214.0	8230	13	15	15570	11	839	270	13
214.0	11858	5	6	15571	4	307	500	22
214.0	10105	22	19	15572	24	1726	1019	13
214.0	11202	12	11	15573	12	687	1592	15
214.0	13777	13	14	15574	12	789	1679	15
214.0	10054	31	38	15575	22	1291	56	18
214.0	15442	15	13	15576	15	536	1562	17
214.0	11939	19	20	15577	18	1443	569	13
214.0	12557	6	7	15578	5	1689	1311	14
214.0	10375	1	1	15579	1	345	1421	13
214.0	12900	20	25	15580	13	1542	548	15
214.0	9905	14	13	15581	15	1202	295	12
214.0	9605	15	14	15582	16	47	1135	14
214.0	11948	29	31	15583	26	178	1460	13
214.0	8795	13	13	15584	12	127	962	19
214.0	10123	8	9	15585	7	309	1191	16
214.0	13356	10	11	15586	9	427	1540	16
214.0	9692	20	24	15587	16	1683	70	11
215.0	14846	28	31	15588	24	1652	144	20
215.0	9348	41	36	15589	43	555	189	17
215.0	8933	21	19	15590	22	1999	1138	15
215.0	9857	14	18	15591	10	538	188	19
215.0	12184	19	14	15592	23	1452	266	16
215.0	10525	38	41	15593	33	1463	44	14
215.0	11672	9	12	15594	6	261	1004	19
215.0	10619	25	27	15595	23	1923	1384	14
215.0	13583	15	14	15596	15	549	1614	16
215.0	12502	9	11	15597	7	856	1988	20
215.0	13257	9	7	15598	10	52	1213	18
215.0	12284	17	19	15599	13	293	1029	19
215.0	8711	15	17	15600	12	1205	150	16
215.0	10075	12	13	15601	11	1080	369	15
215.0	11276	22	26	15602	16	1439	1404	19
215.0	11122	13	16	15603	9	979	110	13
215.0	11440	9	7	15604	11	945	1629	15
215.0	9779	21	20	15605	21	1363	327	17
215.0	13389	46	42	15606	48	431	82	16
215.0	13240	30	32	15607	27	474	1832	14
215.0	13724	13	8	15608	18	1737	461	17
215.0	9826	5	5	15609	5	322	238	22
215.0	13691	9	8	15610	9	876	189	15
215.0	12633	28	33	15611	22	1948	1503	15
215.0	9000	15	22	15612	8	1703	831	14
215.0	8043	21	20	15613	21	14	1033	17
215.0	11206	17	17	15614	17	908	1736	18
215.0	10042	29	27	15615	30	390	1713	15
215.0	8230	15	14	15616	15	839	270	14
215.0	11723	12	13	15617	11	374	1466	16
215.0	11126	14	10	15618	17	24	1545	13
215.0	12812	19	14	15619	24	1168	340	16
215.0	12908	12	11	15620	13	238	1583	16
215.0	10210	7	6	15621	7	389	118	11
215.0	10123	9	9	15622	9	309	1191	17
215.0	9993	19	15	15623	23	430	1797	16
215.0	12858	11	12	15624	9	255	458	17
215.0	8725	4	2	15625	6	865	141	14
215.0	11007	20	18	15626	20	49	1060	18
215.0	10112	11	13	15627	8	1590	1388	21
215.0	9428	4	6	15628	2	708	1489	17
215.0	9567	21	19	15629	21	409	1618	12
215.0	10797	20	17	15630	22	488	435	18
215.0	12043	17	19	15631	14	1674	976	17
215.0	14051	5	4	15632	6	103	1623	13
215.0	10718	12	12	15633	11	412	85	18
215.0	11169	11	10	15634	11	24	72	21
215.0	10775	21	24	15635	16	918	1603	14
215.0	8921	12	12	15636	11	987	1649	17
215.0	12586	9	8	15637	9	75	1507	15
215.0	10993	14	14	15638	14	21	129	20
215.0	10636	42	45	15639	37	23	511	20
215.0	12146	13	15	15640	11	127	203	23
215.0	13530	10	10	15641	9	908	1854	19
215.0	8366	7	9	15642	5	1331	1999	14
215.0	11525	29	25	15643	32	197	136	15
215.0	10415	22	20	15644	22	395	388	14
215.0	12581	16	17	15645	13	92	731	20
215.0	11562	6	3	15646	9	438	507	15
215.0	12726	26	24	15647	28	1506	463	15
215.0	12664	7	4	15648	10	1748	941	22
215.0	11778	22	18	15649	24	283	162	18
215.0	12269	8	10	15650	6	356	177	20
215.0	12267	10	8	15651	12	1852	536	15
215.0	10950	10	6	15652	14	1517	1745	15
215.0	12527	19	19	15653	17	292	1944	14
215.0	11384	15	14	15654	16	1974	114	16
215.0	13548	10	7	15655	12	1752	1354	17
215.0	10920	8	7	15656	9	1218	35	18
215.0	10140	1	1	15657	1	449	1236	14
215.0	13642	38	39	15658	36	208	28	15
215.0	13322	30	25	15659	33	80	908	15
215.0	12684	14	11	15660	15	1943	959	17
215.0	10964	36	32	15661	39	695	25	15
215.0	13419	19	21	15662	16	1516	859	17
215.0	12021	16	13	15663	19	176	437	15
215.0	10056	9	7	15664	10	1237	1856	19
215.0	12246	12	10	15665	14	1618	1250	20
215.0	7529	12	15	15666	9	1272	1707	18
215.0	12778	19	20	15667	17	822	22	17
215.0	12243	20	23	15668	16	147	33	20
215.0	10819	12	10	15669	13	1263	157	20
215.0	12070	17	24	15670	8	1304	427	18
215.0	10129	23	23	15671	22	1683	843	14
215.0	10511	31	32	15672	30	1433	107	14
215.0	11866	26	26	15673	24	1132	162	15
215.0	15269	15	11	15674	19	1799	1768	17
215.0	12389	5	5	15675	5	1720	1335	13
215.0	10456	24	29	15676	19	979	60	13
215.0	13491	25	24	15677	25	1915	561	14
215.0	7644	17	11	15678	22	539	1358	16
215.0	13503	33	34	15679	29	361	237	15
215.0	9605	14	12	15680	15	47	1135	15
215.0	8524	3	1	15681	5	999	231	18
215.0	12650	10	7	15682	13	448	1646	13
215.0	11478	31	34	15683	27	66	454	14
215.0	13364	8	8	15684	8	896	1587	16
215.0	10226	18	20	15685	16	1608	1508	22
215.0	10302	21	19	15686	22	813	82	14
215.0	13184	25	26	15687	24	257	23	14
215.0	11341	19	17	15688	21	1291	14	14
215.0	12039	20	20	15689	18	1476	409	16
215.0	11892	11	13	15690	9	1628	109	16
215.0	9621	11	10	15691	12	1748	1491	14
215.0	9924	11	9	15692	12	1349	100	14
215.0	7585	36	36	15693	36	76	494	16
215.0	10440	25	20	15694	30	1609	984	19
215.0	8671	14	11	15695	16	1649	1217	14
215.0	11741	17	20	15696	13	493	1862	13
215.0	7251	13	9	15697	17	1469	1029	21
215.0	11579	16	15	15698	17	1106	166	13
215.0	12292	6	4	15699	8	207	1021	15
215.0	8847	35	30	15700	36	1012	63	17
215.0	12602	32	27	15701	36	628	348	15
215.0	8802	1	0	15702	2	1340	1608	12
215.0	9087	15	17	15703	12	755	1719	15
215.0	7733	26	23	15704	27	332	1135	19
215.0	11387	29	31	15705	27	1964	187	11
215.0	10482	19	26	15706	12	1952	526	14
215.0	13004	29	27	15707	29	406	565	22
215.0	13270	19	24	15708	14	1049	1733	18
215.0	10649	4	1	15709	6	990	1786	16
215.0	9802	8	7	15710	8	426	1128	12
215.0	12990	12	14	15711	9	1685	918	13
215.0	8261	35	33	15712	36	1952	181	15
215.0	12557	7	7	15713	7	1689	1311	15
215.0	11501	6	6	15714	6	1499	1064	12
215.0	10867	15	17	15715	13	1745	835	14
215.0	10393	31	30	15716	30	1858	388	15
215.0	10822	14	11	15717	17	1403	166	13
215.0	10860	19	14	15718	23	1489	1138	18
215.0	11021	16	15	15719	14	224	193	20
215.0	12375	12	13	15720	10	1663	682	20
215.0	11104	10	9	15721	11	364	1275	14
215.0	10651	6	6	15722	6	222	229	23
215.0	12161	7	9	15723	5	1617	136	18
215.0	10265	26	27	15724	24	753	1548	15
215.0	9212	31	30	15725	30	96	359	18
215.0	14148	9	7	15726	11	548	1695	16
215.0	13102	5	3	15727	5	289	1012	19
215.0	12487	8	9	15728	6	361	1302	12
215.0	12577	35	41	15729	26	414	55	17
215.0	11662	23	21	15730	24	1112	1727	18
215.0	11300	32	33	15731	27	1624	1503	14
215.0	9399	30	37	15732	23	1303	86	13
215.0	11775	15	13	15733	15	1509	1274	16
215.0	11002	8	8	15734	8	199	936	21
215.0	10656	18	14	15735	20	1438	353	16
215.0	10708	14	12	15736	15	1636	1133	14
215.0	10584	5	5	15737	5	267	1385	16
215.0	8843	13	13	15738	12	55	386	16
215.0	9121	13	14	15739	12	1147	1684	19
216.0	11136	18	17	15740	17	1955	1262	17
216.0	12184	14	14	15741	14	1452	266	17
216.0	8084	20	22	15742	17	1999	139	20
216.0	9829	4	4	15743	4	920	318	18
216.0	10741	20	22	15744	18	1833	344	16
216.0	10045	22	18	15745	25	1887	338	18
216.0	8544	32	29	15746	33	39	538	21
216.0	14532	16	15	15747	16	1797	46	17
216.0	14017	17	10	15748	23	358	649	16
216.0	8033	12	8	15749	15	1395	1856	16
216.0	9250	13	17	15750	9	766	1809	14
216.0	10462	7	6	15751	8	225	1056	23
216.0	9819	7	7	15752	7	1716	729	18
216.0	10684	21	25	15753	15	388	1875	14
216.0	13503	34	33	15754	30	361	237	16
216.0	9685	31	38	15755	21	1721	1375	15
216.0	10565	27	29	15756	22	927	1733	16
216.0	13743	14	13	15757	13	1894	950	15
216.0	10334	8	6	15758	10	1285	1886	15
216.0	12058	5	4	15759	5	101	597	14
216.0	14318	22	25	15760	19	1179	1604	18
216.0	11049	20	24	15761	16	1878	162	16
216.0	8464	16	17	15762	14	195	1518	14
216.0	11870	7	10	15763	4	1534	1942	15
216.0	12473	16	17	15764	15	59	42	19
216.0	11979	24	20	15765	27	759	1983	16
216.0	9445	6	2	15766	10	1472	547	17
216.0	7082	12	12	15767	12	497	1591	15
216.0	14366	6	8	15768	4	1685	1029	20
216.0	11828	8	8	15769	6	485	1742	16
216.0	9363	15	18	15770	12	1569	1478	16
216.0	14846	31	33	15771	28	1652	144	21
216.0	12423	5	5	15772	5	1585	1505	17
216.0	13581	35	37	15773	33	102	909	19
216.0	8847	30	30	15774	28	1012	63	18
216.0	12742	15	17	15775	13	1597	757	14
216.0	12812	14	9	15776	19	1168	340	17
216.0	10762	20	19	15777	20	1999	473	15
216.0	7334	6	8	15778	4	946	1816	16
216.0	12109	8	9	15779	7	1510	1388	17
216.0	12702	32	34	15780	30	130	1014	14
216.0	13995	9	7	15781	11	488	1638	13
216.0	9833	8	6	15782	10	520	1935	12
216.0	9508	49	44	15783	53	70	747	21
216.0	11671	8	5	15784	10	230	1474	17
216.0	11532	20	18	15785	22	1821	313	19
216.0	9567	19	15	15786	23	409	1618	13
216.0	13218	17	18	15787	15	371	799	14
216.0	9906	9	7	15788	10	1739	978	14
216.0	12951	32	33	15789	31	1454	239	18
216.0	10448	40	39	15790	38	1747	1181	15
216.0	13586	37	41	15791	32	288	1282	17
216.0	7022	11	12	15792	9	129	311	21
216.0	9929	0	0	15793	0	352	876	14
216.0	11137	6	8	15794	4	436	878	17
216.0	13329	23	23	15795	22	1761	514	16
216.0	7905	11	12	15796	10	809	177	17
216.0	10071	19	20	15797	18	1448	288	17
216.0	13387	17	16	15798	18	1156	1825	14
216.0	7479	8	11	15799	5	60	308	24
216.0	10928	14	14	15800	14	1895	222	14
216.0	12531	11	9	15801	13	1225	1763	16
216.0	9056	14	10	15802	16	1970	1368	14
216.0	13221	21	27	15803	15	1621	369	14
216.0	9202	16	14	15804	17	1683	477	16
216.0	10393	30	27	15805	32	1858	388	16
216.0	10087	14	15	15806	12	803	1875	14
216.0	7516	15	12	15807	17	1458	326	20
216.0	14406	26	32	15808	18	1495	1357	12
216.0	12577	41	36	15809	43	414	55	18
216.0	10415	20	18	15810	20	395	388	15
216.0	12869	15	16	15811	13	1508	1029	18
216.0	9527	3	2	15812	3	1386	1506	10
216.0	13120	19	22	15813	16	1592	1437	17
216.0	12000	27	31	15814	20	1947	1974	17
216.0	11122	16	21	15815	9	968	121	14
216.0	7810	7	5	15816	9	1302	1867	16
216.0	11603	11	15	15817	7	803	1771	15
216.0	7817	20	23	15818	17	0	783	17
216.0	10291	18	18	15819	17	510	77	19
216.0	11445	5	5	15820	5	1009	1877	16
216.0	15203	18	20	15821	15	1911	866	16
216.0	8111	23	22	15822	23	528	1852	19
216.0	10961	18	17	15823	17	1790	505	15
216.0	11104	9	10	15824	7	364	1275	15
216.0	9850	21	24	15825	18	1446	1689	17
216.0	11235	34	37	15826	30	1534	769	21
216.0	13473	11	8	15827	13	673	78	14
216.0	6876	22	21	15828	21	1660	0	19
216.0	12161	9	11	15829	7	1617	136	19
216.0	14300	26	32	15830	19	252	1890	9
216.0	10937	10	12	15831	8	1538	503	15
216.0	12745	15	12	15832	18	1282	1726	17
216.0	12297	14	12	15833	16	1974	1572	10
216.0	7287	5	5	15834	4	162	1601	15
216.0	13393	22	25	15835	18	400	1825	9
216.0	12586	8	7	15836	6	75	1507	16
216.0	6970	23	23	15837	23	342	138	19
216.0	9087	17	16	15838	17	755	1719	16
216.0	12811	27	21	15839	30	1976	448	15
216.0	12422	6	7	15840	5	541	1811	18
216.0	8959	5	7	15841	2	1208	1828	16
216.0	10896	28	31	15842	24	32	1798	13
216.0	13102	3	3	15843	2	289	1012	20
216.0	9517	25	24	15844	24	475	183	16
216.0	14157	25	21	15845	27	1440	176	15
216.0	8529	32	31	15846	33	1617	779	16
216.0	11308	23	23	15847	22	1831	1591	17
216.0	12229	26	24	15848	26	1923	482	19
216.0	7690	10	8	15849	11	439	221	18
216.0	10957	2	4	15850	0	611	1499	15
216.0	10648	22	24	15851	20	1602	286	16
216.0	10437	24	26	15852	20	157	846	14
216.0	12104	15	10	15853	19	0	693	13
216.0	7364	20	26	15854	14	1399	1922	18
216.0	12142	8	10	15855	6	464	210	17
216.0	7924	0	0	15856	0	408	1443	17
216.0	12685	5	4	15857	5	320	1269	15
216.0	10748	3	4	15858	2	1348	1514	14
216.0	11355	10	6	15859	13	449	1274	14
216.0	10774	22	20	15860	23	514	225	19
216.0	12623	7	6	15861	8	273	1143	15
216.0	13523	16	13	15862	16	611	1966	20
216.0	8561	14	15	15863	12	782	203	16
216.0	11662	21	24	15864	18	1112	1727	19
216.0	9048	7	9	15865	4	1660	419	16
216.0	8554	15	13	15866	16	768	1719	14
216.0	10144	11	12	15867	10	1388	461	17
216.0	12063	17	20	15868	13	1710	266	13
216.0	11418	5	6	15869	3	695	77	13
216.0	12269	10	11	15870	9	356	177	21
216.0	10955	16	17	15871	12	1716	654	14
216.0	10164	23	19	15872	26	1829	562	15
216.0	11075	11	11	15873	10	289	1545	12
216.0	12933	34	29	15874	35	196	1333	12
216.0	10622	5	4	15875	6	807	301	19
216.0	7584	6	8	15876	4	1491	1714	16
216.0	13773	11	11	15877	10	1164	1957	15
216.0	12105	12	8	15878	16	1963	933	13
216.0	13869	22	14	15879	30	1839	1970	16
216.0	10362	23	27	15880	18	569	0	11
216.0	12684	11	9	15881	12	1943	959	18
216.0	8911	11	16	15882	5	1547	1706	13
217.0	9582	9	13	15883	4	478	669	18
217.0	11018	8	9	15884	6	1366	1664	21
217.0	12161	11	12	15885	10	1617	136	20
217.0	12375	13	5	15886	20	1663	682	21
217.0	11972	43	43	15887	40	1310	208	14
217.0	12336	41	40	15888	41	1097	182	19
217.0	8069	5	5	15889	5	1507	1410	18
217.0	9260	14	14	15890	13	1961	743	14
217.0	12956	18	18	15891	18	1655	1950	19
217.0	10415	18	14	15892	22	395	388	16
217.0	10013	16	12	15893	20	1963	897	14
217.0	11259	47	44	15894	48	152	518	15
217.0	11662	24	18	15895	29	1112	1727	20
217.0	13500	27	26	15896	27	1867	19	16
217.0	13012	10	8	15897	10	580	1744	15
217.0	11968	20	17	15898	22	635	1878	9
217.0	12722	24	22	15899	26	653	77	12
217.0	7817	23	23	15900	22	0	783	18
217.0	14507	11	9	15901	13	881	78	17
217.0	10099	27	31	15902	23	125	917	20
217.0	8911	16	15	15903	17	1547	1706	14
217.0	9250	17	15	15904	19	766	1809	15
217.0	8304	12	14	15905	10	447	979	17
217.0	7323	13	14	15906	12	837	1779	20
217.0	10119	14	13	15907	15	1731	896	17
217.0	9182	9	8	15908	9	813	1538	15
217.0	6885	22	19	15909	23	1226	1727	16
217.0	10179	9	8	15910	9	404	1755	17
217.0	10601	17	14	15911	20	1936	995	15
217.0	10535	32	36	15912	28	474	1713	15
217.0	12447	17	15	15913	18	1822	1316	17
217.0	13732	12	11	15914	13	1695	1652	18
217.0	12483	23	29	15915	17	310	1098	13
217.0	6877	13	14	15916	12	0	1414	18
217.0	8690	11	12	15917	10	319	714	21
217.0	11822	1	1	15918	1	973	1943	13
217.0	9636	23	18	15919	27	1668	402	15
217.0	10416	14	15	15920	13	327	585	17
217.0	10656	14	15	15921	13	1438	353	17
217.0	11950	27	31	15922	21	1555	186	13
217.0	11848	24	26	15923	21	13	350	21
217.0	11916	13	10	15924	16	333	1580	15
217.0	9399	37	42	15925	30	1303	86	14
217.0	12607	14	14	15926	12	390	1199	11
217.0	11885	30	31	15927	27	620	297	21
217.0	13329	23	20	15928	25	1761	514	17
217.0	11726	7	8	15929	5	1541	1527	18
217.0	13471	20	20	15930	18	558	1712	19
217.0	10620	10	11	15931	9	83	1314	16
217.0	13758	14	14	15932	14	458	79	17
217.0	13551	27	29	15933	23	1924	1050	13
217.0	9686	9	10	15934	7	338	1647	14
217.0	7587	1	1	15935	1	404	1958	15
217.0	9833	6	5	15936	6	520	1935	13
217.0	7212	7	7	15937	7	540	1299	16
217.0	11278	25	29	15938	21	1999	922	18
217.0	13493	13	11	15939	14	1970	1382	14
217.0	10393	27	36	15940	16	1858	388	17
217.0	13425	19	20	15941	17	524	1368	17
217.0	12524	11	11	15942	11	626	1733	17
217.0	6855	16	16	15943	15	1118	1797	14
217.0	12138	25	24	15944	21	257	371	18
217.0	11075	11	8	15945	13	289	1545	13
217.0	12164	6	8	15946	4	722	1743	18
217.0	10431	3	2	15947	4	1425	1709	16
217.0	12642	17	20	15948	14	219	949	14
217.0	13672	18	19	15949	15	1575	83	16
217.0	13401	17	13	15950	20	1929	1789	18
217.0	11913	28	24	15951	32	1496	195	18
217.0	10515	13	14	15952	11	1715	0	17
217.0	13320	21	22	15953	17	843	1725	15
217.0	12239	16	13	15954	19	1951	1120	13
217.0	13466	22	22	15955	20	811	11	17
217.0	7751	0	0	15956	0	609	1662	17
217.0	10229	18	16	15957	17	1940	82	16
217.0	10164	19	23	15958	15	1829	562	16
217.0	12153	0	0	15959	0	292	897	15
217.0	13586	41	36	15960	44	288	1282	18
217.0	11562	3	3	15961	3	438	507	16
217.0	12951	33	27	15962	39	1454	218	19
217.0	10551	19	17	15963	17	379	594	13
217.0	11633	21	19	15964	22	1957	1003	14
217.0	7385	20	15	15965	23	1780	0	17
217.0	7830	17	19	15966	14	258	413	17
217.0	12000	31	26	15967	35	1947	1974	18
217.0	8221	14	19	15968	9	1743	1240	16
217.0	11164	10	9	15969	11	1552	888	14
217.0	10858	24	21	15970	25	348	776	14
217.0	10321	13	15	15971	10	233	901	18
217.0	13886	18	24	15972	12	1381	1832	16
217.0	8350	15	16	15973	13	134	250	18
217.0	8587	6	3	15974	9	1018	1784	17
217.0	11407	13	12	15975	14	392	1348	18
217.0	12275	26	24	15976	26	646	1846	14
217.0	10828	13	12	15977	13	1676	1056	20
217.0	11031	33	33	15978	31	544	39	17
217.0	12418	9	11	15979	6	397	1103	13
217.0	13591	10	10	15980	10	1156	198	19
217.0	9785	18	16	15981	15	1784	1878	19
217.0	12057	34	31	15982	36	1349	363	18
217.0	9955	8	8	15983	8	1521	1768	15
217.0	7782	15	15	15984	15	273	655	18
217.0	12619	9	7	15985	9	1658	1622	15
217.0	13169	11	13	15986	9	1478	463	16
217.0	10317	6	6	15987	6	1407	1456	15
217.0	12353	14	15	15988	12	1556	1546	18
217.0	13665	24	19	15989	28	1615	798	16
217.0	13135	7	7	15990	7	352	668	18
217.0	11837	2	1	15991	3	277	901	16
217.0	14289	21	21	15992	21	1606	1038	21
217.0	11055	15	12	15993	18	1761	1055	16
217.0	11193	24	16	15994	31	1562	548	15
217.0	13222	17	18	15995	15	315	1563	15
217.0	13731	20	22	15996	16	289	989	12
217.0	13437	6	8	15997	4	1574	501	21
217.0	13488	18	13	15998	22	106	989	18
217.0	13802	15	15	15999	14	785	1815	17
217.0	12211	29	21	16000	37	1524	228	16
217.0	11210	8	8	16001	8	956	1837	16
217.0	14189	21	21	16002	20	1669	1482	16
217.0	8880	10	5	16003	15	407	1375	14
217.0	11500	21	21	16004	17	439	470	18
217.0	10775	24	23	16005	25	918	1603	15
217.0	10121	19	20	16006	16	1981	0	15
217.0	12746	14	10	16007	18	650	1667	16
217.0	11116	16	16	16008	13	1076	197	16
217.0	11560	7	5	16009	9	147	1567	18
217.0	10372	10	9	16010	11	472	1693	16
217.0	12632	12	13	16011	10	1703	1564	14
217.0	14178	13	9	16012	16	1818	488	16
217.0	9183	27	26	16013	28	1607	1180	22
217.0	10371	11	15	16014	6	651	1931	17
217.0	14304	6	3	16015	9	756	1469	13
217.0	11717	28	23	16016	30	498	368	14
217.0	14442	20	20	16017	20	1681	332	18
217.0	7071	11	13	16018	8	1108	1683	19
217.0	12424	6	6	16019	5	239	929	21
217.0	9356	25	27	16020	22	348	917	13
217.0	12160	13	15	16021	10	642	102	15
217.0	8913	12	13	16022	11	1342	498	14
217.0	8529	31	33	16023	28	1617	779	17
217.0	13179	8	10	16024	6	488	1930	15
217.0	13760	20	16	16025	22	1847	214	11
217.0	10102	3	4	16026	1	145	656	14
217.0	11983	23	19	16027	27	1492	1586	20
217.0	13318	4	3	16028	4	1591	1247	16
217.0	12727	15	14	16029	14	978	1856	13
217.0	11930	12	11	16030	13	1814	1944	19
217.0	13414	31	33	16031	26	463	109	15
217.0	12742	17	19	16032	15	1597	757	15
217.0	8561	15	12	16033	18	782	203	17
217.0	12492	10	9	16034	11	1441	1966	15
217.0	12686	7	6	16035	8	511	1679	13
217.0	7612	40	35	16036	43	230	1322	14
218.0	13651	28	23	16037	33	1723	1065	17
218.0	13455	19	12	16038	24	1887	382	17
218.0	12368	7	7	16039	6	1469	1149	15
218.0	12737	9	8	16040	10	1656	1341	16
218.0	11662	18	18	16041	18	1112	1727	21
218.0	10415	14	12	16042	15	395	388	17
218.0	11941	21	24	16043	18	887	137	14
218.0	7646	34	33	16044	33	1688	578	20
218.0	13925	9	9	16045	9	1956	1149	16
218.0	13063	12	13	16046	10	1632	1545	18
218.0	13201	19	15	16047	22	1956	549	16
218.0	13772	2	2	16048	2	227	872	18
218.0	12714	4	7	16049	1	407	1588	19
218.0	11384	14	13	16050	13	1974	114	17
218.0	14067	13	9	16051	17	1009	1942	18
218.0	11744	4	6	16052	2	1116	1816	16
218.0	9083	7	7	16053	7	760	74	17
218.0	10722	3	1	16054	4	407	1541	18
218.0	8603	3	2	16055	4	1688	722	20
218.0	8618	18	18	16056	18	1391	135	16
218.0	11577	25	25	16057	24	1348	29	14
218.0	12760	7	6	16058	8	1536	1760	15
218.0	13472	12	10	16059	14	1975	473	15
218.0	9211	18	21	16060	15	1165	174	17
218.0	8146	20	22	16061	17	339	1407	16
218.0	10386	22	19	16062	23	1836	36	11
218.0	13389	42	39	16063	40	431	82	17
218.0	7955	38	40	16064	36	1336	0	17
218.0	13012	8	10	16065	6	580	1744	16
218.0	8261	33	32	16066	32	1952	181	16
218.0	11066	23	19	16067	27	304	1383	14
218.0	8236	11	14	16068	8	664	1862	18
218.0	10515	14	11	16069	17	1715	0	18
218.0	13222	18	18	16070	18	315	1563	16
218.0	9280	12	10	16071	13	1852	731	13
218.0	7979	11	10	16072	11	1073	1980	15
218.0	9356	27	27	16073	25	348	917	14
218.0	12695	16	20	16074	12	41	722	13
218.0	10679	11	12	16075	9	539	1900	16
218.0	13912	21	25	16076	16	1847	1212	17
218.0	13555	15	12	16077	18	1685	1547	19
218.0	13943	26	18	16078	34	1372	151	14
218.0	9187	17	13	16079	20	566	338	13
218.0	11477	5	4	16080	5	593	204	16
218.0	12043	19	18	16081	20	1674	976	18
218.0	14735	14	13	16082	13	409	658	14
218.0	12102	34	32	16083	34	1948	807	13
218.0	7093	19	15	16084	21	1999	1796	21
218.0	13238	15	12	16085	17	177	699	20
218.0	11166	15	19	16086	10	640	204	19
218.0	10997	18	15	16087	21	1437	1845	16
218.0	11788	5	6	16088	4	1592	439	20
218.0	14652	6	4	16089	8	92	776	15
218.0	13280	54	52	16090	48	1891	195	13
218.0	12724	11	11	16091	10	1774	492	16
218.0	8843	13	14	16092	11	55	386	17
218.0	11741	20	19	16093	20	493	1862	14
218.0	10389	13	10	16094	15	1349	180	14
218.0	13025	27	25	16095	28	659	1568	17
218.0	12142	10	11	16096	9	464	210	18
218.0	13975	0	0	16097	0	1585	577	22
218.0	14988	16	19	16098	13	1665	315	16
218.0	7454	4	7	16099	1	1519	1066	14
218.0	10217	23	24	16100	21	1699	1999	21
218.0	13731	22	26	16101	18	299	999	13
218.0	12764	4	4	16102	4	1587	1077	13
218.0	12341	13	15	16103	11	1733	1719	16
218.0	8959	7	6	16104	8	1208	1828	17
218.0	8496	8	6	16105	10	608	1379	17
218.0	9862	4	4	16106	4	38	974	15
218.0	12561	21	20	16107	19	105	1284	17
218.0	11560	5	5	16108	4	147	1567	19
218.0	13697	21	23	16109	18	1158	145	17
218.0	11752	1	0	16110	2	204	1489	17
218.0	9229	13	12	16111	14	1484	255	17
218.0	12251	7	8	16112	6	32	251	29
218.0	11774	13	14	16113	12	1063	1626	19
218.0	11958	24	24	16114	23	1425	238	16
218.0	10509	15	15	16115	15	108	868	16
218.0	6876	21	20	16116	19	1660	0	20
218.0	11046	23	20	16117	25	1907	842	15
218.0	12942	15	14	16118	15	1654	756	20
218.0	12856	9	7	16119	10	184	1215	16
218.0	12627	6	7	16120	5	138	1091	12
218.0	11296	11	12	16121	10	1917	1483	15
218.0	9884	12	13	16122	11	811	1958	17
218.0	12993	29	29	16123	26	674	13	12
218.0	10632	15	18	16124	12	873	1729	15
218.0	8911	15	14	16125	15	1547	1706	15
218.0	10737	17	18	16126	15	1547	1624	17
218.0	8039	6	6	16127	6	169	237	16
218.0	10678	12	12	16128	11	1097	332	13
218.0	13242	23	15	16129	31	854	1878	17
218.0	12374	6	5	16130	6	1597	817	16
218.0	7944	16	15	16131	15	1667	1149	18
218.0	11269	26	25	16132	25	208	18	15
218.0	10373	16	12	16133	19	223	723	14
218.0	11060	12	12	16134	11	1494	1700	15
218.0	10119	13	11	16135	14	1731	896	18
218.0	10800	13	7	16136	19	447	998	16
218.0	10645	19	16	16137	21	957	19	13
218.0	12364	16	13	16138	19	1509	290	17
218.0	12975	12	12	16139	12	1186	1915	14
218.0	11395	7	7	16140	7	671	1923	18
218.0	11321	11	15	16141	7	1757	591	20
218.0	9215	3	1	16142	4	307	1339	17
218.0	12827	18	18	16143	16	920	1901	14
218.0	10668	23	21	16144	25	1431	1953	17
218.0	10164	23	22	16145	23	1845	578	17
218.0	10698	21	19	16146	22	716	1603	13
218.0	13612	12	12	16147	11	138	744	21
218.0	11385	33	33	16148	31	1638	1069	14
218.0	7071	13	13	16149	11	1108	1683	20
218.0	7139	26	31	16150	21	775	1941	17
218.0	13751	5	5	16151	5	1239	1804	18
218.0	10712	7	7	16152	7	994	1907	16
218.0	7705	12	8	16153	16	235	54	20
218.0	13728	26	23	16154	26	1870	924	16
218.0	10042	27	29	16155	23	354	1729	16
218.0	8452	14	14	16156	14	1449	614	23
218.0	14077	21	25	16157	16	607	1935	20
218.0	10122	23	22	16158	21	887	1906	16
218.0	14178	9	8	16159	10	1818	488	17
218.0	12525	13	16	16160	9	203	370	21
218.0	11851	27	25	16161	28	275	751	12
218.0	12715	4	5	16162	2	729	82	17
218.0	6877	14	19	16163	9	0	1414	19
218.0	7286	16	16	16164	15	0	108	18
218.0	9671	29	28	16165	29	0	1069	16
218.0	13026	8	6	16166	9	450	1594	15
218.0	12598	9	10	16167	8	1505	609	19
218.0	10995	24	22	16168	26	1663	270	16
218.0	12757	12	5	16169	18	1701	1476	16
218.0	7147	15	18	16170	12	44	209	21
218.0	7613	11	9	16171	13	0	859	17
218.0	11515	38	37	16172	35	64	703	15
218.0	10451	13	9	16173	17	1121	1980	14
218.0	12553	6	7	16174	5	1016	1863	17
218.0	10021	9	7	16175	11	1063	1858	17
218.0	8658	11	10	16176	12	1063	1826	18
218.0	10444	20	20	16177	18	642	186	12
218.0	12780	9	7	16178	11	1003	1649	15
218.0	9296	19	11	16179	25	310	1694	13
218.0	12873	8	8	16180	7	253	1252	20
218.0	10623	18	17	16181	18	326	399	14
218.0	8069	5	6	16182	3	1507	1392	19
218.0	13297	21	22	16183	18	295	1046	14
218.0	13882	12	15	16184	9	487	1334	13
218.0	11419	14	14	16185	13	1335	1752	17
218.0	10171	20	17	16186	21	1876	642	14
218.0	12311	19	15	16187	22	788	1702	15
218.0	12617	1	1	16188	1	237	1358	18
218.0	8125	2	2	16189	2	1183	1856	18
218.0	13805	3	2	16190	4	1320	1636	16
218.0	11444	19	15	16191	22	1899	678	16
218.0	12121	11	11	16192	11	480	1657	14
218.0	11780	10	7	16193	13	1514	353	18
218.0	10794	4	3	16194	5	946	164	14
218.0	7134	14	13	16195	15	95	115	19
218.0	12746	10	12	16196	8	650	1667	17
218.0	8714	13	17	16197	8	1474	619	19
218.0	13866	21	16	16198	26	251	55	15
218.0	13890	25	23	16199	26	1569	1401	18
218.0	11587	13	15	16200	11	429	1921	17
218.0	13922	20	20	16201	19	423	137	13
218.0	11757	28	30	16202	25	261	1676	13
218.0	11828	8	6	16203	10	485	1742	17
218.0	9866	0	0	16204	0	330	1546	17
218.0	15280	17	21	16205	12	170	102	20
218.0	7344	5	2	16206	8	477	1296	14
218.0	10594	19	20	16207	17	1574	458	15
218.0	14420	16	14	16208	17	238	249	21
218.0	12888	15	14	16209	14	70	792	16
218.0	15301	22	26	16210	18	1663	1831	19
218.0	9257	21	17	16211	22	1728	714	11
218.0	12005	27	27	16212	25	1863	344	14
219.0	12305	28	34	16213	20	73	936	14
219.0	11572	10	12	16214	8	347	1043	14
219.0	10119	11	11	16215	10	1731	896	19
219.0	12463	12	12	16216	11	1923	466	14
219.0	13409	16	14	16217	17	203	502	18
219.0	9301	3	4	16218	2	1265	1528	13
219.0	13796	18	16	16219	20	55	122	15
219.0	10597	4	2	16220	6	369	1370	17
219.0	11421	6	7	16221	5	999	1856	15
219.0	11875	11	7	16222	15	1268	101	19
219.0	10770	13	11	16223	14	1379	1712	16
219.0	14502	19	18	16224	19	1849	839	17
219.0	9433	15	19	16225	11	1126	178	14
219.0	13800	3	3	16226	3	837	175	15
219.0	14507	9	8	16227	10	881	78	18
219.0	10089	14	13	16228	13	165	733	20
219.0	10712	7	7	16229	6	994	1907	17
219.0	15873	10	11	16230	9	245	1545	13
219.0	11809	10	12	16231	7	581	1935	19
219.0	12854	7	6	16232	8	1509	536	15
219.0	12719	8	7	16233	9	1881	351	16
219.0	12170	11	16	16234	6	1848	899	13
219.0	10608	14	15	16235	11	1628	1733	13
219.0	9709	13	14	16236	11	1675	1113	17
219.0	11303	21	22	16237	19	1619	1266	17
219.0	13201	15	19	16238	9	1956	549	17
219.0	10784	29	32	16239	25	1326	186	13
219.0	11384	13	13	16240	13	1974	114	18
219.0	14138	21	18	16241	24	1478	189	13
219.0	7063	16	20	16242	11	1075	1941	15
219.0	13880	24	23	16243	25	336	90	17
219.0	14240	13	16	16244	10	532	1922	12
219.0	12498	4	5	16245	3	121	588	15
219.0	10415	12	11	16246	13	395	388	18
219.0	10998	14	15	16247	12	113	1355	11
219.0	13864	17	13	16248	21	631	130	14
219.0	11691	32	27	16249	37	1200	1559	15
219.0	8679	7	5	16250	8	664	126	16
219.0	12873	8	9	16251	7	253	1252	21
219.0	11958	24	28	16252	20	1425	238	17
219.0	10594	20	22	16253	18	1574	458	16
219.0	13001	39	37	16254	39	807	35	16
219.0	11587	15	13	16255	17	429	1921	18
219.0	14704	30	31	16256	29	1775	1204	16
219.0	13555	12	17	16257	7	1685	1547	20
219.0	7129	17	16	16258	17	1557	263	14
219.0	12188	11	8	16259	14	1124	123	14
219.0	11518	18	20	16260	15	846	212	13
219.0	8370	9	7	16261	11	303	1043	18
219.0	11003	9	8	16262	9	1378	361	16
219.0	11098	10	9	16263	10	1662	1750	13
219.0	13882	15	15	16264	13	487	1334	14
219.0	6913	0	0	16265	0	0	804	14
219.0	12284	19	18	16266	19	293	1029	20
219.0	13162	25	29	16267	18	614	187	13
219.0	13455	12	11	16268	12	1887	382	18
219.0	11457	3	2	16269	4	766	1518	13
219.0	13357	24	20	16270	28	451	32	17
219.0	14211	8	7	16271	9	1782	596	20
219.0	11725	23	23	16272	19	1685	271	15
219.0	12856	7	5	16273	8	184	1215	17
219.0	14486	6	8	16274	4	720	317	13
219.0	14798	14	11	16275	17	1563	607	21
219.0	10444	20	19	16276	20	642	186	13
219.0	14882	9	9	16277	9	1509	936	15
219.0	11835	15	17	16278	12	184	666	13
219.0	11074	11	12	16279	10	1567	1262	17
219.0	13240	32	29	16280	35	487	1845	15
219.0	12757	5	6	16281	4	1701	1476	17
219.0	13739	37	39	16282	34	1359	137	14
219.0	13370	28	32	16283	23	1514	658	18
219.0	11026	18	17	16284	17	1106	1614	15
219.0	8085	15	13	16285	15	445	1902	19
219.0	10240	18	16	16286	19	0	1456	19
219.0	11842	37	36	16287	36	1870	1332	13
219.0	11350	3	2	16288	4	1049	1557	12
219.0	12774	4	4	16289	3	302	1307	18
219.0	13321	6	7	16290	5	1051	328	21
219.0	7122	7	4	16291	10	326	501	23
219.0	7756	9	10	16292	7	1629	1216	19
219.0	7583	24	25	16293	22	1751	1373	14
219.0	12172	14	16	16294	11	714	1934	14
219.0	13326	19	23	16295	14	398	77	18
219.0	12209	31	35	16296	26	39	349	19
219.0	12841	14	11	16297	15	147	381	19
219.0	11624	24	22	16298	24	261	144	17
219.0	13379	18	18	16299	18	1923	50	16
219.0	12987	23	23	16300	22	898	20	13
219.0	8039	6	5	16301	7	169	237	17
219.0	7337	10	9	16302	11	213	787	23
219.0	13002	18	15	16303	19	1450	1459	14
219.0	11354	12	7	16304	14	1689	820	14
219.0	9924	9	9	16305	9	1349	100	15
219.0	13010	15	11	16306	17	1179	143	16
219.0	8279	25	19	16307	31	1917	1447	16
219.0	9660	7	10	16308	4	202	876	21
219.0	13101	11	11	16309	11	308	724	20
219.0	10999	2	2	16310	2	380	1983	13
219.0	13848	5	4	16311	6	1069	1900	16
219.0	12602	27	20	16312	32	628	348	16
219.0	6922	18	20	16313	15	1620	737	21
219.0	14892	6	9	16314	3	1253	1898	18
219.0	13125	24	22	16315	26	112	500	17
219.0	13680	21	20	16316	20	1870	559	19
219.0	8026	12	17	16317	7	1149	0	17
219.0	13693	19	15	16318	22	1935	515	16
219.0	13651	23	20	16319	26	1723	1065	18
219.0	13015	18	25	16320	11	1194	1763	14
219.0	7738	10	9	16321	11	455	568	14
219.0	14120	4	3	16322	5	1427	1676	16
219.0	10679	12	11	16323	12	539	1880	17
219.0	9914	5	5	16324	5	423	1750	17
219.0	7987	12	9	16325	13	1517	260	18
219.0	12142	11	12	16326	9	464	210	19
219.0	9489	10	13	16327	7	216	354	21
219.0	9782	17	19	16328	14	1402	1884	14
219.0	13187	21	24	16329	17	1419	64	16
219.0	11488	8	8	16330	8	334	1105	20
219.0	14178	8	10	16331	6	1818	488	18
219.0	10751	7	11	16332	3	1774	804	18
219.0	10233	7	5	16333	8	1755	280	18
219.0	9443	2	2	16334	2	157	1542	18
219.0	14360	19	15	16335	21	1232	234	15
219.0	13080	7	7	16336	7	1400	437	18
219.0	13296	12	13	16337	11	1074	1885	16
219.0	11969	7	8	16338	5	1658	1538	15
219.0	13965	13	10	16339	16	178	1388	14
219.0	12609	34	38	16340	29	1921	391	17
219.0	9926	19	15	16341	23	4	911	17
219.0	12888	14	15	16342	11	70	792	17
219.0	11066	19	15	16343	22	284	1383	15
219.0	7922	10	14	16344	5	407	1288	15
219.0	12345	21	21	16345	20	1427	1821	15
219.0	11789	16	12	16346	18	408	150	19
219.0	11954	7	7	16347	6	809	1620	18
219.0	6898	7	7	16348	7	189	1021	16
219.0	11648	9	7	16349	11	298	1159	16
219.0	13157	9	8	16350	9	363	1672	16
219.0	12061	2	1	16351	3	1517	154	17
219.0	15151	4	3	16352	4	390	1604	19
220.0	9064	16	14	16353	17	777	1999	16
220.0	13648	35	32	16354	38	51	1456	18
220.0	12781	2	3	16355	1	339	1982	14
220.0	11265	23	20	16356	26	1952	607	13
220.0	10927	20	22	16357	17	1564	130	14
220.0	15203	20	20	16358	18	1911	866	17
220.0	12201	13	17	16359	8	1999	1161	16
220.0	12307	25	27	16360	21	1242	123	15
220.0	13644	17	16	16361	18	1963	915	14
220.0	13637	8	10	16362	6	1264	1839	15
220.0	12444	20	17	16363	19	1519	817	17
220.0	11901	27	19	16364	34	1800	568	14
220.0	11438	21	24	16365	18	1498	967	24
220.0	10668	21	19	16366	21	1431	1953	18
220.0	10651	6	5	16367	6	222	229	24
220.0	11631	11	6	16368	15	1639	1285	16
220.0	12215	17	18	16369	14	467	1906	14
220.0	10850	5	4	16370	4	16	213	27
220.0	13552	28	29	16371	26	534	1772	16
220.0	14332	13	12	16372	14	1644	1327	18
220.0	10221	3	4	16373	2	1174	1579	18
220.0	7407	24	20	16374	27	1897	631	18
220.0	11972	43	48	16375	37	1310	208	15
220.0	11423	16	9	16376	21	1615	622	17
220.0	11319	23	20	16377	26	1798	625	15
220.0	11404	30	27	16378	31	1294	167	16
220.0	13442	19	20	16379	18	382	1922	16
220.0	10213	22	28	16380	15	1012	1719	14
220.0	13455	11	10	16381	11	1887	382	19
220.0	10854	23	20	16382	25	1003	38	12
220.0	10464	8	6	16383	10	475	1463	17
220.0	14981	23	21	16384	25	797	1984	16
220.0	12918	22	20	16385	21	48	1069	15
220.0	13438	27	23	16386	31	1650	77	13
220.0	12463	12	10	16387	14	1907	450	15
220.0	12484	5	6	16388	4	18	191	23
220.0	9283	6	8	16389	4	1480	1568	18
220.0	9972	19	16	16390	22	0	1437	14
220.0	12851	18	14	16391	21	968	1976	16
220.0	8499	24	22	16392	26	1354	1885	16
220.0	10770	11	13	16393	9	1379	1712	17
220.0	12284	18	20	16394	16	293	1029	21
220.0	12873	9	10	16395	8	253	1252	22
220.0	14586	20	18	16396	22	1481	1845	15
220.0	13383	24	27	16397	20	1607	918	19
220.0	13354	10	6	16398	13	676	1654	15
220.0	13997	7	4	16399	10	1537	1844	15
220.0	12657	15	16	16400	12	1279	1872	16
220.0	14432	16	15	16401	17	36	1431	18
220.0	9501	27	26	16402	26	1260	0	16
220.0	9208	15	12	16403	16	1921	714	16
220.0	13935	4	6	16404	2	460	458	16
220.0	10189	11	11	16405	11	1566	1580	20
220.0	13024	9	8	16406	9	1905	1278	12
220.0	9428	6	7	16407	5	708	1489	18
220.0	7779	9	9	16408	9	1999	1336	14
220.0	13680	20	22	16409	18	1870	559	20
220.0	13403	11	9	16410	12	214	1144	22
220.0	12111	12	11	16411	11	1626	1199	18
220.0	12135	7	8	16412	5	1356	1694	18
220.0	12104	10	12	16413	8	0	693	14
220.0	9792	18	22	16414	14	1528	217	15
220.0	10565	29	31	16415	26	927	1733	17
220.0	11564	11	16	16416	6	1695	701	18
220.0	10416	15	10	16417	19	327	585	18
220.0	11578	24	26	16418	20	329	1779	18
220.0	11760	4	4	16419	4	1686	1370	15
220.0	13120	22	23	16420	20	1592	1437	18
220.0	12605	24	15	16421	33	1436	199	15
220.0	9687	18	18	16422	17	223	556	15
220.0	13401	13	13	16423	13	1929	1789	19
220.0	11115	6	6	16424	5	322	1828	15
220.0	7756	10	9	16425	10	1629	1216	20
220.0	10858	21	17	16426	24	348	776	15
220.0	11891	6	5	16427	6	331	1756	13
220.0	14033	3	0	16428	5	301	1267	16
220.0	12305	34	33	16429	35	73	936	15
220.0	10372	9	8	16430	10	472	1693	17
220.0	12955	19	19	16431	19	989	23	20
220.0	11412	28	29	16432	26	250	106	13
220.0	12303	11	13	16433	9	1336	458	16
220.0	12665	11	6	16434	15	1302	139	13
220.0	11813	20	19	16435	21	618	121	14
220.0	13858	23	21	16436	25	1128	1847	16
220.0	12758	17	17	16437	17	279	717	17
220.0	9291	29	26	16438	31	1889	418	17
220.0	13154	21	21	16439	18	1567	659	21
220.0	15627	8	7	16440	9	1611	1388	22
220.0	10302	19	17	16441	21	813	82	15
220.0	9695	20	15	16442	23	364	1078	20
220.0	9175	10	14	16443	6	1536	414	21
220.0	10596	14	12	16444	14	1695	1284	14
220.0	10605	17	13	16445	19	1815	1564	15
220.0	7738	9	9	16446	9	455	568	15
220.0	13148	22	24	16447	19	1419	1986	15
220.0	10621	7	8	16448	5	856	78	17
220.0	12449	7	4	16449	9	1686	1369	18
220.0	8769	3	3	16450	3	467	1555	11
220.0	12954	15	19	16451	11	1495	548	15
220.0	12835	10	10	16452	10	1947	1349	13
220.0	9298	37	36	16453	37	1652	163	20
220.0	11348	17	13	16454	21	1550	449	15
220.0	11446	19	15	16455	22	1913	765	18
220.0	10015	25	31	16456	18	1579	29	18
220.0	12949	11	8	16457	14	971	1749	19
220.0	9179	18	16	16458	17	183	1067	12
220.0	11754	9	11	16459	7	1524	1562	16
220.0	11043	21	18	16460	23	1549	1726	13
220.0	10393	36	36	16461	36	1810	388	18
220.0	11296	12	9	16462	13	1917	1483	16
220.0	13150	2	2	16463	2	252	567	18
220.0	9173	16	18	16464	14	1416	1804	15
220.0	9963	4	4	16465	3	1626	526	21
220.0	10817	9	11	16466	7	507	342	19
220.0	12502	11	12	16467	10	856	1988	21
220.0	10274	9	11	16468	7	205	917	22
220.0	7733	23	24	16469	21	332	1135	20
220.0	12987	23	28	16470	17	898	20	14
220.0	10751	11	6	16471	16	1774	804	19
220.0	12983	28	25	16472	27	713	1558	9
220.0	13620	12	11	16473	13	736	1694	15
220.0	11077	25	26	16474	23	332	1629	15
220.0	9962	29	31	16475	24	448	299	14
220.0	12916	14	12	16476	15	1455	1319	18
220.0	14041	29	25	16477	33	1955	1165	18
220.0	8445	12	13	16478	9	297	247	15
220.0	14143	19	21	16479	17	1513	1634	20
220.0	10000	16	17	16480	15	221	1542	13
220.0	13147	7	5	16481	9	495	1766	17
220.0	14201	8	8	16482	8	693	1863	19
220.0	10531	15	9	16483	19	1929	1323	12
220.0	11873	29	25	16484	31	1783	1773	19
220.0	13500	26	25	16485	26	1867	19	17
220.0	11491	9	12	16486	6	762	1693	13
220.0	8546	24	21	16487	24	671	287	12
220.0	8671	11	9	16488	13	1662	1204	15
220.0	8644	26	21	16489	30	1559	1435	17
220.0	8730	3	3	16490	3	94	415	30
220.0	9186	27	26	16491	27	903	1999	14
220.0	10135	13	9	16492	15	1928	1349	12
220.0	12036	6	4	16493	8	72	219	20
220.0	14573	6	4	16494	8	445	1777	17
220.0	13364	8	8	16495	8	896	1587	17
220.0	13965	10	14	16496	6	178	1388	15
220.0	11399	17	17	16497	17	1847	488	17
220.0	11000	14	14	16498	12	1870	896	16
220.0	9086	11	9	16499	13	1287	365	19
220.0	10570	2	1	16500	3	1267	1799	17
220.0	15080	10	9	16501	10	1535	384	18
220.0	9331	24	24	16502	24	1874	51	14
220.0	12243	23	20	16503	25	147	33	21
221.0	14146	15	11	16504	18	1216	1902	13
221.0	14441	18	15	16505	19	1967	556	15
221.0	9270	22	18	16506	24	1877	143	13
221.0	8998	9	14	16507	4	1222	1984	17
221.0	9695	15	14	16508	15	364	1078	21
221.0	13493	11	10	16509	12	1970	1382	15
221.0	7473	11	11	16510	10	1295	1844	15
221.0	7915	21	22	16511	18	709	1864	17
221.0	11412	29	28	16512	30	250	106	14
221.0	12469	11	13	16513	8	283	1177	18
221.0	9348	36	32	16514	40	555	189	18
221.0	10133	30	29	16515	29	1776	426	13
221.0	15556	5	6	16516	3	391	1578	18
221.0	12633	33	38	16517	25	1948	1503	16
221.0	11568	11	8	16518	14	627	1627	14
221.0	11000	14	16	16519	11	1870	896	17
221.0	13488	13	19	16520	7	106	989	19
221.0	12211	21	26	16521	15	1536	240	17
221.0	13987	13	17	16522	8	488	1965	15
221.0	13175	19	17	16523	20	1423	1775	20
221.0	10211	7	5	16524	9	912	1619	15
221.0	9686	10	12	16525	6	303	1663	15
221.0	13507	22	19	16526	24	1453	1876	15
221.0	7730	12	14	16527	10	0	1088	14
221.0	14981	21	13	16528	27	797	1984	17
221.0	10947	9	6	16529	10	1960	1752	14
221.0	9291	26	27	16530	24	1889	418	18
221.0	14741	8	7	16531	8	1839	887	19
221.0	12631	15	11	16532	18	1464	1922	13
221.0	8629	7	4	16533	10	93	318	19
221.0	13810	8	9	16534	7	1407	1755	17
221.0	13581	37	38	16535	34	102	909	20
221.0	9516	23	23	16536	22	203	489	18
221.0	14330	15	15	16537	14	1705	1531	17
221.0	13160	19	17	16538	21	117	528	15
221.0	12283	18	21	16539	13	48	1374	15
221.0	13442	20	16	16540	24	382	1922	17
221.0	10287	5	8	16541	2	666	1641	17
221.0	6991	12	11	16542	12	1635	1327	20
221.0	12218	28	25	16543	29	322	1817	13
221.0	11675	35	35	16544	34	171	312	18
221.0	10605	13	11	16545	15	1815	1564	16
221.0	6892	3	4	16546	2	153	423	16
221.0	12391	15	10	16547	20	1504	1816	16
221.0	12568	36	37	16548	30	245	1003	13
221.0	12577	36	42	16549	25	405	46	19
221.0	12853	25	21	16550	28	117	798	19
221.0	7030	20	23	16551	15	1710	1725	23
221.0	11449	15	15	16552	14	406	549	16
221.0	9991	8	5	16553	11	975	170	14
221.0	9747	12	10	16554	14	1728	931	14
221.0	11230	9	11	16555	7	1550	1598	17
221.0	7293	24	27	16556	19	1424	1740	21
221.0	12027	38	41	16557	33	1717	1266	15
221.0	12301	32	27	16558	33	1682	537	16
221.0	12040	23	23	16559	22	1159	80	13
221.0	11951	9	10	16560	8	1191	318	17
221.0	13026	6	4	16561	7	450	1594	16
221.0	7756	9	8	16562	9	1629	1216	21
221.0	9560	14	14	16563	12	828	1721	16
221.0	10079	9	7	16564	11	107	1172	13
221.0	13896	7	11	16565	3	1476	1581	17
221.0	9394	24	35	16566	13	1538	437	17
221.0	9229	12	6	16567	18	1484	255	18
221.0	10878	23	25	16568	21	1217	1923	15
221.0	10700	13	12	16569	13	832	1814	18
221.0	11022	29	35	16570	22	1695	215	21
221.0	13001	37	34	16571	40	807	35	17
221.0	9416	14	16	16572	12	1613	17	19
221.0	7721	32	30	16573	32	1999	408	16
221.0	11850	27	27	16574	26	1834	1549	13
221.0	12523	17	20	16575	14	1193	1889	15
221.0	11138	22	24	16576	19	1977	1512	15
221.0	13529	5	5	16577	4	529	1288	16
221.0	13273	20	22	16578	18	170	1083	12
221.0	14193	7	8	16579	6	846	1893	17
221.0	12937	6	5	16580	7	298	912	12
221.0	11564	16	14	16581	17	1695	701	19
221.0	9829	4	4	16582	3	920	318	19
221.0	13505	0	0	16583	0	387	1413	17
221.0	11884	31	30	16584	31	1895	0	15
221.0	13153	13	14	16585	9	1131	216	18
221.0	15626	20	19	16586	21	48	1085	19
221.0	10584	5	7	16587	3	223	1385	17
221.0	13438	23	20	16588	25	1650	77	14
221.0	11872	12	16	16589	7	238	1842	14
221.0	10310	20	20	16590	20	109	1399	18
221.0	12817	9	7	16591	11	1336	211	14
221.0	7407	20	19	16592	20	1897	631	19
221.0	11008	20	18	16593	20	37	670	22
221.0	13250	17	18	16594	16	152	545	16
221.0	14187	18	23	16595	13	146	834	14
221.0	13379	18	22	16596	13	1923	50	17
221.0	13726	13	15	16597	10	1824	1741	15
221.0	11237	14	16	16598	11	1779	652	18
221.0	12576	15	11	16599	18	1487	1799	17
221.0	11909	12	12	16600	12	1418	1854	16
221.0	9880	20	13	16601	25	157	113	19
221.0	12281	13	13	16602	12	1577	390	17
221.0	8211	4	2	16603	5	46	767	15
221.0	12242	30	37	16604	23	1867	587	13
221.0	15074	11	6	16605	14	1311	1971	16
221.0	14235	16	17	16606	14	1485	515	17
221.0	10501	9	4	16607	13	1409	1946	15
221.0	10464	6	6	16608	6	475	1463	18
221.0	12148	10	10	16609	10	1725	773	21
221.0	13989	9	7	16610	10	697	1833	18
221.0	15214	11	13	16611	8	334	1863	15
221.0	12101	4	2	16612	6	204	839	17
221.0	13760	16	22	16613	10	1847	214	12
221.0	13101	11	13	16614	9	308	724	21
221.0	12016	19	17	16615	21	1501	308	16
221.0	9649	10	9	16616	9	1276	192	18
221.0	8013	4	4	16617	4	1518	1354	14
221.0	13858	21	16	16618	24	1128	1847	17
221.0	12779	12	11	16619	13	1541	1398	14
221.0	10034	30	26	16620	32	72	1009	15
221.0	12120	20	25	16621	15	612	1847	17
221.0	12102	32	34	16622	29	1948	807	14
221.0	8500	15	11	16623	19	605	23	17
221.0	11348	13	13	16624	12	1550	449	16
221.0	11555	15	11	16625	16	685	1688	15
221.0	11578	26	28	16626	23	329	1794	19
221.0	12322	47	42	16627	51	1256	82	17
221.0	10836	22	22	16628	22	1393	1825	16
221.0	15087	27	32	16629	21	1456	60	19
221.0	10674	2	2	16630	2	729	369	13
221.0	9208	12	13	16631	11	1921	714	17
221.0	11848	26	32	16632	19	25	338	22
221.0	14109	32	33	16633	31	1694	1255	18
221.0	11791	29	29	16634	29	1601	1069	14
221.0	12356	14	18	16635	9	1486	300	18
221.0	10632	18	13	16636	21	873	1729	16
221.0	11301	9	5	16637	11	1594	1146	17
221.0	13894	24	17	16638	29	1056	72	18
221.0	12567	10	10	16639	9	1808	1103	14
221.0	9175	14	8	16640	20	1536	397	22
221.0	11746	14	19	16641	9	1641	1645	16
221.0	11337	0	0	16642	0	1406	1693	16
221.0	7651	2	1	16643	2	1598	561	23
221.0	10213	28	25	16644	29	1012	1719	15
221.0	11224	7	7	16645	7	1405	1678	16
221.0	11010	12	11	16646	13	1724	522	14
221.0	8649	26	30	16647	20	1974	782	15
221.0	13862	17	17	16648	17	239	1091	16
221.0	10692	14	13	16649	13	1226	1860	15
221.0	15269	11	8	16650	13	1800	1822	18
221.0	10678	12	10	16651	13	1097	332	14
221.0	14569	20	14	16652	24	621	1775	10
221.0	9241	22	18	16653	24	519	1547	17
221.0	13788	11	9	16654	12	19	1172	14
221.0	10312	15	17	16655	11	398	670	14
221.0	12041	8	9	16656	7	304	288	19
221.0	14906	26	31	16657	21	1423	223	15
221.0	11723	13	17	16658	8	374	1466	17
221.0	12379	16	16	16659	15	276	1449	16
221.0	9211	21	19	16660	22	1165	174	18
222.0	10774	20	19	16661	21	514	225	20
222.0	10607	18	20	16662	16	416	374	17
222.0	14950	4	4	16663	4	902	1758	14
222.0	9602	17	20	16664	14	1213	50	17
222.0	9989	28	25	16665	28	1795	1157	14
222.0	12224	3	1	16666	4	373	1528	18
222.0	9665	8	9	16667	6	405	1511	15
222.0	13980	20	21	16668	19	482	1946	10
222.0	15231	11	11	16669	11	308	1604	15
222.0	13665	19	19	16670	18	1615	798	17
222.0	12497	11	12	16671	9	931	35	11
222.0	12361	37	29	16672	42	1559	1319	14
222.0	12460	8	7	16673	9	1048	188	22
222.0	12536	15	12	16674	17	1453	1675	18
222.0	11321	15	12	16675	18	1757	591	21
222.0	12537	12	14	16676	10	1858	715	15
222.0	13853	17	14	16677	19	731	1898	16
222.0	10673	33	28	16678	36	1383	255	12
222.0	12901	15	12	16679	17	1108	72	17
222.0	9856	29	27	16680	28	574	1896	14
222.0	11215	18	17	16681	19	1507	1844	18
222.0	10791	15	14	16682	15	89	1811	15
222.0	12077	21	20	16683	21	485	1369	13
222.0	9208	13	15	16684	11	1921	714	18
222.0	7730	14	19	16685	9	0	1088	15
222.0	13513	37	33	16686	41	1948	807	14
222.0	8960	15	17	16687	13	1616	1267	20
222.0	12748	14	13	16688	15	1954	1785	19
222.0	9103	9	7	16689	10	907	282	17
222.0	10858	17	14	16690	20	348	776	16
222.0	14569	14	10	16691	18	621	1775	11
222.0	14466	29	30	16692	27	1588	886	16
222.0	7321	22	25	16693	19	1916	32	17
222.0	12185	31	32	16694	30	316	457	22
222.0	12664	4	1	16695	7	1748	941	23
222.0	11207	5	5	16696	5	364	1498	16
222.0	11302	9	12	16697	6	365	999	22
222.0	13598	15	9	16698	19	407	1409	13
222.0	9046	13	13	16699	13	1077	292	14
222.0	14075	6	7	16700	5	1598	1203	18
222.0	8125	2	1	16701	3	1198	1856	19
222.0	13442	16	13	16702	17	382	1922	18
222.0	13281	13	14	16703	12	1587	278	14
222.0	13310	24	19	16704	29	193	546	15
222.0	12540	21	19	16705	22	1819	71	14
222.0	9903	17	14	16706	19	1393	1939	15
222.0	9749	7	8	16707	6	1616	587	20
222.0	14577	16	20	16708	12	489	1560	17
222.0	13280	52	42	16709	58	1891	195	14
222.0	10648	24	22	16710	25	1617	301	17
222.0	10194	38	33	16711	41	1744	1922	16
222.0	10187	22	24	16712	19	131	536	16
222.0	10836	22	23	16713	18	1393	1825	17
222.0	8612	15	18	16714	12	866	1851	21
222.0	9514	27	26	16715	27	1925	1925	19
222.0	13398	7	7	16716	7	301	223	21
222.0	10501	4	6	16717	2	1428	1946	16
222.0	11478	34	27	16718	41	66	454	15
222.0	12904	5	3	16719	6	1365	1848	17
222.0	12592	9	9	16720	9	937	259	16
222.0	12039	20	26	16721	14	1459	409	17
222.0	7810	5	4	16722	6	1315	1892	17
222.0	11891	5	6	16723	3	309	1756	14
222.0	13299	16	16	16724	15	1777	1004	18
222.0	11348	13	15	16725	11	1550	449	17
222.0	11993	0	0	16726	0	345	1512	16
222.0	13778	19	17	16727	19	894	1891	20
222.0	11138	24	21	16728	25	1977	1512	16
222.0	9926	15	19	16729	11	4	911	18
222.0	11592	4	2	16730	5	356	1189	16
222.0	13418	29	30	16731	26	1884	510	19
222.0	15425	9	10	16732	8	702	256	17
222.0	14238	2	3	16733	1	357	1569	19
222.0	12586	7	5	16734	9	75	1507	17
222.0	11466	3	3	16735	3	426	1405	15
222.0	11796	2	2	16736	2	316	1360	16
222.0	12691	22	22	16737	22	1611	258	13
222.0	10718	12	13	16738	10	412	85	19
222.0	14166	18	16	16739	19	676	1906	18
222.0	11149	15	20	16740	10	358	1231	15
222.0	14585	9	9	16741	9	220	637	18
222.0	12627	7	6	16742	8	170	1123	13
222.0	10121	20	20	16743	19	1981	0	16
222.0	9912	12	9	16744	12	1954	1856	17
222.0	12640	29	33	16745	24	51	1168	19
222.0	9504	6	6	16746	6	1823	1025	19
222.0	7886	14	13	16747	15	785	14	14
222.0	13165	15	14	16748	15	1562	63	18
222.0	7909	6	3	16749	9	1703	921	17
222.0	10507	28	20	16750	35	1369	424	15
222.0	9132	6	4	16751	8	249	1577	16
222.0	13207	37	40	16752	34	1682	174	18
222.0	10052	16	20	16753	10	715	1896	16
222.0	9291	27	26	16754	24	1889	418	19
222.0	9652	20	21	16755	19	758	1947	15
222.0	12283	21	22	16756	20	48	1374	16
222.0	12259	27	27	16757	26	12	408	16
222.0	10583	22	18	16758	25	646	1595	15
222.0	8715	19	22	16759	13	1938	1618	11
222.0	13542	23	28	16760	18	1921	533	15
222.0	11345	2	2	16761	2	58	259	27
222.0	14180	9	7	16762	11	320	1916	14
222.0	13224	3	1	16763	4	1466	1653	16
222.0	14797	23	29	16764	17	1883	282	15
222.0	9353	11	12	16765	10	269	1100	15
222.0	13395	4	7	16766	0	1787	1507	15
222.0	15068	13	9	16767	16	1580	96	17
222.0	12243	20	16	16768	22	147	33	22
222.0	14178	10	13	16769	7	1832	474	19
222.0	11311	19	17	16770	19	1129	380	18
222.0	11087	17	19	16771	15	1108	230	16
222.0	13383	27	24	16772	30	1607	918	20
222.0	13082	9	13	16773	5	227	1300	17
222.0	13254	21	20	16774	20	449	1921	15
222.0	16521	15	18	16775	12	1568	227	18
222.0	12300	24	31	16776	16	1478	137	17
222.0	6908	26	27	16777	25	1395	170	14
222.0	14635	21	22	16778	20	1903	569	15
222.0	9250	15	14	16779	16	780	1823	16
222.0	15443	14	12	16780	16	543	1959	20
222.0	13938	16	16	16781	15	930	1823	19
222.0	11483	9	5	16782	12	1655	1468	16
222.0	12576	11	13	16783	9	1506	1799	18
222.0	13231	14	11	16784	15	487	1886	17
222.0	11724	14	14	16785	14	1340	1805	14
222.0	11310	18	16	16786	18	1820	272	15
222.0	13135	7	9	16787	5	352	668	19
222.0	9519	19	19	16788	18	868	1694	18
222.0	12607	14	18	16789	10	390	1199	12
222.0	9766	9	14	16790	4	806	109	17
222.0	10659	8	9	16791	6	465	1538	15
222.0	9574	16	19	16792	12	1215	234	15
222.0	9048	9	10	16793	8	1660	419	17
222.0	8088	3	3	16794	3	1015	1588	13
222.0	12351	31	35	16795	27	1769	1273	15
222.0	9797	26	23	16796	29	511	288	18
222.0	7454	7	6	16797	8	1519	1066	15
222.0	10440	20	21	16798	17	1609	984	20
222.0	12469	13	8	16799	18	264	1177	19
222.0	13420	35	35	16800	33	1493	117	15
222.0	13122	21	27	16801	14	781	1796	15
222.0	15045	7	5	16802	9	1725	954	17
222.0	7096	13	14	16803	12	934	66	11
222.0	11322	29	26	16804	29	424	169	19
222.0	8652	34	29	16805	38	1844	986	16
222.0	11113	7	9	16806	5	1584	347	16
222.0	12329	7	7	16807	6	405	1716	13
222.0	11220	30	31	16808	28	287	665	16
222.0	12379	16	14	16809	18	263	1436	17
222.0	11459	10	11	16810	9	628	237	16
222.0	12457	13	12	16811	14	329	1015	20
222.0	12577	42	42	16812	42	405	46	20
222.0	13657	11	6	16813	16	323	1297	14
222.0	9794	24	20	16814	23	1619	821	17
222.0	12647	9	11	16815	7	940	1877	14
222.0	14856	9	11	16816	5	827	1586	16
222.0	11798	24	18	16817	28	103	1109	18
222.0	11450	13	16	16818	10	975	1870	13
222.0	11158	14	14	16819	14	1761	25	13
222.0	14695	15	11	16820	18	1889	1531	17
222.0	10800	7	5	16821	9	447	998	17
222.0	10634	21	18	16822	23	588	1988	17
222.0	8102	30	30	16823	28	71	1077	13
222.0	10605	11	7	16824	13	1815	1564	17
222.0	14293	22	17	16825	25	116	1027	15
223.0	13093	40	34	16826	42	1528	352	17
223.0	10817	11	14	16827	8	507	342	20
223.0	7893	4	5	16828	3	179	976	20
223.0	8677	14	15	16829	11	73	1982	15
223.0	13280	42	39	16830	42	1891	195	15
223.0	9785	16	14	16831	17	1784	1878	20
223.0	14709	39	32	16832	44	45	645	22
223.0	9912	9	14	16833	4	1954	1856	18
223.0	15612	8	7	16834	9	1719	814	15
223.0	15272	13	13	16835	13	1348	238	14
223.0	12283	22	27	16836	15	48	1374	17
223.0	14086	14	13	16837	13	1818	1644	12
223.0	10673	28	23	16838	31	1383	255	13
223.0	12416	8	7	16839	8	144	1345	17
223.0	7454	6	4	16840	8	1519	1066	16
223.0	10221	4	3	16841	5	1174	1579	19
223.0	10836	23	27	16842	18	1393	1825	18
223.0	11281	31	31	16843	28	1582	189	20
223.0	13580	12	10	16844	14	588	1951	18
223.0	13686	3	4	16845	2	200	859	19
223.0	13724	8	10	16846	6	1729	409	18
223.0	13007	4	5	16847	3	441	1723	14
223.0	11044	36	27	16848	42	35	1009	15
223.0	11730	52	53	16849	47	770	248	19
223.0	12033	30	24	16850	34	250	1912	15
223.0	15442	13	14	16851	12	536	1562	18
223.0	12613	18	18	16852	18	1639	658	21
223.0	14735	13	14	16853	12	409	658	15
223.0	13485	17	15	16854	19	1694	877	17
223.0	10584	7	7	16855	7	223	1385	18
223.0	12060	2	2	16856	2	649	1478	19
223.0	12922	23	24	16857	21	1752	1529	21
223.0	7232	30	36	16858	22	420	347	20
223.0	10019	9	10	16859	8	989	1939	16
223.0	13697	23	19	16860	24	1158	145	18
223.0	12524	11	11	16861	10	626	1733	18
223.0	11404	27	28	16862	25	1294	167	17
223.0	13078	20	22	16863	17	130	456	18
223.0	11320	24	24	16864	23	1529	939	21
223.0	12538	21	21	16865	20	1886	570	14
223.0	16237	19	26	16866	12	1645	1239	18
223.0	13796	16	13	16867	18	55	122	16
223.0	10791	14	9	16868	16	89	1811	16
223.0	15947	4	6	16869	2	1449	1788	17
223.0	11014	12	11	16870	12	335	1470	15
223.0	11416	12	12	16871	12	16	1585	17
223.0	9519	19	18	16872	19	868	1694	19
223.0	9374	37	40	16873	33	743	228	21
223.0	13677	18	20	16874	16	36	895	19
223.0	12594	10	12	16875	6	1522	1728	14
223.0	6873	24	21	16876	25	206	330	20
223.0	13408	23	22	16877	22	317	1068	15
223.0	13922	20	16	16878	22	423	137	14
223.0	13624	19	18	16879	19	1739	158	18
223.0	10698	19	17	16880	19	716	1603	14
223.0	11428	11	6	16881	14	1766	829	16
223.0	16730	5	6	16882	4	337	1189	17
223.0	7321	25	26	16883	24	1916	32	18
223.0	13620	11	10	16884	11	736	1694	16
223.0	10761	9	10	16885	7	1246	1751	14
223.0	9804	11	9	16886	13	1506	1942	17
223.0	15783	53	45	16887	55	70	768	22
223.0	14433	10	7	16888	13	568	1568	14
223.0	13918	21	24	16889	17	1649	1443	17
223.0	9883	4	3	16890	5	139	237	16
223.0	12351	35	25	16891	45	1769	1273	16
223.0	14216	17	21	16892	12	1537	1810	20
223.0	12537	14	13	16893	14	1858	715	16
223.0	11825	11	10	16894	12	371	85	19
223.0	8967	8	6	16895	10	167	1567	18
223.0	13231	11	8	16896	13	487	1886	18
223.0	13707	14	14	16897	13	514	1883	17
223.0	14695	11	14	16898	8	1889	1531	18
223.0	13330	20	22	16899	17	228	1217	15
223.0	16727	19	21	16900	16	906	1903	21
223.0	8564	21	24	16901	18	0	1373	17
223.0	12465	18	15	16902	21	1818	926	16
223.0	10768	21	24	16903	16	623	1750	14
223.0	11497	22	27	16904	17	1196	34	14
223.0	13523	13	13	16905	13	611	1966	21
223.0	10719	7	6	16906	7	578	1649	16
223.0	10225	11	9	16907	11	973	338	18
223.0	8118	21	19	16908	21	1783	921	19
223.0	9213	3	2	16909	4	992	1888	15
223.0	12178	15	11	16910	15	170	993	18
223.0	12455	19	15	16911	22	303	478	13
223.0	14422	17	15	16912	19	1659	1134	14
223.0	13532	0	0	16913	0	271	1406	16
223.0	13890	23	22	16914	22	1569	1401	19
223.0	12243	16	15	16915	17	147	33	23
223.0	13314	5	4	16916	6	587	172	17
223.0	13743	13	16	16917	9	1894	950	16
223.0	9139	23	30	16918	13	1658	707	17
223.0	13211	20	24	16919	15	282	72	21
223.0	14269	28	28	16920	25	1976	1818	21
223.0	15620	13	15	16921	11	194	1609	17
223.0	14786	8	7	16922	9	1139	1622	16
223.0	12471	8	7	16923	7	1484	1795	15
223.0	10962	21	23	16924	19	1381	1986	17
223.0	12941	6	4	16925	8	1346	1937	17
223.0	13567	22	19	16926	25	1475	181	13
223.0	10621	8	8	16927	8	866	88	18
223.0	13178	18	13	16928	23	1939	1032	15
223.0	10164	22	26	16929	18	1845	578	18
223.0	13197	33	34	16930	30	1669	53	17
223.0	12363	19	16	16931	21	109	654	16
223.0	6855	16	15	16932	16	1118	1797	15
223.0	12220	45	46	16933	41	1762	1218	16
223.0	11833	0	0	16934	0	355	1414	16
223.0	13791	22	21	16935	21	1857	471	15
223.0	12376	18	20	16936	14	1345	144	13
223.0	9856	27	22	16937	30	574	1896	15
223.0	13136	46	45	16938	43	1544	44	15
223.0	13011	21	17	16939	24	1649	141	18
223.0	10583	18	15	16940	20	646	1595	16
223.0	13418	30	33	16941	26	1884	510	20
223.0	12175	23	26	16942	19	763	1912	16
223.0	14942	32	27	16943	36	1986	439	16
223.0	8313	10	10	16944	9	1562	29	19
223.0	11313	5	4	16945	6	860	1953	19
223.0	9567	15	14	16946	15	409	1618	14
223.0	11645	24	25	16947	21	1680	1806	17
223.0	13027	20	23	16948	16	1351	178	14
223.0	10108	15	17	16949	12	183	576	25
223.0	9640	14	13	16950	14	1856	787	15
223.0	14102	5	6	16951	4	1202	1807	16
223.0	11171	12	14	16952	9	1416	1661	15
223.0	10913	26	25	16953	27	1864	112	10
223.0	15924	16	17	16954	15	307	1605	16
223.0	12527	19	13	16955	25	292	1944	15
223.0	13923	19	17	16956	21	439	1869	19
223.0	11507	15	10	16957	19	1302	67	16
223.0	10485	10	8	16958	12	697	1609	17
223.0	12517	29	27	16959	30	1664	1908	15
223.0	9880	13	15	16960	11	157	113	20
223.0	7050	10	11	16961	8	199	1187	13
223.0	9208	15	10	16962	20	1921	714	19
223.0	12490	20	19	16963	20	1692	229	12
223.0	13769	4	4	16964	4	1326	1837	16
223.0	13057	12	8	16965	14	158	925	19
224.0	13144	21	25	16966	16	1618	184	21
224.0	10164	26	27	16967	23	1845	578	19
224.0	13289	29	32	16968	25	31	1033	17
224.0	9031	16	19	16969	13	1484	78	16
224.0	11976	13	15	16970	11	1941	1702	17
224.0	10066	21	22	16971	18	337	1210	11
224.0	7147	18	14	16972	19	59	209	22
224.0	11319	20	23	16973	17	1798	625	16
224.0	6855	15	14	16974	16	1118	1797	16
224.0	13665	19	18	16975	19	1615	798	18
224.0	13815	27	33	16976	21	318	1736	16
224.0	13170	6	6	16977	6	379	1386	14
224.0	14635	22	25	16978	18	1903	569	16
224.0	7030	23	12	16979	33	1806	1704	24
224.0	14186	21	25	16980	16	1259	360	16
224.0	8761	37	42	16981	29	1758	407	20
224.0	10914	29	38	16982	18	1619	1625	17
224.0	13624	18	20	16983	16	1739	158	19
224.0	15124	27	32	16984	22	1783	1071	18
224.0	13195	13	9	16985	17	1105	1980	15
224.0	15244	13	13	16986	12	1258	1964	18
224.0	11144	17	24	16987	9	1677	669	14
224.0	13161	19	17	16988	21	123	1051	13
224.0	14254	16	16	16989	14	246	1379	15
224.0	11589	25	23	16990	26	52	1548	16
224.0	13471	20	18	16991	22	558	1712	20
224.0	13946	28	30	16992	23	1379	1519	14
224.0	14495	14	14	16993	14	1758	1584	18
224.0	13433	16	10	16994	21	346	1819	13
224.0	10755	11	8	16995	13	1674	1338	16
224.0	13385	17	20	16996	12	1935	699	15
224.0	14422	15	12	16997	15	1659	1134	15
224.0	13918	24	26	16998	21	1649	1443	18
224.0	10728	15	17	16999	13	1958	89	16
224.0	11788	6	4	17000	8	1625	454	21
224.0	13499	20	19	17001	20	1839	1912	17
224.0	10708	12	11	17002	12	1636	1133	15
224.0	12351	25	20	17003	30	1769	1273	17
224.0	12033	24	28	17004	20	250	1912	16
224.0	12529	37	38	17005	35	1778	348	18
224.0	13510	21	20	17006	20	1977	399	14
224.0	13418	33	27	17007	36	1884	510	21
224.0	9202	14	10	17008	18	1683	477	17
224.0	13872	15	11	17009	19	1215	208	19
224.0	11885	31	27	17010	31	620	297	22
224.0	12874	11	8	17011	13	1713	1236	18
224.0	12538	21	17	17012	23	1886	570	15
224.0	10224	16	16	17013	15	1232	1955	18
224.0	11469	9	12	17014	5	288	1261	17
224.0	14645	28	28	17015	28	1660	203	20
224.0	15951	32	39	17016	24	1514	213	19
224.0	13719	4	4	17017	4	145	227	16
224.0	9585	9	10	17018	8	1621	1569	17
224.0	13028	23	17	17019	28	350	1615	12
224.0	13581	38	43	17020	32	102	909	21
224.0	13205	26	31	17021	20	1533	319	19
224.0	9296	11	10	17022	12	296	1708	14
224.0	12954	19	20	17023	17	1495	548	16
224.0	12102	34	41	17024	27	1935	820	15
224.0	9779	20	16	17025	22	1363	327	18
224.0	8593	11	13	17026	9	1743	309	18
224.0	9856	22	22	17027	21	574	1896	16
224.0	11951	10	13	17028	7	1191	318	18
224.0	8518	7	5	17029	9	1518	1431	20
224.0	12110	3	0	17030	6	1555	485	22
224.0	13808	22	21	17031	21	1907	709	16
224.0	10594	22	23	17032	18	1592	458	17
224.0	12619	7	5	17033	9	1658	1662	16
224.0	9993	15	14	17034	15	414	1813	17
224.0	10144	12	9	17035	14	1388	461	18
224.0	10928	14	11	17036	15	1825	228	15
224.0	13925	9	8	17037	9	1934	1149	17
224.0	10672	11	11	17038	11	1862	1182	17
224.0	12568	37	26	17039	44	245	1003	14
224.0	12170	16	19	17040	10	1848	899	14
224.0	11387	31	28	17041	31	1984	187	12
224.0	14339	22	20	17042	24	1713	1042	19
224.0	14280	33	33	17043	32	1904	343	18
224.0	12337	17	18	17044	14	573	1821	11
224.0	12765	5	4	17045	5	935	191	15
224.0	12360	15	14	17046	15	223	1511	13
224.0	14052	11	11	17047	9	1738	461	18
224.0	12074	15	18	17048	11	1632	17	18
224.0	6906	8	8	17049	8	247	1342	20
224.0	8261	32	29	17050	30	1952	181	17
224.0	9519	18	18	17051	18	868	1694	20
224.0	6877	19	19	17052	17	0	1414	20
224.0	7276	13	15	17053	9	1999	523	17
224.0	13651	20	20	17054	18	1723	1065	19
224.0	10572	17	16	17055	14	513	1979	15
224.0	7813	12	12	17056	12	1658	1518	15
224.0	8084	22	28	17057	16	1999	139	21
224.0	12517	27	24	17058	30	1664	1908	16
224.0	14707	8	8	17059	7	247	977	18
224.0	13858	16	17	17060	14	1128	1847	18
224.0	14514	5	5	17061	5	1900	1142	13
224.0	13715	15	15	17062	15	463	1585	17
224.0	13648	32	33	17063	31	51	1456	19
224.0	16310	2	2	17064	2	380	1965	14
224.0	12996	4	5	17065	2	1035	277	21
224.0	13655	41	30	17066	51	328	642	18
224.0	14216	21	23	17067	18	1537	1810	21
224.0	13351	3	3	17068	3	1680	644	20
224.0	13265	11	9	17069	12	1277	1945	16
224.0	9621	10	16	17070	4	1748	1491	15
224.0	16350	9	8	17071	10	358	1676	17
224.0	11850	27	25	17072	26	1834	1549	14
224.0	13819	29	23	17073	35	1785	245	14
224.0	10947	6	10	17074	2	1960	1729	15
224.0	13241	21	18	17075	24	1555	312	14
224.0	14322	9	8	17076	10	1566	336	17
224.0	14797	29	28	17077	27	1883	297	16
224.0	12571	25	25	17078	25	1903	150	19
224.0	9728	18	17	17079	19	1597	1963	18
224.0	12661	22	22	17080	21	262	1631	14
224.0	10762	19	16	17081	21	1999	473	16
224.0	8040	18	18	17082	18	200	153	19
224.0	11926	16	14	17083	18	355	1987	16
224.0	13557	17	18	17084	15	482	1546	15
224.0	13774	22	21	17085	22	1679	1874	20
224.0	14211	7	5	17086	9	1782	618	21
224.0	14335	14	12	17087	15	1756	804	22
224.0	11884	30	33	17088	24	1895	0	16
224.0	11261	12	15	17089	8	1139	47	13
224.0	11691	27	29	17090	24	1200	1559	16
224.0	6938	35	37	17091	33	124	1108	14
224.0	11268	10	7	17092	13	126	1472	14
224.0	12092	11	13	17093	9	426	1627	17
224.0	15032	17	17	17094	17	586	1720	18
224.0	15930	18	26	17095	8	533	1725	20
225.0	10000	17	14	17096	18	221	1542	14
225.0	13737	34	40	17097	26	60	1355	13
225.0	14719	21	12	17098	27	529	328	15
225.0	12085	16	13	17099	19	718	259	15
225.0	10719	6	5	17100	7	578	1649	17
225.0	7584	8	8	17101	8	1491	1714	17
225.0	13881	10	9	17102	11	150	1078	14
225.0	10987	21	23	17103	18	1515	1862	18
225.0	9922	0	0	17104	0	328	1394	16
225.0	14097	22	25	17105	17	157	863	14
225.0	14797	28	32	17106	23	1883	297	17
225.0	13063	13	8	17107	18	1632	1545	19
225.0	9820	34	33	17108	32	156	950	15
225.0	12898	8	10	17109	6	1607	1817	16
225.0	12603	13	16	17110	9	1914	1732	16
225.0	11138	21	16	17111	25	1977	1512	17
225.0	12018	31	29	17112	30	235	77	16
225.0	11196	32	30	17113	31	1738	330	13
225.0	17076	10	6	17114	14	1578	323	18
225.0	13947	28	27	17115	27	1641	1896	16
225.0	13491	24	20	17116	28	1928	600	15
225.0	13061	14	17	17117	11	1703	1922	19
225.0	12576	13	12	17118	14	1506	1799	19
225.0	12305	33	29	17119	34	68	931	16
225.0	12177	22	24	17120	19	1481	1778	23
225.0	11279	10	9	17121	10	120	159	22
225.0	11831	4	3	17122	5	280	557	15
225.0	12170	19	26	17123	11	1848	899	15
225.0	10129	23	19	17124	26	1696	856	15
225.0	13144	25	33	17125	15	1618	184	22
225.0	11568	8	4	17126	11	627	1627	15
225.0	8518	5	6	17127	4	1518	1431	21
225.0	9415	37	27	17128	44	60	1336	15
225.0	15329	8	9	17129	6	261	1606	16
225.0	12987	28	22	17130	34	898	20	15
225.0	14120	3	3	17131	2	1427	1676	17
225.0	10056	7	10	17132	4	1252	1856	20
225.0	11337	0	0	17133	0	1406	1693	17
225.0	13184	26	25	17134	27	257	23	15
225.0	13300	15	15	17135	15	1656	956	18
225.0	10307	2	2	17136	2	1164	1806	17
225.0	12771	7	7	17137	7	1258	1723	16
225.0	12744	18	15	17138	20	1760	1964	17
225.0	15534	15	12	17139	18	459	1984	16
225.0	10724	6	10	17140	2	336	1447	16
225.0	14469	10	12	17141	7	1392	1873	16
225.0	6959	10	8	17142	11	1999	1490	14
225.0	13161	17	15	17143	15	123	1051	14
225.0	9096	19	24	17144	13	1219	277	15
225.0	12809	8	9	17145	7	1209	457	19
225.0	12318	7	4	17146	10	1015	1764	14
225.0	13758	14	13	17147	15	458	79	18
225.0	13193	0	0	17148	0	1520	1654	18
225.0	13739	39	35	17149	41	1359	137	15
225.0	12218	25	26	17150	21	322	1817	14
225.0	14684	30	31	17151	27	1935	370	17
225.0	13624	20	17	17152	22	1739	158	20
225.0	12137	9	7	17153	11	315	262	14
225.0	12105	8	7	17154	8	1963	933	14
225.0	9727	22	23	17155	21	1505	371	18
225.0	12862	9	8	17156	10	209	445	16
225.0	10066	22	26	17157	17	337	1210	12
225.0	13548	7	5	17158	7	1793	1354	18
225.0	11310	16	18	17159	14	1820	272	16
225.0	9605	12	6	17160	18	47	1135	16
225.0	12613	18	24	17161	12	1639	658	22
225.0	12851	14	19	17162	9	968	1976	17
225.0	14077	25	26	17163	21	607	1935	21
225.0	12708	31	28	17164	31	150	1155	12
225.0	11948	31	30	17165	31	178	1460	14
225.0	11464	4	4	17166	3	932	171	15
225.0	10321	15	13	17167	15	220	914	19
225.0	13559	8	8	17168	8	1773	1434	14
225.0	11956	5	4	17169	6	1545	1478	21
225.0	15910	9	8	17170	10	350	1755	18
225.0	7017	15	11	17171	18	1947	866	16
225.0	14144	15	14	17172	15	1793	648	18
225.0	7892	16	14	17173	17	723	299	14
225.0	7691	2	3	17174	1	1627	338	19
225.0	14145	14	17	17175	11	240	1281	18
225.0	12536	12	9	17176	13	1472	1675	19
225.0	6953	26	27	17177	24	134	551	17
225.0	9280	10	12	17178	8	1836	747	14
225.0	9089	8	10	17179	6	1637	606	15
225.0	13902	31	21	17180	41	15	1015	17
225.0	9048	10	15	17181	5	1673	406	18
225.0	14485	6	4	17182	8	197	1134	23
225.0	12619	5	4	17183	4	1658	1662	17
225.0	14718	6	5	17184	6	1499	1318	14
225.0	15675	5	6	17185	4	1752	1335	14
225.0	12713	19	18	17186	19	398	1230	10
225.0	11917	34	28	17187	37	506	37	19
225.0	6898	7	8	17188	6	178	1032	17
225.0	9963	4	5	17189	3	1626	526	22
225.0	9915	14	9	17190	18	1614	707	16
225.0	11278	29	30	17191	26	1999	922	19
225.0	9856	22	19	17192	25	574	1896	17
225.0	16352	4	4	17193	4	376	1635	20
225.0	13136	45	50	17194	39	1544	44	16
225.0	14490	25	26	17195	24	368	1898	16
225.0	13507	19	19	17196	18	1466	1889	16
225.0	13995	7	6	17197	8	471	1638	14
225.0	13064	7	5	17198	8	246	193	19
225.0	12687	16	8	17199	22	229	421	14
225.0	8601	22	23	17200	19	1050	1965	15
225.0	10763	5	6	17201	3	62	172	24
225.0	10010	5	3	17202	7	938	1804	19
225.0	12908	11	7	17203	15	196	1583	17
225.0	13770	20	22	17204	17	1854	130	13
225.0	15444	16	15	17205	17	215	1584	16
225.0	13775	20	13	17206	24	398	1864	18
225.0	13257	7	6	17207	8	52	1213	19
225.0	10720	31	21	17208	40	858	320	15
225.0	13106	9	6	17209	9	1606	998	21
225.0	7583	25	26	17210	22	1751	1391	15
225.0	10729	14	19	17211	8	1741	1534	18
225.0	15755	21	16	17212	25	1829	1381	16
225.0	14437	8	8	17213	8	1536	1610	15
225.0	11292	9	10	17214	8	842	70	15
225.0	13451	16	13	17215	18	110	990	13
225.0	8359	23	18	17216	26	1041	1725	16
225.0	14500	19	18	17217	19	1700	216	14
225.0	13115	22	20	17218	22	30	858	16
225.0	12820	18	17	17219	19	331	1067	20
225.0	11999	15	17	17220	13	60	726	12
225.0	9756	10	9	17221	11	1579	897	14
225.0	11683	19	19	17222	18	243	715	17
225.0	14347	18	15	17223	21	1053	1948	19
225.0	7287	5	6	17224	3	162	1601	16
225.0	13254	20	15	17225	22	449	1921	16
225.0	14916	26	23	17226	29	1872	271	16
225.0	15222	12	13	17227	11	115	1373	20
225.0	10491	35	37	17228	31	1999	636	14
225.0	15027	12	12	17229	10	818	1643	19
225.0	16345	20	21	17230	17	1458	1829	16
225.0	10302	17	26	17231	8	813	82	16
225.0	13594	6	6	17232	6	262	1972	13
226.0	12125	14	13	17233	15	1241	1928	12
226.0	15490	4	8	17234	0	132	1431	14
226.0	13011	17	18	17235	16	1649	141	19
226.0	10085	15	16	17236	13	1759	137	15
226.0	12005	27	24	17237	30	1863	344	15
226.0	13077	11	13	17238	9	932	1778	18
226.0	12498	5	5	17239	5	110	599	16
226.0	13579	32	28	17240	34	1961	769	15
226.0	10702	14	11	17241	16	1151	1788	19
226.0	11594	7	5	17242	9	134	368	19
226.0	13741	8	4	17243	12	197	254	15
226.0	14961	14	17	17244	11	1543	1790	21
226.0	11527	25	25	17245	23	102	928	20
226.0	15191	28	38	17246	18	230	785	13
226.0	15414	14	14	17247	13	1556	364	16
226.0	14336	17	17	17248	14	1958	1433	14
226.0	14131	14	14	17249	14	540	277	14
226.0	12008	10	11	17250	9	1729	742	22
226.0	15532	24	21	17251	24	12	93	20
226.0	10737	18	22	17252	14	1560	1637	18
226.0	12204	24	24	17253	24	1796	455	14
226.0	14718	5	5	17254	5	1499	1318	15
226.0	9096	24	23	17255	25	1219	277	16
226.0	11870	10	15	17256	5	1551	1942	16
226.0	14053	27	29	17257	24	1365	81	14
226.0	13902	21	20	17258	20	15	1015	18
226.0	7259	36	32	17259	38	182	1999	16
226.0	14218	17	15	17260	17	89	1389	13
226.0	12814	9	8	17261	10	1459	657	18
226.0	14856	11	9	17262	12	827	1586	17
226.0	13895	30	36	17263	20	1963	1030	16
226.0	13600	6	7	17264	4	1423	387	16
226.0	12663	10	10	17265	8	163	1039	20
226.0	14576	12	11	17266	13	1620	1356	21
226.0	14186	25	25	17267	25	1259	360	17
226.0	12097	8	10	17268	5	493	218	16
226.0	12461	12	14	17269	10	1985	858	13
226.0	10083	5	6	17270	4	200	1682	18
226.0	14135	11	13	17271	9	1677	1621	15
226.0	10315	13	12	17272	14	0	1878	15
226.0	12506	19	13	17273	25	1983	753	14
226.0	12934	4	7	17274	1	1608	1330	16
226.0	12441	28	28	17275	26	548	1590	18
226.0	9479	9	4	17276	13	1775	218	19
226.0	14034	5	7	17277	3	1205	104	20
226.0	10719	5	4	17278	6	578	1649	18
226.0	14269	28	33	17279	21	1976	1818	22
226.0	14787	8	9	17280	7	1774	1146	16
226.0	13417	19	19	17281	19	669	326	12
226.0	11315	4	5	17282	2	989	195	18
226.0	11194	18	23	17283	13	1411	1627	15
226.0	14140	45	45	17284	45	1334	252	17
226.0	10179	8	12	17285	4	376	1767	18
226.0	11000	16	16	17286	16	1889	896	18
226.0	10371	15	16	17287	14	651	1931	18
226.0	10864	20	15	17288	24	389	48	20
226.0	8340	16	15	17289	16	1785	975	18
226.0	14728	25	25	17290	24	1333	162	16
226.0	10596	12	12	17291	12	1695	1284	15
226.0	7290	6	3	17292	8	1860	1142	15
226.0	15910	8	7	17293	9	350	1755	19
226.0	7217	6	6	17294	6	419	1977	15
226.0	12746	12	11	17295	13	650	1667	18
226.0	12576	12	10	17296	12	1506	1799	20
226.0	10045	18	16	17297	18	1913	330	19
226.0	8396	16	10	17298	20	37	1118	18
226.0	12656	11	10	17299	12	336	1785	14
226.0	12933	29	32	17300	26	181	1294	13
226.0	13143	12	8	17301	15	1781	1107	17
226.0	9665	9	15	17302	3	405	1511	16
226.0	9924	9	12	17303	6	1349	100	16
226.0	12944	19	16	17304	21	729	1940	14
226.0	11446	15	13	17305	17	1913	765	19
226.0	14902	7	7	17306	7	210	217	22
226.0	10171	17	17	17307	17	1876	663	15
226.0	7525	20	20	17308	20	1978	1046	16
226.0	12218	26	24	17309	28	310	1829	15
226.0	10755	8	9	17310	7	1674	1338	17
226.0	11842	36	39	17311	30	1870	1332	14
226.0	12336	40	51	17312	27	1097	182	20
226.0	15222	13	13	17313	13	115	1373	21
226.0	11727	20	21	17314	19	765	1587	14
226.0	15038	20	19	17315	21	1598	932	18
226.0	9336	15	14	17316	15	1715	847	15
226.0	13354	6	8	17317	3	676	1670	16
226.0	13000	24	31	17318	16	235	496	15
226.0	13181	13	12	17319	13	1024	1843	17
226.0	12305	29	17	17320	38	49	931	17
226.0	13213	17	11	17321	23	1675	1072	16
226.0	13774	21	25	17322	16	1679	1874	21
226.0	15441	24	17	17323	30	1876	999	16
226.0	14173	30	27	17324	32	1667	233	16
226.0	14318	25	26	17325	23	1179	1604	19
226.0	13942	8	6	17326	10	1624	1610	17
226.0	8050	13	12	17327	14	1069	72	20
226.0	8518	6	4	17328	7	1518	1431	22
226.0	14149	21	23	17329	18	61	1116	18
226.0	14559	23	19	17330	25	1829	1439	13
226.0	10849	6	8	17331	4	598	1633	15
226.0	12389	5	3	17332	7	1756	1335	14
226.0	9415	27	30	17333	22	60	1336	16
226.0	9260	14	13	17334	15	1961	723	15
226.0	8477	8	4	17335	12	470	1598	14
226.0	10133	29	26	17336	28	1776	426	14
226.0	10576	2	3	17337	1	214	1228	17
226.0	12757	6	4	17338	8	1701	1476	18
226.0	12515	25	28	17339	19	1754	1196	18
226.0	10000	14	17	17340	9	221	1542	15
226.0	11876	38	39	17341	37	431	125	18
226.0	8084	28	26	17342	29	1999	139	22
226.0	13714	16	17	17343	14	1233	204	18
226.0	10381	21	21	17344	19	174	632	15
226.0	14490	26	26	17345	23	368	1898	17
226.0	12426	15	14	17346	16	557	1764	11
226.0	12033	28	27	17347	28	250	1912	17
226.0	10673	23	17	17348	27	1383	255	14
226.0	11490	23	25	17349	20	1628	1443	16
226.0	13136	50	43	17350	52	1544	44	17
226.0	12447	15	14	17351	16	1848	1387	18
226.0	14988	19	17	17352	19	1698	328	17
226.0	14816	15	13	17353	15	641	1916	16
226.0	12225	9	9	17354	8	1068	1965	14
226.0	12124	6	8	17355	4	958	1586	17
226.0	10668	19	20	17356	18	1469	1953	19
226.0	13961	5	5	17357	4	1363	1736	18
226.0	13162	29	36	17358	21	614	187	14
226.0	10620	11	10	17359	12	79	1241	17
226.0	12771	7	4	17360	10	1258	1723	17
226.0	12306	20	16	17361	22	1964	495	13
226.0	13960	13	11	17362	14	453	1852	15
226.0	10021	7	4	17363	9	1051	1870	18
226.0	9311	20	19	17364	20	359	1562	15
226.0	13491	20	19	17365	21	1928	600	16
226.0	14858	30	34	17366	24	1046	77	17
226.0	10763	6	4	17367	7	62	172	25
226.0	11077	26	23	17368	28	332	1629	16
226.0	13238	12	9	17369	13	177	699	21
226.0	15268	17	21	17370	13	1857	1025	15
226.0	8668	3	3	17371	3	947	232	18
226.0	7638	15	21	17372	9	108	1287	21
226.0	10594	23	19	17373	25	1592	458	18
226.0	13285	13	21	17374	5	1448	1906	14
226.0	11353	16	19	17375	12	1499	1187	20
227.0	11819	21	19	17376	22	308	761	17
227.0	12340	9	13	17377	5	418	424	16
227.0	12701	20	19	17378	19	231	1971	12
227.0	8085	13	8	17379	18	433	1890	20
227.0	7886	13	14	17380	11	785	14	15
227.0	15222	13	15	17381	10	115	1373	22
227.0	11237	16	16	17382	13	1806	679	19
227.0	10216	6	7	17383	5	0	1705	15
227.0	13969	50	47	17384	51	1260	115	19
227.0	12036	4	6	17385	2	72	219	21
227.0	8762	17	20	17386	14	684	1967	19
227.0	11488	8	9	17387	7	334	1105	21
227.0	11196	30	27	17388	29	1738	330	14
227.0	12484	6	5	17389	7	18	191	24
227.0	11490	25	25	17390	23	1628	1443	17
227.0	11775	13	13	17391	13	1509	1274	17
227.0	14176	6	9	17392	3	1129	1722	15
227.0	11022	35	31	17393	37	1733	237	22
227.0	13874	35	45	17394	22	762	148	19
227.0	14961	17	18	17395	15	1543	1790	22
227.0	13512	9	8	17396	9	1196	369	15
227.0	15386	14	13	17397	14	1530	1598	18
227.0	12467	29	28	17398	28	373	476	21
227.0	15376	9	12	17399	5	1952	1279	15
227.0	9212	30	32	17400	28	108	359	19
227.0	13960	11	10	17401	11	453	1852	16
227.0	14351	13	19	17402	7	181	832	21
227.0	9428	7	4	17403	10	708	1489	19
227.0	14151	19	19	17404	19	27	531	15
227.0	14241	27	26	17405	27	1918	1553	15
227.0	11238	7	5	17406	9	151	175	27
227.0	15654	16	15	17407	16	1902	114	17
227.0	12801	30	24	17408	36	92	1741	20
227.0	13149	28	27	17409	27	1663	1715	17
227.0	10085	16	18	17410	14	1759	137	16
227.0	14576	11	11	17411	9	1620	1356	22
227.0	13550	14	12	17412	15	79	977	14
227.0	13046	15	19	17413	11	1877	974	14
227.0	14443	21	23	17414	18	16	1437	14
227.0	11397	15	13	17415	16	383	1808	14
227.0	9298	36	32	17416	39	1652	179	21
227.0	14177	3	2	17417	4	294	1450	13
227.0	8323	5	6	17418	4	1703	1149	16
227.0	11386	19	20	17419	16	255	1809	16
227.0	15494	18	18	17420	18	1156	216	21
227.0	11280	12	13	17421	11	644	1968	18
227.0	7870	21	26	17422	16	341	949	20
227.0	13714	17	15	17423	18	1233	204	19
227.0	8629	4	5	17424	3	93	318	20
227.0	15919	27	30	17425	22	1707	389	16
227.0	15427	11	12	17426	10	1574	1117	19
227.0	11228	20	24	17427	15	229	581	19
227.0	15451	35	34	17428	33	1242	39	15
227.0	12562	8	9	17429	7	89	243	26
227.0	12624	10	7	17430	10	1891	1013	15
227.0	7157	18	15	17431	19	100	882	14
227.0	13323	14	15	17432	13	1529	449	15
227.0	7369	17	11	17433	22	1544	78	18
227.0	13621	20	16	17434	23	1989	945	17
227.0	7339	10	14	17435	5	959	1929	17
227.0	9469	39	35	17436	38	1565	165	15
227.0	8407	17	13	17437	19	423	287	19
227.0	8921	12	9	17438	14	974	1649	18
227.0	10680	24	20	17439	28	531	118	18
227.0	16492	15	11	17440	19	1914	1362	13
227.0	13667	20	16	17441	24	1722	164	19
227.0	10737	22	22	17442	21	1560	1637	19
227.0	12536	9	10	17443	8	1483	1686	20
227.0	12834	11	5	17444	16	549	1635	14
227.0	6922	20	17	17445	21	1620	737	22
227.0	15951	39	30	17446	46	1514	195	20
227.0	15151	3	4	17447	2	370	1604	20
227.0	12434	16	20	17448	12	1718	1867	16
227.0	14771	21	16	17449	23	1901	631	16
227.0	10082	33	37	17450	27	1923	978	16
227.0	15532	21	14	17451	24	12	93	21
227.0	10999	2	1	17452	3	380	1983	14
227.0	14278	8	7	17453	9	1327	1941	15
227.0	12235	6	5	17454	7	234	1124	14
227.0	12812	9	9	17455	7	1168	340	18
227.0	9685	38	40	17456	33	1721	1375	16
227.0	11044	27	26	17457	28	35	1009	16
227.0	12850	22	21	17458	20	1961	1288	15
227.0	11531	23	21	17459	24	1266	296	21
227.0	12586	5	4	17460	6	75	1507	18
227.0	13873	15	14	17461	15	385	1689	13
227.0	14858	34	30	17462	38	1046	77	18
227.0	14746	23	23	17463	20	1910	1805	19
227.0	14488	19	22	17464	13	1800	1668	13
227.0	9635	27	30	17465	23	406	263	19
227.0	10937	12	9	17466	14	1538	521	16
227.0	12577	42	47	17467	35	405	46	21
227.0	8960	17	17	17468	16	1616	1267	21
227.0	7721	30	23	17469	33	1999	408	17
227.0	13238	9	11	17470	7	177	699	22
227.0	9955	8	10	17471	6	1571	1798	16
227.0	10013	12	11	17472	13	1963	879	15
227.0	14189	21	22	17473	18	1669	1482	17
227.0	15343	29	27	17474	28	1654	219	20
227.0	12804	17	18	17475	14	430	1944	14
227.0	13961	5	5	17476	5	1363	1736	19
227.0	14811	15	17	17477	13	1287	427	18
227.0	13112	9	8	17478	10	1332	114	18
227.0	12629	12	16	17479	8	748	1916	19
227.0	9194	21	20	17480	20	1635	385	19
227.0	15203	20	16	17481	24	1913	866	18
227.0	10724	10	6	17482	13	336	1447	17
227.0	9424	7	6	17483	8	1429	1514	16
227.0	7059	20	26	17484	14	1983	306	18
227.0	15618	17	20	17485	14	45	1568	14
227.0	15314	24	24	17486	22	1531	1778	22
227.0	11211	18	20	17487	16	1652	63	18
227.0	14248	31	29	17488	29	1945	1499	15
227.0	14039	29	23	17489	34	1867	213	16
227.0	15728	6	7	17490	5	357	1282	13
227.0	15348	25	23	17491	25	1470	20	21
227.0	13177	13	15	17492	11	1735	1005	18
227.0	14607	11	15	17493	7	1715	1104	16
227.0	14559	19	20	17494	16	1829	1439	14
227.0	8477	4	3	17495	5	470	1598	15
227.0	12956	18	18	17496	18	1579	1922	20
227.0	11876	39	37	17497	40	431	125	19
227.0	14354	17	17	17498	17	1715	42	17
227.0	14695	14	11	17499	17	1889	1531	19
227.0	12104	12	13	17500	11	0	693	15
227.0	14742	16	16	17501	15	1689	840	14
227.0	11885	27	26	17502	25	620	297	23
227.0	11694	16	13	17503	17	753	1628	13
227.0	11261	15	14	17504	16	1139	47	14
227.0	11858	6	6	17505	6	307	500	23
227.0	8039	5	2	17506	8	169	237	18
227.0	12021	13	14	17507	12	163	437	16
227.0	10677	12	8	17508	16	337	1726	13
227.0	15460	17	19	17509	14	1706	1774	16
227.0	13491	19	17	17510	20	1928	600	17
227.0	11892	13	12	17511	12	1642	94	17
227.0	15737	5	6	17512	3	271	1385	17
227.0	14635	25	26	17513	23	1903	569	17
227.0	12389	3	3	17514	3	1756	1335	15
227.0	15747	16	11	17515	19	1797	30	18
227.0	12441	28	33	17516	23	548	1590	19
227.0	15757	13	10	17517	15	1876	950	16
227.0	10620	10	10	17518	10	79	1241	18
227.0	14053	29	29	17519	28	1365	81	15
227.0	11418	6	5	17520	6	695	77	14
227.0	12033	27	24	17521	29	250	1912	18
228.0	12330	24	26	17522	21	1452	20	21
228.0	13178	13	13	17523	12	1926	1045	16
228.0	14914	17	13	17524	21	1105	124	17
228.0	9692	24	21	17525	27	1779	66	12
228.0	16009	9	10	17526	8	91	1582	19
228.0	15272	13	11	17527	14	1348	238	15
228.0	9443	2	3	17528	1	145	1530	19
228.0	13042	17	17	17529	16	588	272	15
228.0	15062	14	12	17530	15	358	1114	18
228.0	11322	26	20	17531	29	424	169	20
228.0	13146	13	13	17532	12	365	283	19
228.0	13023	22	16	17533	26	1247	217	18
228.0	13760	22	23	17534	20	1847	214	13
228.0	15994	31	32	17535	26	1576	562	16
228.0	10867	17	19	17536	14	1745	835	15
228.0	12684	9	7	17537	10	1943	959	19
228.0	16102	4	3	17538	5	1614	1078	14
228.0	13392	11	9	17539	12	1944	1303	12
228.0	12403	18	17	17540	16	526	1853	16
228.0	12671	24	20	17541	27	1763	479	15
228.0	11891	6	7	17542	4	268	1779	15
228.0	11717	23	27	17543	18	498	368	15
228.0	9928	26	14	17544	38	392	203	20
228.0	9211	19	21	17545	16	1165	174	19
228.0	13973	9	11	17546	7	1017	276	22
228.0	16727	21	21	17547	20	906	1903	22
228.0	15569	14	16	17548	12	70	868	16
228.0	9792	22	23	17549	18	1528	217	16
228.0	13260	19	23	17550	14	1716	1221	15
228.0	14022	14	14	17551	14	1838	523	15
228.0	9132	4	4	17552	4	249	1577	17
228.0	13136	43	44	17553	39	1544	44	18
228.0	11470	12	11	17554	13	1427	81	15
228.0	10784	32	35	17555	27	1326	186	14
228.0	14883	7	7	17556	7	1299	114	19
228.0	10815	20	20	17557	19	1379	1779	20
228.0	13941	4	3	17558	5	1298	1791	18
228.0	11098	9	7	17559	10	1662	1750	14
228.0	12930	16	20	17560	11	285	284	16
228.0	15930	26	20	17561	32	533	1725	21
228.0	10352	12	10	17562	13	1259	1690	16
228.0	7913	11	10	17563	12	583	1698	18
228.0	12883	38	39	17564	35	86	349	17
228.0	14447	36	35	17565	37	275	1676	17
228.0	13224	1	1	17566	1	1466	1653	17
228.0	8762	20	27	17567	13	684	1967	20
228.0	13643	17	17	17568	17	1548	1901	19
228.0	11500	21	21	17569	20	428	481	19
228.0	14204	8	7	17570	8	1777	742	21
228.0	13416	20	14	17571	26	236	30	20
228.0	14627	13	16	17572	10	1758	180	19
228.0	14104	15	15	17573	15	878	1811	20
228.0	10370	42	45	17574	37	1921	256	12
228.0	11424	15	18	17575	12	1947	1322	12
228.0	13750	33	26	17576	39	29	1881	15
228.0	14601	21	22	17577	18	577	1788	12
228.0	13157	8	6	17578	9	330	1703	17
228.0	14202	34	34	17579	30	89	681	14
228.0	11211	20	22	17580	17	1665	50	19
228.0	13499	19	23	17581	14	1839	1912	18
228.0	10052	20	24	17582	14	715	1896	17
228.0	13310	19	23	17583	13	193	546	16
228.0	11497	27	30	17584	22	1196	34	15
228.0	12462	7	5	17585	7	1895	1133	14
228.0	14870	8	6	17586	10	204	802	22
228.0	13334	10	10	17587	9	20	1131	13
228.0	15451	34	36	17588	31	1242	39	16
228.0	13516	23	19	17589	25	1816	1276	14
228.0	16010	11	11	17590	11	440	1697	17
228.0	11526	12	11	17591	12	1729	695	17
228.0	9797	23	27	17592	16	511	288	19
228.0	15579	1	0	17593	2	313	1436	14
228.0	12104	13	11	17594	15	0	693	16
228.0	13829	8	5	17595	10	1672	1384	23
228.0	16066	32	27	17596	36	1923	137	17
228.0	11645	25	24	17597	25	1680	1806	18
228.0	13202	26	24	17598	27	70	666	16
228.0	13550	12	8	17599	15	79	977	15
228.0	14804	8	6	17600	10	1645	481	19
228.0	13963	13	12	17601	14	1668	1404	21
228.0	13573	23	21	17602	23	538	66	16
228.0	13919	21	20	17603	20	1628	76	15
228.0	8960	17	13	17604	19	1616	1267	22
228.0	13051	0	0	17605	0	456	1488	14
228.0	12955	19	18	17606	18	989	23	21
228.0	12577	47	48	17607	44	405	46	22
228.0	9514	26	24	17608	27	1925	1925	20
228.0	16237	26	27	17609	22	1645	1239	19
228.0	11115	6	6	17610	6	322	1935	16
228.0	13727	9	9	17611	6	942	1697	15
228.0	14734	9	7	17612	11	818	1827	16
228.0	15050	17	17	17613	16	1683	1498	17
228.0	14131	14	14	17614	13	540	277	15
228.0	11397	13	15	17615	11	383	1808	15
228.0	9755	18	20	17616	15	853	1847	21
228.0	11459	11	8	17617	14	644	237	17
228.0	13063	8	5	17618	11	1632	1545	20
228.0	7691	3	2	17619	4	1627	338	20
228.0	15618	20	17	17620	23	45	1568	15
228.0	12797	12	15	17621	9	307	425	15
228.0	13142	3	2	17622	4	1675	754	18
228.0	12491	20	14	17623	26	464	1632	18
228.0	13732	11	10	17624	11	1713	1670	19
228.0	7259	32	33	17625	28	182	1999	17
228.0	9516	23	22	17626	22	203	489	19
228.0	11565	18	16	17627	20	1749	651	14
228.0	12474	21	20	17628	22	687	263	17
228.0	12580	11	12	17629	8	790	1914	17
228.0	13162	36	30	17630	39	614	187	15
228.0	13515	15	17	17631	13	1761	1449	16
228.0	16280	35	37	17632	31	474	1827	16
228.0	14364	18	17	17633	19	1510	448	17
228.0	13569	28	38	17634	17	1815	130	12
228.0	11913	24	27	17635	17	1494	221	19
228.0	11018	9	9	17636	9	1354	1676	22
228.0	14559	20	22	17637	17	1829	1439	15
228.0	7093	15	15	17638	15	1999	1796	22
228.0	10240	16	11	17639	19	0	1456	20
228.0	13258	18	15	17640	20	1802	1491	12
228.0	11009	16	17	17641	15	1598	1406	16
228.0	13045	4	5	17642	3	651	1983	20
228.0	16470	17	15	17643	19	898	33	15
228.0	14173	27	19	17644	32	1680	246	17
228.0	9210	24	25	17645	22	1668	504	17
228.0	12494	1	1	17646	1	1605	390	19
228.0	10935	18	21	17647	14	1709	546	21
228.0	15737	6	3	17648	9	271	1385	18
228.0	14760	5	5	17649	5	194	1263	20
228.0	15443	12	14	17650	10	532	1948	21
228.0	10734	21	20	17651	21	588	1806	22
228.0	12956	18	19	17652	17	1579	1922	21
228.0	12457	12	15	17653	9	329	1015	21
228.0	11809	12	12	17654	12	581	1935	20
228.0	13555	17	16	17655	17	1719	1562	21
228.0	13046	19	17	17656	19	1877	974	15
228.0	14053	29	21	17657	36	1365	81	16
228.0	8242	14	13	17658	15	838	1769	13
228.0	15312	45	35	17659	53	1728	1157	20
228.0	16030	13	11	17660	14	1814	1926	20
228.0	15153	18	21	17661	14	594	12	17
228.0	13109	18	19	17662	15	1782	134	15
228.0	12315	13	15	17663	11	1445	588	15
228.0	13580	10	8	17664	11	576	1963	19
228.0	14189	22	25	17665	18	1669	1482	18
228.0	12506	13	14	17666	12	1983	753	15
228.0	13964	29	28	17667	28	941	19	13
228.0	13183	17	12	17668	20	1588	1459	18
228.0	14412	18	15	17669	19	1588	1953	18
229.0	14322	8	7	17670	9	1566	336	18
229.0	13643	17	19	17671	13	1548	1901	20
229.0	11049	24	24	17672	21	1841	175	17
229.0	12310	18	19	17673	16	358	1593	12
229.0	13270	24	20	17674	25	1067	1733	19
229.0	11565	16	14	17675	18	1749	651	15
229.0	9426	7	10	17676	3	919	1713	16
229.0	7290	3	3	17677	3	1860	1142	16
229.0	15466	11	10	17678	11	1678	1518	15
229.0	16023	28	31	17679	24	1648	792	18
229.0	11518	20	22	17680	17	846	197	14
229.0	15221	7	7	17681	7	1696	1238	19
229.0	12984	9	11	17682	5	1309	124	19
229.0	13046	17	18	17683	16	1877	974	16
229.0	15950	20	13	17684	26	1929	1825	19
229.0	11294	22	21	17685	22	1916	1968	13
229.0	14630	19	19	17686	18	1713	1003	17
229.0	8043	20	14	17687	25	14	1033	18
229.0	11500	21	12	17688	29	428	481	20
229.0	14719	12	10	17689	14	529	328	16
229.0	14721	20	19	17690	20	1345	75	18
229.0	6876	20	16	17691	22	1660	0	21
229.0	12186	8	7	17692	8	1289	1589	16
229.0	12616	8	8	17693	8	829	1639	18
229.0	14096	4	4	17694	4	261	858	19
229.0	11645	24	24	17695	23	1680	1806	19
229.0	15009	5	5	17696	5	1942	1447	15
229.0	13492	17	14	17697	19	1976	1773	21
229.0	12268	12	15	17698	9	233	957	19
229.0	9308	15	14	17699	14	153	1270	14
229.0	14080	29	29	17700	29	657	1957	19
229.0	13094	18	15	17701	19	1209	1954	15
229.0	13147	5	7	17702	3	504	1779	18
229.0	12345	21	19	17703	21	1426	1848	16
229.0	14138	18	13	17704	22	1495	207	14
229.0	13750	26	23	17705	27	29	1881	16
229.0	15882	5	0	17706	9	1623	1693	14
229.0	13779	12	12	17707	10	510	1898	16
229.0	8762	27	19	17708	35	684	1967	21
229.0	10762	16	15	17709	17	1999	473	17
229.0	11852	15	15	17710	14	246	800	21
229.0	8464	17	15	17711	19	173	1518	15
229.0	12040	23	18	17712	27	1159	96	14
229.0	11752	0	0	17713	0	185	1489	18
229.0	13705	10	8	17714	12	1885	1329	11
229.0	15572	24	24	17715	24	1750	1019	14
229.0	9516	22	25	17716	19	203	489	20
229.0	12594	12	14	17717	10	1535	1741	15
229.0	14883	7	6	17718	6	1299	114	20
229.0	7651	1	1	17719	1	1598	561	24
229.0	12695	20	15	17720	25	27	722	14
229.0	13635	7	5	17721	9	212	1175	18
229.0	16066	27	25	17722	27	1923	137	18
229.0	11036	21	23	17723	18	404	493	16
229.0	14615	10	10	17724	8	1699	1417	16
229.0	17338	8	7	17725	9	1717	1447	19
229.0	13809	26	24	17726	26	130	1274	16
229.0	14929	16	18	17727	13	1659	1511	17
229.0	9605	6	6	17728	3	60	1166	17
229.0	12392	3	5	17729	0	346	1347	18
229.0	12619	4	4	17730	4	1658	1662	18
229.0	13257	6	3	17731	9	52	1213	20
229.0	13617	15	11	17732	16	1406	333	15
229.0	13557	18	18	17733	17	482	1546	16
229.0	12485	12	14	17734	8	762	1833	14
229.0	9030	1	1	17735	1	957	319	14
229.0	14966	14	16	17736	11	1815	349	17
229.0	14065	20	22	17737	17	102	1113	17
229.0	14974	24	28	17738	20	1785	1589	14
229.0	16333	8	9	17739	7	1771	264	19
229.0	15556	6	7	17740	5	380	1589	19
229.0	10370	45	46	17741	44	1921	256	13
229.0	12016	17	17	17742	16	1520	308	17
229.0	14766	15	16	17743	14	203	1912	14
229.0	8035	12	12	17744	9	1860	1544	17
229.0	14168	17	23	17745	10	1218	1943	15
229.0	17152	22	17	17746	25	1761	158	21
229.0	7730	19	20	17747	17	0	1088	16
229.0	9548	27	31	17748	23	1410	188	16
229.0	12817	7	8	17749	6	1336	211	15
229.0	14441	15	13	17750	16	1967	556	16
229.0	11770	13	13	17751	12	1999	556	16
229.0	12964	5	6	17752	4	1420	273	19
229.0	14475	17	19	17753	15	369	954	19
229.0	11014	11	13	17754	9	319	1487	16
229.0	9132	4	6	17755	2	249	1577	18
229.0	14773	31	34	17756	26	1465	147	16
229.0	16251	7	10	17757	4	225	1263	22
229.0	14330	15	13	17758	16	1705	1531	18
229.0	9727	23	22	17759	22	1505	371	19
229.0	12960	12	8	17760	16	408	1758	15
229.0	13258	15	14	17761	16	1802	1491	13
229.0	6949	2	3	17762	1	691	1773	17
229.0	13385	20	16	17763	23	1951	683	16
229.0	13165	14	13	17764	15	1573	74	19
229.0	11633	19	15	17765	22	1973	987	15
229.0	12306	16	17	17766	15	1964	495	14
229.0	15070	4	4	17767	4	553	1672	15
229.0	13849	14	16	17768	11	1803	1421	21
229.0	12123	21	18	17769	24	1606	1297	16
229.0	12153	0	0	17770	0	292	897	16
229.0	16120	5	4	17771	6	187	1151	13
229.0	11335	14	12	17772	16	1150	1698	18
229.0	13881	9	12	17773	5	150	1078	15
229.0	12889	21	18	17774	23	1918	205	13
229.0	16440	9	11	17775	7	1641	1399	23
229.0	10274	11	6	17776	14	205	917	23
229.0	16835	13	12	17777	12	1363	238	15
229.0	7093	15	17	17778	12	1999	1796	23
229.0	13868	10	12	17779	8	437	1962	15
229.0	10998	15	18	17780	12	89	1355	12
229.0	11717	27	28	17781	24	498	368	16
229.0	10935	21	25	17782	17	1709	546	22
229.0	14306	39	36	17783	39	567	111	13
229.0	14030	5	7	17784	2	1178	1887	15
229.0	14626	17	14	17785	19	1648	745	21
229.0	11126	10	9	17786	10	24	1545	14
229.0	8967	6	7	17787	5	167	1567	19
229.0	13569	38	41	17788	33	1815	130	13
229.0	15024	15	12	17789	18	766	1770	16
229.0	13211	24	24	17790	24	282	72	22
229.0	14249	17	18	17791	16	1922	710	16
229.0	14447	35	41	17792	29	275	1676	18
229.0	14833	46	49	17793	41	142	1128	14
229.0	7101	31	26	17794	34	1969	777	17
229.0	14892	9	11	17795	7	1264	1887	19
229.0	11631	6	2	17796	9	1639	1285	17
229.0	13001	34	34	17797	33	807	35	18
229.0	16002	20	25	17798	14	1700	1469	17
229.0	9270	18	21	17799	14	1863	172	14
229.0	11424	18	18	17800	18	1947	1322	13
229.0	13307	18	17	17801	19	222	1664	14
229.0	7691	2	3	17802	1	1627	338	21
229.0	15443	14	16	17803	12	532	1948	22
229.0	7587	1	2	17804	0	382	1958	16
229.0	16009	10	7	17805	12	91	1582	20
229.0	11261	14	11	17806	16	1139	47	15
229.0	13728	23	23	17807	23	1870	924	17
230.0	12488	14	15	17808	11	1677	1594	15
230.0	14722	25	25	17809	24	1219	1629	18
230.0	11712	11	11	17810	11	469	1227	18
230.0	13011	18	21	17811	15	1649	141	20
230.0	12830	5	8	17812	2	1662	539	20
230.0	12054	25	24	17813	25	164	1183	14
230.0	14643	13	13	17814	13	201	1963	15
230.0	10386	19	20	17815	16	1836	36	12
230.0	12215	18	20	17816	16	467	1906	15
230.0	13187	24	25	17817	22	1419	64	17
230.0	12951	27	24	17818	29	1465	207	20
230.0	13728	23	26	17819	18	1870	924	18
230.0	12795	21	29	17820	12	1976	1136	15
230.0	12492	9	8	17821	9	1441	1966	16
230.0	15336	4	3	17822	5	912	1950	19
230.0	12451	19	19	17823	19	1044	1755	17
230.0	14996	13	7	17824	18	133	1451	16
230.0	12568	26	30	17825	22	255	993	15
230.0	14230	23	22	17826	23	1789	719	16
230.0	14577	20	18	17827	21	489	1560	18
230.0	13265	9	7	17828	10	1277	1945	17
230.0	13779	12	9	17829	15	510	1898	17
230.0	11645	24	24	17830	24	1680	1806	20
230.0	12200	32	27	17831	37	1752	1142	16
230.0	12527	13	12	17832	13	292	1944	16
230.0	13389	39	42	17833	34	431	64	18
230.0	12209	35	23	17834	45	39	349	20
230.0	13780	27	23	17835	30	1518	1608	20
230.0	12461	14	16	17836	11	1985	878	14
230.0	13212	14	14	17837	14	1219	1782	16
230.0	14388	25	24	17838	26	1746	1257	14
230.0	11872	16	14	17839	17	190	1842	15
230.0	14591	26	26	17840	24	1588	254	16
230.0	13791	21	19	17841	23	1857	471	16
230.0	11444	15	14	17842	14	1883	715	17
230.0	12930	20	23	17843	16	285	284	17
230.0	7893	5	4	17844	5	188	985	21
230.0	13170	6	6	17845	6	379	1386	15
230.0	12142	12	10	17846	14	464	210	20
230.0	16066	25	25	17847	24	1923	137	19
230.0	15983	8	8	17848	7	1523	1795	16
230.0	14286	7	7	17849	6	502	1649	15
230.0	12297	12	10	17850	13	1974	1572	11
230.0	8823	10	9	17851	9	96	1073	21
230.0	13491	17	18	17852	15	1928	600	18
230.0	12902	15	18	17853	12	372	1787	14
230.0	17338	7	8	17854	6	1717	1447	20
230.0	14615	10	13	17855	7	1699	1417	17
230.0	7479	11	14	17856	8	60	308	25
230.0	14193	8	11	17857	4	847	1893	18
230.0	15264	10	10	17858	10	1960	351	18
230.0	12016	17	18	17859	15	1520	308	18
230.0	13846	21	21	17860	21	1654	402	15
230.0	14343	2	1	17861	3	1674	347	19
230.0	14109	33	36	17862	29	1694	1255	19
230.0	11662	18	13	17863	23	1092	1747	22
230.0	8464	15	13	17864	17	173	1518	16
230.0	14505	17	18	17865	16	1492	619	19
230.0	14913	27	27	17866	26	1324	36	19
230.0	12661	22	16	17867	27	262	1631	15
230.0	12711	32	32	17868	28	557	315	14
230.0	13024	8	8	17869	8	1875	1248	13
230.0	11294	21	28	17870	14	1916	1968	14
230.0	7690	8	8	17871	7	439	221	19
230.0	9331	24	25	17872	22	1874	51	15
230.0	14883	6	5	17873	7	1299	114	21
230.0	12663	10	10	17874	10	163	1039	21
230.0	13322	25	30	17875	19	57	917	16
230.0	12463	10	11	17876	9	1911	454	16
230.0	12057	31	30	17877	31	1349	363	19
230.0	8714	17	12	17878	21	1474	619	20
230.0	15045	5	4	17879	6	1725	954	18
230.0	11421	7	7	17880	6	999	1856	16
230.0	14116	18	21	17881	14	1787	1978	18
230.0	16464	14	13	17882	15	1449	1817	16
230.0	11087	19	10	17883	27	1108	230	17
230.0	13992	21	19	17884	22	1603	1653	20
230.0	12749	5	5	17885	5	664	64	15
230.0	13785	21	25	17886	16	897	129	19
230.0	9296	10	10	17887	10	275	1708	15
230.0	11372	14	14	17888	13	1959	962	15
230.0	10521	5	6	17889	3	257	1329	14
230.0	13874	45	49	17890	37	762	148	20
230.0	14522	28	32	17891	21	1847	413	15
230.0	14469	12	6	17892	18	1392	1873	17
230.0	11497	30	32	17893	26	1196	34	16
230.0	12277	16	14	17894	18	1557	1999	19
230.0	11418	5	7	17895	3	695	77	15
230.0	13651	20	18	17896	20	1723	1065	20
230.0	14752	38	40	17897	35	147	1110	13
230.0	12889	18	23	17898	12	1918	205	14
230.0	15494	18	18	17899	18	1156	216	22
230.0	7407	19	17	17900	20	1897	665	20
230.0	14073	15	18	17901	12	1754	1453	16
230.0	13205	31	21	17902	37	1533	319	20
230.0	15127	13	9	17903	17	1616	423	20
230.0	17152	17	21	17904	12	1761	158	22
230.0	11335	12	12	17905	12	1150	1698	19
230.0	14313	8	7	17906	8	1298	303	20
230.0	15201	10	11	17907	8	1894	1156	15
230.0	16557	33	32	17908	34	1732	1266	16
230.0	11572	12	15	17909	9	347	1043	15
230.0	9642	15	15	17910	14	1524	93	16
230.0	8507	21	21	17911	21	1980	1737	15
230.0	13154	21	25	17912	16	1567	659	22
230.0	7638	21	21	17913	20	108	1287	22
230.0	11328	18	20	17914	16	1704	1831	19
230.0	12027	41	36	17915	42	1733	1250	16
230.0	9175	8	9	17916	7	1535	413	23
230.0	13952	0	0	17917	0	1598	1696	18
230.0	14864	15	15	17918	15	1820	326	16
230.0	12285	8	7	17919	9	1175	1735	17
230.0	10032	8	11	17920	5	726	1643	15
230.0	13399	2	1	17921	3	1625	562	22
230.0	17125	15	12	17922	16	1627	193	23
230.0	10608	15	15	17923	14	1716	1747	14
230.0	15120	10	7	17924	13	307	307	19
230.0	13485	15	20	17925	10	1694	877	18
230.0	11150	21	21	17926	20	1887	841	17
230.0	14579	9	7	17927	11	436	1599	16
230.0	13318	3	3	17928	3	1579	1235	17
230.0	13082	13	16	17929	10	217	1310	18
230.0	13809	24	21	17930	25	130	1274	17
230.0	11386	20	18	17931	21	239	1793	17
230.0	14002	18	14	17932	21	1856	1725	17
230.0	12201	17	13	17933	20	1999	1161	17
230.0	15203	16	16	17934	13	1913	866	19
230.0	13064	5	5	17935	4	246	193	20
230.0	10233	5	4	17936	6	1755	280	19
230.0	15515	13	13	17937	13	1634	1593	20
230.0	14543	9	7	17938	10	1468	1811	16
230.0	15029	27	34	17939	20	20	1496	17
230.0	13871	19	20	17940	17	112	1434	13
230.0	11951	13	10	17941	15	1191	318	19
230.0	13869	14	14	17942	14	1839	1970	17
230.0	14482	8	9	17943	6	1330	1928	16
230.0	9209	22	29	17944	14	84	1485	17
230.0	15347	19	17	17945	19	14	951	16
230.0	12227	17	17	17946	15	246	145	18
230.0	15444	15	14	17947	14	215	1604	17
231.0	15344	11	9	17948	13	1803	1587	14
231.0	17570	8	13	17949	3	1818	742	22
231.0	9608	6	5	17950	7	890	1719	14
231.0	14503	24	21	17951	27	1607	1468	16
231.0	13273	22	25	17952	15	170	1083	13
231.0	17083	18	20	17953	16	335	1987	17
231.0	14187	23	23	17954	21	146	834	15
231.0	12229	24	23	17955	25	1889	452	20
231.0	11309	9	11	17956	6	1779	1478	12
231.0	14479	11	7	17957	13	396	1778	16
231.0	12186	7	4	17958	9	1289	1589	17
231.0	10867	19	17	17959	20	1745	835	16
231.0	10243	25	27	17960	22	1861	241	16
231.0	10515	11	7	17961	14	1715	0	19
231.0	15291	24	23	17962	23	1953	1784	21
231.0	14752	40	49	17963	29	147	1110	14
231.0	15515	13	12	17964	14	1634	1593	21
231.0	11281	31	29	17965	33	1599	189	21
231.0	12670	37	38	17966	34	1956	0	18
231.0	13285	21	17	17967	23	1461	1919	15
231.0	10650	0	0	17968	0	1506	1660	18
231.0	8933	19	16	17969	21	1999	1138	16
231.0	12290	25	20	17970	28	1760	1044	17
231.0	12101	2	2	17971	2	216	827	18
231.0	11469	12	11	17972	13	288	1261	18
231.0	10444	19	20	17973	18	642	186	14
231.0	13964	28	27	17974	28	941	19	14
231.0	14601	22	20	17975	24	577	1788	13
231.0	12624	7	8	17976	6	1891	1013	16
231.0	13993	7	5	17977	8	219	986	22
231.0	13441	39	30	17978	47	1635	234	18
231.0	11560	5	6	17979	4	115	1576	20
231.0	11386	18	13	17980	23	239	1793	18
231.0	11416	12	12	17981	11	16	1585	18
231.0	8652	29	25	17982	31	1828	970	17
231.0	13655	30	34	17983	23	328	642	19
231.0	15401	12	9	17984	15	427	1525	16
231.0	14569	10	9	17985	10	621	1775	12
231.0	14180	7	8	17986	6	282	1948	15
231.0	14318	26	23	17987	27	1179	1604	20
231.0	13166	2	3	17988	1	324	1338	17
231.0	11055	12	12	17989	11	1797	1055	17
231.0	12111	11	10	17990	11	1626	1199	19
231.0	10217	24	21	17991	25	1699	1999	22
231.0	7779	9	6	17992	11	1999	1336	15
231.0	10056	10	11	17993	6	1252	1856	21
231.0	7082	12	12	17994	12	497	1591	16
231.0	13589	20	21	17995	19	569	79	18
231.0	10774	19	23	17996	15	514	225	21
231.0	11083	20	21	17997	17	1423	407	16
231.0	13443	8	9	17998	7	1374	1959	14
231.0	12488	15	14	17999	15	1677	1594	16
231.0	15735	20	20	18000	19	1423	367	17
231.0	14202	34	34	18001	32	89	681	15
231.0	10042	29	29	18002	27	341	1742	17
231.0	15097	22	18	18003	24	1629	1963	18
231.0	12552	14	11	18004	16	1036	33	19
231.0	15878	16	11	18005	17	1925	921	14
231.0	15321	19	14	18006	23	1502	118	16
231.0	16255	17	18	18007	15	320	1869	19
231.0	12541	18	13	18008	23	1768	694	15
231.0	11028	9	11	18009	7	1594	330	19
231.0	11319	23	22	18010	22	1819	625	17
231.0	10724	6	5	18011	7	336	1447	18
231.0	12463	11	12	18012	10	1911	454	17
231.0	14252	24	26	18013	21	1130	17	16
231.0	15316	13	15	18014	11	1852	1226	17
231.0	13665	18	16	18015	20	1615	798	19
231.0	11171	14	17	18016	11	1416	1661	16
231.0	8822	0	0	18017	0	1362	1618	17
231.0	12148	10	8	18018	12	1725	773	22
231.0	13782	6	7	18019	5	1654	1096	15
231.0	14639	23	21	18020	24	1895	1071	15
231.0	12465	15	14	18021	15	1818	926	17
231.0	10673	17	21	18022	10	1383	255	15
231.0	9784	5	5	18023	4	1724	606	20
231.0	11018	9	8	18024	9	1354	1676	23
231.0	13187	25	30	18025	19	1419	64	18
231.0	14432	15	17	18026	11	52	1431	19
231.0	14354	17	18	18027	15	1715	56	18
231.0	12889	23	18	18028	26	1918	205	15
231.0	10729	19	21	18029	15	1756	1534	19
231.0	12943	20	19	18030	20	117	846	15
231.0	13999	22	28	18031	16	189	1316	17
231.0	11374	7	6	18032	8	658	1844	17
231.0	9826	5	5	18033	5	323	238	23
231.0	13436	18	16	18034	17	1715	1181	16
231.0	10753	4	5	18035	3	473	1784	18
231.0	14232	20	19	18036	21	1525	607	20
231.0	12841	11	13	18037	9	147	381	20
231.0	14748	13	16	18038	9	1717	434	15
231.0	13657	6	8	18039	4	311	1309	15
231.0	14591	26	22	18040	28	1588	254	17
231.0	11016	10	3	18041	16	1463	1479	14
231.0	13393	25	32	18042	18	400	1825	10
231.0	13704	23	16	18043	29	1063	13	17
231.0	9517	24	30	18044	15	487	171	17
231.0	15886	20	23	18045	14	1674	693	22
231.0	14186	25	27	18046	23	1259	360	18
231.0	11409	16	17	18047	13	1847	1523	22
231.0	16613	10	14	18048	6	1847	234	13
231.0	10177	14	15	18049	12	1755	1559	14
231.0	9280	12	11	18050	12	1872	747	15
231.0	12245	12	11	18051	13	816	203	13
231.0	10504	16	18	18052	14	1780	857	15
231.0	14227	14	15	18053	12	1476	1618	19
231.0	7601	14	16	18054	12	1725	791	22
231.0	9802	7	7	18055	6	426	1128	13
231.0	12973	12	11	18056	11	156	350	22
231.0	14305	6	6	18057	6	519	1404	15
231.0	10521	6	6	18058	6	257	1329	15
231.0	15919	30	27	18059	33	1707	389	17
231.0	14335	12	14	18060	10	1756	804	23
231.0	11990	32	33	18061	30	77	645	22
231.0	14495	14	10	18062	17	1758	1605	19
231.0	14460	29	31	18063	24	1975	715	17
231.0	14178	13	15	18064	11	1832	474	20
231.0	15595	23	22	18065	23	1935	1384	15
231.0	16414	14	16	18066	11	1558	203	16
231.0	10759	15	15	18067	13	419	1182	16
231.0	13158	1	1	18068	1	1134	1589	17
231.0	12025	24	17	18069	30	1296	1934	18
231.0	10784	35	31	18070	37	1326	186	15
231.0	15214	13	18	18071	7	334	1909	16
231.0	7205	12	11	18072	13	1675	625	16
231.0	13563	27	25	18073	28	1648	11	19
231.0	12251	8	9	18074	7	32	251	30
231.0	16038	24	18	18075	27	1942	350	18
231.0	17137	7	5	18076	9	1247	1723	17
231.0	14041	25	26	18077	24	1939	1181	19
231.0	15021	15	11	18078	19	1933	819	17
231.0	12900	25	24	18079	24	1541	549	16
231.0	14040	25	30	18080	19	103	1009	13
231.0	13727	9	10	18081	8	923	1697	16
231.0	14801	22	23	18082	21	1116	110	16
231.0	15747	11	10	18083	12	1797	30	19
231.0	10950	6	5	18084	7	1609	1798	16
231.0	16464	13	14	18085	12	1449	1817	17
231.0	10896	31	20	18086	39	32	1798	14
231.0	10843	17	19	18087	15	1965	835	14
231.0	11308	23	18	18088	25	1831	1591	18
231.0	11328	20	22	18089	14	1704	1831	20
231.0	13785	25	27	18090	21	897	129	20
231.0	14696	11	12	18091	10	690	1895	19
231.0	14846	33	29	18092	36	1692	142	22
231.0	10437	26	21	18093	31	155	846	15
231.0	8802	0	0	18094	0	1340	1608	13
232.0	14033	0	0	18096	0	301	1267	17
232.0	15395	13	14	18097	12	1747	1221	15
232.0	8099	12	12	18098	11	1738	461	18
232.0	12613	24	21	18099	25	1639	643	23
232.0	16427	6	7	18100	5	319	1783	14
232.0	11223	7	7	18101	7	1635	1808	18
232.0	11416	12	14	18102	10	16	1585	19
232.0	13436	16	7	18103	23	1715	1181	17
232.0	16933	41	48	18104	33	1807	1229	17
232.0	13719	4	2	18105	6	145	227	17
232.0	15368	20	19	18106	19	1855	1497	22
232.0	16047	22	24	18107	17	1946	602	17
232.0	11259	44	40	18108	47	152	518	16
232.0	13201	19	21	18109	15	1923	516	18
232.0	13332	10	12	18110	7	100	1532	14
232.0	9560	14	12	18111	16	816	1733	17
232.0	12990	14	15	18112	12	1685	918	14
232.0	8746	6	6	18113	6	1989	987	16
232.0	7385	15	12	18114	17	1744	0	18
232.0	12345	19	14	18115	24	1426	1848	17
232.0	11870	15	18	18116	12	1534	1942	17
232.0	11028	11	9	18117	13	1594	330	20
232.0	12140	22	21	18118	23	712	1679	15
232.0	14639	21	21	18119	20	1895	1071	16
232.0	8518	4	4	18120	3	1518	1431	23
232.0	15022	18	17	18121	19	1613	36	19
232.0	9336	14	11	18122	15	1715	847	16
232.0	15924	17	20	18123	13	307	1605	17
232.0	14230	22	21	18124	23	1789	719	17
232.0	12541	13	10	18125	15	1768	694	16
232.0	13395	7	7	18126	5	1803	1523	16
232.0	10609	10	9	18127	11	1637	261	17
232.0	14051	4	5	18128	3	88	1638	14
232.0	14797	32	27	18129	37	1883	297	18
232.0	7979	10	10	18130	10	1057	1980	16
232.0	13680	22	19	18131	25	1852	577	21
232.0	10451	9	10	18132	8	1137	1980	15
232.0	13925	8	4	18133	11	1917	1149	18
232.0	13828	11	13	18134	9	1073	1922	18
232.0	13157	6	6	18135	5	311	1703	18
232.0	16517	25	29	18136	20	1898	1453	17
232.0	13193	0	0	18137	0	1535	1654	19
232.0	15633	11	10	18138	10	400	96	19
232.0	12474	20	18	18139	22	687	263	18
232.0	12379	14	16	18140	11	263	1436	18
232.0	16125	15	19	18141	11	1568	1706	16
232.0	12624	8	7	18142	7	1891	1013	17
232.0	8499	22	22	18143	21	1366	1873	17
232.0	11410	26	29	18144	20	18	1986	16
232.0	7048	14	13	18145	15	499	1840	14
232.0	14846	29	29	18146	29	1692	142	23
232.0	13999	28	27	18147	28	189	1316	18
232.0	15490	8	6	18148	9	132	1431	15
232.0	11530	11	11	18149	10	1911	914	14
232.0	11610	19	18	18150	16	715	138	13
232.0	10605	7	6	18151	8	1815	1564	18
232.0	10079	7	7	18152	7	107	1172	14
232.0	11319	22	22	18153	21	1819	625	18
232.0	7093	17	14	18154	18	1999	1796	24
232.0	15316	15	13	18155	17	1852	1226	18
232.0	13136	44	44	18156	42	1544	44	19
232.0	10734	20	16	18157	19	588	1806	23
232.0	12691	22	19	18158	24	1624	271	14
232.0	14481	33	32	18159	32	86	885	17
232.0	11571	0	0	18160	0	1557	1674	19
232.0	14702	30	31	18161	28	65	573	20
232.0	15859	13	16	18162	10	449	1293	15
232.0	14391	41	45	18163	36	1781	407	20
232.0	10129	19	14	18164	22	1696	856	16
232.0	13782	7	4	18165	8	1654	1096	16
232.0	13909	18	18	18166	18	1839	1121	18
232.0	7779	6	3	18167	9	1999	1336	16
232.0	13148	24	18	18168	29	1437	1986	16
232.0	12319	20	20	18169	19	1294	1716	15
232.0	12780	7	8	18170	5	1003	1649	16
232.0	16255	18	16	18171	19	320	1885	20
232.0	15783	45	43	18172	46	70	768	23
232.0	15939	14	14	18173	14	1957	1422	15
232.0	13731	26	27	18174	24	288	988	14
232.0	10673	21	19	18175	23	1383	255	16
232.0	9291	26	29	18176	19	1889	418	20
232.0	16013	28	26	18177	30	1678	1156	23
232.0	8635	25	24	18178	25	1419	1584	18
232.0	15679	29	30	18179	26	359	250	16
232.0	15383	9	10	18180	8	402	1059	17
232.0	12734	30	30	18181	29	1860	65	12
232.0	13942	6	8	18182	4	1653	1622	18
232.0	10166	12	10	18183	14	861	207	17
232.0	11419	14	18	18184	9	1335	1768	18
232.0	12389	3	3	18185	3	1756	1335	16
232.0	7601	16	14	18186	17	1725	791	23
232.0	15256	15	17	18187	11	1631	998	20
232.0	14676	5	3	18188	6	262	1227	17
232.0	13044	9	6	18189	11	629	385	15
232.0	15848	26	30	18190	22	1874	468	20
232.0	12773	12	11	18191	13	1432	1929	14
232.0	13273	25	18	18192	29	170	1083	14
232.0	16396	22	21	18193	22	1494	1858	16
232.0	14244	14	20	18194	8	476	196	18
232.0	11941	24	22	18195	23	887	137	15
232.0	13424	27	21	18196	33	319	1182	18
232.0	13298	24	27	18197	21	1897	1395	16
232.0	14888	6	6	18198	6	669	237	16
232.0	12525	16	17	18199	15	203	370	22
232.0	9209	29	25	18200	31	93	1494	18
232.0	9797	27	31	18201	23	511	288	20
232.0	13751	5	3	18202	7	1254	1804	19
232.0	15588	24	23	18203	24	1731	117	21
232.0	17338	8	8	18204	7	1717	1447	21
232.0	9686	12	12	18205	12	321	1663	16
232.0	16854	19	18	18206	17	1657	899	18
232.0	10829	20	17	18207	23	1848	974	14
232.0	14298	0	0	18208	0	164	1338	18
232.0	15747	10	14	18209	6	1741	29	20
232.0	14086	13	11	18210	14	1844	1644	13
232.0	15734	8	9	18211	7	184	955	22
232.0	10997	15	16	18212	13	1450	1858	17
232.0	16529	10	14	18213	6	1939	1720	15
232.0	14643	13	15	18214	11	201	1963	16
232.0	10179	12	10	18215	14	376	1767	19
232.0	7971	15	15	18216	15	125	0	19
232.0	16748	15	10	18217	17	1602	85	19
232.0	14324	21	21	18218	21	1537	1876	18
232.0	12670	38	37	18219	39	1956	0	19
232.0	16589	7	6	18220	7	214	1861	15
232.0	13726	15	17	18221	12	1824	1741	16
232.0	14562	15	7	18222	23	1742	1872	22
232.0	11757	30	35	18223	25	129	1713	14
232.0	13507	19	20	18224	17	1466	1889	17
232.0	10042	29	29	18225	29	341	1742	18
232.0	12552	11	14	18226	8	1036	33	20
232.0	10784	31	26	18227	35	1326	186	16
232.0	11083	21	20	18228	19	1423	407	17
232.0	14506	9	8	18229	9	416	1668	16
232.0	15247	19	17	18230	21	1588	1989	19
232.0	8258	18	17	18231	18	657	308	15
232.0	11578	28	26	18232	28	317	1822	20
232.0	13672	19	21	18233	17	1605	71	17
232.0	13037	11	11	18234	10	1980	1508	13
232.0	9443	3	2	18235	4	124	1530	20
232.0	16116	19	21	18236	15	1682	22	21
232.0	7017	11	8	18237	14	1947	866	17
232.0	13965	14	9	18238	17	130	1388	16
232.0	13394	3	2	18239	3	926	1677	12
232.0	9096	23	27	18240	18	1219	277	17
232.0	14759	9	7	18241	9	1849	393	17
232.0	14748	16	17	18242	15	1717	434	16
232.0	15564	11	10	18243	11	1806	829	16
232.0	13617	11	13	18244	9	1406	333	16
233.0	10085	18	14	18245	22	1759	137	17
233.0	16396	21	18	18246	23	1494	1858	17
233.0	13362	5	5	18247	4	1187	79	19
233.0	13555	16	10	18248	21	1719	1580	22
233.0	13310	23	24	18249	20	193	546	17
233.0	16066	25	28	18250	21	1923	137	20
233.0	13166	3	1	18251	4	324	1338	18
233.0	10482	26	27	18252	24	1941	515	15
233.0	15266	7	8	18253	5	1692	584	16
233.0	16163	9	9	18254	9	27	1403	20
233.0	7030	12	14	18255	9	1902	1662	25
233.0	13677	20	13	18256	25	36	895	20
233.0	13965	9	9	18257	9	130	1388	17
233.0	11319	22	27	18258	15	1819	625	19
233.0	15091	33	28	18259	35	1756	1276	14
233.0	9209	25	24	18260	25	93	1494	19
233.0	8746	6	4	18261	8	1989	987	17
233.0	16759	13	13	18262	13	1946	1626	12
233.0	12473	17	13	18263	20	59	42	20
233.0	9394	35	31	18264	32	1550	449	18
233.0	14621	4	4	18265	4	141	137	20
233.0	12245	11	9	18266	13	816	203	14
233.0	16199	26	29	18267	22	1580	1379	19
233.0	10595	16	16	18268	16	599	303	16
233.0	14663	9	11	18269	7	70	1582	18
233.0	14236	19	19	18270	17	265	1454	19
233.0	9585	10	11	18271	8	1621	1569	18
233.0	14626	14	13	18272	14	1648	745	22
233.0	12077	20	16	18273	20	485	1369	14
233.0	16775	12	11	18274	13	1612	228	19
233.0	14809	16	12	18275	19	1806	582	15
233.0	16868	16	19	18276	13	79	1820	17
233.0	12802	9	8	18277	9	1009	1979	15
233.0	11712	11	13	18278	9	469	1227	19
233.0	15297	22	14	18279	29	1759	1120	19
233.0	15386	13	10	18280	14	1547	1598	19
233.0	7748	42	39	18281	42	1725	1131	20
233.0	7287	6	6	18282	6	163	1630	17
233.0	15216	25	25	18283	23	1814	1938	19
233.0	8568	14	12	18284	14	239	860	19
233.0	13583	14	15	18285	13	562	1627	17
233.0	15353	14	15	18286	13	993	1957	18
233.0	12781	3	3	18287	3	306	1969	15
233.0	14086	11	9	18288	11	1844	1644	14
233.0	14959	8	6	18289	9	1625	1789	17
233.0	11158	14	12	18290	16	1761	25	14
233.0	12172	16	18	18291	13	701	1947	15
233.0	8973	16	20	18292	11	1555	1466	18
233.0	15124	32	28	18293	34	1793	1104	19
233.0	14623	18	18	18294	15	1679	428	15
233.0	11406	18	18	18295	16	1502	407	15
233.0	14246	17	20	18296	14	734	1844	17
233.0	14807	11	5	18297	16	1248	1587	16
233.0	12259	27	25	18298	28	23	397	17
233.0	13664	12	11	18299	13	503	1934	15
233.0	11572	15	14	18300	14	347	1043	16
233.0	15014	8	8	18301	7	211	1629	14
233.0	11138	16	11	18302	21	1968	1521	18
233.0	11954	7	6	18303	8	809	1620	19
233.0	13245	11	11	18304	10	193	757	21
233.0	12488	14	16	18305	12	1677	1594	17
233.0	12934	7	5	18306	9	1608	1330	17
233.0	13044	6	8	18307	4	629	385	16
233.0	16854	18	17	18308	18	1657	899	19
233.0	12389	3	2	18309	4	1756	1335	17
233.0	11444	14	14	18310	13	1883	715	18
233.0	10741	22	22	18311	21	1833	344	17
233.0	14105	21	24	18312	15	1981	799	15
233.0	11150	21	26	18313	16	1887	841	18
233.0	14366	8	10	18314	6	1685	1029	21
233.0	15549	7	6	18315	7	18	1211	18
233.0	13433	10	14	18316	6	330	1819	14
233.0	8170	7	10	18317	2	503	1745	17
233.0	12538	17	13	18318	19	1886	570	16
233.0	10042	29	27	18319	27	341	1742	19
233.0	12148	8	8	18320	8	1725	773	23
233.0	8099	12	8	18321	14	1738	461	19
233.0	15588	23	23	18322	23	1731	117	22
233.0	8288	16	12	18323	19	544	0	16
233.0	14280	33	36	18324	27	1904	343	19
233.0	14506	8	6	18325	10	416	1668	17
233.0	15261	9	6	18326	11	1818	1318	13
233.0	14007	11	8	18327	14	1900	1043	16
233.0	17001	20	19	18328	21	1868	1927	18
233.0	7537	4	3	18329	5	868	260	15
233.0	16224	19	18	18330	19	1814	843	18
233.0	9096	27	23	18331	31	1219	277	18
233.0	10927	22	25	18332	18	1564	130	15
233.0	15834	4	5	18333	2	133	1591	16
233.0	15445	15	10	18334	19	1924	1222	17
233.0	13150	2	3	18335	1	252	567	19
233.0	8524	1	1	18336	0	988	220	19
233.0	14952	15	10	18337	19	399	1040	17
233.0	17092	13	13	18338	13	144	1490	15
233.0	15383	10	13	18339	7	402	1059	18
233.0	11209	11	13	18340	9	51	1585	14
233.0	16121	10	10	18341	10	1936	1523	16
233.0	9856	19	14	18342	21	590	1896	18
233.0	12779	11	12	18343	10	1541	1398	15
233.0	14704	31	25	18344	35	1786	1215	17
233.0	14645	28	31	18345	24	1706	213	21
233.0	13755	17	14	18346	20	1849	1930	20
233.0	17457	28	29	18347	25	44	999	17
233.0	9187	13	12	18348	13	566	338	14
233.0	14452	24	26	18349	21	1439	496	13
233.0	14276	5	4	18350	6	971	236	12
233.0	11741	19	19	18351	19	493	1862	15
233.0	10957	4	5	18352	2	611	1499	16
233.0	15409	30	33	18353	27	218	756	14
233.0	14521	25	26	18354	23	1153	286	13
233.0	15365	18	17	18355	19	380	1139	14
233.0	15324	50	47	18356	48	1507	44	15
233.0	12423	5	2	18357	8	1598	1492	18
233.0	15095	16	14	18358	18	597	119	16
233.0	12568	30	29	18359	31	255	993	16
233.0	11388	9	7	18360	11	21	879	13
233.0	15155	6	5	18361	6	865	1757	12
233.0	14014	19	20	18362	18	345	381	15
233.0	10531	9	7	18363	10	1899	1293	13
233.0	13586	36	34	18364	33	288	1301	19
233.0	12421	18	15	18365	20	730	1826	13
233.0	12294	11	10	18366	12	1828	1071	14
233.0	12540	19	20	18367	17	1819	71	15
233.0	15841	2	4	18368	0	1225	1828	17
233.0	13680	19	18	18369	18	1852	577	22
233.0	13963	12	13	18370	11	1668	1404	22
233.0	15184	8	10	18371	5	1852	1206	16
233.0	9997	0	0	18372	0	1551	1701	19
233.0	15210	8	10	18373	6	1666	1255	18
233.0	16529	14	18	18374	10	1939	1720	16
233.0	14016	10	11	18375	8	1914	1335	12
233.0	15680	15	11	18376	18	72	1146	16
234.0	16438	31	38	18377	23	1869	398	18
234.0	13402	16	15	18378	17	1736	1529	14
234.0	16824	13	8	18379	17	1815	1579	18
234.0	13991	11	15	18380	6	354	847	13
234.0	12640	33	31	18381	34	77	1194	20
234.0	9856	14	16	18382	12	590	1896	19
234.0	11319	27	24	18383	27	1819	625	20
234.0	15705	27	25	18384	29	1980	240	12
234.0	15231	11	8	18385	14	306	1628	16
234.0	12817	8	4	18386	10	1336	226	16
234.0	14107	25	24	18387	22	309	1044	14
234.0	8973	20	16	18388	22	1555	1466	19
234.0	12284	20	24	18389	16	293	1029	22
234.0	14269	33	19	18390	47	1960	1818	23
234.0	9280	11	13	18391	8	1872	747	16
234.0	11388	7	8	18392	6	21	879	14
234.0	15590	22	20	18393	23	1999	1121	16
234.0	9374	40	30	18394	48	743	228	22
234.0	16009	7	6	18395	7	91	1602	21
234.0	13382	13	16	18396	10	1407	419	16
234.0	8477	3	3	18397	3	470	1598	16
234.0	14388	24	22	18398	25	1746	1257	15
234.0	10135	9	9	18399	7	1928	1349	13
234.0	12401	30	25	18400	32	126	615	14
234.0	14605	22	24	18401	19	262	316	18
234.0	12728	28	30	18402	24	1156	1818	15
234.0	13493	10	14	18403	6	1983	1395	16
234.0	17338	8	7	18404	9	1717	1447	22
234.0	14558	22	19	18405	24	1967	556	16
234.0	15207	16	15	18406	16	869	1674	17
234.0	8568	12	11	18407	12	239	860	20
234.0	12041	9	7	18408	10	304	288	20
234.0	14328	3	3	18409	3	1414	1648	20
234.0	14105	24	25	18410	22	1981	799	16
234.0	13744	19	18	18411	19	293	394	17
234.0	12835	10	11	18412	8	1947	1349	14
234.0	14246	20	14	18413	25	745	1855	18
234.0	12322	42	39	18414	41	1256	82	18
234.0	16576	19	15	18415	22	1950	1485	16
234.0	12277	14	14	18416	14	1561	1999	20
234.0	17651	21	16	18417	24	614	1793	23
234.0	14635	26	32	18418	18	1903	569	18
234.0	12172	18	17	18419	17	701	1947	16
234.0	13992	19	23	18420	15	1603	1653	21
234.0	15253	30	31	18421	28	344	77	18
234.0	10478	20	19	18422	19	768	1665	15
234.0	11645	24	18	18423	30	1680	1806	21
234.0	11028	9	7	18424	10	1594	330	21
234.0	15524	32	36	18425	27	1695	486	17
234.0	14249	18	25	18426	11	1922	710	17
234.0	11917	28	26	18427	27	506	37	20
234.0	13466	22	29	18428	14	824	11	18
234.0	12955	18	18	18429	18	989	23	22
234.0	15077	31	31	18430	28	1688	204	21
234.0	13222	18	18	18431	15	302	1575	17
234.0	11158	12	13	18432	11	1761	25	15
234.0	14842	8	9	18433	7	1786	448	17
234.0	15314	24	19	18434	26	1543	1775	23
234.0	11842	39	41	18435	32	1870	1332	15
234.0	13770	22	21	18436	23	1848	144	14
234.0	12719	7	8	18437	6	1835	385	17
234.0	9829	4	3	18438	5	920	318	20
234.0	14336	17	15	18439	18	1983	1436	15
234.0	13803	35	33	18440	35	1917	303	14
234.0	11798	18	17	18441	17	118	1124	19
234.0	7321	26	28	18442	22	1933	32	19
234.0	14725	13	19	18443	7	1436	288	17
234.0	12603	16	15	18444	17	1961	1669	17
234.0	17640	20	18	18445	21	1833	1478	13
234.0	13383	24	30	18446	17	1607	918	21
234.0	13354	8	5	18447	10	665	1659	17
234.0	8740	18	24	18448	11	177	750	21
234.0	7748	39	44	18449	33	1725	1131	21
234.0	14574	42	42	18450	41	1943	256	12
234.0	15839	30	30	18451	30	1919	409	16
234.0	14766	16	18	18452	11	203	1912	15
234.0	10194	33	35	18453	30	1744	1922	17
234.0	14989	17	15	18454	16	1840	837	19
234.0	15906	12	11	18455	11	839	1803	21
234.0	12580	12	11	18456	13	790	1914	18
234.0	15622	9	10	18457	8	259	1204	18
234.0	14294	29	28	18458	27	51	1669	17
234.0	17001	19	19	18459	17	1868	1927	19
234.0	16775	11	14	18460	7	1612	228	20
234.0	15059	16	16	18461	16	1860	945	14
234.0	16730	6	3	18462	9	337	1191	18
234.0	14787	9	8	18463	10	1788	1146	17
234.0	12889	18	21	18464	15	1918	205	16
234.0	12178	11	11	18465	11	170	993	19
234.0	7866	4	6	18466	2	389	1557	19
234.0	13310	24	20	18467	27	193	546	18
234.0	13159	30	30	18468	29	1806	542	16
234.0	14722	25	24	18469	24	1219	1629	19
234.0	10548	21	21	18470	20	139	766	16
234.0	11590	10	12	18471	8	350	1138	11
234.0	16166	9	9	18472	8	450	1647	16
234.0	14532	15	16	18473	12	1797	46	18
234.0	10913	25	31	18474	18	1844	112	11
234.0	10928	11	9	18475	11	1825	208	16
234.0	13329	20	20	18476	19	1779	536	18
234.0	18361	6	7	18477	5	853	1768	13
234.0	14509	19	12	18478	25	1122	36	16
234.0	12661	16	15	18479	17	262	1652	16
234.0	16709	58	51	18480	49	1891	225	15
234.0	15295	16	21	18481	11	361	1138	11
234.0	14030	7	7	18482	6	1178	1887	16
234.0	11397	15	15	18483	14	383	1808	16
234.0	12455	15	10	18484	20	303	478	14
234.0	14144	14	15	18485	11	1793	648	19
234.0	11723	17	22	18486	11	366	1446	18
234.0	10082	37	34	18487	39	1923	978	17
234.0	15246	39	46	18488	25	1965	238	15
234.0	12527	12	11	18489	12	279	1910	17
234.0	12532	10	9	18490	11	1653	996	19
234.0	12765	4	2	18491	6	945	201	16
234.0	16367	6	6	18492	6	233	217	25
234.0	11209	13	10	18493	15	51	1585	15
234.0	12103	13	12	18494	14	934	1858	18
234.0	16235	11	12	18495	10	1660	1744	14
234.0	10791	9	11	18496	6	89	1811	17
234.0	17279	21	16	18497	24	1949	1807	23
234.0	8099	8	3	18498	12	1727	472	20
234.0	14881	8	6	18499	10	648	1614	14
234.0	15110	23	22	18500	24	673	1772	16
234.0	8709	6	6	18501	6	1682	1366	14
234.0	14062	23	23	18502	22	1554	281	14
234.0	14165	16	17	18503	13	279	1519	13
234.0	14386	25	24	18504	24	1947	667	17
234.0	14903	34	32	18505	34	1698	997	20
234.0	10970	9	6	18506	12	420	1502	14
234.0	15398	7	6	18507	8	1594	608	20
234.0	14979	14	12	18508	15	210	1074	14
234.0	15131	12	9	18509	14	226	1438	20
234.0	15301	26	20	18510	30	1663	1831	20
234.0	10887	21	24	18511	17	82	369	20
234.0	14167	17	17	18512	17	569	1850	9
234.0	15386	10	10	18513	10	1547	1598	20
234.0	12215	20	14	18514	25	456	1917	16
234.0	13115	20	23	18515	17	30	858	17
234.0	15438	14	18	18516	9	1800	255	15
234.0	15268	21	18	18517	23	1857	1025	16
234.0	14104	15	9	18518	19	878	1811	21
234.0	10119	11	10	18519	11	1749	892	20
234.0	15539	5	3	18520	7	986	1764	16
234.0	15372	22	16	18521	26	1738	585	16
234.0	14216	23	25	18522	20	1535	1855	22
234.0	15741	14	13	18523	15	1466	280	18
234.0	11150	26	25	18524	27	1887	841	19
234.0	16605	14	12	18525	15	1333	1971	17
234.0	7730	20	20	18526	19	0	1088	17
234.0	15240	24	24	18527	22	20	1296	14
234.0	14063	2	3	18528	1	171	1612	18
235.0	9463	2	3	18529	0	462	329	15
235.0	15123	12	9	18530	14	289	1242	18
235.0	7525	20	18	18531	21	1978	1046	17
235.0	16795	27	34	18532	19	1815	1293	16
235.0	14509	12	12	18533	12	1122	36	17
235.0	14276	4	2	18534	6	971	236	13
235.0	11296	9	10	18535	8	1891	1509	17
235.0	11449	15	15	18536	14	406	549	17
235.0	14639	21	26	18537	15	1895	1071	17
235.0	14466	30	27	18538	32	1588	886	17
235.0	10561	7	4	18539	9	406	1881	16
235.0	14442	20	17	18540	22	1694	365	19
235.0	17348	27	32	18541	20	1405	277	15
235.0	15114	11	10	18542	12	1268	1974	17
235.0	9784	5	5	18543	4	1724	606	21
235.0	11797	9	9	18544	8	1344	1744	16
235.0	9493	19	17	18545	21	349	315	20
235.0	16611	8	11	18546	5	263	1833	16
235.0	13929	11	12	18547	10	1198	120	13
235.0	13961	5	5	18548	5	1363	1736	20
235.0	16263	10	11	18549	9	1682	1734	14
235.0	10448	39	35	18550	39	1768	1181	16
235.0	16234	6	5	18551	7	1822	906	14
235.0	14203	20	23	18552	15	260	284	17
235.0	15039	18	16	18553	18	1643	1499	17
235.0	14242	24	18	18554	29	1904	122	18
235.0	14953	7	8	18555	5	1542	12	16
235.0	10829	17	18	18556	15	1848	974	15
235.0	14107	24	20	18557	25	309	1044	15
235.0	14449	5	6	18558	4	117	214	29
235.0	11930	11	11	18559	10	1811	1999	20
235.0	11409	17	15	18560	18	1826	1523	23
235.0	10478	19	20	18561	15	768	1665	16
235.0	15755	16	12	18562	20	1829	1366	17
235.0	13657	8	8	18563	8	311	1309	16
235.0	13980	21	21	18564	19	482	1946	11
235.0	10378	11	9	18565	13	1631	893	16
235.0	15234	11	9	18566	13	1683	280	17
235.0	14300	32	31	18567	32	133	1956	10
235.0	13743	16	14	18568	16	1894	950	17
235.0	14085	22	21	18569	22	350	428	14
235.0	6959	8	6	18570	10	1999	1490	15
235.0	13985	3	4	18571	1	376	1914	15
235.0	13512	8	6	18572	9	1196	369	16
235.0	13992	23	21	18573	23	1603	1653	22
235.0	16605	12	11	18574	13	1333	1971	18
235.0	8014	25	27	18575	21	1609	259	13
235.0	13601	11	10	18576	11	183	237	15
235.0	9415	30	29	18577	31	60	1336	17
235.0	10213	25	22	18578	27	1012	1719	16
235.0	12577	48	47	18579	45	405	46	23
235.0	13796	13	15	18580	11	55	122	17
235.0	16057	24	16	18581	31	1379	29	15
235.0	11645	18	22	18582	14	1680	1806	22
235.0	16510	10	12	18583	8	1325	1860	16
235.0	12711	32	27	18584	36	557	315	15
235.0	13402	15	19	18585	11	1736	1529	15
235.0	13142	2	2	18586	2	1675	754	19
235.0	9880	15	13	18587	17	157	113	21
235.0	7321	28	24	18588	32	1933	32	20
235.0	8340	15	19	18589	10	1799	959	19
235.0	15653	17	15	18590	17	243	1931	15
235.0	14906	31	24	18591	34	1423	223	16
235.0	10444	20	19	18592	21	642	186	15
235.0	13440	23	20	18593	26	1844	48	13
235.0	13510	20	25	18594	15	1977	399	15
235.0	15839	30	23	18595	35	1919	409	17
235.0	9336	11	8	18596	14	1715	847	17
235.0	16492	11	12	18597	10	1914	1362	14
235.0	17650	10	12	18598	6	543	1936	22
235.0	15835	18	21	18599	12	400	1847	10
235.0	14165	17	14	18600	20	279	1519	14
235.0	12633	38	36	18601	39	1875	1485	17
235.0	12391	10	9	18602	11	1522	1816	17
235.0	14495	10	11	18603	8	1772	1619	20
235.0	16331	6	9	18604	3	1805	494	19
235.0	14109	36	35	18605	34	1694	1255	20
235.0	12018	29	32	18606	25	235	77	17
235.0	10397	8	6	18607	10	820	1872	19
235.0	11269	25	27	18608	23	208	18	16
235.0	16227	10	11	18609	8	899	66	19
235.0	14929	18	16	18610	18	1675	1511	18
235.0	15686	22	15	18611	28	829	94	15
235.0	16310	2	3	18612	1	364	1947	15
235.0	13765	10	10	18613	10	385	1438	14
235.0	15359	16	13	18614	18	402	1900	17
235.0	11315	5	6	18615	4	989	195	19
235.0	11446	13	10	18616	15	1920	754	20
235.0	14305	6	6	18617	6	519	1404	16
235.0	14030	7	6	18618	7	1178	1887	17
235.0	16871	12	11	18619	12	42	1632	18
235.0	13109	19	23	18620	13	1782	134	16
235.0	12341	15	13	18621	15	1891	1728	17
235.0	9416	16	13	18622	18	1613	17	20
235.0	13803	33	27	18623	38	1917	303	15
235.0	14166	16	17	18624	14	676	1906	19
235.0	7691	3	3	18625	3	1643	338	22
235.0	10315	12	10	18626	12	0	1878	16
235.0	13770	21	20	18627	18	1848	144	15
235.0	13942	8	9	18628	7	1653	1622	19
235.0	14753	12	15	18629	8	234	1493	16
235.0	11999	17	14	18630	20	60	726	13
235.0	14060	11	12	18631	9	1778	1700	19
235.0	14617	7	5	18632	7	249	1363	19
235.0	16345	21	24	18633	17	1468	1839	17
235.0	17640	18	18	18634	16	1833	1478	14
235.0	8544	29	37	18635	21	39	538	22
235.0	15529	13	11	18636	15	1742	668	17
235.0	14371	24	25	18637	23	1982	636	14
235.0	13476	10	12	18638	8	62	1157	18
235.0	14124	13	12	18639	13	1312	1717	17
235.0	13409	14	14	18640	14	203	515	19
235.0	15126	3	5	18641	1	186	1702	18
235.0	15210	10	8	18642	12	1666	1255	19
235.0	15741	13	12	18643	14	1466	280	19
235.0	11297	34	39	18644	28	1675	1287	19
235.0	8592	19	18	18645	19	1201	1902	14
235.0	15620	15	12	18646	18	240	1737	18
235.0	9755	20	21	18647	17	853	1847	22
235.0	12603	15	17	18648	13	1961	1669	18
235.0	16144	25	24	18649	26	1465	1932	18
235.0	14558	19	15	18650	22	1967	556	17
235.0	14441	13	8	18651	16	1951	556	17
235.0	14975	30	25	18652	34	12	1385	17
235.0	15122	8	10	18653	6	1893	1108	16
235.0	13169	13	13	18654	12	1478	463	17
235.0	14750	16	18	18655	11	976	1989	16
235.0	13130	16	12	18656	19	1989	1480	14
235.0	10962	23	28	18657	18	1381	1986	18
235.0	14074	13	21	18658	4	1973	1224	17
235.0	17085	22	22	18659	22	1721	1916	21
235.0	15249	29	25	18660	31	1948	984	15
235.0	11778	18	18	18661	17	283	162	19
235.0	13739	35	34	18662	31	1359	137	16
235.0	10135	9	7	18663	10	1928	1349	14
235.0	10121	20	19	18664	21	1981	0	17
235.0	15286	15	19	18665	11	1355	1981	17
235.0	13403	9	8	18666	10	226	1156	23
235.0	14752	49	49	18667	47	147	1110	15
235.0	13923	17	17	18668	17	439	1869	20
235.0	14650	3	1	18669	5	1354	1708	18
235.0	13728	26	24	18670	28	1851	924	19
235.0	14805	23	22	18671	24	1883	106	17
235.0	12748	13	10	18672	15	1873	1795	20
235.0	9353	12	9	18673	15	269	1100	16
235.0	11798	17	18	18674	16	118	1124	20
235.0	7288	22	21	18675	23	1151	1987	16
235.0	12524	11	15	18676	7	626	1733	19
235.0	14608	17	13	18677	19	1770	768	16
235.0	16829	11	9	18678	13	58	1982	16
235.0	11532	18	18	18679	16	1838	293	20
236.0	11778	18	16	18681	19	283	162	20
236.0	14434	13	11	18682	14	244	778	19
236.0	16235	12	6	18683	18	1660	1744	15
236.0	12850	21	23	18684	19	1961	1288	16
236.0	14396	13	15	18685	11	1626	1678	21
236.0	17764	15	16	18686	14	1560	86	20
236.0	10596	12	9	18687	15	1706	1295	16
236.0	12771	4	4	18688	4	1256	1761	18
236.0	12722	22	20	18689	21	653	77	13
236.0	6938	37	34	18690	38	124	1108	15
236.0	10521	6	5	18691	7	257	1329	16
236.0	16251	10	10	18692	8	225	1263	23
236.0	17152	21	22	18693	20	1761	174	23
236.0	13942	9	9	18694	8	1653	1622	20
236.0	13373	14	15	18695	12	1859	680	15
236.0	11571	0	0	18696	0	1557	1674	20
236.0	14650	1	2	18697	0	1354	1708	19
236.0	9415	29	28	18698	28	60	1336	18
236.0	10583	15	16	18699	12	646	1595	17
236.0	16142	4	2	18700	6	266	1357	18
236.0	15674	19	15	18701	22	1887	1840	18
236.0	15590	20	15	18702	25	1999	1121	17
236.0	12170	26	26	18703	24	1848	899	16
236.0	15306	21	18	18704	22	1631	1713	13
236.0	12687	8	7	18705	9	229	421	15
236.0	11796	2	1	18706	3	291	1359	17
236.0	13552	29	33	18707	24	512	1794	17
236.0	11682	20	21	18708	18	623	42	13
236.0	15091	28	23	18709	31	1769	1289	15
236.0	16742	8	13	18710	2	183	1152	14
236.0	17085	22	27	18711	17	1721	1916	22
236.0	8014	27	28	18712	25	1609	259	14
236.0	14781	6	6	18713	5	490	1619	14
236.0	15411	17	19	18714	14	1802	680	19
236.0	15466	10	9	18715	10	1706	1506	16
236.0	13270	20	20	18716	19	1067	1733	20
236.0	10561	4	5	18717	2	406	1881	17
236.0	13658	34	34	18718	32	1828	1347	13
236.0	16014	6	5	18719	7	625	1940	18
236.0	13997	4	3	18720	5	1620	1858	16
236.0	17449	23	27	18721	18	1914	662	17
236.0	14096	4	6	18722	2	261	858	20
236.0	7926	3	2	18723	4	1107	1700	16
236.0	14765	44	49	18724	36	65	1470	19
236.0	9229	6	6	18725	6	1484	255	19
236.0	12846	12	10	18726	13	203	1499	21
236.0	14619	16	16	18727	15	151	1832	13
236.0	9766	14	8	18728	18	806	109	18
236.0	12421	15	14	18729	15	730	1826	14
236.0	15835	21	14	18730	26	400	1847	11
236.0	14361	21	21	18731	21	255	168	20
236.0	16307	31	32	18732	28	1889	1433	17
236.0	15197	15	16	18733	13	307	1329	14
236.0	16175	11	12	18734	8	1063	1842	18
236.0	14310	9	10	18735	8	244	826	18
236.0	17256	5	3	18736	7	1564	1928	17
236.0	17650	12	13	18737	11	543	1936	23
236.0	17311	30	30	18738	30	1873	1354	15
236.0	14746	23	25	18739	19	1910	1805	20
236.0	15492	12	11	18740	12	1713	1076	17
236.0	14411	8	12	18741	4	254	1270	17
236.0	16400	12	10	18742	12	1305	1859	17
236.0	14409	7	7	18743	7	275	1255	17
236.0	13265	7	9	18744	5	1277	1945	18
236.0	12991	5	5	18745	5	245	1512	19
236.0	11876	37	29	18746	43	431	125	20
236.0	14878	15	16	18747	14	1797	1638	16
236.0	14197	28	28	18748	26	255	427	17
236.0	8911	14	11	18749	17	1586	1745	16
236.0	15297	14	18	18750	10	1759	1120	20
236.0	16322	5	4	18751	5	1427	1713	17
236.0	16870	12	13	18752	9	287	1457	16
236.0	12633	36	33	18753	37	1875	1485	18
236.0	15333	27	25	18754	24	710	25	14
236.0	11999	14	18	18755	9	60	726	14
236.0	14960	1	1	18756	1	840	86	16
236.0	13979	16	18	18757	14	600	1726	17
236.0	12517	24	28	18758	19	1664	1908	17
236.0	15329	9	10	18759	8	253	1617	17
236.0	9179	16	17	18760	15	183	1089	13
236.0	7129	16	15	18761	16	1557	247	15
236.0	14651	6	8	18762	4	289	57	24
236.0	15134	10	11	18763	9	206	1620	14
236.0	10501	6	2	18764	10	1428	1946	17
236.0	12336	51	51	18765	48	1097	182	21
236.0	14251	12	12	18766	11	182	1274	19
236.0	12225	9	8	18767	8	1068	1965	15
236.0	14810	20	23	18768	16	946	1916	17
236.0	14940	23	16	18769	28	925	1874	15
236.0	13815	33	33	18770	33	297	1736	17
236.0	7059	26	27	18771	23	1983	306	19
236.0	13822	12	8	18772	15	63	857	13
236.0	14744	16	18	18773	14	1703	1667	14
236.0	10287	8	7	18774	9	627	1639	18
236.0	9096	23	27	18775	18	1219	277	19
236.0	15040	20	18	18776	20	1905	488	14
236.0	17768	11	10	18777	11	1803	1402	22
236.0	15269	8	12	18778	4	1800	1822	19
236.0	10955	17	20	18779	14	1704	654	15
236.0	13057	8	9	18780	7	158	925	20
236.0	12284	24	27	18781	20	293	1029	23
236.0	17448	12	12	18782	11	1734	1850	17
236.0	13985	4	6	18783	2	376	1914	16
236.0	8658	10	12	18784	8	1074	1815	19
236.0	17690	20	19	18785	19	1358	59	19
236.0	15686	15	13	18786	17	829	94	16
236.0	9671	28	24	18787	30	0	1069	17
236.0	15795	22	20	18788	22	1771	568	17
236.0	7587	2	3	18789	1	395	1989	17
236.0	9642	15	16	18790	14	1524	93	17
236.0	10229	16	14	18791	15	1925	66	17
236.0	14347	15	15	18792	13	1042	1937	20
236.0	18359	31	28	18793	32	244	1003	17
236.0	13923	17	14	18794	20	439	1869	21
236.0	11858	6	6	18795	6	307	500	24
236.0	11136	17	17	18796	13	1955	1262	18
236.0	13667	16	13	18797	19	1722	164	20
236.0	14767	18	20	18798	16	1713	1118	15
236.0	11315	6	8	18799	4	989	195	20
236.0	14182	13	19	18800	7	519	1999	11
236.0	9493	17	15	18801	18	349	315	21
236.0	8843	14	12	18802	16	55	395	18
236.0	12603	17	15	18803	19	1961	1669	19
236.0	15865	4	5	18804	2	1707	388	17
236.0	16744	12	13	18805	11	1935	1892	18
236.0	13889	11	11	18806	11	1072	109	14
236.0	15983	8	5	18807	10	1523	1795	17
236.0	11310	18	16	18808	19	1820	252	17
236.0	13573	21	20	18809	22	527	55	17
236.0	16723	3	2	18810	4	263	1769	15
236.0	11490	25	24	18811	25	1628	1443	18
236.0	10187	24	16	18812	31	120	547	17
237.0	12244	8	6	18813	10	1049	155	22
237.0	13815	33	41	18814	23	297	1736	18
237.0	15015	16	18	18815	13	1958	89	16
237.0	9308	14	12	18816	15	153	1270	15
237.0	17458	20	14	18817	26	1982	1283	16
237.0	14590	12	13	18818	8	44	1753	15
237.0	10619	27	26	18819	27	1923	1384	15
237.0	14726	8	6	18820	10	1743	201	14
237.0	17348	32	24	18821	40	1405	277	16
237.0	16205	12	12	18822	11	170	117	21
237.0	14198	22	21	18823	23	1840	76	11
237.0	17151	27	29	18824	22	1922	382	18
237.0	17338	7	6	18825	8	1717	1447	23
237.0	13651	18	22	18826	14	1740	1065	21
237.0	13046	18	16	18827	20	1877	974	17
237.0	15151	4	2	18828	5	370	1604	21
237.0	13068	16	17	18829	14	1096	1966	16
237.0	16883	24	25	18830	19	1964	60	19
237.0	12850	23	20	18831	25	1961	1288	17
237.0	13809	21	17	18832	21	130	1274	18
237.0	7147	14	9	18833	19	49	212	23
237.0	13858	17	14	18834	20	1128	1847	19
237.0	13224	1	2	18835	0	1466	1670	18
237.0	14986	7	8	18836	5	1591	496	22
237.0	7344	2	2	18837	2	477	1279	15
237.0	14604	9	11	18838	6	1809	1797	14
237.0	13257	3	1	18839	5	52	1213	21
237.0	14347	15	15	18840	14	1042	1937	21
237.0	14834	30	33	18841	26	63	825	18
237.0	11850	25	28	18842	20	1850	1582	15
237.0	16224	18	22	18843	14	1814	843	19
237.0	13011	21	27	18844	15	1649	141	21
237.0	8847	30	34	18845	24	1012	63	19
237.0	11083	20	24	18846	16	1423	407	18
237.0	8593	13	16	18847	10	1743	309	19
237.0	15201	11	11	18848	11	1872	1156	16
237.0	14107	20	14	18849	25	309	1044	16
237.0	6991	11	10	18850	12	1635	1327	21
237.0	11585	46	39	18851	50	0	1617	18
237.0	13440	20	16	18852	21	1844	48	14
237.0	16834	9	8	18853	9	1727	814	16
237.0	13000	31	33	18854	29	248	484	16
237.0	8035	12	14	18855	10	1893	1573	18
237.0	15619	24	20	18856	27	1179	281	17
237.0	16011	10	7	18857	13	1714	1608	15
237.0	11819	19	15	18858	22	308	761	18
237.0	15091	23	22	18859	23	1769	1289	16
237.0	11122	21	21	18860	20	968	121	15
237.0	15833	16	16	18861	15	1925	1575	11
237.0	13790	35	41	18862	27	769	184	20
237.0	12074	18	14	18863	21	1645	30	19
237.0	14825	13	18	18864	8	1542	1887	16
237.0	14042	24	21	18865	27	1608	778	12
237.0	12416	7	7	18866	7	144	1379	18
237.0	16713	18	20	18867	16	1361	1812	18
237.0	11171	17	18	18868	15	1416	1661	17
237.0	10620	10	9	18869	11	79	1241	19
237.0	10583	16	20	18870	12	646	1595	18
237.0	15612	7	6	18871	8	1719	832	16
237.0	13816	19	22	18872	15	1736	1957	16
237.0	9660	10	9	18873	11	189	889	22
237.0	16574	26	31	18874	21	1912	1606	14
237.0	13296	13	5	18875	20	1074	1885	17
237.0	15836	6	7	18876	5	44	1522	17
237.0	9132	6	6	18877	6	211	1577	19
237.0	13373	15	19	18878	10	1859	680	16
237.0	15570	11	6	18879	15	828	244	14
237.0	14443	23	19	18880	26	16	1457	15
237.0	14485	4	5	18881	3	197	1134	24
237.0	15414	14	13	18882	14	1543	377	17
237.0	14374	9	10	18883	7	1649	1162	17
237.0	11278	30	34	18884	24	1999	922	20
237.0	9728	17	17	18885	17	1597	1963	19
237.0	14218	15	10	18886	19	89	1407	14
237.0	9602	20	21	18887	19	1221	58	18
237.0	12434	20	22	18888	16	1718	1867	17
237.0	16870	13	18	18889	7	287	1457	17
237.0	9454	15	16	18890	13	213	290	22
237.0	11115	6	8	18891	4	322	1935	17
237.0	12005	24	25	18892	23	1863	344	16
237.0	15529	11	17	18893	5	1742	668	18
237.0	15816	9	5	18894	11	1314	1905	17
237.0	14964	31	27	18895	35	1939	1264	14
237.0	15224	9	7	18896	11	1735	1644	18
237.0	13392	9	7	18897	10	1914	1273	13
237.0	17862	29	25	18898	32	1738	1243	20
237.0	12500	7	7	18899	7	1486	1543	15
237.0	16691	18	16	18900	17	632	1763	12
237.0	11228	24	25	18901	21	229	581	20
237.0	17041	31	30	18902	32	1970	187	13
237.0	15607	27	35	18903	18	461	1806	15
237.0	14942	27	25	18904	26	1986	439	17
237.0	11587	13	10	18905	16	395	1947	19
237.0	15240	24	22	18906	24	20	1277	15
237.0	8407	13	15	18907	10	423	287	20
237.0	14074	21	20	18908	21	1986	1211	18
237.0	11194	23	22	18909	22	1411	1627	16
237.0	17158	7	3	18910	10	1798	1341	19
237.0	7205	11	7	18911	12	1675	625	17
237.0	13622	25	29	18912	20	1721	307	15
237.0	11348	15	15	18913	15	1577	461	18
237.0	13559	8	6	18914	9	1773	1434	15
237.0	9692	21	23	18915	18	1791	78	13
237.0	15995	15	9	18916	21	242	1595	16
237.0	14989	15	15	18917	14	1840	837	20
237.0	13755	14	18	18918	10	1849	1930	21
237.0	12247	42	43	18919	37	1852	450	18
237.0	15443	16	19	18920	13	532	1948	23
237.0	12996	5	2	18921	8	1035	277	22
237.0	15138	9	10	18922	7	225	1216	18
237.0	16843	28	25	18923	28	1571	195	21
237.0	10684	25	24	18924	23	316	1844	15
237.0	10011	12	11	18925	13	1728	1423	16
237.0	13589	21	26	18926	15	569	79	19
237.0	15209	15	12	18927	18	1746	1979	17
237.0	14631	26	26	18928	24	1711	1970	21
237.0	12492	8	12	18929	4	1441	1966	17
237.0	14643	15	13	18930	16	201	1963	17
237.0	17768	10	10	18931	9	1803	1402	23
237.0	15755	12	12	18932	11	1841	1378	18
237.0	6877	19	22	18933	14	0	1414	21
237.0	14754	16	18	18934	14	436	1680	18
237.0	12781	3	2	18935	4	306	1969	16
237.0	15795	20	17	18936	21	1771	568	18
237.0	14879	5	4	18937	6	1484	374	19
237.0	10370	46	41	18938	50	1921	256	14
237.0	9621	16	16	18939	16	1748	1491	16
238.0	14586	18	21	18940	15	1524	1842	16
238.0	15068	9	6	18941	11	1565	111	18
238.0	14877	17	14	18942	20	1914	1442	14
238.0	9516	25	24	18943	26	193	479	21
238.0	9972	16	15	18944	17	0	1437	15
238.0	13401	13	12	18945	14	1916	1784	20
238.0	15091	22	22	18946	21	1769	1289	17
238.0	13329	20	18	18947	21	1791	524	19
238.0	10829	18	16	18948	20	1848	974	16
238.0	12416	7	7	18949	7	144	1379	19
238.0	14464	11	12	18950	10	644	1717	20
238.0	13732	10	11	18951	8	1725	1682	20
238.0	16224	22	22	18952	22	1814	843	20
238.0	12177	24	25	18953	21	1481	1778	24
238.0	15116	18	14	18954	19	357	48	20
238.0	15882	0	0	18955	0	1623	1693	15
238.0	13026	4	5	18956	3	438	1582	17
238.0	11885	26	29	18957	22	634	297	24
238.0	15851	20	20	18958	19	1630	287	17
238.0	16477	33	35	18959	28	1924	1176	19
238.0	9048	15	14	18960	14	1673	406	19
238.0	15214	18	15	18961	21	334	1909	17
238.0	17798	14	12	18962	16	1723	1464	18
238.0	15735	20	14	18963	25	1423	367	18
238.0	17338	6	5	18964	6	1717	1447	24
238.0	15834	5	4	18965	6	121	1579	17
238.0	13534	13	13	18966	13	418	1276	15
238.0	12951	24	22	18967	24	1465	207	21
238.0	11589	23	19	18968	25	76	1550	17
238.0	12594	14	14	18969	14	1535	1741	16
238.0	8823	9	13	18970	5	96	1073	22
238.0	15695	16	15	18971	17	1698	1221	15
238.0	16445	19	19	18972	18	1845	1564	16
238.0	13144	33	31	18973	33	1633	184	23
238.0	14200	20	16	18974	24	72	986	14
238.0	13512	6	7	18975	5	1196	369	17
238.0	13595	28	26	18976	28	794	1754	14
238.0	14554	11	11	18977	9	1117	12	17
238.0	13621	16	17	18978	15	1989	945	18
238.0	8035	14	17	18979	10	1893	1573	19
238.0	13531	10	10	18980	9	1591	154	18
238.0	16175	12	14	18981	9	1063	1842	19
238.0	13298	27	25	18982	28	1884	1408	17
238.0	15830	19	18	18983	19	103	1859	10
238.0	11469	11	13	18984	9	288	1261	19
238.0	10728	17	12	18985	21	1958	104	17
238.0	14467	17	12	18986	20	1180	1939	15
238.0	9785	14	17	18987	11	1784	1878	21
238.0	11122	21	23	18988	17	968	121	16
238.0	10753	5	8	18989	2	473	1784	19
238.0	12041	7	7	18990	7	304	288	21
238.0	11409	15	17	18991	12	1826	1523	24
238.0	12273	28	23	18992	32	1608	636	17
238.0	12765	2	4	18993	0	945	201	17
238.0	16157	16	17	18994	14	623	1909	21
238.0	15680	11	9	18995	13	85	1159	17
238.0	17137	5	6	18996	4	1247	1723	18
238.0	17185	4	5	18997	3	1740	1365	15
238.0	16038	18	13	18998	23	1955	337	19
238.0	8554	13	10	18999	13	768	1719	15
238.0	13791	19	20	19000	18	1845	483	17
238.0	11874	11	11	19001	11	826	1928	19
238.0	10981	31	27	19002	33	126	899	15
238.0	12527	11	10	19003	11	263	1926	18
238.0	13997	3	4	19004	2	1620	1858	17
238.0	14300	31	34	19005	24	133	1956	11
238.0	12457	15	13	19006	15	317	1027	22
238.0	7892	14	13	19007	14	723	299	15
238.0	13061	17	17	19008	17	1691	1934	20
238.0	7624	15	18	19009	12	164	86	24
238.0	12434	22	24	19010	18	1718	1867	18
238.0	17088	24	17	19011	30	1882	12	17
238.0	13963	13	11	19012	14	1668	1404	23
238.0	12987	22	26	19013	18	898	20	16
238.0	15087	32	30	19014	33	1482	60	20
238.0	10310	20	18	19015	21	109	1399	19
238.0	12005	25	22	19016	28	1863	344	17
238.0	11230	11	7	19017	15	1584	1598	18
238.0	14833	49	50	19018	45	128	1164	15
238.0	16745	24	24	19019	24	100	1216	20
238.0	16596	13	18	19020	8	1942	65	18
238.0	6906	8	6	19021	10	247	1342	21
238.0	14748	17	12	19022	22	1717	434	17
238.0	17348	24	25	19023	21	1405	277	17
238.0	12937	5	6	19024	4	298	912	13
238.0	15897	10	9	19025	11	596	1760	16
238.0	14700	14	17	19026	11	1309	238	16
238.0	13809	17	19	19027	15	130	1274	19
238.0	16870	18	16	19028	20	287	1457	18
238.0	15376	12	17	19029	7	1938	1241	16
238.0	11281	29	31	19030	26	1599	189	22
238.0	11144	24	25	19031	23	1677	669	15
238.0	15511	16	15	19032	15	1566	43	19
238.0	14231	19	15	19033	23	1981	56	15
238.0	12592	9	10	19034	7	937	259	17
238.0	15995	9	9	19035	8	242	1595	17
238.0	11200	7	7	19036	7	1094	1862	16
238.0	15795	17	17	19037	16	1771	568	19
238.0	15910	7	6	19038	8	303	1766	20
238.0	11648	7	5	19039	9	298	1159	17
238.0	14053	21	24	19040	16	1378	81	17
238.0	14932	8	9	19041	6	240	1702	17
238.0	16491	27	26	19042	25	882	1999	15
238.0	12804	18	17	19043	18	419	1933	15
238.0	14477	19	21	19044	16	595	1692	18
238.0	13093	34	29	19045	36	1528	352	18
238.0	11565	14	14	19046	14	1749	651	16
238.0	13871	20	16	19047	24	112	1455	14
238.0	15029	34	38	19048	30	20	1496	18
238.0	16734	9	11	19049	7	98	1567	18
238.0	13960	10	10	19050	10	453	1852	17
238.0	13508	29	24	19051	33	1983	263	20
238.0	10134	8	7	19052	9	683	207	18
238.0	14727	7	8	19053	6	94	1707	14
238.0	11324	6	6	19054	6	507	1691	16
238.0	16030	11	11	19055	11	1814	1926	21
238.0	14791	10	10	19056	10	137	1100	14
238.0	13858	14	16	19057	9	1128	1847	20
238.0	17656	19	22	19058	15	1867	983	16
238.0	8967	7	6	19059	8	182	1645	20
238.0	11266	2	2	19060	1	353	1248	15
238.0	16649	13	14	19061	12	1240	1845	16
239.0	9260	13	14	19062	11	1974	710	16
239.0	15682	13	13	19063	11	425	1646	14
239.0	15432	9	10	19064	8	1637	1301	18
239.0	14648	15	13	19065	17	347	487	14
239.0	16157	17	15	19066	19	623	1909	22
239.0	11196	27	29	19067	25	1738	330	15
239.0	14061	29	32	19068	24	1742	632	15
239.0	15403	6	7	19069	5	423	1579	17
239.0	11324	6	7	19070	5	507	1691	17
239.0	13054	15	13	19071	17	1235	110	18
239.0	15740	17	15	19072	17	1780	1383	18
239.0	11043	18	19	19073	16	1585	1713	14
239.0	10819	10	10	19074	9	1251	145	21
239.0	12488	16	16	19075	13	1677	1594	18
239.0	13673	9	8	19076	10	1368	1767	17
239.0	16036	43	38	19077	44	123	1231	15
239.0	14706	23	29	19078	16	47	1841	13
239.0	16412	5	4	19079	6	1345	1723	19
239.0	10601	14	15	19080	12	1936	995	16
239.0	15615	30	33	19081	27	349	1716	16
239.0	16649	14	15	19082	13	1240	1845	17
239.0	14432	17	18	19083	14	52	1431	20
239.0	17227	11	11	19084	11	115	1325	21
239.0	15137	6	4	19085	8	391	1476	14
239.0	15264	10	12	19086	8	1960	351	19
239.0	14621	4	3	19087	5	141	137	21
239.0	14601	20	16	19088	24	577	1788	14
239.0	13767	19	19	19089	19	1441	459	16
239.0	16087	21	24	19090	18	1502	1893	17
239.0	16301	7	12	19091	2	155	237	18
239.0	17695	23	25	19092	20	1680	1774	20
239.0	6855	14	12	19093	13	1118	1797	17
239.0	14002	14	14	19094	14	1856	1725	18
239.0	16179	25	19	19095	29	198	1745	14
239.0	9914	5	8	19096	1	433	1740	18
239.0	15220	16	13	19097	18	1511	177	13
239.0	11281	31	27	19098	34	1599	189	23
239.0	11126	9	7	19099	11	24	1545	15
239.0	11000	16	21	19100	10	1889	896	19
239.0	14662	2	1	19101	3	998	185	18
239.0	16605	11	13	19102	9	1333	1971	19
239.0	13634	9	11	19103	7	368	745	15
239.0	16734	11	11	19104	11	98	1567	19
239.0	10928	9	9	19105	7	1825	208	17
239.0	10135	7	2	19106	12	1928	1349	15
239.0	13512	7	6	19107	8	1196	369	18
239.0	11372	14	13	19108	13	1959	962	16
239.0	15294	7	4	19109	10	1910	933	14
239.0	14120	3	2	19110	4	1439	1688	18
239.0	13112	8	8	19111	6	1337	103	19
239.0	14674	38	34	19112	38	1821	1277	19
239.0	14922	19	18	19113	20	1678	489	16
239.0	17286	16	17	19114	15	1907	896	19
239.0	15376	17	17	19115	16	1938	1241	17
239.0	13833	22	19	19116	24	964	1908	14
239.0	9258	5	3	19117	6	1421	1746	16
239.0	8033	8	6	19118	9	1408	1869	17
239.0	12586	4	7	19119	1	40	1493	19
239.0	13402	19	19	19120	17	1736	1545	16
239.0	14997	25	25	19121	23	5	1986	16
239.0	11407	12	15	19122	9	379	1361	19
239.0	16246	13	9	19123	17	382	388	19
239.0	16870	16	18	19124	14	287	1457	19
239.0	17485	14	12	19125	16	59	1627	15
239.0	15769	6	8	19126	2	445	1760	17
239.0	12524	15	15	19127	15	626	1733	20
239.0	15373	24	20	19128	28	1596	54	18
239.0	15222	15	16	19129	13	115	1373	23
239.0	14051	5	5	19130	5	88	1638	15
239.0	16009	6	6	19131	6	91	1602	22
239.0	10753	8	3	19132	11	473	1784	20
239.0	15086	29	28	19133	26	1821	528	16
239.0	11577	25	27	19134	22	1360	42	15
239.0	14447	41	34	19135	46	275	1676	19
239.0	15584	12	11	19136	13	112	957	20
239.0	15652	14	12	19137	16	1809	1753	16
239.0	11087	10	10	19138	10	1108	230	18
239.0	13091	36	38	19139	32	101	632	18
239.0	8035	17	17	19140	15	1893	1573	20
239.0	13395	7	9	19141	5	1803	1523	17
239.0	11521	26	22	19142	30	279	671	14
239.0	16142	2	3	19143	1	266	1357	19
239.0	16596	18	13	19144	22	1942	65	19
239.0	15407	8	8	19145	7	1794	1479	12
239.0	15680	9	11	19146	7	85	1159	18
239.0	9640	13	15	19147	8	1856	787	16
239.0	10217	21	22	19148	20	1699	1999	23
239.0	12495	16	12	19149	19	1361	104	14
239.0	13657	8	10	19150	5	311	1309	17
239.0	13165	13	9	19151	17	1584	86	20
239.0	16947	21	24	19152	17	1680	1758	18
239.0	16897	13	13	19153	13	514	1866	18
239.0	12297	10	8	19154	12	1974	1572	12
239.0	13279	23	26	19155	19	1500	32	18
239.0	16485	26	24	19156	24	1877	31	18
239.0	16733	1	0	19157	2	344	1581	20
239.0	17086	9	10	19158	8	1782	597	22
239.0	15284	20	20	19159	20	1528	1515	15
239.0	13441	30	30	19160	30	1654	234	19
239.0	16423	13	12	19161	12	1929	1807	20
239.0	14840	25	27	19162	22	642	1798	21
239.0	12473	13	11	19163	15	59	42	21
239.0	7217	6	7	19164	5	419	1977	16
239.0	12684	7	8	19165	6	1943	943	20
239.0	7276	15	18	19166	12	1999	523	18
239.0	9585	11	7	19167	14	1632	1558	19
239.0	16543	29	35	19168	21	295	1913	14
239.0	15788	10	8	19169	11	1795	991	15
239.0	15841	4	4	19170	4	1225	1828	18
239.0	14735	14	16	19171	12	409	658	16
239.0	9866	0	0	19172	0	342	1538	18
239.0	14989	15	16	19173	14	1840	837	21
239.0	17016	24	32	19174	16	1526	182	20
239.0	9785	17	20	19175	13	1784	1878	22
239.0	12061	1	0	19176	1	1530	167	18
239.0	13298	25	26	19177	24	1884	1408	18
239.0	15645	13	10	19178	15	84	742	21
239.0	12239	13	8	19179	17	1976	1092	14
239.0	9056	10	11	19180	8	1970	1368	15
239.0	14252	26	28	19181	23	1130	17	17
239.0	15006	9	9	19182	9	1258	1828	16
239.0	15221	7	7	19183	7	1696	1238	20
239.0	14189	25	31	19184	18	1669	1482	19
240.0	15432	10	9	19185	10	1637	1301	19
240.0	15532	14	12	19186	14	12	108	22
240.0	14491	14	14	19187	13	834	1942	17
240.0	14317	22	26	19188	17	1808	1202	17
240.0	17578	9	12	19189	4	344	1703	18
240.0	11578	26	27	19190	25	293	1822	21
240.0	14351	19	19	19191	18	196	832	22
240.0	14608	13	15	19192	11	1757	781	17
240.0	15237	10	12	19193	6	146	1596	15
240.0	17374	5	5	19194	4	1489	1947	15
240.0	15231	8	9	19195	6	306	1628	17
240.0	8050	12	18	19196	6	1069	72	21
240.0	9866	0	0	19197	0	342	1538	19
240.0	9621	16	16	19198	15	1748	1491	17
240.0	12142	10	12	19199	8	464	210	21
240.0	16286	19	20	19200	17	48	1456	20
240.0	12760	6	5	19201	7	1597	1753	16
240.0	16148	31	35	19202	25	1638	1088	15
240.0	17738	20	19	19203	20	1787	1610	15
240.0	10759	15	15	19204	15	406	1169	17
240.0	10217	22	21	19205	21	1699	1999	24
240.0	15176	7	7	19206	6	1765	1679	17
240.0	11565	14	16	19207	12	1749	651	17
240.0	7944	15	14	19208	16	1680	1119	19
240.0	16050	13	16	19209	10	1902	109	18
240.0	11577	27	24	19210	28	1360	42	16
240.0	13114	10	9	19211	9	1852	1268	17
240.0	8258	17	17	19212	17	657	308	16
240.0	8261	29	26	19213	30	1952	205	18
240.0	10224	16	14	19214	16	1232	1955	19
240.0	12531	9	6	19215	12	1225	1751	17
240.0	15178	13	12	19216	14	1423	1772	21
240.0	16166	9	12	19217	5	450	1647	17
240.0	16529	18	15	19218	21	1939	1720	17
240.0	12984	11	13	19219	8	1309	124	20
240.0	17311	30	29	19220	31	1873	1354	16
240.0	15006	9	7	19221	11	1258	1828	17
240.0	13211	24	23	19222	22	282	72	23
240.0	18026	11	7	19223	15	61	1453	20
240.0	15535	21	22	19224	20	1589	1445	18
240.0	12684	8	5	19225	9	1943	943	21
240.0	15266	8	9	19226	7	1675	584	17
240.0	10601	15	15	19227	14	1936	995	17
240.0	13609	31	23	19228	37	1963	1224	16
240.0	10964	32	30	19229	33	695	25	16
240.0	16257	7	6	19230	8	1703	1595	21
240.0	17838	26	21	19231	30	1794	1270	15
240.0	16548	30	33	19232	25	209	1027	14
240.0	14971	9	12	19233	6	384	1741	17
240.0	15261	6	8	19234	4	1844	1344	14
240.0	11269	27	27	19235	26	208	18	17
240.0	7638	21	20	19236	20	96	1319	23
240.0	12097	10	11	19237	9	493	218	17
240.0	15368	19	14	19238	23	1846	1509	23
240.0	6938	34	33	19239	33	124	1108	16
240.0	14289	21	20	19240	20	1606	1038	22
240.0	17052	17	16	19241	18	16	1414	21
240.0	15465	40	42	19242	37	1797	909	15
240.0	9915	9	5	19243	12	1631	709	17
240.0	6991	10	7	19244	13	1635	1327	22
240.0	9843	15	9	19245	17	33	310	22
240.0	13161	15	15	19246	15	123	1051	15
240.0	14983	10	9	19247	10	1807	1034	18
240.0	8035	17	14	19248	20	1893	1573	21
240.0	15335	30	28	19249	32	1266	281	21
240.0	9433	19	19	19250	16	1126	178	15
240.0	15713	7	7	19251	7	1724	1306	16
240.0	15484	18	14	19252	21	1824	1545	21
240.0	15423	32	40	19253	24	75	691	15
240.0	13022	10	7	19254	12	0	1907	15
240.0	14481	32	29	19255	32	86	885	18
240.0	13106	6	6	19256	6	1606	998	22
240.0	14674	34	28	19257	36	1821	1277	20
240.0	11746	19	19	19258	19	1658	1645	17
240.0	15865	5	5	19259	5	1707	388	18
240.0	15537	7	6	19260	8	1743	137	15
240.0	15127	9	8	19261	10	1616	423	21
240.0	13082	16	18	19262	13	217	1310	19
240.0	15772	5	5	19263	5	1589	1500	18
240.0	15373	20	19	19264	21	1596	54	19
240.0	13677	13	14	19265	12	36	895	21
240.0	16423	12	13	19266	10	1929	1807	21
240.0	13154	25	26	19267	23	1567	659	23
240.0	16318	22	24	19268	17	1870	487	17
240.0	17348	25	20	19269	29	1405	277	18
240.0	12801	24	20	19270	27	92	1741	21
240.0	7048	13	15	19271	10	499	1840	15
240.0	13048	13	8	19272	18	908	297	16
240.0	14432	18	18	19273	18	52	1431	21
240.0	17600	10	6	19274	13	1676	475	20
240.0	15422	25	22	19275	28	141	1002	19
240.0	12561	20	23	19276	15	76	1288	18
240.0	12727	14	14	19277	13	963	1856	14
240.0	16256	29	30	19278	28	1792	1204	17
240.0	14604	11	7	19279	13	1809	1780	15
240.0	12536	10	11	19280	9	1483	1686	21
240.0	16587	3	4	19281	2	180	1372	18
240.0	12524	15	13	19282	17	626	1733	21
240.0	13220	26	27	19283	24	1167	40	15
240.0	15314	19	20	19284	18	1543	1775	24
240.0	14777	6	5	19285	7	1640	1776	16
240.0	12351	20	20	19286	18	1843	1317	18
240.0	8762	19	21	19287	17	684	1967	22
240.0	16503	25	28	19288	20	158	59	22
240.0	10791	11	12	19289	10	89	1811	18
240.0	12318	4	6	19290	2	1015	1764	15
240.0	16834	8	3	19291	12	1727	814	17
240.0	14797	27	23	19292	31	1883	297	19
240.0	17279	16	15	19293	16	1949	1807	24
240.0	16404	2	4	19294	0	449	468	17
240.0	13146	13	16	19295	9	365	283	20
240.0	18773	14	11	19296	17	1703	1679	15
240.0	11388	8	8	19297	8	21	879	15
240.0	15598	10	10	19298	10	52	1196	19
240.0	15032	17	16	19299	16	586	1720	19
240.0	15441	17	14	19300	19	1876	999	17
240.0	15919	27	27	19301	23	1688	389	18
240.0	13737	40	40	19302	37	43	1364	14
240.0	11532	18	13	19303	22	1838	293	21
240.0	15258	23	23	19304	21	382	539	16
240.0	11044	26	27	19305	24	35	1009	17
240.0	8524	1	1	19306	1	998	210	20
240.0	10999	1	2	19307	0	380	1983	15
240.0	15752	7	8	19308	6	1733	754	19
240.0	14922	18	17	19309	18	1678	504	17
240.0	15891	18	21	19310	14	1648	1944	20
240.0	9056	11	8	19311	14	1970	1368	16
240.0	12586	7	11	19312	2	40	1493	20
240.0	16011	7	7	19313	6	1714	1608	16
240.0	8618	18	16	19314	18	1431	133	17
240.0	16795	34	24	19315	41	1815	1293	17
240.0	11043	19	17	19316	21	1572	1710	15
240.0	11671	5	3	19317	7	82	1484	18
240.0	9912	14	12	19318	16	1954	1913	19
